<LOADER>[DEBUG]: Logger loader initialized successfully!
<LOADER>[INFO]: loaded adapter 0x0x11eda980 (/opt/intel/oneapi/compiler/2026.1/lib/libur_adapter_level_zero_v2.so.0) from /opt/intel/oneapi/compiler/2026.1/lib/libur_adapter_level_zero_v2.so.0
   ---> urAdapterGet
<LEVEL_ZERO>[DEBUG]: zeInit with flags value of 1
[2026-10-08 06:41:02.636] [thread-id: 132626050211008] [info] Loader Version 1.32.0  - No git SHA found, compiled outside git folder.
[2026-10-08 06:41:02.638] [thread-id: 132626050211008] [info] Validation Layer Enabled
[2026-10-08 06:41:02.639] [thread-id: 132626050211008] [info] zeInit succeeded
[2026-10-08 06:41:02.639] [thread-id: 132626050211008] [trace] zeInit(flags)
[2026-10-08 06:41:02.716] [thread-id: 132626050211008] [trace] SUCCESS (ZE_RESULT_SUCCESS) in zeInit(flags=1)
<LEVEL_ZERO>[DEBUG]: Level Zero Loader version: 1.32.0
<LEVEL_ZERO>[DEBUG]: zeInitDrivers with flags value of 1
[2026-10-08 06:41:02.716] [thread-id: 132626050211008] [trace] zeInitDrivers(pCount, phDrivers, desc)
[2026-10-08 06:41:02.716] [thread-id: 132626050211008] [trace] SUCCESS (ZE_RESULT_SUCCESS) in zeInitDrivers(pCount=1, phDrivers=nullptr, desc={stype=0x11ed9728, flags=1})
[2026-10-08 06:41:02.716] [thread-id: 132626050211008] [trace] zeInitDrivers(pCount, phDrivers, desc)
[2026-10-08 06:41:02.717] [thread-id: 132626050211008] [trace] SUCCESS (ZE_RESULT_SUCCESS) in zeInitDrivers(pCount=1, phDrivers=nullptr, desc={stype=0x11ed9728, flags=1})
[2026-10-08 06:41:02.717] [thread-id: 132626050211008] [trace] zeDriverGet(pCount, phDrivers)
[2026-10-08 06:41:02.717] [thread-id: 132626050211008] [trace] SUCCESS (ZE_RESULT_SUCCESS) in zeDriverGet(pCount=1, phDrivers=nullptr)
[2026-10-08 06:41:02.717] [thread-id: 132626050211008] [trace] zeDriverGet(pCount, phDrivers)
[2026-10-08 06:41:02.717] [thread-id: 132626050211008] [trace] SUCCESS (ZE_RESULT_SUCCESS) in zeDriverGet(pCount=1, phDrivers=0x120bf980)
[2026-10-08 06:41:02.717] [thread-id: 132626050211008] [trace] zeDeviceGet(hDriver, pCount, phDevices)
[2026-10-08 06:41:02.717] [thread-id: 132626050211008] [trace] SUCCESS (ZE_RESULT_SUCCESS) in zeDeviceGet(hDriver=0x120bf9c8, pCount=1, phDevices=nullptr)
[2026-10-08 06:41:02.717] [thread-id: 132626050211008] [trace] zeDeviceGet(hDriver, pCount, phDevices)
[2026-10-08 06:41:02.717] [thread-id: 132626050211008] [trace] SUCCESS (ZE_RESULT_SUCCESS) in zeDeviceGet(hDriver=0x120bf9c8, pCount=1, phDevices=0x120cc2b0)
[2026-10-08 06:41:02.717] [thread-id: 132626050211008] [trace] zeDeviceGetProperties(hDevice, pDeviceProperties)
[2026-10-08 06:41:02.717] [thread-id: 132626050211008] [trace] SUCCESS (ZE_RESULT_SUCCESS) in zeDeviceGetProperties(hDevice=0x120bff28, pDeviceProperties={stype=0x7ffd8f00a620, type=0x7ffd8f00a630, vendorId=32902, deviceId=57868, flags=8, subdeviceId=0, coreClockRate=2750, maxMemAllocSize=10132807680, maxHardwareContexts=65536, maxCommandQueuePriority=0, numThreadsPerEU=8, physicalEUSimdWidth=16, numEUsPerSubslice=8, numSubslicesPerSlice=4, numSlices=5, timerResolution=52, timestampValidBits=64, kernelTimestampValidBits=64, uuid={id=134}, name="Intel(R) Arc(TM) B570 Graphics"})
<LEVEL_ZERO>[DEBUG]: 
zesInit with flags value of 0

[2026-10-08 06:41:02.717] [thread-id: 132626050211008] [trace] zesInit(flags)
[2026-10-08 06:41:02.719] [thread-id: 132626050211008] [trace] SUCCESS (ZE_RESULT_SUCCESS) in zesInit(flags=0)
[2026-10-08 06:41:02.719] [thread-id: 132626050211008] [trace] zeDriverGet(pCount, phDrivers)
[2026-10-08 06:41:02.719] [thread-id: 132626050211008] [trace] SUCCESS (ZE_RESULT_SUCCESS) in zeDriverGet(pCount=1, phDrivers=nullptr)
[2026-10-08 06:41:02.719] [thread-id: 132626050211008] [trace] zeDriverGet(pCount, phDrivers)
[2026-10-08 06:41:02.719] [thread-id: 132626050211008] [trace] SUCCESS (ZE_RESULT_SUCCESS) in zeDriverGet(pCount=1, phDrivers=0x120d3340)
[2026-10-08 06:41:02.719] [thread-id: 132626050211008] [trace] zeInitDrivers(pCount, phDrivers, desc)
[2026-10-08 06:41:02.719] [thread-id: 132626050211008] [trace] SUCCESS (ZE_RESULT_SUCCESS) in zeInitDrivers(pCount=1, phDrivers=0x120d3410, desc={stype=0x11ed9728, flags=1})
[2026-10-08 06:41:02.719] [thread-id: 132626050211008] [trace] zeDriverGetProperties(hDriver, pDriverProperties)
[2026-10-08 06:41:02.719] [thread-id: 132626050211008] [trace] SUCCESS (ZE_RESULT_SUCCESS) in zeDriverGetProperties(hDriver=0x120bf9c8, pDriverProperties={stype=0x7ffd8f00a570, uuid={id=227}, driverVersion=17013219})
[2026-10-08 06:41:02.719] [thread-id: 132626050211008] [trace] zeDriverGetProperties(hDriver, pDriverProperties)
[2026-10-08 06:41:02.719] [thread-id: 132626050211008] [trace] SUCCESS (ZE_RESULT_SUCCESS) in zeDriverGetProperties(hDriver=0x120bf9c8, pDriverProperties={stype=0x7ffd8f00a740, uuid={id=227}, driverVersion=17013219})
<LEVEL_ZERO>[DEBUG]: zeDriverHandle 0x120bf9c8 matched between zeDriverGet and zeInitDrivers. Not adding duplicate driver to list
<LEVEL_ZERO>[DEBUG]: 1 L0 Drivers found.
[2026-10-08 06:41:02.719] [thread-id: 132626050211008] [trace] zeDeviceGet(hDriver, pCount, phDevices)
[2026-10-08 06:41:02.719] [thread-id: 132626050211008] [trace] SUCCESS (ZE_RESULT_SUCCESS) in zeDeviceGet(hDriver=0x120bf9c8, pCount=1, phDevices=nullptr)
[2026-10-08 06:41:02.719] [thread-id: 132626050211008] [trace] zeDeviceGet(hDriver, pCount, phDevices)
[2026-10-08 06:41:02.719] [thread-id: 132626050211008] [trace] SUCCESS (ZE_RESULT_SUCCESS) in zeDeviceGet(hDriver=0x120bf9c8, pCount=1, phDevices=0x120d36b0)
[2026-10-08 06:41:02.719] [thread-id: 132626050211008] [trace] zeDeviceGetProperties(hDevice, pDeviceProperties)
[2026-10-08 06:41:02.719] [thread-id: 132626050211008] [trace] SUCCESS (ZE_RESULT_SUCCESS) in zeDeviceGetProperties(hDevice=0x120bff28, pDeviceProperties={stype=0x7ffd8f00a570, type=0x7ffd8f00a580, vendorId=32902, deviceId=57868, flags=8, subdeviceId=0, coreClockRate=2750, maxMemAllocSize=10132807680, maxHardwareContexts=65536, maxCommandQueuePriority=0, numThreadsPerEU=8, physicalEUSimdWidth=16, numEUsPerSubslice=8, numSubslicesPerSlice=4, numSlices=5, timerResolution=52, timestampValidBits=64, kernelTimestampValidBits=64, uuid={id=134}, name="Intel(R) Arc(TM) B570 Graphics"})
[2026-10-08 06:41:02.719] [thread-id: 132626050211008] [trace] zeDriverGetApiVersion(hDriver, version)
[2026-10-08 06:41:02.719] [thread-id: 132626050211008] [trace] SUCCESS (ZE_RESULT_SUCCESS) in zeDriverGetApiVersion(hDriver=0x120bf9c8, version=65553)
[2026-10-08 06:41:02.719] [thread-id: 132626050211008] [trace] zeDriverGetExtensionProperties(hDriver, pCount, pExtensionProperties)
[2026-10-08 06:41:02.719] [thread-id: 132626050211008] [trace] SUCCESS (ZE_RESULT_SUCCESS) in zeDriverGetExtensionProperties(hDriver=0x120bf9c8, pCount=63, pExtensionProperties=nullptr)
[2026-10-08 06:41:02.719] [thread-id: 132626050211008] [trace] zeDriverGetExtensionProperties(hDriver, pCount, pExtensionProperties)
[2026-10-08 06:41:02.719] [thread-id: 132626050211008] [trace] SUCCESS (ZE_RESULT_SUCCESS) in zeDriverGetExtensionProperties(hDriver=0x120bf9c8, pCount=63, pExtensionProperties={name="ZE_extension_device_cache_line_size", version=65536})
[2026-10-08 06:41:02.719] [thread-id: 132626050211008] [trace] zeDriverGetExtensionFunctionAddress(hDriver, name, ppFunctionAddress)
[2026-10-08 06:41:02.719] [thread-id: 132626050211008] [trace] SUCCESS (ZE_RESULT_SUCCESS) in zeDriverGetExtensionFunctionAddress(hDriver=0x120bf9c8, name="zeIntelGetDriverVersionString", ppFunctionAddress=0x789f64c65c00)
[2026-10-08 06:41:02.719] [thread-id: 132626050211008] [trace] zeDriverGetProperties(hDriver, pDriverProperties)
[2026-10-08 06:41:02.719] [thread-id: 132626050211008] [trace] SUCCESS (ZE_RESULT_SUCCESS) in zeDriverGetProperties(hDriver=0x120bf9c8, pDriverProperties={stype=0x7ffd8f00a430, uuid={id=227}, driverVersion=17013219})
<LEVEL_ZERO>[DEBUG]: Level Zero Driver version: 1.17.39395+14
[2026-10-08 06:41:02.719] [thread-id: 132626050211008] [trace] zeDriverGetExtensionFunctionAddress(hDriver, name, ppFunctionAddress)
[2026-10-08 06:41:02.719] [thread-id: 132626050211008] [trace] SUCCESS (ZE_RESULT_SUCCESS) in zeDriverGetExtensionFunctionAddress(hDriver=0x120bf9c8, name="zexDriverImportExternalPointer", ppFunctionAddress=0x789f64c60a40)
[2026-10-08 06:41:02.719] [thread-id: 132626050211008] [trace] zeDriverGetExtensionFunctionAddress(hDriver, name, ppFunctionAddress)
[2026-10-08 06:41:02.719] [thread-id: 132626050211008] [trace] SUCCESS (ZE_RESULT_SUCCESS) in zeDriverGetExtensionFunctionAddress(hDriver=0x120bf9c8, name="zexDriverReleaseImportedPointer", ppFunctionAddress=0x789f64c68e30)
[2026-10-08 06:41:02.719] [thread-id: 132626050211008] [trace] zeDriverGetExtensionFunctionAddress(hDriver, name, ppFunctionAddress)
[2026-10-08 06:41:02.719] [thread-id: 132626050211008] [trace] SUCCESS (ZE_RESULT_SUCCESS) in zeDriverGetExtensionFunctionAddress(hDriver=0x120bf9c8, name="zeImageGetDeviceOffsetExp", ppFunctionAddress=0x789f64c6a190)
[2026-10-08 06:41:02.719] [thread-id: 132626050211008] [trace] zeDriverGetExtensionFunctionAddress(hDriver, name, ppFunctionAddress)
[2026-10-08 06:41:02.719] [thread-id: 132626050211008] [trace] SUCCESS (ZE_RESULT_SUCCESS) in zeDriverGetExtensionFunctionAddress(hDriver=0x120bf9c8, name="zeMemGetPitchFor2dImage", ppFunctionAddress=0x789f64c6c550)
[2026-10-08 06:41:02.720] [thread-id: 132626050211008] [trace] zeDriverGetExtensionFunctionAddress(hDriver, name, ppFunctionAddress)
[2026-10-08 06:41:02.720] [thread-id: 132626050211008] [trace] SUCCESS (ZE_RESULT_SUCCESS) in zeDriverGetExtensionFunctionAddress(hDriver=0x120bf9c8, name="zeGraphGetIdExt", ppFunctionAddress=0x789f64c5add0)
[2026-10-08 06:41:02.720] [thread-id: 132626050211008] [trace] zeDriverGetExtensionFunctionAddress(hDriver, name, ppFunctionAddress)
[2026-10-08 06:41:02.720] [thread-id: 132626050211008] [trace] SUCCESS (ZE_RESULT_SUCCESS) in zeDriverGetExtensionFunctionAddress(hDriver=0x120bf9c8, name="zeCommandListAppendHostFunction", ppFunctionAddress=0x789f64c3e140)
[2026-10-08 06:41:02.720] [thread-id: 132626050211008] [trace] zesDriverGet(pCount, phDrivers)
[2026-10-08 06:41:02.720] [thread-id: 132626050211008] [trace] SUCCESS (ZE_RESULT_SUCCESS) in zesDriverGet(pCount=1, phDrivers=nullptr)
[2026-10-08 06:41:02.720] [thread-id: 132626050211008] [trace] zesDriverGet(pCount, phDrivers)
[2026-10-08 06:41:02.720] [thread-id: 132626050211008] [trace] SUCCESS (ZE_RESULT_SUCCESS) in zesDriverGet(pCount=1, phDrivers=0x120d45b0)
[2026-10-08 06:41:02.720] [thread-id: 132626050211008] [trace] zesDriverGetDeviceByUuidExp(hDriver, uuid, phDevice, onSubdevice, subdeviceId)
[2026-10-08 06:41:02.720] [thread-id: 132626050211008] [trace] SUCCESS (ZE_RESULT_SUCCESS) in zesDriverGetDeviceByUuidExp(hDriver=0x120d01c8, uuid={id=134}, phDevice=0x11f00058, onSubdevice=0, subdeviceId=0)
<LEVEL_ZERO>[DEBUG]: Initialized 1 platforms
   <--- urAdapterGet(.NumEntries = 0, .phAdapters = nullptr, .pNumAdapters = 0x7ffd8f00ae48 (1)) -> UR_RESULT_SUCCESS;
   ---> urAdapterGet
   <--- urAdapterGet(.NumEntries = 1, .phAdapters = 0x120d3690 {0x11ed9700}, .pNumAdapters = nullptr) -> UR_RESULT_SUCCESS;
   ---> urAdapterGetInfo
   <--- urAdapterGetInfo(.hAdapter = 0x11ed9700, .propName = UR_ADAPTER_INFO_BACKEND, .propSize = 4, .pPropValue = 0x7ffd8f00ae3c (UR_BACKEND_LEVEL_ZERO), .pPropSizeRet = nullptr) -> UR_RESULT_SUCCESS;
   ---> urAdapterSetLoggerCallback
   <--- urAdapterSetLoggerCallback(.hAdapter = 0x11ed9700, .pfnLoggerCallback = 0x789f6ba41420, .pUserData = nullptr, .level = UR_LOGGER_LEVEL_WARN) -> UR_RESULT_SUCCESS;
   ---> urPlatformGet
   <--- urPlatformGet(.hAdapter = 0x11ed9700, .NumEntries = 0, .phPlatforms = nullptr, .pNumPlatforms = 0x7ffd8f00ad7c (1)) -> UR_RESULT_SUCCESS;
   ---> urPlatformGet
   <--- urPlatformGet(.hAdapter = 0x11ed9700, .NumEntries = 1, .phPlatforms = 0x120d3690 {0x120d3810}, .pNumPlatforms = nullptr) -> UR_RESULT_SUCCESS;
   ---> urPlatformGetInfo
   <--- urPlatformGetInfo(.hPlatform = 0x120d3810, .propName = UR_PLATFORM_INFO_BACKEND, .propSize = 4, .pPropValue = 0x7ffd8f00ad8c (UR_BACKEND_LEVEL_ZERO), .pPropSizeRet = nullptr) -> UR_RESULT_SUCCESS;
   ---> urDeviceGet
[2026-10-08 06:41:02.720] [thread-id: 132626050211008] [trace] zeDeviceGet(hDriver, pCount, phDevices)
[2026-10-08 06:41:02.720] [thread-id: 132626050211008] [trace] SUCCESS (ZE_RESULT_SUCCESS) in zeDeviceGet(hDriver=0x120bf9c8, pCount=1, phDevices=nullptr)
[2026-10-08 06:41:02.720] [thread-id: 132626050211008] [trace] zeDeviceGet(hDriver, pCount, phDevices)
[2026-10-08 06:41:02.720] [thread-id: 132626050211008] [trace] SUCCESS (ZE_RESULT_SUCCESS) in zeDeviceGet(hDriver=0x120bf9c8, pCount=1, phDevices=0x120d5000)
[2026-10-08 06:41:02.720] [thread-id: 132626050211008] [trace] zeDeviceGetProperties(hDevice, pDeviceProperties)
[2026-10-08 06:41:02.720] [thread-id: 132626050211008] [trace] SUCCESS (ZE_RESULT_SUCCESS) in zeDeviceGetProperties(hDevice=0x120bff28, pDeviceProperties={stype=0x120d50e8, type=0x120d50f8, vendorId=32902, deviceId=57868, flags=8, subdeviceId=0, coreClockRate=2750, maxMemAllocSize=10132807680, maxHardwareContexts=65536, maxCommandQueuePriority=0, numThreadsPerEU=8, physicalEUSimdWidth=16, numEUsPerSubslice=8, numSubslicesPerSlice=4, numSlices=5, timerResolution=19200000, timestampValidBits=64, kernelTimestampValidBits=64, uuid={id=134}, name="Intel(R) Arc(TM) B570 Graphics"})
[2026-10-08 06:41:02.720] [thread-id: 132626050211008] [trace] zeDeviceGetProperties(hDevice, pDeviceProperties)
[2026-10-08 06:41:02.720] [thread-id: 132626050211008] [trace] SUCCESS (ZE_RESULT_SUCCESS) in zeDeviceGetProperties(hDevice=0x120bff28, pDeviceProperties={stype=0x7ffd8f00a388, type=0x7ffd8f00a398, vendorId=32902, deviceId=57868, flags=8, subdeviceId=0, coreClockRate=2750, maxMemAllocSize=10132807680, maxHardwareContexts=65536, maxCommandQueuePriority=0, numThreadsPerEU=8, physicalEUSimdWidth=16, numEUsPerSubslice=8, numSubslicesPerSlice=4, numSlices=5, timerResolution=52, timestampValidBits=64, kernelTimestampValidBits=64, uuid={id=134}, name="Intel(R) Arc(TM) B570 Graphics"})
[2026-10-08 06:41:02.720] [thread-id: 132626050211008] [trace] zeDeviceGetCommandQueueGroupProperties(hDevice, pCount, pCommandQueueGroupProperties)
[2026-10-08 06:41:02.720] [thread-id: 132626050211008] [trace] SUCCESS (ZE_RESULT_SUCCESS) in zeDeviceGetCommandQueueGroupProperties(hDevice=0x120bff28, pCount=2, pCommandQueueGroupProperties=nullptr)
<LEVEL_ZERO>[INFO]: Number of queue groups = 2
[2026-10-08 06:41:02.720] [thread-id: 132626050211008] [trace] zeDeviceGetCommandQueueGroupProperties(hDevice, pCount, pCommandQueueGroupProperties)
[2026-10-08 06:41:02.720] [thread-id: 132626050211008] [trace] SUCCESS (ZE_RESULT_SUCCESS) in zeDeviceGetCommandQueueGroupProperties(hDevice=0x120bff28, pCount=2, pCommandQueueGroupProperties={stype=0x11ed9610, flags=7, maxMemoryFillPatternSize=18446744073709551615, numQueues=1})
<LEVEL_ZERO>[INFO]: main blitter/copy engine is available
<LEVEL_ZERO>[INFO]: link blitter/copy engines are not available
[2026-10-08 06:41:02.720] [thread-id: 132626050211008] [trace] zeDeviceGetSubDevices(hDevice, pCount, phSubdevices)
[2026-10-08 06:41:02.720] [thread-id: 132626050211008] [trace] SUCCESS (ZE_RESULT_SUCCESS) in zeDeviceGetSubDevices(hDevice=0x120bff28, pCount=0, phSubdevices=nullptr)
[2026-10-08 06:41:02.720] [thread-id: 132626050211008] [trace] zeDeviceGetSubDevices(hDevice, pCount, phSubdevices)
[2026-10-08 06:41:02.720] [thread-id: 132626050211008] [trace] SUCCESS (ZE_RESULT_SUCCESS) in zeDeviceGetSubDevices(hDevice=0x120bff28, pCount=0, phSubdevices=0x120d5020)
[2026-10-08 06:41:02.720] [thread-id: 132626050211008] [trace] zeDeviceGetRootDevice(hDevice, phRootDevice)
[2026-10-08 06:41:02.720] [thread-id: 132626050211008] [trace] SUCCESS (ZE_RESULT_SUCCESS) in zeDeviceGetRootDevice(hDevice=0x120bff28, phRootDevice=0x7ffd8f00a7e0)
[2026-10-08 06:41:02.720] [thread-id: 132626050211008] [trace] zeDeviceSynchronize(hDevice)
[2026-10-08 06:41:02.720] [thread-id: 132626050211008] [trace] SUCCESS (ZE_RESULT_SUCCESS) in zeDeviceSynchronize(hDevice=0x120bff28)
[2026-10-08 06:41:02.720] [thread-id: 132626050211008] [trace] zeDeviceGetRootDevice(hDevice, phRootDevice)
[2026-10-08 06:41:02.720] [thread-id: 132626050211008] [trace] SUCCESS (ZE_RESULT_SUCCESS) in zeDeviceGetRootDevice(hDevice=0x120bff28, phRootDevice=0x7ffd8f00a8d0)
   <--- urDeviceGet(.hPlatform = 0x120d3810, .DeviceType = UR_DEVICE_TYPE_ALL, .NumEntries = 0, .phDevices = nullptr, .pNumDevices = 0x7ffd8f00acfc (1)) -> UR_RESULT_SUCCESS;
   ---> urDeviceGet
[2026-10-08 06:41:02.720] [thread-id: 132626050211008] [trace] zeDeviceGetRootDevice(hDevice, phRootDevice)
[2026-10-08 06:41:02.720] [thread-id: 132626050211008] [trace] SUCCESS (ZE_RESULT_SUCCESS) in zeDeviceGetRootDevice(hDevice=0x120bff28, phRootDevice=0x7ffd8f00a8d0)
   <--- urDeviceGet(.hPlatform = 0x120d3810, .DeviceType = UR_DEVICE_TYPE_ALL, .NumEntries = 1, .phDevices = 0x120d5000 {0x120d5040}, .pNumDevices = nullptr) -> UR_RESULT_SUCCESS;
   ---> urPlatformGetInfo
   <--- urPlatformGetInfo(.hPlatform = 0x120d3810, .propName = UR_PLATFORM_INFO_VERSION, .propSize = 0, .pPropValue = nullptr, .pPropSizeRet = 0x7ffd8f00a8d0 (5)) -> UR_RESULT_SUCCESS;
   ---> urPlatformGetInfo
   <--- urPlatformGetInfo(.hPlatform = 0x120d3810, .propName = UR_PLATFORM_INFO_VERSION, .propSize = 5, .pPropValue = 0x7ffd8f00aa38 (1.17), .pPropSizeRet = nullptr) -> UR_RESULT_SUCCESS;
   ---> urPlatformGetInfo
   <--- urPlatformGetInfo(.hPlatform = 0x120d3810, .propName = UR_PLATFORM_INFO_NAME, .propSize = 0, .pPropValue = nullptr, .pPropSizeRet = 0x7ffd8f00a8d0 (51)) -> UR_RESULT_SUCCESS;
   ---> urPlatformGetInfo
   <--- urPlatformGetInfo(.hPlatform = 0x120d3810, .propName = UR_PLATFORM_INFO_NAME, .propSize = 51, .pPropValue = 0x120d5710 (Intel(R) oneAPI Unified Runtime over Level-Zero V2), .pPropSizeRet = nullptr) -> UR_RESULT_SUCCESS;
   ---> urDeviceGetInfo
   <--- urDeviceGetInfo(.hDevice = 0x120d5040, .propName = UR_DEVICE_INFO_PARENT_DEVICE, .propSize = 8, .pPropValue = 0x7ffd8f00a890 (nullptr), .pPropSizeRet = nullptr) -> UR_RESULT_SUCCESS;
   ---> urDeviceGetInfo
   <--- urDeviceGetInfo(.hDevice = 0x120d5040, .propName = UR_DEVICE_INFO_TYPE, .propSize = 4, .pPropValue = 0x7ffd8f00a830 (UR_DEVICE_TYPE_GPU), .pPropSizeRet = nullptr) -> UR_RESULT_SUCCESS;
   ---> urDeviceGetInfo
   <--- urDeviceGetInfo(.hDevice = 0x120d5040, .propName = UR_DEVICE_INFO_USE_NATIVE_ASSERT, .propSize = 1, .pPropValue = 0x7ffd8f00a830 (true), .pPropSizeRet = nullptr) -> UR_RESULT_SUCCESS;
   ---> urDeviceGetInfo
[2026-10-08 06:41:02.721] [thread-id: 132626050211008] [trace] zeDeviceGetModuleProperties(hDevice, pModuleProperties)
[2026-10-08 06:41:02.721] [thread-id: 132626050211008] [trace] SUCCESS (ZE_RESULT_SUCCESS) in zeDeviceGetModuleProperties(hDevice=0x120bff28, pModuleProperties={stype=0x120d5360, spirvVersionSupported=65541, flags=15, fp16flags=63, fp32flags=127, fp64flags=127, maxArgumentsSize=2048, printfBufferSize=4194304, nativeKernelSupported={id=0}})
[2026-10-08 06:41:02.721] [thread-id: 132626050211008] [trace] zeDeviceGetImageProperties(hDevice, pImageProperties)
[2026-10-08 06:41:02.721] [thread-id: 132626050211008] [trace] SUCCESS (ZE_RESULT_SUCCESS) in zeDeviceGetImageProperties(hDevice=0x120bff28, pImageProperties={stype=0x120d5300, maxImageDims1D=16384, maxImageDims2D=16384, maxImageDims3D=2048, maxImageBufferSize=633300480, maxImageArraySlices=2048, maxSamplers=16, maxReadImageArgs=128, maxWriteImageArgs=128})
   <--- urDeviceGetInfo(.hDevice = 0x120d5040, .propName = UR_DEVICE_INFO_EXTENSIONS, .propSize = 0, .pPropValue = nullptr, .pPropSizeRet = 0x7ffd8f00a7b8 (245)) -> UR_RESULT_SUCCESS;
   ---> urDeviceGetInfo
   <--- urDeviceGetInfo(.hDevice = 0x120d5040, .propName = UR_DEVICE_INFO_EXTENSIONS, .propSize = 245, .pPropValue = 0x11f8f740 (cl_khr_il_program cl_khr_subgroups cl_intel_subgroups cl_intel_subgroups_short cl_intel_required_subgroup_size cl_khr_fp16 cl_khr_fp64 cl_khr_int64_base_atomics cl_khr_int64_extended_atomics cl_khr_3d_image_writes cl_intel_bfloat16_conversions ), .pPropSizeRet = nullptr) -> UR_RESULT_SUCCESS;
   ---> urDeviceRetain
   <--- urDeviceRetain(.hDevice = 0x120d5040) -> UR_RESULT_SUCCESS;
   ---> urDeviceGetInfo
   <--- urDeviceGetInfo(.hDevice = 0x120d5040, .propName = UR_DEVICE_INFO_TYPE, .propSize = 4, .pPropValue = 0x7ffd8f00a9ac (UR_DEVICE_TYPE_GPU), .pPropSizeRet = nullptr) -> UR_RESULT_SUCCESS;
   ---> urDeviceGetInfo
   <--- urDeviceGetInfo(.hDevice = 0x120d5040, .propName = UR_DEVICE_INFO_VENDOR_ID, .propSize = 4, .pPropValue = 0x7ffd8f00aa28 (32902), .pPropSizeRet = nullptr) -> UR_RESULT_SUCCESS;
   ---> urDeviceGetInfo
   <--- urDeviceGetInfo(.hDevice = 0x120d5040, .propName = UR_DEVICE_INFO_DRIVER_VERSION, .propSize = 0, .pPropValue = nullptr, .pPropSizeRet = 0x7ffd8f00a8d0 (14)) -> UR_RESULT_SUCCESS;
   ---> urDeviceGetInfo
   <--- urDeviceGetInfo(.hDevice = 0x120d5040, .propName = UR_DEVICE_INFO_DRIVER_VERSION, .propSize = 14, .pPropValue = 0x7ffd8f00a9f8 (1.17.39395+14), .pPropSizeRet = nullptr) -> UR_RESULT_SUCCESS;
   ---> urDeviceGetInfo
   <--- urDeviceGetInfo(.hDevice = 0x120d5040, .propName = UR_DEVICE_INFO_NAME, .propSize = 0, .pPropValue = nullptr, .pPropSizeRet = 0x7ffd8f00a810 (31)) -> UR_RESULT_SUCCESS;
   ---> urDeviceGetInfo
   <--- urDeviceGetInfo(.hDevice = 0x120d5040, .propName = UR_DEVICE_INFO_NAME, .propSize = 31, .pPropValue = 0x120d4fd0 (Intel(R) Arc(TM) B570 Graphics), .pPropSizeRet = nullptr) -> UR_RESULT_SUCCESS;
   ---> urPlatformGetInfo
   <--- urPlatformGetInfo(.hPlatform = 0x120d3810, .propName = UR_PLATFORM_INFO_BACKEND, .propSize = 4, .pPropValue = 0x7ffd8f00abec (UR_BACKEND_LEVEL_ZERO), .pPropSizeRet = nullptr) -> UR_RESULT_SUCCESS;
   ---> urDeviceGetInfo
   <--- urDeviceGetInfo(.hDevice = 0x120d5040, .propName = UR_DEVICE_INFO_TYPE, .propSize = 4, .pPropValue = 0x7ffd8f00abe4 (UR_DEVICE_TYPE_GPU), .pPropSizeRet = nullptr) -> UR_RESULT_SUCCESS;
   ---> urDeviceRelease
   <--- urDeviceRelease(.hDevice = 0x120d5040) -> UR_RESULT_SUCCESS;
   ---> urDeviceGetInfo
   <--- urDeviceGetInfo(.hDevice = 0x120d5040, .propName = UR_DEVICE_INFO_SUPPORTED_PARTITIONS, .propSize = 0, .pPropValue = nullptr, .pPropSizeRet = 0x7ffd8f00abd8 (0)) -> UR_RESULT_SUCCESS;
   ---> urDeviceGet
[2026-10-08 06:41:02.721] [thread-id: 132626050211008] [trace] zeDeviceGetRootDevice(hDevice, phRootDevice)
[2026-10-08 06:41:02.721] [thread-id: 132626050211008] [trace] SUCCESS (ZE_RESULT_SUCCESS) in zeDeviceGetRootDevice(hDevice=0x120bff28, phRootDevice=0x7ffd8f00a9e0)
   <--- urDeviceGet(.hPlatform = 0x120d3810, .DeviceType = UR_DEVICE_TYPE_ALL, .NumEntries = 0, .phDevices = nullptr, .pNumDevices = 0x7ffd8f00ae0c (1)) -> UR_RESULT_SUCCESS;
   ---> urDeviceGet
[2026-10-08 06:41:02.721] [thread-id: 132626050211008] [trace] zeDeviceGetRootDevice(hDevice, phRootDevice)
[2026-10-08 06:41:02.721] [thread-id: 132626050211008] [trace] SUCCESS (ZE_RESULT_SUCCESS) in zeDeviceGetRootDevice(hDevice=0x120bff28, phRootDevice=0x7ffd8f00a9e0)
   <--- urDeviceGet(.hPlatform = 0x120d3810, .DeviceType = UR_DEVICE_TYPE_ALL, .NumEntries = 1, .phDevices = 0x120d36b0 {0x120d5040}, .pNumDevices = nullptr) -> UR_RESULT_SUCCESS;
   ---> urPlatformGetInfo
   <--- urPlatformGetInfo(.hPlatform = 0x120d3810, .propName = UR_PLATFORM_INFO_VERSION, .propSize = 0, .pPropValue = nullptr, .pPropSizeRet = 0x7ffd8f00a9e0 (5)) -> UR_RESULT_SUCCESS;
   ---> urPlatformGetInfo
   <--- urPlatformGetInfo(.hPlatform = 0x120d3810, .propName = UR_PLATFORM_INFO_VERSION, .propSize = 5, .pPropValue = 0x7ffd8f00ab48 (1.17), .pPropSizeRet = nullptr) -> UR_RESULT_SUCCESS;
   ---> urPlatformGetInfo
   <--- urPlatformGetInfo(.hPlatform = 0x120d3810, .propName = UR_PLATFORM_INFO_NAME, .propSize = 0, .pPropValue = nullptr, .pPropSizeRet = 0x7ffd8f00a9e0 (51)) -> UR_RESULT_SUCCESS;
   ---> urPlatformGetInfo
   <--- urPlatformGetInfo(.hPlatform = 0x120d3810, .propName = UR_PLATFORM_INFO_NAME, .propSize = 51, .pPropValue = 0x120d5c30 (Intel(R) oneAPI Unified Runtime over Level-Zero V2), .pPropSizeRet = nullptr) -> UR_RESULT_SUCCESS;
   ---> urDeviceGetInfo
   <--- urDeviceGetInfo(.hDevice = 0x120d5040, .propName = UR_DEVICE_INFO_TYPE, .propSize = 4, .pPropValue = 0x7ffd8f00aabc (UR_DEVICE_TYPE_GPU), .pPropSizeRet = nullptr) -> UR_RESULT_SUCCESS;
   ---> urDeviceGetInfo
   <--- urDeviceGetInfo(.hDevice = 0x120d5040, .propName = UR_DEVICE_INFO_VENDOR_ID, .propSize = 4, .pPropValue = 0x7ffd8f00ab38 (32902), .pPropSizeRet = nullptr) -> UR_RESULT_SUCCESS;
   ---> urDeviceGetInfo
   <--- urDeviceGetInfo(.hDevice = 0x120d5040, .propName = UR_DEVICE_INFO_DRIVER_VERSION, .propSize = 0, .pPropValue = nullptr, .pPropSizeRet = 0x7ffd8f00a9e0 (14)) -> UR_RESULT_SUCCESS;
   ---> urDeviceGetInfo
   <--- urDeviceGetInfo(.hDevice = 0x120d5040, .propName = UR_DEVICE_INFO_DRIVER_VERSION, .propSize = 14, .pPropValue = 0x7ffd8f00ab08 (1.17.39395+14), .pPropSizeRet = nullptr) -> UR_RESULT_SUCCESS;
   ---> urPlatformGetInfo
   <--- urPlatformGetInfo(.hPlatform = 0x120d3810, .propName = UR_PLATFORM_INFO_BACKEND, .propSize = 4, .pPropValue = 0x7ffd8f00acfc (UR_BACKEND_LEVEL_ZERO), .pPropSizeRet = nullptr) -> UR_RESULT_SUCCESS;
   ---> urDeviceGetInfo
   <--- urDeviceGetInfo(.hDevice = 0x120d5040, .propName = UR_DEVICE_INFO_TYPE, .propSize = 4, .pPropValue = 0x7ffd8f00acf4 (UR_DEVICE_TYPE_GPU), .pPropSizeRet = nullptr) -> UR_RESULT_SUCCESS;
   ---> urDeviceRelease
   <--- urDeviceRelease(.hDevice = 0x120d5040) -> UR_RESULT_SUCCESS;
   ---> urDeviceGetInfo
   <--- urDeviceGetInfo(.hDevice = 0x120d5040, .propName = UR_DEVICE_INFO_SUPPORTED_PARTITIONS, .propSize = 0, .pPropValue = nullptr, .pPropSizeRet = 0x7ffd8f00ace8 (0)) -> UR_RESULT_SUCCESS;
   ---> urDeviceSelectBinary
   <--- urDeviceSelectBinary(.hDevice = 0x120d5040, .pBinaries = 0x7ffd8f00ad30 ((struct ur_device_binary_t){.stype = UR_STRUCTURE_TYPE_CONTEXT_PROPERTIES, .pNext = nullptr, .pDeviceTargetSpec = 0x789f6b7c23c0 (spir64)}), .NumBinaries = 1, .pSelectedBinary = 0x7ffd8f00ad54 (0)) -> UR_RESULT_SUCCESS;
   ---> urDeviceGet
[2026-10-08 06:41:02.721] [thread-id: 132626050211008] [trace] zeDeviceGetRootDevice(hDevice, phRootDevice)
[2026-10-08 06:41:02.721] [thread-id: 132626050211008] [trace] SUCCESS (ZE_RESULT_SUCCESS) in zeDeviceGetRootDevice(hDevice=0x120bff28, phRootDevice=0x7ffd8f00a970)
   <--- urDeviceGet(.hPlatform = 0x120d3810, .DeviceType = UR_DEVICE_TYPE_ALL, .NumEntries = 0, .phDevices = nullptr, .pNumDevices = 0x7ffd8f00ad9c (1)) -> UR_RESULT_SUCCESS;
   ---> urDeviceGet
[2026-10-08 06:41:02.721] [thread-id: 132626050211008] [trace] zeDeviceGetRootDevice(hDevice, phRootDevice)
[2026-10-08 06:41:02.721] [thread-id: 132626050211008] [trace] SUCCESS (ZE_RESULT_SUCCESS) in zeDeviceGetRootDevice(hDevice=0x120bff28, phRootDevice=0x7ffd8f00a970)
   <--- urDeviceGet(.hPlatform = 0x120d3810, .DeviceType = UR_DEVICE_TYPE_ALL, .NumEntries = 1, .phDevices = 0x120d5d00 {0x120d5040}, .pNumDevices = nullptr) -> UR_RESULT_SUCCESS;
   ---> urPlatformGetInfo
   <--- urPlatformGetInfo(.hPlatform = 0x120d3810, .propName = UR_PLATFORM_INFO_VERSION, .propSize = 0, .pPropValue = nullptr, .pPropSizeRet = 0x7ffd8f00a970 (5)) -> UR_RESULT_SUCCESS;
   ---> urPlatformGetInfo
   <--- urPlatformGetInfo(.hPlatform = 0x120d3810, .propName = UR_PLATFORM_INFO_VERSION, .propSize = 5, .pPropValue = 0x7ffd8f00aad8 (1.17), .pPropSizeRet = nullptr) -> UR_RESULT_SUCCESS;
   ---> urPlatformGetInfo
   <--- urPlatformGetInfo(.hPlatform = 0x120d3810, .propName = UR_PLATFORM_INFO_NAME, .propSize = 0, .pPropValue = nullptr, .pPropSizeRet = 0x7ffd8f00a970 (51)) -> UR_RESULT_SUCCESS;
   ---> urPlatformGetInfo
   <--- urPlatformGetInfo(.hPlatform = 0x120d3810, .propName = UR_PLATFORM_INFO_NAME, .propSize = 51, .pPropValue = 0x120d5710 (Intel(R) oneAPI Unified Runtime over Level-Zero V2), .pPropSizeRet = nullptr) -> UR_RESULT_SUCCESS;
   ---> urDeviceGetInfo
   <--- urDeviceGetInfo(.hDevice = 0x120d5040, .propName = UR_DEVICE_INFO_TYPE, .propSize = 4, .pPropValue = 0x7ffd8f00aa4c (UR_DEVICE_TYPE_GPU), .pPropSizeRet = nullptr) -> UR_RESULT_SUCCESS;
   ---> urDeviceGetInfo
   <--- urDeviceGetInfo(.hDevice = 0x120d5040, .propName = UR_DEVICE_INFO_VENDOR_ID, .propSize = 4, .pPropValue = 0x7ffd8f00aac8 (32902), .pPropSizeRet = nullptr) -> UR_RESULT_SUCCESS;
   ---> urDeviceGetInfo
   <--- urDeviceGetInfo(.hDevice = 0x120d5040, .propName = UR_DEVICE_INFO_DRIVER_VERSION, .propSize = 0, .pPropValue = nullptr, .pPropSizeRet = 0x7ffd8f00a970 (14)) -> UR_RESULT_SUCCESS;
   ---> urDeviceGetInfo
   <--- urDeviceGetInfo(.hDevice = 0x120d5040, .propName = UR_DEVICE_INFO_DRIVER_VERSION, .propSize = 14, .pPropValue = 0x7ffd8f00aa98 (1.17.39395+14), .pPropSizeRet = nullptr) -> UR_RESULT_SUCCESS;
   ---> urPlatformGetInfo
   <--- urPlatformGetInfo(.hPlatform = 0x120d3810, .propName = UR_PLATFORM_INFO_BACKEND, .propSize = 4, .pPropValue = 0x7ffd8f00ac8c (UR_BACKEND_LEVEL_ZERO), .pPropSizeRet = nullptr) -> UR_RESULT_SUCCESS;
   ---> urDeviceGetInfo
   <--- urDeviceGetInfo(.hDevice = 0x120d5040, .propName = UR_DEVICE_INFO_TYPE, .propSize = 4, .pPropValue = 0x7ffd8f00ac84 (UR_DEVICE_TYPE_GPU), .pPropSizeRet = nullptr) -> UR_RESULT_SUCCESS;
   ---> urDeviceRelease
   <--- urDeviceRelease(.hDevice = 0x120d5040) -> UR_RESULT_SUCCESS;
   ---> urDeviceGetInfo
   <--- urDeviceGetInfo(.hDevice = 0x120d5040, .propName = UR_DEVICE_INFO_SUPPORTED_PARTITIONS, .propSize = 0, .pPropValue = nullptr, .pPropSizeRet = 0x7ffd8f00ac78 (0)) -> UR_RESULT_SUCCESS;
   ---> urDeviceGet
[2026-10-08 06:41:02.722] [thread-id: 132626050211008] [trace] zeDeviceGetRootDevice(hDevice, phRootDevice)
[2026-10-08 06:41:02.722] [thread-id: 132626050211008] [trace] SUCCESS (ZE_RESULT_SUCCESS) in zeDeviceGetRootDevice(hDevice=0x120bff28, phRootDevice=0x7ffd8f00aa80)
   <--- urDeviceGet(.hPlatform = 0x120d3810, .DeviceType = UR_DEVICE_TYPE_GPU, .NumEntries = 0, .phDevices = nullptr, .pNumDevices = 0x7ffd8f00aeac (1)) -> UR_RESULT_SUCCESS;
   ---> urDeviceGet
[2026-10-08 06:41:02.722] [thread-id: 132626050211008] [trace] zeDeviceGetRootDevice(hDevice, phRootDevice)
[2026-10-08 06:41:02.722] [thread-id: 132626050211008] [trace] SUCCESS (ZE_RESULT_SUCCESS) in zeDeviceGetRootDevice(hDevice=0x120bff28, phRootDevice=0x7ffd8f00aa80)
   <--- urDeviceGet(.hPlatform = 0x120d3810, .DeviceType = UR_DEVICE_TYPE_GPU, .NumEntries = 1, .phDevices = 0x120d5d20 {0x120d5040}, .pNumDevices = nullptr) -> UR_RESULT_SUCCESS;
   ---> urPlatformGetInfo
   <--- urPlatformGetInfo(.hPlatform = 0x120d3810, .propName = UR_PLATFORM_INFO_VERSION, .propSize = 0, .pPropValue = nullptr, .pPropSizeRet = 0x7ffd8f00aa80 (5)) -> UR_RESULT_SUCCESS;
   ---> urPlatformGetInfo
   <--- urPlatformGetInfo(.hPlatform = 0x120d3810, .propName = UR_PLATFORM_INFO_VERSION, .propSize = 5, .pPropValue = 0x7ffd8f00abe8 (1.17), .pPropSizeRet = nullptr) -> UR_RESULT_SUCCESS;
   ---> urPlatformGetInfo
   <--- urPlatformGetInfo(.hPlatform = 0x120d3810, .propName = UR_PLATFORM_INFO_NAME, .propSize = 0, .pPropValue = nullptr, .pPropSizeRet = 0x7ffd8f00aa80 (51)) -> UR_RESULT_SUCCESS;
   ---> urPlatformGetInfo
   <--- urPlatformGetInfo(.hPlatform = 0x120d3810, .propName = UR_PLATFORM_INFO_NAME, .propSize = 51, .pPropValue = 0x120d5c30 (Intel(R) oneAPI Unified Runtime over Level-Zero V2), .pPropSizeRet = nullptr) -> UR_RESULT_SUCCESS;
   ---> urDeviceGetInfo
   <--- urDeviceGetInfo(.hDevice = 0x120d5040, .propName = UR_DEVICE_INFO_TYPE, .propSize = 4, .pPropValue = 0x7ffd8f00ab5c (UR_DEVICE_TYPE_GPU), .pPropSizeRet = nullptr) -> UR_RESULT_SUCCESS;
   ---> urDeviceGetInfo
   <--- urDeviceGetInfo(.hDevice = 0x120d5040, .propName = UR_DEVICE_INFO_VENDOR_ID, .propSize = 4, .pPropValue = 0x7ffd8f00abd8 (32902), .pPropSizeRet = nullptr) -> UR_RESULT_SUCCESS;
   ---> urDeviceGetInfo
   <--- urDeviceGetInfo(.hDevice = 0x120d5040, .propName = UR_DEVICE_INFO_DRIVER_VERSION, .propSize = 0, .pPropValue = nullptr, .pPropSizeRet = 0x7ffd8f00aa80 (14)) -> UR_RESULT_SUCCESS;
   ---> urDeviceGetInfo
   <--- urDeviceGetInfo(.hDevice = 0x120d5040, .propName = UR_DEVICE_INFO_DRIVER_VERSION, .propSize = 14, .pPropValue = 0x7ffd8f00aba8 (1.17.39395+14), .pPropSizeRet = nullptr) -> UR_RESULT_SUCCESS;
   ---> urPlatformGetInfo
   <--- urPlatformGetInfo(.hPlatform = 0x120d3810, .propName = UR_PLATFORM_INFO_BACKEND, .propSize = 4, .pPropValue = 0x7ffd8f00ad9c (UR_BACKEND_LEVEL_ZERO), .pPropSizeRet = nullptr) -> UR_RESULT_SUCCESS;
   ---> urDeviceGetInfo
   <--- urDeviceGetInfo(.hDevice = 0x120d5040, .propName = UR_DEVICE_INFO_TYPE, .propSize = 4, .pPropValue = 0x7ffd8f00ad94 (UR_DEVICE_TYPE_GPU), .pPropSizeRet = nullptr) -> UR_RESULT_SUCCESS;
   ---> urDeviceRelease
   <--- urDeviceRelease(.hDevice = 0x120d5040) -> UR_RESULT_SUCCESS;
   ---> urDeviceGetInfo
   <--- urDeviceGetInfo(.hDevice = 0x120d5040, .propName = UR_DEVICE_INFO_SUPPORTED_PARTITIONS, .propSize = 0, .pPropValue = nullptr, .pPropSizeRet = 0x7ffd8f00ad88 (0)) -> UR_RESULT_SUCCESS;
   ---> urDeviceGetInfo
[2026-10-08 06:41:02.722] [thread-id: 132626050211008] [trace] zeDevicePciGetPropertiesExt(hDevice, pPciProperties)
[2026-10-08 06:41:02.722] [thread-id: 132626050211008] [trace] SUCCESS (ZE_RESULT_SUCCESS) in zeDevicePciGetPropertiesExt(hDevice=0x120bff28, pPciProperties={stype=0x7ffd8f00aa50, address={domain=0, bus=5, device=0, function=0}, maxSpeed={genVersion=4, width=8, maxBandwidth=15753846153}})
   <--- urDeviceGetInfo(.hDevice = 0x120d5040, .propName = UR_DEVICE_INFO_PCI_ADDRESS, .propSize = 0, .pPropValue = nullptr, .pPropSizeRet = 0x7ffd8f00aec8 (13)) -> UR_RESULT_SUCCESS;
   ---> urDeviceGetInfo
[2026-10-08 06:41:02.722] [thread-id: 132626050211008] [trace] zeDevicePciGetPropertiesExt(hDevice, pPciProperties)
[2026-10-08 06:41:02.722] [thread-id: 132626050211008] [trace] SUCCESS (ZE_RESULT_SUCCESS) in zeDevicePciGetPropertiesExt(hDevice=0x120bff28, pPciProperties={stype=0x7ffd8f00ab60, address={domain=0, bus=5, device=0, function=0}, maxSpeed={genVersion=4, width=8, maxBandwidth=15753846153}})
   <--- urDeviceGetInfo(.hDevice = 0x120d5040, .propName = UR_DEVICE_INFO_PCI_ADDRESS, .propSize = 0, .pPropValue = nullptr, .pPropSizeRet = 0x7ffd8f00afd0 (13)) -> UR_RESULT_SUCCESS;
   ---> urDeviceGetInfo
[2026-10-08 06:41:02.722] [thread-id: 132626050211008] [trace] zeDevicePciGetPropertiesExt(hDevice, pPciProperties)
[2026-10-08 06:41:02.722] [thread-id: 132626050211008] [trace] SUCCESS (ZE_RESULT_SUCCESS) in zeDevicePciGetPropertiesExt(hDevice=0x120bff28, pPciProperties={stype=0x7ffd8f00ab60, address={domain=0, bus=5, device=0, function=0}, maxSpeed={genVersion=4, width=8, maxBandwidth=15753846153}})
   <--- urDeviceGetInfo(.hDevice = 0x120d5040, .propName = UR_DEVICE_INFO_PCI_ADDRESS, .propSize = 13, .pPropValue = 0x7ffd8f00b020 (0000:05:00.0), .pPropSizeRet = nullptr) -> UR_RESULT_SUCCESS;
   ---> urDeviceGet
[2026-10-08 06:41:02.722] [thread-id: 132626050211008] [trace] zeDeviceGetRootDevice(hDevice, phRootDevice)
[2026-10-08 06:41:02.722] [thread-id: 132626050211008] [trace] SUCCESS (ZE_RESULT_SUCCESS) in zeDeviceGetRootDevice(hDevice=0x120bff28, phRootDevice=0x7ffd8f00a980)
   <--- urDeviceGet(.hPlatform = 0x120d3810, .DeviceType = UR_DEVICE_TYPE_ALL, .NumEntries = 0, .phDevices = nullptr, .pNumDevices = 0x7ffd8f00adac (1)) -> UR_RESULT_SUCCESS;
   ---> urDeviceGet
[2026-10-08 06:41:02.722] [thread-id: 132626050211008] [trace] zeDeviceGetRootDevice(hDevice, phRootDevice)
[2026-10-08 06:41:02.722] [thread-id: 132626050211008] [trace] SUCCESS (ZE_RESULT_SUCCESS) in zeDeviceGetRootDevice(hDevice=0x120bff28, phRootDevice=0x7ffd8f00a980)
   <--- urDeviceGet(.hPlatform = 0x120d3810, .DeviceType = UR_DEVICE_TYPE_ALL, .NumEntries = 1, .phDevices = 0x120d5d40 {0x120d5040}, .pNumDevices = nullptr) -> UR_RESULT_SUCCESS;
   ---> urPlatformGetInfo
   <--- urPlatformGetInfo(.hPlatform = 0x120d3810, .propName = UR_PLATFORM_INFO_VERSION, .propSize = 0, .pPropValue = nullptr, .pPropSizeRet = 0x7ffd8f00a980 (5)) -> UR_RESULT_SUCCESS;
   ---> urPlatformGetInfo
   <--- urPlatformGetInfo(.hPlatform = 0x120d3810, .propName = UR_PLATFORM_INFO_VERSION, .propSize = 5, .pPropValue = 0x7ffd8f00aae8 (1.17), .pPropSizeRet = nullptr) -> UR_RESULT_SUCCESS;
   ---> urPlatformGetInfo
   <--- urPlatformGetInfo(.hPlatform = 0x120d3810, .propName = UR_PLATFORM_INFO_NAME, .propSize = 0, .pPropValue = nullptr, .pPropSizeRet = 0x7ffd8f00a980 (51)) -> UR_RESULT_SUCCESS;
   ---> urPlatformGetInfo
   <--- urPlatformGetInfo(.hPlatform = 0x120d3810, .propName = UR_PLATFORM_INFO_NAME, .propSize = 51, .pPropValue = 0x120d5c30 (Intel(R) oneAPI Unified Runtime over Level-Zero V2), .pPropSizeRet = nullptr) -> UR_RESULT_SUCCESS;
   ---> urDeviceGetInfo
   <--- urDeviceGetInfo(.hDevice = 0x120d5040, .propName = UR_DEVICE_INFO_TYPE, .propSize = 4, .pPropValue = 0x7ffd8f00aa5c (UR_DEVICE_TYPE_GPU), .pPropSizeRet = nullptr) -> UR_RESULT_SUCCESS;
   ---> urDeviceGetInfo
   <--- urDeviceGetInfo(.hDevice = 0x120d5040, .propName = UR_DEVICE_INFO_VENDOR_ID, .propSize = 4, .pPropValue = 0x7ffd8f00aad8 (32902), .pPropSizeRet = nullptr) -> UR_RESULT_SUCCESS;
   ---> urDeviceGetInfo
   <--- urDeviceGetInfo(.hDevice = 0x120d5040, .propName = UR_DEVICE_INFO_DRIVER_VERSION, .propSize = 0, .pPropValue = nullptr, .pPropSizeRet = 0x7ffd8f00a980 (14)) -> UR_RESULT_SUCCESS;
   ---> urDeviceGetInfo
   <--- urDeviceGetInfo(.hDevice = 0x120d5040, .propName = UR_DEVICE_INFO_DRIVER_VERSION, .propSize = 14, .pPropValue = 0x7ffd8f00aaa8 (1.17.39395+14), .pPropSizeRet = nullptr) -> UR_RESULT_SUCCESS;
   ---> urPlatformGetInfo
   <--- urPlatformGetInfo(.hPlatform = 0x120d3810, .propName = UR_PLATFORM_INFO_BACKEND, .propSize = 4, .pPropValue = 0x7ffd8f00ac9c (UR_BACKEND_LEVEL_ZERO), .pPropSizeRet = nullptr) -> UR_RESULT_SUCCESS;
   ---> urDeviceGetInfo
   <--- urDeviceGetInfo(.hDevice = 0x120d5040, .propName = UR_DEVICE_INFO_TYPE, .propSize = 4, .pPropValue = 0x7ffd8f00ac94 (UR_DEVICE_TYPE_GPU), .pPropSizeRet = nullptr) -> UR_RESULT_SUCCESS;
   ---> urDeviceRelease
   <--- urDeviceRelease(.hDevice = 0x120d5040) -> UR_RESULT_SUCCESS;
   ---> urDeviceGetInfo
   <--- urDeviceGetInfo(.hDevice = 0x120d5040, .propName = UR_DEVICE_INFO_SUPPORTED_PARTITIONS, .propSize = 0, .pPropValue = nullptr, .pPropSizeRet = 0x7ffd8f00ac88 (0)) -> UR_RESULT_SUCCESS;
   ---> urDeviceGetInfo
[2026-10-08 06:41:02.723] [thread-id: 132626050211008] [trace] zeDeviceGetSubDevices(hDevice, pCount, phSubdevices)
[2026-10-08 06:41:02.723] [thread-id: 132626050211008] [trace] SUCCESS (ZE_RESULT_SUCCESS) in zeDeviceGetSubDevices(hDevice=0x120bff28, pCount=0, phSubdevices=nullptr)
   <--- urDeviceGetInfo(.hDevice = 0x120d5040, .propName = UR_DEVICE_INFO_COMPONENT_DEVICES, .propSize = 0, .pPropValue = nullptr, .pPropSizeRet = 0x7ffd8f00aaa0 (0)) -> UR_RESULT_SUCCESS;
   ---> urContextCreate
[2026-10-08 06:41:02.723] [thread-id: 132626050211008] [trace] zeContextCreate(hDriver, desc, phContext)
[2026-10-08 06:41:02.723] [thread-id: 132626050211008] [trace] SUCCESS (ZE_RESULT_SUCCESS) in zeContextCreate(hDriver=0x120bf9c8, desc={stype=0x7ffd8f00a9d0, flags=0}, phContext=0x120d6738)
[2026-10-08 06:41:02.723] [thread-id: 132626050211008] [trace] zeMemAllocHost(hContext, host_desc, size, alignment, pptr)
[2026-10-08 06:41:02.723] [thread-id: 132626050211008] [trace] SUCCESS (ZE_RESULT_SUCCESS) in zeMemAllocHost(hContext=0x120d6738, host_desc={stype=0x7ffd8f00a450, flags=0}, size=1, alignment=0, pptr=0x789f561ffe00)
[2026-10-08 06:41:02.723] [thread-id: 132626050211008] [trace] zeMemGetAllocProperties(hContext, ptr, pMemAllocProperties, phDevice)
[2026-10-08 06:41:02.723] [thread-id: 132626050211008] [trace] SUCCESS (ZE_RESULT_SUCCESS) in zeMemGetAllocProperties(hContext=0x120d6738, ptr=0x789f561ffe00, pMemAllocProperties={stype=0x7ffd8f00a450, type=0x7ffd8f00a460, id=1, pageSize=2097152}, phDevice=nullptr)
[2026-10-08 06:41:02.723] [thread-id: 132626050211008] [trace] zeMemFreeExt(hContext, pMemFreeDesc, ptr)
[2026-10-08 06:41:02.723] [thread-id: 132626050211008] [trace] SUCCESS (ZE_RESULT_SUCCESS) in zeMemFreeExt(hContext=0x120d6738, pMemFreeDesc={stype=0x7ffd8f00a430, freePolicy=1}, ptr=0x789f561ffe00)
[2026-10-08 06:41:02.723] [thread-id: 132626050211008] [trace] zeDeviceGetProperties(hDevice, pDeviceProperties)
[2026-10-08 06:41:02.723] [thread-id: 132626050211008] [trace] SUCCESS (ZE_RESULT_SUCCESS) in zeDeviceGetProperties(hDevice=0x120bff28, pDeviceProperties={stype=0x789f566f7068, type=0x789f566f7078, vendorId=32902, deviceId=57868, flags=8, subdeviceId=0, coreClockRate=2750, maxMemAllocSize=10132807680, maxHardwareContexts=65536, maxCommandQueuePriority=0, numThreadsPerEU=8, physicalEUSimdWidth=16, numEUsPerSubslice=8, numSubslicesPerSlice=4, numSlices=5, timerResolution=52, timestampValidBits=64, kernelTimestampValidBits=64, uuid={id=134}, name="Intel(R) Arc(TM) B570 Graphics"})
[2026-10-08 06:41:02.723] [thread-id: 132626050211008] [trace] zeMemAllocDevice(hContext, device_desc, size, alignment, hDevice, pptr)
[2026-10-08 06:41:02.723] [thread-id: 132626050211008] [trace] SUCCESS (ZE_RESULT_SUCCESS) in zeMemAllocDevice(hContext=0x120d6738, device_desc={stype=0x7ffd8f00a410, flags=0, ordinal=0}, size=1, alignment=0, hDevice=0x120bff28, pptr=0xffffffffff9ffe00)
[2026-10-08 06:41:02.723] [thread-id: 132626050211008] [trace] zeContextMakeMemoryResident(hContext, hDevice, ptr, size)
[2026-10-08 06:41:02.724] [thread-id: 132626050211008] [trace] SUCCESS (ZE_RESULT_SUCCESS) in zeContextMakeMemoryResident(hContext=0x120d6738, hDevice=0x120bff28, ptr=0xffffffffff9ffe00, size=1)
[2026-10-08 06:41:02.724] [thread-id: 132626050211008] [trace] zeMemGetAllocProperties(hContext, ptr, pMemAllocProperties, phDevice)
[2026-10-08 06:41:02.724] [thread-id: 132626050211008] [trace] SUCCESS (ZE_RESULT_SUCCESS) in zeMemGetAllocProperties(hContext=0x120d6738, ptr=0xffffffffff9ffe00, pMemAllocProperties={stype=0x7ffd8f00a450, type=0x7ffd8f00a460, id=3, pageSize=65536}, phDevice=nullptr)
[2026-10-08 06:41:02.724] [thread-id: 132626050211008] [trace] zeMemFreeExt(hContext, pMemFreeDesc, ptr)
[2026-10-08 06:41:02.724] [thread-id: 132626050211008] [trace] SUCCESS (ZE_RESULT_SUCCESS) in zeMemFreeExt(hContext=0x120d6738, pMemFreeDesc={stype=0x7ffd8f00a430, freePolicy=1}, ptr=0xffffffffff9ffe00)
[2026-10-08 06:41:02.724] [thread-id: 132626050211008] [trace] zeDeviceGetProperties(hDevice, pDeviceProperties)
[2026-10-08 06:41:02.724] [thread-id: 132626050211008] [trace] SUCCESS (ZE_RESULT_SUCCESS) in zeDeviceGetProperties(hDevice=0x120bff28, pDeviceProperties={stype=0x789f566ef068, type=0x789f566ef078, vendorId=32902, deviceId=57868, flags=8, subdeviceId=0, coreClockRate=2750, maxMemAllocSize=10132807680, maxHardwareContexts=65536, maxCommandQueuePriority=0, numThreadsPerEU=8, physicalEUSimdWidth=16, numEUsPerSubslice=8, numSubslicesPerSlice=4, numSlices=5, timerResolution=52, timestampValidBits=64, kernelTimestampValidBits=64, uuid={id=134}, name="Intel(R) Arc(TM) B570 Graphics"})
[2026-10-08 06:41:02.724] [thread-id: 132626050211008] [trace] zeMemAllocShared(hContext, device_desc, host_desc, size, alignment, hDevice, pptr)
[2026-10-08 06:41:02.724] [thread-id: 132626050211008] [trace] SUCCESS (ZE_RESULT_SUCCESS) in zeMemAllocShared(hContext=0x120d6738, device_desc={stype=0x7ffd8f00a450, flags=0, ordinal=0}, host_desc={stype=0x7ffd8f00a430, flags=0}, size=1, alignment=0, hDevice=0x120bff28, pptr=0x789f56370000)
[2026-10-08 06:41:02.724] [thread-id: 132626050211008] [trace] zeMemGetAllocProperties(hContext, ptr, pMemAllocProperties, phDevice)
[2026-10-08 06:41:02.724] [thread-id: 132626050211008] [trace] SUCCESS (ZE_RESULT_SUCCESS) in zeMemGetAllocProperties(hContext=0x120d6738, ptr=0x789f56370000, pMemAllocProperties={stype=0x7ffd8f00a450, type=0x7ffd8f00a460, id=5, pageSize=65536}, phDevice=nullptr)
[2026-10-08 06:41:02.724] [thread-id: 132626050211008] [trace] zeMemFreeExt(hContext, pMemFreeDesc, ptr)
[2026-10-08 06:41:02.725] [thread-id: 132626050211008] [trace] SUCCESS (ZE_RESULT_SUCCESS) in zeMemFreeExt(hContext=0x120d6738, pMemFreeDesc={stype=0x7ffd8f00a430, freePolicy=1}, ptr=0x789f56370000)
[2026-10-08 06:41:02.725] [thread-id: 132626050211008] [trace] zeDeviceGetProperties(hDevice, pDeviceProperties)
[2026-10-08 06:41:02.725] [thread-id: 132626050211008] [trace] SUCCESS (ZE_RESULT_SUCCESS) in zeDeviceGetProperties(hDevice=0x120bff28, pDeviceProperties={stype=0x789f56381068, type=0x789f56381078, vendorId=32902, deviceId=57868, flags=8, subdeviceId=0, coreClockRate=2750, maxMemAllocSize=10132807680, maxHardwareContexts=65536, maxCommandQueuePriority=0, numThreadsPerEU=8, physicalEUSimdWidth=16, numEUsPerSubslice=8, numSubslicesPerSlice=4, numSlices=5, timerResolution=52, timestampValidBits=64, kernelTimestampValidBits=64, uuid={id=134}, name="Intel(R) Arc(TM) B570 Graphics"})
[2026-10-08 06:41:02.725] [thread-id: 132626050211008] [trace] zeMemAllocShared(hContext, device_desc, host_desc, size, alignment, hDevice, pptr)
[2026-10-08 06:41:02.725] [thread-id: 132626050211008] [trace] SUCCESS (ZE_RESULT_SUCCESS) in zeMemAllocShared(hContext=0x120d6738, device_desc={stype=0x7ffd8f00a450, flags=0, ordinal=0}, host_desc={stype=0x7ffd8f00a430, flags=0}, size=1, alignment=0, hDevice=0x120bff28, pptr=0x789f56370000)
[2026-10-08 06:41:02.725] [thread-id: 132626050211008] [trace] zeMemGetAllocProperties(hContext, ptr, pMemAllocProperties, phDevice)
[2026-10-08 06:41:02.725] [thread-id: 132626050211008] [trace] SUCCESS (ZE_RESULT_SUCCESS) in zeMemGetAllocProperties(hContext=0x120d6738, ptr=0x789f56370000, pMemAllocProperties={stype=0x7ffd8f00a450, type=0x7ffd8f00a460, id=6, pageSize=65536}, phDevice=nullptr)
[2026-10-08 06:41:02.725] [thread-id: 132626050211008] [trace] zeMemFreeExt(hContext, pMemFreeDesc, ptr)
[2026-10-08 06:41:02.725] [thread-id: 132626050211008] [trace] SUCCESS (ZE_RESULT_SUCCESS) in zeMemFreeExt(hContext=0x120d6738, pMemFreeDesc={stype=0x7ffd8f00a430, freePolicy=1}, ptr=0x789f56370000)
[2026-10-08 06:41:02.725] [thread-id: 132626050211008] [trace] zeMemAllocHost(hContext, host_desc, size, alignment, pptr)
[2026-10-08 06:41:02.725] [thread-id: 132626050211008] [trace] SUCCESS (ZE_RESULT_SUCCESS) in zeMemAllocHost(hContext=0x120d6738, host_desc={stype=0x7ffd8f00a450, flags=0}, size=1, alignment=0, pptr=0x789f561ffe00)
[2026-10-08 06:41:02.725] [thread-id: 132626050211008] [trace] zeMemGetAllocProperties(hContext, ptr, pMemAllocProperties, phDevice)
[2026-10-08 06:41:02.725] [thread-id: 132626050211008] [trace] SUCCESS (ZE_RESULT_SUCCESS) in zeMemGetAllocProperties(hContext=0x120d6738, ptr=0x789f561ffe00, pMemAllocProperties={stype=0x7ffd8f00a450, type=0x7ffd8f00a460, id=1, pageSize=2097152}, phDevice=nullptr)
[2026-10-08 06:41:02.725] [thread-id: 132626050211008] [trace] zeMemFreeExt(hContext, pMemFreeDesc, ptr)
[2026-10-08 06:41:02.725] [thread-id: 132626050211008] [trace] SUCCESS (ZE_RESULT_SUCCESS) in zeMemFreeExt(hContext=0x120d6738, pMemFreeDesc={stype=0x7ffd8f00a430, freePolicy=1}, ptr=0x789f561ffe00)
[2026-10-08 06:41:02.725] [thread-id: 132626050211008] [trace] zeDeviceGetProperties(hDevice, pDeviceProperties)
[2026-10-08 06:41:02.725] [thread-id: 132626050211008] [trace] SUCCESS (ZE_RESULT_SUCCESS) in zeDeviceGetProperties(hDevice=0x120bff28, pDeviceProperties={stype=0x789f56379068, type=0x789f56379078, vendorId=32902, deviceId=57868, flags=8, subdeviceId=0, coreClockRate=2750, maxMemAllocSize=10132807680, maxHardwareContexts=65536, maxCommandQueuePriority=0, numThreadsPerEU=8, physicalEUSimdWidth=16, numEUsPerSubslice=8, numSubslicesPerSlice=4, numSlices=5, timerResolution=52, timestampValidBits=64, kernelTimestampValidBits=64, uuid={id=134}, name="Intel(R) Arc(TM) B570 Graphics"})
[2026-10-08 06:41:02.725] [thread-id: 132626050211008] [trace] zeMemAllocDevice(hContext, device_desc, size, alignment, hDevice, pptr)
[2026-10-08 06:41:02.725] [thread-id: 132626050211008] [trace] SUCCESS (ZE_RESULT_SUCCESS) in zeMemAllocDevice(hContext=0x120d6738, device_desc={stype=0x7ffd8f00a410, flags=0, ordinal=0}, size=1, alignment=0, hDevice=0x120bff28, pptr=0xffffffffff9ffe00)
[2026-10-08 06:41:02.725] [thread-id: 132626050211008] [trace] zeContextMakeMemoryResident(hContext, hDevice, ptr, size)
[2026-10-08 06:41:02.725] [thread-id: 132626050211008] [trace] SUCCESS (ZE_RESULT_SUCCESS) in zeContextMakeMemoryResident(hContext=0x120d6738, hDevice=0x120bff28, ptr=0xffffffffff9ffe00, size=1)
[2026-10-08 06:41:02.725] [thread-id: 132626050211008] [trace] zeMemGetAllocProperties(hContext, ptr, pMemAllocProperties, phDevice)
[2026-10-08 06:41:02.725] [thread-id: 132626050211008] [trace] SUCCESS (ZE_RESULT_SUCCESS) in zeMemGetAllocProperties(hContext=0x120d6738, ptr=0xffffffffff9ffe00, pMemAllocProperties={stype=0x7ffd8f00a450, type=0x7ffd8f00a460, id=3, pageSize=65536}, phDevice=nullptr)
[2026-10-08 06:41:02.725] [thread-id: 132626050211008] [trace] zeMemFreeExt(hContext, pMemFreeDesc, ptr)
[2026-10-08 06:41:02.726] [thread-id: 132626050211008] [trace] SUCCESS (ZE_RESULT_SUCCESS) in zeMemFreeExt(hContext=0x120d6738, pMemFreeDesc={stype=0x7ffd8f00a430, freePolicy=1}, ptr=0xffffffffff9ffe00)
[2026-10-08 06:41:02.726] [thread-id: 132626050211008] [trace] zeDeviceGetProperties(hDevice, pDeviceProperties)
[2026-10-08 06:41:02.726] [thread-id: 132626050211008] [trace] SUCCESS (ZE_RESULT_SUCCESS) in zeDeviceGetProperties(hDevice=0x120bff28, pDeviceProperties={stype=0x789f5636c068, type=0x789f5636c078, vendorId=32902, deviceId=57868, flags=8, subdeviceId=0, coreClockRate=2750, maxMemAllocSize=10132807680, maxHardwareContexts=65536, maxCommandQueuePriority=0, numThreadsPerEU=8, physicalEUSimdWidth=16, numEUsPerSubslice=8, numSubslicesPerSlice=4, numSlices=5, timerResolution=52, timestampValidBits=64, kernelTimestampValidBits=64, uuid={id=134}, name="Intel(R) Arc(TM) B570 Graphics"})
[2026-10-08 06:41:02.726] [thread-id: 132626050211008] [trace] zeMemAllocShared(hContext, device_desc, host_desc, size, alignment, hDevice, pptr)
[2026-10-08 06:41:02.726] [thread-id: 132626050211008] [trace] SUCCESS (ZE_RESULT_SUCCESS) in zeMemAllocShared(hContext=0x120d6738, device_desc={stype=0x7ffd8f00a450, flags=0, ordinal=0}, host_desc={stype=0x7ffd8f00a430, flags=0}, size=1, alignment=0, hDevice=0x120bff28, pptr=0x789f56350000)
[2026-10-08 06:41:02.726] [thread-id: 132626050211008] [trace] zeMemGetAllocProperties(hContext, ptr, pMemAllocProperties, phDevice)
[2026-10-08 06:41:02.726] [thread-id: 132626050211008] [trace] SUCCESS (ZE_RESULT_SUCCESS) in zeMemGetAllocProperties(hContext=0x120d6738, ptr=0x789f56350000, pMemAllocProperties={stype=0x7ffd8f00a450, type=0x7ffd8f00a460, id=9, pageSize=65536}, phDevice=nullptr)
[2026-10-08 06:41:02.726] [thread-id: 132626050211008] [trace] zeMemFreeExt(hContext, pMemFreeDesc, ptr)
[2026-10-08 06:41:02.726] [thread-id: 132626050211008] [trace] SUCCESS (ZE_RESULT_SUCCESS) in zeMemFreeExt(hContext=0x120d6738, pMemFreeDesc={stype=0x7ffd8f00a430, freePolicy=1}, ptr=0x789f56350000)
[2026-10-08 06:41:02.726] [thread-id: 132626050211008] [trace] zeDeviceGetProperties(hDevice, pDeviceProperties)
[2026-10-08 06:41:02.726] [thread-id: 132626050211008] [trace] SUCCESS (ZE_RESULT_SUCCESS) in zeDeviceGetProperties(hDevice=0x120bff28, pDeviceProperties={stype=0x789f56368068, type=0x789f56368078, vendorId=32902, deviceId=57868, flags=8, subdeviceId=0, coreClockRate=2750, maxMemAllocSize=10132807680, maxHardwareContexts=65536, maxCommandQueuePriority=0, numThreadsPerEU=8, physicalEUSimdWidth=16, numEUsPerSubslice=8, numSubslicesPerSlice=4, numSlices=5, timerResolution=52, timestampValidBits=64, kernelTimestampValidBits=64, uuid={id=134}, name="Intel(R) Arc(TM) B570 Graphics"})
[2026-10-08 06:41:02.726] [thread-id: 132626050211008] [trace] zeMemAllocShared(hContext, device_desc, host_desc, size, alignment, hDevice, pptr)
[2026-10-08 06:41:02.726] [thread-id: 132626050211008] [trace] SUCCESS (ZE_RESULT_SUCCESS) in zeMemAllocShared(hContext=0x120d6738, device_desc={stype=0x7ffd8f00a450, flags=0, ordinal=0}, host_desc={stype=0x7ffd8f00a430, flags=0}, size=1, alignment=0, hDevice=0x120bff28, pptr=0x789f56350000)
[2026-10-08 06:41:02.726] [thread-id: 132626050211008] [trace] zeMemGetAllocProperties(hContext, ptr, pMemAllocProperties, phDevice)
[2026-10-08 06:41:02.727] [thread-id: 132626050211008] [trace] SUCCESS (ZE_RESULT_SUCCESS) in zeMemGetAllocProperties(hContext=0x120d6738, ptr=0x789f56350000, pMemAllocProperties={stype=0x7ffd8f00a450, type=0x7ffd8f00a460, id=10, pageSize=65536}, phDevice=nullptr)
[2026-10-08 06:41:02.727] [thread-id: 132626050211008] [trace] zeMemFreeExt(hContext, pMemFreeDesc, ptr)
[2026-10-08 06:41:02.727] [thread-id: 132626050211008] [trace] SUCCESS (ZE_RESULT_SUCCESS) in zeMemFreeExt(hContext=0x120d6738, pMemFreeDesc={stype=0x7ffd8f00a430, freePolicy=1}, ptr=0x789f56350000)
   <--- urContextCreate(.DeviceCount = 1, .phDevices = 0x120d5ce0 {0x120d5040}, .pProperties = nullptr, .phContext = 0x120d7c40 (0x120d9b90)) -> UR_RESULT_SUCCESS;
   ---> urQueueCreate
<LEVEL_ZERO>[INFO]: Copy offload is disabled by the environment variable.
<LEVEL_ZERO>[DEBUG]: create command list ordinal: 0, type: immediate, device: 0x120bff28, inOrder: 1
[2026-10-08 06:41:02.727] [thread-id: 132626050211008] [trace] zeCommandListCreateImmediate(hContext, hDevice, altdesc, phCommandList)
[2026-10-08 06:41:02.729] [thread-id: 132626050211008] [trace] SUCCESS (ZE_RESULT_SUCCESS) in zeCommandListCreateImmediate(hContext=0x120d6738, hDevice=0x120bff28, altdesc={stype=0x7ffd8f00a950, ordinal=0, index=0, flags=2, mode=0x7ffd8f00a96c, priority=0x7ffd8f00a970}, phCommandList=0x120ddd88)
[2026-10-08 06:41:02.729] [thread-id: 132626050211008] [trace] zeDriverGetExtensionFunctionAddress(hDriver, name, ppFunctionAddress)
[2026-10-08 06:41:02.729] [thread-id: 132626050211008] [trace] SUCCESS (ZE_RESULT_SUCCESS) in zeDriverGetExtensionFunctionAddress(hDriver=0x120bf9c8, name="zexCounterBasedEventCreate2", ppFunctionAddress=0x789f64842c00)
   <--- urQueueCreate(.hContext = 0x120d9b90, .hDevice = 0x120d5040, .pProperties = 0x7ffd8f00af30 ((struct ur_queue_properties_t){.stype = UR_STRUCTURE_TYPE_QUEUE_PROPERTIES, .pNext = nullptr, .flags = 0}), .phQueue = 0x7ffd8f00af48 (0x120dd0a0)) -> UR_RESULT_SUCCESS;
   ---> urDeviceGetInfo
[2026-10-08 06:41:02.729] [thread-id: 132626050211008] [trace] zeDeviceGetMemoryAccessProperties(hDevice, pMemAccessProperties)
[2026-10-08 06:41:02.729] [thread-id: 132626050211008] [trace] SUCCESS (ZE_RESULT_SUCCESS) in zeDeviceGetMemoryAccessProperties(hDevice=0x120bff28, pMemAccessProperties={stype=0x120d5420, hostAllocCapabilities=3, deviceAllocCapabilities=3, sharedSingleDeviceAllocCapabilities=3, sharedCrossDeviceAllocCapabilities=0, sharedSystemAllocCapabilities=15})
   <--- urDeviceGetInfo(.hDevice = 0x120d5040, .propName = UR_DEVICE_INFO_USM_DEVICE_SUPPORT, .propSize = 4, .pPropValue = 0x7ffd8f00ad94 (UR_DEVICE_USM_ACCESS_CAPABILITY_FLAG_ACCESS | UR_DEVICE_USM_ACCESS_CAPABILITY_FLAG_ATOMIC_ACCESS), .pPropSizeRet = nullptr) -> UR_RESULT_SUCCESS;
   ---> urUSMDeviceAlloc
[2026-10-08 06:41:02.729] [thread-id: 132626050211008] [trace] zeMemAllocDevice(hContext, device_desc, size, alignment, hDevice, pptr)
[2026-10-08 06:41:02.729] [thread-id: 132626050211008] [trace] SUCCESS (ZE_RESULT_SUCCESS) in zeMemAllocDevice(hContext=0x120d6738, device_desc={stype=0x7ffd8f00a9a0, flags=0, ordinal=0}, size=65536, alignment=0, hDevice=0x120bff28, pptr=0xffffffffff600000)
[2026-10-08 06:41:02.729] [thread-id: 132626050211008] [trace] zeContextMakeMemoryResident(hContext, hDevice, ptr, size)
[2026-10-08 06:41:02.729] [thread-id: 132626050211008] [trace] SUCCESS (ZE_RESULT_SUCCESS) in zeContextMakeMemoryResident(hContext=0x120d6738, hDevice=0x120bff28, ptr=0xffffffffff600000, size=65536)
   <--- urUSMDeviceAlloc(.hContext = 0x120d9b90, .hDevice = 0x120d5040, .pUSMDesc = 0x7ffd8f00af00 ((struct ur_usm_desc_t){.stype = UR_STRUCTURE_TYPE_CONTEXT_PROPERTIES, .pNext = nullptr, .hints = 0, .align = 4}), .pool = nullptr, .size = 65536, .ppMem = 0x7ffd8f00af18 (0xffffffffff600000)) -> UR_RESULT_SUCCESS;
   ---> urEnqueueUSMMemcpy
<LEVEL_ZERO>[DEBUG]: ze_event_pool_desc_t flags set to: 1
[2026-10-08 06:41:02.729] [thread-id: 132626050211008] [trace] zexCounterBasedEventCreate2(hContext, hDevice, desc, phEvent)
[2026-10-08 06:41:02.729] [thread-id: 132626050211008] [trace] SUCCESS (ZE_RESULT_SUCCESS) in zexCounterBasedEventCreate2(hContext=0x120d6738, hDevice=0x120bff28, desc=0x7ffd8f00a950, phEvent=0x1210ea68)
<LEVEL_ZERO>[DEBUG]: ze_event_pool_desc_t flags set to: 1
[2026-10-08 06:41:02.729] [thread-id: 132626050211008] [trace] zexCounterBasedEventCreate2(hContext, hDevice, desc, phEvent)
[2026-10-08 06:41:02.729] [thread-id: 132626050211008] [trace] SUCCESS (ZE_RESULT_SUCCESS) in zexCounterBasedEventCreate2(hContext=0x120d6738, hDevice=0x120bff28, desc=0x7ffd8f00a950, phEvent=0x1210ee08)
<LEVEL_ZERO>[DEBUG]: ze_event_pool_desc_t flags set to: 1
[2026-10-08 06:41:02.729] [thread-id: 132626050211008] [trace] zexCounterBasedEventCreate2(hContext, hDevice, desc, phEvent)
[2026-10-08 06:41:02.729] [thread-id: 132626050211008] [trace] SUCCESS (ZE_RESULT_SUCCESS) in zexCounterBasedEventCreate2(hContext=0x120d6738, hDevice=0x120bff28, desc=0x7ffd8f00a950, phEvent=0x1210f528)
<LEVEL_ZERO>[DEBUG]: ze_event_pool_desc_t flags set to: 1
[2026-10-08 06:41:02.729] [thread-id: 132626050211008] [trace] zexCounterBasedEventCreate2(hContext, hDevice, desc, phEvent)
[2026-10-08 06:41:02.729] [thread-id: 132626050211008] [trace] SUCCESS (ZE_RESULT_SUCCESS) in zexCounterBasedEventCreate2(hContext=0x120d6738, hDevice=0x120bff28, desc=0x7ffd8f00a950, phEvent=0x1210fa68)
<LEVEL_ZERO>[DEBUG]: ze_event_pool_desc_t flags set to: 1
[2026-10-08 06:41:02.729] [thread-id: 132626050211008] [trace] zexCounterBasedEventCreate2(hContext, hDevice, desc, phEvent)
[2026-10-08 06:41:02.729] [thread-id: 132626050211008] [trace] SUCCESS (ZE_RESULT_SUCCESS) in zexCounterBasedEventCreate2(hContext=0x120d6738, hDevice=0x120bff28, desc=0x7ffd8f00a950, phEvent=0x12110168)
<LEVEL_ZERO>[DEBUG]: ze_event_pool_desc_t flags set to: 1
[2026-10-08 06:41:02.729] [thread-id: 132626050211008] [trace] zexCounterBasedEventCreate2(hContext, hDevice, desc, phEvent)
[2026-10-08 06:41:02.729] [thread-id: 132626050211008] [trace] SUCCESS (ZE_RESULT_SUCCESS) in zexCounterBasedEventCreate2(hContext=0x120d6738, hDevice=0x120bff28, desc=0x7ffd8f00a950, phEvent=0x121106c8)
<LEVEL_ZERO>[DEBUG]: ze_event_pool_desc_t flags set to: 1
[2026-10-08 06:41:02.729] [thread-id: 132626050211008] [trace] zexCounterBasedEventCreate2(hContext, hDevice, desc, phEvent)
[2026-10-08 06:41:02.729] [thread-id: 132626050211008] [trace] SUCCESS (ZE_RESULT_SUCCESS) in zexCounterBasedEventCreate2(hContext=0x120d6738, hDevice=0x120bff28, desc=0x7ffd8f00a950, phEvent=0x12110dc8)
<LEVEL_ZERO>[DEBUG]: ze_event_pool_desc_t flags set to: 1
[2026-10-08 06:41:02.730] [thread-id: 132626050211008] [trace] zexCounterBasedEventCreate2(hContext, hDevice, desc, phEvent)
[2026-10-08 06:41:02.730] [thread-id: 132626050211008] [trace] SUCCESS (ZE_RESULT_SUCCESS) in zexCounterBasedEventCreate2(hContext=0x120d6738, hDevice=0x120bff28, desc=0x7ffd8f00a950, phEvent=0x121112d8)
<LEVEL_ZERO>[DEBUG]: ze_event_pool_desc_t flags set to: 1
[2026-10-08 06:41:02.730] [thread-id: 132626050211008] [trace] zexCounterBasedEventCreate2(hContext, hDevice, desc, phEvent)
[2026-10-08 06:41:02.730] [thread-id: 132626050211008] [trace] SUCCESS (ZE_RESULT_SUCCESS) in zexCounterBasedEventCreate2(hContext=0x120d6738, hDevice=0x120bff28, desc=0x7ffd8f00a950, phEvent=0x121119d8)
<LEVEL_ZERO>[DEBUG]: ze_event_pool_desc_t flags set to: 1
[2026-10-08 06:41:02.730] [thread-id: 132626050211008] [trace] zexCounterBasedEventCreate2(hContext, hDevice, desc, phEvent)
[2026-10-08 06:41:02.730] [thread-id: 132626050211008] [trace] SUCCESS (ZE_RESULT_SUCCESS) in zexCounterBasedEventCreate2(hContext=0x120d6738, hDevice=0x120bff28, desc=0x7ffd8f00a950, phEvent=0x12111ee8)
<LEVEL_ZERO>[DEBUG]: ze_event_pool_desc_t flags set to: 1
[2026-10-08 06:41:02.730] [thread-id: 132626050211008] [trace] zexCounterBasedEventCreate2(hContext, hDevice, desc, phEvent)
[2026-10-08 06:41:02.730] [thread-id: 132626050211008] [trace] SUCCESS (ZE_RESULT_SUCCESS) in zexCounterBasedEventCreate2(hContext=0x120d6738, hDevice=0x120bff28, desc=0x7ffd8f00a950, phEvent=0x121125e8)
<LEVEL_ZERO>[DEBUG]: ze_event_pool_desc_t flags set to: 1
[2026-10-08 06:41:02.730] [thread-id: 132626050211008] [trace] zexCounterBasedEventCreate2(hContext, hDevice, desc, phEvent)
[2026-10-08 06:41:02.730] [thread-id: 132626050211008] [trace] SUCCESS (ZE_RESULT_SUCCESS) in zexCounterBasedEventCreate2(hContext=0x120d6738, hDevice=0x120bff28, desc=0x7ffd8f00a950, phEvent=0x12112b98)
<LEVEL_ZERO>[DEBUG]: ze_event_pool_desc_t flags set to: 1
[2026-10-08 06:41:02.730] [thread-id: 132626050211008] [trace] zexCounterBasedEventCreate2(hContext, hDevice, desc, phEvent)
[2026-10-08 06:41:02.730] [thread-id: 132626050211008] [trace] SUCCESS (ZE_RESULT_SUCCESS) in zexCounterBasedEventCreate2(hContext=0x120d6738, hDevice=0x120bff28, desc=0x7ffd8f00a950, phEvent=0x12113298)
<LEVEL_ZERO>[DEBUG]: ze_event_pool_desc_t flags set to: 1
[2026-10-08 06:41:02.730] [thread-id: 132626050211008] [trace] zexCounterBasedEventCreate2(hContext, hDevice, desc, phEvent)
[2026-10-08 06:41:02.730] [thread-id: 132626050211008] [trace] SUCCESS (ZE_RESULT_SUCCESS) in zexCounterBasedEventCreate2(hContext=0x120d6738, hDevice=0x120bff28, desc=0x7ffd8f00a950, phEvent=0x121137a8)
<LEVEL_ZERO>[DEBUG]: ze_event_pool_desc_t flags set to: 1
[2026-10-08 06:41:02.730] [thread-id: 132626050211008] [trace] zexCounterBasedEventCreate2(hContext, hDevice, desc, phEvent)
[2026-10-08 06:41:02.730] [thread-id: 132626050211008] [trace] SUCCESS (ZE_RESULT_SUCCESS) in zexCounterBasedEventCreate2(hContext=0x120d6738, hDevice=0x120bff28, desc=0x7ffd8f00a950, phEvent=0x12113ea8)
<LEVEL_ZERO>[DEBUG]: ze_event_pool_desc_t flags set to: 1
[2026-10-08 06:41:02.730] [thread-id: 132626050211008] [trace] zexCounterBasedEventCreate2(hContext, hDevice, desc, phEvent)
[2026-10-08 06:41:02.730] [thread-id: 132626050211008] [trace] SUCCESS (ZE_RESULT_SUCCESS) in zexCounterBasedEventCreate2(hContext=0x120d6738, hDevice=0x120bff28, desc=0x7ffd8f00a950, phEvent=0x121143b8)
<LEVEL_ZERO>[DEBUG]: ze_event_pool_desc_t flags set to: 1
[2026-10-08 06:41:02.730] [thread-id: 132626050211008] [trace] zexCounterBasedEventCreate2(hContext, hDevice, desc, phEvent)
[2026-10-08 06:41:02.730] [thread-id: 132626050211008] [trace] SUCCESS (ZE_RESULT_SUCCESS) in zexCounterBasedEventCreate2(hContext=0x120d6738, hDevice=0x120bff28, desc=0x7ffd8f00a950, phEvent=0x12114ab8)
<LEVEL_ZERO>[DEBUG]: ze_event_pool_desc_t flags set to: 1
[2026-10-08 06:41:02.730] [thread-id: 132626050211008] [trace] zexCounterBasedEventCreate2(hContext, hDevice, desc, phEvent)
[2026-10-08 06:41:02.730] [thread-id: 132626050211008] [trace] SUCCESS (ZE_RESULT_SUCCESS) in zexCounterBasedEventCreate2(hContext=0x120d6738, hDevice=0x120bff28, desc=0x7ffd8f00a950, phEvent=0x121150d8)
<LEVEL_ZERO>[DEBUG]: ze_event_pool_desc_t flags set to: 1
[2026-10-08 06:41:02.730] [thread-id: 132626050211008] [trace] zexCounterBasedEventCreate2(hContext, hDevice, desc, phEvent)
[2026-10-08 06:41:02.730] [thread-id: 132626050211008] [trace] SUCCESS (ZE_RESULT_SUCCESS) in zexCounterBasedEventCreate2(hContext=0x120d6738, hDevice=0x120bff28, desc=0x7ffd8f00a950, phEvent=0x121157d8)
<LEVEL_ZERO>[DEBUG]: ze_event_pool_desc_t flags set to: 1
[2026-10-08 06:41:02.730] [thread-id: 132626050211008] [trace] zexCounterBasedEventCreate2(hContext, hDevice, desc, phEvent)
[2026-10-08 06:41:02.730] [thread-id: 132626050211008] [trace] SUCCESS (ZE_RESULT_SUCCESS) in zexCounterBasedEventCreate2(hContext=0x120d6738, hDevice=0x120bff28, desc=0x7ffd8f00a950, phEvent=0x12115ce8)
<LEVEL_ZERO>[DEBUG]: ze_event_pool_desc_t flags set to: 1
[2026-10-08 06:41:02.730] [thread-id: 132626050211008] [trace] zexCounterBasedEventCreate2(hContext, hDevice, desc, phEvent)
[2026-10-08 06:41:02.730] [thread-id: 132626050211008] [trace] SUCCESS (ZE_RESULT_SUCCESS) in zexCounterBasedEventCreate2(hContext=0x120d6738, hDevice=0x120bff28, desc=0x7ffd8f00a950, phEvent=0x121163e8)
<LEVEL_ZERO>[DEBUG]: ze_event_pool_desc_t flags set to: 1
[2026-10-08 06:41:02.730] [thread-id: 132626050211008] [trace] zexCounterBasedEventCreate2(hContext, hDevice, desc, phEvent)
[2026-10-08 06:41:02.730] [thread-id: 132626050211008] [trace] SUCCESS (ZE_RESULT_SUCCESS) in zexCounterBasedEventCreate2(hContext=0x120d6738, hDevice=0x120bff28, desc=0x7ffd8f00a950, phEvent=0x121168f8)
<LEVEL_ZERO>[DEBUG]: ze_event_pool_desc_t flags set to: 1
[2026-10-08 06:41:02.730] [thread-id: 132626050211008] [trace] zexCounterBasedEventCreate2(hContext, hDevice, desc, phEvent)
[2026-10-08 06:41:02.730] [thread-id: 132626050211008] [trace] SUCCESS (ZE_RESULT_SUCCESS) in zexCounterBasedEventCreate2(hContext=0x120d6738, hDevice=0x120bff28, desc=0x7ffd8f00a950, phEvent=0x12116ff8)
<LEVEL_ZERO>[DEBUG]: ze_event_pool_desc_t flags set to: 1
[2026-10-08 06:41:02.730] [thread-id: 132626050211008] [trace] zexCounterBasedEventCreate2(hContext, hDevice, desc, phEvent)
[2026-10-08 06:41:02.730] [thread-id: 132626050211008] [trace] SUCCESS (ZE_RESULT_SUCCESS) in zexCounterBasedEventCreate2(hContext=0x120d6738, hDevice=0x120bff28, desc=0x7ffd8f00a950, phEvent=0x12117508)
<LEVEL_ZERO>[DEBUG]: ze_event_pool_desc_t flags set to: 1
[2026-10-08 06:41:02.730] [thread-id: 132626050211008] [trace] zexCounterBasedEventCreate2(hContext, hDevice, desc, phEvent)
[2026-10-08 06:41:02.730] [thread-id: 132626050211008] [trace] SUCCESS (ZE_RESULT_SUCCESS) in zexCounterBasedEventCreate2(hContext=0x120d6738, hDevice=0x120bff28, desc=0x7ffd8f00a950, phEvent=0x12117d48)
<LEVEL_ZERO>[DEBUG]: ze_event_pool_desc_t flags set to: 1
[2026-10-08 06:41:02.730] [thread-id: 132626050211008] [trace] zexCounterBasedEventCreate2(hContext, hDevice, desc, phEvent)
[2026-10-08 06:41:02.730] [thread-id: 132626050211008] [trace] SUCCESS (ZE_RESULT_SUCCESS) in zexCounterBasedEventCreate2(hContext=0x120d6738, hDevice=0x120bff28, desc=0x7ffd8f00a950, phEvent=0x12118258)
<LEVEL_ZERO>[DEBUG]: ze_event_pool_desc_t flags set to: 1
[2026-10-08 06:41:02.730] [thread-id: 132626050211008] [trace] zexCounterBasedEventCreate2(hContext, hDevice, desc, phEvent)
[2026-10-08 06:41:02.730] [thread-id: 132626050211008] [trace] SUCCESS (ZE_RESULT_SUCCESS) in zexCounterBasedEventCreate2(hContext=0x120d6738, hDevice=0x120bff28, desc=0x7ffd8f00a950, phEvent=0x12118958)
<LEVEL_ZERO>[DEBUG]: ze_event_pool_desc_t flags set to: 1
[2026-10-08 06:41:02.730] [thread-id: 132626050211008] [trace] zexCounterBasedEventCreate2(hContext, hDevice, desc, phEvent)
[2026-10-08 06:41:02.730] [thread-id: 132626050211008] [trace] SUCCESS (ZE_RESULT_SUCCESS) in zexCounterBasedEventCreate2(hContext=0x120d6738, hDevice=0x120bff28, desc=0x7ffd8f00a950, phEvent=0x12118e68)
<LEVEL_ZERO>[DEBUG]: ze_event_pool_desc_t flags set to: 1
[2026-10-08 06:41:02.730] [thread-id: 132626050211008] [trace] zexCounterBasedEventCreate2(hContext, hDevice, desc, phEvent)
[2026-10-08 06:41:02.730] [thread-id: 132626050211008] [trace] SUCCESS (ZE_RESULT_SUCCESS) in zexCounterBasedEventCreate2(hContext=0x120d6738, hDevice=0x120bff28, desc=0x7ffd8f00a950, phEvent=0x12119568)
<LEVEL_ZERO>[DEBUG]: ze_event_pool_desc_t flags set to: 1
[2026-10-08 06:41:02.730] [thread-id: 132626050211008] [trace] zexCounterBasedEventCreate2(hContext, hDevice, desc, phEvent)
[2026-10-08 06:41:02.730] [thread-id: 132626050211008] [trace] SUCCESS (ZE_RESULT_SUCCESS) in zexCounterBasedEventCreate2(hContext=0x120d6738, hDevice=0x120bff28, desc=0x7ffd8f00a950, phEvent=0x12119a78)
<LEVEL_ZERO>[DEBUG]: ze_event_pool_desc_t flags set to: 1
[2026-10-08 06:41:02.730] [thread-id: 132626050211008] [trace] zexCounterBasedEventCreate2(hContext, hDevice, desc, phEvent)
[2026-10-08 06:41:02.731] [thread-id: 132626050211008] [trace] SUCCESS (ZE_RESULT_SUCCESS) in zexCounterBasedEventCreate2(hContext=0x120d6738, hDevice=0x120bff28, desc=0x7ffd8f00a950, phEvent=0x1211a178)
<LEVEL_ZERO>[DEBUG]: ze_event_pool_desc_t flags set to: 1
[2026-10-08 06:41:02.731] [thread-id: 132626050211008] [trace] zexCounterBasedEventCreate2(hContext, hDevice, desc, phEvent)
[2026-10-08 06:41:02.731] [thread-id: 132626050211008] [trace] SUCCESS (ZE_RESULT_SUCCESS) in zexCounterBasedEventCreate2(hContext=0x120d6738, hDevice=0x120bff28, desc=0x7ffd8f00a950, phEvent=0x1211a688)
<LEVEL_ZERO>[DEBUG]: ze_event_pool_desc_t flags set to: 1
[2026-10-08 06:41:02.731] [thread-id: 132626050211008] [trace] zexCounterBasedEventCreate2(hContext, hDevice, desc, phEvent)
[2026-10-08 06:41:02.731] [thread-id: 132626050211008] [trace] SUCCESS (ZE_RESULT_SUCCESS) in zexCounterBasedEventCreate2(hContext=0x120d6738, hDevice=0x120bff28, desc=0x7ffd8f00a950, phEvent=0x1211ad88)
<LEVEL_ZERO>[DEBUG]: ze_event_pool_desc_t flags set to: 1
[2026-10-08 06:41:02.731] [thread-id: 132626050211008] [trace] zexCounterBasedEventCreate2(hContext, hDevice, desc, phEvent)
[2026-10-08 06:41:02.731] [thread-id: 132626050211008] [trace] SUCCESS (ZE_RESULT_SUCCESS) in zexCounterBasedEventCreate2(hContext=0x120d6738, hDevice=0x120bff28, desc=0x7ffd8f00a950, phEvent=0x1211b4a8)
<LEVEL_ZERO>[DEBUG]: ze_event_pool_desc_t flags set to: 1
[2026-10-08 06:41:02.731] [thread-id: 132626050211008] [trace] zexCounterBasedEventCreate2(hContext, hDevice, desc, phEvent)
[2026-10-08 06:41:02.731] [thread-id: 132626050211008] [trace] SUCCESS (ZE_RESULT_SUCCESS) in zexCounterBasedEventCreate2(hContext=0x120d6738, hDevice=0x120bff28, desc=0x7ffd8f00a950, phEvent=0x1211bba8)
<LEVEL_ZERO>[DEBUG]: ze_event_pool_desc_t flags set to: 1
[2026-10-08 06:41:02.731] [thread-id: 132626050211008] [trace] zexCounterBasedEventCreate2(hContext, hDevice, desc, phEvent)
[2026-10-08 06:41:02.731] [thread-id: 132626050211008] [trace] SUCCESS (ZE_RESULT_SUCCESS) in zexCounterBasedEventCreate2(hContext=0x120d6738, hDevice=0x120bff28, desc=0x7ffd8f00a950, phEvent=0x1211c0b8)
<LEVEL_ZERO>[DEBUG]: ze_event_pool_desc_t flags set to: 1
[2026-10-08 06:41:02.731] [thread-id: 132626050211008] [trace] zexCounterBasedEventCreate2(hContext, hDevice, desc, phEvent)
[2026-10-08 06:41:02.731] [thread-id: 132626050211008] [trace] SUCCESS (ZE_RESULT_SUCCESS) in zexCounterBasedEventCreate2(hContext=0x120d6738, hDevice=0x120bff28, desc=0x7ffd8f00a950, phEvent=0x1211c7b8)
<LEVEL_ZERO>[DEBUG]: ze_event_pool_desc_t flags set to: 1
[2026-10-08 06:41:02.731] [thread-id: 132626050211008] [trace] zexCounterBasedEventCreate2(hContext, hDevice, desc, phEvent)
[2026-10-08 06:41:02.731] [thread-id: 132626050211008] [trace] SUCCESS (ZE_RESULT_SUCCESS) in zexCounterBasedEventCreate2(hContext=0x120d6738, hDevice=0x120bff28, desc=0x7ffd8f00a950, phEvent=0x1211ccc8)
<LEVEL_ZERO>[DEBUG]: ze_event_pool_desc_t flags set to: 1
[2026-10-08 06:41:02.731] [thread-id: 132626050211008] [trace] zexCounterBasedEventCreate2(hContext, hDevice, desc, phEvent)
[2026-10-08 06:41:02.731] [thread-id: 132626050211008] [trace] SUCCESS (ZE_RESULT_SUCCESS) in zexCounterBasedEventCreate2(hContext=0x120d6738, hDevice=0x120bff28, desc=0x7ffd8f00a950, phEvent=0x1211d3c8)
<LEVEL_ZERO>[DEBUG]: ze_event_pool_desc_t flags set to: 1
[2026-10-08 06:41:02.731] [thread-id: 132626050211008] [trace] zexCounterBasedEventCreate2(hContext, hDevice, desc, phEvent)
[2026-10-08 06:41:02.731] [thread-id: 132626050211008] [trace] SUCCESS (ZE_RESULT_SUCCESS) in zexCounterBasedEventCreate2(hContext=0x120d6738, hDevice=0x120bff28, desc=0x7ffd8f00a950, phEvent=0x1211d8d8)
<LEVEL_ZERO>[DEBUG]: ze_event_pool_desc_t flags set to: 1
[2026-10-08 06:41:02.731] [thread-id: 132626050211008] [trace] zexCounterBasedEventCreate2(hContext, hDevice, desc, phEvent)
[2026-10-08 06:41:02.731] [thread-id: 132626050211008] [trace] SUCCESS (ZE_RESULT_SUCCESS) in zexCounterBasedEventCreate2(hContext=0x120d6738, hDevice=0x120bff28, desc=0x7ffd8f00a950, phEvent=0x1211dfd8)
<LEVEL_ZERO>[DEBUG]: ze_event_pool_desc_t flags set to: 1
[2026-10-08 06:41:02.731] [thread-id: 132626050211008] [trace] zexCounterBasedEventCreate2(hContext, hDevice, desc, phEvent)
[2026-10-08 06:41:02.731] [thread-id: 132626050211008] [trace] SUCCESS (ZE_RESULT_SUCCESS) in zexCounterBasedEventCreate2(hContext=0x120d6738, hDevice=0x120bff28, desc=0x7ffd8f00a950, phEvent=0x1211e4e8)
<LEVEL_ZERO>[DEBUG]: ze_event_pool_desc_t flags set to: 1
[2026-10-08 06:41:02.731] [thread-id: 132626050211008] [trace] zexCounterBasedEventCreate2(hContext, hDevice, desc, phEvent)
[2026-10-08 06:41:02.731] [thread-id: 132626050211008] [trace] SUCCESS (ZE_RESULT_SUCCESS) in zexCounterBasedEventCreate2(hContext=0x120d6738, hDevice=0x120bff28, desc=0x7ffd8f00a950, phEvent=0x1211ebe8)
<LEVEL_ZERO>[DEBUG]: ze_event_pool_desc_t flags set to: 1
[2026-10-08 06:41:02.731] [thread-id: 132626050211008] [trace] zexCounterBasedEventCreate2(hContext, hDevice, desc, phEvent)
[2026-10-08 06:41:02.731] [thread-id: 132626050211008] [trace] SUCCESS (ZE_RESULT_SUCCESS) in zexCounterBasedEventCreate2(hContext=0x120d6738, hDevice=0x120bff28, desc=0x7ffd8f00a950, phEvent=0x1211f0f8)
<LEVEL_ZERO>[DEBUG]: ze_event_pool_desc_t flags set to: 1
[2026-10-08 06:41:02.731] [thread-id: 132626050211008] [trace] zexCounterBasedEventCreate2(hContext, hDevice, desc, phEvent)
[2026-10-08 06:41:02.731] [thread-id: 132626050211008] [trace] SUCCESS (ZE_RESULT_SUCCESS) in zexCounterBasedEventCreate2(hContext=0x120d6738, hDevice=0x120bff28, desc=0x7ffd8f00a950, phEvent=0x1211f7f8)
<LEVEL_ZERO>[DEBUG]: ze_event_pool_desc_t flags set to: 1
[2026-10-08 06:41:02.731] [thread-id: 132626050211008] [trace] zexCounterBasedEventCreate2(hContext, hDevice, desc, phEvent)
[2026-10-08 06:41:02.731] [thread-id: 132626050211008] [trace] SUCCESS (ZE_RESULT_SUCCESS) in zexCounterBasedEventCreate2(hContext=0x120d6738, hDevice=0x120bff28, desc=0x7ffd8f00a950, phEvent=0x1211fd08)
<LEVEL_ZERO>[DEBUG]: ze_event_pool_desc_t flags set to: 1
[2026-10-08 06:41:02.731] [thread-id: 132626050211008] [trace] zexCounterBasedEventCreate2(hContext, hDevice, desc, phEvent)
[2026-10-08 06:41:02.731] [thread-id: 132626050211008] [trace] SUCCESS (ZE_RESULT_SUCCESS) in zexCounterBasedEventCreate2(hContext=0x120d6738, hDevice=0x120bff28, desc=0x7ffd8f00a950, phEvent=0x12120408)
<LEVEL_ZERO>[DEBUG]: ze_event_pool_desc_t flags set to: 1
[2026-10-08 06:41:02.731] [thread-id: 132626050211008] [trace] zexCounterBasedEventCreate2(hContext, hDevice, desc, phEvent)
[2026-10-08 06:41:02.731] [thread-id: 132626050211008] [trace] SUCCESS (ZE_RESULT_SUCCESS) in zexCounterBasedEventCreate2(hContext=0x120d6738, hDevice=0x120bff28, desc=0x7ffd8f00a950, phEvent=0x12120918)
<LEVEL_ZERO>[DEBUG]: ze_event_pool_desc_t flags set to: 1
[2026-10-08 06:41:02.731] [thread-id: 132626050211008] [trace] zexCounterBasedEventCreate2(hContext, hDevice, desc, phEvent)
[2026-10-08 06:41:02.731] [thread-id: 132626050211008] [trace] SUCCESS (ZE_RESULT_SUCCESS) in zexCounterBasedEventCreate2(hContext=0x120d6738, hDevice=0x120bff28, desc=0x7ffd8f00a950, phEvent=0x12121018)
<LEVEL_ZERO>[DEBUG]: ze_event_pool_desc_t flags set to: 1
[2026-10-08 06:41:02.731] [thread-id: 132626050211008] [trace] zexCounterBasedEventCreate2(hContext, hDevice, desc, phEvent)
[2026-10-08 06:41:02.731] [thread-id: 132626050211008] [trace] SUCCESS (ZE_RESULT_SUCCESS) in zexCounterBasedEventCreate2(hContext=0x120d6738, hDevice=0x120bff28, desc=0x7ffd8f00a950, phEvent=0x12121528)
<LEVEL_ZERO>[DEBUG]: ze_event_pool_desc_t flags set to: 1
[2026-10-08 06:41:02.731] [thread-id: 132626050211008] [trace] zexCounterBasedEventCreate2(hContext, hDevice, desc, phEvent)
[2026-10-08 06:41:02.731] [thread-id: 132626050211008] [trace] SUCCESS (ZE_RESULT_SUCCESS) in zexCounterBasedEventCreate2(hContext=0x120d6738, hDevice=0x120bff28, desc=0x7ffd8f00a950, phEvent=0x12121c28)
<LEVEL_ZERO>[DEBUG]: ze_event_pool_desc_t flags set to: 1
[2026-10-08 06:41:02.731] [thread-id: 132626050211008] [trace] zexCounterBasedEventCreate2(hContext, hDevice, desc, phEvent)
[2026-10-08 06:41:02.731] [thread-id: 132626050211008] [trace] SUCCESS (ZE_RESULT_SUCCESS) in zexCounterBasedEventCreate2(hContext=0x120d6738, hDevice=0x120bff28, desc=0x7ffd8f00a950, phEvent=0x12122138)
<LEVEL_ZERO>[DEBUG]: ze_event_pool_desc_t flags set to: 1
[2026-10-08 06:41:02.731] [thread-id: 132626050211008] [trace] zexCounterBasedEventCreate2(hContext, hDevice, desc, phEvent)
[2026-10-08 06:41:02.731] [thread-id: 132626050211008] [trace] SUCCESS (ZE_RESULT_SUCCESS) in zexCounterBasedEventCreate2(hContext=0x120d6738, hDevice=0x120bff28, desc=0x7ffd8f00a950, phEvent=0x12122ab8)
<LEVEL_ZERO>[DEBUG]: ze_event_pool_desc_t flags set to: 1
[2026-10-08 06:41:02.731] [thread-id: 132626050211008] [trace] zexCounterBasedEventCreate2(hContext, hDevice, desc, phEvent)
[2026-10-08 06:41:02.731] [thread-id: 132626050211008] [trace] SUCCESS (ZE_RESULT_SUCCESS) in zexCounterBasedEventCreate2(hContext=0x120d6738, hDevice=0x120bff28, desc=0x7ffd8f00a950, phEvent=0x12122fc8)
<LEVEL_ZERO>[DEBUG]: ze_event_pool_desc_t flags set to: 1
[2026-10-08 06:41:02.731] [thread-id: 132626050211008] [trace] zexCounterBasedEventCreate2(hContext, hDevice, desc, phEvent)
[2026-10-08 06:41:02.731] [thread-id: 132626050211008] [trace] SUCCESS (ZE_RESULT_SUCCESS) in zexCounterBasedEventCreate2(hContext=0x120d6738, hDevice=0x120bff28, desc=0x7ffd8f00a950, phEvent=0x121236c8)
<LEVEL_ZERO>[DEBUG]: ze_event_pool_desc_t flags set to: 1
[2026-10-08 06:41:02.732] [thread-id: 132626050211008] [trace] zexCounterBasedEventCreate2(hContext, hDevice, desc, phEvent)
[2026-10-08 06:41:02.732] [thread-id: 132626050211008] [trace] SUCCESS (ZE_RESULT_SUCCESS) in zexCounterBasedEventCreate2(hContext=0x120d6738, hDevice=0x120bff28, desc=0x7ffd8f00a950, phEvent=0x12123bd8)
<LEVEL_ZERO>[DEBUG]: ze_event_pool_desc_t flags set to: 1
[2026-10-08 06:41:02.732] [thread-id: 132626050211008] [trace] zexCounterBasedEventCreate2(hContext, hDevice, desc, phEvent)
[2026-10-08 06:41:02.732] [thread-id: 132626050211008] [trace] SUCCESS (ZE_RESULT_SUCCESS) in zexCounterBasedEventCreate2(hContext=0x120d6738, hDevice=0x120bff28, desc=0x7ffd8f00a950, phEvent=0x121242d8)
<LEVEL_ZERO>[DEBUG]: ze_event_pool_desc_t flags set to: 1
[2026-10-08 06:41:02.732] [thread-id: 132626050211008] [trace] zexCounterBasedEventCreate2(hContext, hDevice, desc, phEvent)
[2026-10-08 06:41:02.732] [thread-id: 132626050211008] [trace] SUCCESS (ZE_RESULT_SUCCESS) in zexCounterBasedEventCreate2(hContext=0x120d6738, hDevice=0x120bff28, desc=0x7ffd8f00a950, phEvent=0x121247e8)
<LEVEL_ZERO>[DEBUG]: ze_event_pool_desc_t flags set to: 1
[2026-10-08 06:41:02.732] [thread-id: 132626050211008] [trace] zexCounterBasedEventCreate2(hContext, hDevice, desc, phEvent)
[2026-10-08 06:41:02.732] [thread-id: 132626050211008] [trace] SUCCESS (ZE_RESULT_SUCCESS) in zexCounterBasedEventCreate2(hContext=0x120d6738, hDevice=0x120bff28, desc=0x7ffd8f00a950, phEvent=0x12124ee8)
<LEVEL_ZERO>[DEBUG]: ze_event_pool_desc_t flags set to: 1
[2026-10-08 06:41:02.732] [thread-id: 132626050211008] [trace] zexCounterBasedEventCreate2(hContext, hDevice, desc, phEvent)
[2026-10-08 06:41:02.732] [thread-id: 132626050211008] [trace] SUCCESS (ZE_RESULT_SUCCESS) in zexCounterBasedEventCreate2(hContext=0x120d6738, hDevice=0x120bff28, desc=0x7ffd8f00a950, phEvent=0x121253f8)
<LEVEL_ZERO>[DEBUG]: ze_event_pool_desc_t flags set to: 1
[2026-10-08 06:41:02.732] [thread-id: 132626050211008] [trace] zexCounterBasedEventCreate2(hContext, hDevice, desc, phEvent)
[2026-10-08 06:41:02.732] [thread-id: 132626050211008] [trace] SUCCESS (ZE_RESULT_SUCCESS) in zexCounterBasedEventCreate2(hContext=0x120d6738, hDevice=0x120bff28, desc=0x7ffd8f00a950, phEvent=0x12125af8)
<LEVEL_ZERO>[DEBUG]: ze_event_pool_desc_t flags set to: 1
[2026-10-08 06:41:02.732] [thread-id: 132626050211008] [trace] zexCounterBasedEventCreate2(hContext, hDevice, desc, phEvent)
[2026-10-08 06:41:02.732] [thread-id: 132626050211008] [trace] SUCCESS (ZE_RESULT_SUCCESS) in zexCounterBasedEventCreate2(hContext=0x120d6738, hDevice=0x120bff28, desc=0x7ffd8f00a950, phEvent=0x12126008)
<LEVEL_ZERO>[DEBUG]: ze_event_pool_desc_t flags set to: 1
[2026-10-08 06:41:02.732] [thread-id: 132626050211008] [trace] zexCounterBasedEventCreate2(hContext, hDevice, desc, phEvent)
[2026-10-08 06:41:02.732] [thread-id: 132626050211008] [trace] SUCCESS (ZE_RESULT_SUCCESS) in zexCounterBasedEventCreate2(hContext=0x120d6738, hDevice=0x120bff28, desc=0x7ffd8f00a950, phEvent=0x12126708)
<LEVEL_ZERO>[DEBUG]: ze_event_pool_desc_t flags set to: 1
[2026-10-08 06:41:02.732] [thread-id: 132626050211008] [trace] zexCounterBasedEventCreate2(hContext, hDevice, desc, phEvent)
[2026-10-08 06:41:02.732] [thread-id: 132626050211008] [trace] SUCCESS (ZE_RESULT_SUCCESS) in zexCounterBasedEventCreate2(hContext=0x120d6738, hDevice=0x120bff28, desc=0x7ffd8f00a950, phEvent=0x12126c18)
[2026-10-08 06:41:02.732] [thread-id: 132626050211008] [trace] zeCommandListAppendMemoryCopy(hCommandList, dstptr, srcptr, size, hSignalEvent, numWaitEvents, phWaitEventsLocal)
[2026-10-08 06:41:02.735] [thread-id: 132626050211008] [trace] SUCCESS (ZE_RESULT_SUCCESS) in zeCommandListAppendMemoryCopy(hCommandList=0x120ddd88, dstptr=0xffffffffff600000, srcptr=0x120ee8a0, size=65536, hSignalEvent=0x12126c18, numWaitEvents=0, phWaitEvents=nullptr)
   <--- urEnqueueUSMMemcpy(.hQueue = 0x120dd0a0, .blocking = 0, .pDst = 0xffffffffff600000, .pSrc = 0x120ee8a0, .size = 65536, .numEventsInWaitList = 0, .phEventWaitList = nullptr, .phEvent = 0x7ffd8f00af50 (0x12126600)) -> UR_RESULT_SUCCESS;
   ---> urEventWait
[2026-10-08 06:41:02.735] [thread-id: 132626050211008] [trace] zeEventHostSynchronize(hEvent, timeout)
[2026-10-08 06:41:02.735] [thread-id: 132626050211008] [trace] SUCCESS (ZE_RESULT_SUCCESS) in zeEventHostSynchronize(hEvent=0x12126c18, timeout=18446744073709551615)
   <--- urEventWait(.numEvents = 1, .phEventWaitList = 0x7ffd8f00afa0 {0x12126600}) -> UR_RESULT_SUCCESS;
   ---> urEventRelease
   <--- urEventRelease(.hEvent = 0x12126600) -> UR_RESULT_SUCCESS;
   ---> urDeviceGetInfo
[2026-10-08 06:41:02.735] [thread-id: 132626050211008] [trace] zeDeviceGetComputeProperties(hDevice, pComputeProperties)
[2026-10-08 06:41:02.735] [thread-id: 132626050211008] [trace] SUCCESS (ZE_RESULT_SUCCESS) in zeDeviceGetComputeProperties(hDevice=0x120bff28, pComputeProperties={stype=0x120d5280, maxTotalGroupSize=1024, maxGroupSizeX=1024, maxGroupSizeY=1024, maxGroupSizeZ=1024, maxGroupCountX=4294967295, maxGroupCountY=4294967295, maxGroupCountZ=4294967295, maxSharedLocalMemory=131072, numSubGroupSizes=2, subGroupSizes=16})
   <--- urDeviceGetInfo(.hDevice = 0x120d5040, .propName = UR_DEVICE_INFO_MAX_WORK_GROUPS_3D, .propSize = 24, .pPropValue = {4294967295, 4294967295, 4294967295}, .pPropSizeRet = nullptr) -> UR_RESULT_SUCCESS;
   ---> urDeviceSelectBinary
   <--- urDeviceSelectBinary(.hDevice = 0x120d5040, .pBinaries = 0x1214fa50 ((struct ur_device_binary_t){.stype = UR_STRUCTURE_TYPE_CONTEXT_PROPERTIES, .pNext = nullptr, .pDeviceTargetSpec = 0x789f6b7c23c0 (spir64)}), .NumBinaries = 1, .pSelectedBinary = 0x7ffd8f00a4ac (0)) -> UR_RESULT_SUCCESS;
   ---> urPlatformGetBackendOption
   <--- urPlatformGetBackendOption(.hPlatform = 0x120d3810, .pFrontendOption = 0x7ffd8f009fb8 (-O2), .ppPlatformOption = 0x7ffd8f009f88 (0x789f68830975 (-ze-opt-level=2))) -> UR_RESULT_SUCCESS;
   ---> urDeviceGetInfo
   <--- urDeviceGetInfo(.hDevice = 0x120d5040, .propName = UR_DEVICE_INFO_VENDOR_ID, .propSize = 4, .pPropValue = 0x7ffd8f009f08 (32902), .pPropSizeRet = nullptr) -> UR_RESULT_SUCCESS;
   ---> urDeviceGetInfo
   <--- urDeviceGetInfo(.hDevice = 0x120d5040, .propName = UR_DEVICE_INFO_DEVICE_ID, .propSize = 0, .pPropValue = nullptr, .pPropSizeRet = 0x7ffd8f009d90 (4)) -> UR_RESULT_SUCCESS;
   ---> urDeviceGetInfo
   <--- urDeviceGetInfo(.hDevice = 0x120d5040, .propName = UR_DEVICE_INFO_DEVICE_ID, .propSize = 4, .pPropValue = 0x7ffd8f009ed8 (57868), .pPropSizeRet = nullptr) -> UR_RESULT_SUCCESS;
   ---> urDeviceGetInfo
   <--- urDeviceGetInfo(.hDevice = 0x120d5040, .propName = UR_DEVICE_INFO_COMPILER_AVAILABLE, .propSize = 1, .pPropValue = 0x7ffd8f009f70 (true), .pPropSizeRet = nullptr) -> UR_RESULT_SUCCESS;
   ---> urProgramCreateWithIL
   <--- urProgramCreateWithIL(.hContext = 0x120d9b90, .pIL = 0x415b20, .length = 2080, .pProperties = nullptr, .phProgram = 0x7ffd8f00a090 (0x12117a10)) -> UR_RESULT_SUCCESS;
   ---> urProgramBuildExp
[2026-10-08 06:41:02.736] [thread-id: 132626050211008] [trace] zeModuleCreate(hContext, hDevice, desc, phModule, phBuildLog)
[2026-10-08 06:41:02.737] [thread-id: 132626050211008] [trace] SUCCESS (ZE_RESULT_SUCCESS) in zeModuleCreate(hContext=0x120d6738, hDevice=0x120bff28, desc={stype=0x7ffd8f009d10, format=0x7ffd8f009d20, inputSize=2080, pInputModule=3, pBuildFlags=" -ze-opt-level=2", pConstants={numConstants=0, pConstantIds=nullptr, pConstantValues=nullptr}}, phModule=0x1212ad18, phBuildLog=0x12150818)
[2026-10-08 06:41:02.737] [thread-id: 132626050211008] [trace] zeModuleGetProperties(hModule, pModuleProperties)
[2026-10-08 06:41:02.737] [thread-id: 132626050211008] [trace] SUCCESS (ZE_RESULT_SUCCESS) in zeModuleGetProperties(hModule=0x1212ad18, pModuleProperties={stype=0x7ffd8f009c80, flags=0})
   <--- urProgramBuildExp(.hProgram = 0x12117a10, .numDevices = 1, .phDevices = 0x1214fa50 {0x120d5040}, .flags = 0, .pOptions = 0x1214fa70 ( -ze-opt-level=2)) -> UR_RESULT_SUCCESS;
   ---> urProgramRetain
   <--- urProgramRetain(.hProgram = 0x12117a10) -> UR_RESULT_SUCCESS;
   ---> urKernelCreate
[2026-10-08 06:41:02.737] [thread-id: 132626050211008] [trace] zeKernelCreate(hModule, desc, phKernel)
[2026-10-08 06:41:02.737] [thread-id: 132626050211008] [trace] SUCCESS (ZE_RESULT_SUCCESS) in zeKernelCreate(hModule=0x1212ad18, desc={stype=0x7ffd8f00a3a0, flags=0, pKernelName="_ZTSZ4mainEUlN4sycl3_V12idILi1EEEE_"}, phKernel=0x12167748)
[2026-10-08 06:41:02.737] [thread-id: 132626050211008] [trace] zeKernelGetName(hKernel, pSize, pName)
[2026-10-08 06:41:02.737] [thread-id: 132626050211008] [trace] SUCCESS (ZE_RESULT_SUCCESS) in zeKernelGetName(hKernel=0x12167748, pSize=36, pName=nullptr)
[2026-10-08 06:41:02.737] [thread-id: 132626050211008] [trace] zeKernelGetName(hKernel, pSize, pName)
[2026-10-08 06:41:02.737] [thread-id: 132626050211008] [trace] SUCCESS (ZE_RESULT_SUCCESS) in zeKernelGetName(hKernel=0x12167748, pSize=36, pName="_ZTSZ4mainEUlN4sycl3_V12idILi1EEEE_")
[2026-10-08 06:41:02.737] [thread-id: 132626050211008] [trace] zeKernelGetProperties(hKernel, pKernelProperties)
[2026-10-08 06:41:02.737] [thread-id: 132626050211008] [trace] SUCCESS (ZE_RESULT_SUCCESS) in zeKernelGetProperties(hKernel=0x12167748, pKernelProperties={stype=0x12148b48, numKernelArgs=1, requiredGroupSizeX=0, requiredGroupSizeY=0, requiredGroupSizeZ=0, requiredNumSubGroups=0, requiredSubgroupSize=0, maxSubgroupSize=32, maxNumSubgroups=32, localMemSize=0, privateMemSize=0, spillMemSize=0, uuid={kid=0, mid=0}})
   <--- urKernelCreate(.hProgram = 0x12117a10, .pKernelName = 0x4131d2 (_ZTSZ4mainEUlN4sycl3_V12idILi1EEEE_), .phKernel = 0x7ffd8f00a6c0 (0x12162d40)) -> UR_RESULT_SUCCESS;
   ---> urKernelSetExecInfo
[2026-10-08 06:41:02.737] [thread-id: 132626050211008] [trace] zeKernelSetIndirectAccess(hKernel, flags)
[2026-10-08 06:41:02.737] [thread-id: 132626050211008] [trace] SUCCESS (ZE_RESULT_SUCCESS) in zeKernelSetIndirectAccess(hKernel=0x12167748, flags=7)
   <--- urKernelSetExecInfo(.hKernel = 0x12162d40, .propName = UR_KERNEL_EXEC_INFO_USM_INDIRECT_ACCESS, .propSize = 1, .pProperties = nullptr, .pPropValue = 0x7ffd8f00a6bf (true)) -> UR_RESULT_SUCCESS;
   ---> urKernelRetain
   <--- urKernelRetain(.hKernel = 0x12162d40) -> UR_RESULT_SUCCESS;
   ---> urKernelGetGroupInfo
   <--- urKernelGetGroupInfo(.hKernel = 0x12162d40, .hDevice = 0x120d5040, .propName = UR_KERNEL_GROUP_INFO_COMPILE_WORK_GROUP_SIZE, .propSize = 24, .pPropValue = {0, 0, 0}, .pPropSizeRet = nullptr) -> UR_RESULT_SUCCESS;
   ---> urEnqueueKernelLaunchWithArgsExp
[2026-10-08 06:41:02.737] [thread-id: 132626050211008] [trace] zeKernelSuggestGroupSize(hKernel, globalSizeX, globalSizeY, globalSizeZ, groupSizeX, groupSizeY, groupSizeZ)
[2026-10-08 06:41:02.737] [thread-id: 132626050211008] [trace] SUCCESS (ZE_RESULT_SUCCESS) in zeKernelSuggestGroupSize(hKernel=0x12167748, globalSizeX=16384, globalSizeY=1, globalSizeZ=1, groupSizeX=1024, groupSizeY=1, groupSizeZ=1)
[2026-10-08 06:41:02.737] [thread-id: 132626050211008] [trace] zeKernelSetGroupSize(hKernel, groupSizeX, groupSizeY, groupSizeZ)
[2026-10-08 06:41:02.737] [thread-id: 132626050211008] [trace] SUCCESS (ZE_RESULT_SUCCESS) in zeKernelSetGroupSize(hKernel=0x12167748, groupSizeX=1024, groupSizeY=1, groupSizeZ=1)
[2026-10-08 06:41:02.737] [thread-id: 132626050211008] [trace] zeCommandListAppendLaunchKernelWithArguments(hCommandList, hKernel, groupCounts, groupSizes, pArguments, pNext, hSignalEvent, numWaitEvents, phWaitEventsLocal)
[2026-10-08 06:41:02.738] [thread-id: 132626050211008] [trace] SUCCESS (ZE_RESULT_SUCCESS) in zeCommandListAppendLaunchKernelWithArguments(hCommandList=0x120ddd88, hKernel=0x12167748, groupCounts={groupCountX=16, groupCountY=1, groupCountZ=1}, groupSizes={groupSizeX=1024, groupSizeY=1, groupSizeZ=1}, pArguments=0x12167e90, pNext=nullptr, hSignalEvent=0x12126c18, numWaitEvents=0, phWaitEvents=nullptr)
   <--- urEnqueueKernelLaunchWithArgsExp(.hQueue = 0x120dd0a0, .hKernel = 0x12162d40, .workDim = 1, .pGlobalWorkOffset = nullptr, .pGlobalWorkSize = 0x7ffd8f00ae80 (16384), .pLocalWorkSize = nullptr, .numArgs = 1, .pArgs = 0x121638d0 {(struct ur_exp_kernel_arg_properties_t){.stype = UR_STRUCTURE_TYPE_EXP_KERNEL_ARG_PROPERTIES, .pNext = nullptr, .type = UR_EXP_KERNEL_ARG_TYPE_POINTER, .index = 0, .size = 8, .value = (union ur_exp_kernel_arg_value_t){.pointer = 0xffffffffff600000}}}, .launchPropList = nullptr, .numEventsInWaitList = 0, .phEventWaitList = nullptr, .phEvent = 0x7ffd8f00a8a0 (0x12126600)) -> UR_RESULT_SUCCESS;
   ---> urEventWait
[2026-10-08 06:41:02.738] [thread-id: 132626050211008] [trace] zeEventHostSynchronize(hEvent, timeout)
[2026-10-08 06:41:02.738] [thread-id: 132626050211008] [trace] SUCCESS (ZE_RESULT_SUCCESS) in zeEventHostSynchronize(hEvent=0x12126c18, timeout=18446744073709551615)
   <--- urEventWait(.numEvents = 1, .phEventWaitList = 0x7ffd8f00afa0 {0x12126600}) -> UR_RESULT_SUCCESS;
   ---> urEventRelease
   <--- urEventRelease(.hEvent = 0x12126600) -> UR_RESULT_SUCCESS;
   ---> urEnqueueUSMMemcpy
[2026-10-08 06:41:02.738] [thread-id: 132626050211008] [trace] zeCommandListAppendMemoryCopy(hCommandList, dstptr, srcptr, size, hSignalEvent, numWaitEvents, phWaitEventsLocal)
[2026-10-08 06:41:02.738] [thread-id: 132626050211008] [trace] SUCCESS (ZE_RESULT_SUCCESS) in zeCommandListAppendMemoryCopy(hCommandList=0x120ddd88, dstptr=0x120fe8b0, srcptr=0xffffffffff600000, size=65536, hSignalEvent=0x12126c18, numWaitEvents=0, phWaitEvents=nullptr)
   <--- urEnqueueUSMMemcpy(.hQueue = 0x120dd0a0, .blocking = 0, .pDst = 0x120fe8b0, .pSrc = 0xffffffffff600000, .size = 65536, .numEventsInWaitList = 0, .phEventWaitList = nullptr, .phEvent = 0x7ffd8f00af50 (0x12126600)) -> UR_RESULT_SUCCESS;
   ---> urEventWait
[2026-10-08 06:41:02.738] [thread-id: 132626050211008] [trace] zeEventHostSynchronize(hEvent, timeout)
[2026-10-08 06:41:02.738] [thread-id: 132626050211008] [trace] SUCCESS (ZE_RESULT_SUCCESS) in zeEventHostSynchronize(hEvent=0x12126c18, timeout=18446744073709551615)
   <--- urEventWait(.numEvents = 1, .phEventWaitList = 0x7ffd8f00afa0 {0x12126600}) -> UR_RESULT_SUCCESS;
   ---> urEventRelease
   <--- urEventRelease(.hEvent = 0x12126600) -> UR_RESULT_SUCCESS;
   ---> urEnqueueUSMMemcpy
[2026-10-08 06:41:02.738] [thread-id: 132626050211008] [trace] zeCommandListAppendMemoryCopy(hCommandList, dstptr, srcptr, size, hSignalEvent, numWaitEvents, phWaitEventsLocal)
[2026-10-08 06:41:02.738] [thread-id: 132626050211008] [trace] SUCCESS (ZE_RESULT_SUCCESS) in zeCommandListAppendMemoryCopy(hCommandList=0x120ddd88, dstptr=0xffffffffff600000, srcptr=0x120ee8a0, size=65536, hSignalEvent=0x12126c18, numWaitEvents=0, phWaitEvents=nullptr)
   <--- urEnqueueUSMMemcpy(.hQueue = 0x120dd0a0, .blocking = 0, .pDst = 0xffffffffff600000, .pSrc = 0x120ee8a0, .size = 65536, .numEventsInWaitList = 0, .phEventWaitList = nullptr, .phEvent = 0x7ffd8f00af50 (0x12126600)) -> UR_RESULT_SUCCESS;
   ---> urEventWait
[2026-10-08 06:41:02.738] [thread-id: 132626050211008] [trace] zeEventHostSynchronize(hEvent, timeout)
[2026-10-08 06:41:02.738] [thread-id: 132626050211008] [trace] SUCCESS (ZE_RESULT_SUCCESS) in zeEventHostSynchronize(hEvent=0x12126c18, timeout=18446744073709551615)
   <--- urEventWait(.numEvents = 1, .phEventWaitList = 0x7ffd8f00afa0 {0x12126600}) -> UR_RESULT_SUCCESS;
   ---> urEventRelease
   <--- urEventRelease(.hEvent = 0x12126600) -> UR_RESULT_SUCCESS;
   ---> urDeviceGetInfo
   <--- urDeviceGetInfo(.hDevice = 0x120d5040, .propName = UR_DEVICE_INFO_MAX_WORK_GROUPS_3D, .propSize = 24, .pPropValue = {4294967295, 4294967295, 4294967295}, .pPropSizeRet = nullptr) -> UR_RESULT_SUCCESS;
   ---> urKernelGetGroupInfo
   <--- urKernelGetGroupInfo(.hKernel = 0x12162d40, .hDevice = 0x120d5040, .propName = UR_KERNEL_GROUP_INFO_COMPILE_WORK_GROUP_SIZE, .propSize = 24, .pPropValue = {0, 0, 0}, .pPropSizeRet = nullptr) -> UR_RESULT_SUCCESS;
   ---> urEnqueueKernelLaunchWithArgsExp
[2026-10-08 06:41:02.738] [thread-id: 132626050211008] [trace] zeKernelSuggestGroupSize(hKernel, globalSizeX, globalSizeY, globalSizeZ, groupSizeX, groupSizeY, groupSizeZ)
[2026-10-08 06:41:02.739] [thread-id: 132626050211008] [trace] SUCCESS (ZE_RESULT_SUCCESS) in zeKernelSuggestGroupSize(hKernel=0x12167748, globalSizeX=16384, globalSizeY=1, globalSizeZ=1, groupSizeX=1024, groupSizeY=1, groupSizeZ=1)
[2026-10-08 06:41:02.739] [thread-id: 132626050211008] [trace] zeKernelSetGroupSize(hKernel, groupSizeX, groupSizeY, groupSizeZ)
[2026-10-08 06:41:02.739] [thread-id: 132626050211008] [trace] SUCCESS (ZE_RESULT_SUCCESS) in zeKernelSetGroupSize(hKernel=0x12167748, groupSizeX=1024, groupSizeY=1, groupSizeZ=1)
[2026-10-08 06:41:02.739] [thread-id: 132626050211008] [trace] zeCommandListAppendLaunchKernelWithArguments(hCommandList, hKernel, groupCounts, groupSizes, pArguments, pNext, hSignalEvent, numWaitEvents, phWaitEventsLocal)
[2026-10-08 06:41:02.739] [thread-id: 132626050211008] [trace] SUCCESS (ZE_RESULT_SUCCESS) in zeCommandListAppendLaunchKernelWithArguments(hCommandList=0x120ddd88, hKernel=0x12167748, groupCounts={groupCountX=16, groupCountY=1, groupCountZ=1}, groupSizes={groupSizeX=1024, groupSizeY=1, groupSizeZ=1}, pArguments=0x12167e90, pNext=nullptr, hSignalEvent=0x12126c18, numWaitEvents=0, phWaitEvents=nullptr)
   <--- urEnqueueKernelLaunchWithArgsExp(.hQueue = 0x120dd0a0, .hKernel = 0x12162d40, .workDim = 1, .pGlobalWorkOffset = nullptr, .pGlobalWorkSize = 0x7ffd8f00ae80 (16384), .pLocalWorkSize = nullptr, .numArgs = 1, .pArgs = 0x121638d0 {(struct ur_exp_kernel_arg_properties_t){.stype = UR_STRUCTURE_TYPE_EXP_KERNEL_ARG_PROPERTIES, .pNext = nullptr, .type = UR_EXP_KERNEL_ARG_TYPE_POINTER, .index = 0, .size = 8, .value = (union ur_exp_kernel_arg_value_t){.pointer = 0xffffffffff600000}}}, .launchPropList = nullptr, .numEventsInWaitList = 0, .phEventWaitList = nullptr, .phEvent = 0x7ffd8f00a8a0 (0x12126600)) -> UR_RESULT_SUCCESS;
   ---> urEventWait
[2026-10-08 06:41:02.739] [thread-id: 132626050211008] [trace] zeEventHostSynchronize(hEvent, timeout)
[2026-10-08 06:41:02.739] [thread-id: 132626050211008] [trace] SUCCESS (ZE_RESULT_SUCCESS) in zeEventHostSynchronize(hEvent=0x12126c18, timeout=18446744073709551615)
   <--- urEventWait(.numEvents = 1, .phEventWaitList = 0x7ffd8f00afa0 {0x12126600}) -> UR_RESULT_SUCCESS;
   ---> urEventRelease
   <--- urEventRelease(.hEvent = 0x12126600) -> UR_RESULT_SUCCESS;
   ---> urEnqueueUSMMemcpy
[2026-10-08 06:41:02.739] [thread-id: 132626050211008] [trace] zeCommandListAppendMemoryCopy(hCommandList, dstptr, srcptr, size, hSignalEvent, numWaitEvents, phWaitEventsLocal)
[2026-10-08 06:41:02.739] [thread-id: 132626050211008] [trace] SUCCESS (ZE_RESULT_SUCCESS) in zeCommandListAppendMemoryCopy(hCommandList=0x120ddd88, dstptr=0x120fe8b0, srcptr=0xffffffffff600000, size=65536, hSignalEvent=0x12126c18, numWaitEvents=0, phWaitEvents=nullptr)
   <--- urEnqueueUSMMemcpy(.hQueue = 0x120dd0a0, .blocking = 0, .pDst = 0x120fe8b0, .pSrc = 0xffffffffff600000, .size = 65536, .numEventsInWaitList = 0, .phEventWaitList = nullptr, .phEvent = 0x7ffd8f00af50 (0x12126600)) -> UR_RESULT_SUCCESS;
   ---> urEventWait
[2026-10-08 06:41:02.739] [thread-id: 132626050211008] [trace] zeEventHostSynchronize(hEvent, timeout)
[2026-10-08 06:41:02.739] [thread-id: 132626050211008] [trace] SUCCESS (ZE_RESULT_SUCCESS) in zeEventHostSynchronize(hEvent=0x12126c18, timeout=18446744073709551615)
   <--- urEventWait(.numEvents = 1, .phEventWaitList = 0x7ffd8f00afa0 {0x12126600}) -> UR_RESULT_SUCCESS;
   ---> urEventRelease
   <--- urEventRelease(.hEvent = 0x12126600) -> UR_RESULT_SUCCESS;
   ---> urEnqueueUSMMemcpy
[2026-10-08 06:41:02.739] [thread-id: 132626050211008] [trace] zeCommandListAppendMemoryCopy(hCommandList, dstptr, srcptr, size, hSignalEvent, numWaitEvents, phWaitEventsLocal)
[2026-10-08 06:41:02.739] [thread-id: 132626050211008] [trace] SUCCESS (ZE_RESULT_SUCCESS) in zeCommandListAppendMemoryCopy(hCommandList=0x120ddd88, dstptr=0xffffffffff600000, srcptr=0x120ee8a0, size=65536, hSignalEvent=0x12126c18, numWaitEvents=0, phWaitEvents=nullptr)
   <--- urEnqueueUSMMemcpy(.hQueue = 0x120dd0a0, .blocking = 0, .pDst = 0xffffffffff600000, .pSrc = 0x120ee8a0, .size = 65536, .numEventsInWaitList = 0, .phEventWaitList = nullptr, .phEvent = 0x7ffd8f00af50 (0x12126600)) -> UR_RESULT_SUCCESS;
   ---> urEventWait
[2026-10-08 06:41:02.739] [thread-id: 132626050211008] [trace] zeEventHostSynchronize(hEvent, timeout)
[2026-10-08 06:41:02.739] [thread-id: 132626050211008] [trace] SUCCESS (ZE_RESULT_SUCCESS) in zeEventHostSynchronize(hEvent=0x12126c18, timeout=18446744073709551615)
   <--- urEventWait(.numEvents = 1, .phEventWaitList = 0x7ffd8f00afa0 {0x12126600}) -> UR_RESULT_SUCCESS;
   ---> urEventRelease
   <--- urEventRelease(.hEvent = 0x12126600) -> UR_RESULT_SUCCESS;
   ---> urDeviceGetInfo
   <--- urDeviceGetInfo(.hDevice = 0x120d5040, .propName = UR_DEVICE_INFO_MAX_WORK_GROUPS_3D, .propSize = 24, .pPropValue = {4294967295, 4294967295, 4294967295}, .pPropSizeRet = nullptr) -> UR_RESULT_SUCCESS;
   ---> urKernelGetGroupInfo
   <--- urKernelGetGroupInfo(.hKernel = 0x12162d40, .hDevice = 0x120d5040, .propName = UR_KERNEL_GROUP_INFO_COMPILE_WORK_GROUP_SIZE, .propSize = 24, .pPropValue = {0, 0, 0}, .pPropSizeRet = nullptr) -> UR_RESULT_SUCCESS;
   ---> urEnqueueKernelLaunchWithArgsExp
[2026-10-08 06:41:02.739] [thread-id: 132626050211008] [trace] zeKernelSuggestGroupSize(hKernel, globalSizeX, globalSizeY, globalSizeZ, groupSizeX, groupSizeY, groupSizeZ)
[2026-10-08 06:41:02.739] [thread-id: 132626050211008] [trace] SUCCESS (ZE_RESULT_SUCCESS) in zeKernelSuggestGroupSize(hKernel=0x12167748, globalSizeX=16384, globalSizeY=1, globalSizeZ=1, groupSizeX=1024, groupSizeY=1, groupSizeZ=1)
[2026-10-08 06:41:02.739] [thread-id: 132626050211008] [trace] zeKernelSetGroupSize(hKernel, groupSizeX, groupSizeY, groupSizeZ)
[2026-10-08 06:41:02.739] [thread-id: 132626050211008] [trace] SUCCESS (ZE_RESULT_SUCCESS) in zeKernelSetGroupSize(hKernel=0x12167748, groupSizeX=1024, groupSizeY=1, groupSizeZ=1)
[2026-10-08 06:41:02.739] [thread-id: 132626050211008] [trace] zeCommandListAppendLaunchKernelWithArguments(hCommandList, hKernel, groupCounts, groupSizes, pArguments, pNext, hSignalEvent, numWaitEvents, phWaitEventsLocal)
[2026-10-08 06:41:02.739] [thread-id: 132626050211008] [trace] SUCCESS (ZE_RESULT_SUCCESS) in zeCommandListAppendLaunchKernelWithArguments(hCommandList=0x120ddd88, hKernel=0x12167748, groupCounts={groupCountX=16, groupCountY=1, groupCountZ=1}, groupSizes={groupSizeX=1024, groupSizeY=1, groupSizeZ=1}, pArguments=0x12167e90, pNext=nullptr, hSignalEvent=0x12126c18, numWaitEvents=0, phWaitEvents=nullptr)
   <--- urEnqueueKernelLaunchWithArgsExp(.hQueue = 0x120dd0a0, .hKernel = 0x12162d40, .workDim = 1, .pGlobalWorkOffset = nullptr, .pGlobalWorkSize = 0x7ffd8f00ae80 (16384), .pLocalWorkSize = nullptr, .numArgs = 1, .pArgs = 0x121638d0 {(struct ur_exp_kernel_arg_properties_t){.stype = UR_STRUCTURE_TYPE_EXP_KERNEL_ARG_PROPERTIES, .pNext = nullptr, .type = UR_EXP_KERNEL_ARG_TYPE_POINTER, .index = 0, .size = 8, .value = (union ur_exp_kernel_arg_value_t){.pointer = 0xffffffffff600000}}}, .launchPropList = nullptr, .numEventsInWaitList = 0, .phEventWaitList = nullptr, .phEvent = 0x7ffd8f00a8a0 (0x12126600)) -> UR_RESULT_SUCCESS;
   ---> urEventWait
[2026-10-08 06:41:02.739] [thread-id: 132626050211008] [trace] zeEventHostSynchronize(hEvent, timeout)
[2026-10-08 06:41:02.739] [thread-id: 132626050211008] [trace] SUCCESS (ZE_RESULT_SUCCESS) in zeEventHostSynchronize(hEvent=0x12126c18, timeout=18446744073709551615)
   <--- urEventWait(.numEvents = 1, .phEventWaitList = 0x7ffd8f00afa0 {0x12126600}) -> UR_RESULT_SUCCESS;
   ---> urEventRelease
   <--- urEventRelease(.hEvent = 0x12126600) -> UR_RESULT_SUCCESS;
   ---> urEnqueueUSMMemcpy
[2026-10-08 06:41:02.739] [thread-id: 132626050211008] [trace] zeCommandListAppendMemoryCopy(hCommandList, dstptr, srcptr, size, hSignalEvent, numWaitEvents, phWaitEventsLocal)
[2026-10-08 06:41:02.740] [thread-id: 132626050211008] [trace] SUCCESS (ZE_RESULT_SUCCESS) in zeCommandListAppendMemoryCopy(hCommandList=0x120ddd88, dstptr=0x120fe8b0, srcptr=0xffffffffff600000, size=65536, hSignalEvent=0x12126c18, numWaitEvents=0, phWaitEvents=nullptr)
   <--- urEnqueueUSMMemcpy(.hQueue = 0x120dd0a0, .blocking = 0, .pDst = 0x120fe8b0, .pSrc = 0xffffffffff600000, .size = 65536, .numEventsInWaitList = 0, .phEventWaitList = nullptr, .phEvent = 0x7ffd8f00af50 (0x12126600)) -> UR_RESULT_SUCCESS;
   ---> urEventWait
[2026-10-08 06:41:02.740] [thread-id: 132626050211008] [trace] zeEventHostSynchronize(hEvent, timeout)
[2026-10-08 06:41:02.740] [thread-id: 132626050211008] [trace] SUCCESS (ZE_RESULT_SUCCESS) in zeEventHostSynchronize(hEvent=0x12126c18, timeout=18446744073709551615)
   <--- urEventWait(.numEvents = 1, .phEventWaitList = 0x7ffd8f00afa0 {0x12126600}) -> UR_RESULT_SUCCESS;
   ---> urEventRelease
   <--- urEventRelease(.hEvent = 0x12126600) -> UR_RESULT_SUCCESS;
   ---> urQueueFinish
[2026-10-08 06:41:02.740] [thread-id: 132626050211008] [trace] zeCommandListHostSynchronize(hCommandList, timeout)
[2026-10-08 06:41:02.740] [thread-id: 132626050211008] [trace] SUCCESS (ZE_RESULT_SUCCESS) in zeCommandListHostSynchronize(hCommandList=0x120ddd88, timeout=18446744073709551615)
   <--- urQueueFinish(.hQueue = 0x120dd0a0) -> UR_RESULT_SUCCESS;
   ---> urUSMFree
   <--- urUSMFree(.hContext = 0x120d9b90, .pMem = 0xffffffffff600000) -> UR_RESULT_SUCCESS;
   ---> urQueueRelease
[2026-10-08 06:41:02.740] [thread-id: 132626050211008] [trace] zeCommandListHostSynchronize(hCommandList, timeout)
[2026-10-08 06:41:02.740] [thread-id: 132626050211008] [trace] SUCCESS (ZE_RESULT_SUCCESS) in zeCommandListHostSynchronize(hCommandList=0x120ddd88, timeout=18446744073709551615)
   <--- urQueueRelease(.hQueue = 0x120dd0a0) -> UR_RESULT_SUCCESS;
   ---> urProgramRelease
   <--- urProgramRelease(.hProgram = 0x12117a10) -> UR_RESULT_SUCCESS;
   ---> urKernelRelease
   <--- urKernelRelease(.hKernel = 0x12162d40) -> UR_RESULT_SUCCESS;
   ---> urProgramRelease
   <--- urProgramRelease(.hProgram = 0x12117a10) -> UR_RESULT_SUCCESS;
   ---> urKernelRelease
[2026-10-08 06:41:02.740] [thread-id: 132626050211008] [trace] zeKernelDestroy(hKernel)
[2026-10-08 06:41:02.740] [thread-id: 132626050211008] [trace] SUCCESS (ZE_RESULT_SUCCESS) in zeKernelDestroy(hKernel=0x12167748)
[2026-10-08 06:41:02.740] [thread-id: 132626050211008] [trace] zeModuleBuildLogDestroy(hModuleBuildLog)
[2026-10-08 06:41:02.740] [thread-id: 132626050211008] [trace] SUCCESS (ZE_RESULT_SUCCESS) in zeModuleBuildLogDestroy(hModuleBuildLog=0x12150818)
[2026-10-08 06:41:02.740] [thread-id: 132626050211008] [trace] zeModuleDestroy(hModule)
[2026-10-08 06:41:02.740] [thread-id: 132626050211008] [trace] SUCCESS (ZE_RESULT_SUCCESS) in zeModuleDestroy(hModule=0x1212ad18)
   <--- urKernelRelease(.hKernel = 0x12162d40) -> UR_RESULT_SUCCESS;
   ---> urContextRelease
[2026-10-08 06:41:02.740] [thread-id: 132626050211008] [trace] zeMemFreeExt(hContext, pMemFreeDesc, ptr)
[2026-10-08 06:41:02.740] [thread-id: 132626050211008] [trace] SUCCESS (ZE_RESULT_SUCCESS) in zeMemFreeExt(hContext=0x120d6738, pMemFreeDesc={stype=0x7ffd8f00ace0, freePolicy=1}, ptr=0xffffffffff600000)
[2026-10-08 06:41:02.740] [thread-id: 132626050211008] [trace] zeEventDestroy(hEvent)
[2026-10-08 06:41:02.740] [thread-id: 132626050211008] [trace] SUCCESS (ZE_RESULT_SUCCESS) in zeEventDestroy(hEvent=0x1210f528)
[2026-10-08 06:41:02.740] [thread-id: 132626050211008] [trace] zeEventDestroy(hEvent)
[2026-10-08 06:41:02.740] [thread-id: 132626050211008] [trace] SUCCESS (ZE_RESULT_SUCCESS) in zeEventDestroy(hEvent=0x1210fa68)
[2026-10-08 06:41:02.740] [thread-id: 132626050211008] [trace] zeEventDestroy(hEvent)
[2026-10-08 06:41:02.741] [thread-id: 132626050211008] [trace] SUCCESS (ZE_RESULT_SUCCESS) in zeEventDestroy(hEvent=0x12110168)
[2026-10-08 06:41:02.741] [thread-id: 132626050211008] [trace] zeEventDestroy(hEvent)
[2026-10-08 06:41:02.741] [thread-id: 132626050211008] [trace] SUCCESS (ZE_RESULT_SUCCESS) in zeEventDestroy(hEvent=0x121106c8)
[2026-10-08 06:41:02.741] [thread-id: 132626050211008] [trace] zeEventDestroy(hEvent)
[2026-10-08 06:41:02.741] [thread-id: 132626050211008] [trace] SUCCESS (ZE_RESULT_SUCCESS) in zeEventDestroy(hEvent=0x12110dc8)
[2026-10-08 06:41:02.741] [thread-id: 132626050211008] [trace] zeEventDestroy(hEvent)
[2026-10-08 06:41:02.741] [thread-id: 132626050211008] [trace] SUCCESS (ZE_RESULT_SUCCESS) in zeEventDestroy(hEvent=0x121112d8)
[2026-10-08 06:41:02.741] [thread-id: 132626050211008] [trace] zeEventDestroy(hEvent)
[2026-10-08 06:41:02.741] [thread-id: 132626050211008] [trace] SUCCESS (ZE_RESULT_SUCCESS) in zeEventDestroy(hEvent=0x121119d8)
[2026-10-08 06:41:02.741] [thread-id: 132626050211008] [trace] zeEventDestroy(hEvent)
[2026-10-08 06:41:02.741] [thread-id: 132626050211008] [trace] SUCCESS (ZE_RESULT_SUCCESS) in zeEventDestroy(hEvent=0x12111ee8)
[2026-10-08 06:41:02.741] [thread-id: 132626050211008] [trace] zeEventDestroy(hEvent)
[2026-10-08 06:41:02.741] [thread-id: 132626050211008] [trace] SUCCESS (ZE_RESULT_SUCCESS) in zeEventDestroy(hEvent=0x121125e8)
[2026-10-08 06:41:02.741] [thread-id: 132626050211008] [trace] zeEventDestroy(hEvent)
[2026-10-08 06:41:02.741] [thread-id: 132626050211008] [trace] SUCCESS (ZE_RESULT_SUCCESS) in zeEventDestroy(hEvent=0x12112b98)
[2026-10-08 06:41:02.741] [thread-id: 132626050211008] [trace] zeEventDestroy(hEvent)
[2026-10-08 06:41:02.741] [thread-id: 132626050211008] [trace] SUCCESS (ZE_RESULT_SUCCESS) in zeEventDestroy(hEvent=0x12113298)
[2026-10-08 06:41:02.741] [thread-id: 132626050211008] [trace] zeEventDestroy(hEvent)
[2026-10-08 06:41:02.741] [thread-id: 132626050211008] [trace] SUCCESS (ZE_RESULT_SUCCESS) in zeEventDestroy(hEvent=0x121137a8)
[2026-10-08 06:41:02.741] [thread-id: 132626050211008] [trace] zeEventDestroy(hEvent)
[2026-10-08 06:41:02.741] [thread-id: 132626050211008] [trace] SUCCESS (ZE_RESULT_SUCCESS) in zeEventDestroy(hEvent=0x12113ea8)
[2026-10-08 06:41:02.741] [thread-id: 132626050211008] [trace] zeEventDestroy(hEvent)
[2026-10-08 06:41:02.741] [thread-id: 132626050211008] [trace] SUCCESS (ZE_RESULT_SUCCESS) in zeEventDestroy(hEvent=0x121143b8)
[2026-10-08 06:41:02.741] [thread-id: 132626050211008] [trace] zeEventDestroy(hEvent)
[2026-10-08 06:41:02.741] [thread-id: 132626050211008] [trace] SUCCESS (ZE_RESULT_SUCCESS) in zeEventDestroy(hEvent=0x12114ab8)
[2026-10-08 06:41:02.741] [thread-id: 132626050211008] [trace] zeEventDestroy(hEvent)
[2026-10-08 06:41:02.741] [thread-id: 132626050211008] [trace] SUCCESS (ZE_RESULT_SUCCESS) in zeEventDestroy(hEvent=0x121150d8)
[2026-10-08 06:41:02.741] [thread-id: 132626050211008] [trace] zeEventDestroy(hEvent)
[2026-10-08 06:41:02.741] [thread-id: 132626050211008] [trace] SUCCESS (ZE_RESULT_SUCCESS) in zeEventDestroy(hEvent=0x121157d8)
[2026-10-08 06:41:02.741] [thread-id: 132626050211008] [trace] zeEventDestroy(hEvent)
[2026-10-08 06:41:02.741] [thread-id: 132626050211008] [trace] SUCCESS (ZE_RESULT_SUCCESS) in zeEventDestroy(hEvent=0x12115ce8)
[2026-10-08 06:41:02.741] [thread-id: 132626050211008] [trace] zeEventDestroy(hEvent)
[2026-10-08 06:41:02.741] [thread-id: 132626050211008] [trace] SUCCESS (ZE_RESULT_SUCCESS) in zeEventDestroy(hEvent=0x121163e8)
[2026-10-08 06:41:02.741] [thread-id: 132626050211008] [trace] zeEventDestroy(hEvent)
[2026-10-08 06:41:02.741] [thread-id: 132626050211008] [trace] SUCCESS (ZE_RESULT_SUCCESS) in zeEventDestroy(hEvent=0x121168f8)
[2026-10-08 06:41:02.741] [thread-id: 132626050211008] [trace] zeEventDestroy(hEvent)
[2026-10-08 06:41:02.741] [thread-id: 132626050211008] [trace] SUCCESS (ZE_RESULT_SUCCESS) in zeEventDestroy(hEvent=0x12116ff8)
[2026-10-08 06:41:02.741] [thread-id: 132626050211008] [trace] zeEventDestroy(hEvent)
[2026-10-08 06:41:02.741] [thread-id: 132626050211008] [trace] SUCCESS (ZE_RESULT_SUCCESS) in zeEventDestroy(hEvent=0x12117508)
[2026-10-08 06:41:02.741] [thread-id: 132626050211008] [trace] zeEventDestroy(hEvent)
[2026-10-08 06:41:02.741] [thread-id: 132626050211008] [trace] SUCCESS (ZE_RESULT_SUCCESS) in zeEventDestroy(hEvent=0x12117d48)
[2026-10-08 06:41:02.741] [thread-id: 132626050211008] [trace] zeEventDestroy(hEvent)
[2026-10-08 06:41:02.741] [thread-id: 132626050211008] [trace] SUCCESS (ZE_RESULT_SUCCESS) in zeEventDestroy(hEvent=0x12118258)
[2026-10-08 06:41:02.741] [thread-id: 132626050211008] [trace] zeEventDestroy(hEvent)
[2026-10-08 06:41:02.741] [thread-id: 132626050211008] [trace] SUCCESS (ZE_RESULT_SUCCESS) in zeEventDestroy(hEvent=0x12118958)
[2026-10-08 06:41:02.741] [thread-id: 132626050211008] [trace] zeEventDestroy(hEvent)
[2026-10-08 06:41:02.741] [thread-id: 132626050211008] [trace] SUCCESS (ZE_RESULT_SUCCESS) in zeEventDestroy(hEvent=0x12118e68)
[2026-10-08 06:41:02.741] [thread-id: 132626050211008] [trace] zeEventDestroy(hEvent)
[2026-10-08 06:41:02.741] [thread-id: 132626050211008] [trace] SUCCESS (ZE_RESULT_SUCCESS) in zeEventDestroy(hEvent=0x12119568)
[2026-10-08 06:41:02.741] [thread-id: 132626050211008] [trace] zeEventDestroy(hEvent)
[2026-10-08 06:41:02.741] [thread-id: 132626050211008] [trace] SUCCESS (ZE_RESULT_SUCCESS) in zeEventDestroy(hEvent=0x12119a78)
[2026-10-08 06:41:02.741] [thread-id: 132626050211008] [trace] zeEventDestroy(hEvent)
[2026-10-08 06:41:02.741] [thread-id: 132626050211008] [trace] SUCCESS (ZE_RESULT_SUCCESS) in zeEventDestroy(hEvent=0x1211a178)
[2026-10-08 06:41:02.741] [thread-id: 132626050211008] [trace] zeEventDestroy(hEvent)
[2026-10-08 06:41:02.741] [thread-id: 132626050211008] [trace] SUCCESS (ZE_RESULT_SUCCESS) in zeEventDestroy(hEvent=0x1211a688)
[2026-10-08 06:41:02.741] [thread-id: 132626050211008] [trace] zeEventDestroy(hEvent)
[2026-10-08 06:41:02.741] [thread-id: 132626050211008] [trace] SUCCESS (ZE_RESULT_SUCCESS) in zeEventDestroy(hEvent=0x1211ad88)
[2026-10-08 06:41:02.741] [thread-id: 132626050211008] [trace] zeEventDestroy(hEvent)
[2026-10-08 06:41:02.741] [thread-id: 132626050211008] [trace] SUCCESS (ZE_RESULT_SUCCESS) in zeEventDestroy(hEvent=0x1211b4a8)
[2026-10-08 06:41:02.741] [thread-id: 132626050211008] [trace] zeEventDestroy(hEvent)
[2026-10-08 06:41:02.741] [thread-id: 132626050211008] [trace] SUCCESS (ZE_RESULT_SUCCESS) in zeEventDestroy(hEvent=0x1211bba8)
[2026-10-08 06:41:02.741] [thread-id: 132626050211008] [trace] zeEventDestroy(hEvent)
[2026-10-08 06:41:02.741] [thread-id: 132626050211008] [trace] SUCCESS (ZE_RESULT_SUCCESS) in zeEventDestroy(hEvent=0x1211c0b8)
[2026-10-08 06:41:02.741] [thread-id: 132626050211008] [trace] zeEventDestroy(hEvent)
[2026-10-08 06:41:02.741] [thread-id: 132626050211008] [trace] SUCCESS (ZE_RESULT_SUCCESS) in zeEventDestroy(hEvent=0x1211c7b8)
[2026-10-08 06:41:02.741] [thread-id: 132626050211008] [trace] zeEventDestroy(hEvent)
[2026-10-08 06:41:02.741] [thread-id: 132626050211008] [trace] SUCCESS (ZE_RESULT_SUCCESS) in zeEventDestroy(hEvent=0x1211ccc8)
[2026-10-08 06:41:02.741] [thread-id: 132626050211008] [trace] zeEventDestroy(hEvent)
[2026-10-08 06:41:02.741] [thread-id: 132626050211008] [trace] SUCCESS (ZE_RESULT_SUCCESS) in zeEventDestroy(hEvent=0x1211d3c8)
[2026-10-08 06:41:02.741] [thread-id: 132626050211008] [trace] zeEventDestroy(hEvent)
[2026-10-08 06:41:02.741] [thread-id: 132626050211008] [trace] SUCCESS (ZE_RESULT_SUCCESS) in zeEventDestroy(hEvent=0x1211d8d8)
[2026-10-08 06:41:02.741] [thread-id: 132626050211008] [trace] zeEventDestroy(hEvent)
[2026-10-08 06:41:02.741] [thread-id: 132626050211008] [trace] SUCCESS (ZE_RESULT_SUCCESS) in zeEventDestroy(hEvent=0x1211dfd8)
[2026-10-08 06:41:02.741] [thread-id: 132626050211008] [trace] zeEventDestroy(hEvent)
[2026-10-08 06:41:02.741] [thread-id: 132626050211008] [trace] SUCCESS (ZE_RESULT_SUCCESS) in zeEventDestroy(hEvent=0x1211e4e8)
[2026-10-08 06:41:02.741] [thread-id: 132626050211008] [trace] zeEventDestroy(hEvent)
[2026-10-08 06:41:02.741] [thread-id: 132626050211008] [trace] SUCCESS (ZE_RESULT_SUCCESS) in zeEventDestroy(hEvent=0x1211ebe8)
[2026-10-08 06:41:02.742] [thread-id: 132626050211008] [trace] zeEventDestroy(hEvent)
[2026-10-08 06:41:02.742] [thread-id: 132626050211008] [trace] SUCCESS (ZE_RESULT_SUCCESS) in zeEventDestroy(hEvent=0x1211f0f8)
[2026-10-08 06:41:02.742] [thread-id: 132626050211008] [trace] zeEventDestroy(hEvent)
[2026-10-08 06:41:02.742] [thread-id: 132626050211008] [trace] SUCCESS (ZE_RESULT_SUCCESS) in zeEventDestroy(hEvent=0x1211f7f8)
[2026-10-08 06:41:02.742] [thread-id: 132626050211008] [trace] zeEventDestroy(hEvent)
[2026-10-08 06:41:02.742] [thread-id: 132626050211008] [trace] SUCCESS (ZE_RESULT_SUCCESS) in zeEventDestroy(hEvent=0x1211fd08)
[2026-10-08 06:41:02.742] [thread-id: 132626050211008] [trace] zeEventDestroy(hEvent)
[2026-10-08 06:41:02.742] [thread-id: 132626050211008] [trace] SUCCESS (ZE_RESULT_SUCCESS) in zeEventDestroy(hEvent=0x12120408)
[2026-10-08 06:41:02.742] [thread-id: 132626050211008] [trace] zeEventDestroy(hEvent)
[2026-10-08 06:41:02.742] [thread-id: 132626050211008] [trace] SUCCESS (ZE_RESULT_SUCCESS) in zeEventDestroy(hEvent=0x12120918)
[2026-10-08 06:41:02.742] [thread-id: 132626050211008] [trace] zeEventDestroy(hEvent)
[2026-10-08 06:41:02.742] [thread-id: 132626050211008] [trace] SUCCESS (ZE_RESULT_SUCCESS) in zeEventDestroy(hEvent=0x12121018)
[2026-10-08 06:41:02.742] [thread-id: 132626050211008] [trace] zeEventDestroy(hEvent)
[2026-10-08 06:41:02.742] [thread-id: 132626050211008] [trace] SUCCESS (ZE_RESULT_SUCCESS) in zeEventDestroy(hEvent=0x12121528)
[2026-10-08 06:41:02.742] [thread-id: 132626050211008] [trace] zeEventDestroy(hEvent)
[2026-10-08 06:41:02.742] [thread-id: 132626050211008] [trace] SUCCESS (ZE_RESULT_SUCCESS) in zeEventDestroy(hEvent=0x12121c28)
[2026-10-08 06:41:02.742] [thread-id: 132626050211008] [trace] zeEventDestroy(hEvent)
[2026-10-08 06:41:02.742] [thread-id: 132626050211008] [trace] SUCCESS (ZE_RESULT_SUCCESS) in zeEventDestroy(hEvent=0x12122138)
[2026-10-08 06:41:02.742] [thread-id: 132626050211008] [trace] zeEventDestroy(hEvent)
[2026-10-08 06:41:02.742] [thread-id: 132626050211008] [trace] SUCCESS (ZE_RESULT_SUCCESS) in zeEventDestroy(hEvent=0x12122ab8)
[2026-10-08 06:41:02.742] [thread-id: 132626050211008] [trace] zeEventDestroy(hEvent)
[2026-10-08 06:41:02.742] [thread-id: 132626050211008] [trace] SUCCESS (ZE_RESULT_SUCCESS) in zeEventDestroy(hEvent=0x12122fc8)
[2026-10-08 06:41:02.742] [thread-id: 132626050211008] [trace] zeEventDestroy(hEvent)
[2026-10-08 06:41:02.742] [thread-id: 132626050211008] [trace] SUCCESS (ZE_RESULT_SUCCESS) in zeEventDestroy(hEvent=0x121236c8)
[2026-10-08 06:41:02.742] [thread-id: 132626050211008] [trace] zeEventDestroy(hEvent)
[2026-10-08 06:41:02.742] [thread-id: 132626050211008] [trace] SUCCESS (ZE_RESULT_SUCCESS) in zeEventDestroy(hEvent=0x12123bd8)
[2026-10-08 06:41:02.742] [thread-id: 132626050211008] [trace] zeEventDestroy(hEvent)
[2026-10-08 06:41:02.742] [thread-id: 132626050211008] [trace] SUCCESS (ZE_RESULT_SUCCESS) in zeEventDestroy(hEvent=0x121242d8)
[2026-10-08 06:41:02.742] [thread-id: 132626050211008] [trace] zeEventDestroy(hEvent)
[2026-10-08 06:41:02.742] [thread-id: 132626050211008] [trace] SUCCESS (ZE_RESULT_SUCCESS) in zeEventDestroy(hEvent=0x121247e8)
[2026-10-08 06:41:02.742] [thread-id: 132626050211008] [trace] zeEventDestroy(hEvent)
[2026-10-08 06:41:02.742] [thread-id: 132626050211008] [trace] SUCCESS (ZE_RESULT_SUCCESS) in zeEventDestroy(hEvent=0x12124ee8)
[2026-10-08 06:41:02.742] [thread-id: 132626050211008] [trace] zeEventDestroy(hEvent)
[2026-10-08 06:41:02.742] [thread-id: 132626050211008] [trace] SUCCESS (ZE_RESULT_SUCCESS) in zeEventDestroy(hEvent=0x121253f8)
[2026-10-08 06:41:02.742] [thread-id: 132626050211008] [trace] zeEventDestroy(hEvent)
[2026-10-08 06:41:02.742] [thread-id: 132626050211008] [trace] SUCCESS (ZE_RESULT_SUCCESS) in zeEventDestroy(hEvent=0x12125af8)
[2026-10-08 06:41:02.742] [thread-id: 132626050211008] [trace] zeEventDestroy(hEvent)
[2026-10-08 06:41:02.742] [thread-id: 132626050211008] [trace] SUCCESS (ZE_RESULT_SUCCESS) in zeEventDestroy(hEvent=0x12126008)
[2026-10-08 06:41:02.742] [thread-id: 132626050211008] [trace] zeEventDestroy(hEvent)
[2026-10-08 06:41:02.742] [thread-id: 132626050211008] [trace] SUCCESS (ZE_RESULT_SUCCESS) in zeEventDestroy(hEvent=0x12126708)
[2026-10-08 06:41:02.742] [thread-id: 132626050211008] [trace] zeEventDestroy(hEvent)
[2026-10-08 06:41:02.742] [thread-id: 132626050211008] [trace] SUCCESS (ZE_RESULT_SUCCESS) in zeEventDestroy(hEvent=0x12126c18)
[2026-10-08 06:41:02.742] [thread-id: 132626050211008] [trace] zeEventDestroy(hEvent)
[2026-10-08 06:41:02.742] [thread-id: 132626050211008] [trace] SUCCESS (ZE_RESULT_SUCCESS) in zeEventDestroy(hEvent=0x1210ea68)
[2026-10-08 06:41:02.742] [thread-id: 132626050211008] [trace] zeEventDestroy(hEvent)
[2026-10-08 06:41:02.742] [thread-id: 132626050211008] [trace] SUCCESS (ZE_RESULT_SUCCESS) in zeEventDestroy(hEvent=0x1210ee08)
[2026-10-08 06:41:02.742] [thread-id: 132626050211008] [trace] zeCommandListDestroy(hCommandList)
[2026-10-08 06:41:02.742] [thread-id: 132626050211008] [trace] SUCCESS (ZE_RESULT_SUCCESS) in zeCommandListDestroy(hCommandList=0x120ddd88)
[2026-10-08 06:41:02.742] [thread-id: 132626050211008] [trace] zeContextDestroy(hContext)
[2026-10-08 06:41:02.742] [thread-id: 132626050211008] [trace] SUCCESS (ZE_RESULT_SUCCESS) in zeContextDestroy(hContext=0x120d6738)
   <--- urContextRelease(.hContext = 0x120d9b90) -> UR_RESULT_SUCCESS;
   ---> urDeviceRelease
   <--- urDeviceRelease(.hDevice = 0x120d5040) -> UR_RESULT_SUCCESS;
   ---> urAdapterRelease
   <--- urAdapterRelease(.hAdapter = 0x11ed9700) -> UR_RESULT_SUCCESS;
