<LOADER>[DEBUG]: Logger loader initialized successfully!
<LOADER>[INFO]: loaded adapter 0x0x1b64e980 (/opt/intel/oneapi/compiler/2026.1/lib/libur_adapter_level_zero_v2.so.0) from /opt/intel/oneapi/compiler/2026.1/lib/libur_adapter_level_zero_v2.so.0
   ---> urAdapterGet
<LEVEL_ZERO>[DEBUG]: zeInit with flags value of 1
[2026-10-08 05:08:08.125] [thread-id: 136762468052160] [info] Loader Version 1.32.0  - No git SHA found, compiled outside git folder.
[2026-10-08 05:08:08.128] [thread-id: 136762468052160] [info] Validation Layer Enabled
[2026-10-08 05:08:08.128] [thread-id: 136762468052160] [info] zeInit succeeded
[2026-10-08 05:08:08.128] [thread-id: 136762468052160] [trace] zeInit(flags)
[2026-10-08 05:08:08.156] [thread-id: 136762468052160] [trace] SUCCESS (ZE_RESULT_SUCCESS) in zeInit(flags=1)
<LEVEL_ZERO>[DEBUG]: Level Zero Loader version: 1.32.0
<LEVEL_ZERO>[DEBUG]: zeInitDrivers with flags value of 1
[2026-10-08 05:08:08.156] [thread-id: 136762468052160] [trace] zeInitDrivers(pCount, phDrivers, desc)
[2026-10-08 05:08:08.156] [thread-id: 136762468052160] [trace] SUCCESS (ZE_RESULT_SUCCESS) in zeInitDrivers(pCount=1, phDrivers=nullptr, desc={stype=0x1b64d728, flags=1})
[2026-10-08 05:08:08.156] [thread-id: 136762468052160] [trace] zeInitDrivers(pCount, phDrivers, desc)
[2026-10-08 05:08:08.156] [thread-id: 136762468052160] [trace] SUCCESS (ZE_RESULT_SUCCESS) in zeInitDrivers(pCount=1, phDrivers=nullptr, desc={stype=0x1b64d728, flags=1})
[2026-10-08 05:08:08.156] [thread-id: 136762468052160] [trace] zeDriverGet(pCount, phDrivers)
[2026-10-08 05:08:08.157] [thread-id: 136762468052160] [trace] SUCCESS (ZE_RESULT_SUCCESS) in zeDriverGet(pCount=1, phDrivers=nullptr)
[2026-10-08 05:08:08.157] [thread-id: 136762468052160] [trace] zeDriverGet(pCount, phDrivers)
[2026-10-08 05:08:08.157] [thread-id: 136762468052160] [trace] SUCCESS (ZE_RESULT_SUCCESS) in zeDriverGet(pCount=1, phDrivers=0x1b833980)
[2026-10-08 05:08:08.157] [thread-id: 136762468052160] [trace] zeDeviceGet(hDriver, pCount, phDevices)
[2026-10-08 05:08:08.157] [thread-id: 136762468052160] [trace] SUCCESS (ZE_RESULT_SUCCESS) in zeDeviceGet(hDriver=0x1b8339c8, pCount=1, phDevices=nullptr)
[2026-10-08 05:08:08.157] [thread-id: 136762468052160] [trace] zeDeviceGet(hDriver, pCount, phDevices)
[2026-10-08 05:08:08.157] [thread-id: 136762468052160] [trace] SUCCESS (ZE_RESULT_SUCCESS) in zeDeviceGet(hDriver=0x1b8339c8, pCount=1, phDevices=0x1b8402b0)
[2026-10-08 05:08:08.157] [thread-id: 136762468052160] [trace] zeDeviceGetProperties(hDevice, pDeviceProperties)
[2026-10-08 05:08:08.157] [thread-id: 136762468052160] [trace] SUCCESS (ZE_RESULT_SUCCESS) in zeDeviceGetProperties(hDevice=0x1b833f28, pDeviceProperties={stype=0x7fff8f28a990, type=0x7fff8f28a9a0, vendorId=32902, deviceId=57868, flags=8, subdeviceId=0, coreClockRate=2750, maxMemAllocSize=10132807680, maxHardwareContexts=65536, maxCommandQueuePriority=0, numThreadsPerEU=8, physicalEUSimdWidth=16, numEUsPerSubslice=8, numSubslicesPerSlice=4, numSlices=5, timerResolution=52, timestampValidBits=64, kernelTimestampValidBits=64, uuid={id=134}, name="Intel(R) Arc(TM) B570 Graphics"})
<LEVEL_ZERO>[DEBUG]: 
zesInit with flags value of 0

[2026-10-08 05:08:08.157] [thread-id: 136762468052160] [trace] zesInit(flags)
[2026-10-08 05:08:08.158] [thread-id: 136762468052160] [trace] SUCCESS (ZE_RESULT_SUCCESS) in zesInit(flags=0)
[2026-10-08 05:08:08.158] [thread-id: 136762468052160] [trace] zeDriverGet(pCount, phDrivers)
[2026-10-08 05:08:08.158] [thread-id: 136762468052160] [trace] SUCCESS (ZE_RESULT_SUCCESS) in zeDriverGet(pCount=1, phDrivers=nullptr)
[2026-10-08 05:08:08.158] [thread-id: 136762468052160] [trace] zeDriverGet(pCount, phDrivers)
[2026-10-08 05:08:08.158] [thread-id: 136762468052160] [trace] SUCCESS (ZE_RESULT_SUCCESS) in zeDriverGet(pCount=1, phDrivers=0x1b847340)
[2026-10-08 05:08:08.158] [thread-id: 136762468052160] [trace] zeInitDrivers(pCount, phDrivers, desc)
[2026-10-08 05:08:08.158] [thread-id: 136762468052160] [trace] SUCCESS (ZE_RESULT_SUCCESS) in zeInitDrivers(pCount=1, phDrivers=0x1b847410, desc={stype=0x1b64d728, flags=1})
[2026-10-08 05:08:08.158] [thread-id: 136762468052160] [trace] zeDriverGetProperties(hDriver, pDriverProperties)
[2026-10-08 05:08:08.158] [thread-id: 136762468052160] [trace] SUCCESS (ZE_RESULT_SUCCESS) in zeDriverGetProperties(hDriver=0x1b8339c8, pDriverProperties={stype=0x7fff8f28a8e0, uuid={id=227}, driverVersion=17013219})
[2026-10-08 05:08:08.159] [thread-id: 136762468052160] [trace] zeDriverGetProperties(hDriver, pDriverProperties)
[2026-10-08 05:08:08.159] [thread-id: 136762468052160] [trace] SUCCESS (ZE_RESULT_SUCCESS) in zeDriverGetProperties(hDriver=0x1b8339c8, pDriverProperties={stype=0x7fff8f28aab0, uuid={id=227}, driverVersion=17013219})
<LEVEL_ZERO>[DEBUG]: zeDriverHandle 0x1b8339c8 matched between zeDriverGet and zeInitDrivers. Not adding duplicate driver to list
<LEVEL_ZERO>[DEBUG]: 1 L0 Drivers found.
[2026-10-08 05:08:08.159] [thread-id: 136762468052160] [trace] zeDeviceGet(hDriver, pCount, phDevices)
[2026-10-08 05:08:08.159] [thread-id: 136762468052160] [trace] SUCCESS (ZE_RESULT_SUCCESS) in zeDeviceGet(hDriver=0x1b8339c8, pCount=1, phDevices=nullptr)
[2026-10-08 05:08:08.159] [thread-id: 136762468052160] [trace] zeDeviceGet(hDriver, pCount, phDevices)
[2026-10-08 05:08:08.159] [thread-id: 136762468052160] [trace] SUCCESS (ZE_RESULT_SUCCESS) in zeDeviceGet(hDriver=0x1b8339c8, pCount=1, phDevices=0x1b8476b0)
[2026-10-08 05:08:08.159] [thread-id: 136762468052160] [trace] zeDeviceGetProperties(hDevice, pDeviceProperties)
[2026-10-08 05:08:08.159] [thread-id: 136762468052160] [trace] SUCCESS (ZE_RESULT_SUCCESS) in zeDeviceGetProperties(hDevice=0x1b833f28, pDeviceProperties={stype=0x7fff8f28a8e0, type=0x7fff8f28a8f0, vendorId=32902, deviceId=57868, flags=8, subdeviceId=0, coreClockRate=2750, maxMemAllocSize=10132807680, maxHardwareContexts=65536, maxCommandQueuePriority=0, numThreadsPerEU=8, physicalEUSimdWidth=16, numEUsPerSubslice=8, numSubslicesPerSlice=4, numSlices=5, timerResolution=52, timestampValidBits=64, kernelTimestampValidBits=64, uuid={id=134}, name="Intel(R) Arc(TM) B570 Graphics"})
[2026-10-08 05:08:08.159] [thread-id: 136762468052160] [trace] zeDriverGetApiVersion(hDriver, version)
[2026-10-08 05:08:08.159] [thread-id: 136762468052160] [trace] SUCCESS (ZE_RESULT_SUCCESS) in zeDriverGetApiVersion(hDriver=0x1b8339c8, version=65553)
[2026-10-08 05:08:08.159] [thread-id: 136762468052160] [trace] zeDriverGetExtensionProperties(hDriver, pCount, pExtensionProperties)
[2026-10-08 05:08:08.159] [thread-id: 136762468052160] [trace] SUCCESS (ZE_RESULT_SUCCESS) in zeDriverGetExtensionProperties(hDriver=0x1b8339c8, pCount=63, pExtensionProperties=nullptr)
[2026-10-08 05:08:08.159] [thread-id: 136762468052160] [trace] zeDriverGetExtensionProperties(hDriver, pCount, pExtensionProperties)
[2026-10-08 05:08:08.159] [thread-id: 136762468052160] [trace] SUCCESS (ZE_RESULT_SUCCESS) in zeDriverGetExtensionProperties(hDriver=0x1b8339c8, pCount=63, pExtensionProperties={name="ZE_extension_device_cache_line_size", version=65536})
[2026-10-08 05:08:08.159] [thread-id: 136762468052160] [trace] zeDriverGetExtensionFunctionAddress(hDriver, name, ppFunctionAddress)
[2026-10-08 05:08:08.159] [thread-id: 136762468052160] [trace] SUCCESS (ZE_RESULT_SUCCESS) in zeDriverGetExtensionFunctionAddress(hDriver=0x1b8339c8, name="zeIntelGetDriverVersionString", ppFunctionAddress=0x7c627a7dac00)
[2026-10-08 05:08:08.159] [thread-id: 136762468052160] [trace] zeDriverGetProperties(hDriver, pDriverProperties)
[2026-10-08 05:08:08.159] [thread-id: 136762468052160] [trace] SUCCESS (ZE_RESULT_SUCCESS) in zeDriverGetProperties(hDriver=0x1b8339c8, pDriverProperties={stype=0x7fff8f28a7a0, uuid={id=227}, driverVersion=17013219})
<LEVEL_ZERO>[DEBUG]: Level Zero Driver version: 1.17.39395+14
[2026-10-08 05:08:08.159] [thread-id: 136762468052160] [trace] zeDriverGetExtensionFunctionAddress(hDriver, name, ppFunctionAddress)
[2026-10-08 05:08:08.159] [thread-id: 136762468052160] [trace] SUCCESS (ZE_RESULT_SUCCESS) in zeDriverGetExtensionFunctionAddress(hDriver=0x1b8339c8, name="zexDriverImportExternalPointer", ppFunctionAddress=0x7c627a7d5a40)
[2026-10-08 05:08:08.159] [thread-id: 136762468052160] [trace] zeDriverGetExtensionFunctionAddress(hDriver, name, ppFunctionAddress)
[2026-10-08 05:08:08.159] [thread-id: 136762468052160] [trace] SUCCESS (ZE_RESULT_SUCCESS) in zeDriverGetExtensionFunctionAddress(hDriver=0x1b8339c8, name="zexDriverReleaseImportedPointer", ppFunctionAddress=0x7c627a7dde30)
[2026-10-08 05:08:08.159] [thread-id: 136762468052160] [trace] zeDriverGetExtensionFunctionAddress(hDriver, name, ppFunctionAddress)
[2026-10-08 05:08:08.159] [thread-id: 136762468052160] [trace] SUCCESS (ZE_RESULT_SUCCESS) in zeDriverGetExtensionFunctionAddress(hDriver=0x1b8339c8, name="zeImageGetDeviceOffsetExp", ppFunctionAddress=0x7c627a7df190)
[2026-10-08 05:08:08.159] [thread-id: 136762468052160] [trace] zeDriverGetExtensionFunctionAddress(hDriver, name, ppFunctionAddress)
[2026-10-08 05:08:08.159] [thread-id: 136762468052160] [trace] SUCCESS (ZE_RESULT_SUCCESS) in zeDriverGetExtensionFunctionAddress(hDriver=0x1b8339c8, name="zeMemGetPitchFor2dImage", ppFunctionAddress=0x7c627a7e1550)
[2026-10-08 05:08:08.159] [thread-id: 136762468052160] [trace] zeDriverGetExtensionFunctionAddress(hDriver, name, ppFunctionAddress)
[2026-10-08 05:08:08.159] [thread-id: 136762468052160] [trace] SUCCESS (ZE_RESULT_SUCCESS) in zeDriverGetExtensionFunctionAddress(hDriver=0x1b8339c8, name="zeGraphGetIdExt", ppFunctionAddress=0x7c627a7cfdd0)
[2026-10-08 05:08:08.159] [thread-id: 136762468052160] [trace] zeDriverGetExtensionFunctionAddress(hDriver, name, ppFunctionAddress)
[2026-10-08 05:08:08.159] [thread-id: 136762468052160] [trace] SUCCESS (ZE_RESULT_SUCCESS) in zeDriverGetExtensionFunctionAddress(hDriver=0x1b8339c8, name="zeCommandListAppendHostFunction", ppFunctionAddress=0x7c627a7b3140)
[2026-10-08 05:08:08.159] [thread-id: 136762468052160] [trace] zesDriverGet(pCount, phDrivers)
[2026-10-08 05:08:08.159] [thread-id: 136762468052160] [trace] SUCCESS (ZE_RESULT_SUCCESS) in zesDriverGet(pCount=1, phDrivers=nullptr)
[2026-10-08 05:08:08.159] [thread-id: 136762468052160] [trace] zesDriverGet(pCount, phDrivers)
[2026-10-08 05:08:08.159] [thread-id: 136762468052160] [trace] SUCCESS (ZE_RESULT_SUCCESS) in zesDriverGet(pCount=1, phDrivers=0x1b8485b0)
[2026-10-08 05:08:08.159] [thread-id: 136762468052160] [trace] zesDriverGetDeviceByUuidExp(hDriver, uuid, phDevice, onSubdevice, subdeviceId)
[2026-10-08 05:08:08.159] [thread-id: 136762468052160] [trace] SUCCESS (ZE_RESULT_SUCCESS) in zesDriverGetDeviceByUuidExp(hDriver=0x1b8441c8, uuid={id=134}, phDevice=0x1b674058, onSubdevice=0, subdeviceId=0)
<LEVEL_ZERO>[DEBUG]: Initialized 1 platforms
   <--- urAdapterGet(.NumEntries = 0, .phAdapters = nullptr, .pNumAdapters = 0x7fff8f28b1b8 (1)) -> UR_RESULT_SUCCESS;
   ---> urAdapterGet
   <--- urAdapterGet(.NumEntries = 1, .phAdapters = 0x1b847690 {0x1b64d700}, .pNumAdapters = nullptr) -> UR_RESULT_SUCCESS;
   ---> urAdapterGetInfo
   <--- urAdapterGetInfo(.hAdapter = 0x1b64d700, .propName = UR_ADAPTER_INFO_BACKEND, .propSize = 4, .pPropValue = 0x7fff8f28b1ac (UR_BACKEND_LEVEL_ZERO), .pPropSizeRet = nullptr) -> UR_RESULT_SUCCESS;
   ---> urAdapterSetLoggerCallback
   <--- urAdapterSetLoggerCallback(.hAdapter = 0x1b64d700, .pfnLoggerCallback = 0x7c62815b6420, .pUserData = nullptr, .level = UR_LOGGER_LEVEL_WARN) -> UR_RESULT_SUCCESS;
   ---> urPlatformGet
   <--- urPlatformGet(.hAdapter = 0x1b64d700, .NumEntries = 0, .phPlatforms = nullptr, .pNumPlatforms = 0x7fff8f28b0ec (1)) -> UR_RESULT_SUCCESS;
   ---> urPlatformGet
   <--- urPlatformGet(.hAdapter = 0x1b64d700, .NumEntries = 1, .phPlatforms = 0x1b847690 {0x1b847810}, .pNumPlatforms = nullptr) -> UR_RESULT_SUCCESS;
   ---> urPlatformGetInfo
   <--- urPlatformGetInfo(.hPlatform = 0x1b847810, .propName = UR_PLATFORM_INFO_BACKEND, .propSize = 4, .pPropValue = 0x7fff8f28b0fc (UR_BACKEND_LEVEL_ZERO), .pPropSizeRet = nullptr) -> UR_RESULT_SUCCESS;
   ---> urDeviceGet
[2026-10-08 05:08:08.159] [thread-id: 136762468052160] [trace] zeDeviceGet(hDriver, pCount, phDevices)
[2026-10-08 05:08:08.159] [thread-id: 136762468052160] [trace] SUCCESS (ZE_RESULT_SUCCESS) in zeDeviceGet(hDriver=0x1b8339c8, pCount=1, phDevices=nullptr)
[2026-10-08 05:08:08.159] [thread-id: 136762468052160] [trace] zeDeviceGet(hDriver, pCount, phDevices)
[2026-10-08 05:08:08.159] [thread-id: 136762468052160] [trace] SUCCESS (ZE_RESULT_SUCCESS) in zeDeviceGet(hDriver=0x1b8339c8, pCount=1, phDevices=0x1b849000)
[2026-10-08 05:08:08.159] [thread-id: 136762468052160] [trace] zeDeviceGetProperties(hDevice, pDeviceProperties)
[2026-10-08 05:08:08.159] [thread-id: 136762468052160] [trace] SUCCESS (ZE_RESULT_SUCCESS) in zeDeviceGetProperties(hDevice=0x1b833f28, pDeviceProperties={stype=0x1b8490e8, type=0x1b8490f8, vendorId=32902, deviceId=57868, flags=8, subdeviceId=0, coreClockRate=2750, maxMemAllocSize=10132807680, maxHardwareContexts=65536, maxCommandQueuePriority=0, numThreadsPerEU=8, physicalEUSimdWidth=16, numEUsPerSubslice=8, numSubslicesPerSlice=4, numSlices=5, timerResolution=19200000, timestampValidBits=64, kernelTimestampValidBits=64, uuid={id=134}, name="Intel(R) Arc(TM) B570 Graphics"})
[2026-10-08 05:08:08.159] [thread-id: 136762468052160] [trace] zeDeviceGetProperties(hDevice, pDeviceProperties)
[2026-10-08 05:08:08.159] [thread-id: 136762468052160] [trace] SUCCESS (ZE_RESULT_SUCCESS) in zeDeviceGetProperties(hDevice=0x1b833f28, pDeviceProperties={stype=0x7fff8f28a6f8, type=0x7fff8f28a708, vendorId=32902, deviceId=57868, flags=8, subdeviceId=0, coreClockRate=2750, maxMemAllocSize=10132807680, maxHardwareContexts=65536, maxCommandQueuePriority=0, numThreadsPerEU=8, physicalEUSimdWidth=16, numEUsPerSubslice=8, numSubslicesPerSlice=4, numSlices=5, timerResolution=52, timestampValidBits=64, kernelTimestampValidBits=64, uuid={id=134}, name="Intel(R) Arc(TM) B570 Graphics"})
[2026-10-08 05:08:08.159] [thread-id: 136762468052160] [trace] zeDeviceGetCommandQueueGroupProperties(hDevice, pCount, pCommandQueueGroupProperties)
[2026-10-08 05:08:08.159] [thread-id: 136762468052160] [trace] SUCCESS (ZE_RESULT_SUCCESS) in zeDeviceGetCommandQueueGroupProperties(hDevice=0x1b833f28, pCount=2, pCommandQueueGroupProperties=nullptr)
<LEVEL_ZERO>[INFO]: Number of queue groups = 2
[2026-10-08 05:08:08.159] [thread-id: 136762468052160] [trace] zeDeviceGetCommandQueueGroupProperties(hDevice, pCount, pCommandQueueGroupProperties)
[2026-10-08 05:08:08.159] [thread-id: 136762468052160] [trace] SUCCESS (ZE_RESULT_SUCCESS) in zeDeviceGetCommandQueueGroupProperties(hDevice=0x1b833f28, pCount=2, pCommandQueueGroupProperties={stype=0x1b64d610, flags=7, maxMemoryFillPatternSize=18446744073709551615, numQueues=1})
<LEVEL_ZERO>[INFO]: main blitter/copy engine is available
<LEVEL_ZERO>[INFO]: link blitter/copy engines are not available
[2026-10-08 05:08:08.159] [thread-id: 136762468052160] [trace] zeDeviceGetSubDevices(hDevice, pCount, phSubdevices)
[2026-10-08 05:08:08.159] [thread-id: 136762468052160] [trace] SUCCESS (ZE_RESULT_SUCCESS) in zeDeviceGetSubDevices(hDevice=0x1b833f28, pCount=0, phSubdevices=nullptr)
[2026-10-08 05:08:08.159] [thread-id: 136762468052160] [trace] zeDeviceGetSubDevices(hDevice, pCount, phSubdevices)
[2026-10-08 05:08:08.159] [thread-id: 136762468052160] [trace] SUCCESS (ZE_RESULT_SUCCESS) in zeDeviceGetSubDevices(hDevice=0x1b833f28, pCount=0, phSubdevices=0x1b849020)
[2026-10-08 05:08:08.159] [thread-id: 136762468052160] [trace] zeDeviceGetRootDevice(hDevice, phRootDevice)
[2026-10-08 05:08:08.159] [thread-id: 136762468052160] [trace] SUCCESS (ZE_RESULT_SUCCESS) in zeDeviceGetRootDevice(hDevice=0x1b833f28, phRootDevice=0x7fff8f28ab50)
[2026-10-08 05:08:08.159] [thread-id: 136762468052160] [trace] zeDeviceSynchronize(hDevice)
[2026-10-08 05:08:08.159] [thread-id: 136762468052160] [trace] SUCCESS (ZE_RESULT_SUCCESS) in zeDeviceSynchronize(hDevice=0x1b833f28)
[2026-10-08 05:08:08.159] [thread-id: 136762468052160] [trace] zeDeviceGetRootDevice(hDevice, phRootDevice)
[2026-10-08 05:08:08.159] [thread-id: 136762468052160] [trace] SUCCESS (ZE_RESULT_SUCCESS) in zeDeviceGetRootDevice(hDevice=0x1b833f28, phRootDevice=0x7fff8f28ac40)
   <--- urDeviceGet(.hPlatform = 0x1b847810, .DeviceType = UR_DEVICE_TYPE_ALL, .NumEntries = 0, .phDevices = nullptr, .pNumDevices = 0x7fff8f28b06c (1)) -> UR_RESULT_SUCCESS;
   ---> urDeviceGet
[2026-10-08 05:08:08.159] [thread-id: 136762468052160] [trace] zeDeviceGetRootDevice(hDevice, phRootDevice)
[2026-10-08 05:08:08.159] [thread-id: 136762468052160] [trace] SUCCESS (ZE_RESULT_SUCCESS) in zeDeviceGetRootDevice(hDevice=0x1b833f28, phRootDevice=0x7fff8f28ac40)
   <--- urDeviceGet(.hPlatform = 0x1b847810, .DeviceType = UR_DEVICE_TYPE_ALL, .NumEntries = 1, .phDevices = 0x1b849000 {0x1b849040}, .pNumDevices = nullptr) -> UR_RESULT_SUCCESS;
   ---> urPlatformGetInfo
   <--- urPlatformGetInfo(.hPlatform = 0x1b847810, .propName = UR_PLATFORM_INFO_VERSION, .propSize = 0, .pPropValue = nullptr, .pPropSizeRet = 0x7fff8f28ac40 (5)) -> UR_RESULT_SUCCESS;
   ---> urPlatformGetInfo
   <--- urPlatformGetInfo(.hPlatform = 0x1b847810, .propName = UR_PLATFORM_INFO_VERSION, .propSize = 5, .pPropValue = 0x7fff8f28ada8 (1.17), .pPropSizeRet = nullptr) -> UR_RESULT_SUCCESS;
   ---> urPlatformGetInfo
   <--- urPlatformGetInfo(.hPlatform = 0x1b847810, .propName = UR_PLATFORM_INFO_NAME, .propSize = 0, .pPropValue = nullptr, .pPropSizeRet = 0x7fff8f28ac40 (51)) -> UR_RESULT_SUCCESS;
   ---> urPlatformGetInfo
   <--- urPlatformGetInfo(.hPlatform = 0x1b847810, .propName = UR_PLATFORM_INFO_NAME, .propSize = 51, .pPropValue = 0x1b849710 (Intel(R) oneAPI Unified Runtime over Level-Zero V2), .pPropSizeRet = nullptr) -> UR_RESULT_SUCCESS;
   ---> urDeviceGetInfo
   <--- urDeviceGetInfo(.hDevice = 0x1b849040, .propName = UR_DEVICE_INFO_PARENT_DEVICE, .propSize = 8, .pPropValue = 0x7fff8f28ac00 (nullptr), .pPropSizeRet = nullptr) -> UR_RESULT_SUCCESS;
   ---> urDeviceGetInfo
   <--- urDeviceGetInfo(.hDevice = 0x1b849040, .propName = UR_DEVICE_INFO_TYPE, .propSize = 4, .pPropValue = 0x7fff8f28aba0 (UR_DEVICE_TYPE_GPU), .pPropSizeRet = nullptr) -> UR_RESULT_SUCCESS;
   ---> urDeviceGetInfo
   <--- urDeviceGetInfo(.hDevice = 0x1b849040, .propName = UR_DEVICE_INFO_USE_NATIVE_ASSERT, .propSize = 1, .pPropValue = 0x7fff8f28aba0 (true), .pPropSizeRet = nullptr) -> UR_RESULT_SUCCESS;
   ---> urDeviceGetInfo
[2026-10-08 05:08:08.160] [thread-id: 136762468052160] [trace] zeDeviceGetModuleProperties(hDevice, pModuleProperties)
[2026-10-08 05:08:08.160] [thread-id: 136762468052160] [trace] SUCCESS (ZE_RESULT_SUCCESS) in zeDeviceGetModuleProperties(hDevice=0x1b833f28, pModuleProperties={stype=0x1b849360, spirvVersionSupported=65541, flags=15, fp16flags=63, fp32flags=127, fp64flags=127, maxArgumentsSize=2048, printfBufferSize=4194304, nativeKernelSupported={id=0}})
[2026-10-08 05:08:08.160] [thread-id: 136762468052160] [trace] zeDeviceGetImageProperties(hDevice, pImageProperties)
[2026-10-08 05:08:08.160] [thread-id: 136762468052160] [trace] SUCCESS (ZE_RESULT_SUCCESS) in zeDeviceGetImageProperties(hDevice=0x1b833f28, pImageProperties={stype=0x1b849300, maxImageDims1D=16384, maxImageDims2D=16384, maxImageDims3D=2048, maxImageBufferSize=633300480, maxImageArraySlices=2048, maxSamplers=16, maxReadImageArgs=128, maxWriteImageArgs=128})
   <--- urDeviceGetInfo(.hDevice = 0x1b849040, .propName = UR_DEVICE_INFO_EXTENSIONS, .propSize = 0, .pPropValue = nullptr, .pPropSizeRet = 0x7fff8f28ab28 (245)) -> UR_RESULT_SUCCESS;
   ---> urDeviceGetInfo
   <--- urDeviceGetInfo(.hDevice = 0x1b849040, .propName = UR_DEVICE_INFO_EXTENSIONS, .propSize = 245, .pPropValue = 0x1b703740 (cl_khr_il_program cl_khr_subgroups cl_intel_subgroups cl_intel_subgroups_short cl_intel_required_subgroup_size cl_khr_fp16 cl_khr_fp64 cl_khr_int64_base_atomics cl_khr_int64_extended_atomics cl_khr_3d_image_writes cl_intel_bfloat16_conversions ), .pPropSizeRet = nullptr) -> UR_RESULT_SUCCESS;
   ---> urDeviceRetain
   <--- urDeviceRetain(.hDevice = 0x1b849040) -> UR_RESULT_SUCCESS;
   ---> urDeviceGetInfo
   <--- urDeviceGetInfo(.hDevice = 0x1b849040, .propName = UR_DEVICE_INFO_TYPE, .propSize = 4, .pPropValue = 0x7fff8f28ad1c (UR_DEVICE_TYPE_GPU), .pPropSizeRet = nullptr) -> UR_RESULT_SUCCESS;
   ---> urDeviceGetInfo
   <--- urDeviceGetInfo(.hDevice = 0x1b849040, .propName = UR_DEVICE_INFO_VENDOR_ID, .propSize = 4, .pPropValue = 0x7fff8f28ad98 (32902), .pPropSizeRet = nullptr) -> UR_RESULT_SUCCESS;
   ---> urDeviceGetInfo
   <--- urDeviceGetInfo(.hDevice = 0x1b849040, .propName = UR_DEVICE_INFO_DRIVER_VERSION, .propSize = 0, .pPropValue = nullptr, .pPropSizeRet = 0x7fff8f28ac40 (14)) -> UR_RESULT_SUCCESS;
   ---> urDeviceGetInfo
   <--- urDeviceGetInfo(.hDevice = 0x1b849040, .propName = UR_DEVICE_INFO_DRIVER_VERSION, .propSize = 14, .pPropValue = 0x7fff8f28ad68 (1.17.39395+14), .pPropSizeRet = nullptr) -> UR_RESULT_SUCCESS;
   ---> urDeviceGetInfo
   <--- urDeviceGetInfo(.hDevice = 0x1b849040, .propName = UR_DEVICE_INFO_NAME, .propSize = 0, .pPropValue = nullptr, .pPropSizeRet = 0x7fff8f28ab80 (31)) -> UR_RESULT_SUCCESS;
   ---> urDeviceGetInfo
   <--- urDeviceGetInfo(.hDevice = 0x1b849040, .propName = UR_DEVICE_INFO_NAME, .propSize = 31, .pPropValue = 0x1b848fd0 (Intel(R) Arc(TM) B570 Graphics), .pPropSizeRet = nullptr) -> UR_RESULT_SUCCESS;
   ---> urPlatformGetInfo
   <--- urPlatformGetInfo(.hPlatform = 0x1b847810, .propName = UR_PLATFORM_INFO_BACKEND, .propSize = 4, .pPropValue = 0x7fff8f28af5c (UR_BACKEND_LEVEL_ZERO), .pPropSizeRet = nullptr) -> UR_RESULT_SUCCESS;
   ---> urDeviceGetInfo
   <--- urDeviceGetInfo(.hDevice = 0x1b849040, .propName = UR_DEVICE_INFO_TYPE, .propSize = 4, .pPropValue = 0x7fff8f28af54 (UR_DEVICE_TYPE_GPU), .pPropSizeRet = nullptr) -> UR_RESULT_SUCCESS;
   ---> urDeviceRelease
   <--- urDeviceRelease(.hDevice = 0x1b849040) -> UR_RESULT_SUCCESS;
   ---> urDeviceGetInfo
   <--- urDeviceGetInfo(.hDevice = 0x1b849040, .propName = UR_DEVICE_INFO_SUPPORTED_PARTITIONS, .propSize = 0, .pPropValue = nullptr, .pPropSizeRet = 0x7fff8f28af48 (0)) -> UR_RESULT_SUCCESS;
   ---> urDeviceGet
[2026-10-08 05:08:08.160] [thread-id: 136762468052160] [trace] zeDeviceGetRootDevice(hDevice, phRootDevice)
[2026-10-08 05:08:08.160] [thread-id: 136762468052160] [trace] SUCCESS (ZE_RESULT_SUCCESS) in zeDeviceGetRootDevice(hDevice=0x1b833f28, phRootDevice=0x7fff8f28ad50)
   <--- urDeviceGet(.hPlatform = 0x1b847810, .DeviceType = UR_DEVICE_TYPE_ALL, .NumEntries = 0, .phDevices = nullptr, .pNumDevices = 0x7fff8f28b17c (1)) -> UR_RESULT_SUCCESS;
   ---> urDeviceGet
[2026-10-08 05:08:08.160] [thread-id: 136762468052160] [trace] zeDeviceGetRootDevice(hDevice, phRootDevice)
[2026-10-08 05:08:08.160] [thread-id: 136762468052160] [trace] SUCCESS (ZE_RESULT_SUCCESS) in zeDeviceGetRootDevice(hDevice=0x1b833f28, phRootDevice=0x7fff8f28ad50)
   <--- urDeviceGet(.hPlatform = 0x1b847810, .DeviceType = UR_DEVICE_TYPE_ALL, .NumEntries = 1, .phDevices = 0x1b8476b0 {0x1b849040}, .pNumDevices = nullptr) -> UR_RESULT_SUCCESS;
   ---> urPlatformGetInfo
   <--- urPlatformGetInfo(.hPlatform = 0x1b847810, .propName = UR_PLATFORM_INFO_VERSION, .propSize = 0, .pPropValue = nullptr, .pPropSizeRet = 0x7fff8f28ad50 (5)) -> UR_RESULT_SUCCESS;
   ---> urPlatformGetInfo
   <--- urPlatformGetInfo(.hPlatform = 0x1b847810, .propName = UR_PLATFORM_INFO_VERSION, .propSize = 5, .pPropValue = 0x7fff8f28aeb8 (1.17), .pPropSizeRet = nullptr) -> UR_RESULT_SUCCESS;
   ---> urPlatformGetInfo
   <--- urPlatformGetInfo(.hPlatform = 0x1b847810, .propName = UR_PLATFORM_INFO_NAME, .propSize = 0, .pPropValue = nullptr, .pPropSizeRet = 0x7fff8f28ad50 (51)) -> UR_RESULT_SUCCESS;
   ---> urPlatformGetInfo
   <--- urPlatformGetInfo(.hPlatform = 0x1b847810, .propName = UR_PLATFORM_INFO_NAME, .propSize = 51, .pPropValue = 0x1b849c30 (Intel(R) oneAPI Unified Runtime over Level-Zero V2), .pPropSizeRet = nullptr) -> UR_RESULT_SUCCESS;
   ---> urDeviceGetInfo
   <--- urDeviceGetInfo(.hDevice = 0x1b849040, .propName = UR_DEVICE_INFO_TYPE, .propSize = 4, .pPropValue = 0x7fff8f28ae2c (UR_DEVICE_TYPE_GPU), .pPropSizeRet = nullptr) -> UR_RESULT_SUCCESS;
   ---> urDeviceGetInfo
   <--- urDeviceGetInfo(.hDevice = 0x1b849040, .propName = UR_DEVICE_INFO_VENDOR_ID, .propSize = 4, .pPropValue = 0x7fff8f28aea8 (32902), .pPropSizeRet = nullptr) -> UR_RESULT_SUCCESS;
   ---> urDeviceGetInfo
   <--- urDeviceGetInfo(.hDevice = 0x1b849040, .propName = UR_DEVICE_INFO_DRIVER_VERSION, .propSize = 0, .pPropValue = nullptr, .pPropSizeRet = 0x7fff8f28ad50 (14)) -> UR_RESULT_SUCCESS;
   ---> urDeviceGetInfo
   <--- urDeviceGetInfo(.hDevice = 0x1b849040, .propName = UR_DEVICE_INFO_DRIVER_VERSION, .propSize = 14, .pPropValue = 0x7fff8f28ae78 (1.17.39395+14), .pPropSizeRet = nullptr) -> UR_RESULT_SUCCESS;
   ---> urPlatformGetInfo
   <--- urPlatformGetInfo(.hPlatform = 0x1b847810, .propName = UR_PLATFORM_INFO_BACKEND, .propSize = 4, .pPropValue = 0x7fff8f28b06c (UR_BACKEND_LEVEL_ZERO), .pPropSizeRet = nullptr) -> UR_RESULT_SUCCESS;
   ---> urDeviceGetInfo
   <--- urDeviceGetInfo(.hDevice = 0x1b849040, .propName = UR_DEVICE_INFO_TYPE, .propSize = 4, .pPropValue = 0x7fff8f28b064 (UR_DEVICE_TYPE_GPU), .pPropSizeRet = nullptr) -> UR_RESULT_SUCCESS;
   ---> urDeviceRelease
   <--- urDeviceRelease(.hDevice = 0x1b849040) -> UR_RESULT_SUCCESS;
   ---> urDeviceGetInfo
   <--- urDeviceGetInfo(.hDevice = 0x1b849040, .propName = UR_DEVICE_INFO_SUPPORTED_PARTITIONS, .propSize = 0, .pPropValue = nullptr, .pPropSizeRet = 0x7fff8f28b058 (0)) -> UR_RESULT_SUCCESS;
   ---> urDeviceSelectBinary
   <--- urDeviceSelectBinary(.hDevice = 0x1b849040, .pBinaries = 0x7fff8f28b0a0 ((struct ur_device_binary_t){.stype = UR_STRUCTURE_TYPE_CONTEXT_PROPERTIES, .pNext = nullptr, .pDeviceTargetSpec = 0x7c62813373c0 (spir64)}), .NumBinaries = 1, .pSelectedBinary = 0x7fff8f28b0c4 (0)) -> UR_RESULT_SUCCESS;
   ---> urDeviceGet
[2026-10-08 05:08:08.160] [thread-id: 136762468052160] [trace] zeDeviceGetRootDevice(hDevice, phRootDevice)
[2026-10-08 05:08:08.160] [thread-id: 136762468052160] [trace] SUCCESS (ZE_RESULT_SUCCESS) in zeDeviceGetRootDevice(hDevice=0x1b833f28, phRootDevice=0x7fff8f28ace0)
   <--- urDeviceGet(.hPlatform = 0x1b847810, .DeviceType = UR_DEVICE_TYPE_ALL, .NumEntries = 0, .phDevices = nullptr, .pNumDevices = 0x7fff8f28b10c (1)) -> UR_RESULT_SUCCESS;
   ---> urDeviceGet
[2026-10-08 05:08:08.160] [thread-id: 136762468052160] [trace] zeDeviceGetRootDevice(hDevice, phRootDevice)
[2026-10-08 05:08:08.160] [thread-id: 136762468052160] [trace] SUCCESS (ZE_RESULT_SUCCESS) in zeDeviceGetRootDevice(hDevice=0x1b833f28, phRootDevice=0x7fff8f28ace0)
   <--- urDeviceGet(.hPlatform = 0x1b847810, .DeviceType = UR_DEVICE_TYPE_ALL, .NumEntries = 1, .phDevices = 0x1b849d00 {0x1b849040}, .pNumDevices = nullptr) -> UR_RESULT_SUCCESS;
   ---> urPlatformGetInfo
   <--- urPlatformGetInfo(.hPlatform = 0x1b847810, .propName = UR_PLATFORM_INFO_VERSION, .propSize = 0, .pPropValue = nullptr, .pPropSizeRet = 0x7fff8f28ace0 (5)) -> UR_RESULT_SUCCESS;
   ---> urPlatformGetInfo
   <--- urPlatformGetInfo(.hPlatform = 0x1b847810, .propName = UR_PLATFORM_INFO_VERSION, .propSize = 5, .pPropValue = 0x7fff8f28ae48 (1.17), .pPropSizeRet = nullptr) -> UR_RESULT_SUCCESS;
   ---> urPlatformGetInfo
   <--- urPlatformGetInfo(.hPlatform = 0x1b847810, .propName = UR_PLATFORM_INFO_NAME, .propSize = 0, .pPropValue = nullptr, .pPropSizeRet = 0x7fff8f28ace0 (51)) -> UR_RESULT_SUCCESS;
   ---> urPlatformGetInfo
   <--- urPlatformGetInfo(.hPlatform = 0x1b847810, .propName = UR_PLATFORM_INFO_NAME, .propSize = 51, .pPropValue = 0x1b849710 (Intel(R) oneAPI Unified Runtime over Level-Zero V2), .pPropSizeRet = nullptr) -> UR_RESULT_SUCCESS;
   ---> urDeviceGetInfo
   <--- urDeviceGetInfo(.hDevice = 0x1b849040, .propName = UR_DEVICE_INFO_TYPE, .propSize = 4, .pPropValue = 0x7fff8f28adbc (UR_DEVICE_TYPE_GPU), .pPropSizeRet = nullptr) -> UR_RESULT_SUCCESS;
   ---> urDeviceGetInfo
   <--- urDeviceGetInfo(.hDevice = 0x1b849040, .propName = UR_DEVICE_INFO_VENDOR_ID, .propSize = 4, .pPropValue = 0x7fff8f28ae38 (32902), .pPropSizeRet = nullptr) -> UR_RESULT_SUCCESS;
   ---> urDeviceGetInfo
   <--- urDeviceGetInfo(.hDevice = 0x1b849040, .propName = UR_DEVICE_INFO_DRIVER_VERSION, .propSize = 0, .pPropValue = nullptr, .pPropSizeRet = 0x7fff8f28ace0 (14)) -> UR_RESULT_SUCCESS;
   ---> urDeviceGetInfo
   <--- urDeviceGetInfo(.hDevice = 0x1b849040, .propName = UR_DEVICE_INFO_DRIVER_VERSION, .propSize = 14, .pPropValue = 0x7fff8f28ae08 (1.17.39395+14), .pPropSizeRet = nullptr) -> UR_RESULT_SUCCESS;
   ---> urPlatformGetInfo
   <--- urPlatformGetInfo(.hPlatform = 0x1b847810, .propName = UR_PLATFORM_INFO_BACKEND, .propSize = 4, .pPropValue = 0x7fff8f28affc (UR_BACKEND_LEVEL_ZERO), .pPropSizeRet = nullptr) -> UR_RESULT_SUCCESS;
   ---> urDeviceGetInfo
   <--- urDeviceGetInfo(.hDevice = 0x1b849040, .propName = UR_DEVICE_INFO_TYPE, .propSize = 4, .pPropValue = 0x7fff8f28aff4 (UR_DEVICE_TYPE_GPU), .pPropSizeRet = nullptr) -> UR_RESULT_SUCCESS;
   ---> urDeviceRelease
   <--- urDeviceRelease(.hDevice = 0x1b849040) -> UR_RESULT_SUCCESS;
   ---> urDeviceGetInfo
   <--- urDeviceGetInfo(.hDevice = 0x1b849040, .propName = UR_DEVICE_INFO_SUPPORTED_PARTITIONS, .propSize = 0, .pPropValue = nullptr, .pPropSizeRet = 0x7fff8f28afe8 (0)) -> UR_RESULT_SUCCESS;
   ---> urDeviceGet
[2026-10-08 05:08:08.161] [thread-id: 136762468052160] [trace] zeDeviceGetRootDevice(hDevice, phRootDevice)
[2026-10-08 05:08:08.161] [thread-id: 136762468052160] [trace] SUCCESS (ZE_RESULT_SUCCESS) in zeDeviceGetRootDevice(hDevice=0x1b833f28, phRootDevice=0x7fff8f28adf0)
   <--- urDeviceGet(.hPlatform = 0x1b847810, .DeviceType = UR_DEVICE_TYPE_GPU, .NumEntries = 0, .phDevices = nullptr, .pNumDevices = 0x7fff8f28b21c (1)) -> UR_RESULT_SUCCESS;
   ---> urDeviceGet
[2026-10-08 05:08:08.161] [thread-id: 136762468052160] [trace] zeDeviceGetRootDevice(hDevice, phRootDevice)
[2026-10-08 05:08:08.161] [thread-id: 136762468052160] [trace] SUCCESS (ZE_RESULT_SUCCESS) in zeDeviceGetRootDevice(hDevice=0x1b833f28, phRootDevice=0x7fff8f28adf0)
   <--- urDeviceGet(.hPlatform = 0x1b847810, .DeviceType = UR_DEVICE_TYPE_GPU, .NumEntries = 1, .phDevices = 0x1b849d20 {0x1b849040}, .pNumDevices = nullptr) -> UR_RESULT_SUCCESS;
   ---> urPlatformGetInfo
   <--- urPlatformGetInfo(.hPlatform = 0x1b847810, .propName = UR_PLATFORM_INFO_VERSION, .propSize = 0, .pPropValue = nullptr, .pPropSizeRet = 0x7fff8f28adf0 (5)) -> UR_RESULT_SUCCESS;
   ---> urPlatformGetInfo
   <--- urPlatformGetInfo(.hPlatform = 0x1b847810, .propName = UR_PLATFORM_INFO_VERSION, .propSize = 5, .pPropValue = 0x7fff8f28af58 (1.17), .pPropSizeRet = nullptr) -> UR_RESULT_SUCCESS;
   ---> urPlatformGetInfo
   <--- urPlatformGetInfo(.hPlatform = 0x1b847810, .propName = UR_PLATFORM_INFO_NAME, .propSize = 0, .pPropValue = nullptr, .pPropSizeRet = 0x7fff8f28adf0 (51)) -> UR_RESULT_SUCCESS;
   ---> urPlatformGetInfo
   <--- urPlatformGetInfo(.hPlatform = 0x1b847810, .propName = UR_PLATFORM_INFO_NAME, .propSize = 51, .pPropValue = 0x1b849c30 (Intel(R) oneAPI Unified Runtime over Level-Zero V2), .pPropSizeRet = nullptr) -> UR_RESULT_SUCCESS;
   ---> urDeviceGetInfo
   <--- urDeviceGetInfo(.hDevice = 0x1b849040, .propName = UR_DEVICE_INFO_TYPE, .propSize = 4, .pPropValue = 0x7fff8f28aecc (UR_DEVICE_TYPE_GPU), .pPropSizeRet = nullptr) -> UR_RESULT_SUCCESS;
   ---> urDeviceGetInfo
   <--- urDeviceGetInfo(.hDevice = 0x1b849040, .propName = UR_DEVICE_INFO_VENDOR_ID, .propSize = 4, .pPropValue = 0x7fff8f28af48 (32902), .pPropSizeRet = nullptr) -> UR_RESULT_SUCCESS;
   ---> urDeviceGetInfo
   <--- urDeviceGetInfo(.hDevice = 0x1b849040, .propName = UR_DEVICE_INFO_DRIVER_VERSION, .propSize = 0, .pPropValue = nullptr, .pPropSizeRet = 0x7fff8f28adf0 (14)) -> UR_RESULT_SUCCESS;
   ---> urDeviceGetInfo
   <--- urDeviceGetInfo(.hDevice = 0x1b849040, .propName = UR_DEVICE_INFO_DRIVER_VERSION, .propSize = 14, .pPropValue = 0x7fff8f28af18 (1.17.39395+14), .pPropSizeRet = nullptr) -> UR_RESULT_SUCCESS;
   ---> urPlatformGetInfo
   <--- urPlatformGetInfo(.hPlatform = 0x1b847810, .propName = UR_PLATFORM_INFO_BACKEND, .propSize = 4, .pPropValue = 0x7fff8f28b10c (UR_BACKEND_LEVEL_ZERO), .pPropSizeRet = nullptr) -> UR_RESULT_SUCCESS;
   ---> urDeviceGetInfo
   <--- urDeviceGetInfo(.hDevice = 0x1b849040, .propName = UR_DEVICE_INFO_TYPE, .propSize = 4, .pPropValue = 0x7fff8f28b104 (UR_DEVICE_TYPE_GPU), .pPropSizeRet = nullptr) -> UR_RESULT_SUCCESS;
   ---> urDeviceRelease
   <--- urDeviceRelease(.hDevice = 0x1b849040) -> UR_RESULT_SUCCESS;
   ---> urDeviceGetInfo
   <--- urDeviceGetInfo(.hDevice = 0x1b849040, .propName = UR_DEVICE_INFO_SUPPORTED_PARTITIONS, .propSize = 0, .pPropValue = nullptr, .pPropSizeRet = 0x7fff8f28b0f8 (0)) -> UR_RESULT_SUCCESS;
   ---> urDeviceGetInfo
[2026-10-08 05:08:08.161] [thread-id: 136762468052160] [trace] zeDevicePciGetPropertiesExt(hDevice, pPciProperties)
[2026-10-08 05:08:08.161] [thread-id: 136762468052160] [trace] SUCCESS (ZE_RESULT_SUCCESS) in zeDevicePciGetPropertiesExt(hDevice=0x1b833f28, pPciProperties={stype=0x7fff8f28adc0, address={domain=0, bus=5, device=0, function=0}, maxSpeed={genVersion=4, width=8, maxBandwidth=15753846153}})
   <--- urDeviceGetInfo(.hDevice = 0x1b849040, .propName = UR_DEVICE_INFO_PCI_ADDRESS, .propSize = 0, .pPropValue = nullptr, .pPropSizeRet = 0x7fff8f28b238 (13)) -> UR_RESULT_SUCCESS;
   ---> urDeviceGetInfo
[2026-10-08 05:08:08.161] [thread-id: 136762468052160] [trace] zeDevicePciGetPropertiesExt(hDevice, pPciProperties)
[2026-10-08 05:08:08.161] [thread-id: 136762468052160] [trace] SUCCESS (ZE_RESULT_SUCCESS) in zeDevicePciGetPropertiesExt(hDevice=0x1b833f28, pPciProperties={stype=0x7fff8f28aed0, address={domain=0, bus=5, device=0, function=0}, maxSpeed={genVersion=4, width=8, maxBandwidth=15753846153}})
   <--- urDeviceGetInfo(.hDevice = 0x1b849040, .propName = UR_DEVICE_INFO_PCI_ADDRESS, .propSize = 0, .pPropValue = nullptr, .pPropSizeRet = 0x7fff8f28b340 (13)) -> UR_RESULT_SUCCESS;
   ---> urDeviceGetInfo
[2026-10-08 05:08:08.161] [thread-id: 136762468052160] [trace] zeDevicePciGetPropertiesExt(hDevice, pPciProperties)
[2026-10-08 05:08:08.161] [thread-id: 136762468052160] [trace] SUCCESS (ZE_RESULT_SUCCESS) in zeDevicePciGetPropertiesExt(hDevice=0x1b833f28, pPciProperties={stype=0x7fff8f28aed0, address={domain=0, bus=5, device=0, function=0}, maxSpeed={genVersion=4, width=8, maxBandwidth=15753846153}})
   <--- urDeviceGetInfo(.hDevice = 0x1b849040, .propName = UR_DEVICE_INFO_PCI_ADDRESS, .propSize = 13, .pPropValue = 0x7fff8f28b390 (0000:05:00.0), .pPropSizeRet = nullptr) -> UR_RESULT_SUCCESS;
   ---> urDeviceGet
[2026-10-08 05:08:08.161] [thread-id: 136762468052160] [trace] zeDeviceGetRootDevice(hDevice, phRootDevice)
[2026-10-08 05:08:08.161] [thread-id: 136762468052160] [trace] SUCCESS (ZE_RESULT_SUCCESS) in zeDeviceGetRootDevice(hDevice=0x1b833f28, phRootDevice=0x7fff8f28acf0)
   <--- urDeviceGet(.hPlatform = 0x1b847810, .DeviceType = UR_DEVICE_TYPE_ALL, .NumEntries = 0, .phDevices = nullptr, .pNumDevices = 0x7fff8f28b11c (1)) -> UR_RESULT_SUCCESS;
   ---> urDeviceGet
[2026-10-08 05:08:08.161] [thread-id: 136762468052160] [trace] zeDeviceGetRootDevice(hDevice, phRootDevice)
[2026-10-08 05:08:08.161] [thread-id: 136762468052160] [trace] SUCCESS (ZE_RESULT_SUCCESS) in zeDeviceGetRootDevice(hDevice=0x1b833f28, phRootDevice=0x7fff8f28acf0)
   <--- urDeviceGet(.hPlatform = 0x1b847810, .DeviceType = UR_DEVICE_TYPE_ALL, .NumEntries = 1, .phDevices = 0x1b849d40 {0x1b849040}, .pNumDevices = nullptr) -> UR_RESULT_SUCCESS;
   ---> urPlatformGetInfo
   <--- urPlatformGetInfo(.hPlatform = 0x1b847810, .propName = UR_PLATFORM_INFO_VERSION, .propSize = 0, .pPropValue = nullptr, .pPropSizeRet = 0x7fff8f28acf0 (5)) -> UR_RESULT_SUCCESS;
   ---> urPlatformGetInfo
   <--- urPlatformGetInfo(.hPlatform = 0x1b847810, .propName = UR_PLATFORM_INFO_VERSION, .propSize = 5, .pPropValue = 0x7fff8f28ae58 (1.17), .pPropSizeRet = nullptr) -> UR_RESULT_SUCCESS;
   ---> urPlatformGetInfo
   <--- urPlatformGetInfo(.hPlatform = 0x1b847810, .propName = UR_PLATFORM_INFO_NAME, .propSize = 0, .pPropValue = nullptr, .pPropSizeRet = 0x7fff8f28acf0 (51)) -> UR_RESULT_SUCCESS;
   ---> urPlatformGetInfo
   <--- urPlatformGetInfo(.hPlatform = 0x1b847810, .propName = UR_PLATFORM_INFO_NAME, .propSize = 51, .pPropValue = 0x1b849c30 (Intel(R) oneAPI Unified Runtime over Level-Zero V2), .pPropSizeRet = nullptr) -> UR_RESULT_SUCCESS;
   ---> urDeviceGetInfo
   <--- urDeviceGetInfo(.hDevice = 0x1b849040, .propName = UR_DEVICE_INFO_TYPE, .propSize = 4, .pPropValue = 0x7fff8f28adcc (UR_DEVICE_TYPE_GPU), .pPropSizeRet = nullptr) -> UR_RESULT_SUCCESS;
   ---> urDeviceGetInfo
   <--- urDeviceGetInfo(.hDevice = 0x1b849040, .propName = UR_DEVICE_INFO_VENDOR_ID, .propSize = 4, .pPropValue = 0x7fff8f28ae48 (32902), .pPropSizeRet = nullptr) -> UR_RESULT_SUCCESS;
   ---> urDeviceGetInfo
   <--- urDeviceGetInfo(.hDevice = 0x1b849040, .propName = UR_DEVICE_INFO_DRIVER_VERSION, .propSize = 0, .pPropValue = nullptr, .pPropSizeRet = 0x7fff8f28acf0 (14)) -> UR_RESULT_SUCCESS;
   ---> urDeviceGetInfo
   <--- urDeviceGetInfo(.hDevice = 0x1b849040, .propName = UR_DEVICE_INFO_DRIVER_VERSION, .propSize = 14, .pPropValue = 0x7fff8f28ae18 (1.17.39395+14), .pPropSizeRet = nullptr) -> UR_RESULT_SUCCESS;
   ---> urPlatformGetInfo
   <--- urPlatformGetInfo(.hPlatform = 0x1b847810, .propName = UR_PLATFORM_INFO_BACKEND, .propSize = 4, .pPropValue = 0x7fff8f28b00c (UR_BACKEND_LEVEL_ZERO), .pPropSizeRet = nullptr) -> UR_RESULT_SUCCESS;
   ---> urDeviceGetInfo
   <--- urDeviceGetInfo(.hDevice = 0x1b849040, .propName = UR_DEVICE_INFO_TYPE, .propSize = 4, .pPropValue = 0x7fff8f28b004 (UR_DEVICE_TYPE_GPU), .pPropSizeRet = nullptr) -> UR_RESULT_SUCCESS;
   ---> urDeviceRelease
   <--- urDeviceRelease(.hDevice = 0x1b849040) -> UR_RESULT_SUCCESS;
   ---> urDeviceGetInfo
   <--- urDeviceGetInfo(.hDevice = 0x1b849040, .propName = UR_DEVICE_INFO_SUPPORTED_PARTITIONS, .propSize = 0, .pPropValue = nullptr, .pPropSizeRet = 0x7fff8f28aff8 (0)) -> UR_RESULT_SUCCESS;
   ---> urDeviceGetInfo
[2026-10-08 05:08:08.161] [thread-id: 136762468052160] [trace] zeDeviceGetSubDevices(hDevice, pCount, phSubdevices)
[2026-10-08 05:08:08.161] [thread-id: 136762468052160] [trace] SUCCESS (ZE_RESULT_SUCCESS) in zeDeviceGetSubDevices(hDevice=0x1b833f28, pCount=0, phSubdevices=nullptr)
   <--- urDeviceGetInfo(.hDevice = 0x1b849040, .propName = UR_DEVICE_INFO_COMPONENT_DEVICES, .propSize = 0, .pPropValue = nullptr, .pPropSizeRet = 0x7fff8f28ae10 (0)) -> UR_RESULT_SUCCESS;
   ---> urContextCreate
[2026-10-08 05:08:08.161] [thread-id: 136762468052160] [trace] zeContextCreate(hDriver, desc, phContext)
[2026-10-08 05:08:08.161] [thread-id: 136762468052160] [trace] SUCCESS (ZE_RESULT_SUCCESS) in zeContextCreate(hDriver=0x1b8339c8, desc={stype=0x7fff8f28ad40, flags=0}, phContext=0x1b84a738)
[2026-10-08 05:08:08.162] [thread-id: 136762468052160] [trace] zeMemAllocHost(hContext, host_desc, size, alignment, pptr)
[2026-10-08 05:08:08.162] [thread-id: 136762468052160] [trace] SUCCESS (ZE_RESULT_SUCCESS) in zeMemAllocHost(hContext=0x1b84a738, host_desc={stype=0x7fff8f28a7c0, flags=0}, size=1, alignment=0, pptr=0x7c626bdffe00)
[2026-10-08 05:08:08.162] [thread-id: 136762468052160] [trace] zeMemGetAllocProperties(hContext, ptr, pMemAllocProperties, phDevice)
[2026-10-08 05:08:08.162] [thread-id: 136762468052160] [trace] SUCCESS (ZE_RESULT_SUCCESS) in zeMemGetAllocProperties(hContext=0x1b84a738, ptr=0x7c626bdffe00, pMemAllocProperties={stype=0x7fff8f28a7c0, type=0x7fff8f28a7d0, id=1, pageSize=2097152}, phDevice=nullptr)
[2026-10-08 05:08:08.162] [thread-id: 136762468052160] [trace] zeMemFreeExt(hContext, pMemFreeDesc, ptr)
[2026-10-08 05:08:08.162] [thread-id: 136762468052160] [trace] SUCCESS (ZE_RESULT_SUCCESS) in zeMemFreeExt(hContext=0x1b84a738, pMemFreeDesc={stype=0x7fff8f28a7a0, freePolicy=1}, ptr=0x7c626bdffe00)
[2026-10-08 05:08:08.162] [thread-id: 136762468052160] [trace] zeDeviceGetProperties(hDevice, pDeviceProperties)
[2026-10-08 05:08:08.162] [thread-id: 136762468052160] [trace] SUCCESS (ZE_RESULT_SUCCESS) in zeDeviceGetProperties(hDevice=0x1b833f28, pDeviceProperties={stype=0x7c626c26c068, type=0x7c626c26c078, vendorId=32902, deviceId=57868, flags=8, subdeviceId=0, coreClockRate=2750, maxMemAllocSize=10132807680, maxHardwareContexts=65536, maxCommandQueuePriority=0, numThreadsPerEU=8, physicalEUSimdWidth=16, numEUsPerSubslice=8, numSubslicesPerSlice=4, numSlices=5, timerResolution=52, timestampValidBits=64, kernelTimestampValidBits=64, uuid={id=134}, name="Intel(R) Arc(TM) B570 Graphics"})
[2026-10-08 05:08:08.162] [thread-id: 136762468052160] [trace] zeMemAllocDevice(hContext, device_desc, size, alignment, hDevice, pptr)
[2026-10-08 05:08:08.162] [thread-id: 136762468052160] [trace] SUCCESS (ZE_RESULT_SUCCESS) in zeMemAllocDevice(hContext=0x1b84a738, device_desc={stype=0x7fff8f28a780, flags=0, ordinal=0}, size=1, alignment=0, hDevice=0x1b833f28, pptr=0xffffffffff9ffe00)
[2026-10-08 05:08:08.162] [thread-id: 136762468052160] [trace] zeContextMakeMemoryResident(hContext, hDevice, ptr, size)
[2026-10-08 05:08:08.162] [thread-id: 136762468052160] [trace] SUCCESS (ZE_RESULT_SUCCESS) in zeContextMakeMemoryResident(hContext=0x1b84a738, hDevice=0x1b833f28, ptr=0xffffffffff9ffe00, size=1)
[2026-10-08 05:08:08.162] [thread-id: 136762468052160] [trace] zeMemGetAllocProperties(hContext, ptr, pMemAllocProperties, phDevice)
[2026-10-08 05:08:08.162] [thread-id: 136762468052160] [trace] SUCCESS (ZE_RESULT_SUCCESS) in zeMemGetAllocProperties(hContext=0x1b84a738, ptr=0xffffffffff9ffe00, pMemAllocProperties={stype=0x7fff8f28a7c0, type=0x7fff8f28a7d0, id=3, pageSize=65536}, phDevice=nullptr)
[2026-10-08 05:08:08.162] [thread-id: 136762468052160] [trace] zeMemFreeExt(hContext, pMemFreeDesc, ptr)
[2026-10-08 05:08:08.163] [thread-id: 136762468052160] [trace] SUCCESS (ZE_RESULT_SUCCESS) in zeMemFreeExt(hContext=0x1b84a738, pMemFreeDesc={stype=0x7fff8f28a7a0, freePolicy=1}, ptr=0xffffffffff9ffe00)
[2026-10-08 05:08:08.163] [thread-id: 136762468052160] [trace] zeDeviceGetProperties(hDevice, pDeviceProperties)
[2026-10-08 05:08:08.163] [thread-id: 136762468052160] [trace] SUCCESS (ZE_RESULT_SUCCESS) in zeDeviceGetProperties(hDevice=0x1b833f28, pDeviceProperties={stype=0x7c626c264068, type=0x7c626c264078, vendorId=32902, deviceId=57868, flags=8, subdeviceId=0, coreClockRate=2750, maxMemAllocSize=10132807680, maxHardwareContexts=65536, maxCommandQueuePriority=0, numThreadsPerEU=8, physicalEUSimdWidth=16, numEUsPerSubslice=8, numSubslicesPerSlice=4, numSlices=5, timerResolution=52, timestampValidBits=64, kernelTimestampValidBits=64, uuid={id=134}, name="Intel(R) Arc(TM) B570 Graphics"})
[2026-10-08 05:08:08.163] [thread-id: 136762468052160] [trace] zeMemAllocShared(hContext, device_desc, host_desc, size, alignment, hDevice, pptr)
[2026-10-08 05:08:08.163] [thread-id: 136762468052160] [trace] SUCCESS (ZE_RESULT_SUCCESS) in zeMemAllocShared(hContext=0x1b84a738, device_desc={stype=0x7fff8f28a7c0, flags=0, ordinal=0}, host_desc={stype=0x7fff8f28a7a0, flags=0}, size=1, alignment=0, hDevice=0x1b833f28, pptr=0x7c626bef0000)
[2026-10-08 05:08:08.163] [thread-id: 136762468052160] [trace] zeMemGetAllocProperties(hContext, ptr, pMemAllocProperties, phDevice)
[2026-10-08 05:08:08.163] [thread-id: 136762468052160] [trace] SUCCESS (ZE_RESULT_SUCCESS) in zeMemGetAllocProperties(hContext=0x1b84a738, ptr=0x7c626bef0000, pMemAllocProperties={stype=0x7fff8f28a7c0, type=0x7fff8f28a7d0, id=5, pageSize=65536}, phDevice=nullptr)
[2026-10-08 05:08:08.163] [thread-id: 136762468052160] [trace] zeMemFreeExt(hContext, pMemFreeDesc, ptr)
[2026-10-08 05:08:08.163] [thread-id: 136762468052160] [trace] SUCCESS (ZE_RESULT_SUCCESS) in zeMemFreeExt(hContext=0x1b84a738, pMemFreeDesc={stype=0x7fff8f28a7a0, freePolicy=1}, ptr=0x7c626bef0000)
[2026-10-08 05:08:08.163] [thread-id: 136762468052160] [trace] zeDeviceGetProperties(hDevice, pDeviceProperties)
[2026-10-08 05:08:08.164] [thread-id: 136762468052160] [trace] SUCCESS (ZE_RESULT_SUCCESS) in zeDeviceGetProperties(hDevice=0x1b833f28, pDeviceProperties={stype=0x7c626bef6068, type=0x7c626bef6078, vendorId=32902, deviceId=57868, flags=8, subdeviceId=0, coreClockRate=2750, maxMemAllocSize=10132807680, maxHardwareContexts=65536, maxCommandQueuePriority=0, numThreadsPerEU=8, physicalEUSimdWidth=16, numEUsPerSubslice=8, numSubslicesPerSlice=4, numSlices=5, timerResolution=52, timestampValidBits=64, kernelTimestampValidBits=64, uuid={id=134}, name="Intel(R) Arc(TM) B570 Graphics"})
[2026-10-08 05:08:08.164] [thread-id: 136762468052160] [trace] zeMemAllocShared(hContext, device_desc, host_desc, size, alignment, hDevice, pptr)
[2026-10-08 05:08:08.164] [thread-id: 136762468052160] [trace] SUCCESS (ZE_RESULT_SUCCESS) in zeMemAllocShared(hContext=0x1b84a738, device_desc={stype=0x7fff8f28a7c0, flags=0, ordinal=0}, host_desc={stype=0x7fff8f28a7a0, flags=0}, size=1, alignment=0, hDevice=0x1b833f28, pptr=0x7c626bee0000)
[2026-10-08 05:08:08.164] [thread-id: 136762468052160] [trace] zeMemGetAllocProperties(hContext, ptr, pMemAllocProperties, phDevice)
[2026-10-08 05:08:08.164] [thread-id: 136762468052160] [trace] SUCCESS (ZE_RESULT_SUCCESS) in zeMemGetAllocProperties(hContext=0x1b84a738, ptr=0x7c626bee0000, pMemAllocProperties={stype=0x7fff8f28a7c0, type=0x7fff8f28a7d0, id=6, pageSize=65536}, phDevice=nullptr)
[2026-10-08 05:08:08.164] [thread-id: 136762468052160] [trace] zeMemFreeExt(hContext, pMemFreeDesc, ptr)
[2026-10-08 05:08:08.164] [thread-id: 136762468052160] [trace] SUCCESS (ZE_RESULT_SUCCESS) in zeMemFreeExt(hContext=0x1b84a738, pMemFreeDesc={stype=0x7fff8f28a7a0, freePolicy=1}, ptr=0x7c626bee0000)
[2026-10-08 05:08:08.164] [thread-id: 136762468052160] [trace] zeMemAllocHost(hContext, host_desc, size, alignment, pptr)
[2026-10-08 05:08:08.164] [thread-id: 136762468052160] [trace] SUCCESS (ZE_RESULT_SUCCESS) in zeMemAllocHost(hContext=0x1b84a738, host_desc={stype=0x7fff8f28a7c0, flags=0}, size=1, alignment=0, pptr=0x7c626bdffe00)
[2026-10-08 05:08:08.164] [thread-id: 136762468052160] [trace] zeMemGetAllocProperties(hContext, ptr, pMemAllocProperties, phDevice)
[2026-10-08 05:08:08.164] [thread-id: 136762468052160] [trace] SUCCESS (ZE_RESULT_SUCCESS) in zeMemGetAllocProperties(hContext=0x1b84a738, ptr=0x7c626bdffe00, pMemAllocProperties={stype=0x7fff8f28a7c0, type=0x7fff8f28a7d0, id=1, pageSize=2097152}, phDevice=nullptr)
[2026-10-08 05:08:08.164] [thread-id: 136762468052160] [trace] zeMemFreeExt(hContext, pMemFreeDesc, ptr)
[2026-10-08 05:08:08.164] [thread-id: 136762468052160] [trace] SUCCESS (ZE_RESULT_SUCCESS) in zeMemFreeExt(hContext=0x1b84a738, pMemFreeDesc={stype=0x7fff8f28a7a0, freePolicy=1}, ptr=0x7c626bdffe00)
[2026-10-08 05:08:08.164] [thread-id: 136762468052160] [trace] zeDeviceGetProperties(hDevice, pDeviceProperties)
[2026-10-08 05:08:08.164] [thread-id: 136762468052160] [trace] SUCCESS (ZE_RESULT_SUCCESS) in zeDeviceGetProperties(hDevice=0x1b833f28, pDeviceProperties={stype=0x7c626beee068, type=0x7c626beee078, vendorId=32902, deviceId=57868, flags=8, subdeviceId=0, coreClockRate=2750, maxMemAllocSize=10132807680, maxHardwareContexts=65536, maxCommandQueuePriority=0, numThreadsPerEU=8, physicalEUSimdWidth=16, numEUsPerSubslice=8, numSubslicesPerSlice=4, numSlices=5, timerResolution=52, timestampValidBits=64, kernelTimestampValidBits=64, uuid={id=134}, name="Intel(R) Arc(TM) B570 Graphics"})
[2026-10-08 05:08:08.164] [thread-id: 136762468052160] [trace] zeMemAllocDevice(hContext, device_desc, size, alignment, hDevice, pptr)
[2026-10-08 05:08:08.164] [thread-id: 136762468052160] [trace] SUCCESS (ZE_RESULT_SUCCESS) in zeMemAllocDevice(hContext=0x1b84a738, device_desc={stype=0x7fff8f28a780, flags=0, ordinal=0}, size=1, alignment=0, hDevice=0x1b833f28, pptr=0xffffffffff9ffe00)
[2026-10-08 05:08:08.164] [thread-id: 136762468052160] [trace] zeContextMakeMemoryResident(hContext, hDevice, ptr, size)
[2026-10-08 05:08:08.164] [thread-id: 136762468052160] [trace] SUCCESS (ZE_RESULT_SUCCESS) in zeContextMakeMemoryResident(hContext=0x1b84a738, hDevice=0x1b833f28, ptr=0xffffffffff9ffe00, size=1)
[2026-10-08 05:08:08.164] [thread-id: 136762468052160] [trace] zeMemGetAllocProperties(hContext, ptr, pMemAllocProperties, phDevice)
[2026-10-08 05:08:08.164] [thread-id: 136762468052160] [trace] SUCCESS (ZE_RESULT_SUCCESS) in zeMemGetAllocProperties(hContext=0x1b84a738, ptr=0xffffffffff9ffe00, pMemAllocProperties={stype=0x7fff8f28a7c0, type=0x7fff8f28a7d0, id=3, pageSize=65536}, phDevice=nullptr)
[2026-10-08 05:08:08.164] [thread-id: 136762468052160] [trace] zeMemFreeExt(hContext, pMemFreeDesc, ptr)
[2026-10-08 05:08:08.164] [thread-id: 136762468052160] [trace] SUCCESS (ZE_RESULT_SUCCESS) in zeMemFreeExt(hContext=0x1b84a738, pMemFreeDesc={stype=0x7fff8f28a7a0, freePolicy=1}, ptr=0xffffffffff9ffe00)
[2026-10-08 05:08:08.164] [thread-id: 136762468052160] [trace] zeDeviceGetProperties(hDevice, pDeviceProperties)
[2026-10-08 05:08:08.164] [thread-id: 136762468052160] [trace] SUCCESS (ZE_RESULT_SUCCESS) in zeDeviceGetProperties(hDevice=0x1b833f28, pDeviceProperties={stype=0x7c626bee1068, type=0x7c626bee1078, vendorId=32902, deviceId=57868, flags=8, subdeviceId=0, coreClockRate=2750, maxMemAllocSize=10132807680, maxHardwareContexts=65536, maxCommandQueuePriority=0, numThreadsPerEU=8, physicalEUSimdWidth=16, numEUsPerSubslice=8, numSubslicesPerSlice=4, numSlices=5, timerResolution=52, timestampValidBits=64, kernelTimestampValidBits=64, uuid={id=134}, name="Intel(R) Arc(TM) B570 Graphics"})
[2026-10-08 05:08:08.164] [thread-id: 136762468052160] [trace] zeMemAllocShared(hContext, device_desc, host_desc, size, alignment, hDevice, pptr)
[2026-10-08 05:08:08.165] [thread-id: 136762468052160] [trace] SUCCESS (ZE_RESULT_SUCCESS) in zeMemAllocShared(hContext=0x1b84a738, device_desc={stype=0x7fff8f28a7c0, flags=0, ordinal=0}, host_desc={stype=0x7fff8f28a7a0, flags=0}, size=1, alignment=0, hDevice=0x1b833f28, pptr=0x7c626bed0000)
[2026-10-08 05:08:08.165] [thread-id: 136762468052160] [trace] zeMemGetAllocProperties(hContext, ptr, pMemAllocProperties, phDevice)
[2026-10-08 05:08:08.165] [thread-id: 136762468052160] [trace] SUCCESS (ZE_RESULT_SUCCESS) in zeMemGetAllocProperties(hContext=0x1b84a738, ptr=0x7c626bed0000, pMemAllocProperties={stype=0x7fff8f28a7c0, type=0x7fff8f28a7d0, id=9, pageSize=65536}, phDevice=nullptr)
[2026-10-08 05:08:08.165] [thread-id: 136762468052160] [trace] zeMemFreeExt(hContext, pMemFreeDesc, ptr)
[2026-10-08 05:08:08.165] [thread-id: 136762468052160] [trace] SUCCESS (ZE_RESULT_SUCCESS) in zeMemFreeExt(hContext=0x1b84a738, pMemFreeDesc={stype=0x7fff8f28a7a0, freePolicy=1}, ptr=0x7c626bed0000)
[2026-10-08 05:08:08.165] [thread-id: 136762468052160] [trace] zeDeviceGetProperties(hDevice, pDeviceProperties)
[2026-10-08 05:08:08.165] [thread-id: 136762468052160] [trace] SUCCESS (ZE_RESULT_SUCCESS) in zeDeviceGetProperties(hDevice=0x1b833f28, pDeviceProperties={stype=0x7c626bedd068, type=0x7c626bedd078, vendorId=32902, deviceId=57868, flags=8, subdeviceId=0, coreClockRate=2750, maxMemAllocSize=10132807680, maxHardwareContexts=65536, maxCommandQueuePriority=0, numThreadsPerEU=8, physicalEUSimdWidth=16, numEUsPerSubslice=8, numSubslicesPerSlice=4, numSlices=5, timerResolution=52, timestampValidBits=64, kernelTimestampValidBits=64, uuid={id=134}, name="Intel(R) Arc(TM) B570 Graphics"})
[2026-10-08 05:08:08.165] [thread-id: 136762468052160] [trace] zeMemAllocShared(hContext, device_desc, host_desc, size, alignment, hDevice, pptr)
[2026-10-08 05:08:08.165] [thread-id: 136762468052160] [trace] SUCCESS (ZE_RESULT_SUCCESS) in zeMemAllocShared(hContext=0x1b84a738, device_desc={stype=0x7fff8f28a7c0, flags=0, ordinal=0}, host_desc={stype=0x7fff8f28a7a0, flags=0}, size=1, alignment=0, hDevice=0x1b833f28, pptr=0x7c626bec0000)
[2026-10-08 05:08:08.165] [thread-id: 136762468052160] [trace] zeMemGetAllocProperties(hContext, ptr, pMemAllocProperties, phDevice)
[2026-10-08 05:08:08.165] [thread-id: 136762468052160] [trace] SUCCESS (ZE_RESULT_SUCCESS) in zeMemGetAllocProperties(hContext=0x1b84a738, ptr=0x7c626bec0000, pMemAllocProperties={stype=0x7fff8f28a7c0, type=0x7fff8f28a7d0, id=10, pageSize=65536}, phDevice=nullptr)
[2026-10-08 05:08:08.165] [thread-id: 136762468052160] [trace] zeMemFreeExt(hContext, pMemFreeDesc, ptr)
[2026-10-08 05:08:08.165] [thread-id: 136762468052160] [trace] SUCCESS (ZE_RESULT_SUCCESS) in zeMemFreeExt(hContext=0x1b84a738, pMemFreeDesc={stype=0x7fff8f28a7a0, freePolicy=1}, ptr=0x7c626bec0000)
   <--- urContextCreate(.DeviceCount = 1, .phDevices = 0x1b849ce0 {0x1b849040}, .pProperties = nullptr, .phContext = 0x1b84bc40 (0x1b84db90)) -> UR_RESULT_SUCCESS;
   ---> urQueueCreate
<LEVEL_ZERO>[INFO]: Copy offload is disabled by the environment variable.
<LEVEL_ZERO>[DEBUG]: create command list ordinal: 0, type: immediate, device: 0x1b833f28, inOrder: 1
[2026-10-08 05:08:08.165] [thread-id: 136762468052160] [trace] zeCommandListCreateImmediate(hContext, hDevice, altdesc, phCommandList)
[2026-10-08 05:08:08.167] [thread-id: 136762468052160] [trace] SUCCESS (ZE_RESULT_SUCCESS) in zeCommandListCreateImmediate(hContext=0x1b84a738, hDevice=0x1b833f28, altdesc={stype=0x7fff8f28acc0, ordinal=0, index=0, flags=2, mode=0x7fff8f28acdc, priority=0x7fff8f28ace0}, phCommandList=0x1b851d88)
[2026-10-08 05:08:08.167] [thread-id: 136762468052160] [trace] zeDriverGetExtensionFunctionAddress(hDriver, name, ppFunctionAddress)
[2026-10-08 05:08:08.167] [thread-id: 136762468052160] [trace] SUCCESS (ZE_RESULT_SUCCESS) in zeDriverGetExtensionFunctionAddress(hDriver=0x1b8339c8, name="zexCounterBasedEventCreate2", ppFunctionAddress=0x7c627a3b7c00)
   <--- urQueueCreate(.hContext = 0x1b84db90, .hDevice = 0x1b849040, .pProperties = 0x7fff8f28b2a0 ((struct ur_queue_properties_t){.stype = UR_STRUCTURE_TYPE_QUEUE_PROPERTIES, .pNext = nullptr, .flags = 0}), .phQueue = 0x7fff8f28b2b8 (0x1b8510a0)) -> UR_RESULT_SUCCESS;
   ---> urDeviceGetInfo
[2026-10-08 05:08:08.167] [thread-id: 136762468052160] [trace] zeDeviceGetMemoryAccessProperties(hDevice, pMemAccessProperties)
[2026-10-08 05:08:08.167] [thread-id: 136762468052160] [trace] SUCCESS (ZE_RESULT_SUCCESS) in zeDeviceGetMemoryAccessProperties(hDevice=0x1b833f28, pMemAccessProperties={stype=0x1b849420, hostAllocCapabilities=3, deviceAllocCapabilities=3, sharedSingleDeviceAllocCapabilities=3, sharedCrossDeviceAllocCapabilities=0, sharedSystemAllocCapabilities=15})
   <--- urDeviceGetInfo(.hDevice = 0x1b849040, .propName = UR_DEVICE_INFO_USM_DEVICE_SUPPORT, .propSize = 4, .pPropValue = 0x7fff8f28b104 (UR_DEVICE_USM_ACCESS_CAPABILITY_FLAG_ACCESS | UR_DEVICE_USM_ACCESS_CAPABILITY_FLAG_ATOMIC_ACCESS), .pPropSizeRet = nullptr) -> UR_RESULT_SUCCESS;
   ---> urUSMDeviceAlloc
[2026-10-08 05:08:08.167] [thread-id: 136762468052160] [trace] zeMemAllocDevice(hContext, device_desc, size, alignment, hDevice, pptr)
[2026-10-08 05:08:08.167] [thread-id: 136762468052160] [trace] SUCCESS (ZE_RESULT_SUCCESS) in zeMemAllocDevice(hContext=0x1b84a738, device_desc={stype=0x7fff8f28ad10, flags=0, ordinal=0}, size=65536, alignment=0, hDevice=0x1b833f28, pptr=0xffffffffff600000)
[2026-10-08 05:08:08.167] [thread-id: 136762468052160] [trace] zeContextMakeMemoryResident(hContext, hDevice, ptr, size)
[2026-10-08 05:08:08.167] [thread-id: 136762468052160] [trace] SUCCESS (ZE_RESULT_SUCCESS) in zeContextMakeMemoryResident(hContext=0x1b84a738, hDevice=0x1b833f28, ptr=0xffffffffff600000, size=65536)
   <--- urUSMDeviceAlloc(.hContext = 0x1b84db90, .hDevice = 0x1b849040, .pUSMDesc = 0x7fff8f28b270 ((struct ur_usm_desc_t){.stype = UR_STRUCTURE_TYPE_CONTEXT_PROPERTIES, .pNext = nullptr, .hints = 0, .align = 4}), .pool = nullptr, .size = 65536, .ppMem = 0x7fff8f28b288 (0xffffffffff600000)) -> UR_RESULT_SUCCESS;
   ---> urEnqueueUSMMemcpy
<LEVEL_ZERO>[DEBUG]: ze_event_pool_desc_t flags set to: 1
[2026-10-08 05:08:08.168] [thread-id: 136762468052160] [trace] zexCounterBasedEventCreate2(hContext, hDevice, desc, phEvent)
[2026-10-08 05:08:08.168] [thread-id: 136762468052160] [trace] SUCCESS (ZE_RESULT_SUCCESS) in zexCounterBasedEventCreate2(hContext=0x1b84a738, hDevice=0x1b833f28, desc=0x7fff8f28acc0, phEvent=0x1b882a68)
<LEVEL_ZERO>[DEBUG]: ze_event_pool_desc_t flags set to: 1
[2026-10-08 05:08:08.168] [thread-id: 136762468052160] [trace] zexCounterBasedEventCreate2(hContext, hDevice, desc, phEvent)
[2026-10-08 05:08:08.168] [thread-id: 136762468052160] [trace] SUCCESS (ZE_RESULT_SUCCESS) in zexCounterBasedEventCreate2(hContext=0x1b84a738, hDevice=0x1b833f28, desc=0x7fff8f28acc0, phEvent=0x1b882e08)
<LEVEL_ZERO>[DEBUG]: ze_event_pool_desc_t flags set to: 1
[2026-10-08 05:08:08.168] [thread-id: 136762468052160] [trace] zexCounterBasedEventCreate2(hContext, hDevice, desc, phEvent)
[2026-10-08 05:08:08.168] [thread-id: 136762468052160] [trace] SUCCESS (ZE_RESULT_SUCCESS) in zexCounterBasedEventCreate2(hContext=0x1b84a738, hDevice=0x1b833f28, desc=0x7fff8f28acc0, phEvent=0x1b883528)
<LEVEL_ZERO>[DEBUG]: ze_event_pool_desc_t flags set to: 1
[2026-10-08 05:08:08.168] [thread-id: 136762468052160] [trace] zexCounterBasedEventCreate2(hContext, hDevice, desc, phEvent)
[2026-10-08 05:08:08.168] [thread-id: 136762468052160] [trace] SUCCESS (ZE_RESULT_SUCCESS) in zexCounterBasedEventCreate2(hContext=0x1b84a738, hDevice=0x1b833f28, desc=0x7fff8f28acc0, phEvent=0x1b883a68)
<LEVEL_ZERO>[DEBUG]: ze_event_pool_desc_t flags set to: 1
[2026-10-08 05:08:08.168] [thread-id: 136762468052160] [trace] zexCounterBasedEventCreate2(hContext, hDevice, desc, phEvent)
[2026-10-08 05:08:08.168] [thread-id: 136762468052160] [trace] SUCCESS (ZE_RESULT_SUCCESS) in zexCounterBasedEventCreate2(hContext=0x1b84a738, hDevice=0x1b833f28, desc=0x7fff8f28acc0, phEvent=0x1b884168)
<LEVEL_ZERO>[DEBUG]: ze_event_pool_desc_t flags set to: 1
[2026-10-08 05:08:08.168] [thread-id: 136762468052160] [trace] zexCounterBasedEventCreate2(hContext, hDevice, desc, phEvent)
[2026-10-08 05:08:08.168] [thread-id: 136762468052160] [trace] SUCCESS (ZE_RESULT_SUCCESS) in zexCounterBasedEventCreate2(hContext=0x1b84a738, hDevice=0x1b833f28, desc=0x7fff8f28acc0, phEvent=0x1b8846c8)
<LEVEL_ZERO>[DEBUG]: ze_event_pool_desc_t flags set to: 1
[2026-10-08 05:08:08.168] [thread-id: 136762468052160] [trace] zexCounterBasedEventCreate2(hContext, hDevice, desc, phEvent)
[2026-10-08 05:08:08.168] [thread-id: 136762468052160] [trace] SUCCESS (ZE_RESULT_SUCCESS) in zexCounterBasedEventCreate2(hContext=0x1b84a738, hDevice=0x1b833f28, desc=0x7fff8f28acc0, phEvent=0x1b884dc8)
<LEVEL_ZERO>[DEBUG]: ze_event_pool_desc_t flags set to: 1
[2026-10-08 05:08:08.168] [thread-id: 136762468052160] [trace] zexCounterBasedEventCreate2(hContext, hDevice, desc, phEvent)
[2026-10-08 05:08:08.168] [thread-id: 136762468052160] [trace] SUCCESS (ZE_RESULT_SUCCESS) in zexCounterBasedEventCreate2(hContext=0x1b84a738, hDevice=0x1b833f28, desc=0x7fff8f28acc0, phEvent=0x1b8852d8)
<LEVEL_ZERO>[DEBUG]: ze_event_pool_desc_t flags set to: 1
[2026-10-08 05:08:08.168] [thread-id: 136762468052160] [trace] zexCounterBasedEventCreate2(hContext, hDevice, desc, phEvent)
[2026-10-08 05:08:08.168] [thread-id: 136762468052160] [trace] SUCCESS (ZE_RESULT_SUCCESS) in zexCounterBasedEventCreate2(hContext=0x1b84a738, hDevice=0x1b833f28, desc=0x7fff8f28acc0, phEvent=0x1b8859d8)
<LEVEL_ZERO>[DEBUG]: ze_event_pool_desc_t flags set to: 1
[2026-10-08 05:08:08.168] [thread-id: 136762468052160] [trace] zexCounterBasedEventCreate2(hContext, hDevice, desc, phEvent)
[2026-10-08 05:08:08.168] [thread-id: 136762468052160] [trace] SUCCESS (ZE_RESULT_SUCCESS) in zexCounterBasedEventCreate2(hContext=0x1b84a738, hDevice=0x1b833f28, desc=0x7fff8f28acc0, phEvent=0x1b885ee8)
<LEVEL_ZERO>[DEBUG]: ze_event_pool_desc_t flags set to: 1
[2026-10-08 05:08:08.168] [thread-id: 136762468052160] [trace] zexCounterBasedEventCreate2(hContext, hDevice, desc, phEvent)
[2026-10-08 05:08:08.168] [thread-id: 136762468052160] [trace] SUCCESS (ZE_RESULT_SUCCESS) in zexCounterBasedEventCreate2(hContext=0x1b84a738, hDevice=0x1b833f28, desc=0x7fff8f28acc0, phEvent=0x1b8865e8)
<LEVEL_ZERO>[DEBUG]: ze_event_pool_desc_t flags set to: 1
[2026-10-08 05:08:08.168] [thread-id: 136762468052160] [trace] zexCounterBasedEventCreate2(hContext, hDevice, desc, phEvent)
[2026-10-08 05:08:08.168] [thread-id: 136762468052160] [trace] SUCCESS (ZE_RESULT_SUCCESS) in zexCounterBasedEventCreate2(hContext=0x1b84a738, hDevice=0x1b833f28, desc=0x7fff8f28acc0, phEvent=0x1b886b98)
<LEVEL_ZERO>[DEBUG]: ze_event_pool_desc_t flags set to: 1
[2026-10-08 05:08:08.168] [thread-id: 136762468052160] [trace] zexCounterBasedEventCreate2(hContext, hDevice, desc, phEvent)
[2026-10-08 05:08:08.168] [thread-id: 136762468052160] [trace] SUCCESS (ZE_RESULT_SUCCESS) in zexCounterBasedEventCreate2(hContext=0x1b84a738, hDevice=0x1b833f28, desc=0x7fff8f28acc0, phEvent=0x1b887298)
<LEVEL_ZERO>[DEBUG]: ze_event_pool_desc_t flags set to: 1
[2026-10-08 05:08:08.168] [thread-id: 136762468052160] [trace] zexCounterBasedEventCreate2(hContext, hDevice, desc, phEvent)
[2026-10-08 05:08:08.168] [thread-id: 136762468052160] [trace] SUCCESS (ZE_RESULT_SUCCESS) in zexCounterBasedEventCreate2(hContext=0x1b84a738, hDevice=0x1b833f28, desc=0x7fff8f28acc0, phEvent=0x1b8877a8)
<LEVEL_ZERO>[DEBUG]: ze_event_pool_desc_t flags set to: 1
[2026-10-08 05:08:08.168] [thread-id: 136762468052160] [trace] zexCounterBasedEventCreate2(hContext, hDevice, desc, phEvent)
[2026-10-08 05:08:08.168] [thread-id: 136762468052160] [trace] SUCCESS (ZE_RESULT_SUCCESS) in zexCounterBasedEventCreate2(hContext=0x1b84a738, hDevice=0x1b833f28, desc=0x7fff8f28acc0, phEvent=0x1b887ea8)
<LEVEL_ZERO>[DEBUG]: ze_event_pool_desc_t flags set to: 1
[2026-10-08 05:08:08.168] [thread-id: 136762468052160] [trace] zexCounterBasedEventCreate2(hContext, hDevice, desc, phEvent)
[2026-10-08 05:08:08.168] [thread-id: 136762468052160] [trace] SUCCESS (ZE_RESULT_SUCCESS) in zexCounterBasedEventCreate2(hContext=0x1b84a738, hDevice=0x1b833f28, desc=0x7fff8f28acc0, phEvent=0x1b8883b8)
<LEVEL_ZERO>[DEBUG]: ze_event_pool_desc_t flags set to: 1
[2026-10-08 05:08:08.168] [thread-id: 136762468052160] [trace] zexCounterBasedEventCreate2(hContext, hDevice, desc, phEvent)
[2026-10-08 05:08:08.168] [thread-id: 136762468052160] [trace] SUCCESS (ZE_RESULT_SUCCESS) in zexCounterBasedEventCreate2(hContext=0x1b84a738, hDevice=0x1b833f28, desc=0x7fff8f28acc0, phEvent=0x1b888ab8)
<LEVEL_ZERO>[DEBUG]: ze_event_pool_desc_t flags set to: 1
[2026-10-08 05:08:08.168] [thread-id: 136762468052160] [trace] zexCounterBasedEventCreate2(hContext, hDevice, desc, phEvent)
[2026-10-08 05:08:08.168] [thread-id: 136762468052160] [trace] SUCCESS (ZE_RESULT_SUCCESS) in zexCounterBasedEventCreate2(hContext=0x1b84a738, hDevice=0x1b833f28, desc=0x7fff8f28acc0, phEvent=0x1b8890d8)
<LEVEL_ZERO>[DEBUG]: ze_event_pool_desc_t flags set to: 1
[2026-10-08 05:08:08.168] [thread-id: 136762468052160] [trace] zexCounterBasedEventCreate2(hContext, hDevice, desc, phEvent)
[2026-10-08 05:08:08.168] [thread-id: 136762468052160] [trace] SUCCESS (ZE_RESULT_SUCCESS) in zexCounterBasedEventCreate2(hContext=0x1b84a738, hDevice=0x1b833f28, desc=0x7fff8f28acc0, phEvent=0x1b8897d8)
<LEVEL_ZERO>[DEBUG]: ze_event_pool_desc_t flags set to: 1
[2026-10-08 05:08:08.168] [thread-id: 136762468052160] [trace] zexCounterBasedEventCreate2(hContext, hDevice, desc, phEvent)
[2026-10-08 05:08:08.168] [thread-id: 136762468052160] [trace] SUCCESS (ZE_RESULT_SUCCESS) in zexCounterBasedEventCreate2(hContext=0x1b84a738, hDevice=0x1b833f28, desc=0x7fff8f28acc0, phEvent=0x1b889ce8)
<LEVEL_ZERO>[DEBUG]: ze_event_pool_desc_t flags set to: 1
[2026-10-08 05:08:08.168] [thread-id: 136762468052160] [trace] zexCounterBasedEventCreate2(hContext, hDevice, desc, phEvent)
[2026-10-08 05:08:08.168] [thread-id: 136762468052160] [trace] SUCCESS (ZE_RESULT_SUCCESS) in zexCounterBasedEventCreate2(hContext=0x1b84a738, hDevice=0x1b833f28, desc=0x7fff8f28acc0, phEvent=0x1b88a3e8)
<LEVEL_ZERO>[DEBUG]: ze_event_pool_desc_t flags set to: 1
[2026-10-08 05:08:08.168] [thread-id: 136762468052160] [trace] zexCounterBasedEventCreate2(hContext, hDevice, desc, phEvent)
[2026-10-08 05:08:08.168] [thread-id: 136762468052160] [trace] SUCCESS (ZE_RESULT_SUCCESS) in zexCounterBasedEventCreate2(hContext=0x1b84a738, hDevice=0x1b833f28, desc=0x7fff8f28acc0, phEvent=0x1b88a8f8)
<LEVEL_ZERO>[DEBUG]: ze_event_pool_desc_t flags set to: 1
[2026-10-08 05:08:08.168] [thread-id: 136762468052160] [trace] zexCounterBasedEventCreate2(hContext, hDevice, desc, phEvent)
[2026-10-08 05:08:08.168] [thread-id: 136762468052160] [trace] SUCCESS (ZE_RESULT_SUCCESS) in zexCounterBasedEventCreate2(hContext=0x1b84a738, hDevice=0x1b833f28, desc=0x7fff8f28acc0, phEvent=0x1b88aff8)
<LEVEL_ZERO>[DEBUG]: ze_event_pool_desc_t flags set to: 1
[2026-10-08 05:08:08.168] [thread-id: 136762468052160] [trace] zexCounterBasedEventCreate2(hContext, hDevice, desc, phEvent)
[2026-10-08 05:08:08.168] [thread-id: 136762468052160] [trace] SUCCESS (ZE_RESULT_SUCCESS) in zexCounterBasedEventCreate2(hContext=0x1b84a738, hDevice=0x1b833f28, desc=0x7fff8f28acc0, phEvent=0x1b88b508)
<LEVEL_ZERO>[DEBUG]: ze_event_pool_desc_t flags set to: 1
[2026-10-08 05:08:08.168] [thread-id: 136762468052160] [trace] zexCounterBasedEventCreate2(hContext, hDevice, desc, phEvent)
[2026-10-08 05:08:08.168] [thread-id: 136762468052160] [trace] SUCCESS (ZE_RESULT_SUCCESS) in zexCounterBasedEventCreate2(hContext=0x1b84a738, hDevice=0x1b833f28, desc=0x7fff8f28acc0, phEvent=0x1b88bd48)
<LEVEL_ZERO>[DEBUG]: ze_event_pool_desc_t flags set to: 1
[2026-10-08 05:08:08.168] [thread-id: 136762468052160] [trace] zexCounterBasedEventCreate2(hContext, hDevice, desc, phEvent)
[2026-10-08 05:08:08.169] [thread-id: 136762468052160] [trace] SUCCESS (ZE_RESULT_SUCCESS) in zexCounterBasedEventCreate2(hContext=0x1b84a738, hDevice=0x1b833f28, desc=0x7fff8f28acc0, phEvent=0x1b88c258)
<LEVEL_ZERO>[DEBUG]: ze_event_pool_desc_t flags set to: 1
[2026-10-08 05:08:08.169] [thread-id: 136762468052160] [trace] zexCounterBasedEventCreate2(hContext, hDevice, desc, phEvent)
[2026-10-08 05:08:08.169] [thread-id: 136762468052160] [trace] SUCCESS (ZE_RESULT_SUCCESS) in zexCounterBasedEventCreate2(hContext=0x1b84a738, hDevice=0x1b833f28, desc=0x7fff8f28acc0, phEvent=0x1b88c958)
<LEVEL_ZERO>[DEBUG]: ze_event_pool_desc_t flags set to: 1
[2026-10-08 05:08:08.169] [thread-id: 136762468052160] [trace] zexCounterBasedEventCreate2(hContext, hDevice, desc, phEvent)
[2026-10-08 05:08:08.169] [thread-id: 136762468052160] [trace] SUCCESS (ZE_RESULT_SUCCESS) in zexCounterBasedEventCreate2(hContext=0x1b84a738, hDevice=0x1b833f28, desc=0x7fff8f28acc0, phEvent=0x1b88ce68)
<LEVEL_ZERO>[DEBUG]: ze_event_pool_desc_t flags set to: 1
[2026-10-08 05:08:08.169] [thread-id: 136762468052160] [trace] zexCounterBasedEventCreate2(hContext, hDevice, desc, phEvent)
[2026-10-08 05:08:08.169] [thread-id: 136762468052160] [trace] SUCCESS (ZE_RESULT_SUCCESS) in zexCounterBasedEventCreate2(hContext=0x1b84a738, hDevice=0x1b833f28, desc=0x7fff8f28acc0, phEvent=0x1b88d568)
<LEVEL_ZERO>[DEBUG]: ze_event_pool_desc_t flags set to: 1
[2026-10-08 05:08:08.169] [thread-id: 136762468052160] [trace] zexCounterBasedEventCreate2(hContext, hDevice, desc, phEvent)
[2026-10-08 05:08:08.169] [thread-id: 136762468052160] [trace] SUCCESS (ZE_RESULT_SUCCESS) in zexCounterBasedEventCreate2(hContext=0x1b84a738, hDevice=0x1b833f28, desc=0x7fff8f28acc0, phEvent=0x1b88da78)
<LEVEL_ZERO>[DEBUG]: ze_event_pool_desc_t flags set to: 1
[2026-10-08 05:08:08.169] [thread-id: 136762468052160] [trace] zexCounterBasedEventCreate2(hContext, hDevice, desc, phEvent)
[2026-10-08 05:08:08.169] [thread-id: 136762468052160] [trace] SUCCESS (ZE_RESULT_SUCCESS) in zexCounterBasedEventCreate2(hContext=0x1b84a738, hDevice=0x1b833f28, desc=0x7fff8f28acc0, phEvent=0x1b88e178)
<LEVEL_ZERO>[DEBUG]: ze_event_pool_desc_t flags set to: 1
[2026-10-08 05:08:08.169] [thread-id: 136762468052160] [trace] zexCounterBasedEventCreate2(hContext, hDevice, desc, phEvent)
[2026-10-08 05:08:08.169] [thread-id: 136762468052160] [trace] SUCCESS (ZE_RESULT_SUCCESS) in zexCounterBasedEventCreate2(hContext=0x1b84a738, hDevice=0x1b833f28, desc=0x7fff8f28acc0, phEvent=0x1b88e688)
<LEVEL_ZERO>[DEBUG]: ze_event_pool_desc_t flags set to: 1
[2026-10-08 05:08:08.169] [thread-id: 136762468052160] [trace] zexCounterBasedEventCreate2(hContext, hDevice, desc, phEvent)
[2026-10-08 05:08:08.169] [thread-id: 136762468052160] [trace] SUCCESS (ZE_RESULT_SUCCESS) in zexCounterBasedEventCreate2(hContext=0x1b84a738, hDevice=0x1b833f28, desc=0x7fff8f28acc0, phEvent=0x1b88ed88)
<LEVEL_ZERO>[DEBUG]: ze_event_pool_desc_t flags set to: 1
[2026-10-08 05:08:08.169] [thread-id: 136762468052160] [trace] zexCounterBasedEventCreate2(hContext, hDevice, desc, phEvent)
[2026-10-08 05:08:08.169] [thread-id: 136762468052160] [trace] SUCCESS (ZE_RESULT_SUCCESS) in zexCounterBasedEventCreate2(hContext=0x1b84a738, hDevice=0x1b833f28, desc=0x7fff8f28acc0, phEvent=0x1b88f4a8)
<LEVEL_ZERO>[DEBUG]: ze_event_pool_desc_t flags set to: 1
[2026-10-08 05:08:08.169] [thread-id: 136762468052160] [trace] zexCounterBasedEventCreate2(hContext, hDevice, desc, phEvent)
[2026-10-08 05:08:08.169] [thread-id: 136762468052160] [trace] SUCCESS (ZE_RESULT_SUCCESS) in zexCounterBasedEventCreate2(hContext=0x1b84a738, hDevice=0x1b833f28, desc=0x7fff8f28acc0, phEvent=0x1b88fba8)
<LEVEL_ZERO>[DEBUG]: ze_event_pool_desc_t flags set to: 1
[2026-10-08 05:08:08.169] [thread-id: 136762468052160] [trace] zexCounterBasedEventCreate2(hContext, hDevice, desc, phEvent)
[2026-10-08 05:08:08.169] [thread-id: 136762468052160] [trace] SUCCESS (ZE_RESULT_SUCCESS) in zexCounterBasedEventCreate2(hContext=0x1b84a738, hDevice=0x1b833f28, desc=0x7fff8f28acc0, phEvent=0x1b8900b8)
<LEVEL_ZERO>[DEBUG]: ze_event_pool_desc_t flags set to: 1
[2026-10-08 05:08:08.169] [thread-id: 136762468052160] [trace] zexCounterBasedEventCreate2(hContext, hDevice, desc, phEvent)
[2026-10-08 05:08:08.169] [thread-id: 136762468052160] [trace] SUCCESS (ZE_RESULT_SUCCESS) in zexCounterBasedEventCreate2(hContext=0x1b84a738, hDevice=0x1b833f28, desc=0x7fff8f28acc0, phEvent=0x1b8907b8)
<LEVEL_ZERO>[DEBUG]: ze_event_pool_desc_t flags set to: 1
[2026-10-08 05:08:08.169] [thread-id: 136762468052160] [trace] zexCounterBasedEventCreate2(hContext, hDevice, desc, phEvent)
[2026-10-08 05:08:08.169] [thread-id: 136762468052160] [trace] SUCCESS (ZE_RESULT_SUCCESS) in zexCounterBasedEventCreate2(hContext=0x1b84a738, hDevice=0x1b833f28, desc=0x7fff8f28acc0, phEvent=0x1b890cc8)
<LEVEL_ZERO>[DEBUG]: ze_event_pool_desc_t flags set to: 1
[2026-10-08 05:08:08.169] [thread-id: 136762468052160] [trace] zexCounterBasedEventCreate2(hContext, hDevice, desc, phEvent)
[2026-10-08 05:08:08.169] [thread-id: 136762468052160] [trace] SUCCESS (ZE_RESULT_SUCCESS) in zexCounterBasedEventCreate2(hContext=0x1b84a738, hDevice=0x1b833f28, desc=0x7fff8f28acc0, phEvent=0x1b8913c8)
<LEVEL_ZERO>[DEBUG]: ze_event_pool_desc_t flags set to: 1
[2026-10-08 05:08:08.169] [thread-id: 136762468052160] [trace] zexCounterBasedEventCreate2(hContext, hDevice, desc, phEvent)
[2026-10-08 05:08:08.169] [thread-id: 136762468052160] [trace] SUCCESS (ZE_RESULT_SUCCESS) in zexCounterBasedEventCreate2(hContext=0x1b84a738, hDevice=0x1b833f28, desc=0x7fff8f28acc0, phEvent=0x1b8918d8)
<LEVEL_ZERO>[DEBUG]: ze_event_pool_desc_t flags set to: 1
[2026-10-08 05:08:08.169] [thread-id: 136762468052160] [trace] zexCounterBasedEventCreate2(hContext, hDevice, desc, phEvent)
[2026-10-08 05:08:08.169] [thread-id: 136762468052160] [trace] SUCCESS (ZE_RESULT_SUCCESS) in zexCounterBasedEventCreate2(hContext=0x1b84a738, hDevice=0x1b833f28, desc=0x7fff8f28acc0, phEvent=0x1b891fd8)
<LEVEL_ZERO>[DEBUG]: ze_event_pool_desc_t flags set to: 1
[2026-10-08 05:08:08.169] [thread-id: 136762468052160] [trace] zexCounterBasedEventCreate2(hContext, hDevice, desc, phEvent)
[2026-10-08 05:08:08.169] [thread-id: 136762468052160] [trace] SUCCESS (ZE_RESULT_SUCCESS) in zexCounterBasedEventCreate2(hContext=0x1b84a738, hDevice=0x1b833f28, desc=0x7fff8f28acc0, phEvent=0x1b8924e8)
<LEVEL_ZERO>[DEBUG]: ze_event_pool_desc_t flags set to: 1
[2026-10-08 05:08:08.169] [thread-id: 136762468052160] [trace] zexCounterBasedEventCreate2(hContext, hDevice, desc, phEvent)
[2026-10-08 05:08:08.169] [thread-id: 136762468052160] [trace] SUCCESS (ZE_RESULT_SUCCESS) in zexCounterBasedEventCreate2(hContext=0x1b84a738, hDevice=0x1b833f28, desc=0x7fff8f28acc0, phEvent=0x1b892be8)
<LEVEL_ZERO>[DEBUG]: ze_event_pool_desc_t flags set to: 1
[2026-10-08 05:08:08.169] [thread-id: 136762468052160] [trace] zexCounterBasedEventCreate2(hContext, hDevice, desc, phEvent)
[2026-10-08 05:08:08.169] [thread-id: 136762468052160] [trace] SUCCESS (ZE_RESULT_SUCCESS) in zexCounterBasedEventCreate2(hContext=0x1b84a738, hDevice=0x1b833f28, desc=0x7fff8f28acc0, phEvent=0x1b8930f8)
<LEVEL_ZERO>[DEBUG]: ze_event_pool_desc_t flags set to: 1
[2026-10-08 05:08:08.169] [thread-id: 136762468052160] [trace] zexCounterBasedEventCreate2(hContext, hDevice, desc, phEvent)
[2026-10-08 05:08:08.169] [thread-id: 136762468052160] [trace] SUCCESS (ZE_RESULT_SUCCESS) in zexCounterBasedEventCreate2(hContext=0x1b84a738, hDevice=0x1b833f28, desc=0x7fff8f28acc0, phEvent=0x1b8937f8)
<LEVEL_ZERO>[DEBUG]: ze_event_pool_desc_t flags set to: 1
[2026-10-08 05:08:08.169] [thread-id: 136762468052160] [trace] zexCounterBasedEventCreate2(hContext, hDevice, desc, phEvent)
[2026-10-08 05:08:08.169] [thread-id: 136762468052160] [trace] SUCCESS (ZE_RESULT_SUCCESS) in zexCounterBasedEventCreate2(hContext=0x1b84a738, hDevice=0x1b833f28, desc=0x7fff8f28acc0, phEvent=0x1b893d08)
<LEVEL_ZERO>[DEBUG]: ze_event_pool_desc_t flags set to: 1
[2026-10-08 05:08:08.169] [thread-id: 136762468052160] [trace] zexCounterBasedEventCreate2(hContext, hDevice, desc, phEvent)
[2026-10-08 05:08:08.169] [thread-id: 136762468052160] [trace] SUCCESS (ZE_RESULT_SUCCESS) in zexCounterBasedEventCreate2(hContext=0x1b84a738, hDevice=0x1b833f28, desc=0x7fff8f28acc0, phEvent=0x1b894408)
<LEVEL_ZERO>[DEBUG]: ze_event_pool_desc_t flags set to: 1
[2026-10-08 05:08:08.169] [thread-id: 136762468052160] [trace] zexCounterBasedEventCreate2(hContext, hDevice, desc, phEvent)
[2026-10-08 05:08:08.169] [thread-id: 136762468052160] [trace] SUCCESS (ZE_RESULT_SUCCESS) in zexCounterBasedEventCreate2(hContext=0x1b84a738, hDevice=0x1b833f28, desc=0x7fff8f28acc0, phEvent=0x1b894918)
<LEVEL_ZERO>[DEBUG]: ze_event_pool_desc_t flags set to: 1
[2026-10-08 05:08:08.169] [thread-id: 136762468052160] [trace] zexCounterBasedEventCreate2(hContext, hDevice, desc, phEvent)
[2026-10-08 05:08:08.169] [thread-id: 136762468052160] [trace] SUCCESS (ZE_RESULT_SUCCESS) in zexCounterBasedEventCreate2(hContext=0x1b84a738, hDevice=0x1b833f28, desc=0x7fff8f28acc0, phEvent=0x1b895018)
<LEVEL_ZERO>[DEBUG]: ze_event_pool_desc_t flags set to: 1
[2026-10-08 05:08:08.169] [thread-id: 136762468052160] [trace] zexCounterBasedEventCreate2(hContext, hDevice, desc, phEvent)
[2026-10-08 05:08:08.169] [thread-id: 136762468052160] [trace] SUCCESS (ZE_RESULT_SUCCESS) in zexCounterBasedEventCreate2(hContext=0x1b84a738, hDevice=0x1b833f28, desc=0x7fff8f28acc0, phEvent=0x1b895528)
<LEVEL_ZERO>[DEBUG]: ze_event_pool_desc_t flags set to: 1
[2026-10-08 05:08:08.169] [thread-id: 136762468052160] [trace] zexCounterBasedEventCreate2(hContext, hDevice, desc, phEvent)
[2026-10-08 05:08:08.169] [thread-id: 136762468052160] [trace] SUCCESS (ZE_RESULT_SUCCESS) in zexCounterBasedEventCreate2(hContext=0x1b84a738, hDevice=0x1b833f28, desc=0x7fff8f28acc0, phEvent=0x1b895c28)
<LEVEL_ZERO>[DEBUG]: ze_event_pool_desc_t flags set to: 1
[2026-10-08 05:08:08.169] [thread-id: 136762468052160] [trace] zexCounterBasedEventCreate2(hContext, hDevice, desc, phEvent)
[2026-10-08 05:08:08.169] [thread-id: 136762468052160] [trace] SUCCESS (ZE_RESULT_SUCCESS) in zexCounterBasedEventCreate2(hContext=0x1b84a738, hDevice=0x1b833f28, desc=0x7fff8f28acc0, phEvent=0x1b896138)
<LEVEL_ZERO>[DEBUG]: ze_event_pool_desc_t flags set to: 1
[2026-10-08 05:08:08.169] [thread-id: 136762468052160] [trace] zexCounterBasedEventCreate2(hContext, hDevice, desc, phEvent)
[2026-10-08 05:08:08.169] [thread-id: 136762468052160] [trace] SUCCESS (ZE_RESULT_SUCCESS) in zexCounterBasedEventCreate2(hContext=0x1b84a738, hDevice=0x1b833f28, desc=0x7fff8f28acc0, phEvent=0x1b896ab8)
<LEVEL_ZERO>[DEBUG]: ze_event_pool_desc_t flags set to: 1
[2026-10-08 05:08:08.169] [thread-id: 136762468052160] [trace] zexCounterBasedEventCreate2(hContext, hDevice, desc, phEvent)
[2026-10-08 05:08:08.169] [thread-id: 136762468052160] [trace] SUCCESS (ZE_RESULT_SUCCESS) in zexCounterBasedEventCreate2(hContext=0x1b84a738, hDevice=0x1b833f28, desc=0x7fff8f28acc0, phEvent=0x1b896fc8)
<LEVEL_ZERO>[DEBUG]: ze_event_pool_desc_t flags set to: 1
[2026-10-08 05:08:08.169] [thread-id: 136762468052160] [trace] zexCounterBasedEventCreate2(hContext, hDevice, desc, phEvent)
[2026-10-08 05:08:08.169] [thread-id: 136762468052160] [trace] SUCCESS (ZE_RESULT_SUCCESS) in zexCounterBasedEventCreate2(hContext=0x1b84a738, hDevice=0x1b833f28, desc=0x7fff8f28acc0, phEvent=0x1b8976c8)
<LEVEL_ZERO>[DEBUG]: ze_event_pool_desc_t flags set to: 1
[2026-10-08 05:08:08.169] [thread-id: 136762468052160] [trace] zexCounterBasedEventCreate2(hContext, hDevice, desc, phEvent)
[2026-10-08 05:08:08.169] [thread-id: 136762468052160] [trace] SUCCESS (ZE_RESULT_SUCCESS) in zexCounterBasedEventCreate2(hContext=0x1b84a738, hDevice=0x1b833f28, desc=0x7fff8f28acc0, phEvent=0x1b897bd8)
<LEVEL_ZERO>[DEBUG]: ze_event_pool_desc_t flags set to: 1
[2026-10-08 05:08:08.170] [thread-id: 136762468052160] [trace] zexCounterBasedEventCreate2(hContext, hDevice, desc, phEvent)
[2026-10-08 05:08:08.170] [thread-id: 136762468052160] [trace] SUCCESS (ZE_RESULT_SUCCESS) in zexCounterBasedEventCreate2(hContext=0x1b84a738, hDevice=0x1b833f28, desc=0x7fff8f28acc0, phEvent=0x1b8982d8)
<LEVEL_ZERO>[DEBUG]: ze_event_pool_desc_t flags set to: 1
[2026-10-08 05:08:08.170] [thread-id: 136762468052160] [trace] zexCounterBasedEventCreate2(hContext, hDevice, desc, phEvent)
[2026-10-08 05:08:08.170] [thread-id: 136762468052160] [trace] SUCCESS (ZE_RESULT_SUCCESS) in zexCounterBasedEventCreate2(hContext=0x1b84a738, hDevice=0x1b833f28, desc=0x7fff8f28acc0, phEvent=0x1b8987e8)
<LEVEL_ZERO>[DEBUG]: ze_event_pool_desc_t flags set to: 1
[2026-10-08 05:08:08.170] [thread-id: 136762468052160] [trace] zexCounterBasedEventCreate2(hContext, hDevice, desc, phEvent)
[2026-10-08 05:08:08.170] [thread-id: 136762468052160] [trace] SUCCESS (ZE_RESULT_SUCCESS) in zexCounterBasedEventCreate2(hContext=0x1b84a738, hDevice=0x1b833f28, desc=0x7fff8f28acc0, phEvent=0x1b898ee8)
<LEVEL_ZERO>[DEBUG]: ze_event_pool_desc_t flags set to: 1
[2026-10-08 05:08:08.170] [thread-id: 136762468052160] [trace] zexCounterBasedEventCreate2(hContext, hDevice, desc, phEvent)
[2026-10-08 05:08:08.170] [thread-id: 136762468052160] [trace] SUCCESS (ZE_RESULT_SUCCESS) in zexCounterBasedEventCreate2(hContext=0x1b84a738, hDevice=0x1b833f28, desc=0x7fff8f28acc0, phEvent=0x1b8993f8)
<LEVEL_ZERO>[DEBUG]: ze_event_pool_desc_t flags set to: 1
[2026-10-08 05:08:08.170] [thread-id: 136762468052160] [trace] zexCounterBasedEventCreate2(hContext, hDevice, desc, phEvent)
[2026-10-08 05:08:08.170] [thread-id: 136762468052160] [trace] SUCCESS (ZE_RESULT_SUCCESS) in zexCounterBasedEventCreate2(hContext=0x1b84a738, hDevice=0x1b833f28, desc=0x7fff8f28acc0, phEvent=0x1b899af8)
<LEVEL_ZERO>[DEBUG]: ze_event_pool_desc_t flags set to: 1
[2026-10-08 05:08:08.170] [thread-id: 136762468052160] [trace] zexCounterBasedEventCreate2(hContext, hDevice, desc, phEvent)
[2026-10-08 05:08:08.170] [thread-id: 136762468052160] [trace] SUCCESS (ZE_RESULT_SUCCESS) in zexCounterBasedEventCreate2(hContext=0x1b84a738, hDevice=0x1b833f28, desc=0x7fff8f28acc0, phEvent=0x1b89a008)
<LEVEL_ZERO>[DEBUG]: ze_event_pool_desc_t flags set to: 1
[2026-10-08 05:08:08.170] [thread-id: 136762468052160] [trace] zexCounterBasedEventCreate2(hContext, hDevice, desc, phEvent)
[2026-10-08 05:08:08.170] [thread-id: 136762468052160] [trace] SUCCESS (ZE_RESULT_SUCCESS) in zexCounterBasedEventCreate2(hContext=0x1b84a738, hDevice=0x1b833f28, desc=0x7fff8f28acc0, phEvent=0x1b89a708)
<LEVEL_ZERO>[DEBUG]: ze_event_pool_desc_t flags set to: 1
[2026-10-08 05:08:08.170] [thread-id: 136762468052160] [trace] zexCounterBasedEventCreate2(hContext, hDevice, desc, phEvent)
[2026-10-08 05:08:08.170] [thread-id: 136762468052160] [trace] SUCCESS (ZE_RESULT_SUCCESS) in zexCounterBasedEventCreate2(hContext=0x1b84a738, hDevice=0x1b833f28, desc=0x7fff8f28acc0, phEvent=0x1b89ac18)
[2026-10-08 05:08:08.170] [thread-id: 136762468052160] [trace] zeCommandListAppendMemoryCopy(hCommandList, dstptr, srcptr, size, hSignalEvent, numWaitEvents, phWaitEventsLocal)
[2026-10-08 05:08:08.172] [thread-id: 136762468052160] [trace] SUCCESS (ZE_RESULT_SUCCESS) in zeCommandListAppendMemoryCopy(hCommandList=0x1b851d88, dstptr=0xffffffffff600000, srcptr=0x1b8628a0, size=65536, hSignalEvent=0x1b89ac18, numWaitEvents=0, phWaitEvents=nullptr)
   <--- urEnqueueUSMMemcpy(.hQueue = 0x1b8510a0, .blocking = 0, .pDst = 0xffffffffff600000, .pSrc = 0x1b8628a0, .size = 65536, .numEventsInWaitList = 0, .phEventWaitList = nullptr, .phEvent = 0x7fff8f28b2c0 (0x1b89a600)) -> UR_RESULT_SUCCESS;
   ---> urEventWait
[2026-10-08 05:08:08.172] [thread-id: 136762468052160] [trace] zeEventHostSynchronize(hEvent, timeout)
[2026-10-08 05:08:08.172] [thread-id: 136762468052160] [trace] SUCCESS (ZE_RESULT_SUCCESS) in zeEventHostSynchronize(hEvent=0x1b89ac18, timeout=18446744073709551615)
   <--- urEventWait(.numEvents = 1, .phEventWaitList = 0x7fff8f28b310 {0x1b89a600}) -> UR_RESULT_SUCCESS;
   ---> urEventRelease
   <--- urEventRelease(.hEvent = 0x1b89a600) -> UR_RESULT_SUCCESS;
   ---> urDeviceGetInfo
[2026-10-08 05:08:08.172] [thread-id: 136762468052160] [trace] zeDeviceGetComputeProperties(hDevice, pComputeProperties)
[2026-10-08 05:08:08.172] [thread-id: 136762468052160] [trace] SUCCESS (ZE_RESULT_SUCCESS) in zeDeviceGetComputeProperties(hDevice=0x1b833f28, pComputeProperties={stype=0x1b849280, maxTotalGroupSize=1024, maxGroupSizeX=1024, maxGroupSizeY=1024, maxGroupSizeZ=1024, maxGroupCountX=4294967295, maxGroupCountY=4294967295, maxGroupCountZ=4294967295, maxSharedLocalMemory=131072, numSubGroupSizes=2, subGroupSizes=16})
   <--- urDeviceGetInfo(.hDevice = 0x1b849040, .propName = UR_DEVICE_INFO_MAX_WORK_GROUPS_3D, .propSize = 24, .pPropValue = {4294967295, 4294967295, 4294967295}, .pPropSizeRet = nullptr) -> UR_RESULT_SUCCESS;
   ---> urDeviceSelectBinary
   <--- urDeviceSelectBinary(.hDevice = 0x1b849040, .pBinaries = 0x1b8c3a50 ((struct ur_device_binary_t){.stype = UR_STRUCTURE_TYPE_CONTEXT_PROPERTIES, .pNext = nullptr, .pDeviceTargetSpec = 0x7c62813373c0 (spir64)}), .NumBinaries = 1, .pSelectedBinary = 0x7fff8f28a81c (0)) -> UR_RESULT_SUCCESS;
   ---> urPlatformGetBackendOption
   <--- urPlatformGetBackendOption(.hPlatform = 0x1b847810, .pFrontendOption = 0x7fff8f28a328 (-O2), .ppPlatformOption = 0x7fff8f28a2f8 (0x7c627e3a5975 (-ze-opt-level=2))) -> UR_RESULT_SUCCESS;
   ---> urDeviceGetInfo
   <--- urDeviceGetInfo(.hDevice = 0x1b849040, .propName = UR_DEVICE_INFO_VENDOR_ID, .propSize = 4, .pPropValue = 0x7fff8f28a278 (32902), .pPropSizeRet = nullptr) -> UR_RESULT_SUCCESS;
   ---> urDeviceGetInfo
   <--- urDeviceGetInfo(.hDevice = 0x1b849040, .propName = UR_DEVICE_INFO_DEVICE_ID, .propSize = 0, .pPropValue = nullptr, .pPropSizeRet = 0x7fff8f28a100 (4)) -> UR_RESULT_SUCCESS;
   ---> urDeviceGetInfo
   <--- urDeviceGetInfo(.hDevice = 0x1b849040, .propName = UR_DEVICE_INFO_DEVICE_ID, .propSize = 4, .pPropValue = 0x7fff8f28a248 (57868), .pPropSizeRet = nullptr) -> UR_RESULT_SUCCESS;
   ---> urDeviceGetInfo
   <--- urDeviceGetInfo(.hDevice = 0x1b849040, .propName = UR_DEVICE_INFO_COMPILER_AVAILABLE, .propSize = 1, .pPropValue = 0x7fff8f28a2e0 (true), .pPropSizeRet = nullptr) -> UR_RESULT_SUCCESS;
   ---> urProgramCreateWithIL
   <--- urProgramCreateWithIL(.hContext = 0x1b84db90, .pIL = 0x415b20, .length = 2080, .pProperties = nullptr, .phProgram = 0x7fff8f28a400 (0x1b88ba10)) -> UR_RESULT_SUCCESS;
   ---> urProgramBuildExp
[2026-10-08 05:08:08.173] [thread-id: 136762468052160] [trace] zeModuleCreate(hContext, hDevice, desc, phModule, phBuildLog)
[2026-10-08 05:08:08.174] [thread-id: 136762468052160] [trace] SUCCESS (ZE_RESULT_SUCCESS) in zeModuleCreate(hContext=0x1b84a738, hDevice=0x1b833f28, desc={stype=0x7fff8f28a080, format=0x7fff8f28a090, inputSize=2080, pInputModule=3, pBuildFlags=" -ze-opt-level=2", pConstants={numConstants=0, pConstantIds=nullptr, pConstantValues=nullptr}}, phModule=0x1b89ed18, phBuildLog=0x1b8c4818)
[2026-10-08 05:08:08.174] [thread-id: 136762468052160] [trace] zeModuleGetProperties(hModule, pModuleProperties)
[2026-10-08 05:08:08.174] [thread-id: 136762468052160] [trace] SUCCESS (ZE_RESULT_SUCCESS) in zeModuleGetProperties(hModule=0x1b89ed18, pModuleProperties={stype=0x7fff8f289ff0, flags=0})
   <--- urProgramBuildExp(.hProgram = 0x1b88ba10, .numDevices = 1, .phDevices = 0x1b8c3a50 {0x1b849040}, .flags = 0, .pOptions = 0x1b8c3a70 ( -ze-opt-level=2)) -> UR_RESULT_SUCCESS;
   ---> urProgramRetain
   <--- urProgramRetain(.hProgram = 0x1b88ba10) -> UR_RESULT_SUCCESS;
   ---> urKernelCreate
[2026-10-08 05:08:08.174] [thread-id: 136762468052160] [trace] zeKernelCreate(hModule, desc, phKernel)
[2026-10-08 05:08:08.174] [thread-id: 136762468052160] [trace] SUCCESS (ZE_RESULT_SUCCESS) in zeKernelCreate(hModule=0x1b89ed18, desc={stype=0x7fff8f28a710, flags=0, pKernelName="_ZTSZ4mainEUlN4sycl3_V12idILi1EEEE_"}, phKernel=0x1b8db748)
[2026-10-08 05:08:08.174] [thread-id: 136762468052160] [trace] zeKernelGetName(hKernel, pSize, pName)
[2026-10-08 05:08:08.174] [thread-id: 136762468052160] [trace] SUCCESS (ZE_RESULT_SUCCESS) in zeKernelGetName(hKernel=0x1b8db748, pSize=36, pName=nullptr)
[2026-10-08 05:08:08.174] [thread-id: 136762468052160] [trace] zeKernelGetName(hKernel, pSize, pName)
[2026-10-08 05:08:08.174] [thread-id: 136762468052160] [trace] SUCCESS (ZE_RESULT_SUCCESS) in zeKernelGetName(hKernel=0x1b8db748, pSize=36, pName="_ZTSZ4mainEUlN4sycl3_V12idILi1EEEE_")
[2026-10-08 05:08:08.174] [thread-id: 136762468052160] [trace] zeKernelGetProperties(hKernel, pKernelProperties)
[2026-10-08 05:08:08.174] [thread-id: 136762468052160] [trace] SUCCESS (ZE_RESULT_SUCCESS) in zeKernelGetProperties(hKernel=0x1b8db748, pKernelProperties={stype=0x1b8bcb48, numKernelArgs=1, requiredGroupSizeX=0, requiredGroupSizeY=0, requiredGroupSizeZ=0, requiredNumSubGroups=0, requiredSubgroupSize=0, maxSubgroupSize=32, maxNumSubgroups=32, localMemSize=0, privateMemSize=0, spillMemSize=0, uuid={kid=0, mid=0}})
   <--- urKernelCreate(.hProgram = 0x1b88ba10, .pKernelName = 0x4131d2 (_ZTSZ4mainEUlN4sycl3_V12idILi1EEEE_), .phKernel = 0x7fff8f28aa30 (0x1b8d6d40)) -> UR_RESULT_SUCCESS;
   ---> urKernelSetExecInfo
[2026-10-08 05:08:08.174] [thread-id: 136762468052160] [trace] zeKernelSetIndirectAccess(hKernel, flags)
[2026-10-08 05:08:08.174] [thread-id: 136762468052160] [trace] SUCCESS (ZE_RESULT_SUCCESS) in zeKernelSetIndirectAccess(hKernel=0x1b8db748, flags=7)
   <--- urKernelSetExecInfo(.hKernel = 0x1b8d6d40, .propName = UR_KERNEL_EXEC_INFO_USM_INDIRECT_ACCESS, .propSize = 1, .pProperties = nullptr, .pPropValue = 0x7fff8f28aa2f (true)) -> UR_RESULT_SUCCESS;
   ---> urKernelRetain
   <--- urKernelRetain(.hKernel = 0x1b8d6d40) -> UR_RESULT_SUCCESS;
   ---> urKernelGetGroupInfo
   <--- urKernelGetGroupInfo(.hKernel = 0x1b8d6d40, .hDevice = 0x1b849040, .propName = UR_KERNEL_GROUP_INFO_COMPILE_WORK_GROUP_SIZE, .propSize = 24, .pPropValue = {0, 0, 0}, .pPropSizeRet = nullptr) -> UR_RESULT_SUCCESS;
   ---> urEnqueueKernelLaunchWithArgsExp
[2026-10-08 05:08:08.174] [thread-id: 136762468052160] [trace] zeKernelSuggestGroupSize(hKernel, globalSizeX, globalSizeY, globalSizeZ, groupSizeX, groupSizeY, groupSizeZ)
[2026-10-08 05:08:08.174] [thread-id: 136762468052160] [trace] SUCCESS (ZE_RESULT_SUCCESS) in zeKernelSuggestGroupSize(hKernel=0x1b8db748, globalSizeX=16384, globalSizeY=1, globalSizeZ=1, groupSizeX=1024, groupSizeY=1, groupSizeZ=1)
[2026-10-08 05:08:08.174] [thread-id: 136762468052160] [trace] zeKernelSetGroupSize(hKernel, groupSizeX, groupSizeY, groupSizeZ)
[2026-10-08 05:08:08.174] [thread-id: 136762468052160] [trace] SUCCESS (ZE_RESULT_SUCCESS) in zeKernelSetGroupSize(hKernel=0x1b8db748, groupSizeX=1024, groupSizeY=1, groupSizeZ=1)
[2026-10-08 05:08:08.174] [thread-id: 136762468052160] [trace] zeCommandListAppendLaunchKernelWithArguments(hCommandList, hKernel, groupCounts, groupSizes, pArguments, pNext, hSignalEvent, numWaitEvents, phWaitEventsLocal)
[2026-10-08 05:08:08.175] [thread-id: 136762468052160] [trace] SUCCESS (ZE_RESULT_SUCCESS) in zeCommandListAppendLaunchKernelWithArguments(hCommandList=0x1b851d88, hKernel=0x1b8db748, groupCounts={groupCountX=16, groupCountY=1, groupCountZ=1}, groupSizes={groupSizeX=1024, groupSizeY=1, groupSizeZ=1}, pArguments=0x1b8dbe90, pNext=nullptr, hSignalEvent=0x1b89ac18, numWaitEvents=0, phWaitEvents=nullptr)
   <--- urEnqueueKernelLaunchWithArgsExp(.hQueue = 0x1b8510a0, .hKernel = 0x1b8d6d40, .workDim = 1, .pGlobalWorkOffset = nullptr, .pGlobalWorkSize = 0x7fff8f28b1f0 (16384), .pLocalWorkSize = nullptr, .numArgs = 1, .pArgs = 0x1b8d78d0 {(struct ur_exp_kernel_arg_properties_t){.stype = UR_STRUCTURE_TYPE_EXP_KERNEL_ARG_PROPERTIES, .pNext = nullptr, .type = UR_EXP_KERNEL_ARG_TYPE_POINTER, .index = 0, .size = 8, .value = (union ur_exp_kernel_arg_value_t){.pointer = 0xffffffffff600000}}}, .launchPropList = nullptr, .numEventsInWaitList = 0, .phEventWaitList = nullptr, .phEvent = 0x7fff8f28ac10 (0x1b89a600)) -> UR_RESULT_SUCCESS;
   ---> urEventWait
[2026-10-08 05:08:08.175] [thread-id: 136762468052160] [trace] zeEventHostSynchronize(hEvent, timeout)
[2026-10-08 05:08:08.175] [thread-id: 136762468052160] [trace] SUCCESS (ZE_RESULT_SUCCESS) in zeEventHostSynchronize(hEvent=0x1b89ac18, timeout=18446744073709551615)
   <--- urEventWait(.numEvents = 1, .phEventWaitList = 0x7fff8f28b310 {0x1b89a600}) -> UR_RESULT_SUCCESS;
   ---> urEventRelease
   <--- urEventRelease(.hEvent = 0x1b89a600) -> UR_RESULT_SUCCESS;
   ---> urEnqueueUSMMemcpy
[2026-10-08 05:08:08.175] [thread-id: 136762468052160] [trace] zeCommandListAppendMemoryCopy(hCommandList, dstptr, srcptr, size, hSignalEvent, numWaitEvents, phWaitEventsLocal)
[2026-10-08 05:08:08.175] [thread-id: 136762468052160] [trace] SUCCESS (ZE_RESULT_SUCCESS) in zeCommandListAppendMemoryCopy(hCommandList=0x1b851d88, dstptr=0x1b8728b0, srcptr=0xffffffffff600000, size=65536, hSignalEvent=0x1b89ac18, numWaitEvents=0, phWaitEvents=nullptr)
   <--- urEnqueueUSMMemcpy(.hQueue = 0x1b8510a0, .blocking = 0, .pDst = 0x1b8728b0, .pSrc = 0xffffffffff600000, .size = 65536, .numEventsInWaitList = 0, .phEventWaitList = nullptr, .phEvent = 0x7fff8f28b2c0 (0x1b89a600)) -> UR_RESULT_SUCCESS;
   ---> urEventWait
[2026-10-08 05:08:08.175] [thread-id: 136762468052160] [trace] zeEventHostSynchronize(hEvent, timeout)
[2026-10-08 05:08:08.175] [thread-id: 136762468052160] [trace] SUCCESS (ZE_RESULT_SUCCESS) in zeEventHostSynchronize(hEvent=0x1b89ac18, timeout=18446744073709551615)
   <--- urEventWait(.numEvents = 1, .phEventWaitList = 0x7fff8f28b310 {0x1b89a600}) -> UR_RESULT_SUCCESS;
   ---> urEventRelease
   <--- urEventRelease(.hEvent = 0x1b89a600) -> UR_RESULT_SUCCESS;
   ---> urEnqueueUSMMemcpy
[2026-10-08 05:08:08.175] [thread-id: 136762468052160] [trace] zeCommandListAppendMemoryCopy(hCommandList, dstptr, srcptr, size, hSignalEvent, numWaitEvents, phWaitEventsLocal)
[2026-10-08 05:08:08.175] [thread-id: 136762468052160] [trace] SUCCESS (ZE_RESULT_SUCCESS) in zeCommandListAppendMemoryCopy(hCommandList=0x1b851d88, dstptr=0xffffffffff600000, srcptr=0x1b8628a0, size=65536, hSignalEvent=0x1b89ac18, numWaitEvents=0, phWaitEvents=nullptr)
   <--- urEnqueueUSMMemcpy(.hQueue = 0x1b8510a0, .blocking = 0, .pDst = 0xffffffffff600000, .pSrc = 0x1b8628a0, .size = 65536, .numEventsInWaitList = 0, .phEventWaitList = nullptr, .phEvent = 0x7fff8f28b2c0 (0x1b89a600)) -> UR_RESULT_SUCCESS;
   ---> urEventWait
[2026-10-08 05:08:08.175] [thread-id: 136762468052160] [trace] zeEventHostSynchronize(hEvent, timeout)
[2026-10-08 05:08:08.175] [thread-id: 136762468052160] [trace] SUCCESS (ZE_RESULT_SUCCESS) in zeEventHostSynchronize(hEvent=0x1b89ac18, timeout=18446744073709551615)
   <--- urEventWait(.numEvents = 1, .phEventWaitList = 0x7fff8f28b310 {0x1b89a600}) -> UR_RESULT_SUCCESS;
   ---> urEventRelease
   <--- urEventRelease(.hEvent = 0x1b89a600) -> UR_RESULT_SUCCESS;
   ---> urDeviceGetInfo
   <--- urDeviceGetInfo(.hDevice = 0x1b849040, .propName = UR_DEVICE_INFO_MAX_WORK_GROUPS_3D, .propSize = 24, .pPropValue = {4294967295, 4294967295, 4294967295}, .pPropSizeRet = nullptr) -> UR_RESULT_SUCCESS;
   ---> urKernelGetGroupInfo
   <--- urKernelGetGroupInfo(.hKernel = 0x1b8d6d40, .hDevice = 0x1b849040, .propName = UR_KERNEL_GROUP_INFO_COMPILE_WORK_GROUP_SIZE, .propSize = 24, .pPropValue = {0, 0, 0}, .pPropSizeRet = nullptr) -> UR_RESULT_SUCCESS;
   ---> urEnqueueKernelLaunchWithArgsExp
[2026-10-08 05:08:08.175] [thread-id: 136762468052160] [trace] zeKernelSuggestGroupSize(hKernel, globalSizeX, globalSizeY, globalSizeZ, groupSizeX, groupSizeY, groupSizeZ)
[2026-10-08 05:08:08.175] [thread-id: 136762468052160] [trace] SUCCESS (ZE_RESULT_SUCCESS) in zeKernelSuggestGroupSize(hKernel=0x1b8db748, globalSizeX=16384, globalSizeY=1, globalSizeZ=1, groupSizeX=1024, groupSizeY=1, groupSizeZ=1)
[2026-10-08 05:08:08.175] [thread-id: 136762468052160] [trace] zeKernelSetGroupSize(hKernel, groupSizeX, groupSizeY, groupSizeZ)
[2026-10-08 05:08:08.176] [thread-id: 136762468052160] [trace] SUCCESS (ZE_RESULT_SUCCESS) in zeKernelSetGroupSize(hKernel=0x1b8db748, groupSizeX=1024, groupSizeY=1, groupSizeZ=1)
[2026-10-08 05:08:08.176] [thread-id: 136762468052160] [trace] zeCommandListAppendLaunchKernelWithArguments(hCommandList, hKernel, groupCounts, groupSizes, pArguments, pNext, hSignalEvent, numWaitEvents, phWaitEventsLocal)
[2026-10-08 05:08:08.176] [thread-id: 136762468052160] [trace] SUCCESS (ZE_RESULT_SUCCESS) in zeCommandListAppendLaunchKernelWithArguments(hCommandList=0x1b851d88, hKernel=0x1b8db748, groupCounts={groupCountX=16, groupCountY=1, groupCountZ=1}, groupSizes={groupSizeX=1024, groupSizeY=1, groupSizeZ=1}, pArguments=0x1b8dbe90, pNext=nullptr, hSignalEvent=0x1b89ac18, numWaitEvents=0, phWaitEvents=nullptr)
   <--- urEnqueueKernelLaunchWithArgsExp(.hQueue = 0x1b8510a0, .hKernel = 0x1b8d6d40, .workDim = 1, .pGlobalWorkOffset = nullptr, .pGlobalWorkSize = 0x7fff8f28b1f0 (16384), .pLocalWorkSize = nullptr, .numArgs = 1, .pArgs = 0x1b8d78d0 {(struct ur_exp_kernel_arg_properties_t){.stype = UR_STRUCTURE_TYPE_EXP_KERNEL_ARG_PROPERTIES, .pNext = nullptr, .type = UR_EXP_KERNEL_ARG_TYPE_POINTER, .index = 0, .size = 8, .value = (union ur_exp_kernel_arg_value_t){.pointer = 0xffffffffff600000}}}, .launchPropList = nullptr, .numEventsInWaitList = 0, .phEventWaitList = nullptr, .phEvent = 0x7fff8f28ac10 (0x1b89a600)) -> UR_RESULT_SUCCESS;
   ---> urEventWait
[2026-10-08 05:08:08.176] [thread-id: 136762468052160] [trace] zeEventHostSynchronize(hEvent, timeout)
[2026-10-08 05:08:08.176] [thread-id: 136762468052160] [trace] SUCCESS (ZE_RESULT_SUCCESS) in zeEventHostSynchronize(hEvent=0x1b89ac18, timeout=18446744073709551615)
   <--- urEventWait(.numEvents = 1, .phEventWaitList = 0x7fff8f28b310 {0x1b89a600}) -> UR_RESULT_SUCCESS;
   ---> urEventRelease
   <--- urEventRelease(.hEvent = 0x1b89a600) -> UR_RESULT_SUCCESS;
   ---> urEnqueueUSMMemcpy
[2026-10-08 05:08:08.176] [thread-id: 136762468052160] [trace] zeCommandListAppendMemoryCopy(hCommandList, dstptr, srcptr, size, hSignalEvent, numWaitEvents, phWaitEventsLocal)
[2026-10-08 05:08:08.176] [thread-id: 136762468052160] [trace] SUCCESS (ZE_RESULT_SUCCESS) in zeCommandListAppendMemoryCopy(hCommandList=0x1b851d88, dstptr=0x1b8728b0, srcptr=0xffffffffff600000, size=65536, hSignalEvent=0x1b89ac18, numWaitEvents=0, phWaitEvents=nullptr)
   <--- urEnqueueUSMMemcpy(.hQueue = 0x1b8510a0, .blocking = 0, .pDst = 0x1b8728b0, .pSrc = 0xffffffffff600000, .size = 65536, .numEventsInWaitList = 0, .phEventWaitList = nullptr, .phEvent = 0x7fff8f28b2c0 (0x1b89a600)) -> UR_RESULT_SUCCESS;
   ---> urEventWait
[2026-10-08 05:08:08.176] [thread-id: 136762468052160] [trace] zeEventHostSynchronize(hEvent, timeout)
[2026-10-08 05:08:08.176] [thread-id: 136762468052160] [trace] SUCCESS (ZE_RESULT_SUCCESS) in zeEventHostSynchronize(hEvent=0x1b89ac18, timeout=18446744073709551615)
   <--- urEventWait(.numEvents = 1, .phEventWaitList = 0x7fff8f28b310 {0x1b89a600}) -> UR_RESULT_SUCCESS;
   ---> urEventRelease
   <--- urEventRelease(.hEvent = 0x1b89a600) -> UR_RESULT_SUCCESS;
   ---> urEnqueueUSMMemcpy
[2026-10-08 05:08:08.176] [thread-id: 136762468052160] [trace] zeCommandListAppendMemoryCopy(hCommandList, dstptr, srcptr, size, hSignalEvent, numWaitEvents, phWaitEventsLocal)
[2026-10-08 05:08:08.176] [thread-id: 136762468052160] [trace] SUCCESS (ZE_RESULT_SUCCESS) in zeCommandListAppendMemoryCopy(hCommandList=0x1b851d88, dstptr=0xffffffffff600000, srcptr=0x1b8628a0, size=65536, hSignalEvent=0x1b89ac18, numWaitEvents=0, phWaitEvents=nullptr)
   <--- urEnqueueUSMMemcpy(.hQueue = 0x1b8510a0, .blocking = 0, .pDst = 0xffffffffff600000, .pSrc = 0x1b8628a0, .size = 65536, .numEventsInWaitList = 0, .phEventWaitList = nullptr, .phEvent = 0x7fff8f28b2c0 (0x1b89a600)) -> UR_RESULT_SUCCESS;
   ---> urEventWait
[2026-10-08 05:08:08.176] [thread-id: 136762468052160] [trace] zeEventHostSynchronize(hEvent, timeout)
[2026-10-08 05:08:08.176] [thread-id: 136762468052160] [trace] SUCCESS (ZE_RESULT_SUCCESS) in zeEventHostSynchronize(hEvent=0x1b89ac18, timeout=18446744073709551615)
   <--- urEventWait(.numEvents = 1, .phEventWaitList = 0x7fff8f28b310 {0x1b89a600}) -> UR_RESULT_SUCCESS;
   ---> urEventRelease
   <--- urEventRelease(.hEvent = 0x1b89a600) -> UR_RESULT_SUCCESS;
   ---> urDeviceGetInfo
   <--- urDeviceGetInfo(.hDevice = 0x1b849040, .propName = UR_DEVICE_INFO_MAX_WORK_GROUPS_3D, .propSize = 24, .pPropValue = {4294967295, 4294967295, 4294967295}, .pPropSizeRet = nullptr) -> UR_RESULT_SUCCESS;
   ---> urKernelGetGroupInfo
   <--- urKernelGetGroupInfo(.hKernel = 0x1b8d6d40, .hDevice = 0x1b849040, .propName = UR_KERNEL_GROUP_INFO_COMPILE_WORK_GROUP_SIZE, .propSize = 24, .pPropValue = {0, 0, 0}, .pPropSizeRet = nullptr) -> UR_RESULT_SUCCESS;
   ---> urEnqueueKernelLaunchWithArgsExp
[2026-10-08 05:08:08.176] [thread-id: 136762468052160] [trace] zeKernelSuggestGroupSize(hKernel, globalSizeX, globalSizeY, globalSizeZ, groupSizeX, groupSizeY, groupSizeZ)
[2026-10-08 05:08:08.176] [thread-id: 136762468052160] [trace] SUCCESS (ZE_RESULT_SUCCESS) in zeKernelSuggestGroupSize(hKernel=0x1b8db748, globalSizeX=16384, globalSizeY=1, globalSizeZ=1, groupSizeX=1024, groupSizeY=1, groupSizeZ=1)
[2026-10-08 05:08:08.176] [thread-id: 136762468052160] [trace] zeKernelSetGroupSize(hKernel, groupSizeX, groupSizeY, groupSizeZ)
[2026-10-08 05:08:08.176] [thread-id: 136762468052160] [trace] SUCCESS (ZE_RESULT_SUCCESS) in zeKernelSetGroupSize(hKernel=0x1b8db748, groupSizeX=1024, groupSizeY=1, groupSizeZ=1)
[2026-10-08 05:08:08.176] [thread-id: 136762468052160] [trace] zeCommandListAppendLaunchKernelWithArguments(hCommandList, hKernel, groupCounts, groupSizes, pArguments, pNext, hSignalEvent, numWaitEvents, phWaitEventsLocal)
[2026-10-08 05:08:08.176] [thread-id: 136762468052160] [trace] SUCCESS (ZE_RESULT_SUCCESS) in zeCommandListAppendLaunchKernelWithArguments(hCommandList=0x1b851d88, hKernel=0x1b8db748, groupCounts={groupCountX=16, groupCountY=1, groupCountZ=1}, groupSizes={groupSizeX=1024, groupSizeY=1, groupSizeZ=1}, pArguments=0x1b8dbe90, pNext=nullptr, hSignalEvent=0x1b89ac18, numWaitEvents=0, phWaitEvents=nullptr)
   <--- urEnqueueKernelLaunchWithArgsExp(.hQueue = 0x1b8510a0, .hKernel = 0x1b8d6d40, .workDim = 1, .pGlobalWorkOffset = nullptr, .pGlobalWorkSize = 0x7fff8f28b1f0 (16384), .pLocalWorkSize = nullptr, .numArgs = 1, .pArgs = 0x1b8d78d0 {(struct ur_exp_kernel_arg_properties_t){.stype = UR_STRUCTURE_TYPE_EXP_KERNEL_ARG_PROPERTIES, .pNext = nullptr, .type = UR_EXP_KERNEL_ARG_TYPE_POINTER, .index = 0, .size = 8, .value = (union ur_exp_kernel_arg_value_t){.pointer = 0xffffffffff600000}}}, .launchPropList = nullptr, .numEventsInWaitList = 0, .phEventWaitList = nullptr, .phEvent = 0x7fff8f28ac10 (0x1b89a600)) -> UR_RESULT_SUCCESS;
   ---> urEventWait
[2026-10-08 05:08:08.176] [thread-id: 136762468052160] [trace] zeEventHostSynchronize(hEvent, timeout)
[2026-10-08 05:08:08.176] [thread-id: 136762468052160] [trace] SUCCESS (ZE_RESULT_SUCCESS) in zeEventHostSynchronize(hEvent=0x1b89ac18, timeout=18446744073709551615)
   <--- urEventWait(.numEvents = 1, .phEventWaitList = 0x7fff8f28b310 {0x1b89a600}) -> UR_RESULT_SUCCESS;
   ---> urEventRelease
   <--- urEventRelease(.hEvent = 0x1b89a600) -> UR_RESULT_SUCCESS;
   ---> urEnqueueUSMMemcpy
[2026-10-08 05:08:08.176] [thread-id: 136762468052160] [trace] zeCommandListAppendMemoryCopy(hCommandList, dstptr, srcptr, size, hSignalEvent, numWaitEvents, phWaitEventsLocal)
[2026-10-08 05:08:08.176] [thread-id: 136762468052160] [trace] SUCCESS (ZE_RESULT_SUCCESS) in zeCommandListAppendMemoryCopy(hCommandList=0x1b851d88, dstptr=0x1b8728b0, srcptr=0xffffffffff600000, size=65536, hSignalEvent=0x1b89ac18, numWaitEvents=0, phWaitEvents=nullptr)
   <--- urEnqueueUSMMemcpy(.hQueue = 0x1b8510a0, .blocking = 0, .pDst = 0x1b8728b0, .pSrc = 0xffffffffff600000, .size = 65536, .numEventsInWaitList = 0, .phEventWaitList = nullptr, .phEvent = 0x7fff8f28b2c0 (0x1b89a600)) -> UR_RESULT_SUCCESS;
   ---> urEventWait
[2026-10-08 05:08:08.176] [thread-id: 136762468052160] [trace] zeEventHostSynchronize(hEvent, timeout)
[2026-10-08 05:08:08.176] [thread-id: 136762468052160] [trace] SUCCESS (ZE_RESULT_SUCCESS) in zeEventHostSynchronize(hEvent=0x1b89ac18, timeout=18446744073709551615)
   <--- urEventWait(.numEvents = 1, .phEventWaitList = 0x7fff8f28b310 {0x1b89a600}) -> UR_RESULT_SUCCESS;
   ---> urEventRelease
   <--- urEventRelease(.hEvent = 0x1b89a600) -> UR_RESULT_SUCCESS;
   ---> urQueueFinish
[2026-10-08 05:08:08.176] [thread-id: 136762468052160] [trace] zeCommandListHostSynchronize(hCommandList, timeout)
[2026-10-08 05:08:08.176] [thread-id: 136762468052160] [trace] SUCCESS (ZE_RESULT_SUCCESS) in zeCommandListHostSynchronize(hCommandList=0x1b851d88, timeout=18446744073709551615)
   <--- urQueueFinish(.hQueue = 0x1b8510a0) -> UR_RESULT_SUCCESS;
   ---> urUSMFree
   <--- urUSMFree(.hContext = 0x1b84db90, .pMem = 0xffffffffff600000) -> UR_RESULT_SUCCESS;
   ---> urQueueRelease
[2026-10-08 05:08:08.177] [thread-id: 136762468052160] [trace] zeCommandListHostSynchronize(hCommandList, timeout)
[2026-10-08 05:08:08.177] [thread-id: 136762468052160] [trace] SUCCESS (ZE_RESULT_SUCCESS) in zeCommandListHostSynchronize(hCommandList=0x1b851d88, timeout=18446744073709551615)
   <--- urQueueRelease(.hQueue = 0x1b8510a0) -> UR_RESULT_SUCCESS;
   ---> urProgramRelease
   <--- urProgramRelease(.hProgram = 0x1b88ba10) -> UR_RESULT_SUCCESS;
   ---> urKernelRelease
   <--- urKernelRelease(.hKernel = 0x1b8d6d40) -> UR_RESULT_SUCCESS;
   ---> urProgramRelease
   <--- urProgramRelease(.hProgram = 0x1b88ba10) -> UR_RESULT_SUCCESS;
   ---> urKernelRelease
[2026-10-08 05:08:08.177] [thread-id: 136762468052160] [trace] zeKernelDestroy(hKernel)
[2026-10-08 05:08:08.177] [thread-id: 136762468052160] [trace] SUCCESS (ZE_RESULT_SUCCESS) in zeKernelDestroy(hKernel=0x1b8db748)
[2026-10-08 05:08:08.177] [thread-id: 136762468052160] [trace] zeModuleBuildLogDestroy(hModuleBuildLog)
[2026-10-08 05:08:08.177] [thread-id: 136762468052160] [trace] SUCCESS (ZE_RESULT_SUCCESS) in zeModuleBuildLogDestroy(hModuleBuildLog=0x1b8c4818)
[2026-10-08 05:08:08.177] [thread-id: 136762468052160] [trace] zeModuleDestroy(hModule)
[2026-10-08 05:08:08.177] [thread-id: 136762468052160] [trace] SUCCESS (ZE_RESULT_SUCCESS) in zeModuleDestroy(hModule=0x1b89ed18)
   <--- urKernelRelease(.hKernel = 0x1b8d6d40) -> UR_RESULT_SUCCESS;
   ---> urContextRelease
[2026-10-08 05:08:08.177] [thread-id: 136762468052160] [trace] zeMemFreeExt(hContext, pMemFreeDesc, ptr)
[2026-10-08 05:08:08.177] [thread-id: 136762468052160] [trace] SUCCESS (ZE_RESULT_SUCCESS) in zeMemFreeExt(hContext=0x1b84a738, pMemFreeDesc={stype=0x7fff8f28b050, freePolicy=1}, ptr=0xffffffffff600000)
[2026-10-08 05:08:08.177] [thread-id: 136762468052160] [trace] zeEventDestroy(hEvent)
[2026-10-08 05:08:08.177] [thread-id: 136762468052160] [trace] SUCCESS (ZE_RESULT_SUCCESS) in zeEventDestroy(hEvent=0x1b883528)
[2026-10-08 05:08:08.177] [thread-id: 136762468052160] [trace] zeEventDestroy(hEvent)
[2026-10-08 05:08:08.177] [thread-id: 136762468052160] [trace] SUCCESS (ZE_RESULT_SUCCESS) in zeEventDestroy(hEvent=0x1b883a68)
[2026-10-08 05:08:08.177] [thread-id: 136762468052160] [trace] zeEventDestroy(hEvent)
[2026-10-08 05:08:08.177] [thread-id: 136762468052160] [trace] SUCCESS (ZE_RESULT_SUCCESS) in zeEventDestroy(hEvent=0x1b884168)
[2026-10-08 05:08:08.177] [thread-id: 136762468052160] [trace] zeEventDestroy(hEvent)
[2026-10-08 05:08:08.177] [thread-id: 136762468052160] [trace] SUCCESS (ZE_RESULT_SUCCESS) in zeEventDestroy(hEvent=0x1b8846c8)
[2026-10-08 05:08:08.177] [thread-id: 136762468052160] [trace] zeEventDestroy(hEvent)
[2026-10-08 05:08:08.177] [thread-id: 136762468052160] [trace] SUCCESS (ZE_RESULT_SUCCESS) in zeEventDestroy(hEvent=0x1b884dc8)
[2026-10-08 05:08:08.177] [thread-id: 136762468052160] [trace] zeEventDestroy(hEvent)
[2026-10-08 05:08:08.177] [thread-id: 136762468052160] [trace] SUCCESS (ZE_RESULT_SUCCESS) in zeEventDestroy(hEvent=0x1b8852d8)
[2026-10-08 05:08:08.177] [thread-id: 136762468052160] [trace] zeEventDestroy(hEvent)
[2026-10-08 05:08:08.177] [thread-id: 136762468052160] [trace] SUCCESS (ZE_RESULT_SUCCESS) in zeEventDestroy(hEvent=0x1b8859d8)
[2026-10-08 05:08:08.177] [thread-id: 136762468052160] [trace] zeEventDestroy(hEvent)
[2026-10-08 05:08:08.177] [thread-id: 136762468052160] [trace] SUCCESS (ZE_RESULT_SUCCESS) in zeEventDestroy(hEvent=0x1b885ee8)
[2026-10-08 05:08:08.177] [thread-id: 136762468052160] [trace] zeEventDestroy(hEvent)
[2026-10-08 05:08:08.177] [thread-id: 136762468052160] [trace] SUCCESS (ZE_RESULT_SUCCESS) in zeEventDestroy(hEvent=0x1b8865e8)
[2026-10-08 05:08:08.177] [thread-id: 136762468052160] [trace] zeEventDestroy(hEvent)
[2026-10-08 05:08:08.177] [thread-id: 136762468052160] [trace] SUCCESS (ZE_RESULT_SUCCESS) in zeEventDestroy(hEvent=0x1b886b98)
[2026-10-08 05:08:08.177] [thread-id: 136762468052160] [trace] zeEventDestroy(hEvent)
[2026-10-08 05:08:08.177] [thread-id: 136762468052160] [trace] SUCCESS (ZE_RESULT_SUCCESS) in zeEventDestroy(hEvent=0x1b887298)
[2026-10-08 05:08:08.177] [thread-id: 136762468052160] [trace] zeEventDestroy(hEvent)
[2026-10-08 05:08:08.177] [thread-id: 136762468052160] [trace] SUCCESS (ZE_RESULT_SUCCESS) in zeEventDestroy(hEvent=0x1b8877a8)
[2026-10-08 05:08:08.177] [thread-id: 136762468052160] [trace] zeEventDestroy(hEvent)
[2026-10-08 05:08:08.177] [thread-id: 136762468052160] [trace] SUCCESS (ZE_RESULT_SUCCESS) in zeEventDestroy(hEvent=0x1b887ea8)
[2026-10-08 05:08:08.177] [thread-id: 136762468052160] [trace] zeEventDestroy(hEvent)
[2026-10-08 05:08:08.177] [thread-id: 136762468052160] [trace] SUCCESS (ZE_RESULT_SUCCESS) in zeEventDestroy(hEvent=0x1b8883b8)
[2026-10-08 05:08:08.177] [thread-id: 136762468052160] [trace] zeEventDestroy(hEvent)
[2026-10-08 05:08:08.177] [thread-id: 136762468052160] [trace] SUCCESS (ZE_RESULT_SUCCESS) in zeEventDestroy(hEvent=0x1b888ab8)
[2026-10-08 05:08:08.177] [thread-id: 136762468052160] [trace] zeEventDestroy(hEvent)
[2026-10-08 05:08:08.177] [thread-id: 136762468052160] [trace] SUCCESS (ZE_RESULT_SUCCESS) in zeEventDestroy(hEvent=0x1b8890d8)
[2026-10-08 05:08:08.178] [thread-id: 136762468052160] [trace] zeEventDestroy(hEvent)
[2026-10-08 05:08:08.178] [thread-id: 136762468052160] [trace] SUCCESS (ZE_RESULT_SUCCESS) in zeEventDestroy(hEvent=0x1b8897d8)
[2026-10-08 05:08:08.178] [thread-id: 136762468052160] [trace] zeEventDestroy(hEvent)
[2026-10-08 05:08:08.178] [thread-id: 136762468052160] [trace] SUCCESS (ZE_RESULT_SUCCESS) in zeEventDestroy(hEvent=0x1b889ce8)
[2026-10-08 05:08:08.178] [thread-id: 136762468052160] [trace] zeEventDestroy(hEvent)
[2026-10-08 05:08:08.178] [thread-id: 136762468052160] [trace] SUCCESS (ZE_RESULT_SUCCESS) in zeEventDestroy(hEvent=0x1b88a3e8)
[2026-10-08 05:08:08.178] [thread-id: 136762468052160] [trace] zeEventDestroy(hEvent)
[2026-10-08 05:08:08.178] [thread-id: 136762468052160] [trace] SUCCESS (ZE_RESULT_SUCCESS) in zeEventDestroy(hEvent=0x1b88a8f8)
[2026-10-08 05:08:08.178] [thread-id: 136762468052160] [trace] zeEventDestroy(hEvent)
[2026-10-08 05:08:08.178] [thread-id: 136762468052160] [trace] SUCCESS (ZE_RESULT_SUCCESS) in zeEventDestroy(hEvent=0x1b88aff8)
[2026-10-08 05:08:08.178] [thread-id: 136762468052160] [trace] zeEventDestroy(hEvent)
[2026-10-08 05:08:08.178] [thread-id: 136762468052160] [trace] SUCCESS (ZE_RESULT_SUCCESS) in zeEventDestroy(hEvent=0x1b88b508)
[2026-10-08 05:08:08.178] [thread-id: 136762468052160] [trace] zeEventDestroy(hEvent)
[2026-10-08 05:08:08.178] [thread-id: 136762468052160] [trace] SUCCESS (ZE_RESULT_SUCCESS) in zeEventDestroy(hEvent=0x1b88bd48)
[2026-10-08 05:08:08.178] [thread-id: 136762468052160] [trace] zeEventDestroy(hEvent)
[2026-10-08 05:08:08.178] [thread-id: 136762468052160] [trace] SUCCESS (ZE_RESULT_SUCCESS) in zeEventDestroy(hEvent=0x1b88c258)
[2026-10-08 05:08:08.178] [thread-id: 136762468052160] [trace] zeEventDestroy(hEvent)
[2026-10-08 05:08:08.178] [thread-id: 136762468052160] [trace] SUCCESS (ZE_RESULT_SUCCESS) in zeEventDestroy(hEvent=0x1b88c958)
[2026-10-08 05:08:08.178] [thread-id: 136762468052160] [trace] zeEventDestroy(hEvent)
[2026-10-08 05:08:08.178] [thread-id: 136762468052160] [trace] SUCCESS (ZE_RESULT_SUCCESS) in zeEventDestroy(hEvent=0x1b88ce68)
[2026-10-08 05:08:08.178] [thread-id: 136762468052160] [trace] zeEventDestroy(hEvent)
[2026-10-08 05:08:08.178] [thread-id: 136762468052160] [trace] SUCCESS (ZE_RESULT_SUCCESS) in zeEventDestroy(hEvent=0x1b88d568)
[2026-10-08 05:08:08.178] [thread-id: 136762468052160] [trace] zeEventDestroy(hEvent)
[2026-10-08 05:08:08.178] [thread-id: 136762468052160] [trace] SUCCESS (ZE_RESULT_SUCCESS) in zeEventDestroy(hEvent=0x1b88da78)
[2026-10-08 05:08:08.178] [thread-id: 136762468052160] [trace] zeEventDestroy(hEvent)
[2026-10-08 05:08:08.178] [thread-id: 136762468052160] [trace] SUCCESS (ZE_RESULT_SUCCESS) in zeEventDestroy(hEvent=0x1b88e178)
[2026-10-08 05:08:08.178] [thread-id: 136762468052160] [trace] zeEventDestroy(hEvent)
[2026-10-08 05:08:08.178] [thread-id: 136762468052160] [trace] SUCCESS (ZE_RESULT_SUCCESS) in zeEventDestroy(hEvent=0x1b88e688)
[2026-10-08 05:08:08.178] [thread-id: 136762468052160] [trace] zeEventDestroy(hEvent)
[2026-10-08 05:08:08.178] [thread-id: 136762468052160] [trace] SUCCESS (ZE_RESULT_SUCCESS) in zeEventDestroy(hEvent=0x1b88ed88)
[2026-10-08 05:08:08.178] [thread-id: 136762468052160] [trace] zeEventDestroy(hEvent)
[2026-10-08 05:08:08.178] [thread-id: 136762468052160] [trace] SUCCESS (ZE_RESULT_SUCCESS) in zeEventDestroy(hEvent=0x1b88f4a8)
[2026-10-08 05:08:08.178] [thread-id: 136762468052160] [trace] zeEventDestroy(hEvent)
[2026-10-08 05:08:08.178] [thread-id: 136762468052160] [trace] SUCCESS (ZE_RESULT_SUCCESS) in zeEventDestroy(hEvent=0x1b88fba8)
[2026-10-08 05:08:08.178] [thread-id: 136762468052160] [trace] zeEventDestroy(hEvent)
[2026-10-08 05:08:08.178] [thread-id: 136762468052160] [trace] SUCCESS (ZE_RESULT_SUCCESS) in zeEventDestroy(hEvent=0x1b8900b8)
[2026-10-08 05:08:08.178] [thread-id: 136762468052160] [trace] zeEventDestroy(hEvent)
[2026-10-08 05:08:08.178] [thread-id: 136762468052160] [trace] SUCCESS (ZE_RESULT_SUCCESS) in zeEventDestroy(hEvent=0x1b8907b8)
[2026-10-08 05:08:08.178] [thread-id: 136762468052160] [trace] zeEventDestroy(hEvent)
[2026-10-08 05:08:08.178] [thread-id: 136762468052160] [trace] SUCCESS (ZE_RESULT_SUCCESS) in zeEventDestroy(hEvent=0x1b890cc8)
[2026-10-08 05:08:08.178] [thread-id: 136762468052160] [trace] zeEventDestroy(hEvent)
[2026-10-08 05:08:08.178] [thread-id: 136762468052160] [trace] SUCCESS (ZE_RESULT_SUCCESS) in zeEventDestroy(hEvent=0x1b8913c8)
[2026-10-08 05:08:08.178] [thread-id: 136762468052160] [trace] zeEventDestroy(hEvent)
[2026-10-08 05:08:08.178] [thread-id: 136762468052160] [trace] SUCCESS (ZE_RESULT_SUCCESS) in zeEventDestroy(hEvent=0x1b8918d8)
[2026-10-08 05:08:08.178] [thread-id: 136762468052160] [trace] zeEventDestroy(hEvent)
[2026-10-08 05:08:08.178] [thread-id: 136762468052160] [trace] SUCCESS (ZE_RESULT_SUCCESS) in zeEventDestroy(hEvent=0x1b891fd8)
[2026-10-08 05:08:08.178] [thread-id: 136762468052160] [trace] zeEventDestroy(hEvent)
[2026-10-08 05:08:08.178] [thread-id: 136762468052160] [trace] SUCCESS (ZE_RESULT_SUCCESS) in zeEventDestroy(hEvent=0x1b8924e8)
[2026-10-08 05:08:08.178] [thread-id: 136762468052160] [trace] zeEventDestroy(hEvent)
[2026-10-08 05:08:08.178] [thread-id: 136762468052160] [trace] SUCCESS (ZE_RESULT_SUCCESS) in zeEventDestroy(hEvent=0x1b892be8)
[2026-10-08 05:08:08.178] [thread-id: 136762468052160] [trace] zeEventDestroy(hEvent)
[2026-10-08 05:08:08.178] [thread-id: 136762468052160] [trace] SUCCESS (ZE_RESULT_SUCCESS) in zeEventDestroy(hEvent=0x1b8930f8)
[2026-10-08 05:08:08.178] [thread-id: 136762468052160] [trace] zeEventDestroy(hEvent)
[2026-10-08 05:08:08.178] [thread-id: 136762468052160] [trace] SUCCESS (ZE_RESULT_SUCCESS) in zeEventDestroy(hEvent=0x1b8937f8)
[2026-10-08 05:08:08.178] [thread-id: 136762468052160] [trace] zeEventDestroy(hEvent)
[2026-10-08 05:08:08.178] [thread-id: 136762468052160] [trace] SUCCESS (ZE_RESULT_SUCCESS) in zeEventDestroy(hEvent=0x1b893d08)
[2026-10-08 05:08:08.178] [thread-id: 136762468052160] [trace] zeEventDestroy(hEvent)
[2026-10-08 05:08:08.178] [thread-id: 136762468052160] [trace] SUCCESS (ZE_RESULT_SUCCESS) in zeEventDestroy(hEvent=0x1b894408)
[2026-10-08 05:08:08.178] [thread-id: 136762468052160] [trace] zeEventDestroy(hEvent)
[2026-10-08 05:08:08.178] [thread-id: 136762468052160] [trace] SUCCESS (ZE_RESULT_SUCCESS) in zeEventDestroy(hEvent=0x1b894918)
[2026-10-08 05:08:08.178] [thread-id: 136762468052160] [trace] zeEventDestroy(hEvent)
[2026-10-08 05:08:08.178] [thread-id: 136762468052160] [trace] SUCCESS (ZE_RESULT_SUCCESS) in zeEventDestroy(hEvent=0x1b895018)
[2026-10-08 05:08:08.178] [thread-id: 136762468052160] [trace] zeEventDestroy(hEvent)
[2026-10-08 05:08:08.178] [thread-id: 136762468052160] [trace] SUCCESS (ZE_RESULT_SUCCESS) in zeEventDestroy(hEvent=0x1b895528)
[2026-10-08 05:08:08.178] [thread-id: 136762468052160] [trace] zeEventDestroy(hEvent)
[2026-10-08 05:08:08.178] [thread-id: 136762468052160] [trace] SUCCESS (ZE_RESULT_SUCCESS) in zeEventDestroy(hEvent=0x1b895c28)
[2026-10-08 05:08:08.178] [thread-id: 136762468052160] [trace] zeEventDestroy(hEvent)
[2026-10-08 05:08:08.178] [thread-id: 136762468052160] [trace] SUCCESS (ZE_RESULT_SUCCESS) in zeEventDestroy(hEvent=0x1b896138)
[2026-10-08 05:08:08.178] [thread-id: 136762468052160] [trace] zeEventDestroy(hEvent)
[2026-10-08 05:08:08.178] [thread-id: 136762468052160] [trace] SUCCESS (ZE_RESULT_SUCCESS) in zeEventDestroy(hEvent=0x1b896ab8)
[2026-10-08 05:08:08.178] [thread-id: 136762468052160] [trace] zeEventDestroy(hEvent)
[2026-10-08 05:08:08.178] [thread-id: 136762468052160] [trace] SUCCESS (ZE_RESULT_SUCCESS) in zeEventDestroy(hEvent=0x1b896fc8)
[2026-10-08 05:08:08.178] [thread-id: 136762468052160] [trace] zeEventDestroy(hEvent)
[2026-10-08 05:08:08.178] [thread-id: 136762468052160] [trace] SUCCESS (ZE_RESULT_SUCCESS) in zeEventDestroy(hEvent=0x1b8976c8)
[2026-10-08 05:08:08.178] [thread-id: 136762468052160] [trace] zeEventDestroy(hEvent)
[2026-10-08 05:08:08.178] [thread-id: 136762468052160] [trace] SUCCESS (ZE_RESULT_SUCCESS) in zeEventDestroy(hEvent=0x1b897bd8)
[2026-10-08 05:08:08.178] [thread-id: 136762468052160] [trace] zeEventDestroy(hEvent)
[2026-10-08 05:08:08.178] [thread-id: 136762468052160] [trace] SUCCESS (ZE_RESULT_SUCCESS) in zeEventDestroy(hEvent=0x1b8982d8)
[2026-10-08 05:08:08.178] [thread-id: 136762468052160] [trace] zeEventDestroy(hEvent)
[2026-10-08 05:08:08.178] [thread-id: 136762468052160] [trace] SUCCESS (ZE_RESULT_SUCCESS) in zeEventDestroy(hEvent=0x1b8987e8)
[2026-10-08 05:08:08.178] [thread-id: 136762468052160] [trace] zeEventDestroy(hEvent)
[2026-10-08 05:08:08.178] [thread-id: 136762468052160] [trace] SUCCESS (ZE_RESULT_SUCCESS) in zeEventDestroy(hEvent=0x1b898ee8)
[2026-10-08 05:08:08.178] [thread-id: 136762468052160] [trace] zeEventDestroy(hEvent)
[2026-10-08 05:08:08.179] [thread-id: 136762468052160] [trace] SUCCESS (ZE_RESULT_SUCCESS) in zeEventDestroy(hEvent=0x1b8993f8)
[2026-10-08 05:08:08.179] [thread-id: 136762468052160] [trace] zeEventDestroy(hEvent)
[2026-10-08 05:08:08.179] [thread-id: 136762468052160] [trace] SUCCESS (ZE_RESULT_SUCCESS) in zeEventDestroy(hEvent=0x1b899af8)
[2026-10-08 05:08:08.179] [thread-id: 136762468052160] [trace] zeEventDestroy(hEvent)
[2026-10-08 05:08:08.179] [thread-id: 136762468052160] [trace] SUCCESS (ZE_RESULT_SUCCESS) in zeEventDestroy(hEvent=0x1b89a008)
[2026-10-08 05:08:08.179] [thread-id: 136762468052160] [trace] zeEventDestroy(hEvent)
[2026-10-08 05:08:08.179] [thread-id: 136762468052160] [trace] SUCCESS (ZE_RESULT_SUCCESS) in zeEventDestroy(hEvent=0x1b89a708)
[2026-10-08 05:08:08.179] [thread-id: 136762468052160] [trace] zeEventDestroy(hEvent)
[2026-10-08 05:08:08.179] [thread-id: 136762468052160] [trace] SUCCESS (ZE_RESULT_SUCCESS) in zeEventDestroy(hEvent=0x1b89ac18)
[2026-10-08 05:08:08.179] [thread-id: 136762468052160] [trace] zeEventDestroy(hEvent)
[2026-10-08 05:08:08.179] [thread-id: 136762468052160] [trace] SUCCESS (ZE_RESULT_SUCCESS) in zeEventDestroy(hEvent=0x1b882a68)
[2026-10-08 05:08:08.179] [thread-id: 136762468052160] [trace] zeEventDestroy(hEvent)
[2026-10-08 05:08:08.179] [thread-id: 136762468052160] [trace] SUCCESS (ZE_RESULT_SUCCESS) in zeEventDestroy(hEvent=0x1b882e08)
[2026-10-08 05:08:08.179] [thread-id: 136762468052160] [trace] zeCommandListDestroy(hCommandList)
[2026-10-08 05:08:08.179] [thread-id: 136762468052160] [trace] SUCCESS (ZE_RESULT_SUCCESS) in zeCommandListDestroy(hCommandList=0x1b851d88)
[2026-10-08 05:08:08.179] [thread-id: 136762468052160] [trace] zeContextDestroy(hContext)
[2026-10-08 05:08:08.179] [thread-id: 136762468052160] [trace] SUCCESS (ZE_RESULT_SUCCESS) in zeContextDestroy(hContext=0x1b84a738)
   <--- urContextRelease(.hContext = 0x1b84db90) -> UR_RESULT_SUCCESS;
   ---> urDeviceRelease
   <--- urDeviceRelease(.hDevice = 0x1b849040) -> UR_RESULT_SUCCESS;
   ---> urAdapterRelease
   <--- urAdapterRelease(.hAdapter = 0x1b64d700) -> UR_RESULT_SUCCESS;
