<LOADER>[DEBUG]: Logger loader initialized successfully!
<LOADER>[INFO]: loaded adapter 0x0x14142980 (/opt/intel/oneapi/compiler/2026.1/lib/libur_adapter_level_zero_v2.so.0) from /opt/intel/oneapi/compiler/2026.1/lib/libur_adapter_level_zero_v2.so.0
   ---> urAdapterGet
<LEVEL_ZERO>[DEBUG]: zeInit with flags value of 1
[2026-10-08 08:33:17.633] [thread-id: 132803273301184] [info] Loader Version 1.32.0  - No git SHA found, compiled outside git folder.
[2026-10-08 08:33:17.636] [thread-id: 132803273301184] [info] Validation Layer Enabled
[2026-10-08 08:33:17.636] [thread-id: 132803273301184] [info] zeInit succeeded
[2026-10-08 08:33:17.636] [thread-id: 132803273301184] [trace] zeInit(flags)
[2026-10-08 08:33:17.664] [thread-id: 132803273301184] [trace] SUCCESS (ZE_RESULT_SUCCESS) in zeInit(flags=1)
<LEVEL_ZERO>[DEBUG]: Level Zero Loader version: 1.32.0
<LEVEL_ZERO>[DEBUG]: zeInitDrivers with flags value of 1
[2026-10-08 08:33:17.664] [thread-id: 132803273301184] [trace] zeInitDrivers(pCount, phDrivers, desc)
[2026-10-08 08:33:17.664] [thread-id: 132803273301184] [trace] SUCCESS (ZE_RESULT_SUCCESS) in zeInitDrivers(pCount=1, phDrivers=nullptr, desc={stype=0x14141728, flags=1})
[2026-10-08 08:33:17.664] [thread-id: 132803273301184] [trace] zeInitDrivers(pCount, phDrivers, desc)
[2026-10-08 08:33:17.664] [thread-id: 132803273301184] [trace] SUCCESS (ZE_RESULT_SUCCESS) in zeInitDrivers(pCount=1, phDrivers=nullptr, desc={stype=0x14141728, flags=1})
[2026-10-08 08:33:17.664] [thread-id: 132803273301184] [trace] zeDriverGet(pCount, phDrivers)
[2026-10-08 08:33:17.664] [thread-id: 132803273301184] [trace] SUCCESS (ZE_RESULT_SUCCESS) in zeDriverGet(pCount=1, phDrivers=nullptr)
[2026-10-08 08:33:17.664] [thread-id: 132803273301184] [trace] zeDriverGet(pCount, phDrivers)
[2026-10-08 08:33:17.664] [thread-id: 132803273301184] [trace] SUCCESS (ZE_RESULT_SUCCESS) in zeDriverGet(pCount=1, phDrivers=0x14327980)
[2026-10-08 08:33:17.664] [thread-id: 132803273301184] [trace] zeDeviceGet(hDriver, pCount, phDevices)
[2026-10-08 08:33:17.664] [thread-id: 132803273301184] [trace] SUCCESS (ZE_RESULT_SUCCESS) in zeDeviceGet(hDriver=0x143279c8, pCount=1, phDevices=nullptr)
[2026-10-08 08:33:17.664] [thread-id: 132803273301184] [trace] zeDeviceGet(hDriver, pCount, phDevices)
[2026-10-08 08:33:17.664] [thread-id: 132803273301184] [trace] SUCCESS (ZE_RESULT_SUCCESS) in zeDeviceGet(hDriver=0x143279c8, pCount=1, phDevices=0x143342b0)
[2026-10-08 08:33:17.664] [thread-id: 132803273301184] [trace] zeDeviceGetProperties(hDevice, pDeviceProperties)
[2026-10-08 08:33:17.664] [thread-id: 132803273301184] [trace] SUCCESS (ZE_RESULT_SUCCESS) in zeDeviceGetProperties(hDevice=0x14327f28, pDeviceProperties={stype=0x7ffc04bab8c0, type=0x7ffc04bab8d0, vendorId=32902, deviceId=57868, flags=8, subdeviceId=0, coreClockRate=2750, maxMemAllocSize=10132807680, maxHardwareContexts=65536, maxCommandQueuePriority=0, numThreadsPerEU=8, physicalEUSimdWidth=16, numEUsPerSubslice=8, numSubslicesPerSlice=4, numSlices=5, timerResolution=52, timestampValidBits=64, kernelTimestampValidBits=64, uuid={id=134}, name="Intel(R) Arc(TM) B570 Graphics"})
<LEVEL_ZERO>[DEBUG]: 
zesInit with flags value of 0

[2026-10-08 08:33:17.665] [thread-id: 132803273301184] [trace] zesInit(flags)
[2026-10-08 08:33:17.666] [thread-id: 132803273301184] [trace] SUCCESS (ZE_RESULT_SUCCESS) in zesInit(flags=0)
[2026-10-08 08:33:17.666] [thread-id: 132803273301184] [trace] zeDriverGet(pCount, phDrivers)
[2026-10-08 08:33:17.666] [thread-id: 132803273301184] [trace] SUCCESS (ZE_RESULT_SUCCESS) in zeDriverGet(pCount=1, phDrivers=nullptr)
[2026-10-08 08:33:17.666] [thread-id: 132803273301184] [trace] zeDriverGet(pCount, phDrivers)
[2026-10-08 08:33:17.666] [thread-id: 132803273301184] [trace] SUCCESS (ZE_RESULT_SUCCESS) in zeDriverGet(pCount=1, phDrivers=0x1433b340)
[2026-10-08 08:33:17.666] [thread-id: 132803273301184] [trace] zeInitDrivers(pCount, phDrivers, desc)
[2026-10-08 08:33:17.666] [thread-id: 132803273301184] [trace] SUCCESS (ZE_RESULT_SUCCESS) in zeInitDrivers(pCount=1, phDrivers=0x1433b410, desc={stype=0x14141728, flags=1})
[2026-10-08 08:33:17.666] [thread-id: 132803273301184] [trace] zeDriverGetProperties(hDriver, pDriverProperties)
[2026-10-08 08:33:17.666] [thread-id: 132803273301184] [trace] SUCCESS (ZE_RESULT_SUCCESS) in zeDriverGetProperties(hDriver=0x143279c8, pDriverProperties={stype=0x7ffc04bab810, uuid={id=227}, driverVersion=17013219})
[2026-10-08 08:33:17.666] [thread-id: 132803273301184] [trace] zeDriverGetProperties(hDriver, pDriverProperties)
[2026-10-08 08:33:17.666] [thread-id: 132803273301184] [trace] SUCCESS (ZE_RESULT_SUCCESS) in zeDriverGetProperties(hDriver=0x143279c8, pDriverProperties={stype=0x7ffc04bab9e0, uuid={id=227}, driverVersion=17013219})
<LEVEL_ZERO>[DEBUG]: zeDriverHandle 0x143279c8 matched between zeDriverGet and zeInitDrivers. Not adding duplicate driver to list
<LEVEL_ZERO>[DEBUG]: 1 L0 Drivers found.
[2026-10-08 08:33:17.666] [thread-id: 132803273301184] [trace] zeDeviceGet(hDriver, pCount, phDevices)
[2026-10-08 08:33:17.666] [thread-id: 132803273301184] [trace] SUCCESS (ZE_RESULT_SUCCESS) in zeDeviceGet(hDriver=0x143279c8, pCount=1, phDevices=nullptr)
[2026-10-08 08:33:17.666] [thread-id: 132803273301184] [trace] zeDeviceGet(hDriver, pCount, phDevices)
[2026-10-08 08:33:17.666] [thread-id: 132803273301184] [trace] SUCCESS (ZE_RESULT_SUCCESS) in zeDeviceGet(hDriver=0x143279c8, pCount=1, phDevices=0x1433b6b0)
[2026-10-08 08:33:17.666] [thread-id: 132803273301184] [trace] zeDeviceGetProperties(hDevice, pDeviceProperties)
[2026-10-08 08:33:17.666] [thread-id: 132803273301184] [trace] SUCCESS (ZE_RESULT_SUCCESS) in zeDeviceGetProperties(hDevice=0x14327f28, pDeviceProperties={stype=0x7ffc04bab810, type=0x7ffc04bab820, vendorId=32902, deviceId=57868, flags=8, subdeviceId=0, coreClockRate=2750, maxMemAllocSize=10132807680, maxHardwareContexts=65536, maxCommandQueuePriority=0, numThreadsPerEU=8, physicalEUSimdWidth=16, numEUsPerSubslice=8, numSubslicesPerSlice=4, numSlices=5, timerResolution=52, timestampValidBits=64, kernelTimestampValidBits=64, uuid={id=134}, name="Intel(R) Arc(TM) B570 Graphics"})
[2026-10-08 08:33:17.666] [thread-id: 132803273301184] [trace] zeDriverGetApiVersion(hDriver, version)
[2026-10-08 08:33:17.666] [thread-id: 132803273301184] [trace] SUCCESS (ZE_RESULT_SUCCESS) in zeDriverGetApiVersion(hDriver=0x143279c8, version=65553)
[2026-10-08 08:33:17.666] [thread-id: 132803273301184] [trace] zeDriverGetExtensionProperties(hDriver, pCount, pExtensionProperties)
[2026-10-08 08:33:17.666] [thread-id: 132803273301184] [trace] SUCCESS (ZE_RESULT_SUCCESS) in zeDriverGetExtensionProperties(hDriver=0x143279c8, pCount=63, pExtensionProperties=nullptr)
[2026-10-08 08:33:17.666] [thread-id: 132803273301184] [trace] zeDriverGetExtensionProperties(hDriver, pCount, pExtensionProperties)
[2026-10-08 08:33:17.666] [thread-id: 132803273301184] [trace] SUCCESS (ZE_RESULT_SUCCESS) in zeDriverGetExtensionProperties(hDriver=0x143279c8, pCount=63, pExtensionProperties={name="ZE_extension_device_cache_line_size", version=65536})
[2026-10-08 08:33:17.666] [thread-id: 132803273301184] [trace] zeDriverGetExtensionFunctionAddress(hDriver, name, ppFunctionAddress)
[2026-10-08 08:33:17.666] [thread-id: 132803273301184] [trace] SUCCESS (ZE_RESULT_SUCCESS) in zeDriverGetExtensionFunctionAddress(hDriver=0x143279c8, name="zeIntelGetDriverVersionString", ppFunctionAddress=0x78c8a8181c00)
[2026-10-08 08:33:17.666] [thread-id: 132803273301184] [trace] zeDriverGetProperties(hDriver, pDriverProperties)
[2026-10-08 08:33:17.666] [thread-id: 132803273301184] [trace] SUCCESS (ZE_RESULT_SUCCESS) in zeDriverGetProperties(hDriver=0x143279c8, pDriverProperties={stype=0x7ffc04bab6d0, uuid={id=227}, driverVersion=17013219})
<LEVEL_ZERO>[DEBUG]: Level Zero Driver version: 1.17.39395+14
[2026-10-08 08:33:17.667] [thread-id: 132803273301184] [trace] zeDriverGetExtensionFunctionAddress(hDriver, name, ppFunctionAddress)
[2026-10-08 08:33:17.667] [thread-id: 132803273301184] [trace] SUCCESS (ZE_RESULT_SUCCESS) in zeDriverGetExtensionFunctionAddress(hDriver=0x143279c8, name="zexDriverImportExternalPointer", ppFunctionAddress=0x78c8a817ca40)
[2026-10-08 08:33:17.667] [thread-id: 132803273301184] [trace] zeDriverGetExtensionFunctionAddress(hDriver, name, ppFunctionAddress)
[2026-10-08 08:33:17.667] [thread-id: 132803273301184] [trace] SUCCESS (ZE_RESULT_SUCCESS) in zeDriverGetExtensionFunctionAddress(hDriver=0x143279c8, name="zexDriverReleaseImportedPointer", ppFunctionAddress=0x78c8a8184e30)
[2026-10-08 08:33:17.667] [thread-id: 132803273301184] [trace] zeDriverGetExtensionFunctionAddress(hDriver, name, ppFunctionAddress)
[2026-10-08 08:33:17.667] [thread-id: 132803273301184] [trace] SUCCESS (ZE_RESULT_SUCCESS) in zeDriverGetExtensionFunctionAddress(hDriver=0x143279c8, name="zeImageGetDeviceOffsetExp", ppFunctionAddress=0x78c8a8186190)
[2026-10-08 08:33:17.667] [thread-id: 132803273301184] [trace] zeDriverGetExtensionFunctionAddress(hDriver, name, ppFunctionAddress)
[2026-10-08 08:33:17.667] [thread-id: 132803273301184] [trace] SUCCESS (ZE_RESULT_SUCCESS) in zeDriverGetExtensionFunctionAddress(hDriver=0x143279c8, name="zeMemGetPitchFor2dImage", ppFunctionAddress=0x78c8a8188550)
[2026-10-08 08:33:17.667] [thread-id: 132803273301184] [trace] zeDriverGetExtensionFunctionAddress(hDriver, name, ppFunctionAddress)
[2026-10-08 08:33:17.667] [thread-id: 132803273301184] [trace] SUCCESS (ZE_RESULT_SUCCESS) in zeDriverGetExtensionFunctionAddress(hDriver=0x143279c8, name="zeGraphGetIdExt", ppFunctionAddress=0x78c8a8176dd0)
[2026-10-08 08:33:17.667] [thread-id: 132803273301184] [trace] zeDriverGetExtensionFunctionAddress(hDriver, name, ppFunctionAddress)
[2026-10-08 08:33:17.667] [thread-id: 132803273301184] [trace] SUCCESS (ZE_RESULT_SUCCESS) in zeDriverGetExtensionFunctionAddress(hDriver=0x143279c8, name="zeCommandListAppendHostFunction", ppFunctionAddress=0x78c8a815a140)
[2026-10-08 08:33:17.667] [thread-id: 132803273301184] [trace] zesDriverGet(pCount, phDrivers)
[2026-10-08 08:33:17.667] [thread-id: 132803273301184] [trace] SUCCESS (ZE_RESULT_SUCCESS) in zesDriverGet(pCount=1, phDrivers=nullptr)
[2026-10-08 08:33:17.667] [thread-id: 132803273301184] [trace] zesDriverGet(pCount, phDrivers)
[2026-10-08 08:33:17.667] [thread-id: 132803273301184] [trace] SUCCESS (ZE_RESULT_SUCCESS) in zesDriverGet(pCount=1, phDrivers=0x1433c5b0)
[2026-10-08 08:33:17.667] [thread-id: 132803273301184] [trace] zesDriverGetDeviceByUuidExp(hDriver, uuid, phDevice, onSubdevice, subdeviceId)
[2026-10-08 08:33:17.667] [thread-id: 132803273301184] [trace] SUCCESS (ZE_RESULT_SUCCESS) in zesDriverGetDeviceByUuidExp(hDriver=0x143381c8, uuid={id=134}, phDevice=0x14168058, onSubdevice=0, subdeviceId=0)
<LEVEL_ZERO>[DEBUG]: Initialized 1 platforms
   <--- urAdapterGet(.NumEntries = 0, .phAdapters = nullptr, .pNumAdapters = 0x7ffc04bac0e8 (1)) -> UR_RESULT_SUCCESS;
   ---> urAdapterGet
   <--- urAdapterGet(.NumEntries = 1, .phAdapters = 0x1433b690 {0x14141700}, .pNumAdapters = nullptr) -> UR_RESULT_SUCCESS;
   ---> urAdapterGetInfo
   <--- urAdapterGetInfo(.hAdapter = 0x14141700, .propName = UR_ADAPTER_INFO_BACKEND, .propSize = 4, .pPropValue = 0x7ffc04bac0dc (UR_BACKEND_LEVEL_ZERO), .pPropSizeRet = nullptr) -> UR_RESULT_SUCCESS;
   ---> urAdapterSetLoggerCallback
   <--- urAdapterSetLoggerCallback(.hAdapter = 0x14141700, .pfnLoggerCallback = 0x78c8aef5d420, .pUserData = nullptr, .level = UR_LOGGER_LEVEL_WARN) -> UR_RESULT_SUCCESS;
   ---> urPlatformGet
   <--- urPlatformGet(.hAdapter = 0x14141700, .NumEntries = 0, .phPlatforms = nullptr, .pNumPlatforms = 0x7ffc04bac01c (1)) -> UR_RESULT_SUCCESS;
   ---> urPlatformGet
   <--- urPlatformGet(.hAdapter = 0x14141700, .NumEntries = 1, .phPlatforms = 0x1433b690 {0x1433b810}, .pNumPlatforms = nullptr) -> UR_RESULT_SUCCESS;
   ---> urPlatformGetInfo
   <--- urPlatformGetInfo(.hPlatform = 0x1433b810, .propName = UR_PLATFORM_INFO_BACKEND, .propSize = 4, .pPropValue = 0x7ffc04bac02c (UR_BACKEND_LEVEL_ZERO), .pPropSizeRet = nullptr) -> UR_RESULT_SUCCESS;
   ---> urDeviceGet
[2026-10-08 08:33:17.667] [thread-id: 132803273301184] [trace] zeDeviceGet(hDriver, pCount, phDevices)
[2026-10-08 08:33:17.667] [thread-id: 132803273301184] [trace] SUCCESS (ZE_RESULT_SUCCESS) in zeDeviceGet(hDriver=0x143279c8, pCount=1, phDevices=nullptr)
[2026-10-08 08:33:17.667] [thread-id: 132803273301184] [trace] zeDeviceGet(hDriver, pCount, phDevices)
[2026-10-08 08:33:17.667] [thread-id: 132803273301184] [trace] SUCCESS (ZE_RESULT_SUCCESS) in zeDeviceGet(hDriver=0x143279c8, pCount=1, phDevices=0x1433d000)
[2026-10-08 08:33:17.667] [thread-id: 132803273301184] [trace] zeDeviceGetProperties(hDevice, pDeviceProperties)
[2026-10-08 08:33:17.667] [thread-id: 132803273301184] [trace] SUCCESS (ZE_RESULT_SUCCESS) in zeDeviceGetProperties(hDevice=0x14327f28, pDeviceProperties={stype=0x1433d0e8, type=0x1433d0f8, vendorId=32902, deviceId=57868, flags=8, subdeviceId=0, coreClockRate=2750, maxMemAllocSize=10132807680, maxHardwareContexts=65536, maxCommandQueuePriority=0, numThreadsPerEU=8, physicalEUSimdWidth=16, numEUsPerSubslice=8, numSubslicesPerSlice=4, numSlices=5, timerResolution=19200000, timestampValidBits=64, kernelTimestampValidBits=64, uuid={id=134}, name="Intel(R) Arc(TM) B570 Graphics"})
[2026-10-08 08:33:17.667] [thread-id: 132803273301184] [trace] zeDeviceGetProperties(hDevice, pDeviceProperties)
[2026-10-08 08:33:17.667] [thread-id: 132803273301184] [trace] SUCCESS (ZE_RESULT_SUCCESS) in zeDeviceGetProperties(hDevice=0x14327f28, pDeviceProperties={stype=0x7ffc04bab628, type=0x7ffc04bab638, vendorId=32902, deviceId=57868, flags=8, subdeviceId=0, coreClockRate=2750, maxMemAllocSize=10132807680, maxHardwareContexts=65536, maxCommandQueuePriority=0, numThreadsPerEU=8, physicalEUSimdWidth=16, numEUsPerSubslice=8, numSubslicesPerSlice=4, numSlices=5, timerResolution=52, timestampValidBits=64, kernelTimestampValidBits=64, uuid={id=134}, name="Intel(R) Arc(TM) B570 Graphics"})
[2026-10-08 08:33:17.667] [thread-id: 132803273301184] [trace] zeDeviceGetCommandQueueGroupProperties(hDevice, pCount, pCommandQueueGroupProperties)
[2026-10-08 08:33:17.667] [thread-id: 132803273301184] [trace] SUCCESS (ZE_RESULT_SUCCESS) in zeDeviceGetCommandQueueGroupProperties(hDevice=0x14327f28, pCount=2, pCommandQueueGroupProperties=nullptr)
<LEVEL_ZERO>[INFO]: Number of queue groups = 2
[2026-10-08 08:33:17.667] [thread-id: 132803273301184] [trace] zeDeviceGetCommandQueueGroupProperties(hDevice, pCount, pCommandQueueGroupProperties)
[2026-10-08 08:33:17.667] [thread-id: 132803273301184] [trace] SUCCESS (ZE_RESULT_SUCCESS) in zeDeviceGetCommandQueueGroupProperties(hDevice=0x14327f28, pCount=2, pCommandQueueGroupProperties={stype=0x14141610, flags=7, maxMemoryFillPatternSize=18446744073709551615, numQueues=1})
<LEVEL_ZERO>[INFO]: main blitter/copy engine is available
<LEVEL_ZERO>[INFO]: link blitter/copy engines are not available
[2026-10-08 08:33:17.667] [thread-id: 132803273301184] [trace] zeDeviceGetSubDevices(hDevice, pCount, phSubdevices)
[2026-10-08 08:33:17.667] [thread-id: 132803273301184] [trace] SUCCESS (ZE_RESULT_SUCCESS) in zeDeviceGetSubDevices(hDevice=0x14327f28, pCount=0, phSubdevices=nullptr)
[2026-10-08 08:33:17.667] [thread-id: 132803273301184] [trace] zeDeviceGetSubDevices(hDevice, pCount, phSubdevices)
[2026-10-08 08:33:17.667] [thread-id: 132803273301184] [trace] SUCCESS (ZE_RESULT_SUCCESS) in zeDeviceGetSubDevices(hDevice=0x14327f28, pCount=0, phSubdevices=0x1433d020)
[2026-10-08 08:33:17.667] [thread-id: 132803273301184] [trace] zeDeviceGetRootDevice(hDevice, phRootDevice)
[2026-10-08 08:33:17.667] [thread-id: 132803273301184] [trace] SUCCESS (ZE_RESULT_SUCCESS) in zeDeviceGetRootDevice(hDevice=0x14327f28, phRootDevice=0x7ffc04baba80)
[2026-10-08 08:33:17.667] [thread-id: 132803273301184] [trace] zeDeviceSynchronize(hDevice)
[2026-10-08 08:33:17.667] [thread-id: 132803273301184] [trace] SUCCESS (ZE_RESULT_SUCCESS) in zeDeviceSynchronize(hDevice=0x14327f28)
[2026-10-08 08:33:17.667] [thread-id: 132803273301184] [trace] zeDeviceGetRootDevice(hDevice, phRootDevice)
[2026-10-08 08:33:17.667] [thread-id: 132803273301184] [trace] SUCCESS (ZE_RESULT_SUCCESS) in zeDeviceGetRootDevice(hDevice=0x14327f28, phRootDevice=0x7ffc04babb70)
   <--- urDeviceGet(.hPlatform = 0x1433b810, .DeviceType = UR_DEVICE_TYPE_ALL, .NumEntries = 0, .phDevices = nullptr, .pNumDevices = 0x7ffc04babf9c (1)) -> UR_RESULT_SUCCESS;
   ---> urDeviceGet
[2026-10-08 08:33:17.667] [thread-id: 132803273301184] [trace] zeDeviceGetRootDevice(hDevice, phRootDevice)
[2026-10-08 08:33:17.667] [thread-id: 132803273301184] [trace] SUCCESS (ZE_RESULT_SUCCESS) in zeDeviceGetRootDevice(hDevice=0x14327f28, phRootDevice=0x7ffc04babb70)
   <--- urDeviceGet(.hPlatform = 0x1433b810, .DeviceType = UR_DEVICE_TYPE_ALL, .NumEntries = 1, .phDevices = 0x1433d000 {0x1433d040}, .pNumDevices = nullptr) -> UR_RESULT_SUCCESS;
   ---> urPlatformGetInfo
   <--- urPlatformGetInfo(.hPlatform = 0x1433b810, .propName = UR_PLATFORM_INFO_VERSION, .propSize = 0, .pPropValue = nullptr, .pPropSizeRet = 0x7ffc04babb70 (5)) -> UR_RESULT_SUCCESS;
   ---> urPlatformGetInfo
   <--- urPlatformGetInfo(.hPlatform = 0x1433b810, .propName = UR_PLATFORM_INFO_VERSION, .propSize = 5, .pPropValue = 0x7ffc04babcd8 (1.17), .pPropSizeRet = nullptr) -> UR_RESULT_SUCCESS;
   ---> urPlatformGetInfo
   <--- urPlatformGetInfo(.hPlatform = 0x1433b810, .propName = UR_PLATFORM_INFO_NAME, .propSize = 0, .pPropValue = nullptr, .pPropSizeRet = 0x7ffc04babb70 (51)) -> UR_RESULT_SUCCESS;
   ---> urPlatformGetInfo
   <--- urPlatformGetInfo(.hPlatform = 0x1433b810, .propName = UR_PLATFORM_INFO_NAME, .propSize = 51, .pPropValue = 0x1433d710 (Intel(R) oneAPI Unified Runtime over Level-Zero V2), .pPropSizeRet = nullptr) -> UR_RESULT_SUCCESS;
   ---> urDeviceGetInfo
   <--- urDeviceGetInfo(.hDevice = 0x1433d040, .propName = UR_DEVICE_INFO_PARENT_DEVICE, .propSize = 8, .pPropValue = 0x7ffc04babb30 (nullptr), .pPropSizeRet = nullptr) -> UR_RESULT_SUCCESS;
   ---> urDeviceGetInfo
   <--- urDeviceGetInfo(.hDevice = 0x1433d040, .propName = UR_DEVICE_INFO_TYPE, .propSize = 4, .pPropValue = 0x7ffc04babad0 (UR_DEVICE_TYPE_GPU), .pPropSizeRet = nullptr) -> UR_RESULT_SUCCESS;
   ---> urDeviceGetInfo
   <--- urDeviceGetInfo(.hDevice = 0x1433d040, .propName = UR_DEVICE_INFO_USE_NATIVE_ASSERT, .propSize = 1, .pPropValue = 0x7ffc04babad0 (true), .pPropSizeRet = nullptr) -> UR_RESULT_SUCCESS;
   ---> urDeviceGetInfo
[2026-10-08 08:33:17.667] [thread-id: 132803273301184] [trace] zeDeviceGetModuleProperties(hDevice, pModuleProperties)
[2026-10-08 08:33:17.667] [thread-id: 132803273301184] [trace] SUCCESS (ZE_RESULT_SUCCESS) in zeDeviceGetModuleProperties(hDevice=0x14327f28, pModuleProperties={stype=0x1433d360, spirvVersionSupported=65541, flags=15, fp16flags=63, fp32flags=127, fp64flags=127, maxArgumentsSize=2048, printfBufferSize=4194304, nativeKernelSupported={id=0}})
[2026-10-08 08:33:17.667] [thread-id: 132803273301184] [trace] zeDeviceGetImageProperties(hDevice, pImageProperties)
[2026-10-08 08:33:17.667] [thread-id: 132803273301184] [trace] SUCCESS (ZE_RESULT_SUCCESS) in zeDeviceGetImageProperties(hDevice=0x14327f28, pImageProperties={stype=0x1433d300, maxImageDims1D=16384, maxImageDims2D=16384, maxImageDims3D=2048, maxImageBufferSize=633300480, maxImageArraySlices=2048, maxSamplers=16, maxReadImageArgs=128, maxWriteImageArgs=128})
   <--- urDeviceGetInfo(.hDevice = 0x1433d040, .propName = UR_DEVICE_INFO_EXTENSIONS, .propSize = 0, .pPropValue = nullptr, .pPropSizeRet = 0x7ffc04baba58 (245)) -> UR_RESULT_SUCCESS;
   ---> urDeviceGetInfo
   <--- urDeviceGetInfo(.hDevice = 0x1433d040, .propName = UR_DEVICE_INFO_EXTENSIONS, .propSize = 245, .pPropValue = 0x141f7740 (cl_khr_il_program cl_khr_subgroups cl_intel_subgroups cl_intel_subgroups_short cl_intel_required_subgroup_size cl_khr_fp16 cl_khr_fp64 cl_khr_int64_base_atomics cl_khr_int64_extended_atomics cl_khr_3d_image_writes cl_intel_bfloat16_conversions ), .pPropSizeRet = nullptr) -> UR_RESULT_SUCCESS;
   ---> urDeviceRetain
   <--- urDeviceRetain(.hDevice = 0x1433d040) -> UR_RESULT_SUCCESS;
   ---> urDeviceGetInfo
   <--- urDeviceGetInfo(.hDevice = 0x1433d040, .propName = UR_DEVICE_INFO_TYPE, .propSize = 4, .pPropValue = 0x7ffc04babc4c (UR_DEVICE_TYPE_GPU), .pPropSizeRet = nullptr) -> UR_RESULT_SUCCESS;
   ---> urDeviceGetInfo
   <--- urDeviceGetInfo(.hDevice = 0x1433d040, .propName = UR_DEVICE_INFO_VENDOR_ID, .propSize = 4, .pPropValue = 0x7ffc04babcc8 (32902), .pPropSizeRet = nullptr) -> UR_RESULT_SUCCESS;
   ---> urDeviceGetInfo
   <--- urDeviceGetInfo(.hDevice = 0x1433d040, .propName = UR_DEVICE_INFO_DRIVER_VERSION, .propSize = 0, .pPropValue = nullptr, .pPropSizeRet = 0x7ffc04babb70 (14)) -> UR_RESULT_SUCCESS;
   ---> urDeviceGetInfo
   <--- urDeviceGetInfo(.hDevice = 0x1433d040, .propName = UR_DEVICE_INFO_DRIVER_VERSION, .propSize = 14, .pPropValue = 0x7ffc04babc98 (1.17.39395+14), .pPropSizeRet = nullptr) -> UR_RESULT_SUCCESS;
   ---> urDeviceGetInfo
   <--- urDeviceGetInfo(.hDevice = 0x1433d040, .propName = UR_DEVICE_INFO_NAME, .propSize = 0, .pPropValue = nullptr, .pPropSizeRet = 0x7ffc04babab0 (31)) -> UR_RESULT_SUCCESS;
   ---> urDeviceGetInfo
   <--- urDeviceGetInfo(.hDevice = 0x1433d040, .propName = UR_DEVICE_INFO_NAME, .propSize = 31, .pPropValue = 0x1433cfd0 (Intel(R) Arc(TM) B570 Graphics), .pPropSizeRet = nullptr) -> UR_RESULT_SUCCESS;
   ---> urPlatformGetInfo
   <--- urPlatformGetInfo(.hPlatform = 0x1433b810, .propName = UR_PLATFORM_INFO_BACKEND, .propSize = 4, .pPropValue = 0x7ffc04babe8c (UR_BACKEND_LEVEL_ZERO), .pPropSizeRet = nullptr) -> UR_RESULT_SUCCESS;
   ---> urDeviceGetInfo
   <--- urDeviceGetInfo(.hDevice = 0x1433d040, .propName = UR_DEVICE_INFO_TYPE, .propSize = 4, .pPropValue = 0x7ffc04babe84 (UR_DEVICE_TYPE_GPU), .pPropSizeRet = nullptr) -> UR_RESULT_SUCCESS;
   ---> urDeviceRelease
   <--- urDeviceRelease(.hDevice = 0x1433d040) -> UR_RESULT_SUCCESS;
   ---> urDeviceGetInfo
   <--- urDeviceGetInfo(.hDevice = 0x1433d040, .propName = UR_DEVICE_INFO_SUPPORTED_PARTITIONS, .propSize = 0, .pPropValue = nullptr, .pPropSizeRet = 0x7ffc04babe78 (0)) -> UR_RESULT_SUCCESS;
   ---> urDeviceGet
[2026-10-08 08:33:17.668] [thread-id: 132803273301184] [trace] zeDeviceGetRootDevice(hDevice, phRootDevice)
[2026-10-08 08:33:17.668] [thread-id: 132803273301184] [trace] SUCCESS (ZE_RESULT_SUCCESS) in zeDeviceGetRootDevice(hDevice=0x14327f28, phRootDevice=0x7ffc04babc80)
   <--- urDeviceGet(.hPlatform = 0x1433b810, .DeviceType = UR_DEVICE_TYPE_ALL, .NumEntries = 0, .phDevices = nullptr, .pNumDevices = 0x7ffc04bac0ac (1)) -> UR_RESULT_SUCCESS;
   ---> urDeviceGet
[2026-10-08 08:33:17.668] [thread-id: 132803273301184] [trace] zeDeviceGetRootDevice(hDevice, phRootDevice)
[2026-10-08 08:33:17.668] [thread-id: 132803273301184] [trace] SUCCESS (ZE_RESULT_SUCCESS) in zeDeviceGetRootDevice(hDevice=0x14327f28, phRootDevice=0x7ffc04babc80)
   <--- urDeviceGet(.hPlatform = 0x1433b810, .DeviceType = UR_DEVICE_TYPE_ALL, .NumEntries = 1, .phDevices = 0x1433b6b0 {0x1433d040}, .pNumDevices = nullptr) -> UR_RESULT_SUCCESS;
   ---> urPlatformGetInfo
   <--- urPlatformGetInfo(.hPlatform = 0x1433b810, .propName = UR_PLATFORM_INFO_VERSION, .propSize = 0, .pPropValue = nullptr, .pPropSizeRet = 0x7ffc04babc80 (5)) -> UR_RESULT_SUCCESS;
   ---> urPlatformGetInfo
   <--- urPlatformGetInfo(.hPlatform = 0x1433b810, .propName = UR_PLATFORM_INFO_VERSION, .propSize = 5, .pPropValue = 0x7ffc04babde8 (1.17), .pPropSizeRet = nullptr) -> UR_RESULT_SUCCESS;
   ---> urPlatformGetInfo
   <--- urPlatformGetInfo(.hPlatform = 0x1433b810, .propName = UR_PLATFORM_INFO_NAME, .propSize = 0, .pPropValue = nullptr, .pPropSizeRet = 0x7ffc04babc80 (51)) -> UR_RESULT_SUCCESS;
   ---> urPlatformGetInfo
   <--- urPlatformGetInfo(.hPlatform = 0x1433b810, .propName = UR_PLATFORM_INFO_NAME, .propSize = 51, .pPropValue = 0x1433dc30 (Intel(R) oneAPI Unified Runtime over Level-Zero V2), .pPropSizeRet = nullptr) -> UR_RESULT_SUCCESS;
   ---> urDeviceGetInfo
   <--- urDeviceGetInfo(.hDevice = 0x1433d040, .propName = UR_DEVICE_INFO_TYPE, .propSize = 4, .pPropValue = 0x7ffc04babd5c (UR_DEVICE_TYPE_GPU), .pPropSizeRet = nullptr) -> UR_RESULT_SUCCESS;
   ---> urDeviceGetInfo
   <--- urDeviceGetInfo(.hDevice = 0x1433d040, .propName = UR_DEVICE_INFO_VENDOR_ID, .propSize = 4, .pPropValue = 0x7ffc04babdd8 (32902), .pPropSizeRet = nullptr) -> UR_RESULT_SUCCESS;
   ---> urDeviceGetInfo
   <--- urDeviceGetInfo(.hDevice = 0x1433d040, .propName = UR_DEVICE_INFO_DRIVER_VERSION, .propSize = 0, .pPropValue = nullptr, .pPropSizeRet = 0x7ffc04babc80 (14)) -> UR_RESULT_SUCCESS;
   ---> urDeviceGetInfo
   <--- urDeviceGetInfo(.hDevice = 0x1433d040, .propName = UR_DEVICE_INFO_DRIVER_VERSION, .propSize = 14, .pPropValue = 0x7ffc04babda8 (1.17.39395+14), .pPropSizeRet = nullptr) -> UR_RESULT_SUCCESS;
   ---> urPlatformGetInfo
   <--- urPlatformGetInfo(.hPlatform = 0x1433b810, .propName = UR_PLATFORM_INFO_BACKEND, .propSize = 4, .pPropValue = 0x7ffc04babf9c (UR_BACKEND_LEVEL_ZERO), .pPropSizeRet = nullptr) -> UR_RESULT_SUCCESS;
   ---> urDeviceGetInfo
   <--- urDeviceGetInfo(.hDevice = 0x1433d040, .propName = UR_DEVICE_INFO_TYPE, .propSize = 4, .pPropValue = 0x7ffc04babf94 (UR_DEVICE_TYPE_GPU), .pPropSizeRet = nullptr) -> UR_RESULT_SUCCESS;
   ---> urDeviceRelease
   <--- urDeviceRelease(.hDevice = 0x1433d040) -> UR_RESULT_SUCCESS;
   ---> urDeviceGetInfo
   <--- urDeviceGetInfo(.hDevice = 0x1433d040, .propName = UR_DEVICE_INFO_SUPPORTED_PARTITIONS, .propSize = 0, .pPropValue = nullptr, .pPropSizeRet = 0x7ffc04babf88 (0)) -> UR_RESULT_SUCCESS;
   ---> urDeviceSelectBinary
   <--- urDeviceSelectBinary(.hDevice = 0x1433d040, .pBinaries = 0x7ffc04babfd0 ((struct ur_device_binary_t){.stype = UR_STRUCTURE_TYPE_CONTEXT_PROPERTIES, .pNext = nullptr, .pDeviceTargetSpec = 0x78c8aecde3c0 (spir64)}), .NumBinaries = 1, .pSelectedBinary = 0x7ffc04babff4 (0)) -> UR_RESULT_SUCCESS;
   ---> urDeviceGet
[2026-10-08 08:33:17.668] [thread-id: 132803273301184] [trace] zeDeviceGetRootDevice(hDevice, phRootDevice)
[2026-10-08 08:33:17.668] [thread-id: 132803273301184] [trace] SUCCESS (ZE_RESULT_SUCCESS) in zeDeviceGetRootDevice(hDevice=0x14327f28, phRootDevice=0x7ffc04babc10)
   <--- urDeviceGet(.hPlatform = 0x1433b810, .DeviceType = UR_DEVICE_TYPE_ALL, .NumEntries = 0, .phDevices = nullptr, .pNumDevices = 0x7ffc04bac03c (1)) -> UR_RESULT_SUCCESS;
   ---> urDeviceGet
[2026-10-08 08:33:17.668] [thread-id: 132803273301184] [trace] zeDeviceGetRootDevice(hDevice, phRootDevice)
[2026-10-08 08:33:17.668] [thread-id: 132803273301184] [trace] SUCCESS (ZE_RESULT_SUCCESS) in zeDeviceGetRootDevice(hDevice=0x14327f28, phRootDevice=0x7ffc04babc10)
   <--- urDeviceGet(.hPlatform = 0x1433b810, .DeviceType = UR_DEVICE_TYPE_ALL, .NumEntries = 1, .phDevices = 0x1433dd00 {0x1433d040}, .pNumDevices = nullptr) -> UR_RESULT_SUCCESS;
   ---> urPlatformGetInfo
   <--- urPlatformGetInfo(.hPlatform = 0x1433b810, .propName = UR_PLATFORM_INFO_VERSION, .propSize = 0, .pPropValue = nullptr, .pPropSizeRet = 0x7ffc04babc10 (5)) -> UR_RESULT_SUCCESS;
   ---> urPlatformGetInfo
   <--- urPlatformGetInfo(.hPlatform = 0x1433b810, .propName = UR_PLATFORM_INFO_VERSION, .propSize = 5, .pPropValue = 0x7ffc04babd78 (1.17), .pPropSizeRet = nullptr) -> UR_RESULT_SUCCESS;
   ---> urPlatformGetInfo
   <--- urPlatformGetInfo(.hPlatform = 0x1433b810, .propName = UR_PLATFORM_INFO_NAME, .propSize = 0, .pPropValue = nullptr, .pPropSizeRet = 0x7ffc04babc10 (51)) -> UR_RESULT_SUCCESS;
   ---> urPlatformGetInfo
   <--- urPlatformGetInfo(.hPlatform = 0x1433b810, .propName = UR_PLATFORM_INFO_NAME, .propSize = 51, .pPropValue = 0x1433d710 (Intel(R) oneAPI Unified Runtime over Level-Zero V2), .pPropSizeRet = nullptr) -> UR_RESULT_SUCCESS;
   ---> urDeviceGetInfo
   <--- urDeviceGetInfo(.hDevice = 0x1433d040, .propName = UR_DEVICE_INFO_TYPE, .propSize = 4, .pPropValue = 0x7ffc04babcec (UR_DEVICE_TYPE_GPU), .pPropSizeRet = nullptr) -> UR_RESULT_SUCCESS;
   ---> urDeviceGetInfo
   <--- urDeviceGetInfo(.hDevice = 0x1433d040, .propName = UR_DEVICE_INFO_VENDOR_ID, .propSize = 4, .pPropValue = 0x7ffc04babd68 (32902), .pPropSizeRet = nullptr) -> UR_RESULT_SUCCESS;
   ---> urDeviceGetInfo
   <--- urDeviceGetInfo(.hDevice = 0x1433d040, .propName = UR_DEVICE_INFO_DRIVER_VERSION, .propSize = 0, .pPropValue = nullptr, .pPropSizeRet = 0x7ffc04babc10 (14)) -> UR_RESULT_SUCCESS;
   ---> urDeviceGetInfo
   <--- urDeviceGetInfo(.hDevice = 0x1433d040, .propName = UR_DEVICE_INFO_DRIVER_VERSION, .propSize = 14, .pPropValue = 0x7ffc04babd38 (1.17.39395+14), .pPropSizeRet = nullptr) -> UR_RESULT_SUCCESS;
   ---> urPlatformGetInfo
   <--- urPlatformGetInfo(.hPlatform = 0x1433b810, .propName = UR_PLATFORM_INFO_BACKEND, .propSize = 4, .pPropValue = 0x7ffc04babf2c (UR_BACKEND_LEVEL_ZERO), .pPropSizeRet = nullptr) -> UR_RESULT_SUCCESS;
   ---> urDeviceGetInfo
   <--- urDeviceGetInfo(.hDevice = 0x1433d040, .propName = UR_DEVICE_INFO_TYPE, .propSize = 4, .pPropValue = 0x7ffc04babf24 (UR_DEVICE_TYPE_GPU), .pPropSizeRet = nullptr) -> UR_RESULT_SUCCESS;
   ---> urDeviceRelease
   <--- urDeviceRelease(.hDevice = 0x1433d040) -> UR_RESULT_SUCCESS;
   ---> urDeviceGetInfo
   <--- urDeviceGetInfo(.hDevice = 0x1433d040, .propName = UR_DEVICE_INFO_SUPPORTED_PARTITIONS, .propSize = 0, .pPropValue = nullptr, .pPropSizeRet = 0x7ffc04babf18 (0)) -> UR_RESULT_SUCCESS;
   ---> urDeviceGet
[2026-10-08 08:33:17.668] [thread-id: 132803273301184] [trace] zeDeviceGetRootDevice(hDevice, phRootDevice)
[2026-10-08 08:33:17.668] [thread-id: 132803273301184] [trace] SUCCESS (ZE_RESULT_SUCCESS) in zeDeviceGetRootDevice(hDevice=0x14327f28, phRootDevice=0x7ffc04babd20)
   <--- urDeviceGet(.hPlatform = 0x1433b810, .DeviceType = UR_DEVICE_TYPE_GPU, .NumEntries = 0, .phDevices = nullptr, .pNumDevices = 0x7ffc04bac14c (1)) -> UR_RESULT_SUCCESS;
   ---> urDeviceGet
[2026-10-08 08:33:17.668] [thread-id: 132803273301184] [trace] zeDeviceGetRootDevice(hDevice, phRootDevice)
[2026-10-08 08:33:17.668] [thread-id: 132803273301184] [trace] SUCCESS (ZE_RESULT_SUCCESS) in zeDeviceGetRootDevice(hDevice=0x14327f28, phRootDevice=0x7ffc04babd20)
   <--- urDeviceGet(.hPlatform = 0x1433b810, .DeviceType = UR_DEVICE_TYPE_GPU, .NumEntries = 1, .phDevices = 0x1433dd20 {0x1433d040}, .pNumDevices = nullptr) -> UR_RESULT_SUCCESS;
   ---> urPlatformGetInfo
   <--- urPlatformGetInfo(.hPlatform = 0x1433b810, .propName = UR_PLATFORM_INFO_VERSION, .propSize = 0, .pPropValue = nullptr, .pPropSizeRet = 0x7ffc04babd20 (5)) -> UR_RESULT_SUCCESS;
   ---> urPlatformGetInfo
   <--- urPlatformGetInfo(.hPlatform = 0x1433b810, .propName = UR_PLATFORM_INFO_VERSION, .propSize = 5, .pPropValue = 0x7ffc04babe88 (1.17), .pPropSizeRet = nullptr) -> UR_RESULT_SUCCESS;
   ---> urPlatformGetInfo
   <--- urPlatformGetInfo(.hPlatform = 0x1433b810, .propName = UR_PLATFORM_INFO_NAME, .propSize = 0, .pPropValue = nullptr, .pPropSizeRet = 0x7ffc04babd20 (51)) -> UR_RESULT_SUCCESS;
   ---> urPlatformGetInfo
   <--- urPlatformGetInfo(.hPlatform = 0x1433b810, .propName = UR_PLATFORM_INFO_NAME, .propSize = 51, .pPropValue = 0x1433dc30 (Intel(R) oneAPI Unified Runtime over Level-Zero V2), .pPropSizeRet = nullptr) -> UR_RESULT_SUCCESS;
   ---> urDeviceGetInfo
   <--- urDeviceGetInfo(.hDevice = 0x1433d040, .propName = UR_DEVICE_INFO_TYPE, .propSize = 4, .pPropValue = 0x7ffc04babdfc (UR_DEVICE_TYPE_GPU), .pPropSizeRet = nullptr) -> UR_RESULT_SUCCESS;
   ---> urDeviceGetInfo
   <--- urDeviceGetInfo(.hDevice = 0x1433d040, .propName = UR_DEVICE_INFO_VENDOR_ID, .propSize = 4, .pPropValue = 0x7ffc04babe78 (32902), .pPropSizeRet = nullptr) -> UR_RESULT_SUCCESS;
   ---> urDeviceGetInfo
   <--- urDeviceGetInfo(.hDevice = 0x1433d040, .propName = UR_DEVICE_INFO_DRIVER_VERSION, .propSize = 0, .pPropValue = nullptr, .pPropSizeRet = 0x7ffc04babd20 (14)) -> UR_RESULT_SUCCESS;
   ---> urDeviceGetInfo
   <--- urDeviceGetInfo(.hDevice = 0x1433d040, .propName = UR_DEVICE_INFO_DRIVER_VERSION, .propSize = 14, .pPropValue = 0x7ffc04babe48 (1.17.39395+14), .pPropSizeRet = nullptr) -> UR_RESULT_SUCCESS;
   ---> urPlatformGetInfo
   <--- urPlatformGetInfo(.hPlatform = 0x1433b810, .propName = UR_PLATFORM_INFO_BACKEND, .propSize = 4, .pPropValue = 0x7ffc04bac03c (UR_BACKEND_LEVEL_ZERO), .pPropSizeRet = nullptr) -> UR_RESULT_SUCCESS;
   ---> urDeviceGetInfo
   <--- urDeviceGetInfo(.hDevice = 0x1433d040, .propName = UR_DEVICE_INFO_TYPE, .propSize = 4, .pPropValue = 0x7ffc04bac034 (UR_DEVICE_TYPE_GPU), .pPropSizeRet = nullptr) -> UR_RESULT_SUCCESS;
   ---> urDeviceRelease
   <--- urDeviceRelease(.hDevice = 0x1433d040) -> UR_RESULT_SUCCESS;
   ---> urDeviceGetInfo
   <--- urDeviceGetInfo(.hDevice = 0x1433d040, .propName = UR_DEVICE_INFO_SUPPORTED_PARTITIONS, .propSize = 0, .pPropValue = nullptr, .pPropSizeRet = 0x7ffc04bac028 (0)) -> UR_RESULT_SUCCESS;
   ---> urDeviceGetInfo
[2026-10-08 08:33:17.669] [thread-id: 132803273301184] [trace] zeDevicePciGetPropertiesExt(hDevice, pPciProperties)
[2026-10-08 08:33:17.669] [thread-id: 132803273301184] [trace] SUCCESS (ZE_RESULT_SUCCESS) in zeDevicePciGetPropertiesExt(hDevice=0x14327f28, pPciProperties={stype=0x7ffc04babcf0, address={domain=0, bus=5, device=0, function=0}, maxSpeed={genVersion=4, width=8, maxBandwidth=15753846153}})
   <--- urDeviceGetInfo(.hDevice = 0x1433d040, .propName = UR_DEVICE_INFO_PCI_ADDRESS, .propSize = 0, .pPropValue = nullptr, .pPropSizeRet = 0x7ffc04bac168 (13)) -> UR_RESULT_SUCCESS;
   ---> urDeviceGetInfo
[2026-10-08 08:33:17.669] [thread-id: 132803273301184] [trace] zeDevicePciGetPropertiesExt(hDevice, pPciProperties)
[2026-10-08 08:33:17.669] [thread-id: 132803273301184] [trace] SUCCESS (ZE_RESULT_SUCCESS) in zeDevicePciGetPropertiesExt(hDevice=0x14327f28, pPciProperties={stype=0x7ffc04babe00, address={domain=0, bus=5, device=0, function=0}, maxSpeed={genVersion=4, width=8, maxBandwidth=15753846153}})
   <--- urDeviceGetInfo(.hDevice = 0x1433d040, .propName = UR_DEVICE_INFO_PCI_ADDRESS, .propSize = 0, .pPropValue = nullptr, .pPropSizeRet = 0x7ffc04bac270 (13)) -> UR_RESULT_SUCCESS;
   ---> urDeviceGetInfo
[2026-10-08 08:33:17.669] [thread-id: 132803273301184] [trace] zeDevicePciGetPropertiesExt(hDevice, pPciProperties)
[2026-10-08 08:33:17.669] [thread-id: 132803273301184] [trace] SUCCESS (ZE_RESULT_SUCCESS) in zeDevicePciGetPropertiesExt(hDevice=0x14327f28, pPciProperties={stype=0x7ffc04babe00, address={domain=0, bus=5, device=0, function=0}, maxSpeed={genVersion=4, width=8, maxBandwidth=15753846153}})
   <--- urDeviceGetInfo(.hDevice = 0x1433d040, .propName = UR_DEVICE_INFO_PCI_ADDRESS, .propSize = 13, .pPropValue = 0x7ffc04bac2c0 (0000:05:00.0), .pPropSizeRet = nullptr) -> UR_RESULT_SUCCESS;
   ---> urDeviceGet
[2026-10-08 08:33:17.669] [thread-id: 132803273301184] [trace] zeDeviceGetRootDevice(hDevice, phRootDevice)
[2026-10-08 08:33:17.669] [thread-id: 132803273301184] [trace] SUCCESS (ZE_RESULT_SUCCESS) in zeDeviceGetRootDevice(hDevice=0x14327f28, phRootDevice=0x7ffc04babc20)
   <--- urDeviceGet(.hPlatform = 0x1433b810, .DeviceType = UR_DEVICE_TYPE_ALL, .NumEntries = 0, .phDevices = nullptr, .pNumDevices = 0x7ffc04bac04c (1)) -> UR_RESULT_SUCCESS;
   ---> urDeviceGet
[2026-10-08 08:33:17.669] [thread-id: 132803273301184] [trace] zeDeviceGetRootDevice(hDevice, phRootDevice)
[2026-10-08 08:33:17.669] [thread-id: 132803273301184] [trace] SUCCESS (ZE_RESULT_SUCCESS) in zeDeviceGetRootDevice(hDevice=0x14327f28, phRootDevice=0x7ffc04babc20)
   <--- urDeviceGet(.hPlatform = 0x1433b810, .DeviceType = UR_DEVICE_TYPE_ALL, .NumEntries = 1, .phDevices = 0x1433dd40 {0x1433d040}, .pNumDevices = nullptr) -> UR_RESULT_SUCCESS;
   ---> urPlatformGetInfo
   <--- urPlatformGetInfo(.hPlatform = 0x1433b810, .propName = UR_PLATFORM_INFO_VERSION, .propSize = 0, .pPropValue = nullptr, .pPropSizeRet = 0x7ffc04babc20 (5)) -> UR_RESULT_SUCCESS;
   ---> urPlatformGetInfo
   <--- urPlatformGetInfo(.hPlatform = 0x1433b810, .propName = UR_PLATFORM_INFO_VERSION, .propSize = 5, .pPropValue = 0x7ffc04babd88 (1.17), .pPropSizeRet = nullptr) -> UR_RESULT_SUCCESS;
   ---> urPlatformGetInfo
   <--- urPlatformGetInfo(.hPlatform = 0x1433b810, .propName = UR_PLATFORM_INFO_NAME, .propSize = 0, .pPropValue = nullptr, .pPropSizeRet = 0x7ffc04babc20 (51)) -> UR_RESULT_SUCCESS;
   ---> urPlatformGetInfo
   <--- urPlatformGetInfo(.hPlatform = 0x1433b810, .propName = UR_PLATFORM_INFO_NAME, .propSize = 51, .pPropValue = 0x1433dc30 (Intel(R) oneAPI Unified Runtime over Level-Zero V2), .pPropSizeRet = nullptr) -> UR_RESULT_SUCCESS;
   ---> urDeviceGetInfo
   <--- urDeviceGetInfo(.hDevice = 0x1433d040, .propName = UR_DEVICE_INFO_TYPE, .propSize = 4, .pPropValue = 0x7ffc04babcfc (UR_DEVICE_TYPE_GPU), .pPropSizeRet = nullptr) -> UR_RESULT_SUCCESS;
   ---> urDeviceGetInfo
   <--- urDeviceGetInfo(.hDevice = 0x1433d040, .propName = UR_DEVICE_INFO_VENDOR_ID, .propSize = 4, .pPropValue = 0x7ffc04babd78 (32902), .pPropSizeRet = nullptr) -> UR_RESULT_SUCCESS;
   ---> urDeviceGetInfo
   <--- urDeviceGetInfo(.hDevice = 0x1433d040, .propName = UR_DEVICE_INFO_DRIVER_VERSION, .propSize = 0, .pPropValue = nullptr, .pPropSizeRet = 0x7ffc04babc20 (14)) -> UR_RESULT_SUCCESS;
   ---> urDeviceGetInfo
   <--- urDeviceGetInfo(.hDevice = 0x1433d040, .propName = UR_DEVICE_INFO_DRIVER_VERSION, .propSize = 14, .pPropValue = 0x7ffc04babd48 (1.17.39395+14), .pPropSizeRet = nullptr) -> UR_RESULT_SUCCESS;
   ---> urPlatformGetInfo
   <--- urPlatformGetInfo(.hPlatform = 0x1433b810, .propName = UR_PLATFORM_INFO_BACKEND, .propSize = 4, .pPropValue = 0x7ffc04babf3c (UR_BACKEND_LEVEL_ZERO), .pPropSizeRet = nullptr) -> UR_RESULT_SUCCESS;
   ---> urDeviceGetInfo
   <--- urDeviceGetInfo(.hDevice = 0x1433d040, .propName = UR_DEVICE_INFO_TYPE, .propSize = 4, .pPropValue = 0x7ffc04babf34 (UR_DEVICE_TYPE_GPU), .pPropSizeRet = nullptr) -> UR_RESULT_SUCCESS;
   ---> urDeviceRelease
   <--- urDeviceRelease(.hDevice = 0x1433d040) -> UR_RESULT_SUCCESS;
   ---> urDeviceGetInfo
   <--- urDeviceGetInfo(.hDevice = 0x1433d040, .propName = UR_DEVICE_INFO_SUPPORTED_PARTITIONS, .propSize = 0, .pPropValue = nullptr, .pPropSizeRet = 0x7ffc04babf28 (0)) -> UR_RESULT_SUCCESS;
   ---> urDeviceGetInfo
[2026-10-08 08:33:17.669] [thread-id: 132803273301184] [trace] zeDeviceGetSubDevices(hDevice, pCount, phSubdevices)
[2026-10-08 08:33:17.669] [thread-id: 132803273301184] [trace] SUCCESS (ZE_RESULT_SUCCESS) in zeDeviceGetSubDevices(hDevice=0x14327f28, pCount=0, phSubdevices=nullptr)
   <--- urDeviceGetInfo(.hDevice = 0x1433d040, .propName = UR_DEVICE_INFO_COMPONENT_DEVICES, .propSize = 0, .pPropValue = nullptr, .pPropSizeRet = 0x7ffc04babd40 (0)) -> UR_RESULT_SUCCESS;
   ---> urContextCreate
[2026-10-08 08:33:17.669] [thread-id: 132803273301184] [trace] zeContextCreate(hDriver, desc, phContext)
[2026-10-08 08:33:17.669] [thread-id: 132803273301184] [trace] SUCCESS (ZE_RESULT_SUCCESS) in zeContextCreate(hDriver=0x143279c8, desc={stype=0x7ffc04babc70, flags=0}, phContext=0x1433e738)
[2026-10-08 08:33:17.669] [thread-id: 132803273301184] [trace] zeMemAllocHost(hContext, host_desc, size, alignment, pptr)
[2026-10-08 08:33:17.670] [thread-id: 132803273301184] [trace] SUCCESS (ZE_RESULT_SUCCESS) in zeMemAllocHost(hContext=0x1433e738, host_desc={stype=0x7ffc04bab6f0, flags=0}, size=1, alignment=0, pptr=0x78c8997ffe00)
[2026-10-08 08:33:17.670] [thread-id: 132803273301184] [trace] zeMemGetAllocProperties(hContext, ptr, pMemAllocProperties, phDevice)
[2026-10-08 08:33:17.670] [thread-id: 132803273301184] [trace] SUCCESS (ZE_RESULT_SUCCESS) in zeMemGetAllocProperties(hContext=0x1433e738, ptr=0x78c8997ffe00, pMemAllocProperties={stype=0x7ffc04bab6f0, type=0x7ffc04bab700, id=1, pageSize=2097152}, phDevice=nullptr)
[2026-10-08 08:33:17.670] [thread-id: 132803273301184] [trace] zeMemFreeExt(hContext, pMemFreeDesc, ptr)
[2026-10-08 08:33:17.670] [thread-id: 132803273301184] [trace] SUCCESS (ZE_RESULT_SUCCESS) in zeMemFreeExt(hContext=0x1433e738, pMemFreeDesc={stype=0x7ffc04bab6d0, freePolicy=1}, ptr=0x78c8997ffe00)
[2026-10-08 08:33:17.670] [thread-id: 132803273301184] [trace] zeDeviceGetProperties(hDevice, pDeviceProperties)
[2026-10-08 08:33:17.670] [thread-id: 132803273301184] [trace] SUCCESS (ZE_RESULT_SUCCESS) in zeDeviceGetProperties(hDevice=0x14327f28, pDeviceProperties={stype=0x78c899c13068, type=0x78c899c13078, vendorId=32902, deviceId=57868, flags=8, subdeviceId=0, coreClockRate=2750, maxMemAllocSize=10132807680, maxHardwareContexts=65536, maxCommandQueuePriority=0, numThreadsPerEU=8, physicalEUSimdWidth=16, numEUsPerSubslice=8, numSubslicesPerSlice=4, numSlices=5, timerResolution=52, timestampValidBits=64, kernelTimestampValidBits=64, uuid={id=134}, name="Intel(R) Arc(TM) B570 Graphics"})
[2026-10-08 08:33:17.670] [thread-id: 132803273301184] [trace] zeMemAllocDevice(hContext, device_desc, size, alignment, hDevice, pptr)
[2026-10-08 08:33:17.670] [thread-id: 132803273301184] [trace] SUCCESS (ZE_RESULT_SUCCESS) in zeMemAllocDevice(hContext=0x1433e738, device_desc={stype=0x7ffc04bab6b0, flags=0, ordinal=0}, size=1, alignment=0, hDevice=0x14327f28, pptr=0xffffffffff9ffe00)
[2026-10-08 08:33:17.670] [thread-id: 132803273301184] [trace] zeContextMakeMemoryResident(hContext, hDevice, ptr, size)
[2026-10-08 08:33:17.670] [thread-id: 132803273301184] [trace] SUCCESS (ZE_RESULT_SUCCESS) in zeContextMakeMemoryResident(hContext=0x1433e738, hDevice=0x14327f28, ptr=0xffffffffff9ffe00, size=1)
[2026-10-08 08:33:17.670] [thread-id: 132803273301184] [trace] zeMemGetAllocProperties(hContext, ptr, pMemAllocProperties, phDevice)
[2026-10-08 08:33:17.670] [thread-id: 132803273301184] [trace] SUCCESS (ZE_RESULT_SUCCESS) in zeMemGetAllocProperties(hContext=0x1433e738, ptr=0xffffffffff9ffe00, pMemAllocProperties={stype=0x7ffc04bab6f0, type=0x7ffc04bab700, id=3, pageSize=65536}, phDevice=nullptr)
[2026-10-08 08:33:17.670] [thread-id: 132803273301184] [trace] zeMemFreeExt(hContext, pMemFreeDesc, ptr)
[2026-10-08 08:33:17.671] [thread-id: 132803273301184] [trace] SUCCESS (ZE_RESULT_SUCCESS) in zeMemFreeExt(hContext=0x1433e738, pMemFreeDesc={stype=0x7ffc04bab6d0, freePolicy=1}, ptr=0xffffffffff9ffe00)
[2026-10-08 08:33:17.671] [thread-id: 132803273301184] [trace] zeDeviceGetProperties(hDevice, pDeviceProperties)
[2026-10-08 08:33:17.671] [thread-id: 132803273301184] [trace] SUCCESS (ZE_RESULT_SUCCESS) in zeDeviceGetProperties(hDevice=0x14327f28, pDeviceProperties={stype=0x78c899c0b068, type=0x78c899c0b078, vendorId=32902, deviceId=57868, flags=8, subdeviceId=0, coreClockRate=2750, maxMemAllocSize=10132807680, maxHardwareContexts=65536, maxCommandQueuePriority=0, numThreadsPerEU=8, physicalEUSimdWidth=16, numEUsPerSubslice=8, numSubslicesPerSlice=4, numSlices=5, timerResolution=52, timestampValidBits=64, kernelTimestampValidBits=64, uuid={id=134}, name="Intel(R) Arc(TM) B570 Graphics"})
[2026-10-08 08:33:17.671] [thread-id: 132803273301184] [trace] zeMemAllocShared(hContext, device_desc, host_desc, size, alignment, hDevice, pptr)
[2026-10-08 08:33:17.671] [thread-id: 132803273301184] [trace] SUCCESS (ZE_RESULT_SUCCESS) in zeMemAllocShared(hContext=0x1433e738, device_desc={stype=0x7ffc04bab6f0, flags=0, ordinal=0}, host_desc={stype=0x7ffc04bab6d0, flags=0}, size=1, alignment=0, hDevice=0x14327f28, pptr=0x78c899890000)
[2026-10-08 08:33:17.671] [thread-id: 132803273301184] [trace] zeMemGetAllocProperties(hContext, ptr, pMemAllocProperties, phDevice)
[2026-10-08 08:33:17.671] [thread-id: 132803273301184] [trace] SUCCESS (ZE_RESULT_SUCCESS) in zeMemGetAllocProperties(hContext=0x1433e738, ptr=0x78c899890000, pMemAllocProperties={stype=0x7ffc04bab6f0, type=0x7ffc04bab700, id=5, pageSize=65536}, phDevice=nullptr)
[2026-10-08 08:33:17.671] [thread-id: 132803273301184] [trace] zeMemFreeExt(hContext, pMemFreeDesc, ptr)
[2026-10-08 08:33:17.671] [thread-id: 132803273301184] [trace] SUCCESS (ZE_RESULT_SUCCESS) in zeMemFreeExt(hContext=0x1433e738, pMemFreeDesc={stype=0x7ffc04bab6d0, freePolicy=1}, ptr=0x78c899890000)
[2026-10-08 08:33:17.671] [thread-id: 132803273301184] [trace] zeDeviceGetProperties(hDevice, pDeviceProperties)
[2026-10-08 08:33:17.671] [thread-id: 132803273301184] [trace] SUCCESS (ZE_RESULT_SUCCESS) in zeDeviceGetProperties(hDevice=0x14327f28, pDeviceProperties={stype=0x78c89989d068, type=0x78c89989d078, vendorId=32902, deviceId=57868, flags=8, subdeviceId=0, coreClockRate=2750, maxMemAllocSize=10132807680, maxHardwareContexts=65536, maxCommandQueuePriority=0, numThreadsPerEU=8, physicalEUSimdWidth=16, numEUsPerSubslice=8, numSubslicesPerSlice=4, numSlices=5, timerResolution=52, timestampValidBits=64, kernelTimestampValidBits=64, uuid={id=134}, name="Intel(R) Arc(TM) B570 Graphics"})
[2026-10-08 08:33:17.671] [thread-id: 132803273301184] [trace] zeMemAllocShared(hContext, device_desc, host_desc, size, alignment, hDevice, pptr)
[2026-10-08 08:33:17.671] [thread-id: 132803273301184] [trace] SUCCESS (ZE_RESULT_SUCCESS) in zeMemAllocShared(hContext=0x1433e738, device_desc={stype=0x7ffc04bab6f0, flags=0, ordinal=0}, host_desc={stype=0x7ffc04bab6d0, flags=0}, size=1, alignment=0, hDevice=0x14327f28, pptr=0x78c899880000)
[2026-10-08 08:33:17.671] [thread-id: 132803273301184] [trace] zeMemGetAllocProperties(hContext, ptr, pMemAllocProperties, phDevice)
[2026-10-08 08:33:17.671] [thread-id: 132803273301184] [trace] SUCCESS (ZE_RESULT_SUCCESS) in zeMemGetAllocProperties(hContext=0x1433e738, ptr=0x78c899880000, pMemAllocProperties={stype=0x7ffc04bab6f0, type=0x7ffc04bab700, id=6, pageSize=65536}, phDevice=nullptr)
[2026-10-08 08:33:17.671] [thread-id: 132803273301184] [trace] zeMemFreeExt(hContext, pMemFreeDesc, ptr)
[2026-10-08 08:33:17.671] [thread-id: 132803273301184] [trace] SUCCESS (ZE_RESULT_SUCCESS) in zeMemFreeExt(hContext=0x1433e738, pMemFreeDesc={stype=0x7ffc04bab6d0, freePolicy=1}, ptr=0x78c899880000)
[2026-10-08 08:33:17.672] [thread-id: 132803273301184] [trace] zeMemAllocHost(hContext, host_desc, size, alignment, pptr)
[2026-10-08 08:33:17.672] [thread-id: 132803273301184] [trace] SUCCESS (ZE_RESULT_SUCCESS) in zeMemAllocHost(hContext=0x1433e738, host_desc={stype=0x7ffc04bab6f0, flags=0}, size=1, alignment=0, pptr=0x78c8997ffe00)
[2026-10-08 08:33:17.672] [thread-id: 132803273301184] [trace] zeMemGetAllocProperties(hContext, ptr, pMemAllocProperties, phDevice)
[2026-10-08 08:33:17.672] [thread-id: 132803273301184] [trace] SUCCESS (ZE_RESULT_SUCCESS) in zeMemGetAllocProperties(hContext=0x1433e738, ptr=0x78c8997ffe00, pMemAllocProperties={stype=0x7ffc04bab6f0, type=0x7ffc04bab700, id=1, pageSize=2097152}, phDevice=nullptr)
[2026-10-08 08:33:17.672] [thread-id: 132803273301184] [trace] zeMemFreeExt(hContext, pMemFreeDesc, ptr)
[2026-10-08 08:33:17.672] [thread-id: 132803273301184] [trace] SUCCESS (ZE_RESULT_SUCCESS) in zeMemFreeExt(hContext=0x1433e738, pMemFreeDesc={stype=0x7ffc04bab6d0, freePolicy=1}, ptr=0x78c8997ffe00)
[2026-10-08 08:33:17.672] [thread-id: 132803273301184] [trace] zeDeviceGetProperties(hDevice, pDeviceProperties)
[2026-10-08 08:33:17.672] [thread-id: 132803273301184] [trace] SUCCESS (ZE_RESULT_SUCCESS) in zeDeviceGetProperties(hDevice=0x14327f28, pDeviceProperties={stype=0x78c899895068, type=0x78c899895078, vendorId=32902, deviceId=57868, flags=8, subdeviceId=0, coreClockRate=2750, maxMemAllocSize=10132807680, maxHardwareContexts=65536, maxCommandQueuePriority=0, numThreadsPerEU=8, physicalEUSimdWidth=16, numEUsPerSubslice=8, numSubslicesPerSlice=4, numSlices=5, timerResolution=52, timestampValidBits=64, kernelTimestampValidBits=64, uuid={id=134}, name="Intel(R) Arc(TM) B570 Graphics"})
[2026-10-08 08:33:17.672] [thread-id: 132803273301184] [trace] zeMemAllocDevice(hContext, device_desc, size, alignment, hDevice, pptr)
[2026-10-08 08:33:17.672] [thread-id: 132803273301184] [trace] SUCCESS (ZE_RESULT_SUCCESS) in zeMemAllocDevice(hContext=0x1433e738, device_desc={stype=0x7ffc04bab6b0, flags=0, ordinal=0}, size=1, alignment=0, hDevice=0x14327f28, pptr=0xffffffffff9ffe00)
[2026-10-08 08:33:17.672] [thread-id: 132803273301184] [trace] zeContextMakeMemoryResident(hContext, hDevice, ptr, size)
[2026-10-08 08:33:17.672] [thread-id: 132803273301184] [trace] SUCCESS (ZE_RESULT_SUCCESS) in zeContextMakeMemoryResident(hContext=0x1433e738, hDevice=0x14327f28, ptr=0xffffffffff9ffe00, size=1)
[2026-10-08 08:33:17.672] [thread-id: 132803273301184] [trace] zeMemGetAllocProperties(hContext, ptr, pMemAllocProperties, phDevice)
[2026-10-08 08:33:17.672] [thread-id: 132803273301184] [trace] SUCCESS (ZE_RESULT_SUCCESS) in zeMemGetAllocProperties(hContext=0x1433e738, ptr=0xffffffffff9ffe00, pMemAllocProperties={stype=0x7ffc04bab6f0, type=0x7ffc04bab700, id=3, pageSize=65536}, phDevice=nullptr)
[2026-10-08 08:33:17.672] [thread-id: 132803273301184] [trace] zeMemFreeExt(hContext, pMemFreeDesc, ptr)
[2026-10-08 08:33:17.672] [thread-id: 132803273301184] [trace] SUCCESS (ZE_RESULT_SUCCESS) in zeMemFreeExt(hContext=0x1433e738, pMemFreeDesc={stype=0x7ffc04bab6d0, freePolicy=1}, ptr=0xffffffffff9ffe00)
[2026-10-08 08:33:17.672] [thread-id: 132803273301184] [trace] zeDeviceGetProperties(hDevice, pDeviceProperties)
[2026-10-08 08:33:17.672] [thread-id: 132803273301184] [trace] SUCCESS (ZE_RESULT_SUCCESS) in zeDeviceGetProperties(hDevice=0x14327f28, pDeviceProperties={stype=0x78c899888068, type=0x78c899888078, vendorId=32902, deviceId=57868, flags=8, subdeviceId=0, coreClockRate=2750, maxMemAllocSize=10132807680, maxHardwareContexts=65536, maxCommandQueuePriority=0, numThreadsPerEU=8, physicalEUSimdWidth=16, numEUsPerSubslice=8, numSubslicesPerSlice=4, numSlices=5, timerResolution=52, timestampValidBits=64, kernelTimestampValidBits=64, uuid={id=134}, name="Intel(R) Arc(TM) B570 Graphics"})
[2026-10-08 08:33:17.672] [thread-id: 132803273301184] [trace] zeMemAllocShared(hContext, device_desc, host_desc, size, alignment, hDevice, pptr)
[2026-10-08 08:33:17.672] [thread-id: 132803273301184] [trace] SUCCESS (ZE_RESULT_SUCCESS) in zeMemAllocShared(hContext=0x1433e738, device_desc={stype=0x7ffc04bab6f0, flags=0, ordinal=0}, host_desc={stype=0x7ffc04bab6d0, flags=0}, size=1, alignment=0, hDevice=0x14327f28, pptr=0x78c899870000)
[2026-10-08 08:33:17.672] [thread-id: 132803273301184] [trace] zeMemGetAllocProperties(hContext, ptr, pMemAllocProperties, phDevice)
[2026-10-08 08:33:17.672] [thread-id: 132803273301184] [trace] SUCCESS (ZE_RESULT_SUCCESS) in zeMemGetAllocProperties(hContext=0x1433e738, ptr=0x78c899870000, pMemAllocProperties={stype=0x7ffc04bab6f0, type=0x7ffc04bab700, id=9, pageSize=65536}, phDevice=nullptr)
[2026-10-08 08:33:17.672] [thread-id: 132803273301184] [trace] zeMemFreeExt(hContext, pMemFreeDesc, ptr)
[2026-10-08 08:33:17.672] [thread-id: 132803273301184] [trace] SUCCESS (ZE_RESULT_SUCCESS) in zeMemFreeExt(hContext=0x1433e738, pMemFreeDesc={stype=0x7ffc04bab6d0, freePolicy=1}, ptr=0x78c899870000)
[2026-10-08 08:33:17.672] [thread-id: 132803273301184] [trace] zeDeviceGetProperties(hDevice, pDeviceProperties)
[2026-10-08 08:33:17.672] [thread-id: 132803273301184] [trace] SUCCESS (ZE_RESULT_SUCCESS) in zeDeviceGetProperties(hDevice=0x14327f28, pDeviceProperties={stype=0x78c899884068, type=0x78c899884078, vendorId=32902, deviceId=57868, flags=8, subdeviceId=0, coreClockRate=2750, maxMemAllocSize=10132807680, maxHardwareContexts=65536, maxCommandQueuePriority=0, numThreadsPerEU=8, physicalEUSimdWidth=16, numEUsPerSubslice=8, numSubslicesPerSlice=4, numSlices=5, timerResolution=52, timestampValidBits=64, kernelTimestampValidBits=64, uuid={id=134}, name="Intel(R) Arc(TM) B570 Graphics"})
[2026-10-08 08:33:17.672] [thread-id: 132803273301184] [trace] zeMemAllocShared(hContext, device_desc, host_desc, size, alignment, hDevice, pptr)
[2026-10-08 08:33:17.673] [thread-id: 132803273301184] [trace] SUCCESS (ZE_RESULT_SUCCESS) in zeMemAllocShared(hContext=0x1433e738, device_desc={stype=0x7ffc04bab6f0, flags=0, ordinal=0}, host_desc={stype=0x7ffc04bab6d0, flags=0}, size=1, alignment=0, hDevice=0x14327f28, pptr=0x78c899870000)
[2026-10-08 08:33:17.673] [thread-id: 132803273301184] [trace] zeMemGetAllocProperties(hContext, ptr, pMemAllocProperties, phDevice)
[2026-10-08 08:33:17.673] [thread-id: 132803273301184] [trace] SUCCESS (ZE_RESULT_SUCCESS) in zeMemGetAllocProperties(hContext=0x1433e738, ptr=0x78c899870000, pMemAllocProperties={stype=0x7ffc04bab6f0, type=0x7ffc04bab700, id=10, pageSize=65536}, phDevice=nullptr)
[2026-10-08 08:33:17.673] [thread-id: 132803273301184] [trace] zeMemFreeExt(hContext, pMemFreeDesc, ptr)
[2026-10-08 08:33:17.673] [thread-id: 132803273301184] [trace] SUCCESS (ZE_RESULT_SUCCESS) in zeMemFreeExt(hContext=0x1433e738, pMemFreeDesc={stype=0x7ffc04bab6d0, freePolicy=1}, ptr=0x78c899870000)
   <--- urContextCreate(.DeviceCount = 1, .phDevices = 0x1433dce0 {0x1433d040}, .pProperties = nullptr, .phContext = 0x1433fc40 (0x14341b90)) -> UR_RESULT_SUCCESS;
   ---> urQueueCreate
<LEVEL_ZERO>[INFO]: Copy offload is disabled by the environment variable.
<LEVEL_ZERO>[DEBUG]: create command list ordinal: 0, type: immediate, device: 0x14327f28, inOrder: 1
[2026-10-08 08:33:17.673] [thread-id: 132803273301184] [trace] zeCommandListCreateImmediate(hContext, hDevice, altdesc, phCommandList)
[2026-10-08 08:33:17.674] [thread-id: 132803273301184] [trace] SUCCESS (ZE_RESULT_SUCCESS) in zeCommandListCreateImmediate(hContext=0x1433e738, hDevice=0x14327f28, altdesc={stype=0x7ffc04babbf0, ordinal=0, index=0, flags=2, mode=0x7ffc04babc0c, priority=0x7ffc04babc10}, phCommandList=0x14345d88)
[2026-10-08 08:33:17.674] [thread-id: 132803273301184] [trace] zeDriverGetExtensionFunctionAddress(hDriver, name, ppFunctionAddress)
[2026-10-08 08:33:17.674] [thread-id: 132803273301184] [trace] SUCCESS (ZE_RESULT_SUCCESS) in zeDriverGetExtensionFunctionAddress(hDriver=0x143279c8, name="zexCounterBasedEventCreate2", ppFunctionAddress=0x78c8a7d5ec00)
   <--- urQueueCreate(.hContext = 0x14341b90, .hDevice = 0x1433d040, .pProperties = 0x7ffc04bac1d0 ((struct ur_queue_properties_t){.stype = UR_STRUCTURE_TYPE_QUEUE_PROPERTIES, .pNext = nullptr, .flags = 0}), .phQueue = 0x7ffc04bac1e8 (0x143450a0)) -> UR_RESULT_SUCCESS;
   ---> urDeviceGetInfo
[2026-10-08 08:33:17.674] [thread-id: 132803273301184] [trace] zeDeviceGetMemoryAccessProperties(hDevice, pMemAccessProperties)
[2026-10-08 08:33:17.674] [thread-id: 132803273301184] [trace] SUCCESS (ZE_RESULT_SUCCESS) in zeDeviceGetMemoryAccessProperties(hDevice=0x14327f28, pMemAccessProperties={stype=0x1433d420, hostAllocCapabilities=3, deviceAllocCapabilities=3, sharedSingleDeviceAllocCapabilities=3, sharedCrossDeviceAllocCapabilities=0, sharedSystemAllocCapabilities=15})
   <--- urDeviceGetInfo(.hDevice = 0x1433d040, .propName = UR_DEVICE_INFO_USM_DEVICE_SUPPORT, .propSize = 4, .pPropValue = 0x7ffc04bac034 (UR_DEVICE_USM_ACCESS_CAPABILITY_FLAG_ACCESS | UR_DEVICE_USM_ACCESS_CAPABILITY_FLAG_ATOMIC_ACCESS), .pPropSizeRet = nullptr) -> UR_RESULT_SUCCESS;
   ---> urUSMDeviceAlloc
[2026-10-08 08:33:17.674] [thread-id: 132803273301184] [trace] zeMemAllocDevice(hContext, device_desc, size, alignment, hDevice, pptr)
[2026-10-08 08:33:17.674] [thread-id: 132803273301184] [trace] SUCCESS (ZE_RESULT_SUCCESS) in zeMemAllocDevice(hContext=0x1433e738, device_desc={stype=0x7ffc04babc40, flags=0, ordinal=0}, size=65536, alignment=0, hDevice=0x14327f28, pptr=0xffffffffff600000)
[2026-10-08 08:33:17.675] [thread-id: 132803273301184] [trace] zeContextMakeMemoryResident(hContext, hDevice, ptr, size)
[2026-10-08 08:33:17.675] [thread-id: 132803273301184] [trace] SUCCESS (ZE_RESULT_SUCCESS) in zeContextMakeMemoryResident(hContext=0x1433e738, hDevice=0x14327f28, ptr=0xffffffffff600000, size=65536)
   <--- urUSMDeviceAlloc(.hContext = 0x14341b90, .hDevice = 0x1433d040, .pUSMDesc = 0x7ffc04bac1a0 ((struct ur_usm_desc_t){.stype = UR_STRUCTURE_TYPE_CONTEXT_PROPERTIES, .pNext = nullptr, .hints = 0, .align = 4}), .pool = nullptr, .size = 65536, .ppMem = 0x7ffc04bac1b8 (0xffffffffff600000)) -> UR_RESULT_SUCCESS;
   ---> urEnqueueUSMMemcpy
<LEVEL_ZERO>[DEBUG]: ze_event_pool_desc_t flags set to: 1
[2026-10-08 08:33:17.675] [thread-id: 132803273301184] [trace] zexCounterBasedEventCreate2(hContext, hDevice, desc, phEvent)
[2026-10-08 08:33:17.675] [thread-id: 132803273301184] [trace] SUCCESS (ZE_RESULT_SUCCESS) in zexCounterBasedEventCreate2(hContext=0x1433e738, hDevice=0x14327f28, desc=0x7ffc04babbf0, phEvent=0x14376a68)
<LEVEL_ZERO>[DEBUG]: ze_event_pool_desc_t flags set to: 1
[2026-10-08 08:33:17.675] [thread-id: 132803273301184] [trace] zexCounterBasedEventCreate2(hContext, hDevice, desc, phEvent)
[2026-10-08 08:33:17.675] [thread-id: 132803273301184] [trace] SUCCESS (ZE_RESULT_SUCCESS) in zexCounterBasedEventCreate2(hContext=0x1433e738, hDevice=0x14327f28, desc=0x7ffc04babbf0, phEvent=0x14376e08)
<LEVEL_ZERO>[DEBUG]: ze_event_pool_desc_t flags set to: 1
[2026-10-08 08:33:17.675] [thread-id: 132803273301184] [trace] zexCounterBasedEventCreate2(hContext, hDevice, desc, phEvent)
[2026-10-08 08:33:17.675] [thread-id: 132803273301184] [trace] SUCCESS (ZE_RESULT_SUCCESS) in zexCounterBasedEventCreate2(hContext=0x1433e738, hDevice=0x14327f28, desc=0x7ffc04babbf0, phEvent=0x14377528)
<LEVEL_ZERO>[DEBUG]: ze_event_pool_desc_t flags set to: 1
[2026-10-08 08:33:17.675] [thread-id: 132803273301184] [trace] zexCounterBasedEventCreate2(hContext, hDevice, desc, phEvent)
[2026-10-08 08:33:17.675] [thread-id: 132803273301184] [trace] SUCCESS (ZE_RESULT_SUCCESS) in zexCounterBasedEventCreate2(hContext=0x1433e738, hDevice=0x14327f28, desc=0x7ffc04babbf0, phEvent=0x14377a68)
<LEVEL_ZERO>[DEBUG]: ze_event_pool_desc_t flags set to: 1
[2026-10-08 08:33:17.675] [thread-id: 132803273301184] [trace] zexCounterBasedEventCreate2(hContext, hDevice, desc, phEvent)
[2026-10-08 08:33:17.675] [thread-id: 132803273301184] [trace] SUCCESS (ZE_RESULT_SUCCESS) in zexCounterBasedEventCreate2(hContext=0x1433e738, hDevice=0x14327f28, desc=0x7ffc04babbf0, phEvent=0x14378168)
<LEVEL_ZERO>[DEBUG]: ze_event_pool_desc_t flags set to: 1
[2026-10-08 08:33:17.675] [thread-id: 132803273301184] [trace] zexCounterBasedEventCreate2(hContext, hDevice, desc, phEvent)
[2026-10-08 08:33:17.675] [thread-id: 132803273301184] [trace] SUCCESS (ZE_RESULT_SUCCESS) in zexCounterBasedEventCreate2(hContext=0x1433e738, hDevice=0x14327f28, desc=0x7ffc04babbf0, phEvent=0x143786c8)
<LEVEL_ZERO>[DEBUG]: ze_event_pool_desc_t flags set to: 1
[2026-10-08 08:33:17.675] [thread-id: 132803273301184] [trace] zexCounterBasedEventCreate2(hContext, hDevice, desc, phEvent)
[2026-10-08 08:33:17.675] [thread-id: 132803273301184] [trace] SUCCESS (ZE_RESULT_SUCCESS) in zexCounterBasedEventCreate2(hContext=0x1433e738, hDevice=0x14327f28, desc=0x7ffc04babbf0, phEvent=0x14378dc8)
<LEVEL_ZERO>[DEBUG]: ze_event_pool_desc_t flags set to: 1
[2026-10-08 08:33:17.675] [thread-id: 132803273301184] [trace] zexCounterBasedEventCreate2(hContext, hDevice, desc, phEvent)
[2026-10-08 08:33:17.675] [thread-id: 132803273301184] [trace] SUCCESS (ZE_RESULT_SUCCESS) in zexCounterBasedEventCreate2(hContext=0x1433e738, hDevice=0x14327f28, desc=0x7ffc04babbf0, phEvent=0x143792d8)
<LEVEL_ZERO>[DEBUG]: ze_event_pool_desc_t flags set to: 1
[2026-10-08 08:33:17.675] [thread-id: 132803273301184] [trace] zexCounterBasedEventCreate2(hContext, hDevice, desc, phEvent)
[2026-10-08 08:33:17.675] [thread-id: 132803273301184] [trace] SUCCESS (ZE_RESULT_SUCCESS) in zexCounterBasedEventCreate2(hContext=0x1433e738, hDevice=0x14327f28, desc=0x7ffc04babbf0, phEvent=0x143799d8)
<LEVEL_ZERO>[DEBUG]: ze_event_pool_desc_t flags set to: 1
[2026-10-08 08:33:17.675] [thread-id: 132803273301184] [trace] zexCounterBasedEventCreate2(hContext, hDevice, desc, phEvent)
[2026-10-08 08:33:17.675] [thread-id: 132803273301184] [trace] SUCCESS (ZE_RESULT_SUCCESS) in zexCounterBasedEventCreate2(hContext=0x1433e738, hDevice=0x14327f28, desc=0x7ffc04babbf0, phEvent=0x14379ee8)
<LEVEL_ZERO>[DEBUG]: ze_event_pool_desc_t flags set to: 1
[2026-10-08 08:33:17.675] [thread-id: 132803273301184] [trace] zexCounterBasedEventCreate2(hContext, hDevice, desc, phEvent)
[2026-10-08 08:33:17.675] [thread-id: 132803273301184] [trace] SUCCESS (ZE_RESULT_SUCCESS) in zexCounterBasedEventCreate2(hContext=0x1433e738, hDevice=0x14327f28, desc=0x7ffc04babbf0, phEvent=0x1437a5e8)
<LEVEL_ZERO>[DEBUG]: ze_event_pool_desc_t flags set to: 1
[2026-10-08 08:33:17.675] [thread-id: 132803273301184] [trace] zexCounterBasedEventCreate2(hContext, hDevice, desc, phEvent)
[2026-10-08 08:33:17.675] [thread-id: 132803273301184] [trace] SUCCESS (ZE_RESULT_SUCCESS) in zexCounterBasedEventCreate2(hContext=0x1433e738, hDevice=0x14327f28, desc=0x7ffc04babbf0, phEvent=0x1437ab98)
<LEVEL_ZERO>[DEBUG]: ze_event_pool_desc_t flags set to: 1
[2026-10-08 08:33:17.675] [thread-id: 132803273301184] [trace] zexCounterBasedEventCreate2(hContext, hDevice, desc, phEvent)
[2026-10-08 08:33:17.675] [thread-id: 132803273301184] [trace] SUCCESS (ZE_RESULT_SUCCESS) in zexCounterBasedEventCreate2(hContext=0x1433e738, hDevice=0x14327f28, desc=0x7ffc04babbf0, phEvent=0x1437b298)
<LEVEL_ZERO>[DEBUG]: ze_event_pool_desc_t flags set to: 1
[2026-10-08 08:33:17.675] [thread-id: 132803273301184] [trace] zexCounterBasedEventCreate2(hContext, hDevice, desc, phEvent)
[2026-10-08 08:33:17.675] [thread-id: 132803273301184] [trace] SUCCESS (ZE_RESULT_SUCCESS) in zexCounterBasedEventCreate2(hContext=0x1433e738, hDevice=0x14327f28, desc=0x7ffc04babbf0, phEvent=0x1437b7a8)
<LEVEL_ZERO>[DEBUG]: ze_event_pool_desc_t flags set to: 1
[2026-10-08 08:33:17.675] [thread-id: 132803273301184] [trace] zexCounterBasedEventCreate2(hContext, hDevice, desc, phEvent)
[2026-10-08 08:33:17.675] [thread-id: 132803273301184] [trace] SUCCESS (ZE_RESULT_SUCCESS) in zexCounterBasedEventCreate2(hContext=0x1433e738, hDevice=0x14327f28, desc=0x7ffc04babbf0, phEvent=0x1437bea8)
<LEVEL_ZERO>[DEBUG]: ze_event_pool_desc_t flags set to: 1
[2026-10-08 08:33:17.675] [thread-id: 132803273301184] [trace] zexCounterBasedEventCreate2(hContext, hDevice, desc, phEvent)
[2026-10-08 08:33:17.675] [thread-id: 132803273301184] [trace] SUCCESS (ZE_RESULT_SUCCESS) in zexCounterBasedEventCreate2(hContext=0x1433e738, hDevice=0x14327f28, desc=0x7ffc04babbf0, phEvent=0x1437c3b8)
<LEVEL_ZERO>[DEBUG]: ze_event_pool_desc_t flags set to: 1
[2026-10-08 08:33:17.675] [thread-id: 132803273301184] [trace] zexCounterBasedEventCreate2(hContext, hDevice, desc, phEvent)
[2026-10-08 08:33:17.675] [thread-id: 132803273301184] [trace] SUCCESS (ZE_RESULT_SUCCESS) in zexCounterBasedEventCreate2(hContext=0x1433e738, hDevice=0x14327f28, desc=0x7ffc04babbf0, phEvent=0x1437cab8)
<LEVEL_ZERO>[DEBUG]: ze_event_pool_desc_t flags set to: 1
[2026-10-08 08:33:17.675] [thread-id: 132803273301184] [trace] zexCounterBasedEventCreate2(hContext, hDevice, desc, phEvent)
[2026-10-08 08:33:17.675] [thread-id: 132803273301184] [trace] SUCCESS (ZE_RESULT_SUCCESS) in zexCounterBasedEventCreate2(hContext=0x1433e738, hDevice=0x14327f28, desc=0x7ffc04babbf0, phEvent=0x1437d0d8)
<LEVEL_ZERO>[DEBUG]: ze_event_pool_desc_t flags set to: 1
[2026-10-08 08:33:17.675] [thread-id: 132803273301184] [trace] zexCounterBasedEventCreate2(hContext, hDevice, desc, phEvent)
[2026-10-08 08:33:17.675] [thread-id: 132803273301184] [trace] SUCCESS (ZE_RESULT_SUCCESS) in zexCounterBasedEventCreate2(hContext=0x1433e738, hDevice=0x14327f28, desc=0x7ffc04babbf0, phEvent=0x1437d7d8)
<LEVEL_ZERO>[DEBUG]: ze_event_pool_desc_t flags set to: 1
[2026-10-08 08:33:17.675] [thread-id: 132803273301184] [trace] zexCounterBasedEventCreate2(hContext, hDevice, desc, phEvent)
[2026-10-08 08:33:17.675] [thread-id: 132803273301184] [trace] SUCCESS (ZE_RESULT_SUCCESS) in zexCounterBasedEventCreate2(hContext=0x1433e738, hDevice=0x14327f28, desc=0x7ffc04babbf0, phEvent=0x1437dce8)
<LEVEL_ZERO>[DEBUG]: ze_event_pool_desc_t flags set to: 1
[2026-10-08 08:33:17.675] [thread-id: 132803273301184] [trace] zexCounterBasedEventCreate2(hContext, hDevice, desc, phEvent)
[2026-10-08 08:33:17.675] [thread-id: 132803273301184] [trace] SUCCESS (ZE_RESULT_SUCCESS) in zexCounterBasedEventCreate2(hContext=0x1433e738, hDevice=0x14327f28, desc=0x7ffc04babbf0, phEvent=0x1437e3e8)
<LEVEL_ZERO>[DEBUG]: ze_event_pool_desc_t flags set to: 1
[2026-10-08 08:33:17.675] [thread-id: 132803273301184] [trace] zexCounterBasedEventCreate2(hContext, hDevice, desc, phEvent)
[2026-10-08 08:33:17.675] [thread-id: 132803273301184] [trace] SUCCESS (ZE_RESULT_SUCCESS) in zexCounterBasedEventCreate2(hContext=0x1433e738, hDevice=0x14327f28, desc=0x7ffc04babbf0, phEvent=0x1437e8f8)
<LEVEL_ZERO>[DEBUG]: ze_event_pool_desc_t flags set to: 1
[2026-10-08 08:33:17.676] [thread-id: 132803273301184] [trace] zexCounterBasedEventCreate2(hContext, hDevice, desc, phEvent)
[2026-10-08 08:33:17.676] [thread-id: 132803273301184] [trace] SUCCESS (ZE_RESULT_SUCCESS) in zexCounterBasedEventCreate2(hContext=0x1433e738, hDevice=0x14327f28, desc=0x7ffc04babbf0, phEvent=0x1437eff8)
<LEVEL_ZERO>[DEBUG]: ze_event_pool_desc_t flags set to: 1
[2026-10-08 08:33:17.676] [thread-id: 132803273301184] [trace] zexCounterBasedEventCreate2(hContext, hDevice, desc, phEvent)
[2026-10-08 08:33:17.676] [thread-id: 132803273301184] [trace] SUCCESS (ZE_RESULT_SUCCESS) in zexCounterBasedEventCreate2(hContext=0x1433e738, hDevice=0x14327f28, desc=0x7ffc04babbf0, phEvent=0x1437f508)
<LEVEL_ZERO>[DEBUG]: ze_event_pool_desc_t flags set to: 1
[2026-10-08 08:33:17.676] [thread-id: 132803273301184] [trace] zexCounterBasedEventCreate2(hContext, hDevice, desc, phEvent)
[2026-10-08 08:33:17.676] [thread-id: 132803273301184] [trace] SUCCESS (ZE_RESULT_SUCCESS) in zexCounterBasedEventCreate2(hContext=0x1433e738, hDevice=0x14327f28, desc=0x7ffc04babbf0, phEvent=0x1437fd48)
<LEVEL_ZERO>[DEBUG]: ze_event_pool_desc_t flags set to: 1
[2026-10-08 08:33:17.676] [thread-id: 132803273301184] [trace] zexCounterBasedEventCreate2(hContext, hDevice, desc, phEvent)
[2026-10-08 08:33:17.676] [thread-id: 132803273301184] [trace] SUCCESS (ZE_RESULT_SUCCESS) in zexCounterBasedEventCreate2(hContext=0x1433e738, hDevice=0x14327f28, desc=0x7ffc04babbf0, phEvent=0x14380258)
<LEVEL_ZERO>[DEBUG]: ze_event_pool_desc_t flags set to: 1
[2026-10-08 08:33:17.676] [thread-id: 132803273301184] [trace] zexCounterBasedEventCreate2(hContext, hDevice, desc, phEvent)
[2026-10-08 08:33:17.676] [thread-id: 132803273301184] [trace] SUCCESS (ZE_RESULT_SUCCESS) in zexCounterBasedEventCreate2(hContext=0x1433e738, hDevice=0x14327f28, desc=0x7ffc04babbf0, phEvent=0x14380958)
<LEVEL_ZERO>[DEBUG]: ze_event_pool_desc_t flags set to: 1
[2026-10-08 08:33:17.676] [thread-id: 132803273301184] [trace] zexCounterBasedEventCreate2(hContext, hDevice, desc, phEvent)
[2026-10-08 08:33:17.676] [thread-id: 132803273301184] [trace] SUCCESS (ZE_RESULT_SUCCESS) in zexCounterBasedEventCreate2(hContext=0x1433e738, hDevice=0x14327f28, desc=0x7ffc04babbf0, phEvent=0x14380e68)
<LEVEL_ZERO>[DEBUG]: ze_event_pool_desc_t flags set to: 1
[2026-10-08 08:33:17.676] [thread-id: 132803273301184] [trace] zexCounterBasedEventCreate2(hContext, hDevice, desc, phEvent)
[2026-10-08 08:33:17.676] [thread-id: 132803273301184] [trace] SUCCESS (ZE_RESULT_SUCCESS) in zexCounterBasedEventCreate2(hContext=0x1433e738, hDevice=0x14327f28, desc=0x7ffc04babbf0, phEvent=0x14381568)
<LEVEL_ZERO>[DEBUG]: ze_event_pool_desc_t flags set to: 1
[2026-10-08 08:33:17.676] [thread-id: 132803273301184] [trace] zexCounterBasedEventCreate2(hContext, hDevice, desc, phEvent)
[2026-10-08 08:33:17.676] [thread-id: 132803273301184] [trace] SUCCESS (ZE_RESULT_SUCCESS) in zexCounterBasedEventCreate2(hContext=0x1433e738, hDevice=0x14327f28, desc=0x7ffc04babbf0, phEvent=0x14381a78)
<LEVEL_ZERO>[DEBUG]: ze_event_pool_desc_t flags set to: 1
[2026-10-08 08:33:17.676] [thread-id: 132803273301184] [trace] zexCounterBasedEventCreate2(hContext, hDevice, desc, phEvent)
[2026-10-08 08:33:17.676] [thread-id: 132803273301184] [trace] SUCCESS (ZE_RESULT_SUCCESS) in zexCounterBasedEventCreate2(hContext=0x1433e738, hDevice=0x14327f28, desc=0x7ffc04babbf0, phEvent=0x14382178)
<LEVEL_ZERO>[DEBUG]: ze_event_pool_desc_t flags set to: 1
[2026-10-08 08:33:17.676] [thread-id: 132803273301184] [trace] zexCounterBasedEventCreate2(hContext, hDevice, desc, phEvent)
[2026-10-08 08:33:17.676] [thread-id: 132803273301184] [trace] SUCCESS (ZE_RESULT_SUCCESS) in zexCounterBasedEventCreate2(hContext=0x1433e738, hDevice=0x14327f28, desc=0x7ffc04babbf0, phEvent=0x14382688)
<LEVEL_ZERO>[DEBUG]: ze_event_pool_desc_t flags set to: 1
[2026-10-08 08:33:17.676] [thread-id: 132803273301184] [trace] zexCounterBasedEventCreate2(hContext, hDevice, desc, phEvent)
[2026-10-08 08:33:17.676] [thread-id: 132803273301184] [trace] SUCCESS (ZE_RESULT_SUCCESS) in zexCounterBasedEventCreate2(hContext=0x1433e738, hDevice=0x14327f28, desc=0x7ffc04babbf0, phEvent=0x14382d88)
<LEVEL_ZERO>[DEBUG]: ze_event_pool_desc_t flags set to: 1
[2026-10-08 08:33:17.676] [thread-id: 132803273301184] [trace] zexCounterBasedEventCreate2(hContext, hDevice, desc, phEvent)
[2026-10-08 08:33:17.676] [thread-id: 132803273301184] [trace] SUCCESS (ZE_RESULT_SUCCESS) in zexCounterBasedEventCreate2(hContext=0x1433e738, hDevice=0x14327f28, desc=0x7ffc04babbf0, phEvent=0x143834a8)
<LEVEL_ZERO>[DEBUG]: ze_event_pool_desc_t flags set to: 1
[2026-10-08 08:33:17.676] [thread-id: 132803273301184] [trace] zexCounterBasedEventCreate2(hContext, hDevice, desc, phEvent)
[2026-10-08 08:33:17.676] [thread-id: 132803273301184] [trace] SUCCESS (ZE_RESULT_SUCCESS) in zexCounterBasedEventCreate2(hContext=0x1433e738, hDevice=0x14327f28, desc=0x7ffc04babbf0, phEvent=0x14383ba8)
<LEVEL_ZERO>[DEBUG]: ze_event_pool_desc_t flags set to: 1
[2026-10-08 08:33:17.676] [thread-id: 132803273301184] [trace] zexCounterBasedEventCreate2(hContext, hDevice, desc, phEvent)
[2026-10-08 08:33:17.676] [thread-id: 132803273301184] [trace] SUCCESS (ZE_RESULT_SUCCESS) in zexCounterBasedEventCreate2(hContext=0x1433e738, hDevice=0x14327f28, desc=0x7ffc04babbf0, phEvent=0x143840b8)
<LEVEL_ZERO>[DEBUG]: ze_event_pool_desc_t flags set to: 1
[2026-10-08 08:33:17.676] [thread-id: 132803273301184] [trace] zexCounterBasedEventCreate2(hContext, hDevice, desc, phEvent)
[2026-10-08 08:33:17.676] [thread-id: 132803273301184] [trace] SUCCESS (ZE_RESULT_SUCCESS) in zexCounterBasedEventCreate2(hContext=0x1433e738, hDevice=0x14327f28, desc=0x7ffc04babbf0, phEvent=0x143847b8)
<LEVEL_ZERO>[DEBUG]: ze_event_pool_desc_t flags set to: 1
[2026-10-08 08:33:17.676] [thread-id: 132803273301184] [trace] zexCounterBasedEventCreate2(hContext, hDevice, desc, phEvent)
[2026-10-08 08:33:17.676] [thread-id: 132803273301184] [trace] SUCCESS (ZE_RESULT_SUCCESS) in zexCounterBasedEventCreate2(hContext=0x1433e738, hDevice=0x14327f28, desc=0x7ffc04babbf0, phEvent=0x14384cc8)
<LEVEL_ZERO>[DEBUG]: ze_event_pool_desc_t flags set to: 1
[2026-10-08 08:33:17.676] [thread-id: 132803273301184] [trace] zexCounterBasedEventCreate2(hContext, hDevice, desc, phEvent)
[2026-10-08 08:33:17.676] [thread-id: 132803273301184] [trace] SUCCESS (ZE_RESULT_SUCCESS) in zexCounterBasedEventCreate2(hContext=0x1433e738, hDevice=0x14327f28, desc=0x7ffc04babbf0, phEvent=0x143853c8)
<LEVEL_ZERO>[DEBUG]: ze_event_pool_desc_t flags set to: 1
[2026-10-08 08:33:17.676] [thread-id: 132803273301184] [trace] zexCounterBasedEventCreate2(hContext, hDevice, desc, phEvent)
[2026-10-08 08:33:17.676] [thread-id: 132803273301184] [trace] SUCCESS (ZE_RESULT_SUCCESS) in zexCounterBasedEventCreate2(hContext=0x1433e738, hDevice=0x14327f28, desc=0x7ffc04babbf0, phEvent=0x143858d8)
<LEVEL_ZERO>[DEBUG]: ze_event_pool_desc_t flags set to: 1
[2026-10-08 08:33:17.676] [thread-id: 132803273301184] [trace] zexCounterBasedEventCreate2(hContext, hDevice, desc, phEvent)
[2026-10-08 08:33:17.676] [thread-id: 132803273301184] [trace] SUCCESS (ZE_RESULT_SUCCESS) in zexCounterBasedEventCreate2(hContext=0x1433e738, hDevice=0x14327f28, desc=0x7ffc04babbf0, phEvent=0x14385fd8)
<LEVEL_ZERO>[DEBUG]: ze_event_pool_desc_t flags set to: 1
[2026-10-08 08:33:17.676] [thread-id: 132803273301184] [trace] zexCounterBasedEventCreate2(hContext, hDevice, desc, phEvent)
[2026-10-08 08:33:17.676] [thread-id: 132803273301184] [trace] SUCCESS (ZE_RESULT_SUCCESS) in zexCounterBasedEventCreate2(hContext=0x1433e738, hDevice=0x14327f28, desc=0x7ffc04babbf0, phEvent=0x143864e8)
<LEVEL_ZERO>[DEBUG]: ze_event_pool_desc_t flags set to: 1
[2026-10-08 08:33:17.676] [thread-id: 132803273301184] [trace] zexCounterBasedEventCreate2(hContext, hDevice, desc, phEvent)
[2026-10-08 08:33:17.676] [thread-id: 132803273301184] [trace] SUCCESS (ZE_RESULT_SUCCESS) in zexCounterBasedEventCreate2(hContext=0x1433e738, hDevice=0x14327f28, desc=0x7ffc04babbf0, phEvent=0x14386be8)
<LEVEL_ZERO>[DEBUG]: ze_event_pool_desc_t flags set to: 1
[2026-10-08 08:33:17.676] [thread-id: 132803273301184] [trace] zexCounterBasedEventCreate2(hContext, hDevice, desc, phEvent)
[2026-10-08 08:33:17.676] [thread-id: 132803273301184] [trace] SUCCESS (ZE_RESULT_SUCCESS) in zexCounterBasedEventCreate2(hContext=0x1433e738, hDevice=0x14327f28, desc=0x7ffc04babbf0, phEvent=0x143870f8)
<LEVEL_ZERO>[DEBUG]: ze_event_pool_desc_t flags set to: 1
[2026-10-08 08:33:17.676] [thread-id: 132803273301184] [trace] zexCounterBasedEventCreate2(hContext, hDevice, desc, phEvent)
[2026-10-08 08:33:17.676] [thread-id: 132803273301184] [trace] SUCCESS (ZE_RESULT_SUCCESS) in zexCounterBasedEventCreate2(hContext=0x1433e738, hDevice=0x14327f28, desc=0x7ffc04babbf0, phEvent=0x143877f8)
<LEVEL_ZERO>[DEBUG]: ze_event_pool_desc_t flags set to: 1
[2026-10-08 08:33:17.676] [thread-id: 132803273301184] [trace] zexCounterBasedEventCreate2(hContext, hDevice, desc, phEvent)
[2026-10-08 08:33:17.676] [thread-id: 132803273301184] [trace] SUCCESS (ZE_RESULT_SUCCESS) in zexCounterBasedEventCreate2(hContext=0x1433e738, hDevice=0x14327f28, desc=0x7ffc04babbf0, phEvent=0x14387d08)
<LEVEL_ZERO>[DEBUG]: ze_event_pool_desc_t flags set to: 1
[2026-10-08 08:33:17.676] [thread-id: 132803273301184] [trace] zexCounterBasedEventCreate2(hContext, hDevice, desc, phEvent)
[2026-10-08 08:33:17.676] [thread-id: 132803273301184] [trace] SUCCESS (ZE_RESULT_SUCCESS) in zexCounterBasedEventCreate2(hContext=0x1433e738, hDevice=0x14327f28, desc=0x7ffc04babbf0, phEvent=0x14388408)
<LEVEL_ZERO>[DEBUG]: ze_event_pool_desc_t flags set to: 1
[2026-10-08 08:33:17.676] [thread-id: 132803273301184] [trace] zexCounterBasedEventCreate2(hContext, hDevice, desc, phEvent)
[2026-10-08 08:33:17.676] [thread-id: 132803273301184] [trace] SUCCESS (ZE_RESULT_SUCCESS) in zexCounterBasedEventCreate2(hContext=0x1433e738, hDevice=0x14327f28, desc=0x7ffc04babbf0, phEvent=0x14388918)
<LEVEL_ZERO>[DEBUG]: ze_event_pool_desc_t flags set to: 1
[2026-10-08 08:33:17.676] [thread-id: 132803273301184] [trace] zexCounterBasedEventCreate2(hContext, hDevice, desc, phEvent)
[2026-10-08 08:33:17.676] [thread-id: 132803273301184] [trace] SUCCESS (ZE_RESULT_SUCCESS) in zexCounterBasedEventCreate2(hContext=0x1433e738, hDevice=0x14327f28, desc=0x7ffc04babbf0, phEvent=0x14389018)
<LEVEL_ZERO>[DEBUG]: ze_event_pool_desc_t flags set to: 1
[2026-10-08 08:33:17.676] [thread-id: 132803273301184] [trace] zexCounterBasedEventCreate2(hContext, hDevice, desc, phEvent)
[2026-10-08 08:33:17.676] [thread-id: 132803273301184] [trace] SUCCESS (ZE_RESULT_SUCCESS) in zexCounterBasedEventCreate2(hContext=0x1433e738, hDevice=0x14327f28, desc=0x7ffc04babbf0, phEvent=0x14389528)
<LEVEL_ZERO>[DEBUG]: ze_event_pool_desc_t flags set to: 1
[2026-10-08 08:33:17.676] [thread-id: 132803273301184] [trace] zexCounterBasedEventCreate2(hContext, hDevice, desc, phEvent)
[2026-10-08 08:33:17.676] [thread-id: 132803273301184] [trace] SUCCESS (ZE_RESULT_SUCCESS) in zexCounterBasedEventCreate2(hContext=0x1433e738, hDevice=0x14327f28, desc=0x7ffc04babbf0, phEvent=0x14389c28)
<LEVEL_ZERO>[DEBUG]: ze_event_pool_desc_t flags set to: 1
[2026-10-08 08:33:17.677] [thread-id: 132803273301184] [trace] zexCounterBasedEventCreate2(hContext, hDevice, desc, phEvent)
[2026-10-08 08:33:17.677] [thread-id: 132803273301184] [trace] SUCCESS (ZE_RESULT_SUCCESS) in zexCounterBasedEventCreate2(hContext=0x1433e738, hDevice=0x14327f28, desc=0x7ffc04babbf0, phEvent=0x1438a138)
<LEVEL_ZERO>[DEBUG]: ze_event_pool_desc_t flags set to: 1
[2026-10-08 08:33:17.677] [thread-id: 132803273301184] [trace] zexCounterBasedEventCreate2(hContext, hDevice, desc, phEvent)
[2026-10-08 08:33:17.677] [thread-id: 132803273301184] [trace] SUCCESS (ZE_RESULT_SUCCESS) in zexCounterBasedEventCreate2(hContext=0x1433e738, hDevice=0x14327f28, desc=0x7ffc04babbf0, phEvent=0x1438aab8)
<LEVEL_ZERO>[DEBUG]: ze_event_pool_desc_t flags set to: 1
[2026-10-08 08:33:17.677] [thread-id: 132803273301184] [trace] zexCounterBasedEventCreate2(hContext, hDevice, desc, phEvent)
[2026-10-08 08:33:17.677] [thread-id: 132803273301184] [trace] SUCCESS (ZE_RESULT_SUCCESS) in zexCounterBasedEventCreate2(hContext=0x1433e738, hDevice=0x14327f28, desc=0x7ffc04babbf0, phEvent=0x1438afc8)
<LEVEL_ZERO>[DEBUG]: ze_event_pool_desc_t flags set to: 1
[2026-10-08 08:33:17.677] [thread-id: 132803273301184] [trace] zexCounterBasedEventCreate2(hContext, hDevice, desc, phEvent)
[2026-10-08 08:33:17.677] [thread-id: 132803273301184] [trace] SUCCESS (ZE_RESULT_SUCCESS) in zexCounterBasedEventCreate2(hContext=0x1433e738, hDevice=0x14327f28, desc=0x7ffc04babbf0, phEvent=0x1438b6c8)
<LEVEL_ZERO>[DEBUG]: ze_event_pool_desc_t flags set to: 1
[2026-10-08 08:33:17.677] [thread-id: 132803273301184] [trace] zexCounterBasedEventCreate2(hContext, hDevice, desc, phEvent)
[2026-10-08 08:33:17.677] [thread-id: 132803273301184] [trace] SUCCESS (ZE_RESULT_SUCCESS) in zexCounterBasedEventCreate2(hContext=0x1433e738, hDevice=0x14327f28, desc=0x7ffc04babbf0, phEvent=0x1438bbd8)
<LEVEL_ZERO>[DEBUG]: ze_event_pool_desc_t flags set to: 1
[2026-10-08 08:33:17.677] [thread-id: 132803273301184] [trace] zexCounterBasedEventCreate2(hContext, hDevice, desc, phEvent)
[2026-10-08 08:33:17.677] [thread-id: 132803273301184] [trace] SUCCESS (ZE_RESULT_SUCCESS) in zexCounterBasedEventCreate2(hContext=0x1433e738, hDevice=0x14327f28, desc=0x7ffc04babbf0, phEvent=0x1438c2d8)
<LEVEL_ZERO>[DEBUG]: ze_event_pool_desc_t flags set to: 1
[2026-10-08 08:33:17.677] [thread-id: 132803273301184] [trace] zexCounterBasedEventCreate2(hContext, hDevice, desc, phEvent)
[2026-10-08 08:33:17.677] [thread-id: 132803273301184] [trace] SUCCESS (ZE_RESULT_SUCCESS) in zexCounterBasedEventCreate2(hContext=0x1433e738, hDevice=0x14327f28, desc=0x7ffc04babbf0, phEvent=0x1438c7e8)
<LEVEL_ZERO>[DEBUG]: ze_event_pool_desc_t flags set to: 1
[2026-10-08 08:33:17.677] [thread-id: 132803273301184] [trace] zexCounterBasedEventCreate2(hContext, hDevice, desc, phEvent)
[2026-10-08 08:33:17.677] [thread-id: 132803273301184] [trace] SUCCESS (ZE_RESULT_SUCCESS) in zexCounterBasedEventCreate2(hContext=0x1433e738, hDevice=0x14327f28, desc=0x7ffc04babbf0, phEvent=0x1438cee8)
<LEVEL_ZERO>[DEBUG]: ze_event_pool_desc_t flags set to: 1
[2026-10-08 08:33:17.677] [thread-id: 132803273301184] [trace] zexCounterBasedEventCreate2(hContext, hDevice, desc, phEvent)
[2026-10-08 08:33:17.677] [thread-id: 132803273301184] [trace] SUCCESS (ZE_RESULT_SUCCESS) in zexCounterBasedEventCreate2(hContext=0x1433e738, hDevice=0x14327f28, desc=0x7ffc04babbf0, phEvent=0x1438d3f8)
<LEVEL_ZERO>[DEBUG]: ze_event_pool_desc_t flags set to: 1
[2026-10-08 08:33:17.677] [thread-id: 132803273301184] [trace] zexCounterBasedEventCreate2(hContext, hDevice, desc, phEvent)
[2026-10-08 08:33:17.677] [thread-id: 132803273301184] [trace] SUCCESS (ZE_RESULT_SUCCESS) in zexCounterBasedEventCreate2(hContext=0x1433e738, hDevice=0x14327f28, desc=0x7ffc04babbf0, phEvent=0x1438daf8)
<LEVEL_ZERO>[DEBUG]: ze_event_pool_desc_t flags set to: 1
[2026-10-08 08:33:17.677] [thread-id: 132803273301184] [trace] zexCounterBasedEventCreate2(hContext, hDevice, desc, phEvent)
[2026-10-08 08:33:17.677] [thread-id: 132803273301184] [trace] SUCCESS (ZE_RESULT_SUCCESS) in zexCounterBasedEventCreate2(hContext=0x1433e738, hDevice=0x14327f28, desc=0x7ffc04babbf0, phEvent=0x1438e008)
<LEVEL_ZERO>[DEBUG]: ze_event_pool_desc_t flags set to: 1
[2026-10-08 08:33:17.677] [thread-id: 132803273301184] [trace] zexCounterBasedEventCreate2(hContext, hDevice, desc, phEvent)
[2026-10-08 08:33:17.677] [thread-id: 132803273301184] [trace] SUCCESS (ZE_RESULT_SUCCESS) in zexCounterBasedEventCreate2(hContext=0x1433e738, hDevice=0x14327f28, desc=0x7ffc04babbf0, phEvent=0x1438e708)
<LEVEL_ZERO>[DEBUG]: ze_event_pool_desc_t flags set to: 1
[2026-10-08 08:33:17.677] [thread-id: 132803273301184] [trace] zexCounterBasedEventCreate2(hContext, hDevice, desc, phEvent)
[2026-10-08 08:33:17.677] [thread-id: 132803273301184] [trace] SUCCESS (ZE_RESULT_SUCCESS) in zexCounterBasedEventCreate2(hContext=0x1433e738, hDevice=0x14327f28, desc=0x7ffc04babbf0, phEvent=0x1438ec18)
[2026-10-08 08:33:17.677] [thread-id: 132803273301184] [trace] zeCommandListAppendMemoryCopy(hCommandList, dstptr, srcptr, size, hSignalEvent, numWaitEvents, phWaitEventsLocal)
[2026-10-08 08:33:17.680] [thread-id: 132803273301184] [trace] SUCCESS (ZE_RESULT_SUCCESS) in zeCommandListAppendMemoryCopy(hCommandList=0x14345d88, dstptr=0xffffffffff600000, srcptr=0x143568a0, size=65536, hSignalEvent=0x1438ec18, numWaitEvents=0, phWaitEvents=nullptr)
   <--- urEnqueueUSMMemcpy(.hQueue = 0x143450a0, .blocking = 0, .pDst = 0xffffffffff600000, .pSrc = 0x143568a0, .size = 65536, .numEventsInWaitList = 0, .phEventWaitList = nullptr, .phEvent = 0x7ffc04bac1f0 (0x1438e600)) -> UR_RESULT_SUCCESS;
   ---> urEventWait
[2026-10-08 08:33:17.680] [thread-id: 132803273301184] [trace] zeEventHostSynchronize(hEvent, timeout)
[2026-10-08 08:33:17.680] [thread-id: 132803273301184] [trace] SUCCESS (ZE_RESULT_SUCCESS) in zeEventHostSynchronize(hEvent=0x1438ec18, timeout=18446744073709551615)
   <--- urEventWait(.numEvents = 1, .phEventWaitList = 0x7ffc04bac240 {0x1438e600}) -> UR_RESULT_SUCCESS;
   ---> urEventRelease
   <--- urEventRelease(.hEvent = 0x1438e600) -> UR_RESULT_SUCCESS;
   ---> urDeviceGetInfo
[2026-10-08 08:33:17.680] [thread-id: 132803273301184] [trace] zeDeviceGetComputeProperties(hDevice, pComputeProperties)
[2026-10-08 08:33:17.680] [thread-id: 132803273301184] [trace] SUCCESS (ZE_RESULT_SUCCESS) in zeDeviceGetComputeProperties(hDevice=0x14327f28, pComputeProperties={stype=0x1433d280, maxTotalGroupSize=1024, maxGroupSizeX=1024, maxGroupSizeY=1024, maxGroupSizeZ=1024, maxGroupCountX=4294967295, maxGroupCountY=4294967295, maxGroupCountZ=4294967295, maxSharedLocalMemory=131072, numSubGroupSizes=2, subGroupSizes=16})
   <--- urDeviceGetInfo(.hDevice = 0x1433d040, .propName = UR_DEVICE_INFO_MAX_WORK_GROUPS_3D, .propSize = 24, .pPropValue = {4294967295, 4294967295, 4294967295}, .pPropSizeRet = nullptr) -> UR_RESULT_SUCCESS;
   ---> urDeviceSelectBinary
   <--- urDeviceSelectBinary(.hDevice = 0x1433d040, .pBinaries = 0x143b7a50 ((struct ur_device_binary_t){.stype = UR_STRUCTURE_TYPE_CONTEXT_PROPERTIES, .pNext = nullptr, .pDeviceTargetSpec = 0x78c8aecde3c0 (spir64)}), .NumBinaries = 1, .pSelectedBinary = 0x7ffc04bab74c (0)) -> UR_RESULT_SUCCESS;
   ---> urPlatformGetBackendOption
   <--- urPlatformGetBackendOption(.hPlatform = 0x1433b810, .pFrontendOption = 0x7ffc04bab258 (-O2), .ppPlatformOption = 0x7ffc04bab228 (0x78c8abd4c975 (-ze-opt-level=2))) -> UR_RESULT_SUCCESS;
   ---> urDeviceGetInfo
   <--- urDeviceGetInfo(.hDevice = 0x1433d040, .propName = UR_DEVICE_INFO_VENDOR_ID, .propSize = 4, .pPropValue = 0x7ffc04bab1a8 (32902), .pPropSizeRet = nullptr) -> UR_RESULT_SUCCESS;
   ---> urDeviceGetInfo
   <--- urDeviceGetInfo(.hDevice = 0x1433d040, .propName = UR_DEVICE_INFO_DEVICE_ID, .propSize = 0, .pPropValue = nullptr, .pPropSizeRet = 0x7ffc04bab030 (4)) -> UR_RESULT_SUCCESS;
   ---> urDeviceGetInfo
   <--- urDeviceGetInfo(.hDevice = 0x1433d040, .propName = UR_DEVICE_INFO_DEVICE_ID, .propSize = 4, .pPropValue = 0x7ffc04bab178 (57868), .pPropSizeRet = nullptr) -> UR_RESULT_SUCCESS;
   ---> urDeviceGetInfo
   <--- urDeviceGetInfo(.hDevice = 0x1433d040, .propName = UR_DEVICE_INFO_COMPILER_AVAILABLE, .propSize = 1, .pPropValue = 0x7ffc04bab210 (true), .pPropSizeRet = nullptr) -> UR_RESULT_SUCCESS;
   ---> urProgramCreateWithIL
   <--- urProgramCreateWithIL(.hContext = 0x14341b90, .pIL = 0x415b20, .length = 2080, .pProperties = nullptr, .phProgram = 0x7ffc04bab330 (0x1437fa10)) -> UR_RESULT_SUCCESS;
   ---> urProgramBuildExp
[2026-10-08 08:33:17.680] [thread-id: 132803273301184] [trace] zeModuleCreate(hContext, hDevice, desc, phModule, phBuildLog)
[2026-10-08 08:33:17.681] [thread-id: 132803273301184] [trace] SUCCESS (ZE_RESULT_SUCCESS) in zeModuleCreate(hContext=0x1433e738, hDevice=0x14327f28, desc={stype=0x7ffc04baafb0, format=0x7ffc04baafc0, inputSize=2080, pInputModule=3, pBuildFlags=" -ze-opt-level=2", pConstants={numConstants=0, pConstantIds=nullptr, pConstantValues=nullptr}}, phModule=0x14392d18, phBuildLog=0x143b8818)
[2026-10-08 08:33:17.681] [thread-id: 132803273301184] [trace] zeModuleGetProperties(hModule, pModuleProperties)
[2026-10-08 08:33:17.681] [thread-id: 132803273301184] [trace] SUCCESS (ZE_RESULT_SUCCESS) in zeModuleGetProperties(hModule=0x14392d18, pModuleProperties={stype=0x7ffc04baaf20, flags=0})
   <--- urProgramBuildExp(.hProgram = 0x1437fa10, .numDevices = 1, .phDevices = 0x143b7a50 {0x1433d040}, .flags = 0, .pOptions = 0x143b7a70 ( -ze-opt-level=2)) -> UR_RESULT_SUCCESS;
   ---> urProgramRetain
   <--- urProgramRetain(.hProgram = 0x1437fa10) -> UR_RESULT_SUCCESS;
   ---> urKernelCreate
[2026-10-08 08:33:17.681] [thread-id: 132803273301184] [trace] zeKernelCreate(hModule, desc, phKernel)
[2026-10-08 08:33:17.681] [thread-id: 132803273301184] [trace] SUCCESS (ZE_RESULT_SUCCESS) in zeKernelCreate(hModule=0x14392d18, desc={stype=0x7ffc04bab640, flags=0, pKernelName="_ZTSZ4mainEUlN4sycl3_V12idILi1EEEE_"}, phKernel=0x143cf748)
[2026-10-08 08:33:17.681] [thread-id: 132803273301184] [trace] zeKernelGetName(hKernel, pSize, pName)
[2026-10-08 08:33:17.681] [thread-id: 132803273301184] [trace] SUCCESS (ZE_RESULT_SUCCESS) in zeKernelGetName(hKernel=0x143cf748, pSize=36, pName=nullptr)
[2026-10-08 08:33:17.681] [thread-id: 132803273301184] [trace] zeKernelGetName(hKernel, pSize, pName)
[2026-10-08 08:33:17.681] [thread-id: 132803273301184] [trace] SUCCESS (ZE_RESULT_SUCCESS) in zeKernelGetName(hKernel=0x143cf748, pSize=36, pName="_ZTSZ4mainEUlN4sycl3_V12idILi1EEEE_")
[2026-10-08 08:33:17.681] [thread-id: 132803273301184] [trace] zeKernelGetProperties(hKernel, pKernelProperties)
[2026-10-08 08:33:17.681] [thread-id: 132803273301184] [trace] SUCCESS (ZE_RESULT_SUCCESS) in zeKernelGetProperties(hKernel=0x143cf748, pKernelProperties={stype=0x143b0b48, numKernelArgs=1, requiredGroupSizeX=0, requiredGroupSizeY=0, requiredGroupSizeZ=0, requiredNumSubGroups=0, requiredSubgroupSize=0, maxSubgroupSize=32, maxNumSubgroups=32, localMemSize=0, privateMemSize=0, spillMemSize=0, uuid={kid=0, mid=0}})
   <--- urKernelCreate(.hProgram = 0x1437fa10, .pKernelName = 0x4131d2 (_ZTSZ4mainEUlN4sycl3_V12idILi1EEEE_), .phKernel = 0x7ffc04bab960 (0x143cad40)) -> UR_RESULT_SUCCESS;
   ---> urKernelSetExecInfo
[2026-10-08 08:33:17.681] [thread-id: 132803273301184] [trace] zeKernelSetIndirectAccess(hKernel, flags)
[2026-10-08 08:33:17.681] [thread-id: 132803273301184] [trace] SUCCESS (ZE_RESULT_SUCCESS) in zeKernelSetIndirectAccess(hKernel=0x143cf748, flags=7)
   <--- urKernelSetExecInfo(.hKernel = 0x143cad40, .propName = UR_KERNEL_EXEC_INFO_USM_INDIRECT_ACCESS, .propSize = 1, .pProperties = nullptr, .pPropValue = 0x7ffc04bab95f (true)) -> UR_RESULT_SUCCESS;
   ---> urKernelRetain
   <--- urKernelRetain(.hKernel = 0x143cad40) -> UR_RESULT_SUCCESS;
   ---> urKernelGetGroupInfo
   <--- urKernelGetGroupInfo(.hKernel = 0x143cad40, .hDevice = 0x1433d040, .propName = UR_KERNEL_GROUP_INFO_COMPILE_WORK_GROUP_SIZE, .propSize = 24, .pPropValue = {0, 0, 0}, .pPropSizeRet = nullptr) -> UR_RESULT_SUCCESS;
   ---> urEnqueueKernelLaunchWithArgsExp
[2026-10-08 08:33:17.681] [thread-id: 132803273301184] [trace] zeKernelSuggestGroupSize(hKernel, globalSizeX, globalSizeY, globalSizeZ, groupSizeX, groupSizeY, groupSizeZ)
[2026-10-08 08:33:17.681] [thread-id: 132803273301184] [trace] SUCCESS (ZE_RESULT_SUCCESS) in zeKernelSuggestGroupSize(hKernel=0x143cf748, globalSizeX=16384, globalSizeY=1, globalSizeZ=1, groupSizeX=1024, groupSizeY=1, groupSizeZ=1)
[2026-10-08 08:33:17.681] [thread-id: 132803273301184] [trace] zeKernelSetGroupSize(hKernel, groupSizeX, groupSizeY, groupSizeZ)
[2026-10-08 08:33:17.681] [thread-id: 132803273301184] [trace] SUCCESS (ZE_RESULT_SUCCESS) in zeKernelSetGroupSize(hKernel=0x143cf748, groupSizeX=1024, groupSizeY=1, groupSizeZ=1)
[2026-10-08 08:33:17.681] [thread-id: 132803273301184] [trace] zeCommandListAppendLaunchKernelWithArguments(hCommandList, hKernel, groupCounts, groupSizes, pArguments, pNext, hSignalEvent, numWaitEvents, phWaitEventsLocal)
[2026-10-08 08:33:17.682] [thread-id: 132803273301184] [trace] SUCCESS (ZE_RESULT_SUCCESS) in zeCommandListAppendLaunchKernelWithArguments(hCommandList=0x14345d88, hKernel=0x143cf748, groupCounts={groupCountX=16, groupCountY=1, groupCountZ=1}, groupSizes={groupSizeX=1024, groupSizeY=1, groupSizeZ=1}, pArguments=0x143cfe90, pNext=nullptr, hSignalEvent=0x1438ec18, numWaitEvents=0, phWaitEvents=nullptr)
   <--- urEnqueueKernelLaunchWithArgsExp(.hQueue = 0x143450a0, .hKernel = 0x143cad40, .workDim = 1, .pGlobalWorkOffset = nullptr, .pGlobalWorkSize = 0x7ffc04bac120 (16384), .pLocalWorkSize = nullptr, .numArgs = 1, .pArgs = 0x143cb8d0 {(struct ur_exp_kernel_arg_properties_t){.stype = UR_STRUCTURE_TYPE_EXP_KERNEL_ARG_PROPERTIES, .pNext = nullptr, .type = UR_EXP_KERNEL_ARG_TYPE_POINTER, .index = 0, .size = 8, .value = (union ur_exp_kernel_arg_value_t){.pointer = 0xffffffffff600000}}}, .launchPropList = nullptr, .numEventsInWaitList = 0, .phEventWaitList = nullptr, .phEvent = 0x7ffc04babb40 (0x1438e600)) -> UR_RESULT_SUCCESS;
   ---> urEventWait
[2026-10-08 08:33:17.682] [thread-id: 132803273301184] [trace] zeEventHostSynchronize(hEvent, timeout)
[2026-10-08 08:33:17.682] [thread-id: 132803273301184] [trace] SUCCESS (ZE_RESULT_SUCCESS) in zeEventHostSynchronize(hEvent=0x1438ec18, timeout=18446744073709551615)
   <--- urEventWait(.numEvents = 1, .phEventWaitList = 0x7ffc04bac240 {0x1438e600}) -> UR_RESULT_SUCCESS;
   ---> urEventRelease
   <--- urEventRelease(.hEvent = 0x1438e600) -> UR_RESULT_SUCCESS;
   ---> urEnqueueUSMMemcpy
[2026-10-08 08:33:17.682] [thread-id: 132803273301184] [trace] zeCommandListAppendMemoryCopy(hCommandList, dstptr, srcptr, size, hSignalEvent, numWaitEvents, phWaitEventsLocal)
[2026-10-08 08:33:17.682] [thread-id: 132803273301184] [trace] SUCCESS (ZE_RESULT_SUCCESS) in zeCommandListAppendMemoryCopy(hCommandList=0x14345d88, dstptr=0x143668b0, srcptr=0xffffffffff600000, size=65536, hSignalEvent=0x1438ec18, numWaitEvents=0, phWaitEvents=nullptr)
   <--- urEnqueueUSMMemcpy(.hQueue = 0x143450a0, .blocking = 0, .pDst = 0x143668b0, .pSrc = 0xffffffffff600000, .size = 65536, .numEventsInWaitList = 0, .phEventWaitList = nullptr, .phEvent = 0x7ffc04bac1f0 (0x1438e600)) -> UR_RESULT_SUCCESS;
   ---> urEventWait
[2026-10-08 08:33:17.682] [thread-id: 132803273301184] [trace] zeEventHostSynchronize(hEvent, timeout)
[2026-10-08 08:33:17.682] [thread-id: 132803273301184] [trace] SUCCESS (ZE_RESULT_SUCCESS) in zeEventHostSynchronize(hEvent=0x1438ec18, timeout=18446744073709551615)
   <--- urEventWait(.numEvents = 1, .phEventWaitList = 0x7ffc04bac240 {0x1438e600}) -> UR_RESULT_SUCCESS;
   ---> urEventRelease
   <--- urEventRelease(.hEvent = 0x1438e600) -> UR_RESULT_SUCCESS;
   ---> urEnqueueUSMMemcpy
[2026-10-08 08:33:17.682] [thread-id: 132803273301184] [trace] zeCommandListAppendMemoryCopy(hCommandList, dstptr, srcptr, size, hSignalEvent, numWaitEvents, phWaitEventsLocal)
[2026-10-08 08:33:17.682] [thread-id: 132803273301184] [trace] SUCCESS (ZE_RESULT_SUCCESS) in zeCommandListAppendMemoryCopy(hCommandList=0x14345d88, dstptr=0xffffffffff600000, srcptr=0x143568a0, size=65536, hSignalEvent=0x1438ec18, numWaitEvents=0, phWaitEvents=nullptr)
   <--- urEnqueueUSMMemcpy(.hQueue = 0x143450a0, .blocking = 0, .pDst = 0xffffffffff600000, .pSrc = 0x143568a0, .size = 65536, .numEventsInWaitList = 0, .phEventWaitList = nullptr, .phEvent = 0x7ffc04bac1f0 (0x1438e600)) -> UR_RESULT_SUCCESS;
   ---> urEventWait
[2026-10-08 08:33:17.682] [thread-id: 132803273301184] [trace] zeEventHostSynchronize(hEvent, timeout)
[2026-10-08 08:33:17.682] [thread-id: 132803273301184] [trace] SUCCESS (ZE_RESULT_SUCCESS) in zeEventHostSynchronize(hEvent=0x1438ec18, timeout=18446744073709551615)
   <--- urEventWait(.numEvents = 1, .phEventWaitList = 0x7ffc04bac240 {0x1438e600}) -> UR_RESULT_SUCCESS;
   ---> urEventRelease
   <--- urEventRelease(.hEvent = 0x1438e600) -> UR_RESULT_SUCCESS;
   ---> urDeviceGetInfo
   <--- urDeviceGetInfo(.hDevice = 0x1433d040, .propName = UR_DEVICE_INFO_MAX_WORK_GROUPS_3D, .propSize = 24, .pPropValue = {4294967295, 4294967295, 4294967295}, .pPropSizeRet = nullptr) -> UR_RESULT_SUCCESS;
   ---> urKernelGetGroupInfo
   <--- urKernelGetGroupInfo(.hKernel = 0x143cad40, .hDevice = 0x1433d040, .propName = UR_KERNEL_GROUP_INFO_COMPILE_WORK_GROUP_SIZE, .propSize = 24, .pPropValue = {0, 0, 0}, .pPropSizeRet = nullptr) -> UR_RESULT_SUCCESS;
   ---> urEnqueueKernelLaunchWithArgsExp
[2026-10-08 08:33:17.683] [thread-id: 132803273301184] [trace] zeKernelSuggestGroupSize(hKernel, globalSizeX, globalSizeY, globalSizeZ, groupSizeX, groupSizeY, groupSizeZ)
[2026-10-08 08:33:17.683] [thread-id: 132803273301184] [trace] SUCCESS (ZE_RESULT_SUCCESS) in zeKernelSuggestGroupSize(hKernel=0x143cf748, globalSizeX=16384, globalSizeY=1, globalSizeZ=1, groupSizeX=1024, groupSizeY=1, groupSizeZ=1)
[2026-10-08 08:33:17.683] [thread-id: 132803273301184] [trace] zeKernelSetGroupSize(hKernel, groupSizeX, groupSizeY, groupSizeZ)
[2026-10-08 08:33:17.683] [thread-id: 132803273301184] [trace] SUCCESS (ZE_RESULT_SUCCESS) in zeKernelSetGroupSize(hKernel=0x143cf748, groupSizeX=1024, groupSizeY=1, groupSizeZ=1)
[2026-10-08 08:33:17.683] [thread-id: 132803273301184] [trace] zeCommandListAppendLaunchKernelWithArguments(hCommandList, hKernel, groupCounts, groupSizes, pArguments, pNext, hSignalEvent, numWaitEvents, phWaitEventsLocal)
[2026-10-08 08:33:17.683] [thread-id: 132803273301184] [trace] SUCCESS (ZE_RESULT_SUCCESS) in zeCommandListAppendLaunchKernelWithArguments(hCommandList=0x14345d88, hKernel=0x143cf748, groupCounts={groupCountX=16, groupCountY=1, groupCountZ=1}, groupSizes={groupSizeX=1024, groupSizeY=1, groupSizeZ=1}, pArguments=0x143cfe90, pNext=nullptr, hSignalEvent=0x1438ec18, numWaitEvents=0, phWaitEvents=nullptr)
   <--- urEnqueueKernelLaunchWithArgsExp(.hQueue = 0x143450a0, .hKernel = 0x143cad40, .workDim = 1, .pGlobalWorkOffset = nullptr, .pGlobalWorkSize = 0x7ffc04bac120 (16384), .pLocalWorkSize = nullptr, .numArgs = 1, .pArgs = 0x143cb8d0 {(struct ur_exp_kernel_arg_properties_t){.stype = UR_STRUCTURE_TYPE_EXP_KERNEL_ARG_PROPERTIES, .pNext = nullptr, .type = UR_EXP_KERNEL_ARG_TYPE_POINTER, .index = 0, .size = 8, .value = (union ur_exp_kernel_arg_value_t){.pointer = 0xffffffffff600000}}}, .launchPropList = nullptr, .numEventsInWaitList = 0, .phEventWaitList = nullptr, .phEvent = 0x7ffc04babb40 (0x1438e600)) -> UR_RESULT_SUCCESS;
   ---> urEventWait
[2026-10-08 08:33:17.683] [thread-id: 132803273301184] [trace] zeEventHostSynchronize(hEvent, timeout)
[2026-10-08 08:33:17.683] [thread-id: 132803273301184] [trace] SUCCESS (ZE_RESULT_SUCCESS) in zeEventHostSynchronize(hEvent=0x1438ec18, timeout=18446744073709551615)
   <--- urEventWait(.numEvents = 1, .phEventWaitList = 0x7ffc04bac240 {0x1438e600}) -> UR_RESULT_SUCCESS;
   ---> urEventRelease
   <--- urEventRelease(.hEvent = 0x1438e600) -> UR_RESULT_SUCCESS;
   ---> urEnqueueUSMMemcpy
[2026-10-08 08:33:17.683] [thread-id: 132803273301184] [trace] zeCommandListAppendMemoryCopy(hCommandList, dstptr, srcptr, size, hSignalEvent, numWaitEvents, phWaitEventsLocal)
[2026-10-08 08:33:17.683] [thread-id: 132803273301184] [trace] SUCCESS (ZE_RESULT_SUCCESS) in zeCommandListAppendMemoryCopy(hCommandList=0x14345d88, dstptr=0x143668b0, srcptr=0xffffffffff600000, size=65536, hSignalEvent=0x1438ec18, numWaitEvents=0, phWaitEvents=nullptr)
   <--- urEnqueueUSMMemcpy(.hQueue = 0x143450a0, .blocking = 0, .pDst = 0x143668b0, .pSrc = 0xffffffffff600000, .size = 65536, .numEventsInWaitList = 0, .phEventWaitList = nullptr, .phEvent = 0x7ffc04bac1f0 (0x1438e600)) -> UR_RESULT_SUCCESS;
   ---> urEventWait
[2026-10-08 08:33:17.683] [thread-id: 132803273301184] [trace] zeEventHostSynchronize(hEvent, timeout)
[2026-10-08 08:33:17.683] [thread-id: 132803273301184] [trace] SUCCESS (ZE_RESULT_SUCCESS) in zeEventHostSynchronize(hEvent=0x1438ec18, timeout=18446744073709551615)
   <--- urEventWait(.numEvents = 1, .phEventWaitList = 0x7ffc04bac240 {0x1438e600}) -> UR_RESULT_SUCCESS;
   ---> urEventRelease
   <--- urEventRelease(.hEvent = 0x1438e600) -> UR_RESULT_SUCCESS;
   ---> urEnqueueUSMMemcpy
[2026-10-08 08:33:17.683] [thread-id: 132803273301184] [trace] zeCommandListAppendMemoryCopy(hCommandList, dstptr, srcptr, size, hSignalEvent, numWaitEvents, phWaitEventsLocal)
[2026-10-08 08:33:17.683] [thread-id: 132803273301184] [trace] SUCCESS (ZE_RESULT_SUCCESS) in zeCommandListAppendMemoryCopy(hCommandList=0x14345d88, dstptr=0xffffffffff600000, srcptr=0x143568a0, size=65536, hSignalEvent=0x1438ec18, numWaitEvents=0, phWaitEvents=nullptr)
   <--- urEnqueueUSMMemcpy(.hQueue = 0x143450a0, .blocking = 0, .pDst = 0xffffffffff600000, .pSrc = 0x143568a0, .size = 65536, .numEventsInWaitList = 0, .phEventWaitList = nullptr, .phEvent = 0x7ffc04bac1f0 (0x1438e600)) -> UR_RESULT_SUCCESS;
   ---> urEventWait
[2026-10-08 08:33:17.683] [thread-id: 132803273301184] [trace] zeEventHostSynchronize(hEvent, timeout)
[2026-10-08 08:33:17.683] [thread-id: 132803273301184] [trace] SUCCESS (ZE_RESULT_SUCCESS) in zeEventHostSynchronize(hEvent=0x1438ec18, timeout=18446744073709551615)
   <--- urEventWait(.numEvents = 1, .phEventWaitList = 0x7ffc04bac240 {0x1438e600}) -> UR_RESULT_SUCCESS;
   ---> urEventRelease
   <--- urEventRelease(.hEvent = 0x1438e600) -> UR_RESULT_SUCCESS;
   ---> urDeviceGetInfo
   <--- urDeviceGetInfo(.hDevice = 0x1433d040, .propName = UR_DEVICE_INFO_MAX_WORK_GROUPS_3D, .propSize = 24, .pPropValue = {4294967295, 4294967295, 4294967295}, .pPropSizeRet = nullptr) -> UR_RESULT_SUCCESS;
   ---> urKernelGetGroupInfo
   <--- urKernelGetGroupInfo(.hKernel = 0x143cad40, .hDevice = 0x1433d040, .propName = UR_KERNEL_GROUP_INFO_COMPILE_WORK_GROUP_SIZE, .propSize = 24, .pPropValue = {0, 0, 0}, .pPropSizeRet = nullptr) -> UR_RESULT_SUCCESS;
   ---> urEnqueueKernelLaunchWithArgsExp
[2026-10-08 08:33:17.683] [thread-id: 132803273301184] [trace] zeKernelSuggestGroupSize(hKernel, globalSizeX, globalSizeY, globalSizeZ, groupSizeX, groupSizeY, groupSizeZ)
[2026-10-08 08:33:17.683] [thread-id: 132803273301184] [trace] SUCCESS (ZE_RESULT_SUCCESS) in zeKernelSuggestGroupSize(hKernel=0x143cf748, globalSizeX=16384, globalSizeY=1, globalSizeZ=1, groupSizeX=1024, groupSizeY=1, groupSizeZ=1)
[2026-10-08 08:33:17.683] [thread-id: 132803273301184] [trace] zeKernelSetGroupSize(hKernel, groupSizeX, groupSizeY, groupSizeZ)
[2026-10-08 08:33:17.683] [thread-id: 132803273301184] [trace] SUCCESS (ZE_RESULT_SUCCESS) in zeKernelSetGroupSize(hKernel=0x143cf748, groupSizeX=1024, groupSizeY=1, groupSizeZ=1)
[2026-10-08 08:33:17.683] [thread-id: 132803273301184] [trace] zeCommandListAppendLaunchKernelWithArguments(hCommandList, hKernel, groupCounts, groupSizes, pArguments, pNext, hSignalEvent, numWaitEvents, phWaitEventsLocal)
[2026-10-08 08:33:17.683] [thread-id: 132803273301184] [trace] SUCCESS (ZE_RESULT_SUCCESS) in zeCommandListAppendLaunchKernelWithArguments(hCommandList=0x14345d88, hKernel=0x143cf748, groupCounts={groupCountX=16, groupCountY=1, groupCountZ=1}, groupSizes={groupSizeX=1024, groupSizeY=1, groupSizeZ=1}, pArguments=0x143cfe90, pNext=nullptr, hSignalEvent=0x1438ec18, numWaitEvents=0, phWaitEvents=nullptr)
   <--- urEnqueueKernelLaunchWithArgsExp(.hQueue = 0x143450a0, .hKernel = 0x143cad40, .workDim = 1, .pGlobalWorkOffset = nullptr, .pGlobalWorkSize = 0x7ffc04bac120 (16384), .pLocalWorkSize = nullptr, .numArgs = 1, .pArgs = 0x143cb8d0 {(struct ur_exp_kernel_arg_properties_t){.stype = UR_STRUCTURE_TYPE_EXP_KERNEL_ARG_PROPERTIES, .pNext = nullptr, .type = UR_EXP_KERNEL_ARG_TYPE_POINTER, .index = 0, .size = 8, .value = (union ur_exp_kernel_arg_value_t){.pointer = 0xffffffffff600000}}}, .launchPropList = nullptr, .numEventsInWaitList = 0, .phEventWaitList = nullptr, .phEvent = 0x7ffc04babb40 (0x1438e600)) -> UR_RESULT_SUCCESS;
   ---> urEventWait
[2026-10-08 08:33:17.683] [thread-id: 132803273301184] [trace] zeEventHostSynchronize(hEvent, timeout)
[2026-10-08 08:33:17.683] [thread-id: 132803273301184] [trace] SUCCESS (ZE_RESULT_SUCCESS) in zeEventHostSynchronize(hEvent=0x1438ec18, timeout=18446744073709551615)
   <--- urEventWait(.numEvents = 1, .phEventWaitList = 0x7ffc04bac240 {0x1438e600}) -> UR_RESULT_SUCCESS;
   ---> urEventRelease
   <--- urEventRelease(.hEvent = 0x1438e600) -> UR_RESULT_SUCCESS;
   ---> urEnqueueUSMMemcpy
[2026-10-08 08:33:17.683] [thread-id: 132803273301184] [trace] zeCommandListAppendMemoryCopy(hCommandList, dstptr, srcptr, size, hSignalEvent, numWaitEvents, phWaitEventsLocal)
[2026-10-08 08:33:17.683] [thread-id: 132803273301184] [trace] SUCCESS (ZE_RESULT_SUCCESS) in zeCommandListAppendMemoryCopy(hCommandList=0x14345d88, dstptr=0x143668b0, srcptr=0xffffffffff600000, size=65536, hSignalEvent=0x1438ec18, numWaitEvents=0, phWaitEvents=nullptr)
   <--- urEnqueueUSMMemcpy(.hQueue = 0x143450a0, .blocking = 0, .pDst = 0x143668b0, .pSrc = 0xffffffffff600000, .size = 65536, .numEventsInWaitList = 0, .phEventWaitList = nullptr, .phEvent = 0x7ffc04bac1f0 (0x1438e600)) -> UR_RESULT_SUCCESS;
   ---> urEventWait
[2026-10-08 08:33:17.683] [thread-id: 132803273301184] [trace] zeEventHostSynchronize(hEvent, timeout)
[2026-10-08 08:33:17.683] [thread-id: 132803273301184] [trace] SUCCESS (ZE_RESULT_SUCCESS) in zeEventHostSynchronize(hEvent=0x1438ec18, timeout=18446744073709551615)
   <--- urEventWait(.numEvents = 1, .phEventWaitList = 0x7ffc04bac240 {0x1438e600}) -> UR_RESULT_SUCCESS;
   ---> urEventRelease
   <--- urEventRelease(.hEvent = 0x1438e600) -> UR_RESULT_SUCCESS;
   ---> urQueueFinish
[2026-10-08 08:33:17.683] [thread-id: 132803273301184] [trace] zeCommandListHostSynchronize(hCommandList, timeout)
[2026-10-08 08:33:17.683] [thread-id: 132803273301184] [trace] SUCCESS (ZE_RESULT_SUCCESS) in zeCommandListHostSynchronize(hCommandList=0x14345d88, timeout=18446744073709551615)
   <--- urQueueFinish(.hQueue = 0x143450a0) -> UR_RESULT_SUCCESS;
   ---> urUSMFree
   <--- urUSMFree(.hContext = 0x14341b90, .pMem = 0xffffffffff600000) -> UR_RESULT_SUCCESS;
   ---> urQueueRelease
[2026-10-08 08:33:17.683] [thread-id: 132803273301184] [trace] zeCommandListHostSynchronize(hCommandList, timeout)
[2026-10-08 08:33:17.683] [thread-id: 132803273301184] [trace] SUCCESS (ZE_RESULT_SUCCESS) in zeCommandListHostSynchronize(hCommandList=0x14345d88, timeout=18446744073709551615)
   <--- urQueueRelease(.hQueue = 0x143450a0) -> UR_RESULT_SUCCESS;
   ---> urProgramRelease
   <--- urProgramRelease(.hProgram = 0x1437fa10) -> UR_RESULT_SUCCESS;
   ---> urKernelRelease
   <--- urKernelRelease(.hKernel = 0x143cad40) -> UR_RESULT_SUCCESS;
   ---> urProgramRelease
   <--- urProgramRelease(.hProgram = 0x1437fa10) -> UR_RESULT_SUCCESS;
   ---> urKernelRelease
[2026-10-08 08:33:17.684] [thread-id: 132803273301184] [trace] zeKernelDestroy(hKernel)
[2026-10-08 08:33:17.684] [thread-id: 132803273301184] [trace] SUCCESS (ZE_RESULT_SUCCESS) in zeKernelDestroy(hKernel=0x143cf748)
[2026-10-08 08:33:17.684] [thread-id: 132803273301184] [trace] zeModuleBuildLogDestroy(hModuleBuildLog)
[2026-10-08 08:33:17.684] [thread-id: 132803273301184] [trace] SUCCESS (ZE_RESULT_SUCCESS) in zeModuleBuildLogDestroy(hModuleBuildLog=0x143b8818)
[2026-10-08 08:33:17.684] [thread-id: 132803273301184] [trace] zeModuleDestroy(hModule)
[2026-10-08 08:33:17.684] [thread-id: 132803273301184] [trace] SUCCESS (ZE_RESULT_SUCCESS) in zeModuleDestroy(hModule=0x14392d18)
   <--- urKernelRelease(.hKernel = 0x143cad40) -> UR_RESULT_SUCCESS;
   ---> urContextRelease
[2026-10-08 08:33:17.684] [thread-id: 132803273301184] [trace] zeMemFreeExt(hContext, pMemFreeDesc, ptr)
[2026-10-08 08:33:17.684] [thread-id: 132803273301184] [trace] SUCCESS (ZE_RESULT_SUCCESS) in zeMemFreeExt(hContext=0x1433e738, pMemFreeDesc={stype=0x7ffc04babf80, freePolicy=1}, ptr=0xffffffffff600000)
[2026-10-08 08:33:17.684] [thread-id: 132803273301184] [trace] zeEventDestroy(hEvent)
[2026-10-08 08:33:17.684] [thread-id: 132803273301184] [trace] SUCCESS (ZE_RESULT_SUCCESS) in zeEventDestroy(hEvent=0x14377528)
[2026-10-08 08:33:17.684] [thread-id: 132803273301184] [trace] zeEventDestroy(hEvent)
[2026-10-08 08:33:17.684] [thread-id: 132803273301184] [trace] SUCCESS (ZE_RESULT_SUCCESS) in zeEventDestroy(hEvent=0x14377a68)
[2026-10-08 08:33:17.684] [thread-id: 132803273301184] [trace] zeEventDestroy(hEvent)
[2026-10-08 08:33:17.684] [thread-id: 132803273301184] [trace] SUCCESS (ZE_RESULT_SUCCESS) in zeEventDestroy(hEvent=0x14378168)
[2026-10-08 08:33:17.684] [thread-id: 132803273301184] [trace] zeEventDestroy(hEvent)
[2026-10-08 08:33:17.684] [thread-id: 132803273301184] [trace] SUCCESS (ZE_RESULT_SUCCESS) in zeEventDestroy(hEvent=0x143786c8)
[2026-10-08 08:33:17.684] [thread-id: 132803273301184] [trace] zeEventDestroy(hEvent)
[2026-10-08 08:33:17.684] [thread-id: 132803273301184] [trace] SUCCESS (ZE_RESULT_SUCCESS) in zeEventDestroy(hEvent=0x14378dc8)
[2026-10-08 08:33:17.684] [thread-id: 132803273301184] [trace] zeEventDestroy(hEvent)
[2026-10-08 08:33:17.684] [thread-id: 132803273301184] [trace] SUCCESS (ZE_RESULT_SUCCESS) in zeEventDestroy(hEvent=0x143792d8)
[2026-10-08 08:33:17.684] [thread-id: 132803273301184] [trace] zeEventDestroy(hEvent)
[2026-10-08 08:33:17.684] [thread-id: 132803273301184] [trace] SUCCESS (ZE_RESULT_SUCCESS) in zeEventDestroy(hEvent=0x143799d8)
[2026-10-08 08:33:17.684] [thread-id: 132803273301184] [trace] zeEventDestroy(hEvent)
[2026-10-08 08:33:17.684] [thread-id: 132803273301184] [trace] SUCCESS (ZE_RESULT_SUCCESS) in zeEventDestroy(hEvent=0x14379ee8)
[2026-10-08 08:33:17.684] [thread-id: 132803273301184] [trace] zeEventDestroy(hEvent)
[2026-10-08 08:33:17.684] [thread-id: 132803273301184] [trace] SUCCESS (ZE_RESULT_SUCCESS) in zeEventDestroy(hEvent=0x1437a5e8)
[2026-10-08 08:33:17.684] [thread-id: 132803273301184] [trace] zeEventDestroy(hEvent)
[2026-10-08 08:33:17.684] [thread-id: 132803273301184] [trace] SUCCESS (ZE_RESULT_SUCCESS) in zeEventDestroy(hEvent=0x1437ab98)
[2026-10-08 08:33:17.684] [thread-id: 132803273301184] [trace] zeEventDestroy(hEvent)
[2026-10-08 08:33:17.684] [thread-id: 132803273301184] [trace] SUCCESS (ZE_RESULT_SUCCESS) in zeEventDestroy(hEvent=0x1437b298)
[2026-10-08 08:33:17.684] [thread-id: 132803273301184] [trace] zeEventDestroy(hEvent)
[2026-10-08 08:33:17.684] [thread-id: 132803273301184] [trace] SUCCESS (ZE_RESULT_SUCCESS) in zeEventDestroy(hEvent=0x1437b7a8)
[2026-10-08 08:33:17.684] [thread-id: 132803273301184] [trace] zeEventDestroy(hEvent)
[2026-10-08 08:33:17.684] [thread-id: 132803273301184] [trace] SUCCESS (ZE_RESULT_SUCCESS) in zeEventDestroy(hEvent=0x1437bea8)
[2026-10-08 08:33:17.684] [thread-id: 132803273301184] [trace] zeEventDestroy(hEvent)
[2026-10-08 08:33:17.684] [thread-id: 132803273301184] [trace] SUCCESS (ZE_RESULT_SUCCESS) in zeEventDestroy(hEvent=0x1437c3b8)
[2026-10-08 08:33:17.684] [thread-id: 132803273301184] [trace] zeEventDestroy(hEvent)
[2026-10-08 08:33:17.684] [thread-id: 132803273301184] [trace] SUCCESS (ZE_RESULT_SUCCESS) in zeEventDestroy(hEvent=0x1437cab8)
[2026-10-08 08:33:17.684] [thread-id: 132803273301184] [trace] zeEventDestroy(hEvent)
[2026-10-08 08:33:17.684] [thread-id: 132803273301184] [trace] SUCCESS (ZE_RESULT_SUCCESS) in zeEventDestroy(hEvent=0x1437d0d8)
[2026-10-08 08:33:17.684] [thread-id: 132803273301184] [trace] zeEventDestroy(hEvent)
[2026-10-08 08:33:17.684] [thread-id: 132803273301184] [trace] SUCCESS (ZE_RESULT_SUCCESS) in zeEventDestroy(hEvent=0x1437d7d8)
[2026-10-08 08:33:17.684] [thread-id: 132803273301184] [trace] zeEventDestroy(hEvent)
[2026-10-08 08:33:17.684] [thread-id: 132803273301184] [trace] SUCCESS (ZE_RESULT_SUCCESS) in zeEventDestroy(hEvent=0x1437dce8)
[2026-10-08 08:33:17.684] [thread-id: 132803273301184] [trace] zeEventDestroy(hEvent)
[2026-10-08 08:33:17.684] [thread-id: 132803273301184] [trace] SUCCESS (ZE_RESULT_SUCCESS) in zeEventDestroy(hEvent=0x1437e3e8)
[2026-10-08 08:33:17.684] [thread-id: 132803273301184] [trace] zeEventDestroy(hEvent)
[2026-10-08 08:33:17.684] [thread-id: 132803273301184] [trace] SUCCESS (ZE_RESULT_SUCCESS) in zeEventDestroy(hEvent=0x1437e8f8)
[2026-10-08 08:33:17.684] [thread-id: 132803273301184] [trace] zeEventDestroy(hEvent)
[2026-10-08 08:33:17.685] [thread-id: 132803273301184] [trace] SUCCESS (ZE_RESULT_SUCCESS) in zeEventDestroy(hEvent=0x1437eff8)
[2026-10-08 08:33:17.685] [thread-id: 132803273301184] [trace] zeEventDestroy(hEvent)
[2026-10-08 08:33:17.685] [thread-id: 132803273301184] [trace] SUCCESS (ZE_RESULT_SUCCESS) in zeEventDestroy(hEvent=0x1437f508)
[2026-10-08 08:33:17.685] [thread-id: 132803273301184] [trace] zeEventDestroy(hEvent)
[2026-10-08 08:33:17.685] [thread-id: 132803273301184] [trace] SUCCESS (ZE_RESULT_SUCCESS) in zeEventDestroy(hEvent=0x1437fd48)
[2026-10-08 08:33:17.685] [thread-id: 132803273301184] [trace] zeEventDestroy(hEvent)
[2026-10-08 08:33:17.685] [thread-id: 132803273301184] [trace] SUCCESS (ZE_RESULT_SUCCESS) in zeEventDestroy(hEvent=0x14380258)
[2026-10-08 08:33:17.685] [thread-id: 132803273301184] [trace] zeEventDestroy(hEvent)
[2026-10-08 08:33:17.685] [thread-id: 132803273301184] [trace] SUCCESS (ZE_RESULT_SUCCESS) in zeEventDestroy(hEvent=0x14380958)
[2026-10-08 08:33:17.685] [thread-id: 132803273301184] [trace] zeEventDestroy(hEvent)
[2026-10-08 08:33:17.685] [thread-id: 132803273301184] [trace] SUCCESS (ZE_RESULT_SUCCESS) in zeEventDestroy(hEvent=0x14380e68)
[2026-10-08 08:33:17.685] [thread-id: 132803273301184] [trace] zeEventDestroy(hEvent)
[2026-10-08 08:33:17.685] [thread-id: 132803273301184] [trace] SUCCESS (ZE_RESULT_SUCCESS) in zeEventDestroy(hEvent=0x14381568)
[2026-10-08 08:33:17.685] [thread-id: 132803273301184] [trace] zeEventDestroy(hEvent)
[2026-10-08 08:33:17.685] [thread-id: 132803273301184] [trace] SUCCESS (ZE_RESULT_SUCCESS) in zeEventDestroy(hEvent=0x14381a78)
[2026-10-08 08:33:17.685] [thread-id: 132803273301184] [trace] zeEventDestroy(hEvent)
[2026-10-08 08:33:17.685] [thread-id: 132803273301184] [trace] SUCCESS (ZE_RESULT_SUCCESS) in zeEventDestroy(hEvent=0x14382178)
[2026-10-08 08:33:17.685] [thread-id: 132803273301184] [trace] zeEventDestroy(hEvent)
[2026-10-08 08:33:17.685] [thread-id: 132803273301184] [trace] SUCCESS (ZE_RESULT_SUCCESS) in zeEventDestroy(hEvent=0x14382688)
[2026-10-08 08:33:17.685] [thread-id: 132803273301184] [trace] zeEventDestroy(hEvent)
[2026-10-08 08:33:17.685] [thread-id: 132803273301184] [trace] SUCCESS (ZE_RESULT_SUCCESS) in zeEventDestroy(hEvent=0x14382d88)
[2026-10-08 08:33:17.685] [thread-id: 132803273301184] [trace] zeEventDestroy(hEvent)
[2026-10-08 08:33:17.685] [thread-id: 132803273301184] [trace] SUCCESS (ZE_RESULT_SUCCESS) in zeEventDestroy(hEvent=0x143834a8)
[2026-10-08 08:33:17.685] [thread-id: 132803273301184] [trace] zeEventDestroy(hEvent)
[2026-10-08 08:33:17.685] [thread-id: 132803273301184] [trace] SUCCESS (ZE_RESULT_SUCCESS) in zeEventDestroy(hEvent=0x14383ba8)
[2026-10-08 08:33:17.685] [thread-id: 132803273301184] [trace] zeEventDestroy(hEvent)
[2026-10-08 08:33:17.685] [thread-id: 132803273301184] [trace] SUCCESS (ZE_RESULT_SUCCESS) in zeEventDestroy(hEvent=0x143840b8)
[2026-10-08 08:33:17.685] [thread-id: 132803273301184] [trace] zeEventDestroy(hEvent)
[2026-10-08 08:33:17.685] [thread-id: 132803273301184] [trace] SUCCESS (ZE_RESULT_SUCCESS) in zeEventDestroy(hEvent=0x143847b8)
[2026-10-08 08:33:17.685] [thread-id: 132803273301184] [trace] zeEventDestroy(hEvent)
[2026-10-08 08:33:17.685] [thread-id: 132803273301184] [trace] SUCCESS (ZE_RESULT_SUCCESS) in zeEventDestroy(hEvent=0x14384cc8)
[2026-10-08 08:33:17.685] [thread-id: 132803273301184] [trace] zeEventDestroy(hEvent)
[2026-10-08 08:33:17.685] [thread-id: 132803273301184] [trace] SUCCESS (ZE_RESULT_SUCCESS) in zeEventDestroy(hEvent=0x143853c8)
[2026-10-08 08:33:17.685] [thread-id: 132803273301184] [trace] zeEventDestroy(hEvent)
[2026-10-08 08:33:17.685] [thread-id: 132803273301184] [trace] SUCCESS (ZE_RESULT_SUCCESS) in zeEventDestroy(hEvent=0x143858d8)
[2026-10-08 08:33:17.685] [thread-id: 132803273301184] [trace] zeEventDestroy(hEvent)
[2026-10-08 08:33:17.685] [thread-id: 132803273301184] [trace] SUCCESS (ZE_RESULT_SUCCESS) in zeEventDestroy(hEvent=0x14385fd8)
[2026-10-08 08:33:17.685] [thread-id: 132803273301184] [trace] zeEventDestroy(hEvent)
[2026-10-08 08:33:17.685] [thread-id: 132803273301184] [trace] SUCCESS (ZE_RESULT_SUCCESS) in zeEventDestroy(hEvent=0x143864e8)
[2026-10-08 08:33:17.685] [thread-id: 132803273301184] [trace] zeEventDestroy(hEvent)
[2026-10-08 08:33:17.685] [thread-id: 132803273301184] [trace] SUCCESS (ZE_RESULT_SUCCESS) in zeEventDestroy(hEvent=0x14386be8)
[2026-10-08 08:33:17.685] [thread-id: 132803273301184] [trace] zeEventDestroy(hEvent)
[2026-10-08 08:33:17.685] [thread-id: 132803273301184] [trace] SUCCESS (ZE_RESULT_SUCCESS) in zeEventDestroy(hEvent=0x143870f8)
[2026-10-08 08:33:17.685] [thread-id: 132803273301184] [trace] zeEventDestroy(hEvent)
[2026-10-08 08:33:17.685] [thread-id: 132803273301184] [trace] SUCCESS (ZE_RESULT_SUCCESS) in zeEventDestroy(hEvent=0x143877f8)
[2026-10-08 08:33:17.685] [thread-id: 132803273301184] [trace] zeEventDestroy(hEvent)
[2026-10-08 08:33:17.685] [thread-id: 132803273301184] [trace] SUCCESS (ZE_RESULT_SUCCESS) in zeEventDestroy(hEvent=0x14387d08)
[2026-10-08 08:33:17.685] [thread-id: 132803273301184] [trace] zeEventDestroy(hEvent)
[2026-10-08 08:33:17.685] [thread-id: 132803273301184] [trace] SUCCESS (ZE_RESULT_SUCCESS) in zeEventDestroy(hEvent=0x14388408)
[2026-10-08 08:33:17.685] [thread-id: 132803273301184] [trace] zeEventDestroy(hEvent)
[2026-10-08 08:33:17.685] [thread-id: 132803273301184] [trace] SUCCESS (ZE_RESULT_SUCCESS) in zeEventDestroy(hEvent=0x14388918)
[2026-10-08 08:33:17.685] [thread-id: 132803273301184] [trace] zeEventDestroy(hEvent)
[2026-10-08 08:33:17.685] [thread-id: 132803273301184] [trace] SUCCESS (ZE_RESULT_SUCCESS) in zeEventDestroy(hEvent=0x14389018)
[2026-10-08 08:33:17.685] [thread-id: 132803273301184] [trace] zeEventDestroy(hEvent)
[2026-10-08 08:33:17.685] [thread-id: 132803273301184] [trace] SUCCESS (ZE_RESULT_SUCCESS) in zeEventDestroy(hEvent=0x14389528)
[2026-10-08 08:33:17.685] [thread-id: 132803273301184] [trace] zeEventDestroy(hEvent)
[2026-10-08 08:33:17.685] [thread-id: 132803273301184] [trace] SUCCESS (ZE_RESULT_SUCCESS) in zeEventDestroy(hEvent=0x14389c28)
[2026-10-08 08:33:17.685] [thread-id: 132803273301184] [trace] zeEventDestroy(hEvent)
[2026-10-08 08:33:17.685] [thread-id: 132803273301184] [trace] SUCCESS (ZE_RESULT_SUCCESS) in zeEventDestroy(hEvent=0x1438a138)
[2026-10-08 08:33:17.685] [thread-id: 132803273301184] [trace] zeEventDestroy(hEvent)
[2026-10-08 08:33:17.685] [thread-id: 132803273301184] [trace] SUCCESS (ZE_RESULT_SUCCESS) in zeEventDestroy(hEvent=0x1438aab8)
[2026-10-08 08:33:17.685] [thread-id: 132803273301184] [trace] zeEventDestroy(hEvent)
[2026-10-08 08:33:17.685] [thread-id: 132803273301184] [trace] SUCCESS (ZE_RESULT_SUCCESS) in zeEventDestroy(hEvent=0x1438afc8)
[2026-10-08 08:33:17.685] [thread-id: 132803273301184] [trace] zeEventDestroy(hEvent)
[2026-10-08 08:33:17.685] [thread-id: 132803273301184] [trace] SUCCESS (ZE_RESULT_SUCCESS) in zeEventDestroy(hEvent=0x1438b6c8)
[2026-10-08 08:33:17.685] [thread-id: 132803273301184] [trace] zeEventDestroy(hEvent)
[2026-10-08 08:33:17.685] [thread-id: 132803273301184] [trace] SUCCESS (ZE_RESULT_SUCCESS) in zeEventDestroy(hEvent=0x1438bbd8)
[2026-10-08 08:33:17.685] [thread-id: 132803273301184] [trace] zeEventDestroy(hEvent)
[2026-10-08 08:33:17.685] [thread-id: 132803273301184] [trace] SUCCESS (ZE_RESULT_SUCCESS) in zeEventDestroy(hEvent=0x1438c2d8)
[2026-10-08 08:33:17.685] [thread-id: 132803273301184] [trace] zeEventDestroy(hEvent)
[2026-10-08 08:33:17.685] [thread-id: 132803273301184] [trace] SUCCESS (ZE_RESULT_SUCCESS) in zeEventDestroy(hEvent=0x1438c7e8)
[2026-10-08 08:33:17.685] [thread-id: 132803273301184] [trace] zeEventDestroy(hEvent)
[2026-10-08 08:33:17.685] [thread-id: 132803273301184] [trace] SUCCESS (ZE_RESULT_SUCCESS) in zeEventDestroy(hEvent=0x1438cee8)
[2026-10-08 08:33:17.685] [thread-id: 132803273301184] [trace] zeEventDestroy(hEvent)
[2026-10-08 08:33:17.685] [thread-id: 132803273301184] [trace] SUCCESS (ZE_RESULT_SUCCESS) in zeEventDestroy(hEvent=0x1438d3f8)
[2026-10-08 08:33:17.685] [thread-id: 132803273301184] [trace] zeEventDestroy(hEvent)
[2026-10-08 08:33:17.685] [thread-id: 132803273301184] [trace] SUCCESS (ZE_RESULT_SUCCESS) in zeEventDestroy(hEvent=0x1438daf8)
[2026-10-08 08:33:17.685] [thread-id: 132803273301184] [trace] zeEventDestroy(hEvent)
[2026-10-08 08:33:17.685] [thread-id: 132803273301184] [trace] SUCCESS (ZE_RESULT_SUCCESS) in zeEventDestroy(hEvent=0x1438e008)
[2026-10-08 08:33:17.685] [thread-id: 132803273301184] [trace] zeEventDestroy(hEvent)
[2026-10-08 08:33:17.685] [thread-id: 132803273301184] [trace] SUCCESS (ZE_RESULT_SUCCESS) in zeEventDestroy(hEvent=0x1438e708)
[2026-10-08 08:33:17.685] [thread-id: 132803273301184] [trace] zeEventDestroy(hEvent)
[2026-10-08 08:33:17.685] [thread-id: 132803273301184] [trace] SUCCESS (ZE_RESULT_SUCCESS) in zeEventDestroy(hEvent=0x1438ec18)
[2026-10-08 08:33:17.685] [thread-id: 132803273301184] [trace] zeEventDestroy(hEvent)
[2026-10-08 08:33:17.685] [thread-id: 132803273301184] [trace] SUCCESS (ZE_RESULT_SUCCESS) in zeEventDestroy(hEvent=0x14376a68)
[2026-10-08 08:33:17.685] [thread-id: 132803273301184] [trace] zeEventDestroy(hEvent)
[2026-10-08 08:33:17.685] [thread-id: 132803273301184] [trace] SUCCESS (ZE_RESULT_SUCCESS) in zeEventDestroy(hEvent=0x14376e08)
[2026-10-08 08:33:17.685] [thread-id: 132803273301184] [trace] zeCommandListDestroy(hCommandList)
[2026-10-08 08:33:17.686] [thread-id: 132803273301184] [trace] SUCCESS (ZE_RESULT_SUCCESS) in zeCommandListDestroy(hCommandList=0x14345d88)
[2026-10-08 08:33:17.686] [thread-id: 132803273301184] [trace] zeContextDestroy(hContext)
[2026-10-08 08:33:17.686] [thread-id: 132803273301184] [trace] SUCCESS (ZE_RESULT_SUCCESS) in zeContextDestroy(hContext=0x1433e738)
   <--- urContextRelease(.hContext = 0x14341b90) -> UR_RESULT_SUCCESS;
   ---> urDeviceRelease
   <--- urDeviceRelease(.hDevice = 0x1433d040) -> UR_RESULT_SUCCESS;
   ---> urAdapterRelease
   <--- urAdapterRelease(.hAdapter = 0x14141700) -> UR_RESULT_SUCCESS;
