<LOADER>[DEBUG]: Logger loader initialized successfully!
<LOADER>[INFO]: loaded adapter 0x0x3e695980 (/opt/intel/oneapi/compiler/2026.1/lib/libur_adapter_level_zero_v2.so.0) from /opt/intel/oneapi/compiler/2026.1/lib/libur_adapter_level_zero_v2.so.0
   ---> urAdapterGet
<LEVEL_ZERO>[DEBUG]: zeInit with flags value of 1
[2026-10-08 05:38:18.904] [thread-id: 127428993486016] [info] Loader Version 1.32.0  - No git SHA found, compiled outside git folder.
[2026-10-08 05:38:18.906] [thread-id: 127428993486016] [info] Validation Layer Enabled
[2026-10-08 05:38:18.907] [thread-id: 127428993486016] [info] zeInit succeeded
[2026-10-08 05:38:18.907] [thread-id: 127428993486016] [trace] zeInit(flags)
[2026-10-08 05:38:18.933] [thread-id: 127428993486016] [trace] SUCCESS (ZE_RESULT_SUCCESS) in zeInit(flags=1)
<LEVEL_ZERO>[DEBUG]: Level Zero Loader version: 1.32.0
<LEVEL_ZERO>[DEBUG]: zeInitDrivers with flags value of 1
[2026-10-08 05:38:18.933] [thread-id: 127428993486016] [trace] zeInitDrivers(pCount, phDrivers, desc)
[2026-10-08 05:38:18.933] [thread-id: 127428993486016] [trace] SUCCESS (ZE_RESULT_SUCCESS) in zeInitDrivers(pCount=1, phDrivers=nullptr, desc={stype=0x3e694728, flags=1})
[2026-10-08 05:38:18.933] [thread-id: 127428993486016] [trace] zeInitDrivers(pCount, phDrivers, desc)
[2026-10-08 05:38:18.933] [thread-id: 127428993486016] [trace] SUCCESS (ZE_RESULT_SUCCESS) in zeInitDrivers(pCount=1, phDrivers=nullptr, desc={stype=0x3e694728, flags=1})
[2026-10-08 05:38:18.933] [thread-id: 127428993486016] [trace] zeDriverGet(pCount, phDrivers)
[2026-10-08 05:38:18.933] [thread-id: 127428993486016] [trace] SUCCESS (ZE_RESULT_SUCCESS) in zeDriverGet(pCount=1, phDrivers=nullptr)
[2026-10-08 05:38:18.933] [thread-id: 127428993486016] [trace] zeDriverGet(pCount, phDrivers)
[2026-10-08 05:38:18.933] [thread-id: 127428993486016] [trace] SUCCESS (ZE_RESULT_SUCCESS) in zeDriverGet(pCount=1, phDrivers=0x3e87a980)
[2026-10-08 05:38:18.933] [thread-id: 127428993486016] [trace] zeDeviceGet(hDriver, pCount, phDevices)
[2026-10-08 05:38:18.933] [thread-id: 127428993486016] [trace] SUCCESS (ZE_RESULT_SUCCESS) in zeDeviceGet(hDriver=0x3e87a9c8, pCount=1, phDevices=nullptr)
[2026-10-08 05:38:18.933] [thread-id: 127428993486016] [trace] zeDeviceGet(hDriver, pCount, phDevices)
[2026-10-08 05:38:18.933] [thread-id: 127428993486016] [trace] SUCCESS (ZE_RESULT_SUCCESS) in zeDeviceGet(hDriver=0x3e87a9c8, pCount=1, phDevices=0x3e8872b0)
[2026-10-08 05:38:18.933] [thread-id: 127428993486016] [trace] zeDeviceGetProperties(hDevice, pDeviceProperties)
[2026-10-08 05:38:18.934] [thread-id: 127428993486016] [trace] SUCCESS (ZE_RESULT_SUCCESS) in zeDeviceGetProperties(hDevice=0x3e87af28, pDeviceProperties={stype=0x7ffe885fd240, type=0x7ffe885fd250, vendorId=32902, deviceId=57868, flags=8, subdeviceId=0, coreClockRate=2750, maxMemAllocSize=10132807680, maxHardwareContexts=65536, maxCommandQueuePriority=0, numThreadsPerEU=8, physicalEUSimdWidth=16, numEUsPerSubslice=8, numSubslicesPerSlice=4, numSlices=5, timerResolution=52, timestampValidBits=64, kernelTimestampValidBits=64, uuid={id=134}, name="Intel(R) Arc(TM) B570 Graphics"})
<LEVEL_ZERO>[DEBUG]: 
zesInit with flags value of 0

[2026-10-08 05:38:18.934] [thread-id: 127428993486016] [trace] zesInit(flags)
[2026-10-08 05:38:18.935] [thread-id: 127428993486016] [trace] SUCCESS (ZE_RESULT_SUCCESS) in zesInit(flags=0)
[2026-10-08 05:38:18.935] [thread-id: 127428993486016] [trace] zeDriverGet(pCount, phDrivers)
[2026-10-08 05:38:18.935] [thread-id: 127428993486016] [trace] SUCCESS (ZE_RESULT_SUCCESS) in zeDriverGet(pCount=1, phDrivers=nullptr)
[2026-10-08 05:38:18.935] [thread-id: 127428993486016] [trace] zeDriverGet(pCount, phDrivers)
[2026-10-08 05:38:18.935] [thread-id: 127428993486016] [trace] SUCCESS (ZE_RESULT_SUCCESS) in zeDriverGet(pCount=1, phDrivers=0x3e88e340)
[2026-10-08 05:38:18.935] [thread-id: 127428993486016] [trace] zeInitDrivers(pCount, phDrivers, desc)
[2026-10-08 05:38:18.935] [thread-id: 127428993486016] [trace] SUCCESS (ZE_RESULT_SUCCESS) in zeInitDrivers(pCount=1, phDrivers=0x3e88e410, desc={stype=0x3e694728, flags=1})
[2026-10-08 05:38:18.935] [thread-id: 127428993486016] [trace] zeDriverGetProperties(hDriver, pDriverProperties)
[2026-10-08 05:38:18.935] [thread-id: 127428993486016] [trace] SUCCESS (ZE_RESULT_SUCCESS) in zeDriverGetProperties(hDriver=0x3e87a9c8, pDriverProperties={stype=0x7ffe885fd190, uuid={id=227}, driverVersion=17013219})
[2026-10-08 05:38:18.935] [thread-id: 127428993486016] [trace] zeDriverGetProperties(hDriver, pDriverProperties)
[2026-10-08 05:38:18.935] [thread-id: 127428993486016] [trace] SUCCESS (ZE_RESULT_SUCCESS) in zeDriverGetProperties(hDriver=0x3e87a9c8, pDriverProperties={stype=0x7ffe885fd360, uuid={id=227}, driverVersion=17013219})
<LEVEL_ZERO>[DEBUG]: zeDriverHandle 0x3e87a9c8 matched between zeDriverGet and zeInitDrivers. Not adding duplicate driver to list
<LEVEL_ZERO>[DEBUG]: 1 L0 Drivers found.
[2026-10-08 05:38:18.935] [thread-id: 127428993486016] [trace] zeDeviceGet(hDriver, pCount, phDevices)
[2026-10-08 05:38:18.935] [thread-id: 127428993486016] [trace] SUCCESS (ZE_RESULT_SUCCESS) in zeDeviceGet(hDriver=0x3e87a9c8, pCount=1, phDevices=nullptr)
[2026-10-08 05:38:18.935] [thread-id: 127428993486016] [trace] zeDeviceGet(hDriver, pCount, phDevices)
[2026-10-08 05:38:18.935] [thread-id: 127428993486016] [trace] SUCCESS (ZE_RESULT_SUCCESS) in zeDeviceGet(hDriver=0x3e87a9c8, pCount=1, phDevices=0x3e88e6b0)
[2026-10-08 05:38:18.935] [thread-id: 127428993486016] [trace] zeDeviceGetProperties(hDevice, pDeviceProperties)
[2026-10-08 05:38:18.935] [thread-id: 127428993486016] [trace] SUCCESS (ZE_RESULT_SUCCESS) in zeDeviceGetProperties(hDevice=0x3e87af28, pDeviceProperties={stype=0x7ffe885fd190, type=0x7ffe885fd1a0, vendorId=32902, deviceId=57868, flags=8, subdeviceId=0, coreClockRate=2750, maxMemAllocSize=10132807680, maxHardwareContexts=65536, maxCommandQueuePriority=0, numThreadsPerEU=8, physicalEUSimdWidth=16, numEUsPerSubslice=8, numSubslicesPerSlice=4, numSlices=5, timerResolution=52, timestampValidBits=64, kernelTimestampValidBits=64, uuid={id=134}, name="Intel(R) Arc(TM) B570 Graphics"})
[2026-10-08 05:38:18.935] [thread-id: 127428993486016] [trace] zeDriverGetApiVersion(hDriver, version)
[2026-10-08 05:38:18.935] [thread-id: 127428993486016] [trace] SUCCESS (ZE_RESULT_SUCCESS) in zeDriverGetApiVersion(hDriver=0x3e87a9c8, version=65553)
[2026-10-08 05:38:18.935] [thread-id: 127428993486016] [trace] zeDriverGetExtensionProperties(hDriver, pCount, pExtensionProperties)
[2026-10-08 05:38:18.935] [thread-id: 127428993486016] [trace] SUCCESS (ZE_RESULT_SUCCESS) in zeDriverGetExtensionProperties(hDriver=0x3e87a9c8, pCount=63, pExtensionProperties=nullptr)
[2026-10-08 05:38:18.935] [thread-id: 127428993486016] [trace] zeDriverGetExtensionProperties(hDriver, pCount, pExtensionProperties)
[2026-10-08 05:38:18.935] [thread-id: 127428993486016] [trace] SUCCESS (ZE_RESULT_SUCCESS) in zeDriverGetExtensionProperties(hDriver=0x3e87a9c8, pCount=63, pExtensionProperties={name="ZE_extension_device_cache_line_size", version=65536})
[2026-10-08 05:38:18.936] [thread-id: 127428993486016] [trace] zeDriverGetExtensionFunctionAddress(hDriver, name, ppFunctionAddress)
[2026-10-08 05:38:18.936] [thread-id: 127428993486016] [trace] SUCCESS (ZE_RESULT_SUCCESS) in zeDriverGetExtensionFunctionAddress(hDriver=0x3e87a9c8, name="zeIntelGetDriverVersionString", ppFunctionAddress=0x73e55c0e0c00)
[2026-10-08 05:38:18.936] [thread-id: 127428993486016] [trace] zeDriverGetProperties(hDriver, pDriverProperties)
[2026-10-08 05:38:18.936] [thread-id: 127428993486016] [trace] SUCCESS (ZE_RESULT_SUCCESS) in zeDriverGetProperties(hDriver=0x3e87a9c8, pDriverProperties={stype=0x7ffe885fd050, uuid={id=227}, driverVersion=17013219})
<LEVEL_ZERO>[DEBUG]: Level Zero Driver version: 1.17.39395+14
[2026-10-08 05:38:18.936] [thread-id: 127428993486016] [trace] zeDriverGetExtensionFunctionAddress(hDriver, name, ppFunctionAddress)
[2026-10-08 05:38:18.936] [thread-id: 127428993486016] [trace] SUCCESS (ZE_RESULT_SUCCESS) in zeDriverGetExtensionFunctionAddress(hDriver=0x3e87a9c8, name="zexDriverImportExternalPointer", ppFunctionAddress=0x73e55c0dba40)
[2026-10-08 05:38:18.936] [thread-id: 127428993486016] [trace] zeDriverGetExtensionFunctionAddress(hDriver, name, ppFunctionAddress)
[2026-10-08 05:38:18.936] [thread-id: 127428993486016] [trace] SUCCESS (ZE_RESULT_SUCCESS) in zeDriverGetExtensionFunctionAddress(hDriver=0x3e87a9c8, name="zexDriverReleaseImportedPointer", ppFunctionAddress=0x73e55c0e3e30)
[2026-10-08 05:38:18.936] [thread-id: 127428993486016] [trace] zeDriverGetExtensionFunctionAddress(hDriver, name, ppFunctionAddress)
[2026-10-08 05:38:18.936] [thread-id: 127428993486016] [trace] SUCCESS (ZE_RESULT_SUCCESS) in zeDriverGetExtensionFunctionAddress(hDriver=0x3e87a9c8, name="zeImageGetDeviceOffsetExp", ppFunctionAddress=0x73e55c0e5190)
[2026-10-08 05:38:18.936] [thread-id: 127428993486016] [trace] zeDriverGetExtensionFunctionAddress(hDriver, name, ppFunctionAddress)
[2026-10-08 05:38:18.936] [thread-id: 127428993486016] [trace] SUCCESS (ZE_RESULT_SUCCESS) in zeDriverGetExtensionFunctionAddress(hDriver=0x3e87a9c8, name="zeMemGetPitchFor2dImage", ppFunctionAddress=0x73e55c0e7550)
[2026-10-08 05:38:18.936] [thread-id: 127428993486016] [trace] zeDriverGetExtensionFunctionAddress(hDriver, name, ppFunctionAddress)
[2026-10-08 05:38:18.936] [thread-id: 127428993486016] [trace] SUCCESS (ZE_RESULT_SUCCESS) in zeDriverGetExtensionFunctionAddress(hDriver=0x3e87a9c8, name="zeGraphGetIdExt", ppFunctionAddress=0x73e55c0d5dd0)
[2026-10-08 05:38:18.936] [thread-id: 127428993486016] [trace] zeDriverGetExtensionFunctionAddress(hDriver, name, ppFunctionAddress)
[2026-10-08 05:38:18.936] [thread-id: 127428993486016] [trace] SUCCESS (ZE_RESULT_SUCCESS) in zeDriverGetExtensionFunctionAddress(hDriver=0x3e87a9c8, name="zeCommandListAppendHostFunction", ppFunctionAddress=0x73e55c0b9140)
[2026-10-08 05:38:18.936] [thread-id: 127428993486016] [trace] zesDriverGet(pCount, phDrivers)
[2026-10-08 05:38:18.936] [thread-id: 127428993486016] [trace] SUCCESS (ZE_RESULT_SUCCESS) in zesDriverGet(pCount=1, phDrivers=nullptr)
[2026-10-08 05:38:18.936] [thread-id: 127428993486016] [trace] zesDriverGet(pCount, phDrivers)
[2026-10-08 05:38:18.936] [thread-id: 127428993486016] [trace] SUCCESS (ZE_RESULT_SUCCESS) in zesDriverGet(pCount=1, phDrivers=0x3e88f5b0)
[2026-10-08 05:38:18.936] [thread-id: 127428993486016] [trace] zesDriverGetDeviceByUuidExp(hDriver, uuid, phDevice, onSubdevice, subdeviceId)
[2026-10-08 05:38:18.936] [thread-id: 127428993486016] [trace] SUCCESS (ZE_RESULT_SUCCESS) in zesDriverGetDeviceByUuidExp(hDriver=0x3e88b1c8, uuid={id=134}, phDevice=0x3e6bb058, onSubdevice=0, subdeviceId=0)
<LEVEL_ZERO>[DEBUG]: Initialized 1 platforms
   <--- urAdapterGet(.NumEntries = 0, .phAdapters = nullptr, .pNumAdapters = 0x7ffe885fda68 (1)) -> UR_RESULT_SUCCESS;
   ---> urAdapterGet
   <--- urAdapterGet(.NumEntries = 1, .phAdapters = 0x3e88e690 {0x3e694700}, .pNumAdapters = nullptr) -> UR_RESULT_SUCCESS;
   ---> urAdapterGetInfo
   <--- urAdapterGetInfo(.hAdapter = 0x3e694700, .propName = UR_ADAPTER_INFO_BACKEND, .propSize = 4, .pPropValue = 0x7ffe885fda5c (UR_BACKEND_LEVEL_ZERO), .pPropSizeRet = nullptr) -> UR_RESULT_SUCCESS;
   ---> urAdapterSetLoggerCallback
   <--- urAdapterSetLoggerCallback(.hAdapter = 0x3e694700, .pfnLoggerCallback = 0x73e562ebc420, .pUserData = nullptr, .level = UR_LOGGER_LEVEL_WARN) -> UR_RESULT_SUCCESS;
   ---> urPlatformGet
   <--- urPlatformGet(.hAdapter = 0x3e694700, .NumEntries = 0, .phPlatforms = nullptr, .pNumPlatforms = 0x7ffe885fd99c (1)) -> UR_RESULT_SUCCESS;
   ---> urPlatformGet
   <--- urPlatformGet(.hAdapter = 0x3e694700, .NumEntries = 1, .phPlatforms = 0x3e88e690 {0x3e88e810}, .pNumPlatforms = nullptr) -> UR_RESULT_SUCCESS;
   ---> urPlatformGetInfo
   <--- urPlatformGetInfo(.hPlatform = 0x3e88e810, .propName = UR_PLATFORM_INFO_BACKEND, .propSize = 4, .pPropValue = 0x7ffe885fd9ac (UR_BACKEND_LEVEL_ZERO), .pPropSizeRet = nullptr) -> UR_RESULT_SUCCESS;
   ---> urDeviceGet
[2026-10-08 05:38:18.936] [thread-id: 127428993486016] [trace] zeDeviceGet(hDriver, pCount, phDevices)
[2026-10-08 05:38:18.936] [thread-id: 127428993486016] [trace] SUCCESS (ZE_RESULT_SUCCESS) in zeDeviceGet(hDriver=0x3e87a9c8, pCount=1, phDevices=nullptr)
[2026-10-08 05:38:18.936] [thread-id: 127428993486016] [trace] zeDeviceGet(hDriver, pCount, phDevices)
[2026-10-08 05:38:18.936] [thread-id: 127428993486016] [trace] SUCCESS (ZE_RESULT_SUCCESS) in zeDeviceGet(hDriver=0x3e87a9c8, pCount=1, phDevices=0x3e890000)
[2026-10-08 05:38:18.936] [thread-id: 127428993486016] [trace] zeDeviceGetProperties(hDevice, pDeviceProperties)
[2026-10-08 05:38:18.936] [thread-id: 127428993486016] [trace] SUCCESS (ZE_RESULT_SUCCESS) in zeDeviceGetProperties(hDevice=0x3e87af28, pDeviceProperties={stype=0x3e8900e8, type=0x3e8900f8, vendorId=32902, deviceId=57868, flags=8, subdeviceId=0, coreClockRate=2750, maxMemAllocSize=10132807680, maxHardwareContexts=65536, maxCommandQueuePriority=0, numThreadsPerEU=8, physicalEUSimdWidth=16, numEUsPerSubslice=8, numSubslicesPerSlice=4, numSlices=5, timerResolution=19200000, timestampValidBits=64, kernelTimestampValidBits=64, uuid={id=134}, name="Intel(R) Arc(TM) B570 Graphics"})
[2026-10-08 05:38:18.936] [thread-id: 127428993486016] [trace] zeDeviceGetProperties(hDevice, pDeviceProperties)
[2026-10-08 05:38:18.936] [thread-id: 127428993486016] [trace] SUCCESS (ZE_RESULT_SUCCESS) in zeDeviceGetProperties(hDevice=0x3e87af28, pDeviceProperties={stype=0x7ffe885fcfa8, type=0x7ffe885fcfb8, vendorId=32902, deviceId=57868, flags=8, subdeviceId=0, coreClockRate=2750, maxMemAllocSize=10132807680, maxHardwareContexts=65536, maxCommandQueuePriority=0, numThreadsPerEU=8, physicalEUSimdWidth=16, numEUsPerSubslice=8, numSubslicesPerSlice=4, numSlices=5, timerResolution=52, timestampValidBits=64, kernelTimestampValidBits=64, uuid={id=134}, name="Intel(R) Arc(TM) B570 Graphics"})
[2026-10-08 05:38:18.936] [thread-id: 127428993486016] [trace] zeDeviceGetCommandQueueGroupProperties(hDevice, pCount, pCommandQueueGroupProperties)
[2026-10-08 05:38:18.936] [thread-id: 127428993486016] [trace] SUCCESS (ZE_RESULT_SUCCESS) in zeDeviceGetCommandQueueGroupProperties(hDevice=0x3e87af28, pCount=2, pCommandQueueGroupProperties=nullptr)
<LEVEL_ZERO>[INFO]: Number of queue groups = 2
[2026-10-08 05:38:18.936] [thread-id: 127428993486016] [trace] zeDeviceGetCommandQueueGroupProperties(hDevice, pCount, pCommandQueueGroupProperties)
[2026-10-08 05:38:18.936] [thread-id: 127428993486016] [trace] SUCCESS (ZE_RESULT_SUCCESS) in zeDeviceGetCommandQueueGroupProperties(hDevice=0x3e87af28, pCount=2, pCommandQueueGroupProperties={stype=0x3e694610, flags=7, maxMemoryFillPatternSize=18446744073709551615, numQueues=1})
<LEVEL_ZERO>[INFO]: main blitter/copy engine is available
<LEVEL_ZERO>[INFO]: link blitter/copy engines are not available
[2026-10-08 05:38:18.936] [thread-id: 127428993486016] [trace] zeDeviceGetSubDevices(hDevice, pCount, phSubdevices)
[2026-10-08 05:38:18.936] [thread-id: 127428993486016] [trace] SUCCESS (ZE_RESULT_SUCCESS) in zeDeviceGetSubDevices(hDevice=0x3e87af28, pCount=0, phSubdevices=nullptr)
[2026-10-08 05:38:18.936] [thread-id: 127428993486016] [trace] zeDeviceGetSubDevices(hDevice, pCount, phSubdevices)
[2026-10-08 05:38:18.936] [thread-id: 127428993486016] [trace] SUCCESS (ZE_RESULT_SUCCESS) in zeDeviceGetSubDevices(hDevice=0x3e87af28, pCount=0, phSubdevices=0x3e890020)
[2026-10-08 05:38:18.936] [thread-id: 127428993486016] [trace] zeDeviceGetRootDevice(hDevice, phRootDevice)
[2026-10-08 05:38:18.936] [thread-id: 127428993486016] [trace] SUCCESS (ZE_RESULT_SUCCESS) in zeDeviceGetRootDevice(hDevice=0x3e87af28, phRootDevice=0x7ffe885fd400)
[2026-10-08 05:38:18.936] [thread-id: 127428993486016] [trace] zeDeviceSynchronize(hDevice)
[2026-10-08 05:38:18.936] [thread-id: 127428993486016] [trace] SUCCESS (ZE_RESULT_SUCCESS) in zeDeviceSynchronize(hDevice=0x3e87af28)
[2026-10-08 05:38:18.936] [thread-id: 127428993486016] [trace] zeDeviceGetRootDevice(hDevice, phRootDevice)
[2026-10-08 05:38:18.936] [thread-id: 127428993486016] [trace] SUCCESS (ZE_RESULT_SUCCESS) in zeDeviceGetRootDevice(hDevice=0x3e87af28, phRootDevice=0x7ffe885fd4f0)
   <--- urDeviceGet(.hPlatform = 0x3e88e810, .DeviceType = UR_DEVICE_TYPE_ALL, .NumEntries = 0, .phDevices = nullptr, .pNumDevices = 0x7ffe885fd91c (1)) -> UR_RESULT_SUCCESS;
   ---> urDeviceGet
[2026-10-08 05:38:18.936] [thread-id: 127428993486016] [trace] zeDeviceGetRootDevice(hDevice, phRootDevice)
[2026-10-08 05:38:18.936] [thread-id: 127428993486016] [trace] SUCCESS (ZE_RESULT_SUCCESS) in zeDeviceGetRootDevice(hDevice=0x3e87af28, phRootDevice=0x7ffe885fd4f0)
   <--- urDeviceGet(.hPlatform = 0x3e88e810, .DeviceType = UR_DEVICE_TYPE_ALL, .NumEntries = 1, .phDevices = 0x3e890000 {0x3e890040}, .pNumDevices = nullptr) -> UR_RESULT_SUCCESS;
   ---> urPlatformGetInfo
   <--- urPlatformGetInfo(.hPlatform = 0x3e88e810, .propName = UR_PLATFORM_INFO_VERSION, .propSize = 0, .pPropValue = nullptr, .pPropSizeRet = 0x7ffe885fd4f0 (5)) -> UR_RESULT_SUCCESS;
   ---> urPlatformGetInfo
   <--- urPlatformGetInfo(.hPlatform = 0x3e88e810, .propName = UR_PLATFORM_INFO_VERSION, .propSize = 5, .pPropValue = 0x7ffe885fd658 (1.17), .pPropSizeRet = nullptr) -> UR_RESULT_SUCCESS;
   ---> urPlatformGetInfo
   <--- urPlatformGetInfo(.hPlatform = 0x3e88e810, .propName = UR_PLATFORM_INFO_NAME, .propSize = 0, .pPropValue = nullptr, .pPropSizeRet = 0x7ffe885fd4f0 (51)) -> UR_RESULT_SUCCESS;
   ---> urPlatformGetInfo
   <--- urPlatformGetInfo(.hPlatform = 0x3e88e810, .propName = UR_PLATFORM_INFO_NAME, .propSize = 51, .pPropValue = 0x3e890710 (Intel(R) oneAPI Unified Runtime over Level-Zero V2), .pPropSizeRet = nullptr) -> UR_RESULT_SUCCESS;
   ---> urDeviceGetInfo
   <--- urDeviceGetInfo(.hDevice = 0x3e890040, .propName = UR_DEVICE_INFO_PARENT_DEVICE, .propSize = 8, .pPropValue = 0x7ffe885fd4b0 (nullptr), .pPropSizeRet = nullptr) -> UR_RESULT_SUCCESS;
   ---> urDeviceGetInfo
   <--- urDeviceGetInfo(.hDevice = 0x3e890040, .propName = UR_DEVICE_INFO_TYPE, .propSize = 4, .pPropValue = 0x7ffe885fd450 (UR_DEVICE_TYPE_GPU), .pPropSizeRet = nullptr) -> UR_RESULT_SUCCESS;
   ---> urDeviceGetInfo
   <--- urDeviceGetInfo(.hDevice = 0x3e890040, .propName = UR_DEVICE_INFO_USE_NATIVE_ASSERT, .propSize = 1, .pPropValue = 0x7ffe885fd450 (true), .pPropSizeRet = nullptr) -> UR_RESULT_SUCCESS;
   ---> urDeviceGetInfo
[2026-10-08 05:38:18.937] [thread-id: 127428993486016] [trace] zeDeviceGetModuleProperties(hDevice, pModuleProperties)
[2026-10-08 05:38:18.937] [thread-id: 127428993486016] [trace] SUCCESS (ZE_RESULT_SUCCESS) in zeDeviceGetModuleProperties(hDevice=0x3e87af28, pModuleProperties={stype=0x3e890360, spirvVersionSupported=65541, flags=15, fp16flags=63, fp32flags=127, fp64flags=127, maxArgumentsSize=2048, printfBufferSize=4194304, nativeKernelSupported={id=0}})
[2026-10-08 05:38:18.937] [thread-id: 127428993486016] [trace] zeDeviceGetImageProperties(hDevice, pImageProperties)
[2026-10-08 05:38:18.937] [thread-id: 127428993486016] [trace] SUCCESS (ZE_RESULT_SUCCESS) in zeDeviceGetImageProperties(hDevice=0x3e87af28, pImageProperties={stype=0x3e890300, maxImageDims1D=16384, maxImageDims2D=16384, maxImageDims3D=2048, maxImageBufferSize=633300480, maxImageArraySlices=2048, maxSamplers=16, maxReadImageArgs=128, maxWriteImageArgs=128})
   <--- urDeviceGetInfo(.hDevice = 0x3e890040, .propName = UR_DEVICE_INFO_EXTENSIONS, .propSize = 0, .pPropValue = nullptr, .pPropSizeRet = 0x7ffe885fd3d8 (245)) -> UR_RESULT_SUCCESS;
   ---> urDeviceGetInfo
   <--- urDeviceGetInfo(.hDevice = 0x3e890040, .propName = UR_DEVICE_INFO_EXTENSIONS, .propSize = 245, .pPropValue = 0x3e74a740 (cl_khr_il_program cl_khr_subgroups cl_intel_subgroups cl_intel_subgroups_short cl_intel_required_subgroup_size cl_khr_fp16 cl_khr_fp64 cl_khr_int64_base_atomics cl_khr_int64_extended_atomics cl_khr_3d_image_writes cl_intel_bfloat16_conversions ), .pPropSizeRet = nullptr) -> UR_RESULT_SUCCESS;
   ---> urDeviceRetain
   <--- urDeviceRetain(.hDevice = 0x3e890040) -> UR_RESULT_SUCCESS;
   ---> urDeviceGetInfo
   <--- urDeviceGetInfo(.hDevice = 0x3e890040, .propName = UR_DEVICE_INFO_TYPE, .propSize = 4, .pPropValue = 0x7ffe885fd5cc (UR_DEVICE_TYPE_GPU), .pPropSizeRet = nullptr) -> UR_RESULT_SUCCESS;
   ---> urDeviceGetInfo
   <--- urDeviceGetInfo(.hDevice = 0x3e890040, .propName = UR_DEVICE_INFO_VENDOR_ID, .propSize = 4, .pPropValue = 0x7ffe885fd648 (32902), .pPropSizeRet = nullptr) -> UR_RESULT_SUCCESS;
   ---> urDeviceGetInfo
   <--- urDeviceGetInfo(.hDevice = 0x3e890040, .propName = UR_DEVICE_INFO_DRIVER_VERSION, .propSize = 0, .pPropValue = nullptr, .pPropSizeRet = 0x7ffe885fd4f0 (14)) -> UR_RESULT_SUCCESS;
   ---> urDeviceGetInfo
   <--- urDeviceGetInfo(.hDevice = 0x3e890040, .propName = UR_DEVICE_INFO_DRIVER_VERSION, .propSize = 14, .pPropValue = 0x7ffe885fd618 (1.17.39395+14), .pPropSizeRet = nullptr) -> UR_RESULT_SUCCESS;
   ---> urDeviceGetInfo
   <--- urDeviceGetInfo(.hDevice = 0x3e890040, .propName = UR_DEVICE_INFO_NAME, .propSize = 0, .pPropValue = nullptr, .pPropSizeRet = 0x7ffe885fd430 (31)) -> UR_RESULT_SUCCESS;
   ---> urDeviceGetInfo
   <--- urDeviceGetInfo(.hDevice = 0x3e890040, .propName = UR_DEVICE_INFO_NAME, .propSize = 31, .pPropValue = 0x3e88ffd0 (Intel(R) Arc(TM) B570 Graphics), .pPropSizeRet = nullptr) -> UR_RESULT_SUCCESS;
   ---> urPlatformGetInfo
   <--- urPlatformGetInfo(.hPlatform = 0x3e88e810, .propName = UR_PLATFORM_INFO_BACKEND, .propSize = 4, .pPropValue = 0x7ffe885fd80c (UR_BACKEND_LEVEL_ZERO), .pPropSizeRet = nullptr) -> UR_RESULT_SUCCESS;
   ---> urDeviceGetInfo
   <--- urDeviceGetInfo(.hDevice = 0x3e890040, .propName = UR_DEVICE_INFO_TYPE, .propSize = 4, .pPropValue = 0x7ffe885fd804 (UR_DEVICE_TYPE_GPU), .pPropSizeRet = nullptr) -> UR_RESULT_SUCCESS;
   ---> urDeviceRelease
   <--- urDeviceRelease(.hDevice = 0x3e890040) -> UR_RESULT_SUCCESS;
   ---> urDeviceGetInfo
   <--- urDeviceGetInfo(.hDevice = 0x3e890040, .propName = UR_DEVICE_INFO_SUPPORTED_PARTITIONS, .propSize = 0, .pPropValue = nullptr, .pPropSizeRet = 0x7ffe885fd7f8 (0)) -> UR_RESULT_SUCCESS;
   ---> urDeviceGet
[2026-10-08 05:38:18.937] [thread-id: 127428993486016] [trace] zeDeviceGetRootDevice(hDevice, phRootDevice)
[2026-10-08 05:38:18.937] [thread-id: 127428993486016] [trace] SUCCESS (ZE_RESULT_SUCCESS) in zeDeviceGetRootDevice(hDevice=0x3e87af28, phRootDevice=0x7ffe885fd600)
   <--- urDeviceGet(.hPlatform = 0x3e88e810, .DeviceType = UR_DEVICE_TYPE_ALL, .NumEntries = 0, .phDevices = nullptr, .pNumDevices = 0x7ffe885fda2c (1)) -> UR_RESULT_SUCCESS;
   ---> urDeviceGet
[2026-10-08 05:38:18.937] [thread-id: 127428993486016] [trace] zeDeviceGetRootDevice(hDevice, phRootDevice)
[2026-10-08 05:38:18.937] [thread-id: 127428993486016] [trace] SUCCESS (ZE_RESULT_SUCCESS) in zeDeviceGetRootDevice(hDevice=0x3e87af28, phRootDevice=0x7ffe885fd600)
   <--- urDeviceGet(.hPlatform = 0x3e88e810, .DeviceType = UR_DEVICE_TYPE_ALL, .NumEntries = 1, .phDevices = 0x3e88e6b0 {0x3e890040}, .pNumDevices = nullptr) -> UR_RESULT_SUCCESS;
   ---> urPlatformGetInfo
   <--- urPlatformGetInfo(.hPlatform = 0x3e88e810, .propName = UR_PLATFORM_INFO_VERSION, .propSize = 0, .pPropValue = nullptr, .pPropSizeRet = 0x7ffe885fd600 (5)) -> UR_RESULT_SUCCESS;
   ---> urPlatformGetInfo
   <--- urPlatformGetInfo(.hPlatform = 0x3e88e810, .propName = UR_PLATFORM_INFO_VERSION, .propSize = 5, .pPropValue = 0x7ffe885fd768 (1.17), .pPropSizeRet = nullptr) -> UR_RESULT_SUCCESS;
   ---> urPlatformGetInfo
   <--- urPlatformGetInfo(.hPlatform = 0x3e88e810, .propName = UR_PLATFORM_INFO_NAME, .propSize = 0, .pPropValue = nullptr, .pPropSizeRet = 0x7ffe885fd600 (51)) -> UR_RESULT_SUCCESS;
   ---> urPlatformGetInfo
   <--- urPlatformGetInfo(.hPlatform = 0x3e88e810, .propName = UR_PLATFORM_INFO_NAME, .propSize = 51, .pPropValue = 0x3e890c30 (Intel(R) oneAPI Unified Runtime over Level-Zero V2), .pPropSizeRet = nullptr) -> UR_RESULT_SUCCESS;
   ---> urDeviceGetInfo
   <--- urDeviceGetInfo(.hDevice = 0x3e890040, .propName = UR_DEVICE_INFO_TYPE, .propSize = 4, .pPropValue = 0x7ffe885fd6dc (UR_DEVICE_TYPE_GPU), .pPropSizeRet = nullptr) -> UR_RESULT_SUCCESS;
   ---> urDeviceGetInfo
   <--- urDeviceGetInfo(.hDevice = 0x3e890040, .propName = UR_DEVICE_INFO_VENDOR_ID, .propSize = 4, .pPropValue = 0x7ffe885fd758 (32902), .pPropSizeRet = nullptr) -> UR_RESULT_SUCCESS;
   ---> urDeviceGetInfo
   <--- urDeviceGetInfo(.hDevice = 0x3e890040, .propName = UR_DEVICE_INFO_DRIVER_VERSION, .propSize = 0, .pPropValue = nullptr, .pPropSizeRet = 0x7ffe885fd600 (14)) -> UR_RESULT_SUCCESS;
   ---> urDeviceGetInfo
   <--- urDeviceGetInfo(.hDevice = 0x3e890040, .propName = UR_DEVICE_INFO_DRIVER_VERSION, .propSize = 14, .pPropValue = 0x7ffe885fd728 (1.17.39395+14), .pPropSizeRet = nullptr) -> UR_RESULT_SUCCESS;
   ---> urPlatformGetInfo
   <--- urPlatformGetInfo(.hPlatform = 0x3e88e810, .propName = UR_PLATFORM_INFO_BACKEND, .propSize = 4, .pPropValue = 0x7ffe885fd91c (UR_BACKEND_LEVEL_ZERO), .pPropSizeRet = nullptr) -> UR_RESULT_SUCCESS;
   ---> urDeviceGetInfo
   <--- urDeviceGetInfo(.hDevice = 0x3e890040, .propName = UR_DEVICE_INFO_TYPE, .propSize = 4, .pPropValue = 0x7ffe885fd914 (UR_DEVICE_TYPE_GPU), .pPropSizeRet = nullptr) -> UR_RESULT_SUCCESS;
   ---> urDeviceRelease
   <--- urDeviceRelease(.hDevice = 0x3e890040) -> UR_RESULT_SUCCESS;
   ---> urDeviceGetInfo
   <--- urDeviceGetInfo(.hDevice = 0x3e890040, .propName = UR_DEVICE_INFO_SUPPORTED_PARTITIONS, .propSize = 0, .pPropValue = nullptr, .pPropSizeRet = 0x7ffe885fd908 (0)) -> UR_RESULT_SUCCESS;
   ---> urDeviceSelectBinary
   <--- urDeviceSelectBinary(.hDevice = 0x3e890040, .pBinaries = 0x7ffe885fd950 ((struct ur_device_binary_t){.stype = UR_STRUCTURE_TYPE_CONTEXT_PROPERTIES, .pNext = nullptr, .pDeviceTargetSpec = 0x73e562c3d3c0 (spir64)}), .NumBinaries = 1, .pSelectedBinary = 0x7ffe885fd974 (0)) -> UR_RESULT_SUCCESS;
   ---> urDeviceGet
[2026-10-08 05:38:18.937] [thread-id: 127428993486016] [trace] zeDeviceGetRootDevice(hDevice, phRootDevice)
[2026-10-08 05:38:18.937] [thread-id: 127428993486016] [trace] SUCCESS (ZE_RESULT_SUCCESS) in zeDeviceGetRootDevice(hDevice=0x3e87af28, phRootDevice=0x7ffe885fd590)
   <--- urDeviceGet(.hPlatform = 0x3e88e810, .DeviceType = UR_DEVICE_TYPE_ALL, .NumEntries = 0, .phDevices = nullptr, .pNumDevices = 0x7ffe885fd9bc (1)) -> UR_RESULT_SUCCESS;
   ---> urDeviceGet
[2026-10-08 05:38:18.937] [thread-id: 127428993486016] [trace] zeDeviceGetRootDevice(hDevice, phRootDevice)
[2026-10-08 05:38:18.937] [thread-id: 127428993486016] [trace] SUCCESS (ZE_RESULT_SUCCESS) in zeDeviceGetRootDevice(hDevice=0x3e87af28, phRootDevice=0x7ffe885fd590)
   <--- urDeviceGet(.hPlatform = 0x3e88e810, .DeviceType = UR_DEVICE_TYPE_ALL, .NumEntries = 1, .phDevices = 0x3e890d00 {0x3e890040}, .pNumDevices = nullptr) -> UR_RESULT_SUCCESS;
   ---> urPlatformGetInfo
   <--- urPlatformGetInfo(.hPlatform = 0x3e88e810, .propName = UR_PLATFORM_INFO_VERSION, .propSize = 0, .pPropValue = nullptr, .pPropSizeRet = 0x7ffe885fd590 (5)) -> UR_RESULT_SUCCESS;
   ---> urPlatformGetInfo
   <--- urPlatformGetInfo(.hPlatform = 0x3e88e810, .propName = UR_PLATFORM_INFO_VERSION, .propSize = 5, .pPropValue = 0x7ffe885fd6f8 (1.17), .pPropSizeRet = nullptr) -> UR_RESULT_SUCCESS;
   ---> urPlatformGetInfo
   <--- urPlatformGetInfo(.hPlatform = 0x3e88e810, .propName = UR_PLATFORM_INFO_NAME, .propSize = 0, .pPropValue = nullptr, .pPropSizeRet = 0x7ffe885fd590 (51)) -> UR_RESULT_SUCCESS;
   ---> urPlatformGetInfo
   <--- urPlatformGetInfo(.hPlatform = 0x3e88e810, .propName = UR_PLATFORM_INFO_NAME, .propSize = 51, .pPropValue = 0x3e890710 (Intel(R) oneAPI Unified Runtime over Level-Zero V2), .pPropSizeRet = nullptr) -> UR_RESULT_SUCCESS;
   ---> urDeviceGetInfo
   <--- urDeviceGetInfo(.hDevice = 0x3e890040, .propName = UR_DEVICE_INFO_TYPE, .propSize = 4, .pPropValue = 0x7ffe885fd66c (UR_DEVICE_TYPE_GPU), .pPropSizeRet = nullptr) -> UR_RESULT_SUCCESS;
   ---> urDeviceGetInfo
   <--- urDeviceGetInfo(.hDevice = 0x3e890040, .propName = UR_DEVICE_INFO_VENDOR_ID, .propSize = 4, .pPropValue = 0x7ffe885fd6e8 (32902), .pPropSizeRet = nullptr) -> UR_RESULT_SUCCESS;
   ---> urDeviceGetInfo
   <--- urDeviceGetInfo(.hDevice = 0x3e890040, .propName = UR_DEVICE_INFO_DRIVER_VERSION, .propSize = 0, .pPropValue = nullptr, .pPropSizeRet = 0x7ffe885fd590 (14)) -> UR_RESULT_SUCCESS;
   ---> urDeviceGetInfo
   <--- urDeviceGetInfo(.hDevice = 0x3e890040, .propName = UR_DEVICE_INFO_DRIVER_VERSION, .propSize = 14, .pPropValue = 0x7ffe885fd6b8 (1.17.39395+14), .pPropSizeRet = nullptr) -> UR_RESULT_SUCCESS;
   ---> urPlatformGetInfo
   <--- urPlatformGetInfo(.hPlatform = 0x3e88e810, .propName = UR_PLATFORM_INFO_BACKEND, .propSize = 4, .pPropValue = 0x7ffe885fd8ac (UR_BACKEND_LEVEL_ZERO), .pPropSizeRet = nullptr) -> UR_RESULT_SUCCESS;
   ---> urDeviceGetInfo
   <--- urDeviceGetInfo(.hDevice = 0x3e890040, .propName = UR_DEVICE_INFO_TYPE, .propSize = 4, .pPropValue = 0x7ffe885fd8a4 (UR_DEVICE_TYPE_GPU), .pPropSizeRet = nullptr) -> UR_RESULT_SUCCESS;
   ---> urDeviceRelease
   <--- urDeviceRelease(.hDevice = 0x3e890040) -> UR_RESULT_SUCCESS;
   ---> urDeviceGetInfo
   <--- urDeviceGetInfo(.hDevice = 0x3e890040, .propName = UR_DEVICE_INFO_SUPPORTED_PARTITIONS, .propSize = 0, .pPropValue = nullptr, .pPropSizeRet = 0x7ffe885fd898 (0)) -> UR_RESULT_SUCCESS;
   ---> urDeviceGet
[2026-10-08 05:38:18.937] [thread-id: 127428993486016] [trace] zeDeviceGetRootDevice(hDevice, phRootDevice)
[2026-10-08 05:38:18.937] [thread-id: 127428993486016] [trace] SUCCESS (ZE_RESULT_SUCCESS) in zeDeviceGetRootDevice(hDevice=0x3e87af28, phRootDevice=0x7ffe885fd6a0)
   <--- urDeviceGet(.hPlatform = 0x3e88e810, .DeviceType = UR_DEVICE_TYPE_GPU, .NumEntries = 0, .phDevices = nullptr, .pNumDevices = 0x7ffe885fdacc (1)) -> UR_RESULT_SUCCESS;
   ---> urDeviceGet
[2026-10-08 05:38:18.938] [thread-id: 127428993486016] [trace] zeDeviceGetRootDevice(hDevice, phRootDevice)
[2026-10-08 05:38:18.938] [thread-id: 127428993486016] [trace] SUCCESS (ZE_RESULT_SUCCESS) in zeDeviceGetRootDevice(hDevice=0x3e87af28, phRootDevice=0x7ffe885fd6a0)
   <--- urDeviceGet(.hPlatform = 0x3e88e810, .DeviceType = UR_DEVICE_TYPE_GPU, .NumEntries = 1, .phDevices = 0x3e890d20 {0x3e890040}, .pNumDevices = nullptr) -> UR_RESULT_SUCCESS;
   ---> urPlatformGetInfo
   <--- urPlatformGetInfo(.hPlatform = 0x3e88e810, .propName = UR_PLATFORM_INFO_VERSION, .propSize = 0, .pPropValue = nullptr, .pPropSizeRet = 0x7ffe885fd6a0 (5)) -> UR_RESULT_SUCCESS;
   ---> urPlatformGetInfo
   <--- urPlatformGetInfo(.hPlatform = 0x3e88e810, .propName = UR_PLATFORM_INFO_VERSION, .propSize = 5, .pPropValue = 0x7ffe885fd808 (1.17), .pPropSizeRet = nullptr) -> UR_RESULT_SUCCESS;
   ---> urPlatformGetInfo
   <--- urPlatformGetInfo(.hPlatform = 0x3e88e810, .propName = UR_PLATFORM_INFO_NAME, .propSize = 0, .pPropValue = nullptr, .pPropSizeRet = 0x7ffe885fd6a0 (51)) -> UR_RESULT_SUCCESS;
   ---> urPlatformGetInfo
   <--- urPlatformGetInfo(.hPlatform = 0x3e88e810, .propName = UR_PLATFORM_INFO_NAME, .propSize = 51, .pPropValue = 0x3e890c30 (Intel(R) oneAPI Unified Runtime over Level-Zero V2), .pPropSizeRet = nullptr) -> UR_RESULT_SUCCESS;
   ---> urDeviceGetInfo
   <--- urDeviceGetInfo(.hDevice = 0x3e890040, .propName = UR_DEVICE_INFO_TYPE, .propSize = 4, .pPropValue = 0x7ffe885fd77c (UR_DEVICE_TYPE_GPU), .pPropSizeRet = nullptr) -> UR_RESULT_SUCCESS;
   ---> urDeviceGetInfo
   <--- urDeviceGetInfo(.hDevice = 0x3e890040, .propName = UR_DEVICE_INFO_VENDOR_ID, .propSize = 4, .pPropValue = 0x7ffe885fd7f8 (32902), .pPropSizeRet = nullptr) -> UR_RESULT_SUCCESS;
   ---> urDeviceGetInfo
   <--- urDeviceGetInfo(.hDevice = 0x3e890040, .propName = UR_DEVICE_INFO_DRIVER_VERSION, .propSize = 0, .pPropValue = nullptr, .pPropSizeRet = 0x7ffe885fd6a0 (14)) -> UR_RESULT_SUCCESS;
   ---> urDeviceGetInfo
   <--- urDeviceGetInfo(.hDevice = 0x3e890040, .propName = UR_DEVICE_INFO_DRIVER_VERSION, .propSize = 14, .pPropValue = 0x7ffe885fd7c8 (1.17.39395+14), .pPropSizeRet = nullptr) -> UR_RESULT_SUCCESS;
   ---> urPlatformGetInfo
   <--- urPlatformGetInfo(.hPlatform = 0x3e88e810, .propName = UR_PLATFORM_INFO_BACKEND, .propSize = 4, .pPropValue = 0x7ffe885fd9bc (UR_BACKEND_LEVEL_ZERO), .pPropSizeRet = nullptr) -> UR_RESULT_SUCCESS;
   ---> urDeviceGetInfo
   <--- urDeviceGetInfo(.hDevice = 0x3e890040, .propName = UR_DEVICE_INFO_TYPE, .propSize = 4, .pPropValue = 0x7ffe885fd9b4 (UR_DEVICE_TYPE_GPU), .pPropSizeRet = nullptr) -> UR_RESULT_SUCCESS;
   ---> urDeviceRelease
   <--- urDeviceRelease(.hDevice = 0x3e890040) -> UR_RESULT_SUCCESS;
   ---> urDeviceGetInfo
   <--- urDeviceGetInfo(.hDevice = 0x3e890040, .propName = UR_DEVICE_INFO_SUPPORTED_PARTITIONS, .propSize = 0, .pPropValue = nullptr, .pPropSizeRet = 0x7ffe885fd9a8 (0)) -> UR_RESULT_SUCCESS;
   ---> urDeviceGetInfo
[2026-10-08 05:38:18.938] [thread-id: 127428993486016] [trace] zeDevicePciGetPropertiesExt(hDevice, pPciProperties)
[2026-10-08 05:38:18.938] [thread-id: 127428993486016] [trace] SUCCESS (ZE_RESULT_SUCCESS) in zeDevicePciGetPropertiesExt(hDevice=0x3e87af28, pPciProperties={stype=0x7ffe885fd670, address={domain=0, bus=5, device=0, function=0}, maxSpeed={genVersion=4, width=8, maxBandwidth=15753846153}})
   <--- urDeviceGetInfo(.hDevice = 0x3e890040, .propName = UR_DEVICE_INFO_PCI_ADDRESS, .propSize = 0, .pPropValue = nullptr, .pPropSizeRet = 0x7ffe885fdae8 (13)) -> UR_RESULT_SUCCESS;
   ---> urDeviceGetInfo
[2026-10-08 05:38:18.938] [thread-id: 127428993486016] [trace] zeDevicePciGetPropertiesExt(hDevice, pPciProperties)
[2026-10-08 05:38:18.938] [thread-id: 127428993486016] [trace] SUCCESS (ZE_RESULT_SUCCESS) in zeDevicePciGetPropertiesExt(hDevice=0x3e87af28, pPciProperties={stype=0x7ffe885fd780, address={domain=0, bus=5, device=0, function=0}, maxSpeed={genVersion=4, width=8, maxBandwidth=15753846153}})
   <--- urDeviceGetInfo(.hDevice = 0x3e890040, .propName = UR_DEVICE_INFO_PCI_ADDRESS, .propSize = 0, .pPropValue = nullptr, .pPropSizeRet = 0x7ffe885fdbf0 (13)) -> UR_RESULT_SUCCESS;
   ---> urDeviceGetInfo
[2026-10-08 05:38:18.938] [thread-id: 127428993486016] [trace] zeDevicePciGetPropertiesExt(hDevice, pPciProperties)
[2026-10-08 05:38:18.938] [thread-id: 127428993486016] [trace] SUCCESS (ZE_RESULT_SUCCESS) in zeDevicePciGetPropertiesExt(hDevice=0x3e87af28, pPciProperties={stype=0x7ffe885fd780, address={domain=0, bus=5, device=0, function=0}, maxSpeed={genVersion=4, width=8, maxBandwidth=15753846153}})
   <--- urDeviceGetInfo(.hDevice = 0x3e890040, .propName = UR_DEVICE_INFO_PCI_ADDRESS, .propSize = 13, .pPropValue = 0x7ffe885fdc40 (0000:05:00.0), .pPropSizeRet = nullptr) -> UR_RESULT_SUCCESS;
   ---> urDeviceGet
[2026-10-08 05:38:18.938] [thread-id: 127428993486016] [trace] zeDeviceGetRootDevice(hDevice, phRootDevice)
[2026-10-08 05:38:18.938] [thread-id: 127428993486016] [trace] SUCCESS (ZE_RESULT_SUCCESS) in zeDeviceGetRootDevice(hDevice=0x3e87af28, phRootDevice=0x7ffe885fd5a0)
   <--- urDeviceGet(.hPlatform = 0x3e88e810, .DeviceType = UR_DEVICE_TYPE_ALL, .NumEntries = 0, .phDevices = nullptr, .pNumDevices = 0x7ffe885fd9cc (1)) -> UR_RESULT_SUCCESS;
   ---> urDeviceGet
[2026-10-08 05:38:18.938] [thread-id: 127428993486016] [trace] zeDeviceGetRootDevice(hDevice, phRootDevice)
[2026-10-08 05:38:18.938] [thread-id: 127428993486016] [trace] SUCCESS (ZE_RESULT_SUCCESS) in zeDeviceGetRootDevice(hDevice=0x3e87af28, phRootDevice=0x7ffe885fd5a0)
   <--- urDeviceGet(.hPlatform = 0x3e88e810, .DeviceType = UR_DEVICE_TYPE_ALL, .NumEntries = 1, .phDevices = 0x3e890d40 {0x3e890040}, .pNumDevices = nullptr) -> UR_RESULT_SUCCESS;
   ---> urPlatformGetInfo
   <--- urPlatformGetInfo(.hPlatform = 0x3e88e810, .propName = UR_PLATFORM_INFO_VERSION, .propSize = 0, .pPropValue = nullptr, .pPropSizeRet = 0x7ffe885fd5a0 (5)) -> UR_RESULT_SUCCESS;
   ---> urPlatformGetInfo
   <--- urPlatformGetInfo(.hPlatform = 0x3e88e810, .propName = UR_PLATFORM_INFO_VERSION, .propSize = 5, .pPropValue = 0x7ffe885fd708 (1.17), .pPropSizeRet = nullptr) -> UR_RESULT_SUCCESS;
   ---> urPlatformGetInfo
   <--- urPlatformGetInfo(.hPlatform = 0x3e88e810, .propName = UR_PLATFORM_INFO_NAME, .propSize = 0, .pPropValue = nullptr, .pPropSizeRet = 0x7ffe885fd5a0 (51)) -> UR_RESULT_SUCCESS;
   ---> urPlatformGetInfo
   <--- urPlatformGetInfo(.hPlatform = 0x3e88e810, .propName = UR_PLATFORM_INFO_NAME, .propSize = 51, .pPropValue = 0x3e890c30 (Intel(R) oneAPI Unified Runtime over Level-Zero V2), .pPropSizeRet = nullptr) -> UR_RESULT_SUCCESS;
   ---> urDeviceGetInfo
   <--- urDeviceGetInfo(.hDevice = 0x3e890040, .propName = UR_DEVICE_INFO_TYPE, .propSize = 4, .pPropValue = 0x7ffe885fd67c (UR_DEVICE_TYPE_GPU), .pPropSizeRet = nullptr) -> UR_RESULT_SUCCESS;
   ---> urDeviceGetInfo
   <--- urDeviceGetInfo(.hDevice = 0x3e890040, .propName = UR_DEVICE_INFO_VENDOR_ID, .propSize = 4, .pPropValue = 0x7ffe885fd6f8 (32902), .pPropSizeRet = nullptr) -> UR_RESULT_SUCCESS;
   ---> urDeviceGetInfo
   <--- urDeviceGetInfo(.hDevice = 0x3e890040, .propName = UR_DEVICE_INFO_DRIVER_VERSION, .propSize = 0, .pPropValue = nullptr, .pPropSizeRet = 0x7ffe885fd5a0 (14)) -> UR_RESULT_SUCCESS;
   ---> urDeviceGetInfo
   <--- urDeviceGetInfo(.hDevice = 0x3e890040, .propName = UR_DEVICE_INFO_DRIVER_VERSION, .propSize = 14, .pPropValue = 0x7ffe885fd6c8 (1.17.39395+14), .pPropSizeRet = nullptr) -> UR_RESULT_SUCCESS;
   ---> urPlatformGetInfo
   <--- urPlatformGetInfo(.hPlatform = 0x3e88e810, .propName = UR_PLATFORM_INFO_BACKEND, .propSize = 4, .pPropValue = 0x7ffe885fd8bc (UR_BACKEND_LEVEL_ZERO), .pPropSizeRet = nullptr) -> UR_RESULT_SUCCESS;
   ---> urDeviceGetInfo
   <--- urDeviceGetInfo(.hDevice = 0x3e890040, .propName = UR_DEVICE_INFO_TYPE, .propSize = 4, .pPropValue = 0x7ffe885fd8b4 (UR_DEVICE_TYPE_GPU), .pPropSizeRet = nullptr) -> UR_RESULT_SUCCESS;
   ---> urDeviceRelease
   <--- urDeviceRelease(.hDevice = 0x3e890040) -> UR_RESULT_SUCCESS;
   ---> urDeviceGetInfo
   <--- urDeviceGetInfo(.hDevice = 0x3e890040, .propName = UR_DEVICE_INFO_SUPPORTED_PARTITIONS, .propSize = 0, .pPropValue = nullptr, .pPropSizeRet = 0x7ffe885fd8a8 (0)) -> UR_RESULT_SUCCESS;
   ---> urDeviceGetInfo
[2026-10-08 05:38:18.938] [thread-id: 127428993486016] [trace] zeDeviceGetSubDevices(hDevice, pCount, phSubdevices)
[2026-10-08 05:38:18.938] [thread-id: 127428993486016] [trace] SUCCESS (ZE_RESULT_SUCCESS) in zeDeviceGetSubDevices(hDevice=0x3e87af28, pCount=0, phSubdevices=nullptr)
   <--- urDeviceGetInfo(.hDevice = 0x3e890040, .propName = UR_DEVICE_INFO_COMPONENT_DEVICES, .propSize = 0, .pPropValue = nullptr, .pPropSizeRet = 0x7ffe885fd6c0 (0)) -> UR_RESULT_SUCCESS;
   ---> urContextCreate
[2026-10-08 05:38:18.938] [thread-id: 127428993486016] [trace] zeContextCreate(hDriver, desc, phContext)
[2026-10-08 05:38:18.938] [thread-id: 127428993486016] [trace] SUCCESS (ZE_RESULT_SUCCESS) in zeContextCreate(hDriver=0x3e87a9c8, desc={stype=0x7ffe885fd5f0, flags=0}, phContext=0x3e891738)
[2026-10-08 05:38:18.938] [thread-id: 127428993486016] [trace] zeMemAllocHost(hContext, host_desc, size, alignment, pptr)
[2026-10-08 05:38:18.939] [thread-id: 127428993486016] [trace] SUCCESS (ZE_RESULT_SUCCESS) in zeMemAllocHost(hContext=0x3e891738, host_desc={stype=0x7ffe885fd070, flags=0}, size=1, alignment=0, pptr=0x73e54d7ffe00)
[2026-10-08 05:38:18.939] [thread-id: 127428993486016] [trace] zeMemGetAllocProperties(hContext, ptr, pMemAllocProperties, phDevice)
[2026-10-08 05:38:18.939] [thread-id: 127428993486016] [trace] SUCCESS (ZE_RESULT_SUCCESS) in zeMemGetAllocProperties(hContext=0x3e891738, ptr=0x73e54d7ffe00, pMemAllocProperties={stype=0x7ffe885fd070, type=0x7ffe885fd080, id=1, pageSize=2097152}, phDevice=nullptr)
[2026-10-08 05:38:18.939] [thread-id: 127428993486016] [trace] zeMemFreeExt(hContext, pMemFreeDesc, ptr)
[2026-10-08 05:38:18.939] [thread-id: 127428993486016] [trace] SUCCESS (ZE_RESULT_SUCCESS) in zeMemFreeExt(hContext=0x3e891738, pMemFreeDesc={stype=0x7ffe885fd050, freePolicy=1}, ptr=0x73e54d7ffe00)
[2026-10-08 05:38:18.939] [thread-id: 127428993486016] [trace] zeDeviceGetProperties(hDevice, pDeviceProperties)
[2026-10-08 05:38:18.939] [thread-id: 127428993486016] [trace] SUCCESS (ZE_RESULT_SUCCESS) in zeDeviceGetProperties(hDevice=0x3e87af28, pDeviceProperties={stype=0x73e54db72068, type=0x73e54db72078, vendorId=32902, deviceId=57868, flags=8, subdeviceId=0, coreClockRate=2750, maxMemAllocSize=10132807680, maxHardwareContexts=65536, maxCommandQueuePriority=0, numThreadsPerEU=8, physicalEUSimdWidth=16, numEUsPerSubslice=8, numSubslicesPerSlice=4, numSlices=5, timerResolution=52, timestampValidBits=64, kernelTimestampValidBits=64, uuid={id=134}, name="Intel(R) Arc(TM) B570 Graphics"})
[2026-10-08 05:38:18.939] [thread-id: 127428993486016] [trace] zeMemAllocDevice(hContext, device_desc, size, alignment, hDevice, pptr)
[2026-10-08 05:38:18.939] [thread-id: 127428993486016] [trace] SUCCESS (ZE_RESULT_SUCCESS) in zeMemAllocDevice(hContext=0x3e891738, device_desc={stype=0x7ffe885fd030, flags=0, ordinal=0}, size=1, alignment=0, hDevice=0x3e87af28, pptr=0xffffffffff9ffe00)
[2026-10-08 05:38:18.939] [thread-id: 127428993486016] [trace] zeContextMakeMemoryResident(hContext, hDevice, ptr, size)
[2026-10-08 05:38:18.939] [thread-id: 127428993486016] [trace] SUCCESS (ZE_RESULT_SUCCESS) in zeContextMakeMemoryResident(hContext=0x3e891738, hDevice=0x3e87af28, ptr=0xffffffffff9ffe00, size=1)
[2026-10-08 05:38:18.939] [thread-id: 127428993486016] [trace] zeMemGetAllocProperties(hContext, ptr, pMemAllocProperties, phDevice)
[2026-10-08 05:38:18.939] [thread-id: 127428993486016] [trace] SUCCESS (ZE_RESULT_SUCCESS) in zeMemGetAllocProperties(hContext=0x3e891738, ptr=0xffffffffff9ffe00, pMemAllocProperties={stype=0x7ffe885fd070, type=0x7ffe885fd080, id=3, pageSize=65536}, phDevice=nullptr)
[2026-10-08 05:38:18.939] [thread-id: 127428993486016] [trace] zeMemFreeExt(hContext, pMemFreeDesc, ptr)
[2026-10-08 05:38:18.940] [thread-id: 127428993486016] [trace] SUCCESS (ZE_RESULT_SUCCESS) in zeMemFreeExt(hContext=0x3e891738, pMemFreeDesc={stype=0x7ffe885fd050, freePolicy=1}, ptr=0xffffffffff9ffe00)
[2026-10-08 05:38:18.940] [thread-id: 127428993486016] [trace] zeDeviceGetProperties(hDevice, pDeviceProperties)
[2026-10-08 05:38:18.940] [thread-id: 127428993486016] [trace] SUCCESS (ZE_RESULT_SUCCESS) in zeDeviceGetProperties(hDevice=0x3e87af28, pDeviceProperties={stype=0x73e54db6a068, type=0x73e54db6a078, vendorId=32902, deviceId=57868, flags=8, subdeviceId=0, coreClockRate=2750, maxMemAllocSize=10132807680, maxHardwareContexts=65536, maxCommandQueuePriority=0, numThreadsPerEU=8, physicalEUSimdWidth=16, numEUsPerSubslice=8, numSubslicesPerSlice=4, numSlices=5, timerResolution=52, timestampValidBits=64, kernelTimestampValidBits=64, uuid={id=134}, name="Intel(R) Arc(TM) B570 Graphics"})
[2026-10-08 05:38:18.940] [thread-id: 127428993486016] [trace] zeMemAllocShared(hContext, device_desc, host_desc, size, alignment, hDevice, pptr)
[2026-10-08 05:38:18.941] [thread-id: 127428993486016] [trace] SUCCESS (ZE_RESULT_SUCCESS) in zeMemAllocShared(hContext=0x3e891738, device_desc={stype=0x7ffe885fd070, flags=0, ordinal=0}, host_desc={stype=0x7ffe885fd050, flags=0}, size=1, alignment=0, hDevice=0x3e87af28, pptr=0x73e54d3f0000)
[2026-10-08 05:38:18.941] [thread-id: 127428993486016] [trace] zeMemGetAllocProperties(hContext, ptr, pMemAllocProperties, phDevice)
[2026-10-08 05:38:18.941] [thread-id: 127428993486016] [trace] SUCCESS (ZE_RESULT_SUCCESS) in zeMemGetAllocProperties(hContext=0x3e891738, ptr=0x73e54d3f0000, pMemAllocProperties={stype=0x7ffe885fd070, type=0x7ffe885fd080, id=5, pageSize=65536}, phDevice=nullptr)
[2026-10-08 05:38:18.941] [thread-id: 127428993486016] [trace] zeMemFreeExt(hContext, pMemFreeDesc, ptr)
[2026-10-08 05:38:18.941] [thread-id: 127428993486016] [trace] SUCCESS (ZE_RESULT_SUCCESS) in zeMemFreeExt(hContext=0x3e891738, pMemFreeDesc={stype=0x7ffe885fd050, freePolicy=1}, ptr=0x73e54d3f0000)
[2026-10-08 05:38:18.941] [thread-id: 127428993486016] [trace] zeDeviceGetProperties(hDevice, pDeviceProperties)
[2026-10-08 05:38:18.941] [thread-id: 127428993486016] [trace] SUCCESS (ZE_RESULT_SUCCESS) in zeDeviceGetProperties(hDevice=0x3e87af28, pDeviceProperties={stype=0x73e54d805068, type=0x73e54d805078, vendorId=32902, deviceId=57868, flags=8, subdeviceId=0, coreClockRate=2750, maxMemAllocSize=10132807680, maxHardwareContexts=65536, maxCommandQueuePriority=0, numThreadsPerEU=8, physicalEUSimdWidth=16, numEUsPerSubslice=8, numSubslicesPerSlice=4, numSlices=5, timerResolution=52, timestampValidBits=64, kernelTimestampValidBits=64, uuid={id=134}, name="Intel(R) Arc(TM) B570 Graphics"})
[2026-10-08 05:38:18.941] [thread-id: 127428993486016] [trace] zeMemAllocShared(hContext, device_desc, host_desc, size, alignment, hDevice, pptr)
[2026-10-08 05:38:18.942] [thread-id: 127428993486016] [trace] SUCCESS (ZE_RESULT_SUCCESS) in zeMemAllocShared(hContext=0x3e891738, device_desc={stype=0x7ffe885fd070, flags=0, ordinal=0}, host_desc={stype=0x7ffe885fd050, flags=0}, size=1, alignment=0, hDevice=0x3e87af28, pptr=0x73e54d3e0000)
[2026-10-08 05:38:18.942] [thread-id: 127428993486016] [trace] zeMemGetAllocProperties(hContext, ptr, pMemAllocProperties, phDevice)
[2026-10-08 05:38:18.942] [thread-id: 127428993486016] [trace] SUCCESS (ZE_RESULT_SUCCESS) in zeMemGetAllocProperties(hContext=0x3e891738, ptr=0x73e54d3e0000, pMemAllocProperties={stype=0x7ffe885fd070, type=0x7ffe885fd080, id=6, pageSize=65536}, phDevice=nullptr)
[2026-10-08 05:38:18.942] [thread-id: 127428993486016] [trace] zeMemFreeExt(hContext, pMemFreeDesc, ptr)
[2026-10-08 05:38:18.942] [thread-id: 127428993486016] [trace] SUCCESS (ZE_RESULT_SUCCESS) in zeMemFreeExt(hContext=0x3e891738, pMemFreeDesc={stype=0x7ffe885fd050, freePolicy=1}, ptr=0x73e54d3e0000)
[2026-10-08 05:38:18.942] [thread-id: 127428993486016] [trace] zeMemAllocHost(hContext, host_desc, size, alignment, pptr)
[2026-10-08 05:38:18.942] [thread-id: 127428993486016] [trace] SUCCESS (ZE_RESULT_SUCCESS) in zeMemAllocHost(hContext=0x3e891738, host_desc={stype=0x7ffe885fd070, flags=0}, size=1, alignment=0, pptr=0x73e54d7ffe00)
[2026-10-08 05:38:18.942] [thread-id: 127428993486016] [trace] zeMemGetAllocProperties(hContext, ptr, pMemAllocProperties, phDevice)
[2026-10-08 05:38:18.942] [thread-id: 127428993486016] [trace] SUCCESS (ZE_RESULT_SUCCESS) in zeMemGetAllocProperties(hContext=0x3e891738, ptr=0x73e54d7ffe00, pMemAllocProperties={stype=0x7ffe885fd070, type=0x7ffe885fd080, id=1, pageSize=2097152}, phDevice=nullptr)
[2026-10-08 05:38:18.942] [thread-id: 127428993486016] [trace] zeMemFreeExt(hContext, pMemFreeDesc, ptr)
[2026-10-08 05:38:18.942] [thread-id: 127428993486016] [trace] SUCCESS (ZE_RESULT_SUCCESS) in zeMemFreeExt(hContext=0x3e891738, pMemFreeDesc={stype=0x7ffe885fd050, freePolicy=1}, ptr=0x73e54d7ffe00)
[2026-10-08 05:38:18.942] [thread-id: 127428993486016] [trace] zeDeviceGetProperties(hDevice, pDeviceProperties)
[2026-10-08 05:38:18.942] [thread-id: 127428993486016] [trace] SUCCESS (ZE_RESULT_SUCCESS) in zeDeviceGetProperties(hDevice=0x3e87af28, pDeviceProperties={stype=0x73e54d3fd068, type=0x73e54d3fd078, vendorId=32902, deviceId=57868, flags=8, subdeviceId=0, coreClockRate=2750, maxMemAllocSize=10132807680, maxHardwareContexts=65536, maxCommandQueuePriority=0, numThreadsPerEU=8, physicalEUSimdWidth=16, numEUsPerSubslice=8, numSubslicesPerSlice=4, numSlices=5, timerResolution=52, timestampValidBits=64, kernelTimestampValidBits=64, uuid={id=134}, name="Intel(R) Arc(TM) B570 Graphics"})
[2026-10-08 05:38:18.942] [thread-id: 127428993486016] [trace] zeMemAllocDevice(hContext, device_desc, size, alignment, hDevice, pptr)
[2026-10-08 05:38:18.942] [thread-id: 127428993486016] [trace] SUCCESS (ZE_RESULT_SUCCESS) in zeMemAllocDevice(hContext=0x3e891738, device_desc={stype=0x7ffe885fd030, flags=0, ordinal=0}, size=1, alignment=0, hDevice=0x3e87af28, pptr=0xffffffffff9ffe00)
[2026-10-08 05:38:18.942] [thread-id: 127428993486016] [trace] zeContextMakeMemoryResident(hContext, hDevice, ptr, size)
[2026-10-08 05:38:18.942] [thread-id: 127428993486016] [trace] SUCCESS (ZE_RESULT_SUCCESS) in zeContextMakeMemoryResident(hContext=0x3e891738, hDevice=0x3e87af28, ptr=0xffffffffff9ffe00, size=1)
[2026-10-08 05:38:18.942] [thread-id: 127428993486016] [trace] zeMemGetAllocProperties(hContext, ptr, pMemAllocProperties, phDevice)
[2026-10-08 05:38:18.942] [thread-id: 127428993486016] [trace] SUCCESS (ZE_RESULT_SUCCESS) in zeMemGetAllocProperties(hContext=0x3e891738, ptr=0xffffffffff9ffe00, pMemAllocProperties={stype=0x7ffe885fd070, type=0x7ffe885fd080, id=3, pageSize=65536}, phDevice=nullptr)
[2026-10-08 05:38:18.942] [thread-id: 127428993486016] [trace] zeMemFreeExt(hContext, pMemFreeDesc, ptr)
[2026-10-08 05:38:18.942] [thread-id: 127428993486016] [trace] SUCCESS (ZE_RESULT_SUCCESS) in zeMemFreeExt(hContext=0x3e891738, pMemFreeDesc={stype=0x7ffe885fd050, freePolicy=1}, ptr=0xffffffffff9ffe00)
[2026-10-08 05:38:18.942] [thread-id: 127428993486016] [trace] zeDeviceGetProperties(hDevice, pDeviceProperties)
[2026-10-08 05:38:18.942] [thread-id: 127428993486016] [trace] SUCCESS (ZE_RESULT_SUCCESS) in zeDeviceGetProperties(hDevice=0x3e87af28, pDeviceProperties={stype=0x73e54d3f0068, type=0x73e54d3f0078, vendorId=32902, deviceId=57868, flags=8, subdeviceId=0, coreClockRate=2750, maxMemAllocSize=10132807680, maxHardwareContexts=65536, maxCommandQueuePriority=0, numThreadsPerEU=8, physicalEUSimdWidth=16, numEUsPerSubslice=8, numSubslicesPerSlice=4, numSlices=5, timerResolution=52, timestampValidBits=64, kernelTimestampValidBits=64, uuid={id=134}, name="Intel(R) Arc(TM) B570 Graphics"})
[2026-10-08 05:38:18.942] [thread-id: 127428993486016] [trace] zeMemAllocShared(hContext, device_desc, host_desc, size, alignment, hDevice, pptr)
[2026-10-08 05:38:18.943] [thread-id: 127428993486016] [trace] SUCCESS (ZE_RESULT_SUCCESS) in zeMemAllocShared(hContext=0x3e891738, device_desc={stype=0x7ffe885fd070, flags=0, ordinal=0}, host_desc={stype=0x7ffe885fd050, flags=0}, size=1, alignment=0, hDevice=0x3e87af28, pptr=0x73e54d3d0000)
[2026-10-08 05:38:18.943] [thread-id: 127428993486016] [trace] zeMemGetAllocProperties(hContext, ptr, pMemAllocProperties, phDevice)
[2026-10-08 05:38:18.943] [thread-id: 127428993486016] [trace] SUCCESS (ZE_RESULT_SUCCESS) in zeMemGetAllocProperties(hContext=0x3e891738, ptr=0x73e54d3d0000, pMemAllocProperties={stype=0x7ffe885fd070, type=0x7ffe885fd080, id=9, pageSize=65536}, phDevice=nullptr)
[2026-10-08 05:38:18.943] [thread-id: 127428993486016] [trace] zeMemFreeExt(hContext, pMemFreeDesc, ptr)
[2026-10-08 05:38:18.943] [thread-id: 127428993486016] [trace] SUCCESS (ZE_RESULT_SUCCESS) in zeMemFreeExt(hContext=0x3e891738, pMemFreeDesc={stype=0x7ffe885fd050, freePolicy=1}, ptr=0x73e54d3d0000)
[2026-10-08 05:38:18.943] [thread-id: 127428993486016] [trace] zeDeviceGetProperties(hDevice, pDeviceProperties)
[2026-10-08 05:38:18.943] [thread-id: 127428993486016] [trace] SUCCESS (ZE_RESULT_SUCCESS) in zeDeviceGetProperties(hDevice=0x3e87af28, pDeviceProperties={stype=0x73e54d3ec068, type=0x73e54d3ec078, vendorId=32902, deviceId=57868, flags=8, subdeviceId=0, coreClockRate=2750, maxMemAllocSize=10132807680, maxHardwareContexts=65536, maxCommandQueuePriority=0, numThreadsPerEU=8, physicalEUSimdWidth=16, numEUsPerSubslice=8, numSubslicesPerSlice=4, numSlices=5, timerResolution=52, timestampValidBits=64, kernelTimestampValidBits=64, uuid={id=134}, name="Intel(R) Arc(TM) B570 Graphics"})
[2026-10-08 05:38:18.943] [thread-id: 127428993486016] [trace] zeMemAllocShared(hContext, device_desc, host_desc, size, alignment, hDevice, pptr)
[2026-10-08 05:38:18.943] [thread-id: 127428993486016] [trace] SUCCESS (ZE_RESULT_SUCCESS) in zeMemAllocShared(hContext=0x3e891738, device_desc={stype=0x7ffe885fd070, flags=0, ordinal=0}, host_desc={stype=0x7ffe885fd050, flags=0}, size=1, alignment=0, hDevice=0x3e87af28, pptr=0x73e54d3d0000)
[2026-10-08 05:38:18.943] [thread-id: 127428993486016] [trace] zeMemGetAllocProperties(hContext, ptr, pMemAllocProperties, phDevice)
[2026-10-08 05:38:18.943] [thread-id: 127428993486016] [trace] SUCCESS (ZE_RESULT_SUCCESS) in zeMemGetAllocProperties(hContext=0x3e891738, ptr=0x73e54d3d0000, pMemAllocProperties={stype=0x7ffe885fd070, type=0x7ffe885fd080, id=10, pageSize=65536}, phDevice=nullptr)
[2026-10-08 05:38:18.943] [thread-id: 127428993486016] [trace] zeMemFreeExt(hContext, pMemFreeDesc, ptr)
[2026-10-08 05:38:18.943] [thread-id: 127428993486016] [trace] SUCCESS (ZE_RESULT_SUCCESS) in zeMemFreeExt(hContext=0x3e891738, pMemFreeDesc={stype=0x7ffe885fd050, freePolicy=1}, ptr=0x73e54d3d0000)
   <--- urContextCreate(.DeviceCount = 1, .phDevices = 0x3e890ce0 {0x3e890040}, .pProperties = nullptr, .phContext = 0x3e892c40 (0x3e894b90)) -> UR_RESULT_SUCCESS;
   ---> urQueueCreate
<LEVEL_ZERO>[INFO]: Copy offload is disabled by the environment variable.
<LEVEL_ZERO>[DEBUG]: create command list ordinal: 0, type: immediate, device: 0x3e87af28, inOrder: 1
[2026-10-08 05:38:18.943] [thread-id: 127428993486016] [trace] zeCommandListCreateImmediate(hContext, hDevice, altdesc, phCommandList)
[2026-10-08 05:38:18.945] [thread-id: 127428993486016] [trace] SUCCESS (ZE_RESULT_SUCCESS) in zeCommandListCreateImmediate(hContext=0x3e891738, hDevice=0x3e87af28, altdesc={stype=0x7ffe885fd570, ordinal=0, index=0, flags=2, mode=0x7ffe885fd58c, priority=0x7ffe885fd590}, phCommandList=0x3e898d88)
[2026-10-08 05:38:18.945] [thread-id: 127428993486016] [trace] zeDriverGetExtensionFunctionAddress(hDriver, name, ppFunctionAddress)
[2026-10-08 05:38:18.945] [thread-id: 127428993486016] [trace] SUCCESS (ZE_RESULT_SUCCESS) in zeDriverGetExtensionFunctionAddress(hDriver=0x3e87a9c8, name="zexCounterBasedEventCreate2", ppFunctionAddress=0x73e55bcbdc00)
   <--- urQueueCreate(.hContext = 0x3e894b90, .hDevice = 0x3e890040, .pProperties = 0x7ffe885fdb50 ((struct ur_queue_properties_t){.stype = UR_STRUCTURE_TYPE_QUEUE_PROPERTIES, .pNext = nullptr, .flags = 0}), .phQueue = 0x7ffe885fdb68 (0x3e8980a0)) -> UR_RESULT_SUCCESS;
   ---> urDeviceGetInfo
[2026-10-08 05:38:18.945] [thread-id: 127428993486016] [trace] zeDeviceGetMemoryAccessProperties(hDevice, pMemAccessProperties)
[2026-10-08 05:38:18.945] [thread-id: 127428993486016] [trace] SUCCESS (ZE_RESULT_SUCCESS) in zeDeviceGetMemoryAccessProperties(hDevice=0x3e87af28, pMemAccessProperties={stype=0x3e890420, hostAllocCapabilities=3, deviceAllocCapabilities=3, sharedSingleDeviceAllocCapabilities=3, sharedCrossDeviceAllocCapabilities=0, sharedSystemAllocCapabilities=15})
   <--- urDeviceGetInfo(.hDevice = 0x3e890040, .propName = UR_DEVICE_INFO_USM_DEVICE_SUPPORT, .propSize = 4, .pPropValue = 0x7ffe885fd9b4 (UR_DEVICE_USM_ACCESS_CAPABILITY_FLAG_ACCESS | UR_DEVICE_USM_ACCESS_CAPABILITY_FLAG_ATOMIC_ACCESS), .pPropSizeRet = nullptr) -> UR_RESULT_SUCCESS;
   ---> urUSMDeviceAlloc
[2026-10-08 05:38:18.945] [thread-id: 127428993486016] [trace] zeMemAllocDevice(hContext, device_desc, size, alignment, hDevice, pptr)
[2026-10-08 05:38:18.945] [thread-id: 127428993486016] [trace] SUCCESS (ZE_RESULT_SUCCESS) in zeMemAllocDevice(hContext=0x3e891738, device_desc={stype=0x7ffe885fd5c0, flags=0, ordinal=0}, size=65536, alignment=0, hDevice=0x3e87af28, pptr=0xffffffffff600000)
[2026-10-08 05:38:18.945] [thread-id: 127428993486016] [trace] zeContextMakeMemoryResident(hContext, hDevice, ptr, size)
[2026-10-08 05:38:18.946] [thread-id: 127428993486016] [trace] SUCCESS (ZE_RESULT_SUCCESS) in zeContextMakeMemoryResident(hContext=0x3e891738, hDevice=0x3e87af28, ptr=0xffffffffff600000, size=65536)
   <--- urUSMDeviceAlloc(.hContext = 0x3e894b90, .hDevice = 0x3e890040, .pUSMDesc = 0x7ffe885fdb20 ((struct ur_usm_desc_t){.stype = UR_STRUCTURE_TYPE_CONTEXT_PROPERTIES, .pNext = nullptr, .hints = 0, .align = 4}), .pool = nullptr, .size = 65536, .ppMem = 0x7ffe885fdb38 (0xffffffffff600000)) -> UR_RESULT_SUCCESS;
   ---> urEnqueueUSMMemcpy
<LEVEL_ZERO>[DEBUG]: ze_event_pool_desc_t flags set to: 1
[2026-10-08 05:38:18.946] [thread-id: 127428993486016] [trace] zexCounterBasedEventCreate2(hContext, hDevice, desc, phEvent)
[2026-10-08 05:38:18.946] [thread-id: 127428993486016] [trace] SUCCESS (ZE_RESULT_SUCCESS) in zexCounterBasedEventCreate2(hContext=0x3e891738, hDevice=0x3e87af28, desc=0x7ffe885fd570, phEvent=0x3e8c9a68)
<LEVEL_ZERO>[DEBUG]: ze_event_pool_desc_t flags set to: 1
[2026-10-08 05:38:18.946] [thread-id: 127428993486016] [trace] zexCounterBasedEventCreate2(hContext, hDevice, desc, phEvent)
[2026-10-08 05:38:18.946] [thread-id: 127428993486016] [trace] SUCCESS (ZE_RESULT_SUCCESS) in zexCounterBasedEventCreate2(hContext=0x3e891738, hDevice=0x3e87af28, desc=0x7ffe885fd570, phEvent=0x3e8c9e08)
<LEVEL_ZERO>[DEBUG]: ze_event_pool_desc_t flags set to: 1
[2026-10-08 05:38:18.946] [thread-id: 127428993486016] [trace] zexCounterBasedEventCreate2(hContext, hDevice, desc, phEvent)
[2026-10-08 05:38:18.946] [thread-id: 127428993486016] [trace] SUCCESS (ZE_RESULT_SUCCESS) in zexCounterBasedEventCreate2(hContext=0x3e891738, hDevice=0x3e87af28, desc=0x7ffe885fd570, phEvent=0x3e8ca528)
<LEVEL_ZERO>[DEBUG]: ze_event_pool_desc_t flags set to: 1
[2026-10-08 05:38:18.946] [thread-id: 127428993486016] [trace] zexCounterBasedEventCreate2(hContext, hDevice, desc, phEvent)
[2026-10-08 05:38:18.946] [thread-id: 127428993486016] [trace] SUCCESS (ZE_RESULT_SUCCESS) in zexCounterBasedEventCreate2(hContext=0x3e891738, hDevice=0x3e87af28, desc=0x7ffe885fd570, phEvent=0x3e8caa68)
<LEVEL_ZERO>[DEBUG]: ze_event_pool_desc_t flags set to: 1
[2026-10-08 05:38:18.946] [thread-id: 127428993486016] [trace] zexCounterBasedEventCreate2(hContext, hDevice, desc, phEvent)
[2026-10-08 05:38:18.946] [thread-id: 127428993486016] [trace] SUCCESS (ZE_RESULT_SUCCESS) in zexCounterBasedEventCreate2(hContext=0x3e891738, hDevice=0x3e87af28, desc=0x7ffe885fd570, phEvent=0x3e8cb168)
<LEVEL_ZERO>[DEBUG]: ze_event_pool_desc_t flags set to: 1
[2026-10-08 05:38:18.946] [thread-id: 127428993486016] [trace] zexCounterBasedEventCreate2(hContext, hDevice, desc, phEvent)
[2026-10-08 05:38:18.946] [thread-id: 127428993486016] [trace] SUCCESS (ZE_RESULT_SUCCESS) in zexCounterBasedEventCreate2(hContext=0x3e891738, hDevice=0x3e87af28, desc=0x7ffe885fd570, phEvent=0x3e8cb6c8)
<LEVEL_ZERO>[DEBUG]: ze_event_pool_desc_t flags set to: 1
[2026-10-08 05:38:18.946] [thread-id: 127428993486016] [trace] zexCounterBasedEventCreate2(hContext, hDevice, desc, phEvent)
[2026-10-08 05:38:18.946] [thread-id: 127428993486016] [trace] SUCCESS (ZE_RESULT_SUCCESS) in zexCounterBasedEventCreate2(hContext=0x3e891738, hDevice=0x3e87af28, desc=0x7ffe885fd570, phEvent=0x3e8cbdc8)
<LEVEL_ZERO>[DEBUG]: ze_event_pool_desc_t flags set to: 1
[2026-10-08 05:38:18.946] [thread-id: 127428993486016] [trace] zexCounterBasedEventCreate2(hContext, hDevice, desc, phEvent)
[2026-10-08 05:38:18.946] [thread-id: 127428993486016] [trace] SUCCESS (ZE_RESULT_SUCCESS) in zexCounterBasedEventCreate2(hContext=0x3e891738, hDevice=0x3e87af28, desc=0x7ffe885fd570, phEvent=0x3e8cc2d8)
<LEVEL_ZERO>[DEBUG]: ze_event_pool_desc_t flags set to: 1
[2026-10-08 05:38:18.946] [thread-id: 127428993486016] [trace] zexCounterBasedEventCreate2(hContext, hDevice, desc, phEvent)
[2026-10-08 05:38:18.946] [thread-id: 127428993486016] [trace] SUCCESS (ZE_RESULT_SUCCESS) in zexCounterBasedEventCreate2(hContext=0x3e891738, hDevice=0x3e87af28, desc=0x7ffe885fd570, phEvent=0x3e8cc9d8)
<LEVEL_ZERO>[DEBUG]: ze_event_pool_desc_t flags set to: 1
[2026-10-08 05:38:18.946] [thread-id: 127428993486016] [trace] zexCounterBasedEventCreate2(hContext, hDevice, desc, phEvent)
[2026-10-08 05:38:18.946] [thread-id: 127428993486016] [trace] SUCCESS (ZE_RESULT_SUCCESS) in zexCounterBasedEventCreate2(hContext=0x3e891738, hDevice=0x3e87af28, desc=0x7ffe885fd570, phEvent=0x3e8ccee8)
<LEVEL_ZERO>[DEBUG]: ze_event_pool_desc_t flags set to: 1
[2026-10-08 05:38:18.946] [thread-id: 127428993486016] [trace] zexCounterBasedEventCreate2(hContext, hDevice, desc, phEvent)
[2026-10-08 05:38:18.946] [thread-id: 127428993486016] [trace] SUCCESS (ZE_RESULT_SUCCESS) in zexCounterBasedEventCreate2(hContext=0x3e891738, hDevice=0x3e87af28, desc=0x7ffe885fd570, phEvent=0x3e8cd5e8)
<LEVEL_ZERO>[DEBUG]: ze_event_pool_desc_t flags set to: 1
[2026-10-08 05:38:18.946] [thread-id: 127428993486016] [trace] zexCounterBasedEventCreate2(hContext, hDevice, desc, phEvent)
[2026-10-08 05:38:18.946] [thread-id: 127428993486016] [trace] SUCCESS (ZE_RESULT_SUCCESS) in zexCounterBasedEventCreate2(hContext=0x3e891738, hDevice=0x3e87af28, desc=0x7ffe885fd570, phEvent=0x3e8cdb98)
<LEVEL_ZERO>[DEBUG]: ze_event_pool_desc_t flags set to: 1
[2026-10-08 05:38:18.946] [thread-id: 127428993486016] [trace] zexCounterBasedEventCreate2(hContext, hDevice, desc, phEvent)
[2026-10-08 05:38:18.946] [thread-id: 127428993486016] [trace] SUCCESS (ZE_RESULT_SUCCESS) in zexCounterBasedEventCreate2(hContext=0x3e891738, hDevice=0x3e87af28, desc=0x7ffe885fd570, phEvent=0x3e8ce298)
<LEVEL_ZERO>[DEBUG]: ze_event_pool_desc_t flags set to: 1
[2026-10-08 05:38:18.947] [thread-id: 127428993486016] [trace] zexCounterBasedEventCreate2(hContext, hDevice, desc, phEvent)
[2026-10-08 05:38:18.947] [thread-id: 127428993486016] [trace] SUCCESS (ZE_RESULT_SUCCESS) in zexCounterBasedEventCreate2(hContext=0x3e891738, hDevice=0x3e87af28, desc=0x7ffe885fd570, phEvent=0x3e8ce7a8)
<LEVEL_ZERO>[DEBUG]: ze_event_pool_desc_t flags set to: 1
[2026-10-08 05:38:18.947] [thread-id: 127428993486016] [trace] zexCounterBasedEventCreate2(hContext, hDevice, desc, phEvent)
[2026-10-08 05:38:18.947] [thread-id: 127428993486016] [trace] SUCCESS (ZE_RESULT_SUCCESS) in zexCounterBasedEventCreate2(hContext=0x3e891738, hDevice=0x3e87af28, desc=0x7ffe885fd570, phEvent=0x3e8ceea8)
<LEVEL_ZERO>[DEBUG]: ze_event_pool_desc_t flags set to: 1
[2026-10-08 05:38:18.947] [thread-id: 127428993486016] [trace] zexCounterBasedEventCreate2(hContext, hDevice, desc, phEvent)
[2026-10-08 05:38:18.947] [thread-id: 127428993486016] [trace] SUCCESS (ZE_RESULT_SUCCESS) in zexCounterBasedEventCreate2(hContext=0x3e891738, hDevice=0x3e87af28, desc=0x7ffe885fd570, phEvent=0x3e8cf3b8)
<LEVEL_ZERO>[DEBUG]: ze_event_pool_desc_t flags set to: 1
[2026-10-08 05:38:18.947] [thread-id: 127428993486016] [trace] zexCounterBasedEventCreate2(hContext, hDevice, desc, phEvent)
[2026-10-08 05:38:18.947] [thread-id: 127428993486016] [trace] SUCCESS (ZE_RESULT_SUCCESS) in zexCounterBasedEventCreate2(hContext=0x3e891738, hDevice=0x3e87af28, desc=0x7ffe885fd570, phEvent=0x3e8cfab8)
<LEVEL_ZERO>[DEBUG]: ze_event_pool_desc_t flags set to: 1
[2026-10-08 05:38:18.947] [thread-id: 127428993486016] [trace] zexCounterBasedEventCreate2(hContext, hDevice, desc, phEvent)
[2026-10-08 05:38:18.947] [thread-id: 127428993486016] [trace] SUCCESS (ZE_RESULT_SUCCESS) in zexCounterBasedEventCreate2(hContext=0x3e891738, hDevice=0x3e87af28, desc=0x7ffe885fd570, phEvent=0x3e8d00d8)
<LEVEL_ZERO>[DEBUG]: ze_event_pool_desc_t flags set to: 1
[2026-10-08 05:38:18.947] [thread-id: 127428993486016] [trace] zexCounterBasedEventCreate2(hContext, hDevice, desc, phEvent)
[2026-10-08 05:38:18.947] [thread-id: 127428993486016] [trace] SUCCESS (ZE_RESULT_SUCCESS) in zexCounterBasedEventCreate2(hContext=0x3e891738, hDevice=0x3e87af28, desc=0x7ffe885fd570, phEvent=0x3e8d07d8)
<LEVEL_ZERO>[DEBUG]: ze_event_pool_desc_t flags set to: 1
[2026-10-08 05:38:18.947] [thread-id: 127428993486016] [trace] zexCounterBasedEventCreate2(hContext, hDevice, desc, phEvent)
[2026-10-08 05:38:18.947] [thread-id: 127428993486016] [trace] SUCCESS (ZE_RESULT_SUCCESS) in zexCounterBasedEventCreate2(hContext=0x3e891738, hDevice=0x3e87af28, desc=0x7ffe885fd570, phEvent=0x3e8d0ce8)
<LEVEL_ZERO>[DEBUG]: ze_event_pool_desc_t flags set to: 1
[2026-10-08 05:38:18.947] [thread-id: 127428993486016] [trace] zexCounterBasedEventCreate2(hContext, hDevice, desc, phEvent)
[2026-10-08 05:38:18.947] [thread-id: 127428993486016] [trace] SUCCESS (ZE_RESULT_SUCCESS) in zexCounterBasedEventCreate2(hContext=0x3e891738, hDevice=0x3e87af28, desc=0x7ffe885fd570, phEvent=0x3e8d13e8)
<LEVEL_ZERO>[DEBUG]: ze_event_pool_desc_t flags set to: 1
[2026-10-08 05:38:18.947] [thread-id: 127428993486016] [trace] zexCounterBasedEventCreate2(hContext, hDevice, desc, phEvent)
[2026-10-08 05:38:18.947] [thread-id: 127428993486016] [trace] SUCCESS (ZE_RESULT_SUCCESS) in zexCounterBasedEventCreate2(hContext=0x3e891738, hDevice=0x3e87af28, desc=0x7ffe885fd570, phEvent=0x3e8d18f8)
<LEVEL_ZERO>[DEBUG]: ze_event_pool_desc_t flags set to: 1
[2026-10-08 05:38:18.947] [thread-id: 127428993486016] [trace] zexCounterBasedEventCreate2(hContext, hDevice, desc, phEvent)
[2026-10-08 05:38:18.947] [thread-id: 127428993486016] [trace] SUCCESS (ZE_RESULT_SUCCESS) in zexCounterBasedEventCreate2(hContext=0x3e891738, hDevice=0x3e87af28, desc=0x7ffe885fd570, phEvent=0x3e8d1ff8)
<LEVEL_ZERO>[DEBUG]: ze_event_pool_desc_t flags set to: 1
[2026-10-08 05:38:18.947] [thread-id: 127428993486016] [trace] zexCounterBasedEventCreate2(hContext, hDevice, desc, phEvent)
[2026-10-08 05:38:18.947] [thread-id: 127428993486016] [trace] SUCCESS (ZE_RESULT_SUCCESS) in zexCounterBasedEventCreate2(hContext=0x3e891738, hDevice=0x3e87af28, desc=0x7ffe885fd570, phEvent=0x3e8d2508)
<LEVEL_ZERO>[DEBUG]: ze_event_pool_desc_t flags set to: 1
[2026-10-08 05:38:18.947] [thread-id: 127428993486016] [trace] zexCounterBasedEventCreate2(hContext, hDevice, desc, phEvent)
[2026-10-08 05:38:18.947] [thread-id: 127428993486016] [trace] SUCCESS (ZE_RESULT_SUCCESS) in zexCounterBasedEventCreate2(hContext=0x3e891738, hDevice=0x3e87af28, desc=0x7ffe885fd570, phEvent=0x3e8d2d48)
<LEVEL_ZERO>[DEBUG]: ze_event_pool_desc_t flags set to: 1
[2026-10-08 05:38:18.947] [thread-id: 127428993486016] [trace] zexCounterBasedEventCreate2(hContext, hDevice, desc, phEvent)
[2026-10-08 05:38:18.947] [thread-id: 127428993486016] [trace] SUCCESS (ZE_RESULT_SUCCESS) in zexCounterBasedEventCreate2(hContext=0x3e891738, hDevice=0x3e87af28, desc=0x7ffe885fd570, phEvent=0x3e8d3258)
<LEVEL_ZERO>[DEBUG]: ze_event_pool_desc_t flags set to: 1
[2026-10-08 05:38:18.947] [thread-id: 127428993486016] [trace] zexCounterBasedEventCreate2(hContext, hDevice, desc, phEvent)
[2026-10-08 05:38:18.947] [thread-id: 127428993486016] [trace] SUCCESS (ZE_RESULT_SUCCESS) in zexCounterBasedEventCreate2(hContext=0x3e891738, hDevice=0x3e87af28, desc=0x7ffe885fd570, phEvent=0x3e8d3958)
<LEVEL_ZERO>[DEBUG]: ze_event_pool_desc_t flags set to: 1
[2026-10-08 05:38:18.947] [thread-id: 127428993486016] [trace] zexCounterBasedEventCreate2(hContext, hDevice, desc, phEvent)
[2026-10-08 05:38:18.947] [thread-id: 127428993486016] [trace] SUCCESS (ZE_RESULT_SUCCESS) in zexCounterBasedEventCreate2(hContext=0x3e891738, hDevice=0x3e87af28, desc=0x7ffe885fd570, phEvent=0x3e8d3e68)
<LEVEL_ZERO>[DEBUG]: ze_event_pool_desc_t flags set to: 1
[2026-10-08 05:38:18.947] [thread-id: 127428993486016] [trace] zexCounterBasedEventCreate2(hContext, hDevice, desc, phEvent)
[2026-10-08 05:38:18.947] [thread-id: 127428993486016] [trace] SUCCESS (ZE_RESULT_SUCCESS) in zexCounterBasedEventCreate2(hContext=0x3e891738, hDevice=0x3e87af28, desc=0x7ffe885fd570, phEvent=0x3e8d4568)
<LEVEL_ZERO>[DEBUG]: ze_event_pool_desc_t flags set to: 1
[2026-10-08 05:38:18.947] [thread-id: 127428993486016] [trace] zexCounterBasedEventCreate2(hContext, hDevice, desc, phEvent)
[2026-10-08 05:38:18.947] [thread-id: 127428993486016] [trace] SUCCESS (ZE_RESULT_SUCCESS) in zexCounterBasedEventCreate2(hContext=0x3e891738, hDevice=0x3e87af28, desc=0x7ffe885fd570, phEvent=0x3e8d4a78)
<LEVEL_ZERO>[DEBUG]: ze_event_pool_desc_t flags set to: 1
[2026-10-08 05:38:18.947] [thread-id: 127428993486016] [trace] zexCounterBasedEventCreate2(hContext, hDevice, desc, phEvent)
[2026-10-08 05:38:18.947] [thread-id: 127428993486016] [trace] SUCCESS (ZE_RESULT_SUCCESS) in zexCounterBasedEventCreate2(hContext=0x3e891738, hDevice=0x3e87af28, desc=0x7ffe885fd570, phEvent=0x3e8d5178)
<LEVEL_ZERO>[DEBUG]: ze_event_pool_desc_t flags set to: 1
[2026-10-08 05:38:18.947] [thread-id: 127428993486016] [trace] zexCounterBasedEventCreate2(hContext, hDevice, desc, phEvent)
[2026-10-08 05:38:18.947] [thread-id: 127428993486016] [trace] SUCCESS (ZE_RESULT_SUCCESS) in zexCounterBasedEventCreate2(hContext=0x3e891738, hDevice=0x3e87af28, desc=0x7ffe885fd570, phEvent=0x3e8d5688)
<LEVEL_ZERO>[DEBUG]: ze_event_pool_desc_t flags set to: 1
[2026-10-08 05:38:18.947] [thread-id: 127428993486016] [trace] zexCounterBasedEventCreate2(hContext, hDevice, desc, phEvent)
[2026-10-08 05:38:18.947] [thread-id: 127428993486016] [trace] SUCCESS (ZE_RESULT_SUCCESS) in zexCounterBasedEventCreate2(hContext=0x3e891738, hDevice=0x3e87af28, desc=0x7ffe885fd570, phEvent=0x3e8d5d88)
<LEVEL_ZERO>[DEBUG]: ze_event_pool_desc_t flags set to: 1
[2026-10-08 05:38:18.947] [thread-id: 127428993486016] [trace] zexCounterBasedEventCreate2(hContext, hDevice, desc, phEvent)
[2026-10-08 05:38:18.947] [thread-id: 127428993486016] [trace] SUCCESS (ZE_RESULT_SUCCESS) in zexCounterBasedEventCreate2(hContext=0x3e891738, hDevice=0x3e87af28, desc=0x7ffe885fd570, phEvent=0x3e8d64a8)
<LEVEL_ZERO>[DEBUG]: ze_event_pool_desc_t flags set to: 1
[2026-10-08 05:38:18.947] [thread-id: 127428993486016] [trace] zexCounterBasedEventCreate2(hContext, hDevice, desc, phEvent)
[2026-10-08 05:38:18.947] [thread-id: 127428993486016] [trace] SUCCESS (ZE_RESULT_SUCCESS) in zexCounterBasedEventCreate2(hContext=0x3e891738, hDevice=0x3e87af28, desc=0x7ffe885fd570, phEvent=0x3e8d6ba8)
<LEVEL_ZERO>[DEBUG]: ze_event_pool_desc_t flags set to: 1
[2026-10-08 05:38:18.947] [thread-id: 127428993486016] [trace] zexCounterBasedEventCreate2(hContext, hDevice, desc, phEvent)
[2026-10-08 05:38:18.947] [thread-id: 127428993486016] [trace] SUCCESS (ZE_RESULT_SUCCESS) in zexCounterBasedEventCreate2(hContext=0x3e891738, hDevice=0x3e87af28, desc=0x7ffe885fd570, phEvent=0x3e8d70b8)
<LEVEL_ZERO>[DEBUG]: ze_event_pool_desc_t flags set to: 1
[2026-10-08 05:38:18.947] [thread-id: 127428993486016] [trace] zexCounterBasedEventCreate2(hContext, hDevice, desc, phEvent)
[2026-10-08 05:38:18.947] [thread-id: 127428993486016] [trace] SUCCESS (ZE_RESULT_SUCCESS) in zexCounterBasedEventCreate2(hContext=0x3e891738, hDevice=0x3e87af28, desc=0x7ffe885fd570, phEvent=0x3e8d77b8)
<LEVEL_ZERO>[DEBUG]: ze_event_pool_desc_t flags set to: 1
[2026-10-08 05:38:18.947] [thread-id: 127428993486016] [trace] zexCounterBasedEventCreate2(hContext, hDevice, desc, phEvent)
[2026-10-08 05:38:18.947] [thread-id: 127428993486016] [trace] SUCCESS (ZE_RESULT_SUCCESS) in zexCounterBasedEventCreate2(hContext=0x3e891738, hDevice=0x3e87af28, desc=0x7ffe885fd570, phEvent=0x3e8d7cc8)
<LEVEL_ZERO>[DEBUG]: ze_event_pool_desc_t flags set to: 1
[2026-10-08 05:38:18.948] [thread-id: 127428993486016] [trace] zexCounterBasedEventCreate2(hContext, hDevice, desc, phEvent)
[2026-10-08 05:38:18.948] [thread-id: 127428993486016] [trace] SUCCESS (ZE_RESULT_SUCCESS) in zexCounterBasedEventCreate2(hContext=0x3e891738, hDevice=0x3e87af28, desc=0x7ffe885fd570, phEvent=0x3e8d83c8)
<LEVEL_ZERO>[DEBUG]: ze_event_pool_desc_t flags set to: 1
[2026-10-08 05:38:18.948] [thread-id: 127428993486016] [trace] zexCounterBasedEventCreate2(hContext, hDevice, desc, phEvent)
[2026-10-08 05:38:18.948] [thread-id: 127428993486016] [trace] SUCCESS (ZE_RESULT_SUCCESS) in zexCounterBasedEventCreate2(hContext=0x3e891738, hDevice=0x3e87af28, desc=0x7ffe885fd570, phEvent=0x3e8d88d8)
<LEVEL_ZERO>[DEBUG]: ze_event_pool_desc_t flags set to: 1
[2026-10-08 05:38:18.948] [thread-id: 127428993486016] [trace] zexCounterBasedEventCreate2(hContext, hDevice, desc, phEvent)
[2026-10-08 05:38:18.948] [thread-id: 127428993486016] [trace] SUCCESS (ZE_RESULT_SUCCESS) in zexCounterBasedEventCreate2(hContext=0x3e891738, hDevice=0x3e87af28, desc=0x7ffe885fd570, phEvent=0x3e8d8fd8)
<LEVEL_ZERO>[DEBUG]: ze_event_pool_desc_t flags set to: 1
[2026-10-08 05:38:18.948] [thread-id: 127428993486016] [trace] zexCounterBasedEventCreate2(hContext, hDevice, desc, phEvent)
[2026-10-08 05:38:18.948] [thread-id: 127428993486016] [trace] SUCCESS (ZE_RESULT_SUCCESS) in zexCounterBasedEventCreate2(hContext=0x3e891738, hDevice=0x3e87af28, desc=0x7ffe885fd570, phEvent=0x3e8d94e8)
<LEVEL_ZERO>[DEBUG]: ze_event_pool_desc_t flags set to: 1
[2026-10-08 05:38:18.948] [thread-id: 127428993486016] [trace] zexCounterBasedEventCreate2(hContext, hDevice, desc, phEvent)
[2026-10-08 05:38:18.948] [thread-id: 127428993486016] [trace] SUCCESS (ZE_RESULT_SUCCESS) in zexCounterBasedEventCreate2(hContext=0x3e891738, hDevice=0x3e87af28, desc=0x7ffe885fd570, phEvent=0x3e8d9be8)
<LEVEL_ZERO>[DEBUG]: ze_event_pool_desc_t flags set to: 1
[2026-10-08 05:38:18.948] [thread-id: 127428993486016] [trace] zexCounterBasedEventCreate2(hContext, hDevice, desc, phEvent)
[2026-10-08 05:38:18.948] [thread-id: 127428993486016] [trace] SUCCESS (ZE_RESULT_SUCCESS) in zexCounterBasedEventCreate2(hContext=0x3e891738, hDevice=0x3e87af28, desc=0x7ffe885fd570, phEvent=0x3e8da0f8)
<LEVEL_ZERO>[DEBUG]: ze_event_pool_desc_t flags set to: 1
[2026-10-08 05:38:18.948] [thread-id: 127428993486016] [trace] zexCounterBasedEventCreate2(hContext, hDevice, desc, phEvent)
[2026-10-08 05:38:18.948] [thread-id: 127428993486016] [trace] SUCCESS (ZE_RESULT_SUCCESS) in zexCounterBasedEventCreate2(hContext=0x3e891738, hDevice=0x3e87af28, desc=0x7ffe885fd570, phEvent=0x3e8da7f8)
<LEVEL_ZERO>[DEBUG]: ze_event_pool_desc_t flags set to: 1
[2026-10-08 05:38:18.948] [thread-id: 127428993486016] [trace] zexCounterBasedEventCreate2(hContext, hDevice, desc, phEvent)
[2026-10-08 05:38:18.948] [thread-id: 127428993486016] [trace] SUCCESS (ZE_RESULT_SUCCESS) in zexCounterBasedEventCreate2(hContext=0x3e891738, hDevice=0x3e87af28, desc=0x7ffe885fd570, phEvent=0x3e8dad08)
<LEVEL_ZERO>[DEBUG]: ze_event_pool_desc_t flags set to: 1
[2026-10-08 05:38:18.948] [thread-id: 127428993486016] [trace] zexCounterBasedEventCreate2(hContext, hDevice, desc, phEvent)
[2026-10-08 05:38:18.948] [thread-id: 127428993486016] [trace] SUCCESS (ZE_RESULT_SUCCESS) in zexCounterBasedEventCreate2(hContext=0x3e891738, hDevice=0x3e87af28, desc=0x7ffe885fd570, phEvent=0x3e8db408)
<LEVEL_ZERO>[DEBUG]: ze_event_pool_desc_t flags set to: 1
[2026-10-08 05:38:18.948] [thread-id: 127428993486016] [trace] zexCounterBasedEventCreate2(hContext, hDevice, desc, phEvent)
[2026-10-08 05:38:18.948] [thread-id: 127428993486016] [trace] SUCCESS (ZE_RESULT_SUCCESS) in zexCounterBasedEventCreate2(hContext=0x3e891738, hDevice=0x3e87af28, desc=0x7ffe885fd570, phEvent=0x3e8db918)
<LEVEL_ZERO>[DEBUG]: ze_event_pool_desc_t flags set to: 1
[2026-10-08 05:38:18.948] [thread-id: 127428993486016] [trace] zexCounterBasedEventCreate2(hContext, hDevice, desc, phEvent)
[2026-10-08 05:38:18.948] [thread-id: 127428993486016] [trace] SUCCESS (ZE_RESULT_SUCCESS) in zexCounterBasedEventCreate2(hContext=0x3e891738, hDevice=0x3e87af28, desc=0x7ffe885fd570, phEvent=0x3e8dc018)
<LEVEL_ZERO>[DEBUG]: ze_event_pool_desc_t flags set to: 1
[2026-10-08 05:38:18.948] [thread-id: 127428993486016] [trace] zexCounterBasedEventCreate2(hContext, hDevice, desc, phEvent)
[2026-10-08 05:38:18.948] [thread-id: 127428993486016] [trace] SUCCESS (ZE_RESULT_SUCCESS) in zexCounterBasedEventCreate2(hContext=0x3e891738, hDevice=0x3e87af28, desc=0x7ffe885fd570, phEvent=0x3e8dc528)
<LEVEL_ZERO>[DEBUG]: ze_event_pool_desc_t flags set to: 1
[2026-10-08 05:38:18.948] [thread-id: 127428993486016] [trace] zexCounterBasedEventCreate2(hContext, hDevice, desc, phEvent)
[2026-10-08 05:38:18.948] [thread-id: 127428993486016] [trace] SUCCESS (ZE_RESULT_SUCCESS) in zexCounterBasedEventCreate2(hContext=0x3e891738, hDevice=0x3e87af28, desc=0x7ffe885fd570, phEvent=0x3e8dcc28)
<LEVEL_ZERO>[DEBUG]: ze_event_pool_desc_t flags set to: 1
[2026-10-08 05:38:18.948] [thread-id: 127428993486016] [trace] zexCounterBasedEventCreate2(hContext, hDevice, desc, phEvent)
[2026-10-08 05:38:18.948] [thread-id: 127428993486016] [trace] SUCCESS (ZE_RESULT_SUCCESS) in zexCounterBasedEventCreate2(hContext=0x3e891738, hDevice=0x3e87af28, desc=0x7ffe885fd570, phEvent=0x3e8dd138)
<LEVEL_ZERO>[DEBUG]: ze_event_pool_desc_t flags set to: 1
[2026-10-08 05:38:18.948] [thread-id: 127428993486016] [trace] zexCounterBasedEventCreate2(hContext, hDevice, desc, phEvent)
[2026-10-08 05:38:18.948] [thread-id: 127428993486016] [trace] SUCCESS (ZE_RESULT_SUCCESS) in zexCounterBasedEventCreate2(hContext=0x3e891738, hDevice=0x3e87af28, desc=0x7ffe885fd570, phEvent=0x3e8ddab8)
<LEVEL_ZERO>[DEBUG]: ze_event_pool_desc_t flags set to: 1
[2026-10-08 05:38:18.948] [thread-id: 127428993486016] [trace] zexCounterBasedEventCreate2(hContext, hDevice, desc, phEvent)
[2026-10-08 05:38:18.948] [thread-id: 127428993486016] [trace] SUCCESS (ZE_RESULT_SUCCESS) in zexCounterBasedEventCreate2(hContext=0x3e891738, hDevice=0x3e87af28, desc=0x7ffe885fd570, phEvent=0x3e8ddfc8)
<LEVEL_ZERO>[DEBUG]: ze_event_pool_desc_t flags set to: 1
[2026-10-08 05:38:18.948] [thread-id: 127428993486016] [trace] zexCounterBasedEventCreate2(hContext, hDevice, desc, phEvent)
[2026-10-08 05:38:18.948] [thread-id: 127428993486016] [trace] SUCCESS (ZE_RESULT_SUCCESS) in zexCounterBasedEventCreate2(hContext=0x3e891738, hDevice=0x3e87af28, desc=0x7ffe885fd570, phEvent=0x3e8de6c8)
<LEVEL_ZERO>[DEBUG]: ze_event_pool_desc_t flags set to: 1
[2026-10-08 05:38:18.948] [thread-id: 127428993486016] [trace] zexCounterBasedEventCreate2(hContext, hDevice, desc, phEvent)
[2026-10-08 05:38:18.948] [thread-id: 127428993486016] [trace] SUCCESS (ZE_RESULT_SUCCESS) in zexCounterBasedEventCreate2(hContext=0x3e891738, hDevice=0x3e87af28, desc=0x7ffe885fd570, phEvent=0x3e8debd8)
<LEVEL_ZERO>[DEBUG]: ze_event_pool_desc_t flags set to: 1
[2026-10-08 05:38:18.948] [thread-id: 127428993486016] [trace] zexCounterBasedEventCreate2(hContext, hDevice, desc, phEvent)
[2026-10-08 05:38:18.948] [thread-id: 127428993486016] [trace] SUCCESS (ZE_RESULT_SUCCESS) in zexCounterBasedEventCreate2(hContext=0x3e891738, hDevice=0x3e87af28, desc=0x7ffe885fd570, phEvent=0x3e8df2d8)
<LEVEL_ZERO>[DEBUG]: ze_event_pool_desc_t flags set to: 1
[2026-10-08 05:38:18.948] [thread-id: 127428993486016] [trace] zexCounterBasedEventCreate2(hContext, hDevice, desc, phEvent)
[2026-10-08 05:38:18.948] [thread-id: 127428993486016] [trace] SUCCESS (ZE_RESULT_SUCCESS) in zexCounterBasedEventCreate2(hContext=0x3e891738, hDevice=0x3e87af28, desc=0x7ffe885fd570, phEvent=0x3e8df7e8)
<LEVEL_ZERO>[DEBUG]: ze_event_pool_desc_t flags set to: 1
[2026-10-08 05:38:18.948] [thread-id: 127428993486016] [trace] zexCounterBasedEventCreate2(hContext, hDevice, desc, phEvent)
[2026-10-08 05:38:18.948] [thread-id: 127428993486016] [trace] SUCCESS (ZE_RESULT_SUCCESS) in zexCounterBasedEventCreate2(hContext=0x3e891738, hDevice=0x3e87af28, desc=0x7ffe885fd570, phEvent=0x3e8dfee8)
<LEVEL_ZERO>[DEBUG]: ze_event_pool_desc_t flags set to: 1
[2026-10-08 05:38:18.948] [thread-id: 127428993486016] [trace] zexCounterBasedEventCreate2(hContext, hDevice, desc, phEvent)
[2026-10-08 05:38:18.948] [thread-id: 127428993486016] [trace] SUCCESS (ZE_RESULT_SUCCESS) in zexCounterBasedEventCreate2(hContext=0x3e891738, hDevice=0x3e87af28, desc=0x7ffe885fd570, phEvent=0x3e8e03f8)
<LEVEL_ZERO>[DEBUG]: ze_event_pool_desc_t flags set to: 1
[2026-10-08 05:38:18.948] [thread-id: 127428993486016] [trace] zexCounterBasedEventCreate2(hContext, hDevice, desc, phEvent)
[2026-10-08 05:38:18.948] [thread-id: 127428993486016] [trace] SUCCESS (ZE_RESULT_SUCCESS) in zexCounterBasedEventCreate2(hContext=0x3e891738, hDevice=0x3e87af28, desc=0x7ffe885fd570, phEvent=0x3e8e0af8)
<LEVEL_ZERO>[DEBUG]: ze_event_pool_desc_t flags set to: 1
[2026-10-08 05:38:18.948] [thread-id: 127428993486016] [trace] zexCounterBasedEventCreate2(hContext, hDevice, desc, phEvent)
[2026-10-08 05:38:18.948] [thread-id: 127428993486016] [trace] SUCCESS (ZE_RESULT_SUCCESS) in zexCounterBasedEventCreate2(hContext=0x3e891738, hDevice=0x3e87af28, desc=0x7ffe885fd570, phEvent=0x3e8e1008)
<LEVEL_ZERO>[DEBUG]: ze_event_pool_desc_t flags set to: 1
[2026-10-08 05:38:18.948] [thread-id: 127428993486016] [trace] zexCounterBasedEventCreate2(hContext, hDevice, desc, phEvent)
[2026-10-08 05:38:18.948] [thread-id: 127428993486016] [trace] SUCCESS (ZE_RESULT_SUCCESS) in zexCounterBasedEventCreate2(hContext=0x3e891738, hDevice=0x3e87af28, desc=0x7ffe885fd570, phEvent=0x3e8e1708)
<LEVEL_ZERO>[DEBUG]: ze_event_pool_desc_t flags set to: 1
[2026-10-08 05:38:18.949] [thread-id: 127428993486016] [trace] zexCounterBasedEventCreate2(hContext, hDevice, desc, phEvent)
[2026-10-08 05:38:18.949] [thread-id: 127428993486016] [trace] SUCCESS (ZE_RESULT_SUCCESS) in zexCounterBasedEventCreate2(hContext=0x3e891738, hDevice=0x3e87af28, desc=0x7ffe885fd570, phEvent=0x3e8e1c18)
[2026-10-08 05:38:18.949] [thread-id: 127428993486016] [trace] zeCommandListAppendMemoryCopy(hCommandList, dstptr, srcptr, size, hSignalEvent, numWaitEvents, phWaitEventsLocal)
[2026-10-08 05:38:18.951] [thread-id: 127428993486016] [trace] SUCCESS (ZE_RESULT_SUCCESS) in zeCommandListAppendMemoryCopy(hCommandList=0x3e898d88, dstptr=0xffffffffff600000, srcptr=0x3e8a98a0, size=65536, hSignalEvent=0x3e8e1c18, numWaitEvents=0, phWaitEvents=nullptr)
   <--- urEnqueueUSMMemcpy(.hQueue = 0x3e8980a0, .blocking = 0, .pDst = 0xffffffffff600000, .pSrc = 0x3e8a98a0, .size = 65536, .numEventsInWaitList = 0, .phEventWaitList = nullptr, .phEvent = 0x7ffe885fdb70 (0x3e8e1600)) -> UR_RESULT_SUCCESS;
   ---> urEventWait
[2026-10-08 05:38:18.951] [thread-id: 127428993486016] [trace] zeEventHostSynchronize(hEvent, timeout)
[2026-10-08 05:38:18.951] [thread-id: 127428993486016] [trace] SUCCESS (ZE_RESULT_SUCCESS) in zeEventHostSynchronize(hEvent=0x3e8e1c18, timeout=18446744073709551615)
   <--- urEventWait(.numEvents = 1, .phEventWaitList = 0x7ffe885fdbc0 {0x3e8e1600}) -> UR_RESULT_SUCCESS;
   ---> urEventRelease
   <--- urEventRelease(.hEvent = 0x3e8e1600) -> UR_RESULT_SUCCESS;
   ---> urDeviceGetInfo
[2026-10-08 05:38:18.951] [thread-id: 127428993486016] [trace] zeDeviceGetComputeProperties(hDevice, pComputeProperties)
[2026-10-08 05:38:18.951] [thread-id: 127428993486016] [trace] SUCCESS (ZE_RESULT_SUCCESS) in zeDeviceGetComputeProperties(hDevice=0x3e87af28, pComputeProperties={stype=0x3e890280, maxTotalGroupSize=1024, maxGroupSizeX=1024, maxGroupSizeY=1024, maxGroupSizeZ=1024, maxGroupCountX=4294967295, maxGroupCountY=4294967295, maxGroupCountZ=4294967295, maxSharedLocalMemory=131072, numSubGroupSizes=2, subGroupSizes=16})
   <--- urDeviceGetInfo(.hDevice = 0x3e890040, .propName = UR_DEVICE_INFO_MAX_WORK_GROUPS_3D, .propSize = 24, .pPropValue = {4294967295, 4294967295, 4294967295}, .pPropSizeRet = nullptr) -> UR_RESULT_SUCCESS;
   ---> urDeviceSelectBinary
   <--- urDeviceSelectBinary(.hDevice = 0x3e890040, .pBinaries = 0x3e90aa50 ((struct ur_device_binary_t){.stype = UR_STRUCTURE_TYPE_CONTEXT_PROPERTIES, .pNext = nullptr, .pDeviceTargetSpec = 0x73e562c3d3c0 (spir64)}), .NumBinaries = 1, .pSelectedBinary = 0x7ffe885fd0cc (0)) -> UR_RESULT_SUCCESS;
   ---> urPlatformGetBackendOption
   <--- urPlatformGetBackendOption(.hPlatform = 0x3e88e810, .pFrontendOption = 0x7ffe885fcbd8 (-O2), .ppPlatformOption = 0x7ffe885fcba8 (0x73e55fcab975 (-ze-opt-level=2))) -> UR_RESULT_SUCCESS;
   ---> urDeviceGetInfo
   <--- urDeviceGetInfo(.hDevice = 0x3e890040, .propName = UR_DEVICE_INFO_VENDOR_ID, .propSize = 4, .pPropValue = 0x7ffe885fcb28 (32902), .pPropSizeRet = nullptr) -> UR_RESULT_SUCCESS;
   ---> urDeviceGetInfo
   <--- urDeviceGetInfo(.hDevice = 0x3e890040, .propName = UR_DEVICE_INFO_DEVICE_ID, .propSize = 0, .pPropValue = nullptr, .pPropSizeRet = 0x7ffe885fc9b0 (4)) -> UR_RESULT_SUCCESS;
   ---> urDeviceGetInfo
   <--- urDeviceGetInfo(.hDevice = 0x3e890040, .propName = UR_DEVICE_INFO_DEVICE_ID, .propSize = 4, .pPropValue = 0x7ffe885fcaf8 (57868), .pPropSizeRet = nullptr) -> UR_RESULT_SUCCESS;
   ---> urDeviceGetInfo
   <--- urDeviceGetInfo(.hDevice = 0x3e890040, .propName = UR_DEVICE_INFO_COMPILER_AVAILABLE, .propSize = 1, .pPropValue = 0x7ffe885fcb90 (true), .pPropSizeRet = nullptr) -> UR_RESULT_SUCCESS;
   ---> urProgramCreateWithIL
   <--- urProgramCreateWithIL(.hContext = 0x3e894b90, .pIL = 0x415b20, .length = 2080, .pProperties = nullptr, .phProgram = 0x7ffe885fccb0 (0x3e8d2a10)) -> UR_RESULT_SUCCESS;
   ---> urProgramBuildExp
[2026-10-08 05:38:18.952] [thread-id: 127428993486016] [trace] zeModuleCreate(hContext, hDevice, desc, phModule, phBuildLog)
[2026-10-08 05:38:18.953] [thread-id: 127428993486016] [trace] SUCCESS (ZE_RESULT_SUCCESS) in zeModuleCreate(hContext=0x3e891738, hDevice=0x3e87af28, desc={stype=0x7ffe885fc930, format=0x7ffe885fc940, inputSize=2080, pInputModule=3, pBuildFlags=" -ze-opt-level=2", pConstants={numConstants=0, pConstantIds=nullptr, pConstantValues=nullptr}}, phModule=0x3e8e5d18, phBuildLog=0x3e90b818)
[2026-10-08 05:38:18.953] [thread-id: 127428993486016] [trace] zeModuleGetProperties(hModule, pModuleProperties)
[2026-10-08 05:38:18.953] [thread-id: 127428993486016] [trace] SUCCESS (ZE_RESULT_SUCCESS) in zeModuleGetProperties(hModule=0x3e8e5d18, pModuleProperties={stype=0x7ffe885fc8a0, flags=0})
   <--- urProgramBuildExp(.hProgram = 0x3e8d2a10, .numDevices = 1, .phDevices = 0x3e90aa50 {0x3e890040}, .flags = 0, .pOptions = 0x3e90aa70 ( -ze-opt-level=2)) -> UR_RESULT_SUCCESS;
   ---> urProgramRetain
   <--- urProgramRetain(.hProgram = 0x3e8d2a10) -> UR_RESULT_SUCCESS;
   ---> urKernelCreate
[2026-10-08 05:38:18.953] [thread-id: 127428993486016] [trace] zeKernelCreate(hModule, desc, phKernel)
[2026-10-08 05:38:18.953] [thread-id: 127428993486016] [trace] SUCCESS (ZE_RESULT_SUCCESS) in zeKernelCreate(hModule=0x3e8e5d18, desc={stype=0x7ffe885fcfc0, flags=0, pKernelName="_ZTSZ4mainEUlN4sycl3_V12idILi1EEEE_"}, phKernel=0x3e922748)
[2026-10-08 05:38:18.953] [thread-id: 127428993486016] [trace] zeKernelGetName(hKernel, pSize, pName)
[2026-10-08 05:38:18.953] [thread-id: 127428993486016] [trace] SUCCESS (ZE_RESULT_SUCCESS) in zeKernelGetName(hKernel=0x3e922748, pSize=36, pName=nullptr)
[2026-10-08 05:38:18.953] [thread-id: 127428993486016] [trace] zeKernelGetName(hKernel, pSize, pName)
[2026-10-08 05:38:18.953] [thread-id: 127428993486016] [trace] SUCCESS (ZE_RESULT_SUCCESS) in zeKernelGetName(hKernel=0x3e922748, pSize=36, pName="_ZTSZ4mainEUlN4sycl3_V12idILi1EEEE_")
[2026-10-08 05:38:18.953] [thread-id: 127428993486016] [trace] zeKernelGetProperties(hKernel, pKernelProperties)
[2026-10-08 05:38:18.953] [thread-id: 127428993486016] [trace] SUCCESS (ZE_RESULT_SUCCESS) in zeKernelGetProperties(hKernel=0x3e922748, pKernelProperties={stype=0x3e903b48, numKernelArgs=1, requiredGroupSizeX=0, requiredGroupSizeY=0, requiredGroupSizeZ=0, requiredNumSubGroups=0, requiredSubgroupSize=0, maxSubgroupSize=32, maxNumSubgroups=32, localMemSize=0, privateMemSize=0, spillMemSize=0, uuid={kid=0, mid=0}})
   <--- urKernelCreate(.hProgram = 0x3e8d2a10, .pKernelName = 0x4131d2 (_ZTSZ4mainEUlN4sycl3_V12idILi1EEEE_), .phKernel = 0x7ffe885fd2e0 (0x3e91dd40)) -> UR_RESULT_SUCCESS;
   ---> urKernelSetExecInfo
[2026-10-08 05:38:18.953] [thread-id: 127428993486016] [trace] zeKernelSetIndirectAccess(hKernel, flags)
[2026-10-08 05:38:18.953] [thread-id: 127428993486016] [trace] SUCCESS (ZE_RESULT_SUCCESS) in zeKernelSetIndirectAccess(hKernel=0x3e922748, flags=7)
   <--- urKernelSetExecInfo(.hKernel = 0x3e91dd40, .propName = UR_KERNEL_EXEC_INFO_USM_INDIRECT_ACCESS, .propSize = 1, .pProperties = nullptr, .pPropValue = 0x7ffe885fd2df (true)) -> UR_RESULT_SUCCESS;
   ---> urKernelRetain
   <--- urKernelRetain(.hKernel = 0x3e91dd40) -> UR_RESULT_SUCCESS;
   ---> urKernelGetGroupInfo
   <--- urKernelGetGroupInfo(.hKernel = 0x3e91dd40, .hDevice = 0x3e890040, .propName = UR_KERNEL_GROUP_INFO_COMPILE_WORK_GROUP_SIZE, .propSize = 24, .pPropValue = {0, 0, 0}, .pPropSizeRet = nullptr) -> UR_RESULT_SUCCESS;
   ---> urEnqueueKernelLaunchWithArgsExp
[2026-10-08 05:38:18.953] [thread-id: 127428993486016] [trace] zeKernelSuggestGroupSize(hKernel, globalSizeX, globalSizeY, globalSizeZ, groupSizeX, groupSizeY, groupSizeZ)
[2026-10-08 05:38:18.953] [thread-id: 127428993486016] [trace] SUCCESS (ZE_RESULT_SUCCESS) in zeKernelSuggestGroupSize(hKernel=0x3e922748, globalSizeX=16384, globalSizeY=1, globalSizeZ=1, groupSizeX=1024, groupSizeY=1, groupSizeZ=1)
[2026-10-08 05:38:18.953] [thread-id: 127428993486016] [trace] zeKernelSetGroupSize(hKernel, groupSizeX, groupSizeY, groupSizeZ)
[2026-10-08 05:38:18.953] [thread-id: 127428993486016] [trace] SUCCESS (ZE_RESULT_SUCCESS) in zeKernelSetGroupSize(hKernel=0x3e922748, groupSizeX=1024, groupSizeY=1, groupSizeZ=1)
[2026-10-08 05:38:18.953] [thread-id: 127428993486016] [trace] zeCommandListAppendLaunchKernelWithArguments(hCommandList, hKernel, groupCounts, groupSizes, pArguments, pNext, hSignalEvent, numWaitEvents, phWaitEventsLocal)
[2026-10-08 05:38:18.954] [thread-id: 127428993486016] [trace] SUCCESS (ZE_RESULT_SUCCESS) in zeCommandListAppendLaunchKernelWithArguments(hCommandList=0x3e898d88, hKernel=0x3e922748, groupCounts={groupCountX=16, groupCountY=1, groupCountZ=1}, groupSizes={groupSizeX=1024, groupSizeY=1, groupSizeZ=1}, pArguments=0x3e922e90, pNext=nullptr, hSignalEvent=0x3e8e1c18, numWaitEvents=0, phWaitEvents=nullptr)
   <--- urEnqueueKernelLaunchWithArgsExp(.hQueue = 0x3e8980a0, .hKernel = 0x3e91dd40, .workDim = 1, .pGlobalWorkOffset = nullptr, .pGlobalWorkSize = 0x7ffe885fdaa0 (16384), .pLocalWorkSize = nullptr, .numArgs = 1, .pArgs = 0x3e91e8d0 {(struct ur_exp_kernel_arg_properties_t){.stype = UR_STRUCTURE_TYPE_EXP_KERNEL_ARG_PROPERTIES, .pNext = nullptr, .type = UR_EXP_KERNEL_ARG_TYPE_POINTER, .index = 0, .size = 8, .value = (union ur_exp_kernel_arg_value_t){.pointer = 0xffffffffff600000}}}, .launchPropList = nullptr, .numEventsInWaitList = 0, .phEventWaitList = nullptr, .phEvent = 0x7ffe885fd4c0 (0x3e8e1600)) -> UR_RESULT_SUCCESS;
   ---> urEventWait
[2026-10-08 05:38:18.954] [thread-id: 127428993486016] [trace] zeEventHostSynchronize(hEvent, timeout)
[2026-10-08 05:38:18.954] [thread-id: 127428993486016] [trace] SUCCESS (ZE_RESULT_SUCCESS) in zeEventHostSynchronize(hEvent=0x3e8e1c18, timeout=18446744073709551615)
   <--- urEventWait(.numEvents = 1, .phEventWaitList = 0x7ffe885fdbc0 {0x3e8e1600}) -> UR_RESULT_SUCCESS;
   ---> urEventRelease
   <--- urEventRelease(.hEvent = 0x3e8e1600) -> UR_RESULT_SUCCESS;
   ---> urEnqueueUSMMemcpy
[2026-10-08 05:38:18.954] [thread-id: 127428993486016] [trace] zeCommandListAppendMemoryCopy(hCommandList, dstptr, srcptr, size, hSignalEvent, numWaitEvents, phWaitEventsLocal)
[2026-10-08 05:38:18.954] [thread-id: 127428993486016] [trace] SUCCESS (ZE_RESULT_SUCCESS) in zeCommandListAppendMemoryCopy(hCommandList=0x3e898d88, dstptr=0x3e8b98b0, srcptr=0xffffffffff600000, size=65536, hSignalEvent=0x3e8e1c18, numWaitEvents=0, phWaitEvents=nullptr)
   <--- urEnqueueUSMMemcpy(.hQueue = 0x3e8980a0, .blocking = 0, .pDst = 0x3e8b98b0, .pSrc = 0xffffffffff600000, .size = 65536, .numEventsInWaitList = 0, .phEventWaitList = nullptr, .phEvent = 0x7ffe885fdb70 (0x3e8e1600)) -> UR_RESULT_SUCCESS;
   ---> urEventWait
[2026-10-08 05:38:18.954] [thread-id: 127428993486016] [trace] zeEventHostSynchronize(hEvent, timeout)
[2026-10-08 05:38:18.954] [thread-id: 127428993486016] [trace] SUCCESS (ZE_RESULT_SUCCESS) in zeEventHostSynchronize(hEvent=0x3e8e1c18, timeout=18446744073709551615)
   <--- urEventWait(.numEvents = 1, .phEventWaitList = 0x7ffe885fdbc0 {0x3e8e1600}) -> UR_RESULT_SUCCESS;
   ---> urEventRelease
   <--- urEventRelease(.hEvent = 0x3e8e1600) -> UR_RESULT_SUCCESS;
   ---> urEnqueueUSMMemcpy
[2026-10-08 05:38:18.954] [thread-id: 127428993486016] [trace] zeCommandListAppendMemoryCopy(hCommandList, dstptr, srcptr, size, hSignalEvent, numWaitEvents, phWaitEventsLocal)
[2026-10-08 05:38:18.954] [thread-id: 127428993486016] [trace] SUCCESS (ZE_RESULT_SUCCESS) in zeCommandListAppendMemoryCopy(hCommandList=0x3e898d88, dstptr=0xffffffffff600000, srcptr=0x3e8a98a0, size=65536, hSignalEvent=0x3e8e1c18, numWaitEvents=0, phWaitEvents=nullptr)
   <--- urEnqueueUSMMemcpy(.hQueue = 0x3e8980a0, .blocking = 0, .pDst = 0xffffffffff600000, .pSrc = 0x3e8a98a0, .size = 65536, .numEventsInWaitList = 0, .phEventWaitList = nullptr, .phEvent = 0x7ffe885fdb70 (0x3e8e1600)) -> UR_RESULT_SUCCESS;
   ---> urEventWait
[2026-10-08 05:38:18.954] [thread-id: 127428993486016] [trace] zeEventHostSynchronize(hEvent, timeout)
[2026-10-08 05:38:18.954] [thread-id: 127428993486016] [trace] SUCCESS (ZE_RESULT_SUCCESS) in zeEventHostSynchronize(hEvent=0x3e8e1c18, timeout=18446744073709551615)
   <--- urEventWait(.numEvents = 1, .phEventWaitList = 0x7ffe885fdbc0 {0x3e8e1600}) -> UR_RESULT_SUCCESS;
   ---> urEventRelease
   <--- urEventRelease(.hEvent = 0x3e8e1600) -> UR_RESULT_SUCCESS;
   ---> urDeviceGetInfo
   <--- urDeviceGetInfo(.hDevice = 0x3e890040, .propName = UR_DEVICE_INFO_MAX_WORK_GROUPS_3D, .propSize = 24, .pPropValue = {4294967295, 4294967295, 4294967295}, .pPropSizeRet = nullptr) -> UR_RESULT_SUCCESS;
   ---> urKernelGetGroupInfo
   <--- urKernelGetGroupInfo(.hKernel = 0x3e91dd40, .hDevice = 0x3e890040, .propName = UR_KERNEL_GROUP_INFO_COMPILE_WORK_GROUP_SIZE, .propSize = 24, .pPropValue = {0, 0, 0}, .pPropSizeRet = nullptr) -> UR_RESULT_SUCCESS;
   ---> urEnqueueKernelLaunchWithArgsExp
[2026-10-08 05:38:18.954] [thread-id: 127428993486016] [trace] zeKernelSuggestGroupSize(hKernel, globalSizeX, globalSizeY, globalSizeZ, groupSizeX, groupSizeY, groupSizeZ)
[2026-10-08 05:38:18.954] [thread-id: 127428993486016] [trace] SUCCESS (ZE_RESULT_SUCCESS) in zeKernelSuggestGroupSize(hKernel=0x3e922748, globalSizeX=16384, globalSizeY=1, globalSizeZ=1, groupSizeX=1024, groupSizeY=1, groupSizeZ=1)
[2026-10-08 05:38:18.954] [thread-id: 127428993486016] [trace] zeKernelSetGroupSize(hKernel, groupSizeX, groupSizeY, groupSizeZ)
[2026-10-08 05:38:18.954] [thread-id: 127428993486016] [trace] SUCCESS (ZE_RESULT_SUCCESS) in zeKernelSetGroupSize(hKernel=0x3e922748, groupSizeX=1024, groupSizeY=1, groupSizeZ=1)
[2026-10-08 05:38:18.954] [thread-id: 127428993486016] [trace] zeCommandListAppendLaunchKernelWithArguments(hCommandList, hKernel, groupCounts, groupSizes, pArguments, pNext, hSignalEvent, numWaitEvents, phWaitEventsLocal)
[2026-10-08 05:38:18.955] [thread-id: 127428993486016] [trace] SUCCESS (ZE_RESULT_SUCCESS) in zeCommandListAppendLaunchKernelWithArguments(hCommandList=0x3e898d88, hKernel=0x3e922748, groupCounts={groupCountX=16, groupCountY=1, groupCountZ=1}, groupSizes={groupSizeX=1024, groupSizeY=1, groupSizeZ=1}, pArguments=0x3e922e90, pNext=nullptr, hSignalEvent=0x3e8e1c18, numWaitEvents=0, phWaitEvents=nullptr)
   <--- urEnqueueKernelLaunchWithArgsExp(.hQueue = 0x3e8980a0, .hKernel = 0x3e91dd40, .workDim = 1, .pGlobalWorkOffset = nullptr, .pGlobalWorkSize = 0x7ffe885fdaa0 (16384), .pLocalWorkSize = nullptr, .numArgs = 1, .pArgs = 0x3e91e8d0 {(struct ur_exp_kernel_arg_properties_t){.stype = UR_STRUCTURE_TYPE_EXP_KERNEL_ARG_PROPERTIES, .pNext = nullptr, .type = UR_EXP_KERNEL_ARG_TYPE_POINTER, .index = 0, .size = 8, .value = (union ur_exp_kernel_arg_value_t){.pointer = 0xffffffffff600000}}}, .launchPropList = nullptr, .numEventsInWaitList = 0, .phEventWaitList = nullptr, .phEvent = 0x7ffe885fd4c0 (0x3e8e1600)) -> UR_RESULT_SUCCESS;
   ---> urEventWait
[2026-10-08 05:38:18.955] [thread-id: 127428993486016] [trace] zeEventHostSynchronize(hEvent, timeout)
[2026-10-08 05:38:18.955] [thread-id: 127428993486016] [trace] SUCCESS (ZE_RESULT_SUCCESS) in zeEventHostSynchronize(hEvent=0x3e8e1c18, timeout=18446744073709551615)
   <--- urEventWait(.numEvents = 1, .phEventWaitList = 0x7ffe885fdbc0 {0x3e8e1600}) -> UR_RESULT_SUCCESS;
   ---> urEventRelease
   <--- urEventRelease(.hEvent = 0x3e8e1600) -> UR_RESULT_SUCCESS;
   ---> urEnqueueUSMMemcpy
[2026-10-08 05:38:18.955] [thread-id: 127428993486016] [trace] zeCommandListAppendMemoryCopy(hCommandList, dstptr, srcptr, size, hSignalEvent, numWaitEvents, phWaitEventsLocal)
[2026-10-08 05:38:18.955] [thread-id: 127428993486016] [trace] SUCCESS (ZE_RESULT_SUCCESS) in zeCommandListAppendMemoryCopy(hCommandList=0x3e898d88, dstptr=0x3e8b98b0, srcptr=0xffffffffff600000, size=65536, hSignalEvent=0x3e8e1c18, numWaitEvents=0, phWaitEvents=nullptr)
   <--- urEnqueueUSMMemcpy(.hQueue = 0x3e8980a0, .blocking = 0, .pDst = 0x3e8b98b0, .pSrc = 0xffffffffff600000, .size = 65536, .numEventsInWaitList = 0, .phEventWaitList = nullptr, .phEvent = 0x7ffe885fdb70 (0x3e8e1600)) -> UR_RESULT_SUCCESS;
   ---> urEventWait
[2026-10-08 05:38:18.955] [thread-id: 127428993486016] [trace] zeEventHostSynchronize(hEvent, timeout)
[2026-10-08 05:38:18.955] [thread-id: 127428993486016] [trace] SUCCESS (ZE_RESULT_SUCCESS) in zeEventHostSynchronize(hEvent=0x3e8e1c18, timeout=18446744073709551615)
   <--- urEventWait(.numEvents = 1, .phEventWaitList = 0x7ffe885fdbc0 {0x3e8e1600}) -> UR_RESULT_SUCCESS;
   ---> urEventRelease
   <--- urEventRelease(.hEvent = 0x3e8e1600) -> UR_RESULT_SUCCESS;
   ---> urEnqueueUSMMemcpy
[2026-10-08 05:38:18.955] [thread-id: 127428993486016] [trace] zeCommandListAppendMemoryCopy(hCommandList, dstptr, srcptr, size, hSignalEvent, numWaitEvents, phWaitEventsLocal)
[2026-10-08 05:38:18.955] [thread-id: 127428993486016] [trace] SUCCESS (ZE_RESULT_SUCCESS) in zeCommandListAppendMemoryCopy(hCommandList=0x3e898d88, dstptr=0xffffffffff600000, srcptr=0x3e8a98a0, size=65536, hSignalEvent=0x3e8e1c18, numWaitEvents=0, phWaitEvents=nullptr)
   <--- urEnqueueUSMMemcpy(.hQueue = 0x3e8980a0, .blocking = 0, .pDst = 0xffffffffff600000, .pSrc = 0x3e8a98a0, .size = 65536, .numEventsInWaitList = 0, .phEventWaitList = nullptr, .phEvent = 0x7ffe885fdb70 (0x3e8e1600)) -> UR_RESULT_SUCCESS;
   ---> urEventWait
[2026-10-08 05:38:18.955] [thread-id: 127428993486016] [trace] zeEventHostSynchronize(hEvent, timeout)
[2026-10-08 05:38:18.955] [thread-id: 127428993486016] [trace] SUCCESS (ZE_RESULT_SUCCESS) in zeEventHostSynchronize(hEvent=0x3e8e1c18, timeout=18446744073709551615)
   <--- urEventWait(.numEvents = 1, .phEventWaitList = 0x7ffe885fdbc0 {0x3e8e1600}) -> UR_RESULT_SUCCESS;
   ---> urEventRelease
   <--- urEventRelease(.hEvent = 0x3e8e1600) -> UR_RESULT_SUCCESS;
   ---> urDeviceGetInfo
   <--- urDeviceGetInfo(.hDevice = 0x3e890040, .propName = UR_DEVICE_INFO_MAX_WORK_GROUPS_3D, .propSize = 24, .pPropValue = {4294967295, 4294967295, 4294967295}, .pPropSizeRet = nullptr) -> UR_RESULT_SUCCESS;
   ---> urKernelGetGroupInfo
   <--- urKernelGetGroupInfo(.hKernel = 0x3e91dd40, .hDevice = 0x3e890040, .propName = UR_KERNEL_GROUP_INFO_COMPILE_WORK_GROUP_SIZE, .propSize = 24, .pPropValue = {0, 0, 0}, .pPropSizeRet = nullptr) -> UR_RESULT_SUCCESS;
   ---> urEnqueueKernelLaunchWithArgsExp
[2026-10-08 05:38:18.955] [thread-id: 127428993486016] [trace] zeKernelSuggestGroupSize(hKernel, globalSizeX, globalSizeY, globalSizeZ, groupSizeX, groupSizeY, groupSizeZ)
[2026-10-08 05:38:18.955] [thread-id: 127428993486016] [trace] SUCCESS (ZE_RESULT_SUCCESS) in zeKernelSuggestGroupSize(hKernel=0x3e922748, globalSizeX=16384, globalSizeY=1, globalSizeZ=1, groupSizeX=1024, groupSizeY=1, groupSizeZ=1)
[2026-10-08 05:38:18.955] [thread-id: 127428993486016] [trace] zeKernelSetGroupSize(hKernel, groupSizeX, groupSizeY, groupSizeZ)
[2026-10-08 05:38:18.955] [thread-id: 127428993486016] [trace] SUCCESS (ZE_RESULT_SUCCESS) in zeKernelSetGroupSize(hKernel=0x3e922748, groupSizeX=1024, groupSizeY=1, groupSizeZ=1)
[2026-10-08 05:38:18.955] [thread-id: 127428993486016] [trace] zeCommandListAppendLaunchKernelWithArguments(hCommandList, hKernel, groupCounts, groupSizes, pArguments, pNext, hSignalEvent, numWaitEvents, phWaitEventsLocal)
[2026-10-08 05:38:18.955] [thread-id: 127428993486016] [trace] SUCCESS (ZE_RESULT_SUCCESS) in zeCommandListAppendLaunchKernelWithArguments(hCommandList=0x3e898d88, hKernel=0x3e922748, groupCounts={groupCountX=16, groupCountY=1, groupCountZ=1}, groupSizes={groupSizeX=1024, groupSizeY=1, groupSizeZ=1}, pArguments=0x3e922e90, pNext=nullptr, hSignalEvent=0x3e8e1c18, numWaitEvents=0, phWaitEvents=nullptr)
   <--- urEnqueueKernelLaunchWithArgsExp(.hQueue = 0x3e8980a0, .hKernel = 0x3e91dd40, .workDim = 1, .pGlobalWorkOffset = nullptr, .pGlobalWorkSize = 0x7ffe885fdaa0 (16384), .pLocalWorkSize = nullptr, .numArgs = 1, .pArgs = 0x3e91e8d0 {(struct ur_exp_kernel_arg_properties_t){.stype = UR_STRUCTURE_TYPE_EXP_KERNEL_ARG_PROPERTIES, .pNext = nullptr, .type = UR_EXP_KERNEL_ARG_TYPE_POINTER, .index = 0, .size = 8, .value = (union ur_exp_kernel_arg_value_t){.pointer = 0xffffffffff600000}}}, .launchPropList = nullptr, .numEventsInWaitList = 0, .phEventWaitList = nullptr, .phEvent = 0x7ffe885fd4c0 (0x3e8e1600)) -> UR_RESULT_SUCCESS;
   ---> urEventWait
[2026-10-08 05:38:18.955] [thread-id: 127428993486016] [trace] zeEventHostSynchronize(hEvent, timeout)
[2026-10-08 05:38:18.955] [thread-id: 127428993486016] [trace] SUCCESS (ZE_RESULT_SUCCESS) in zeEventHostSynchronize(hEvent=0x3e8e1c18, timeout=18446744073709551615)
   <--- urEventWait(.numEvents = 1, .phEventWaitList = 0x7ffe885fdbc0 {0x3e8e1600}) -> UR_RESULT_SUCCESS;
   ---> urEventRelease
   <--- urEventRelease(.hEvent = 0x3e8e1600) -> UR_RESULT_SUCCESS;
   ---> urEnqueueUSMMemcpy
[2026-10-08 05:38:18.955] [thread-id: 127428993486016] [trace] zeCommandListAppendMemoryCopy(hCommandList, dstptr, srcptr, size, hSignalEvent, numWaitEvents, phWaitEventsLocal)
[2026-10-08 05:38:18.955] [thread-id: 127428993486016] [trace] SUCCESS (ZE_RESULT_SUCCESS) in zeCommandListAppendMemoryCopy(hCommandList=0x3e898d88, dstptr=0x3e8b98b0, srcptr=0xffffffffff600000, size=65536, hSignalEvent=0x3e8e1c18, numWaitEvents=0, phWaitEvents=nullptr)
   <--- urEnqueueUSMMemcpy(.hQueue = 0x3e8980a0, .blocking = 0, .pDst = 0x3e8b98b0, .pSrc = 0xffffffffff600000, .size = 65536, .numEventsInWaitList = 0, .phEventWaitList = nullptr, .phEvent = 0x7ffe885fdb70 (0x3e8e1600)) -> UR_RESULT_SUCCESS;
   ---> urEventWait
[2026-10-08 05:38:18.955] [thread-id: 127428993486016] [trace] zeEventHostSynchronize(hEvent, timeout)
[2026-10-08 05:38:18.955] [thread-id: 127428993486016] [trace] SUCCESS (ZE_RESULT_SUCCESS) in zeEventHostSynchronize(hEvent=0x3e8e1c18, timeout=18446744073709551615)
   <--- urEventWait(.numEvents = 1, .phEventWaitList = 0x7ffe885fdbc0 {0x3e8e1600}) -> UR_RESULT_SUCCESS;
   ---> urEventRelease
   <--- urEventRelease(.hEvent = 0x3e8e1600) -> UR_RESULT_SUCCESS;
   ---> urQueueFinish
[2026-10-08 05:38:18.955] [thread-id: 127428993486016] [trace] zeCommandListHostSynchronize(hCommandList, timeout)
[2026-10-08 05:38:18.955] [thread-id: 127428993486016] [trace] SUCCESS (ZE_RESULT_SUCCESS) in zeCommandListHostSynchronize(hCommandList=0x3e898d88, timeout=18446744073709551615)
   <--- urQueueFinish(.hQueue = 0x3e8980a0) -> UR_RESULT_SUCCESS;
   ---> urUSMFree
   <--- urUSMFree(.hContext = 0x3e894b90, .pMem = 0xffffffffff600000) -> UR_RESULT_SUCCESS;
   ---> urQueueRelease
[2026-10-08 05:38:18.955] [thread-id: 127428993486016] [trace] zeCommandListHostSynchronize(hCommandList, timeout)
[2026-10-08 05:38:18.955] [thread-id: 127428993486016] [trace] SUCCESS (ZE_RESULT_SUCCESS) in zeCommandListHostSynchronize(hCommandList=0x3e898d88, timeout=18446744073709551615)
   <--- urQueueRelease(.hQueue = 0x3e8980a0) -> UR_RESULT_SUCCESS;
   ---> urProgramRelease
   <--- urProgramRelease(.hProgram = 0x3e8d2a10) -> UR_RESULT_SUCCESS;
   ---> urKernelRelease
   <--- urKernelRelease(.hKernel = 0x3e91dd40) -> UR_RESULT_SUCCESS;
   ---> urProgramRelease
   <--- urProgramRelease(.hProgram = 0x3e8d2a10) -> UR_RESULT_SUCCESS;
   ---> urKernelRelease
[2026-10-08 05:38:18.956] [thread-id: 127428993486016] [trace] zeKernelDestroy(hKernel)
[2026-10-08 05:38:18.956] [thread-id: 127428993486016] [trace] SUCCESS (ZE_RESULT_SUCCESS) in zeKernelDestroy(hKernel=0x3e922748)
[2026-10-08 05:38:18.956] [thread-id: 127428993486016] [trace] zeModuleBuildLogDestroy(hModuleBuildLog)
[2026-10-08 05:38:18.956] [thread-id: 127428993486016] [trace] SUCCESS (ZE_RESULT_SUCCESS) in zeModuleBuildLogDestroy(hModuleBuildLog=0x3e90b818)
[2026-10-08 05:38:18.956] [thread-id: 127428993486016] [trace] zeModuleDestroy(hModule)
[2026-10-08 05:38:18.956] [thread-id: 127428993486016] [trace] SUCCESS (ZE_RESULT_SUCCESS) in zeModuleDestroy(hModule=0x3e8e5d18)
   <--- urKernelRelease(.hKernel = 0x3e91dd40) -> UR_RESULT_SUCCESS;
   ---> urContextRelease
[2026-10-08 05:38:18.956] [thread-id: 127428993486016] [trace] zeMemFreeExt(hContext, pMemFreeDesc, ptr)
[2026-10-08 05:38:18.956] [thread-id: 127428993486016] [trace] SUCCESS (ZE_RESULT_SUCCESS) in zeMemFreeExt(hContext=0x3e891738, pMemFreeDesc={stype=0x7ffe885fd900, freePolicy=1}, ptr=0xffffffffff600000)
[2026-10-08 05:38:18.956] [thread-id: 127428993486016] [trace] zeEventDestroy(hEvent)
[2026-10-08 05:38:18.956] [thread-id: 127428993486016] [trace] SUCCESS (ZE_RESULT_SUCCESS) in zeEventDestroy(hEvent=0x3e8ca528)
[2026-10-08 05:38:18.956] [thread-id: 127428993486016] [trace] zeEventDestroy(hEvent)
[2026-10-08 05:38:18.956] [thread-id: 127428993486016] [trace] SUCCESS (ZE_RESULT_SUCCESS) in zeEventDestroy(hEvent=0x3e8caa68)
[2026-10-08 05:38:18.956] [thread-id: 127428993486016] [trace] zeEventDestroy(hEvent)
[2026-10-08 05:38:18.956] [thread-id: 127428993486016] [trace] SUCCESS (ZE_RESULT_SUCCESS) in zeEventDestroy(hEvent=0x3e8cb168)
[2026-10-08 05:38:18.956] [thread-id: 127428993486016] [trace] zeEventDestroy(hEvent)
[2026-10-08 05:38:18.956] [thread-id: 127428993486016] [trace] SUCCESS (ZE_RESULT_SUCCESS) in zeEventDestroy(hEvent=0x3e8cb6c8)
[2026-10-08 05:38:18.956] [thread-id: 127428993486016] [trace] zeEventDestroy(hEvent)
[2026-10-08 05:38:18.956] [thread-id: 127428993486016] [trace] SUCCESS (ZE_RESULT_SUCCESS) in zeEventDestroy(hEvent=0x3e8cbdc8)
[2026-10-08 05:38:18.956] [thread-id: 127428993486016] [trace] zeEventDestroy(hEvent)
[2026-10-08 05:38:18.956] [thread-id: 127428993486016] [trace] SUCCESS (ZE_RESULT_SUCCESS) in zeEventDestroy(hEvent=0x3e8cc2d8)
[2026-10-08 05:38:18.956] [thread-id: 127428993486016] [trace] zeEventDestroy(hEvent)
[2026-10-08 05:38:18.956] [thread-id: 127428993486016] [trace] SUCCESS (ZE_RESULT_SUCCESS) in zeEventDestroy(hEvent=0x3e8cc9d8)
[2026-10-08 05:38:18.956] [thread-id: 127428993486016] [trace] zeEventDestroy(hEvent)
[2026-10-08 05:38:18.956] [thread-id: 127428993486016] [trace] SUCCESS (ZE_RESULT_SUCCESS) in zeEventDestroy(hEvent=0x3e8ccee8)
[2026-10-08 05:38:18.956] [thread-id: 127428993486016] [trace] zeEventDestroy(hEvent)
[2026-10-08 05:38:18.956] [thread-id: 127428993486016] [trace] SUCCESS (ZE_RESULT_SUCCESS) in zeEventDestroy(hEvent=0x3e8cd5e8)
[2026-10-08 05:38:18.956] [thread-id: 127428993486016] [trace] zeEventDestroy(hEvent)
[2026-10-08 05:38:18.956] [thread-id: 127428993486016] [trace] SUCCESS (ZE_RESULT_SUCCESS) in zeEventDestroy(hEvent=0x3e8cdb98)
[2026-10-08 05:38:18.956] [thread-id: 127428993486016] [trace] zeEventDestroy(hEvent)
[2026-10-08 05:38:18.956] [thread-id: 127428993486016] [trace] SUCCESS (ZE_RESULT_SUCCESS) in zeEventDestroy(hEvent=0x3e8ce298)
[2026-10-08 05:38:18.956] [thread-id: 127428993486016] [trace] zeEventDestroy(hEvent)
[2026-10-08 05:38:18.956] [thread-id: 127428993486016] [trace] SUCCESS (ZE_RESULT_SUCCESS) in zeEventDestroy(hEvent=0x3e8ce7a8)
[2026-10-08 05:38:18.956] [thread-id: 127428993486016] [trace] zeEventDestroy(hEvent)
[2026-10-08 05:38:18.956] [thread-id: 127428993486016] [trace] SUCCESS (ZE_RESULT_SUCCESS) in zeEventDestroy(hEvent=0x3e8ceea8)
[2026-10-08 05:38:18.956] [thread-id: 127428993486016] [trace] zeEventDestroy(hEvent)
[2026-10-08 05:38:18.956] [thread-id: 127428993486016] [trace] SUCCESS (ZE_RESULT_SUCCESS) in zeEventDestroy(hEvent=0x3e8cf3b8)
[2026-10-08 05:38:18.956] [thread-id: 127428993486016] [trace] zeEventDestroy(hEvent)
[2026-10-08 05:38:18.956] [thread-id: 127428993486016] [trace] SUCCESS (ZE_RESULT_SUCCESS) in zeEventDestroy(hEvent=0x3e8cfab8)
[2026-10-08 05:38:18.956] [thread-id: 127428993486016] [trace] zeEventDestroy(hEvent)
[2026-10-08 05:38:18.956] [thread-id: 127428993486016] [trace] SUCCESS (ZE_RESULT_SUCCESS) in zeEventDestroy(hEvent=0x3e8d00d8)
[2026-10-08 05:38:18.956] [thread-id: 127428993486016] [trace] zeEventDestroy(hEvent)
[2026-10-08 05:38:18.956] [thread-id: 127428993486016] [trace] SUCCESS (ZE_RESULT_SUCCESS) in zeEventDestroy(hEvent=0x3e8d07d8)
[2026-10-08 05:38:18.956] [thread-id: 127428993486016] [trace] zeEventDestroy(hEvent)
[2026-10-08 05:38:18.956] [thread-id: 127428993486016] [trace] SUCCESS (ZE_RESULT_SUCCESS) in zeEventDestroy(hEvent=0x3e8d0ce8)
[2026-10-08 05:38:18.956] [thread-id: 127428993486016] [trace] zeEventDestroy(hEvent)
[2026-10-08 05:38:18.957] [thread-id: 127428993486016] [trace] SUCCESS (ZE_RESULT_SUCCESS) in zeEventDestroy(hEvent=0x3e8d13e8)
[2026-10-08 05:38:18.957] [thread-id: 127428993486016] [trace] zeEventDestroy(hEvent)
[2026-10-08 05:38:18.957] [thread-id: 127428993486016] [trace] SUCCESS (ZE_RESULT_SUCCESS) in zeEventDestroy(hEvent=0x3e8d18f8)
[2026-10-08 05:38:18.957] [thread-id: 127428993486016] [trace] zeEventDestroy(hEvent)
[2026-10-08 05:38:18.957] [thread-id: 127428993486016] [trace] SUCCESS (ZE_RESULT_SUCCESS) in zeEventDestroy(hEvent=0x3e8d1ff8)
[2026-10-08 05:38:18.957] [thread-id: 127428993486016] [trace] zeEventDestroy(hEvent)
[2026-10-08 05:38:18.957] [thread-id: 127428993486016] [trace] SUCCESS (ZE_RESULT_SUCCESS) in zeEventDestroy(hEvent=0x3e8d2508)
[2026-10-08 05:38:18.957] [thread-id: 127428993486016] [trace] zeEventDestroy(hEvent)
[2026-10-08 05:38:18.957] [thread-id: 127428993486016] [trace] SUCCESS (ZE_RESULT_SUCCESS) in zeEventDestroy(hEvent=0x3e8d2d48)
[2026-10-08 05:38:18.957] [thread-id: 127428993486016] [trace] zeEventDestroy(hEvent)
[2026-10-08 05:38:18.957] [thread-id: 127428993486016] [trace] SUCCESS (ZE_RESULT_SUCCESS) in zeEventDestroy(hEvent=0x3e8d3258)
[2026-10-08 05:38:18.957] [thread-id: 127428993486016] [trace] zeEventDestroy(hEvent)
[2026-10-08 05:38:18.957] [thread-id: 127428993486016] [trace] SUCCESS (ZE_RESULT_SUCCESS) in zeEventDestroy(hEvent=0x3e8d3958)
[2026-10-08 05:38:18.957] [thread-id: 127428993486016] [trace] zeEventDestroy(hEvent)
[2026-10-08 05:38:18.957] [thread-id: 127428993486016] [trace] SUCCESS (ZE_RESULT_SUCCESS) in zeEventDestroy(hEvent=0x3e8d3e68)
[2026-10-08 05:38:18.957] [thread-id: 127428993486016] [trace] zeEventDestroy(hEvent)
[2026-10-08 05:38:18.957] [thread-id: 127428993486016] [trace] SUCCESS (ZE_RESULT_SUCCESS) in zeEventDestroy(hEvent=0x3e8d4568)
[2026-10-08 05:38:18.957] [thread-id: 127428993486016] [trace] zeEventDestroy(hEvent)
[2026-10-08 05:38:18.957] [thread-id: 127428993486016] [trace] SUCCESS (ZE_RESULT_SUCCESS) in zeEventDestroy(hEvent=0x3e8d4a78)
[2026-10-08 05:38:18.957] [thread-id: 127428993486016] [trace] zeEventDestroy(hEvent)
[2026-10-08 05:38:18.957] [thread-id: 127428993486016] [trace] SUCCESS (ZE_RESULT_SUCCESS) in zeEventDestroy(hEvent=0x3e8d5178)
[2026-10-08 05:38:18.957] [thread-id: 127428993486016] [trace] zeEventDestroy(hEvent)
[2026-10-08 05:38:18.957] [thread-id: 127428993486016] [trace] SUCCESS (ZE_RESULT_SUCCESS) in zeEventDestroy(hEvent=0x3e8d5688)
[2026-10-08 05:38:18.957] [thread-id: 127428993486016] [trace] zeEventDestroy(hEvent)
[2026-10-08 05:38:18.957] [thread-id: 127428993486016] [trace] SUCCESS (ZE_RESULT_SUCCESS) in zeEventDestroy(hEvent=0x3e8d5d88)
[2026-10-08 05:38:18.957] [thread-id: 127428993486016] [trace] zeEventDestroy(hEvent)
[2026-10-08 05:38:18.957] [thread-id: 127428993486016] [trace] SUCCESS (ZE_RESULT_SUCCESS) in zeEventDestroy(hEvent=0x3e8d64a8)
[2026-10-08 05:38:18.957] [thread-id: 127428993486016] [trace] zeEventDestroy(hEvent)
[2026-10-08 05:38:18.957] [thread-id: 127428993486016] [trace] SUCCESS (ZE_RESULT_SUCCESS) in zeEventDestroy(hEvent=0x3e8d6ba8)
[2026-10-08 05:38:18.957] [thread-id: 127428993486016] [trace] zeEventDestroy(hEvent)
[2026-10-08 05:38:18.957] [thread-id: 127428993486016] [trace] SUCCESS (ZE_RESULT_SUCCESS) in zeEventDestroy(hEvent=0x3e8d70b8)
[2026-10-08 05:38:18.957] [thread-id: 127428993486016] [trace] zeEventDestroy(hEvent)
[2026-10-08 05:38:18.957] [thread-id: 127428993486016] [trace] SUCCESS (ZE_RESULT_SUCCESS) in zeEventDestroy(hEvent=0x3e8d77b8)
[2026-10-08 05:38:18.957] [thread-id: 127428993486016] [trace] zeEventDestroy(hEvent)
[2026-10-08 05:38:18.957] [thread-id: 127428993486016] [trace] SUCCESS (ZE_RESULT_SUCCESS) in zeEventDestroy(hEvent=0x3e8d7cc8)
[2026-10-08 05:38:18.957] [thread-id: 127428993486016] [trace] zeEventDestroy(hEvent)
[2026-10-08 05:38:18.957] [thread-id: 127428993486016] [trace] SUCCESS (ZE_RESULT_SUCCESS) in zeEventDestroy(hEvent=0x3e8d83c8)
[2026-10-08 05:38:18.957] [thread-id: 127428993486016] [trace] zeEventDestroy(hEvent)
[2026-10-08 05:38:18.957] [thread-id: 127428993486016] [trace] SUCCESS (ZE_RESULT_SUCCESS) in zeEventDestroy(hEvent=0x3e8d88d8)
[2026-10-08 05:38:18.957] [thread-id: 127428993486016] [trace] zeEventDestroy(hEvent)
[2026-10-08 05:38:18.957] [thread-id: 127428993486016] [trace] SUCCESS (ZE_RESULT_SUCCESS) in zeEventDestroy(hEvent=0x3e8d8fd8)
[2026-10-08 05:38:18.957] [thread-id: 127428993486016] [trace] zeEventDestroy(hEvent)
[2026-10-08 05:38:18.957] [thread-id: 127428993486016] [trace] SUCCESS (ZE_RESULT_SUCCESS) in zeEventDestroy(hEvent=0x3e8d94e8)
[2026-10-08 05:38:18.957] [thread-id: 127428993486016] [trace] zeEventDestroy(hEvent)
[2026-10-08 05:38:18.957] [thread-id: 127428993486016] [trace] SUCCESS (ZE_RESULT_SUCCESS) in zeEventDestroy(hEvent=0x3e8d9be8)
[2026-10-08 05:38:18.957] [thread-id: 127428993486016] [trace] zeEventDestroy(hEvent)
[2026-10-08 05:38:18.957] [thread-id: 127428993486016] [trace] SUCCESS (ZE_RESULT_SUCCESS) in zeEventDestroy(hEvent=0x3e8da0f8)
[2026-10-08 05:38:18.957] [thread-id: 127428993486016] [trace] zeEventDestroy(hEvent)
[2026-10-08 05:38:18.957] [thread-id: 127428993486016] [trace] SUCCESS (ZE_RESULT_SUCCESS) in zeEventDestroy(hEvent=0x3e8da7f8)
[2026-10-08 05:38:18.957] [thread-id: 127428993486016] [trace] zeEventDestroy(hEvent)
[2026-10-08 05:38:18.957] [thread-id: 127428993486016] [trace] SUCCESS (ZE_RESULT_SUCCESS) in zeEventDestroy(hEvent=0x3e8dad08)
[2026-10-08 05:38:18.957] [thread-id: 127428993486016] [trace] zeEventDestroy(hEvent)
[2026-10-08 05:38:18.957] [thread-id: 127428993486016] [trace] SUCCESS (ZE_RESULT_SUCCESS) in zeEventDestroy(hEvent=0x3e8db408)
[2026-10-08 05:38:18.957] [thread-id: 127428993486016] [trace] zeEventDestroy(hEvent)
[2026-10-08 05:38:18.957] [thread-id: 127428993486016] [trace] SUCCESS (ZE_RESULT_SUCCESS) in zeEventDestroy(hEvent=0x3e8db918)
[2026-10-08 05:38:18.957] [thread-id: 127428993486016] [trace] zeEventDestroy(hEvent)
[2026-10-08 05:38:18.957] [thread-id: 127428993486016] [trace] SUCCESS (ZE_RESULT_SUCCESS) in zeEventDestroy(hEvent=0x3e8dc018)
[2026-10-08 05:38:18.957] [thread-id: 127428993486016] [trace] zeEventDestroy(hEvent)
[2026-10-08 05:38:18.957] [thread-id: 127428993486016] [trace] SUCCESS (ZE_RESULT_SUCCESS) in zeEventDestroy(hEvent=0x3e8dc528)
[2026-10-08 05:38:18.957] [thread-id: 127428993486016] [trace] zeEventDestroy(hEvent)
[2026-10-08 05:38:18.957] [thread-id: 127428993486016] [trace] SUCCESS (ZE_RESULT_SUCCESS) in zeEventDestroy(hEvent=0x3e8dcc28)
[2026-10-08 05:38:18.957] [thread-id: 127428993486016] [trace] zeEventDestroy(hEvent)
[2026-10-08 05:38:18.957] [thread-id: 127428993486016] [trace] SUCCESS (ZE_RESULT_SUCCESS) in zeEventDestroy(hEvent=0x3e8dd138)
[2026-10-08 05:38:18.957] [thread-id: 127428993486016] [trace] zeEventDestroy(hEvent)
[2026-10-08 05:38:18.957] [thread-id: 127428993486016] [trace] SUCCESS (ZE_RESULT_SUCCESS) in zeEventDestroy(hEvent=0x3e8ddab8)
[2026-10-08 05:38:18.957] [thread-id: 127428993486016] [trace] zeEventDestroy(hEvent)
[2026-10-08 05:38:18.957] [thread-id: 127428993486016] [trace] SUCCESS (ZE_RESULT_SUCCESS) in zeEventDestroy(hEvent=0x3e8ddfc8)
[2026-10-08 05:38:18.957] [thread-id: 127428993486016] [trace] zeEventDestroy(hEvent)
[2026-10-08 05:38:18.957] [thread-id: 127428993486016] [trace] SUCCESS (ZE_RESULT_SUCCESS) in zeEventDestroy(hEvent=0x3e8de6c8)
[2026-10-08 05:38:18.957] [thread-id: 127428993486016] [trace] zeEventDestroy(hEvent)
[2026-10-08 05:38:18.957] [thread-id: 127428993486016] [trace] SUCCESS (ZE_RESULT_SUCCESS) in zeEventDestroy(hEvent=0x3e8debd8)
[2026-10-08 05:38:18.957] [thread-id: 127428993486016] [trace] zeEventDestroy(hEvent)
[2026-10-08 05:38:18.957] [thread-id: 127428993486016] [trace] SUCCESS (ZE_RESULT_SUCCESS) in zeEventDestroy(hEvent=0x3e8df2d8)
[2026-10-08 05:38:18.957] [thread-id: 127428993486016] [trace] zeEventDestroy(hEvent)
[2026-10-08 05:38:18.957] [thread-id: 127428993486016] [trace] SUCCESS (ZE_RESULT_SUCCESS) in zeEventDestroy(hEvent=0x3e8df7e8)
[2026-10-08 05:38:18.957] [thread-id: 127428993486016] [trace] zeEventDestroy(hEvent)
[2026-10-08 05:38:18.957] [thread-id: 127428993486016] [trace] SUCCESS (ZE_RESULT_SUCCESS) in zeEventDestroy(hEvent=0x3e8dfee8)
[2026-10-08 05:38:18.957] [thread-id: 127428993486016] [trace] zeEventDestroy(hEvent)
[2026-10-08 05:38:18.957] [thread-id: 127428993486016] [trace] SUCCESS (ZE_RESULT_SUCCESS) in zeEventDestroy(hEvent=0x3e8e03f8)
[2026-10-08 05:38:18.957] [thread-id: 127428993486016] [trace] zeEventDestroy(hEvent)
[2026-10-08 05:38:18.957] [thread-id: 127428993486016] [trace] SUCCESS (ZE_RESULT_SUCCESS) in zeEventDestroy(hEvent=0x3e8e0af8)
[2026-10-08 05:38:18.957] [thread-id: 127428993486016] [trace] zeEventDestroy(hEvent)
[2026-10-08 05:38:18.957] [thread-id: 127428993486016] [trace] SUCCESS (ZE_RESULT_SUCCESS) in zeEventDestroy(hEvent=0x3e8e1008)
[2026-10-08 05:38:18.958] [thread-id: 127428993486016] [trace] zeEventDestroy(hEvent)
[2026-10-08 05:38:18.958] [thread-id: 127428993486016] [trace] SUCCESS (ZE_RESULT_SUCCESS) in zeEventDestroy(hEvent=0x3e8e1708)
[2026-10-08 05:38:18.958] [thread-id: 127428993486016] [trace] zeEventDestroy(hEvent)
[2026-10-08 05:38:18.958] [thread-id: 127428993486016] [trace] SUCCESS (ZE_RESULT_SUCCESS) in zeEventDestroy(hEvent=0x3e8e1c18)
[2026-10-08 05:38:18.958] [thread-id: 127428993486016] [trace] zeEventDestroy(hEvent)
[2026-10-08 05:38:18.958] [thread-id: 127428993486016] [trace] SUCCESS (ZE_RESULT_SUCCESS) in zeEventDestroy(hEvent=0x3e8c9a68)
[2026-10-08 05:38:18.958] [thread-id: 127428993486016] [trace] zeEventDestroy(hEvent)
[2026-10-08 05:38:18.958] [thread-id: 127428993486016] [trace] SUCCESS (ZE_RESULT_SUCCESS) in zeEventDestroy(hEvent=0x3e8c9e08)
[2026-10-08 05:38:18.958] [thread-id: 127428993486016] [trace] zeCommandListDestroy(hCommandList)
[2026-10-08 05:38:18.958] [thread-id: 127428993486016] [trace] SUCCESS (ZE_RESULT_SUCCESS) in zeCommandListDestroy(hCommandList=0x3e898d88)
[2026-10-08 05:38:18.958] [thread-id: 127428993486016] [trace] zeContextDestroy(hContext)
[2026-10-08 05:38:18.958] [thread-id: 127428993486016] [trace] SUCCESS (ZE_RESULT_SUCCESS) in zeContextDestroy(hContext=0x3e891738)
   <--- urContextRelease(.hContext = 0x3e894b90) -> UR_RESULT_SUCCESS;
   ---> urDeviceRelease
   <--- urDeviceRelease(.hDevice = 0x3e890040) -> UR_RESULT_SUCCESS;
   ---> urAdapterRelease
   <--- urAdapterRelease(.hAdapter = 0x3e694700) -> UR_RESULT_SUCCESS;
