<LOADER>[DEBUG]: Logger loader initialized successfully!
<LOADER>[INFO]: loaded adapter 0x0x32b1a980 (/opt/intel/oneapi/compiler/2026.1/lib/libur_adapter_level_zero_v2.so.0) from /opt/intel/oneapi/compiler/2026.1/lib/libur_adapter_level_zero_v2.so.0
   ---> urAdapterGet
<LEVEL_ZERO>[DEBUG]: zeInit with flags value of 1
[2026-10-08 05:36:18.087] [thread-id: 140063164226752] [info] Loader Version 1.32.0  - No git SHA found, compiled outside git folder.
[2026-10-08 05:36:18.090] [thread-id: 140063164226752] [info] Validation Layer Enabled
[2026-10-08 05:36:18.091] [thread-id: 140063164226752] [info] zeInit succeeded
[2026-10-08 05:36:18.091] [thread-id: 140063164226752] [trace] zeInit(flags)
[2026-10-08 05:36:18.168] [thread-id: 140063164226752] [trace] SUCCESS (ZE_RESULT_SUCCESS) in zeInit(flags=1)
<LEVEL_ZERO>[DEBUG]: Level Zero Loader version: 1.32.0
<LEVEL_ZERO>[DEBUG]: zeInitDrivers with flags value of 1
[2026-10-08 05:36:18.168] [thread-id: 140063164226752] [trace] zeInitDrivers(pCount, phDrivers, desc)
[2026-10-08 05:36:18.168] [thread-id: 140063164226752] [trace] SUCCESS (ZE_RESULT_SUCCESS) in zeInitDrivers(pCount=1, phDrivers=nullptr, desc={stype=0x32b19728, flags=1})
[2026-10-08 05:36:18.168] [thread-id: 140063164226752] [trace] zeInitDrivers(pCount, phDrivers, desc)
[2026-10-08 05:36:18.168] [thread-id: 140063164226752] [trace] SUCCESS (ZE_RESULT_SUCCESS) in zeInitDrivers(pCount=1, phDrivers=nullptr, desc={stype=0x32b19728, flags=1})
[2026-10-08 05:36:18.168] [thread-id: 140063164226752] [trace] zeDriverGet(pCount, phDrivers)
[2026-10-08 05:36:18.168] [thread-id: 140063164226752] [trace] SUCCESS (ZE_RESULT_SUCCESS) in zeDriverGet(pCount=1, phDrivers=nullptr)
[2026-10-08 05:36:18.168] [thread-id: 140063164226752] [trace] zeDriverGet(pCount, phDrivers)
[2026-10-08 05:36:18.168] [thread-id: 140063164226752] [trace] SUCCESS (ZE_RESULT_SUCCESS) in zeDriverGet(pCount=1, phDrivers=0x32cff980)
[2026-10-08 05:36:18.168] [thread-id: 140063164226752] [trace] zeDeviceGet(hDriver, pCount, phDevices)
[2026-10-08 05:36:18.168] [thread-id: 140063164226752] [trace] SUCCESS (ZE_RESULT_SUCCESS) in zeDeviceGet(hDriver=0x32cff9c8, pCount=1, phDevices=nullptr)
[2026-10-08 05:36:18.168] [thread-id: 140063164226752] [trace] zeDeviceGet(hDriver, pCount, phDevices)
[2026-10-08 05:36:18.168] [thread-id: 140063164226752] [trace] SUCCESS (ZE_RESULT_SUCCESS) in zeDeviceGet(hDriver=0x32cff9c8, pCount=1, phDevices=0x32d0c2b0)
[2026-10-08 05:36:18.168] [thread-id: 140063164226752] [trace] zeDeviceGetProperties(hDevice, pDeviceProperties)
[2026-10-08 05:36:18.168] [thread-id: 140063164226752] [trace] SUCCESS (ZE_RESULT_SUCCESS) in zeDeviceGetProperties(hDevice=0x32cfff28, pDeviceProperties={stype=0x7ffdd0722a40, type=0x7ffdd0722a50, vendorId=32902, deviceId=57868, flags=8, subdeviceId=0, coreClockRate=2750, maxMemAllocSize=10132807680, maxHardwareContexts=65536, maxCommandQueuePriority=0, numThreadsPerEU=8, physicalEUSimdWidth=16, numEUsPerSubslice=8, numSubslicesPerSlice=4, numSlices=5, timerResolution=52, timestampValidBits=64, kernelTimestampValidBits=64, uuid={id=134}, name="Intel(R) Arc(TM) B570 Graphics"})
<LEVEL_ZERO>[DEBUG]: 
zesInit with flags value of 0

[2026-10-08 05:36:18.168] [thread-id: 140063164226752] [trace] zesInit(flags)
[2026-10-08 05:36:18.170] [thread-id: 140063164226752] [trace] SUCCESS (ZE_RESULT_SUCCESS) in zesInit(flags=0)
[2026-10-08 05:36:18.170] [thread-id: 140063164226752] [trace] zeDriverGet(pCount, phDrivers)
[2026-10-08 05:36:18.170] [thread-id: 140063164226752] [trace] SUCCESS (ZE_RESULT_SUCCESS) in zeDriverGet(pCount=1, phDrivers=nullptr)
[2026-10-08 05:36:18.170] [thread-id: 140063164226752] [trace] zeDriverGet(pCount, phDrivers)
[2026-10-08 05:36:18.170] [thread-id: 140063164226752] [trace] SUCCESS (ZE_RESULT_SUCCESS) in zeDriverGet(pCount=1, phDrivers=0x32d13340)
[2026-10-08 05:36:18.170] [thread-id: 140063164226752] [trace] zeInitDrivers(pCount, phDrivers, desc)
[2026-10-08 05:36:18.170] [thread-id: 140063164226752] [trace] SUCCESS (ZE_RESULT_SUCCESS) in zeInitDrivers(pCount=1, phDrivers=0x32d13410, desc={stype=0x32b19728, flags=1})
[2026-10-08 05:36:18.170] [thread-id: 140063164226752] [trace] zeDriverGetProperties(hDriver, pDriverProperties)
[2026-10-08 05:36:18.170] [thread-id: 140063164226752] [trace] SUCCESS (ZE_RESULT_SUCCESS) in zeDriverGetProperties(hDriver=0x32cff9c8, pDriverProperties={stype=0x7ffdd0722990, uuid={id=227}, driverVersion=17013219})
[2026-10-08 05:36:18.170] [thread-id: 140063164226752] [trace] zeDriverGetProperties(hDriver, pDriverProperties)
[2026-10-08 05:36:18.170] [thread-id: 140063164226752] [trace] SUCCESS (ZE_RESULT_SUCCESS) in zeDriverGetProperties(hDriver=0x32cff9c8, pDriverProperties={stype=0x7ffdd0722b60, uuid={id=227}, driverVersion=17013219})
<LEVEL_ZERO>[DEBUG]: zeDriverHandle 0x32cff9c8 matched between zeDriverGet and zeInitDrivers. Not adding duplicate driver to list
<LEVEL_ZERO>[DEBUG]: 1 L0 Drivers found.
[2026-10-08 05:36:18.170] [thread-id: 140063164226752] [trace] zeDeviceGet(hDriver, pCount, phDevices)
[2026-10-08 05:36:18.170] [thread-id: 140063164226752] [trace] SUCCESS (ZE_RESULT_SUCCESS) in zeDeviceGet(hDriver=0x32cff9c8, pCount=1, phDevices=nullptr)
[2026-10-08 05:36:18.170] [thread-id: 140063164226752] [trace] zeDeviceGet(hDriver, pCount, phDevices)
[2026-10-08 05:36:18.170] [thread-id: 140063164226752] [trace] SUCCESS (ZE_RESULT_SUCCESS) in zeDeviceGet(hDriver=0x32cff9c8, pCount=1, phDevices=0x32d136b0)
[2026-10-08 05:36:18.171] [thread-id: 140063164226752] [trace] zeDeviceGetProperties(hDevice, pDeviceProperties)
[2026-10-08 05:36:18.171] [thread-id: 140063164226752] [trace] SUCCESS (ZE_RESULT_SUCCESS) in zeDeviceGetProperties(hDevice=0x32cfff28, pDeviceProperties={stype=0x7ffdd0722990, type=0x7ffdd07229a0, vendorId=32902, deviceId=57868, flags=8, subdeviceId=0, coreClockRate=2750, maxMemAllocSize=10132807680, maxHardwareContexts=65536, maxCommandQueuePriority=0, numThreadsPerEU=8, physicalEUSimdWidth=16, numEUsPerSubslice=8, numSubslicesPerSlice=4, numSlices=5, timerResolution=52, timestampValidBits=64, kernelTimestampValidBits=64, uuid={id=134}, name="Intel(R) Arc(TM) B570 Graphics"})
[2026-10-08 05:36:18.171] [thread-id: 140063164226752] [trace] zeDriverGetApiVersion(hDriver, version)
[2026-10-08 05:36:18.171] [thread-id: 140063164226752] [trace] SUCCESS (ZE_RESULT_SUCCESS) in zeDriverGetApiVersion(hDriver=0x32cff9c8, version=65553)
[2026-10-08 05:36:18.171] [thread-id: 140063164226752] [trace] zeDriverGetExtensionProperties(hDriver, pCount, pExtensionProperties)
[2026-10-08 05:36:18.171] [thread-id: 140063164226752] [trace] SUCCESS (ZE_RESULT_SUCCESS) in zeDriverGetExtensionProperties(hDriver=0x32cff9c8, pCount=63, pExtensionProperties=nullptr)
[2026-10-08 05:36:18.171] [thread-id: 140063164226752] [trace] zeDriverGetExtensionProperties(hDriver, pCount, pExtensionProperties)
[2026-10-08 05:36:18.171] [thread-id: 140063164226752] [trace] SUCCESS (ZE_RESULT_SUCCESS) in zeDriverGetExtensionProperties(hDriver=0x32cff9c8, pCount=63, pExtensionProperties={name="ZE_extension_device_cache_line_size", version=65536})
[2026-10-08 05:36:18.171] [thread-id: 140063164226752] [trace] zeDriverGetExtensionFunctionAddress(hDriver, name, ppFunctionAddress)
[2026-10-08 05:36:18.171] [thread-id: 140063164226752] [trace] SUCCESS (ZE_RESULT_SUCCESS) in zeDriverGetExtensionFunctionAddress(hDriver=0x32cff9c8, name="zeIntelGetDriverVersionString", ppFunctionAddress=0x7f62fb505c00)
[2026-10-08 05:36:18.171] [thread-id: 140063164226752] [trace] zeDriverGetProperties(hDriver, pDriverProperties)
[2026-10-08 05:36:18.171] [thread-id: 140063164226752] [trace] SUCCESS (ZE_RESULT_SUCCESS) in zeDriverGetProperties(hDriver=0x32cff9c8, pDriverProperties={stype=0x7ffdd0722850, uuid={id=227}, driverVersion=17013219})
<LEVEL_ZERO>[DEBUG]: Level Zero Driver version: 1.17.39395+14
[2026-10-08 05:36:18.171] [thread-id: 140063164226752] [trace] zeDriverGetExtensionFunctionAddress(hDriver, name, ppFunctionAddress)
[2026-10-08 05:36:18.171] [thread-id: 140063164226752] [trace] SUCCESS (ZE_RESULT_SUCCESS) in zeDriverGetExtensionFunctionAddress(hDriver=0x32cff9c8, name="zexDriverImportExternalPointer", ppFunctionAddress=0x7f62fb500a40)
[2026-10-08 05:36:18.171] [thread-id: 140063164226752] [trace] zeDriverGetExtensionFunctionAddress(hDriver, name, ppFunctionAddress)
[2026-10-08 05:36:18.171] [thread-id: 140063164226752] [trace] SUCCESS (ZE_RESULT_SUCCESS) in zeDriverGetExtensionFunctionAddress(hDriver=0x32cff9c8, name="zexDriverReleaseImportedPointer", ppFunctionAddress=0x7f62fb508e30)
[2026-10-08 05:36:18.171] [thread-id: 140063164226752] [trace] zeDriverGetExtensionFunctionAddress(hDriver, name, ppFunctionAddress)
[2026-10-08 05:36:18.171] [thread-id: 140063164226752] [trace] SUCCESS (ZE_RESULT_SUCCESS) in zeDriverGetExtensionFunctionAddress(hDriver=0x32cff9c8, name="zeImageGetDeviceOffsetExp", ppFunctionAddress=0x7f62fb50a190)
[2026-10-08 05:36:18.171] [thread-id: 140063164226752] [trace] zeDriverGetExtensionFunctionAddress(hDriver, name, ppFunctionAddress)
[2026-10-08 05:36:18.171] [thread-id: 140063164226752] [trace] SUCCESS (ZE_RESULT_SUCCESS) in zeDriverGetExtensionFunctionAddress(hDriver=0x32cff9c8, name="zeMemGetPitchFor2dImage", ppFunctionAddress=0x7f62fb50c550)
[2026-10-08 05:36:18.171] [thread-id: 140063164226752] [trace] zeDriverGetExtensionFunctionAddress(hDriver, name, ppFunctionAddress)
[2026-10-08 05:36:18.171] [thread-id: 140063164226752] [trace] SUCCESS (ZE_RESULT_SUCCESS) in zeDriverGetExtensionFunctionAddress(hDriver=0x32cff9c8, name="zeGraphGetIdExt", ppFunctionAddress=0x7f62fb4fadd0)
[2026-10-08 05:36:18.171] [thread-id: 140063164226752] [trace] zeDriverGetExtensionFunctionAddress(hDriver, name, ppFunctionAddress)
[2026-10-08 05:36:18.171] [thread-id: 140063164226752] [trace] SUCCESS (ZE_RESULT_SUCCESS) in zeDriverGetExtensionFunctionAddress(hDriver=0x32cff9c8, name="zeCommandListAppendHostFunction", ppFunctionAddress=0x7f62fb4de140)
[2026-10-08 05:36:18.171] [thread-id: 140063164226752] [trace] zesDriverGet(pCount, phDrivers)
[2026-10-08 05:36:18.171] [thread-id: 140063164226752] [trace] SUCCESS (ZE_RESULT_SUCCESS) in zesDriverGet(pCount=1, phDrivers=nullptr)
[2026-10-08 05:36:18.171] [thread-id: 140063164226752] [trace] zesDriverGet(pCount, phDrivers)
[2026-10-08 05:36:18.171] [thread-id: 140063164226752] [trace] SUCCESS (ZE_RESULT_SUCCESS) in zesDriverGet(pCount=1, phDrivers=0x32d145b0)
[2026-10-08 05:36:18.171] [thread-id: 140063164226752] [trace] zesDriverGetDeviceByUuidExp(hDriver, uuid, phDevice, onSubdevice, subdeviceId)
[2026-10-08 05:36:18.171] [thread-id: 140063164226752] [trace] SUCCESS (ZE_RESULT_SUCCESS) in zesDriverGetDeviceByUuidExp(hDriver=0x32d101c8, uuid={id=134}, phDevice=0x32b40058, onSubdevice=0, subdeviceId=0)
<LEVEL_ZERO>[DEBUG]: Initialized 1 platforms
   <--- urAdapterGet(.NumEntries = 0, .phAdapters = nullptr, .pNumAdapters = 0x7ffdd0723268 (1)) -> UR_RESULT_SUCCESS;
   ---> urAdapterGet
   <--- urAdapterGet(.NumEntries = 1, .phAdapters = 0x32d13690 {0x32b19700}, .pNumAdapters = nullptr) -> UR_RESULT_SUCCESS;
   ---> urAdapterGetInfo
   <--- urAdapterGetInfo(.hAdapter = 0x32b19700, .propName = UR_ADAPTER_INFO_BACKEND, .propSize = 4, .pPropValue = 0x7ffdd072325c (UR_BACKEND_LEVEL_ZERO), .pPropSizeRet = nullptr) -> UR_RESULT_SUCCESS;
   ---> urAdapterSetLoggerCallback
   <--- urAdapterSetLoggerCallback(.hAdapter = 0x32b19700, .pfnLoggerCallback = 0x7f63022e1420, .pUserData = nullptr, .level = UR_LOGGER_LEVEL_WARN) -> UR_RESULT_SUCCESS;
   ---> urPlatformGet
   <--- urPlatformGet(.hAdapter = 0x32b19700, .NumEntries = 0, .phPlatforms = nullptr, .pNumPlatforms = 0x7ffdd072319c (1)) -> UR_RESULT_SUCCESS;
   ---> urPlatformGet
   <--- urPlatformGet(.hAdapter = 0x32b19700, .NumEntries = 1, .phPlatforms = 0x32d13690 {0x32d13810}, .pNumPlatforms = nullptr) -> UR_RESULT_SUCCESS;
   ---> urPlatformGetInfo
   <--- urPlatformGetInfo(.hPlatform = 0x32d13810, .propName = UR_PLATFORM_INFO_BACKEND, .propSize = 4, .pPropValue = 0x7ffdd07231ac (UR_BACKEND_LEVEL_ZERO), .pPropSizeRet = nullptr) -> UR_RESULT_SUCCESS;
   ---> urDeviceGet
[2026-10-08 05:36:18.171] [thread-id: 140063164226752] [trace] zeDeviceGet(hDriver, pCount, phDevices)
[2026-10-08 05:36:18.171] [thread-id: 140063164226752] [trace] SUCCESS (ZE_RESULT_SUCCESS) in zeDeviceGet(hDriver=0x32cff9c8, pCount=1, phDevices=nullptr)
[2026-10-08 05:36:18.171] [thread-id: 140063164226752] [trace] zeDeviceGet(hDriver, pCount, phDevices)
[2026-10-08 05:36:18.171] [thread-id: 140063164226752] [trace] SUCCESS (ZE_RESULT_SUCCESS) in zeDeviceGet(hDriver=0x32cff9c8, pCount=1, phDevices=0x32d15000)
[2026-10-08 05:36:18.171] [thread-id: 140063164226752] [trace] zeDeviceGetProperties(hDevice, pDeviceProperties)
[2026-10-08 05:36:18.171] [thread-id: 140063164226752] [trace] SUCCESS (ZE_RESULT_SUCCESS) in zeDeviceGetProperties(hDevice=0x32cfff28, pDeviceProperties={stype=0x32d150e8, type=0x32d150f8, vendorId=32902, deviceId=57868, flags=8, subdeviceId=0, coreClockRate=2750, maxMemAllocSize=10132807680, maxHardwareContexts=65536, maxCommandQueuePriority=0, numThreadsPerEU=8, physicalEUSimdWidth=16, numEUsPerSubslice=8, numSubslicesPerSlice=4, numSlices=5, timerResolution=19200000, timestampValidBits=64, kernelTimestampValidBits=64, uuid={id=134}, name="Intel(R) Arc(TM) B570 Graphics"})
[2026-10-08 05:36:18.171] [thread-id: 140063164226752] [trace] zeDeviceGetProperties(hDevice, pDeviceProperties)
[2026-10-08 05:36:18.171] [thread-id: 140063164226752] [trace] SUCCESS (ZE_RESULT_SUCCESS) in zeDeviceGetProperties(hDevice=0x32cfff28, pDeviceProperties={stype=0x7ffdd07227a8, type=0x7ffdd07227b8, vendorId=32902, deviceId=57868, flags=8, subdeviceId=0, coreClockRate=2750, maxMemAllocSize=10132807680, maxHardwareContexts=65536, maxCommandQueuePriority=0, numThreadsPerEU=8, physicalEUSimdWidth=16, numEUsPerSubslice=8, numSubslicesPerSlice=4, numSlices=5, timerResolution=52, timestampValidBits=64, kernelTimestampValidBits=64, uuid={id=134}, name="Intel(R) Arc(TM) B570 Graphics"})
[2026-10-08 05:36:18.171] [thread-id: 140063164226752] [trace] zeDeviceGetCommandQueueGroupProperties(hDevice, pCount, pCommandQueueGroupProperties)
[2026-10-08 05:36:18.172] [thread-id: 140063164226752] [trace] SUCCESS (ZE_RESULT_SUCCESS) in zeDeviceGetCommandQueueGroupProperties(hDevice=0x32cfff28, pCount=2, pCommandQueueGroupProperties=nullptr)
<LEVEL_ZERO>[INFO]: Number of queue groups = 2
[2026-10-08 05:36:18.172] [thread-id: 140063164226752] [trace] zeDeviceGetCommandQueueGroupProperties(hDevice, pCount, pCommandQueueGroupProperties)
[2026-10-08 05:36:18.172] [thread-id: 140063164226752] [trace] SUCCESS (ZE_RESULT_SUCCESS) in zeDeviceGetCommandQueueGroupProperties(hDevice=0x32cfff28, pCount=2, pCommandQueueGroupProperties={stype=0x32b19610, flags=7, maxMemoryFillPatternSize=18446744073709551615, numQueues=1})
<LEVEL_ZERO>[INFO]: main blitter/copy engine is available
<LEVEL_ZERO>[INFO]: link blitter/copy engines are not available
[2026-10-08 05:36:18.172] [thread-id: 140063164226752] [trace] zeDeviceGetSubDevices(hDevice, pCount, phSubdevices)
[2026-10-08 05:36:18.172] [thread-id: 140063164226752] [trace] SUCCESS (ZE_RESULT_SUCCESS) in zeDeviceGetSubDevices(hDevice=0x32cfff28, pCount=0, phSubdevices=nullptr)
[2026-10-08 05:36:18.172] [thread-id: 140063164226752] [trace] zeDeviceGetSubDevices(hDevice, pCount, phSubdevices)
[2026-10-08 05:36:18.172] [thread-id: 140063164226752] [trace] SUCCESS (ZE_RESULT_SUCCESS) in zeDeviceGetSubDevices(hDevice=0x32cfff28, pCount=0, phSubdevices=0x32d15020)
[2026-10-08 05:36:18.172] [thread-id: 140063164226752] [trace] zeDeviceGetRootDevice(hDevice, phRootDevice)
[2026-10-08 05:36:18.172] [thread-id: 140063164226752] [trace] SUCCESS (ZE_RESULT_SUCCESS) in zeDeviceGetRootDevice(hDevice=0x32cfff28, phRootDevice=0x7ffdd0722c00)
[2026-10-08 05:36:18.172] [thread-id: 140063164226752] [trace] zeDeviceSynchronize(hDevice)
[2026-10-08 05:36:18.172] [thread-id: 140063164226752] [trace] SUCCESS (ZE_RESULT_SUCCESS) in zeDeviceSynchronize(hDevice=0x32cfff28)
[2026-10-08 05:36:18.172] [thread-id: 140063164226752] [trace] zeDeviceGetRootDevice(hDevice, phRootDevice)
[2026-10-08 05:36:18.172] [thread-id: 140063164226752] [trace] SUCCESS (ZE_RESULT_SUCCESS) in zeDeviceGetRootDevice(hDevice=0x32cfff28, phRootDevice=0x7ffdd0722cf0)
   <--- urDeviceGet(.hPlatform = 0x32d13810, .DeviceType = UR_DEVICE_TYPE_ALL, .NumEntries = 0, .phDevices = nullptr, .pNumDevices = 0x7ffdd072311c (1)) -> UR_RESULT_SUCCESS;
   ---> urDeviceGet
[2026-10-08 05:36:18.172] [thread-id: 140063164226752] [trace] zeDeviceGetRootDevice(hDevice, phRootDevice)
[2026-10-08 05:36:18.172] [thread-id: 140063164226752] [trace] SUCCESS (ZE_RESULT_SUCCESS) in zeDeviceGetRootDevice(hDevice=0x32cfff28, phRootDevice=0x7ffdd0722cf0)
   <--- urDeviceGet(.hPlatform = 0x32d13810, .DeviceType = UR_DEVICE_TYPE_ALL, .NumEntries = 1, .phDevices = 0x32d15000 {0x32d15040}, .pNumDevices = nullptr) -> UR_RESULT_SUCCESS;
   ---> urPlatformGetInfo
   <--- urPlatformGetInfo(.hPlatform = 0x32d13810, .propName = UR_PLATFORM_INFO_VERSION, .propSize = 0, .pPropValue = nullptr, .pPropSizeRet = 0x7ffdd0722cf0 (5)) -> UR_RESULT_SUCCESS;
   ---> urPlatformGetInfo
   <--- urPlatformGetInfo(.hPlatform = 0x32d13810, .propName = UR_PLATFORM_INFO_VERSION, .propSize = 5, .pPropValue = 0x7ffdd0722e58 (1.17), .pPropSizeRet = nullptr) -> UR_RESULT_SUCCESS;
   ---> urPlatformGetInfo
   <--- urPlatformGetInfo(.hPlatform = 0x32d13810, .propName = UR_PLATFORM_INFO_NAME, .propSize = 0, .pPropValue = nullptr, .pPropSizeRet = 0x7ffdd0722cf0 (51)) -> UR_RESULT_SUCCESS;
   ---> urPlatformGetInfo
   <--- urPlatformGetInfo(.hPlatform = 0x32d13810, .propName = UR_PLATFORM_INFO_NAME, .propSize = 51, .pPropValue = 0x32d15710 (Intel(R) oneAPI Unified Runtime over Level-Zero V2), .pPropSizeRet = nullptr) -> UR_RESULT_SUCCESS;
   ---> urDeviceGetInfo
   <--- urDeviceGetInfo(.hDevice = 0x32d15040, .propName = UR_DEVICE_INFO_PARENT_DEVICE, .propSize = 8, .pPropValue = 0x7ffdd0722cb0 (nullptr), .pPropSizeRet = nullptr) -> UR_RESULT_SUCCESS;
   ---> urDeviceGetInfo
   <--- urDeviceGetInfo(.hDevice = 0x32d15040, .propName = UR_DEVICE_INFO_TYPE, .propSize = 4, .pPropValue = 0x7ffdd0722c50 (UR_DEVICE_TYPE_GPU), .pPropSizeRet = nullptr) -> UR_RESULT_SUCCESS;
   ---> urDeviceGetInfo
   <--- urDeviceGetInfo(.hDevice = 0x32d15040, .propName = UR_DEVICE_INFO_USE_NATIVE_ASSERT, .propSize = 1, .pPropValue = 0x7ffdd0722c50 (true), .pPropSizeRet = nullptr) -> UR_RESULT_SUCCESS;
   ---> urDeviceGetInfo
[2026-10-08 05:36:18.172] [thread-id: 140063164226752] [trace] zeDeviceGetModuleProperties(hDevice, pModuleProperties)
[2026-10-08 05:36:18.172] [thread-id: 140063164226752] [trace] SUCCESS (ZE_RESULT_SUCCESS) in zeDeviceGetModuleProperties(hDevice=0x32cfff28, pModuleProperties={stype=0x32d15360, spirvVersionSupported=65541, flags=15, fp16flags=63, fp32flags=127, fp64flags=127, maxArgumentsSize=2048, printfBufferSize=4194304, nativeKernelSupported={id=0}})
[2026-10-08 05:36:18.172] [thread-id: 140063164226752] [trace] zeDeviceGetImageProperties(hDevice, pImageProperties)
[2026-10-08 05:36:18.172] [thread-id: 140063164226752] [trace] SUCCESS (ZE_RESULT_SUCCESS) in zeDeviceGetImageProperties(hDevice=0x32cfff28, pImageProperties={stype=0x32d15300, maxImageDims1D=16384, maxImageDims2D=16384, maxImageDims3D=2048, maxImageBufferSize=633300480, maxImageArraySlices=2048, maxSamplers=16, maxReadImageArgs=128, maxWriteImageArgs=128})
   <--- urDeviceGetInfo(.hDevice = 0x32d15040, .propName = UR_DEVICE_INFO_EXTENSIONS, .propSize = 0, .pPropValue = nullptr, .pPropSizeRet = 0x7ffdd0722bd8 (245)) -> UR_RESULT_SUCCESS;
   ---> urDeviceGetInfo
   <--- urDeviceGetInfo(.hDevice = 0x32d15040, .propName = UR_DEVICE_INFO_EXTENSIONS, .propSize = 245, .pPropValue = 0x32bcf740 (cl_khr_il_program cl_khr_subgroups cl_intel_subgroups cl_intel_subgroups_short cl_intel_required_subgroup_size cl_khr_fp16 cl_khr_fp64 cl_khr_int64_base_atomics cl_khr_int64_extended_atomics cl_khr_3d_image_writes cl_intel_bfloat16_conversions ), .pPropSizeRet = nullptr) -> UR_RESULT_SUCCESS;
   ---> urDeviceRetain
   <--- urDeviceRetain(.hDevice = 0x32d15040) -> UR_RESULT_SUCCESS;
   ---> urDeviceGetInfo
   <--- urDeviceGetInfo(.hDevice = 0x32d15040, .propName = UR_DEVICE_INFO_TYPE, .propSize = 4, .pPropValue = 0x7ffdd0722dcc (UR_DEVICE_TYPE_GPU), .pPropSizeRet = nullptr) -> UR_RESULT_SUCCESS;
   ---> urDeviceGetInfo
   <--- urDeviceGetInfo(.hDevice = 0x32d15040, .propName = UR_DEVICE_INFO_VENDOR_ID, .propSize = 4, .pPropValue = 0x7ffdd0722e48 (32902), .pPropSizeRet = nullptr) -> UR_RESULT_SUCCESS;
   ---> urDeviceGetInfo
   <--- urDeviceGetInfo(.hDevice = 0x32d15040, .propName = UR_DEVICE_INFO_DRIVER_VERSION, .propSize = 0, .pPropValue = nullptr, .pPropSizeRet = 0x7ffdd0722cf0 (14)) -> UR_RESULT_SUCCESS;
   ---> urDeviceGetInfo
   <--- urDeviceGetInfo(.hDevice = 0x32d15040, .propName = UR_DEVICE_INFO_DRIVER_VERSION, .propSize = 14, .pPropValue = 0x7ffdd0722e18 (1.17.39395+14), .pPropSizeRet = nullptr) -> UR_RESULT_SUCCESS;
   ---> urDeviceGetInfo
   <--- urDeviceGetInfo(.hDevice = 0x32d15040, .propName = UR_DEVICE_INFO_NAME, .propSize = 0, .pPropValue = nullptr, .pPropSizeRet = 0x7ffdd0722c30 (31)) -> UR_RESULT_SUCCESS;
   ---> urDeviceGetInfo
   <--- urDeviceGetInfo(.hDevice = 0x32d15040, .propName = UR_DEVICE_INFO_NAME, .propSize = 31, .pPropValue = 0x32d14fd0 (Intel(R) Arc(TM) B570 Graphics), .pPropSizeRet = nullptr) -> UR_RESULT_SUCCESS;
   ---> urPlatformGetInfo
   <--- urPlatformGetInfo(.hPlatform = 0x32d13810, .propName = UR_PLATFORM_INFO_BACKEND, .propSize = 4, .pPropValue = 0x7ffdd072300c (UR_BACKEND_LEVEL_ZERO), .pPropSizeRet = nullptr) -> UR_RESULT_SUCCESS;
   ---> urDeviceGetInfo
   <--- urDeviceGetInfo(.hDevice = 0x32d15040, .propName = UR_DEVICE_INFO_TYPE, .propSize = 4, .pPropValue = 0x7ffdd0723004 (UR_DEVICE_TYPE_GPU), .pPropSizeRet = nullptr) -> UR_RESULT_SUCCESS;
   ---> urDeviceRelease
   <--- urDeviceRelease(.hDevice = 0x32d15040) -> UR_RESULT_SUCCESS;
   ---> urDeviceGetInfo
   <--- urDeviceGetInfo(.hDevice = 0x32d15040, .propName = UR_DEVICE_INFO_SUPPORTED_PARTITIONS, .propSize = 0, .pPropValue = nullptr, .pPropSizeRet = 0x7ffdd0722ff8 (0)) -> UR_RESULT_SUCCESS;
   ---> urDeviceGet
[2026-10-08 05:36:18.173] [thread-id: 140063164226752] [trace] zeDeviceGetRootDevice(hDevice, phRootDevice)
[2026-10-08 05:36:18.173] [thread-id: 140063164226752] [trace] SUCCESS (ZE_RESULT_SUCCESS) in zeDeviceGetRootDevice(hDevice=0x32cfff28, phRootDevice=0x7ffdd0722e00)
   <--- urDeviceGet(.hPlatform = 0x32d13810, .DeviceType = UR_DEVICE_TYPE_ALL, .NumEntries = 0, .phDevices = nullptr, .pNumDevices = 0x7ffdd072322c (1)) -> UR_RESULT_SUCCESS;
   ---> urDeviceGet
[2026-10-08 05:36:18.173] [thread-id: 140063164226752] [trace] zeDeviceGetRootDevice(hDevice, phRootDevice)
[2026-10-08 05:36:18.173] [thread-id: 140063164226752] [trace] SUCCESS (ZE_RESULT_SUCCESS) in zeDeviceGetRootDevice(hDevice=0x32cfff28, phRootDevice=0x7ffdd0722e00)
   <--- urDeviceGet(.hPlatform = 0x32d13810, .DeviceType = UR_DEVICE_TYPE_ALL, .NumEntries = 1, .phDevices = 0x32d136b0 {0x32d15040}, .pNumDevices = nullptr) -> UR_RESULT_SUCCESS;
   ---> urPlatformGetInfo
   <--- urPlatformGetInfo(.hPlatform = 0x32d13810, .propName = UR_PLATFORM_INFO_VERSION, .propSize = 0, .pPropValue = nullptr, .pPropSizeRet = 0x7ffdd0722e00 (5)) -> UR_RESULT_SUCCESS;
   ---> urPlatformGetInfo
   <--- urPlatformGetInfo(.hPlatform = 0x32d13810, .propName = UR_PLATFORM_INFO_VERSION, .propSize = 5, .pPropValue = 0x7ffdd0722f68 (1.17), .pPropSizeRet = nullptr) -> UR_RESULT_SUCCESS;
   ---> urPlatformGetInfo
   <--- urPlatformGetInfo(.hPlatform = 0x32d13810, .propName = UR_PLATFORM_INFO_NAME, .propSize = 0, .pPropValue = nullptr, .pPropSizeRet = 0x7ffdd0722e00 (51)) -> UR_RESULT_SUCCESS;
   ---> urPlatformGetInfo
   <--- urPlatformGetInfo(.hPlatform = 0x32d13810, .propName = UR_PLATFORM_INFO_NAME, .propSize = 51, .pPropValue = 0x32d15c30 (Intel(R) oneAPI Unified Runtime over Level-Zero V2), .pPropSizeRet = nullptr) -> UR_RESULT_SUCCESS;
   ---> urDeviceGetInfo
   <--- urDeviceGetInfo(.hDevice = 0x32d15040, .propName = UR_DEVICE_INFO_TYPE, .propSize = 4, .pPropValue = 0x7ffdd0722edc (UR_DEVICE_TYPE_GPU), .pPropSizeRet = nullptr) -> UR_RESULT_SUCCESS;
   ---> urDeviceGetInfo
   <--- urDeviceGetInfo(.hDevice = 0x32d15040, .propName = UR_DEVICE_INFO_VENDOR_ID, .propSize = 4, .pPropValue = 0x7ffdd0722f58 (32902), .pPropSizeRet = nullptr) -> UR_RESULT_SUCCESS;
   ---> urDeviceGetInfo
   <--- urDeviceGetInfo(.hDevice = 0x32d15040, .propName = UR_DEVICE_INFO_DRIVER_VERSION, .propSize = 0, .pPropValue = nullptr, .pPropSizeRet = 0x7ffdd0722e00 (14)) -> UR_RESULT_SUCCESS;
   ---> urDeviceGetInfo
   <--- urDeviceGetInfo(.hDevice = 0x32d15040, .propName = UR_DEVICE_INFO_DRIVER_VERSION, .propSize = 14, .pPropValue = 0x7ffdd0722f28 (1.17.39395+14), .pPropSizeRet = nullptr) -> UR_RESULT_SUCCESS;
   ---> urPlatformGetInfo
   <--- urPlatformGetInfo(.hPlatform = 0x32d13810, .propName = UR_PLATFORM_INFO_BACKEND, .propSize = 4, .pPropValue = 0x7ffdd072311c (UR_BACKEND_LEVEL_ZERO), .pPropSizeRet = nullptr) -> UR_RESULT_SUCCESS;
   ---> urDeviceGetInfo
   <--- urDeviceGetInfo(.hDevice = 0x32d15040, .propName = UR_DEVICE_INFO_TYPE, .propSize = 4, .pPropValue = 0x7ffdd0723114 (UR_DEVICE_TYPE_GPU), .pPropSizeRet = nullptr) -> UR_RESULT_SUCCESS;
   ---> urDeviceRelease
   <--- urDeviceRelease(.hDevice = 0x32d15040) -> UR_RESULT_SUCCESS;
   ---> urDeviceGetInfo
   <--- urDeviceGetInfo(.hDevice = 0x32d15040, .propName = UR_DEVICE_INFO_SUPPORTED_PARTITIONS, .propSize = 0, .pPropValue = nullptr, .pPropSizeRet = 0x7ffdd0723108 (0)) -> UR_RESULT_SUCCESS;
   ---> urDeviceSelectBinary
   <--- urDeviceSelectBinary(.hDevice = 0x32d15040, .pBinaries = 0x7ffdd0723150 ((struct ur_device_binary_t){.stype = UR_STRUCTURE_TYPE_CONTEXT_PROPERTIES, .pNext = nullptr, .pDeviceTargetSpec = 0x7f63020623c0 (spir64)}), .NumBinaries = 1, .pSelectedBinary = 0x7ffdd0723174 (0)) -> UR_RESULT_SUCCESS;
   ---> urDeviceGet
[2026-10-08 05:36:18.173] [thread-id: 140063164226752] [trace] zeDeviceGetRootDevice(hDevice, phRootDevice)
[2026-10-08 05:36:18.173] [thread-id: 140063164226752] [trace] SUCCESS (ZE_RESULT_SUCCESS) in zeDeviceGetRootDevice(hDevice=0x32cfff28, phRootDevice=0x7ffdd0722d90)
   <--- urDeviceGet(.hPlatform = 0x32d13810, .DeviceType = UR_DEVICE_TYPE_ALL, .NumEntries = 0, .phDevices = nullptr, .pNumDevices = 0x7ffdd07231bc (1)) -> UR_RESULT_SUCCESS;
   ---> urDeviceGet
[2026-10-08 05:36:18.173] [thread-id: 140063164226752] [trace] zeDeviceGetRootDevice(hDevice, phRootDevice)
[2026-10-08 05:36:18.173] [thread-id: 140063164226752] [trace] SUCCESS (ZE_RESULT_SUCCESS) in zeDeviceGetRootDevice(hDevice=0x32cfff28, phRootDevice=0x7ffdd0722d90)
   <--- urDeviceGet(.hPlatform = 0x32d13810, .DeviceType = UR_DEVICE_TYPE_ALL, .NumEntries = 1, .phDevices = 0x32d15d00 {0x32d15040}, .pNumDevices = nullptr) -> UR_RESULT_SUCCESS;
   ---> urPlatformGetInfo
   <--- urPlatformGetInfo(.hPlatform = 0x32d13810, .propName = UR_PLATFORM_INFO_VERSION, .propSize = 0, .pPropValue = nullptr, .pPropSizeRet = 0x7ffdd0722d90 (5)) -> UR_RESULT_SUCCESS;
   ---> urPlatformGetInfo
   <--- urPlatformGetInfo(.hPlatform = 0x32d13810, .propName = UR_PLATFORM_INFO_VERSION, .propSize = 5, .pPropValue = 0x7ffdd0722ef8 (1.17), .pPropSizeRet = nullptr) -> UR_RESULT_SUCCESS;
   ---> urPlatformGetInfo
   <--- urPlatformGetInfo(.hPlatform = 0x32d13810, .propName = UR_PLATFORM_INFO_NAME, .propSize = 0, .pPropValue = nullptr, .pPropSizeRet = 0x7ffdd0722d90 (51)) -> UR_RESULT_SUCCESS;
   ---> urPlatformGetInfo
   <--- urPlatformGetInfo(.hPlatform = 0x32d13810, .propName = UR_PLATFORM_INFO_NAME, .propSize = 51, .pPropValue = 0x32d15710 (Intel(R) oneAPI Unified Runtime over Level-Zero V2), .pPropSizeRet = nullptr) -> UR_RESULT_SUCCESS;
   ---> urDeviceGetInfo
   <--- urDeviceGetInfo(.hDevice = 0x32d15040, .propName = UR_DEVICE_INFO_TYPE, .propSize = 4, .pPropValue = 0x7ffdd0722e6c (UR_DEVICE_TYPE_GPU), .pPropSizeRet = nullptr) -> UR_RESULT_SUCCESS;
   ---> urDeviceGetInfo
   <--- urDeviceGetInfo(.hDevice = 0x32d15040, .propName = UR_DEVICE_INFO_VENDOR_ID, .propSize = 4, .pPropValue = 0x7ffdd0722ee8 (32902), .pPropSizeRet = nullptr) -> UR_RESULT_SUCCESS;
   ---> urDeviceGetInfo
   <--- urDeviceGetInfo(.hDevice = 0x32d15040, .propName = UR_DEVICE_INFO_DRIVER_VERSION, .propSize = 0, .pPropValue = nullptr, .pPropSizeRet = 0x7ffdd0722d90 (14)) -> UR_RESULT_SUCCESS;
   ---> urDeviceGetInfo
   <--- urDeviceGetInfo(.hDevice = 0x32d15040, .propName = UR_DEVICE_INFO_DRIVER_VERSION, .propSize = 14, .pPropValue = 0x7ffdd0722eb8 (1.17.39395+14), .pPropSizeRet = nullptr) -> UR_RESULT_SUCCESS;
   ---> urPlatformGetInfo
   <--- urPlatformGetInfo(.hPlatform = 0x32d13810, .propName = UR_PLATFORM_INFO_BACKEND, .propSize = 4, .pPropValue = 0x7ffdd07230ac (UR_BACKEND_LEVEL_ZERO), .pPropSizeRet = nullptr) -> UR_RESULT_SUCCESS;
   ---> urDeviceGetInfo
   <--- urDeviceGetInfo(.hDevice = 0x32d15040, .propName = UR_DEVICE_INFO_TYPE, .propSize = 4, .pPropValue = 0x7ffdd07230a4 (UR_DEVICE_TYPE_GPU), .pPropSizeRet = nullptr) -> UR_RESULT_SUCCESS;
   ---> urDeviceRelease
   <--- urDeviceRelease(.hDevice = 0x32d15040) -> UR_RESULT_SUCCESS;
   ---> urDeviceGetInfo
   <--- urDeviceGetInfo(.hDevice = 0x32d15040, .propName = UR_DEVICE_INFO_SUPPORTED_PARTITIONS, .propSize = 0, .pPropValue = nullptr, .pPropSizeRet = 0x7ffdd0723098 (0)) -> UR_RESULT_SUCCESS;
   ---> urDeviceGet
[2026-10-08 05:36:18.173] [thread-id: 140063164226752] [trace] zeDeviceGetRootDevice(hDevice, phRootDevice)
[2026-10-08 05:36:18.173] [thread-id: 140063164226752] [trace] SUCCESS (ZE_RESULT_SUCCESS) in zeDeviceGetRootDevice(hDevice=0x32cfff28, phRootDevice=0x7ffdd0722ea0)
   <--- urDeviceGet(.hPlatform = 0x32d13810, .DeviceType = UR_DEVICE_TYPE_GPU, .NumEntries = 0, .phDevices = nullptr, .pNumDevices = 0x7ffdd07232cc (1)) -> UR_RESULT_SUCCESS;
   ---> urDeviceGet
[2026-10-08 05:36:18.173] [thread-id: 140063164226752] [trace] zeDeviceGetRootDevice(hDevice, phRootDevice)
[2026-10-08 05:36:18.173] [thread-id: 140063164226752] [trace] SUCCESS (ZE_RESULT_SUCCESS) in zeDeviceGetRootDevice(hDevice=0x32cfff28, phRootDevice=0x7ffdd0722ea0)
   <--- urDeviceGet(.hPlatform = 0x32d13810, .DeviceType = UR_DEVICE_TYPE_GPU, .NumEntries = 1, .phDevices = 0x32d15d20 {0x32d15040}, .pNumDevices = nullptr) -> UR_RESULT_SUCCESS;
   ---> urPlatformGetInfo
   <--- urPlatformGetInfo(.hPlatform = 0x32d13810, .propName = UR_PLATFORM_INFO_VERSION, .propSize = 0, .pPropValue = nullptr, .pPropSizeRet = 0x7ffdd0722ea0 (5)) -> UR_RESULT_SUCCESS;
   ---> urPlatformGetInfo
   <--- urPlatformGetInfo(.hPlatform = 0x32d13810, .propName = UR_PLATFORM_INFO_VERSION, .propSize = 5, .pPropValue = 0x7ffdd0723008 (1.17), .pPropSizeRet = nullptr) -> UR_RESULT_SUCCESS;
   ---> urPlatformGetInfo
   <--- urPlatformGetInfo(.hPlatform = 0x32d13810, .propName = UR_PLATFORM_INFO_NAME, .propSize = 0, .pPropValue = nullptr, .pPropSizeRet = 0x7ffdd0722ea0 (51)) -> UR_RESULT_SUCCESS;
   ---> urPlatformGetInfo
   <--- urPlatformGetInfo(.hPlatform = 0x32d13810, .propName = UR_PLATFORM_INFO_NAME, .propSize = 51, .pPropValue = 0x32d15c30 (Intel(R) oneAPI Unified Runtime over Level-Zero V2), .pPropSizeRet = nullptr) -> UR_RESULT_SUCCESS;
   ---> urDeviceGetInfo
   <--- urDeviceGetInfo(.hDevice = 0x32d15040, .propName = UR_DEVICE_INFO_TYPE, .propSize = 4, .pPropValue = 0x7ffdd0722f7c (UR_DEVICE_TYPE_GPU), .pPropSizeRet = nullptr) -> UR_RESULT_SUCCESS;
   ---> urDeviceGetInfo
   <--- urDeviceGetInfo(.hDevice = 0x32d15040, .propName = UR_DEVICE_INFO_VENDOR_ID, .propSize = 4, .pPropValue = 0x7ffdd0722ff8 (32902), .pPropSizeRet = nullptr) -> UR_RESULT_SUCCESS;
   ---> urDeviceGetInfo
   <--- urDeviceGetInfo(.hDevice = 0x32d15040, .propName = UR_DEVICE_INFO_DRIVER_VERSION, .propSize = 0, .pPropValue = nullptr, .pPropSizeRet = 0x7ffdd0722ea0 (14)) -> UR_RESULT_SUCCESS;
   ---> urDeviceGetInfo
   <--- urDeviceGetInfo(.hDevice = 0x32d15040, .propName = UR_DEVICE_INFO_DRIVER_VERSION, .propSize = 14, .pPropValue = 0x7ffdd0722fc8 (1.17.39395+14), .pPropSizeRet = nullptr) -> UR_RESULT_SUCCESS;
   ---> urPlatformGetInfo
   <--- urPlatformGetInfo(.hPlatform = 0x32d13810, .propName = UR_PLATFORM_INFO_BACKEND, .propSize = 4, .pPropValue = 0x7ffdd07231bc (UR_BACKEND_LEVEL_ZERO), .pPropSizeRet = nullptr) -> UR_RESULT_SUCCESS;
   ---> urDeviceGetInfo
   <--- urDeviceGetInfo(.hDevice = 0x32d15040, .propName = UR_DEVICE_INFO_TYPE, .propSize = 4, .pPropValue = 0x7ffdd07231b4 (UR_DEVICE_TYPE_GPU), .pPropSizeRet = nullptr) -> UR_RESULT_SUCCESS;
   ---> urDeviceRelease
   <--- urDeviceRelease(.hDevice = 0x32d15040) -> UR_RESULT_SUCCESS;
   ---> urDeviceGetInfo
   <--- urDeviceGetInfo(.hDevice = 0x32d15040, .propName = UR_DEVICE_INFO_SUPPORTED_PARTITIONS, .propSize = 0, .pPropValue = nullptr, .pPropSizeRet = 0x7ffdd07231a8 (0)) -> UR_RESULT_SUCCESS;
   ---> urDeviceGetInfo
[2026-10-08 05:36:18.174] [thread-id: 140063164226752] [trace] zeDevicePciGetPropertiesExt(hDevice, pPciProperties)
[2026-10-08 05:36:18.174] [thread-id: 140063164226752] [trace] SUCCESS (ZE_RESULT_SUCCESS) in zeDevicePciGetPropertiesExt(hDevice=0x32cfff28, pPciProperties={stype=0x7ffdd0722e70, address={domain=0, bus=5, device=0, function=0}, maxSpeed={genVersion=4, width=8, maxBandwidth=15753846153}})
   <--- urDeviceGetInfo(.hDevice = 0x32d15040, .propName = UR_DEVICE_INFO_PCI_ADDRESS, .propSize = 0, .pPropValue = nullptr, .pPropSizeRet = 0x7ffdd07232e8 (13)) -> UR_RESULT_SUCCESS;
   ---> urDeviceGetInfo
[2026-10-08 05:36:18.174] [thread-id: 140063164226752] [trace] zeDevicePciGetPropertiesExt(hDevice, pPciProperties)
[2026-10-08 05:36:18.174] [thread-id: 140063164226752] [trace] SUCCESS (ZE_RESULT_SUCCESS) in zeDevicePciGetPropertiesExt(hDevice=0x32cfff28, pPciProperties={stype=0x7ffdd0722f80, address={domain=0, bus=5, device=0, function=0}, maxSpeed={genVersion=4, width=8, maxBandwidth=15753846153}})
   <--- urDeviceGetInfo(.hDevice = 0x32d15040, .propName = UR_DEVICE_INFO_PCI_ADDRESS, .propSize = 0, .pPropValue = nullptr, .pPropSizeRet = 0x7ffdd07233f0 (13)) -> UR_RESULT_SUCCESS;
   ---> urDeviceGetInfo
[2026-10-08 05:36:18.174] [thread-id: 140063164226752] [trace] zeDevicePciGetPropertiesExt(hDevice, pPciProperties)
[2026-10-08 05:36:18.174] [thread-id: 140063164226752] [trace] SUCCESS (ZE_RESULT_SUCCESS) in zeDevicePciGetPropertiesExt(hDevice=0x32cfff28, pPciProperties={stype=0x7ffdd0722f80, address={domain=0, bus=5, device=0, function=0}, maxSpeed={genVersion=4, width=8, maxBandwidth=15753846153}})
   <--- urDeviceGetInfo(.hDevice = 0x32d15040, .propName = UR_DEVICE_INFO_PCI_ADDRESS, .propSize = 13, .pPropValue = 0x7ffdd0723440 (0000:05:00.0), .pPropSizeRet = nullptr) -> UR_RESULT_SUCCESS;
   ---> urDeviceGet
[2026-10-08 05:36:18.174] [thread-id: 140063164226752] [trace] zeDeviceGetRootDevice(hDevice, phRootDevice)
[2026-10-08 05:36:18.174] [thread-id: 140063164226752] [trace] SUCCESS (ZE_RESULT_SUCCESS) in zeDeviceGetRootDevice(hDevice=0x32cfff28, phRootDevice=0x7ffdd0722da0)
   <--- urDeviceGet(.hPlatform = 0x32d13810, .DeviceType = UR_DEVICE_TYPE_ALL, .NumEntries = 0, .phDevices = nullptr, .pNumDevices = 0x7ffdd07231cc (1)) -> UR_RESULT_SUCCESS;
   ---> urDeviceGet
[2026-10-08 05:36:18.174] [thread-id: 140063164226752] [trace] zeDeviceGetRootDevice(hDevice, phRootDevice)
[2026-10-08 05:36:18.174] [thread-id: 140063164226752] [trace] SUCCESS (ZE_RESULT_SUCCESS) in zeDeviceGetRootDevice(hDevice=0x32cfff28, phRootDevice=0x7ffdd0722da0)
   <--- urDeviceGet(.hPlatform = 0x32d13810, .DeviceType = UR_DEVICE_TYPE_ALL, .NumEntries = 1, .phDevices = 0x32d15d40 {0x32d15040}, .pNumDevices = nullptr) -> UR_RESULT_SUCCESS;
   ---> urPlatformGetInfo
   <--- urPlatformGetInfo(.hPlatform = 0x32d13810, .propName = UR_PLATFORM_INFO_VERSION, .propSize = 0, .pPropValue = nullptr, .pPropSizeRet = 0x7ffdd0722da0 (5)) -> UR_RESULT_SUCCESS;
   ---> urPlatformGetInfo
   <--- urPlatformGetInfo(.hPlatform = 0x32d13810, .propName = UR_PLATFORM_INFO_VERSION, .propSize = 5, .pPropValue = 0x7ffdd0722f08 (1.17), .pPropSizeRet = nullptr) -> UR_RESULT_SUCCESS;
   ---> urPlatformGetInfo
   <--- urPlatformGetInfo(.hPlatform = 0x32d13810, .propName = UR_PLATFORM_INFO_NAME, .propSize = 0, .pPropValue = nullptr, .pPropSizeRet = 0x7ffdd0722da0 (51)) -> UR_RESULT_SUCCESS;
   ---> urPlatformGetInfo
   <--- urPlatformGetInfo(.hPlatform = 0x32d13810, .propName = UR_PLATFORM_INFO_NAME, .propSize = 51, .pPropValue = 0x32d15c30 (Intel(R) oneAPI Unified Runtime over Level-Zero V2), .pPropSizeRet = nullptr) -> UR_RESULT_SUCCESS;
   ---> urDeviceGetInfo
   <--- urDeviceGetInfo(.hDevice = 0x32d15040, .propName = UR_DEVICE_INFO_TYPE, .propSize = 4, .pPropValue = 0x7ffdd0722e7c (UR_DEVICE_TYPE_GPU), .pPropSizeRet = nullptr) -> UR_RESULT_SUCCESS;
   ---> urDeviceGetInfo
   <--- urDeviceGetInfo(.hDevice = 0x32d15040, .propName = UR_DEVICE_INFO_VENDOR_ID, .propSize = 4, .pPropValue = 0x7ffdd0722ef8 (32902), .pPropSizeRet = nullptr) -> UR_RESULT_SUCCESS;
   ---> urDeviceGetInfo
   <--- urDeviceGetInfo(.hDevice = 0x32d15040, .propName = UR_DEVICE_INFO_DRIVER_VERSION, .propSize = 0, .pPropValue = nullptr, .pPropSizeRet = 0x7ffdd0722da0 (14)) -> UR_RESULT_SUCCESS;
   ---> urDeviceGetInfo
   <--- urDeviceGetInfo(.hDevice = 0x32d15040, .propName = UR_DEVICE_INFO_DRIVER_VERSION, .propSize = 14, .pPropValue = 0x7ffdd0722ec8 (1.17.39395+14), .pPropSizeRet = nullptr) -> UR_RESULT_SUCCESS;
   ---> urPlatformGetInfo
   <--- urPlatformGetInfo(.hPlatform = 0x32d13810, .propName = UR_PLATFORM_INFO_BACKEND, .propSize = 4, .pPropValue = 0x7ffdd07230bc (UR_BACKEND_LEVEL_ZERO), .pPropSizeRet = nullptr) -> UR_RESULT_SUCCESS;
   ---> urDeviceGetInfo
   <--- urDeviceGetInfo(.hDevice = 0x32d15040, .propName = UR_DEVICE_INFO_TYPE, .propSize = 4, .pPropValue = 0x7ffdd07230b4 (UR_DEVICE_TYPE_GPU), .pPropSizeRet = nullptr) -> UR_RESULT_SUCCESS;
   ---> urDeviceRelease
   <--- urDeviceRelease(.hDevice = 0x32d15040) -> UR_RESULT_SUCCESS;
   ---> urDeviceGetInfo
   <--- urDeviceGetInfo(.hDevice = 0x32d15040, .propName = UR_DEVICE_INFO_SUPPORTED_PARTITIONS, .propSize = 0, .pPropValue = nullptr, .pPropSizeRet = 0x7ffdd07230a8 (0)) -> UR_RESULT_SUCCESS;
   ---> urDeviceGetInfo
[2026-10-08 05:36:18.174] [thread-id: 140063164226752] [trace] zeDeviceGetSubDevices(hDevice, pCount, phSubdevices)
[2026-10-08 05:36:18.174] [thread-id: 140063164226752] [trace] SUCCESS (ZE_RESULT_SUCCESS) in zeDeviceGetSubDevices(hDevice=0x32cfff28, pCount=0, phSubdevices=nullptr)
   <--- urDeviceGetInfo(.hDevice = 0x32d15040, .propName = UR_DEVICE_INFO_COMPONENT_DEVICES, .propSize = 0, .pPropValue = nullptr, .pPropSizeRet = 0x7ffdd0722ec0 (0)) -> UR_RESULT_SUCCESS;
   ---> urContextCreate
[2026-10-08 05:36:18.174] [thread-id: 140063164226752] [trace] zeContextCreate(hDriver, desc, phContext)
[2026-10-08 05:36:18.174] [thread-id: 140063164226752] [trace] SUCCESS (ZE_RESULT_SUCCESS) in zeContextCreate(hDriver=0x32cff9c8, desc={stype=0x7ffdd0722df0, flags=0}, phContext=0x32d16738)
[2026-10-08 05:36:18.174] [thread-id: 140063164226752] [trace] zeMemAllocHost(hContext, host_desc, size, alignment, pptr)
[2026-10-08 05:36:18.175] [thread-id: 140063164226752] [trace] SUCCESS (ZE_RESULT_SUCCESS) in zeMemAllocHost(hContext=0x32d16738, host_desc={stype=0x7ffdd0722870, flags=0}, size=1, alignment=0, pptr=0x7f62ecbffe00)
[2026-10-08 05:36:18.175] [thread-id: 140063164226752] [trace] zeMemGetAllocProperties(hContext, ptr, pMemAllocProperties, phDevice)
[2026-10-08 05:36:18.175] [thread-id: 140063164226752] [trace] SUCCESS (ZE_RESULT_SUCCESS) in zeMemGetAllocProperties(hContext=0x32d16738, ptr=0x7f62ecbffe00, pMemAllocProperties={stype=0x7ffdd0722870, type=0x7ffdd0722880, id=1, pageSize=2097152}, phDevice=nullptr)
[2026-10-08 05:36:18.175] [thread-id: 140063164226752] [trace] zeMemFreeExt(hContext, pMemFreeDesc, ptr)
[2026-10-08 05:36:18.175] [thread-id: 140063164226752] [trace] SUCCESS (ZE_RESULT_SUCCESS) in zeMemFreeExt(hContext=0x32d16738, pMemFreeDesc={stype=0x7ffdd0722850, freePolicy=1}, ptr=0x7f62ecbffe00)
[2026-10-08 05:36:18.175] [thread-id: 140063164226752] [trace] zeDeviceGetProperties(hDevice, pDeviceProperties)
[2026-10-08 05:36:18.175] [thread-id: 140063164226752] [trace] SUCCESS (ZE_RESULT_SUCCESS) in zeDeviceGetProperties(hDevice=0x32cfff28, pDeviceProperties={stype=0x7f62ecf97068, type=0x7f62ecf97078, vendorId=32902, deviceId=57868, flags=8, subdeviceId=0, coreClockRate=2750, maxMemAllocSize=10132807680, maxHardwareContexts=65536, maxCommandQueuePriority=0, numThreadsPerEU=8, physicalEUSimdWidth=16, numEUsPerSubslice=8, numSubslicesPerSlice=4, numSlices=5, timerResolution=52, timestampValidBits=64, kernelTimestampValidBits=64, uuid={id=134}, name="Intel(R) Arc(TM) B570 Graphics"})
[2026-10-08 05:36:18.175] [thread-id: 140063164226752] [trace] zeMemAllocDevice(hContext, device_desc, size, alignment, hDevice, pptr)
[2026-10-08 05:36:18.175] [thread-id: 140063164226752] [trace] SUCCESS (ZE_RESULT_SUCCESS) in zeMemAllocDevice(hContext=0x32d16738, device_desc={stype=0x7ffdd0722830, flags=0, ordinal=0}, size=1, alignment=0, hDevice=0x32cfff28, pptr=0xffffffffff9ffe00)
[2026-10-08 05:36:18.175] [thread-id: 140063164226752] [trace] zeContextMakeMemoryResident(hContext, hDevice, ptr, size)
[2026-10-08 05:36:18.175] [thread-id: 140063164226752] [trace] SUCCESS (ZE_RESULT_SUCCESS) in zeContextMakeMemoryResident(hContext=0x32d16738, hDevice=0x32cfff28, ptr=0xffffffffff9ffe00, size=1)
[2026-10-08 05:36:18.175] [thread-id: 140063164226752] [trace] zeMemGetAllocProperties(hContext, ptr, pMemAllocProperties, phDevice)
[2026-10-08 05:36:18.175] [thread-id: 140063164226752] [trace] SUCCESS (ZE_RESULT_SUCCESS) in zeMemGetAllocProperties(hContext=0x32d16738, ptr=0xffffffffff9ffe00, pMemAllocProperties={stype=0x7ffdd0722870, type=0x7ffdd0722880, id=3, pageSize=65536}, phDevice=nullptr)
[2026-10-08 05:36:18.175] [thread-id: 140063164226752] [trace] zeMemFreeExt(hContext, pMemFreeDesc, ptr)
[2026-10-08 05:36:18.175] [thread-id: 140063164226752] [trace] SUCCESS (ZE_RESULT_SUCCESS) in zeMemFreeExt(hContext=0x32d16738, pMemFreeDesc={stype=0x7ffdd0722850, freePolicy=1}, ptr=0xffffffffff9ffe00)
[2026-10-08 05:36:18.175] [thread-id: 140063164226752] [trace] zeDeviceGetProperties(hDevice, pDeviceProperties)
[2026-10-08 05:36:18.175] [thread-id: 140063164226752] [trace] SUCCESS (ZE_RESULT_SUCCESS) in zeDeviceGetProperties(hDevice=0x32cfff28, pDeviceProperties={stype=0x7f62ecf8f068, type=0x7f62ecf8f078, vendorId=32902, deviceId=57868, flags=8, subdeviceId=0, coreClockRate=2750, maxMemAllocSize=10132807680, maxHardwareContexts=65536, maxCommandQueuePriority=0, numThreadsPerEU=8, physicalEUSimdWidth=16, numEUsPerSubslice=8, numSubslicesPerSlice=4, numSlices=5, timerResolution=52, timestampValidBits=64, kernelTimestampValidBits=64, uuid={id=134}, name="Intel(R) Arc(TM) B570 Graphics"})
[2026-10-08 05:36:18.175] [thread-id: 140063164226752] [trace] zeMemAllocShared(hContext, device_desc, host_desc, size, alignment, hDevice, pptr)
[2026-10-08 05:36:18.175] [thread-id: 140063164226752] [trace] SUCCESS (ZE_RESULT_SUCCESS) in zeMemAllocShared(hContext=0x32d16738, device_desc={stype=0x7ffdd0722870, flags=0, ordinal=0}, host_desc={stype=0x7ffdd0722850, flags=0}, size=1, alignment=0, hDevice=0x32cfff28, pptr=0x7f62ecc10000)
[2026-10-08 05:36:18.175] [thread-id: 140063164226752] [trace] zeMemGetAllocProperties(hContext, ptr, pMemAllocProperties, phDevice)
[2026-10-08 05:36:18.175] [thread-id: 140063164226752] [trace] SUCCESS (ZE_RESULT_SUCCESS) in zeMemGetAllocProperties(hContext=0x32d16738, ptr=0x7f62ecc10000, pMemAllocProperties={stype=0x7ffdd0722870, type=0x7ffdd0722880, id=5, pageSize=65536}, phDevice=nullptr)
[2026-10-08 05:36:18.175] [thread-id: 140063164226752] [trace] zeMemFreeExt(hContext, pMemFreeDesc, ptr)
[2026-10-08 05:36:18.176] [thread-id: 140063164226752] [trace] SUCCESS (ZE_RESULT_SUCCESS) in zeMemFreeExt(hContext=0x32d16738, pMemFreeDesc={stype=0x7ffdd0722850, freePolicy=1}, ptr=0x7f62ecc10000)
[2026-10-08 05:36:18.176] [thread-id: 140063164226752] [trace] zeDeviceGetProperties(hDevice, pDeviceProperties)
[2026-10-08 05:36:18.176] [thread-id: 140063164226752] [trace] SUCCESS (ZE_RESULT_SUCCESS) in zeDeviceGetProperties(hDevice=0x32cfff28, pDeviceProperties={stype=0x7f62ecc21068, type=0x7f62ecc21078, vendorId=32902, deviceId=57868, flags=8, subdeviceId=0, coreClockRate=2750, maxMemAllocSize=10132807680, maxHardwareContexts=65536, maxCommandQueuePriority=0, numThreadsPerEU=8, physicalEUSimdWidth=16, numEUsPerSubslice=8, numSubslicesPerSlice=4, numSlices=5, timerResolution=52, timestampValidBits=64, kernelTimestampValidBits=64, uuid={id=134}, name="Intel(R) Arc(TM) B570 Graphics"})
[2026-10-08 05:36:18.176] [thread-id: 140063164226752] [trace] zeMemAllocShared(hContext, device_desc, host_desc, size, alignment, hDevice, pptr)
[2026-10-08 05:36:18.176] [thread-id: 140063164226752] [trace] SUCCESS (ZE_RESULT_SUCCESS) in zeMemAllocShared(hContext=0x32d16738, device_desc={stype=0x7ffdd0722870, flags=0, ordinal=0}, host_desc={stype=0x7ffdd0722850, flags=0}, size=1, alignment=0, hDevice=0x32cfff28, pptr=0x7f62ecc10000)
[2026-10-08 05:36:18.176] [thread-id: 140063164226752] [trace] zeMemGetAllocProperties(hContext, ptr, pMemAllocProperties, phDevice)
[2026-10-08 05:36:18.176] [thread-id: 140063164226752] [trace] SUCCESS (ZE_RESULT_SUCCESS) in zeMemGetAllocProperties(hContext=0x32d16738, ptr=0x7f62ecc10000, pMemAllocProperties={stype=0x7ffdd0722870, type=0x7ffdd0722880, id=6, pageSize=65536}, phDevice=nullptr)
[2026-10-08 05:36:18.176] [thread-id: 140063164226752] [trace] zeMemFreeExt(hContext, pMemFreeDesc, ptr)
[2026-10-08 05:36:18.176] [thread-id: 140063164226752] [trace] SUCCESS (ZE_RESULT_SUCCESS) in zeMemFreeExt(hContext=0x32d16738, pMemFreeDesc={stype=0x7ffdd0722850, freePolicy=1}, ptr=0x7f62ecc10000)
[2026-10-08 05:36:18.176] [thread-id: 140063164226752] [trace] zeMemAllocHost(hContext, host_desc, size, alignment, pptr)
[2026-10-08 05:36:18.176] [thread-id: 140063164226752] [trace] SUCCESS (ZE_RESULT_SUCCESS) in zeMemAllocHost(hContext=0x32d16738, host_desc={stype=0x7ffdd0722870, flags=0}, size=1, alignment=0, pptr=0x7f62ecbffe00)
[2026-10-08 05:36:18.176] [thread-id: 140063164226752] [trace] zeMemGetAllocProperties(hContext, ptr, pMemAllocProperties, phDevice)
[2026-10-08 05:36:18.176] [thread-id: 140063164226752] [trace] SUCCESS (ZE_RESULT_SUCCESS) in zeMemGetAllocProperties(hContext=0x32d16738, ptr=0x7f62ecbffe00, pMemAllocProperties={stype=0x7ffdd0722870, type=0x7ffdd0722880, id=1, pageSize=2097152}, phDevice=nullptr)
[2026-10-08 05:36:18.176] [thread-id: 140063164226752] [trace] zeMemFreeExt(hContext, pMemFreeDesc, ptr)
[2026-10-08 05:36:18.176] [thread-id: 140063164226752] [trace] SUCCESS (ZE_RESULT_SUCCESS) in zeMemFreeExt(hContext=0x32d16738, pMemFreeDesc={stype=0x7ffdd0722850, freePolicy=1}, ptr=0x7f62ecbffe00)
[2026-10-08 05:36:18.176] [thread-id: 140063164226752] [trace] zeDeviceGetProperties(hDevice, pDeviceProperties)
[2026-10-08 05:36:18.176] [thread-id: 140063164226752] [trace] SUCCESS (ZE_RESULT_SUCCESS) in zeDeviceGetProperties(hDevice=0x32cfff28, pDeviceProperties={stype=0x7f62ecc19068, type=0x7f62ecc19078, vendorId=32902, deviceId=57868, flags=8, subdeviceId=0, coreClockRate=2750, maxMemAllocSize=10132807680, maxHardwareContexts=65536, maxCommandQueuePriority=0, numThreadsPerEU=8, physicalEUSimdWidth=16, numEUsPerSubslice=8, numSubslicesPerSlice=4, numSlices=5, timerResolution=52, timestampValidBits=64, kernelTimestampValidBits=64, uuid={id=134}, name="Intel(R) Arc(TM) B570 Graphics"})
[2026-10-08 05:36:18.176] [thread-id: 140063164226752] [trace] zeMemAllocDevice(hContext, device_desc, size, alignment, hDevice, pptr)
[2026-10-08 05:36:18.176] [thread-id: 140063164226752] [trace] SUCCESS (ZE_RESULT_SUCCESS) in zeMemAllocDevice(hContext=0x32d16738, device_desc={stype=0x7ffdd0722830, flags=0, ordinal=0}, size=1, alignment=0, hDevice=0x32cfff28, pptr=0xffffffffff9ffe00)
[2026-10-08 05:36:18.176] [thread-id: 140063164226752] [trace] zeContextMakeMemoryResident(hContext, hDevice, ptr, size)
[2026-10-08 05:36:18.176] [thread-id: 140063164226752] [trace] SUCCESS (ZE_RESULT_SUCCESS) in zeContextMakeMemoryResident(hContext=0x32d16738, hDevice=0x32cfff28, ptr=0xffffffffff9ffe00, size=1)
[2026-10-08 05:36:18.177] [thread-id: 140063164226752] [trace] zeMemGetAllocProperties(hContext, ptr, pMemAllocProperties, phDevice)
[2026-10-08 05:36:18.177] [thread-id: 140063164226752] [trace] SUCCESS (ZE_RESULT_SUCCESS) in zeMemGetAllocProperties(hContext=0x32d16738, ptr=0xffffffffff9ffe00, pMemAllocProperties={stype=0x7ffdd0722870, type=0x7ffdd0722880, id=3, pageSize=65536}, phDevice=nullptr)
[2026-10-08 05:36:18.177] [thread-id: 140063164226752] [trace] zeMemFreeExt(hContext, pMemFreeDesc, ptr)
[2026-10-08 05:36:18.177] [thread-id: 140063164226752] [trace] SUCCESS (ZE_RESULT_SUCCESS) in zeMemFreeExt(hContext=0x32d16738, pMemFreeDesc={stype=0x7ffdd0722850, freePolicy=1}, ptr=0xffffffffff9ffe00)
[2026-10-08 05:36:18.177] [thread-id: 140063164226752] [trace] zeDeviceGetProperties(hDevice, pDeviceProperties)
[2026-10-08 05:36:18.177] [thread-id: 140063164226752] [trace] SUCCESS (ZE_RESULT_SUCCESS) in zeDeviceGetProperties(hDevice=0x32cfff28, pDeviceProperties={stype=0x7f62ecc0c068, type=0x7f62ecc0c078, vendorId=32902, deviceId=57868, flags=8, subdeviceId=0, coreClockRate=2750, maxMemAllocSize=10132807680, maxHardwareContexts=65536, maxCommandQueuePriority=0, numThreadsPerEU=8, physicalEUSimdWidth=16, numEUsPerSubslice=8, numSubslicesPerSlice=4, numSlices=5, timerResolution=52, timestampValidBits=64, kernelTimestampValidBits=64, uuid={id=134}, name="Intel(R) Arc(TM) B570 Graphics"})
[2026-10-08 05:36:18.177] [thread-id: 140063164226752] [trace] zeMemAllocShared(hContext, device_desc, host_desc, size, alignment, hDevice, pptr)
[2026-10-08 05:36:18.177] [thread-id: 140063164226752] [trace] SUCCESS (ZE_RESULT_SUCCESS) in zeMemAllocShared(hContext=0x32d16738, device_desc={stype=0x7ffdd0722870, flags=0, ordinal=0}, host_desc={stype=0x7ffdd0722850, flags=0}, size=1, alignment=0, hDevice=0x32cfff28, pptr=0x7f62ec810000)
[2026-10-08 05:36:18.177] [thread-id: 140063164226752] [trace] zeMemGetAllocProperties(hContext, ptr, pMemAllocProperties, phDevice)
[2026-10-08 05:36:18.177] [thread-id: 140063164226752] [trace] SUCCESS (ZE_RESULT_SUCCESS) in zeMemGetAllocProperties(hContext=0x32d16738, ptr=0x7f62ec810000, pMemAllocProperties={stype=0x7ffdd0722870, type=0x7ffdd0722880, id=9, pageSize=65536}, phDevice=nullptr)
[2026-10-08 05:36:18.177] [thread-id: 140063164226752] [trace] zeMemFreeExt(hContext, pMemFreeDesc, ptr)
[2026-10-08 05:36:18.177] [thread-id: 140063164226752] [trace] SUCCESS (ZE_RESULT_SUCCESS) in zeMemFreeExt(hContext=0x32d16738, pMemFreeDesc={stype=0x7ffdd0722850, freePolicy=1}, ptr=0x7f62ec810000)
[2026-10-08 05:36:18.177] [thread-id: 140063164226752] [trace] zeDeviceGetProperties(hDevice, pDeviceProperties)
[2026-10-08 05:36:18.177] [thread-id: 140063164226752] [trace] SUCCESS (ZE_RESULT_SUCCESS) in zeDeviceGetProperties(hDevice=0x32cfff28, pDeviceProperties={stype=0x7f62ecc08068, type=0x7f62ecc08078, vendorId=32902, deviceId=57868, flags=8, subdeviceId=0, coreClockRate=2750, maxMemAllocSize=10132807680, maxHardwareContexts=65536, maxCommandQueuePriority=0, numThreadsPerEU=8, physicalEUSimdWidth=16, numEUsPerSubslice=8, numSubslicesPerSlice=4, numSlices=5, timerResolution=52, timestampValidBits=64, kernelTimestampValidBits=64, uuid={id=134}, name="Intel(R) Arc(TM) B570 Graphics"})
[2026-10-08 05:36:18.177] [thread-id: 140063164226752] [trace] zeMemAllocShared(hContext, device_desc, host_desc, size, alignment, hDevice, pptr)
[2026-10-08 05:36:18.178] [thread-id: 140063164226752] [trace] SUCCESS (ZE_RESULT_SUCCESS) in zeMemAllocShared(hContext=0x32d16738, device_desc={stype=0x7ffdd0722870, flags=0, ordinal=0}, host_desc={stype=0x7ffdd0722850, flags=0}, size=1, alignment=0, hDevice=0x32cfff28, pptr=0x7f62ec810000)
[2026-10-08 05:36:18.178] [thread-id: 140063164226752] [trace] zeMemGetAllocProperties(hContext, ptr, pMemAllocProperties, phDevice)
[2026-10-08 05:36:18.178] [thread-id: 140063164226752] [trace] SUCCESS (ZE_RESULT_SUCCESS) in zeMemGetAllocProperties(hContext=0x32d16738, ptr=0x7f62ec810000, pMemAllocProperties={stype=0x7ffdd0722870, type=0x7ffdd0722880, id=10, pageSize=65536}, phDevice=nullptr)
[2026-10-08 05:36:18.178] [thread-id: 140063164226752] [trace] zeMemFreeExt(hContext, pMemFreeDesc, ptr)
[2026-10-08 05:36:18.178] [thread-id: 140063164226752] [trace] SUCCESS (ZE_RESULT_SUCCESS) in zeMemFreeExt(hContext=0x32d16738, pMemFreeDesc={stype=0x7ffdd0722850, freePolicy=1}, ptr=0x7f62ec810000)
   <--- urContextCreate(.DeviceCount = 1, .phDevices = 0x32d15ce0 {0x32d15040}, .pProperties = nullptr, .phContext = 0x32d17c40 (0x32d19b90)) -> UR_RESULT_SUCCESS;
   ---> urQueueCreate
<LEVEL_ZERO>[INFO]: Copy offload is disabled by the environment variable.
<LEVEL_ZERO>[DEBUG]: create command list ordinal: 0, type: immediate, device: 0x32cfff28, inOrder: 1
[2026-10-08 05:36:18.178] [thread-id: 140063164226752] [trace] zeCommandListCreateImmediate(hContext, hDevice, altdesc, phCommandList)
[2026-10-08 05:36:18.180] [thread-id: 140063164226752] [trace] SUCCESS (ZE_RESULT_SUCCESS) in zeCommandListCreateImmediate(hContext=0x32d16738, hDevice=0x32cfff28, altdesc={stype=0x7ffdd0722d70, ordinal=0, index=0, flags=2, mode=0x7ffdd0722d8c, priority=0x7ffdd0722d90}, phCommandList=0x32d1dd88)
[2026-10-08 05:36:18.180] [thread-id: 140063164226752] [trace] zeDriverGetExtensionFunctionAddress(hDriver, name, ppFunctionAddress)
[2026-10-08 05:36:18.180] [thread-id: 140063164226752] [trace] SUCCESS (ZE_RESULT_SUCCESS) in zeDriverGetExtensionFunctionAddress(hDriver=0x32cff9c8, name="zexCounterBasedEventCreate2", ppFunctionAddress=0x7f62fb0e2c00)
   <--- urQueueCreate(.hContext = 0x32d19b90, .hDevice = 0x32d15040, .pProperties = 0x7ffdd0723350 ((struct ur_queue_properties_t){.stype = UR_STRUCTURE_TYPE_QUEUE_PROPERTIES, .pNext = nullptr, .flags = 0}), .phQueue = 0x7ffdd0723368 (0x32d1d0a0)) -> UR_RESULT_SUCCESS;
   ---> urDeviceGetInfo
[2026-10-08 05:36:18.180] [thread-id: 140063164226752] [trace] zeDeviceGetMemoryAccessProperties(hDevice, pMemAccessProperties)
[2026-10-08 05:36:18.180] [thread-id: 140063164226752] [trace] SUCCESS (ZE_RESULT_SUCCESS) in zeDeviceGetMemoryAccessProperties(hDevice=0x32cfff28, pMemAccessProperties={stype=0x32d15420, hostAllocCapabilities=3, deviceAllocCapabilities=3, sharedSingleDeviceAllocCapabilities=3, sharedCrossDeviceAllocCapabilities=0, sharedSystemAllocCapabilities=15})
   <--- urDeviceGetInfo(.hDevice = 0x32d15040, .propName = UR_DEVICE_INFO_USM_DEVICE_SUPPORT, .propSize = 4, .pPropValue = 0x7ffdd07231b4 (UR_DEVICE_USM_ACCESS_CAPABILITY_FLAG_ACCESS | UR_DEVICE_USM_ACCESS_CAPABILITY_FLAG_ATOMIC_ACCESS), .pPropSizeRet = nullptr) -> UR_RESULT_SUCCESS;
   ---> urUSMDeviceAlloc
[2026-10-08 05:36:18.180] [thread-id: 140063164226752] [trace] zeMemAllocDevice(hContext, device_desc, size, alignment, hDevice, pptr)
[2026-10-08 05:36:18.180] [thread-id: 140063164226752] [trace] SUCCESS (ZE_RESULT_SUCCESS) in zeMemAllocDevice(hContext=0x32d16738, device_desc={stype=0x7ffdd0722dc0, flags=0, ordinal=0}, size=65536, alignment=0, hDevice=0x32cfff28, pptr=0xffffffffff600000)
[2026-10-08 05:36:18.180] [thread-id: 140063164226752] [trace] zeContextMakeMemoryResident(hContext, hDevice, ptr, size)
[2026-10-08 05:36:18.180] [thread-id: 140063164226752] [trace] SUCCESS (ZE_RESULT_SUCCESS) in zeContextMakeMemoryResident(hContext=0x32d16738, hDevice=0x32cfff28, ptr=0xffffffffff600000, size=65536)
   <--- urUSMDeviceAlloc(.hContext = 0x32d19b90, .hDevice = 0x32d15040, .pUSMDesc = 0x7ffdd0723320 ((struct ur_usm_desc_t){.stype = UR_STRUCTURE_TYPE_CONTEXT_PROPERTIES, .pNext = nullptr, .hints = 0, .align = 4}), .pool = nullptr, .size = 65536, .ppMem = 0x7ffdd0723338 (0xffffffffff600000)) -> UR_RESULT_SUCCESS;
   ---> urEnqueueUSMMemcpy
<LEVEL_ZERO>[DEBUG]: ze_event_pool_desc_t flags set to: 1
[2026-10-08 05:36:18.181] [thread-id: 140063164226752] [trace] zexCounterBasedEventCreate2(hContext, hDevice, desc, phEvent)
[2026-10-08 05:36:18.181] [thread-id: 140063164226752] [trace] SUCCESS (ZE_RESULT_SUCCESS) in zexCounterBasedEventCreate2(hContext=0x32d16738, hDevice=0x32cfff28, desc=0x7ffdd0722d70, phEvent=0x32d4ea68)
<LEVEL_ZERO>[DEBUG]: ze_event_pool_desc_t flags set to: 1
[2026-10-08 05:36:18.181] [thread-id: 140063164226752] [trace] zexCounterBasedEventCreate2(hContext, hDevice, desc, phEvent)
[2026-10-08 05:36:18.181] [thread-id: 140063164226752] [trace] SUCCESS (ZE_RESULT_SUCCESS) in zexCounterBasedEventCreate2(hContext=0x32d16738, hDevice=0x32cfff28, desc=0x7ffdd0722d70, phEvent=0x32d4ee08)
<LEVEL_ZERO>[DEBUG]: ze_event_pool_desc_t flags set to: 1
[2026-10-08 05:36:18.181] [thread-id: 140063164226752] [trace] zexCounterBasedEventCreate2(hContext, hDevice, desc, phEvent)
[2026-10-08 05:36:18.181] [thread-id: 140063164226752] [trace] SUCCESS (ZE_RESULT_SUCCESS) in zexCounterBasedEventCreate2(hContext=0x32d16738, hDevice=0x32cfff28, desc=0x7ffdd0722d70, phEvent=0x32d4f528)
<LEVEL_ZERO>[DEBUG]: ze_event_pool_desc_t flags set to: 1
[2026-10-08 05:36:18.181] [thread-id: 140063164226752] [trace] zexCounterBasedEventCreate2(hContext, hDevice, desc, phEvent)
[2026-10-08 05:36:18.181] [thread-id: 140063164226752] [trace] SUCCESS (ZE_RESULT_SUCCESS) in zexCounterBasedEventCreate2(hContext=0x32d16738, hDevice=0x32cfff28, desc=0x7ffdd0722d70, phEvent=0x32d4fa68)
<LEVEL_ZERO>[DEBUG]: ze_event_pool_desc_t flags set to: 1
[2026-10-08 05:36:18.181] [thread-id: 140063164226752] [trace] zexCounterBasedEventCreate2(hContext, hDevice, desc, phEvent)
[2026-10-08 05:36:18.181] [thread-id: 140063164226752] [trace] SUCCESS (ZE_RESULT_SUCCESS) in zexCounterBasedEventCreate2(hContext=0x32d16738, hDevice=0x32cfff28, desc=0x7ffdd0722d70, phEvent=0x32d50168)
<LEVEL_ZERO>[DEBUG]: ze_event_pool_desc_t flags set to: 1
[2026-10-08 05:36:18.181] [thread-id: 140063164226752] [trace] zexCounterBasedEventCreate2(hContext, hDevice, desc, phEvent)
[2026-10-08 05:36:18.181] [thread-id: 140063164226752] [trace] SUCCESS (ZE_RESULT_SUCCESS) in zexCounterBasedEventCreate2(hContext=0x32d16738, hDevice=0x32cfff28, desc=0x7ffdd0722d70, phEvent=0x32d506c8)
<LEVEL_ZERO>[DEBUG]: ze_event_pool_desc_t flags set to: 1
[2026-10-08 05:36:18.181] [thread-id: 140063164226752] [trace] zexCounterBasedEventCreate2(hContext, hDevice, desc, phEvent)
[2026-10-08 05:36:18.181] [thread-id: 140063164226752] [trace] SUCCESS (ZE_RESULT_SUCCESS) in zexCounterBasedEventCreate2(hContext=0x32d16738, hDevice=0x32cfff28, desc=0x7ffdd0722d70, phEvent=0x32d50dc8)
<LEVEL_ZERO>[DEBUG]: ze_event_pool_desc_t flags set to: 1
[2026-10-08 05:36:18.181] [thread-id: 140063164226752] [trace] zexCounterBasedEventCreate2(hContext, hDevice, desc, phEvent)
[2026-10-08 05:36:18.181] [thread-id: 140063164226752] [trace] SUCCESS (ZE_RESULT_SUCCESS) in zexCounterBasedEventCreate2(hContext=0x32d16738, hDevice=0x32cfff28, desc=0x7ffdd0722d70, phEvent=0x32d512d8)
<LEVEL_ZERO>[DEBUG]: ze_event_pool_desc_t flags set to: 1
[2026-10-08 05:36:18.181] [thread-id: 140063164226752] [trace] zexCounterBasedEventCreate2(hContext, hDevice, desc, phEvent)
[2026-10-08 05:36:18.181] [thread-id: 140063164226752] [trace] SUCCESS (ZE_RESULT_SUCCESS) in zexCounterBasedEventCreate2(hContext=0x32d16738, hDevice=0x32cfff28, desc=0x7ffdd0722d70, phEvent=0x32d519d8)
<LEVEL_ZERO>[DEBUG]: ze_event_pool_desc_t flags set to: 1
[2026-10-08 05:36:18.181] [thread-id: 140063164226752] [trace] zexCounterBasedEventCreate2(hContext, hDevice, desc, phEvent)
[2026-10-08 05:36:18.181] [thread-id: 140063164226752] [trace] SUCCESS (ZE_RESULT_SUCCESS) in zexCounterBasedEventCreate2(hContext=0x32d16738, hDevice=0x32cfff28, desc=0x7ffdd0722d70, phEvent=0x32d51ee8)
<LEVEL_ZERO>[DEBUG]: ze_event_pool_desc_t flags set to: 1
[2026-10-08 05:36:18.181] [thread-id: 140063164226752] [trace] zexCounterBasedEventCreate2(hContext, hDevice, desc, phEvent)
[2026-10-08 05:36:18.181] [thread-id: 140063164226752] [trace] SUCCESS (ZE_RESULT_SUCCESS) in zexCounterBasedEventCreate2(hContext=0x32d16738, hDevice=0x32cfff28, desc=0x7ffdd0722d70, phEvent=0x32d525e8)
<LEVEL_ZERO>[DEBUG]: ze_event_pool_desc_t flags set to: 1
[2026-10-08 05:36:18.181] [thread-id: 140063164226752] [trace] zexCounterBasedEventCreate2(hContext, hDevice, desc, phEvent)
[2026-10-08 05:36:18.181] [thread-id: 140063164226752] [trace] SUCCESS (ZE_RESULT_SUCCESS) in zexCounterBasedEventCreate2(hContext=0x32d16738, hDevice=0x32cfff28, desc=0x7ffdd0722d70, phEvent=0x32d52b98)
<LEVEL_ZERO>[DEBUG]: ze_event_pool_desc_t flags set to: 1
[2026-10-08 05:36:18.181] [thread-id: 140063164226752] [trace] zexCounterBasedEventCreate2(hContext, hDevice, desc, phEvent)
[2026-10-08 05:36:18.181] [thread-id: 140063164226752] [trace] SUCCESS (ZE_RESULT_SUCCESS) in zexCounterBasedEventCreate2(hContext=0x32d16738, hDevice=0x32cfff28, desc=0x7ffdd0722d70, phEvent=0x32d53298)
<LEVEL_ZERO>[DEBUG]: ze_event_pool_desc_t flags set to: 1
[2026-10-08 05:36:18.181] [thread-id: 140063164226752] [trace] zexCounterBasedEventCreate2(hContext, hDevice, desc, phEvent)
[2026-10-08 05:36:18.181] [thread-id: 140063164226752] [trace] SUCCESS (ZE_RESULT_SUCCESS) in zexCounterBasedEventCreate2(hContext=0x32d16738, hDevice=0x32cfff28, desc=0x7ffdd0722d70, phEvent=0x32d537a8)
<LEVEL_ZERO>[DEBUG]: ze_event_pool_desc_t flags set to: 1
[2026-10-08 05:36:18.181] [thread-id: 140063164226752] [trace] zexCounterBasedEventCreate2(hContext, hDevice, desc, phEvent)
[2026-10-08 05:36:18.181] [thread-id: 140063164226752] [trace] SUCCESS (ZE_RESULT_SUCCESS) in zexCounterBasedEventCreate2(hContext=0x32d16738, hDevice=0x32cfff28, desc=0x7ffdd0722d70, phEvent=0x32d53ea8)
<LEVEL_ZERO>[DEBUG]: ze_event_pool_desc_t flags set to: 1
[2026-10-08 05:36:18.181] [thread-id: 140063164226752] [trace] zexCounterBasedEventCreate2(hContext, hDevice, desc, phEvent)
[2026-10-08 05:36:18.181] [thread-id: 140063164226752] [trace] SUCCESS (ZE_RESULT_SUCCESS) in zexCounterBasedEventCreate2(hContext=0x32d16738, hDevice=0x32cfff28, desc=0x7ffdd0722d70, phEvent=0x32d543b8)
<LEVEL_ZERO>[DEBUG]: ze_event_pool_desc_t flags set to: 1
[2026-10-08 05:36:18.181] [thread-id: 140063164226752] [trace] zexCounterBasedEventCreate2(hContext, hDevice, desc, phEvent)
[2026-10-08 05:36:18.181] [thread-id: 140063164226752] [trace] SUCCESS (ZE_RESULT_SUCCESS) in zexCounterBasedEventCreate2(hContext=0x32d16738, hDevice=0x32cfff28, desc=0x7ffdd0722d70, phEvent=0x32d54ab8)
<LEVEL_ZERO>[DEBUG]: ze_event_pool_desc_t flags set to: 1
[2026-10-08 05:36:18.181] [thread-id: 140063164226752] [trace] zexCounterBasedEventCreate2(hContext, hDevice, desc, phEvent)
[2026-10-08 05:36:18.181] [thread-id: 140063164226752] [trace] SUCCESS (ZE_RESULT_SUCCESS) in zexCounterBasedEventCreate2(hContext=0x32d16738, hDevice=0x32cfff28, desc=0x7ffdd0722d70, phEvent=0x32d550d8)
<LEVEL_ZERO>[DEBUG]: ze_event_pool_desc_t flags set to: 1
[2026-10-08 05:36:18.181] [thread-id: 140063164226752] [trace] zexCounterBasedEventCreate2(hContext, hDevice, desc, phEvent)
[2026-10-08 05:36:18.181] [thread-id: 140063164226752] [trace] SUCCESS (ZE_RESULT_SUCCESS) in zexCounterBasedEventCreate2(hContext=0x32d16738, hDevice=0x32cfff28, desc=0x7ffdd0722d70, phEvent=0x32d557d8)
<LEVEL_ZERO>[DEBUG]: ze_event_pool_desc_t flags set to: 1
[2026-10-08 05:36:18.181] [thread-id: 140063164226752] [trace] zexCounterBasedEventCreate2(hContext, hDevice, desc, phEvent)
[2026-10-08 05:36:18.181] [thread-id: 140063164226752] [trace] SUCCESS (ZE_RESULT_SUCCESS) in zexCounterBasedEventCreate2(hContext=0x32d16738, hDevice=0x32cfff28, desc=0x7ffdd0722d70, phEvent=0x32d55ce8)
<LEVEL_ZERO>[DEBUG]: ze_event_pool_desc_t flags set to: 1
[2026-10-08 05:36:18.181] [thread-id: 140063164226752] [trace] zexCounterBasedEventCreate2(hContext, hDevice, desc, phEvent)
[2026-10-08 05:36:18.181] [thread-id: 140063164226752] [trace] SUCCESS (ZE_RESULT_SUCCESS) in zexCounterBasedEventCreate2(hContext=0x32d16738, hDevice=0x32cfff28, desc=0x7ffdd0722d70, phEvent=0x32d563e8)
<LEVEL_ZERO>[DEBUG]: ze_event_pool_desc_t flags set to: 1
[2026-10-08 05:36:18.181] [thread-id: 140063164226752] [trace] zexCounterBasedEventCreate2(hContext, hDevice, desc, phEvent)
[2026-10-08 05:36:18.181] [thread-id: 140063164226752] [trace] SUCCESS (ZE_RESULT_SUCCESS) in zexCounterBasedEventCreate2(hContext=0x32d16738, hDevice=0x32cfff28, desc=0x7ffdd0722d70, phEvent=0x32d568f8)
<LEVEL_ZERO>[DEBUG]: ze_event_pool_desc_t flags set to: 1
[2026-10-08 05:36:18.181] [thread-id: 140063164226752] [trace] zexCounterBasedEventCreate2(hContext, hDevice, desc, phEvent)
[2026-10-08 05:36:18.181] [thread-id: 140063164226752] [trace] SUCCESS (ZE_RESULT_SUCCESS) in zexCounterBasedEventCreate2(hContext=0x32d16738, hDevice=0x32cfff28, desc=0x7ffdd0722d70, phEvent=0x32d56ff8)
<LEVEL_ZERO>[DEBUG]: ze_event_pool_desc_t flags set to: 1
[2026-10-08 05:36:18.181] [thread-id: 140063164226752] [trace] zexCounterBasedEventCreate2(hContext, hDevice, desc, phEvent)
[2026-10-08 05:36:18.182] [thread-id: 140063164226752] [trace] SUCCESS (ZE_RESULT_SUCCESS) in zexCounterBasedEventCreate2(hContext=0x32d16738, hDevice=0x32cfff28, desc=0x7ffdd0722d70, phEvent=0x32d57508)
<LEVEL_ZERO>[DEBUG]: ze_event_pool_desc_t flags set to: 1
[2026-10-08 05:36:18.182] [thread-id: 140063164226752] [trace] zexCounterBasedEventCreate2(hContext, hDevice, desc, phEvent)
[2026-10-08 05:36:18.182] [thread-id: 140063164226752] [trace] SUCCESS (ZE_RESULT_SUCCESS) in zexCounterBasedEventCreate2(hContext=0x32d16738, hDevice=0x32cfff28, desc=0x7ffdd0722d70, phEvent=0x32d57d48)
<LEVEL_ZERO>[DEBUG]: ze_event_pool_desc_t flags set to: 1
[2026-10-08 05:36:18.182] [thread-id: 140063164226752] [trace] zexCounterBasedEventCreate2(hContext, hDevice, desc, phEvent)
[2026-10-08 05:36:18.182] [thread-id: 140063164226752] [trace] SUCCESS (ZE_RESULT_SUCCESS) in zexCounterBasedEventCreate2(hContext=0x32d16738, hDevice=0x32cfff28, desc=0x7ffdd0722d70, phEvent=0x32d58258)
<LEVEL_ZERO>[DEBUG]: ze_event_pool_desc_t flags set to: 1
[2026-10-08 05:36:18.182] [thread-id: 140063164226752] [trace] zexCounterBasedEventCreate2(hContext, hDevice, desc, phEvent)
[2026-10-08 05:36:18.182] [thread-id: 140063164226752] [trace] SUCCESS (ZE_RESULT_SUCCESS) in zexCounterBasedEventCreate2(hContext=0x32d16738, hDevice=0x32cfff28, desc=0x7ffdd0722d70, phEvent=0x32d58958)
<LEVEL_ZERO>[DEBUG]: ze_event_pool_desc_t flags set to: 1
[2026-10-08 05:36:18.182] [thread-id: 140063164226752] [trace] zexCounterBasedEventCreate2(hContext, hDevice, desc, phEvent)
[2026-10-08 05:36:18.182] [thread-id: 140063164226752] [trace] SUCCESS (ZE_RESULT_SUCCESS) in zexCounterBasedEventCreate2(hContext=0x32d16738, hDevice=0x32cfff28, desc=0x7ffdd0722d70, phEvent=0x32d58e68)
<LEVEL_ZERO>[DEBUG]: ze_event_pool_desc_t flags set to: 1
[2026-10-08 05:36:18.182] [thread-id: 140063164226752] [trace] zexCounterBasedEventCreate2(hContext, hDevice, desc, phEvent)
[2026-10-08 05:36:18.182] [thread-id: 140063164226752] [trace] SUCCESS (ZE_RESULT_SUCCESS) in zexCounterBasedEventCreate2(hContext=0x32d16738, hDevice=0x32cfff28, desc=0x7ffdd0722d70, phEvent=0x32d59568)
<LEVEL_ZERO>[DEBUG]: ze_event_pool_desc_t flags set to: 1
[2026-10-08 05:36:18.182] [thread-id: 140063164226752] [trace] zexCounterBasedEventCreate2(hContext, hDevice, desc, phEvent)
[2026-10-08 05:36:18.182] [thread-id: 140063164226752] [trace] SUCCESS (ZE_RESULT_SUCCESS) in zexCounterBasedEventCreate2(hContext=0x32d16738, hDevice=0x32cfff28, desc=0x7ffdd0722d70, phEvent=0x32d59a78)
<LEVEL_ZERO>[DEBUG]: ze_event_pool_desc_t flags set to: 1
[2026-10-08 05:36:18.182] [thread-id: 140063164226752] [trace] zexCounterBasedEventCreate2(hContext, hDevice, desc, phEvent)
[2026-10-08 05:36:18.182] [thread-id: 140063164226752] [trace] SUCCESS (ZE_RESULT_SUCCESS) in zexCounterBasedEventCreate2(hContext=0x32d16738, hDevice=0x32cfff28, desc=0x7ffdd0722d70, phEvent=0x32d5a178)
<LEVEL_ZERO>[DEBUG]: ze_event_pool_desc_t flags set to: 1
[2026-10-08 05:36:18.182] [thread-id: 140063164226752] [trace] zexCounterBasedEventCreate2(hContext, hDevice, desc, phEvent)
[2026-10-08 05:36:18.182] [thread-id: 140063164226752] [trace] SUCCESS (ZE_RESULT_SUCCESS) in zexCounterBasedEventCreate2(hContext=0x32d16738, hDevice=0x32cfff28, desc=0x7ffdd0722d70, phEvent=0x32d5a688)
<LEVEL_ZERO>[DEBUG]: ze_event_pool_desc_t flags set to: 1
[2026-10-08 05:36:18.182] [thread-id: 140063164226752] [trace] zexCounterBasedEventCreate2(hContext, hDevice, desc, phEvent)
[2026-10-08 05:36:18.182] [thread-id: 140063164226752] [trace] SUCCESS (ZE_RESULT_SUCCESS) in zexCounterBasedEventCreate2(hContext=0x32d16738, hDevice=0x32cfff28, desc=0x7ffdd0722d70, phEvent=0x32d5ad88)
<LEVEL_ZERO>[DEBUG]: ze_event_pool_desc_t flags set to: 1
[2026-10-08 05:36:18.182] [thread-id: 140063164226752] [trace] zexCounterBasedEventCreate2(hContext, hDevice, desc, phEvent)
[2026-10-08 05:36:18.182] [thread-id: 140063164226752] [trace] SUCCESS (ZE_RESULT_SUCCESS) in zexCounterBasedEventCreate2(hContext=0x32d16738, hDevice=0x32cfff28, desc=0x7ffdd0722d70, phEvent=0x32d5b4a8)
<LEVEL_ZERO>[DEBUG]: ze_event_pool_desc_t flags set to: 1
[2026-10-08 05:36:18.182] [thread-id: 140063164226752] [trace] zexCounterBasedEventCreate2(hContext, hDevice, desc, phEvent)
[2026-10-08 05:36:18.182] [thread-id: 140063164226752] [trace] SUCCESS (ZE_RESULT_SUCCESS) in zexCounterBasedEventCreate2(hContext=0x32d16738, hDevice=0x32cfff28, desc=0x7ffdd0722d70, phEvent=0x32d5bba8)
<LEVEL_ZERO>[DEBUG]: ze_event_pool_desc_t flags set to: 1
[2026-10-08 05:36:18.182] [thread-id: 140063164226752] [trace] zexCounterBasedEventCreate2(hContext, hDevice, desc, phEvent)
[2026-10-08 05:36:18.182] [thread-id: 140063164226752] [trace] SUCCESS (ZE_RESULT_SUCCESS) in zexCounterBasedEventCreate2(hContext=0x32d16738, hDevice=0x32cfff28, desc=0x7ffdd0722d70, phEvent=0x32d5c0b8)
<LEVEL_ZERO>[DEBUG]: ze_event_pool_desc_t flags set to: 1
[2026-10-08 05:36:18.182] [thread-id: 140063164226752] [trace] zexCounterBasedEventCreate2(hContext, hDevice, desc, phEvent)
[2026-10-08 05:36:18.182] [thread-id: 140063164226752] [trace] SUCCESS (ZE_RESULT_SUCCESS) in zexCounterBasedEventCreate2(hContext=0x32d16738, hDevice=0x32cfff28, desc=0x7ffdd0722d70, phEvent=0x32d5c7b8)
<LEVEL_ZERO>[DEBUG]: ze_event_pool_desc_t flags set to: 1
[2026-10-08 05:36:18.182] [thread-id: 140063164226752] [trace] zexCounterBasedEventCreate2(hContext, hDevice, desc, phEvent)
[2026-10-08 05:36:18.182] [thread-id: 140063164226752] [trace] SUCCESS (ZE_RESULT_SUCCESS) in zexCounterBasedEventCreate2(hContext=0x32d16738, hDevice=0x32cfff28, desc=0x7ffdd0722d70, phEvent=0x32d5ccc8)
<LEVEL_ZERO>[DEBUG]: ze_event_pool_desc_t flags set to: 1
[2026-10-08 05:36:18.182] [thread-id: 140063164226752] [trace] zexCounterBasedEventCreate2(hContext, hDevice, desc, phEvent)
[2026-10-08 05:36:18.182] [thread-id: 140063164226752] [trace] SUCCESS (ZE_RESULT_SUCCESS) in zexCounterBasedEventCreate2(hContext=0x32d16738, hDevice=0x32cfff28, desc=0x7ffdd0722d70, phEvent=0x32d5d3c8)
<LEVEL_ZERO>[DEBUG]: ze_event_pool_desc_t flags set to: 1
[2026-10-08 05:36:18.182] [thread-id: 140063164226752] [trace] zexCounterBasedEventCreate2(hContext, hDevice, desc, phEvent)
[2026-10-08 05:36:18.182] [thread-id: 140063164226752] [trace] SUCCESS (ZE_RESULT_SUCCESS) in zexCounterBasedEventCreate2(hContext=0x32d16738, hDevice=0x32cfff28, desc=0x7ffdd0722d70, phEvent=0x32d5d8d8)
<LEVEL_ZERO>[DEBUG]: ze_event_pool_desc_t flags set to: 1
[2026-10-08 05:36:18.182] [thread-id: 140063164226752] [trace] zexCounterBasedEventCreate2(hContext, hDevice, desc, phEvent)
[2026-10-08 05:36:18.182] [thread-id: 140063164226752] [trace] SUCCESS (ZE_RESULT_SUCCESS) in zexCounterBasedEventCreate2(hContext=0x32d16738, hDevice=0x32cfff28, desc=0x7ffdd0722d70, phEvent=0x32d5dfd8)
<LEVEL_ZERO>[DEBUG]: ze_event_pool_desc_t flags set to: 1
[2026-10-08 05:36:18.182] [thread-id: 140063164226752] [trace] zexCounterBasedEventCreate2(hContext, hDevice, desc, phEvent)
[2026-10-08 05:36:18.182] [thread-id: 140063164226752] [trace] SUCCESS (ZE_RESULT_SUCCESS) in zexCounterBasedEventCreate2(hContext=0x32d16738, hDevice=0x32cfff28, desc=0x7ffdd0722d70, phEvent=0x32d5e4e8)
<LEVEL_ZERO>[DEBUG]: ze_event_pool_desc_t flags set to: 1
[2026-10-08 05:36:18.182] [thread-id: 140063164226752] [trace] zexCounterBasedEventCreate2(hContext, hDevice, desc, phEvent)
[2026-10-08 05:36:18.182] [thread-id: 140063164226752] [trace] SUCCESS (ZE_RESULT_SUCCESS) in zexCounterBasedEventCreate2(hContext=0x32d16738, hDevice=0x32cfff28, desc=0x7ffdd0722d70, phEvent=0x32d5ebe8)
<LEVEL_ZERO>[DEBUG]: ze_event_pool_desc_t flags set to: 1
[2026-10-08 05:36:18.182] [thread-id: 140063164226752] [trace] zexCounterBasedEventCreate2(hContext, hDevice, desc, phEvent)
[2026-10-08 05:36:18.182] [thread-id: 140063164226752] [trace] SUCCESS (ZE_RESULT_SUCCESS) in zexCounterBasedEventCreate2(hContext=0x32d16738, hDevice=0x32cfff28, desc=0x7ffdd0722d70, phEvent=0x32d5f0f8)
<LEVEL_ZERO>[DEBUG]: ze_event_pool_desc_t flags set to: 1
[2026-10-08 05:36:18.182] [thread-id: 140063164226752] [trace] zexCounterBasedEventCreate2(hContext, hDevice, desc, phEvent)
[2026-10-08 05:36:18.182] [thread-id: 140063164226752] [trace] SUCCESS (ZE_RESULT_SUCCESS) in zexCounterBasedEventCreate2(hContext=0x32d16738, hDevice=0x32cfff28, desc=0x7ffdd0722d70, phEvent=0x32d5f7f8)
<LEVEL_ZERO>[DEBUG]: ze_event_pool_desc_t flags set to: 1
[2026-10-08 05:36:18.182] [thread-id: 140063164226752] [trace] zexCounterBasedEventCreate2(hContext, hDevice, desc, phEvent)
[2026-10-08 05:36:18.182] [thread-id: 140063164226752] [trace] SUCCESS (ZE_RESULT_SUCCESS) in zexCounterBasedEventCreate2(hContext=0x32d16738, hDevice=0x32cfff28, desc=0x7ffdd0722d70, phEvent=0x32d5fd08)
<LEVEL_ZERO>[DEBUG]: ze_event_pool_desc_t flags set to: 1
[2026-10-08 05:36:18.182] [thread-id: 140063164226752] [trace] zexCounterBasedEventCreate2(hContext, hDevice, desc, phEvent)
[2026-10-08 05:36:18.182] [thread-id: 140063164226752] [trace] SUCCESS (ZE_RESULT_SUCCESS) in zexCounterBasedEventCreate2(hContext=0x32d16738, hDevice=0x32cfff28, desc=0x7ffdd0722d70, phEvent=0x32d60408)
<LEVEL_ZERO>[DEBUG]: ze_event_pool_desc_t flags set to: 1
[2026-10-08 05:36:18.182] [thread-id: 140063164226752] [trace] zexCounterBasedEventCreate2(hContext, hDevice, desc, phEvent)
[2026-10-08 05:36:18.182] [thread-id: 140063164226752] [trace] SUCCESS (ZE_RESULT_SUCCESS) in zexCounterBasedEventCreate2(hContext=0x32d16738, hDevice=0x32cfff28, desc=0x7ffdd0722d70, phEvent=0x32d60918)
<LEVEL_ZERO>[DEBUG]: ze_event_pool_desc_t flags set to: 1
[2026-10-08 05:36:18.182] [thread-id: 140063164226752] [trace] zexCounterBasedEventCreate2(hContext, hDevice, desc, phEvent)
[2026-10-08 05:36:18.183] [thread-id: 140063164226752] [trace] SUCCESS (ZE_RESULT_SUCCESS) in zexCounterBasedEventCreate2(hContext=0x32d16738, hDevice=0x32cfff28, desc=0x7ffdd0722d70, phEvent=0x32d61018)
<LEVEL_ZERO>[DEBUG]: ze_event_pool_desc_t flags set to: 1
[2026-10-08 05:36:18.183] [thread-id: 140063164226752] [trace] zexCounterBasedEventCreate2(hContext, hDevice, desc, phEvent)
[2026-10-08 05:36:18.183] [thread-id: 140063164226752] [trace] SUCCESS (ZE_RESULT_SUCCESS) in zexCounterBasedEventCreate2(hContext=0x32d16738, hDevice=0x32cfff28, desc=0x7ffdd0722d70, phEvent=0x32d61528)
<LEVEL_ZERO>[DEBUG]: ze_event_pool_desc_t flags set to: 1
[2026-10-08 05:36:18.183] [thread-id: 140063164226752] [trace] zexCounterBasedEventCreate2(hContext, hDevice, desc, phEvent)
[2026-10-08 05:36:18.183] [thread-id: 140063164226752] [trace] SUCCESS (ZE_RESULT_SUCCESS) in zexCounterBasedEventCreate2(hContext=0x32d16738, hDevice=0x32cfff28, desc=0x7ffdd0722d70, phEvent=0x32d61c28)
<LEVEL_ZERO>[DEBUG]: ze_event_pool_desc_t flags set to: 1
[2026-10-08 05:36:18.183] [thread-id: 140063164226752] [trace] zexCounterBasedEventCreate2(hContext, hDevice, desc, phEvent)
[2026-10-08 05:36:18.183] [thread-id: 140063164226752] [trace] SUCCESS (ZE_RESULT_SUCCESS) in zexCounterBasedEventCreate2(hContext=0x32d16738, hDevice=0x32cfff28, desc=0x7ffdd0722d70, phEvent=0x32d62138)
<LEVEL_ZERO>[DEBUG]: ze_event_pool_desc_t flags set to: 1
[2026-10-08 05:36:18.183] [thread-id: 140063164226752] [trace] zexCounterBasedEventCreate2(hContext, hDevice, desc, phEvent)
[2026-10-08 05:36:18.183] [thread-id: 140063164226752] [trace] SUCCESS (ZE_RESULT_SUCCESS) in zexCounterBasedEventCreate2(hContext=0x32d16738, hDevice=0x32cfff28, desc=0x7ffdd0722d70, phEvent=0x32d62ab8)
<LEVEL_ZERO>[DEBUG]: ze_event_pool_desc_t flags set to: 1
[2026-10-08 05:36:18.183] [thread-id: 140063164226752] [trace] zexCounterBasedEventCreate2(hContext, hDevice, desc, phEvent)
[2026-10-08 05:36:18.183] [thread-id: 140063164226752] [trace] SUCCESS (ZE_RESULT_SUCCESS) in zexCounterBasedEventCreate2(hContext=0x32d16738, hDevice=0x32cfff28, desc=0x7ffdd0722d70, phEvent=0x32d62fc8)
<LEVEL_ZERO>[DEBUG]: ze_event_pool_desc_t flags set to: 1
[2026-10-08 05:36:18.183] [thread-id: 140063164226752] [trace] zexCounterBasedEventCreate2(hContext, hDevice, desc, phEvent)
[2026-10-08 05:36:18.183] [thread-id: 140063164226752] [trace] SUCCESS (ZE_RESULT_SUCCESS) in zexCounterBasedEventCreate2(hContext=0x32d16738, hDevice=0x32cfff28, desc=0x7ffdd0722d70, phEvent=0x32d636c8)
<LEVEL_ZERO>[DEBUG]: ze_event_pool_desc_t flags set to: 1
[2026-10-08 05:36:18.183] [thread-id: 140063164226752] [trace] zexCounterBasedEventCreate2(hContext, hDevice, desc, phEvent)
[2026-10-08 05:36:18.183] [thread-id: 140063164226752] [trace] SUCCESS (ZE_RESULT_SUCCESS) in zexCounterBasedEventCreate2(hContext=0x32d16738, hDevice=0x32cfff28, desc=0x7ffdd0722d70, phEvent=0x32d63bd8)
<LEVEL_ZERO>[DEBUG]: ze_event_pool_desc_t flags set to: 1
[2026-10-08 05:36:18.183] [thread-id: 140063164226752] [trace] zexCounterBasedEventCreate2(hContext, hDevice, desc, phEvent)
[2026-10-08 05:36:18.183] [thread-id: 140063164226752] [trace] SUCCESS (ZE_RESULT_SUCCESS) in zexCounterBasedEventCreate2(hContext=0x32d16738, hDevice=0x32cfff28, desc=0x7ffdd0722d70, phEvent=0x32d642d8)
<LEVEL_ZERO>[DEBUG]: ze_event_pool_desc_t flags set to: 1
[2026-10-08 05:36:18.183] [thread-id: 140063164226752] [trace] zexCounterBasedEventCreate2(hContext, hDevice, desc, phEvent)
[2026-10-08 05:36:18.183] [thread-id: 140063164226752] [trace] SUCCESS (ZE_RESULT_SUCCESS) in zexCounterBasedEventCreate2(hContext=0x32d16738, hDevice=0x32cfff28, desc=0x7ffdd0722d70, phEvent=0x32d647e8)
<LEVEL_ZERO>[DEBUG]: ze_event_pool_desc_t flags set to: 1
[2026-10-08 05:36:18.183] [thread-id: 140063164226752] [trace] zexCounterBasedEventCreate2(hContext, hDevice, desc, phEvent)
[2026-10-08 05:36:18.183] [thread-id: 140063164226752] [trace] SUCCESS (ZE_RESULT_SUCCESS) in zexCounterBasedEventCreate2(hContext=0x32d16738, hDevice=0x32cfff28, desc=0x7ffdd0722d70, phEvent=0x32d64ee8)
<LEVEL_ZERO>[DEBUG]: ze_event_pool_desc_t flags set to: 1
[2026-10-08 05:36:18.183] [thread-id: 140063164226752] [trace] zexCounterBasedEventCreate2(hContext, hDevice, desc, phEvent)
[2026-10-08 05:36:18.183] [thread-id: 140063164226752] [trace] SUCCESS (ZE_RESULT_SUCCESS) in zexCounterBasedEventCreate2(hContext=0x32d16738, hDevice=0x32cfff28, desc=0x7ffdd0722d70, phEvent=0x32d653f8)
<LEVEL_ZERO>[DEBUG]: ze_event_pool_desc_t flags set to: 1
[2026-10-08 05:36:18.183] [thread-id: 140063164226752] [trace] zexCounterBasedEventCreate2(hContext, hDevice, desc, phEvent)
[2026-10-08 05:36:18.183] [thread-id: 140063164226752] [trace] SUCCESS (ZE_RESULT_SUCCESS) in zexCounterBasedEventCreate2(hContext=0x32d16738, hDevice=0x32cfff28, desc=0x7ffdd0722d70, phEvent=0x32d65af8)
<LEVEL_ZERO>[DEBUG]: ze_event_pool_desc_t flags set to: 1
[2026-10-08 05:36:18.183] [thread-id: 140063164226752] [trace] zexCounterBasedEventCreate2(hContext, hDevice, desc, phEvent)
[2026-10-08 05:36:18.183] [thread-id: 140063164226752] [trace] SUCCESS (ZE_RESULT_SUCCESS) in zexCounterBasedEventCreate2(hContext=0x32d16738, hDevice=0x32cfff28, desc=0x7ffdd0722d70, phEvent=0x32d66008)
<LEVEL_ZERO>[DEBUG]: ze_event_pool_desc_t flags set to: 1
[2026-10-08 05:36:18.183] [thread-id: 140063164226752] [trace] zexCounterBasedEventCreate2(hContext, hDevice, desc, phEvent)
[2026-10-08 05:36:18.183] [thread-id: 140063164226752] [trace] SUCCESS (ZE_RESULT_SUCCESS) in zexCounterBasedEventCreate2(hContext=0x32d16738, hDevice=0x32cfff28, desc=0x7ffdd0722d70, phEvent=0x32d66708)
<LEVEL_ZERO>[DEBUG]: ze_event_pool_desc_t flags set to: 1
[2026-10-08 05:36:18.183] [thread-id: 140063164226752] [trace] zexCounterBasedEventCreate2(hContext, hDevice, desc, phEvent)
[2026-10-08 05:36:18.183] [thread-id: 140063164226752] [trace] SUCCESS (ZE_RESULT_SUCCESS) in zexCounterBasedEventCreate2(hContext=0x32d16738, hDevice=0x32cfff28, desc=0x7ffdd0722d70, phEvent=0x32d66c18)
[2026-10-08 05:36:18.183] [thread-id: 140063164226752] [trace] zeCommandListAppendMemoryCopy(hCommandList, dstptr, srcptr, size, hSignalEvent, numWaitEvents, phWaitEventsLocal)
[2026-10-08 05:36:18.186] [thread-id: 140063164226752] [trace] SUCCESS (ZE_RESULT_SUCCESS) in zeCommandListAppendMemoryCopy(hCommandList=0x32d1dd88, dstptr=0xffffffffff600000, srcptr=0x32d2e8a0, size=65536, hSignalEvent=0x32d66c18, numWaitEvents=0, phWaitEvents=nullptr)
   <--- urEnqueueUSMMemcpy(.hQueue = 0x32d1d0a0, .blocking = 0, .pDst = 0xffffffffff600000, .pSrc = 0x32d2e8a0, .size = 65536, .numEventsInWaitList = 0, .phEventWaitList = nullptr, .phEvent = 0x7ffdd0723370 (0x32d66600)) -> UR_RESULT_SUCCESS;
   ---> urEventWait
[2026-10-08 05:36:18.186] [thread-id: 140063164226752] [trace] zeEventHostSynchronize(hEvent, timeout)
[2026-10-08 05:36:18.186] [thread-id: 140063164226752] [trace] SUCCESS (ZE_RESULT_SUCCESS) in zeEventHostSynchronize(hEvent=0x32d66c18, timeout=18446744073709551615)
   <--- urEventWait(.numEvents = 1, .phEventWaitList = 0x7ffdd07233c0 {0x32d66600}) -> UR_RESULT_SUCCESS;
   ---> urEventRelease
   <--- urEventRelease(.hEvent = 0x32d66600) -> UR_RESULT_SUCCESS;
   ---> urDeviceGetInfo
[2026-10-08 05:36:18.186] [thread-id: 140063164226752] [trace] zeDeviceGetComputeProperties(hDevice, pComputeProperties)
[2026-10-08 05:36:18.186] [thread-id: 140063164226752] [trace] SUCCESS (ZE_RESULT_SUCCESS) in zeDeviceGetComputeProperties(hDevice=0x32cfff28, pComputeProperties={stype=0x32d15280, maxTotalGroupSize=1024, maxGroupSizeX=1024, maxGroupSizeY=1024, maxGroupSizeZ=1024, maxGroupCountX=4294967295, maxGroupCountY=4294967295, maxGroupCountZ=4294967295, maxSharedLocalMemory=131072, numSubGroupSizes=2, subGroupSizes=16})
   <--- urDeviceGetInfo(.hDevice = 0x32d15040, .propName = UR_DEVICE_INFO_MAX_WORK_GROUPS_3D, .propSize = 24, .pPropValue = {4294967295, 4294967295, 4294967295}, .pPropSizeRet = nullptr) -> UR_RESULT_SUCCESS;
   ---> urDeviceSelectBinary
   <--- urDeviceSelectBinary(.hDevice = 0x32d15040, .pBinaries = 0x32d8fa50 ((struct ur_device_binary_t){.stype = UR_STRUCTURE_TYPE_CONTEXT_PROPERTIES, .pNext = nullptr, .pDeviceTargetSpec = 0x7f63020623c0 (spir64)}), .NumBinaries = 1, .pSelectedBinary = 0x7ffdd07228cc (0)) -> UR_RESULT_SUCCESS;
   ---> urPlatformGetBackendOption
   <--- urPlatformGetBackendOption(.hPlatform = 0x32d13810, .pFrontendOption = 0x7ffdd07223d8 (-O2), .ppPlatformOption = 0x7ffdd07223a8 (0x7f62ff0d0975 (-ze-opt-level=2))) -> UR_RESULT_SUCCESS;
   ---> urDeviceGetInfo
   <--- urDeviceGetInfo(.hDevice = 0x32d15040, .propName = UR_DEVICE_INFO_VENDOR_ID, .propSize = 4, .pPropValue = 0x7ffdd0722328 (32902), .pPropSizeRet = nullptr) -> UR_RESULT_SUCCESS;
   ---> urDeviceGetInfo
   <--- urDeviceGetInfo(.hDevice = 0x32d15040, .propName = UR_DEVICE_INFO_DEVICE_ID, .propSize = 0, .pPropValue = nullptr, .pPropSizeRet = 0x7ffdd07221b0 (4)) -> UR_RESULT_SUCCESS;
   ---> urDeviceGetInfo
   <--- urDeviceGetInfo(.hDevice = 0x32d15040, .propName = UR_DEVICE_INFO_DEVICE_ID, .propSize = 4, .pPropValue = 0x7ffdd07222f8 (57868), .pPropSizeRet = nullptr) -> UR_RESULT_SUCCESS;
   ---> urDeviceGetInfo
   <--- urDeviceGetInfo(.hDevice = 0x32d15040, .propName = UR_DEVICE_INFO_COMPILER_AVAILABLE, .propSize = 1, .pPropValue = 0x7ffdd0722390 (true), .pPropSizeRet = nullptr) -> UR_RESULT_SUCCESS;
   ---> urProgramCreateWithIL
   <--- urProgramCreateWithIL(.hContext = 0x32d19b90, .pIL = 0x415b20, .length = 2080, .pProperties = nullptr, .phProgram = 0x7ffdd07224b0 (0x32d57a10)) -> UR_RESULT_SUCCESS;
   ---> urProgramBuildExp
[2026-10-08 05:36:18.186] [thread-id: 140063164226752] [trace] zeModuleCreate(hContext, hDevice, desc, phModule, phBuildLog)
[2026-10-08 05:36:18.187] [thread-id: 140063164226752] [trace] SUCCESS (ZE_RESULT_SUCCESS) in zeModuleCreate(hContext=0x32d16738, hDevice=0x32cfff28, desc={stype=0x7ffdd0722130, format=0x7ffdd0722140, inputSize=2080, pInputModule=3, pBuildFlags=" -ze-opt-level=2", pConstants={numConstants=0, pConstantIds=nullptr, pConstantValues=nullptr}}, phModule=0x32d6ad18, phBuildLog=0x32d90818)
[2026-10-08 05:36:18.187] [thread-id: 140063164226752] [trace] zeModuleGetProperties(hModule, pModuleProperties)
[2026-10-08 05:36:18.187] [thread-id: 140063164226752] [trace] SUCCESS (ZE_RESULT_SUCCESS) in zeModuleGetProperties(hModule=0x32d6ad18, pModuleProperties={stype=0x7ffdd07220a0, flags=0})
   <--- urProgramBuildExp(.hProgram = 0x32d57a10, .numDevices = 1, .phDevices = 0x32d8fa50 {0x32d15040}, .flags = 0, .pOptions = 0x32d8fa70 ( -ze-opt-level=2)) -> UR_RESULT_SUCCESS;
   ---> urProgramRetain
   <--- urProgramRetain(.hProgram = 0x32d57a10) -> UR_RESULT_SUCCESS;
   ---> urKernelCreate
[2026-10-08 05:36:18.187] [thread-id: 140063164226752] [trace] zeKernelCreate(hModule, desc, phKernel)
[2026-10-08 05:36:18.187] [thread-id: 140063164226752] [trace] SUCCESS (ZE_RESULT_SUCCESS) in zeKernelCreate(hModule=0x32d6ad18, desc={stype=0x7ffdd07227c0, flags=0, pKernelName="_ZTSZ4mainEUlN4sycl3_V12idILi1EEEE_"}, phKernel=0x32da7748)
[2026-10-08 05:36:18.187] [thread-id: 140063164226752] [trace] zeKernelGetName(hKernel, pSize, pName)
[2026-10-08 05:36:18.187] [thread-id: 140063164226752] [trace] SUCCESS (ZE_RESULT_SUCCESS) in zeKernelGetName(hKernel=0x32da7748, pSize=36, pName=nullptr)
[2026-10-08 05:36:18.187] [thread-id: 140063164226752] [trace] zeKernelGetName(hKernel, pSize, pName)
[2026-10-08 05:36:18.187] [thread-id: 140063164226752] [trace] SUCCESS (ZE_RESULT_SUCCESS) in zeKernelGetName(hKernel=0x32da7748, pSize=36, pName="_ZTSZ4mainEUlN4sycl3_V12idILi1EEEE_")
[2026-10-08 05:36:18.187] [thread-id: 140063164226752] [trace] zeKernelGetProperties(hKernel, pKernelProperties)
[2026-10-08 05:36:18.187] [thread-id: 140063164226752] [trace] SUCCESS (ZE_RESULT_SUCCESS) in zeKernelGetProperties(hKernel=0x32da7748, pKernelProperties={stype=0x32d88b48, numKernelArgs=1, requiredGroupSizeX=0, requiredGroupSizeY=0, requiredGroupSizeZ=0, requiredNumSubGroups=0, requiredSubgroupSize=0, maxSubgroupSize=32, maxNumSubgroups=32, localMemSize=0, privateMemSize=0, spillMemSize=0, uuid={kid=0, mid=0}})
   <--- urKernelCreate(.hProgram = 0x32d57a10, .pKernelName = 0x4131d2 (_ZTSZ4mainEUlN4sycl3_V12idILi1EEEE_), .phKernel = 0x7ffdd0722ae0 (0x32da2d40)) -> UR_RESULT_SUCCESS;
   ---> urKernelSetExecInfo
[2026-10-08 05:36:18.187] [thread-id: 140063164226752] [trace] zeKernelSetIndirectAccess(hKernel, flags)
[2026-10-08 05:36:18.187] [thread-id: 140063164226752] [trace] SUCCESS (ZE_RESULT_SUCCESS) in zeKernelSetIndirectAccess(hKernel=0x32da7748, flags=7)
   <--- urKernelSetExecInfo(.hKernel = 0x32da2d40, .propName = UR_KERNEL_EXEC_INFO_USM_INDIRECT_ACCESS, .propSize = 1, .pProperties = nullptr, .pPropValue = 0x7ffdd0722adf (true)) -> UR_RESULT_SUCCESS;
   ---> urKernelRetain
   <--- urKernelRetain(.hKernel = 0x32da2d40) -> UR_RESULT_SUCCESS;
   ---> urKernelGetGroupInfo
   <--- urKernelGetGroupInfo(.hKernel = 0x32da2d40, .hDevice = 0x32d15040, .propName = UR_KERNEL_GROUP_INFO_COMPILE_WORK_GROUP_SIZE, .propSize = 24, .pPropValue = {0, 0, 0}, .pPropSizeRet = nullptr) -> UR_RESULT_SUCCESS;
   ---> urEnqueueKernelLaunchWithArgsExp
[2026-10-08 05:36:18.187] [thread-id: 140063164226752] [trace] zeKernelSuggestGroupSize(hKernel, globalSizeX, globalSizeY, globalSizeZ, groupSizeX, groupSizeY, groupSizeZ)
[2026-10-08 05:36:18.187] [thread-id: 140063164226752] [trace] SUCCESS (ZE_RESULT_SUCCESS) in zeKernelSuggestGroupSize(hKernel=0x32da7748, globalSizeX=16384, globalSizeY=1, globalSizeZ=1, groupSizeX=1024, groupSizeY=1, groupSizeZ=1)
[2026-10-08 05:36:18.187] [thread-id: 140063164226752] [trace] zeKernelSetGroupSize(hKernel, groupSizeX, groupSizeY, groupSizeZ)
[2026-10-08 05:36:18.187] [thread-id: 140063164226752] [trace] SUCCESS (ZE_RESULT_SUCCESS) in zeKernelSetGroupSize(hKernel=0x32da7748, groupSizeX=1024, groupSizeY=1, groupSizeZ=1)
[2026-10-08 05:36:18.187] [thread-id: 140063164226752] [trace] zeCommandListAppendLaunchKernelWithArguments(hCommandList, hKernel, groupCounts, groupSizes, pArguments, pNext, hSignalEvent, numWaitEvents, phWaitEventsLocal)
[2026-10-08 05:36:18.188] [thread-id: 140063164226752] [trace] SUCCESS (ZE_RESULT_SUCCESS) in zeCommandListAppendLaunchKernelWithArguments(hCommandList=0x32d1dd88, hKernel=0x32da7748, groupCounts={groupCountX=16, groupCountY=1, groupCountZ=1}, groupSizes={groupSizeX=1024, groupSizeY=1, groupSizeZ=1}, pArguments=0x32da7e90, pNext=nullptr, hSignalEvent=0x32d66c18, numWaitEvents=0, phWaitEvents=nullptr)
   <--- urEnqueueKernelLaunchWithArgsExp(.hQueue = 0x32d1d0a0, .hKernel = 0x32da2d40, .workDim = 1, .pGlobalWorkOffset = nullptr, .pGlobalWorkSize = 0x7ffdd07232a0 (16384), .pLocalWorkSize = nullptr, .numArgs = 1, .pArgs = 0x32da38d0 {(struct ur_exp_kernel_arg_properties_t){.stype = UR_STRUCTURE_TYPE_EXP_KERNEL_ARG_PROPERTIES, .pNext = nullptr, .type = UR_EXP_KERNEL_ARG_TYPE_POINTER, .index = 0, .size = 8, .value = (union ur_exp_kernel_arg_value_t){.pointer = 0xffffffffff600000}}}, .launchPropList = nullptr, .numEventsInWaitList = 0, .phEventWaitList = nullptr, .phEvent = 0x7ffdd0722cc0 (0x32d66600)) -> UR_RESULT_SUCCESS;
   ---> urEventWait
[2026-10-08 05:36:18.188] [thread-id: 140063164226752] [trace] zeEventHostSynchronize(hEvent, timeout)
[2026-10-08 05:36:18.188] [thread-id: 140063164226752] [trace] SUCCESS (ZE_RESULT_SUCCESS) in zeEventHostSynchronize(hEvent=0x32d66c18, timeout=18446744073709551615)
   <--- urEventWait(.numEvents = 1, .phEventWaitList = 0x7ffdd07233c0 {0x32d66600}) -> UR_RESULT_SUCCESS;
   ---> urEventRelease
   <--- urEventRelease(.hEvent = 0x32d66600) -> UR_RESULT_SUCCESS;
   ---> urEnqueueUSMMemcpy
[2026-10-08 05:36:18.188] [thread-id: 140063164226752] [trace] zeCommandListAppendMemoryCopy(hCommandList, dstptr, srcptr, size, hSignalEvent, numWaitEvents, phWaitEventsLocal)
[2026-10-08 05:36:18.188] [thread-id: 140063164226752] [trace] SUCCESS (ZE_RESULT_SUCCESS) in zeCommandListAppendMemoryCopy(hCommandList=0x32d1dd88, dstptr=0x32d3e8b0, srcptr=0xffffffffff600000, size=65536, hSignalEvent=0x32d66c18, numWaitEvents=0, phWaitEvents=nullptr)
   <--- urEnqueueUSMMemcpy(.hQueue = 0x32d1d0a0, .blocking = 0, .pDst = 0x32d3e8b0, .pSrc = 0xffffffffff600000, .size = 65536, .numEventsInWaitList = 0, .phEventWaitList = nullptr, .phEvent = 0x7ffdd0723370 (0x32d66600)) -> UR_RESULT_SUCCESS;
   ---> urEventWait
[2026-10-08 05:36:18.188] [thread-id: 140063164226752] [trace] zeEventHostSynchronize(hEvent, timeout)
[2026-10-08 05:36:18.188] [thread-id: 140063164226752] [trace] SUCCESS (ZE_RESULT_SUCCESS) in zeEventHostSynchronize(hEvent=0x32d66c18, timeout=18446744073709551615)
   <--- urEventWait(.numEvents = 1, .phEventWaitList = 0x7ffdd07233c0 {0x32d66600}) -> UR_RESULT_SUCCESS;
   ---> urEventRelease
   <--- urEventRelease(.hEvent = 0x32d66600) -> UR_RESULT_SUCCESS;
   ---> urEnqueueUSMMemcpy
[2026-10-08 05:36:18.188] [thread-id: 140063164226752] [trace] zeCommandListAppendMemoryCopy(hCommandList, dstptr, srcptr, size, hSignalEvent, numWaitEvents, phWaitEventsLocal)
[2026-10-08 05:36:18.188] [thread-id: 140063164226752] [trace] SUCCESS (ZE_RESULT_SUCCESS) in zeCommandListAppendMemoryCopy(hCommandList=0x32d1dd88, dstptr=0xffffffffff600000, srcptr=0x32d2e8a0, size=65536, hSignalEvent=0x32d66c18, numWaitEvents=0, phWaitEvents=nullptr)
   <--- urEnqueueUSMMemcpy(.hQueue = 0x32d1d0a0, .blocking = 0, .pDst = 0xffffffffff600000, .pSrc = 0x32d2e8a0, .size = 65536, .numEventsInWaitList = 0, .phEventWaitList = nullptr, .phEvent = 0x7ffdd0723370 (0x32d66600)) -> UR_RESULT_SUCCESS;
   ---> urEventWait
[2026-10-08 05:36:18.188] [thread-id: 140063164226752] [trace] zeEventHostSynchronize(hEvent, timeout)
[2026-10-08 05:36:18.188] [thread-id: 140063164226752] [trace] SUCCESS (ZE_RESULT_SUCCESS) in zeEventHostSynchronize(hEvent=0x32d66c18, timeout=18446744073709551615)
   <--- urEventWait(.numEvents = 1, .phEventWaitList = 0x7ffdd07233c0 {0x32d66600}) -> UR_RESULT_SUCCESS;
   ---> urEventRelease
   <--- urEventRelease(.hEvent = 0x32d66600) -> UR_RESULT_SUCCESS;
   ---> urDeviceGetInfo
   <--- urDeviceGetInfo(.hDevice = 0x32d15040, .propName = UR_DEVICE_INFO_MAX_WORK_GROUPS_3D, .propSize = 24, .pPropValue = {4294967295, 4294967295, 4294967295}, .pPropSizeRet = nullptr) -> UR_RESULT_SUCCESS;
   ---> urKernelGetGroupInfo
   <--- urKernelGetGroupInfo(.hKernel = 0x32da2d40, .hDevice = 0x32d15040, .propName = UR_KERNEL_GROUP_INFO_COMPILE_WORK_GROUP_SIZE, .propSize = 24, .pPropValue = {0, 0, 0}, .pPropSizeRet = nullptr) -> UR_RESULT_SUCCESS;
   ---> urEnqueueKernelLaunchWithArgsExp
[2026-10-08 05:36:18.188] [thread-id: 140063164226752] [trace] zeKernelSuggestGroupSize(hKernel, globalSizeX, globalSizeY, globalSizeZ, groupSizeX, groupSizeY, groupSizeZ)
[2026-10-08 05:36:18.188] [thread-id: 140063164226752] [trace] SUCCESS (ZE_RESULT_SUCCESS) in zeKernelSuggestGroupSize(hKernel=0x32da7748, globalSizeX=16384, globalSizeY=1, globalSizeZ=1, groupSizeX=1024, groupSizeY=1, groupSizeZ=1)
[2026-10-08 05:36:18.188] [thread-id: 140063164226752] [trace] zeKernelSetGroupSize(hKernel, groupSizeX, groupSizeY, groupSizeZ)
[2026-10-08 05:36:18.188] [thread-id: 140063164226752] [trace] SUCCESS (ZE_RESULT_SUCCESS) in zeKernelSetGroupSize(hKernel=0x32da7748, groupSizeX=1024, groupSizeY=1, groupSizeZ=1)
[2026-10-08 05:36:18.188] [thread-id: 140063164226752] [trace] zeCommandListAppendLaunchKernelWithArguments(hCommandList, hKernel, groupCounts, groupSizes, pArguments, pNext, hSignalEvent, numWaitEvents, phWaitEventsLocal)
[2026-10-08 05:36:18.188] [thread-id: 140063164226752] [trace] SUCCESS (ZE_RESULT_SUCCESS) in zeCommandListAppendLaunchKernelWithArguments(hCommandList=0x32d1dd88, hKernel=0x32da7748, groupCounts={groupCountX=16, groupCountY=1, groupCountZ=1}, groupSizes={groupSizeX=1024, groupSizeY=1, groupSizeZ=1}, pArguments=0x32da7e90, pNext=nullptr, hSignalEvent=0x32d66c18, numWaitEvents=0, phWaitEvents=nullptr)
   <--- urEnqueueKernelLaunchWithArgsExp(.hQueue = 0x32d1d0a0, .hKernel = 0x32da2d40, .workDim = 1, .pGlobalWorkOffset = nullptr, .pGlobalWorkSize = 0x7ffdd07232a0 (16384), .pLocalWorkSize = nullptr, .numArgs = 1, .pArgs = 0x32da38d0 {(struct ur_exp_kernel_arg_properties_t){.stype = UR_STRUCTURE_TYPE_EXP_KERNEL_ARG_PROPERTIES, .pNext = nullptr, .type = UR_EXP_KERNEL_ARG_TYPE_POINTER, .index = 0, .size = 8, .value = (union ur_exp_kernel_arg_value_t){.pointer = 0xffffffffff600000}}}, .launchPropList = nullptr, .numEventsInWaitList = 0, .phEventWaitList = nullptr, .phEvent = 0x7ffdd0722cc0 (0x32d66600)) -> UR_RESULT_SUCCESS;
   ---> urEventWait
[2026-10-08 05:36:18.189] [thread-id: 140063164226752] [trace] zeEventHostSynchronize(hEvent, timeout)
[2026-10-08 05:36:18.189] [thread-id: 140063164226752] [trace] SUCCESS (ZE_RESULT_SUCCESS) in zeEventHostSynchronize(hEvent=0x32d66c18, timeout=18446744073709551615)
   <--- urEventWait(.numEvents = 1, .phEventWaitList = 0x7ffdd07233c0 {0x32d66600}) -> UR_RESULT_SUCCESS;
   ---> urEventRelease
   <--- urEventRelease(.hEvent = 0x32d66600) -> UR_RESULT_SUCCESS;
   ---> urEnqueueUSMMemcpy
[2026-10-08 05:36:18.189] [thread-id: 140063164226752] [trace] zeCommandListAppendMemoryCopy(hCommandList, dstptr, srcptr, size, hSignalEvent, numWaitEvents, phWaitEventsLocal)
[2026-10-08 05:36:18.189] [thread-id: 140063164226752] [trace] SUCCESS (ZE_RESULT_SUCCESS) in zeCommandListAppendMemoryCopy(hCommandList=0x32d1dd88, dstptr=0x32d3e8b0, srcptr=0xffffffffff600000, size=65536, hSignalEvent=0x32d66c18, numWaitEvents=0, phWaitEvents=nullptr)
   <--- urEnqueueUSMMemcpy(.hQueue = 0x32d1d0a0, .blocking = 0, .pDst = 0x32d3e8b0, .pSrc = 0xffffffffff600000, .size = 65536, .numEventsInWaitList = 0, .phEventWaitList = nullptr, .phEvent = 0x7ffdd0723370 (0x32d66600)) -> UR_RESULT_SUCCESS;
   ---> urEventWait
[2026-10-08 05:36:18.189] [thread-id: 140063164226752] [trace] zeEventHostSynchronize(hEvent, timeout)
[2026-10-08 05:36:18.189] [thread-id: 140063164226752] [trace] SUCCESS (ZE_RESULT_SUCCESS) in zeEventHostSynchronize(hEvent=0x32d66c18, timeout=18446744073709551615)
   <--- urEventWait(.numEvents = 1, .phEventWaitList = 0x7ffdd07233c0 {0x32d66600}) -> UR_RESULT_SUCCESS;
   ---> urEventRelease
   <--- urEventRelease(.hEvent = 0x32d66600) -> UR_RESULT_SUCCESS;
   ---> urEnqueueUSMMemcpy
[2026-10-08 05:36:18.189] [thread-id: 140063164226752] [trace] zeCommandListAppendMemoryCopy(hCommandList, dstptr, srcptr, size, hSignalEvent, numWaitEvents, phWaitEventsLocal)
[2026-10-08 05:36:18.189] [thread-id: 140063164226752] [trace] SUCCESS (ZE_RESULT_SUCCESS) in zeCommandListAppendMemoryCopy(hCommandList=0x32d1dd88, dstptr=0xffffffffff600000, srcptr=0x32d2e8a0, size=65536, hSignalEvent=0x32d66c18, numWaitEvents=0, phWaitEvents=nullptr)
   <--- urEnqueueUSMMemcpy(.hQueue = 0x32d1d0a0, .blocking = 0, .pDst = 0xffffffffff600000, .pSrc = 0x32d2e8a0, .size = 65536, .numEventsInWaitList = 0, .phEventWaitList = nullptr, .phEvent = 0x7ffdd0723370 (0x32d66600)) -> UR_RESULT_SUCCESS;
   ---> urEventWait
[2026-10-08 05:36:18.189] [thread-id: 140063164226752] [trace] zeEventHostSynchronize(hEvent, timeout)
[2026-10-08 05:36:18.189] [thread-id: 140063164226752] [trace] SUCCESS (ZE_RESULT_SUCCESS) in zeEventHostSynchronize(hEvent=0x32d66c18, timeout=18446744073709551615)
   <--- urEventWait(.numEvents = 1, .phEventWaitList = 0x7ffdd07233c0 {0x32d66600}) -> UR_RESULT_SUCCESS;
   ---> urEventRelease
   <--- urEventRelease(.hEvent = 0x32d66600) -> UR_RESULT_SUCCESS;
   ---> urDeviceGetInfo
   <--- urDeviceGetInfo(.hDevice = 0x32d15040, .propName = UR_DEVICE_INFO_MAX_WORK_GROUPS_3D, .propSize = 24, .pPropValue = {4294967295, 4294967295, 4294967295}, .pPropSizeRet = nullptr) -> UR_RESULT_SUCCESS;
   ---> urKernelGetGroupInfo
   <--- urKernelGetGroupInfo(.hKernel = 0x32da2d40, .hDevice = 0x32d15040, .propName = UR_KERNEL_GROUP_INFO_COMPILE_WORK_GROUP_SIZE, .propSize = 24, .pPropValue = {0, 0, 0}, .pPropSizeRet = nullptr) -> UR_RESULT_SUCCESS;
   ---> urEnqueueKernelLaunchWithArgsExp
[2026-10-08 05:36:18.189] [thread-id: 140063164226752] [trace] zeKernelSuggestGroupSize(hKernel, globalSizeX, globalSizeY, globalSizeZ, groupSizeX, groupSizeY, groupSizeZ)
[2026-10-08 05:36:18.189] [thread-id: 140063164226752] [trace] SUCCESS (ZE_RESULT_SUCCESS) in zeKernelSuggestGroupSize(hKernel=0x32da7748, globalSizeX=16384, globalSizeY=1, globalSizeZ=1, groupSizeX=1024, groupSizeY=1, groupSizeZ=1)
[2026-10-08 05:36:18.189] [thread-id: 140063164226752] [trace] zeKernelSetGroupSize(hKernel, groupSizeX, groupSizeY, groupSizeZ)
[2026-10-08 05:36:18.189] [thread-id: 140063164226752] [trace] SUCCESS (ZE_RESULT_SUCCESS) in zeKernelSetGroupSize(hKernel=0x32da7748, groupSizeX=1024, groupSizeY=1, groupSizeZ=1)
[2026-10-08 05:36:18.189] [thread-id: 140063164226752] [trace] zeCommandListAppendLaunchKernelWithArguments(hCommandList, hKernel, groupCounts, groupSizes, pArguments, pNext, hSignalEvent, numWaitEvents, phWaitEventsLocal)
[2026-10-08 05:36:18.189] [thread-id: 140063164226752] [trace] SUCCESS (ZE_RESULT_SUCCESS) in zeCommandListAppendLaunchKernelWithArguments(hCommandList=0x32d1dd88, hKernel=0x32da7748, groupCounts={groupCountX=16, groupCountY=1, groupCountZ=1}, groupSizes={groupSizeX=1024, groupSizeY=1, groupSizeZ=1}, pArguments=0x32da7e90, pNext=nullptr, hSignalEvent=0x32d66c18, numWaitEvents=0, phWaitEvents=nullptr)
   <--- urEnqueueKernelLaunchWithArgsExp(.hQueue = 0x32d1d0a0, .hKernel = 0x32da2d40, .workDim = 1, .pGlobalWorkOffset = nullptr, .pGlobalWorkSize = 0x7ffdd07232a0 (16384), .pLocalWorkSize = nullptr, .numArgs = 1, .pArgs = 0x32da38d0 {(struct ur_exp_kernel_arg_properties_t){.stype = UR_STRUCTURE_TYPE_EXP_KERNEL_ARG_PROPERTIES, .pNext = nullptr, .type = UR_EXP_KERNEL_ARG_TYPE_POINTER, .index = 0, .size = 8, .value = (union ur_exp_kernel_arg_value_t){.pointer = 0xffffffffff600000}}}, .launchPropList = nullptr, .numEventsInWaitList = 0, .phEventWaitList = nullptr, .phEvent = 0x7ffdd0722cc0 (0x32d66600)) -> UR_RESULT_SUCCESS;
   ---> urEventWait
[2026-10-08 05:36:18.189] [thread-id: 140063164226752] [trace] zeEventHostSynchronize(hEvent, timeout)
[2026-10-08 05:36:18.189] [thread-id: 140063164226752] [trace] SUCCESS (ZE_RESULT_SUCCESS) in zeEventHostSynchronize(hEvent=0x32d66c18, timeout=18446744073709551615)
   <--- urEventWait(.numEvents = 1, .phEventWaitList = 0x7ffdd07233c0 {0x32d66600}) -> UR_RESULT_SUCCESS;
   ---> urEventRelease
   <--- urEventRelease(.hEvent = 0x32d66600) -> UR_RESULT_SUCCESS;
   ---> urEnqueueUSMMemcpy
[2026-10-08 05:36:18.189] [thread-id: 140063164226752] [trace] zeCommandListAppendMemoryCopy(hCommandList, dstptr, srcptr, size, hSignalEvent, numWaitEvents, phWaitEventsLocal)
[2026-10-08 05:36:18.189] [thread-id: 140063164226752] [trace] SUCCESS (ZE_RESULT_SUCCESS) in zeCommandListAppendMemoryCopy(hCommandList=0x32d1dd88, dstptr=0x32d3e8b0, srcptr=0xffffffffff600000, size=65536, hSignalEvent=0x32d66c18, numWaitEvents=0, phWaitEvents=nullptr)
   <--- urEnqueueUSMMemcpy(.hQueue = 0x32d1d0a0, .blocking = 0, .pDst = 0x32d3e8b0, .pSrc = 0xffffffffff600000, .size = 65536, .numEventsInWaitList = 0, .phEventWaitList = nullptr, .phEvent = 0x7ffdd0723370 (0x32d66600)) -> UR_RESULT_SUCCESS;
   ---> urEventWait
[2026-10-08 05:36:18.189] [thread-id: 140063164226752] [trace] zeEventHostSynchronize(hEvent, timeout)
[2026-10-08 05:36:18.189] [thread-id: 140063164226752] [trace] SUCCESS (ZE_RESULT_SUCCESS) in zeEventHostSynchronize(hEvent=0x32d66c18, timeout=18446744073709551615)
   <--- urEventWait(.numEvents = 1, .phEventWaitList = 0x7ffdd07233c0 {0x32d66600}) -> UR_RESULT_SUCCESS;
   ---> urEventRelease
   <--- urEventRelease(.hEvent = 0x32d66600) -> UR_RESULT_SUCCESS;
   ---> urQueueFinish
[2026-10-08 05:36:18.189] [thread-id: 140063164226752] [trace] zeCommandListHostSynchronize(hCommandList, timeout)
[2026-10-08 05:36:18.189] [thread-id: 140063164226752] [trace] SUCCESS (ZE_RESULT_SUCCESS) in zeCommandListHostSynchronize(hCommandList=0x32d1dd88, timeout=18446744073709551615)
   <--- urQueueFinish(.hQueue = 0x32d1d0a0) -> UR_RESULT_SUCCESS;
   ---> urUSMFree
   <--- urUSMFree(.hContext = 0x32d19b90, .pMem = 0xffffffffff600000) -> UR_RESULT_SUCCESS;
   ---> urQueueRelease
[2026-10-08 05:36:18.189] [thread-id: 140063164226752] [trace] zeCommandListHostSynchronize(hCommandList, timeout)
[2026-10-08 05:36:18.189] [thread-id: 140063164226752] [trace] SUCCESS (ZE_RESULT_SUCCESS) in zeCommandListHostSynchronize(hCommandList=0x32d1dd88, timeout=18446744073709551615)
   <--- urQueueRelease(.hQueue = 0x32d1d0a0) -> UR_RESULT_SUCCESS;
   ---> urProgramRelease
   <--- urProgramRelease(.hProgram = 0x32d57a10) -> UR_RESULT_SUCCESS;
   ---> urKernelRelease
   <--- urKernelRelease(.hKernel = 0x32da2d40) -> UR_RESULT_SUCCESS;
   ---> urProgramRelease
   <--- urProgramRelease(.hProgram = 0x32d57a10) -> UR_RESULT_SUCCESS;
   ---> urKernelRelease
[2026-10-08 05:36:18.189] [thread-id: 140063164226752] [trace] zeKernelDestroy(hKernel)
[2026-10-08 05:36:18.189] [thread-id: 140063164226752] [trace] SUCCESS (ZE_RESULT_SUCCESS) in zeKernelDestroy(hKernel=0x32da7748)
[2026-10-08 05:36:18.190] [thread-id: 140063164226752] [trace] zeModuleBuildLogDestroy(hModuleBuildLog)
[2026-10-08 05:36:18.190] [thread-id: 140063164226752] [trace] SUCCESS (ZE_RESULT_SUCCESS) in zeModuleBuildLogDestroy(hModuleBuildLog=0x32d90818)
[2026-10-08 05:36:18.190] [thread-id: 140063164226752] [trace] zeModuleDestroy(hModule)
[2026-10-08 05:36:18.190] [thread-id: 140063164226752] [trace] SUCCESS (ZE_RESULT_SUCCESS) in zeModuleDestroy(hModule=0x32d6ad18)
   <--- urKernelRelease(.hKernel = 0x32da2d40) -> UR_RESULT_SUCCESS;
   ---> urContextRelease
[2026-10-08 05:36:18.190] [thread-id: 140063164226752] [trace] zeMemFreeExt(hContext, pMemFreeDesc, ptr)
[2026-10-08 05:36:18.190] [thread-id: 140063164226752] [trace] SUCCESS (ZE_RESULT_SUCCESS) in zeMemFreeExt(hContext=0x32d16738, pMemFreeDesc={stype=0x7ffdd0723100, freePolicy=1}, ptr=0xffffffffff600000)
[2026-10-08 05:36:18.190] [thread-id: 140063164226752] [trace] zeEventDestroy(hEvent)
[2026-10-08 05:36:18.190] [thread-id: 140063164226752] [trace] SUCCESS (ZE_RESULT_SUCCESS) in zeEventDestroy(hEvent=0x32d4f528)
[2026-10-08 05:36:18.190] [thread-id: 140063164226752] [trace] zeEventDestroy(hEvent)
[2026-10-08 05:36:18.190] [thread-id: 140063164226752] [trace] SUCCESS (ZE_RESULT_SUCCESS) in zeEventDestroy(hEvent=0x32d4fa68)
[2026-10-08 05:36:18.190] [thread-id: 140063164226752] [trace] zeEventDestroy(hEvent)
[2026-10-08 05:36:18.190] [thread-id: 140063164226752] [trace] SUCCESS (ZE_RESULT_SUCCESS) in zeEventDestroy(hEvent=0x32d50168)
[2026-10-08 05:36:18.190] [thread-id: 140063164226752] [trace] zeEventDestroy(hEvent)
[2026-10-08 05:36:18.190] [thread-id: 140063164226752] [trace] SUCCESS (ZE_RESULT_SUCCESS) in zeEventDestroy(hEvent=0x32d506c8)
[2026-10-08 05:36:18.190] [thread-id: 140063164226752] [trace] zeEventDestroy(hEvent)
[2026-10-08 05:36:18.190] [thread-id: 140063164226752] [trace] SUCCESS (ZE_RESULT_SUCCESS) in zeEventDestroy(hEvent=0x32d50dc8)
[2026-10-08 05:36:18.190] [thread-id: 140063164226752] [trace] zeEventDestroy(hEvent)
[2026-10-08 05:36:18.190] [thread-id: 140063164226752] [trace] SUCCESS (ZE_RESULT_SUCCESS) in zeEventDestroy(hEvent=0x32d512d8)
[2026-10-08 05:36:18.190] [thread-id: 140063164226752] [trace] zeEventDestroy(hEvent)
[2026-10-08 05:36:18.190] [thread-id: 140063164226752] [trace] SUCCESS (ZE_RESULT_SUCCESS) in zeEventDestroy(hEvent=0x32d519d8)
[2026-10-08 05:36:18.190] [thread-id: 140063164226752] [trace] zeEventDestroy(hEvent)
[2026-10-08 05:36:18.190] [thread-id: 140063164226752] [trace] SUCCESS (ZE_RESULT_SUCCESS) in zeEventDestroy(hEvent=0x32d51ee8)
[2026-10-08 05:36:18.190] [thread-id: 140063164226752] [trace] zeEventDestroy(hEvent)
[2026-10-08 05:36:18.190] [thread-id: 140063164226752] [trace] SUCCESS (ZE_RESULT_SUCCESS) in zeEventDestroy(hEvent=0x32d525e8)
[2026-10-08 05:36:18.190] [thread-id: 140063164226752] [trace] zeEventDestroy(hEvent)
[2026-10-08 05:36:18.190] [thread-id: 140063164226752] [trace] SUCCESS (ZE_RESULT_SUCCESS) in zeEventDestroy(hEvent=0x32d52b98)
[2026-10-08 05:36:18.190] [thread-id: 140063164226752] [trace] zeEventDestroy(hEvent)
[2026-10-08 05:36:18.190] [thread-id: 140063164226752] [trace] SUCCESS (ZE_RESULT_SUCCESS) in zeEventDestroy(hEvent=0x32d53298)
[2026-10-08 05:36:18.190] [thread-id: 140063164226752] [trace] zeEventDestroy(hEvent)
[2026-10-08 05:36:18.190] [thread-id: 140063164226752] [trace] SUCCESS (ZE_RESULT_SUCCESS) in zeEventDestroy(hEvent=0x32d537a8)
[2026-10-08 05:36:18.190] [thread-id: 140063164226752] [trace] zeEventDestroy(hEvent)
[2026-10-08 05:36:18.190] [thread-id: 140063164226752] [trace] SUCCESS (ZE_RESULT_SUCCESS) in zeEventDestroy(hEvent=0x32d53ea8)
[2026-10-08 05:36:18.190] [thread-id: 140063164226752] [trace] zeEventDestroy(hEvent)
[2026-10-08 05:36:18.190] [thread-id: 140063164226752] [trace] SUCCESS (ZE_RESULT_SUCCESS) in zeEventDestroy(hEvent=0x32d543b8)
[2026-10-08 05:36:18.190] [thread-id: 140063164226752] [trace] zeEventDestroy(hEvent)
[2026-10-08 05:36:18.190] [thread-id: 140063164226752] [trace] SUCCESS (ZE_RESULT_SUCCESS) in zeEventDestroy(hEvent=0x32d54ab8)
[2026-10-08 05:36:18.190] [thread-id: 140063164226752] [trace] zeEventDestroy(hEvent)
[2026-10-08 05:36:18.190] [thread-id: 140063164226752] [trace] SUCCESS (ZE_RESULT_SUCCESS) in zeEventDestroy(hEvent=0x32d550d8)
[2026-10-08 05:36:18.190] [thread-id: 140063164226752] [trace] zeEventDestroy(hEvent)
[2026-10-08 05:36:18.190] [thread-id: 140063164226752] [trace] SUCCESS (ZE_RESULT_SUCCESS) in zeEventDestroy(hEvent=0x32d557d8)
[2026-10-08 05:36:18.190] [thread-id: 140063164226752] [trace] zeEventDestroy(hEvent)
[2026-10-08 05:36:18.190] [thread-id: 140063164226752] [trace] SUCCESS (ZE_RESULT_SUCCESS) in zeEventDestroy(hEvent=0x32d55ce8)
[2026-10-08 05:36:18.190] [thread-id: 140063164226752] [trace] zeEventDestroy(hEvent)
[2026-10-08 05:36:18.190] [thread-id: 140063164226752] [trace] SUCCESS (ZE_RESULT_SUCCESS) in zeEventDestroy(hEvent=0x32d563e8)
[2026-10-08 05:36:18.190] [thread-id: 140063164226752] [trace] zeEventDestroy(hEvent)
[2026-10-08 05:36:18.190] [thread-id: 140063164226752] [trace] SUCCESS (ZE_RESULT_SUCCESS) in zeEventDestroy(hEvent=0x32d568f8)
[2026-10-08 05:36:18.190] [thread-id: 140063164226752] [trace] zeEventDestroy(hEvent)
[2026-10-08 05:36:18.190] [thread-id: 140063164226752] [trace] SUCCESS (ZE_RESULT_SUCCESS) in zeEventDestroy(hEvent=0x32d56ff8)
[2026-10-08 05:36:18.190] [thread-id: 140063164226752] [trace] zeEventDestroy(hEvent)
[2026-10-08 05:36:18.190] [thread-id: 140063164226752] [trace] SUCCESS (ZE_RESULT_SUCCESS) in zeEventDestroy(hEvent=0x32d57508)
[2026-10-08 05:36:18.190] [thread-id: 140063164226752] [trace] zeEventDestroy(hEvent)
[2026-10-08 05:36:18.190] [thread-id: 140063164226752] [trace] SUCCESS (ZE_RESULT_SUCCESS) in zeEventDestroy(hEvent=0x32d57d48)
[2026-10-08 05:36:18.190] [thread-id: 140063164226752] [trace] zeEventDestroy(hEvent)
[2026-10-08 05:36:18.190] [thread-id: 140063164226752] [trace] SUCCESS (ZE_RESULT_SUCCESS) in zeEventDestroy(hEvent=0x32d58258)
[2026-10-08 05:36:18.191] [thread-id: 140063164226752] [trace] zeEventDestroy(hEvent)
[2026-10-08 05:36:18.191] [thread-id: 140063164226752] [trace] SUCCESS (ZE_RESULT_SUCCESS) in zeEventDestroy(hEvent=0x32d58958)
[2026-10-08 05:36:18.191] [thread-id: 140063164226752] [trace] zeEventDestroy(hEvent)
[2026-10-08 05:36:18.191] [thread-id: 140063164226752] [trace] SUCCESS (ZE_RESULT_SUCCESS) in zeEventDestroy(hEvent=0x32d58e68)
[2026-10-08 05:36:18.191] [thread-id: 140063164226752] [trace] zeEventDestroy(hEvent)
[2026-10-08 05:36:18.191] [thread-id: 140063164226752] [trace] SUCCESS (ZE_RESULT_SUCCESS) in zeEventDestroy(hEvent=0x32d59568)
[2026-10-08 05:36:18.191] [thread-id: 140063164226752] [trace] zeEventDestroy(hEvent)
[2026-10-08 05:36:18.191] [thread-id: 140063164226752] [trace] SUCCESS (ZE_RESULT_SUCCESS) in zeEventDestroy(hEvent=0x32d59a78)
[2026-10-08 05:36:18.191] [thread-id: 140063164226752] [trace] zeEventDestroy(hEvent)
[2026-10-08 05:36:18.191] [thread-id: 140063164226752] [trace] SUCCESS (ZE_RESULT_SUCCESS) in zeEventDestroy(hEvent=0x32d5a178)
[2026-10-08 05:36:18.191] [thread-id: 140063164226752] [trace] zeEventDestroy(hEvent)
[2026-10-08 05:36:18.191] [thread-id: 140063164226752] [trace] SUCCESS (ZE_RESULT_SUCCESS) in zeEventDestroy(hEvent=0x32d5a688)
[2026-10-08 05:36:18.191] [thread-id: 140063164226752] [trace] zeEventDestroy(hEvent)
[2026-10-08 05:36:18.191] [thread-id: 140063164226752] [trace] SUCCESS (ZE_RESULT_SUCCESS) in zeEventDestroy(hEvent=0x32d5ad88)
[2026-10-08 05:36:18.191] [thread-id: 140063164226752] [trace] zeEventDestroy(hEvent)
[2026-10-08 05:36:18.191] [thread-id: 140063164226752] [trace] SUCCESS (ZE_RESULT_SUCCESS) in zeEventDestroy(hEvent=0x32d5b4a8)
[2026-10-08 05:36:18.191] [thread-id: 140063164226752] [trace] zeEventDestroy(hEvent)
[2026-10-08 05:36:18.191] [thread-id: 140063164226752] [trace] SUCCESS (ZE_RESULT_SUCCESS) in zeEventDestroy(hEvent=0x32d5bba8)
[2026-10-08 05:36:18.191] [thread-id: 140063164226752] [trace] zeEventDestroy(hEvent)
[2026-10-08 05:36:18.191] [thread-id: 140063164226752] [trace] SUCCESS (ZE_RESULT_SUCCESS) in zeEventDestroy(hEvent=0x32d5c0b8)
[2026-10-08 05:36:18.191] [thread-id: 140063164226752] [trace] zeEventDestroy(hEvent)
[2026-10-08 05:36:18.191] [thread-id: 140063164226752] [trace] SUCCESS (ZE_RESULT_SUCCESS) in zeEventDestroy(hEvent=0x32d5c7b8)
[2026-10-08 05:36:18.191] [thread-id: 140063164226752] [trace] zeEventDestroy(hEvent)
[2026-10-08 05:36:18.191] [thread-id: 140063164226752] [trace] SUCCESS (ZE_RESULT_SUCCESS) in zeEventDestroy(hEvent=0x32d5ccc8)
[2026-10-08 05:36:18.191] [thread-id: 140063164226752] [trace] zeEventDestroy(hEvent)
[2026-10-08 05:36:18.191] [thread-id: 140063164226752] [trace] SUCCESS (ZE_RESULT_SUCCESS) in zeEventDestroy(hEvent=0x32d5d3c8)
[2026-10-08 05:36:18.191] [thread-id: 140063164226752] [trace] zeEventDestroy(hEvent)
[2026-10-08 05:36:18.191] [thread-id: 140063164226752] [trace] SUCCESS (ZE_RESULT_SUCCESS) in zeEventDestroy(hEvent=0x32d5d8d8)
[2026-10-08 05:36:18.191] [thread-id: 140063164226752] [trace] zeEventDestroy(hEvent)
[2026-10-08 05:36:18.191] [thread-id: 140063164226752] [trace] SUCCESS (ZE_RESULT_SUCCESS) in zeEventDestroy(hEvent=0x32d5dfd8)
[2026-10-08 05:36:18.191] [thread-id: 140063164226752] [trace] zeEventDestroy(hEvent)
[2026-10-08 05:36:18.191] [thread-id: 140063164226752] [trace] SUCCESS (ZE_RESULT_SUCCESS) in zeEventDestroy(hEvent=0x32d5e4e8)
[2026-10-08 05:36:18.191] [thread-id: 140063164226752] [trace] zeEventDestroy(hEvent)
[2026-10-08 05:36:18.191] [thread-id: 140063164226752] [trace] SUCCESS (ZE_RESULT_SUCCESS) in zeEventDestroy(hEvent=0x32d5ebe8)
[2026-10-08 05:36:18.191] [thread-id: 140063164226752] [trace] zeEventDestroy(hEvent)
[2026-10-08 05:36:18.191] [thread-id: 140063164226752] [trace] SUCCESS (ZE_RESULT_SUCCESS) in zeEventDestroy(hEvent=0x32d5f0f8)
[2026-10-08 05:36:18.191] [thread-id: 140063164226752] [trace] zeEventDestroy(hEvent)
[2026-10-08 05:36:18.191] [thread-id: 140063164226752] [trace] SUCCESS (ZE_RESULT_SUCCESS) in zeEventDestroy(hEvent=0x32d5f7f8)
[2026-10-08 05:36:18.191] [thread-id: 140063164226752] [trace] zeEventDestroy(hEvent)
[2026-10-08 05:36:18.191] [thread-id: 140063164226752] [trace] SUCCESS (ZE_RESULT_SUCCESS) in zeEventDestroy(hEvent=0x32d5fd08)
[2026-10-08 05:36:18.191] [thread-id: 140063164226752] [trace] zeEventDestroy(hEvent)
[2026-10-08 05:36:18.191] [thread-id: 140063164226752] [trace] SUCCESS (ZE_RESULT_SUCCESS) in zeEventDestroy(hEvent=0x32d60408)
[2026-10-08 05:36:18.191] [thread-id: 140063164226752] [trace] zeEventDestroy(hEvent)
[2026-10-08 05:36:18.191] [thread-id: 140063164226752] [trace] SUCCESS (ZE_RESULT_SUCCESS) in zeEventDestroy(hEvent=0x32d60918)
[2026-10-08 05:36:18.191] [thread-id: 140063164226752] [trace] zeEventDestroy(hEvent)
[2026-10-08 05:36:18.191] [thread-id: 140063164226752] [trace] SUCCESS (ZE_RESULT_SUCCESS) in zeEventDestroy(hEvent=0x32d61018)
[2026-10-08 05:36:18.191] [thread-id: 140063164226752] [trace] zeEventDestroy(hEvent)
[2026-10-08 05:36:18.191] [thread-id: 140063164226752] [trace] SUCCESS (ZE_RESULT_SUCCESS) in zeEventDestroy(hEvent=0x32d61528)
[2026-10-08 05:36:18.191] [thread-id: 140063164226752] [trace] zeEventDestroy(hEvent)
[2026-10-08 05:36:18.191] [thread-id: 140063164226752] [trace] SUCCESS (ZE_RESULT_SUCCESS) in zeEventDestroy(hEvent=0x32d61c28)
[2026-10-08 05:36:18.191] [thread-id: 140063164226752] [trace] zeEventDestroy(hEvent)
[2026-10-08 05:36:18.191] [thread-id: 140063164226752] [trace] SUCCESS (ZE_RESULT_SUCCESS) in zeEventDestroy(hEvent=0x32d62138)
[2026-10-08 05:36:18.191] [thread-id: 140063164226752] [trace] zeEventDestroy(hEvent)
[2026-10-08 05:36:18.191] [thread-id: 140063164226752] [trace] SUCCESS (ZE_RESULT_SUCCESS) in zeEventDestroy(hEvent=0x32d62ab8)
[2026-10-08 05:36:18.191] [thread-id: 140063164226752] [trace] zeEventDestroy(hEvent)
[2026-10-08 05:36:18.191] [thread-id: 140063164226752] [trace] SUCCESS (ZE_RESULT_SUCCESS) in zeEventDestroy(hEvent=0x32d62fc8)
[2026-10-08 05:36:18.191] [thread-id: 140063164226752] [trace] zeEventDestroy(hEvent)
[2026-10-08 05:36:18.191] [thread-id: 140063164226752] [trace] SUCCESS (ZE_RESULT_SUCCESS) in zeEventDestroy(hEvent=0x32d636c8)
[2026-10-08 05:36:18.191] [thread-id: 140063164226752] [trace] zeEventDestroy(hEvent)
[2026-10-08 05:36:18.191] [thread-id: 140063164226752] [trace] SUCCESS (ZE_RESULT_SUCCESS) in zeEventDestroy(hEvent=0x32d63bd8)
[2026-10-08 05:36:18.191] [thread-id: 140063164226752] [trace] zeEventDestroy(hEvent)
[2026-10-08 05:36:18.191] [thread-id: 140063164226752] [trace] SUCCESS (ZE_RESULT_SUCCESS) in zeEventDestroy(hEvent=0x32d642d8)
[2026-10-08 05:36:18.191] [thread-id: 140063164226752] [trace] zeEventDestroy(hEvent)
[2026-10-08 05:36:18.191] [thread-id: 140063164226752] [trace] SUCCESS (ZE_RESULT_SUCCESS) in zeEventDestroy(hEvent=0x32d647e8)
[2026-10-08 05:36:18.191] [thread-id: 140063164226752] [trace] zeEventDestroy(hEvent)
[2026-10-08 05:36:18.191] [thread-id: 140063164226752] [trace] SUCCESS (ZE_RESULT_SUCCESS) in zeEventDestroy(hEvent=0x32d64ee8)
[2026-10-08 05:36:18.191] [thread-id: 140063164226752] [trace] zeEventDestroy(hEvent)
[2026-10-08 05:36:18.191] [thread-id: 140063164226752] [trace] SUCCESS (ZE_RESULT_SUCCESS) in zeEventDestroy(hEvent=0x32d653f8)
[2026-10-08 05:36:18.191] [thread-id: 140063164226752] [trace] zeEventDestroy(hEvent)
[2026-10-08 05:36:18.191] [thread-id: 140063164226752] [trace] SUCCESS (ZE_RESULT_SUCCESS) in zeEventDestroy(hEvent=0x32d65af8)
[2026-10-08 05:36:18.191] [thread-id: 140063164226752] [trace] zeEventDestroy(hEvent)
[2026-10-08 05:36:18.191] [thread-id: 140063164226752] [trace] SUCCESS (ZE_RESULT_SUCCESS) in zeEventDestroy(hEvent=0x32d66008)
[2026-10-08 05:36:18.191] [thread-id: 140063164226752] [trace] zeEventDestroy(hEvent)
[2026-10-08 05:36:18.191] [thread-id: 140063164226752] [trace] SUCCESS (ZE_RESULT_SUCCESS) in zeEventDestroy(hEvent=0x32d66708)
[2026-10-08 05:36:18.191] [thread-id: 140063164226752] [trace] zeEventDestroy(hEvent)
[2026-10-08 05:36:18.191] [thread-id: 140063164226752] [trace] SUCCESS (ZE_RESULT_SUCCESS) in zeEventDestroy(hEvent=0x32d66c18)
[2026-10-08 05:36:18.191] [thread-id: 140063164226752] [trace] zeEventDestroy(hEvent)
[2026-10-08 05:36:18.191] [thread-id: 140063164226752] [trace] SUCCESS (ZE_RESULT_SUCCESS) in zeEventDestroy(hEvent=0x32d4ea68)
[2026-10-08 05:36:18.191] [thread-id: 140063164226752] [trace] zeEventDestroy(hEvent)
[2026-10-08 05:36:18.191] [thread-id: 140063164226752] [trace] SUCCESS (ZE_RESULT_SUCCESS) in zeEventDestroy(hEvent=0x32d4ee08)
[2026-10-08 05:36:18.191] [thread-id: 140063164226752] [trace] zeCommandListDestroy(hCommandList)
[2026-10-08 05:36:18.191] [thread-id: 140063164226752] [trace] SUCCESS (ZE_RESULT_SUCCESS) in zeCommandListDestroy(hCommandList=0x32d1dd88)
[2026-10-08 05:36:18.191] [thread-id: 140063164226752] [trace] zeContextDestroy(hContext)
[2026-10-08 05:36:18.191] [thread-id: 140063164226752] [trace] SUCCESS (ZE_RESULT_SUCCESS) in zeContextDestroy(hContext=0x32d16738)
   <--- urContextRelease(.hContext = 0x32d19b90) -> UR_RESULT_SUCCESS;
   ---> urDeviceRelease
   <--- urDeviceRelease(.hDevice = 0x32d15040) -> UR_RESULT_SUCCESS;
   ---> urAdapterRelease
   <--- urAdapterRelease(.hAdapter = 0x32b19700) -> UR_RESULT_SUCCESS;
