<LOADER>[DEBUG]: Logger loader initialized successfully!
<LOADER>[INFO]: loaded adapter 0x0x3c0c1980 (/opt/intel/oneapi/compiler/2026.1/lib/libur_adapter_level_zero_v2.so.0) from /opt/intel/oneapi/compiler/2026.1/lib/libur_adapter_level_zero_v2.so.0
   ---> urAdapterGet
<LEVEL_ZERO>[DEBUG]: zeInit with flags value of 1
[2026-10-08 08:25:40.525] [thread-id: 127375508946112] [info] Loader Version 1.32.0  - No git SHA found, compiled outside git folder.
[2026-10-08 08:25:40.528] [thread-id: 127375508946112] [info] Validation Layer Enabled
[2026-10-08 08:25:40.528] [thread-id: 127375508946112] [info] zeInit succeeded
[2026-10-08 08:25:40.528] [thread-id: 127375508946112] [trace] zeInit(flags)
[2026-10-08 08:25:40.605] [thread-id: 127375508946112] [trace] SUCCESS (ZE_RESULT_SUCCESS) in zeInit(flags=1)
<LEVEL_ZERO>[DEBUG]: Level Zero Loader version: 1.32.0
<LEVEL_ZERO>[DEBUG]: zeInitDrivers with flags value of 1
[2026-10-08 08:25:40.605] [thread-id: 127375508946112] [trace] zeInitDrivers(pCount, phDrivers, desc)
[2026-10-08 08:25:40.605] [thread-id: 127375508946112] [trace] SUCCESS (ZE_RESULT_SUCCESS) in zeInitDrivers(pCount=1, phDrivers=nullptr, desc={stype=0x3c0c0728, flags=1})
[2026-10-08 08:25:40.605] [thread-id: 127375508946112] [trace] zeInitDrivers(pCount, phDrivers, desc)
[2026-10-08 08:25:40.605] [thread-id: 127375508946112] [trace] SUCCESS (ZE_RESULT_SUCCESS) in zeInitDrivers(pCount=1, phDrivers=nullptr, desc={stype=0x3c0c0728, flags=1})
[2026-10-08 08:25:40.605] [thread-id: 127375508946112] [trace] zeDriverGet(pCount, phDrivers)
[2026-10-08 08:25:40.605] [thread-id: 127375508946112] [trace] SUCCESS (ZE_RESULT_SUCCESS) in zeDriverGet(pCount=1, phDrivers=nullptr)
[2026-10-08 08:25:40.605] [thread-id: 127375508946112] [trace] zeDriverGet(pCount, phDrivers)
[2026-10-08 08:25:40.605] [thread-id: 127375508946112] [trace] SUCCESS (ZE_RESULT_SUCCESS) in zeDriverGet(pCount=1, phDrivers=0x3c2a6980)
[2026-10-08 08:25:40.605] [thread-id: 127375508946112] [trace] zeDeviceGet(hDriver, pCount, phDevices)
[2026-10-08 08:25:40.605] [thread-id: 127375508946112] [trace] SUCCESS (ZE_RESULT_SUCCESS) in zeDeviceGet(hDriver=0x3c2a69c8, pCount=1, phDevices=nullptr)
[2026-10-08 08:25:40.605] [thread-id: 127375508946112] [trace] zeDeviceGet(hDriver, pCount, phDevices)
[2026-10-08 08:25:40.605] [thread-id: 127375508946112] [trace] SUCCESS (ZE_RESULT_SUCCESS) in zeDeviceGet(hDriver=0x3c2a69c8, pCount=1, phDevices=0x3c2b32b0)
[2026-10-08 08:25:40.605] [thread-id: 127375508946112] [trace] zeDeviceGetProperties(hDevice, pDeviceProperties)
[2026-10-08 08:25:40.605] [thread-id: 127375508946112] [trace] SUCCESS (ZE_RESULT_SUCCESS) in zeDeviceGetProperties(hDevice=0x3c2a6f28, pDeviceProperties={stype=0x7ffd34d028a0, type=0x7ffd34d028b0, vendorId=32902, deviceId=57868, flags=8, subdeviceId=0, coreClockRate=2750, maxMemAllocSize=10132807680, maxHardwareContexts=65536, maxCommandQueuePriority=0, numThreadsPerEU=8, physicalEUSimdWidth=16, numEUsPerSubslice=8, numSubslicesPerSlice=4, numSlices=5, timerResolution=52, timestampValidBits=64, kernelTimestampValidBits=64, uuid={id=134}, name="Intel(R) Arc(TM) B570 Graphics"})
<LEVEL_ZERO>[DEBUG]: 
zesInit with flags value of 0

[2026-10-08 08:25:40.606] [thread-id: 127375508946112] [trace] zesInit(flags)
[2026-10-08 08:25:40.607] [thread-id: 127375508946112] [trace] SUCCESS (ZE_RESULT_SUCCESS) in zesInit(flags=0)
[2026-10-08 08:25:40.607] [thread-id: 127375508946112] [trace] zeDriverGet(pCount, phDrivers)
[2026-10-08 08:25:40.607] [thread-id: 127375508946112] [trace] SUCCESS (ZE_RESULT_SUCCESS) in zeDriverGet(pCount=1, phDrivers=nullptr)
[2026-10-08 08:25:40.607] [thread-id: 127375508946112] [trace] zeDriverGet(pCount, phDrivers)
[2026-10-08 08:25:40.607] [thread-id: 127375508946112] [trace] SUCCESS (ZE_RESULT_SUCCESS) in zeDriverGet(pCount=1, phDrivers=0x3c2ba340)
[2026-10-08 08:25:40.607] [thread-id: 127375508946112] [trace] zeInitDrivers(pCount, phDrivers, desc)
[2026-10-08 08:25:40.607] [thread-id: 127375508946112] [trace] SUCCESS (ZE_RESULT_SUCCESS) in zeInitDrivers(pCount=1, phDrivers=0x3c2ba410, desc={stype=0x3c0c0728, flags=1})
[2026-10-08 08:25:40.607] [thread-id: 127375508946112] [trace] zeDriverGetProperties(hDriver, pDriverProperties)
[2026-10-08 08:25:40.607] [thread-id: 127375508946112] [trace] SUCCESS (ZE_RESULT_SUCCESS) in zeDriverGetProperties(hDriver=0x3c2a69c8, pDriverProperties={stype=0x7ffd34d027f0, uuid={id=227}, driverVersion=17013219})
[2026-10-08 08:25:40.607] [thread-id: 127375508946112] [trace] zeDriverGetProperties(hDriver, pDriverProperties)
[2026-10-08 08:25:40.607] [thread-id: 127375508946112] [trace] SUCCESS (ZE_RESULT_SUCCESS) in zeDriverGetProperties(hDriver=0x3c2a69c8, pDriverProperties={stype=0x7ffd34d029c0, uuid={id=227}, driverVersion=17013219})
<LEVEL_ZERO>[DEBUG]: zeDriverHandle 0x3c2a69c8 matched between zeDriverGet and zeInitDrivers. Not adding duplicate driver to list
<LEVEL_ZERO>[DEBUG]: 1 L0 Drivers found.
[2026-10-08 08:25:40.607] [thread-id: 127375508946112] [trace] zeDeviceGet(hDriver, pCount, phDevices)
[2026-10-08 08:25:40.607] [thread-id: 127375508946112] [trace] SUCCESS (ZE_RESULT_SUCCESS) in zeDeviceGet(hDriver=0x3c2a69c8, pCount=1, phDevices=nullptr)
[2026-10-08 08:25:40.607] [thread-id: 127375508946112] [trace] zeDeviceGet(hDriver, pCount, phDevices)
[2026-10-08 08:25:40.607] [thread-id: 127375508946112] [trace] SUCCESS (ZE_RESULT_SUCCESS) in zeDeviceGet(hDriver=0x3c2a69c8, pCount=1, phDevices=0x3c2ba6b0)
[2026-10-08 08:25:40.607] [thread-id: 127375508946112] [trace] zeDeviceGetProperties(hDevice, pDeviceProperties)
[2026-10-08 08:25:40.607] [thread-id: 127375508946112] [trace] SUCCESS (ZE_RESULT_SUCCESS) in zeDeviceGetProperties(hDevice=0x3c2a6f28, pDeviceProperties={stype=0x7ffd34d027f0, type=0x7ffd34d02800, vendorId=32902, deviceId=57868, flags=8, subdeviceId=0, coreClockRate=2750, maxMemAllocSize=10132807680, maxHardwareContexts=65536, maxCommandQueuePriority=0, numThreadsPerEU=8, physicalEUSimdWidth=16, numEUsPerSubslice=8, numSubslicesPerSlice=4, numSlices=5, timerResolution=52, timestampValidBits=64, kernelTimestampValidBits=64, uuid={id=134}, name="Intel(R) Arc(TM) B570 Graphics"})
[2026-10-08 08:25:40.607] [thread-id: 127375508946112] [trace] zeDriverGetApiVersion(hDriver, version)
[2026-10-08 08:25:40.607] [thread-id: 127375508946112] [trace] SUCCESS (ZE_RESULT_SUCCESS) in zeDriverGetApiVersion(hDriver=0x3c2a69c8, version=65553)
[2026-10-08 08:25:40.607] [thread-id: 127375508946112] [trace] zeDriverGetExtensionProperties(hDriver, pCount, pExtensionProperties)
[2026-10-08 08:25:40.607] [thread-id: 127375508946112] [trace] SUCCESS (ZE_RESULT_SUCCESS) in zeDriverGetExtensionProperties(hDriver=0x3c2a69c8, pCount=63, pExtensionProperties=nullptr)
[2026-10-08 08:25:40.608] [thread-id: 127375508946112] [trace] zeDriverGetExtensionProperties(hDriver, pCount, pExtensionProperties)
[2026-10-08 08:25:40.608] [thread-id: 127375508946112] [trace] SUCCESS (ZE_RESULT_SUCCESS) in zeDriverGetExtensionProperties(hDriver=0x3c2a69c8, pCount=63, pExtensionProperties={name="ZE_extension_device_cache_line_size", version=65536})
[2026-10-08 08:25:40.608] [thread-id: 127375508946112] [trace] zeDriverGetExtensionFunctionAddress(hDriver, name, ppFunctionAddress)
[2026-10-08 08:25:40.608] [thread-id: 127375508946112] [trace] SUCCESS (ZE_RESULT_SUCCESS) in zeDriverGetExtensionFunctionAddress(hDriver=0x3c2a69c8, name="zeIntelGetDriverVersionString", ppFunctionAddress=0x73d8e820bc00)
[2026-10-08 08:25:40.608] [thread-id: 127375508946112] [trace] zeDriverGetProperties(hDriver, pDriverProperties)
[2026-10-08 08:25:40.608] [thread-id: 127375508946112] [trace] SUCCESS (ZE_RESULT_SUCCESS) in zeDriverGetProperties(hDriver=0x3c2a69c8, pDriverProperties={stype=0x7ffd34d026b0, uuid={id=227}, driverVersion=17013219})
<LEVEL_ZERO>[DEBUG]: Level Zero Driver version: 1.17.39395+14
[2026-10-08 08:25:40.608] [thread-id: 127375508946112] [trace] zeDriverGetExtensionFunctionAddress(hDriver, name, ppFunctionAddress)
[2026-10-08 08:25:40.608] [thread-id: 127375508946112] [trace] SUCCESS (ZE_RESULT_SUCCESS) in zeDriverGetExtensionFunctionAddress(hDriver=0x3c2a69c8, name="zexDriverImportExternalPointer", ppFunctionAddress=0x73d8e8206a40)
[2026-10-08 08:25:40.608] [thread-id: 127375508946112] [trace] zeDriverGetExtensionFunctionAddress(hDriver, name, ppFunctionAddress)
[2026-10-08 08:25:40.608] [thread-id: 127375508946112] [trace] SUCCESS (ZE_RESULT_SUCCESS) in zeDriverGetExtensionFunctionAddress(hDriver=0x3c2a69c8, name="zexDriverReleaseImportedPointer", ppFunctionAddress=0x73d8e820ee30)
[2026-10-08 08:25:40.608] [thread-id: 127375508946112] [trace] zeDriverGetExtensionFunctionAddress(hDriver, name, ppFunctionAddress)
[2026-10-08 08:25:40.608] [thread-id: 127375508946112] [trace] SUCCESS (ZE_RESULT_SUCCESS) in zeDriverGetExtensionFunctionAddress(hDriver=0x3c2a69c8, name="zeImageGetDeviceOffsetExp", ppFunctionAddress=0x73d8e8210190)
[2026-10-08 08:25:40.608] [thread-id: 127375508946112] [trace] zeDriverGetExtensionFunctionAddress(hDriver, name, ppFunctionAddress)
[2026-10-08 08:25:40.608] [thread-id: 127375508946112] [trace] SUCCESS (ZE_RESULT_SUCCESS) in zeDriverGetExtensionFunctionAddress(hDriver=0x3c2a69c8, name="zeMemGetPitchFor2dImage", ppFunctionAddress=0x73d8e8212550)
[2026-10-08 08:25:40.608] [thread-id: 127375508946112] [trace] zeDriverGetExtensionFunctionAddress(hDriver, name, ppFunctionAddress)
[2026-10-08 08:25:40.608] [thread-id: 127375508946112] [trace] SUCCESS (ZE_RESULT_SUCCESS) in zeDriverGetExtensionFunctionAddress(hDriver=0x3c2a69c8, name="zeGraphGetIdExt", ppFunctionAddress=0x73d8e8200dd0)
[2026-10-08 08:25:40.608] [thread-id: 127375508946112] [trace] zeDriverGetExtensionFunctionAddress(hDriver, name, ppFunctionAddress)
[2026-10-08 08:25:40.608] [thread-id: 127375508946112] [trace] SUCCESS (ZE_RESULT_SUCCESS) in zeDriverGetExtensionFunctionAddress(hDriver=0x3c2a69c8, name="zeCommandListAppendHostFunction", ppFunctionAddress=0x73d8e81e4140)
[2026-10-08 08:25:40.608] [thread-id: 127375508946112] [trace] zesDriverGet(pCount, phDrivers)
[2026-10-08 08:25:40.608] [thread-id: 127375508946112] [trace] SUCCESS (ZE_RESULT_SUCCESS) in zesDriverGet(pCount=1, phDrivers=nullptr)
[2026-10-08 08:25:40.608] [thread-id: 127375508946112] [trace] zesDriverGet(pCount, phDrivers)
[2026-10-08 08:25:40.608] [thread-id: 127375508946112] [trace] SUCCESS (ZE_RESULT_SUCCESS) in zesDriverGet(pCount=1, phDrivers=0x3c2bb5b0)
[2026-10-08 08:25:40.608] [thread-id: 127375508946112] [trace] zesDriverGetDeviceByUuidExp(hDriver, uuid, phDevice, onSubdevice, subdeviceId)
[2026-10-08 08:25:40.608] [thread-id: 127375508946112] [trace] SUCCESS (ZE_RESULT_SUCCESS) in zesDriverGetDeviceByUuidExp(hDriver=0x3c2b71c8, uuid={id=134}, phDevice=0x3c0e7058, onSubdevice=0, subdeviceId=0)
<LEVEL_ZERO>[DEBUG]: Initialized 1 platforms
   <--- urAdapterGet(.NumEntries = 0, .phAdapters = nullptr, .pNumAdapters = 0x7ffd34d030c8 (1)) -> UR_RESULT_SUCCESS;
   ---> urAdapterGet
   <--- urAdapterGet(.NumEntries = 1, .phAdapters = 0x3c2ba690 {0x3c0c0700}, .pNumAdapters = nullptr) -> UR_RESULT_SUCCESS;
   ---> urAdapterGetInfo
   <--- urAdapterGetInfo(.hAdapter = 0x3c0c0700, .propName = UR_ADAPTER_INFO_BACKEND, .propSize = 4, .pPropValue = 0x7ffd34d030bc (UR_BACKEND_LEVEL_ZERO), .pPropSizeRet = nullptr) -> UR_RESULT_SUCCESS;
   ---> urAdapterSetLoggerCallback
   <--- urAdapterSetLoggerCallback(.hAdapter = 0x3c0c0700, .pfnLoggerCallback = 0x73d8eefe7420, .pUserData = nullptr, .level = UR_LOGGER_LEVEL_WARN) -> UR_RESULT_SUCCESS;
   ---> urPlatformGet
   <--- urPlatformGet(.hAdapter = 0x3c0c0700, .NumEntries = 0, .phPlatforms = nullptr, .pNumPlatforms = 0x7ffd34d02ffc (1)) -> UR_RESULT_SUCCESS;
   ---> urPlatformGet
   <--- urPlatformGet(.hAdapter = 0x3c0c0700, .NumEntries = 1, .phPlatforms = 0x3c2ba690 {0x3c2ba810}, .pNumPlatforms = nullptr) -> UR_RESULT_SUCCESS;
   ---> urPlatformGetInfo
   <--- urPlatformGetInfo(.hPlatform = 0x3c2ba810, .propName = UR_PLATFORM_INFO_BACKEND, .propSize = 4, .pPropValue = 0x7ffd34d0300c (UR_BACKEND_LEVEL_ZERO), .pPropSizeRet = nullptr) -> UR_RESULT_SUCCESS;
   ---> urDeviceGet
[2026-10-08 08:25:40.608] [thread-id: 127375508946112] [trace] zeDeviceGet(hDriver, pCount, phDevices)
[2026-10-08 08:25:40.608] [thread-id: 127375508946112] [trace] SUCCESS (ZE_RESULT_SUCCESS) in zeDeviceGet(hDriver=0x3c2a69c8, pCount=1, phDevices=nullptr)
[2026-10-08 08:25:40.608] [thread-id: 127375508946112] [trace] zeDeviceGet(hDriver, pCount, phDevices)
[2026-10-08 08:25:40.608] [thread-id: 127375508946112] [trace] SUCCESS (ZE_RESULT_SUCCESS) in zeDeviceGet(hDriver=0x3c2a69c8, pCount=1, phDevices=0x3c2bc000)
[2026-10-08 08:25:40.608] [thread-id: 127375508946112] [trace] zeDeviceGetProperties(hDevice, pDeviceProperties)
[2026-10-08 08:25:40.608] [thread-id: 127375508946112] [trace] SUCCESS (ZE_RESULT_SUCCESS) in zeDeviceGetProperties(hDevice=0x3c2a6f28, pDeviceProperties={stype=0x3c2bc0e8, type=0x3c2bc0f8, vendorId=32902, deviceId=57868, flags=8, subdeviceId=0, coreClockRate=2750, maxMemAllocSize=10132807680, maxHardwareContexts=65536, maxCommandQueuePriority=0, numThreadsPerEU=8, physicalEUSimdWidth=16, numEUsPerSubslice=8, numSubslicesPerSlice=4, numSlices=5, timerResolution=19200000, timestampValidBits=64, kernelTimestampValidBits=64, uuid={id=134}, name="Intel(R) Arc(TM) B570 Graphics"})
[2026-10-08 08:25:40.608] [thread-id: 127375508946112] [trace] zeDeviceGetProperties(hDevice, pDeviceProperties)
[2026-10-08 08:25:40.608] [thread-id: 127375508946112] [trace] SUCCESS (ZE_RESULT_SUCCESS) in zeDeviceGetProperties(hDevice=0x3c2a6f28, pDeviceProperties={stype=0x7ffd34d02608, type=0x7ffd34d02618, vendorId=32902, deviceId=57868, flags=8, subdeviceId=0, coreClockRate=2750, maxMemAllocSize=10132807680, maxHardwareContexts=65536, maxCommandQueuePriority=0, numThreadsPerEU=8, physicalEUSimdWidth=16, numEUsPerSubslice=8, numSubslicesPerSlice=4, numSlices=5, timerResolution=52, timestampValidBits=64, kernelTimestampValidBits=64, uuid={id=134}, name="Intel(R) Arc(TM) B570 Graphics"})
[2026-10-08 08:25:40.608] [thread-id: 127375508946112] [trace] zeDeviceGetCommandQueueGroupProperties(hDevice, pCount, pCommandQueueGroupProperties)
[2026-10-08 08:25:40.608] [thread-id: 127375508946112] [trace] SUCCESS (ZE_RESULT_SUCCESS) in zeDeviceGetCommandQueueGroupProperties(hDevice=0x3c2a6f28, pCount=2, pCommandQueueGroupProperties=nullptr)
<LEVEL_ZERO>[INFO]: Number of queue groups = 2
[2026-10-08 08:25:40.608] [thread-id: 127375508946112] [trace] zeDeviceGetCommandQueueGroupProperties(hDevice, pCount, pCommandQueueGroupProperties)
[2026-10-08 08:25:40.608] [thread-id: 127375508946112] [trace] SUCCESS (ZE_RESULT_SUCCESS) in zeDeviceGetCommandQueueGroupProperties(hDevice=0x3c2a6f28, pCount=2, pCommandQueueGroupProperties={stype=0x3c0c0610, flags=7, maxMemoryFillPatternSize=18446744073709551615, numQueues=1})
<LEVEL_ZERO>[INFO]: main blitter/copy engine is available
<LEVEL_ZERO>[INFO]: link blitter/copy engines are not available
[2026-10-08 08:25:40.608] [thread-id: 127375508946112] [trace] zeDeviceGetSubDevices(hDevice, pCount, phSubdevices)
[2026-10-08 08:25:40.608] [thread-id: 127375508946112] [trace] SUCCESS (ZE_RESULT_SUCCESS) in zeDeviceGetSubDevices(hDevice=0x3c2a6f28, pCount=0, phSubdevices=nullptr)
[2026-10-08 08:25:40.608] [thread-id: 127375508946112] [trace] zeDeviceGetSubDevices(hDevice, pCount, phSubdevices)
[2026-10-08 08:25:40.608] [thread-id: 127375508946112] [trace] SUCCESS (ZE_RESULT_SUCCESS) in zeDeviceGetSubDevices(hDevice=0x3c2a6f28, pCount=0, phSubdevices=0x3c2bc020)
[2026-10-08 08:25:40.608] [thread-id: 127375508946112] [trace] zeDeviceGetRootDevice(hDevice, phRootDevice)
[2026-10-08 08:25:40.608] [thread-id: 127375508946112] [trace] SUCCESS (ZE_RESULT_SUCCESS) in zeDeviceGetRootDevice(hDevice=0x3c2a6f28, phRootDevice=0x7ffd34d02a60)
[2026-10-08 08:25:40.608] [thread-id: 127375508946112] [trace] zeDeviceSynchronize(hDevice)
[2026-10-08 08:25:40.608] [thread-id: 127375508946112] [trace] SUCCESS (ZE_RESULT_SUCCESS) in zeDeviceSynchronize(hDevice=0x3c2a6f28)
[2026-10-08 08:25:40.608] [thread-id: 127375508946112] [trace] zeDeviceGetRootDevice(hDevice, phRootDevice)
[2026-10-08 08:25:40.608] [thread-id: 127375508946112] [trace] SUCCESS (ZE_RESULT_SUCCESS) in zeDeviceGetRootDevice(hDevice=0x3c2a6f28, phRootDevice=0x7ffd34d02b50)
   <--- urDeviceGet(.hPlatform = 0x3c2ba810, .DeviceType = UR_DEVICE_TYPE_ALL, .NumEntries = 0, .phDevices = nullptr, .pNumDevices = 0x7ffd34d02f7c (1)) -> UR_RESULT_SUCCESS;
   ---> urDeviceGet
[2026-10-08 08:25:40.608] [thread-id: 127375508946112] [trace] zeDeviceGetRootDevice(hDevice, phRootDevice)
[2026-10-08 08:25:40.608] [thread-id: 127375508946112] [trace] SUCCESS (ZE_RESULT_SUCCESS) in zeDeviceGetRootDevice(hDevice=0x3c2a6f28, phRootDevice=0x7ffd34d02b50)
   <--- urDeviceGet(.hPlatform = 0x3c2ba810, .DeviceType = UR_DEVICE_TYPE_ALL, .NumEntries = 1, .phDevices = 0x3c2bc000 {0x3c2bc040}, .pNumDevices = nullptr) -> UR_RESULT_SUCCESS;
   ---> urPlatformGetInfo
   <--- urPlatformGetInfo(.hPlatform = 0x3c2ba810, .propName = UR_PLATFORM_INFO_VERSION, .propSize = 0, .pPropValue = nullptr, .pPropSizeRet = 0x7ffd34d02b50 (5)) -> UR_RESULT_SUCCESS;
   ---> urPlatformGetInfo
   <--- urPlatformGetInfo(.hPlatform = 0x3c2ba810, .propName = UR_PLATFORM_INFO_VERSION, .propSize = 5, .pPropValue = 0x7ffd34d02cb8 (1.17), .pPropSizeRet = nullptr) -> UR_RESULT_SUCCESS;
   ---> urPlatformGetInfo
   <--- urPlatformGetInfo(.hPlatform = 0x3c2ba810, .propName = UR_PLATFORM_INFO_NAME, .propSize = 0, .pPropValue = nullptr, .pPropSizeRet = 0x7ffd34d02b50 (51)) -> UR_RESULT_SUCCESS;
   ---> urPlatformGetInfo
   <--- urPlatformGetInfo(.hPlatform = 0x3c2ba810, .propName = UR_PLATFORM_INFO_NAME, .propSize = 51, .pPropValue = 0x3c2bc710 (Intel(R) oneAPI Unified Runtime over Level-Zero V2), .pPropSizeRet = nullptr) -> UR_RESULT_SUCCESS;
   ---> urDeviceGetInfo
   <--- urDeviceGetInfo(.hDevice = 0x3c2bc040, .propName = UR_DEVICE_INFO_PARENT_DEVICE, .propSize = 8, .pPropValue = 0x7ffd34d02b10 (nullptr), .pPropSizeRet = nullptr) -> UR_RESULT_SUCCESS;
   ---> urDeviceGetInfo
   <--- urDeviceGetInfo(.hDevice = 0x3c2bc040, .propName = UR_DEVICE_INFO_TYPE, .propSize = 4, .pPropValue = 0x7ffd34d02ab0 (UR_DEVICE_TYPE_GPU), .pPropSizeRet = nullptr) -> UR_RESULT_SUCCESS;
   ---> urDeviceGetInfo
   <--- urDeviceGetInfo(.hDevice = 0x3c2bc040, .propName = UR_DEVICE_INFO_USE_NATIVE_ASSERT, .propSize = 1, .pPropValue = 0x7ffd34d02ab0 (true), .pPropSizeRet = nullptr) -> UR_RESULT_SUCCESS;
   ---> urDeviceGetInfo
[2026-10-08 08:25:40.609] [thread-id: 127375508946112] [trace] zeDeviceGetModuleProperties(hDevice, pModuleProperties)
[2026-10-08 08:25:40.609] [thread-id: 127375508946112] [trace] SUCCESS (ZE_RESULT_SUCCESS) in zeDeviceGetModuleProperties(hDevice=0x3c2a6f28, pModuleProperties={stype=0x3c2bc360, spirvVersionSupported=65541, flags=15, fp16flags=63, fp32flags=127, fp64flags=127, maxArgumentsSize=2048, printfBufferSize=4194304, nativeKernelSupported={id=0}})
[2026-10-08 08:25:40.609] [thread-id: 127375508946112] [trace] zeDeviceGetImageProperties(hDevice, pImageProperties)
[2026-10-08 08:25:40.609] [thread-id: 127375508946112] [trace] SUCCESS (ZE_RESULT_SUCCESS) in zeDeviceGetImageProperties(hDevice=0x3c2a6f28, pImageProperties={stype=0x3c2bc300, maxImageDims1D=16384, maxImageDims2D=16384, maxImageDims3D=2048, maxImageBufferSize=633300480, maxImageArraySlices=2048, maxSamplers=16, maxReadImageArgs=128, maxWriteImageArgs=128})
   <--- urDeviceGetInfo(.hDevice = 0x3c2bc040, .propName = UR_DEVICE_INFO_EXTENSIONS, .propSize = 0, .pPropValue = nullptr, .pPropSizeRet = 0x7ffd34d02a38 (245)) -> UR_RESULT_SUCCESS;
   ---> urDeviceGetInfo
   <--- urDeviceGetInfo(.hDevice = 0x3c2bc040, .propName = UR_DEVICE_INFO_EXTENSIONS, .propSize = 245, .pPropValue = 0x3c176740 (cl_khr_il_program cl_khr_subgroups cl_intel_subgroups cl_intel_subgroups_short cl_intel_required_subgroup_size cl_khr_fp16 cl_khr_fp64 cl_khr_int64_base_atomics cl_khr_int64_extended_atomics cl_khr_3d_image_writes cl_intel_bfloat16_conversions ), .pPropSizeRet = nullptr) -> UR_RESULT_SUCCESS;
   ---> urDeviceRetain
   <--- urDeviceRetain(.hDevice = 0x3c2bc040) -> UR_RESULT_SUCCESS;
   ---> urDeviceGetInfo
   <--- urDeviceGetInfo(.hDevice = 0x3c2bc040, .propName = UR_DEVICE_INFO_TYPE, .propSize = 4, .pPropValue = 0x7ffd34d02c2c (UR_DEVICE_TYPE_GPU), .pPropSizeRet = nullptr) -> UR_RESULT_SUCCESS;
   ---> urDeviceGetInfo
   <--- urDeviceGetInfo(.hDevice = 0x3c2bc040, .propName = UR_DEVICE_INFO_VENDOR_ID, .propSize = 4, .pPropValue = 0x7ffd34d02ca8 (32902), .pPropSizeRet = nullptr) -> UR_RESULT_SUCCESS;
   ---> urDeviceGetInfo
   <--- urDeviceGetInfo(.hDevice = 0x3c2bc040, .propName = UR_DEVICE_INFO_DRIVER_VERSION, .propSize = 0, .pPropValue = nullptr, .pPropSizeRet = 0x7ffd34d02b50 (14)) -> UR_RESULT_SUCCESS;
   ---> urDeviceGetInfo
   <--- urDeviceGetInfo(.hDevice = 0x3c2bc040, .propName = UR_DEVICE_INFO_DRIVER_VERSION, .propSize = 14, .pPropValue = 0x7ffd34d02c78 (1.17.39395+14), .pPropSizeRet = nullptr) -> UR_RESULT_SUCCESS;
   ---> urDeviceGetInfo
   <--- urDeviceGetInfo(.hDevice = 0x3c2bc040, .propName = UR_DEVICE_INFO_NAME, .propSize = 0, .pPropValue = nullptr, .pPropSizeRet = 0x7ffd34d02a90 (31)) -> UR_RESULT_SUCCESS;
   ---> urDeviceGetInfo
   <--- urDeviceGetInfo(.hDevice = 0x3c2bc040, .propName = UR_DEVICE_INFO_NAME, .propSize = 31, .pPropValue = 0x3c2bbfd0 (Intel(R) Arc(TM) B570 Graphics), .pPropSizeRet = nullptr) -> UR_RESULT_SUCCESS;
   ---> urPlatformGetInfo
   <--- urPlatformGetInfo(.hPlatform = 0x3c2ba810, .propName = UR_PLATFORM_INFO_BACKEND, .propSize = 4, .pPropValue = 0x7ffd34d02e6c (UR_BACKEND_LEVEL_ZERO), .pPropSizeRet = nullptr) -> UR_RESULT_SUCCESS;
   ---> urDeviceGetInfo
   <--- urDeviceGetInfo(.hDevice = 0x3c2bc040, .propName = UR_DEVICE_INFO_TYPE, .propSize = 4, .pPropValue = 0x7ffd34d02e64 (UR_DEVICE_TYPE_GPU), .pPropSizeRet = nullptr) -> UR_RESULT_SUCCESS;
   ---> urDeviceRelease
   <--- urDeviceRelease(.hDevice = 0x3c2bc040) -> UR_RESULT_SUCCESS;
   ---> urDeviceGetInfo
   <--- urDeviceGetInfo(.hDevice = 0x3c2bc040, .propName = UR_DEVICE_INFO_SUPPORTED_PARTITIONS, .propSize = 0, .pPropValue = nullptr, .pPropSizeRet = 0x7ffd34d02e58 (0)) -> UR_RESULT_SUCCESS;
   ---> urDeviceGet
[2026-10-08 08:25:40.609] [thread-id: 127375508946112] [trace] zeDeviceGetRootDevice(hDevice, phRootDevice)
[2026-10-08 08:25:40.609] [thread-id: 127375508946112] [trace] SUCCESS (ZE_RESULT_SUCCESS) in zeDeviceGetRootDevice(hDevice=0x3c2a6f28, phRootDevice=0x7ffd34d02c60)
   <--- urDeviceGet(.hPlatform = 0x3c2ba810, .DeviceType = UR_DEVICE_TYPE_ALL, .NumEntries = 0, .phDevices = nullptr, .pNumDevices = 0x7ffd34d0308c (1)) -> UR_RESULT_SUCCESS;
   ---> urDeviceGet
[2026-10-08 08:25:40.609] [thread-id: 127375508946112] [trace] zeDeviceGetRootDevice(hDevice, phRootDevice)
[2026-10-08 08:25:40.609] [thread-id: 127375508946112] [trace] SUCCESS (ZE_RESULT_SUCCESS) in zeDeviceGetRootDevice(hDevice=0x3c2a6f28, phRootDevice=0x7ffd34d02c60)
   <--- urDeviceGet(.hPlatform = 0x3c2ba810, .DeviceType = UR_DEVICE_TYPE_ALL, .NumEntries = 1, .phDevices = 0x3c2ba6b0 {0x3c2bc040}, .pNumDevices = nullptr) -> UR_RESULT_SUCCESS;
   ---> urPlatformGetInfo
   <--- urPlatformGetInfo(.hPlatform = 0x3c2ba810, .propName = UR_PLATFORM_INFO_VERSION, .propSize = 0, .pPropValue = nullptr, .pPropSizeRet = 0x7ffd34d02c60 (5)) -> UR_RESULT_SUCCESS;
   ---> urPlatformGetInfo
   <--- urPlatformGetInfo(.hPlatform = 0x3c2ba810, .propName = UR_PLATFORM_INFO_VERSION, .propSize = 5, .pPropValue = 0x7ffd34d02dc8 (1.17), .pPropSizeRet = nullptr) -> UR_RESULT_SUCCESS;
   ---> urPlatformGetInfo
   <--- urPlatformGetInfo(.hPlatform = 0x3c2ba810, .propName = UR_PLATFORM_INFO_NAME, .propSize = 0, .pPropValue = nullptr, .pPropSizeRet = 0x7ffd34d02c60 (51)) -> UR_RESULT_SUCCESS;
   ---> urPlatformGetInfo
   <--- urPlatformGetInfo(.hPlatform = 0x3c2ba810, .propName = UR_PLATFORM_INFO_NAME, .propSize = 51, .pPropValue = 0x3c2bcc30 (Intel(R) oneAPI Unified Runtime over Level-Zero V2), .pPropSizeRet = nullptr) -> UR_RESULT_SUCCESS;
   ---> urDeviceGetInfo
   <--- urDeviceGetInfo(.hDevice = 0x3c2bc040, .propName = UR_DEVICE_INFO_TYPE, .propSize = 4, .pPropValue = 0x7ffd34d02d3c (UR_DEVICE_TYPE_GPU), .pPropSizeRet = nullptr) -> UR_RESULT_SUCCESS;
   ---> urDeviceGetInfo
   <--- urDeviceGetInfo(.hDevice = 0x3c2bc040, .propName = UR_DEVICE_INFO_VENDOR_ID, .propSize = 4, .pPropValue = 0x7ffd34d02db8 (32902), .pPropSizeRet = nullptr) -> UR_RESULT_SUCCESS;
   ---> urDeviceGetInfo
   <--- urDeviceGetInfo(.hDevice = 0x3c2bc040, .propName = UR_DEVICE_INFO_DRIVER_VERSION, .propSize = 0, .pPropValue = nullptr, .pPropSizeRet = 0x7ffd34d02c60 (14)) -> UR_RESULT_SUCCESS;
   ---> urDeviceGetInfo
   <--- urDeviceGetInfo(.hDevice = 0x3c2bc040, .propName = UR_DEVICE_INFO_DRIVER_VERSION, .propSize = 14, .pPropValue = 0x7ffd34d02d88 (1.17.39395+14), .pPropSizeRet = nullptr) -> UR_RESULT_SUCCESS;
   ---> urPlatformGetInfo
   <--- urPlatformGetInfo(.hPlatform = 0x3c2ba810, .propName = UR_PLATFORM_INFO_BACKEND, .propSize = 4, .pPropValue = 0x7ffd34d02f7c (UR_BACKEND_LEVEL_ZERO), .pPropSizeRet = nullptr) -> UR_RESULT_SUCCESS;
   ---> urDeviceGetInfo
   <--- urDeviceGetInfo(.hDevice = 0x3c2bc040, .propName = UR_DEVICE_INFO_TYPE, .propSize = 4, .pPropValue = 0x7ffd34d02f74 (UR_DEVICE_TYPE_GPU), .pPropSizeRet = nullptr) -> UR_RESULT_SUCCESS;
   ---> urDeviceRelease
   <--- urDeviceRelease(.hDevice = 0x3c2bc040) -> UR_RESULT_SUCCESS;
   ---> urDeviceGetInfo
   <--- urDeviceGetInfo(.hDevice = 0x3c2bc040, .propName = UR_DEVICE_INFO_SUPPORTED_PARTITIONS, .propSize = 0, .pPropValue = nullptr, .pPropSizeRet = 0x7ffd34d02f68 (0)) -> UR_RESULT_SUCCESS;
   ---> urDeviceSelectBinary
   <--- urDeviceSelectBinary(.hDevice = 0x3c2bc040, .pBinaries = 0x7ffd34d02fb0 ((struct ur_device_binary_t){.stype = UR_STRUCTURE_TYPE_CONTEXT_PROPERTIES, .pNext = nullptr, .pDeviceTargetSpec = 0x73d8eed683c0 (spir64)}), .NumBinaries = 1, .pSelectedBinary = 0x7ffd34d02fd4 (0)) -> UR_RESULT_SUCCESS;
   ---> urDeviceGet
[2026-10-08 08:25:40.609] [thread-id: 127375508946112] [trace] zeDeviceGetRootDevice(hDevice, phRootDevice)
[2026-10-08 08:25:40.609] [thread-id: 127375508946112] [trace] SUCCESS (ZE_RESULT_SUCCESS) in zeDeviceGetRootDevice(hDevice=0x3c2a6f28, phRootDevice=0x7ffd34d02bf0)
   <--- urDeviceGet(.hPlatform = 0x3c2ba810, .DeviceType = UR_DEVICE_TYPE_ALL, .NumEntries = 0, .phDevices = nullptr, .pNumDevices = 0x7ffd34d0301c (1)) -> UR_RESULT_SUCCESS;
   ---> urDeviceGet
[2026-10-08 08:25:40.609] [thread-id: 127375508946112] [trace] zeDeviceGetRootDevice(hDevice, phRootDevice)
[2026-10-08 08:25:40.609] [thread-id: 127375508946112] [trace] SUCCESS (ZE_RESULT_SUCCESS) in zeDeviceGetRootDevice(hDevice=0x3c2a6f28, phRootDevice=0x7ffd34d02bf0)
   <--- urDeviceGet(.hPlatform = 0x3c2ba810, .DeviceType = UR_DEVICE_TYPE_ALL, .NumEntries = 1, .phDevices = 0x3c2bcd00 {0x3c2bc040}, .pNumDevices = nullptr) -> UR_RESULT_SUCCESS;
   ---> urPlatformGetInfo
   <--- urPlatformGetInfo(.hPlatform = 0x3c2ba810, .propName = UR_PLATFORM_INFO_VERSION, .propSize = 0, .pPropValue = nullptr, .pPropSizeRet = 0x7ffd34d02bf0 (5)) -> UR_RESULT_SUCCESS;
   ---> urPlatformGetInfo
   <--- urPlatformGetInfo(.hPlatform = 0x3c2ba810, .propName = UR_PLATFORM_INFO_VERSION, .propSize = 5, .pPropValue = 0x7ffd34d02d58 (1.17), .pPropSizeRet = nullptr) -> UR_RESULT_SUCCESS;
   ---> urPlatformGetInfo
   <--- urPlatformGetInfo(.hPlatform = 0x3c2ba810, .propName = UR_PLATFORM_INFO_NAME, .propSize = 0, .pPropValue = nullptr, .pPropSizeRet = 0x7ffd34d02bf0 (51)) -> UR_RESULT_SUCCESS;
   ---> urPlatformGetInfo
   <--- urPlatformGetInfo(.hPlatform = 0x3c2ba810, .propName = UR_PLATFORM_INFO_NAME, .propSize = 51, .pPropValue = 0x3c2bc710 (Intel(R) oneAPI Unified Runtime over Level-Zero V2), .pPropSizeRet = nullptr) -> UR_RESULT_SUCCESS;
   ---> urDeviceGetInfo
   <--- urDeviceGetInfo(.hDevice = 0x3c2bc040, .propName = UR_DEVICE_INFO_TYPE, .propSize = 4, .pPropValue = 0x7ffd34d02ccc (UR_DEVICE_TYPE_GPU), .pPropSizeRet = nullptr) -> UR_RESULT_SUCCESS;
   ---> urDeviceGetInfo
   <--- urDeviceGetInfo(.hDevice = 0x3c2bc040, .propName = UR_DEVICE_INFO_VENDOR_ID, .propSize = 4, .pPropValue = 0x7ffd34d02d48 (32902), .pPropSizeRet = nullptr) -> UR_RESULT_SUCCESS;
   ---> urDeviceGetInfo
   <--- urDeviceGetInfo(.hDevice = 0x3c2bc040, .propName = UR_DEVICE_INFO_DRIVER_VERSION, .propSize = 0, .pPropValue = nullptr, .pPropSizeRet = 0x7ffd34d02bf0 (14)) -> UR_RESULT_SUCCESS;
   ---> urDeviceGetInfo
   <--- urDeviceGetInfo(.hDevice = 0x3c2bc040, .propName = UR_DEVICE_INFO_DRIVER_VERSION, .propSize = 14, .pPropValue = 0x7ffd34d02d18 (1.17.39395+14), .pPropSizeRet = nullptr) -> UR_RESULT_SUCCESS;
   ---> urPlatformGetInfo
   <--- urPlatformGetInfo(.hPlatform = 0x3c2ba810, .propName = UR_PLATFORM_INFO_BACKEND, .propSize = 4, .pPropValue = 0x7ffd34d02f0c (UR_BACKEND_LEVEL_ZERO), .pPropSizeRet = nullptr) -> UR_RESULT_SUCCESS;
   ---> urDeviceGetInfo
   <--- urDeviceGetInfo(.hDevice = 0x3c2bc040, .propName = UR_DEVICE_INFO_TYPE, .propSize = 4, .pPropValue = 0x7ffd34d02f04 (UR_DEVICE_TYPE_GPU), .pPropSizeRet = nullptr) -> UR_RESULT_SUCCESS;
   ---> urDeviceRelease
   <--- urDeviceRelease(.hDevice = 0x3c2bc040) -> UR_RESULT_SUCCESS;
   ---> urDeviceGetInfo
   <--- urDeviceGetInfo(.hDevice = 0x3c2bc040, .propName = UR_DEVICE_INFO_SUPPORTED_PARTITIONS, .propSize = 0, .pPropValue = nullptr, .pPropSizeRet = 0x7ffd34d02ef8 (0)) -> UR_RESULT_SUCCESS;
   ---> urDeviceGet
[2026-10-08 08:25:40.610] [thread-id: 127375508946112] [trace] zeDeviceGetRootDevice(hDevice, phRootDevice)
[2026-10-08 08:25:40.610] [thread-id: 127375508946112] [trace] SUCCESS (ZE_RESULT_SUCCESS) in zeDeviceGetRootDevice(hDevice=0x3c2a6f28, phRootDevice=0x7ffd34d02d00)
   <--- urDeviceGet(.hPlatform = 0x3c2ba810, .DeviceType = UR_DEVICE_TYPE_GPU, .NumEntries = 0, .phDevices = nullptr, .pNumDevices = 0x7ffd34d0312c (1)) -> UR_RESULT_SUCCESS;
   ---> urDeviceGet
[2026-10-08 08:25:40.610] [thread-id: 127375508946112] [trace] zeDeviceGetRootDevice(hDevice, phRootDevice)
[2026-10-08 08:25:40.610] [thread-id: 127375508946112] [trace] SUCCESS (ZE_RESULT_SUCCESS) in zeDeviceGetRootDevice(hDevice=0x3c2a6f28, phRootDevice=0x7ffd34d02d00)
   <--- urDeviceGet(.hPlatform = 0x3c2ba810, .DeviceType = UR_DEVICE_TYPE_GPU, .NumEntries = 1, .phDevices = 0x3c2bcd20 {0x3c2bc040}, .pNumDevices = nullptr) -> UR_RESULT_SUCCESS;
   ---> urPlatformGetInfo
   <--- urPlatformGetInfo(.hPlatform = 0x3c2ba810, .propName = UR_PLATFORM_INFO_VERSION, .propSize = 0, .pPropValue = nullptr, .pPropSizeRet = 0x7ffd34d02d00 (5)) -> UR_RESULT_SUCCESS;
   ---> urPlatformGetInfo
   <--- urPlatformGetInfo(.hPlatform = 0x3c2ba810, .propName = UR_PLATFORM_INFO_VERSION, .propSize = 5, .pPropValue = 0x7ffd34d02e68 (1.17), .pPropSizeRet = nullptr) -> UR_RESULT_SUCCESS;
   ---> urPlatformGetInfo
   <--- urPlatformGetInfo(.hPlatform = 0x3c2ba810, .propName = UR_PLATFORM_INFO_NAME, .propSize = 0, .pPropValue = nullptr, .pPropSizeRet = 0x7ffd34d02d00 (51)) -> UR_RESULT_SUCCESS;
   ---> urPlatformGetInfo
   <--- urPlatformGetInfo(.hPlatform = 0x3c2ba810, .propName = UR_PLATFORM_INFO_NAME, .propSize = 51, .pPropValue = 0x3c2bcc30 (Intel(R) oneAPI Unified Runtime over Level-Zero V2), .pPropSizeRet = nullptr) -> UR_RESULT_SUCCESS;
   ---> urDeviceGetInfo
   <--- urDeviceGetInfo(.hDevice = 0x3c2bc040, .propName = UR_DEVICE_INFO_TYPE, .propSize = 4, .pPropValue = 0x7ffd34d02ddc (UR_DEVICE_TYPE_GPU), .pPropSizeRet = nullptr) -> UR_RESULT_SUCCESS;
   ---> urDeviceGetInfo
   <--- urDeviceGetInfo(.hDevice = 0x3c2bc040, .propName = UR_DEVICE_INFO_VENDOR_ID, .propSize = 4, .pPropValue = 0x7ffd34d02e58 (32902), .pPropSizeRet = nullptr) -> UR_RESULT_SUCCESS;
   ---> urDeviceGetInfo
   <--- urDeviceGetInfo(.hDevice = 0x3c2bc040, .propName = UR_DEVICE_INFO_DRIVER_VERSION, .propSize = 0, .pPropValue = nullptr, .pPropSizeRet = 0x7ffd34d02d00 (14)) -> UR_RESULT_SUCCESS;
   ---> urDeviceGetInfo
   <--- urDeviceGetInfo(.hDevice = 0x3c2bc040, .propName = UR_DEVICE_INFO_DRIVER_VERSION, .propSize = 14, .pPropValue = 0x7ffd34d02e28 (1.17.39395+14), .pPropSizeRet = nullptr) -> UR_RESULT_SUCCESS;
   ---> urPlatformGetInfo
   <--- urPlatformGetInfo(.hPlatform = 0x3c2ba810, .propName = UR_PLATFORM_INFO_BACKEND, .propSize = 4, .pPropValue = 0x7ffd34d0301c (UR_BACKEND_LEVEL_ZERO), .pPropSizeRet = nullptr) -> UR_RESULT_SUCCESS;
   ---> urDeviceGetInfo
   <--- urDeviceGetInfo(.hDevice = 0x3c2bc040, .propName = UR_DEVICE_INFO_TYPE, .propSize = 4, .pPropValue = 0x7ffd34d03014 (UR_DEVICE_TYPE_GPU), .pPropSizeRet = nullptr) -> UR_RESULT_SUCCESS;
   ---> urDeviceRelease
   <--- urDeviceRelease(.hDevice = 0x3c2bc040) -> UR_RESULT_SUCCESS;
   ---> urDeviceGetInfo
   <--- urDeviceGetInfo(.hDevice = 0x3c2bc040, .propName = UR_DEVICE_INFO_SUPPORTED_PARTITIONS, .propSize = 0, .pPropValue = nullptr, .pPropSizeRet = 0x7ffd34d03008 (0)) -> UR_RESULT_SUCCESS;
   ---> urDeviceGetInfo
[2026-10-08 08:25:40.610] [thread-id: 127375508946112] [trace] zeDevicePciGetPropertiesExt(hDevice, pPciProperties)
[2026-10-08 08:25:40.610] [thread-id: 127375508946112] [trace] SUCCESS (ZE_RESULT_SUCCESS) in zeDevicePciGetPropertiesExt(hDevice=0x3c2a6f28, pPciProperties={stype=0x7ffd34d02cd0, address={domain=0, bus=5, device=0, function=0}, maxSpeed={genVersion=4, width=8, maxBandwidth=15753846153}})
   <--- urDeviceGetInfo(.hDevice = 0x3c2bc040, .propName = UR_DEVICE_INFO_PCI_ADDRESS, .propSize = 0, .pPropValue = nullptr, .pPropSizeRet = 0x7ffd34d03148 (13)) -> UR_RESULT_SUCCESS;
   ---> urDeviceGetInfo
[2026-10-08 08:25:40.610] [thread-id: 127375508946112] [trace] zeDevicePciGetPropertiesExt(hDevice, pPciProperties)
[2026-10-08 08:25:40.610] [thread-id: 127375508946112] [trace] SUCCESS (ZE_RESULT_SUCCESS) in zeDevicePciGetPropertiesExt(hDevice=0x3c2a6f28, pPciProperties={stype=0x7ffd34d02de0, address={domain=0, bus=5, device=0, function=0}, maxSpeed={genVersion=4, width=8, maxBandwidth=15753846153}})
   <--- urDeviceGetInfo(.hDevice = 0x3c2bc040, .propName = UR_DEVICE_INFO_PCI_ADDRESS, .propSize = 0, .pPropValue = nullptr, .pPropSizeRet = 0x7ffd34d03250 (13)) -> UR_RESULT_SUCCESS;
   ---> urDeviceGetInfo
[2026-10-08 08:25:40.610] [thread-id: 127375508946112] [trace] zeDevicePciGetPropertiesExt(hDevice, pPciProperties)
[2026-10-08 08:25:40.610] [thread-id: 127375508946112] [trace] SUCCESS (ZE_RESULT_SUCCESS) in zeDevicePciGetPropertiesExt(hDevice=0x3c2a6f28, pPciProperties={stype=0x7ffd34d02de0, address={domain=0, bus=5, device=0, function=0}, maxSpeed={genVersion=4, width=8, maxBandwidth=15753846153}})
   <--- urDeviceGetInfo(.hDevice = 0x3c2bc040, .propName = UR_DEVICE_INFO_PCI_ADDRESS, .propSize = 13, .pPropValue = 0x7ffd34d032a0 (0000:05:00.0), .pPropSizeRet = nullptr) -> UR_RESULT_SUCCESS;
   ---> urDeviceGet
[2026-10-08 08:25:40.610] [thread-id: 127375508946112] [trace] zeDeviceGetRootDevice(hDevice, phRootDevice)
[2026-10-08 08:25:40.610] [thread-id: 127375508946112] [trace] SUCCESS (ZE_RESULT_SUCCESS) in zeDeviceGetRootDevice(hDevice=0x3c2a6f28, phRootDevice=0x7ffd34d02c00)
   <--- urDeviceGet(.hPlatform = 0x3c2ba810, .DeviceType = UR_DEVICE_TYPE_ALL, .NumEntries = 0, .phDevices = nullptr, .pNumDevices = 0x7ffd34d0302c (1)) -> UR_RESULT_SUCCESS;
   ---> urDeviceGet
[2026-10-08 08:25:40.610] [thread-id: 127375508946112] [trace] zeDeviceGetRootDevice(hDevice, phRootDevice)
[2026-10-08 08:25:40.610] [thread-id: 127375508946112] [trace] SUCCESS (ZE_RESULT_SUCCESS) in zeDeviceGetRootDevice(hDevice=0x3c2a6f28, phRootDevice=0x7ffd34d02c00)
   <--- urDeviceGet(.hPlatform = 0x3c2ba810, .DeviceType = UR_DEVICE_TYPE_ALL, .NumEntries = 1, .phDevices = 0x3c2bcd40 {0x3c2bc040}, .pNumDevices = nullptr) -> UR_RESULT_SUCCESS;
   ---> urPlatformGetInfo
   <--- urPlatformGetInfo(.hPlatform = 0x3c2ba810, .propName = UR_PLATFORM_INFO_VERSION, .propSize = 0, .pPropValue = nullptr, .pPropSizeRet = 0x7ffd34d02c00 (5)) -> UR_RESULT_SUCCESS;
   ---> urPlatformGetInfo
   <--- urPlatformGetInfo(.hPlatform = 0x3c2ba810, .propName = UR_PLATFORM_INFO_VERSION, .propSize = 5, .pPropValue = 0x7ffd34d02d68 (1.17), .pPropSizeRet = nullptr) -> UR_RESULT_SUCCESS;
   ---> urPlatformGetInfo
   <--- urPlatformGetInfo(.hPlatform = 0x3c2ba810, .propName = UR_PLATFORM_INFO_NAME, .propSize = 0, .pPropValue = nullptr, .pPropSizeRet = 0x7ffd34d02c00 (51)) -> UR_RESULT_SUCCESS;
   ---> urPlatformGetInfo
   <--- urPlatformGetInfo(.hPlatform = 0x3c2ba810, .propName = UR_PLATFORM_INFO_NAME, .propSize = 51, .pPropValue = 0x3c2bcc30 (Intel(R) oneAPI Unified Runtime over Level-Zero V2), .pPropSizeRet = nullptr) -> UR_RESULT_SUCCESS;
   ---> urDeviceGetInfo
   <--- urDeviceGetInfo(.hDevice = 0x3c2bc040, .propName = UR_DEVICE_INFO_TYPE, .propSize = 4, .pPropValue = 0x7ffd34d02cdc (UR_DEVICE_TYPE_GPU), .pPropSizeRet = nullptr) -> UR_RESULT_SUCCESS;
   ---> urDeviceGetInfo
   <--- urDeviceGetInfo(.hDevice = 0x3c2bc040, .propName = UR_DEVICE_INFO_VENDOR_ID, .propSize = 4, .pPropValue = 0x7ffd34d02d58 (32902), .pPropSizeRet = nullptr) -> UR_RESULT_SUCCESS;
   ---> urDeviceGetInfo
   <--- urDeviceGetInfo(.hDevice = 0x3c2bc040, .propName = UR_DEVICE_INFO_DRIVER_VERSION, .propSize = 0, .pPropValue = nullptr, .pPropSizeRet = 0x7ffd34d02c00 (14)) -> UR_RESULT_SUCCESS;
   ---> urDeviceGetInfo
   <--- urDeviceGetInfo(.hDevice = 0x3c2bc040, .propName = UR_DEVICE_INFO_DRIVER_VERSION, .propSize = 14, .pPropValue = 0x7ffd34d02d28 (1.17.39395+14), .pPropSizeRet = nullptr) -> UR_RESULT_SUCCESS;
   ---> urPlatformGetInfo
   <--- urPlatformGetInfo(.hPlatform = 0x3c2ba810, .propName = UR_PLATFORM_INFO_BACKEND, .propSize = 4, .pPropValue = 0x7ffd34d02f1c (UR_BACKEND_LEVEL_ZERO), .pPropSizeRet = nullptr) -> UR_RESULT_SUCCESS;
   ---> urDeviceGetInfo
   <--- urDeviceGetInfo(.hDevice = 0x3c2bc040, .propName = UR_DEVICE_INFO_TYPE, .propSize = 4, .pPropValue = 0x7ffd34d02f14 (UR_DEVICE_TYPE_GPU), .pPropSizeRet = nullptr) -> UR_RESULT_SUCCESS;
   ---> urDeviceRelease
   <--- urDeviceRelease(.hDevice = 0x3c2bc040) -> UR_RESULT_SUCCESS;
   ---> urDeviceGetInfo
   <--- urDeviceGetInfo(.hDevice = 0x3c2bc040, .propName = UR_DEVICE_INFO_SUPPORTED_PARTITIONS, .propSize = 0, .pPropValue = nullptr, .pPropSizeRet = 0x7ffd34d02f08 (0)) -> UR_RESULT_SUCCESS;
   ---> urDeviceGetInfo
[2026-10-08 08:25:40.610] [thread-id: 127375508946112] [trace] zeDeviceGetSubDevices(hDevice, pCount, phSubdevices)
[2026-10-08 08:25:40.610] [thread-id: 127375508946112] [trace] SUCCESS (ZE_RESULT_SUCCESS) in zeDeviceGetSubDevices(hDevice=0x3c2a6f28, pCount=0, phSubdevices=nullptr)
   <--- urDeviceGetInfo(.hDevice = 0x3c2bc040, .propName = UR_DEVICE_INFO_COMPONENT_DEVICES, .propSize = 0, .pPropValue = nullptr, .pPropSizeRet = 0x7ffd34d02d20 (0)) -> UR_RESULT_SUCCESS;
   ---> urContextCreate
[2026-10-08 08:25:40.610] [thread-id: 127375508946112] [trace] zeContextCreate(hDriver, desc, phContext)
[2026-10-08 08:25:40.610] [thread-id: 127375508946112] [trace] SUCCESS (ZE_RESULT_SUCCESS) in zeContextCreate(hDriver=0x3c2a69c8, desc={stype=0x7ffd34d02c50, flags=0}, phContext=0x3c2bd738)
[2026-10-08 08:25:40.610] [thread-id: 127375508946112] [trace] zeMemAllocHost(hContext, host_desc, size, alignment, pptr)
[2026-10-08 08:25:40.611] [thread-id: 127375508946112] [trace] SUCCESS (ZE_RESULT_SUCCESS) in zeMemAllocHost(hContext=0x3c2bd738, host_desc={stype=0x7ffd34d026d0, flags=0}, size=1, alignment=0, pptr=0x73d8d97ffe00)
[2026-10-08 08:25:40.611] [thread-id: 127375508946112] [trace] zeMemGetAllocProperties(hContext, ptr, pMemAllocProperties, phDevice)
[2026-10-08 08:25:40.611] [thread-id: 127375508946112] [trace] SUCCESS (ZE_RESULT_SUCCESS) in zeMemGetAllocProperties(hContext=0x3c2bd738, ptr=0x73d8d97ffe00, pMemAllocProperties={stype=0x7ffd34d026d0, type=0x7ffd34d026e0, id=1, pageSize=2097152}, phDevice=nullptr)
[2026-10-08 08:25:40.611] [thread-id: 127375508946112] [trace] zeMemFreeExt(hContext, pMemFreeDesc, ptr)
[2026-10-08 08:25:40.611] [thread-id: 127375508946112] [trace] SUCCESS (ZE_RESULT_SUCCESS) in zeMemFreeExt(hContext=0x3c2bd738, pMemFreeDesc={stype=0x7ffd34d026b0, freePolicy=1}, ptr=0x73d8d97ffe00)
[2026-10-08 08:25:40.611] [thread-id: 127375508946112] [trace] zeDeviceGetProperties(hDevice, pDeviceProperties)
[2026-10-08 08:25:40.611] [thread-id: 127375508946112] [trace] SUCCESS (ZE_RESULT_SUCCESS) in zeDeviceGetProperties(hDevice=0x3c2a6f28, pDeviceProperties={stype=0x73d8d9c9d068, type=0x73d8d9c9d078, vendorId=32902, deviceId=57868, flags=8, subdeviceId=0, coreClockRate=2750, maxMemAllocSize=10132807680, maxHardwareContexts=65536, maxCommandQueuePriority=0, numThreadsPerEU=8, physicalEUSimdWidth=16, numEUsPerSubslice=8, numSubslicesPerSlice=4, numSlices=5, timerResolution=52, timestampValidBits=64, kernelTimestampValidBits=64, uuid={id=134}, name="Intel(R) Arc(TM) B570 Graphics"})
[2026-10-08 08:25:40.611] [thread-id: 127375508946112] [trace] zeMemAllocDevice(hContext, device_desc, size, alignment, hDevice, pptr)
[2026-10-08 08:25:40.611] [thread-id: 127375508946112] [trace] SUCCESS (ZE_RESULT_SUCCESS) in zeMemAllocDevice(hContext=0x3c2bd738, device_desc={stype=0x7ffd34d02690, flags=0, ordinal=0}, size=1, alignment=0, hDevice=0x3c2a6f28, pptr=0xffffffffff9ffe00)
[2026-10-08 08:25:40.611] [thread-id: 127375508946112] [trace] zeContextMakeMemoryResident(hContext, hDevice, ptr, size)
[2026-10-08 08:25:40.611] [thread-id: 127375508946112] [trace] SUCCESS (ZE_RESULT_SUCCESS) in zeContextMakeMemoryResident(hContext=0x3c2bd738, hDevice=0x3c2a6f28, ptr=0xffffffffff9ffe00, size=1)
[2026-10-08 08:25:40.611] [thread-id: 127375508946112] [trace] zeMemGetAllocProperties(hContext, ptr, pMemAllocProperties, phDevice)
[2026-10-08 08:25:40.611] [thread-id: 127375508946112] [trace] SUCCESS (ZE_RESULT_SUCCESS) in zeMemGetAllocProperties(hContext=0x3c2bd738, ptr=0xffffffffff9ffe00, pMemAllocProperties={stype=0x7ffd34d026d0, type=0x7ffd34d026e0, id=3, pageSize=65536}, phDevice=nullptr)
[2026-10-08 08:25:40.611] [thread-id: 127375508946112] [trace] zeMemFreeExt(hContext, pMemFreeDesc, ptr)
[2026-10-08 08:25:40.612] [thread-id: 127375508946112] [trace] SUCCESS (ZE_RESULT_SUCCESS) in zeMemFreeExt(hContext=0x3c2bd738, pMemFreeDesc={stype=0x7ffd34d026b0, freePolicy=1}, ptr=0xffffffffff9ffe00)
[2026-10-08 08:25:40.612] [thread-id: 127375508946112] [trace] zeDeviceGetProperties(hDevice, pDeviceProperties)
[2026-10-08 08:25:40.612] [thread-id: 127375508946112] [trace] SUCCESS (ZE_RESULT_SUCCESS) in zeDeviceGetProperties(hDevice=0x3c2a6f28, pDeviceProperties={stype=0x73d8d9c95068, type=0x73d8d9c95078, vendorId=32902, deviceId=57868, flags=8, subdeviceId=0, coreClockRate=2750, maxMemAllocSize=10132807680, maxHardwareContexts=65536, maxCommandQueuePriority=0, numThreadsPerEU=8, physicalEUSimdWidth=16, numEUsPerSubslice=8, numSubslicesPerSlice=4, numSlices=5, timerResolution=52, timestampValidBits=64, kernelTimestampValidBits=64, uuid={id=134}, name="Intel(R) Arc(TM) B570 Graphics"})
[2026-10-08 08:25:40.612] [thread-id: 127375508946112] [trace] zeMemAllocShared(hContext, device_desc, host_desc, size, alignment, hDevice, pptr)
[2026-10-08 08:25:40.612] [thread-id: 127375508946112] [trace] SUCCESS (ZE_RESULT_SUCCESS) in zeMemAllocShared(hContext=0x3c2bd738, device_desc={stype=0x7ffd34d026d0, flags=0, ordinal=0}, host_desc={stype=0x7ffd34d026b0, flags=0}, size=1, alignment=0, hDevice=0x3c2a6f28, pptr=0x73d8d9920000)
[2026-10-08 08:25:40.612] [thread-id: 127375508946112] [trace] zeMemGetAllocProperties(hContext, ptr, pMemAllocProperties, phDevice)
[2026-10-08 08:25:40.612] [thread-id: 127375508946112] [trace] SUCCESS (ZE_RESULT_SUCCESS) in zeMemGetAllocProperties(hContext=0x3c2bd738, ptr=0x73d8d9920000, pMemAllocProperties={stype=0x7ffd34d026d0, type=0x7ffd34d026e0, id=5, pageSize=65536}, phDevice=nullptr)
[2026-10-08 08:25:40.612] [thread-id: 127375508946112] [trace] zeMemFreeExt(hContext, pMemFreeDesc, ptr)
[2026-10-08 08:25:40.612] [thread-id: 127375508946112] [trace] SUCCESS (ZE_RESULT_SUCCESS) in zeMemFreeExt(hContext=0x3c2bd738, pMemFreeDesc={stype=0x7ffd34d026b0, freePolicy=1}, ptr=0x73d8d9920000)
[2026-10-08 08:25:40.612] [thread-id: 127375508946112] [trace] zeDeviceGetProperties(hDevice, pDeviceProperties)
[2026-10-08 08:25:40.612] [thread-id: 127375508946112] [trace] SUCCESS (ZE_RESULT_SUCCESS) in zeDeviceGetProperties(hDevice=0x3c2a6f28, pDeviceProperties={stype=0x73d8d9927068, type=0x73d8d9927078, vendorId=32902, deviceId=57868, flags=8, subdeviceId=0, coreClockRate=2750, maxMemAllocSize=10132807680, maxHardwareContexts=65536, maxCommandQueuePriority=0, numThreadsPerEU=8, physicalEUSimdWidth=16, numEUsPerSubslice=8, numSubslicesPerSlice=4, numSlices=5, timerResolution=52, timestampValidBits=64, kernelTimestampValidBits=64, uuid={id=134}, name="Intel(R) Arc(TM) B570 Graphics"})
[2026-10-08 08:25:40.612] [thread-id: 127375508946112] [trace] zeMemAllocShared(hContext, device_desc, host_desc, size, alignment, hDevice, pptr)
[2026-10-08 08:25:40.612] [thread-id: 127375508946112] [trace] SUCCESS (ZE_RESULT_SUCCESS) in zeMemAllocShared(hContext=0x3c2bd738, device_desc={stype=0x7ffd34d026d0, flags=0, ordinal=0}, host_desc={stype=0x7ffd34d026b0, flags=0}, size=1, alignment=0, hDevice=0x3c2a6f28, pptr=0x73d8d9910000)
[2026-10-08 08:25:40.612] [thread-id: 127375508946112] [trace] zeMemGetAllocProperties(hContext, ptr, pMemAllocProperties, phDevice)
[2026-10-08 08:25:40.612] [thread-id: 127375508946112] [trace] SUCCESS (ZE_RESULT_SUCCESS) in zeMemGetAllocProperties(hContext=0x3c2bd738, ptr=0x73d8d9910000, pMemAllocProperties={stype=0x7ffd34d026d0, type=0x7ffd34d026e0, id=6, pageSize=65536}, phDevice=nullptr)
[2026-10-08 08:25:40.612] [thread-id: 127375508946112] [trace] zeMemFreeExt(hContext, pMemFreeDesc, ptr)
[2026-10-08 08:25:40.613] [thread-id: 127375508946112] [trace] SUCCESS (ZE_RESULT_SUCCESS) in zeMemFreeExt(hContext=0x3c2bd738, pMemFreeDesc={stype=0x7ffd34d026b0, freePolicy=1}, ptr=0x73d8d9910000)
[2026-10-08 08:25:40.613] [thread-id: 127375508946112] [trace] zeMemAllocHost(hContext, host_desc, size, alignment, pptr)
[2026-10-08 08:25:40.613] [thread-id: 127375508946112] [trace] SUCCESS (ZE_RESULT_SUCCESS) in zeMemAllocHost(hContext=0x3c2bd738, host_desc={stype=0x7ffd34d026d0, flags=0}, size=1, alignment=0, pptr=0x73d8d97ffe00)
[2026-10-08 08:25:40.613] [thread-id: 127375508946112] [trace] zeMemGetAllocProperties(hContext, ptr, pMemAllocProperties, phDevice)
[2026-10-08 08:25:40.613] [thread-id: 127375508946112] [trace] SUCCESS (ZE_RESULT_SUCCESS) in zeMemGetAllocProperties(hContext=0x3c2bd738, ptr=0x73d8d97ffe00, pMemAllocProperties={stype=0x7ffd34d026d0, type=0x7ffd34d026e0, id=1, pageSize=2097152}, phDevice=nullptr)
[2026-10-08 08:25:40.613] [thread-id: 127375508946112] [trace] zeMemFreeExt(hContext, pMemFreeDesc, ptr)
[2026-10-08 08:25:40.613] [thread-id: 127375508946112] [trace] SUCCESS (ZE_RESULT_SUCCESS) in zeMemFreeExt(hContext=0x3c2bd738, pMemFreeDesc={stype=0x7ffd34d026b0, freePolicy=1}, ptr=0x73d8d97ffe00)
[2026-10-08 08:25:40.613] [thread-id: 127375508946112] [trace] zeDeviceGetProperties(hDevice, pDeviceProperties)
[2026-10-08 08:25:40.613] [thread-id: 127375508946112] [trace] SUCCESS (ZE_RESULT_SUCCESS) in zeDeviceGetProperties(hDevice=0x3c2a6f28, pDeviceProperties={stype=0x73d8d991f068, type=0x73d8d991f078, vendorId=32902, deviceId=57868, flags=8, subdeviceId=0, coreClockRate=2750, maxMemAllocSize=10132807680, maxHardwareContexts=65536, maxCommandQueuePriority=0, numThreadsPerEU=8, physicalEUSimdWidth=16, numEUsPerSubslice=8, numSubslicesPerSlice=4, numSlices=5, timerResolution=52, timestampValidBits=64, kernelTimestampValidBits=64, uuid={id=134}, name="Intel(R) Arc(TM) B570 Graphics"})
[2026-10-08 08:25:40.613] [thread-id: 127375508946112] [trace] zeMemAllocDevice(hContext, device_desc, size, alignment, hDevice, pptr)
[2026-10-08 08:25:40.613] [thread-id: 127375508946112] [trace] SUCCESS (ZE_RESULT_SUCCESS) in zeMemAllocDevice(hContext=0x3c2bd738, device_desc={stype=0x7ffd34d02690, flags=0, ordinal=0}, size=1, alignment=0, hDevice=0x3c2a6f28, pptr=0xffffffffff9ffe00)
[2026-10-08 08:25:40.613] [thread-id: 127375508946112] [trace] zeContextMakeMemoryResident(hContext, hDevice, ptr, size)
[2026-10-08 08:25:40.613] [thread-id: 127375508946112] [trace] SUCCESS (ZE_RESULT_SUCCESS) in zeContextMakeMemoryResident(hContext=0x3c2bd738, hDevice=0x3c2a6f28, ptr=0xffffffffff9ffe00, size=1)
[2026-10-08 08:25:40.613] [thread-id: 127375508946112] [trace] zeMemGetAllocProperties(hContext, ptr, pMemAllocProperties, phDevice)
[2026-10-08 08:25:40.613] [thread-id: 127375508946112] [trace] SUCCESS (ZE_RESULT_SUCCESS) in zeMemGetAllocProperties(hContext=0x3c2bd738, ptr=0xffffffffff9ffe00, pMemAllocProperties={stype=0x7ffd34d026d0, type=0x7ffd34d026e0, id=3, pageSize=65536}, phDevice=nullptr)
[2026-10-08 08:25:40.613] [thread-id: 127375508946112] [trace] zeMemFreeExt(hContext, pMemFreeDesc, ptr)
[2026-10-08 08:25:40.613] [thread-id: 127375508946112] [trace] SUCCESS (ZE_RESULT_SUCCESS) in zeMemFreeExt(hContext=0x3c2bd738, pMemFreeDesc={stype=0x7ffd34d026b0, freePolicy=1}, ptr=0xffffffffff9ffe00)
[2026-10-08 08:25:40.613] [thread-id: 127375508946112] [trace] zeDeviceGetProperties(hDevice, pDeviceProperties)
[2026-10-08 08:25:40.613] [thread-id: 127375508946112] [trace] SUCCESS (ZE_RESULT_SUCCESS) in zeDeviceGetProperties(hDevice=0x3c2a6f28, pDeviceProperties={stype=0x73d8d9912068, type=0x73d8d9912078, vendorId=32902, deviceId=57868, flags=8, subdeviceId=0, coreClockRate=2750, maxMemAllocSize=10132807680, maxHardwareContexts=65536, maxCommandQueuePriority=0, numThreadsPerEU=8, physicalEUSimdWidth=16, numEUsPerSubslice=8, numSubslicesPerSlice=4, numSlices=5, timerResolution=52, timestampValidBits=64, kernelTimestampValidBits=64, uuid={id=134}, name="Intel(R) Arc(TM) B570 Graphics"})
[2026-10-08 08:25:40.613] [thread-id: 127375508946112] [trace] zeMemAllocShared(hContext, device_desc, host_desc, size, alignment, hDevice, pptr)
[2026-10-08 08:25:40.613] [thread-id: 127375508946112] [trace] SUCCESS (ZE_RESULT_SUCCESS) in zeMemAllocShared(hContext=0x3c2bd738, device_desc={stype=0x7ffd34d026d0, flags=0, ordinal=0}, host_desc={stype=0x7ffd34d026b0, flags=0}, size=1, alignment=0, hDevice=0x3c2a6f28, pptr=0x73d8d9900000)
[2026-10-08 08:25:40.613] [thread-id: 127375508946112] [trace] zeMemGetAllocProperties(hContext, ptr, pMemAllocProperties, phDevice)
[2026-10-08 08:25:40.613] [thread-id: 127375508946112] [trace] SUCCESS (ZE_RESULT_SUCCESS) in zeMemGetAllocProperties(hContext=0x3c2bd738, ptr=0x73d8d9900000, pMemAllocProperties={stype=0x7ffd34d026d0, type=0x7ffd34d026e0, id=9, pageSize=65536}, phDevice=nullptr)
[2026-10-08 08:25:40.613] [thread-id: 127375508946112] [trace] zeMemFreeExt(hContext, pMemFreeDesc, ptr)
[2026-10-08 08:25:40.614] [thread-id: 127375508946112] [trace] SUCCESS (ZE_RESULT_SUCCESS) in zeMemFreeExt(hContext=0x3c2bd738, pMemFreeDesc={stype=0x7ffd34d026b0, freePolicy=1}, ptr=0x73d8d9900000)
[2026-10-08 08:25:40.614] [thread-id: 127375508946112] [trace] zeDeviceGetProperties(hDevice, pDeviceProperties)
[2026-10-08 08:25:40.614] [thread-id: 127375508946112] [trace] SUCCESS (ZE_RESULT_SUCCESS) in zeDeviceGetProperties(hDevice=0x3c2a6f28, pDeviceProperties={stype=0x73d8d990e068, type=0x73d8d990e078, vendorId=32902, deviceId=57868, flags=8, subdeviceId=0, coreClockRate=2750, maxMemAllocSize=10132807680, maxHardwareContexts=65536, maxCommandQueuePriority=0, numThreadsPerEU=8, physicalEUSimdWidth=16, numEUsPerSubslice=8, numSubslicesPerSlice=4, numSlices=5, timerResolution=52, timestampValidBits=64, kernelTimestampValidBits=64, uuid={id=134}, name="Intel(R) Arc(TM) B570 Graphics"})
[2026-10-08 08:25:40.614] [thread-id: 127375508946112] [trace] zeMemAllocShared(hContext, device_desc, host_desc, size, alignment, hDevice, pptr)
[2026-10-08 08:25:40.614] [thread-id: 127375508946112] [trace] SUCCESS (ZE_RESULT_SUCCESS) in zeMemAllocShared(hContext=0x3c2bd738, device_desc={stype=0x7ffd34d026d0, flags=0, ordinal=0}, host_desc={stype=0x7ffd34d026b0, flags=0}, size=1, alignment=0, hDevice=0x3c2a6f28, pptr=0x73d8d98f0000)
[2026-10-08 08:25:40.614] [thread-id: 127375508946112] [trace] zeMemGetAllocProperties(hContext, ptr, pMemAllocProperties, phDevice)
[2026-10-08 08:25:40.614] [thread-id: 127375508946112] [trace] SUCCESS (ZE_RESULT_SUCCESS) in zeMemGetAllocProperties(hContext=0x3c2bd738, ptr=0x73d8d98f0000, pMemAllocProperties={stype=0x7ffd34d026d0, type=0x7ffd34d026e0, id=10, pageSize=65536}, phDevice=nullptr)
[2026-10-08 08:25:40.614] [thread-id: 127375508946112] [trace] zeMemFreeExt(hContext, pMemFreeDesc, ptr)
[2026-10-08 08:25:40.614] [thread-id: 127375508946112] [trace] SUCCESS (ZE_RESULT_SUCCESS) in zeMemFreeExt(hContext=0x3c2bd738, pMemFreeDesc={stype=0x7ffd34d026b0, freePolicy=1}, ptr=0x73d8d98f0000)
   <--- urContextCreate(.DeviceCount = 1, .phDevices = 0x3c2bcce0 {0x3c2bc040}, .pProperties = nullptr, .phContext = 0x3c2bec40 (0x3c2c0b90)) -> UR_RESULT_SUCCESS;
   ---> urQueueCreate
<LEVEL_ZERO>[INFO]: Copy offload is disabled by the environment variable.
<LEVEL_ZERO>[DEBUG]: create command list ordinal: 0, type: immediate, device: 0x3c2a6f28, inOrder: 1
[2026-10-08 08:25:40.614] [thread-id: 127375508946112] [trace] zeCommandListCreateImmediate(hContext, hDevice, altdesc, phCommandList)
[2026-10-08 08:25:40.616] [thread-id: 127375508946112] [trace] SUCCESS (ZE_RESULT_SUCCESS) in zeCommandListCreateImmediate(hContext=0x3c2bd738, hDevice=0x3c2a6f28, altdesc={stype=0x7ffd34d02bd0, ordinal=0, index=0, flags=2, mode=0x7ffd34d02bec, priority=0x7ffd34d02bf0}, phCommandList=0x3c2c4d88)
[2026-10-08 08:25:40.616] [thread-id: 127375508946112] [trace] zeDriverGetExtensionFunctionAddress(hDriver, name, ppFunctionAddress)
[2026-10-08 08:25:40.616] [thread-id: 127375508946112] [trace] SUCCESS (ZE_RESULT_SUCCESS) in zeDriverGetExtensionFunctionAddress(hDriver=0x3c2a69c8, name="zexCounterBasedEventCreate2", ppFunctionAddress=0x73d8e7de8c00)
   <--- urQueueCreate(.hContext = 0x3c2c0b90, .hDevice = 0x3c2bc040, .pProperties = 0x7ffd34d031b0 ((struct ur_queue_properties_t){.stype = UR_STRUCTURE_TYPE_QUEUE_PROPERTIES, .pNext = nullptr, .flags = 0}), .phQueue = 0x7ffd34d031c8 (0x3c2c40a0)) -> UR_RESULT_SUCCESS;
   ---> urDeviceGetInfo
[2026-10-08 08:25:40.616] [thread-id: 127375508946112] [trace] zeDeviceGetMemoryAccessProperties(hDevice, pMemAccessProperties)
[2026-10-08 08:25:40.616] [thread-id: 127375508946112] [trace] SUCCESS (ZE_RESULT_SUCCESS) in zeDeviceGetMemoryAccessProperties(hDevice=0x3c2a6f28, pMemAccessProperties={stype=0x3c2bc420, hostAllocCapabilities=3, deviceAllocCapabilities=3, sharedSingleDeviceAllocCapabilities=3, sharedCrossDeviceAllocCapabilities=0, sharedSystemAllocCapabilities=15})
   <--- urDeviceGetInfo(.hDevice = 0x3c2bc040, .propName = UR_DEVICE_INFO_USM_DEVICE_SUPPORT, .propSize = 4, .pPropValue = 0x7ffd34d03014 (UR_DEVICE_USM_ACCESS_CAPABILITY_FLAG_ACCESS | UR_DEVICE_USM_ACCESS_CAPABILITY_FLAG_ATOMIC_ACCESS), .pPropSizeRet = nullptr) -> UR_RESULT_SUCCESS;
   ---> urUSMDeviceAlloc
[2026-10-08 08:25:40.616] [thread-id: 127375508946112] [trace] zeMemAllocDevice(hContext, device_desc, size, alignment, hDevice, pptr)
[2026-10-08 08:25:40.616] [thread-id: 127375508946112] [trace] SUCCESS (ZE_RESULT_SUCCESS) in zeMemAllocDevice(hContext=0x3c2bd738, device_desc={stype=0x7ffd34d02c20, flags=0, ordinal=0}, size=65536, alignment=0, hDevice=0x3c2a6f28, pptr=0xffffffffff600000)
[2026-10-08 08:25:40.616] [thread-id: 127375508946112] [trace] zeContextMakeMemoryResident(hContext, hDevice, ptr, size)
[2026-10-08 08:25:40.616] [thread-id: 127375508946112] [trace] SUCCESS (ZE_RESULT_SUCCESS) in zeContextMakeMemoryResident(hContext=0x3c2bd738, hDevice=0x3c2a6f28, ptr=0xffffffffff600000, size=65536)
   <--- urUSMDeviceAlloc(.hContext = 0x3c2c0b90, .hDevice = 0x3c2bc040, .pUSMDesc = 0x7ffd34d03180 ((struct ur_usm_desc_t){.stype = UR_STRUCTURE_TYPE_CONTEXT_PROPERTIES, .pNext = nullptr, .hints = 0, .align = 4}), .pool = nullptr, .size = 65536, .ppMem = 0x7ffd34d03198 (0xffffffffff600000)) -> UR_RESULT_SUCCESS;
   ---> urEnqueueUSMMemcpy
<LEVEL_ZERO>[DEBUG]: ze_event_pool_desc_t flags set to: 1
[2026-10-08 08:25:40.616] [thread-id: 127375508946112] [trace] zexCounterBasedEventCreate2(hContext, hDevice, desc, phEvent)
[2026-10-08 08:25:40.616] [thread-id: 127375508946112] [trace] SUCCESS (ZE_RESULT_SUCCESS) in zexCounterBasedEventCreate2(hContext=0x3c2bd738, hDevice=0x3c2a6f28, desc=0x7ffd34d02bd0, phEvent=0x3c2f5a68)
<LEVEL_ZERO>[DEBUG]: ze_event_pool_desc_t flags set to: 1
[2026-10-08 08:25:40.616] [thread-id: 127375508946112] [trace] zexCounterBasedEventCreate2(hContext, hDevice, desc, phEvent)
[2026-10-08 08:25:40.616] [thread-id: 127375508946112] [trace] SUCCESS (ZE_RESULT_SUCCESS) in zexCounterBasedEventCreate2(hContext=0x3c2bd738, hDevice=0x3c2a6f28, desc=0x7ffd34d02bd0, phEvent=0x3c2f5e08)
<LEVEL_ZERO>[DEBUG]: ze_event_pool_desc_t flags set to: 1
[2026-10-08 08:25:40.616] [thread-id: 127375508946112] [trace] zexCounterBasedEventCreate2(hContext, hDevice, desc, phEvent)
[2026-10-08 08:25:40.616] [thread-id: 127375508946112] [trace] SUCCESS (ZE_RESULT_SUCCESS) in zexCounterBasedEventCreate2(hContext=0x3c2bd738, hDevice=0x3c2a6f28, desc=0x7ffd34d02bd0, phEvent=0x3c2f6528)
<LEVEL_ZERO>[DEBUG]: ze_event_pool_desc_t flags set to: 1
[2026-10-08 08:25:40.616] [thread-id: 127375508946112] [trace] zexCounterBasedEventCreate2(hContext, hDevice, desc, phEvent)
[2026-10-08 08:25:40.616] [thread-id: 127375508946112] [trace] SUCCESS (ZE_RESULT_SUCCESS) in zexCounterBasedEventCreate2(hContext=0x3c2bd738, hDevice=0x3c2a6f28, desc=0x7ffd34d02bd0, phEvent=0x3c2f6a68)
<LEVEL_ZERO>[DEBUG]: ze_event_pool_desc_t flags set to: 1
[2026-10-08 08:25:40.616] [thread-id: 127375508946112] [trace] zexCounterBasedEventCreate2(hContext, hDevice, desc, phEvent)
[2026-10-08 08:25:40.616] [thread-id: 127375508946112] [trace] SUCCESS (ZE_RESULT_SUCCESS) in zexCounterBasedEventCreate2(hContext=0x3c2bd738, hDevice=0x3c2a6f28, desc=0x7ffd34d02bd0, phEvent=0x3c2f7168)
<LEVEL_ZERO>[DEBUG]: ze_event_pool_desc_t flags set to: 1
[2026-10-08 08:25:40.616] [thread-id: 127375508946112] [trace] zexCounterBasedEventCreate2(hContext, hDevice, desc, phEvent)
[2026-10-08 08:25:40.616] [thread-id: 127375508946112] [trace] SUCCESS (ZE_RESULT_SUCCESS) in zexCounterBasedEventCreate2(hContext=0x3c2bd738, hDevice=0x3c2a6f28, desc=0x7ffd34d02bd0, phEvent=0x3c2f76c8)
<LEVEL_ZERO>[DEBUG]: ze_event_pool_desc_t flags set to: 1
[2026-10-08 08:25:40.616] [thread-id: 127375508946112] [trace] zexCounterBasedEventCreate2(hContext, hDevice, desc, phEvent)
[2026-10-08 08:25:40.616] [thread-id: 127375508946112] [trace] SUCCESS (ZE_RESULT_SUCCESS) in zexCounterBasedEventCreate2(hContext=0x3c2bd738, hDevice=0x3c2a6f28, desc=0x7ffd34d02bd0, phEvent=0x3c2f7dc8)
<LEVEL_ZERO>[DEBUG]: ze_event_pool_desc_t flags set to: 1
[2026-10-08 08:25:40.616] [thread-id: 127375508946112] [trace] zexCounterBasedEventCreate2(hContext, hDevice, desc, phEvent)
[2026-10-08 08:25:40.616] [thread-id: 127375508946112] [trace] SUCCESS (ZE_RESULT_SUCCESS) in zexCounterBasedEventCreate2(hContext=0x3c2bd738, hDevice=0x3c2a6f28, desc=0x7ffd34d02bd0, phEvent=0x3c2f82d8)
<LEVEL_ZERO>[DEBUG]: ze_event_pool_desc_t flags set to: 1
[2026-10-08 08:25:40.616] [thread-id: 127375508946112] [trace] zexCounterBasedEventCreate2(hContext, hDevice, desc, phEvent)
[2026-10-08 08:25:40.616] [thread-id: 127375508946112] [trace] SUCCESS (ZE_RESULT_SUCCESS) in zexCounterBasedEventCreate2(hContext=0x3c2bd738, hDevice=0x3c2a6f28, desc=0x7ffd34d02bd0, phEvent=0x3c2f89d8)
<LEVEL_ZERO>[DEBUG]: ze_event_pool_desc_t flags set to: 1
[2026-10-08 08:25:40.616] [thread-id: 127375508946112] [trace] zexCounterBasedEventCreate2(hContext, hDevice, desc, phEvent)
[2026-10-08 08:25:40.616] [thread-id: 127375508946112] [trace] SUCCESS (ZE_RESULT_SUCCESS) in zexCounterBasedEventCreate2(hContext=0x3c2bd738, hDevice=0x3c2a6f28, desc=0x7ffd34d02bd0, phEvent=0x3c2f8ee8)
<LEVEL_ZERO>[DEBUG]: ze_event_pool_desc_t flags set to: 1
[2026-10-08 08:25:40.616] [thread-id: 127375508946112] [trace] zexCounterBasedEventCreate2(hContext, hDevice, desc, phEvent)
[2026-10-08 08:25:40.617] [thread-id: 127375508946112] [trace] SUCCESS (ZE_RESULT_SUCCESS) in zexCounterBasedEventCreate2(hContext=0x3c2bd738, hDevice=0x3c2a6f28, desc=0x7ffd34d02bd0, phEvent=0x3c2f95e8)
<LEVEL_ZERO>[DEBUG]: ze_event_pool_desc_t flags set to: 1
[2026-10-08 08:25:40.617] [thread-id: 127375508946112] [trace] zexCounterBasedEventCreate2(hContext, hDevice, desc, phEvent)
[2026-10-08 08:25:40.617] [thread-id: 127375508946112] [trace] SUCCESS (ZE_RESULT_SUCCESS) in zexCounterBasedEventCreate2(hContext=0x3c2bd738, hDevice=0x3c2a6f28, desc=0x7ffd34d02bd0, phEvent=0x3c2f9b98)
<LEVEL_ZERO>[DEBUG]: ze_event_pool_desc_t flags set to: 1
[2026-10-08 08:25:40.617] [thread-id: 127375508946112] [trace] zexCounterBasedEventCreate2(hContext, hDevice, desc, phEvent)
[2026-10-08 08:25:40.617] [thread-id: 127375508946112] [trace] SUCCESS (ZE_RESULT_SUCCESS) in zexCounterBasedEventCreate2(hContext=0x3c2bd738, hDevice=0x3c2a6f28, desc=0x7ffd34d02bd0, phEvent=0x3c2fa298)
<LEVEL_ZERO>[DEBUG]: ze_event_pool_desc_t flags set to: 1
[2026-10-08 08:25:40.617] [thread-id: 127375508946112] [trace] zexCounterBasedEventCreate2(hContext, hDevice, desc, phEvent)
[2026-10-08 08:25:40.617] [thread-id: 127375508946112] [trace] SUCCESS (ZE_RESULT_SUCCESS) in zexCounterBasedEventCreate2(hContext=0x3c2bd738, hDevice=0x3c2a6f28, desc=0x7ffd34d02bd0, phEvent=0x3c2fa7a8)
<LEVEL_ZERO>[DEBUG]: ze_event_pool_desc_t flags set to: 1
[2026-10-08 08:25:40.617] [thread-id: 127375508946112] [trace] zexCounterBasedEventCreate2(hContext, hDevice, desc, phEvent)
[2026-10-08 08:25:40.617] [thread-id: 127375508946112] [trace] SUCCESS (ZE_RESULT_SUCCESS) in zexCounterBasedEventCreate2(hContext=0x3c2bd738, hDevice=0x3c2a6f28, desc=0x7ffd34d02bd0, phEvent=0x3c2faea8)
<LEVEL_ZERO>[DEBUG]: ze_event_pool_desc_t flags set to: 1
[2026-10-08 08:25:40.617] [thread-id: 127375508946112] [trace] zexCounterBasedEventCreate2(hContext, hDevice, desc, phEvent)
[2026-10-08 08:25:40.617] [thread-id: 127375508946112] [trace] SUCCESS (ZE_RESULT_SUCCESS) in zexCounterBasedEventCreate2(hContext=0x3c2bd738, hDevice=0x3c2a6f28, desc=0x7ffd34d02bd0, phEvent=0x3c2fb3b8)
<LEVEL_ZERO>[DEBUG]: ze_event_pool_desc_t flags set to: 1
[2026-10-08 08:25:40.617] [thread-id: 127375508946112] [trace] zexCounterBasedEventCreate2(hContext, hDevice, desc, phEvent)
[2026-10-08 08:25:40.617] [thread-id: 127375508946112] [trace] SUCCESS (ZE_RESULT_SUCCESS) in zexCounterBasedEventCreate2(hContext=0x3c2bd738, hDevice=0x3c2a6f28, desc=0x7ffd34d02bd0, phEvent=0x3c2fbab8)
<LEVEL_ZERO>[DEBUG]: ze_event_pool_desc_t flags set to: 1
[2026-10-08 08:25:40.617] [thread-id: 127375508946112] [trace] zexCounterBasedEventCreate2(hContext, hDevice, desc, phEvent)
[2026-10-08 08:25:40.617] [thread-id: 127375508946112] [trace] SUCCESS (ZE_RESULT_SUCCESS) in zexCounterBasedEventCreate2(hContext=0x3c2bd738, hDevice=0x3c2a6f28, desc=0x7ffd34d02bd0, phEvent=0x3c2fc0d8)
<LEVEL_ZERO>[DEBUG]: ze_event_pool_desc_t flags set to: 1
[2026-10-08 08:25:40.617] [thread-id: 127375508946112] [trace] zexCounterBasedEventCreate2(hContext, hDevice, desc, phEvent)
[2026-10-08 08:25:40.617] [thread-id: 127375508946112] [trace] SUCCESS (ZE_RESULT_SUCCESS) in zexCounterBasedEventCreate2(hContext=0x3c2bd738, hDevice=0x3c2a6f28, desc=0x7ffd34d02bd0, phEvent=0x3c2fc7d8)
<LEVEL_ZERO>[DEBUG]: ze_event_pool_desc_t flags set to: 1
[2026-10-08 08:25:40.617] [thread-id: 127375508946112] [trace] zexCounterBasedEventCreate2(hContext, hDevice, desc, phEvent)
[2026-10-08 08:25:40.617] [thread-id: 127375508946112] [trace] SUCCESS (ZE_RESULT_SUCCESS) in zexCounterBasedEventCreate2(hContext=0x3c2bd738, hDevice=0x3c2a6f28, desc=0x7ffd34d02bd0, phEvent=0x3c2fcce8)
<LEVEL_ZERO>[DEBUG]: ze_event_pool_desc_t flags set to: 1
[2026-10-08 08:25:40.617] [thread-id: 127375508946112] [trace] zexCounterBasedEventCreate2(hContext, hDevice, desc, phEvent)
[2026-10-08 08:25:40.617] [thread-id: 127375508946112] [trace] SUCCESS (ZE_RESULT_SUCCESS) in zexCounterBasedEventCreate2(hContext=0x3c2bd738, hDevice=0x3c2a6f28, desc=0x7ffd34d02bd0, phEvent=0x3c2fd3e8)
<LEVEL_ZERO>[DEBUG]: ze_event_pool_desc_t flags set to: 1
[2026-10-08 08:25:40.617] [thread-id: 127375508946112] [trace] zexCounterBasedEventCreate2(hContext, hDevice, desc, phEvent)
[2026-10-08 08:25:40.617] [thread-id: 127375508946112] [trace] SUCCESS (ZE_RESULT_SUCCESS) in zexCounterBasedEventCreate2(hContext=0x3c2bd738, hDevice=0x3c2a6f28, desc=0x7ffd34d02bd0, phEvent=0x3c2fd8f8)
<LEVEL_ZERO>[DEBUG]: ze_event_pool_desc_t flags set to: 1
[2026-10-08 08:25:40.617] [thread-id: 127375508946112] [trace] zexCounterBasedEventCreate2(hContext, hDevice, desc, phEvent)
[2026-10-08 08:25:40.617] [thread-id: 127375508946112] [trace] SUCCESS (ZE_RESULT_SUCCESS) in zexCounterBasedEventCreate2(hContext=0x3c2bd738, hDevice=0x3c2a6f28, desc=0x7ffd34d02bd0, phEvent=0x3c2fdff8)
<LEVEL_ZERO>[DEBUG]: ze_event_pool_desc_t flags set to: 1
[2026-10-08 08:25:40.617] [thread-id: 127375508946112] [trace] zexCounterBasedEventCreate2(hContext, hDevice, desc, phEvent)
[2026-10-08 08:25:40.617] [thread-id: 127375508946112] [trace] SUCCESS (ZE_RESULT_SUCCESS) in zexCounterBasedEventCreate2(hContext=0x3c2bd738, hDevice=0x3c2a6f28, desc=0x7ffd34d02bd0, phEvent=0x3c2fe508)
<LEVEL_ZERO>[DEBUG]: ze_event_pool_desc_t flags set to: 1
[2026-10-08 08:25:40.617] [thread-id: 127375508946112] [trace] zexCounterBasedEventCreate2(hContext, hDevice, desc, phEvent)
[2026-10-08 08:25:40.617] [thread-id: 127375508946112] [trace] SUCCESS (ZE_RESULT_SUCCESS) in zexCounterBasedEventCreate2(hContext=0x3c2bd738, hDevice=0x3c2a6f28, desc=0x7ffd34d02bd0, phEvent=0x3c2fed48)
<LEVEL_ZERO>[DEBUG]: ze_event_pool_desc_t flags set to: 1
[2026-10-08 08:25:40.617] [thread-id: 127375508946112] [trace] zexCounterBasedEventCreate2(hContext, hDevice, desc, phEvent)
[2026-10-08 08:25:40.617] [thread-id: 127375508946112] [trace] SUCCESS (ZE_RESULT_SUCCESS) in zexCounterBasedEventCreate2(hContext=0x3c2bd738, hDevice=0x3c2a6f28, desc=0x7ffd34d02bd0, phEvent=0x3c2ff258)
<LEVEL_ZERO>[DEBUG]: ze_event_pool_desc_t flags set to: 1
[2026-10-08 08:25:40.617] [thread-id: 127375508946112] [trace] zexCounterBasedEventCreate2(hContext, hDevice, desc, phEvent)
[2026-10-08 08:25:40.617] [thread-id: 127375508946112] [trace] SUCCESS (ZE_RESULT_SUCCESS) in zexCounterBasedEventCreate2(hContext=0x3c2bd738, hDevice=0x3c2a6f28, desc=0x7ffd34d02bd0, phEvent=0x3c2ff958)
<LEVEL_ZERO>[DEBUG]: ze_event_pool_desc_t flags set to: 1
[2026-10-08 08:25:40.617] [thread-id: 127375508946112] [trace] zexCounterBasedEventCreate2(hContext, hDevice, desc, phEvent)
[2026-10-08 08:25:40.617] [thread-id: 127375508946112] [trace] SUCCESS (ZE_RESULT_SUCCESS) in zexCounterBasedEventCreate2(hContext=0x3c2bd738, hDevice=0x3c2a6f28, desc=0x7ffd34d02bd0, phEvent=0x3c2ffe68)
<LEVEL_ZERO>[DEBUG]: ze_event_pool_desc_t flags set to: 1
[2026-10-08 08:25:40.617] [thread-id: 127375508946112] [trace] zexCounterBasedEventCreate2(hContext, hDevice, desc, phEvent)
[2026-10-08 08:25:40.617] [thread-id: 127375508946112] [trace] SUCCESS (ZE_RESULT_SUCCESS) in zexCounterBasedEventCreate2(hContext=0x3c2bd738, hDevice=0x3c2a6f28, desc=0x7ffd34d02bd0, phEvent=0x3c300568)
<LEVEL_ZERO>[DEBUG]: ze_event_pool_desc_t flags set to: 1
[2026-10-08 08:25:40.617] [thread-id: 127375508946112] [trace] zexCounterBasedEventCreate2(hContext, hDevice, desc, phEvent)
[2026-10-08 08:25:40.617] [thread-id: 127375508946112] [trace] SUCCESS (ZE_RESULT_SUCCESS) in zexCounterBasedEventCreate2(hContext=0x3c2bd738, hDevice=0x3c2a6f28, desc=0x7ffd34d02bd0, phEvent=0x3c300a78)
<LEVEL_ZERO>[DEBUG]: ze_event_pool_desc_t flags set to: 1
[2026-10-08 08:25:40.617] [thread-id: 127375508946112] [trace] zexCounterBasedEventCreate2(hContext, hDevice, desc, phEvent)
[2026-10-08 08:25:40.617] [thread-id: 127375508946112] [trace] SUCCESS (ZE_RESULT_SUCCESS) in zexCounterBasedEventCreate2(hContext=0x3c2bd738, hDevice=0x3c2a6f28, desc=0x7ffd34d02bd0, phEvent=0x3c301178)
<LEVEL_ZERO>[DEBUG]: ze_event_pool_desc_t flags set to: 1
[2026-10-08 08:25:40.617] [thread-id: 127375508946112] [trace] zexCounterBasedEventCreate2(hContext, hDevice, desc, phEvent)
[2026-10-08 08:25:40.617] [thread-id: 127375508946112] [trace] SUCCESS (ZE_RESULT_SUCCESS) in zexCounterBasedEventCreate2(hContext=0x3c2bd738, hDevice=0x3c2a6f28, desc=0x7ffd34d02bd0, phEvent=0x3c301688)
<LEVEL_ZERO>[DEBUG]: ze_event_pool_desc_t flags set to: 1
[2026-10-08 08:25:40.617] [thread-id: 127375508946112] [trace] zexCounterBasedEventCreate2(hContext, hDevice, desc, phEvent)
[2026-10-08 08:25:40.617] [thread-id: 127375508946112] [trace] SUCCESS (ZE_RESULT_SUCCESS) in zexCounterBasedEventCreate2(hContext=0x3c2bd738, hDevice=0x3c2a6f28, desc=0x7ffd34d02bd0, phEvent=0x3c301d88)
<LEVEL_ZERO>[DEBUG]: ze_event_pool_desc_t flags set to: 1
[2026-10-08 08:25:40.618] [thread-id: 127375508946112] [trace] zexCounterBasedEventCreate2(hContext, hDevice, desc, phEvent)
[2026-10-08 08:25:40.618] [thread-id: 127375508946112] [trace] SUCCESS (ZE_RESULT_SUCCESS) in zexCounterBasedEventCreate2(hContext=0x3c2bd738, hDevice=0x3c2a6f28, desc=0x7ffd34d02bd0, phEvent=0x3c3024a8)
<LEVEL_ZERO>[DEBUG]: ze_event_pool_desc_t flags set to: 1
[2026-10-08 08:25:40.618] [thread-id: 127375508946112] [trace] zexCounterBasedEventCreate2(hContext, hDevice, desc, phEvent)
[2026-10-08 08:25:40.618] [thread-id: 127375508946112] [trace] SUCCESS (ZE_RESULT_SUCCESS) in zexCounterBasedEventCreate2(hContext=0x3c2bd738, hDevice=0x3c2a6f28, desc=0x7ffd34d02bd0, phEvent=0x3c302ba8)
<LEVEL_ZERO>[DEBUG]: ze_event_pool_desc_t flags set to: 1
[2026-10-08 08:25:40.618] [thread-id: 127375508946112] [trace] zexCounterBasedEventCreate2(hContext, hDevice, desc, phEvent)
[2026-10-08 08:25:40.618] [thread-id: 127375508946112] [trace] SUCCESS (ZE_RESULT_SUCCESS) in zexCounterBasedEventCreate2(hContext=0x3c2bd738, hDevice=0x3c2a6f28, desc=0x7ffd34d02bd0, phEvent=0x3c3030b8)
<LEVEL_ZERO>[DEBUG]: ze_event_pool_desc_t flags set to: 1
[2026-10-08 08:25:40.618] [thread-id: 127375508946112] [trace] zexCounterBasedEventCreate2(hContext, hDevice, desc, phEvent)
[2026-10-08 08:25:40.618] [thread-id: 127375508946112] [trace] SUCCESS (ZE_RESULT_SUCCESS) in zexCounterBasedEventCreate2(hContext=0x3c2bd738, hDevice=0x3c2a6f28, desc=0x7ffd34d02bd0, phEvent=0x3c3037b8)
<LEVEL_ZERO>[DEBUG]: ze_event_pool_desc_t flags set to: 1
[2026-10-08 08:25:40.618] [thread-id: 127375508946112] [trace] zexCounterBasedEventCreate2(hContext, hDevice, desc, phEvent)
[2026-10-08 08:25:40.618] [thread-id: 127375508946112] [trace] SUCCESS (ZE_RESULT_SUCCESS) in zexCounterBasedEventCreate2(hContext=0x3c2bd738, hDevice=0x3c2a6f28, desc=0x7ffd34d02bd0, phEvent=0x3c303cc8)
<LEVEL_ZERO>[DEBUG]: ze_event_pool_desc_t flags set to: 1
[2026-10-08 08:25:40.618] [thread-id: 127375508946112] [trace] zexCounterBasedEventCreate2(hContext, hDevice, desc, phEvent)
[2026-10-08 08:25:40.618] [thread-id: 127375508946112] [trace] SUCCESS (ZE_RESULT_SUCCESS) in zexCounterBasedEventCreate2(hContext=0x3c2bd738, hDevice=0x3c2a6f28, desc=0x7ffd34d02bd0, phEvent=0x3c3043c8)
<LEVEL_ZERO>[DEBUG]: ze_event_pool_desc_t flags set to: 1
[2026-10-08 08:25:40.618] [thread-id: 127375508946112] [trace] zexCounterBasedEventCreate2(hContext, hDevice, desc, phEvent)
[2026-10-08 08:25:40.618] [thread-id: 127375508946112] [trace] SUCCESS (ZE_RESULT_SUCCESS) in zexCounterBasedEventCreate2(hContext=0x3c2bd738, hDevice=0x3c2a6f28, desc=0x7ffd34d02bd0, phEvent=0x3c3048d8)
<LEVEL_ZERO>[DEBUG]: ze_event_pool_desc_t flags set to: 1
[2026-10-08 08:25:40.618] [thread-id: 127375508946112] [trace] zexCounterBasedEventCreate2(hContext, hDevice, desc, phEvent)
[2026-10-08 08:25:40.618] [thread-id: 127375508946112] [trace] SUCCESS (ZE_RESULT_SUCCESS) in zexCounterBasedEventCreate2(hContext=0x3c2bd738, hDevice=0x3c2a6f28, desc=0x7ffd34d02bd0, phEvent=0x3c304fd8)
<LEVEL_ZERO>[DEBUG]: ze_event_pool_desc_t flags set to: 1
[2026-10-08 08:25:40.618] [thread-id: 127375508946112] [trace] zexCounterBasedEventCreate2(hContext, hDevice, desc, phEvent)
[2026-10-08 08:25:40.618] [thread-id: 127375508946112] [trace] SUCCESS (ZE_RESULT_SUCCESS) in zexCounterBasedEventCreate2(hContext=0x3c2bd738, hDevice=0x3c2a6f28, desc=0x7ffd34d02bd0, phEvent=0x3c3054e8)
<LEVEL_ZERO>[DEBUG]: ze_event_pool_desc_t flags set to: 1
[2026-10-08 08:25:40.618] [thread-id: 127375508946112] [trace] zexCounterBasedEventCreate2(hContext, hDevice, desc, phEvent)
[2026-10-08 08:25:40.618] [thread-id: 127375508946112] [trace] SUCCESS (ZE_RESULT_SUCCESS) in zexCounterBasedEventCreate2(hContext=0x3c2bd738, hDevice=0x3c2a6f28, desc=0x7ffd34d02bd0, phEvent=0x3c305be8)
<LEVEL_ZERO>[DEBUG]: ze_event_pool_desc_t flags set to: 1
[2026-10-08 08:25:40.618] [thread-id: 127375508946112] [trace] zexCounterBasedEventCreate2(hContext, hDevice, desc, phEvent)
[2026-10-08 08:25:40.618] [thread-id: 127375508946112] [trace] SUCCESS (ZE_RESULT_SUCCESS) in zexCounterBasedEventCreate2(hContext=0x3c2bd738, hDevice=0x3c2a6f28, desc=0x7ffd34d02bd0, phEvent=0x3c3060f8)
<LEVEL_ZERO>[DEBUG]: ze_event_pool_desc_t flags set to: 1
[2026-10-08 08:25:40.618] [thread-id: 127375508946112] [trace] zexCounterBasedEventCreate2(hContext, hDevice, desc, phEvent)
[2026-10-08 08:25:40.618] [thread-id: 127375508946112] [trace] SUCCESS (ZE_RESULT_SUCCESS) in zexCounterBasedEventCreate2(hContext=0x3c2bd738, hDevice=0x3c2a6f28, desc=0x7ffd34d02bd0, phEvent=0x3c3067f8)
<LEVEL_ZERO>[DEBUG]: ze_event_pool_desc_t flags set to: 1
[2026-10-08 08:25:40.618] [thread-id: 127375508946112] [trace] zexCounterBasedEventCreate2(hContext, hDevice, desc, phEvent)
[2026-10-08 08:25:40.618] [thread-id: 127375508946112] [trace] SUCCESS (ZE_RESULT_SUCCESS) in zexCounterBasedEventCreate2(hContext=0x3c2bd738, hDevice=0x3c2a6f28, desc=0x7ffd34d02bd0, phEvent=0x3c306d08)
<LEVEL_ZERO>[DEBUG]: ze_event_pool_desc_t flags set to: 1
[2026-10-08 08:25:40.618] [thread-id: 127375508946112] [trace] zexCounterBasedEventCreate2(hContext, hDevice, desc, phEvent)
[2026-10-08 08:25:40.618] [thread-id: 127375508946112] [trace] SUCCESS (ZE_RESULT_SUCCESS) in zexCounterBasedEventCreate2(hContext=0x3c2bd738, hDevice=0x3c2a6f28, desc=0x7ffd34d02bd0, phEvent=0x3c307408)
<LEVEL_ZERO>[DEBUG]: ze_event_pool_desc_t flags set to: 1
[2026-10-08 08:25:40.618] [thread-id: 127375508946112] [trace] zexCounterBasedEventCreate2(hContext, hDevice, desc, phEvent)
[2026-10-08 08:25:40.618] [thread-id: 127375508946112] [trace] SUCCESS (ZE_RESULT_SUCCESS) in zexCounterBasedEventCreate2(hContext=0x3c2bd738, hDevice=0x3c2a6f28, desc=0x7ffd34d02bd0, phEvent=0x3c307918)
<LEVEL_ZERO>[DEBUG]: ze_event_pool_desc_t flags set to: 1
[2026-10-08 08:25:40.618] [thread-id: 127375508946112] [trace] zexCounterBasedEventCreate2(hContext, hDevice, desc, phEvent)
[2026-10-08 08:25:40.618] [thread-id: 127375508946112] [trace] SUCCESS (ZE_RESULT_SUCCESS) in zexCounterBasedEventCreate2(hContext=0x3c2bd738, hDevice=0x3c2a6f28, desc=0x7ffd34d02bd0, phEvent=0x3c308018)
<LEVEL_ZERO>[DEBUG]: ze_event_pool_desc_t flags set to: 1
[2026-10-08 08:25:40.618] [thread-id: 127375508946112] [trace] zexCounterBasedEventCreate2(hContext, hDevice, desc, phEvent)
[2026-10-08 08:25:40.618] [thread-id: 127375508946112] [trace] SUCCESS (ZE_RESULT_SUCCESS) in zexCounterBasedEventCreate2(hContext=0x3c2bd738, hDevice=0x3c2a6f28, desc=0x7ffd34d02bd0, phEvent=0x3c308528)
<LEVEL_ZERO>[DEBUG]: ze_event_pool_desc_t flags set to: 1
[2026-10-08 08:25:40.618] [thread-id: 127375508946112] [trace] zexCounterBasedEventCreate2(hContext, hDevice, desc, phEvent)
[2026-10-08 08:25:40.618] [thread-id: 127375508946112] [trace] SUCCESS (ZE_RESULT_SUCCESS) in zexCounterBasedEventCreate2(hContext=0x3c2bd738, hDevice=0x3c2a6f28, desc=0x7ffd34d02bd0, phEvent=0x3c308c28)
<LEVEL_ZERO>[DEBUG]: ze_event_pool_desc_t flags set to: 1
[2026-10-08 08:25:40.618] [thread-id: 127375508946112] [trace] zexCounterBasedEventCreate2(hContext, hDevice, desc, phEvent)
[2026-10-08 08:25:40.618] [thread-id: 127375508946112] [trace] SUCCESS (ZE_RESULT_SUCCESS) in zexCounterBasedEventCreate2(hContext=0x3c2bd738, hDevice=0x3c2a6f28, desc=0x7ffd34d02bd0, phEvent=0x3c309138)
<LEVEL_ZERO>[DEBUG]: ze_event_pool_desc_t flags set to: 1
[2026-10-08 08:25:40.618] [thread-id: 127375508946112] [trace] zexCounterBasedEventCreate2(hContext, hDevice, desc, phEvent)
[2026-10-08 08:25:40.618] [thread-id: 127375508946112] [trace] SUCCESS (ZE_RESULT_SUCCESS) in zexCounterBasedEventCreate2(hContext=0x3c2bd738, hDevice=0x3c2a6f28, desc=0x7ffd34d02bd0, phEvent=0x3c309ab8)
<LEVEL_ZERO>[DEBUG]: ze_event_pool_desc_t flags set to: 1
[2026-10-08 08:25:40.618] [thread-id: 127375508946112] [trace] zexCounterBasedEventCreate2(hContext, hDevice, desc, phEvent)
[2026-10-08 08:25:40.618] [thread-id: 127375508946112] [trace] SUCCESS (ZE_RESULT_SUCCESS) in zexCounterBasedEventCreate2(hContext=0x3c2bd738, hDevice=0x3c2a6f28, desc=0x7ffd34d02bd0, phEvent=0x3c309fc8)
<LEVEL_ZERO>[DEBUG]: ze_event_pool_desc_t flags set to: 1
[2026-10-08 08:25:40.618] [thread-id: 127375508946112] [trace] zexCounterBasedEventCreate2(hContext, hDevice, desc, phEvent)
[2026-10-08 08:25:40.618] [thread-id: 127375508946112] [trace] SUCCESS (ZE_RESULT_SUCCESS) in zexCounterBasedEventCreate2(hContext=0x3c2bd738, hDevice=0x3c2a6f28, desc=0x7ffd34d02bd0, phEvent=0x3c30a6c8)
<LEVEL_ZERO>[DEBUG]: ze_event_pool_desc_t flags set to: 1
[2026-10-08 08:25:40.618] [thread-id: 127375508946112] [trace] zexCounterBasedEventCreate2(hContext, hDevice, desc, phEvent)
[2026-10-08 08:25:40.619] [thread-id: 127375508946112] [trace] SUCCESS (ZE_RESULT_SUCCESS) in zexCounterBasedEventCreate2(hContext=0x3c2bd738, hDevice=0x3c2a6f28, desc=0x7ffd34d02bd0, phEvent=0x3c30abd8)
<LEVEL_ZERO>[DEBUG]: ze_event_pool_desc_t flags set to: 1
[2026-10-08 08:25:40.619] [thread-id: 127375508946112] [trace] zexCounterBasedEventCreate2(hContext, hDevice, desc, phEvent)
[2026-10-08 08:25:40.619] [thread-id: 127375508946112] [trace] SUCCESS (ZE_RESULT_SUCCESS) in zexCounterBasedEventCreate2(hContext=0x3c2bd738, hDevice=0x3c2a6f28, desc=0x7ffd34d02bd0, phEvent=0x3c30b2d8)
<LEVEL_ZERO>[DEBUG]: ze_event_pool_desc_t flags set to: 1
[2026-10-08 08:25:40.619] [thread-id: 127375508946112] [trace] zexCounterBasedEventCreate2(hContext, hDevice, desc, phEvent)
[2026-10-08 08:25:40.619] [thread-id: 127375508946112] [trace] SUCCESS (ZE_RESULT_SUCCESS) in zexCounterBasedEventCreate2(hContext=0x3c2bd738, hDevice=0x3c2a6f28, desc=0x7ffd34d02bd0, phEvent=0x3c30b7e8)
<LEVEL_ZERO>[DEBUG]: ze_event_pool_desc_t flags set to: 1
[2026-10-08 08:25:40.619] [thread-id: 127375508946112] [trace] zexCounterBasedEventCreate2(hContext, hDevice, desc, phEvent)
[2026-10-08 08:25:40.619] [thread-id: 127375508946112] [trace] SUCCESS (ZE_RESULT_SUCCESS) in zexCounterBasedEventCreate2(hContext=0x3c2bd738, hDevice=0x3c2a6f28, desc=0x7ffd34d02bd0, phEvent=0x3c30bee8)
<LEVEL_ZERO>[DEBUG]: ze_event_pool_desc_t flags set to: 1
[2026-10-08 08:25:40.619] [thread-id: 127375508946112] [trace] zexCounterBasedEventCreate2(hContext, hDevice, desc, phEvent)
[2026-10-08 08:25:40.619] [thread-id: 127375508946112] [trace] SUCCESS (ZE_RESULT_SUCCESS) in zexCounterBasedEventCreate2(hContext=0x3c2bd738, hDevice=0x3c2a6f28, desc=0x7ffd34d02bd0, phEvent=0x3c30c3f8)
<LEVEL_ZERO>[DEBUG]: ze_event_pool_desc_t flags set to: 1
[2026-10-08 08:25:40.619] [thread-id: 127375508946112] [trace] zexCounterBasedEventCreate2(hContext, hDevice, desc, phEvent)
[2026-10-08 08:25:40.619] [thread-id: 127375508946112] [trace] SUCCESS (ZE_RESULT_SUCCESS) in zexCounterBasedEventCreate2(hContext=0x3c2bd738, hDevice=0x3c2a6f28, desc=0x7ffd34d02bd0, phEvent=0x3c30caf8)
<LEVEL_ZERO>[DEBUG]: ze_event_pool_desc_t flags set to: 1
[2026-10-08 08:25:40.619] [thread-id: 127375508946112] [trace] zexCounterBasedEventCreate2(hContext, hDevice, desc, phEvent)
[2026-10-08 08:25:40.619] [thread-id: 127375508946112] [trace] SUCCESS (ZE_RESULT_SUCCESS) in zexCounterBasedEventCreate2(hContext=0x3c2bd738, hDevice=0x3c2a6f28, desc=0x7ffd34d02bd0, phEvent=0x3c30d008)
<LEVEL_ZERO>[DEBUG]: ze_event_pool_desc_t flags set to: 1
[2026-10-08 08:25:40.619] [thread-id: 127375508946112] [trace] zexCounterBasedEventCreate2(hContext, hDevice, desc, phEvent)
[2026-10-08 08:25:40.619] [thread-id: 127375508946112] [trace] SUCCESS (ZE_RESULT_SUCCESS) in zexCounterBasedEventCreate2(hContext=0x3c2bd738, hDevice=0x3c2a6f28, desc=0x7ffd34d02bd0, phEvent=0x3c30d708)
<LEVEL_ZERO>[DEBUG]: ze_event_pool_desc_t flags set to: 1
[2026-10-08 08:25:40.619] [thread-id: 127375508946112] [trace] zexCounterBasedEventCreate2(hContext, hDevice, desc, phEvent)
[2026-10-08 08:25:40.619] [thread-id: 127375508946112] [trace] SUCCESS (ZE_RESULT_SUCCESS) in zexCounterBasedEventCreate2(hContext=0x3c2bd738, hDevice=0x3c2a6f28, desc=0x7ffd34d02bd0, phEvent=0x3c30dc18)
[2026-10-08 08:25:40.619] [thread-id: 127375508946112] [trace] zeCommandListAppendMemoryCopy(hCommandList, dstptr, srcptr, size, hSignalEvent, numWaitEvents, phWaitEventsLocal)
[2026-10-08 08:25:40.621] [thread-id: 127375508946112] [trace] SUCCESS (ZE_RESULT_SUCCESS) in zeCommandListAppendMemoryCopy(hCommandList=0x3c2c4d88, dstptr=0xffffffffff600000, srcptr=0x3c2d58a0, size=65536, hSignalEvent=0x3c30dc18, numWaitEvents=0, phWaitEvents=nullptr)
   <--- urEnqueueUSMMemcpy(.hQueue = 0x3c2c40a0, .blocking = 0, .pDst = 0xffffffffff600000, .pSrc = 0x3c2d58a0, .size = 65536, .numEventsInWaitList = 0, .phEventWaitList = nullptr, .phEvent = 0x7ffd34d031d0 (0x3c30d600)) -> UR_RESULT_SUCCESS;
   ---> urEventWait
[2026-10-08 08:25:40.622] [thread-id: 127375508946112] [trace] zeEventHostSynchronize(hEvent, timeout)
[2026-10-08 08:25:40.622] [thread-id: 127375508946112] [trace] SUCCESS (ZE_RESULT_SUCCESS) in zeEventHostSynchronize(hEvent=0x3c30dc18, timeout=18446744073709551615)
   <--- urEventWait(.numEvents = 1, .phEventWaitList = 0x7ffd34d03220 {0x3c30d600}) -> UR_RESULT_SUCCESS;
   ---> urEventRelease
   <--- urEventRelease(.hEvent = 0x3c30d600) -> UR_RESULT_SUCCESS;
   ---> urDeviceGetInfo
[2026-10-08 08:25:40.622] [thread-id: 127375508946112] [trace] zeDeviceGetComputeProperties(hDevice, pComputeProperties)
[2026-10-08 08:25:40.622] [thread-id: 127375508946112] [trace] SUCCESS (ZE_RESULT_SUCCESS) in zeDeviceGetComputeProperties(hDevice=0x3c2a6f28, pComputeProperties={stype=0x3c2bc280, maxTotalGroupSize=1024, maxGroupSizeX=1024, maxGroupSizeY=1024, maxGroupSizeZ=1024, maxGroupCountX=4294967295, maxGroupCountY=4294967295, maxGroupCountZ=4294967295, maxSharedLocalMemory=131072, numSubGroupSizes=2, subGroupSizes=16})
   <--- urDeviceGetInfo(.hDevice = 0x3c2bc040, .propName = UR_DEVICE_INFO_MAX_WORK_GROUPS_3D, .propSize = 24, .pPropValue = {4294967295, 4294967295, 4294967295}, .pPropSizeRet = nullptr) -> UR_RESULT_SUCCESS;
   ---> urDeviceSelectBinary
   <--- urDeviceSelectBinary(.hDevice = 0x3c2bc040, .pBinaries = 0x3c336a50 ((struct ur_device_binary_t){.stype = UR_STRUCTURE_TYPE_CONTEXT_PROPERTIES, .pNext = nullptr, .pDeviceTargetSpec = 0x73d8eed683c0 (spir64)}), .NumBinaries = 1, .pSelectedBinary = 0x7ffd34d0272c (0)) -> UR_RESULT_SUCCESS;
   ---> urPlatformGetBackendOption
   <--- urPlatformGetBackendOption(.hPlatform = 0x3c2ba810, .pFrontendOption = 0x7ffd34d02238 (-O2), .ppPlatformOption = 0x7ffd34d02208 (0x73d8ebdd6975 (-ze-opt-level=2))) -> UR_RESULT_SUCCESS;
   ---> urDeviceGetInfo
   <--- urDeviceGetInfo(.hDevice = 0x3c2bc040, .propName = UR_DEVICE_INFO_VENDOR_ID, .propSize = 4, .pPropValue = 0x7ffd34d02188 (32902), .pPropSizeRet = nullptr) -> UR_RESULT_SUCCESS;
   ---> urDeviceGetInfo
   <--- urDeviceGetInfo(.hDevice = 0x3c2bc040, .propName = UR_DEVICE_INFO_DEVICE_ID, .propSize = 0, .pPropValue = nullptr, .pPropSizeRet = 0x7ffd34d02010 (4)) -> UR_RESULT_SUCCESS;
   ---> urDeviceGetInfo
   <--- urDeviceGetInfo(.hDevice = 0x3c2bc040, .propName = UR_DEVICE_INFO_DEVICE_ID, .propSize = 4, .pPropValue = 0x7ffd34d02158 (57868), .pPropSizeRet = nullptr) -> UR_RESULT_SUCCESS;
   ---> urDeviceGetInfo
   <--- urDeviceGetInfo(.hDevice = 0x3c2bc040, .propName = UR_DEVICE_INFO_COMPILER_AVAILABLE, .propSize = 1, .pPropValue = 0x7ffd34d021f0 (true), .pPropSizeRet = nullptr) -> UR_RESULT_SUCCESS;
   ---> urProgramCreateWithIL
   <--- urProgramCreateWithIL(.hContext = 0x3c2c0b90, .pIL = 0x415b20, .length = 2080, .pProperties = nullptr, .phProgram = 0x7ffd34d02310 (0x3c2fea10)) -> UR_RESULT_SUCCESS;
   ---> urProgramBuildExp
[2026-10-08 08:25:40.622] [thread-id: 127375508946112] [trace] zeModuleCreate(hContext, hDevice, desc, phModule, phBuildLog)
[2026-10-08 08:25:40.623] [thread-id: 127375508946112] [trace] SUCCESS (ZE_RESULT_SUCCESS) in zeModuleCreate(hContext=0x3c2bd738, hDevice=0x3c2a6f28, desc={stype=0x7ffd34d01f90, format=0x7ffd34d01fa0, inputSize=2080, pInputModule=3, pBuildFlags=" -ze-opt-level=2", pConstants={numConstants=0, pConstantIds=nullptr, pConstantValues=nullptr}}, phModule=0x3c311d18, phBuildLog=0x3c337818)
[2026-10-08 08:25:40.623] [thread-id: 127375508946112] [trace] zeModuleGetProperties(hModule, pModuleProperties)
[2026-10-08 08:25:40.623] [thread-id: 127375508946112] [trace] SUCCESS (ZE_RESULT_SUCCESS) in zeModuleGetProperties(hModule=0x3c311d18, pModuleProperties={stype=0x7ffd34d01f00, flags=0})
   <--- urProgramBuildExp(.hProgram = 0x3c2fea10, .numDevices = 1, .phDevices = 0x3c336a50 {0x3c2bc040}, .flags = 0, .pOptions = 0x3c336a70 ( -ze-opt-level=2)) -> UR_RESULT_SUCCESS;
   ---> urProgramRetain
   <--- urProgramRetain(.hProgram = 0x3c2fea10) -> UR_RESULT_SUCCESS;
   ---> urKernelCreate
[2026-10-08 08:25:40.623] [thread-id: 127375508946112] [trace] zeKernelCreate(hModule, desc, phKernel)
[2026-10-08 08:25:40.623] [thread-id: 127375508946112] [trace] SUCCESS (ZE_RESULT_SUCCESS) in zeKernelCreate(hModule=0x3c311d18, desc={stype=0x7ffd34d02620, flags=0, pKernelName="_ZTSZ4mainEUlN4sycl3_V12idILi1EEEE_"}, phKernel=0x3c34e748)
[2026-10-08 08:25:40.623] [thread-id: 127375508946112] [trace] zeKernelGetName(hKernel, pSize, pName)
[2026-10-08 08:25:40.623] [thread-id: 127375508946112] [trace] SUCCESS (ZE_RESULT_SUCCESS) in zeKernelGetName(hKernel=0x3c34e748, pSize=36, pName=nullptr)
[2026-10-08 08:25:40.623] [thread-id: 127375508946112] [trace] zeKernelGetName(hKernel, pSize, pName)
[2026-10-08 08:25:40.623] [thread-id: 127375508946112] [trace] SUCCESS (ZE_RESULT_SUCCESS) in zeKernelGetName(hKernel=0x3c34e748, pSize=36, pName="_ZTSZ4mainEUlN4sycl3_V12idILi1EEEE_")
[2026-10-08 08:25:40.623] [thread-id: 127375508946112] [trace] zeKernelGetProperties(hKernel, pKernelProperties)
[2026-10-08 08:25:40.623] [thread-id: 127375508946112] [trace] SUCCESS (ZE_RESULT_SUCCESS) in zeKernelGetProperties(hKernel=0x3c34e748, pKernelProperties={stype=0x3c32fb48, numKernelArgs=1, requiredGroupSizeX=0, requiredGroupSizeY=0, requiredGroupSizeZ=0, requiredNumSubGroups=0, requiredSubgroupSize=0, maxSubgroupSize=32, maxNumSubgroups=32, localMemSize=0, privateMemSize=0, spillMemSize=0, uuid={kid=0, mid=0}})
   <--- urKernelCreate(.hProgram = 0x3c2fea10, .pKernelName = 0x4131d2 (_ZTSZ4mainEUlN4sycl3_V12idILi1EEEE_), .phKernel = 0x7ffd34d02940 (0x3c349d40)) -> UR_RESULT_SUCCESS;
   ---> urKernelSetExecInfo
[2026-10-08 08:25:40.623] [thread-id: 127375508946112] [trace] zeKernelSetIndirectAccess(hKernel, flags)
[2026-10-08 08:25:40.623] [thread-id: 127375508946112] [trace] SUCCESS (ZE_RESULT_SUCCESS) in zeKernelSetIndirectAccess(hKernel=0x3c34e748, flags=7)
   <--- urKernelSetExecInfo(.hKernel = 0x3c349d40, .propName = UR_KERNEL_EXEC_INFO_USM_INDIRECT_ACCESS, .propSize = 1, .pProperties = nullptr, .pPropValue = 0x7ffd34d0293f (true)) -> UR_RESULT_SUCCESS;
   ---> urKernelRetain
   <--- urKernelRetain(.hKernel = 0x3c349d40) -> UR_RESULT_SUCCESS;
   ---> urKernelGetGroupInfo
   <--- urKernelGetGroupInfo(.hKernel = 0x3c349d40, .hDevice = 0x3c2bc040, .propName = UR_KERNEL_GROUP_INFO_COMPILE_WORK_GROUP_SIZE, .propSize = 24, .pPropValue = {0, 0, 0}, .pPropSizeRet = nullptr) -> UR_RESULT_SUCCESS;
   ---> urEnqueueKernelLaunchWithArgsExp
[2026-10-08 08:25:40.623] [thread-id: 127375508946112] [trace] zeKernelSuggestGroupSize(hKernel, globalSizeX, globalSizeY, globalSizeZ, groupSizeX, groupSizeY, groupSizeZ)
[2026-10-08 08:25:40.623] [thread-id: 127375508946112] [trace] SUCCESS (ZE_RESULT_SUCCESS) in zeKernelSuggestGroupSize(hKernel=0x3c34e748, globalSizeX=16384, globalSizeY=1, globalSizeZ=1, groupSizeX=1024, groupSizeY=1, groupSizeZ=1)
[2026-10-08 08:25:40.623] [thread-id: 127375508946112] [trace] zeKernelSetGroupSize(hKernel, groupSizeX, groupSizeY, groupSizeZ)
[2026-10-08 08:25:40.623] [thread-id: 127375508946112] [trace] SUCCESS (ZE_RESULT_SUCCESS) in zeKernelSetGroupSize(hKernel=0x3c34e748, groupSizeX=1024, groupSizeY=1, groupSizeZ=1)
[2026-10-08 08:25:40.623] [thread-id: 127375508946112] [trace] zeCommandListAppendLaunchKernelWithArguments(hCommandList, hKernel, groupCounts, groupSizes, pArguments, pNext, hSignalEvent, numWaitEvents, phWaitEventsLocal)
[2026-10-08 08:25:40.624] [thread-id: 127375508946112] [trace] SUCCESS (ZE_RESULT_SUCCESS) in zeCommandListAppendLaunchKernelWithArguments(hCommandList=0x3c2c4d88, hKernel=0x3c34e748, groupCounts={groupCountX=16, groupCountY=1, groupCountZ=1}, groupSizes={groupSizeX=1024, groupSizeY=1, groupSizeZ=1}, pArguments=0x3c34ee90, pNext=nullptr, hSignalEvent=0x3c30dc18, numWaitEvents=0, phWaitEvents=nullptr)
   <--- urEnqueueKernelLaunchWithArgsExp(.hQueue = 0x3c2c40a0, .hKernel = 0x3c349d40, .workDim = 1, .pGlobalWorkOffset = nullptr, .pGlobalWorkSize = 0x7ffd34d03100 (16384), .pLocalWorkSize = nullptr, .numArgs = 1, .pArgs = 0x3c34a8d0 {(struct ur_exp_kernel_arg_properties_t){.stype = UR_STRUCTURE_TYPE_EXP_KERNEL_ARG_PROPERTIES, .pNext = nullptr, .type = UR_EXP_KERNEL_ARG_TYPE_POINTER, .index = 0, .size = 8, .value = (union ur_exp_kernel_arg_value_t){.pointer = 0xffffffffff600000}}}, .launchPropList = nullptr, .numEventsInWaitList = 0, .phEventWaitList = nullptr, .phEvent = 0x7ffd34d02b20 (0x3c30d600)) -> UR_RESULT_SUCCESS;
   ---> urEventWait
[2026-10-08 08:25:40.624] [thread-id: 127375508946112] [trace] zeEventHostSynchronize(hEvent, timeout)
[2026-10-08 08:25:40.624] [thread-id: 127375508946112] [trace] SUCCESS (ZE_RESULT_SUCCESS) in zeEventHostSynchronize(hEvent=0x3c30dc18, timeout=18446744073709551615)
   <--- urEventWait(.numEvents = 1, .phEventWaitList = 0x7ffd34d03220 {0x3c30d600}) -> UR_RESULT_SUCCESS;
   ---> urEventRelease
   <--- urEventRelease(.hEvent = 0x3c30d600) -> UR_RESULT_SUCCESS;
   ---> urEnqueueUSMMemcpy
[2026-10-08 08:25:40.624] [thread-id: 127375508946112] [trace] zeCommandListAppendMemoryCopy(hCommandList, dstptr, srcptr, size, hSignalEvent, numWaitEvents, phWaitEventsLocal)
[2026-10-08 08:25:40.624] [thread-id: 127375508946112] [trace] SUCCESS (ZE_RESULT_SUCCESS) in zeCommandListAppendMemoryCopy(hCommandList=0x3c2c4d88, dstptr=0x3c2e58b0, srcptr=0xffffffffff600000, size=65536, hSignalEvent=0x3c30dc18, numWaitEvents=0, phWaitEvents=nullptr)
   <--- urEnqueueUSMMemcpy(.hQueue = 0x3c2c40a0, .blocking = 0, .pDst = 0x3c2e58b0, .pSrc = 0xffffffffff600000, .size = 65536, .numEventsInWaitList = 0, .phEventWaitList = nullptr, .phEvent = 0x7ffd34d031d0 (0x3c30d600)) -> UR_RESULT_SUCCESS;
   ---> urEventWait
[2026-10-08 08:25:40.624] [thread-id: 127375508946112] [trace] zeEventHostSynchronize(hEvent, timeout)
[2026-10-08 08:25:40.624] [thread-id: 127375508946112] [trace] SUCCESS (ZE_RESULT_SUCCESS) in zeEventHostSynchronize(hEvent=0x3c30dc18, timeout=18446744073709551615)
   <--- urEventWait(.numEvents = 1, .phEventWaitList = 0x7ffd34d03220 {0x3c30d600}) -> UR_RESULT_SUCCESS;
   ---> urEventRelease
   <--- urEventRelease(.hEvent = 0x3c30d600) -> UR_RESULT_SUCCESS;
   ---> urEnqueueUSMMemcpy
[2026-10-08 08:25:40.625] [thread-id: 127375508946112] [trace] zeCommandListAppendMemoryCopy(hCommandList, dstptr, srcptr, size, hSignalEvent, numWaitEvents, phWaitEventsLocal)
[2026-10-08 08:25:40.625] [thread-id: 127375508946112] [trace] SUCCESS (ZE_RESULT_SUCCESS) in zeCommandListAppendMemoryCopy(hCommandList=0x3c2c4d88, dstptr=0xffffffffff600000, srcptr=0x3c2d58a0, size=65536, hSignalEvent=0x3c30dc18, numWaitEvents=0, phWaitEvents=nullptr)
   <--- urEnqueueUSMMemcpy(.hQueue = 0x3c2c40a0, .blocking = 0, .pDst = 0xffffffffff600000, .pSrc = 0x3c2d58a0, .size = 65536, .numEventsInWaitList = 0, .phEventWaitList = nullptr, .phEvent = 0x7ffd34d031d0 (0x3c30d600)) -> UR_RESULT_SUCCESS;
   ---> urEventWait
[2026-10-08 08:25:40.625] [thread-id: 127375508946112] [trace] zeEventHostSynchronize(hEvent, timeout)
[2026-10-08 08:25:40.625] [thread-id: 127375508946112] [trace] SUCCESS (ZE_RESULT_SUCCESS) in zeEventHostSynchronize(hEvent=0x3c30dc18, timeout=18446744073709551615)
   <--- urEventWait(.numEvents = 1, .phEventWaitList = 0x7ffd34d03220 {0x3c30d600}) -> UR_RESULT_SUCCESS;
   ---> urEventRelease
   <--- urEventRelease(.hEvent = 0x3c30d600) -> UR_RESULT_SUCCESS;
   ---> urDeviceGetInfo
   <--- urDeviceGetInfo(.hDevice = 0x3c2bc040, .propName = UR_DEVICE_INFO_MAX_WORK_GROUPS_3D, .propSize = 24, .pPropValue = {4294967295, 4294967295, 4294967295}, .pPropSizeRet = nullptr) -> UR_RESULT_SUCCESS;
   ---> urKernelGetGroupInfo
   <--- urKernelGetGroupInfo(.hKernel = 0x3c349d40, .hDevice = 0x3c2bc040, .propName = UR_KERNEL_GROUP_INFO_COMPILE_WORK_GROUP_SIZE, .propSize = 24, .pPropValue = {0, 0, 0}, .pPropSizeRet = nullptr) -> UR_RESULT_SUCCESS;
   ---> urEnqueueKernelLaunchWithArgsExp
[2026-10-08 08:25:40.625] [thread-id: 127375508946112] [trace] zeKernelSuggestGroupSize(hKernel, globalSizeX, globalSizeY, globalSizeZ, groupSizeX, groupSizeY, groupSizeZ)
[2026-10-08 08:25:40.625] [thread-id: 127375508946112] [trace] SUCCESS (ZE_RESULT_SUCCESS) in zeKernelSuggestGroupSize(hKernel=0x3c34e748, globalSizeX=16384, globalSizeY=1, globalSizeZ=1, groupSizeX=1024, groupSizeY=1, groupSizeZ=1)
[2026-10-08 08:25:40.625] [thread-id: 127375508946112] [trace] zeKernelSetGroupSize(hKernel, groupSizeX, groupSizeY, groupSizeZ)
[2026-10-08 08:25:40.625] [thread-id: 127375508946112] [trace] SUCCESS (ZE_RESULT_SUCCESS) in zeKernelSetGroupSize(hKernel=0x3c34e748, groupSizeX=1024, groupSizeY=1, groupSizeZ=1)
[2026-10-08 08:25:40.625] [thread-id: 127375508946112] [trace] zeCommandListAppendLaunchKernelWithArguments(hCommandList, hKernel, groupCounts, groupSizes, pArguments, pNext, hSignalEvent, numWaitEvents, phWaitEventsLocal)
[2026-10-08 08:25:40.625] [thread-id: 127375508946112] [trace] SUCCESS (ZE_RESULT_SUCCESS) in zeCommandListAppendLaunchKernelWithArguments(hCommandList=0x3c2c4d88, hKernel=0x3c34e748, groupCounts={groupCountX=16, groupCountY=1, groupCountZ=1}, groupSizes={groupSizeX=1024, groupSizeY=1, groupSizeZ=1}, pArguments=0x3c34ee90, pNext=nullptr, hSignalEvent=0x3c30dc18, numWaitEvents=0, phWaitEvents=nullptr)
   <--- urEnqueueKernelLaunchWithArgsExp(.hQueue = 0x3c2c40a0, .hKernel = 0x3c349d40, .workDim = 1, .pGlobalWorkOffset = nullptr, .pGlobalWorkSize = 0x7ffd34d03100 (16384), .pLocalWorkSize = nullptr, .numArgs = 1, .pArgs = 0x3c34a8d0 {(struct ur_exp_kernel_arg_properties_t){.stype = UR_STRUCTURE_TYPE_EXP_KERNEL_ARG_PROPERTIES, .pNext = nullptr, .type = UR_EXP_KERNEL_ARG_TYPE_POINTER, .index = 0, .size = 8, .value = (union ur_exp_kernel_arg_value_t){.pointer = 0xffffffffff600000}}}, .launchPropList = nullptr, .numEventsInWaitList = 0, .phEventWaitList = nullptr, .phEvent = 0x7ffd34d02b20 (0x3c30d600)) -> UR_RESULT_SUCCESS;
   ---> urEventWait
[2026-10-08 08:25:40.625] [thread-id: 127375508946112] [trace] zeEventHostSynchronize(hEvent, timeout)
[2026-10-08 08:25:40.625] [thread-id: 127375508946112] [trace] SUCCESS (ZE_RESULT_SUCCESS) in zeEventHostSynchronize(hEvent=0x3c30dc18, timeout=18446744073709551615)
   <--- urEventWait(.numEvents = 1, .phEventWaitList = 0x7ffd34d03220 {0x3c30d600}) -> UR_RESULT_SUCCESS;
   ---> urEventRelease
   <--- urEventRelease(.hEvent = 0x3c30d600) -> UR_RESULT_SUCCESS;
   ---> urEnqueueUSMMemcpy
[2026-10-08 08:25:40.625] [thread-id: 127375508946112] [trace] zeCommandListAppendMemoryCopy(hCommandList, dstptr, srcptr, size, hSignalEvent, numWaitEvents, phWaitEventsLocal)
[2026-10-08 08:25:40.625] [thread-id: 127375508946112] [trace] SUCCESS (ZE_RESULT_SUCCESS) in zeCommandListAppendMemoryCopy(hCommandList=0x3c2c4d88, dstptr=0x3c2e58b0, srcptr=0xffffffffff600000, size=65536, hSignalEvent=0x3c30dc18, numWaitEvents=0, phWaitEvents=nullptr)
   <--- urEnqueueUSMMemcpy(.hQueue = 0x3c2c40a0, .blocking = 0, .pDst = 0x3c2e58b0, .pSrc = 0xffffffffff600000, .size = 65536, .numEventsInWaitList = 0, .phEventWaitList = nullptr, .phEvent = 0x7ffd34d031d0 (0x3c30d600)) -> UR_RESULT_SUCCESS;
   ---> urEventWait
[2026-10-08 08:25:40.625] [thread-id: 127375508946112] [trace] zeEventHostSynchronize(hEvent, timeout)
[2026-10-08 08:25:40.625] [thread-id: 127375508946112] [trace] SUCCESS (ZE_RESULT_SUCCESS) in zeEventHostSynchronize(hEvent=0x3c30dc18, timeout=18446744073709551615)
   <--- urEventWait(.numEvents = 1, .phEventWaitList = 0x7ffd34d03220 {0x3c30d600}) -> UR_RESULT_SUCCESS;
   ---> urEventRelease
   <--- urEventRelease(.hEvent = 0x3c30d600) -> UR_RESULT_SUCCESS;
   ---> urEnqueueUSMMemcpy
[2026-10-08 08:25:40.625] [thread-id: 127375508946112] [trace] zeCommandListAppendMemoryCopy(hCommandList, dstptr, srcptr, size, hSignalEvent, numWaitEvents, phWaitEventsLocal)
[2026-10-08 08:25:40.625] [thread-id: 127375508946112] [trace] SUCCESS (ZE_RESULT_SUCCESS) in zeCommandListAppendMemoryCopy(hCommandList=0x3c2c4d88, dstptr=0xffffffffff600000, srcptr=0x3c2d58a0, size=65536, hSignalEvent=0x3c30dc18, numWaitEvents=0, phWaitEvents=nullptr)
   <--- urEnqueueUSMMemcpy(.hQueue = 0x3c2c40a0, .blocking = 0, .pDst = 0xffffffffff600000, .pSrc = 0x3c2d58a0, .size = 65536, .numEventsInWaitList = 0, .phEventWaitList = nullptr, .phEvent = 0x7ffd34d031d0 (0x3c30d600)) -> UR_RESULT_SUCCESS;
   ---> urEventWait
[2026-10-08 08:25:40.625] [thread-id: 127375508946112] [trace] zeEventHostSynchronize(hEvent, timeout)
[2026-10-08 08:25:40.625] [thread-id: 127375508946112] [trace] SUCCESS (ZE_RESULT_SUCCESS) in zeEventHostSynchronize(hEvent=0x3c30dc18, timeout=18446744073709551615)
   <--- urEventWait(.numEvents = 1, .phEventWaitList = 0x7ffd34d03220 {0x3c30d600}) -> UR_RESULT_SUCCESS;
   ---> urEventRelease
   <--- urEventRelease(.hEvent = 0x3c30d600) -> UR_RESULT_SUCCESS;
   ---> urDeviceGetInfo
   <--- urDeviceGetInfo(.hDevice = 0x3c2bc040, .propName = UR_DEVICE_INFO_MAX_WORK_GROUPS_3D, .propSize = 24, .pPropValue = {4294967295, 4294967295, 4294967295}, .pPropSizeRet = nullptr) -> UR_RESULT_SUCCESS;
   ---> urKernelGetGroupInfo
   <--- urKernelGetGroupInfo(.hKernel = 0x3c349d40, .hDevice = 0x3c2bc040, .propName = UR_KERNEL_GROUP_INFO_COMPILE_WORK_GROUP_SIZE, .propSize = 24, .pPropValue = {0, 0, 0}, .pPropSizeRet = nullptr) -> UR_RESULT_SUCCESS;
   ---> urEnqueueKernelLaunchWithArgsExp
[2026-10-08 08:25:40.625] [thread-id: 127375508946112] [trace] zeKernelSuggestGroupSize(hKernel, globalSizeX, globalSizeY, globalSizeZ, groupSizeX, groupSizeY, groupSizeZ)
[2026-10-08 08:25:40.625] [thread-id: 127375508946112] [trace] SUCCESS (ZE_RESULT_SUCCESS) in zeKernelSuggestGroupSize(hKernel=0x3c34e748, globalSizeX=16384, globalSizeY=1, globalSizeZ=1, groupSizeX=1024, groupSizeY=1, groupSizeZ=1)
[2026-10-08 08:25:40.625] [thread-id: 127375508946112] [trace] zeKernelSetGroupSize(hKernel, groupSizeX, groupSizeY, groupSizeZ)
[2026-10-08 08:25:40.625] [thread-id: 127375508946112] [trace] SUCCESS (ZE_RESULT_SUCCESS) in zeKernelSetGroupSize(hKernel=0x3c34e748, groupSizeX=1024, groupSizeY=1, groupSizeZ=1)
[2026-10-08 08:25:40.625] [thread-id: 127375508946112] [trace] zeCommandListAppendLaunchKernelWithArguments(hCommandList, hKernel, groupCounts, groupSizes, pArguments, pNext, hSignalEvent, numWaitEvents, phWaitEventsLocal)
[2026-10-08 08:25:40.625] [thread-id: 127375508946112] [trace] SUCCESS (ZE_RESULT_SUCCESS) in zeCommandListAppendLaunchKernelWithArguments(hCommandList=0x3c2c4d88, hKernel=0x3c34e748, groupCounts={groupCountX=16, groupCountY=1, groupCountZ=1}, groupSizes={groupSizeX=1024, groupSizeY=1, groupSizeZ=1}, pArguments=0x3c34ee90, pNext=nullptr, hSignalEvent=0x3c30dc18, numWaitEvents=0, phWaitEvents=nullptr)
   <--- urEnqueueKernelLaunchWithArgsExp(.hQueue = 0x3c2c40a0, .hKernel = 0x3c349d40, .workDim = 1, .pGlobalWorkOffset = nullptr, .pGlobalWorkSize = 0x7ffd34d03100 (16384), .pLocalWorkSize = nullptr, .numArgs = 1, .pArgs = 0x3c34a8d0 {(struct ur_exp_kernel_arg_properties_t){.stype = UR_STRUCTURE_TYPE_EXP_KERNEL_ARG_PROPERTIES, .pNext = nullptr, .type = UR_EXP_KERNEL_ARG_TYPE_POINTER, .index = 0, .size = 8, .value = (union ur_exp_kernel_arg_value_t){.pointer = 0xffffffffff600000}}}, .launchPropList = nullptr, .numEventsInWaitList = 0, .phEventWaitList = nullptr, .phEvent = 0x7ffd34d02b20 (0x3c30d600)) -> UR_RESULT_SUCCESS;
   ---> urEventWait
[2026-10-08 08:25:40.626] [thread-id: 127375508946112] [trace] zeEventHostSynchronize(hEvent, timeout)
[2026-10-08 08:25:40.626] [thread-id: 127375508946112] [trace] SUCCESS (ZE_RESULT_SUCCESS) in zeEventHostSynchronize(hEvent=0x3c30dc18, timeout=18446744073709551615)
   <--- urEventWait(.numEvents = 1, .phEventWaitList = 0x7ffd34d03220 {0x3c30d600}) -> UR_RESULT_SUCCESS;
   ---> urEventRelease
   <--- urEventRelease(.hEvent = 0x3c30d600) -> UR_RESULT_SUCCESS;
   ---> urEnqueueUSMMemcpy
[2026-10-08 08:25:40.626] [thread-id: 127375508946112] [trace] zeCommandListAppendMemoryCopy(hCommandList, dstptr, srcptr, size, hSignalEvent, numWaitEvents, phWaitEventsLocal)
[2026-10-08 08:25:40.626] [thread-id: 127375508946112] [trace] SUCCESS (ZE_RESULT_SUCCESS) in zeCommandListAppendMemoryCopy(hCommandList=0x3c2c4d88, dstptr=0x3c2e58b0, srcptr=0xffffffffff600000, size=65536, hSignalEvent=0x3c30dc18, numWaitEvents=0, phWaitEvents=nullptr)
   <--- urEnqueueUSMMemcpy(.hQueue = 0x3c2c40a0, .blocking = 0, .pDst = 0x3c2e58b0, .pSrc = 0xffffffffff600000, .size = 65536, .numEventsInWaitList = 0, .phEventWaitList = nullptr, .phEvent = 0x7ffd34d031d0 (0x3c30d600)) -> UR_RESULT_SUCCESS;
   ---> urEventWait
[2026-10-08 08:25:40.626] [thread-id: 127375508946112] [trace] zeEventHostSynchronize(hEvent, timeout)
[2026-10-08 08:25:40.626] [thread-id: 127375508946112] [trace] SUCCESS (ZE_RESULT_SUCCESS) in zeEventHostSynchronize(hEvent=0x3c30dc18, timeout=18446744073709551615)
   <--- urEventWait(.numEvents = 1, .phEventWaitList = 0x7ffd34d03220 {0x3c30d600}) -> UR_RESULT_SUCCESS;
   ---> urEventRelease
   <--- urEventRelease(.hEvent = 0x3c30d600) -> UR_RESULT_SUCCESS;
   ---> urQueueFinish
[2026-10-08 08:25:40.626] [thread-id: 127375508946112] [trace] zeCommandListHostSynchronize(hCommandList, timeout)
[2026-10-08 08:25:40.626] [thread-id: 127375508946112] [trace] SUCCESS (ZE_RESULT_SUCCESS) in zeCommandListHostSynchronize(hCommandList=0x3c2c4d88, timeout=18446744073709551615)
   <--- urQueueFinish(.hQueue = 0x3c2c40a0) -> UR_RESULT_SUCCESS;
   ---> urUSMFree
   <--- urUSMFree(.hContext = 0x3c2c0b90, .pMem = 0xffffffffff600000) -> UR_RESULT_SUCCESS;
   ---> urQueueRelease
[2026-10-08 08:25:40.626] [thread-id: 127375508946112] [trace] zeCommandListHostSynchronize(hCommandList, timeout)
[2026-10-08 08:25:40.626] [thread-id: 127375508946112] [trace] SUCCESS (ZE_RESULT_SUCCESS) in zeCommandListHostSynchronize(hCommandList=0x3c2c4d88, timeout=18446744073709551615)
   <--- urQueueRelease(.hQueue = 0x3c2c40a0) -> UR_RESULT_SUCCESS;
   ---> urProgramRelease
   <--- urProgramRelease(.hProgram = 0x3c2fea10) -> UR_RESULT_SUCCESS;
   ---> urKernelRelease
   <--- urKernelRelease(.hKernel = 0x3c349d40) -> UR_RESULT_SUCCESS;
   ---> urProgramRelease
   <--- urProgramRelease(.hProgram = 0x3c2fea10) -> UR_RESULT_SUCCESS;
   ---> urKernelRelease
[2026-10-08 08:25:40.626] [thread-id: 127375508946112] [trace] zeKernelDestroy(hKernel)
[2026-10-08 08:25:40.626] [thread-id: 127375508946112] [trace] SUCCESS (ZE_RESULT_SUCCESS) in zeKernelDestroy(hKernel=0x3c34e748)
[2026-10-08 08:25:40.626] [thread-id: 127375508946112] [trace] zeModuleBuildLogDestroy(hModuleBuildLog)
[2026-10-08 08:25:40.626] [thread-id: 127375508946112] [trace] SUCCESS (ZE_RESULT_SUCCESS) in zeModuleBuildLogDestroy(hModuleBuildLog=0x3c337818)
[2026-10-08 08:25:40.626] [thread-id: 127375508946112] [trace] zeModuleDestroy(hModule)
[2026-10-08 08:25:40.626] [thread-id: 127375508946112] [trace] SUCCESS (ZE_RESULT_SUCCESS) in zeModuleDestroy(hModule=0x3c311d18)
   <--- urKernelRelease(.hKernel = 0x3c349d40) -> UR_RESULT_SUCCESS;
   ---> urContextRelease
[2026-10-08 08:25:40.626] [thread-id: 127375508946112] [trace] zeMemFreeExt(hContext, pMemFreeDesc, ptr)
[2026-10-08 08:25:40.627] [thread-id: 127375508946112] [trace] SUCCESS (ZE_RESULT_SUCCESS) in zeMemFreeExt(hContext=0x3c2bd738, pMemFreeDesc={stype=0x7ffd34d02f60, freePolicy=1}, ptr=0xffffffffff600000)
[2026-10-08 08:25:40.627] [thread-id: 127375508946112] [trace] zeEventDestroy(hEvent)
[2026-10-08 08:25:40.627] [thread-id: 127375508946112] [trace] SUCCESS (ZE_RESULT_SUCCESS) in zeEventDestroy(hEvent=0x3c2f6528)
[2026-10-08 08:25:40.627] [thread-id: 127375508946112] [trace] zeEventDestroy(hEvent)
[2026-10-08 08:25:40.627] [thread-id: 127375508946112] [trace] SUCCESS (ZE_RESULT_SUCCESS) in zeEventDestroy(hEvent=0x3c2f6a68)
[2026-10-08 08:25:40.627] [thread-id: 127375508946112] [trace] zeEventDestroy(hEvent)
[2026-10-08 08:25:40.627] [thread-id: 127375508946112] [trace] SUCCESS (ZE_RESULT_SUCCESS) in zeEventDestroy(hEvent=0x3c2f7168)
[2026-10-08 08:25:40.627] [thread-id: 127375508946112] [trace] zeEventDestroy(hEvent)
[2026-10-08 08:25:40.627] [thread-id: 127375508946112] [trace] SUCCESS (ZE_RESULT_SUCCESS) in zeEventDestroy(hEvent=0x3c2f76c8)
[2026-10-08 08:25:40.627] [thread-id: 127375508946112] [trace] zeEventDestroy(hEvent)
[2026-10-08 08:25:40.627] [thread-id: 127375508946112] [trace] SUCCESS (ZE_RESULT_SUCCESS) in zeEventDestroy(hEvent=0x3c2f7dc8)
[2026-10-08 08:25:40.627] [thread-id: 127375508946112] [trace] zeEventDestroy(hEvent)
[2026-10-08 08:25:40.627] [thread-id: 127375508946112] [trace] SUCCESS (ZE_RESULT_SUCCESS) in zeEventDestroy(hEvent=0x3c2f82d8)
[2026-10-08 08:25:40.627] [thread-id: 127375508946112] [trace] zeEventDestroy(hEvent)
[2026-10-08 08:25:40.627] [thread-id: 127375508946112] [trace] SUCCESS (ZE_RESULT_SUCCESS) in zeEventDestroy(hEvent=0x3c2f89d8)
[2026-10-08 08:25:40.627] [thread-id: 127375508946112] [trace] zeEventDestroy(hEvent)
[2026-10-08 08:25:40.627] [thread-id: 127375508946112] [trace] SUCCESS (ZE_RESULT_SUCCESS) in zeEventDestroy(hEvent=0x3c2f8ee8)
[2026-10-08 08:25:40.627] [thread-id: 127375508946112] [trace] zeEventDestroy(hEvent)
[2026-10-08 08:25:40.627] [thread-id: 127375508946112] [trace] SUCCESS (ZE_RESULT_SUCCESS) in zeEventDestroy(hEvent=0x3c2f95e8)
[2026-10-08 08:25:40.627] [thread-id: 127375508946112] [trace] zeEventDestroy(hEvent)
[2026-10-08 08:25:40.627] [thread-id: 127375508946112] [trace] SUCCESS (ZE_RESULT_SUCCESS) in zeEventDestroy(hEvent=0x3c2f9b98)
[2026-10-08 08:25:40.627] [thread-id: 127375508946112] [trace] zeEventDestroy(hEvent)
[2026-10-08 08:25:40.627] [thread-id: 127375508946112] [trace] SUCCESS (ZE_RESULT_SUCCESS) in zeEventDestroy(hEvent=0x3c2fa298)
[2026-10-08 08:25:40.627] [thread-id: 127375508946112] [trace] zeEventDestroy(hEvent)
[2026-10-08 08:25:40.627] [thread-id: 127375508946112] [trace] SUCCESS (ZE_RESULT_SUCCESS) in zeEventDestroy(hEvent=0x3c2fa7a8)
[2026-10-08 08:25:40.627] [thread-id: 127375508946112] [trace] zeEventDestroy(hEvent)
[2026-10-08 08:25:40.627] [thread-id: 127375508946112] [trace] SUCCESS (ZE_RESULT_SUCCESS) in zeEventDestroy(hEvent=0x3c2faea8)
[2026-10-08 08:25:40.627] [thread-id: 127375508946112] [trace] zeEventDestroy(hEvent)
[2026-10-08 08:25:40.627] [thread-id: 127375508946112] [trace] SUCCESS (ZE_RESULT_SUCCESS) in zeEventDestroy(hEvent=0x3c2fb3b8)
[2026-10-08 08:25:40.627] [thread-id: 127375508946112] [trace] zeEventDestroy(hEvent)
[2026-10-08 08:25:40.627] [thread-id: 127375508946112] [trace] SUCCESS (ZE_RESULT_SUCCESS) in zeEventDestroy(hEvent=0x3c2fbab8)
[2026-10-08 08:25:40.627] [thread-id: 127375508946112] [trace] zeEventDestroy(hEvent)
[2026-10-08 08:25:40.627] [thread-id: 127375508946112] [trace] SUCCESS (ZE_RESULT_SUCCESS) in zeEventDestroy(hEvent=0x3c2fc0d8)
[2026-10-08 08:25:40.627] [thread-id: 127375508946112] [trace] zeEventDestroy(hEvent)
[2026-10-08 08:25:40.627] [thread-id: 127375508946112] [trace] SUCCESS (ZE_RESULT_SUCCESS) in zeEventDestroy(hEvent=0x3c2fc7d8)
[2026-10-08 08:25:40.627] [thread-id: 127375508946112] [trace] zeEventDestroy(hEvent)
[2026-10-08 08:25:40.627] [thread-id: 127375508946112] [trace] SUCCESS (ZE_RESULT_SUCCESS) in zeEventDestroy(hEvent=0x3c2fcce8)
[2026-10-08 08:25:40.627] [thread-id: 127375508946112] [trace] zeEventDestroy(hEvent)
[2026-10-08 08:25:40.627] [thread-id: 127375508946112] [trace] SUCCESS (ZE_RESULT_SUCCESS) in zeEventDestroy(hEvent=0x3c2fd3e8)
[2026-10-08 08:25:40.627] [thread-id: 127375508946112] [trace] zeEventDestroy(hEvent)
[2026-10-08 08:25:40.627] [thread-id: 127375508946112] [trace] SUCCESS (ZE_RESULT_SUCCESS) in zeEventDestroy(hEvent=0x3c2fd8f8)
[2026-10-08 08:25:40.627] [thread-id: 127375508946112] [trace] zeEventDestroy(hEvent)
[2026-10-08 08:25:40.627] [thread-id: 127375508946112] [trace] SUCCESS (ZE_RESULT_SUCCESS) in zeEventDestroy(hEvent=0x3c2fdff8)
[2026-10-08 08:25:40.627] [thread-id: 127375508946112] [trace] zeEventDestroy(hEvent)
[2026-10-08 08:25:40.627] [thread-id: 127375508946112] [trace] SUCCESS (ZE_RESULT_SUCCESS) in zeEventDestroy(hEvent=0x3c2fe508)
[2026-10-08 08:25:40.627] [thread-id: 127375508946112] [trace] zeEventDestroy(hEvent)
[2026-10-08 08:25:40.627] [thread-id: 127375508946112] [trace] SUCCESS (ZE_RESULT_SUCCESS) in zeEventDestroy(hEvent=0x3c2fed48)
[2026-10-08 08:25:40.627] [thread-id: 127375508946112] [trace] zeEventDestroy(hEvent)
[2026-10-08 08:25:40.627] [thread-id: 127375508946112] [trace] SUCCESS (ZE_RESULT_SUCCESS) in zeEventDestroy(hEvent=0x3c2ff258)
[2026-10-08 08:25:40.627] [thread-id: 127375508946112] [trace] zeEventDestroy(hEvent)
[2026-10-08 08:25:40.627] [thread-id: 127375508946112] [trace] SUCCESS (ZE_RESULT_SUCCESS) in zeEventDestroy(hEvent=0x3c2ff958)
[2026-10-08 08:25:40.627] [thread-id: 127375508946112] [trace] zeEventDestroy(hEvent)
[2026-10-08 08:25:40.627] [thread-id: 127375508946112] [trace] SUCCESS (ZE_RESULT_SUCCESS) in zeEventDestroy(hEvent=0x3c2ffe68)
[2026-10-08 08:25:40.627] [thread-id: 127375508946112] [trace] zeEventDestroy(hEvent)
[2026-10-08 08:25:40.627] [thread-id: 127375508946112] [trace] SUCCESS (ZE_RESULT_SUCCESS) in zeEventDestroy(hEvent=0x3c300568)
[2026-10-08 08:25:40.627] [thread-id: 127375508946112] [trace] zeEventDestroy(hEvent)
[2026-10-08 08:25:40.627] [thread-id: 127375508946112] [trace] SUCCESS (ZE_RESULT_SUCCESS) in zeEventDestroy(hEvent=0x3c300a78)
[2026-10-08 08:25:40.627] [thread-id: 127375508946112] [trace] zeEventDestroy(hEvent)
[2026-10-08 08:25:40.627] [thread-id: 127375508946112] [trace] SUCCESS (ZE_RESULT_SUCCESS) in zeEventDestroy(hEvent=0x3c301178)
[2026-10-08 08:25:40.627] [thread-id: 127375508946112] [trace] zeEventDestroy(hEvent)
[2026-10-08 08:25:40.627] [thread-id: 127375508946112] [trace] SUCCESS (ZE_RESULT_SUCCESS) in zeEventDestroy(hEvent=0x3c301688)
[2026-10-08 08:25:40.628] [thread-id: 127375508946112] [trace] zeEventDestroy(hEvent)
[2026-10-08 08:25:40.628] [thread-id: 127375508946112] [trace] SUCCESS (ZE_RESULT_SUCCESS) in zeEventDestroy(hEvent=0x3c301d88)
[2026-10-08 08:25:40.628] [thread-id: 127375508946112] [trace] zeEventDestroy(hEvent)
[2026-10-08 08:25:40.628] [thread-id: 127375508946112] [trace] SUCCESS (ZE_RESULT_SUCCESS) in zeEventDestroy(hEvent=0x3c3024a8)
[2026-10-08 08:25:40.628] [thread-id: 127375508946112] [trace] zeEventDestroy(hEvent)
[2026-10-08 08:25:40.628] [thread-id: 127375508946112] [trace] SUCCESS (ZE_RESULT_SUCCESS) in zeEventDestroy(hEvent=0x3c302ba8)
[2026-10-08 08:25:40.628] [thread-id: 127375508946112] [trace] zeEventDestroy(hEvent)
[2026-10-08 08:25:40.628] [thread-id: 127375508946112] [trace] SUCCESS (ZE_RESULT_SUCCESS) in zeEventDestroy(hEvent=0x3c3030b8)
[2026-10-08 08:25:40.628] [thread-id: 127375508946112] [trace] zeEventDestroy(hEvent)
[2026-10-08 08:25:40.628] [thread-id: 127375508946112] [trace] SUCCESS (ZE_RESULT_SUCCESS) in zeEventDestroy(hEvent=0x3c3037b8)
[2026-10-08 08:25:40.628] [thread-id: 127375508946112] [trace] zeEventDestroy(hEvent)
[2026-10-08 08:25:40.628] [thread-id: 127375508946112] [trace] SUCCESS (ZE_RESULT_SUCCESS) in zeEventDestroy(hEvent=0x3c303cc8)
[2026-10-08 08:25:40.628] [thread-id: 127375508946112] [trace] zeEventDestroy(hEvent)
[2026-10-08 08:25:40.628] [thread-id: 127375508946112] [trace] SUCCESS (ZE_RESULT_SUCCESS) in zeEventDestroy(hEvent=0x3c3043c8)
[2026-10-08 08:25:40.628] [thread-id: 127375508946112] [trace] zeEventDestroy(hEvent)
[2026-10-08 08:25:40.628] [thread-id: 127375508946112] [trace] SUCCESS (ZE_RESULT_SUCCESS) in zeEventDestroy(hEvent=0x3c3048d8)
[2026-10-08 08:25:40.628] [thread-id: 127375508946112] [trace] zeEventDestroy(hEvent)
[2026-10-08 08:25:40.628] [thread-id: 127375508946112] [trace] SUCCESS (ZE_RESULT_SUCCESS) in zeEventDestroy(hEvent=0x3c304fd8)
[2026-10-08 08:25:40.628] [thread-id: 127375508946112] [trace] zeEventDestroy(hEvent)
[2026-10-08 08:25:40.628] [thread-id: 127375508946112] [trace] SUCCESS (ZE_RESULT_SUCCESS) in zeEventDestroy(hEvent=0x3c3054e8)
[2026-10-08 08:25:40.628] [thread-id: 127375508946112] [trace] zeEventDestroy(hEvent)
[2026-10-08 08:25:40.628] [thread-id: 127375508946112] [trace] SUCCESS (ZE_RESULT_SUCCESS) in zeEventDestroy(hEvent=0x3c305be8)
[2026-10-08 08:25:40.628] [thread-id: 127375508946112] [trace] zeEventDestroy(hEvent)
[2026-10-08 08:25:40.628] [thread-id: 127375508946112] [trace] SUCCESS (ZE_RESULT_SUCCESS) in zeEventDestroy(hEvent=0x3c3060f8)
[2026-10-08 08:25:40.628] [thread-id: 127375508946112] [trace] zeEventDestroy(hEvent)
[2026-10-08 08:25:40.628] [thread-id: 127375508946112] [trace] SUCCESS (ZE_RESULT_SUCCESS) in zeEventDestroy(hEvent=0x3c3067f8)
[2026-10-08 08:25:40.628] [thread-id: 127375508946112] [trace] zeEventDestroy(hEvent)
[2026-10-08 08:25:40.628] [thread-id: 127375508946112] [trace] SUCCESS (ZE_RESULT_SUCCESS) in zeEventDestroy(hEvent=0x3c306d08)
[2026-10-08 08:25:40.628] [thread-id: 127375508946112] [trace] zeEventDestroy(hEvent)
[2026-10-08 08:25:40.628] [thread-id: 127375508946112] [trace] SUCCESS (ZE_RESULT_SUCCESS) in zeEventDestroy(hEvent=0x3c307408)
[2026-10-08 08:25:40.628] [thread-id: 127375508946112] [trace] zeEventDestroy(hEvent)
[2026-10-08 08:25:40.628] [thread-id: 127375508946112] [trace] SUCCESS (ZE_RESULT_SUCCESS) in zeEventDestroy(hEvent=0x3c307918)
[2026-10-08 08:25:40.628] [thread-id: 127375508946112] [trace] zeEventDestroy(hEvent)
[2026-10-08 08:25:40.628] [thread-id: 127375508946112] [trace] SUCCESS (ZE_RESULT_SUCCESS) in zeEventDestroy(hEvent=0x3c308018)
[2026-10-08 08:25:40.628] [thread-id: 127375508946112] [trace] zeEventDestroy(hEvent)
[2026-10-08 08:25:40.628] [thread-id: 127375508946112] [trace] SUCCESS (ZE_RESULT_SUCCESS) in zeEventDestroy(hEvent=0x3c308528)
[2026-10-08 08:25:40.628] [thread-id: 127375508946112] [trace] zeEventDestroy(hEvent)
[2026-10-08 08:25:40.628] [thread-id: 127375508946112] [trace] SUCCESS (ZE_RESULT_SUCCESS) in zeEventDestroy(hEvent=0x3c308c28)
[2026-10-08 08:25:40.628] [thread-id: 127375508946112] [trace] zeEventDestroy(hEvent)
[2026-10-08 08:25:40.628] [thread-id: 127375508946112] [trace] SUCCESS (ZE_RESULT_SUCCESS) in zeEventDestroy(hEvent=0x3c309138)
[2026-10-08 08:25:40.628] [thread-id: 127375508946112] [trace] zeEventDestroy(hEvent)
[2026-10-08 08:25:40.628] [thread-id: 127375508946112] [trace] SUCCESS (ZE_RESULT_SUCCESS) in zeEventDestroy(hEvent=0x3c309ab8)
[2026-10-08 08:25:40.628] [thread-id: 127375508946112] [trace] zeEventDestroy(hEvent)
[2026-10-08 08:25:40.628] [thread-id: 127375508946112] [trace] SUCCESS (ZE_RESULT_SUCCESS) in zeEventDestroy(hEvent=0x3c309fc8)
[2026-10-08 08:25:40.628] [thread-id: 127375508946112] [trace] zeEventDestroy(hEvent)
[2026-10-08 08:25:40.628] [thread-id: 127375508946112] [trace] SUCCESS (ZE_RESULT_SUCCESS) in zeEventDestroy(hEvent=0x3c30a6c8)
[2026-10-08 08:25:40.628] [thread-id: 127375508946112] [trace] zeEventDestroy(hEvent)
[2026-10-08 08:25:40.628] [thread-id: 127375508946112] [trace] SUCCESS (ZE_RESULT_SUCCESS) in zeEventDestroy(hEvent=0x3c30abd8)
[2026-10-08 08:25:40.628] [thread-id: 127375508946112] [trace] zeEventDestroy(hEvent)
[2026-10-08 08:25:40.628] [thread-id: 127375508946112] [trace] SUCCESS (ZE_RESULT_SUCCESS) in zeEventDestroy(hEvent=0x3c30b2d8)
[2026-10-08 08:25:40.628] [thread-id: 127375508946112] [trace] zeEventDestroy(hEvent)
[2026-10-08 08:25:40.628] [thread-id: 127375508946112] [trace] SUCCESS (ZE_RESULT_SUCCESS) in zeEventDestroy(hEvent=0x3c30b7e8)
[2026-10-08 08:25:40.628] [thread-id: 127375508946112] [trace] zeEventDestroy(hEvent)
[2026-10-08 08:25:40.628] [thread-id: 127375508946112] [trace] SUCCESS (ZE_RESULT_SUCCESS) in zeEventDestroy(hEvent=0x3c30bee8)
[2026-10-08 08:25:40.628] [thread-id: 127375508946112] [trace] zeEventDestroy(hEvent)
[2026-10-08 08:25:40.628] [thread-id: 127375508946112] [trace] SUCCESS (ZE_RESULT_SUCCESS) in zeEventDestroy(hEvent=0x3c30c3f8)
[2026-10-08 08:25:40.628] [thread-id: 127375508946112] [trace] zeEventDestroy(hEvent)
[2026-10-08 08:25:40.628] [thread-id: 127375508946112] [trace] SUCCESS (ZE_RESULT_SUCCESS) in zeEventDestroy(hEvent=0x3c30caf8)
[2026-10-08 08:25:40.628] [thread-id: 127375508946112] [trace] zeEventDestroy(hEvent)
[2026-10-08 08:25:40.628] [thread-id: 127375508946112] [trace] SUCCESS (ZE_RESULT_SUCCESS) in zeEventDestroy(hEvent=0x3c30d008)
[2026-10-08 08:25:40.628] [thread-id: 127375508946112] [trace] zeEventDestroy(hEvent)
[2026-10-08 08:25:40.628] [thread-id: 127375508946112] [trace] SUCCESS (ZE_RESULT_SUCCESS) in zeEventDestroy(hEvent=0x3c30d708)
[2026-10-08 08:25:40.628] [thread-id: 127375508946112] [trace] zeEventDestroy(hEvent)
[2026-10-08 08:25:40.628] [thread-id: 127375508946112] [trace] SUCCESS (ZE_RESULT_SUCCESS) in zeEventDestroy(hEvent=0x3c30dc18)
[2026-10-08 08:25:40.628] [thread-id: 127375508946112] [trace] zeEventDestroy(hEvent)
[2026-10-08 08:25:40.628] [thread-id: 127375508946112] [trace] SUCCESS (ZE_RESULT_SUCCESS) in zeEventDestroy(hEvent=0x3c2f5a68)
[2026-10-08 08:25:40.628] [thread-id: 127375508946112] [trace] zeEventDestroy(hEvent)
[2026-10-08 08:25:40.628] [thread-id: 127375508946112] [trace] SUCCESS (ZE_RESULT_SUCCESS) in zeEventDestroy(hEvent=0x3c2f5e08)
[2026-10-08 08:25:40.628] [thread-id: 127375508946112] [trace] zeCommandListDestroy(hCommandList)
[2026-10-08 08:25:40.628] [thread-id: 127375508946112] [trace] SUCCESS (ZE_RESULT_SUCCESS) in zeCommandListDestroy(hCommandList=0x3c2c4d88)
[2026-10-08 08:25:40.628] [thread-id: 127375508946112] [trace] zeContextDestroy(hContext)
[2026-10-08 08:25:40.628] [thread-id: 127375508946112] [trace] SUCCESS (ZE_RESULT_SUCCESS) in zeContextDestroy(hContext=0x3c2bd738)
   <--- urContextRelease(.hContext = 0x3c2c0b90) -> UR_RESULT_SUCCESS;
   ---> urDeviceRelease
   <--- urDeviceRelease(.hDevice = 0x3c2bc040) -> UR_RESULT_SUCCESS;
   ---> urAdapterRelease
   <--- urAdapterRelease(.hAdapter = 0x3c0c0700) -> UR_RESULT_SUCCESS;
