<LOADER>[DEBUG]: Logger loader initialized successfully!
<LOADER>[INFO]: loaded adapter 0x0x1102f980 (/opt/intel/oneapi/compiler/2026.1/lib/libur_adapter_level_zero_v2.so.0) from /opt/intel/oneapi/compiler/2026.1/lib/libur_adapter_level_zero_v2.so.0
   ---> urAdapterGet
<LEVEL_ZERO>[DEBUG]: zeInit with flags value of 1
[2026-10-08 19:08:38.723] [thread-id: 134581405965504] [info] Loader Version 1.32.0  - No git SHA found, compiled outside git folder.
[2026-10-08 19:08:38.725] [thread-id: 134581405965504] [info] Validation Layer Enabled
[2026-10-08 19:08:38.725] [thread-id: 134581405965504] [info] zeInit succeeded
[2026-10-08 19:08:38.726] [thread-id: 134581405965504] [trace] zeInit(flags)
[2026-10-08 19:08:38.804] [thread-id: 134581405965504] [trace] SUCCESS (ZE_RESULT_SUCCESS) in zeInit(flags=1)
<LEVEL_ZERO>[DEBUG]: Level Zero Loader version: 1.32.0
<LEVEL_ZERO>[DEBUG]: zeInitDrivers with flags value of 1
[2026-10-08 19:08:38.805] [thread-id: 134581405965504] [trace] zeInitDrivers(pCount, phDrivers, desc)
[2026-10-08 19:08:38.805] [thread-id: 134581405965504] [trace] SUCCESS (ZE_RESULT_SUCCESS) in zeInitDrivers(pCount=1, phDrivers=nullptr, desc={stype=0x1102e728, flags=1})
[2026-10-08 19:08:38.805] [thread-id: 134581405965504] [trace] zeInitDrivers(pCount, phDrivers, desc)
[2026-10-08 19:08:38.805] [thread-id: 134581405965504] [trace] SUCCESS (ZE_RESULT_SUCCESS) in zeInitDrivers(pCount=1, phDrivers=nullptr, desc={stype=0x1102e728, flags=1})
[2026-10-08 19:08:38.805] [thread-id: 134581405965504] [trace] zeDriverGet(pCount, phDrivers)
[2026-10-08 19:08:38.805] [thread-id: 134581405965504] [trace] SUCCESS (ZE_RESULT_SUCCESS) in zeDriverGet(pCount=1, phDrivers=nullptr)
[2026-10-08 19:08:38.805] [thread-id: 134581405965504] [trace] zeDriverGet(pCount, phDrivers)
[2026-10-08 19:08:38.805] [thread-id: 134581405965504] [trace] SUCCESS (ZE_RESULT_SUCCESS) in zeDriverGet(pCount=1, phDrivers=0x11214980)
[2026-10-08 19:08:38.805] [thread-id: 134581405965504] [trace] zeDeviceGet(hDriver, pCount, phDevices)
[2026-10-08 19:08:38.805] [thread-id: 134581405965504] [trace] SUCCESS (ZE_RESULT_SUCCESS) in zeDeviceGet(hDriver=0x112149c8, pCount=1, phDevices=nullptr)
[2026-10-08 19:08:38.805] [thread-id: 134581405965504] [trace] zeDeviceGet(hDriver, pCount, phDevices)
[2026-10-08 19:08:38.805] [thread-id: 134581405965504] [trace] SUCCESS (ZE_RESULT_SUCCESS) in zeDeviceGet(hDriver=0x112149c8, pCount=1, phDevices=0x112212b0)
[2026-10-08 19:08:38.805] [thread-id: 134581405965504] [trace] zeDeviceGetProperties(hDevice, pDeviceProperties)
[2026-10-08 19:08:38.805] [thread-id: 134581405965504] [trace] SUCCESS (ZE_RESULT_SUCCESS) in zeDeviceGetProperties(hDevice=0x11214f28, pDeviceProperties={stype=0x7fff6ec2dbc0, type=0x7fff6ec2dbd0, vendorId=32902, deviceId=57868, flags=8, subdeviceId=0, coreClockRate=2750, maxMemAllocSize=10132807680, maxHardwareContexts=65536, maxCommandQueuePriority=0, numThreadsPerEU=8, physicalEUSimdWidth=16, numEUsPerSubslice=8, numSubslicesPerSlice=4, numSlices=5, timerResolution=52, timestampValidBits=64, kernelTimestampValidBits=64, uuid={id=134}, name="Intel(R) Arc(TM) B570 Graphics"})
<LEVEL_ZERO>[DEBUG]: 
zesInit with flags value of 0

[2026-10-08 19:08:38.805] [thread-id: 134581405965504] [trace] zesInit(flags)
[2026-10-08 19:08:38.807] [thread-id: 134581405965504] [trace] SUCCESS (ZE_RESULT_SUCCESS) in zesInit(flags=0)
[2026-10-08 19:08:38.807] [thread-id: 134581405965504] [trace] zeDriverGet(pCount, phDrivers)
[2026-10-08 19:08:38.807] [thread-id: 134581405965504] [trace] SUCCESS (ZE_RESULT_SUCCESS) in zeDriverGet(pCount=1, phDrivers=nullptr)
[2026-10-08 19:08:38.807] [thread-id: 134581405965504] [trace] zeDriverGet(pCount, phDrivers)
[2026-10-08 19:08:38.807] [thread-id: 134581405965504] [trace] SUCCESS (ZE_RESULT_SUCCESS) in zeDriverGet(pCount=1, phDrivers=0x11228340)
[2026-10-08 19:08:38.807] [thread-id: 134581405965504] [trace] zeInitDrivers(pCount, phDrivers, desc)
[2026-10-08 19:08:38.807] [thread-id: 134581405965504] [trace] SUCCESS (ZE_RESULT_SUCCESS) in zeInitDrivers(pCount=1, phDrivers=0x11228410, desc={stype=0x1102e728, flags=1})
[2026-10-08 19:08:38.807] [thread-id: 134581405965504] [trace] zeDriverGetProperties(hDriver, pDriverProperties)
[2026-10-08 19:08:38.807] [thread-id: 134581405965504] [trace] SUCCESS (ZE_RESULT_SUCCESS) in zeDriverGetProperties(hDriver=0x112149c8, pDriverProperties={stype=0x7fff6ec2db10, uuid={id=227}, driverVersion=17013219})
[2026-10-08 19:08:38.807] [thread-id: 134581405965504] [trace] zeDriverGetProperties(hDriver, pDriverProperties)
[2026-10-08 19:08:38.807] [thread-id: 134581405965504] [trace] SUCCESS (ZE_RESULT_SUCCESS) in zeDriverGetProperties(hDriver=0x112149c8, pDriverProperties={stype=0x7fff6ec2dce0, uuid={id=227}, driverVersion=17013219})
<LEVEL_ZERO>[DEBUG]: zeDriverHandle 0x112149c8 matched between zeDriverGet and zeInitDrivers. Not adding duplicate driver to list
<LEVEL_ZERO>[DEBUG]: 1 L0 Drivers found.
[2026-10-08 19:08:38.807] [thread-id: 134581405965504] [trace] zeDeviceGet(hDriver, pCount, phDevices)
[2026-10-08 19:08:38.807] [thread-id: 134581405965504] [trace] SUCCESS (ZE_RESULT_SUCCESS) in zeDeviceGet(hDriver=0x112149c8, pCount=1, phDevices=nullptr)
[2026-10-08 19:08:38.807] [thread-id: 134581405965504] [trace] zeDeviceGet(hDriver, pCount, phDevices)
[2026-10-08 19:08:38.807] [thread-id: 134581405965504] [trace] SUCCESS (ZE_RESULT_SUCCESS) in zeDeviceGet(hDriver=0x112149c8, pCount=1, phDevices=0x112286b0)
[2026-10-08 19:08:38.807] [thread-id: 134581405965504] [trace] zeDeviceGetProperties(hDevice, pDeviceProperties)
[2026-10-08 19:08:38.807] [thread-id: 134581405965504] [trace] SUCCESS (ZE_RESULT_SUCCESS) in zeDeviceGetProperties(hDevice=0x11214f28, pDeviceProperties={stype=0x7fff6ec2db10, type=0x7fff6ec2db20, vendorId=32902, deviceId=57868, flags=8, subdeviceId=0, coreClockRate=2750, maxMemAllocSize=10132807680, maxHardwareContexts=65536, maxCommandQueuePriority=0, numThreadsPerEU=8, physicalEUSimdWidth=16, numEUsPerSubslice=8, numSubslicesPerSlice=4, numSlices=5, timerResolution=52, timestampValidBits=64, kernelTimestampValidBits=64, uuid={id=134}, name="Intel(R) Arc(TM) B570 Graphics"})
[2026-10-08 19:08:38.807] [thread-id: 134581405965504] [trace] zeDriverGetApiVersion(hDriver, version)
[2026-10-08 19:08:38.807] [thread-id: 134581405965504] [trace] SUCCESS (ZE_RESULT_SUCCESS) in zeDriverGetApiVersion(hDriver=0x112149c8, version=65553)
[2026-10-08 19:08:38.807] [thread-id: 134581405965504] [trace] zeDriverGetExtensionProperties(hDriver, pCount, pExtensionProperties)
[2026-10-08 19:08:38.807] [thread-id: 134581405965504] [trace] SUCCESS (ZE_RESULT_SUCCESS) in zeDriverGetExtensionProperties(hDriver=0x112149c8, pCount=63, pExtensionProperties=nullptr)
[2026-10-08 19:08:38.807] [thread-id: 134581405965504] [trace] zeDriverGetExtensionProperties(hDriver, pCount, pExtensionProperties)
[2026-10-08 19:08:38.807] [thread-id: 134581405965504] [trace] SUCCESS (ZE_RESULT_SUCCESS) in zeDriverGetExtensionProperties(hDriver=0x112149c8, pCount=63, pExtensionProperties={name="ZE_extension_device_cache_line_size", version=65536})
[2026-10-08 19:08:38.807] [thread-id: 134581405965504] [trace] zeDriverGetExtensionFunctionAddress(hDriver, name, ppFunctionAddress)
[2026-10-08 19:08:38.807] [thread-id: 134581405965504] [trace] SUCCESS (ZE_RESULT_SUCCESS) in zeDriverGetExtensionFunctionAddress(hDriver=0x112149c8, name="zeIntelGetDriverVersionString", ppFunctionAddress=0x7a66a90f5c00)
[2026-10-08 19:08:38.807] [thread-id: 134581405965504] [trace] zeDriverGetProperties(hDriver, pDriverProperties)
[2026-10-08 19:08:38.807] [thread-id: 134581405965504] [trace] SUCCESS (ZE_RESULT_SUCCESS) in zeDriverGetProperties(hDriver=0x112149c8, pDriverProperties={stype=0x7fff6ec2d9d0, uuid={id=227}, driverVersion=17013219})
<LEVEL_ZERO>[DEBUG]: Level Zero Driver version: 1.17.39395+14
[2026-10-08 19:08:38.807] [thread-id: 134581405965504] [trace] zeDriverGetExtensionFunctionAddress(hDriver, name, ppFunctionAddress)
[2026-10-08 19:08:38.807] [thread-id: 134581405965504] [trace] SUCCESS (ZE_RESULT_SUCCESS) in zeDriverGetExtensionFunctionAddress(hDriver=0x112149c8, name="zexDriverImportExternalPointer", ppFunctionAddress=0x7a66a90f0a40)
[2026-10-08 19:08:38.807] [thread-id: 134581405965504] [trace] zeDriverGetExtensionFunctionAddress(hDriver, name, ppFunctionAddress)
[2026-10-08 19:08:38.807] [thread-id: 134581405965504] [trace] SUCCESS (ZE_RESULT_SUCCESS) in zeDriverGetExtensionFunctionAddress(hDriver=0x112149c8, name="zexDriverReleaseImportedPointer", ppFunctionAddress=0x7a66a90f8e30)
[2026-10-08 19:08:38.807] [thread-id: 134581405965504] [trace] zeDriverGetExtensionFunctionAddress(hDriver, name, ppFunctionAddress)
[2026-10-08 19:08:38.807] [thread-id: 134581405965504] [trace] SUCCESS (ZE_RESULT_SUCCESS) in zeDriverGetExtensionFunctionAddress(hDriver=0x112149c8, name="zeImageGetDeviceOffsetExp", ppFunctionAddress=0x7a66a90fa190)
[2026-10-08 19:08:38.807] [thread-id: 134581405965504] [trace] zeDriverGetExtensionFunctionAddress(hDriver, name, ppFunctionAddress)
[2026-10-08 19:08:38.807] [thread-id: 134581405965504] [trace] SUCCESS (ZE_RESULT_SUCCESS) in zeDriverGetExtensionFunctionAddress(hDriver=0x112149c8, name="zeMemGetPitchFor2dImage", ppFunctionAddress=0x7a66a90fc550)
[2026-10-08 19:08:38.807] [thread-id: 134581405965504] [trace] zeDriverGetExtensionFunctionAddress(hDriver, name, ppFunctionAddress)
[2026-10-08 19:08:38.807] [thread-id: 134581405965504] [trace] SUCCESS (ZE_RESULT_SUCCESS) in zeDriverGetExtensionFunctionAddress(hDriver=0x112149c8, name="zeGraphGetIdExt", ppFunctionAddress=0x7a66a90eadd0)
[2026-10-08 19:08:38.807] [thread-id: 134581405965504] [trace] zeDriverGetExtensionFunctionAddress(hDriver, name, ppFunctionAddress)
[2026-10-08 19:08:38.807] [thread-id: 134581405965504] [trace] SUCCESS (ZE_RESULT_SUCCESS) in zeDriverGetExtensionFunctionAddress(hDriver=0x112149c8, name="zeCommandListAppendHostFunction", ppFunctionAddress=0x7a66a90ce140)
[2026-10-08 19:08:38.807] [thread-id: 134581405965504] [trace] zesDriverGet(pCount, phDrivers)
[2026-10-08 19:08:38.807] [thread-id: 134581405965504] [trace] SUCCESS (ZE_RESULT_SUCCESS) in zesDriverGet(pCount=1, phDrivers=nullptr)
[2026-10-08 19:08:38.807] [thread-id: 134581405965504] [trace] zesDriverGet(pCount, phDrivers)
[2026-10-08 19:08:38.807] [thread-id: 134581405965504] [trace] SUCCESS (ZE_RESULT_SUCCESS) in zesDriverGet(pCount=1, phDrivers=0x112295b0)
[2026-10-08 19:08:38.807] [thread-id: 134581405965504] [trace] zesDriverGetDeviceByUuidExp(hDriver, uuid, phDevice, onSubdevice, subdeviceId)
[2026-10-08 19:08:38.807] [thread-id: 134581405965504] [trace] SUCCESS (ZE_RESULT_SUCCESS) in zesDriverGetDeviceByUuidExp(hDriver=0x112251c8, uuid={id=134}, phDevice=0x11055058, onSubdevice=0, subdeviceId=0)
<LEVEL_ZERO>[DEBUG]: Initialized 1 platforms
   <--- urAdapterGet(.NumEntries = 0, .phAdapters = nullptr, .pNumAdapters = 0x7fff6ec2e3e8 (1)) -> UR_RESULT_SUCCESS;
   ---> urAdapterGet
   <--- urAdapterGet(.NumEntries = 1, .phAdapters = 0x11228690 {0x1102e700}, .pNumAdapters = nullptr) -> UR_RESULT_SUCCESS;
   ---> urAdapterGetInfo
   <--- urAdapterGetInfo(.hAdapter = 0x1102e700, .propName = UR_ADAPTER_INFO_BACKEND, .propSize = 4, .pPropValue = 0x7fff6ec2e3dc (UR_BACKEND_LEVEL_ZERO), .pPropSizeRet = nullptr) -> UR_RESULT_SUCCESS;
   ---> urAdapterSetLoggerCallback
   <--- urAdapterSetLoggerCallback(.hAdapter = 0x1102e700, .pfnLoggerCallback = 0x7a66afed1420, .pUserData = nullptr, .level = UR_LOGGER_LEVEL_WARN) -> UR_RESULT_SUCCESS;
   ---> urPlatformGet
   <--- urPlatformGet(.hAdapter = 0x1102e700, .NumEntries = 0, .phPlatforms = nullptr, .pNumPlatforms = 0x7fff6ec2e31c (1)) -> UR_RESULT_SUCCESS;
   ---> urPlatformGet
   <--- urPlatformGet(.hAdapter = 0x1102e700, .NumEntries = 1, .phPlatforms = 0x11228690 {0x11228810}, .pNumPlatforms = nullptr) -> UR_RESULT_SUCCESS;
   ---> urPlatformGetInfo
   <--- urPlatformGetInfo(.hPlatform = 0x11228810, .propName = UR_PLATFORM_INFO_BACKEND, .propSize = 4, .pPropValue = 0x7fff6ec2e32c (UR_BACKEND_LEVEL_ZERO), .pPropSizeRet = nullptr) -> UR_RESULT_SUCCESS;
   ---> urDeviceGet
[2026-10-08 19:08:38.808] [thread-id: 134581405965504] [trace] zeDeviceGet(hDriver, pCount, phDevices)
[2026-10-08 19:08:38.808] [thread-id: 134581405965504] [trace] SUCCESS (ZE_RESULT_SUCCESS) in zeDeviceGet(hDriver=0x112149c8, pCount=1, phDevices=nullptr)
[2026-10-08 19:08:38.808] [thread-id: 134581405965504] [trace] zeDeviceGet(hDriver, pCount, phDevices)
[2026-10-08 19:08:38.808] [thread-id: 134581405965504] [trace] SUCCESS (ZE_RESULT_SUCCESS) in zeDeviceGet(hDriver=0x112149c8, pCount=1, phDevices=0x1122a000)
[2026-10-08 19:08:38.808] [thread-id: 134581405965504] [trace] zeDeviceGetProperties(hDevice, pDeviceProperties)
[2026-10-08 19:08:38.808] [thread-id: 134581405965504] [trace] SUCCESS (ZE_RESULT_SUCCESS) in zeDeviceGetProperties(hDevice=0x11214f28, pDeviceProperties={stype=0x1122a0e8, type=0x1122a0f8, vendorId=32902, deviceId=57868, flags=8, subdeviceId=0, coreClockRate=2750, maxMemAllocSize=10132807680, maxHardwareContexts=65536, maxCommandQueuePriority=0, numThreadsPerEU=8, physicalEUSimdWidth=16, numEUsPerSubslice=8, numSubslicesPerSlice=4, numSlices=5, timerResolution=19200000, timestampValidBits=64, kernelTimestampValidBits=64, uuid={id=134}, name="Intel(R) Arc(TM) B570 Graphics"})
[2026-10-08 19:08:38.808] [thread-id: 134581405965504] [trace] zeDeviceGetProperties(hDevice, pDeviceProperties)
[2026-10-08 19:08:38.808] [thread-id: 134581405965504] [trace] SUCCESS (ZE_RESULT_SUCCESS) in zeDeviceGetProperties(hDevice=0x11214f28, pDeviceProperties={stype=0x7fff6ec2d928, type=0x7fff6ec2d938, vendorId=32902, deviceId=57868, flags=8, subdeviceId=0, coreClockRate=2750, maxMemAllocSize=10132807680, maxHardwareContexts=65536, maxCommandQueuePriority=0, numThreadsPerEU=8, physicalEUSimdWidth=16, numEUsPerSubslice=8, numSubslicesPerSlice=4, numSlices=5, timerResolution=52, timestampValidBits=64, kernelTimestampValidBits=64, uuid={id=134}, name="Intel(R) Arc(TM) B570 Graphics"})
[2026-10-08 19:08:38.808] [thread-id: 134581405965504] [trace] zeDeviceGetCommandQueueGroupProperties(hDevice, pCount, pCommandQueueGroupProperties)
[2026-10-08 19:08:38.808] [thread-id: 134581405965504] [trace] SUCCESS (ZE_RESULT_SUCCESS) in zeDeviceGetCommandQueueGroupProperties(hDevice=0x11214f28, pCount=2, pCommandQueueGroupProperties=nullptr)
<LEVEL_ZERO>[INFO]: Number of queue groups = 2
[2026-10-08 19:08:38.808] [thread-id: 134581405965504] [trace] zeDeviceGetCommandQueueGroupProperties(hDevice, pCount, pCommandQueueGroupProperties)
[2026-10-08 19:08:38.808] [thread-id: 134581405965504] [trace] SUCCESS (ZE_RESULT_SUCCESS) in zeDeviceGetCommandQueueGroupProperties(hDevice=0x11214f28, pCount=2, pCommandQueueGroupProperties={stype=0x1102e610, flags=7, maxMemoryFillPatternSize=18446744073709551615, numQueues=1})
<LEVEL_ZERO>[INFO]: main blitter/copy engine is available
<LEVEL_ZERO>[INFO]: link blitter/copy engines are not available
[2026-10-08 19:08:38.808] [thread-id: 134581405965504] [trace] zeDeviceGetSubDevices(hDevice, pCount, phSubdevices)
[2026-10-08 19:08:38.808] [thread-id: 134581405965504] [trace] SUCCESS (ZE_RESULT_SUCCESS) in zeDeviceGetSubDevices(hDevice=0x11214f28, pCount=0, phSubdevices=nullptr)
[2026-10-08 19:08:38.808] [thread-id: 134581405965504] [trace] zeDeviceGetSubDevices(hDevice, pCount, phSubdevices)
[2026-10-08 19:08:38.808] [thread-id: 134581405965504] [trace] SUCCESS (ZE_RESULT_SUCCESS) in zeDeviceGetSubDevices(hDevice=0x11214f28, pCount=0, phSubdevices=0x1122a020)
[2026-10-08 19:08:38.808] [thread-id: 134581405965504] [trace] zeDeviceGetRootDevice(hDevice, phRootDevice)
[2026-10-08 19:08:38.808] [thread-id: 134581405965504] [trace] SUCCESS (ZE_RESULT_SUCCESS) in zeDeviceGetRootDevice(hDevice=0x11214f28, phRootDevice=0x7fff6ec2dd80)
[2026-10-08 19:08:38.808] [thread-id: 134581405965504] [trace] zeDeviceSynchronize(hDevice)
[2026-10-08 19:08:38.808] [thread-id: 134581405965504] [trace] SUCCESS (ZE_RESULT_SUCCESS) in zeDeviceSynchronize(hDevice=0x11214f28)
[2026-10-08 19:08:38.808] [thread-id: 134581405965504] [trace] zeDeviceGetRootDevice(hDevice, phRootDevice)
[2026-10-08 19:08:38.808] [thread-id: 134581405965504] [trace] SUCCESS (ZE_RESULT_SUCCESS) in zeDeviceGetRootDevice(hDevice=0x11214f28, phRootDevice=0x7fff6ec2de70)
   <--- urDeviceGet(.hPlatform = 0x11228810, .DeviceType = UR_DEVICE_TYPE_ALL, .NumEntries = 0, .phDevices = nullptr, .pNumDevices = 0x7fff6ec2e29c (1)) -> UR_RESULT_SUCCESS;
   ---> urDeviceGet
[2026-10-08 19:08:38.808] [thread-id: 134581405965504] [trace] zeDeviceGetRootDevice(hDevice, phRootDevice)
[2026-10-08 19:08:38.808] [thread-id: 134581405965504] [trace] SUCCESS (ZE_RESULT_SUCCESS) in zeDeviceGetRootDevice(hDevice=0x11214f28, phRootDevice=0x7fff6ec2de70)
   <--- urDeviceGet(.hPlatform = 0x11228810, .DeviceType = UR_DEVICE_TYPE_ALL, .NumEntries = 1, .phDevices = 0x1122a000 {0x1122a040}, .pNumDevices = nullptr) -> UR_RESULT_SUCCESS;
   ---> urPlatformGetInfo
   <--- urPlatformGetInfo(.hPlatform = 0x11228810, .propName = UR_PLATFORM_INFO_VERSION, .propSize = 0, .pPropValue = nullptr, .pPropSizeRet = 0x7fff6ec2de70 (5)) -> UR_RESULT_SUCCESS;
   ---> urPlatformGetInfo
   <--- urPlatformGetInfo(.hPlatform = 0x11228810, .propName = UR_PLATFORM_INFO_VERSION, .propSize = 5, .pPropValue = 0x7fff6ec2dfd8 (1.17), .pPropSizeRet = nullptr) -> UR_RESULT_SUCCESS;
   ---> urPlatformGetInfo
   <--- urPlatformGetInfo(.hPlatform = 0x11228810, .propName = UR_PLATFORM_INFO_NAME, .propSize = 0, .pPropValue = nullptr, .pPropSizeRet = 0x7fff6ec2de70 (51)) -> UR_RESULT_SUCCESS;
   ---> urPlatformGetInfo
   <--- urPlatformGetInfo(.hPlatform = 0x11228810, .propName = UR_PLATFORM_INFO_NAME, .propSize = 51, .pPropValue = 0x1122a710 (Intel(R) oneAPI Unified Runtime over Level-Zero V2), .pPropSizeRet = nullptr) -> UR_RESULT_SUCCESS;
   ---> urDeviceGetInfo
   <--- urDeviceGetInfo(.hDevice = 0x1122a040, .propName = UR_DEVICE_INFO_PARENT_DEVICE, .propSize = 8, .pPropValue = 0x7fff6ec2de30 (nullptr), .pPropSizeRet = nullptr) -> UR_RESULT_SUCCESS;
   ---> urDeviceGetInfo
   <--- urDeviceGetInfo(.hDevice = 0x1122a040, .propName = UR_DEVICE_INFO_TYPE, .propSize = 4, .pPropValue = 0x7fff6ec2ddd0 (UR_DEVICE_TYPE_GPU), .pPropSizeRet = nullptr) -> UR_RESULT_SUCCESS;
   ---> urDeviceGetInfo
   <--- urDeviceGetInfo(.hDevice = 0x1122a040, .propName = UR_DEVICE_INFO_USE_NATIVE_ASSERT, .propSize = 1, .pPropValue = 0x7fff6ec2ddd0 (true), .pPropSizeRet = nullptr) -> UR_RESULT_SUCCESS;
   ---> urDeviceGetInfo
[2026-10-08 19:08:38.808] [thread-id: 134581405965504] [trace] zeDeviceGetModuleProperties(hDevice, pModuleProperties)
[2026-10-08 19:08:38.808] [thread-id: 134581405965504] [trace] SUCCESS (ZE_RESULT_SUCCESS) in zeDeviceGetModuleProperties(hDevice=0x11214f28, pModuleProperties={stype=0x1122a360, spirvVersionSupported=65541, flags=15, fp16flags=63, fp32flags=127, fp64flags=127, maxArgumentsSize=2048, printfBufferSize=4194304, nativeKernelSupported={id=0}})
[2026-10-08 19:08:38.808] [thread-id: 134581405965504] [trace] zeDeviceGetImageProperties(hDevice, pImageProperties)
[2026-10-08 19:08:38.808] [thread-id: 134581405965504] [trace] SUCCESS (ZE_RESULT_SUCCESS) in zeDeviceGetImageProperties(hDevice=0x11214f28, pImageProperties={stype=0x1122a300, maxImageDims1D=16384, maxImageDims2D=16384, maxImageDims3D=2048, maxImageBufferSize=633300480, maxImageArraySlices=2048, maxSamplers=16, maxReadImageArgs=128, maxWriteImageArgs=128})
   <--- urDeviceGetInfo(.hDevice = 0x1122a040, .propName = UR_DEVICE_INFO_EXTENSIONS, .propSize = 0, .pPropValue = nullptr, .pPropSizeRet = 0x7fff6ec2dd58 (245)) -> UR_RESULT_SUCCESS;
   ---> urDeviceGetInfo
   <--- urDeviceGetInfo(.hDevice = 0x1122a040, .propName = UR_DEVICE_INFO_EXTENSIONS, .propSize = 245, .pPropValue = 0x110e4740 (cl_khr_il_program cl_khr_subgroups cl_intel_subgroups cl_intel_subgroups_short cl_intel_required_subgroup_size cl_khr_fp16 cl_khr_fp64 cl_khr_int64_base_atomics cl_khr_int64_extended_atomics cl_khr_3d_image_writes cl_intel_bfloat16_conversions ), .pPropSizeRet = nullptr) -> UR_RESULT_SUCCESS;
   ---> urDeviceRetain
   <--- urDeviceRetain(.hDevice = 0x1122a040) -> UR_RESULT_SUCCESS;
   ---> urDeviceGetInfo
   <--- urDeviceGetInfo(.hDevice = 0x1122a040, .propName = UR_DEVICE_INFO_TYPE, .propSize = 4, .pPropValue = 0x7fff6ec2df4c (UR_DEVICE_TYPE_GPU), .pPropSizeRet = nullptr) -> UR_RESULT_SUCCESS;
   ---> urDeviceGetInfo
   <--- urDeviceGetInfo(.hDevice = 0x1122a040, .propName = UR_DEVICE_INFO_VENDOR_ID, .propSize = 4, .pPropValue = 0x7fff6ec2dfc8 (32902), .pPropSizeRet = nullptr) -> UR_RESULT_SUCCESS;
   ---> urDeviceGetInfo
   <--- urDeviceGetInfo(.hDevice = 0x1122a040, .propName = UR_DEVICE_INFO_DRIVER_VERSION, .propSize = 0, .pPropValue = nullptr, .pPropSizeRet = 0x7fff6ec2de70 (14)) -> UR_RESULT_SUCCESS;
   ---> urDeviceGetInfo
   <--- urDeviceGetInfo(.hDevice = 0x1122a040, .propName = UR_DEVICE_INFO_DRIVER_VERSION, .propSize = 14, .pPropValue = 0x7fff6ec2df98 (1.17.39395+14), .pPropSizeRet = nullptr) -> UR_RESULT_SUCCESS;
   ---> urDeviceGetInfo
   <--- urDeviceGetInfo(.hDevice = 0x1122a040, .propName = UR_DEVICE_INFO_NAME, .propSize = 0, .pPropValue = nullptr, .pPropSizeRet = 0x7fff6ec2ddb0 (31)) -> UR_RESULT_SUCCESS;
   ---> urDeviceGetInfo
   <--- urDeviceGetInfo(.hDevice = 0x1122a040, .propName = UR_DEVICE_INFO_NAME, .propSize = 31, .pPropValue = 0x11229fd0 (Intel(R) Arc(TM) B570 Graphics), .pPropSizeRet = nullptr) -> UR_RESULT_SUCCESS;
   ---> urPlatformGetInfo
   <--- urPlatformGetInfo(.hPlatform = 0x11228810, .propName = UR_PLATFORM_INFO_BACKEND, .propSize = 4, .pPropValue = 0x7fff6ec2e18c (UR_BACKEND_LEVEL_ZERO), .pPropSizeRet = nullptr) -> UR_RESULT_SUCCESS;
   ---> urDeviceGetInfo
   <--- urDeviceGetInfo(.hDevice = 0x1122a040, .propName = UR_DEVICE_INFO_TYPE, .propSize = 4, .pPropValue = 0x7fff6ec2e184 (UR_DEVICE_TYPE_GPU), .pPropSizeRet = nullptr) -> UR_RESULT_SUCCESS;
   ---> urDeviceRelease
   <--- urDeviceRelease(.hDevice = 0x1122a040) -> UR_RESULT_SUCCESS;
   ---> urDeviceGetInfo
   <--- urDeviceGetInfo(.hDevice = 0x1122a040, .propName = UR_DEVICE_INFO_SUPPORTED_PARTITIONS, .propSize = 0, .pPropValue = nullptr, .pPropSizeRet = 0x7fff6ec2e178 (0)) -> UR_RESULT_SUCCESS;
   ---> urDeviceGet
[2026-10-08 19:08:38.808] [thread-id: 134581405965504] [trace] zeDeviceGetRootDevice(hDevice, phRootDevice)
[2026-10-08 19:08:38.808] [thread-id: 134581405965504] [trace] SUCCESS (ZE_RESULT_SUCCESS) in zeDeviceGetRootDevice(hDevice=0x11214f28, phRootDevice=0x7fff6ec2df80)
   <--- urDeviceGet(.hPlatform = 0x11228810, .DeviceType = UR_DEVICE_TYPE_ALL, .NumEntries = 0, .phDevices = nullptr, .pNumDevices = 0x7fff6ec2e3ac (1)) -> UR_RESULT_SUCCESS;
   ---> urDeviceGet
[2026-10-08 19:08:38.808] [thread-id: 134581405965504] [trace] zeDeviceGetRootDevice(hDevice, phRootDevice)
[2026-10-08 19:08:38.808] [thread-id: 134581405965504] [trace] SUCCESS (ZE_RESULT_SUCCESS) in zeDeviceGetRootDevice(hDevice=0x11214f28, phRootDevice=0x7fff6ec2df80)
   <--- urDeviceGet(.hPlatform = 0x11228810, .DeviceType = UR_DEVICE_TYPE_ALL, .NumEntries = 1, .phDevices = 0x112286b0 {0x1122a040}, .pNumDevices = nullptr) -> UR_RESULT_SUCCESS;
   ---> urPlatformGetInfo
   <--- urPlatformGetInfo(.hPlatform = 0x11228810, .propName = UR_PLATFORM_INFO_VERSION, .propSize = 0, .pPropValue = nullptr, .pPropSizeRet = 0x7fff6ec2df80 (5)) -> UR_RESULT_SUCCESS;
   ---> urPlatformGetInfo
   <--- urPlatformGetInfo(.hPlatform = 0x11228810, .propName = UR_PLATFORM_INFO_VERSION, .propSize = 5, .pPropValue = 0x7fff6ec2e0e8 (1.17), .pPropSizeRet = nullptr) -> UR_RESULT_SUCCESS;
   ---> urPlatformGetInfo
   <--- urPlatformGetInfo(.hPlatform = 0x11228810, .propName = UR_PLATFORM_INFO_NAME, .propSize = 0, .pPropValue = nullptr, .pPropSizeRet = 0x7fff6ec2df80 (51)) -> UR_RESULT_SUCCESS;
   ---> urPlatformGetInfo
   <--- urPlatformGetInfo(.hPlatform = 0x11228810, .propName = UR_PLATFORM_INFO_NAME, .propSize = 51, .pPropValue = 0x1122ac30 (Intel(R) oneAPI Unified Runtime over Level-Zero V2), .pPropSizeRet = nullptr) -> UR_RESULT_SUCCESS;
   ---> urDeviceGetInfo
   <--- urDeviceGetInfo(.hDevice = 0x1122a040, .propName = UR_DEVICE_INFO_TYPE, .propSize = 4, .pPropValue = 0x7fff6ec2e05c (UR_DEVICE_TYPE_GPU), .pPropSizeRet = nullptr) -> UR_RESULT_SUCCESS;
   ---> urDeviceGetInfo
   <--- urDeviceGetInfo(.hDevice = 0x1122a040, .propName = UR_DEVICE_INFO_VENDOR_ID, .propSize = 4, .pPropValue = 0x7fff6ec2e0d8 (32902), .pPropSizeRet = nullptr) -> UR_RESULT_SUCCESS;
   ---> urDeviceGetInfo
   <--- urDeviceGetInfo(.hDevice = 0x1122a040, .propName = UR_DEVICE_INFO_DRIVER_VERSION, .propSize = 0, .pPropValue = nullptr, .pPropSizeRet = 0x7fff6ec2df80 (14)) -> UR_RESULT_SUCCESS;
   ---> urDeviceGetInfo
   <--- urDeviceGetInfo(.hDevice = 0x1122a040, .propName = UR_DEVICE_INFO_DRIVER_VERSION, .propSize = 14, .pPropValue = 0x7fff6ec2e0a8 (1.17.39395+14), .pPropSizeRet = nullptr) -> UR_RESULT_SUCCESS;
   ---> urPlatformGetInfo
   <--- urPlatformGetInfo(.hPlatform = 0x11228810, .propName = UR_PLATFORM_INFO_BACKEND, .propSize = 4, .pPropValue = 0x7fff6ec2e29c (UR_BACKEND_LEVEL_ZERO), .pPropSizeRet = nullptr) -> UR_RESULT_SUCCESS;
   ---> urDeviceGetInfo
   <--- urDeviceGetInfo(.hDevice = 0x1122a040, .propName = UR_DEVICE_INFO_TYPE, .propSize = 4, .pPropValue = 0x7fff6ec2e294 (UR_DEVICE_TYPE_GPU), .pPropSizeRet = nullptr) -> UR_RESULT_SUCCESS;
   ---> urDeviceRelease
   <--- urDeviceRelease(.hDevice = 0x1122a040) -> UR_RESULT_SUCCESS;
   ---> urDeviceGetInfo
   <--- urDeviceGetInfo(.hDevice = 0x1122a040, .propName = UR_DEVICE_INFO_SUPPORTED_PARTITIONS, .propSize = 0, .pPropValue = nullptr, .pPropSizeRet = 0x7fff6ec2e288 (0)) -> UR_RESULT_SUCCESS;
   ---> urDeviceSelectBinary
   <--- urDeviceSelectBinary(.hDevice = 0x1122a040, .pBinaries = 0x7fff6ec2e2d0 ((struct ur_device_binary_t){.stype = UR_STRUCTURE_TYPE_CONTEXT_PROPERTIES, .pNext = nullptr, .pDeviceTargetSpec = 0x7a66afc523c0 (spir64)}), .NumBinaries = 1, .pSelectedBinary = 0x7fff6ec2e2f4 (0)) -> UR_RESULT_SUCCESS;
   ---> urDeviceGet
[2026-10-08 19:08:38.809] [thread-id: 134581405965504] [trace] zeDeviceGetRootDevice(hDevice, phRootDevice)
[2026-10-08 19:08:38.809] [thread-id: 134581405965504] [trace] SUCCESS (ZE_RESULT_SUCCESS) in zeDeviceGetRootDevice(hDevice=0x11214f28, phRootDevice=0x7fff6ec2df10)
   <--- urDeviceGet(.hPlatform = 0x11228810, .DeviceType = UR_DEVICE_TYPE_ALL, .NumEntries = 0, .phDevices = nullptr, .pNumDevices = 0x7fff6ec2e33c (1)) -> UR_RESULT_SUCCESS;
   ---> urDeviceGet
[2026-10-08 19:08:38.809] [thread-id: 134581405965504] [trace] zeDeviceGetRootDevice(hDevice, phRootDevice)
[2026-10-08 19:08:38.809] [thread-id: 134581405965504] [trace] SUCCESS (ZE_RESULT_SUCCESS) in zeDeviceGetRootDevice(hDevice=0x11214f28, phRootDevice=0x7fff6ec2df10)
   <--- urDeviceGet(.hPlatform = 0x11228810, .DeviceType = UR_DEVICE_TYPE_ALL, .NumEntries = 1, .phDevices = 0x1122ad00 {0x1122a040}, .pNumDevices = nullptr) -> UR_RESULT_SUCCESS;
   ---> urPlatformGetInfo
   <--- urPlatformGetInfo(.hPlatform = 0x11228810, .propName = UR_PLATFORM_INFO_VERSION, .propSize = 0, .pPropValue = nullptr, .pPropSizeRet = 0x7fff6ec2df10 (5)) -> UR_RESULT_SUCCESS;
   ---> urPlatformGetInfo
   <--- urPlatformGetInfo(.hPlatform = 0x11228810, .propName = UR_PLATFORM_INFO_VERSION, .propSize = 5, .pPropValue = 0x7fff6ec2e078 (1.17), .pPropSizeRet = nullptr) -> UR_RESULT_SUCCESS;
   ---> urPlatformGetInfo
   <--- urPlatformGetInfo(.hPlatform = 0x11228810, .propName = UR_PLATFORM_INFO_NAME, .propSize = 0, .pPropValue = nullptr, .pPropSizeRet = 0x7fff6ec2df10 (51)) -> UR_RESULT_SUCCESS;
   ---> urPlatformGetInfo
   <--- urPlatformGetInfo(.hPlatform = 0x11228810, .propName = UR_PLATFORM_INFO_NAME, .propSize = 51, .pPropValue = 0x1122a710 (Intel(R) oneAPI Unified Runtime over Level-Zero V2), .pPropSizeRet = nullptr) -> UR_RESULT_SUCCESS;
   ---> urDeviceGetInfo
   <--- urDeviceGetInfo(.hDevice = 0x1122a040, .propName = UR_DEVICE_INFO_TYPE, .propSize = 4, .pPropValue = 0x7fff6ec2dfec (UR_DEVICE_TYPE_GPU), .pPropSizeRet = nullptr) -> UR_RESULT_SUCCESS;
   ---> urDeviceGetInfo
   <--- urDeviceGetInfo(.hDevice = 0x1122a040, .propName = UR_DEVICE_INFO_VENDOR_ID, .propSize = 4, .pPropValue = 0x7fff6ec2e068 (32902), .pPropSizeRet = nullptr) -> UR_RESULT_SUCCESS;
   ---> urDeviceGetInfo
   <--- urDeviceGetInfo(.hDevice = 0x1122a040, .propName = UR_DEVICE_INFO_DRIVER_VERSION, .propSize = 0, .pPropValue = nullptr, .pPropSizeRet = 0x7fff6ec2df10 (14)) -> UR_RESULT_SUCCESS;
   ---> urDeviceGetInfo
   <--- urDeviceGetInfo(.hDevice = 0x1122a040, .propName = UR_DEVICE_INFO_DRIVER_VERSION, .propSize = 14, .pPropValue = 0x7fff6ec2e038 (1.17.39395+14), .pPropSizeRet = nullptr) -> UR_RESULT_SUCCESS;
   ---> urPlatformGetInfo
   <--- urPlatformGetInfo(.hPlatform = 0x11228810, .propName = UR_PLATFORM_INFO_BACKEND, .propSize = 4, .pPropValue = 0x7fff6ec2e22c (UR_BACKEND_LEVEL_ZERO), .pPropSizeRet = nullptr) -> UR_RESULT_SUCCESS;
   ---> urDeviceGetInfo
   <--- urDeviceGetInfo(.hDevice = 0x1122a040, .propName = UR_DEVICE_INFO_TYPE, .propSize = 4, .pPropValue = 0x7fff6ec2e224 (UR_DEVICE_TYPE_GPU), .pPropSizeRet = nullptr) -> UR_RESULT_SUCCESS;
   ---> urDeviceRelease
   <--- urDeviceRelease(.hDevice = 0x1122a040) -> UR_RESULT_SUCCESS;
   ---> urDeviceGetInfo
   <--- urDeviceGetInfo(.hDevice = 0x1122a040, .propName = UR_DEVICE_INFO_SUPPORTED_PARTITIONS, .propSize = 0, .pPropValue = nullptr, .pPropSizeRet = 0x7fff6ec2e218 (0)) -> UR_RESULT_SUCCESS;
   ---> urDeviceGet
[2026-10-08 19:08:38.809] [thread-id: 134581405965504] [trace] zeDeviceGetRootDevice(hDevice, phRootDevice)
[2026-10-08 19:08:38.809] [thread-id: 134581405965504] [trace] SUCCESS (ZE_RESULT_SUCCESS) in zeDeviceGetRootDevice(hDevice=0x11214f28, phRootDevice=0x7fff6ec2e020)
   <--- urDeviceGet(.hPlatform = 0x11228810, .DeviceType = UR_DEVICE_TYPE_GPU, .NumEntries = 0, .phDevices = nullptr, .pNumDevices = 0x7fff6ec2e44c (1)) -> UR_RESULT_SUCCESS;
   ---> urDeviceGet
[2026-10-08 19:08:38.809] [thread-id: 134581405965504] [trace] zeDeviceGetRootDevice(hDevice, phRootDevice)
[2026-10-08 19:08:38.809] [thread-id: 134581405965504] [trace] SUCCESS (ZE_RESULT_SUCCESS) in zeDeviceGetRootDevice(hDevice=0x11214f28, phRootDevice=0x7fff6ec2e020)
   <--- urDeviceGet(.hPlatform = 0x11228810, .DeviceType = UR_DEVICE_TYPE_GPU, .NumEntries = 1, .phDevices = 0x1122ad20 {0x1122a040}, .pNumDevices = nullptr) -> UR_RESULT_SUCCESS;
   ---> urPlatformGetInfo
   <--- urPlatformGetInfo(.hPlatform = 0x11228810, .propName = UR_PLATFORM_INFO_VERSION, .propSize = 0, .pPropValue = nullptr, .pPropSizeRet = 0x7fff6ec2e020 (5)) -> UR_RESULT_SUCCESS;
   ---> urPlatformGetInfo
   <--- urPlatformGetInfo(.hPlatform = 0x11228810, .propName = UR_PLATFORM_INFO_VERSION, .propSize = 5, .pPropValue = 0x7fff6ec2e188 (1.17), .pPropSizeRet = nullptr) -> UR_RESULT_SUCCESS;
   ---> urPlatformGetInfo
   <--- urPlatformGetInfo(.hPlatform = 0x11228810, .propName = UR_PLATFORM_INFO_NAME, .propSize = 0, .pPropValue = nullptr, .pPropSizeRet = 0x7fff6ec2e020 (51)) -> UR_RESULT_SUCCESS;
   ---> urPlatformGetInfo
   <--- urPlatformGetInfo(.hPlatform = 0x11228810, .propName = UR_PLATFORM_INFO_NAME, .propSize = 51, .pPropValue = 0x1122ac30 (Intel(R) oneAPI Unified Runtime over Level-Zero V2), .pPropSizeRet = nullptr) -> UR_RESULT_SUCCESS;
   ---> urDeviceGetInfo
   <--- urDeviceGetInfo(.hDevice = 0x1122a040, .propName = UR_DEVICE_INFO_TYPE, .propSize = 4, .pPropValue = 0x7fff6ec2e0fc (UR_DEVICE_TYPE_GPU), .pPropSizeRet = nullptr) -> UR_RESULT_SUCCESS;
   ---> urDeviceGetInfo
   <--- urDeviceGetInfo(.hDevice = 0x1122a040, .propName = UR_DEVICE_INFO_VENDOR_ID, .propSize = 4, .pPropValue = 0x7fff6ec2e178 (32902), .pPropSizeRet = nullptr) -> UR_RESULT_SUCCESS;
   ---> urDeviceGetInfo
   <--- urDeviceGetInfo(.hDevice = 0x1122a040, .propName = UR_DEVICE_INFO_DRIVER_VERSION, .propSize = 0, .pPropValue = nullptr, .pPropSizeRet = 0x7fff6ec2e020 (14)) -> UR_RESULT_SUCCESS;
   ---> urDeviceGetInfo
   <--- urDeviceGetInfo(.hDevice = 0x1122a040, .propName = UR_DEVICE_INFO_DRIVER_VERSION, .propSize = 14, .pPropValue = 0x7fff6ec2e148 (1.17.39395+14), .pPropSizeRet = nullptr) -> UR_RESULT_SUCCESS;
   ---> urPlatformGetInfo
   <--- urPlatformGetInfo(.hPlatform = 0x11228810, .propName = UR_PLATFORM_INFO_BACKEND, .propSize = 4, .pPropValue = 0x7fff6ec2e33c (UR_BACKEND_LEVEL_ZERO), .pPropSizeRet = nullptr) -> UR_RESULT_SUCCESS;
   ---> urDeviceGetInfo
   <--- urDeviceGetInfo(.hDevice = 0x1122a040, .propName = UR_DEVICE_INFO_TYPE, .propSize = 4, .pPropValue = 0x7fff6ec2e334 (UR_DEVICE_TYPE_GPU), .pPropSizeRet = nullptr) -> UR_RESULT_SUCCESS;
   ---> urDeviceRelease
   <--- urDeviceRelease(.hDevice = 0x1122a040) -> UR_RESULT_SUCCESS;
   ---> urDeviceGetInfo
   <--- urDeviceGetInfo(.hDevice = 0x1122a040, .propName = UR_DEVICE_INFO_SUPPORTED_PARTITIONS, .propSize = 0, .pPropValue = nullptr, .pPropSizeRet = 0x7fff6ec2e328 (0)) -> UR_RESULT_SUCCESS;
   ---> urDeviceGetInfo
[2026-10-08 19:08:38.809] [thread-id: 134581405965504] [trace] zeDevicePciGetPropertiesExt(hDevice, pPciProperties)
[2026-10-08 19:08:38.810] [thread-id: 134581405965504] [trace] SUCCESS (ZE_RESULT_SUCCESS) in zeDevicePciGetPropertiesExt(hDevice=0x11214f28, pPciProperties={stype=0x7fff6ec2dff0, address={domain=0, bus=5, device=0, function=0}, maxSpeed={genVersion=4, width=8, maxBandwidth=15753846153}})
   <--- urDeviceGetInfo(.hDevice = 0x1122a040, .propName = UR_DEVICE_INFO_PCI_ADDRESS, .propSize = 0, .pPropValue = nullptr, .pPropSizeRet = 0x7fff6ec2e468 (13)) -> UR_RESULT_SUCCESS;
   ---> urDeviceGetInfo
[2026-10-08 19:08:38.810] [thread-id: 134581405965504] [trace] zeDevicePciGetPropertiesExt(hDevice, pPciProperties)
[2026-10-08 19:08:38.810] [thread-id: 134581405965504] [trace] SUCCESS (ZE_RESULT_SUCCESS) in zeDevicePciGetPropertiesExt(hDevice=0x11214f28, pPciProperties={stype=0x7fff6ec2e100, address={domain=0, bus=5, device=0, function=0}, maxSpeed={genVersion=4, width=8, maxBandwidth=15753846153}})
   <--- urDeviceGetInfo(.hDevice = 0x1122a040, .propName = UR_DEVICE_INFO_PCI_ADDRESS, .propSize = 0, .pPropValue = nullptr, .pPropSizeRet = 0x7fff6ec2e570 (13)) -> UR_RESULT_SUCCESS;
   ---> urDeviceGetInfo
[2026-10-08 19:08:38.810] [thread-id: 134581405965504] [trace] zeDevicePciGetPropertiesExt(hDevice, pPciProperties)
[2026-10-08 19:08:38.810] [thread-id: 134581405965504] [trace] SUCCESS (ZE_RESULT_SUCCESS) in zeDevicePciGetPropertiesExt(hDevice=0x11214f28, pPciProperties={stype=0x7fff6ec2e100, address={domain=0, bus=5, device=0, function=0}, maxSpeed={genVersion=4, width=8, maxBandwidth=15753846153}})
   <--- urDeviceGetInfo(.hDevice = 0x1122a040, .propName = UR_DEVICE_INFO_PCI_ADDRESS, .propSize = 13, .pPropValue = 0x7fff6ec2e5c0 (0000:05:00.0), .pPropSizeRet = nullptr) -> UR_RESULT_SUCCESS;
   ---> urDeviceGet
[2026-10-08 19:08:38.810] [thread-id: 134581405965504] [trace] zeDeviceGetRootDevice(hDevice, phRootDevice)
[2026-10-08 19:08:38.810] [thread-id: 134581405965504] [trace] SUCCESS (ZE_RESULT_SUCCESS) in zeDeviceGetRootDevice(hDevice=0x11214f28, phRootDevice=0x7fff6ec2df20)
   <--- urDeviceGet(.hPlatform = 0x11228810, .DeviceType = UR_DEVICE_TYPE_ALL, .NumEntries = 0, .phDevices = nullptr, .pNumDevices = 0x7fff6ec2e34c (1)) -> UR_RESULT_SUCCESS;
   ---> urDeviceGet
[2026-10-08 19:08:38.810] [thread-id: 134581405965504] [trace] zeDeviceGetRootDevice(hDevice, phRootDevice)
[2026-10-08 19:08:38.810] [thread-id: 134581405965504] [trace] SUCCESS (ZE_RESULT_SUCCESS) in zeDeviceGetRootDevice(hDevice=0x11214f28, phRootDevice=0x7fff6ec2df20)
   <--- urDeviceGet(.hPlatform = 0x11228810, .DeviceType = UR_DEVICE_TYPE_ALL, .NumEntries = 1, .phDevices = 0x1122ad40 {0x1122a040}, .pNumDevices = nullptr) -> UR_RESULT_SUCCESS;
   ---> urPlatformGetInfo
   <--- urPlatformGetInfo(.hPlatform = 0x11228810, .propName = UR_PLATFORM_INFO_VERSION, .propSize = 0, .pPropValue = nullptr, .pPropSizeRet = 0x7fff6ec2df20 (5)) -> UR_RESULT_SUCCESS;
   ---> urPlatformGetInfo
   <--- urPlatformGetInfo(.hPlatform = 0x11228810, .propName = UR_PLATFORM_INFO_VERSION, .propSize = 5, .pPropValue = 0x7fff6ec2e088 (1.17), .pPropSizeRet = nullptr) -> UR_RESULT_SUCCESS;
   ---> urPlatformGetInfo
   <--- urPlatformGetInfo(.hPlatform = 0x11228810, .propName = UR_PLATFORM_INFO_NAME, .propSize = 0, .pPropValue = nullptr, .pPropSizeRet = 0x7fff6ec2df20 (51)) -> UR_RESULT_SUCCESS;
   ---> urPlatformGetInfo
   <--- urPlatformGetInfo(.hPlatform = 0x11228810, .propName = UR_PLATFORM_INFO_NAME, .propSize = 51, .pPropValue = 0x1122ac30 (Intel(R) oneAPI Unified Runtime over Level-Zero V2), .pPropSizeRet = nullptr) -> UR_RESULT_SUCCESS;
   ---> urDeviceGetInfo
   <--- urDeviceGetInfo(.hDevice = 0x1122a040, .propName = UR_DEVICE_INFO_TYPE, .propSize = 4, .pPropValue = 0x7fff6ec2dffc (UR_DEVICE_TYPE_GPU), .pPropSizeRet = nullptr) -> UR_RESULT_SUCCESS;
   ---> urDeviceGetInfo
   <--- urDeviceGetInfo(.hDevice = 0x1122a040, .propName = UR_DEVICE_INFO_VENDOR_ID, .propSize = 4, .pPropValue = 0x7fff6ec2e078 (32902), .pPropSizeRet = nullptr) -> UR_RESULT_SUCCESS;
   ---> urDeviceGetInfo
   <--- urDeviceGetInfo(.hDevice = 0x1122a040, .propName = UR_DEVICE_INFO_DRIVER_VERSION, .propSize = 0, .pPropValue = nullptr, .pPropSizeRet = 0x7fff6ec2df20 (14)) -> UR_RESULT_SUCCESS;
   ---> urDeviceGetInfo
   <--- urDeviceGetInfo(.hDevice = 0x1122a040, .propName = UR_DEVICE_INFO_DRIVER_VERSION, .propSize = 14, .pPropValue = 0x7fff6ec2e048 (1.17.39395+14), .pPropSizeRet = nullptr) -> UR_RESULT_SUCCESS;
   ---> urPlatformGetInfo
   <--- urPlatformGetInfo(.hPlatform = 0x11228810, .propName = UR_PLATFORM_INFO_BACKEND, .propSize = 4, .pPropValue = 0x7fff6ec2e23c (UR_BACKEND_LEVEL_ZERO), .pPropSizeRet = nullptr) -> UR_RESULT_SUCCESS;
   ---> urDeviceGetInfo
   <--- urDeviceGetInfo(.hDevice = 0x1122a040, .propName = UR_DEVICE_INFO_TYPE, .propSize = 4, .pPropValue = 0x7fff6ec2e234 (UR_DEVICE_TYPE_GPU), .pPropSizeRet = nullptr) -> UR_RESULT_SUCCESS;
   ---> urDeviceRelease
   <--- urDeviceRelease(.hDevice = 0x1122a040) -> UR_RESULT_SUCCESS;
   ---> urDeviceGetInfo
   <--- urDeviceGetInfo(.hDevice = 0x1122a040, .propName = UR_DEVICE_INFO_SUPPORTED_PARTITIONS, .propSize = 0, .pPropValue = nullptr, .pPropSizeRet = 0x7fff6ec2e228 (0)) -> UR_RESULT_SUCCESS;
   ---> urDeviceGetInfo
[2026-10-08 19:08:38.810] [thread-id: 134581405965504] [trace] zeDeviceGetSubDevices(hDevice, pCount, phSubdevices)
[2026-10-08 19:08:38.810] [thread-id: 134581405965504] [trace] SUCCESS (ZE_RESULT_SUCCESS) in zeDeviceGetSubDevices(hDevice=0x11214f28, pCount=0, phSubdevices=nullptr)
   <--- urDeviceGetInfo(.hDevice = 0x1122a040, .propName = UR_DEVICE_INFO_COMPONENT_DEVICES, .propSize = 0, .pPropValue = nullptr, .pPropSizeRet = 0x7fff6ec2e040 (0)) -> UR_RESULT_SUCCESS;
   ---> urContextCreate
[2026-10-08 19:08:38.810] [thread-id: 134581405965504] [trace] zeContextCreate(hDriver, desc, phContext)
[2026-10-08 19:08:38.810] [thread-id: 134581405965504] [trace] SUCCESS (ZE_RESULT_SUCCESS) in zeContextCreate(hDriver=0x112149c8, desc={stype=0x7fff6ec2df70, flags=0}, phContext=0x1122b738)
[2026-10-08 19:08:38.810] [thread-id: 134581405965504] [trace] zeMemAllocHost(hContext, host_desc, size, alignment, pptr)
[2026-10-08 19:08:38.811] [thread-id: 134581405965504] [trace] SUCCESS (ZE_RESULT_SUCCESS) in zeMemAllocHost(hContext=0x1122b738, host_desc={stype=0x7fff6ec2d9f0, flags=0}, size=1, alignment=0, pptr=0x7a669a7ffe00)
[2026-10-08 19:08:38.811] [thread-id: 134581405965504] [trace] zeMemGetAllocProperties(hContext, ptr, pMemAllocProperties, phDevice)
[2026-10-08 19:08:38.811] [thread-id: 134581405965504] [trace] SUCCESS (ZE_RESULT_SUCCESS) in zeMemGetAllocProperties(hContext=0x1122b738, ptr=0x7a669a7ffe00, pMemAllocProperties={stype=0x7fff6ec2d9f0, type=0x7fff6ec2da00, id=1, pageSize=2097152}, phDevice=nullptr)
[2026-10-08 19:08:38.811] [thread-id: 134581405965504] [trace] zeMemFreeExt(hContext, pMemFreeDesc, ptr)
[2026-10-08 19:08:38.811] [thread-id: 134581405965504] [trace] SUCCESS (ZE_RESULT_SUCCESS) in zeMemFreeExt(hContext=0x1122b738, pMemFreeDesc={stype=0x7fff6ec2d9d0, freePolicy=1}, ptr=0x7a669a7ffe00)
[2026-10-08 19:08:38.811] [thread-id: 134581405965504] [trace] zeDeviceGetProperties(hDevice, pDeviceProperties)
[2026-10-08 19:08:38.811] [thread-id: 134581405965504] [trace] SUCCESS (ZE_RESULT_SUCCESS) in zeDeviceGetProperties(hDevice=0x11214f28, pDeviceProperties={stype=0x7a669ab87068, type=0x7a669ab87078, vendorId=32902, deviceId=57868, flags=8, subdeviceId=0, coreClockRate=2750, maxMemAllocSize=10132807680, maxHardwareContexts=65536, maxCommandQueuePriority=0, numThreadsPerEU=8, physicalEUSimdWidth=16, numEUsPerSubslice=8, numSubslicesPerSlice=4, numSlices=5, timerResolution=52, timestampValidBits=64, kernelTimestampValidBits=64, uuid={id=134}, name="Intel(R) Arc(TM) B570 Graphics"})
[2026-10-08 19:08:38.811] [thread-id: 134581405965504] [trace] zeMemAllocDevice(hContext, device_desc, size, alignment, hDevice, pptr)
[2026-10-08 19:08:38.811] [thread-id: 134581405965504] [trace] SUCCESS (ZE_RESULT_SUCCESS) in zeMemAllocDevice(hContext=0x1122b738, device_desc={stype=0x7fff6ec2d9b0, flags=0, ordinal=0}, size=1, alignment=0, hDevice=0x11214f28, pptr=0xffffffffff9ffe00)
[2026-10-08 19:08:38.811] [thread-id: 134581405965504] [trace] zeContextMakeMemoryResident(hContext, hDevice, ptr, size)
[2026-10-08 19:08:38.811] [thread-id: 134581405965504] [trace] SUCCESS (ZE_RESULT_SUCCESS) in zeContextMakeMemoryResident(hContext=0x1122b738, hDevice=0x11214f28, ptr=0xffffffffff9ffe00, size=1)
[2026-10-08 19:08:38.811] [thread-id: 134581405965504] [trace] zeMemGetAllocProperties(hContext, ptr, pMemAllocProperties, phDevice)
[2026-10-08 19:08:38.811] [thread-id: 134581405965504] [trace] SUCCESS (ZE_RESULT_SUCCESS) in zeMemGetAllocProperties(hContext=0x1122b738, ptr=0xffffffffff9ffe00, pMemAllocProperties={stype=0x7fff6ec2d9f0, type=0x7fff6ec2da00, id=3, pageSize=65536}, phDevice=nullptr)
[2026-10-08 19:08:38.811] [thread-id: 134581405965504] [trace] zeMemFreeExt(hContext, pMemFreeDesc, ptr)
[2026-10-08 19:08:38.812] [thread-id: 134581405965504] [trace] SUCCESS (ZE_RESULT_SUCCESS) in zeMemFreeExt(hContext=0x1122b738, pMemFreeDesc={stype=0x7fff6ec2d9d0, freePolicy=1}, ptr=0xffffffffff9ffe00)
[2026-10-08 19:08:38.812] [thread-id: 134581405965504] [trace] zeDeviceGetProperties(hDevice, pDeviceProperties)
[2026-10-08 19:08:38.812] [thread-id: 134581405965504] [trace] SUCCESS (ZE_RESULT_SUCCESS) in zeDeviceGetProperties(hDevice=0x11214f28, pDeviceProperties={stype=0x7a669ab7f068, type=0x7a669ab7f078, vendorId=32902, deviceId=57868, flags=8, subdeviceId=0, coreClockRate=2750, maxMemAllocSize=10132807680, maxHardwareContexts=65536, maxCommandQueuePriority=0, numThreadsPerEU=8, physicalEUSimdWidth=16, numEUsPerSubslice=8, numSubslicesPerSlice=4, numSlices=5, timerResolution=52, timestampValidBits=64, kernelTimestampValidBits=64, uuid={id=134}, name="Intel(R) Arc(TM) B570 Graphics"})
[2026-10-08 19:08:38.812] [thread-id: 134581405965504] [trace] zeMemAllocShared(hContext, device_desc, host_desc, size, alignment, hDevice, pptr)
[2026-10-08 19:08:38.812] [thread-id: 134581405965504] [trace] SUCCESS (ZE_RESULT_SUCCESS) in zeMemAllocShared(hContext=0x1122b738, device_desc={stype=0x7fff6ec2d9f0, flags=0, ordinal=0}, host_desc={stype=0x7fff6ec2d9d0, flags=0}, size=1, alignment=0, hDevice=0x11214f28, pptr=0x7a669a400000)
[2026-10-08 19:08:38.812] [thread-id: 134581405965504] [trace] zeMemGetAllocProperties(hContext, ptr, pMemAllocProperties, phDevice)
[2026-10-08 19:08:38.812] [thread-id: 134581405965504] [trace] SUCCESS (ZE_RESULT_SUCCESS) in zeMemGetAllocProperties(hContext=0x1122b738, ptr=0x7a669a400000, pMemAllocProperties={stype=0x7fff6ec2d9f0, type=0x7fff6ec2da00, id=5, pageSize=65536}, phDevice=nullptr)
[2026-10-08 19:08:38.812] [thread-id: 134581405965504] [trace] zeMemFreeExt(hContext, pMemFreeDesc, ptr)
[2026-10-08 19:08:38.812] [thread-id: 134581405965504] [trace] SUCCESS (ZE_RESULT_SUCCESS) in zeMemFreeExt(hContext=0x1122b738, pMemFreeDesc={stype=0x7fff6ec2d9d0, freePolicy=1}, ptr=0x7a669a400000)
[2026-10-08 19:08:38.813] [thread-id: 134581405965504] [trace] zeDeviceGetProperties(hDevice, pDeviceProperties)
[2026-10-08 19:08:38.813] [thread-id: 134581405965504] [trace] SUCCESS (ZE_RESULT_SUCCESS) in zeDeviceGetProperties(hDevice=0x11214f28, pDeviceProperties={stype=0x7a669a811068, type=0x7a669a811078, vendorId=32902, deviceId=57868, flags=8, subdeviceId=0, coreClockRate=2750, maxMemAllocSize=10132807680, maxHardwareContexts=65536, maxCommandQueuePriority=0, numThreadsPerEU=8, physicalEUSimdWidth=16, numEUsPerSubslice=8, numSubslicesPerSlice=4, numSlices=5, timerResolution=52, timestampValidBits=64, kernelTimestampValidBits=64, uuid={id=134}, name="Intel(R) Arc(TM) B570 Graphics"})
[2026-10-08 19:08:38.813] [thread-id: 134581405965504] [trace] zeMemAllocShared(hContext, device_desc, host_desc, size, alignment, hDevice, pptr)
[2026-10-08 19:08:38.813] [thread-id: 134581405965504] [trace] SUCCESS (ZE_RESULT_SUCCESS) in zeMemAllocShared(hContext=0x1122b738, device_desc={stype=0x7fff6ec2d9f0, flags=0, ordinal=0}, host_desc={stype=0x7fff6ec2d9d0, flags=0}, size=1, alignment=0, hDevice=0x11214f28, pptr=0x7a669a400000)
[2026-10-08 19:08:38.813] [thread-id: 134581405965504] [trace] zeMemGetAllocProperties(hContext, ptr, pMemAllocProperties, phDevice)
[2026-10-08 19:08:38.813] [thread-id: 134581405965504] [trace] SUCCESS (ZE_RESULT_SUCCESS) in zeMemGetAllocProperties(hContext=0x1122b738, ptr=0x7a669a400000, pMemAllocProperties={stype=0x7fff6ec2d9f0, type=0x7fff6ec2da00, id=6, pageSize=65536}, phDevice=nullptr)
[2026-10-08 19:08:38.813] [thread-id: 134581405965504] [trace] zeMemFreeExt(hContext, pMemFreeDesc, ptr)
[2026-10-08 19:08:38.813] [thread-id: 134581405965504] [trace] SUCCESS (ZE_RESULT_SUCCESS) in zeMemFreeExt(hContext=0x1122b738, pMemFreeDesc={stype=0x7fff6ec2d9d0, freePolicy=1}, ptr=0x7a669a400000)
[2026-10-08 19:08:38.813] [thread-id: 134581405965504] [trace] zeMemAllocHost(hContext, host_desc, size, alignment, pptr)
[2026-10-08 19:08:38.813] [thread-id: 134581405965504] [trace] SUCCESS (ZE_RESULT_SUCCESS) in zeMemAllocHost(hContext=0x1122b738, host_desc={stype=0x7fff6ec2d9f0, flags=0}, size=1, alignment=0, pptr=0x7a669a7ffe00)
[2026-10-08 19:08:38.813] [thread-id: 134581405965504] [trace] zeMemGetAllocProperties(hContext, ptr, pMemAllocProperties, phDevice)
[2026-10-08 19:08:38.813] [thread-id: 134581405965504] [trace] SUCCESS (ZE_RESULT_SUCCESS) in zeMemGetAllocProperties(hContext=0x1122b738, ptr=0x7a669a7ffe00, pMemAllocProperties={stype=0x7fff6ec2d9f0, type=0x7fff6ec2da00, id=1, pageSize=2097152}, phDevice=nullptr)
[2026-10-08 19:08:38.813] [thread-id: 134581405965504] [trace] zeMemFreeExt(hContext, pMemFreeDesc, ptr)
[2026-10-08 19:08:38.813] [thread-id: 134581405965504] [trace] SUCCESS (ZE_RESULT_SUCCESS) in zeMemFreeExt(hContext=0x1122b738, pMemFreeDesc={stype=0x7fff6ec2d9d0, freePolicy=1}, ptr=0x7a669a7ffe00)
[2026-10-08 19:08:38.813] [thread-id: 134581405965504] [trace] zeDeviceGetProperties(hDevice, pDeviceProperties)
[2026-10-08 19:08:38.813] [thread-id: 134581405965504] [trace] SUCCESS (ZE_RESULT_SUCCESS) in zeDeviceGetProperties(hDevice=0x11214f28, pDeviceProperties={stype=0x7a669a809068, type=0x7a669a809078, vendorId=32902, deviceId=57868, flags=8, subdeviceId=0, coreClockRate=2750, maxMemAllocSize=10132807680, maxHardwareContexts=65536, maxCommandQueuePriority=0, numThreadsPerEU=8, physicalEUSimdWidth=16, numEUsPerSubslice=8, numSubslicesPerSlice=4, numSlices=5, timerResolution=52, timestampValidBits=64, kernelTimestampValidBits=64, uuid={id=134}, name="Intel(R) Arc(TM) B570 Graphics"})
[2026-10-08 19:08:38.813] [thread-id: 134581405965504] [trace] zeMemAllocDevice(hContext, device_desc, size, alignment, hDevice, pptr)
[2026-10-08 19:08:38.813] [thread-id: 134581405965504] [trace] SUCCESS (ZE_RESULT_SUCCESS) in zeMemAllocDevice(hContext=0x1122b738, device_desc={stype=0x7fff6ec2d9b0, flags=0, ordinal=0}, size=1, alignment=0, hDevice=0x11214f28, pptr=0xffffffffff9ffe00)
[2026-10-08 19:08:38.813] [thread-id: 134581405965504] [trace] zeContextMakeMemoryResident(hContext, hDevice, ptr, size)
[2026-10-08 19:08:38.813] [thread-id: 134581405965504] [trace] SUCCESS (ZE_RESULT_SUCCESS) in zeContextMakeMemoryResident(hContext=0x1122b738, hDevice=0x11214f28, ptr=0xffffffffff9ffe00, size=1)
[2026-10-08 19:08:38.813] [thread-id: 134581405965504] [trace] zeMemGetAllocProperties(hContext, ptr, pMemAllocProperties, phDevice)
[2026-10-08 19:08:38.813] [thread-id: 134581405965504] [trace] SUCCESS (ZE_RESULT_SUCCESS) in zeMemGetAllocProperties(hContext=0x1122b738, ptr=0xffffffffff9ffe00, pMemAllocProperties={stype=0x7fff6ec2d9f0, type=0x7fff6ec2da00, id=3, pageSize=65536}, phDevice=nullptr)
[2026-10-08 19:08:38.813] [thread-id: 134581405965504] [trace] zeMemFreeExt(hContext, pMemFreeDesc, ptr)
[2026-10-08 19:08:38.814] [thread-id: 134581405965504] [trace] SUCCESS (ZE_RESULT_SUCCESS) in zeMemFreeExt(hContext=0x1122b738, pMemFreeDesc={stype=0x7fff6ec2d9d0, freePolicy=1}, ptr=0xffffffffff9ffe00)
[2026-10-08 19:08:38.814] [thread-id: 134581405965504] [trace] zeDeviceGetProperties(hDevice, pDeviceProperties)
[2026-10-08 19:08:38.814] [thread-id: 134581405965504] [trace] SUCCESS (ZE_RESULT_SUCCESS) in zeDeviceGetProperties(hDevice=0x11214f28, pDeviceProperties={stype=0x7a669a805068, type=0x7a669a805078, vendorId=32902, deviceId=57868, flags=8, subdeviceId=0, coreClockRate=2750, maxMemAllocSize=10132807680, maxHardwareContexts=65536, maxCommandQueuePriority=0, numThreadsPerEU=8, physicalEUSimdWidth=16, numEUsPerSubslice=8, numSubslicesPerSlice=4, numSlices=5, timerResolution=52, timestampValidBits=64, kernelTimestampValidBits=64, uuid={id=134}, name="Intel(R) Arc(TM) B570 Graphics"})
[2026-10-08 19:08:38.814] [thread-id: 134581405965504] [trace] zeMemAllocShared(hContext, device_desc, host_desc, size, alignment, hDevice, pptr)
[2026-10-08 19:08:38.814] [thread-id: 134581405965504] [trace] SUCCESS (ZE_RESULT_SUCCESS) in zeMemAllocShared(hContext=0x1122b738, device_desc={stype=0x7fff6ec2d9f0, flags=0, ordinal=0}, host_desc={stype=0x7fff6ec2d9d0, flags=0}, size=1, alignment=0, hDevice=0x11214f28, pptr=0x7a669a400000)
[2026-10-08 19:08:38.814] [thread-id: 134581405965504] [trace] zeMemGetAllocProperties(hContext, ptr, pMemAllocProperties, phDevice)
[2026-10-08 19:08:38.814] [thread-id: 134581405965504] [trace] SUCCESS (ZE_RESULT_SUCCESS) in zeMemGetAllocProperties(hContext=0x1122b738, ptr=0x7a669a400000, pMemAllocProperties={stype=0x7fff6ec2d9f0, type=0x7fff6ec2da00, id=9, pageSize=65536}, phDevice=nullptr)
[2026-10-08 19:08:38.814] [thread-id: 134581405965504] [trace] zeMemFreeExt(hContext, pMemFreeDesc, ptr)
[2026-10-08 19:08:38.814] [thread-id: 134581405965504] [trace] SUCCESS (ZE_RESULT_SUCCESS) in zeMemFreeExt(hContext=0x1122b738, pMemFreeDesc={stype=0x7fff6ec2d9d0, freePolicy=1}, ptr=0x7a669a400000)
[2026-10-08 19:08:38.814] [thread-id: 134581405965504] [trace] zeDeviceGetProperties(hDevice, pDeviceProperties)
[2026-10-08 19:08:38.814] [thread-id: 134581405965504] [trace] SUCCESS (ZE_RESULT_SUCCESS) in zeDeviceGetProperties(hDevice=0x11214f28, pDeviceProperties={stype=0x7a669a801068, type=0x7a669a801078, vendorId=32902, deviceId=57868, flags=8, subdeviceId=0, coreClockRate=2750, maxMemAllocSize=10132807680, maxHardwareContexts=65536, maxCommandQueuePriority=0, numThreadsPerEU=8, physicalEUSimdWidth=16, numEUsPerSubslice=8, numSubslicesPerSlice=4, numSlices=5, timerResolution=52, timestampValidBits=64, kernelTimestampValidBits=64, uuid={id=134}, name="Intel(R) Arc(TM) B570 Graphics"})
[2026-10-08 19:08:38.814] [thread-id: 134581405965504] [trace] zeMemAllocShared(hContext, device_desc, host_desc, size, alignment, hDevice, pptr)
[2026-10-08 19:08:38.814] [thread-id: 134581405965504] [trace] SUCCESS (ZE_RESULT_SUCCESS) in zeMemAllocShared(hContext=0x1122b738, device_desc={stype=0x7fff6ec2d9f0, flags=0, ordinal=0}, host_desc={stype=0x7fff6ec2d9d0, flags=0}, size=1, alignment=0, hDevice=0x11214f28, pptr=0x7a669a400000)
[2026-10-08 19:08:38.814] [thread-id: 134581405965504] [trace] zeMemGetAllocProperties(hContext, ptr, pMemAllocProperties, phDevice)
[2026-10-08 19:08:38.814] [thread-id: 134581405965504] [trace] SUCCESS (ZE_RESULT_SUCCESS) in zeMemGetAllocProperties(hContext=0x1122b738, ptr=0x7a669a400000, pMemAllocProperties={stype=0x7fff6ec2d9f0, type=0x7fff6ec2da00, id=10, pageSize=65536}, phDevice=nullptr)
[2026-10-08 19:08:38.814] [thread-id: 134581405965504] [trace] zeMemFreeExt(hContext, pMemFreeDesc, ptr)
[2026-10-08 19:08:38.815] [thread-id: 134581405965504] [trace] SUCCESS (ZE_RESULT_SUCCESS) in zeMemFreeExt(hContext=0x1122b738, pMemFreeDesc={stype=0x7fff6ec2d9d0, freePolicy=1}, ptr=0x7a669a400000)
   <--- urContextCreate(.DeviceCount = 1, .phDevices = 0x1122ace0 {0x1122a040}, .pProperties = nullptr, .phContext = 0x1122cc40 (0x1122eb90)) -> UR_RESULT_SUCCESS;
   ---> urQueueCreate
<LEVEL_ZERO>[INFO]: Copy offload is disabled by the environment variable.
<LEVEL_ZERO>[DEBUG]: create command list ordinal: 0, type: immediate, device: 0x11214f28, inOrder: 1
[2026-10-08 19:08:38.815] [thread-id: 134581405965504] [trace] zeCommandListCreateImmediate(hContext, hDevice, altdesc, phCommandList)
[2026-10-08 19:08:38.817] [thread-id: 134581405965504] [trace] SUCCESS (ZE_RESULT_SUCCESS) in zeCommandListCreateImmediate(hContext=0x1122b738, hDevice=0x11214f28, altdesc={stype=0x7fff6ec2def0, ordinal=0, index=0, flags=2, mode=0x7fff6ec2df0c, priority=0x7fff6ec2df10}, phCommandList=0x11232d88)
[2026-10-08 19:08:38.817] [thread-id: 134581405965504] [trace] zeDriverGetExtensionFunctionAddress(hDriver, name, ppFunctionAddress)
[2026-10-08 19:08:38.817] [thread-id: 134581405965504] [trace] SUCCESS (ZE_RESULT_SUCCESS) in zeDriverGetExtensionFunctionAddress(hDriver=0x112149c8, name="zexCounterBasedEventCreate2", ppFunctionAddress=0x7a66a8cd2c00)
   <--- urQueueCreate(.hContext = 0x1122eb90, .hDevice = 0x1122a040, .pProperties = 0x7fff6ec2e4d0 ((struct ur_queue_properties_t){.stype = UR_STRUCTURE_TYPE_QUEUE_PROPERTIES, .pNext = nullptr, .flags = 0}), .phQueue = 0x7fff6ec2e4e8 (0x112320a0)) -> UR_RESULT_SUCCESS;
   ---> urDeviceGetInfo
[2026-10-08 19:08:38.817] [thread-id: 134581405965504] [trace] zeDeviceGetMemoryAccessProperties(hDevice, pMemAccessProperties)
[2026-10-08 19:08:38.817] [thread-id: 134581405965504] [trace] SUCCESS (ZE_RESULT_SUCCESS) in zeDeviceGetMemoryAccessProperties(hDevice=0x11214f28, pMemAccessProperties={stype=0x1122a420, hostAllocCapabilities=3, deviceAllocCapabilities=3, sharedSingleDeviceAllocCapabilities=3, sharedCrossDeviceAllocCapabilities=0, sharedSystemAllocCapabilities=15})
   <--- urDeviceGetInfo(.hDevice = 0x1122a040, .propName = UR_DEVICE_INFO_USM_DEVICE_SUPPORT, .propSize = 4, .pPropValue = 0x7fff6ec2e334 (UR_DEVICE_USM_ACCESS_CAPABILITY_FLAG_ACCESS | UR_DEVICE_USM_ACCESS_CAPABILITY_FLAG_ATOMIC_ACCESS), .pPropSizeRet = nullptr) -> UR_RESULT_SUCCESS;
   ---> urUSMDeviceAlloc
[2026-10-08 19:08:38.817] [thread-id: 134581405965504] [trace] zeMemAllocDevice(hContext, device_desc, size, alignment, hDevice, pptr)
[2026-10-08 19:08:38.817] [thread-id: 134581405965504] [trace] SUCCESS (ZE_RESULT_SUCCESS) in zeMemAllocDevice(hContext=0x1122b738, device_desc={stype=0x7fff6ec2df40, flags=0, ordinal=0}, size=65536, alignment=0, hDevice=0x11214f28, pptr=0xffffffffff600000)
[2026-10-08 19:08:38.817] [thread-id: 134581405965504] [trace] zeContextMakeMemoryResident(hContext, hDevice, ptr, size)
[2026-10-08 19:08:38.817] [thread-id: 134581405965504] [trace] SUCCESS (ZE_RESULT_SUCCESS) in zeContextMakeMemoryResident(hContext=0x1122b738, hDevice=0x11214f28, ptr=0xffffffffff600000, size=65536)
   <--- urUSMDeviceAlloc(.hContext = 0x1122eb90, .hDevice = 0x1122a040, .pUSMDesc = 0x7fff6ec2e4a0 ((struct ur_usm_desc_t){.stype = UR_STRUCTURE_TYPE_CONTEXT_PROPERTIES, .pNext = nullptr, .hints = 0, .align = 4}), .pool = nullptr, .size = 65536, .ppMem = 0x7fff6ec2e4b8 (0xffffffffff600000)) -> UR_RESULT_SUCCESS;
   ---> urEnqueueUSMMemcpy
<LEVEL_ZERO>[DEBUG]: ze_event_pool_desc_t flags set to: 1
[2026-10-08 19:08:38.817] [thread-id: 134581405965504] [trace] zexCounterBasedEventCreate2(hContext, hDevice, desc, phEvent)
[2026-10-08 19:08:38.817] [thread-id: 134581405965504] [trace] SUCCESS (ZE_RESULT_SUCCESS) in zexCounterBasedEventCreate2(hContext=0x1122b738, hDevice=0x11214f28, desc=0x7fff6ec2def0, phEvent=0x11263a68)
<LEVEL_ZERO>[DEBUG]: ze_event_pool_desc_t flags set to: 1
[2026-10-08 19:08:38.817] [thread-id: 134581405965504] [trace] zexCounterBasedEventCreate2(hContext, hDevice, desc, phEvent)
[2026-10-08 19:08:38.817] [thread-id: 134581405965504] [trace] SUCCESS (ZE_RESULT_SUCCESS) in zexCounterBasedEventCreate2(hContext=0x1122b738, hDevice=0x11214f28, desc=0x7fff6ec2def0, phEvent=0x11263e08)
<LEVEL_ZERO>[DEBUG]: ze_event_pool_desc_t flags set to: 1
[2026-10-08 19:08:38.817] [thread-id: 134581405965504] [trace] zexCounterBasedEventCreate2(hContext, hDevice, desc, phEvent)
[2026-10-08 19:08:38.817] [thread-id: 134581405965504] [trace] SUCCESS (ZE_RESULT_SUCCESS) in zexCounterBasedEventCreate2(hContext=0x1122b738, hDevice=0x11214f28, desc=0x7fff6ec2def0, phEvent=0x11264528)
<LEVEL_ZERO>[DEBUG]: ze_event_pool_desc_t flags set to: 1
[2026-10-08 19:08:38.817] [thread-id: 134581405965504] [trace] zexCounterBasedEventCreate2(hContext, hDevice, desc, phEvent)
[2026-10-08 19:08:38.817] [thread-id: 134581405965504] [trace] SUCCESS (ZE_RESULT_SUCCESS) in zexCounterBasedEventCreate2(hContext=0x1122b738, hDevice=0x11214f28, desc=0x7fff6ec2def0, phEvent=0x11264a68)
<LEVEL_ZERO>[DEBUG]: ze_event_pool_desc_t flags set to: 1
[2026-10-08 19:08:38.817] [thread-id: 134581405965504] [trace] zexCounterBasedEventCreate2(hContext, hDevice, desc, phEvent)
[2026-10-08 19:08:38.817] [thread-id: 134581405965504] [trace] SUCCESS (ZE_RESULT_SUCCESS) in zexCounterBasedEventCreate2(hContext=0x1122b738, hDevice=0x11214f28, desc=0x7fff6ec2def0, phEvent=0x11265168)
<LEVEL_ZERO>[DEBUG]: ze_event_pool_desc_t flags set to: 1
[2026-10-08 19:08:38.817] [thread-id: 134581405965504] [trace] zexCounterBasedEventCreate2(hContext, hDevice, desc, phEvent)
[2026-10-08 19:08:38.817] [thread-id: 134581405965504] [trace] SUCCESS (ZE_RESULT_SUCCESS) in zexCounterBasedEventCreate2(hContext=0x1122b738, hDevice=0x11214f28, desc=0x7fff6ec2def0, phEvent=0x112656c8)
<LEVEL_ZERO>[DEBUG]: ze_event_pool_desc_t flags set to: 1
[2026-10-08 19:08:38.817] [thread-id: 134581405965504] [trace] zexCounterBasedEventCreate2(hContext, hDevice, desc, phEvent)
[2026-10-08 19:08:38.817] [thread-id: 134581405965504] [trace] SUCCESS (ZE_RESULT_SUCCESS) in zexCounterBasedEventCreate2(hContext=0x1122b738, hDevice=0x11214f28, desc=0x7fff6ec2def0, phEvent=0x11265dc8)
<LEVEL_ZERO>[DEBUG]: ze_event_pool_desc_t flags set to: 1
[2026-10-08 19:08:38.817] [thread-id: 134581405965504] [trace] zexCounterBasedEventCreate2(hContext, hDevice, desc, phEvent)
[2026-10-08 19:08:38.817] [thread-id: 134581405965504] [trace] SUCCESS (ZE_RESULT_SUCCESS) in zexCounterBasedEventCreate2(hContext=0x1122b738, hDevice=0x11214f28, desc=0x7fff6ec2def0, phEvent=0x112662d8)
<LEVEL_ZERO>[DEBUG]: ze_event_pool_desc_t flags set to: 1
[2026-10-08 19:08:38.818] [thread-id: 134581405965504] [trace] zexCounterBasedEventCreate2(hContext, hDevice, desc, phEvent)
[2026-10-08 19:08:38.818] [thread-id: 134581405965504] [trace] SUCCESS (ZE_RESULT_SUCCESS) in zexCounterBasedEventCreate2(hContext=0x1122b738, hDevice=0x11214f28, desc=0x7fff6ec2def0, phEvent=0x112669d8)
<LEVEL_ZERO>[DEBUG]: ze_event_pool_desc_t flags set to: 1
[2026-10-08 19:08:38.818] [thread-id: 134581405965504] [trace] zexCounterBasedEventCreate2(hContext, hDevice, desc, phEvent)
[2026-10-08 19:08:38.818] [thread-id: 134581405965504] [trace] SUCCESS (ZE_RESULT_SUCCESS) in zexCounterBasedEventCreate2(hContext=0x1122b738, hDevice=0x11214f28, desc=0x7fff6ec2def0, phEvent=0x11266ee8)
<LEVEL_ZERO>[DEBUG]: ze_event_pool_desc_t flags set to: 1
[2026-10-08 19:08:38.818] [thread-id: 134581405965504] [trace] zexCounterBasedEventCreate2(hContext, hDevice, desc, phEvent)
[2026-10-08 19:08:38.818] [thread-id: 134581405965504] [trace] SUCCESS (ZE_RESULT_SUCCESS) in zexCounterBasedEventCreate2(hContext=0x1122b738, hDevice=0x11214f28, desc=0x7fff6ec2def0, phEvent=0x112675e8)
<LEVEL_ZERO>[DEBUG]: ze_event_pool_desc_t flags set to: 1
[2026-10-08 19:08:38.818] [thread-id: 134581405965504] [trace] zexCounterBasedEventCreate2(hContext, hDevice, desc, phEvent)
[2026-10-08 19:08:38.818] [thread-id: 134581405965504] [trace] SUCCESS (ZE_RESULT_SUCCESS) in zexCounterBasedEventCreate2(hContext=0x1122b738, hDevice=0x11214f28, desc=0x7fff6ec2def0, phEvent=0x11267b98)
<LEVEL_ZERO>[DEBUG]: ze_event_pool_desc_t flags set to: 1
[2026-10-08 19:08:38.818] [thread-id: 134581405965504] [trace] zexCounterBasedEventCreate2(hContext, hDevice, desc, phEvent)
[2026-10-08 19:08:38.818] [thread-id: 134581405965504] [trace] SUCCESS (ZE_RESULT_SUCCESS) in zexCounterBasedEventCreate2(hContext=0x1122b738, hDevice=0x11214f28, desc=0x7fff6ec2def0, phEvent=0x11268298)
<LEVEL_ZERO>[DEBUG]: ze_event_pool_desc_t flags set to: 1
[2026-10-08 19:08:38.818] [thread-id: 134581405965504] [trace] zexCounterBasedEventCreate2(hContext, hDevice, desc, phEvent)
[2026-10-08 19:08:38.818] [thread-id: 134581405965504] [trace] SUCCESS (ZE_RESULT_SUCCESS) in zexCounterBasedEventCreate2(hContext=0x1122b738, hDevice=0x11214f28, desc=0x7fff6ec2def0, phEvent=0x112687a8)
<LEVEL_ZERO>[DEBUG]: ze_event_pool_desc_t flags set to: 1
[2026-10-08 19:08:38.818] [thread-id: 134581405965504] [trace] zexCounterBasedEventCreate2(hContext, hDevice, desc, phEvent)
[2026-10-08 19:08:38.818] [thread-id: 134581405965504] [trace] SUCCESS (ZE_RESULT_SUCCESS) in zexCounterBasedEventCreate2(hContext=0x1122b738, hDevice=0x11214f28, desc=0x7fff6ec2def0, phEvent=0x11268ea8)
<LEVEL_ZERO>[DEBUG]: ze_event_pool_desc_t flags set to: 1
[2026-10-08 19:08:38.818] [thread-id: 134581405965504] [trace] zexCounterBasedEventCreate2(hContext, hDevice, desc, phEvent)
[2026-10-08 19:08:38.818] [thread-id: 134581405965504] [trace] SUCCESS (ZE_RESULT_SUCCESS) in zexCounterBasedEventCreate2(hContext=0x1122b738, hDevice=0x11214f28, desc=0x7fff6ec2def0, phEvent=0x112693b8)
<LEVEL_ZERO>[DEBUG]: ze_event_pool_desc_t flags set to: 1
[2026-10-08 19:08:38.818] [thread-id: 134581405965504] [trace] zexCounterBasedEventCreate2(hContext, hDevice, desc, phEvent)
[2026-10-08 19:08:38.818] [thread-id: 134581405965504] [trace] SUCCESS (ZE_RESULT_SUCCESS) in zexCounterBasedEventCreate2(hContext=0x1122b738, hDevice=0x11214f28, desc=0x7fff6ec2def0, phEvent=0x11269ab8)
<LEVEL_ZERO>[DEBUG]: ze_event_pool_desc_t flags set to: 1
[2026-10-08 19:08:38.818] [thread-id: 134581405965504] [trace] zexCounterBasedEventCreate2(hContext, hDevice, desc, phEvent)
[2026-10-08 19:08:38.818] [thread-id: 134581405965504] [trace] SUCCESS (ZE_RESULT_SUCCESS) in zexCounterBasedEventCreate2(hContext=0x1122b738, hDevice=0x11214f28, desc=0x7fff6ec2def0, phEvent=0x1126a0d8)
<LEVEL_ZERO>[DEBUG]: ze_event_pool_desc_t flags set to: 1
[2026-10-08 19:08:38.818] [thread-id: 134581405965504] [trace] zexCounterBasedEventCreate2(hContext, hDevice, desc, phEvent)
[2026-10-08 19:08:38.818] [thread-id: 134581405965504] [trace] SUCCESS (ZE_RESULT_SUCCESS) in zexCounterBasedEventCreate2(hContext=0x1122b738, hDevice=0x11214f28, desc=0x7fff6ec2def0, phEvent=0x1126a7d8)
<LEVEL_ZERO>[DEBUG]: ze_event_pool_desc_t flags set to: 1
[2026-10-08 19:08:38.818] [thread-id: 134581405965504] [trace] zexCounterBasedEventCreate2(hContext, hDevice, desc, phEvent)
[2026-10-08 19:08:38.818] [thread-id: 134581405965504] [trace] SUCCESS (ZE_RESULT_SUCCESS) in zexCounterBasedEventCreate2(hContext=0x1122b738, hDevice=0x11214f28, desc=0x7fff6ec2def0, phEvent=0x1126ace8)
<LEVEL_ZERO>[DEBUG]: ze_event_pool_desc_t flags set to: 1
[2026-10-08 19:08:38.818] [thread-id: 134581405965504] [trace] zexCounterBasedEventCreate2(hContext, hDevice, desc, phEvent)
[2026-10-08 19:08:38.818] [thread-id: 134581405965504] [trace] SUCCESS (ZE_RESULT_SUCCESS) in zexCounterBasedEventCreate2(hContext=0x1122b738, hDevice=0x11214f28, desc=0x7fff6ec2def0, phEvent=0x1126b3e8)
<LEVEL_ZERO>[DEBUG]: ze_event_pool_desc_t flags set to: 1
[2026-10-08 19:08:38.818] [thread-id: 134581405965504] [trace] zexCounterBasedEventCreate2(hContext, hDevice, desc, phEvent)
[2026-10-08 19:08:38.818] [thread-id: 134581405965504] [trace] SUCCESS (ZE_RESULT_SUCCESS) in zexCounterBasedEventCreate2(hContext=0x1122b738, hDevice=0x11214f28, desc=0x7fff6ec2def0, phEvent=0x1126b8f8)
<LEVEL_ZERO>[DEBUG]: ze_event_pool_desc_t flags set to: 1
[2026-10-08 19:08:38.818] [thread-id: 134581405965504] [trace] zexCounterBasedEventCreate2(hContext, hDevice, desc, phEvent)
[2026-10-08 19:08:38.818] [thread-id: 134581405965504] [trace] SUCCESS (ZE_RESULT_SUCCESS) in zexCounterBasedEventCreate2(hContext=0x1122b738, hDevice=0x11214f28, desc=0x7fff6ec2def0, phEvent=0x1126bff8)
<LEVEL_ZERO>[DEBUG]: ze_event_pool_desc_t flags set to: 1
[2026-10-08 19:08:38.818] [thread-id: 134581405965504] [trace] zexCounterBasedEventCreate2(hContext, hDevice, desc, phEvent)
[2026-10-08 19:08:38.818] [thread-id: 134581405965504] [trace] SUCCESS (ZE_RESULT_SUCCESS) in zexCounterBasedEventCreate2(hContext=0x1122b738, hDevice=0x11214f28, desc=0x7fff6ec2def0, phEvent=0x1126c508)
<LEVEL_ZERO>[DEBUG]: ze_event_pool_desc_t flags set to: 1
[2026-10-08 19:08:38.818] [thread-id: 134581405965504] [trace] zexCounterBasedEventCreate2(hContext, hDevice, desc, phEvent)
[2026-10-08 19:08:38.818] [thread-id: 134581405965504] [trace] SUCCESS (ZE_RESULT_SUCCESS) in zexCounterBasedEventCreate2(hContext=0x1122b738, hDevice=0x11214f28, desc=0x7fff6ec2def0, phEvent=0x1126cd48)
<LEVEL_ZERO>[DEBUG]: ze_event_pool_desc_t flags set to: 1
[2026-10-08 19:08:38.818] [thread-id: 134581405965504] [trace] zexCounterBasedEventCreate2(hContext, hDevice, desc, phEvent)
[2026-10-08 19:08:38.818] [thread-id: 134581405965504] [trace] SUCCESS (ZE_RESULT_SUCCESS) in zexCounterBasedEventCreate2(hContext=0x1122b738, hDevice=0x11214f28, desc=0x7fff6ec2def0, phEvent=0x1126d258)
<LEVEL_ZERO>[DEBUG]: ze_event_pool_desc_t flags set to: 1
[2026-10-08 19:08:38.818] [thread-id: 134581405965504] [trace] zexCounterBasedEventCreate2(hContext, hDevice, desc, phEvent)
[2026-10-08 19:08:38.818] [thread-id: 134581405965504] [trace] SUCCESS (ZE_RESULT_SUCCESS) in zexCounterBasedEventCreate2(hContext=0x1122b738, hDevice=0x11214f28, desc=0x7fff6ec2def0, phEvent=0x1126d958)
<LEVEL_ZERO>[DEBUG]: ze_event_pool_desc_t flags set to: 1
[2026-10-08 19:08:38.818] [thread-id: 134581405965504] [trace] zexCounterBasedEventCreate2(hContext, hDevice, desc, phEvent)
[2026-10-08 19:08:38.818] [thread-id: 134581405965504] [trace] SUCCESS (ZE_RESULT_SUCCESS) in zexCounterBasedEventCreate2(hContext=0x1122b738, hDevice=0x11214f28, desc=0x7fff6ec2def0, phEvent=0x1126de68)
<LEVEL_ZERO>[DEBUG]: ze_event_pool_desc_t flags set to: 1
[2026-10-08 19:08:38.818] [thread-id: 134581405965504] [trace] zexCounterBasedEventCreate2(hContext, hDevice, desc, phEvent)
[2026-10-08 19:08:38.818] [thread-id: 134581405965504] [trace] SUCCESS (ZE_RESULT_SUCCESS) in zexCounterBasedEventCreate2(hContext=0x1122b738, hDevice=0x11214f28, desc=0x7fff6ec2def0, phEvent=0x1126e568)
<LEVEL_ZERO>[DEBUG]: ze_event_pool_desc_t flags set to: 1
[2026-10-08 19:08:38.818] [thread-id: 134581405965504] [trace] zexCounterBasedEventCreate2(hContext, hDevice, desc, phEvent)
[2026-10-08 19:08:38.818] [thread-id: 134581405965504] [trace] SUCCESS (ZE_RESULT_SUCCESS) in zexCounterBasedEventCreate2(hContext=0x1122b738, hDevice=0x11214f28, desc=0x7fff6ec2def0, phEvent=0x1126ea78)
<LEVEL_ZERO>[DEBUG]: ze_event_pool_desc_t flags set to: 1
[2026-10-08 19:08:38.818] [thread-id: 134581405965504] [trace] zexCounterBasedEventCreate2(hContext, hDevice, desc, phEvent)
[2026-10-08 19:08:38.818] [thread-id: 134581405965504] [trace] SUCCESS (ZE_RESULT_SUCCESS) in zexCounterBasedEventCreate2(hContext=0x1122b738, hDevice=0x11214f28, desc=0x7fff6ec2def0, phEvent=0x1126f178)
<LEVEL_ZERO>[DEBUG]: ze_event_pool_desc_t flags set to: 1
[2026-10-08 19:08:38.818] [thread-id: 134581405965504] [trace] zexCounterBasedEventCreate2(hContext, hDevice, desc, phEvent)
[2026-10-08 19:08:38.818] [thread-id: 134581405965504] [trace] SUCCESS (ZE_RESULT_SUCCESS) in zexCounterBasedEventCreate2(hContext=0x1122b738, hDevice=0x11214f28, desc=0x7fff6ec2def0, phEvent=0x1126f688)
<LEVEL_ZERO>[DEBUG]: ze_event_pool_desc_t flags set to: 1
[2026-10-08 19:08:38.819] [thread-id: 134581405965504] [trace] zexCounterBasedEventCreate2(hContext, hDevice, desc, phEvent)
[2026-10-08 19:08:38.819] [thread-id: 134581405965504] [trace] SUCCESS (ZE_RESULT_SUCCESS) in zexCounterBasedEventCreate2(hContext=0x1122b738, hDevice=0x11214f28, desc=0x7fff6ec2def0, phEvent=0x1126fd88)
<LEVEL_ZERO>[DEBUG]: ze_event_pool_desc_t flags set to: 1
[2026-10-08 19:08:38.819] [thread-id: 134581405965504] [trace] zexCounterBasedEventCreate2(hContext, hDevice, desc, phEvent)
[2026-10-08 19:08:38.819] [thread-id: 134581405965504] [trace] SUCCESS (ZE_RESULT_SUCCESS) in zexCounterBasedEventCreate2(hContext=0x1122b738, hDevice=0x11214f28, desc=0x7fff6ec2def0, phEvent=0x112704a8)
<LEVEL_ZERO>[DEBUG]: ze_event_pool_desc_t flags set to: 1
[2026-10-08 19:08:38.819] [thread-id: 134581405965504] [trace] zexCounterBasedEventCreate2(hContext, hDevice, desc, phEvent)
[2026-10-08 19:08:38.819] [thread-id: 134581405965504] [trace] SUCCESS (ZE_RESULT_SUCCESS) in zexCounterBasedEventCreate2(hContext=0x1122b738, hDevice=0x11214f28, desc=0x7fff6ec2def0, phEvent=0x11270ba8)
<LEVEL_ZERO>[DEBUG]: ze_event_pool_desc_t flags set to: 1
[2026-10-08 19:08:38.819] [thread-id: 134581405965504] [trace] zexCounterBasedEventCreate2(hContext, hDevice, desc, phEvent)
[2026-10-08 19:08:38.819] [thread-id: 134581405965504] [trace] SUCCESS (ZE_RESULT_SUCCESS) in zexCounterBasedEventCreate2(hContext=0x1122b738, hDevice=0x11214f28, desc=0x7fff6ec2def0, phEvent=0x112710b8)
<LEVEL_ZERO>[DEBUG]: ze_event_pool_desc_t flags set to: 1
[2026-10-08 19:08:38.819] [thread-id: 134581405965504] [trace] zexCounterBasedEventCreate2(hContext, hDevice, desc, phEvent)
[2026-10-08 19:08:38.819] [thread-id: 134581405965504] [trace] SUCCESS (ZE_RESULT_SUCCESS) in zexCounterBasedEventCreate2(hContext=0x1122b738, hDevice=0x11214f28, desc=0x7fff6ec2def0, phEvent=0x112717b8)
<LEVEL_ZERO>[DEBUG]: ze_event_pool_desc_t flags set to: 1
[2026-10-08 19:08:38.819] [thread-id: 134581405965504] [trace] zexCounterBasedEventCreate2(hContext, hDevice, desc, phEvent)
[2026-10-08 19:08:38.819] [thread-id: 134581405965504] [trace] SUCCESS (ZE_RESULT_SUCCESS) in zexCounterBasedEventCreate2(hContext=0x1122b738, hDevice=0x11214f28, desc=0x7fff6ec2def0, phEvent=0x11271cc8)
<LEVEL_ZERO>[DEBUG]: ze_event_pool_desc_t flags set to: 1
[2026-10-08 19:08:38.819] [thread-id: 134581405965504] [trace] zexCounterBasedEventCreate2(hContext, hDevice, desc, phEvent)
[2026-10-08 19:08:38.819] [thread-id: 134581405965504] [trace] SUCCESS (ZE_RESULT_SUCCESS) in zexCounterBasedEventCreate2(hContext=0x1122b738, hDevice=0x11214f28, desc=0x7fff6ec2def0, phEvent=0x112723c8)
<LEVEL_ZERO>[DEBUG]: ze_event_pool_desc_t flags set to: 1
[2026-10-08 19:08:38.819] [thread-id: 134581405965504] [trace] zexCounterBasedEventCreate2(hContext, hDevice, desc, phEvent)
[2026-10-08 19:08:38.819] [thread-id: 134581405965504] [trace] SUCCESS (ZE_RESULT_SUCCESS) in zexCounterBasedEventCreate2(hContext=0x1122b738, hDevice=0x11214f28, desc=0x7fff6ec2def0, phEvent=0x112728d8)
<LEVEL_ZERO>[DEBUG]: ze_event_pool_desc_t flags set to: 1
[2026-10-08 19:08:38.819] [thread-id: 134581405965504] [trace] zexCounterBasedEventCreate2(hContext, hDevice, desc, phEvent)
[2026-10-08 19:08:38.819] [thread-id: 134581405965504] [trace] SUCCESS (ZE_RESULT_SUCCESS) in zexCounterBasedEventCreate2(hContext=0x1122b738, hDevice=0x11214f28, desc=0x7fff6ec2def0, phEvent=0x11272fd8)
<LEVEL_ZERO>[DEBUG]: ze_event_pool_desc_t flags set to: 1
[2026-10-08 19:08:38.819] [thread-id: 134581405965504] [trace] zexCounterBasedEventCreate2(hContext, hDevice, desc, phEvent)
[2026-10-08 19:08:38.819] [thread-id: 134581405965504] [trace] SUCCESS (ZE_RESULT_SUCCESS) in zexCounterBasedEventCreate2(hContext=0x1122b738, hDevice=0x11214f28, desc=0x7fff6ec2def0, phEvent=0x112734e8)
<LEVEL_ZERO>[DEBUG]: ze_event_pool_desc_t flags set to: 1
[2026-10-08 19:08:38.819] [thread-id: 134581405965504] [trace] zexCounterBasedEventCreate2(hContext, hDevice, desc, phEvent)
[2026-10-08 19:08:38.819] [thread-id: 134581405965504] [trace] SUCCESS (ZE_RESULT_SUCCESS) in zexCounterBasedEventCreate2(hContext=0x1122b738, hDevice=0x11214f28, desc=0x7fff6ec2def0, phEvent=0x11273be8)
<LEVEL_ZERO>[DEBUG]: ze_event_pool_desc_t flags set to: 1
[2026-10-08 19:08:38.819] [thread-id: 134581405965504] [trace] zexCounterBasedEventCreate2(hContext, hDevice, desc, phEvent)
[2026-10-08 19:08:38.819] [thread-id: 134581405965504] [trace] SUCCESS (ZE_RESULT_SUCCESS) in zexCounterBasedEventCreate2(hContext=0x1122b738, hDevice=0x11214f28, desc=0x7fff6ec2def0, phEvent=0x112740f8)
<LEVEL_ZERO>[DEBUG]: ze_event_pool_desc_t flags set to: 1
[2026-10-08 19:08:38.819] [thread-id: 134581405965504] [trace] zexCounterBasedEventCreate2(hContext, hDevice, desc, phEvent)
[2026-10-08 19:08:38.819] [thread-id: 134581405965504] [trace] SUCCESS (ZE_RESULT_SUCCESS) in zexCounterBasedEventCreate2(hContext=0x1122b738, hDevice=0x11214f28, desc=0x7fff6ec2def0, phEvent=0x112747f8)
<LEVEL_ZERO>[DEBUG]: ze_event_pool_desc_t flags set to: 1
[2026-10-08 19:08:38.819] [thread-id: 134581405965504] [trace] zexCounterBasedEventCreate2(hContext, hDevice, desc, phEvent)
[2026-10-08 19:08:38.819] [thread-id: 134581405965504] [trace] SUCCESS (ZE_RESULT_SUCCESS) in zexCounterBasedEventCreate2(hContext=0x1122b738, hDevice=0x11214f28, desc=0x7fff6ec2def0, phEvent=0x11274d08)
<LEVEL_ZERO>[DEBUG]: ze_event_pool_desc_t flags set to: 1
[2026-10-08 19:08:38.819] [thread-id: 134581405965504] [trace] zexCounterBasedEventCreate2(hContext, hDevice, desc, phEvent)
[2026-10-08 19:08:38.819] [thread-id: 134581405965504] [trace] SUCCESS (ZE_RESULT_SUCCESS) in zexCounterBasedEventCreate2(hContext=0x1122b738, hDevice=0x11214f28, desc=0x7fff6ec2def0, phEvent=0x11275408)
<LEVEL_ZERO>[DEBUG]: ze_event_pool_desc_t flags set to: 1
[2026-10-08 19:08:38.819] [thread-id: 134581405965504] [trace] zexCounterBasedEventCreate2(hContext, hDevice, desc, phEvent)
[2026-10-08 19:08:38.819] [thread-id: 134581405965504] [trace] SUCCESS (ZE_RESULT_SUCCESS) in zexCounterBasedEventCreate2(hContext=0x1122b738, hDevice=0x11214f28, desc=0x7fff6ec2def0, phEvent=0x11275918)
<LEVEL_ZERO>[DEBUG]: ze_event_pool_desc_t flags set to: 1
[2026-10-08 19:08:38.819] [thread-id: 134581405965504] [trace] zexCounterBasedEventCreate2(hContext, hDevice, desc, phEvent)
[2026-10-08 19:08:38.819] [thread-id: 134581405965504] [trace] SUCCESS (ZE_RESULT_SUCCESS) in zexCounterBasedEventCreate2(hContext=0x1122b738, hDevice=0x11214f28, desc=0x7fff6ec2def0, phEvent=0x11276018)
<LEVEL_ZERO>[DEBUG]: ze_event_pool_desc_t flags set to: 1
[2026-10-08 19:08:38.819] [thread-id: 134581405965504] [trace] zexCounterBasedEventCreate2(hContext, hDevice, desc, phEvent)
[2026-10-08 19:08:38.819] [thread-id: 134581405965504] [trace] SUCCESS (ZE_RESULT_SUCCESS) in zexCounterBasedEventCreate2(hContext=0x1122b738, hDevice=0x11214f28, desc=0x7fff6ec2def0, phEvent=0x11276528)
<LEVEL_ZERO>[DEBUG]: ze_event_pool_desc_t flags set to: 1
[2026-10-08 19:08:38.819] [thread-id: 134581405965504] [trace] zexCounterBasedEventCreate2(hContext, hDevice, desc, phEvent)
[2026-10-08 19:08:38.819] [thread-id: 134581405965504] [trace] SUCCESS (ZE_RESULT_SUCCESS) in zexCounterBasedEventCreate2(hContext=0x1122b738, hDevice=0x11214f28, desc=0x7fff6ec2def0, phEvent=0x11276c28)
<LEVEL_ZERO>[DEBUG]: ze_event_pool_desc_t flags set to: 1
[2026-10-08 19:08:38.819] [thread-id: 134581405965504] [trace] zexCounterBasedEventCreate2(hContext, hDevice, desc, phEvent)
[2026-10-08 19:08:38.819] [thread-id: 134581405965504] [trace] SUCCESS (ZE_RESULT_SUCCESS) in zexCounterBasedEventCreate2(hContext=0x1122b738, hDevice=0x11214f28, desc=0x7fff6ec2def0, phEvent=0x11277138)
<LEVEL_ZERO>[DEBUG]: ze_event_pool_desc_t flags set to: 1
[2026-10-08 19:08:38.819] [thread-id: 134581405965504] [trace] zexCounterBasedEventCreate2(hContext, hDevice, desc, phEvent)
[2026-10-08 19:08:38.819] [thread-id: 134581405965504] [trace] SUCCESS (ZE_RESULT_SUCCESS) in zexCounterBasedEventCreate2(hContext=0x1122b738, hDevice=0x11214f28, desc=0x7fff6ec2def0, phEvent=0x11277ab8)
<LEVEL_ZERO>[DEBUG]: ze_event_pool_desc_t flags set to: 1
[2026-10-08 19:08:38.819] [thread-id: 134581405965504] [trace] zexCounterBasedEventCreate2(hContext, hDevice, desc, phEvent)
[2026-10-08 19:08:38.819] [thread-id: 134581405965504] [trace] SUCCESS (ZE_RESULT_SUCCESS) in zexCounterBasedEventCreate2(hContext=0x1122b738, hDevice=0x11214f28, desc=0x7fff6ec2def0, phEvent=0x11277fc8)
<LEVEL_ZERO>[DEBUG]: ze_event_pool_desc_t flags set to: 1
[2026-10-08 19:08:38.819] [thread-id: 134581405965504] [trace] zexCounterBasedEventCreate2(hContext, hDevice, desc, phEvent)
[2026-10-08 19:08:38.819] [thread-id: 134581405965504] [trace] SUCCESS (ZE_RESULT_SUCCESS) in zexCounterBasedEventCreate2(hContext=0x1122b738, hDevice=0x11214f28, desc=0x7fff6ec2def0, phEvent=0x112786c8)
<LEVEL_ZERO>[DEBUG]: ze_event_pool_desc_t flags set to: 1
[2026-10-08 19:08:38.819] [thread-id: 134581405965504] [trace] zexCounterBasedEventCreate2(hContext, hDevice, desc, phEvent)
[2026-10-08 19:08:38.819] [thread-id: 134581405965504] [trace] SUCCESS (ZE_RESULT_SUCCESS) in zexCounterBasedEventCreate2(hContext=0x1122b738, hDevice=0x11214f28, desc=0x7fff6ec2def0, phEvent=0x11278bd8)
<LEVEL_ZERO>[DEBUG]: ze_event_pool_desc_t flags set to: 1
[2026-10-08 19:08:38.819] [thread-id: 134581405965504] [trace] zexCounterBasedEventCreate2(hContext, hDevice, desc, phEvent)
[2026-10-08 19:08:38.820] [thread-id: 134581405965504] [trace] SUCCESS (ZE_RESULT_SUCCESS) in zexCounterBasedEventCreate2(hContext=0x1122b738, hDevice=0x11214f28, desc=0x7fff6ec2def0, phEvent=0x112792d8)
<LEVEL_ZERO>[DEBUG]: ze_event_pool_desc_t flags set to: 1
[2026-10-08 19:08:38.820] [thread-id: 134581405965504] [trace] zexCounterBasedEventCreate2(hContext, hDevice, desc, phEvent)
[2026-10-08 19:08:38.820] [thread-id: 134581405965504] [trace] SUCCESS (ZE_RESULT_SUCCESS) in zexCounterBasedEventCreate2(hContext=0x1122b738, hDevice=0x11214f28, desc=0x7fff6ec2def0, phEvent=0x112797e8)
<LEVEL_ZERO>[DEBUG]: ze_event_pool_desc_t flags set to: 1
[2026-10-08 19:08:38.820] [thread-id: 134581405965504] [trace] zexCounterBasedEventCreate2(hContext, hDevice, desc, phEvent)
[2026-10-08 19:08:38.820] [thread-id: 134581405965504] [trace] SUCCESS (ZE_RESULT_SUCCESS) in zexCounterBasedEventCreate2(hContext=0x1122b738, hDevice=0x11214f28, desc=0x7fff6ec2def0, phEvent=0x11279ee8)
<LEVEL_ZERO>[DEBUG]: ze_event_pool_desc_t flags set to: 1
[2026-10-08 19:08:38.820] [thread-id: 134581405965504] [trace] zexCounterBasedEventCreate2(hContext, hDevice, desc, phEvent)
[2026-10-08 19:08:38.820] [thread-id: 134581405965504] [trace] SUCCESS (ZE_RESULT_SUCCESS) in zexCounterBasedEventCreate2(hContext=0x1122b738, hDevice=0x11214f28, desc=0x7fff6ec2def0, phEvent=0x1127a3f8)
<LEVEL_ZERO>[DEBUG]: ze_event_pool_desc_t flags set to: 1
[2026-10-08 19:08:38.820] [thread-id: 134581405965504] [trace] zexCounterBasedEventCreate2(hContext, hDevice, desc, phEvent)
[2026-10-08 19:08:38.820] [thread-id: 134581405965504] [trace] SUCCESS (ZE_RESULT_SUCCESS) in zexCounterBasedEventCreate2(hContext=0x1122b738, hDevice=0x11214f28, desc=0x7fff6ec2def0, phEvent=0x1127aaf8)
<LEVEL_ZERO>[DEBUG]: ze_event_pool_desc_t flags set to: 1
[2026-10-08 19:08:38.820] [thread-id: 134581405965504] [trace] zexCounterBasedEventCreate2(hContext, hDevice, desc, phEvent)
[2026-10-08 19:08:38.820] [thread-id: 134581405965504] [trace] SUCCESS (ZE_RESULT_SUCCESS) in zexCounterBasedEventCreate2(hContext=0x1122b738, hDevice=0x11214f28, desc=0x7fff6ec2def0, phEvent=0x1127b008)
<LEVEL_ZERO>[DEBUG]: ze_event_pool_desc_t flags set to: 1
[2026-10-08 19:08:38.820] [thread-id: 134581405965504] [trace] zexCounterBasedEventCreate2(hContext, hDevice, desc, phEvent)
[2026-10-08 19:08:38.820] [thread-id: 134581405965504] [trace] SUCCESS (ZE_RESULT_SUCCESS) in zexCounterBasedEventCreate2(hContext=0x1122b738, hDevice=0x11214f28, desc=0x7fff6ec2def0, phEvent=0x1127b708)
<LEVEL_ZERO>[DEBUG]: ze_event_pool_desc_t flags set to: 1
[2026-10-08 19:08:38.820] [thread-id: 134581405965504] [trace] zexCounterBasedEventCreate2(hContext, hDevice, desc, phEvent)
[2026-10-08 19:08:38.820] [thread-id: 134581405965504] [trace] SUCCESS (ZE_RESULT_SUCCESS) in zexCounterBasedEventCreate2(hContext=0x1122b738, hDevice=0x11214f28, desc=0x7fff6ec2def0, phEvent=0x1127bc18)
[2026-10-08 19:08:38.820] [thread-id: 134581405965504] [trace] zeCommandListAppendMemoryCopy(hCommandList, dstptr, srcptr, size, hSignalEvent, numWaitEvents, phWaitEventsLocal)
[2026-10-08 19:08:38.824] [thread-id: 134581405965504] [trace] SUCCESS (ZE_RESULT_SUCCESS) in zeCommandListAppendMemoryCopy(hCommandList=0x11232d88, dstptr=0xffffffffff600000, srcptr=0x112438a0, size=65536, hSignalEvent=0x1127bc18, numWaitEvents=0, phWaitEvents=nullptr)
   <--- urEnqueueUSMMemcpy(.hQueue = 0x112320a0, .blocking = 0, .pDst = 0xffffffffff600000, .pSrc = 0x112438a0, .size = 65536, .numEventsInWaitList = 0, .phEventWaitList = nullptr, .phEvent = 0x7fff6ec2e4f0 (0x1127b600)) -> UR_RESULT_SUCCESS;
   ---> urEventWait
[2026-10-08 19:08:38.824] [thread-id: 134581405965504] [trace] zeEventHostSynchronize(hEvent, timeout)
[2026-10-08 19:08:38.824] [thread-id: 134581405965504] [trace] SUCCESS (ZE_RESULT_SUCCESS) in zeEventHostSynchronize(hEvent=0x1127bc18, timeout=18446744073709551615)
   <--- urEventWait(.numEvents = 1, .phEventWaitList = 0x7fff6ec2e540 {0x1127b600}) -> UR_RESULT_SUCCESS;
   ---> urEventRelease
   <--- urEventRelease(.hEvent = 0x1127b600) -> UR_RESULT_SUCCESS;
   ---> urDeviceGetInfo
[2026-10-08 19:08:38.824] [thread-id: 134581405965504] [trace] zeDeviceGetComputeProperties(hDevice, pComputeProperties)
[2026-10-08 19:08:38.824] [thread-id: 134581405965504] [trace] SUCCESS (ZE_RESULT_SUCCESS) in zeDeviceGetComputeProperties(hDevice=0x11214f28, pComputeProperties={stype=0x1122a280, maxTotalGroupSize=1024, maxGroupSizeX=1024, maxGroupSizeY=1024, maxGroupSizeZ=1024, maxGroupCountX=4294967295, maxGroupCountY=4294967295, maxGroupCountZ=4294967295, maxSharedLocalMemory=131072, numSubGroupSizes=2, subGroupSizes=16})
   <--- urDeviceGetInfo(.hDevice = 0x1122a040, .propName = UR_DEVICE_INFO_MAX_WORK_GROUPS_3D, .propSize = 24, .pPropValue = {4294967295, 4294967295, 4294967295}, .pPropSizeRet = nullptr) -> UR_RESULT_SUCCESS;
   ---> urDeviceSelectBinary
   <--- urDeviceSelectBinary(.hDevice = 0x1122a040, .pBinaries = 0x112a4a50 ((struct ur_device_binary_t){.stype = UR_STRUCTURE_TYPE_CONTEXT_PROPERTIES, .pNext = nullptr, .pDeviceTargetSpec = 0x7a66afc523c0 (spir64)}), .NumBinaries = 1, .pSelectedBinary = 0x7fff6ec2da4c (0)) -> UR_RESULT_SUCCESS;
   ---> urPlatformGetBackendOption
   <--- urPlatformGetBackendOption(.hPlatform = 0x11228810, .pFrontendOption = 0x7fff6ec2d558 (-O2), .ppPlatformOption = 0x7fff6ec2d528 (0x7a66accc0975 (-ze-opt-level=2))) -> UR_RESULT_SUCCESS;
   ---> urDeviceGetInfo
   <--- urDeviceGetInfo(.hDevice = 0x1122a040, .propName = UR_DEVICE_INFO_VENDOR_ID, .propSize = 4, .pPropValue = 0x7fff6ec2d4a8 (32902), .pPropSizeRet = nullptr) -> UR_RESULT_SUCCESS;
   ---> urDeviceGetInfo
   <--- urDeviceGetInfo(.hDevice = 0x1122a040, .propName = UR_DEVICE_INFO_DEVICE_ID, .propSize = 0, .pPropValue = nullptr, .pPropSizeRet = 0x7fff6ec2d330 (4)) -> UR_RESULT_SUCCESS;
   ---> urDeviceGetInfo
   <--- urDeviceGetInfo(.hDevice = 0x1122a040, .propName = UR_DEVICE_INFO_DEVICE_ID, .propSize = 4, .pPropValue = 0x7fff6ec2d478 (57868), .pPropSizeRet = nullptr) -> UR_RESULT_SUCCESS;
   ---> urDeviceGetInfo
   <--- urDeviceGetInfo(.hDevice = 0x1122a040, .propName = UR_DEVICE_INFO_COMPILER_AVAILABLE, .propSize = 1, .pPropValue = 0x7fff6ec2d510 (true), .pPropSizeRet = nullptr) -> UR_RESULT_SUCCESS;
   ---> urProgramCreateWithIL
   <--- urProgramCreateWithIL(.hContext = 0x1122eb90, .pIL = 0x415b20, .length = 2080, .pProperties = nullptr, .phProgram = 0x7fff6ec2d630 (0x1126ca10)) -> UR_RESULT_SUCCESS;
   ---> urProgramBuildExp
[2026-10-08 19:08:38.824] [thread-id: 134581405965504] [trace] zeModuleCreate(hContext, hDevice, desc, phModule, phBuildLog)
[2026-10-08 19:08:38.825] [thread-id: 134581405965504] [trace] SUCCESS (ZE_RESULT_SUCCESS) in zeModuleCreate(hContext=0x1122b738, hDevice=0x11214f28, desc={stype=0x7fff6ec2d2b0, format=0x7fff6ec2d2c0, inputSize=2080, pInputModule=3, pBuildFlags=" -ze-opt-level=2", pConstants={numConstants=0, pConstantIds=nullptr, pConstantValues=nullptr}}, phModule=0x1127fd18, phBuildLog=0x112a5818)
[2026-10-08 19:08:38.825] [thread-id: 134581405965504] [trace] zeModuleGetProperties(hModule, pModuleProperties)
[2026-10-08 19:08:38.825] [thread-id: 134581405965504] [trace] SUCCESS (ZE_RESULT_SUCCESS) in zeModuleGetProperties(hModule=0x1127fd18, pModuleProperties={stype=0x7fff6ec2d220, flags=0})
   <--- urProgramBuildExp(.hProgram = 0x1126ca10, .numDevices = 1, .phDevices = 0x112a4a50 {0x1122a040}, .flags = 0, .pOptions = 0x112a4a70 ( -ze-opt-level=2)) -> UR_RESULT_SUCCESS;
   ---> urProgramRetain
   <--- urProgramRetain(.hProgram = 0x1126ca10) -> UR_RESULT_SUCCESS;
   ---> urKernelCreate
[2026-10-08 19:08:38.825] [thread-id: 134581405965504] [trace] zeKernelCreate(hModule, desc, phKernel)
[2026-10-08 19:08:38.825] [thread-id: 134581405965504] [trace] SUCCESS (ZE_RESULT_SUCCESS) in zeKernelCreate(hModule=0x1127fd18, desc={stype=0x7fff6ec2d940, flags=0, pKernelName="_ZTSZ4mainEUlN4sycl3_V12idILi1EEEE_"}, phKernel=0x112bc748)
[2026-10-08 19:08:38.825] [thread-id: 134581405965504] [trace] zeKernelGetName(hKernel, pSize, pName)
[2026-10-08 19:08:38.825] [thread-id: 134581405965504] [trace] SUCCESS (ZE_RESULT_SUCCESS) in zeKernelGetName(hKernel=0x112bc748, pSize=36, pName=nullptr)
[2026-10-08 19:08:38.825] [thread-id: 134581405965504] [trace] zeKernelGetName(hKernel, pSize, pName)
[2026-10-08 19:08:38.825] [thread-id: 134581405965504] [trace] SUCCESS (ZE_RESULT_SUCCESS) in zeKernelGetName(hKernel=0x112bc748, pSize=36, pName="_ZTSZ4mainEUlN4sycl3_V12idILi1EEEE_")
[2026-10-08 19:08:38.825] [thread-id: 134581405965504] [trace] zeKernelGetProperties(hKernel, pKernelProperties)
[2026-10-08 19:08:38.825] [thread-id: 134581405965504] [trace] SUCCESS (ZE_RESULT_SUCCESS) in zeKernelGetProperties(hKernel=0x112bc748, pKernelProperties={stype=0x1129db48, numKernelArgs=1, requiredGroupSizeX=0, requiredGroupSizeY=0, requiredGroupSizeZ=0, requiredNumSubGroups=0, requiredSubgroupSize=0, maxSubgroupSize=32, maxNumSubgroups=32, localMemSize=0, privateMemSize=0, spillMemSize=0, uuid={kid=0, mid=0}})
   <--- urKernelCreate(.hProgram = 0x1126ca10, .pKernelName = 0x4131d2 (_ZTSZ4mainEUlN4sycl3_V12idILi1EEEE_), .phKernel = 0x7fff6ec2dc60 (0x112b7d40)) -> UR_RESULT_SUCCESS;
   ---> urKernelSetExecInfo
[2026-10-08 19:08:38.825] [thread-id: 134581405965504] [trace] zeKernelSetIndirectAccess(hKernel, flags)
[2026-10-08 19:08:38.825] [thread-id: 134581405965504] [trace] SUCCESS (ZE_RESULT_SUCCESS) in zeKernelSetIndirectAccess(hKernel=0x112bc748, flags=7)
   <--- urKernelSetExecInfo(.hKernel = 0x112b7d40, .propName = UR_KERNEL_EXEC_INFO_USM_INDIRECT_ACCESS, .propSize = 1, .pProperties = nullptr, .pPropValue = 0x7fff6ec2dc5f (true)) -> UR_RESULT_SUCCESS;
   ---> urKernelRetain
   <--- urKernelRetain(.hKernel = 0x112b7d40) -> UR_RESULT_SUCCESS;
   ---> urKernelGetGroupInfo
   <--- urKernelGetGroupInfo(.hKernel = 0x112b7d40, .hDevice = 0x1122a040, .propName = UR_KERNEL_GROUP_INFO_COMPILE_WORK_GROUP_SIZE, .propSize = 24, .pPropValue = {0, 0, 0}, .pPropSizeRet = nullptr) -> UR_RESULT_SUCCESS;
   ---> urEnqueueKernelLaunchWithArgsExp
[2026-10-08 19:08:38.825] [thread-id: 134581405965504] [trace] zeKernelSuggestGroupSize(hKernel, globalSizeX, globalSizeY, globalSizeZ, groupSizeX, groupSizeY, groupSizeZ)
[2026-10-08 19:08:38.825] [thread-id: 134581405965504] [trace] SUCCESS (ZE_RESULT_SUCCESS) in zeKernelSuggestGroupSize(hKernel=0x112bc748, globalSizeX=16384, globalSizeY=1, globalSizeZ=1, groupSizeX=1024, groupSizeY=1, groupSizeZ=1)
[2026-10-08 19:08:38.825] [thread-id: 134581405965504] [trace] zeKernelSetGroupSize(hKernel, groupSizeX, groupSizeY, groupSizeZ)
[2026-10-08 19:08:38.825] [thread-id: 134581405965504] [trace] SUCCESS (ZE_RESULT_SUCCESS) in zeKernelSetGroupSize(hKernel=0x112bc748, groupSizeX=1024, groupSizeY=1, groupSizeZ=1)
[2026-10-08 19:08:38.825] [thread-id: 134581405965504] [trace] zeCommandListAppendLaunchKernelWithArguments(hCommandList, hKernel, groupCounts, groupSizes, pArguments, pNext, hSignalEvent, numWaitEvents, phWaitEventsLocal)
[2026-10-08 19:08:38.826] [thread-id: 134581405965504] [trace] SUCCESS (ZE_RESULT_SUCCESS) in zeCommandListAppendLaunchKernelWithArguments(hCommandList=0x11232d88, hKernel=0x112bc748, groupCounts={groupCountX=16, groupCountY=1, groupCountZ=1}, groupSizes={groupSizeX=1024, groupSizeY=1, groupSizeZ=1}, pArguments=0x112bce90, pNext=nullptr, hSignalEvent=0x1127bc18, numWaitEvents=0, phWaitEvents=nullptr)
   <--- urEnqueueKernelLaunchWithArgsExp(.hQueue = 0x112320a0, .hKernel = 0x112b7d40, .workDim = 1, .pGlobalWorkOffset = nullptr, .pGlobalWorkSize = 0x7fff6ec2e420 (16384), .pLocalWorkSize = nullptr, .numArgs = 1, .pArgs = 0x112b88d0 {(struct ur_exp_kernel_arg_properties_t){.stype = UR_STRUCTURE_TYPE_EXP_KERNEL_ARG_PROPERTIES, .pNext = nullptr, .type = UR_EXP_KERNEL_ARG_TYPE_POINTER, .index = 0, .size = 8, .value = (union ur_exp_kernel_arg_value_t){.pointer = 0xffffffffff600000}}}, .launchPropList = nullptr, .numEventsInWaitList = 0, .phEventWaitList = nullptr, .phEvent = 0x7fff6ec2de40 (0x1127b600)) -> UR_RESULT_SUCCESS;
   ---> urEventWait
[2026-10-08 19:08:38.826] [thread-id: 134581405965504] [trace] zeEventHostSynchronize(hEvent, timeout)
[2026-10-08 19:08:38.826] [thread-id: 134581405965504] [trace] SUCCESS (ZE_RESULT_SUCCESS) in zeEventHostSynchronize(hEvent=0x1127bc18, timeout=18446744073709551615)
   <--- urEventWait(.numEvents = 1, .phEventWaitList = 0x7fff6ec2e540 {0x1127b600}) -> UR_RESULT_SUCCESS;
   ---> urEventRelease
   <--- urEventRelease(.hEvent = 0x1127b600) -> UR_RESULT_SUCCESS;
   ---> urEnqueueUSMMemcpy
[2026-10-08 19:08:38.827] [thread-id: 134581405965504] [trace] zeCommandListAppendMemoryCopy(hCommandList, dstptr, srcptr, size, hSignalEvent, numWaitEvents, phWaitEventsLocal)
[2026-10-08 19:08:38.827] [thread-id: 134581405965504] [trace] SUCCESS (ZE_RESULT_SUCCESS) in zeCommandListAppendMemoryCopy(hCommandList=0x11232d88, dstptr=0x112538b0, srcptr=0xffffffffff600000, size=65536, hSignalEvent=0x1127bc18, numWaitEvents=0, phWaitEvents=nullptr)
   <--- urEnqueueUSMMemcpy(.hQueue = 0x112320a0, .blocking = 0, .pDst = 0x112538b0, .pSrc = 0xffffffffff600000, .size = 65536, .numEventsInWaitList = 0, .phEventWaitList = nullptr, .phEvent = 0x7fff6ec2e4f0 (0x1127b600)) -> UR_RESULT_SUCCESS;
   ---> urEventWait
[2026-10-08 19:08:38.827] [thread-id: 134581405965504] [trace] zeEventHostSynchronize(hEvent, timeout)
[2026-10-08 19:08:38.827] [thread-id: 134581405965504] [trace] SUCCESS (ZE_RESULT_SUCCESS) in zeEventHostSynchronize(hEvent=0x1127bc18, timeout=18446744073709551615)
   <--- urEventWait(.numEvents = 1, .phEventWaitList = 0x7fff6ec2e540 {0x1127b600}) -> UR_RESULT_SUCCESS;
   ---> urEventRelease
   <--- urEventRelease(.hEvent = 0x1127b600) -> UR_RESULT_SUCCESS;
   ---> urEnqueueUSMMemcpy
[2026-10-08 19:08:38.827] [thread-id: 134581405965504] [trace] zeCommandListAppendMemoryCopy(hCommandList, dstptr, srcptr, size, hSignalEvent, numWaitEvents, phWaitEventsLocal)
[2026-10-08 19:08:38.827] [thread-id: 134581405965504] [trace] SUCCESS (ZE_RESULT_SUCCESS) in zeCommandListAppendMemoryCopy(hCommandList=0x11232d88, dstptr=0xffffffffff600000, srcptr=0x112438a0, size=65536, hSignalEvent=0x1127bc18, numWaitEvents=0, phWaitEvents=nullptr)
   <--- urEnqueueUSMMemcpy(.hQueue = 0x112320a0, .blocking = 0, .pDst = 0xffffffffff600000, .pSrc = 0x112438a0, .size = 65536, .numEventsInWaitList = 0, .phEventWaitList = nullptr, .phEvent = 0x7fff6ec2e4f0 (0x1127b600)) -> UR_RESULT_SUCCESS;
   ---> urEventWait
[2026-10-08 19:08:38.827] [thread-id: 134581405965504] [trace] zeEventHostSynchronize(hEvent, timeout)
[2026-10-08 19:08:38.827] [thread-id: 134581405965504] [trace] SUCCESS (ZE_RESULT_SUCCESS) in zeEventHostSynchronize(hEvent=0x1127bc18, timeout=18446744073709551615)
   <--- urEventWait(.numEvents = 1, .phEventWaitList = 0x7fff6ec2e540 {0x1127b600}) -> UR_RESULT_SUCCESS;
   ---> urEventRelease
   <--- urEventRelease(.hEvent = 0x1127b600) -> UR_RESULT_SUCCESS;
   ---> urDeviceGetInfo
   <--- urDeviceGetInfo(.hDevice = 0x1122a040, .propName = UR_DEVICE_INFO_MAX_WORK_GROUPS_3D, .propSize = 24, .pPropValue = {4294967295, 4294967295, 4294967295}, .pPropSizeRet = nullptr) -> UR_RESULT_SUCCESS;
   ---> urKernelGetGroupInfo
   <--- urKernelGetGroupInfo(.hKernel = 0x112b7d40, .hDevice = 0x1122a040, .propName = UR_KERNEL_GROUP_INFO_COMPILE_WORK_GROUP_SIZE, .propSize = 24, .pPropValue = {0, 0, 0}, .pPropSizeRet = nullptr) -> UR_RESULT_SUCCESS;
   ---> urEnqueueKernelLaunchWithArgsExp
[2026-10-08 19:08:38.827] [thread-id: 134581405965504] [trace] zeKernelSuggestGroupSize(hKernel, globalSizeX, globalSizeY, globalSizeZ, groupSizeX, groupSizeY, groupSizeZ)
[2026-10-08 19:08:38.827] [thread-id: 134581405965504] [trace] SUCCESS (ZE_RESULT_SUCCESS) in zeKernelSuggestGroupSize(hKernel=0x112bc748, globalSizeX=16384, globalSizeY=1, globalSizeZ=1, groupSizeX=1024, groupSizeY=1, groupSizeZ=1)
[2026-10-08 19:08:38.827] [thread-id: 134581405965504] [trace] zeKernelSetGroupSize(hKernel, groupSizeX, groupSizeY, groupSizeZ)
[2026-10-08 19:08:38.827] [thread-id: 134581405965504] [trace] SUCCESS (ZE_RESULT_SUCCESS) in zeKernelSetGroupSize(hKernel=0x112bc748, groupSizeX=1024, groupSizeY=1, groupSizeZ=1)
[2026-10-08 19:08:38.827] [thread-id: 134581405965504] [trace] zeCommandListAppendLaunchKernelWithArguments(hCommandList, hKernel, groupCounts, groupSizes, pArguments, pNext, hSignalEvent, numWaitEvents, phWaitEventsLocal)
[2026-10-08 19:08:38.827] [thread-id: 134581405965504] [trace] SUCCESS (ZE_RESULT_SUCCESS) in zeCommandListAppendLaunchKernelWithArguments(hCommandList=0x11232d88, hKernel=0x112bc748, groupCounts={groupCountX=16, groupCountY=1, groupCountZ=1}, groupSizes={groupSizeX=1024, groupSizeY=1, groupSizeZ=1}, pArguments=0x112bce90, pNext=nullptr, hSignalEvent=0x1127bc18, numWaitEvents=0, phWaitEvents=nullptr)
   <--- urEnqueueKernelLaunchWithArgsExp(.hQueue = 0x112320a0, .hKernel = 0x112b7d40, .workDim = 1, .pGlobalWorkOffset = nullptr, .pGlobalWorkSize = 0x7fff6ec2e420 (16384), .pLocalWorkSize = nullptr, .numArgs = 1, .pArgs = 0x112b88d0 {(struct ur_exp_kernel_arg_properties_t){.stype = UR_STRUCTURE_TYPE_EXP_KERNEL_ARG_PROPERTIES, .pNext = nullptr, .type = UR_EXP_KERNEL_ARG_TYPE_POINTER, .index = 0, .size = 8, .value = (union ur_exp_kernel_arg_value_t){.pointer = 0xffffffffff600000}}}, .launchPropList = nullptr, .numEventsInWaitList = 0, .phEventWaitList = nullptr, .phEvent = 0x7fff6ec2de40 (0x1127b600)) -> UR_RESULT_SUCCESS;
   ---> urEventWait
[2026-10-08 19:08:38.827] [thread-id: 134581405965504] [trace] zeEventHostSynchronize(hEvent, timeout)
[2026-10-08 19:08:38.827] [thread-id: 134581405965504] [trace] SUCCESS (ZE_RESULT_SUCCESS) in zeEventHostSynchronize(hEvent=0x1127bc18, timeout=18446744073709551615)
   <--- urEventWait(.numEvents = 1, .phEventWaitList = 0x7fff6ec2e540 {0x1127b600}) -> UR_RESULT_SUCCESS;
   ---> urEventRelease
   <--- urEventRelease(.hEvent = 0x1127b600) -> UR_RESULT_SUCCESS;
   ---> urEnqueueUSMMemcpy
[2026-10-08 19:08:38.827] [thread-id: 134581405965504] [trace] zeCommandListAppendMemoryCopy(hCommandList, dstptr, srcptr, size, hSignalEvent, numWaitEvents, phWaitEventsLocal)
[2026-10-08 19:08:38.827] [thread-id: 134581405965504] [trace] SUCCESS (ZE_RESULT_SUCCESS) in zeCommandListAppendMemoryCopy(hCommandList=0x11232d88, dstptr=0x112538b0, srcptr=0xffffffffff600000, size=65536, hSignalEvent=0x1127bc18, numWaitEvents=0, phWaitEvents=nullptr)
   <--- urEnqueueUSMMemcpy(.hQueue = 0x112320a0, .blocking = 0, .pDst = 0x112538b0, .pSrc = 0xffffffffff600000, .size = 65536, .numEventsInWaitList = 0, .phEventWaitList = nullptr, .phEvent = 0x7fff6ec2e4f0 (0x1127b600)) -> UR_RESULT_SUCCESS;
   ---> urEventWait
[2026-10-08 19:08:38.827] [thread-id: 134581405965504] [trace] zeEventHostSynchronize(hEvent, timeout)
[2026-10-08 19:08:38.827] [thread-id: 134581405965504] [trace] SUCCESS (ZE_RESULT_SUCCESS) in zeEventHostSynchronize(hEvent=0x1127bc18, timeout=18446744073709551615)
   <--- urEventWait(.numEvents = 1, .phEventWaitList = 0x7fff6ec2e540 {0x1127b600}) -> UR_RESULT_SUCCESS;
   ---> urEventRelease
   <--- urEventRelease(.hEvent = 0x1127b600) -> UR_RESULT_SUCCESS;
   ---> urEnqueueUSMMemcpy
[2026-10-08 19:08:38.827] [thread-id: 134581405965504] [trace] zeCommandListAppendMemoryCopy(hCommandList, dstptr, srcptr, size, hSignalEvent, numWaitEvents, phWaitEventsLocal)
[2026-10-08 19:08:38.827] [thread-id: 134581405965504] [trace] SUCCESS (ZE_RESULT_SUCCESS) in zeCommandListAppendMemoryCopy(hCommandList=0x11232d88, dstptr=0xffffffffff600000, srcptr=0x112438a0, size=65536, hSignalEvent=0x1127bc18, numWaitEvents=0, phWaitEvents=nullptr)
   <--- urEnqueueUSMMemcpy(.hQueue = 0x112320a0, .blocking = 0, .pDst = 0xffffffffff600000, .pSrc = 0x112438a0, .size = 65536, .numEventsInWaitList = 0, .phEventWaitList = nullptr, .phEvent = 0x7fff6ec2e4f0 (0x1127b600)) -> UR_RESULT_SUCCESS;
   ---> urEventWait
[2026-10-08 19:08:38.828] [thread-id: 134581405965504] [trace] zeEventHostSynchronize(hEvent, timeout)
[2026-10-08 19:08:38.828] [thread-id: 134581405965504] [trace] SUCCESS (ZE_RESULT_SUCCESS) in zeEventHostSynchronize(hEvent=0x1127bc18, timeout=18446744073709551615)
   <--- urEventWait(.numEvents = 1, .phEventWaitList = 0x7fff6ec2e540 {0x1127b600}) -> UR_RESULT_SUCCESS;
   ---> urEventRelease
   <--- urEventRelease(.hEvent = 0x1127b600) -> UR_RESULT_SUCCESS;
   ---> urDeviceGetInfo
   <--- urDeviceGetInfo(.hDevice = 0x1122a040, .propName = UR_DEVICE_INFO_MAX_WORK_GROUPS_3D, .propSize = 24, .pPropValue = {4294967295, 4294967295, 4294967295}, .pPropSizeRet = nullptr) -> UR_RESULT_SUCCESS;
   ---> urKernelGetGroupInfo
   <--- urKernelGetGroupInfo(.hKernel = 0x112b7d40, .hDevice = 0x1122a040, .propName = UR_KERNEL_GROUP_INFO_COMPILE_WORK_GROUP_SIZE, .propSize = 24, .pPropValue = {0, 0, 0}, .pPropSizeRet = nullptr) -> UR_RESULT_SUCCESS;
   ---> urEnqueueKernelLaunchWithArgsExp
[2026-10-08 19:08:38.828] [thread-id: 134581405965504] [trace] zeKernelSuggestGroupSize(hKernel, globalSizeX, globalSizeY, globalSizeZ, groupSizeX, groupSizeY, groupSizeZ)
[2026-10-08 19:08:38.828] [thread-id: 134581405965504] [trace] SUCCESS (ZE_RESULT_SUCCESS) in zeKernelSuggestGroupSize(hKernel=0x112bc748, globalSizeX=16384, globalSizeY=1, globalSizeZ=1, groupSizeX=1024, groupSizeY=1, groupSizeZ=1)
[2026-10-08 19:08:38.828] [thread-id: 134581405965504] [trace] zeKernelSetGroupSize(hKernel, groupSizeX, groupSizeY, groupSizeZ)
[2026-10-08 19:08:38.828] [thread-id: 134581405965504] [trace] SUCCESS (ZE_RESULT_SUCCESS) in zeKernelSetGroupSize(hKernel=0x112bc748, groupSizeX=1024, groupSizeY=1, groupSizeZ=1)
[2026-10-08 19:08:38.828] [thread-id: 134581405965504] [trace] zeCommandListAppendLaunchKernelWithArguments(hCommandList, hKernel, groupCounts, groupSizes, pArguments, pNext, hSignalEvent, numWaitEvents, phWaitEventsLocal)
[2026-10-08 19:08:38.828] [thread-id: 134581405965504] [trace] SUCCESS (ZE_RESULT_SUCCESS) in zeCommandListAppendLaunchKernelWithArguments(hCommandList=0x11232d88, hKernel=0x112bc748, groupCounts={groupCountX=16, groupCountY=1, groupCountZ=1}, groupSizes={groupSizeX=1024, groupSizeY=1, groupSizeZ=1}, pArguments=0x112bce90, pNext=nullptr, hSignalEvent=0x1127bc18, numWaitEvents=0, phWaitEvents=nullptr)
   <--- urEnqueueKernelLaunchWithArgsExp(.hQueue = 0x112320a0, .hKernel = 0x112b7d40, .workDim = 1, .pGlobalWorkOffset = nullptr, .pGlobalWorkSize = 0x7fff6ec2e420 (16384), .pLocalWorkSize = nullptr, .numArgs = 1, .pArgs = 0x112b88d0 {(struct ur_exp_kernel_arg_properties_t){.stype = UR_STRUCTURE_TYPE_EXP_KERNEL_ARG_PROPERTIES, .pNext = nullptr, .type = UR_EXP_KERNEL_ARG_TYPE_POINTER, .index = 0, .size = 8, .value = (union ur_exp_kernel_arg_value_t){.pointer = 0xffffffffff600000}}}, .launchPropList = nullptr, .numEventsInWaitList = 0, .phEventWaitList = nullptr, .phEvent = 0x7fff6ec2de40 (0x1127b600)) -> UR_RESULT_SUCCESS;
   ---> urEventWait
[2026-10-08 19:08:38.828] [thread-id: 134581405965504] [trace] zeEventHostSynchronize(hEvent, timeout)
[2026-10-08 19:08:38.828] [thread-id: 134581405965504] [trace] SUCCESS (ZE_RESULT_SUCCESS) in zeEventHostSynchronize(hEvent=0x1127bc18, timeout=18446744073709551615)
   <--- urEventWait(.numEvents = 1, .phEventWaitList = 0x7fff6ec2e540 {0x1127b600}) -> UR_RESULT_SUCCESS;
   ---> urEventRelease
   <--- urEventRelease(.hEvent = 0x1127b600) -> UR_RESULT_SUCCESS;
   ---> urEnqueueUSMMemcpy
[2026-10-08 19:08:38.828] [thread-id: 134581405965504] [trace] zeCommandListAppendMemoryCopy(hCommandList, dstptr, srcptr, size, hSignalEvent, numWaitEvents, phWaitEventsLocal)
[2026-10-08 19:08:38.828] [thread-id: 134581405965504] [trace] SUCCESS (ZE_RESULT_SUCCESS) in zeCommandListAppendMemoryCopy(hCommandList=0x11232d88, dstptr=0x112538b0, srcptr=0xffffffffff600000, size=65536, hSignalEvent=0x1127bc18, numWaitEvents=0, phWaitEvents=nullptr)
   <--- urEnqueueUSMMemcpy(.hQueue = 0x112320a0, .blocking = 0, .pDst = 0x112538b0, .pSrc = 0xffffffffff600000, .size = 65536, .numEventsInWaitList = 0, .phEventWaitList = nullptr, .phEvent = 0x7fff6ec2e4f0 (0x1127b600)) -> UR_RESULT_SUCCESS;
   ---> urEventWait
[2026-10-08 19:08:38.828] [thread-id: 134581405965504] [trace] zeEventHostSynchronize(hEvent, timeout)
[2026-10-08 19:08:38.828] [thread-id: 134581405965504] [trace] SUCCESS (ZE_RESULT_SUCCESS) in zeEventHostSynchronize(hEvent=0x1127bc18, timeout=18446744073709551615)
   <--- urEventWait(.numEvents = 1, .phEventWaitList = 0x7fff6ec2e540 {0x1127b600}) -> UR_RESULT_SUCCESS;
   ---> urEventRelease
   <--- urEventRelease(.hEvent = 0x1127b600) -> UR_RESULT_SUCCESS;
   ---> urQueueFinish
[2026-10-08 19:08:38.828] [thread-id: 134581405965504] [trace] zeCommandListHostSynchronize(hCommandList, timeout)
[2026-10-08 19:08:38.828] [thread-id: 134581405965504] [trace] SUCCESS (ZE_RESULT_SUCCESS) in zeCommandListHostSynchronize(hCommandList=0x11232d88, timeout=18446744073709551615)
   <--- urQueueFinish(.hQueue = 0x112320a0) -> UR_RESULT_SUCCESS;
   ---> urUSMFree
   <--- urUSMFree(.hContext = 0x1122eb90, .pMem = 0xffffffffff600000) -> UR_RESULT_SUCCESS;
   ---> urQueueRelease
[2026-10-08 19:08:38.828] [thread-id: 134581405965504] [trace] zeCommandListHostSynchronize(hCommandList, timeout)
[2026-10-08 19:08:38.828] [thread-id: 134581405965504] [trace] SUCCESS (ZE_RESULT_SUCCESS) in zeCommandListHostSynchronize(hCommandList=0x11232d88, timeout=18446744073709551615)
   <--- urQueueRelease(.hQueue = 0x112320a0) -> UR_RESULT_SUCCESS;
   ---> urProgramRelease
   <--- urProgramRelease(.hProgram = 0x1126ca10) -> UR_RESULT_SUCCESS;
   ---> urKernelRelease
   <--- urKernelRelease(.hKernel = 0x112b7d40) -> UR_RESULT_SUCCESS;
   ---> urProgramRelease
   <--- urProgramRelease(.hProgram = 0x1126ca10) -> UR_RESULT_SUCCESS;
   ---> urKernelRelease
[2026-10-08 19:08:38.828] [thread-id: 134581405965504] [trace] zeKernelDestroy(hKernel)
[2026-10-08 19:08:38.828] [thread-id: 134581405965504] [trace] SUCCESS (ZE_RESULT_SUCCESS) in zeKernelDestroy(hKernel=0x112bc748)
[2026-10-08 19:08:38.828] [thread-id: 134581405965504] [trace] zeModuleBuildLogDestroy(hModuleBuildLog)
[2026-10-08 19:08:38.828] [thread-id: 134581405965504] [trace] SUCCESS (ZE_RESULT_SUCCESS) in zeModuleBuildLogDestroy(hModuleBuildLog=0x112a5818)
[2026-10-08 19:08:38.828] [thread-id: 134581405965504] [trace] zeModuleDestroy(hModule)
[2026-10-08 19:08:38.828] [thread-id: 134581405965504] [trace] SUCCESS (ZE_RESULT_SUCCESS) in zeModuleDestroy(hModule=0x1127fd18)
   <--- urKernelRelease(.hKernel = 0x112b7d40) -> UR_RESULT_SUCCESS;
   ---> urContextRelease
[2026-10-08 19:08:38.828] [thread-id: 134581405965504] [trace] zeMemFreeExt(hContext, pMemFreeDesc, ptr)
[2026-10-08 19:08:38.829] [thread-id: 134581405965504] [trace] SUCCESS (ZE_RESULT_SUCCESS) in zeMemFreeExt(hContext=0x1122b738, pMemFreeDesc={stype=0x7fff6ec2e280, freePolicy=1}, ptr=0xffffffffff600000)
[2026-10-08 19:08:38.829] [thread-id: 134581405965504] [trace] zeEventDestroy(hEvent)
[2026-10-08 19:08:38.829] [thread-id: 134581405965504] [trace] SUCCESS (ZE_RESULT_SUCCESS) in zeEventDestroy(hEvent=0x11264528)
[2026-10-08 19:08:38.829] [thread-id: 134581405965504] [trace] zeEventDestroy(hEvent)
[2026-10-08 19:08:38.829] [thread-id: 134581405965504] [trace] SUCCESS (ZE_RESULT_SUCCESS) in zeEventDestroy(hEvent=0x11264a68)
[2026-10-08 19:08:38.829] [thread-id: 134581405965504] [trace] zeEventDestroy(hEvent)
[2026-10-08 19:08:38.829] [thread-id: 134581405965504] [trace] SUCCESS (ZE_RESULT_SUCCESS) in zeEventDestroy(hEvent=0x11265168)
[2026-10-08 19:08:38.829] [thread-id: 134581405965504] [trace] zeEventDestroy(hEvent)
[2026-10-08 19:08:38.829] [thread-id: 134581405965504] [trace] SUCCESS (ZE_RESULT_SUCCESS) in zeEventDestroy(hEvent=0x112656c8)
[2026-10-08 19:08:38.829] [thread-id: 134581405965504] [trace] zeEventDestroy(hEvent)
[2026-10-08 19:08:38.829] [thread-id: 134581405965504] [trace] SUCCESS (ZE_RESULT_SUCCESS) in zeEventDestroy(hEvent=0x11265dc8)
[2026-10-08 19:08:38.829] [thread-id: 134581405965504] [trace] zeEventDestroy(hEvent)
[2026-10-08 19:08:38.829] [thread-id: 134581405965504] [trace] SUCCESS (ZE_RESULT_SUCCESS) in zeEventDestroy(hEvent=0x112662d8)
[2026-10-08 19:08:38.829] [thread-id: 134581405965504] [trace] zeEventDestroy(hEvent)
[2026-10-08 19:08:38.829] [thread-id: 134581405965504] [trace] SUCCESS (ZE_RESULT_SUCCESS) in zeEventDestroy(hEvent=0x112669d8)
[2026-10-08 19:08:38.829] [thread-id: 134581405965504] [trace] zeEventDestroy(hEvent)
[2026-10-08 19:08:38.829] [thread-id: 134581405965504] [trace] SUCCESS (ZE_RESULT_SUCCESS) in zeEventDestroy(hEvent=0x11266ee8)
[2026-10-08 19:08:38.829] [thread-id: 134581405965504] [trace] zeEventDestroy(hEvent)
[2026-10-08 19:08:38.829] [thread-id: 134581405965504] [trace] SUCCESS (ZE_RESULT_SUCCESS) in zeEventDestroy(hEvent=0x112675e8)
[2026-10-08 19:08:38.829] [thread-id: 134581405965504] [trace] zeEventDestroy(hEvent)
[2026-10-08 19:08:38.829] [thread-id: 134581405965504] [trace] SUCCESS (ZE_RESULT_SUCCESS) in zeEventDestroy(hEvent=0x11267b98)
[2026-10-08 19:08:38.829] [thread-id: 134581405965504] [trace] zeEventDestroy(hEvent)
[2026-10-08 19:08:38.829] [thread-id: 134581405965504] [trace] SUCCESS (ZE_RESULT_SUCCESS) in zeEventDestroy(hEvent=0x11268298)
[2026-10-08 19:08:38.829] [thread-id: 134581405965504] [trace] zeEventDestroy(hEvent)
[2026-10-08 19:08:38.829] [thread-id: 134581405965504] [trace] SUCCESS (ZE_RESULT_SUCCESS) in zeEventDestroy(hEvent=0x112687a8)
[2026-10-08 19:08:38.829] [thread-id: 134581405965504] [trace] zeEventDestroy(hEvent)
[2026-10-08 19:08:38.829] [thread-id: 134581405965504] [trace] SUCCESS (ZE_RESULT_SUCCESS) in zeEventDestroy(hEvent=0x11268ea8)
[2026-10-08 19:08:38.829] [thread-id: 134581405965504] [trace] zeEventDestroy(hEvent)
[2026-10-08 19:08:38.829] [thread-id: 134581405965504] [trace] SUCCESS (ZE_RESULT_SUCCESS) in zeEventDestroy(hEvent=0x112693b8)
[2026-10-08 19:08:38.829] [thread-id: 134581405965504] [trace] zeEventDestroy(hEvent)
[2026-10-08 19:08:38.829] [thread-id: 134581405965504] [trace] SUCCESS (ZE_RESULT_SUCCESS) in zeEventDestroy(hEvent=0x11269ab8)
[2026-10-08 19:08:38.829] [thread-id: 134581405965504] [trace] zeEventDestroy(hEvent)
[2026-10-08 19:08:38.829] [thread-id: 134581405965504] [trace] SUCCESS (ZE_RESULT_SUCCESS) in zeEventDestroy(hEvent=0x1126a0d8)
[2026-10-08 19:08:38.829] [thread-id: 134581405965504] [trace] zeEventDestroy(hEvent)
[2026-10-08 19:08:38.829] [thread-id: 134581405965504] [trace] SUCCESS (ZE_RESULT_SUCCESS) in zeEventDestroy(hEvent=0x1126a7d8)
[2026-10-08 19:08:38.829] [thread-id: 134581405965504] [trace] zeEventDestroy(hEvent)
[2026-10-08 19:08:38.829] [thread-id: 134581405965504] [trace] SUCCESS (ZE_RESULT_SUCCESS) in zeEventDestroy(hEvent=0x1126ace8)
[2026-10-08 19:08:38.829] [thread-id: 134581405965504] [trace] zeEventDestroy(hEvent)
[2026-10-08 19:08:38.829] [thread-id: 134581405965504] [trace] SUCCESS (ZE_RESULT_SUCCESS) in zeEventDestroy(hEvent=0x1126b3e8)
[2026-10-08 19:08:38.829] [thread-id: 134581405965504] [trace] zeEventDestroy(hEvent)
[2026-10-08 19:08:38.829] [thread-id: 134581405965504] [trace] SUCCESS (ZE_RESULT_SUCCESS) in zeEventDestroy(hEvent=0x1126b8f8)
[2026-10-08 19:08:38.829] [thread-id: 134581405965504] [trace] zeEventDestroy(hEvent)
[2026-10-08 19:08:38.829] [thread-id: 134581405965504] [trace] SUCCESS (ZE_RESULT_SUCCESS) in zeEventDestroy(hEvent=0x1126bff8)
[2026-10-08 19:08:38.829] [thread-id: 134581405965504] [trace] zeEventDestroy(hEvent)
[2026-10-08 19:08:38.829] [thread-id: 134581405965504] [trace] SUCCESS (ZE_RESULT_SUCCESS) in zeEventDestroy(hEvent=0x1126c508)
[2026-10-08 19:08:38.829] [thread-id: 134581405965504] [trace] zeEventDestroy(hEvent)
[2026-10-08 19:08:38.829] [thread-id: 134581405965504] [trace] SUCCESS (ZE_RESULT_SUCCESS) in zeEventDestroy(hEvent=0x1126cd48)
[2026-10-08 19:08:38.829] [thread-id: 134581405965504] [trace] zeEventDestroy(hEvent)
[2026-10-08 19:08:38.829] [thread-id: 134581405965504] [trace] SUCCESS (ZE_RESULT_SUCCESS) in zeEventDestroy(hEvent=0x1126d258)
[2026-10-08 19:08:38.829] [thread-id: 134581405965504] [trace] zeEventDestroy(hEvent)
[2026-10-08 19:08:38.829] [thread-id: 134581405965504] [trace] SUCCESS (ZE_RESULT_SUCCESS) in zeEventDestroy(hEvent=0x1126d958)
[2026-10-08 19:08:38.829] [thread-id: 134581405965504] [trace] zeEventDestroy(hEvent)
[2026-10-08 19:08:38.829] [thread-id: 134581405965504] [trace] SUCCESS (ZE_RESULT_SUCCESS) in zeEventDestroy(hEvent=0x1126de68)
[2026-10-08 19:08:38.829] [thread-id: 134581405965504] [trace] zeEventDestroy(hEvent)
[2026-10-08 19:08:38.829] [thread-id: 134581405965504] [trace] SUCCESS (ZE_RESULT_SUCCESS) in zeEventDestroy(hEvent=0x1126e568)
[2026-10-08 19:08:38.829] [thread-id: 134581405965504] [trace] zeEventDestroy(hEvent)
[2026-10-08 19:08:38.829] [thread-id: 134581405965504] [trace] SUCCESS (ZE_RESULT_SUCCESS) in zeEventDestroy(hEvent=0x1126ea78)
[2026-10-08 19:08:38.829] [thread-id: 134581405965504] [trace] zeEventDestroy(hEvent)
[2026-10-08 19:08:38.829] [thread-id: 134581405965504] [trace] SUCCESS (ZE_RESULT_SUCCESS) in zeEventDestroy(hEvent=0x1126f178)
[2026-10-08 19:08:38.830] [thread-id: 134581405965504] [trace] zeEventDestroy(hEvent)
[2026-10-08 19:08:38.830] [thread-id: 134581405965504] [trace] SUCCESS (ZE_RESULT_SUCCESS) in zeEventDestroy(hEvent=0x1126f688)
[2026-10-08 19:08:38.830] [thread-id: 134581405965504] [trace] zeEventDestroy(hEvent)
[2026-10-08 19:08:38.830] [thread-id: 134581405965504] [trace] SUCCESS (ZE_RESULT_SUCCESS) in zeEventDestroy(hEvent=0x1126fd88)
[2026-10-08 19:08:38.830] [thread-id: 134581405965504] [trace] zeEventDestroy(hEvent)
[2026-10-08 19:08:38.830] [thread-id: 134581405965504] [trace] SUCCESS (ZE_RESULT_SUCCESS) in zeEventDestroy(hEvent=0x112704a8)
[2026-10-08 19:08:38.830] [thread-id: 134581405965504] [trace] zeEventDestroy(hEvent)
[2026-10-08 19:08:38.830] [thread-id: 134581405965504] [trace] SUCCESS (ZE_RESULT_SUCCESS) in zeEventDestroy(hEvent=0x11270ba8)
[2026-10-08 19:08:38.830] [thread-id: 134581405965504] [trace] zeEventDestroy(hEvent)
[2026-10-08 19:08:38.830] [thread-id: 134581405965504] [trace] SUCCESS (ZE_RESULT_SUCCESS) in zeEventDestroy(hEvent=0x112710b8)
[2026-10-08 19:08:38.830] [thread-id: 134581405965504] [trace] zeEventDestroy(hEvent)
[2026-10-08 19:08:38.830] [thread-id: 134581405965504] [trace] SUCCESS (ZE_RESULT_SUCCESS) in zeEventDestroy(hEvent=0x112717b8)
[2026-10-08 19:08:38.830] [thread-id: 134581405965504] [trace] zeEventDestroy(hEvent)
[2026-10-08 19:08:38.830] [thread-id: 134581405965504] [trace] SUCCESS (ZE_RESULT_SUCCESS) in zeEventDestroy(hEvent=0x11271cc8)
[2026-10-08 19:08:38.830] [thread-id: 134581405965504] [trace] zeEventDestroy(hEvent)
[2026-10-08 19:08:38.830] [thread-id: 134581405965504] [trace] SUCCESS (ZE_RESULT_SUCCESS) in zeEventDestroy(hEvent=0x112723c8)
[2026-10-08 19:08:38.830] [thread-id: 134581405965504] [trace] zeEventDestroy(hEvent)
[2026-10-08 19:08:38.830] [thread-id: 134581405965504] [trace] SUCCESS (ZE_RESULT_SUCCESS) in zeEventDestroy(hEvent=0x112728d8)
[2026-10-08 19:08:38.830] [thread-id: 134581405965504] [trace] zeEventDestroy(hEvent)
[2026-10-08 19:08:38.830] [thread-id: 134581405965504] [trace] SUCCESS (ZE_RESULT_SUCCESS) in zeEventDestroy(hEvent=0x11272fd8)
[2026-10-08 19:08:38.830] [thread-id: 134581405965504] [trace] zeEventDestroy(hEvent)
[2026-10-08 19:08:38.830] [thread-id: 134581405965504] [trace] SUCCESS (ZE_RESULT_SUCCESS) in zeEventDestroy(hEvent=0x112734e8)
[2026-10-08 19:08:38.830] [thread-id: 134581405965504] [trace] zeEventDestroy(hEvent)
[2026-10-08 19:08:38.830] [thread-id: 134581405965504] [trace] SUCCESS (ZE_RESULT_SUCCESS) in zeEventDestroy(hEvent=0x11273be8)
[2026-10-08 19:08:38.830] [thread-id: 134581405965504] [trace] zeEventDestroy(hEvent)
[2026-10-08 19:08:38.830] [thread-id: 134581405965504] [trace] SUCCESS (ZE_RESULT_SUCCESS) in zeEventDestroy(hEvent=0x112740f8)
[2026-10-08 19:08:38.830] [thread-id: 134581405965504] [trace] zeEventDestroy(hEvent)
[2026-10-08 19:08:38.830] [thread-id: 134581405965504] [trace] SUCCESS (ZE_RESULT_SUCCESS) in zeEventDestroy(hEvent=0x112747f8)
[2026-10-08 19:08:38.830] [thread-id: 134581405965504] [trace] zeEventDestroy(hEvent)
[2026-10-08 19:08:38.830] [thread-id: 134581405965504] [trace] SUCCESS (ZE_RESULT_SUCCESS) in zeEventDestroy(hEvent=0x11274d08)
[2026-10-08 19:08:38.830] [thread-id: 134581405965504] [trace] zeEventDestroy(hEvent)
[2026-10-08 19:08:38.830] [thread-id: 134581405965504] [trace] SUCCESS (ZE_RESULT_SUCCESS) in zeEventDestroy(hEvent=0x11275408)
[2026-10-08 19:08:38.830] [thread-id: 134581405965504] [trace] zeEventDestroy(hEvent)
[2026-10-08 19:08:38.830] [thread-id: 134581405965504] [trace] SUCCESS (ZE_RESULT_SUCCESS) in zeEventDestroy(hEvent=0x11275918)
[2026-10-08 19:08:38.830] [thread-id: 134581405965504] [trace] zeEventDestroy(hEvent)
[2026-10-08 19:08:38.830] [thread-id: 134581405965504] [trace] SUCCESS (ZE_RESULT_SUCCESS) in zeEventDestroy(hEvent=0x11276018)
[2026-10-08 19:08:38.830] [thread-id: 134581405965504] [trace] zeEventDestroy(hEvent)
[2026-10-08 19:08:38.830] [thread-id: 134581405965504] [trace] SUCCESS (ZE_RESULT_SUCCESS) in zeEventDestroy(hEvent=0x11276528)
[2026-10-08 19:08:38.830] [thread-id: 134581405965504] [trace] zeEventDestroy(hEvent)
[2026-10-08 19:08:38.830] [thread-id: 134581405965504] [trace] SUCCESS (ZE_RESULT_SUCCESS) in zeEventDestroy(hEvent=0x11276c28)
[2026-10-08 19:08:38.830] [thread-id: 134581405965504] [trace] zeEventDestroy(hEvent)
[2026-10-08 19:08:38.830] [thread-id: 134581405965504] [trace] SUCCESS (ZE_RESULT_SUCCESS) in zeEventDestroy(hEvent=0x11277138)
[2026-10-08 19:08:38.830] [thread-id: 134581405965504] [trace] zeEventDestroy(hEvent)
[2026-10-08 19:08:38.830] [thread-id: 134581405965504] [trace] SUCCESS (ZE_RESULT_SUCCESS) in zeEventDestroy(hEvent=0x11277ab8)
[2026-10-08 19:08:38.830] [thread-id: 134581405965504] [trace] zeEventDestroy(hEvent)
[2026-10-08 19:08:38.830] [thread-id: 134581405965504] [trace] SUCCESS (ZE_RESULT_SUCCESS) in zeEventDestroy(hEvent=0x11277fc8)
[2026-10-08 19:08:38.830] [thread-id: 134581405965504] [trace] zeEventDestroy(hEvent)
[2026-10-08 19:08:38.830] [thread-id: 134581405965504] [trace] SUCCESS (ZE_RESULT_SUCCESS) in zeEventDestroy(hEvent=0x112786c8)
[2026-10-08 19:08:38.830] [thread-id: 134581405965504] [trace] zeEventDestroy(hEvent)
[2026-10-08 19:08:38.830] [thread-id: 134581405965504] [trace] SUCCESS (ZE_RESULT_SUCCESS) in zeEventDestroy(hEvent=0x11278bd8)
[2026-10-08 19:08:38.830] [thread-id: 134581405965504] [trace] zeEventDestroy(hEvent)
[2026-10-08 19:08:38.830] [thread-id: 134581405965504] [trace] SUCCESS (ZE_RESULT_SUCCESS) in zeEventDestroy(hEvent=0x112792d8)
[2026-10-08 19:08:38.830] [thread-id: 134581405965504] [trace] zeEventDestroy(hEvent)
[2026-10-08 19:08:38.830] [thread-id: 134581405965504] [trace] SUCCESS (ZE_RESULT_SUCCESS) in zeEventDestroy(hEvent=0x112797e8)
[2026-10-08 19:08:38.830] [thread-id: 134581405965504] [trace] zeEventDestroy(hEvent)
[2026-10-08 19:08:38.830] [thread-id: 134581405965504] [trace] SUCCESS (ZE_RESULT_SUCCESS) in zeEventDestroy(hEvent=0x11279ee8)
[2026-10-08 19:08:38.830] [thread-id: 134581405965504] [trace] zeEventDestroy(hEvent)
[2026-10-08 19:08:38.830] [thread-id: 134581405965504] [trace] SUCCESS (ZE_RESULT_SUCCESS) in zeEventDestroy(hEvent=0x1127a3f8)
[2026-10-08 19:08:38.830] [thread-id: 134581405965504] [trace] zeEventDestroy(hEvent)
[2026-10-08 19:08:38.830] [thread-id: 134581405965504] [trace] SUCCESS (ZE_RESULT_SUCCESS) in zeEventDestroy(hEvent=0x1127aaf8)
[2026-10-08 19:08:38.830] [thread-id: 134581405965504] [trace] zeEventDestroy(hEvent)
[2026-10-08 19:08:38.830] [thread-id: 134581405965504] [trace] SUCCESS (ZE_RESULT_SUCCESS) in zeEventDestroy(hEvent=0x1127b008)
[2026-10-08 19:08:38.830] [thread-id: 134581405965504] [trace] zeEventDestroy(hEvent)
[2026-10-08 19:08:38.830] [thread-id: 134581405965504] [trace] SUCCESS (ZE_RESULT_SUCCESS) in zeEventDestroy(hEvent=0x1127b708)
[2026-10-08 19:08:38.830] [thread-id: 134581405965504] [trace] zeEventDestroy(hEvent)
[2026-10-08 19:08:38.830] [thread-id: 134581405965504] [trace] SUCCESS (ZE_RESULT_SUCCESS) in zeEventDestroy(hEvent=0x1127bc18)
[2026-10-08 19:08:38.830] [thread-id: 134581405965504] [trace] zeEventDestroy(hEvent)
[2026-10-08 19:08:38.830] [thread-id: 134581405965504] [trace] SUCCESS (ZE_RESULT_SUCCESS) in zeEventDestroy(hEvent=0x11263a68)
[2026-10-08 19:08:38.830] [thread-id: 134581405965504] [trace] zeEventDestroy(hEvent)
[2026-10-08 19:08:38.830] [thread-id: 134581405965504] [trace] SUCCESS (ZE_RESULT_SUCCESS) in zeEventDestroy(hEvent=0x11263e08)
[2026-10-08 19:08:38.830] [thread-id: 134581405965504] [trace] zeCommandListDestroy(hCommandList)
[2026-10-08 19:08:38.830] [thread-id: 134581405965504] [trace] SUCCESS (ZE_RESULT_SUCCESS) in zeCommandListDestroy(hCommandList=0x11232d88)
[2026-10-08 19:08:38.830] [thread-id: 134581405965504] [trace] zeContextDestroy(hContext)
[2026-10-08 19:08:38.830] [thread-id: 134581405965504] [trace] SUCCESS (ZE_RESULT_SUCCESS) in zeContextDestroy(hContext=0x1122b738)
   <--- urContextRelease(.hContext = 0x1122eb90) -> UR_RESULT_SUCCESS;
   ---> urDeviceRelease
   <--- urDeviceRelease(.hDevice = 0x1122a040) -> UR_RESULT_SUCCESS;
   ---> urAdapterRelease
   <--- urAdapterRelease(.hAdapter = 0x1102e700) -> UR_RESULT_SUCCESS;
