<LOADER>[DEBUG]: Logger loader initialized successfully!
<LOADER>[INFO]: loaded adapter 0x0x3b4c7980 (/opt/intel/oneapi/compiler/2026.1/lib/libur_adapter_level_zero_v2.so.0) from /opt/intel/oneapi/compiler/2026.1/lib/libur_adapter_level_zero_v2.so.0
   ---> urAdapterGet
<LEVEL_ZERO>[DEBUG]: zeInit with flags value of 1
[2026-10-08 07:27:26.703] [thread-id: 138083813543104] [info] Loader Version 1.32.0  - No git SHA found, compiled outside git folder.
[2026-10-08 07:27:26.706] [thread-id: 138083813543104] [info] Validation Layer Enabled
[2026-10-08 07:27:26.706] [thread-id: 138083813543104] [info] zeInit succeeded
[2026-10-08 07:27:26.707] [thread-id: 138083813543104] [trace] zeInit(flags)
[2026-10-08 07:27:26.741] [thread-id: 138083813543104] [trace] SUCCESS (ZE_RESULT_SUCCESS) in zeInit(flags=1)
<LEVEL_ZERO>[DEBUG]: Level Zero Loader version: 1.32.0
<LEVEL_ZERO>[DEBUG]: zeInitDrivers with flags value of 1
[2026-10-08 07:27:26.741] [thread-id: 138083813543104] [trace] zeInitDrivers(pCount, phDrivers, desc)
[2026-10-08 07:27:26.741] [thread-id: 138083813543104] [trace] SUCCESS (ZE_RESULT_SUCCESS) in zeInitDrivers(pCount=1, phDrivers=nullptr, desc={stype=0x3b4c6728, flags=1})
[2026-10-08 07:27:26.741] [thread-id: 138083813543104] [trace] zeInitDrivers(pCount, phDrivers, desc)
[2026-10-08 07:27:26.741] [thread-id: 138083813543104] [trace] SUCCESS (ZE_RESULT_SUCCESS) in zeInitDrivers(pCount=1, phDrivers=nullptr, desc={stype=0x3b4c6728, flags=1})
[2026-10-08 07:27:26.741] [thread-id: 138083813543104] [trace] zeDriverGet(pCount, phDrivers)
[2026-10-08 07:27:26.741] [thread-id: 138083813543104] [trace] SUCCESS (ZE_RESULT_SUCCESS) in zeDriverGet(pCount=1, phDrivers=nullptr)
[2026-10-08 07:27:26.741] [thread-id: 138083813543104] [trace] zeDriverGet(pCount, phDrivers)
[2026-10-08 07:27:26.741] [thread-id: 138083813543104] [trace] SUCCESS (ZE_RESULT_SUCCESS) in zeDriverGet(pCount=1, phDrivers=0x3b6ac980)
[2026-10-08 07:27:26.741] [thread-id: 138083813543104] [trace] zeDeviceGet(hDriver, pCount, phDevices)
[2026-10-08 07:27:26.741] [thread-id: 138083813543104] [trace] SUCCESS (ZE_RESULT_SUCCESS) in zeDeviceGet(hDriver=0x3b6ac9c8, pCount=1, phDevices=nullptr)
[2026-10-08 07:27:26.741] [thread-id: 138083813543104] [trace] zeDeviceGet(hDriver, pCount, phDevices)
[2026-10-08 07:27:26.741] [thread-id: 138083813543104] [trace] SUCCESS (ZE_RESULT_SUCCESS) in zeDeviceGet(hDriver=0x3b6ac9c8, pCount=1, phDevices=0x3b6b92b0)
[2026-10-08 07:27:26.741] [thread-id: 138083813543104] [trace] zeDeviceGetProperties(hDevice, pDeviceProperties)
[2026-10-08 07:27:26.741] [thread-id: 138083813543104] [trace] SUCCESS (ZE_RESULT_SUCCESS) in zeDeviceGetProperties(hDevice=0x3b6acf28, pDeviceProperties={stype=0x7ffd31d9e590, type=0x7ffd31d9e5a0, vendorId=32902, deviceId=57868, flags=8, subdeviceId=0, coreClockRate=2750, maxMemAllocSize=10132807680, maxHardwareContexts=65536, maxCommandQueuePriority=0, numThreadsPerEU=8, physicalEUSimdWidth=16, numEUsPerSubslice=8, numSubslicesPerSlice=4, numSlices=5, timerResolution=52, timestampValidBits=64, kernelTimestampValidBits=64, uuid={id=134}, name="Intel(R) Arc(TM) B570 Graphics"})
<LEVEL_ZERO>[DEBUG]: 
zesInit with flags value of 0

[2026-10-08 07:27:26.742] [thread-id: 138083813543104] [trace] zesInit(flags)
[2026-10-08 07:27:26.744] [thread-id: 138083813543104] [trace] SUCCESS (ZE_RESULT_SUCCESS) in zesInit(flags=0)
[2026-10-08 07:27:26.744] [thread-id: 138083813543104] [trace] zeDriverGet(pCount, phDrivers)
[2026-10-08 07:27:26.744] [thread-id: 138083813543104] [trace] SUCCESS (ZE_RESULT_SUCCESS) in zeDriverGet(pCount=1, phDrivers=nullptr)
[2026-10-08 07:27:26.744] [thread-id: 138083813543104] [trace] zeDriverGet(pCount, phDrivers)
[2026-10-08 07:27:26.744] [thread-id: 138083813543104] [trace] SUCCESS (ZE_RESULT_SUCCESS) in zeDriverGet(pCount=1, phDrivers=0x3b6c0340)
[2026-10-08 07:27:26.744] [thread-id: 138083813543104] [trace] zeInitDrivers(pCount, phDrivers, desc)
[2026-10-08 07:27:26.744] [thread-id: 138083813543104] [trace] SUCCESS (ZE_RESULT_SUCCESS) in zeInitDrivers(pCount=1, phDrivers=0x3b6c0410, desc={stype=0x3b4c6728, flags=1})
[2026-10-08 07:27:26.744] [thread-id: 138083813543104] [trace] zeDriverGetProperties(hDriver, pDriverProperties)
[2026-10-08 07:27:26.744] [thread-id: 138083813543104] [trace] SUCCESS (ZE_RESULT_SUCCESS) in zeDriverGetProperties(hDriver=0x3b6ac9c8, pDriverProperties={stype=0x7ffd31d9e4e0, uuid={id=227}, driverVersion=17013219})
[2026-10-08 07:27:26.744] [thread-id: 138083813543104] [trace] zeDriverGetProperties(hDriver, pDriverProperties)
[2026-10-08 07:27:26.744] [thread-id: 138083813543104] [trace] SUCCESS (ZE_RESULT_SUCCESS) in zeDriverGetProperties(hDriver=0x3b6ac9c8, pDriverProperties={stype=0x7ffd31d9e6b0, uuid={id=227}, driverVersion=17013219})
<LEVEL_ZERO>[DEBUG]: zeDriverHandle 0x3b6ac9c8 matched between zeDriverGet and zeInitDrivers. Not adding duplicate driver to list
<LEVEL_ZERO>[DEBUG]: 1 L0 Drivers found.
[2026-10-08 07:27:26.744] [thread-id: 138083813543104] [trace] zeDeviceGet(hDriver, pCount, phDevices)
[2026-10-08 07:27:26.744] [thread-id: 138083813543104] [trace] SUCCESS (ZE_RESULT_SUCCESS) in zeDeviceGet(hDriver=0x3b6ac9c8, pCount=1, phDevices=nullptr)
[2026-10-08 07:27:26.744] [thread-id: 138083813543104] [trace] zeDeviceGet(hDriver, pCount, phDevices)
[2026-10-08 07:27:26.744] [thread-id: 138083813543104] [trace] SUCCESS (ZE_RESULT_SUCCESS) in zeDeviceGet(hDriver=0x3b6ac9c8, pCount=1, phDevices=0x3b6c06b0)
[2026-10-08 07:27:26.744] [thread-id: 138083813543104] [trace] zeDeviceGetProperties(hDevice, pDeviceProperties)
[2026-10-08 07:27:26.744] [thread-id: 138083813543104] [trace] SUCCESS (ZE_RESULT_SUCCESS) in zeDeviceGetProperties(hDevice=0x3b6acf28, pDeviceProperties={stype=0x7ffd31d9e4e0, type=0x7ffd31d9e4f0, vendorId=32902, deviceId=57868, flags=8, subdeviceId=0, coreClockRate=2750, maxMemAllocSize=10132807680, maxHardwareContexts=65536, maxCommandQueuePriority=0, numThreadsPerEU=8, physicalEUSimdWidth=16, numEUsPerSubslice=8, numSubslicesPerSlice=4, numSlices=5, timerResolution=52, timestampValidBits=64, kernelTimestampValidBits=64, uuid={id=134}, name="Intel(R) Arc(TM) B570 Graphics"})
[2026-10-08 07:27:26.744] [thread-id: 138083813543104] [trace] zeDriverGetApiVersion(hDriver, version)
[2026-10-08 07:27:26.744] [thread-id: 138083813543104] [trace] SUCCESS (ZE_RESULT_SUCCESS) in zeDriverGetApiVersion(hDriver=0x3b6ac9c8, version=65553)
[2026-10-08 07:27:26.744] [thread-id: 138083813543104] [trace] zeDriverGetExtensionProperties(hDriver, pCount, pExtensionProperties)
[2026-10-08 07:27:26.744] [thread-id: 138083813543104] [trace] SUCCESS (ZE_RESULT_SUCCESS) in zeDriverGetExtensionProperties(hDriver=0x3b6ac9c8, pCount=63, pExtensionProperties=nullptr)
[2026-10-08 07:27:26.744] [thread-id: 138083813543104] [trace] zeDriverGetExtensionProperties(hDriver, pCount, pExtensionProperties)
[2026-10-08 07:27:26.744] [thread-id: 138083813543104] [trace] SUCCESS (ZE_RESULT_SUCCESS) in zeDriverGetExtensionProperties(hDriver=0x3b6ac9c8, pCount=63, pExtensionProperties={name="ZE_extension_device_cache_line_size", version=65536})
[2026-10-08 07:27:26.744] [thread-id: 138083813543104] [trace] zeDriverGetExtensionFunctionAddress(hDriver, name, ppFunctionAddress)
[2026-10-08 07:27:26.744] [thread-id: 138083813543104] [trace] SUCCESS (ZE_RESULT_SUCCESS) in zeDriverGetExtensionFunctionAddress(hDriver=0x3b6ac9c8, name="zeIntelGetDriverVersionString", ppFunctionAddress=0x7d9620d1cc00)
[2026-10-08 07:27:26.744] [thread-id: 138083813543104] [trace] zeDriverGetProperties(hDriver, pDriverProperties)
[2026-10-08 07:27:26.744] [thread-id: 138083813543104] [trace] SUCCESS (ZE_RESULT_SUCCESS) in zeDriverGetProperties(hDriver=0x3b6ac9c8, pDriverProperties={stype=0x7ffd31d9e3a0, uuid={id=227}, driverVersion=17013219})
<LEVEL_ZERO>[DEBUG]: Level Zero Driver version: 1.17.39395+14
[2026-10-08 07:27:26.744] [thread-id: 138083813543104] [trace] zeDriverGetExtensionFunctionAddress(hDriver, name, ppFunctionAddress)
[2026-10-08 07:27:26.744] [thread-id: 138083813543104] [trace] SUCCESS (ZE_RESULT_SUCCESS) in zeDriverGetExtensionFunctionAddress(hDriver=0x3b6ac9c8, name="zexDriverImportExternalPointer", ppFunctionAddress=0x7d9620d17a40)
[2026-10-08 07:27:26.744] [thread-id: 138083813543104] [trace] zeDriverGetExtensionFunctionAddress(hDriver, name, ppFunctionAddress)
[2026-10-08 07:27:26.744] [thread-id: 138083813543104] [trace] SUCCESS (ZE_RESULT_SUCCESS) in zeDriverGetExtensionFunctionAddress(hDriver=0x3b6ac9c8, name="zexDriverReleaseImportedPointer", ppFunctionAddress=0x7d9620d1fe30)
[2026-10-08 07:27:26.744] [thread-id: 138083813543104] [trace] zeDriverGetExtensionFunctionAddress(hDriver, name, ppFunctionAddress)
[2026-10-08 07:27:26.744] [thread-id: 138083813543104] [trace] SUCCESS (ZE_RESULT_SUCCESS) in zeDriverGetExtensionFunctionAddress(hDriver=0x3b6ac9c8, name="zeImageGetDeviceOffsetExp", ppFunctionAddress=0x7d9620d21190)
[2026-10-08 07:27:26.744] [thread-id: 138083813543104] [trace] zeDriverGetExtensionFunctionAddress(hDriver, name, ppFunctionAddress)
[2026-10-08 07:27:26.744] [thread-id: 138083813543104] [trace] SUCCESS (ZE_RESULT_SUCCESS) in zeDriverGetExtensionFunctionAddress(hDriver=0x3b6ac9c8, name="zeMemGetPitchFor2dImage", ppFunctionAddress=0x7d9620d23550)
[2026-10-08 07:27:26.744] [thread-id: 138083813543104] [trace] zeDriverGetExtensionFunctionAddress(hDriver, name, ppFunctionAddress)
[2026-10-08 07:27:26.744] [thread-id: 138083813543104] [trace] SUCCESS (ZE_RESULT_SUCCESS) in zeDriverGetExtensionFunctionAddress(hDriver=0x3b6ac9c8, name="zeGraphGetIdExt", ppFunctionAddress=0x7d9620d11dd0)
[2026-10-08 07:27:26.744] [thread-id: 138083813543104] [trace] zeDriverGetExtensionFunctionAddress(hDriver, name, ppFunctionAddress)
[2026-10-08 07:27:26.744] [thread-id: 138083813543104] [trace] SUCCESS (ZE_RESULT_SUCCESS) in zeDriverGetExtensionFunctionAddress(hDriver=0x3b6ac9c8, name="zeCommandListAppendHostFunction", ppFunctionAddress=0x7d9620cf5140)
[2026-10-08 07:27:26.744] [thread-id: 138083813543104] [trace] zesDriverGet(pCount, phDrivers)
[2026-10-08 07:27:26.744] [thread-id: 138083813543104] [trace] SUCCESS (ZE_RESULT_SUCCESS) in zesDriverGet(pCount=1, phDrivers=nullptr)
[2026-10-08 07:27:26.744] [thread-id: 138083813543104] [trace] zesDriverGet(pCount, phDrivers)
[2026-10-08 07:27:26.744] [thread-id: 138083813543104] [trace] SUCCESS (ZE_RESULT_SUCCESS) in zesDriverGet(pCount=1, phDrivers=0x3b6c15b0)
[2026-10-08 07:27:26.744] [thread-id: 138083813543104] [trace] zesDriverGetDeviceByUuidExp(hDriver, uuid, phDevice, onSubdevice, subdeviceId)
[2026-10-08 07:27:26.744] [thread-id: 138083813543104] [trace] SUCCESS (ZE_RESULT_SUCCESS) in zesDriverGetDeviceByUuidExp(hDriver=0x3b6bd1c8, uuid={id=134}, phDevice=0x3b4ed058, onSubdevice=0, subdeviceId=0)
<LEVEL_ZERO>[DEBUG]: Initialized 1 platforms
   <--- urAdapterGet(.NumEntries = 0, .phAdapters = nullptr, .pNumAdapters = 0x7ffd31d9edb8 (1)) -> UR_RESULT_SUCCESS;
   ---> urAdapterGet
   <--- urAdapterGet(.NumEntries = 1, .phAdapters = 0x3b6c0690 {0x3b4c6700}, .pNumAdapters = nullptr) -> UR_RESULT_SUCCESS;
   ---> urAdapterGetInfo
   <--- urAdapterGetInfo(.hAdapter = 0x3b4c6700, .propName = UR_ADAPTER_INFO_BACKEND, .propSize = 4, .pPropValue = 0x7ffd31d9edac (UR_BACKEND_LEVEL_ZERO), .pPropSizeRet = nullptr) -> UR_RESULT_SUCCESS;
   ---> urAdapterSetLoggerCallback
   <--- urAdapterSetLoggerCallback(.hAdapter = 0x3b4c6700, .pfnLoggerCallback = 0x7d9627af8420, .pUserData = nullptr, .level = UR_LOGGER_LEVEL_WARN) -> UR_RESULT_SUCCESS;
   ---> urPlatformGet
   <--- urPlatformGet(.hAdapter = 0x3b4c6700, .NumEntries = 0, .phPlatforms = nullptr, .pNumPlatforms = 0x7ffd31d9ecec (1)) -> UR_RESULT_SUCCESS;
   ---> urPlatformGet
   <--- urPlatformGet(.hAdapter = 0x3b4c6700, .NumEntries = 1, .phPlatforms = 0x3b6c0690 {0x3b6c0810}, .pNumPlatforms = nullptr) -> UR_RESULT_SUCCESS;
   ---> urPlatformGetInfo
   <--- urPlatformGetInfo(.hPlatform = 0x3b6c0810, .propName = UR_PLATFORM_INFO_BACKEND, .propSize = 4, .pPropValue = 0x7ffd31d9ecfc (UR_BACKEND_LEVEL_ZERO), .pPropSizeRet = nullptr) -> UR_RESULT_SUCCESS;
   ---> urDeviceGet
[2026-10-08 07:27:26.744] [thread-id: 138083813543104] [trace] zeDeviceGet(hDriver, pCount, phDevices)
[2026-10-08 07:27:26.744] [thread-id: 138083813543104] [trace] SUCCESS (ZE_RESULT_SUCCESS) in zeDeviceGet(hDriver=0x3b6ac9c8, pCount=1, phDevices=nullptr)
[2026-10-08 07:27:26.744] [thread-id: 138083813543104] [trace] zeDeviceGet(hDriver, pCount, phDevices)
[2026-10-08 07:27:26.744] [thread-id: 138083813543104] [trace] SUCCESS (ZE_RESULT_SUCCESS) in zeDeviceGet(hDriver=0x3b6ac9c8, pCount=1, phDevices=0x3b6c2000)
[2026-10-08 07:27:26.745] [thread-id: 138083813543104] [trace] zeDeviceGetProperties(hDevice, pDeviceProperties)
[2026-10-08 07:27:26.745] [thread-id: 138083813543104] [trace] SUCCESS (ZE_RESULT_SUCCESS) in zeDeviceGetProperties(hDevice=0x3b6acf28, pDeviceProperties={stype=0x3b6c20e8, type=0x3b6c20f8, vendorId=32902, deviceId=57868, flags=8, subdeviceId=0, coreClockRate=2750, maxMemAllocSize=10132807680, maxHardwareContexts=65536, maxCommandQueuePriority=0, numThreadsPerEU=8, physicalEUSimdWidth=16, numEUsPerSubslice=8, numSubslicesPerSlice=4, numSlices=5, timerResolution=19200000, timestampValidBits=64, kernelTimestampValidBits=64, uuid={id=134}, name="Intel(R) Arc(TM) B570 Graphics"})
[2026-10-08 07:27:26.745] [thread-id: 138083813543104] [trace] zeDeviceGetProperties(hDevice, pDeviceProperties)
[2026-10-08 07:27:26.745] [thread-id: 138083813543104] [trace] SUCCESS (ZE_RESULT_SUCCESS) in zeDeviceGetProperties(hDevice=0x3b6acf28, pDeviceProperties={stype=0x7ffd31d9e2f8, type=0x7ffd31d9e308, vendorId=32902, deviceId=57868, flags=8, subdeviceId=0, coreClockRate=2750, maxMemAllocSize=10132807680, maxHardwareContexts=65536, maxCommandQueuePriority=0, numThreadsPerEU=8, physicalEUSimdWidth=16, numEUsPerSubslice=8, numSubslicesPerSlice=4, numSlices=5, timerResolution=52, timestampValidBits=64, kernelTimestampValidBits=64, uuid={id=134}, name="Intel(R) Arc(TM) B570 Graphics"})
[2026-10-08 07:27:26.745] [thread-id: 138083813543104] [trace] zeDeviceGetCommandQueueGroupProperties(hDevice, pCount, pCommandQueueGroupProperties)
[2026-10-08 07:27:26.745] [thread-id: 138083813543104] [trace] SUCCESS (ZE_RESULT_SUCCESS) in zeDeviceGetCommandQueueGroupProperties(hDevice=0x3b6acf28, pCount=2, pCommandQueueGroupProperties=nullptr)
<LEVEL_ZERO>[INFO]: Number of queue groups = 2
[2026-10-08 07:27:26.745] [thread-id: 138083813543104] [trace] zeDeviceGetCommandQueueGroupProperties(hDevice, pCount, pCommandQueueGroupProperties)
[2026-10-08 07:27:26.745] [thread-id: 138083813543104] [trace] SUCCESS (ZE_RESULT_SUCCESS) in zeDeviceGetCommandQueueGroupProperties(hDevice=0x3b6acf28, pCount=2, pCommandQueueGroupProperties={stype=0x3b4c6610, flags=7, maxMemoryFillPatternSize=18446744073709551615, numQueues=1})
<LEVEL_ZERO>[INFO]: main blitter/copy engine is available
<LEVEL_ZERO>[INFO]: link blitter/copy engines are not available
[2026-10-08 07:27:26.745] [thread-id: 138083813543104] [trace] zeDeviceGetSubDevices(hDevice, pCount, phSubdevices)
[2026-10-08 07:27:26.745] [thread-id: 138083813543104] [trace] SUCCESS (ZE_RESULT_SUCCESS) in zeDeviceGetSubDevices(hDevice=0x3b6acf28, pCount=0, phSubdevices=nullptr)
[2026-10-08 07:27:26.745] [thread-id: 138083813543104] [trace] zeDeviceGetSubDevices(hDevice, pCount, phSubdevices)
[2026-10-08 07:27:26.745] [thread-id: 138083813543104] [trace] SUCCESS (ZE_RESULT_SUCCESS) in zeDeviceGetSubDevices(hDevice=0x3b6acf28, pCount=0, phSubdevices=0x3b6c2020)
[2026-10-08 07:27:26.745] [thread-id: 138083813543104] [trace] zeDeviceGetRootDevice(hDevice, phRootDevice)
[2026-10-08 07:27:26.745] [thread-id: 138083813543104] [trace] SUCCESS (ZE_RESULT_SUCCESS) in zeDeviceGetRootDevice(hDevice=0x3b6acf28, phRootDevice=0x7ffd31d9e750)
[2026-10-08 07:27:26.745] [thread-id: 138083813543104] [trace] zeDeviceSynchronize(hDevice)
[2026-10-08 07:27:26.745] [thread-id: 138083813543104] [trace] SUCCESS (ZE_RESULT_SUCCESS) in zeDeviceSynchronize(hDevice=0x3b6acf28)
[2026-10-08 07:27:26.745] [thread-id: 138083813543104] [trace] zeDeviceGetRootDevice(hDevice, phRootDevice)
[2026-10-08 07:27:26.745] [thread-id: 138083813543104] [trace] SUCCESS (ZE_RESULT_SUCCESS) in zeDeviceGetRootDevice(hDevice=0x3b6acf28, phRootDevice=0x7ffd31d9e840)
   <--- urDeviceGet(.hPlatform = 0x3b6c0810, .DeviceType = UR_DEVICE_TYPE_ALL, .NumEntries = 0, .phDevices = nullptr, .pNumDevices = 0x7ffd31d9ec6c (1)) -> UR_RESULT_SUCCESS;
   ---> urDeviceGet
[2026-10-08 07:27:26.745] [thread-id: 138083813543104] [trace] zeDeviceGetRootDevice(hDevice, phRootDevice)
[2026-10-08 07:27:26.745] [thread-id: 138083813543104] [trace] SUCCESS (ZE_RESULT_SUCCESS) in zeDeviceGetRootDevice(hDevice=0x3b6acf28, phRootDevice=0x7ffd31d9e840)
   <--- urDeviceGet(.hPlatform = 0x3b6c0810, .DeviceType = UR_DEVICE_TYPE_ALL, .NumEntries = 1, .phDevices = 0x3b6c2000 {0x3b6c2040}, .pNumDevices = nullptr) -> UR_RESULT_SUCCESS;
   ---> urPlatformGetInfo
   <--- urPlatformGetInfo(.hPlatform = 0x3b6c0810, .propName = UR_PLATFORM_INFO_VERSION, .propSize = 0, .pPropValue = nullptr, .pPropSizeRet = 0x7ffd31d9e840 (5)) -> UR_RESULT_SUCCESS;
   ---> urPlatformGetInfo
   <--- urPlatformGetInfo(.hPlatform = 0x3b6c0810, .propName = UR_PLATFORM_INFO_VERSION, .propSize = 5, .pPropValue = 0x7ffd31d9e9a8 (1.17), .pPropSizeRet = nullptr) -> UR_RESULT_SUCCESS;
   ---> urPlatformGetInfo
   <--- urPlatformGetInfo(.hPlatform = 0x3b6c0810, .propName = UR_PLATFORM_INFO_NAME, .propSize = 0, .pPropValue = nullptr, .pPropSizeRet = 0x7ffd31d9e840 (51)) -> UR_RESULT_SUCCESS;
   ---> urPlatformGetInfo
   <--- urPlatformGetInfo(.hPlatform = 0x3b6c0810, .propName = UR_PLATFORM_INFO_NAME, .propSize = 51, .pPropValue = 0x3b6c2710 (Intel(R) oneAPI Unified Runtime over Level-Zero V2), .pPropSizeRet = nullptr) -> UR_RESULT_SUCCESS;
   ---> urDeviceGetInfo
   <--- urDeviceGetInfo(.hDevice = 0x3b6c2040, .propName = UR_DEVICE_INFO_PARENT_DEVICE, .propSize = 8, .pPropValue = 0x7ffd31d9e800 (nullptr), .pPropSizeRet = nullptr) -> UR_RESULT_SUCCESS;
   ---> urDeviceGetInfo
   <--- urDeviceGetInfo(.hDevice = 0x3b6c2040, .propName = UR_DEVICE_INFO_TYPE, .propSize = 4, .pPropValue = 0x7ffd31d9e7a0 (UR_DEVICE_TYPE_GPU), .pPropSizeRet = nullptr) -> UR_RESULT_SUCCESS;
   ---> urDeviceGetInfo
   <--- urDeviceGetInfo(.hDevice = 0x3b6c2040, .propName = UR_DEVICE_INFO_USE_NATIVE_ASSERT, .propSize = 1, .pPropValue = 0x7ffd31d9e7a0 (true), .pPropSizeRet = nullptr) -> UR_RESULT_SUCCESS;
   ---> urDeviceGetInfo
[2026-10-08 07:27:26.745] [thread-id: 138083813543104] [trace] zeDeviceGetModuleProperties(hDevice, pModuleProperties)
[2026-10-08 07:27:26.745] [thread-id: 138083813543104] [trace] SUCCESS (ZE_RESULT_SUCCESS) in zeDeviceGetModuleProperties(hDevice=0x3b6acf28, pModuleProperties={stype=0x3b6c2360, spirvVersionSupported=65541, flags=15, fp16flags=63, fp32flags=127, fp64flags=127, maxArgumentsSize=2048, printfBufferSize=4194304, nativeKernelSupported={id=0}})
[2026-10-08 07:27:26.745] [thread-id: 138083813543104] [trace] zeDeviceGetImageProperties(hDevice, pImageProperties)
[2026-10-08 07:27:26.745] [thread-id: 138083813543104] [trace] SUCCESS (ZE_RESULT_SUCCESS) in zeDeviceGetImageProperties(hDevice=0x3b6acf28, pImageProperties={stype=0x3b6c2300, maxImageDims1D=16384, maxImageDims2D=16384, maxImageDims3D=2048, maxImageBufferSize=633300480, maxImageArraySlices=2048, maxSamplers=16, maxReadImageArgs=128, maxWriteImageArgs=128})
   <--- urDeviceGetInfo(.hDevice = 0x3b6c2040, .propName = UR_DEVICE_INFO_EXTENSIONS, .propSize = 0, .pPropValue = nullptr, .pPropSizeRet = 0x7ffd31d9e728 (245)) -> UR_RESULT_SUCCESS;
   ---> urDeviceGetInfo
   <--- urDeviceGetInfo(.hDevice = 0x3b6c2040, .propName = UR_DEVICE_INFO_EXTENSIONS, .propSize = 245, .pPropValue = 0x3b57c740 (cl_khr_il_program cl_khr_subgroups cl_intel_subgroups cl_intel_subgroups_short cl_intel_required_subgroup_size cl_khr_fp16 cl_khr_fp64 cl_khr_int64_base_atomics cl_khr_int64_extended_atomics cl_khr_3d_image_writes cl_intel_bfloat16_conversions ), .pPropSizeRet = nullptr) -> UR_RESULT_SUCCESS;
   ---> urDeviceRetain
   <--- urDeviceRetain(.hDevice = 0x3b6c2040) -> UR_RESULT_SUCCESS;
   ---> urDeviceGetInfo
   <--- urDeviceGetInfo(.hDevice = 0x3b6c2040, .propName = UR_DEVICE_INFO_TYPE, .propSize = 4, .pPropValue = 0x7ffd31d9e91c (UR_DEVICE_TYPE_GPU), .pPropSizeRet = nullptr) -> UR_RESULT_SUCCESS;
   ---> urDeviceGetInfo
   <--- urDeviceGetInfo(.hDevice = 0x3b6c2040, .propName = UR_DEVICE_INFO_VENDOR_ID, .propSize = 4, .pPropValue = 0x7ffd31d9e998 (32902), .pPropSizeRet = nullptr) -> UR_RESULT_SUCCESS;
   ---> urDeviceGetInfo
   <--- urDeviceGetInfo(.hDevice = 0x3b6c2040, .propName = UR_DEVICE_INFO_DRIVER_VERSION, .propSize = 0, .pPropValue = nullptr, .pPropSizeRet = 0x7ffd31d9e840 (14)) -> UR_RESULT_SUCCESS;
   ---> urDeviceGetInfo
   <--- urDeviceGetInfo(.hDevice = 0x3b6c2040, .propName = UR_DEVICE_INFO_DRIVER_VERSION, .propSize = 14, .pPropValue = 0x7ffd31d9e968 (1.17.39395+14), .pPropSizeRet = nullptr) -> UR_RESULT_SUCCESS;
   ---> urDeviceGetInfo
   <--- urDeviceGetInfo(.hDevice = 0x3b6c2040, .propName = UR_DEVICE_INFO_NAME, .propSize = 0, .pPropValue = nullptr, .pPropSizeRet = 0x7ffd31d9e780 (31)) -> UR_RESULT_SUCCESS;
   ---> urDeviceGetInfo
   <--- urDeviceGetInfo(.hDevice = 0x3b6c2040, .propName = UR_DEVICE_INFO_NAME, .propSize = 31, .pPropValue = 0x3b6c1fd0 (Intel(R) Arc(TM) B570 Graphics), .pPropSizeRet = nullptr) -> UR_RESULT_SUCCESS;
   ---> urPlatformGetInfo
   <--- urPlatformGetInfo(.hPlatform = 0x3b6c0810, .propName = UR_PLATFORM_INFO_BACKEND, .propSize = 4, .pPropValue = 0x7ffd31d9eb5c (UR_BACKEND_LEVEL_ZERO), .pPropSizeRet = nullptr) -> UR_RESULT_SUCCESS;
   ---> urDeviceGetInfo
   <--- urDeviceGetInfo(.hDevice = 0x3b6c2040, .propName = UR_DEVICE_INFO_TYPE, .propSize = 4, .pPropValue = 0x7ffd31d9eb54 (UR_DEVICE_TYPE_GPU), .pPropSizeRet = nullptr) -> UR_RESULT_SUCCESS;
   ---> urDeviceRelease
   <--- urDeviceRelease(.hDevice = 0x3b6c2040) -> UR_RESULT_SUCCESS;
   ---> urDeviceGetInfo
   <--- urDeviceGetInfo(.hDevice = 0x3b6c2040, .propName = UR_DEVICE_INFO_SUPPORTED_PARTITIONS, .propSize = 0, .pPropValue = nullptr, .pPropSizeRet = 0x7ffd31d9eb48 (0)) -> UR_RESULT_SUCCESS;
   ---> urDeviceGet
[2026-10-08 07:27:26.745] [thread-id: 138083813543104] [trace] zeDeviceGetRootDevice(hDevice, phRootDevice)
[2026-10-08 07:27:26.745] [thread-id: 138083813543104] [trace] SUCCESS (ZE_RESULT_SUCCESS) in zeDeviceGetRootDevice(hDevice=0x3b6acf28, phRootDevice=0x7ffd31d9e950)
   <--- urDeviceGet(.hPlatform = 0x3b6c0810, .DeviceType = UR_DEVICE_TYPE_ALL, .NumEntries = 0, .phDevices = nullptr, .pNumDevices = 0x7ffd31d9ed7c (1)) -> UR_RESULT_SUCCESS;
   ---> urDeviceGet
[2026-10-08 07:27:26.745] [thread-id: 138083813543104] [trace] zeDeviceGetRootDevice(hDevice, phRootDevice)
[2026-10-08 07:27:26.745] [thread-id: 138083813543104] [trace] SUCCESS (ZE_RESULT_SUCCESS) in zeDeviceGetRootDevice(hDevice=0x3b6acf28, phRootDevice=0x7ffd31d9e950)
   <--- urDeviceGet(.hPlatform = 0x3b6c0810, .DeviceType = UR_DEVICE_TYPE_ALL, .NumEntries = 1, .phDevices = 0x3b6c06b0 {0x3b6c2040}, .pNumDevices = nullptr) -> UR_RESULT_SUCCESS;
   ---> urPlatformGetInfo
   <--- urPlatformGetInfo(.hPlatform = 0x3b6c0810, .propName = UR_PLATFORM_INFO_VERSION, .propSize = 0, .pPropValue = nullptr, .pPropSizeRet = 0x7ffd31d9e950 (5)) -> UR_RESULT_SUCCESS;
   ---> urPlatformGetInfo
   <--- urPlatformGetInfo(.hPlatform = 0x3b6c0810, .propName = UR_PLATFORM_INFO_VERSION, .propSize = 5, .pPropValue = 0x7ffd31d9eab8 (1.17), .pPropSizeRet = nullptr) -> UR_RESULT_SUCCESS;
   ---> urPlatformGetInfo
   <--- urPlatformGetInfo(.hPlatform = 0x3b6c0810, .propName = UR_PLATFORM_INFO_NAME, .propSize = 0, .pPropValue = nullptr, .pPropSizeRet = 0x7ffd31d9e950 (51)) -> UR_RESULT_SUCCESS;
   ---> urPlatformGetInfo
   <--- urPlatformGetInfo(.hPlatform = 0x3b6c0810, .propName = UR_PLATFORM_INFO_NAME, .propSize = 51, .pPropValue = 0x3b6c2c30 (Intel(R) oneAPI Unified Runtime over Level-Zero V2), .pPropSizeRet = nullptr) -> UR_RESULT_SUCCESS;
   ---> urDeviceGetInfo
   <--- urDeviceGetInfo(.hDevice = 0x3b6c2040, .propName = UR_DEVICE_INFO_TYPE, .propSize = 4, .pPropValue = 0x7ffd31d9ea2c (UR_DEVICE_TYPE_GPU), .pPropSizeRet = nullptr) -> UR_RESULT_SUCCESS;
   ---> urDeviceGetInfo
   <--- urDeviceGetInfo(.hDevice = 0x3b6c2040, .propName = UR_DEVICE_INFO_VENDOR_ID, .propSize = 4, .pPropValue = 0x7ffd31d9eaa8 (32902), .pPropSizeRet = nullptr) -> UR_RESULT_SUCCESS;
   ---> urDeviceGetInfo
   <--- urDeviceGetInfo(.hDevice = 0x3b6c2040, .propName = UR_DEVICE_INFO_DRIVER_VERSION, .propSize = 0, .pPropValue = nullptr, .pPropSizeRet = 0x7ffd31d9e950 (14)) -> UR_RESULT_SUCCESS;
   ---> urDeviceGetInfo
   <--- urDeviceGetInfo(.hDevice = 0x3b6c2040, .propName = UR_DEVICE_INFO_DRIVER_VERSION, .propSize = 14, .pPropValue = 0x7ffd31d9ea78 (1.17.39395+14), .pPropSizeRet = nullptr) -> UR_RESULT_SUCCESS;
   ---> urPlatformGetInfo
   <--- urPlatformGetInfo(.hPlatform = 0x3b6c0810, .propName = UR_PLATFORM_INFO_BACKEND, .propSize = 4, .pPropValue = 0x7ffd31d9ec6c (UR_BACKEND_LEVEL_ZERO), .pPropSizeRet = nullptr) -> UR_RESULT_SUCCESS;
   ---> urDeviceGetInfo
   <--- urDeviceGetInfo(.hDevice = 0x3b6c2040, .propName = UR_DEVICE_INFO_TYPE, .propSize = 4, .pPropValue = 0x7ffd31d9ec64 (UR_DEVICE_TYPE_GPU), .pPropSizeRet = nullptr) -> UR_RESULT_SUCCESS;
   ---> urDeviceRelease
   <--- urDeviceRelease(.hDevice = 0x3b6c2040) -> UR_RESULT_SUCCESS;
   ---> urDeviceGetInfo
   <--- urDeviceGetInfo(.hDevice = 0x3b6c2040, .propName = UR_DEVICE_INFO_SUPPORTED_PARTITIONS, .propSize = 0, .pPropValue = nullptr, .pPropSizeRet = 0x7ffd31d9ec58 (0)) -> UR_RESULT_SUCCESS;
   ---> urDeviceSelectBinary
   <--- urDeviceSelectBinary(.hDevice = 0x3b6c2040, .pBinaries = 0x7ffd31d9eca0 ((struct ur_device_binary_t){.stype = UR_STRUCTURE_TYPE_CONTEXT_PROPERTIES, .pNext = nullptr, .pDeviceTargetSpec = 0x7d96278793c0 (spir64)}), .NumBinaries = 1, .pSelectedBinary = 0x7ffd31d9ecc4 (0)) -> UR_RESULT_SUCCESS;
   ---> urDeviceGet
[2026-10-08 07:27:26.746] [thread-id: 138083813543104] [trace] zeDeviceGetRootDevice(hDevice, phRootDevice)
[2026-10-08 07:27:26.746] [thread-id: 138083813543104] [trace] SUCCESS (ZE_RESULT_SUCCESS) in zeDeviceGetRootDevice(hDevice=0x3b6acf28, phRootDevice=0x7ffd31d9e8e0)
   <--- urDeviceGet(.hPlatform = 0x3b6c0810, .DeviceType = UR_DEVICE_TYPE_ALL, .NumEntries = 0, .phDevices = nullptr, .pNumDevices = 0x7ffd31d9ed0c (1)) -> UR_RESULT_SUCCESS;
   ---> urDeviceGet
[2026-10-08 07:27:26.746] [thread-id: 138083813543104] [trace] zeDeviceGetRootDevice(hDevice, phRootDevice)
[2026-10-08 07:27:26.746] [thread-id: 138083813543104] [trace] SUCCESS (ZE_RESULT_SUCCESS) in zeDeviceGetRootDevice(hDevice=0x3b6acf28, phRootDevice=0x7ffd31d9e8e0)
   <--- urDeviceGet(.hPlatform = 0x3b6c0810, .DeviceType = UR_DEVICE_TYPE_ALL, .NumEntries = 1, .phDevices = 0x3b6c2d00 {0x3b6c2040}, .pNumDevices = nullptr) -> UR_RESULT_SUCCESS;
   ---> urPlatformGetInfo
   <--- urPlatformGetInfo(.hPlatform = 0x3b6c0810, .propName = UR_PLATFORM_INFO_VERSION, .propSize = 0, .pPropValue = nullptr, .pPropSizeRet = 0x7ffd31d9e8e0 (5)) -> UR_RESULT_SUCCESS;
   ---> urPlatformGetInfo
   <--- urPlatformGetInfo(.hPlatform = 0x3b6c0810, .propName = UR_PLATFORM_INFO_VERSION, .propSize = 5, .pPropValue = 0x7ffd31d9ea48 (1.17), .pPropSizeRet = nullptr) -> UR_RESULT_SUCCESS;
   ---> urPlatformGetInfo
   <--- urPlatformGetInfo(.hPlatform = 0x3b6c0810, .propName = UR_PLATFORM_INFO_NAME, .propSize = 0, .pPropValue = nullptr, .pPropSizeRet = 0x7ffd31d9e8e0 (51)) -> UR_RESULT_SUCCESS;
   ---> urPlatformGetInfo
   <--- urPlatformGetInfo(.hPlatform = 0x3b6c0810, .propName = UR_PLATFORM_INFO_NAME, .propSize = 51, .pPropValue = 0x3b6c2710 (Intel(R) oneAPI Unified Runtime over Level-Zero V2), .pPropSizeRet = nullptr) -> UR_RESULT_SUCCESS;
   ---> urDeviceGetInfo
   <--- urDeviceGetInfo(.hDevice = 0x3b6c2040, .propName = UR_DEVICE_INFO_TYPE, .propSize = 4, .pPropValue = 0x7ffd31d9e9bc (UR_DEVICE_TYPE_GPU), .pPropSizeRet = nullptr) -> UR_RESULT_SUCCESS;
   ---> urDeviceGetInfo
   <--- urDeviceGetInfo(.hDevice = 0x3b6c2040, .propName = UR_DEVICE_INFO_VENDOR_ID, .propSize = 4, .pPropValue = 0x7ffd31d9ea38 (32902), .pPropSizeRet = nullptr) -> UR_RESULT_SUCCESS;
   ---> urDeviceGetInfo
   <--- urDeviceGetInfo(.hDevice = 0x3b6c2040, .propName = UR_DEVICE_INFO_DRIVER_VERSION, .propSize = 0, .pPropValue = nullptr, .pPropSizeRet = 0x7ffd31d9e8e0 (14)) -> UR_RESULT_SUCCESS;
   ---> urDeviceGetInfo
   <--- urDeviceGetInfo(.hDevice = 0x3b6c2040, .propName = UR_DEVICE_INFO_DRIVER_VERSION, .propSize = 14, .pPropValue = 0x7ffd31d9ea08 (1.17.39395+14), .pPropSizeRet = nullptr) -> UR_RESULT_SUCCESS;
   ---> urPlatformGetInfo
   <--- urPlatformGetInfo(.hPlatform = 0x3b6c0810, .propName = UR_PLATFORM_INFO_BACKEND, .propSize = 4, .pPropValue = 0x7ffd31d9ebfc (UR_BACKEND_LEVEL_ZERO), .pPropSizeRet = nullptr) -> UR_RESULT_SUCCESS;
   ---> urDeviceGetInfo
   <--- urDeviceGetInfo(.hDevice = 0x3b6c2040, .propName = UR_DEVICE_INFO_TYPE, .propSize = 4, .pPropValue = 0x7ffd31d9ebf4 (UR_DEVICE_TYPE_GPU), .pPropSizeRet = nullptr) -> UR_RESULT_SUCCESS;
   ---> urDeviceRelease
   <--- urDeviceRelease(.hDevice = 0x3b6c2040) -> UR_RESULT_SUCCESS;
   ---> urDeviceGetInfo
   <--- urDeviceGetInfo(.hDevice = 0x3b6c2040, .propName = UR_DEVICE_INFO_SUPPORTED_PARTITIONS, .propSize = 0, .pPropValue = nullptr, .pPropSizeRet = 0x7ffd31d9ebe8 (0)) -> UR_RESULT_SUCCESS;
   ---> urDeviceGet
[2026-10-08 07:27:26.746] [thread-id: 138083813543104] [trace] zeDeviceGetRootDevice(hDevice, phRootDevice)
[2026-10-08 07:27:26.746] [thread-id: 138083813543104] [trace] SUCCESS (ZE_RESULT_SUCCESS) in zeDeviceGetRootDevice(hDevice=0x3b6acf28, phRootDevice=0x7ffd31d9e9f0)
   <--- urDeviceGet(.hPlatform = 0x3b6c0810, .DeviceType = UR_DEVICE_TYPE_GPU, .NumEntries = 0, .phDevices = nullptr, .pNumDevices = 0x7ffd31d9ee1c (1)) -> UR_RESULT_SUCCESS;
   ---> urDeviceGet
[2026-10-08 07:27:26.746] [thread-id: 138083813543104] [trace] zeDeviceGetRootDevice(hDevice, phRootDevice)
[2026-10-08 07:27:26.746] [thread-id: 138083813543104] [trace] SUCCESS (ZE_RESULT_SUCCESS) in zeDeviceGetRootDevice(hDevice=0x3b6acf28, phRootDevice=0x7ffd31d9e9f0)
   <--- urDeviceGet(.hPlatform = 0x3b6c0810, .DeviceType = UR_DEVICE_TYPE_GPU, .NumEntries = 1, .phDevices = 0x3b6c2d20 {0x3b6c2040}, .pNumDevices = nullptr) -> UR_RESULT_SUCCESS;
   ---> urPlatformGetInfo
   <--- urPlatformGetInfo(.hPlatform = 0x3b6c0810, .propName = UR_PLATFORM_INFO_VERSION, .propSize = 0, .pPropValue = nullptr, .pPropSizeRet = 0x7ffd31d9e9f0 (5)) -> UR_RESULT_SUCCESS;
   ---> urPlatformGetInfo
   <--- urPlatformGetInfo(.hPlatform = 0x3b6c0810, .propName = UR_PLATFORM_INFO_VERSION, .propSize = 5, .pPropValue = 0x7ffd31d9eb58 (1.17), .pPropSizeRet = nullptr) -> UR_RESULT_SUCCESS;
   ---> urPlatformGetInfo
   <--- urPlatformGetInfo(.hPlatform = 0x3b6c0810, .propName = UR_PLATFORM_INFO_NAME, .propSize = 0, .pPropValue = nullptr, .pPropSizeRet = 0x7ffd31d9e9f0 (51)) -> UR_RESULT_SUCCESS;
   ---> urPlatformGetInfo
   <--- urPlatformGetInfo(.hPlatform = 0x3b6c0810, .propName = UR_PLATFORM_INFO_NAME, .propSize = 51, .pPropValue = 0x3b6c2c30 (Intel(R) oneAPI Unified Runtime over Level-Zero V2), .pPropSizeRet = nullptr) -> UR_RESULT_SUCCESS;
   ---> urDeviceGetInfo
   <--- urDeviceGetInfo(.hDevice = 0x3b6c2040, .propName = UR_DEVICE_INFO_TYPE, .propSize = 4, .pPropValue = 0x7ffd31d9eacc (UR_DEVICE_TYPE_GPU), .pPropSizeRet = nullptr) -> UR_RESULT_SUCCESS;
   ---> urDeviceGetInfo
   <--- urDeviceGetInfo(.hDevice = 0x3b6c2040, .propName = UR_DEVICE_INFO_VENDOR_ID, .propSize = 4, .pPropValue = 0x7ffd31d9eb48 (32902), .pPropSizeRet = nullptr) -> UR_RESULT_SUCCESS;
   ---> urDeviceGetInfo
   <--- urDeviceGetInfo(.hDevice = 0x3b6c2040, .propName = UR_DEVICE_INFO_DRIVER_VERSION, .propSize = 0, .pPropValue = nullptr, .pPropSizeRet = 0x7ffd31d9e9f0 (14)) -> UR_RESULT_SUCCESS;
   ---> urDeviceGetInfo
   <--- urDeviceGetInfo(.hDevice = 0x3b6c2040, .propName = UR_DEVICE_INFO_DRIVER_VERSION, .propSize = 14, .pPropValue = 0x7ffd31d9eb18 (1.17.39395+14), .pPropSizeRet = nullptr) -> UR_RESULT_SUCCESS;
   ---> urPlatformGetInfo
   <--- urPlatformGetInfo(.hPlatform = 0x3b6c0810, .propName = UR_PLATFORM_INFO_BACKEND, .propSize = 4, .pPropValue = 0x7ffd31d9ed0c (UR_BACKEND_LEVEL_ZERO), .pPropSizeRet = nullptr) -> UR_RESULT_SUCCESS;
   ---> urDeviceGetInfo
   <--- urDeviceGetInfo(.hDevice = 0x3b6c2040, .propName = UR_DEVICE_INFO_TYPE, .propSize = 4, .pPropValue = 0x7ffd31d9ed04 (UR_DEVICE_TYPE_GPU), .pPropSizeRet = nullptr) -> UR_RESULT_SUCCESS;
   ---> urDeviceRelease
   <--- urDeviceRelease(.hDevice = 0x3b6c2040) -> UR_RESULT_SUCCESS;
   ---> urDeviceGetInfo
   <--- urDeviceGetInfo(.hDevice = 0x3b6c2040, .propName = UR_DEVICE_INFO_SUPPORTED_PARTITIONS, .propSize = 0, .pPropValue = nullptr, .pPropSizeRet = 0x7ffd31d9ecf8 (0)) -> UR_RESULT_SUCCESS;
   ---> urDeviceGetInfo
[2026-10-08 07:27:26.747] [thread-id: 138083813543104] [trace] zeDevicePciGetPropertiesExt(hDevice, pPciProperties)
[2026-10-08 07:27:26.747] [thread-id: 138083813543104] [trace] SUCCESS (ZE_RESULT_SUCCESS) in zeDevicePciGetPropertiesExt(hDevice=0x3b6acf28, pPciProperties={stype=0x7ffd31d9e9c0, address={domain=0, bus=5, device=0, function=0}, maxSpeed={genVersion=4, width=8, maxBandwidth=15753846153}})
   <--- urDeviceGetInfo(.hDevice = 0x3b6c2040, .propName = UR_DEVICE_INFO_PCI_ADDRESS, .propSize = 0, .pPropValue = nullptr, .pPropSizeRet = 0x7ffd31d9ee38 (13)) -> UR_RESULT_SUCCESS;
   ---> urDeviceGetInfo
[2026-10-08 07:27:26.747] [thread-id: 138083813543104] [trace] zeDevicePciGetPropertiesExt(hDevice, pPciProperties)
[2026-10-08 07:27:26.747] [thread-id: 138083813543104] [trace] SUCCESS (ZE_RESULT_SUCCESS) in zeDevicePciGetPropertiesExt(hDevice=0x3b6acf28, pPciProperties={stype=0x7ffd31d9ead0, address={domain=0, bus=5, device=0, function=0}, maxSpeed={genVersion=4, width=8, maxBandwidth=15753846153}})
   <--- urDeviceGetInfo(.hDevice = 0x3b6c2040, .propName = UR_DEVICE_INFO_PCI_ADDRESS, .propSize = 0, .pPropValue = nullptr, .pPropSizeRet = 0x7ffd31d9ef40 (13)) -> UR_RESULT_SUCCESS;
   ---> urDeviceGetInfo
[2026-10-08 07:27:26.747] [thread-id: 138083813543104] [trace] zeDevicePciGetPropertiesExt(hDevice, pPciProperties)
[2026-10-08 07:27:26.747] [thread-id: 138083813543104] [trace] SUCCESS (ZE_RESULT_SUCCESS) in zeDevicePciGetPropertiesExt(hDevice=0x3b6acf28, pPciProperties={stype=0x7ffd31d9ead0, address={domain=0, bus=5, device=0, function=0}, maxSpeed={genVersion=4, width=8, maxBandwidth=15753846153}})
   <--- urDeviceGetInfo(.hDevice = 0x3b6c2040, .propName = UR_DEVICE_INFO_PCI_ADDRESS, .propSize = 13, .pPropValue = 0x7ffd31d9ef90 (0000:05:00.0), .pPropSizeRet = nullptr) -> UR_RESULT_SUCCESS;
   ---> urDeviceGet
[2026-10-08 07:27:26.747] [thread-id: 138083813543104] [trace] zeDeviceGetRootDevice(hDevice, phRootDevice)
[2026-10-08 07:27:26.747] [thread-id: 138083813543104] [trace] SUCCESS (ZE_RESULT_SUCCESS) in zeDeviceGetRootDevice(hDevice=0x3b6acf28, phRootDevice=0x7ffd31d9e8f0)
   <--- urDeviceGet(.hPlatform = 0x3b6c0810, .DeviceType = UR_DEVICE_TYPE_ALL, .NumEntries = 0, .phDevices = nullptr, .pNumDevices = 0x7ffd31d9ed1c (1)) -> UR_RESULT_SUCCESS;
   ---> urDeviceGet
[2026-10-08 07:27:26.747] [thread-id: 138083813543104] [trace] zeDeviceGetRootDevice(hDevice, phRootDevice)
[2026-10-08 07:27:26.747] [thread-id: 138083813543104] [trace] SUCCESS (ZE_RESULT_SUCCESS) in zeDeviceGetRootDevice(hDevice=0x3b6acf28, phRootDevice=0x7ffd31d9e8f0)
   <--- urDeviceGet(.hPlatform = 0x3b6c0810, .DeviceType = UR_DEVICE_TYPE_ALL, .NumEntries = 1, .phDevices = 0x3b6c2d40 {0x3b6c2040}, .pNumDevices = nullptr) -> UR_RESULT_SUCCESS;
   ---> urPlatformGetInfo
   <--- urPlatformGetInfo(.hPlatform = 0x3b6c0810, .propName = UR_PLATFORM_INFO_VERSION, .propSize = 0, .pPropValue = nullptr, .pPropSizeRet = 0x7ffd31d9e8f0 (5)) -> UR_RESULT_SUCCESS;
   ---> urPlatformGetInfo
   <--- urPlatformGetInfo(.hPlatform = 0x3b6c0810, .propName = UR_PLATFORM_INFO_VERSION, .propSize = 5, .pPropValue = 0x7ffd31d9ea58 (1.17), .pPropSizeRet = nullptr) -> UR_RESULT_SUCCESS;
   ---> urPlatformGetInfo
   <--- urPlatformGetInfo(.hPlatform = 0x3b6c0810, .propName = UR_PLATFORM_INFO_NAME, .propSize = 0, .pPropValue = nullptr, .pPropSizeRet = 0x7ffd31d9e8f0 (51)) -> UR_RESULT_SUCCESS;
   ---> urPlatformGetInfo
   <--- urPlatformGetInfo(.hPlatform = 0x3b6c0810, .propName = UR_PLATFORM_INFO_NAME, .propSize = 51, .pPropValue = 0x3b6c2c30 (Intel(R) oneAPI Unified Runtime over Level-Zero V2), .pPropSizeRet = nullptr) -> UR_RESULT_SUCCESS;
   ---> urDeviceGetInfo
   <--- urDeviceGetInfo(.hDevice = 0x3b6c2040, .propName = UR_DEVICE_INFO_TYPE, .propSize = 4, .pPropValue = 0x7ffd31d9e9cc (UR_DEVICE_TYPE_GPU), .pPropSizeRet = nullptr) -> UR_RESULT_SUCCESS;
   ---> urDeviceGetInfo
   <--- urDeviceGetInfo(.hDevice = 0x3b6c2040, .propName = UR_DEVICE_INFO_VENDOR_ID, .propSize = 4, .pPropValue = 0x7ffd31d9ea48 (32902), .pPropSizeRet = nullptr) -> UR_RESULT_SUCCESS;
   ---> urDeviceGetInfo
   <--- urDeviceGetInfo(.hDevice = 0x3b6c2040, .propName = UR_DEVICE_INFO_DRIVER_VERSION, .propSize = 0, .pPropValue = nullptr, .pPropSizeRet = 0x7ffd31d9e8f0 (14)) -> UR_RESULT_SUCCESS;
   ---> urDeviceGetInfo
   <--- urDeviceGetInfo(.hDevice = 0x3b6c2040, .propName = UR_DEVICE_INFO_DRIVER_VERSION, .propSize = 14, .pPropValue = 0x7ffd31d9ea18 (1.17.39395+14), .pPropSizeRet = nullptr) -> UR_RESULT_SUCCESS;
   ---> urPlatformGetInfo
   <--- urPlatformGetInfo(.hPlatform = 0x3b6c0810, .propName = UR_PLATFORM_INFO_BACKEND, .propSize = 4, .pPropValue = 0x7ffd31d9ec0c (UR_BACKEND_LEVEL_ZERO), .pPropSizeRet = nullptr) -> UR_RESULT_SUCCESS;
   ---> urDeviceGetInfo
   <--- urDeviceGetInfo(.hDevice = 0x3b6c2040, .propName = UR_DEVICE_INFO_TYPE, .propSize = 4, .pPropValue = 0x7ffd31d9ec04 (UR_DEVICE_TYPE_GPU), .pPropSizeRet = nullptr) -> UR_RESULT_SUCCESS;
   ---> urDeviceRelease
   <--- urDeviceRelease(.hDevice = 0x3b6c2040) -> UR_RESULT_SUCCESS;
   ---> urDeviceGetInfo
   <--- urDeviceGetInfo(.hDevice = 0x3b6c2040, .propName = UR_DEVICE_INFO_SUPPORTED_PARTITIONS, .propSize = 0, .pPropValue = nullptr, .pPropSizeRet = 0x7ffd31d9ebf8 (0)) -> UR_RESULT_SUCCESS;
   ---> urDeviceGetInfo
[2026-10-08 07:27:26.747] [thread-id: 138083813543104] [trace] zeDeviceGetSubDevices(hDevice, pCount, phSubdevices)
[2026-10-08 07:27:26.747] [thread-id: 138083813543104] [trace] SUCCESS (ZE_RESULT_SUCCESS) in zeDeviceGetSubDevices(hDevice=0x3b6acf28, pCount=0, phSubdevices=nullptr)
   <--- urDeviceGetInfo(.hDevice = 0x3b6c2040, .propName = UR_DEVICE_INFO_COMPONENT_DEVICES, .propSize = 0, .pPropValue = nullptr, .pPropSizeRet = 0x7ffd31d9ea10 (0)) -> UR_RESULT_SUCCESS;
   ---> urContextCreate
[2026-10-08 07:27:26.747] [thread-id: 138083813543104] [trace] zeContextCreate(hDriver, desc, phContext)
[2026-10-08 07:27:26.747] [thread-id: 138083813543104] [trace] SUCCESS (ZE_RESULT_SUCCESS) in zeContextCreate(hDriver=0x3b6ac9c8, desc={stype=0x7ffd31d9e940, flags=0}, phContext=0x3b6c3738)
[2026-10-08 07:27:26.747] [thread-id: 138083813543104] [trace] zeMemAllocHost(hContext, host_desc, size, alignment, pptr)
[2026-10-08 07:27:26.748] [thread-id: 138083813543104] [trace] SUCCESS (ZE_RESULT_SUCCESS) in zeMemAllocHost(hContext=0x3b6c3738, host_desc={stype=0x7ffd31d9e3c0, flags=0}, size=1, alignment=0, pptr=0x7d96123ffe00)
[2026-10-08 07:27:26.748] [thread-id: 138083813543104] [trace] zeMemGetAllocProperties(hContext, ptr, pMemAllocProperties, phDevice)
[2026-10-08 07:27:26.748] [thread-id: 138083813543104] [trace] SUCCESS (ZE_RESULT_SUCCESS) in zeMemGetAllocProperties(hContext=0x3b6c3738, ptr=0x7d96123ffe00, pMemAllocProperties={stype=0x7ffd31d9e3c0, type=0x7ffd31d9e3d0, id=1, pageSize=2097152}, phDevice=nullptr)
[2026-10-08 07:27:26.748] [thread-id: 138083813543104] [trace] zeMemFreeExt(hContext, pMemFreeDesc, ptr)
[2026-10-08 07:27:26.748] [thread-id: 138083813543104] [trace] SUCCESS (ZE_RESULT_SUCCESS) in zeMemFreeExt(hContext=0x3b6c3738, pMemFreeDesc={stype=0x7ffd31d9e3a0, freePolicy=1}, ptr=0x7d96123ffe00)
[2026-10-08 07:27:26.748] [thread-id: 138083813543104] [trace] zeDeviceGetProperties(hDevice, pDeviceProperties)
[2026-10-08 07:27:26.748] [thread-id: 138083813543104] [trace] SUCCESS (ZE_RESULT_SUCCESS) in zeDeviceGetProperties(hDevice=0x3b6acf28, pDeviceProperties={stype=0x7d96127ae068, type=0x7d96127ae078, vendorId=32902, deviceId=57868, flags=8, subdeviceId=0, coreClockRate=2750, maxMemAllocSize=10132807680, maxHardwareContexts=65536, maxCommandQueuePriority=0, numThreadsPerEU=8, physicalEUSimdWidth=16, numEUsPerSubslice=8, numSubslicesPerSlice=4, numSlices=5, timerResolution=52, timestampValidBits=64, kernelTimestampValidBits=64, uuid={id=134}, name="Intel(R) Arc(TM) B570 Graphics"})
[2026-10-08 07:27:26.748] [thread-id: 138083813543104] [trace] zeMemAllocDevice(hContext, device_desc, size, alignment, hDevice, pptr)
[2026-10-08 07:27:26.748] [thread-id: 138083813543104] [trace] SUCCESS (ZE_RESULT_SUCCESS) in zeMemAllocDevice(hContext=0x3b6c3738, device_desc={stype=0x7ffd31d9e380, flags=0, ordinal=0}, size=1, alignment=0, hDevice=0x3b6acf28, pptr=0xffffffffff9ffe00)
[2026-10-08 07:27:26.748] [thread-id: 138083813543104] [trace] zeContextMakeMemoryResident(hContext, hDevice, ptr, size)
[2026-10-08 07:27:26.748] [thread-id: 138083813543104] [trace] SUCCESS (ZE_RESULT_SUCCESS) in zeContextMakeMemoryResident(hContext=0x3b6c3738, hDevice=0x3b6acf28, ptr=0xffffffffff9ffe00, size=1)
[2026-10-08 07:27:26.748] [thread-id: 138083813543104] [trace] zeMemGetAllocProperties(hContext, ptr, pMemAllocProperties, phDevice)
[2026-10-08 07:27:26.748] [thread-id: 138083813543104] [trace] SUCCESS (ZE_RESULT_SUCCESS) in zeMemGetAllocProperties(hContext=0x3b6c3738, ptr=0xffffffffff9ffe00, pMemAllocProperties={stype=0x7ffd31d9e3c0, type=0x7ffd31d9e3d0, id=3, pageSize=65536}, phDevice=nullptr)
[2026-10-08 07:27:26.748] [thread-id: 138083813543104] [trace] zeMemFreeExt(hContext, pMemFreeDesc, ptr)
[2026-10-08 07:27:26.748] [thread-id: 138083813543104] [trace] SUCCESS (ZE_RESULT_SUCCESS) in zeMemFreeExt(hContext=0x3b6c3738, pMemFreeDesc={stype=0x7ffd31d9e3a0, freePolicy=1}, ptr=0xffffffffff9ffe00)
[2026-10-08 07:27:26.748] [thread-id: 138083813543104] [trace] zeDeviceGetProperties(hDevice, pDeviceProperties)
[2026-10-08 07:27:26.748] [thread-id: 138083813543104] [trace] SUCCESS (ZE_RESULT_SUCCESS) in zeDeviceGetProperties(hDevice=0x3b6acf28, pDeviceProperties={stype=0x7d96127a6068, type=0x7d96127a6078, vendorId=32902, deviceId=57868, flags=8, subdeviceId=0, coreClockRate=2750, maxMemAllocSize=10132807680, maxHardwareContexts=65536, maxCommandQueuePriority=0, numThreadsPerEU=8, physicalEUSimdWidth=16, numEUsPerSubslice=8, numSubslicesPerSlice=4, numSlices=5, timerResolution=52, timestampValidBits=64, kernelTimestampValidBits=64, uuid={id=134}, name="Intel(R) Arc(TM) B570 Graphics"})
[2026-10-08 07:27:26.748] [thread-id: 138083813543104] [trace] zeMemAllocShared(hContext, device_desc, host_desc, size, alignment, hDevice, pptr)
[2026-10-08 07:27:26.748] [thread-id: 138083813543104] [trace] SUCCESS (ZE_RESULT_SUCCESS) in zeMemAllocShared(hContext=0x3b6c3738, device_desc={stype=0x7ffd31d9e3c0, flags=0, ordinal=0}, host_desc={stype=0x7ffd31d9e3a0, flags=0}, size=1, alignment=0, hDevice=0x3b6acf28, pptr=0x7d9612430000)
[2026-10-08 07:27:26.748] [thread-id: 138083813543104] [trace] zeMemGetAllocProperties(hContext, ptr, pMemAllocProperties, phDevice)
[2026-10-08 07:27:26.748] [thread-id: 138083813543104] [trace] SUCCESS (ZE_RESULT_SUCCESS) in zeMemGetAllocProperties(hContext=0x3b6c3738, ptr=0x7d9612430000, pMemAllocProperties={stype=0x7ffd31d9e3c0, type=0x7ffd31d9e3d0, id=5, pageSize=65536}, phDevice=nullptr)
[2026-10-08 07:27:26.748] [thread-id: 138083813543104] [trace] zeMemFreeExt(hContext, pMemFreeDesc, ptr)
[2026-10-08 07:27:26.749] [thread-id: 138083813543104] [trace] SUCCESS (ZE_RESULT_SUCCESS) in zeMemFreeExt(hContext=0x3b6c3738, pMemFreeDesc={stype=0x7ffd31d9e3a0, freePolicy=1}, ptr=0x7d9612430000)
[2026-10-08 07:27:26.749] [thread-id: 138083813543104] [trace] zeDeviceGetProperties(hDevice, pDeviceProperties)
[2026-10-08 07:27:26.749] [thread-id: 138083813543104] [trace] SUCCESS (ZE_RESULT_SUCCESS) in zeDeviceGetProperties(hDevice=0x3b6acf28, pDeviceProperties={stype=0x7d9612438068, type=0x7d9612438078, vendorId=32902, deviceId=57868, flags=8, subdeviceId=0, coreClockRate=2750, maxMemAllocSize=10132807680, maxHardwareContexts=65536, maxCommandQueuePriority=0, numThreadsPerEU=8, physicalEUSimdWidth=16, numEUsPerSubslice=8, numSubslicesPerSlice=4, numSlices=5, timerResolution=52, timestampValidBits=64, kernelTimestampValidBits=64, uuid={id=134}, name="Intel(R) Arc(TM) B570 Graphics"})
[2026-10-08 07:27:26.749] [thread-id: 138083813543104] [trace] zeMemAllocShared(hContext, device_desc, host_desc, size, alignment, hDevice, pptr)
[2026-10-08 07:27:26.749] [thread-id: 138083813543104] [trace] SUCCESS (ZE_RESULT_SUCCESS) in zeMemAllocShared(hContext=0x3b6c3738, device_desc={stype=0x7ffd31d9e3c0, flags=0, ordinal=0}, host_desc={stype=0x7ffd31d9e3a0, flags=0}, size=1, alignment=0, hDevice=0x3b6acf28, pptr=0x7d9612420000)
[2026-10-08 07:27:26.749] [thread-id: 138083813543104] [trace] zeMemGetAllocProperties(hContext, ptr, pMemAllocProperties, phDevice)
[2026-10-08 07:27:26.749] [thread-id: 138083813543104] [trace] SUCCESS (ZE_RESULT_SUCCESS) in zeMemGetAllocProperties(hContext=0x3b6c3738, ptr=0x7d9612420000, pMemAllocProperties={stype=0x7ffd31d9e3c0, type=0x7ffd31d9e3d0, id=6, pageSize=65536}, phDevice=nullptr)
[2026-10-08 07:27:26.749] [thread-id: 138083813543104] [trace] zeMemFreeExt(hContext, pMemFreeDesc, ptr)
[2026-10-08 07:27:26.749] [thread-id: 138083813543104] [trace] SUCCESS (ZE_RESULT_SUCCESS) in zeMemFreeExt(hContext=0x3b6c3738, pMemFreeDesc={stype=0x7ffd31d9e3a0, freePolicy=1}, ptr=0x7d9612420000)
[2026-10-08 07:27:26.749] [thread-id: 138083813543104] [trace] zeMemAllocHost(hContext, host_desc, size, alignment, pptr)
[2026-10-08 07:27:26.749] [thread-id: 138083813543104] [trace] SUCCESS (ZE_RESULT_SUCCESS) in zeMemAllocHost(hContext=0x3b6c3738, host_desc={stype=0x7ffd31d9e3c0, flags=0}, size=1, alignment=0, pptr=0x7d96123ffe00)
[2026-10-08 07:27:26.749] [thread-id: 138083813543104] [trace] zeMemGetAllocProperties(hContext, ptr, pMemAllocProperties, phDevice)
[2026-10-08 07:27:26.749] [thread-id: 138083813543104] [trace] SUCCESS (ZE_RESULT_SUCCESS) in zeMemGetAllocProperties(hContext=0x3b6c3738, ptr=0x7d96123ffe00, pMemAllocProperties={stype=0x7ffd31d9e3c0, type=0x7ffd31d9e3d0, id=1, pageSize=2097152}, phDevice=nullptr)
[2026-10-08 07:27:26.749] [thread-id: 138083813543104] [trace] zeMemFreeExt(hContext, pMemFreeDesc, ptr)
[2026-10-08 07:27:26.749] [thread-id: 138083813543104] [trace] SUCCESS (ZE_RESULT_SUCCESS) in zeMemFreeExt(hContext=0x3b6c3738, pMemFreeDesc={stype=0x7ffd31d9e3a0, freePolicy=1}, ptr=0x7d96123ffe00)
[2026-10-08 07:27:26.749] [thread-id: 138083813543104] [trace] zeDeviceGetProperties(hDevice, pDeviceProperties)
[2026-10-08 07:27:26.749] [thread-id: 138083813543104] [trace] SUCCESS (ZE_RESULT_SUCCESS) in zeDeviceGetProperties(hDevice=0x3b6acf28, pDeviceProperties={stype=0x7d9612430068, type=0x7d9612430078, vendorId=32902, deviceId=57868, flags=8, subdeviceId=0, coreClockRate=2750, maxMemAllocSize=10132807680, maxHardwareContexts=65536, maxCommandQueuePriority=0, numThreadsPerEU=8, physicalEUSimdWidth=16, numEUsPerSubslice=8, numSubslicesPerSlice=4, numSlices=5, timerResolution=52, timestampValidBits=64, kernelTimestampValidBits=64, uuid={id=134}, name="Intel(R) Arc(TM) B570 Graphics"})
[2026-10-08 07:27:26.749] [thread-id: 138083813543104] [trace] zeMemAllocDevice(hContext, device_desc, size, alignment, hDevice, pptr)
[2026-10-08 07:27:26.749] [thread-id: 138083813543104] [trace] SUCCESS (ZE_RESULT_SUCCESS) in zeMemAllocDevice(hContext=0x3b6c3738, device_desc={stype=0x7ffd31d9e380, flags=0, ordinal=0}, size=1, alignment=0, hDevice=0x3b6acf28, pptr=0xffffffffff9ffe00)
[2026-10-08 07:27:26.749] [thread-id: 138083813543104] [trace] zeContextMakeMemoryResident(hContext, hDevice, ptr, size)
[2026-10-08 07:27:26.750] [thread-id: 138083813543104] [trace] SUCCESS (ZE_RESULT_SUCCESS) in zeContextMakeMemoryResident(hContext=0x3b6c3738, hDevice=0x3b6acf28, ptr=0xffffffffff9ffe00, size=1)
[2026-10-08 07:27:26.750] [thread-id: 138083813543104] [trace] zeMemGetAllocProperties(hContext, ptr, pMemAllocProperties, phDevice)
[2026-10-08 07:27:26.750] [thread-id: 138083813543104] [trace] SUCCESS (ZE_RESULT_SUCCESS) in zeMemGetAllocProperties(hContext=0x3b6c3738, ptr=0xffffffffff9ffe00, pMemAllocProperties={stype=0x7ffd31d9e3c0, type=0x7ffd31d9e3d0, id=3, pageSize=65536}, phDevice=nullptr)
[2026-10-08 07:27:26.750] [thread-id: 138083813543104] [trace] zeMemFreeExt(hContext, pMemFreeDesc, ptr)
[2026-10-08 07:27:26.750] [thread-id: 138083813543104] [trace] SUCCESS (ZE_RESULT_SUCCESS) in zeMemFreeExt(hContext=0x3b6c3738, pMemFreeDesc={stype=0x7ffd31d9e3a0, freePolicy=1}, ptr=0xffffffffff9ffe00)
[2026-10-08 07:27:26.750] [thread-id: 138083813543104] [trace] zeDeviceGetProperties(hDevice, pDeviceProperties)
[2026-10-08 07:27:26.750] [thread-id: 138083813543104] [trace] SUCCESS (ZE_RESULT_SUCCESS) in zeDeviceGetProperties(hDevice=0x3b6acf28, pDeviceProperties={stype=0x7d9612423068, type=0x7d9612423078, vendorId=32902, deviceId=57868, flags=8, subdeviceId=0, coreClockRate=2750, maxMemAllocSize=10132807680, maxHardwareContexts=65536, maxCommandQueuePriority=0, numThreadsPerEU=8, physicalEUSimdWidth=16, numEUsPerSubslice=8, numSubslicesPerSlice=4, numSlices=5, timerResolution=52, timestampValidBits=64, kernelTimestampValidBits=64, uuid={id=134}, name="Intel(R) Arc(TM) B570 Graphics"})
[2026-10-08 07:27:26.750] [thread-id: 138083813543104] [trace] zeMemAllocShared(hContext, device_desc, host_desc, size, alignment, hDevice, pptr)
[2026-10-08 07:27:26.750] [thread-id: 138083813543104] [trace] SUCCESS (ZE_RESULT_SUCCESS) in zeMemAllocShared(hContext=0x3b6c3738, device_desc={stype=0x7ffd31d9e3c0, flags=0, ordinal=0}, host_desc={stype=0x7ffd31d9e3a0, flags=0}, size=1, alignment=0, hDevice=0x3b6acf28, pptr=0x7d9612410000)
[2026-10-08 07:27:26.750] [thread-id: 138083813543104] [trace] zeMemGetAllocProperties(hContext, ptr, pMemAllocProperties, phDevice)
[2026-10-08 07:27:26.750] [thread-id: 138083813543104] [trace] SUCCESS (ZE_RESULT_SUCCESS) in zeMemGetAllocProperties(hContext=0x3b6c3738, ptr=0x7d9612410000, pMemAllocProperties={stype=0x7ffd31d9e3c0, type=0x7ffd31d9e3d0, id=9, pageSize=65536}, phDevice=nullptr)
[2026-10-08 07:27:26.750] [thread-id: 138083813543104] [trace] zeMemFreeExt(hContext, pMemFreeDesc, ptr)
[2026-10-08 07:27:26.750] [thread-id: 138083813543104] [trace] SUCCESS (ZE_RESULT_SUCCESS) in zeMemFreeExt(hContext=0x3b6c3738, pMemFreeDesc={stype=0x7ffd31d9e3a0, freePolicy=1}, ptr=0x7d9612410000)
[2026-10-08 07:27:26.750] [thread-id: 138083813543104] [trace] zeDeviceGetProperties(hDevice, pDeviceProperties)
[2026-10-08 07:27:26.750] [thread-id: 138083813543104] [trace] SUCCESS (ZE_RESULT_SUCCESS) in zeDeviceGetProperties(hDevice=0x3b6acf28, pDeviceProperties={stype=0x7d961241f068, type=0x7d961241f078, vendorId=32902, deviceId=57868, flags=8, subdeviceId=0, coreClockRate=2750, maxMemAllocSize=10132807680, maxHardwareContexts=65536, maxCommandQueuePriority=0, numThreadsPerEU=8, physicalEUSimdWidth=16, numEUsPerSubslice=8, numSubslicesPerSlice=4, numSlices=5, timerResolution=52, timestampValidBits=64, kernelTimestampValidBits=64, uuid={id=134}, name="Intel(R) Arc(TM) B570 Graphics"})
[2026-10-08 07:27:26.750] [thread-id: 138083813543104] [trace] zeMemAllocShared(hContext, device_desc, host_desc, size, alignment, hDevice, pptr)
[2026-10-08 07:27:26.751] [thread-id: 138083813543104] [trace] SUCCESS (ZE_RESULT_SUCCESS) in zeMemAllocShared(hContext=0x3b6c3738, device_desc={stype=0x7ffd31d9e3c0, flags=0, ordinal=0}, host_desc={stype=0x7ffd31d9e3a0, flags=0}, size=1, alignment=0, hDevice=0x3b6acf28, pptr=0x7d9612030000)
[2026-10-08 07:27:26.751] [thread-id: 138083813543104] [trace] zeMemGetAllocProperties(hContext, ptr, pMemAllocProperties, phDevice)
[2026-10-08 07:27:26.751] [thread-id: 138083813543104] [trace] SUCCESS (ZE_RESULT_SUCCESS) in zeMemGetAllocProperties(hContext=0x3b6c3738, ptr=0x7d9612030000, pMemAllocProperties={stype=0x7ffd31d9e3c0, type=0x7ffd31d9e3d0, id=10, pageSize=65536}, phDevice=nullptr)
[2026-10-08 07:27:26.751] [thread-id: 138083813543104] [trace] zeMemFreeExt(hContext, pMemFreeDesc, ptr)
[2026-10-08 07:27:26.751] [thread-id: 138083813543104] [trace] SUCCESS (ZE_RESULT_SUCCESS) in zeMemFreeExt(hContext=0x3b6c3738, pMemFreeDesc={stype=0x7ffd31d9e3a0, freePolicy=1}, ptr=0x7d9612030000)
   <--- urContextCreate(.DeviceCount = 1, .phDevices = 0x3b6c2ce0 {0x3b6c2040}, .pProperties = nullptr, .phContext = 0x3b6c4c40 (0x3b6c6b90)) -> UR_RESULT_SUCCESS;
   ---> urQueueCreate
<LEVEL_ZERO>[INFO]: Copy offload is disabled by the environment variable.
<LEVEL_ZERO>[DEBUG]: create command list ordinal: 0, type: immediate, device: 0x3b6acf28, inOrder: 1
[2026-10-08 07:27:26.751] [thread-id: 138083813543104] [trace] zeCommandListCreateImmediate(hContext, hDevice, altdesc, phCommandList)
[2026-10-08 07:27:26.752] [thread-id: 138083813543104] [trace] SUCCESS (ZE_RESULT_SUCCESS) in zeCommandListCreateImmediate(hContext=0x3b6c3738, hDevice=0x3b6acf28, altdesc={stype=0x7ffd31d9e8c0, ordinal=0, index=0, flags=2, mode=0x7ffd31d9e8dc, priority=0x7ffd31d9e8e0}, phCommandList=0x3b6cad88)
[2026-10-08 07:27:26.752] [thread-id: 138083813543104] [trace] zeDriverGetExtensionFunctionAddress(hDriver, name, ppFunctionAddress)
[2026-10-08 07:27:26.752] [thread-id: 138083813543104] [trace] SUCCESS (ZE_RESULT_SUCCESS) in zeDriverGetExtensionFunctionAddress(hDriver=0x3b6ac9c8, name="zexCounterBasedEventCreate2", ppFunctionAddress=0x7d96208f9c00)
   <--- urQueueCreate(.hContext = 0x3b6c6b90, .hDevice = 0x3b6c2040, .pProperties = 0x7ffd31d9eea0 ((struct ur_queue_properties_t){.stype = UR_STRUCTURE_TYPE_QUEUE_PROPERTIES, .pNext = nullptr, .flags = 0}), .phQueue = 0x7ffd31d9eeb8 (0x3b6ca0a0)) -> UR_RESULT_SUCCESS;
   ---> urDeviceGetInfo
[2026-10-08 07:27:26.752] [thread-id: 138083813543104] [trace] zeDeviceGetMemoryAccessProperties(hDevice, pMemAccessProperties)
[2026-10-08 07:27:26.752] [thread-id: 138083813543104] [trace] SUCCESS (ZE_RESULT_SUCCESS) in zeDeviceGetMemoryAccessProperties(hDevice=0x3b6acf28, pMemAccessProperties={stype=0x3b6c2420, hostAllocCapabilities=3, deviceAllocCapabilities=3, sharedSingleDeviceAllocCapabilities=3, sharedCrossDeviceAllocCapabilities=0, sharedSystemAllocCapabilities=15})
   <--- urDeviceGetInfo(.hDevice = 0x3b6c2040, .propName = UR_DEVICE_INFO_USM_DEVICE_SUPPORT, .propSize = 4, .pPropValue = 0x7ffd31d9ed04 (UR_DEVICE_USM_ACCESS_CAPABILITY_FLAG_ACCESS | UR_DEVICE_USM_ACCESS_CAPABILITY_FLAG_ATOMIC_ACCESS), .pPropSizeRet = nullptr) -> UR_RESULT_SUCCESS;
   ---> urUSMDeviceAlloc
[2026-10-08 07:27:26.752] [thread-id: 138083813543104] [trace] zeMemAllocDevice(hContext, device_desc, size, alignment, hDevice, pptr)
[2026-10-08 07:27:26.752] [thread-id: 138083813543104] [trace] SUCCESS (ZE_RESULT_SUCCESS) in zeMemAllocDevice(hContext=0x3b6c3738, device_desc={stype=0x7ffd31d9e910, flags=0, ordinal=0}, size=65536, alignment=0, hDevice=0x3b6acf28, pptr=0xffffffffff600000)
[2026-10-08 07:27:26.752] [thread-id: 138083813543104] [trace] zeContextMakeMemoryResident(hContext, hDevice, ptr, size)
[2026-10-08 07:27:26.753] [thread-id: 138083813543104] [trace] SUCCESS (ZE_RESULT_SUCCESS) in zeContextMakeMemoryResident(hContext=0x3b6c3738, hDevice=0x3b6acf28, ptr=0xffffffffff600000, size=65536)
   <--- urUSMDeviceAlloc(.hContext = 0x3b6c6b90, .hDevice = 0x3b6c2040, .pUSMDesc = 0x7ffd31d9ee70 ((struct ur_usm_desc_t){.stype = UR_STRUCTURE_TYPE_CONTEXT_PROPERTIES, .pNext = nullptr, .hints = 0, .align = 4}), .pool = nullptr, .size = 65536, .ppMem = 0x7ffd31d9ee88 (0xffffffffff600000)) -> UR_RESULT_SUCCESS;
   ---> urEnqueueUSMMemcpy
<LEVEL_ZERO>[DEBUG]: ze_event_pool_desc_t flags set to: 1
[2026-10-08 07:27:26.753] [thread-id: 138083813543104] [trace] zexCounterBasedEventCreate2(hContext, hDevice, desc, phEvent)
[2026-10-08 07:27:26.753] [thread-id: 138083813543104] [trace] SUCCESS (ZE_RESULT_SUCCESS) in zexCounterBasedEventCreate2(hContext=0x3b6c3738, hDevice=0x3b6acf28, desc=0x7ffd31d9e8c0, phEvent=0x3b6fba68)
<LEVEL_ZERO>[DEBUG]: ze_event_pool_desc_t flags set to: 1
[2026-10-08 07:27:26.753] [thread-id: 138083813543104] [trace] zexCounterBasedEventCreate2(hContext, hDevice, desc, phEvent)
[2026-10-08 07:27:26.753] [thread-id: 138083813543104] [trace] SUCCESS (ZE_RESULT_SUCCESS) in zexCounterBasedEventCreate2(hContext=0x3b6c3738, hDevice=0x3b6acf28, desc=0x7ffd31d9e8c0, phEvent=0x3b6fbe08)
<LEVEL_ZERO>[DEBUG]: ze_event_pool_desc_t flags set to: 1
[2026-10-08 07:27:26.753] [thread-id: 138083813543104] [trace] zexCounterBasedEventCreate2(hContext, hDevice, desc, phEvent)
[2026-10-08 07:27:26.753] [thread-id: 138083813543104] [trace] SUCCESS (ZE_RESULT_SUCCESS) in zexCounterBasedEventCreate2(hContext=0x3b6c3738, hDevice=0x3b6acf28, desc=0x7ffd31d9e8c0, phEvent=0x3b6fc528)
<LEVEL_ZERO>[DEBUG]: ze_event_pool_desc_t flags set to: 1
[2026-10-08 07:27:26.753] [thread-id: 138083813543104] [trace] zexCounterBasedEventCreate2(hContext, hDevice, desc, phEvent)
[2026-10-08 07:27:26.753] [thread-id: 138083813543104] [trace] SUCCESS (ZE_RESULT_SUCCESS) in zexCounterBasedEventCreate2(hContext=0x3b6c3738, hDevice=0x3b6acf28, desc=0x7ffd31d9e8c0, phEvent=0x3b6fca68)
<LEVEL_ZERO>[DEBUG]: ze_event_pool_desc_t flags set to: 1
[2026-10-08 07:27:26.753] [thread-id: 138083813543104] [trace] zexCounterBasedEventCreate2(hContext, hDevice, desc, phEvent)
[2026-10-08 07:27:26.753] [thread-id: 138083813543104] [trace] SUCCESS (ZE_RESULT_SUCCESS) in zexCounterBasedEventCreate2(hContext=0x3b6c3738, hDevice=0x3b6acf28, desc=0x7ffd31d9e8c0, phEvent=0x3b6fd168)
<LEVEL_ZERO>[DEBUG]: ze_event_pool_desc_t flags set to: 1
[2026-10-08 07:27:26.753] [thread-id: 138083813543104] [trace] zexCounterBasedEventCreate2(hContext, hDevice, desc, phEvent)
[2026-10-08 07:27:26.753] [thread-id: 138083813543104] [trace] SUCCESS (ZE_RESULT_SUCCESS) in zexCounterBasedEventCreate2(hContext=0x3b6c3738, hDevice=0x3b6acf28, desc=0x7ffd31d9e8c0, phEvent=0x3b6fd6c8)
<LEVEL_ZERO>[DEBUG]: ze_event_pool_desc_t flags set to: 1
[2026-10-08 07:27:26.753] [thread-id: 138083813543104] [trace] zexCounterBasedEventCreate2(hContext, hDevice, desc, phEvent)
[2026-10-08 07:27:26.753] [thread-id: 138083813543104] [trace] SUCCESS (ZE_RESULT_SUCCESS) in zexCounterBasedEventCreate2(hContext=0x3b6c3738, hDevice=0x3b6acf28, desc=0x7ffd31d9e8c0, phEvent=0x3b6fddc8)
<LEVEL_ZERO>[DEBUG]: ze_event_pool_desc_t flags set to: 1
[2026-10-08 07:27:26.753] [thread-id: 138083813543104] [trace] zexCounterBasedEventCreate2(hContext, hDevice, desc, phEvent)
[2026-10-08 07:27:26.753] [thread-id: 138083813543104] [trace] SUCCESS (ZE_RESULT_SUCCESS) in zexCounterBasedEventCreate2(hContext=0x3b6c3738, hDevice=0x3b6acf28, desc=0x7ffd31d9e8c0, phEvent=0x3b6fe2d8)
<LEVEL_ZERO>[DEBUG]: ze_event_pool_desc_t flags set to: 1
[2026-10-08 07:27:26.753] [thread-id: 138083813543104] [trace] zexCounterBasedEventCreate2(hContext, hDevice, desc, phEvent)
[2026-10-08 07:27:26.753] [thread-id: 138083813543104] [trace] SUCCESS (ZE_RESULT_SUCCESS) in zexCounterBasedEventCreate2(hContext=0x3b6c3738, hDevice=0x3b6acf28, desc=0x7ffd31d9e8c0, phEvent=0x3b6fe9d8)
<LEVEL_ZERO>[DEBUG]: ze_event_pool_desc_t flags set to: 1
[2026-10-08 07:27:26.753] [thread-id: 138083813543104] [trace] zexCounterBasedEventCreate2(hContext, hDevice, desc, phEvent)
[2026-10-08 07:27:26.753] [thread-id: 138083813543104] [trace] SUCCESS (ZE_RESULT_SUCCESS) in zexCounterBasedEventCreate2(hContext=0x3b6c3738, hDevice=0x3b6acf28, desc=0x7ffd31d9e8c0, phEvent=0x3b6feee8)
<LEVEL_ZERO>[DEBUG]: ze_event_pool_desc_t flags set to: 1
[2026-10-08 07:27:26.753] [thread-id: 138083813543104] [trace] zexCounterBasedEventCreate2(hContext, hDevice, desc, phEvent)
[2026-10-08 07:27:26.753] [thread-id: 138083813543104] [trace] SUCCESS (ZE_RESULT_SUCCESS) in zexCounterBasedEventCreate2(hContext=0x3b6c3738, hDevice=0x3b6acf28, desc=0x7ffd31d9e8c0, phEvent=0x3b6ff5e8)
<LEVEL_ZERO>[DEBUG]: ze_event_pool_desc_t flags set to: 1
[2026-10-08 07:27:26.753] [thread-id: 138083813543104] [trace] zexCounterBasedEventCreate2(hContext, hDevice, desc, phEvent)
[2026-10-08 07:27:26.753] [thread-id: 138083813543104] [trace] SUCCESS (ZE_RESULT_SUCCESS) in zexCounterBasedEventCreate2(hContext=0x3b6c3738, hDevice=0x3b6acf28, desc=0x7ffd31d9e8c0, phEvent=0x3b6ffb98)
<LEVEL_ZERO>[DEBUG]: ze_event_pool_desc_t flags set to: 1
[2026-10-08 07:27:26.753] [thread-id: 138083813543104] [trace] zexCounterBasedEventCreate2(hContext, hDevice, desc, phEvent)
[2026-10-08 07:27:26.753] [thread-id: 138083813543104] [trace] SUCCESS (ZE_RESULT_SUCCESS) in zexCounterBasedEventCreate2(hContext=0x3b6c3738, hDevice=0x3b6acf28, desc=0x7ffd31d9e8c0, phEvent=0x3b700298)
<LEVEL_ZERO>[DEBUG]: ze_event_pool_desc_t flags set to: 1
[2026-10-08 07:27:26.753] [thread-id: 138083813543104] [trace] zexCounterBasedEventCreate2(hContext, hDevice, desc, phEvent)
[2026-10-08 07:27:26.753] [thread-id: 138083813543104] [trace] SUCCESS (ZE_RESULT_SUCCESS) in zexCounterBasedEventCreate2(hContext=0x3b6c3738, hDevice=0x3b6acf28, desc=0x7ffd31d9e8c0, phEvent=0x3b7007a8)
<LEVEL_ZERO>[DEBUG]: ze_event_pool_desc_t flags set to: 1
[2026-10-08 07:27:26.753] [thread-id: 138083813543104] [trace] zexCounterBasedEventCreate2(hContext, hDevice, desc, phEvent)
[2026-10-08 07:27:26.754] [thread-id: 138083813543104] [trace] SUCCESS (ZE_RESULT_SUCCESS) in zexCounterBasedEventCreate2(hContext=0x3b6c3738, hDevice=0x3b6acf28, desc=0x7ffd31d9e8c0, phEvent=0x3b700ea8)
<LEVEL_ZERO>[DEBUG]: ze_event_pool_desc_t flags set to: 1
[2026-10-08 07:27:26.754] [thread-id: 138083813543104] [trace] zexCounterBasedEventCreate2(hContext, hDevice, desc, phEvent)
[2026-10-08 07:27:26.754] [thread-id: 138083813543104] [trace] SUCCESS (ZE_RESULT_SUCCESS) in zexCounterBasedEventCreate2(hContext=0x3b6c3738, hDevice=0x3b6acf28, desc=0x7ffd31d9e8c0, phEvent=0x3b7013b8)
<LEVEL_ZERO>[DEBUG]: ze_event_pool_desc_t flags set to: 1
[2026-10-08 07:27:26.754] [thread-id: 138083813543104] [trace] zexCounterBasedEventCreate2(hContext, hDevice, desc, phEvent)
[2026-10-08 07:27:26.754] [thread-id: 138083813543104] [trace] SUCCESS (ZE_RESULT_SUCCESS) in zexCounterBasedEventCreate2(hContext=0x3b6c3738, hDevice=0x3b6acf28, desc=0x7ffd31d9e8c0, phEvent=0x3b701ab8)
<LEVEL_ZERO>[DEBUG]: ze_event_pool_desc_t flags set to: 1
[2026-10-08 07:27:26.754] [thread-id: 138083813543104] [trace] zexCounterBasedEventCreate2(hContext, hDevice, desc, phEvent)
[2026-10-08 07:27:26.754] [thread-id: 138083813543104] [trace] SUCCESS (ZE_RESULT_SUCCESS) in zexCounterBasedEventCreate2(hContext=0x3b6c3738, hDevice=0x3b6acf28, desc=0x7ffd31d9e8c0, phEvent=0x3b7020d8)
<LEVEL_ZERO>[DEBUG]: ze_event_pool_desc_t flags set to: 1
[2026-10-08 07:27:26.754] [thread-id: 138083813543104] [trace] zexCounterBasedEventCreate2(hContext, hDevice, desc, phEvent)
[2026-10-08 07:27:26.754] [thread-id: 138083813543104] [trace] SUCCESS (ZE_RESULT_SUCCESS) in zexCounterBasedEventCreate2(hContext=0x3b6c3738, hDevice=0x3b6acf28, desc=0x7ffd31d9e8c0, phEvent=0x3b7027d8)
<LEVEL_ZERO>[DEBUG]: ze_event_pool_desc_t flags set to: 1
[2026-10-08 07:27:26.754] [thread-id: 138083813543104] [trace] zexCounterBasedEventCreate2(hContext, hDevice, desc, phEvent)
[2026-10-08 07:27:26.754] [thread-id: 138083813543104] [trace] SUCCESS (ZE_RESULT_SUCCESS) in zexCounterBasedEventCreate2(hContext=0x3b6c3738, hDevice=0x3b6acf28, desc=0x7ffd31d9e8c0, phEvent=0x3b702ce8)
<LEVEL_ZERO>[DEBUG]: ze_event_pool_desc_t flags set to: 1
[2026-10-08 07:27:26.754] [thread-id: 138083813543104] [trace] zexCounterBasedEventCreate2(hContext, hDevice, desc, phEvent)
[2026-10-08 07:27:26.754] [thread-id: 138083813543104] [trace] SUCCESS (ZE_RESULT_SUCCESS) in zexCounterBasedEventCreate2(hContext=0x3b6c3738, hDevice=0x3b6acf28, desc=0x7ffd31d9e8c0, phEvent=0x3b7033e8)
<LEVEL_ZERO>[DEBUG]: ze_event_pool_desc_t flags set to: 1
[2026-10-08 07:27:26.754] [thread-id: 138083813543104] [trace] zexCounterBasedEventCreate2(hContext, hDevice, desc, phEvent)
[2026-10-08 07:27:26.754] [thread-id: 138083813543104] [trace] SUCCESS (ZE_RESULT_SUCCESS) in zexCounterBasedEventCreate2(hContext=0x3b6c3738, hDevice=0x3b6acf28, desc=0x7ffd31d9e8c0, phEvent=0x3b7038f8)
<LEVEL_ZERO>[DEBUG]: ze_event_pool_desc_t flags set to: 1
[2026-10-08 07:27:26.754] [thread-id: 138083813543104] [trace] zexCounterBasedEventCreate2(hContext, hDevice, desc, phEvent)
[2026-10-08 07:27:26.754] [thread-id: 138083813543104] [trace] SUCCESS (ZE_RESULT_SUCCESS) in zexCounterBasedEventCreate2(hContext=0x3b6c3738, hDevice=0x3b6acf28, desc=0x7ffd31d9e8c0, phEvent=0x3b703ff8)
<LEVEL_ZERO>[DEBUG]: ze_event_pool_desc_t flags set to: 1
[2026-10-08 07:27:26.754] [thread-id: 138083813543104] [trace] zexCounterBasedEventCreate2(hContext, hDevice, desc, phEvent)
[2026-10-08 07:27:26.754] [thread-id: 138083813543104] [trace] SUCCESS (ZE_RESULT_SUCCESS) in zexCounterBasedEventCreate2(hContext=0x3b6c3738, hDevice=0x3b6acf28, desc=0x7ffd31d9e8c0, phEvent=0x3b704508)
<LEVEL_ZERO>[DEBUG]: ze_event_pool_desc_t flags set to: 1
[2026-10-08 07:27:26.754] [thread-id: 138083813543104] [trace] zexCounterBasedEventCreate2(hContext, hDevice, desc, phEvent)
[2026-10-08 07:27:26.754] [thread-id: 138083813543104] [trace] SUCCESS (ZE_RESULT_SUCCESS) in zexCounterBasedEventCreate2(hContext=0x3b6c3738, hDevice=0x3b6acf28, desc=0x7ffd31d9e8c0, phEvent=0x3b704d48)
<LEVEL_ZERO>[DEBUG]: ze_event_pool_desc_t flags set to: 1
[2026-10-08 07:27:26.754] [thread-id: 138083813543104] [trace] zexCounterBasedEventCreate2(hContext, hDevice, desc, phEvent)
[2026-10-08 07:27:26.754] [thread-id: 138083813543104] [trace] SUCCESS (ZE_RESULT_SUCCESS) in zexCounterBasedEventCreate2(hContext=0x3b6c3738, hDevice=0x3b6acf28, desc=0x7ffd31d9e8c0, phEvent=0x3b705258)
<LEVEL_ZERO>[DEBUG]: ze_event_pool_desc_t flags set to: 1
[2026-10-08 07:27:26.754] [thread-id: 138083813543104] [trace] zexCounterBasedEventCreate2(hContext, hDevice, desc, phEvent)
[2026-10-08 07:27:26.754] [thread-id: 138083813543104] [trace] SUCCESS (ZE_RESULT_SUCCESS) in zexCounterBasedEventCreate2(hContext=0x3b6c3738, hDevice=0x3b6acf28, desc=0x7ffd31d9e8c0, phEvent=0x3b705958)
<LEVEL_ZERO>[DEBUG]: ze_event_pool_desc_t flags set to: 1
[2026-10-08 07:27:26.754] [thread-id: 138083813543104] [trace] zexCounterBasedEventCreate2(hContext, hDevice, desc, phEvent)
[2026-10-08 07:27:26.754] [thread-id: 138083813543104] [trace] SUCCESS (ZE_RESULT_SUCCESS) in zexCounterBasedEventCreate2(hContext=0x3b6c3738, hDevice=0x3b6acf28, desc=0x7ffd31d9e8c0, phEvent=0x3b705e68)
<LEVEL_ZERO>[DEBUG]: ze_event_pool_desc_t flags set to: 1
[2026-10-08 07:27:26.754] [thread-id: 138083813543104] [trace] zexCounterBasedEventCreate2(hContext, hDevice, desc, phEvent)
[2026-10-08 07:27:26.754] [thread-id: 138083813543104] [trace] SUCCESS (ZE_RESULT_SUCCESS) in zexCounterBasedEventCreate2(hContext=0x3b6c3738, hDevice=0x3b6acf28, desc=0x7ffd31d9e8c0, phEvent=0x3b706568)
<LEVEL_ZERO>[DEBUG]: ze_event_pool_desc_t flags set to: 1
[2026-10-08 07:27:26.754] [thread-id: 138083813543104] [trace] zexCounterBasedEventCreate2(hContext, hDevice, desc, phEvent)
[2026-10-08 07:27:26.754] [thread-id: 138083813543104] [trace] SUCCESS (ZE_RESULT_SUCCESS) in zexCounterBasedEventCreate2(hContext=0x3b6c3738, hDevice=0x3b6acf28, desc=0x7ffd31d9e8c0, phEvent=0x3b706a78)
<LEVEL_ZERO>[DEBUG]: ze_event_pool_desc_t flags set to: 1
[2026-10-08 07:27:26.754] [thread-id: 138083813543104] [trace] zexCounterBasedEventCreate2(hContext, hDevice, desc, phEvent)
[2026-10-08 07:27:26.754] [thread-id: 138083813543104] [trace] SUCCESS (ZE_RESULT_SUCCESS) in zexCounterBasedEventCreate2(hContext=0x3b6c3738, hDevice=0x3b6acf28, desc=0x7ffd31d9e8c0, phEvent=0x3b707178)
<LEVEL_ZERO>[DEBUG]: ze_event_pool_desc_t flags set to: 1
[2026-10-08 07:27:26.754] [thread-id: 138083813543104] [trace] zexCounterBasedEventCreate2(hContext, hDevice, desc, phEvent)
[2026-10-08 07:27:26.754] [thread-id: 138083813543104] [trace] SUCCESS (ZE_RESULT_SUCCESS) in zexCounterBasedEventCreate2(hContext=0x3b6c3738, hDevice=0x3b6acf28, desc=0x7ffd31d9e8c0, phEvent=0x3b707688)
<LEVEL_ZERO>[DEBUG]: ze_event_pool_desc_t flags set to: 1
[2026-10-08 07:27:26.754] [thread-id: 138083813543104] [trace] zexCounterBasedEventCreate2(hContext, hDevice, desc, phEvent)
[2026-10-08 07:27:26.754] [thread-id: 138083813543104] [trace] SUCCESS (ZE_RESULT_SUCCESS) in zexCounterBasedEventCreate2(hContext=0x3b6c3738, hDevice=0x3b6acf28, desc=0x7ffd31d9e8c0, phEvent=0x3b707d88)
<LEVEL_ZERO>[DEBUG]: ze_event_pool_desc_t flags set to: 1
[2026-10-08 07:27:26.754] [thread-id: 138083813543104] [trace] zexCounterBasedEventCreate2(hContext, hDevice, desc, phEvent)
[2026-10-08 07:27:26.754] [thread-id: 138083813543104] [trace] SUCCESS (ZE_RESULT_SUCCESS) in zexCounterBasedEventCreate2(hContext=0x3b6c3738, hDevice=0x3b6acf28, desc=0x7ffd31d9e8c0, phEvent=0x3b7084a8)
<LEVEL_ZERO>[DEBUG]: ze_event_pool_desc_t flags set to: 1
[2026-10-08 07:27:26.754] [thread-id: 138083813543104] [trace] zexCounterBasedEventCreate2(hContext, hDevice, desc, phEvent)
[2026-10-08 07:27:26.754] [thread-id: 138083813543104] [trace] SUCCESS (ZE_RESULT_SUCCESS) in zexCounterBasedEventCreate2(hContext=0x3b6c3738, hDevice=0x3b6acf28, desc=0x7ffd31d9e8c0, phEvent=0x3b708ba8)
<LEVEL_ZERO>[DEBUG]: ze_event_pool_desc_t flags set to: 1
[2026-10-08 07:27:26.755] [thread-id: 138083813543104] [trace] zexCounterBasedEventCreate2(hContext, hDevice, desc, phEvent)
[2026-10-08 07:27:26.755] [thread-id: 138083813543104] [trace] SUCCESS (ZE_RESULT_SUCCESS) in zexCounterBasedEventCreate2(hContext=0x3b6c3738, hDevice=0x3b6acf28, desc=0x7ffd31d9e8c0, phEvent=0x3b7090b8)
<LEVEL_ZERO>[DEBUG]: ze_event_pool_desc_t flags set to: 1
[2026-10-08 07:27:26.755] [thread-id: 138083813543104] [trace] zexCounterBasedEventCreate2(hContext, hDevice, desc, phEvent)
[2026-10-08 07:27:26.755] [thread-id: 138083813543104] [trace] SUCCESS (ZE_RESULT_SUCCESS) in zexCounterBasedEventCreate2(hContext=0x3b6c3738, hDevice=0x3b6acf28, desc=0x7ffd31d9e8c0, phEvent=0x3b7097b8)
<LEVEL_ZERO>[DEBUG]: ze_event_pool_desc_t flags set to: 1
[2026-10-08 07:27:26.755] [thread-id: 138083813543104] [trace] zexCounterBasedEventCreate2(hContext, hDevice, desc, phEvent)
[2026-10-08 07:27:26.755] [thread-id: 138083813543104] [trace] SUCCESS (ZE_RESULT_SUCCESS) in zexCounterBasedEventCreate2(hContext=0x3b6c3738, hDevice=0x3b6acf28, desc=0x7ffd31d9e8c0, phEvent=0x3b709cc8)
<LEVEL_ZERO>[DEBUG]: ze_event_pool_desc_t flags set to: 1
[2026-10-08 07:27:26.755] [thread-id: 138083813543104] [trace] zexCounterBasedEventCreate2(hContext, hDevice, desc, phEvent)
[2026-10-08 07:27:26.755] [thread-id: 138083813543104] [trace] SUCCESS (ZE_RESULT_SUCCESS) in zexCounterBasedEventCreate2(hContext=0x3b6c3738, hDevice=0x3b6acf28, desc=0x7ffd31d9e8c0, phEvent=0x3b70a3c8)
<LEVEL_ZERO>[DEBUG]: ze_event_pool_desc_t flags set to: 1
[2026-10-08 07:27:26.755] [thread-id: 138083813543104] [trace] zexCounterBasedEventCreate2(hContext, hDevice, desc, phEvent)
[2026-10-08 07:27:26.755] [thread-id: 138083813543104] [trace] SUCCESS (ZE_RESULT_SUCCESS) in zexCounterBasedEventCreate2(hContext=0x3b6c3738, hDevice=0x3b6acf28, desc=0x7ffd31d9e8c0, phEvent=0x3b70a8d8)
<LEVEL_ZERO>[DEBUG]: ze_event_pool_desc_t flags set to: 1
[2026-10-08 07:27:26.755] [thread-id: 138083813543104] [trace] zexCounterBasedEventCreate2(hContext, hDevice, desc, phEvent)
[2026-10-08 07:27:26.755] [thread-id: 138083813543104] [trace] SUCCESS (ZE_RESULT_SUCCESS) in zexCounterBasedEventCreate2(hContext=0x3b6c3738, hDevice=0x3b6acf28, desc=0x7ffd31d9e8c0, phEvent=0x3b70afd8)
<LEVEL_ZERO>[DEBUG]: ze_event_pool_desc_t flags set to: 1
[2026-10-08 07:27:26.755] [thread-id: 138083813543104] [trace] zexCounterBasedEventCreate2(hContext, hDevice, desc, phEvent)
[2026-10-08 07:27:26.755] [thread-id: 138083813543104] [trace] SUCCESS (ZE_RESULT_SUCCESS) in zexCounterBasedEventCreate2(hContext=0x3b6c3738, hDevice=0x3b6acf28, desc=0x7ffd31d9e8c0, phEvent=0x3b70b4e8)
<LEVEL_ZERO>[DEBUG]: ze_event_pool_desc_t flags set to: 1
[2026-10-08 07:27:26.755] [thread-id: 138083813543104] [trace] zexCounterBasedEventCreate2(hContext, hDevice, desc, phEvent)
[2026-10-08 07:27:26.755] [thread-id: 138083813543104] [trace] SUCCESS (ZE_RESULT_SUCCESS) in zexCounterBasedEventCreate2(hContext=0x3b6c3738, hDevice=0x3b6acf28, desc=0x7ffd31d9e8c0, phEvent=0x3b70bbe8)
<LEVEL_ZERO>[DEBUG]: ze_event_pool_desc_t flags set to: 1
[2026-10-08 07:27:26.755] [thread-id: 138083813543104] [trace] zexCounterBasedEventCreate2(hContext, hDevice, desc, phEvent)
[2026-10-08 07:27:26.755] [thread-id: 138083813543104] [trace] SUCCESS (ZE_RESULT_SUCCESS) in zexCounterBasedEventCreate2(hContext=0x3b6c3738, hDevice=0x3b6acf28, desc=0x7ffd31d9e8c0, phEvent=0x3b70c0f8)
<LEVEL_ZERO>[DEBUG]: ze_event_pool_desc_t flags set to: 1
[2026-10-08 07:27:26.755] [thread-id: 138083813543104] [trace] zexCounterBasedEventCreate2(hContext, hDevice, desc, phEvent)
[2026-10-08 07:27:26.755] [thread-id: 138083813543104] [trace] SUCCESS (ZE_RESULT_SUCCESS) in zexCounterBasedEventCreate2(hContext=0x3b6c3738, hDevice=0x3b6acf28, desc=0x7ffd31d9e8c0, phEvent=0x3b70c7f8)
<LEVEL_ZERO>[DEBUG]: ze_event_pool_desc_t flags set to: 1
[2026-10-08 07:27:26.755] [thread-id: 138083813543104] [trace] zexCounterBasedEventCreate2(hContext, hDevice, desc, phEvent)
[2026-10-08 07:27:26.755] [thread-id: 138083813543104] [trace] SUCCESS (ZE_RESULT_SUCCESS) in zexCounterBasedEventCreate2(hContext=0x3b6c3738, hDevice=0x3b6acf28, desc=0x7ffd31d9e8c0, phEvent=0x3b70cd08)
<LEVEL_ZERO>[DEBUG]: ze_event_pool_desc_t flags set to: 1
[2026-10-08 07:27:26.755] [thread-id: 138083813543104] [trace] zexCounterBasedEventCreate2(hContext, hDevice, desc, phEvent)
[2026-10-08 07:27:26.755] [thread-id: 138083813543104] [trace] SUCCESS (ZE_RESULT_SUCCESS) in zexCounterBasedEventCreate2(hContext=0x3b6c3738, hDevice=0x3b6acf28, desc=0x7ffd31d9e8c0, phEvent=0x3b70d408)
<LEVEL_ZERO>[DEBUG]: ze_event_pool_desc_t flags set to: 1
[2026-10-08 07:27:26.755] [thread-id: 138083813543104] [trace] zexCounterBasedEventCreate2(hContext, hDevice, desc, phEvent)
[2026-10-08 07:27:26.755] [thread-id: 138083813543104] [trace] SUCCESS (ZE_RESULT_SUCCESS) in zexCounterBasedEventCreate2(hContext=0x3b6c3738, hDevice=0x3b6acf28, desc=0x7ffd31d9e8c0, phEvent=0x3b70d918)
<LEVEL_ZERO>[DEBUG]: ze_event_pool_desc_t flags set to: 1
[2026-10-08 07:27:26.755] [thread-id: 138083813543104] [trace] zexCounterBasedEventCreate2(hContext, hDevice, desc, phEvent)
[2026-10-08 07:27:26.755] [thread-id: 138083813543104] [trace] SUCCESS (ZE_RESULT_SUCCESS) in zexCounterBasedEventCreate2(hContext=0x3b6c3738, hDevice=0x3b6acf28, desc=0x7ffd31d9e8c0, phEvent=0x3b70e018)
<LEVEL_ZERO>[DEBUG]: ze_event_pool_desc_t flags set to: 1
[2026-10-08 07:27:26.755] [thread-id: 138083813543104] [trace] zexCounterBasedEventCreate2(hContext, hDevice, desc, phEvent)
[2026-10-08 07:27:26.755] [thread-id: 138083813543104] [trace] SUCCESS (ZE_RESULT_SUCCESS) in zexCounterBasedEventCreate2(hContext=0x3b6c3738, hDevice=0x3b6acf28, desc=0x7ffd31d9e8c0, phEvent=0x3b70e528)
<LEVEL_ZERO>[DEBUG]: ze_event_pool_desc_t flags set to: 1
[2026-10-08 07:27:26.755] [thread-id: 138083813543104] [trace] zexCounterBasedEventCreate2(hContext, hDevice, desc, phEvent)
[2026-10-08 07:27:26.755] [thread-id: 138083813543104] [trace] SUCCESS (ZE_RESULT_SUCCESS) in zexCounterBasedEventCreate2(hContext=0x3b6c3738, hDevice=0x3b6acf28, desc=0x7ffd31d9e8c0, phEvent=0x3b70ec28)
<LEVEL_ZERO>[DEBUG]: ze_event_pool_desc_t flags set to: 1
[2026-10-08 07:27:26.755] [thread-id: 138083813543104] [trace] zexCounterBasedEventCreate2(hContext, hDevice, desc, phEvent)
[2026-10-08 07:27:26.755] [thread-id: 138083813543104] [trace] SUCCESS (ZE_RESULT_SUCCESS) in zexCounterBasedEventCreate2(hContext=0x3b6c3738, hDevice=0x3b6acf28, desc=0x7ffd31d9e8c0, phEvent=0x3b70f138)
<LEVEL_ZERO>[DEBUG]: ze_event_pool_desc_t flags set to: 1
[2026-10-08 07:27:26.755] [thread-id: 138083813543104] [trace] zexCounterBasedEventCreate2(hContext, hDevice, desc, phEvent)
[2026-10-08 07:27:26.755] [thread-id: 138083813543104] [trace] SUCCESS (ZE_RESULT_SUCCESS) in zexCounterBasedEventCreate2(hContext=0x3b6c3738, hDevice=0x3b6acf28, desc=0x7ffd31d9e8c0, phEvent=0x3b70fab8)
<LEVEL_ZERO>[DEBUG]: ze_event_pool_desc_t flags set to: 1
[2026-10-08 07:27:26.755] [thread-id: 138083813543104] [trace] zexCounterBasedEventCreate2(hContext, hDevice, desc, phEvent)
[2026-10-08 07:27:26.755] [thread-id: 138083813543104] [trace] SUCCESS (ZE_RESULT_SUCCESS) in zexCounterBasedEventCreate2(hContext=0x3b6c3738, hDevice=0x3b6acf28, desc=0x7ffd31d9e8c0, phEvent=0x3b70ffc8)
<LEVEL_ZERO>[DEBUG]: ze_event_pool_desc_t flags set to: 1
[2026-10-08 07:27:26.755] [thread-id: 138083813543104] [trace] zexCounterBasedEventCreate2(hContext, hDevice, desc, phEvent)
[2026-10-08 07:27:26.755] [thread-id: 138083813543104] [trace] SUCCESS (ZE_RESULT_SUCCESS) in zexCounterBasedEventCreate2(hContext=0x3b6c3738, hDevice=0x3b6acf28, desc=0x7ffd31d9e8c0, phEvent=0x3b7106c8)
<LEVEL_ZERO>[DEBUG]: ze_event_pool_desc_t flags set to: 1
[2026-10-08 07:27:26.755] [thread-id: 138083813543104] [trace] zexCounterBasedEventCreate2(hContext, hDevice, desc, phEvent)
[2026-10-08 07:27:26.756] [thread-id: 138083813543104] [trace] SUCCESS (ZE_RESULT_SUCCESS) in zexCounterBasedEventCreate2(hContext=0x3b6c3738, hDevice=0x3b6acf28, desc=0x7ffd31d9e8c0, phEvent=0x3b710bd8)
<LEVEL_ZERO>[DEBUG]: ze_event_pool_desc_t flags set to: 1
[2026-10-08 07:27:26.756] [thread-id: 138083813543104] [trace] zexCounterBasedEventCreate2(hContext, hDevice, desc, phEvent)
[2026-10-08 07:27:26.756] [thread-id: 138083813543104] [trace] SUCCESS (ZE_RESULT_SUCCESS) in zexCounterBasedEventCreate2(hContext=0x3b6c3738, hDevice=0x3b6acf28, desc=0x7ffd31d9e8c0, phEvent=0x3b7112d8)
<LEVEL_ZERO>[DEBUG]: ze_event_pool_desc_t flags set to: 1
[2026-10-08 07:27:26.756] [thread-id: 138083813543104] [trace] zexCounterBasedEventCreate2(hContext, hDevice, desc, phEvent)
[2026-10-08 07:27:26.756] [thread-id: 138083813543104] [trace] SUCCESS (ZE_RESULT_SUCCESS) in zexCounterBasedEventCreate2(hContext=0x3b6c3738, hDevice=0x3b6acf28, desc=0x7ffd31d9e8c0, phEvent=0x3b7117e8)
<LEVEL_ZERO>[DEBUG]: ze_event_pool_desc_t flags set to: 1
[2026-10-08 07:27:26.756] [thread-id: 138083813543104] [trace] zexCounterBasedEventCreate2(hContext, hDevice, desc, phEvent)
[2026-10-08 07:27:26.756] [thread-id: 138083813543104] [trace] SUCCESS (ZE_RESULT_SUCCESS) in zexCounterBasedEventCreate2(hContext=0x3b6c3738, hDevice=0x3b6acf28, desc=0x7ffd31d9e8c0, phEvent=0x3b711ee8)
<LEVEL_ZERO>[DEBUG]: ze_event_pool_desc_t flags set to: 1
[2026-10-08 07:27:26.756] [thread-id: 138083813543104] [trace] zexCounterBasedEventCreate2(hContext, hDevice, desc, phEvent)
[2026-10-08 07:27:26.756] [thread-id: 138083813543104] [trace] SUCCESS (ZE_RESULT_SUCCESS) in zexCounterBasedEventCreate2(hContext=0x3b6c3738, hDevice=0x3b6acf28, desc=0x7ffd31d9e8c0, phEvent=0x3b7123f8)
<LEVEL_ZERO>[DEBUG]: ze_event_pool_desc_t flags set to: 1
[2026-10-08 07:27:26.756] [thread-id: 138083813543104] [trace] zexCounterBasedEventCreate2(hContext, hDevice, desc, phEvent)
[2026-10-08 07:27:26.756] [thread-id: 138083813543104] [trace] SUCCESS (ZE_RESULT_SUCCESS) in zexCounterBasedEventCreate2(hContext=0x3b6c3738, hDevice=0x3b6acf28, desc=0x7ffd31d9e8c0, phEvent=0x3b712af8)
<LEVEL_ZERO>[DEBUG]: ze_event_pool_desc_t flags set to: 1
[2026-10-08 07:27:26.756] [thread-id: 138083813543104] [trace] zexCounterBasedEventCreate2(hContext, hDevice, desc, phEvent)
[2026-10-08 07:27:26.756] [thread-id: 138083813543104] [trace] SUCCESS (ZE_RESULT_SUCCESS) in zexCounterBasedEventCreate2(hContext=0x3b6c3738, hDevice=0x3b6acf28, desc=0x7ffd31d9e8c0, phEvent=0x3b713008)
<LEVEL_ZERO>[DEBUG]: ze_event_pool_desc_t flags set to: 1
[2026-10-08 07:27:26.756] [thread-id: 138083813543104] [trace] zexCounterBasedEventCreate2(hContext, hDevice, desc, phEvent)
[2026-10-08 07:27:26.756] [thread-id: 138083813543104] [trace] SUCCESS (ZE_RESULT_SUCCESS) in zexCounterBasedEventCreate2(hContext=0x3b6c3738, hDevice=0x3b6acf28, desc=0x7ffd31d9e8c0, phEvent=0x3b713708)
<LEVEL_ZERO>[DEBUG]: ze_event_pool_desc_t flags set to: 1
[2026-10-08 07:27:26.756] [thread-id: 138083813543104] [trace] zexCounterBasedEventCreate2(hContext, hDevice, desc, phEvent)
[2026-10-08 07:27:26.756] [thread-id: 138083813543104] [trace] SUCCESS (ZE_RESULT_SUCCESS) in zexCounterBasedEventCreate2(hContext=0x3b6c3738, hDevice=0x3b6acf28, desc=0x7ffd31d9e8c0, phEvent=0x3b713c18)
[2026-10-08 07:27:26.756] [thread-id: 138083813543104] [trace] zeCommandListAppendMemoryCopy(hCommandList, dstptr, srcptr, size, hSignalEvent, numWaitEvents, phWaitEventsLocal)
[2026-10-08 07:27:26.758] [thread-id: 138083813543104] [trace] SUCCESS (ZE_RESULT_SUCCESS) in zeCommandListAppendMemoryCopy(hCommandList=0x3b6cad88, dstptr=0xffffffffff600000, srcptr=0x3b6db8a0, size=65536, hSignalEvent=0x3b713c18, numWaitEvents=0, phWaitEvents=nullptr)
   <--- urEnqueueUSMMemcpy(.hQueue = 0x3b6ca0a0, .blocking = 0, .pDst = 0xffffffffff600000, .pSrc = 0x3b6db8a0, .size = 65536, .numEventsInWaitList = 0, .phEventWaitList = nullptr, .phEvent = 0x7ffd31d9eec0 (0x3b713600)) -> UR_RESULT_SUCCESS;
   ---> urEventWait
[2026-10-08 07:27:26.758] [thread-id: 138083813543104] [trace] zeEventHostSynchronize(hEvent, timeout)
[2026-10-08 07:27:26.758] [thread-id: 138083813543104] [trace] SUCCESS (ZE_RESULT_SUCCESS) in zeEventHostSynchronize(hEvent=0x3b713c18, timeout=18446744073709551615)
   <--- urEventWait(.numEvents = 1, .phEventWaitList = 0x7ffd31d9ef10 {0x3b713600}) -> UR_RESULT_SUCCESS;
   ---> urEventRelease
   <--- urEventRelease(.hEvent = 0x3b713600) -> UR_RESULT_SUCCESS;
   ---> urDeviceGetInfo
[2026-10-08 07:27:26.758] [thread-id: 138083813543104] [trace] zeDeviceGetComputeProperties(hDevice, pComputeProperties)
[2026-10-08 07:27:26.758] [thread-id: 138083813543104] [trace] SUCCESS (ZE_RESULT_SUCCESS) in zeDeviceGetComputeProperties(hDevice=0x3b6acf28, pComputeProperties={stype=0x3b6c2280, maxTotalGroupSize=1024, maxGroupSizeX=1024, maxGroupSizeY=1024, maxGroupSizeZ=1024, maxGroupCountX=4294967295, maxGroupCountY=4294967295, maxGroupCountZ=4294967295, maxSharedLocalMemory=131072, numSubGroupSizes=2, subGroupSizes=16})
   <--- urDeviceGetInfo(.hDevice = 0x3b6c2040, .propName = UR_DEVICE_INFO_MAX_WORK_GROUPS_3D, .propSize = 24, .pPropValue = {4294967295, 4294967295, 4294967295}, .pPropSizeRet = nullptr) -> UR_RESULT_SUCCESS;
   ---> urDeviceSelectBinary
   <--- urDeviceSelectBinary(.hDevice = 0x3b6c2040, .pBinaries = 0x3b73ca50 ((struct ur_device_binary_t){.stype = UR_STRUCTURE_TYPE_CONTEXT_PROPERTIES, .pNext = nullptr, .pDeviceTargetSpec = 0x7d96278793c0 (spir64)}), .NumBinaries = 1, .pSelectedBinary = 0x7ffd31d9e41c (0)) -> UR_RESULT_SUCCESS;
   ---> urPlatformGetBackendOption
   <--- urPlatformGetBackendOption(.hPlatform = 0x3b6c0810, .pFrontendOption = 0x7ffd31d9df28 (-O2), .ppPlatformOption = 0x7ffd31d9def8 (0x7d96248e7975 (-ze-opt-level=2))) -> UR_RESULT_SUCCESS;
   ---> urDeviceGetInfo
   <--- urDeviceGetInfo(.hDevice = 0x3b6c2040, .propName = UR_DEVICE_INFO_VENDOR_ID, .propSize = 4, .pPropValue = 0x7ffd31d9de78 (32902), .pPropSizeRet = nullptr) -> UR_RESULT_SUCCESS;
   ---> urDeviceGetInfo
   <--- urDeviceGetInfo(.hDevice = 0x3b6c2040, .propName = UR_DEVICE_INFO_DEVICE_ID, .propSize = 0, .pPropValue = nullptr, .pPropSizeRet = 0x7ffd31d9dd00 (4)) -> UR_RESULT_SUCCESS;
   ---> urDeviceGetInfo
   <--- urDeviceGetInfo(.hDevice = 0x3b6c2040, .propName = UR_DEVICE_INFO_DEVICE_ID, .propSize = 4, .pPropValue = 0x7ffd31d9de48 (57868), .pPropSizeRet = nullptr) -> UR_RESULT_SUCCESS;
   ---> urDeviceGetInfo
   <--- urDeviceGetInfo(.hDevice = 0x3b6c2040, .propName = UR_DEVICE_INFO_COMPILER_AVAILABLE, .propSize = 1, .pPropValue = 0x7ffd31d9dee0 (true), .pPropSizeRet = nullptr) -> UR_RESULT_SUCCESS;
   ---> urProgramCreateWithIL
   <--- urProgramCreateWithIL(.hContext = 0x3b6c6b90, .pIL = 0x415b20, .length = 2080, .pProperties = nullptr, .phProgram = 0x7ffd31d9e000 (0x3b704a10)) -> UR_RESULT_SUCCESS;
   ---> urProgramBuildExp
[2026-10-08 07:27:26.759] [thread-id: 138083813543104] [trace] zeModuleCreate(hContext, hDevice, desc, phModule, phBuildLog)
[2026-10-08 07:27:26.760] [thread-id: 138083813543104] [trace] SUCCESS (ZE_RESULT_SUCCESS) in zeModuleCreate(hContext=0x3b6c3738, hDevice=0x3b6acf28, desc={stype=0x7ffd31d9dc80, format=0x7ffd31d9dc90, inputSize=2080, pInputModule=3, pBuildFlags=" -ze-opt-level=2", pConstants={numConstants=0, pConstantIds=nullptr, pConstantValues=nullptr}}, phModule=0x3b717d18, phBuildLog=0x3b73d818)
[2026-10-08 07:27:26.760] [thread-id: 138083813543104] [trace] zeModuleGetProperties(hModule, pModuleProperties)
[2026-10-08 07:27:26.760] [thread-id: 138083813543104] [trace] SUCCESS (ZE_RESULT_SUCCESS) in zeModuleGetProperties(hModule=0x3b717d18, pModuleProperties={stype=0x7ffd31d9dbf0, flags=0})
   <--- urProgramBuildExp(.hProgram = 0x3b704a10, .numDevices = 1, .phDevices = 0x3b73ca50 {0x3b6c2040}, .flags = 0, .pOptions = 0x3b73ca70 ( -ze-opt-level=2)) -> UR_RESULT_SUCCESS;
   ---> urProgramRetain
   <--- urProgramRetain(.hProgram = 0x3b704a10) -> UR_RESULT_SUCCESS;
   ---> urKernelCreate
[2026-10-08 07:27:26.760] [thread-id: 138083813543104] [trace] zeKernelCreate(hModule, desc, phKernel)
[2026-10-08 07:27:26.760] [thread-id: 138083813543104] [trace] SUCCESS (ZE_RESULT_SUCCESS) in zeKernelCreate(hModule=0x3b717d18, desc={stype=0x7ffd31d9e310, flags=0, pKernelName="_ZTSZ4mainEUlN4sycl3_V12idILi1EEEE_"}, phKernel=0x3b754748)
[2026-10-08 07:27:26.760] [thread-id: 138083813543104] [trace] zeKernelGetName(hKernel, pSize, pName)
[2026-10-08 07:27:26.760] [thread-id: 138083813543104] [trace] SUCCESS (ZE_RESULT_SUCCESS) in zeKernelGetName(hKernel=0x3b754748, pSize=36, pName=nullptr)
[2026-10-08 07:27:26.760] [thread-id: 138083813543104] [trace] zeKernelGetName(hKernel, pSize, pName)
[2026-10-08 07:27:26.760] [thread-id: 138083813543104] [trace] SUCCESS (ZE_RESULT_SUCCESS) in zeKernelGetName(hKernel=0x3b754748, pSize=36, pName="_ZTSZ4mainEUlN4sycl3_V12idILi1EEEE_")
[2026-10-08 07:27:26.760] [thread-id: 138083813543104] [trace] zeKernelGetProperties(hKernel, pKernelProperties)
[2026-10-08 07:27:26.760] [thread-id: 138083813543104] [trace] SUCCESS (ZE_RESULT_SUCCESS) in zeKernelGetProperties(hKernel=0x3b754748, pKernelProperties={stype=0x3b735b48, numKernelArgs=1, requiredGroupSizeX=0, requiredGroupSizeY=0, requiredGroupSizeZ=0, requiredNumSubGroups=0, requiredSubgroupSize=0, maxSubgroupSize=32, maxNumSubgroups=32, localMemSize=0, privateMemSize=0, spillMemSize=0, uuid={kid=0, mid=0}})
   <--- urKernelCreate(.hProgram = 0x3b704a10, .pKernelName = 0x4131d2 (_ZTSZ4mainEUlN4sycl3_V12idILi1EEEE_), .phKernel = 0x7ffd31d9e630 (0x3b74fd40)) -> UR_RESULT_SUCCESS;
   ---> urKernelSetExecInfo
[2026-10-08 07:27:26.760] [thread-id: 138083813543104] [trace] zeKernelSetIndirectAccess(hKernel, flags)
[2026-10-08 07:27:26.760] [thread-id: 138083813543104] [trace] SUCCESS (ZE_RESULT_SUCCESS) in zeKernelSetIndirectAccess(hKernel=0x3b754748, flags=7)
   <--- urKernelSetExecInfo(.hKernel = 0x3b74fd40, .propName = UR_KERNEL_EXEC_INFO_USM_INDIRECT_ACCESS, .propSize = 1, .pProperties = nullptr, .pPropValue = 0x7ffd31d9e62f (true)) -> UR_RESULT_SUCCESS;
   ---> urKernelRetain
   <--- urKernelRetain(.hKernel = 0x3b74fd40) -> UR_RESULT_SUCCESS;
   ---> urKernelGetGroupInfo
   <--- urKernelGetGroupInfo(.hKernel = 0x3b74fd40, .hDevice = 0x3b6c2040, .propName = UR_KERNEL_GROUP_INFO_COMPILE_WORK_GROUP_SIZE, .propSize = 24, .pPropValue = {0, 0, 0}, .pPropSizeRet = nullptr) -> UR_RESULT_SUCCESS;
   ---> urEnqueueKernelLaunchWithArgsExp
[2026-10-08 07:27:26.760] [thread-id: 138083813543104] [trace] zeKernelSuggestGroupSize(hKernel, globalSizeX, globalSizeY, globalSizeZ, groupSizeX, groupSizeY, groupSizeZ)
[2026-10-08 07:27:26.760] [thread-id: 138083813543104] [trace] SUCCESS (ZE_RESULT_SUCCESS) in zeKernelSuggestGroupSize(hKernel=0x3b754748, globalSizeX=16384, globalSizeY=1, globalSizeZ=1, groupSizeX=1024, groupSizeY=1, groupSizeZ=1)
[2026-10-08 07:27:26.760] [thread-id: 138083813543104] [trace] zeKernelSetGroupSize(hKernel, groupSizeX, groupSizeY, groupSizeZ)
[2026-10-08 07:27:26.760] [thread-id: 138083813543104] [trace] SUCCESS (ZE_RESULT_SUCCESS) in zeKernelSetGroupSize(hKernel=0x3b754748, groupSizeX=1024, groupSizeY=1, groupSizeZ=1)
[2026-10-08 07:27:26.760] [thread-id: 138083813543104] [trace] zeCommandListAppendLaunchKernelWithArguments(hCommandList, hKernel, groupCounts, groupSizes, pArguments, pNext, hSignalEvent, numWaitEvents, phWaitEventsLocal)
[2026-10-08 07:27:26.761] [thread-id: 138083813543104] [trace] SUCCESS (ZE_RESULT_SUCCESS) in zeCommandListAppendLaunchKernelWithArguments(hCommandList=0x3b6cad88, hKernel=0x3b754748, groupCounts={groupCountX=16, groupCountY=1, groupCountZ=1}, groupSizes={groupSizeX=1024, groupSizeY=1, groupSizeZ=1}, pArguments=0x3b754e90, pNext=nullptr, hSignalEvent=0x3b713c18, numWaitEvents=0, phWaitEvents=nullptr)
   <--- urEnqueueKernelLaunchWithArgsExp(.hQueue = 0x3b6ca0a0, .hKernel = 0x3b74fd40, .workDim = 1, .pGlobalWorkOffset = nullptr, .pGlobalWorkSize = 0x7ffd31d9edf0 (16384), .pLocalWorkSize = nullptr, .numArgs = 1, .pArgs = 0x3b7508d0 {(struct ur_exp_kernel_arg_properties_t){.stype = UR_STRUCTURE_TYPE_EXP_KERNEL_ARG_PROPERTIES, .pNext = nullptr, .type = UR_EXP_KERNEL_ARG_TYPE_POINTER, .index = 0, .size = 8, .value = (union ur_exp_kernel_arg_value_t){.pointer = 0xffffffffff600000}}}, .launchPropList = nullptr, .numEventsInWaitList = 0, .phEventWaitList = nullptr, .phEvent = 0x7ffd31d9e810 (0x3b713600)) -> UR_RESULT_SUCCESS;
   ---> urEventWait
[2026-10-08 07:27:26.761] [thread-id: 138083813543104] [trace] zeEventHostSynchronize(hEvent, timeout)
[2026-10-08 07:27:26.761] [thread-id: 138083813543104] [trace] SUCCESS (ZE_RESULT_SUCCESS) in zeEventHostSynchronize(hEvent=0x3b713c18, timeout=18446744073709551615)
   <--- urEventWait(.numEvents = 1, .phEventWaitList = 0x7ffd31d9ef10 {0x3b713600}) -> UR_RESULT_SUCCESS;
   ---> urEventRelease
   <--- urEventRelease(.hEvent = 0x3b713600) -> UR_RESULT_SUCCESS;
   ---> urEnqueueUSMMemcpy
[2026-10-08 07:27:26.761] [thread-id: 138083813543104] [trace] zeCommandListAppendMemoryCopy(hCommandList, dstptr, srcptr, size, hSignalEvent, numWaitEvents, phWaitEventsLocal)
[2026-10-08 07:27:26.761] [thread-id: 138083813543104] [trace] SUCCESS (ZE_RESULT_SUCCESS) in zeCommandListAppendMemoryCopy(hCommandList=0x3b6cad88, dstptr=0x3b6eb8b0, srcptr=0xffffffffff600000, size=65536, hSignalEvent=0x3b713c18, numWaitEvents=0, phWaitEvents=nullptr)
   <--- urEnqueueUSMMemcpy(.hQueue = 0x3b6ca0a0, .blocking = 0, .pDst = 0x3b6eb8b0, .pSrc = 0xffffffffff600000, .size = 65536, .numEventsInWaitList = 0, .phEventWaitList = nullptr, .phEvent = 0x7ffd31d9eec0 (0x3b713600)) -> UR_RESULT_SUCCESS;
   ---> urEventWait
[2026-10-08 07:27:26.761] [thread-id: 138083813543104] [trace] zeEventHostSynchronize(hEvent, timeout)
[2026-10-08 07:27:26.761] [thread-id: 138083813543104] [trace] SUCCESS (ZE_RESULT_SUCCESS) in zeEventHostSynchronize(hEvent=0x3b713c18, timeout=18446744073709551615)
   <--- urEventWait(.numEvents = 1, .phEventWaitList = 0x7ffd31d9ef10 {0x3b713600}) -> UR_RESULT_SUCCESS;
   ---> urEventRelease
   <--- urEventRelease(.hEvent = 0x3b713600) -> UR_RESULT_SUCCESS;
   ---> urEnqueueUSMMemcpy
[2026-10-08 07:27:26.761] [thread-id: 138083813543104] [trace] zeCommandListAppendMemoryCopy(hCommandList, dstptr, srcptr, size, hSignalEvent, numWaitEvents, phWaitEventsLocal)
[2026-10-08 07:27:26.761] [thread-id: 138083813543104] [trace] SUCCESS (ZE_RESULT_SUCCESS) in zeCommandListAppendMemoryCopy(hCommandList=0x3b6cad88, dstptr=0xffffffffff600000, srcptr=0x3b6db8a0, size=65536, hSignalEvent=0x3b713c18, numWaitEvents=0, phWaitEvents=nullptr)
   <--- urEnqueueUSMMemcpy(.hQueue = 0x3b6ca0a0, .blocking = 0, .pDst = 0xffffffffff600000, .pSrc = 0x3b6db8a0, .size = 65536, .numEventsInWaitList = 0, .phEventWaitList = nullptr, .phEvent = 0x7ffd31d9eec0 (0x3b713600)) -> UR_RESULT_SUCCESS;
   ---> urEventWait
[2026-10-08 07:27:26.761] [thread-id: 138083813543104] [trace] zeEventHostSynchronize(hEvent, timeout)
[2026-10-08 07:27:26.761] [thread-id: 138083813543104] [trace] SUCCESS (ZE_RESULT_SUCCESS) in zeEventHostSynchronize(hEvent=0x3b713c18, timeout=18446744073709551615)
   <--- urEventWait(.numEvents = 1, .phEventWaitList = 0x7ffd31d9ef10 {0x3b713600}) -> UR_RESULT_SUCCESS;
   ---> urEventRelease
   <--- urEventRelease(.hEvent = 0x3b713600) -> UR_RESULT_SUCCESS;
   ---> urDeviceGetInfo
   <--- urDeviceGetInfo(.hDevice = 0x3b6c2040, .propName = UR_DEVICE_INFO_MAX_WORK_GROUPS_3D, .propSize = 24, .pPropValue = {4294967295, 4294967295, 4294967295}, .pPropSizeRet = nullptr) -> UR_RESULT_SUCCESS;
   ---> urKernelGetGroupInfo
   <--- urKernelGetGroupInfo(.hKernel = 0x3b74fd40, .hDevice = 0x3b6c2040, .propName = UR_KERNEL_GROUP_INFO_COMPILE_WORK_GROUP_SIZE, .propSize = 24, .pPropValue = {0, 0, 0}, .pPropSizeRet = nullptr) -> UR_RESULT_SUCCESS;
   ---> urEnqueueKernelLaunchWithArgsExp
[2026-10-08 07:27:26.761] [thread-id: 138083813543104] [trace] zeKernelSuggestGroupSize(hKernel, globalSizeX, globalSizeY, globalSizeZ, groupSizeX, groupSizeY, groupSizeZ)
[2026-10-08 07:27:26.761] [thread-id: 138083813543104] [trace] SUCCESS (ZE_RESULT_SUCCESS) in zeKernelSuggestGroupSize(hKernel=0x3b754748, globalSizeX=16384, globalSizeY=1, globalSizeZ=1, groupSizeX=1024, groupSizeY=1, groupSizeZ=1)
[2026-10-08 07:27:26.761] [thread-id: 138083813543104] [trace] zeKernelSetGroupSize(hKernel, groupSizeX, groupSizeY, groupSizeZ)
[2026-10-08 07:27:26.761] [thread-id: 138083813543104] [trace] SUCCESS (ZE_RESULT_SUCCESS) in zeKernelSetGroupSize(hKernel=0x3b754748, groupSizeX=1024, groupSizeY=1, groupSizeZ=1)
[2026-10-08 07:27:26.761] [thread-id: 138083813543104] [trace] zeCommandListAppendLaunchKernelWithArguments(hCommandList, hKernel, groupCounts, groupSizes, pArguments, pNext, hSignalEvent, numWaitEvents, phWaitEventsLocal)
[2026-10-08 07:27:26.761] [thread-id: 138083813543104] [trace] SUCCESS (ZE_RESULT_SUCCESS) in zeCommandListAppendLaunchKernelWithArguments(hCommandList=0x3b6cad88, hKernel=0x3b754748, groupCounts={groupCountX=16, groupCountY=1, groupCountZ=1}, groupSizes={groupSizeX=1024, groupSizeY=1, groupSizeZ=1}, pArguments=0x3b754e90, pNext=nullptr, hSignalEvent=0x3b713c18, numWaitEvents=0, phWaitEvents=nullptr)
   <--- urEnqueueKernelLaunchWithArgsExp(.hQueue = 0x3b6ca0a0, .hKernel = 0x3b74fd40, .workDim = 1, .pGlobalWorkOffset = nullptr, .pGlobalWorkSize = 0x7ffd31d9edf0 (16384), .pLocalWorkSize = nullptr, .numArgs = 1, .pArgs = 0x3b7508d0 {(struct ur_exp_kernel_arg_properties_t){.stype = UR_STRUCTURE_TYPE_EXP_KERNEL_ARG_PROPERTIES, .pNext = nullptr, .type = UR_EXP_KERNEL_ARG_TYPE_POINTER, .index = 0, .size = 8, .value = (union ur_exp_kernel_arg_value_t){.pointer = 0xffffffffff600000}}}, .launchPropList = nullptr, .numEventsInWaitList = 0, .phEventWaitList = nullptr, .phEvent = 0x7ffd31d9e810 (0x3b713600)) -> UR_RESULT_SUCCESS;
   ---> urEventWait
[2026-10-08 07:27:26.761] [thread-id: 138083813543104] [trace] zeEventHostSynchronize(hEvent, timeout)
[2026-10-08 07:27:26.761] [thread-id: 138083813543104] [trace] SUCCESS (ZE_RESULT_SUCCESS) in zeEventHostSynchronize(hEvent=0x3b713c18, timeout=18446744073709551615)
   <--- urEventWait(.numEvents = 1, .phEventWaitList = 0x7ffd31d9ef10 {0x3b713600}) -> UR_RESULT_SUCCESS;
   ---> urEventRelease
   <--- urEventRelease(.hEvent = 0x3b713600) -> UR_RESULT_SUCCESS;
   ---> urEnqueueUSMMemcpy
[2026-10-08 07:27:26.762] [thread-id: 138083813543104] [trace] zeCommandListAppendMemoryCopy(hCommandList, dstptr, srcptr, size, hSignalEvent, numWaitEvents, phWaitEventsLocal)
[2026-10-08 07:27:26.762] [thread-id: 138083813543104] [trace] SUCCESS (ZE_RESULT_SUCCESS) in zeCommandListAppendMemoryCopy(hCommandList=0x3b6cad88, dstptr=0x3b6eb8b0, srcptr=0xffffffffff600000, size=65536, hSignalEvent=0x3b713c18, numWaitEvents=0, phWaitEvents=nullptr)
   <--- urEnqueueUSMMemcpy(.hQueue = 0x3b6ca0a0, .blocking = 0, .pDst = 0x3b6eb8b0, .pSrc = 0xffffffffff600000, .size = 65536, .numEventsInWaitList = 0, .phEventWaitList = nullptr, .phEvent = 0x7ffd31d9eec0 (0x3b713600)) -> UR_RESULT_SUCCESS;
   ---> urEventWait
[2026-10-08 07:27:26.762] [thread-id: 138083813543104] [trace] zeEventHostSynchronize(hEvent, timeout)
[2026-10-08 07:27:26.762] [thread-id: 138083813543104] [trace] SUCCESS (ZE_RESULT_SUCCESS) in zeEventHostSynchronize(hEvent=0x3b713c18, timeout=18446744073709551615)
   <--- urEventWait(.numEvents = 1, .phEventWaitList = 0x7ffd31d9ef10 {0x3b713600}) -> UR_RESULT_SUCCESS;
   ---> urEventRelease
   <--- urEventRelease(.hEvent = 0x3b713600) -> UR_RESULT_SUCCESS;
   ---> urEnqueueUSMMemcpy
[2026-10-08 07:27:26.762] [thread-id: 138083813543104] [trace] zeCommandListAppendMemoryCopy(hCommandList, dstptr, srcptr, size, hSignalEvent, numWaitEvents, phWaitEventsLocal)
[2026-10-08 07:27:26.762] [thread-id: 138083813543104] [trace] SUCCESS (ZE_RESULT_SUCCESS) in zeCommandListAppendMemoryCopy(hCommandList=0x3b6cad88, dstptr=0xffffffffff600000, srcptr=0x3b6db8a0, size=65536, hSignalEvent=0x3b713c18, numWaitEvents=0, phWaitEvents=nullptr)
   <--- urEnqueueUSMMemcpy(.hQueue = 0x3b6ca0a0, .blocking = 0, .pDst = 0xffffffffff600000, .pSrc = 0x3b6db8a0, .size = 65536, .numEventsInWaitList = 0, .phEventWaitList = nullptr, .phEvent = 0x7ffd31d9eec0 (0x3b713600)) -> UR_RESULT_SUCCESS;
   ---> urEventWait
[2026-10-08 07:27:26.762] [thread-id: 138083813543104] [trace] zeEventHostSynchronize(hEvent, timeout)
[2026-10-08 07:27:26.762] [thread-id: 138083813543104] [trace] SUCCESS (ZE_RESULT_SUCCESS) in zeEventHostSynchronize(hEvent=0x3b713c18, timeout=18446744073709551615)
   <--- urEventWait(.numEvents = 1, .phEventWaitList = 0x7ffd31d9ef10 {0x3b713600}) -> UR_RESULT_SUCCESS;
   ---> urEventRelease
   <--- urEventRelease(.hEvent = 0x3b713600) -> UR_RESULT_SUCCESS;
   ---> urDeviceGetInfo
   <--- urDeviceGetInfo(.hDevice = 0x3b6c2040, .propName = UR_DEVICE_INFO_MAX_WORK_GROUPS_3D, .propSize = 24, .pPropValue = {4294967295, 4294967295, 4294967295}, .pPropSizeRet = nullptr) -> UR_RESULT_SUCCESS;
   ---> urKernelGetGroupInfo
   <--- urKernelGetGroupInfo(.hKernel = 0x3b74fd40, .hDevice = 0x3b6c2040, .propName = UR_KERNEL_GROUP_INFO_COMPILE_WORK_GROUP_SIZE, .propSize = 24, .pPropValue = {0, 0, 0}, .pPropSizeRet = nullptr) -> UR_RESULT_SUCCESS;
   ---> urEnqueueKernelLaunchWithArgsExp
[2026-10-08 07:27:26.762] [thread-id: 138083813543104] [trace] zeKernelSuggestGroupSize(hKernel, globalSizeX, globalSizeY, globalSizeZ, groupSizeX, groupSizeY, groupSizeZ)
[2026-10-08 07:27:26.762] [thread-id: 138083813543104] [trace] SUCCESS (ZE_RESULT_SUCCESS) in zeKernelSuggestGroupSize(hKernel=0x3b754748, globalSizeX=16384, globalSizeY=1, globalSizeZ=1, groupSizeX=1024, groupSizeY=1, groupSizeZ=1)
[2026-10-08 07:27:26.762] [thread-id: 138083813543104] [trace] zeKernelSetGroupSize(hKernel, groupSizeX, groupSizeY, groupSizeZ)
[2026-10-08 07:27:26.762] [thread-id: 138083813543104] [trace] SUCCESS (ZE_RESULT_SUCCESS) in zeKernelSetGroupSize(hKernel=0x3b754748, groupSizeX=1024, groupSizeY=1, groupSizeZ=1)
[2026-10-08 07:27:26.762] [thread-id: 138083813543104] [trace] zeCommandListAppendLaunchKernelWithArguments(hCommandList, hKernel, groupCounts, groupSizes, pArguments, pNext, hSignalEvent, numWaitEvents, phWaitEventsLocal)
[2026-10-08 07:27:26.762] [thread-id: 138083813543104] [trace] SUCCESS (ZE_RESULT_SUCCESS) in zeCommandListAppendLaunchKernelWithArguments(hCommandList=0x3b6cad88, hKernel=0x3b754748, groupCounts={groupCountX=16, groupCountY=1, groupCountZ=1}, groupSizes={groupSizeX=1024, groupSizeY=1, groupSizeZ=1}, pArguments=0x3b754e90, pNext=nullptr, hSignalEvent=0x3b713c18, numWaitEvents=0, phWaitEvents=nullptr)
   <--- urEnqueueKernelLaunchWithArgsExp(.hQueue = 0x3b6ca0a0, .hKernel = 0x3b74fd40, .workDim = 1, .pGlobalWorkOffset = nullptr, .pGlobalWorkSize = 0x7ffd31d9edf0 (16384), .pLocalWorkSize = nullptr, .numArgs = 1, .pArgs = 0x3b7508d0 {(struct ur_exp_kernel_arg_properties_t){.stype = UR_STRUCTURE_TYPE_EXP_KERNEL_ARG_PROPERTIES, .pNext = nullptr, .type = UR_EXP_KERNEL_ARG_TYPE_POINTER, .index = 0, .size = 8, .value = (union ur_exp_kernel_arg_value_t){.pointer = 0xffffffffff600000}}}, .launchPropList = nullptr, .numEventsInWaitList = 0, .phEventWaitList = nullptr, .phEvent = 0x7ffd31d9e810 (0x3b713600)) -> UR_RESULT_SUCCESS;
   ---> urEventWait
[2026-10-08 07:27:26.762] [thread-id: 138083813543104] [trace] zeEventHostSynchronize(hEvent, timeout)
[2026-10-08 07:27:26.762] [thread-id: 138083813543104] [trace] SUCCESS (ZE_RESULT_SUCCESS) in zeEventHostSynchronize(hEvent=0x3b713c18, timeout=18446744073709551615)
   <--- urEventWait(.numEvents = 1, .phEventWaitList = 0x7ffd31d9ef10 {0x3b713600}) -> UR_RESULT_SUCCESS;
   ---> urEventRelease
   <--- urEventRelease(.hEvent = 0x3b713600) -> UR_RESULT_SUCCESS;
   ---> urEnqueueUSMMemcpy
[2026-10-08 07:27:26.762] [thread-id: 138083813543104] [trace] zeCommandListAppendMemoryCopy(hCommandList, dstptr, srcptr, size, hSignalEvent, numWaitEvents, phWaitEventsLocal)
[2026-10-08 07:27:26.762] [thread-id: 138083813543104] [trace] SUCCESS (ZE_RESULT_SUCCESS) in zeCommandListAppendMemoryCopy(hCommandList=0x3b6cad88, dstptr=0x3b6eb8b0, srcptr=0xffffffffff600000, size=65536, hSignalEvent=0x3b713c18, numWaitEvents=0, phWaitEvents=nullptr)
   <--- urEnqueueUSMMemcpy(.hQueue = 0x3b6ca0a0, .blocking = 0, .pDst = 0x3b6eb8b0, .pSrc = 0xffffffffff600000, .size = 65536, .numEventsInWaitList = 0, .phEventWaitList = nullptr, .phEvent = 0x7ffd31d9eec0 (0x3b713600)) -> UR_RESULT_SUCCESS;
   ---> urEventWait
[2026-10-08 07:27:26.762] [thread-id: 138083813543104] [trace] zeEventHostSynchronize(hEvent, timeout)
[2026-10-08 07:27:26.762] [thread-id: 138083813543104] [trace] SUCCESS (ZE_RESULT_SUCCESS) in zeEventHostSynchronize(hEvent=0x3b713c18, timeout=18446744073709551615)
   <--- urEventWait(.numEvents = 1, .phEventWaitList = 0x7ffd31d9ef10 {0x3b713600}) -> UR_RESULT_SUCCESS;
   ---> urEventRelease
   <--- urEventRelease(.hEvent = 0x3b713600) -> UR_RESULT_SUCCESS;
   ---> urQueueFinish
[2026-10-08 07:27:26.762] [thread-id: 138083813543104] [trace] zeCommandListHostSynchronize(hCommandList, timeout)
[2026-10-08 07:27:26.762] [thread-id: 138083813543104] [trace] SUCCESS (ZE_RESULT_SUCCESS) in zeCommandListHostSynchronize(hCommandList=0x3b6cad88, timeout=18446744073709551615)
   <--- urQueueFinish(.hQueue = 0x3b6ca0a0) -> UR_RESULT_SUCCESS;
   ---> urUSMFree
   <--- urUSMFree(.hContext = 0x3b6c6b90, .pMem = 0xffffffffff600000) -> UR_RESULT_SUCCESS;
   ---> urQueueRelease
[2026-10-08 07:27:26.762] [thread-id: 138083813543104] [trace] zeCommandListHostSynchronize(hCommandList, timeout)
[2026-10-08 07:27:26.762] [thread-id: 138083813543104] [trace] SUCCESS (ZE_RESULT_SUCCESS) in zeCommandListHostSynchronize(hCommandList=0x3b6cad88, timeout=18446744073709551615)
   <--- urQueueRelease(.hQueue = 0x3b6ca0a0) -> UR_RESULT_SUCCESS;
   ---> urProgramRelease
   <--- urProgramRelease(.hProgram = 0x3b704a10) -> UR_RESULT_SUCCESS;
   ---> urKernelRelease
   <--- urKernelRelease(.hKernel = 0x3b74fd40) -> UR_RESULT_SUCCESS;
   ---> urProgramRelease
   <--- urProgramRelease(.hProgram = 0x3b704a10) -> UR_RESULT_SUCCESS;
   ---> urKernelRelease
[2026-10-08 07:27:26.762] [thread-id: 138083813543104] [trace] zeKernelDestroy(hKernel)
[2026-10-08 07:27:26.762] [thread-id: 138083813543104] [trace] SUCCESS (ZE_RESULT_SUCCESS) in zeKernelDestroy(hKernel=0x3b754748)
[2026-10-08 07:27:26.762] [thread-id: 138083813543104] [trace] zeModuleBuildLogDestroy(hModuleBuildLog)
[2026-10-08 07:27:26.762] [thread-id: 138083813543104] [trace] SUCCESS (ZE_RESULT_SUCCESS) in zeModuleBuildLogDestroy(hModuleBuildLog=0x3b73d818)
[2026-10-08 07:27:26.762] [thread-id: 138083813543104] [trace] zeModuleDestroy(hModule)
[2026-10-08 07:27:26.762] [thread-id: 138083813543104] [trace] SUCCESS (ZE_RESULT_SUCCESS) in zeModuleDestroy(hModule=0x3b717d18)
   <--- urKernelRelease(.hKernel = 0x3b74fd40) -> UR_RESULT_SUCCESS;
   ---> urContextRelease
[2026-10-08 07:27:26.763] [thread-id: 138083813543104] [trace] zeMemFreeExt(hContext, pMemFreeDesc, ptr)
[2026-10-08 07:27:26.763] [thread-id: 138083813543104] [trace] SUCCESS (ZE_RESULT_SUCCESS) in zeMemFreeExt(hContext=0x3b6c3738, pMemFreeDesc={stype=0x7ffd31d9ec50, freePolicy=1}, ptr=0xffffffffff600000)
[2026-10-08 07:27:26.763] [thread-id: 138083813543104] [trace] zeEventDestroy(hEvent)
[2026-10-08 07:27:26.763] [thread-id: 138083813543104] [trace] SUCCESS (ZE_RESULT_SUCCESS) in zeEventDestroy(hEvent=0x3b6fc528)
[2026-10-08 07:27:26.763] [thread-id: 138083813543104] [trace] zeEventDestroy(hEvent)
[2026-10-08 07:27:26.763] [thread-id: 138083813543104] [trace] SUCCESS (ZE_RESULT_SUCCESS) in zeEventDestroy(hEvent=0x3b6fca68)
[2026-10-08 07:27:26.763] [thread-id: 138083813543104] [trace] zeEventDestroy(hEvent)
[2026-10-08 07:27:26.763] [thread-id: 138083813543104] [trace] SUCCESS (ZE_RESULT_SUCCESS) in zeEventDestroy(hEvent=0x3b6fd168)
[2026-10-08 07:27:26.763] [thread-id: 138083813543104] [trace] zeEventDestroy(hEvent)
[2026-10-08 07:27:26.763] [thread-id: 138083813543104] [trace] SUCCESS (ZE_RESULT_SUCCESS) in zeEventDestroy(hEvent=0x3b6fd6c8)
[2026-10-08 07:27:26.763] [thread-id: 138083813543104] [trace] zeEventDestroy(hEvent)
[2026-10-08 07:27:26.763] [thread-id: 138083813543104] [trace] SUCCESS (ZE_RESULT_SUCCESS) in zeEventDestroy(hEvent=0x3b6fddc8)
[2026-10-08 07:27:26.763] [thread-id: 138083813543104] [trace] zeEventDestroy(hEvent)
[2026-10-08 07:27:26.763] [thread-id: 138083813543104] [trace] SUCCESS (ZE_RESULT_SUCCESS) in zeEventDestroy(hEvent=0x3b6fe2d8)
[2026-10-08 07:27:26.763] [thread-id: 138083813543104] [trace] zeEventDestroy(hEvent)
[2026-10-08 07:27:26.763] [thread-id: 138083813543104] [trace] SUCCESS (ZE_RESULT_SUCCESS) in zeEventDestroy(hEvent=0x3b6fe9d8)
[2026-10-08 07:27:26.763] [thread-id: 138083813543104] [trace] zeEventDestroy(hEvent)
[2026-10-08 07:27:26.763] [thread-id: 138083813543104] [trace] SUCCESS (ZE_RESULT_SUCCESS) in zeEventDestroy(hEvent=0x3b6feee8)
[2026-10-08 07:27:26.763] [thread-id: 138083813543104] [trace] zeEventDestroy(hEvent)
[2026-10-08 07:27:26.763] [thread-id: 138083813543104] [trace] SUCCESS (ZE_RESULT_SUCCESS) in zeEventDestroy(hEvent=0x3b6ff5e8)
[2026-10-08 07:27:26.763] [thread-id: 138083813543104] [trace] zeEventDestroy(hEvent)
[2026-10-08 07:27:26.763] [thread-id: 138083813543104] [trace] SUCCESS (ZE_RESULT_SUCCESS) in zeEventDestroy(hEvent=0x3b6ffb98)
[2026-10-08 07:27:26.763] [thread-id: 138083813543104] [trace] zeEventDestroy(hEvent)
[2026-10-08 07:27:26.763] [thread-id: 138083813543104] [trace] SUCCESS (ZE_RESULT_SUCCESS) in zeEventDestroy(hEvent=0x3b700298)
[2026-10-08 07:27:26.763] [thread-id: 138083813543104] [trace] zeEventDestroy(hEvent)
[2026-10-08 07:27:26.763] [thread-id: 138083813543104] [trace] SUCCESS (ZE_RESULT_SUCCESS) in zeEventDestroy(hEvent=0x3b7007a8)
[2026-10-08 07:27:26.763] [thread-id: 138083813543104] [trace] zeEventDestroy(hEvent)
[2026-10-08 07:27:26.763] [thread-id: 138083813543104] [trace] SUCCESS (ZE_RESULT_SUCCESS) in zeEventDestroy(hEvent=0x3b700ea8)
[2026-10-08 07:27:26.763] [thread-id: 138083813543104] [trace] zeEventDestroy(hEvent)
[2026-10-08 07:27:26.763] [thread-id: 138083813543104] [trace] SUCCESS (ZE_RESULT_SUCCESS) in zeEventDestroy(hEvent=0x3b7013b8)
[2026-10-08 07:27:26.763] [thread-id: 138083813543104] [trace] zeEventDestroy(hEvent)
[2026-10-08 07:27:26.763] [thread-id: 138083813543104] [trace] SUCCESS (ZE_RESULT_SUCCESS) in zeEventDestroy(hEvent=0x3b701ab8)
[2026-10-08 07:27:26.763] [thread-id: 138083813543104] [trace] zeEventDestroy(hEvent)
[2026-10-08 07:27:26.763] [thread-id: 138083813543104] [trace] SUCCESS (ZE_RESULT_SUCCESS) in zeEventDestroy(hEvent=0x3b7020d8)
[2026-10-08 07:27:26.763] [thread-id: 138083813543104] [trace] zeEventDestroy(hEvent)
[2026-10-08 07:27:26.763] [thread-id: 138083813543104] [trace] SUCCESS (ZE_RESULT_SUCCESS) in zeEventDestroy(hEvent=0x3b7027d8)
[2026-10-08 07:27:26.763] [thread-id: 138083813543104] [trace] zeEventDestroy(hEvent)
[2026-10-08 07:27:26.763] [thread-id: 138083813543104] [trace] SUCCESS (ZE_RESULT_SUCCESS) in zeEventDestroy(hEvent=0x3b702ce8)
[2026-10-08 07:27:26.763] [thread-id: 138083813543104] [trace] zeEventDestroy(hEvent)
[2026-10-08 07:27:26.763] [thread-id: 138083813543104] [trace] SUCCESS (ZE_RESULT_SUCCESS) in zeEventDestroy(hEvent=0x3b7033e8)
[2026-10-08 07:27:26.763] [thread-id: 138083813543104] [trace] zeEventDestroy(hEvent)
[2026-10-08 07:27:26.763] [thread-id: 138083813543104] [trace] SUCCESS (ZE_RESULT_SUCCESS) in zeEventDestroy(hEvent=0x3b7038f8)
[2026-10-08 07:27:26.763] [thread-id: 138083813543104] [trace] zeEventDestroy(hEvent)
[2026-10-08 07:27:26.763] [thread-id: 138083813543104] [trace] SUCCESS (ZE_RESULT_SUCCESS) in zeEventDestroy(hEvent=0x3b703ff8)
[2026-10-08 07:27:26.763] [thread-id: 138083813543104] [trace] zeEventDestroy(hEvent)
[2026-10-08 07:27:26.763] [thread-id: 138083813543104] [trace] SUCCESS (ZE_RESULT_SUCCESS) in zeEventDestroy(hEvent=0x3b704508)
[2026-10-08 07:27:26.763] [thread-id: 138083813543104] [trace] zeEventDestroy(hEvent)
[2026-10-08 07:27:26.763] [thread-id: 138083813543104] [trace] SUCCESS (ZE_RESULT_SUCCESS) in zeEventDestroy(hEvent=0x3b704d48)
[2026-10-08 07:27:26.763] [thread-id: 138083813543104] [trace] zeEventDestroy(hEvent)
[2026-10-08 07:27:26.763] [thread-id: 138083813543104] [trace] SUCCESS (ZE_RESULT_SUCCESS) in zeEventDestroy(hEvent=0x3b705258)
[2026-10-08 07:27:26.763] [thread-id: 138083813543104] [trace] zeEventDestroy(hEvent)
[2026-10-08 07:27:26.763] [thread-id: 138083813543104] [trace] SUCCESS (ZE_RESULT_SUCCESS) in zeEventDestroy(hEvent=0x3b705958)
[2026-10-08 07:27:26.763] [thread-id: 138083813543104] [trace] zeEventDestroy(hEvent)
[2026-10-08 07:27:26.763] [thread-id: 138083813543104] [trace] SUCCESS (ZE_RESULT_SUCCESS) in zeEventDestroy(hEvent=0x3b705e68)
[2026-10-08 07:27:26.763] [thread-id: 138083813543104] [trace] zeEventDestroy(hEvent)
[2026-10-08 07:27:26.763] [thread-id: 138083813543104] [trace] SUCCESS (ZE_RESULT_SUCCESS) in zeEventDestroy(hEvent=0x3b706568)
[2026-10-08 07:27:26.764] [thread-id: 138083813543104] [trace] zeEventDestroy(hEvent)
[2026-10-08 07:27:26.764] [thread-id: 138083813543104] [trace] SUCCESS (ZE_RESULT_SUCCESS) in zeEventDestroy(hEvent=0x3b706a78)
[2026-10-08 07:27:26.764] [thread-id: 138083813543104] [trace] zeEventDestroy(hEvent)
[2026-10-08 07:27:26.764] [thread-id: 138083813543104] [trace] SUCCESS (ZE_RESULT_SUCCESS) in zeEventDestroy(hEvent=0x3b707178)
[2026-10-08 07:27:26.764] [thread-id: 138083813543104] [trace] zeEventDestroy(hEvent)
[2026-10-08 07:27:26.764] [thread-id: 138083813543104] [trace] SUCCESS (ZE_RESULT_SUCCESS) in zeEventDestroy(hEvent=0x3b707688)
[2026-10-08 07:27:26.764] [thread-id: 138083813543104] [trace] zeEventDestroy(hEvent)
[2026-10-08 07:27:26.764] [thread-id: 138083813543104] [trace] SUCCESS (ZE_RESULT_SUCCESS) in zeEventDestroy(hEvent=0x3b707d88)
[2026-10-08 07:27:26.764] [thread-id: 138083813543104] [trace] zeEventDestroy(hEvent)
[2026-10-08 07:27:26.764] [thread-id: 138083813543104] [trace] SUCCESS (ZE_RESULT_SUCCESS) in zeEventDestroy(hEvent=0x3b7084a8)
[2026-10-08 07:27:26.764] [thread-id: 138083813543104] [trace] zeEventDestroy(hEvent)
[2026-10-08 07:27:26.764] [thread-id: 138083813543104] [trace] SUCCESS (ZE_RESULT_SUCCESS) in zeEventDestroy(hEvent=0x3b708ba8)
[2026-10-08 07:27:26.764] [thread-id: 138083813543104] [trace] zeEventDestroy(hEvent)
[2026-10-08 07:27:26.764] [thread-id: 138083813543104] [trace] SUCCESS (ZE_RESULT_SUCCESS) in zeEventDestroy(hEvent=0x3b7090b8)
[2026-10-08 07:27:26.764] [thread-id: 138083813543104] [trace] zeEventDestroy(hEvent)
[2026-10-08 07:27:26.764] [thread-id: 138083813543104] [trace] SUCCESS (ZE_RESULT_SUCCESS) in zeEventDestroy(hEvent=0x3b7097b8)
[2026-10-08 07:27:26.764] [thread-id: 138083813543104] [trace] zeEventDestroy(hEvent)
[2026-10-08 07:27:26.764] [thread-id: 138083813543104] [trace] SUCCESS (ZE_RESULT_SUCCESS) in zeEventDestroy(hEvent=0x3b709cc8)
[2026-10-08 07:27:26.764] [thread-id: 138083813543104] [trace] zeEventDestroy(hEvent)
[2026-10-08 07:27:26.764] [thread-id: 138083813543104] [trace] SUCCESS (ZE_RESULT_SUCCESS) in zeEventDestroy(hEvent=0x3b70a3c8)
[2026-10-08 07:27:26.764] [thread-id: 138083813543104] [trace] zeEventDestroy(hEvent)
[2026-10-08 07:27:26.764] [thread-id: 138083813543104] [trace] SUCCESS (ZE_RESULT_SUCCESS) in zeEventDestroy(hEvent=0x3b70a8d8)
[2026-10-08 07:27:26.764] [thread-id: 138083813543104] [trace] zeEventDestroy(hEvent)
[2026-10-08 07:27:26.764] [thread-id: 138083813543104] [trace] SUCCESS (ZE_RESULT_SUCCESS) in zeEventDestroy(hEvent=0x3b70afd8)
[2026-10-08 07:27:26.764] [thread-id: 138083813543104] [trace] zeEventDestroy(hEvent)
[2026-10-08 07:27:26.764] [thread-id: 138083813543104] [trace] SUCCESS (ZE_RESULT_SUCCESS) in zeEventDestroy(hEvent=0x3b70b4e8)
[2026-10-08 07:27:26.764] [thread-id: 138083813543104] [trace] zeEventDestroy(hEvent)
[2026-10-08 07:27:26.764] [thread-id: 138083813543104] [trace] SUCCESS (ZE_RESULT_SUCCESS) in zeEventDestroy(hEvent=0x3b70bbe8)
[2026-10-08 07:27:26.764] [thread-id: 138083813543104] [trace] zeEventDestroy(hEvent)
[2026-10-08 07:27:26.764] [thread-id: 138083813543104] [trace] SUCCESS (ZE_RESULT_SUCCESS) in zeEventDestroy(hEvent=0x3b70c0f8)
[2026-10-08 07:27:26.764] [thread-id: 138083813543104] [trace] zeEventDestroy(hEvent)
[2026-10-08 07:27:26.764] [thread-id: 138083813543104] [trace] SUCCESS (ZE_RESULT_SUCCESS) in zeEventDestroy(hEvent=0x3b70c7f8)
[2026-10-08 07:27:26.764] [thread-id: 138083813543104] [trace] zeEventDestroy(hEvent)
[2026-10-08 07:27:26.764] [thread-id: 138083813543104] [trace] SUCCESS (ZE_RESULT_SUCCESS) in zeEventDestroy(hEvent=0x3b70cd08)
[2026-10-08 07:27:26.764] [thread-id: 138083813543104] [trace] zeEventDestroy(hEvent)
[2026-10-08 07:27:26.764] [thread-id: 138083813543104] [trace] SUCCESS (ZE_RESULT_SUCCESS) in zeEventDestroy(hEvent=0x3b70d408)
[2026-10-08 07:27:26.764] [thread-id: 138083813543104] [trace] zeEventDestroy(hEvent)
[2026-10-08 07:27:26.764] [thread-id: 138083813543104] [trace] SUCCESS (ZE_RESULT_SUCCESS) in zeEventDestroy(hEvent=0x3b70d918)
[2026-10-08 07:27:26.764] [thread-id: 138083813543104] [trace] zeEventDestroy(hEvent)
[2026-10-08 07:27:26.764] [thread-id: 138083813543104] [trace] SUCCESS (ZE_RESULT_SUCCESS) in zeEventDestroy(hEvent=0x3b70e018)
[2026-10-08 07:27:26.764] [thread-id: 138083813543104] [trace] zeEventDestroy(hEvent)
[2026-10-08 07:27:26.764] [thread-id: 138083813543104] [trace] SUCCESS (ZE_RESULT_SUCCESS) in zeEventDestroy(hEvent=0x3b70e528)
[2026-10-08 07:27:26.764] [thread-id: 138083813543104] [trace] zeEventDestroy(hEvent)
[2026-10-08 07:27:26.764] [thread-id: 138083813543104] [trace] SUCCESS (ZE_RESULT_SUCCESS) in zeEventDestroy(hEvent=0x3b70ec28)
[2026-10-08 07:27:26.764] [thread-id: 138083813543104] [trace] zeEventDestroy(hEvent)
[2026-10-08 07:27:26.764] [thread-id: 138083813543104] [trace] SUCCESS (ZE_RESULT_SUCCESS) in zeEventDestroy(hEvent=0x3b70f138)
[2026-10-08 07:27:26.764] [thread-id: 138083813543104] [trace] zeEventDestroy(hEvent)
[2026-10-08 07:27:26.764] [thread-id: 138083813543104] [trace] SUCCESS (ZE_RESULT_SUCCESS) in zeEventDestroy(hEvent=0x3b70fab8)
[2026-10-08 07:27:26.764] [thread-id: 138083813543104] [trace] zeEventDestroy(hEvent)
[2026-10-08 07:27:26.764] [thread-id: 138083813543104] [trace] SUCCESS (ZE_RESULT_SUCCESS) in zeEventDestroy(hEvent=0x3b70ffc8)
[2026-10-08 07:27:26.764] [thread-id: 138083813543104] [trace] zeEventDestroy(hEvent)
[2026-10-08 07:27:26.764] [thread-id: 138083813543104] [trace] SUCCESS (ZE_RESULT_SUCCESS) in zeEventDestroy(hEvent=0x3b7106c8)
[2026-10-08 07:27:26.764] [thread-id: 138083813543104] [trace] zeEventDestroy(hEvent)
[2026-10-08 07:27:26.764] [thread-id: 138083813543104] [trace] SUCCESS (ZE_RESULT_SUCCESS) in zeEventDestroy(hEvent=0x3b710bd8)
[2026-10-08 07:27:26.764] [thread-id: 138083813543104] [trace] zeEventDestroy(hEvent)
[2026-10-08 07:27:26.764] [thread-id: 138083813543104] [trace] SUCCESS (ZE_RESULT_SUCCESS) in zeEventDestroy(hEvent=0x3b7112d8)
[2026-10-08 07:27:26.764] [thread-id: 138083813543104] [trace] zeEventDestroy(hEvent)
[2026-10-08 07:27:26.764] [thread-id: 138083813543104] [trace] SUCCESS (ZE_RESULT_SUCCESS) in zeEventDestroy(hEvent=0x3b7117e8)
[2026-10-08 07:27:26.764] [thread-id: 138083813543104] [trace] zeEventDestroy(hEvent)
[2026-10-08 07:27:26.764] [thread-id: 138083813543104] [trace] SUCCESS (ZE_RESULT_SUCCESS) in zeEventDestroy(hEvent=0x3b711ee8)
[2026-10-08 07:27:26.764] [thread-id: 138083813543104] [trace] zeEventDestroy(hEvent)
[2026-10-08 07:27:26.764] [thread-id: 138083813543104] [trace] SUCCESS (ZE_RESULT_SUCCESS) in zeEventDestroy(hEvent=0x3b7123f8)
[2026-10-08 07:27:26.764] [thread-id: 138083813543104] [trace] zeEventDestroy(hEvent)
[2026-10-08 07:27:26.764] [thread-id: 138083813543104] [trace] SUCCESS (ZE_RESULT_SUCCESS) in zeEventDestroy(hEvent=0x3b712af8)
[2026-10-08 07:27:26.764] [thread-id: 138083813543104] [trace] zeEventDestroy(hEvent)
[2026-10-08 07:27:26.764] [thread-id: 138083813543104] [trace] SUCCESS (ZE_RESULT_SUCCESS) in zeEventDestroy(hEvent=0x3b713008)
[2026-10-08 07:27:26.764] [thread-id: 138083813543104] [trace] zeEventDestroy(hEvent)
[2026-10-08 07:27:26.764] [thread-id: 138083813543104] [trace] SUCCESS (ZE_RESULT_SUCCESS) in zeEventDestroy(hEvent=0x3b713708)
[2026-10-08 07:27:26.764] [thread-id: 138083813543104] [trace] zeEventDestroy(hEvent)
[2026-10-08 07:27:26.764] [thread-id: 138083813543104] [trace] SUCCESS (ZE_RESULT_SUCCESS) in zeEventDestroy(hEvent=0x3b713c18)
[2026-10-08 07:27:26.764] [thread-id: 138083813543104] [trace] zeEventDestroy(hEvent)
[2026-10-08 07:27:26.764] [thread-id: 138083813543104] [trace] SUCCESS (ZE_RESULT_SUCCESS) in zeEventDestroy(hEvent=0x3b6fba68)
[2026-10-08 07:27:26.764] [thread-id: 138083813543104] [trace] zeEventDestroy(hEvent)
[2026-10-08 07:27:26.764] [thread-id: 138083813543104] [trace] SUCCESS (ZE_RESULT_SUCCESS) in zeEventDestroy(hEvent=0x3b6fbe08)
[2026-10-08 07:27:26.764] [thread-id: 138083813543104] [trace] zeCommandListDestroy(hCommandList)
[2026-10-08 07:27:26.764] [thread-id: 138083813543104] [trace] SUCCESS (ZE_RESULT_SUCCESS) in zeCommandListDestroy(hCommandList=0x3b6cad88)
[2026-10-08 07:27:26.764] [thread-id: 138083813543104] [trace] zeContextDestroy(hContext)
[2026-10-08 07:27:26.764] [thread-id: 138083813543104] [trace] SUCCESS (ZE_RESULT_SUCCESS) in zeContextDestroy(hContext=0x3b6c3738)
   <--- urContextRelease(.hContext = 0x3b6c6b90) -> UR_RESULT_SUCCESS;
   ---> urDeviceRelease
   <--- urDeviceRelease(.hDevice = 0x3b6c2040) -> UR_RESULT_SUCCESS;
   ---> urAdapterRelease
   <--- urAdapterRelease(.hAdapter = 0x3b4c6700) -> UR_RESULT_SUCCESS;
