<LOADER>[DEBUG]: Logger loader initialized successfully!
<LOADER>[INFO]: loaded adapter 0x0x364ce980 (/opt/intel/oneapi/compiler/2026.1/lib/libur_adapter_level_zero_v2.so.0) from /opt/intel/oneapi/compiler/2026.1/lib/libur_adapter_level_zero_v2.so.0
   ---> urAdapterGet
<LEVEL_ZERO>[DEBUG]: zeInit with flags value of 1
[2026-10-07 07:36:24.861] [thread-id: 127244797713600] [info] Loader Version 1.32.0  - No git SHA found, compiled outside git folder.
[2026-10-07 07:36:24.864] [thread-id: 127244797713600] [info] Validation Layer Enabled
[2026-10-07 07:36:24.864] [thread-id: 127244797713600] [info] zeInit succeeded
[2026-10-07 07:36:24.864] [thread-id: 127244797713600] [trace] zeInit(flags)
[2026-10-07 07:36:24.942] [thread-id: 127244797713600] [trace] SUCCESS (ZE_RESULT_SUCCESS) in zeInit(flags=1)
<LEVEL_ZERO>[DEBUG]: Level Zero Loader version: 1.32.0
<LEVEL_ZERO>[DEBUG]: zeInitDrivers with flags value of 1
[2026-10-07 07:36:24.942] [thread-id: 127244797713600] [trace] zeInitDrivers(pCount, phDrivers, desc)
[2026-10-07 07:36:24.942] [thread-id: 127244797713600] [trace] SUCCESS (ZE_RESULT_SUCCESS) in zeInitDrivers(pCount=1, phDrivers=nullptr, desc={stype=0x364cd728, flags=1})
[2026-10-07 07:36:24.942] [thread-id: 127244797713600] [trace] zeInitDrivers(pCount, phDrivers, desc)
[2026-10-07 07:36:24.942] [thread-id: 127244797713600] [trace] SUCCESS (ZE_RESULT_SUCCESS) in zeInitDrivers(pCount=1, phDrivers=nullptr, desc={stype=0x364cd728, flags=1})
[2026-10-07 07:36:24.942] [thread-id: 127244797713600] [trace] zeDriverGet(pCount, phDrivers)
[2026-10-07 07:36:24.942] [thread-id: 127244797713600] [trace] SUCCESS (ZE_RESULT_SUCCESS) in zeDriverGet(pCount=1, phDrivers=nullptr)
[2026-10-07 07:36:24.942] [thread-id: 127244797713600] [trace] zeDriverGet(pCount, phDrivers)
[2026-10-07 07:36:24.942] [thread-id: 127244797713600] [trace] SUCCESS (ZE_RESULT_SUCCESS) in zeDriverGet(pCount=1, phDrivers=0x366b3980)
[2026-10-07 07:36:24.942] [thread-id: 127244797713600] [trace] zeDeviceGet(hDriver, pCount, phDevices)
[2026-10-07 07:36:24.942] [thread-id: 127244797713600] [trace] SUCCESS (ZE_RESULT_SUCCESS) in zeDeviceGet(hDriver=0x366b39c8, pCount=1, phDevices=nullptr)
[2026-10-07 07:36:24.942] [thread-id: 127244797713600] [trace] zeDeviceGet(hDriver, pCount, phDevices)
[2026-10-07 07:36:24.942] [thread-id: 127244797713600] [trace] SUCCESS (ZE_RESULT_SUCCESS) in zeDeviceGet(hDriver=0x366b39c8, pCount=1, phDevices=0x366c02b0)
[2026-10-07 07:36:24.942] [thread-id: 127244797713600] [trace] zeDeviceGetProperties(hDevice, pDeviceProperties)
[2026-10-07 07:36:24.942] [thread-id: 127244797713600] [trace] SUCCESS (ZE_RESULT_SUCCESS) in zeDeviceGetProperties(hDevice=0x366b3f28, pDeviceProperties={stype=0x7ffe68681880, type=0x7ffe68681890, vendorId=32902, deviceId=57868, flags=8, subdeviceId=0, coreClockRate=2750, maxMemAllocSize=10132807680, maxHardwareContexts=65536, maxCommandQueuePriority=0, numThreadsPerEU=8, physicalEUSimdWidth=16, numEUsPerSubslice=8, numSubslicesPerSlice=4, numSlices=5, timerResolution=52, timestampValidBits=64, kernelTimestampValidBits=64, uuid={id=134}, name="Intel(R) Arc(TM) B570 Graphics"})
<LEVEL_ZERO>[DEBUG]: 
zesInit with flags value of 0

[2026-10-07 07:36:24.942] [thread-id: 127244797713600] [trace] zesInit(flags)
[2026-10-07 07:36:24.944] [thread-id: 127244797713600] [trace] SUCCESS (ZE_RESULT_SUCCESS) in zesInit(flags=0)
[2026-10-07 07:36:24.944] [thread-id: 127244797713600] [trace] zeDriverGet(pCount, phDrivers)
[2026-10-07 07:36:24.944] [thread-id: 127244797713600] [trace] SUCCESS (ZE_RESULT_SUCCESS) in zeDriverGet(pCount=1, phDrivers=nullptr)
[2026-10-07 07:36:24.944] [thread-id: 127244797713600] [trace] zeDriverGet(pCount, phDrivers)
[2026-10-07 07:36:24.944] [thread-id: 127244797713600] [trace] SUCCESS (ZE_RESULT_SUCCESS) in zeDriverGet(pCount=1, phDrivers=0x366c7340)
[2026-10-07 07:36:24.944] [thread-id: 127244797713600] [trace] zeInitDrivers(pCount, phDrivers, desc)
[2026-10-07 07:36:24.944] [thread-id: 127244797713600] [trace] SUCCESS (ZE_RESULT_SUCCESS) in zeInitDrivers(pCount=1, phDrivers=0x366c7410, desc={stype=0x364cd728, flags=1})
[2026-10-07 07:36:24.944] [thread-id: 127244797713600] [trace] zeDriverGetProperties(hDriver, pDriverProperties)
[2026-10-07 07:36:24.944] [thread-id: 127244797713600] [trace] SUCCESS (ZE_RESULT_SUCCESS) in zeDriverGetProperties(hDriver=0x366b39c8, pDriverProperties={stype=0x7ffe686817d0, uuid={id=227}, driverVersion=17013219})
[2026-10-07 07:36:24.944] [thread-id: 127244797713600] [trace] zeDriverGetProperties(hDriver, pDriverProperties)
[2026-10-07 07:36:24.944] [thread-id: 127244797713600] [trace] SUCCESS (ZE_RESULT_SUCCESS) in zeDriverGetProperties(hDriver=0x366b39c8, pDriverProperties={stype=0x7ffe686819a0, uuid={id=227}, driverVersion=17013219})
<LEVEL_ZERO>[DEBUG]: zeDriverHandle 0x366b39c8 matched between zeDriverGet and zeInitDrivers. Not adding duplicate driver to list
<LEVEL_ZERO>[DEBUG]: 1 L0 Drivers found.
[2026-10-07 07:36:24.944] [thread-id: 127244797713600] [trace] zeDeviceGet(hDriver, pCount, phDevices)
[2026-10-07 07:36:24.944] [thread-id: 127244797713600] [trace] SUCCESS (ZE_RESULT_SUCCESS) in zeDeviceGet(hDriver=0x366b39c8, pCount=1, phDevices=nullptr)
[2026-10-07 07:36:24.944] [thread-id: 127244797713600] [trace] zeDeviceGet(hDriver, pCount, phDevices)
[2026-10-07 07:36:24.944] [thread-id: 127244797713600] [trace] SUCCESS (ZE_RESULT_SUCCESS) in zeDeviceGet(hDriver=0x366b39c8, pCount=1, phDevices=0x366c76b0)
[2026-10-07 07:36:24.944] [thread-id: 127244797713600] [trace] zeDeviceGetProperties(hDevice, pDeviceProperties)
[2026-10-07 07:36:24.944] [thread-id: 127244797713600] [trace] SUCCESS (ZE_RESULT_SUCCESS) in zeDeviceGetProperties(hDevice=0x366b3f28, pDeviceProperties={stype=0x7ffe686817d0, type=0x7ffe686817e0, vendorId=32902, deviceId=57868, flags=8, subdeviceId=0, coreClockRate=2750, maxMemAllocSize=10132807680, maxHardwareContexts=65536, maxCommandQueuePriority=0, numThreadsPerEU=8, physicalEUSimdWidth=16, numEUsPerSubslice=8, numSubslicesPerSlice=4, numSlices=5, timerResolution=52, timestampValidBits=64, kernelTimestampValidBits=64, uuid={id=134}, name="Intel(R) Arc(TM) B570 Graphics"})
[2026-10-07 07:36:24.944] [thread-id: 127244797713600] [trace] zeDriverGetApiVersion(hDriver, version)
[2026-10-07 07:36:24.944] [thread-id: 127244797713600] [trace] SUCCESS (ZE_RESULT_SUCCESS) in zeDriverGetApiVersion(hDriver=0x366b39c8, version=65553)
[2026-10-07 07:36:24.944] [thread-id: 127244797713600] [trace] zeDriverGetExtensionProperties(hDriver, pCount, pExtensionProperties)
[2026-10-07 07:36:24.944] [thread-id: 127244797713600] [trace] SUCCESS (ZE_RESULT_SUCCESS) in zeDriverGetExtensionProperties(hDriver=0x366b39c8, pCount=63, pExtensionProperties=nullptr)
[2026-10-07 07:36:24.944] [thread-id: 127244797713600] [trace] zeDriverGetExtensionProperties(hDriver, pCount, pExtensionProperties)
[2026-10-07 07:36:24.944] [thread-id: 127244797713600] [trace] SUCCESS (ZE_RESULT_SUCCESS) in zeDriverGetExtensionProperties(hDriver=0x366b39c8, pCount=63, pExtensionProperties={name="ZE_extension_device_cache_line_size", version=65536})
[2026-10-07 07:36:24.944] [thread-id: 127244797713600] [trace] zeDriverGetExtensionFunctionAddress(hDriver, name, ppFunctionAddress)
[2026-10-07 07:36:24.944] [thread-id: 127244797713600] [trace] SUCCESS (ZE_RESULT_SUCCESS) in zeDriverGetExtensionFunctionAddress(hDriver=0x366b39c8, name="zeIntelGetDriverVersionString", ppFunctionAddress=0x73ba79219c00)
[2026-10-07 07:36:24.944] [thread-id: 127244797713600] [trace] zeDriverGetProperties(hDriver, pDriverProperties)
[2026-10-07 07:36:24.944] [thread-id: 127244797713600] [trace] SUCCESS (ZE_RESULT_SUCCESS) in zeDriverGetProperties(hDriver=0x366b39c8, pDriverProperties={stype=0x7ffe68681690, uuid={id=227}, driverVersion=17013219})
<LEVEL_ZERO>[DEBUG]: Level Zero Driver version: 1.17.39395+14
[2026-10-07 07:36:24.944] [thread-id: 127244797713600] [trace] zeDriverGetExtensionFunctionAddress(hDriver, name, ppFunctionAddress)
[2026-10-07 07:36:24.944] [thread-id: 127244797713600] [trace] SUCCESS (ZE_RESULT_SUCCESS) in zeDriverGetExtensionFunctionAddress(hDriver=0x366b39c8, name="zexDriverImportExternalPointer", ppFunctionAddress=0x73ba79214a40)
[2026-10-07 07:36:24.944] [thread-id: 127244797713600] [trace] zeDriverGetExtensionFunctionAddress(hDriver, name, ppFunctionAddress)
[2026-10-07 07:36:24.945] [thread-id: 127244797713600] [trace] SUCCESS (ZE_RESULT_SUCCESS) in zeDriverGetExtensionFunctionAddress(hDriver=0x366b39c8, name="zexDriverReleaseImportedPointer", ppFunctionAddress=0x73ba7921ce30)
[2026-10-07 07:36:24.945] [thread-id: 127244797713600] [trace] zeDriverGetExtensionFunctionAddress(hDriver, name, ppFunctionAddress)
[2026-10-07 07:36:24.945] [thread-id: 127244797713600] [trace] SUCCESS (ZE_RESULT_SUCCESS) in zeDriverGetExtensionFunctionAddress(hDriver=0x366b39c8, name="zeImageGetDeviceOffsetExp", ppFunctionAddress=0x73ba7921e190)
[2026-10-07 07:36:24.945] [thread-id: 127244797713600] [trace] zeDriverGetExtensionFunctionAddress(hDriver, name, ppFunctionAddress)
[2026-10-07 07:36:24.945] [thread-id: 127244797713600] [trace] SUCCESS (ZE_RESULT_SUCCESS) in zeDriverGetExtensionFunctionAddress(hDriver=0x366b39c8, name="zeMemGetPitchFor2dImage", ppFunctionAddress=0x73ba79220550)
[2026-10-07 07:36:24.945] [thread-id: 127244797713600] [trace] zeDriverGetExtensionFunctionAddress(hDriver, name, ppFunctionAddress)
[2026-10-07 07:36:24.945] [thread-id: 127244797713600] [trace] SUCCESS (ZE_RESULT_SUCCESS) in zeDriverGetExtensionFunctionAddress(hDriver=0x366b39c8, name="zeGraphGetIdExt", ppFunctionAddress=0x73ba7920edd0)
[2026-10-07 07:36:24.945] [thread-id: 127244797713600] [trace] zeDriverGetExtensionFunctionAddress(hDriver, name, ppFunctionAddress)
[2026-10-07 07:36:24.945] [thread-id: 127244797713600] [trace] SUCCESS (ZE_RESULT_SUCCESS) in zeDriverGetExtensionFunctionAddress(hDriver=0x366b39c8, name="zeCommandListAppendHostFunction", ppFunctionAddress=0x73ba791f2140)
[2026-10-07 07:36:24.945] [thread-id: 127244797713600] [trace] zesDriverGet(pCount, phDrivers)
[2026-10-07 07:36:24.945] [thread-id: 127244797713600] [trace] SUCCESS (ZE_RESULT_SUCCESS) in zesDriverGet(pCount=1, phDrivers=nullptr)
[2026-10-07 07:36:24.945] [thread-id: 127244797713600] [trace] zesDriverGet(pCount, phDrivers)
[2026-10-07 07:36:24.945] [thread-id: 127244797713600] [trace] SUCCESS (ZE_RESULT_SUCCESS) in zesDriverGet(pCount=1, phDrivers=0x366c85b0)
[2026-10-07 07:36:24.945] [thread-id: 127244797713600] [trace] zesDriverGetDeviceByUuidExp(hDriver, uuid, phDevice, onSubdevice, subdeviceId)
[2026-10-07 07:36:24.945] [thread-id: 127244797713600] [trace] SUCCESS (ZE_RESULT_SUCCESS) in zesDriverGetDeviceByUuidExp(hDriver=0x366c41c8, uuid={id=134}, phDevice=0x364f4058, onSubdevice=0, subdeviceId=0)
<LEVEL_ZERO>[DEBUG]: Initialized 1 platforms
   <--- urAdapterGet(.NumEntries = 0, .phAdapters = nullptr, .pNumAdapters = 0x7ffe686820a8 (1)) -> UR_RESULT_SUCCESS;
   ---> urAdapterGet
   <--- urAdapterGet(.NumEntries = 1, .phAdapters = 0x366c7690 {0x364cd700}, .pNumAdapters = nullptr) -> UR_RESULT_SUCCESS;
   ---> urAdapterGetInfo
   <--- urAdapterGetInfo(.hAdapter = 0x364cd700, .propName = UR_ADAPTER_INFO_BACKEND, .propSize = 4, .pPropValue = 0x7ffe6868209c (UR_BACKEND_LEVEL_ZERO), .pPropSizeRet = nullptr) -> UR_RESULT_SUCCESS;
   ---> urAdapterSetLoggerCallback
   <--- urAdapterSetLoggerCallback(.hAdapter = 0x364cd700, .pfnLoggerCallback = 0x73ba7fff5420, .pUserData = nullptr, .level = UR_LOGGER_LEVEL_WARN) -> UR_RESULT_SUCCESS;
   ---> urPlatformGet
   <--- urPlatformGet(.hAdapter = 0x364cd700, .NumEntries = 0, .phPlatforms = nullptr, .pNumPlatforms = 0x7ffe68681fdc (1)) -> UR_RESULT_SUCCESS;
   ---> urPlatformGet
   <--- urPlatformGet(.hAdapter = 0x364cd700, .NumEntries = 1, .phPlatforms = 0x366c7690 {0x366c7810}, .pNumPlatforms = nullptr) -> UR_RESULT_SUCCESS;
   ---> urPlatformGetInfo
   <--- urPlatformGetInfo(.hPlatform = 0x366c7810, .propName = UR_PLATFORM_INFO_BACKEND, .propSize = 4, .pPropValue = 0x7ffe68681fec (UR_BACKEND_LEVEL_ZERO), .pPropSizeRet = nullptr) -> UR_RESULT_SUCCESS;
   ---> urDeviceGet
[2026-10-07 07:36:24.945] [thread-id: 127244797713600] [trace] zeDeviceGet(hDriver, pCount, phDevices)
[2026-10-07 07:36:24.945] [thread-id: 127244797713600] [trace] SUCCESS (ZE_RESULT_SUCCESS) in zeDeviceGet(hDriver=0x366b39c8, pCount=1, phDevices=nullptr)
[2026-10-07 07:36:24.945] [thread-id: 127244797713600] [trace] zeDeviceGet(hDriver, pCount, phDevices)
[2026-10-07 07:36:24.945] [thread-id: 127244797713600] [trace] SUCCESS (ZE_RESULT_SUCCESS) in zeDeviceGet(hDriver=0x366b39c8, pCount=1, phDevices=0x366c9000)
[2026-10-07 07:36:24.945] [thread-id: 127244797713600] [trace] zeDeviceGetProperties(hDevice, pDeviceProperties)
[2026-10-07 07:36:24.945] [thread-id: 127244797713600] [trace] SUCCESS (ZE_RESULT_SUCCESS) in zeDeviceGetProperties(hDevice=0x366b3f28, pDeviceProperties={stype=0x366c90e8, type=0x366c90f8, vendorId=32902, deviceId=57868, flags=8, subdeviceId=0, coreClockRate=2750, maxMemAllocSize=10132807680, maxHardwareContexts=65536, maxCommandQueuePriority=0, numThreadsPerEU=8, physicalEUSimdWidth=16, numEUsPerSubslice=8, numSubslicesPerSlice=4, numSlices=5, timerResolution=19200000, timestampValidBits=64, kernelTimestampValidBits=64, uuid={id=134}, name="Intel(R) Arc(TM) B570 Graphics"})
[2026-10-07 07:36:24.945] [thread-id: 127244797713600] [trace] zeDeviceGetProperties(hDevice, pDeviceProperties)
[2026-10-07 07:36:24.945] [thread-id: 127244797713600] [trace] SUCCESS (ZE_RESULT_SUCCESS) in zeDeviceGetProperties(hDevice=0x366b3f28, pDeviceProperties={stype=0x7ffe686815e8, type=0x7ffe686815f8, vendorId=32902, deviceId=57868, flags=8, subdeviceId=0, coreClockRate=2750, maxMemAllocSize=10132807680, maxHardwareContexts=65536, maxCommandQueuePriority=0, numThreadsPerEU=8, physicalEUSimdWidth=16, numEUsPerSubslice=8, numSubslicesPerSlice=4, numSlices=5, timerResolution=52, timestampValidBits=64, kernelTimestampValidBits=64, uuid={id=134}, name="Intel(R) Arc(TM) B570 Graphics"})
[2026-10-07 07:36:24.945] [thread-id: 127244797713600] [trace] zeDeviceGetCommandQueueGroupProperties(hDevice, pCount, pCommandQueueGroupProperties)
[2026-10-07 07:36:24.945] [thread-id: 127244797713600] [trace] SUCCESS (ZE_RESULT_SUCCESS) in zeDeviceGetCommandQueueGroupProperties(hDevice=0x366b3f28, pCount=2, pCommandQueueGroupProperties=nullptr)
<LEVEL_ZERO>[INFO]: Number of queue groups = 2
[2026-10-07 07:36:24.945] [thread-id: 127244797713600] [trace] zeDeviceGetCommandQueueGroupProperties(hDevice, pCount, pCommandQueueGroupProperties)
[2026-10-07 07:36:24.945] [thread-id: 127244797713600] [trace] SUCCESS (ZE_RESULT_SUCCESS) in zeDeviceGetCommandQueueGroupProperties(hDevice=0x366b3f28, pCount=2, pCommandQueueGroupProperties={stype=0x364cd610, flags=7, maxMemoryFillPatternSize=18446744073709551615, numQueues=1})
<LEVEL_ZERO>[INFO]: main blitter/copy engine is available
<LEVEL_ZERO>[INFO]: link blitter/copy engines are not available
[2026-10-07 07:36:24.945] [thread-id: 127244797713600] [trace] zeDeviceGetSubDevices(hDevice, pCount, phSubdevices)
[2026-10-07 07:36:24.945] [thread-id: 127244797713600] [trace] SUCCESS (ZE_RESULT_SUCCESS) in zeDeviceGetSubDevices(hDevice=0x366b3f28, pCount=0, phSubdevices=nullptr)
[2026-10-07 07:36:24.945] [thread-id: 127244797713600] [trace] zeDeviceGetSubDevices(hDevice, pCount, phSubdevices)
[2026-10-07 07:36:24.945] [thread-id: 127244797713600] [trace] SUCCESS (ZE_RESULT_SUCCESS) in zeDeviceGetSubDevices(hDevice=0x366b3f28, pCount=0, phSubdevices=0x366c9020)
[2026-10-07 07:36:24.945] [thread-id: 127244797713600] [trace] zeDeviceGetRootDevice(hDevice, phRootDevice)
[2026-10-07 07:36:24.945] [thread-id: 127244797713600] [trace] SUCCESS (ZE_RESULT_SUCCESS) in zeDeviceGetRootDevice(hDevice=0x366b3f28, phRootDevice=0x7ffe68681a40)
[2026-10-07 07:36:24.945] [thread-id: 127244797713600] [trace] zeDeviceSynchronize(hDevice)
[2026-10-07 07:36:24.945] [thread-id: 127244797713600] [trace] SUCCESS (ZE_RESULT_SUCCESS) in zeDeviceSynchronize(hDevice=0x366b3f28)
[2026-10-07 07:36:24.945] [thread-id: 127244797713600] [trace] zeDeviceGetRootDevice(hDevice, phRootDevice)
[2026-10-07 07:36:24.945] [thread-id: 127244797713600] [trace] SUCCESS (ZE_RESULT_SUCCESS) in zeDeviceGetRootDevice(hDevice=0x366b3f28, phRootDevice=0x7ffe68681b30)
   <--- urDeviceGet(.hPlatform = 0x366c7810, .DeviceType = UR_DEVICE_TYPE_ALL, .NumEntries = 0, .phDevices = nullptr, .pNumDevices = 0x7ffe68681f5c (1)) -> UR_RESULT_SUCCESS;
   ---> urDeviceGet
[2026-10-07 07:36:24.945] [thread-id: 127244797713600] [trace] zeDeviceGetRootDevice(hDevice, phRootDevice)
[2026-10-07 07:36:24.945] [thread-id: 127244797713600] [trace] SUCCESS (ZE_RESULT_SUCCESS) in zeDeviceGetRootDevice(hDevice=0x366b3f28, phRootDevice=0x7ffe68681b30)
   <--- urDeviceGet(.hPlatform = 0x366c7810, .DeviceType = UR_DEVICE_TYPE_ALL, .NumEntries = 1, .phDevices = 0x366c9000 {0x366c9040}, .pNumDevices = nullptr) -> UR_RESULT_SUCCESS;
   ---> urPlatformGetInfo
   <--- urPlatformGetInfo(.hPlatform = 0x366c7810, .propName = UR_PLATFORM_INFO_VERSION, .propSize = 0, .pPropValue = nullptr, .pPropSizeRet = 0x7ffe68681b30 (5)) -> UR_RESULT_SUCCESS;
   ---> urPlatformGetInfo
   <--- urPlatformGetInfo(.hPlatform = 0x366c7810, .propName = UR_PLATFORM_INFO_VERSION, .propSize = 5, .pPropValue = 0x7ffe68681c98 (1.17), .pPropSizeRet = nullptr) -> UR_RESULT_SUCCESS;
   ---> urPlatformGetInfo
   <--- urPlatformGetInfo(.hPlatform = 0x366c7810, .propName = UR_PLATFORM_INFO_NAME, .propSize = 0, .pPropValue = nullptr, .pPropSizeRet = 0x7ffe68681b30 (51)) -> UR_RESULT_SUCCESS;
   ---> urPlatformGetInfo
   <--- urPlatformGetInfo(.hPlatform = 0x366c7810, .propName = UR_PLATFORM_INFO_NAME, .propSize = 51, .pPropValue = 0x366c9710 (Intel(R) oneAPI Unified Runtime over Level-Zero V2), .pPropSizeRet = nullptr) -> UR_RESULT_SUCCESS;
   ---> urDeviceGetInfo
   <--- urDeviceGetInfo(.hDevice = 0x366c9040, .propName = UR_DEVICE_INFO_PARENT_DEVICE, .propSize = 8, .pPropValue = 0x7ffe68681af0 (nullptr), .pPropSizeRet = nullptr) -> UR_RESULT_SUCCESS;
   ---> urDeviceGetInfo
   <--- urDeviceGetInfo(.hDevice = 0x366c9040, .propName = UR_DEVICE_INFO_TYPE, .propSize = 4, .pPropValue = 0x7ffe68681a90 (UR_DEVICE_TYPE_GPU), .pPropSizeRet = nullptr) -> UR_RESULT_SUCCESS;
   ---> urDeviceGetInfo
   <--- urDeviceGetInfo(.hDevice = 0x366c9040, .propName = UR_DEVICE_INFO_USE_NATIVE_ASSERT, .propSize = 1, .pPropValue = 0x7ffe68681a90 (true), .pPropSizeRet = nullptr) -> UR_RESULT_SUCCESS;
   ---> urDeviceGetInfo
[2026-10-07 07:36:24.946] [thread-id: 127244797713600] [trace] zeDeviceGetModuleProperties(hDevice, pModuleProperties)
[2026-10-07 07:36:24.946] [thread-id: 127244797713600] [trace] SUCCESS (ZE_RESULT_SUCCESS) in zeDeviceGetModuleProperties(hDevice=0x366b3f28, pModuleProperties={stype=0x366c9360, spirvVersionSupported=65541, flags=15, fp16flags=63, fp32flags=127, fp64flags=127, maxArgumentsSize=2048, printfBufferSize=4194304, nativeKernelSupported={id=0}})
[2026-10-07 07:36:24.946] [thread-id: 127244797713600] [trace] zeDeviceGetImageProperties(hDevice, pImageProperties)
[2026-10-07 07:36:24.946] [thread-id: 127244797713600] [trace] SUCCESS (ZE_RESULT_SUCCESS) in zeDeviceGetImageProperties(hDevice=0x366b3f28, pImageProperties={stype=0x366c9300, maxImageDims1D=16384, maxImageDims2D=16384, maxImageDims3D=2048, maxImageBufferSize=633300480, maxImageArraySlices=2048, maxSamplers=16, maxReadImageArgs=128, maxWriteImageArgs=128})
   <--- urDeviceGetInfo(.hDevice = 0x366c9040, .propName = UR_DEVICE_INFO_EXTENSIONS, .propSize = 0, .pPropValue = nullptr, .pPropSizeRet = 0x7ffe68681a18 (245)) -> UR_RESULT_SUCCESS;
   ---> urDeviceGetInfo
   <--- urDeviceGetInfo(.hDevice = 0x366c9040, .propName = UR_DEVICE_INFO_EXTENSIONS, .propSize = 245, .pPropValue = 0x36583740 (cl_khr_il_program cl_khr_subgroups cl_intel_subgroups cl_intel_subgroups_short cl_intel_required_subgroup_size cl_khr_fp16 cl_khr_fp64 cl_khr_int64_base_atomics cl_khr_int64_extended_atomics cl_khr_3d_image_writes cl_intel_bfloat16_conversions ), .pPropSizeRet = nullptr) -> UR_RESULT_SUCCESS;
   ---> urDeviceRetain
   <--- urDeviceRetain(.hDevice = 0x366c9040) -> UR_RESULT_SUCCESS;
   ---> urDeviceGetInfo
   <--- urDeviceGetInfo(.hDevice = 0x366c9040, .propName = UR_DEVICE_INFO_TYPE, .propSize = 4, .pPropValue = 0x7ffe68681c0c (UR_DEVICE_TYPE_GPU), .pPropSizeRet = nullptr) -> UR_RESULT_SUCCESS;
   ---> urDeviceGetInfo
   <--- urDeviceGetInfo(.hDevice = 0x366c9040, .propName = UR_DEVICE_INFO_VENDOR_ID, .propSize = 4, .pPropValue = 0x7ffe68681c88 (32902), .pPropSizeRet = nullptr) -> UR_RESULT_SUCCESS;
   ---> urDeviceGetInfo
   <--- urDeviceGetInfo(.hDevice = 0x366c9040, .propName = UR_DEVICE_INFO_DRIVER_VERSION, .propSize = 0, .pPropValue = nullptr, .pPropSizeRet = 0x7ffe68681b30 (14)) -> UR_RESULT_SUCCESS;
   ---> urDeviceGetInfo
   <--- urDeviceGetInfo(.hDevice = 0x366c9040, .propName = UR_DEVICE_INFO_DRIVER_VERSION, .propSize = 14, .pPropValue = 0x7ffe68681c58 (1.17.39395+14), .pPropSizeRet = nullptr) -> UR_RESULT_SUCCESS;
   ---> urDeviceGetInfo
   <--- urDeviceGetInfo(.hDevice = 0x366c9040, .propName = UR_DEVICE_INFO_NAME, .propSize = 0, .pPropValue = nullptr, .pPropSizeRet = 0x7ffe68681a70 (31)) -> UR_RESULT_SUCCESS;
   ---> urDeviceGetInfo
   <--- urDeviceGetInfo(.hDevice = 0x366c9040, .propName = UR_DEVICE_INFO_NAME, .propSize = 31, .pPropValue = 0x366c8fd0 (Intel(R) Arc(TM) B570 Graphics), .pPropSizeRet = nullptr) -> UR_RESULT_SUCCESS;
   ---> urPlatformGetInfo
   <--- urPlatformGetInfo(.hPlatform = 0x366c7810, .propName = UR_PLATFORM_INFO_BACKEND, .propSize = 4, .pPropValue = 0x7ffe68681e4c (UR_BACKEND_LEVEL_ZERO), .pPropSizeRet = nullptr) -> UR_RESULT_SUCCESS;
   ---> urDeviceGetInfo
   <--- urDeviceGetInfo(.hDevice = 0x366c9040, .propName = UR_DEVICE_INFO_TYPE, .propSize = 4, .pPropValue = 0x7ffe68681e44 (UR_DEVICE_TYPE_GPU), .pPropSizeRet = nullptr) -> UR_RESULT_SUCCESS;
   ---> urDeviceRelease
   <--- urDeviceRelease(.hDevice = 0x366c9040) -> UR_RESULT_SUCCESS;
   ---> urDeviceGetInfo
   <--- urDeviceGetInfo(.hDevice = 0x366c9040, .propName = UR_DEVICE_INFO_SUPPORTED_PARTITIONS, .propSize = 0, .pPropValue = nullptr, .pPropSizeRet = 0x7ffe68681e38 (0)) -> UR_RESULT_SUCCESS;
   ---> urDeviceGet
[2026-10-07 07:36:24.946] [thread-id: 127244797713600] [trace] zeDeviceGetRootDevice(hDevice, phRootDevice)
[2026-10-07 07:36:24.946] [thread-id: 127244797713600] [trace] SUCCESS (ZE_RESULT_SUCCESS) in zeDeviceGetRootDevice(hDevice=0x366b3f28, phRootDevice=0x7ffe68681c40)
   <--- urDeviceGet(.hPlatform = 0x366c7810, .DeviceType = UR_DEVICE_TYPE_ALL, .NumEntries = 0, .phDevices = nullptr, .pNumDevices = 0x7ffe6868206c (1)) -> UR_RESULT_SUCCESS;
   ---> urDeviceGet
[2026-10-07 07:36:24.946] [thread-id: 127244797713600] [trace] zeDeviceGetRootDevice(hDevice, phRootDevice)
[2026-10-07 07:36:24.946] [thread-id: 127244797713600] [trace] SUCCESS (ZE_RESULT_SUCCESS) in zeDeviceGetRootDevice(hDevice=0x366b3f28, phRootDevice=0x7ffe68681c40)
   <--- urDeviceGet(.hPlatform = 0x366c7810, .DeviceType = UR_DEVICE_TYPE_ALL, .NumEntries = 1, .phDevices = 0x366c76b0 {0x366c9040}, .pNumDevices = nullptr) -> UR_RESULT_SUCCESS;
   ---> urPlatformGetInfo
   <--- urPlatformGetInfo(.hPlatform = 0x366c7810, .propName = UR_PLATFORM_INFO_VERSION, .propSize = 0, .pPropValue = nullptr, .pPropSizeRet = 0x7ffe68681c40 (5)) -> UR_RESULT_SUCCESS;
   ---> urPlatformGetInfo
   <--- urPlatformGetInfo(.hPlatform = 0x366c7810, .propName = UR_PLATFORM_INFO_VERSION, .propSize = 5, .pPropValue = 0x7ffe68681da8 (1.17), .pPropSizeRet = nullptr) -> UR_RESULT_SUCCESS;
   ---> urPlatformGetInfo
   <--- urPlatformGetInfo(.hPlatform = 0x366c7810, .propName = UR_PLATFORM_INFO_NAME, .propSize = 0, .pPropValue = nullptr, .pPropSizeRet = 0x7ffe68681c40 (51)) -> UR_RESULT_SUCCESS;
   ---> urPlatformGetInfo
   <--- urPlatformGetInfo(.hPlatform = 0x366c7810, .propName = UR_PLATFORM_INFO_NAME, .propSize = 51, .pPropValue = 0x366c9c30 (Intel(R) oneAPI Unified Runtime over Level-Zero V2), .pPropSizeRet = nullptr) -> UR_RESULT_SUCCESS;
   ---> urDeviceGetInfo
   <--- urDeviceGetInfo(.hDevice = 0x366c9040, .propName = UR_DEVICE_INFO_TYPE, .propSize = 4, .pPropValue = 0x7ffe68681d1c (UR_DEVICE_TYPE_GPU), .pPropSizeRet = nullptr) -> UR_RESULT_SUCCESS;
   ---> urDeviceGetInfo
   <--- urDeviceGetInfo(.hDevice = 0x366c9040, .propName = UR_DEVICE_INFO_VENDOR_ID, .propSize = 4, .pPropValue = 0x7ffe68681d98 (32902), .pPropSizeRet = nullptr) -> UR_RESULT_SUCCESS;
   ---> urDeviceGetInfo
   <--- urDeviceGetInfo(.hDevice = 0x366c9040, .propName = UR_DEVICE_INFO_DRIVER_VERSION, .propSize = 0, .pPropValue = nullptr, .pPropSizeRet = 0x7ffe68681c40 (14)) -> UR_RESULT_SUCCESS;
   ---> urDeviceGetInfo
   <--- urDeviceGetInfo(.hDevice = 0x366c9040, .propName = UR_DEVICE_INFO_DRIVER_VERSION, .propSize = 14, .pPropValue = 0x7ffe68681d68 (1.17.39395+14), .pPropSizeRet = nullptr) -> UR_RESULT_SUCCESS;
   ---> urPlatformGetInfo
   <--- urPlatformGetInfo(.hPlatform = 0x366c7810, .propName = UR_PLATFORM_INFO_BACKEND, .propSize = 4, .pPropValue = 0x7ffe68681f5c (UR_BACKEND_LEVEL_ZERO), .pPropSizeRet = nullptr) -> UR_RESULT_SUCCESS;
   ---> urDeviceGetInfo
   <--- urDeviceGetInfo(.hDevice = 0x366c9040, .propName = UR_DEVICE_INFO_TYPE, .propSize = 4, .pPropValue = 0x7ffe68681f54 (UR_DEVICE_TYPE_GPU), .pPropSizeRet = nullptr) -> UR_RESULT_SUCCESS;
   ---> urDeviceRelease
   <--- urDeviceRelease(.hDevice = 0x366c9040) -> UR_RESULT_SUCCESS;
   ---> urDeviceGetInfo
   <--- urDeviceGetInfo(.hDevice = 0x366c9040, .propName = UR_DEVICE_INFO_SUPPORTED_PARTITIONS, .propSize = 0, .pPropValue = nullptr, .pPropSizeRet = 0x7ffe68681f48 (0)) -> UR_RESULT_SUCCESS;
   ---> urDeviceSelectBinary
   <--- urDeviceSelectBinary(.hDevice = 0x366c9040, .pBinaries = 0x7ffe68681f90 ((struct ur_device_binary_t){.stype = UR_STRUCTURE_TYPE_CONTEXT_PROPERTIES, .pNext = nullptr, .pDeviceTargetSpec = 0x73ba7fd763c0 (spir64)}), .NumBinaries = 1, .pSelectedBinary = 0x7ffe68681fb4 (0)) -> UR_RESULT_SUCCESS;
   ---> urDeviceGet
[2026-10-07 07:36:24.946] [thread-id: 127244797713600] [trace] zeDeviceGetRootDevice(hDevice, phRootDevice)
[2026-10-07 07:36:24.946] [thread-id: 127244797713600] [trace] SUCCESS (ZE_RESULT_SUCCESS) in zeDeviceGetRootDevice(hDevice=0x366b3f28, phRootDevice=0x7ffe68681bd0)
   <--- urDeviceGet(.hPlatform = 0x366c7810, .DeviceType = UR_DEVICE_TYPE_ALL, .NumEntries = 0, .phDevices = nullptr, .pNumDevices = 0x7ffe68681ffc (1)) -> UR_RESULT_SUCCESS;
   ---> urDeviceGet
[2026-10-07 07:36:24.946] [thread-id: 127244797713600] [trace] zeDeviceGetRootDevice(hDevice, phRootDevice)
[2026-10-07 07:36:24.946] [thread-id: 127244797713600] [trace] SUCCESS (ZE_RESULT_SUCCESS) in zeDeviceGetRootDevice(hDevice=0x366b3f28, phRootDevice=0x7ffe68681bd0)
   <--- urDeviceGet(.hPlatform = 0x366c7810, .DeviceType = UR_DEVICE_TYPE_ALL, .NumEntries = 1, .phDevices = 0x366c9d00 {0x366c9040}, .pNumDevices = nullptr) -> UR_RESULT_SUCCESS;
   ---> urPlatformGetInfo
   <--- urPlatformGetInfo(.hPlatform = 0x366c7810, .propName = UR_PLATFORM_INFO_VERSION, .propSize = 0, .pPropValue = nullptr, .pPropSizeRet = 0x7ffe68681bd0 (5)) -> UR_RESULT_SUCCESS;
   ---> urPlatformGetInfo
   <--- urPlatformGetInfo(.hPlatform = 0x366c7810, .propName = UR_PLATFORM_INFO_VERSION, .propSize = 5, .pPropValue = 0x7ffe68681d38 (1.17), .pPropSizeRet = nullptr) -> UR_RESULT_SUCCESS;
   ---> urPlatformGetInfo
   <--- urPlatformGetInfo(.hPlatform = 0x366c7810, .propName = UR_PLATFORM_INFO_NAME, .propSize = 0, .pPropValue = nullptr, .pPropSizeRet = 0x7ffe68681bd0 (51)) -> UR_RESULT_SUCCESS;
   ---> urPlatformGetInfo
   <--- urPlatformGetInfo(.hPlatform = 0x366c7810, .propName = UR_PLATFORM_INFO_NAME, .propSize = 51, .pPropValue = 0x366c9710 (Intel(R) oneAPI Unified Runtime over Level-Zero V2), .pPropSizeRet = nullptr) -> UR_RESULT_SUCCESS;
   ---> urDeviceGetInfo
   <--- urDeviceGetInfo(.hDevice = 0x366c9040, .propName = UR_DEVICE_INFO_TYPE, .propSize = 4, .pPropValue = 0x7ffe68681cac (UR_DEVICE_TYPE_GPU), .pPropSizeRet = nullptr) -> UR_RESULT_SUCCESS;
   ---> urDeviceGetInfo
   <--- urDeviceGetInfo(.hDevice = 0x366c9040, .propName = UR_DEVICE_INFO_VENDOR_ID, .propSize = 4, .pPropValue = 0x7ffe68681d28 (32902), .pPropSizeRet = nullptr) -> UR_RESULT_SUCCESS;
   ---> urDeviceGetInfo
   <--- urDeviceGetInfo(.hDevice = 0x366c9040, .propName = UR_DEVICE_INFO_DRIVER_VERSION, .propSize = 0, .pPropValue = nullptr, .pPropSizeRet = 0x7ffe68681bd0 (14)) -> UR_RESULT_SUCCESS;
   ---> urDeviceGetInfo
   <--- urDeviceGetInfo(.hDevice = 0x366c9040, .propName = UR_DEVICE_INFO_DRIVER_VERSION, .propSize = 14, .pPropValue = 0x7ffe68681cf8 (1.17.39395+14), .pPropSizeRet = nullptr) -> UR_RESULT_SUCCESS;
   ---> urPlatformGetInfo
   <--- urPlatformGetInfo(.hPlatform = 0x366c7810, .propName = UR_PLATFORM_INFO_BACKEND, .propSize = 4, .pPropValue = 0x7ffe68681eec (UR_BACKEND_LEVEL_ZERO), .pPropSizeRet = nullptr) -> UR_RESULT_SUCCESS;
   ---> urDeviceGetInfo
   <--- urDeviceGetInfo(.hDevice = 0x366c9040, .propName = UR_DEVICE_INFO_TYPE, .propSize = 4, .pPropValue = 0x7ffe68681ee4 (UR_DEVICE_TYPE_GPU), .pPropSizeRet = nullptr) -> UR_RESULT_SUCCESS;
   ---> urDeviceRelease
   <--- urDeviceRelease(.hDevice = 0x366c9040) -> UR_RESULT_SUCCESS;
   ---> urDeviceGetInfo
   <--- urDeviceGetInfo(.hDevice = 0x366c9040, .propName = UR_DEVICE_INFO_SUPPORTED_PARTITIONS, .propSize = 0, .pPropValue = nullptr, .pPropSizeRet = 0x7ffe68681ed8 (0)) -> UR_RESULT_SUCCESS;
   ---> urDeviceGet
[2026-10-07 07:36:24.947] [thread-id: 127244797713600] [trace] zeDeviceGetRootDevice(hDevice, phRootDevice)
[2026-10-07 07:36:24.947] [thread-id: 127244797713600] [trace] SUCCESS (ZE_RESULT_SUCCESS) in zeDeviceGetRootDevice(hDevice=0x366b3f28, phRootDevice=0x7ffe68681ce0)
   <--- urDeviceGet(.hPlatform = 0x366c7810, .DeviceType = UR_DEVICE_TYPE_GPU, .NumEntries = 0, .phDevices = nullptr, .pNumDevices = 0x7ffe6868210c (1)) -> UR_RESULT_SUCCESS;
   ---> urDeviceGet
[2026-10-07 07:36:24.947] [thread-id: 127244797713600] [trace] zeDeviceGetRootDevice(hDevice, phRootDevice)
[2026-10-07 07:36:24.947] [thread-id: 127244797713600] [trace] SUCCESS (ZE_RESULT_SUCCESS) in zeDeviceGetRootDevice(hDevice=0x366b3f28, phRootDevice=0x7ffe68681ce0)
   <--- urDeviceGet(.hPlatform = 0x366c7810, .DeviceType = UR_DEVICE_TYPE_GPU, .NumEntries = 1, .phDevices = 0x366c9d20 {0x366c9040}, .pNumDevices = nullptr) -> UR_RESULT_SUCCESS;
   ---> urPlatformGetInfo
   <--- urPlatformGetInfo(.hPlatform = 0x366c7810, .propName = UR_PLATFORM_INFO_VERSION, .propSize = 0, .pPropValue = nullptr, .pPropSizeRet = 0x7ffe68681ce0 (5)) -> UR_RESULT_SUCCESS;
   ---> urPlatformGetInfo
   <--- urPlatformGetInfo(.hPlatform = 0x366c7810, .propName = UR_PLATFORM_INFO_VERSION, .propSize = 5, .pPropValue = 0x7ffe68681e48 (1.17), .pPropSizeRet = nullptr) -> UR_RESULT_SUCCESS;
   ---> urPlatformGetInfo
   <--- urPlatformGetInfo(.hPlatform = 0x366c7810, .propName = UR_PLATFORM_INFO_NAME, .propSize = 0, .pPropValue = nullptr, .pPropSizeRet = 0x7ffe68681ce0 (51)) -> UR_RESULT_SUCCESS;
   ---> urPlatformGetInfo
   <--- urPlatformGetInfo(.hPlatform = 0x366c7810, .propName = UR_PLATFORM_INFO_NAME, .propSize = 51, .pPropValue = 0x366c9c30 (Intel(R) oneAPI Unified Runtime over Level-Zero V2), .pPropSizeRet = nullptr) -> UR_RESULT_SUCCESS;
   ---> urDeviceGetInfo
   <--- urDeviceGetInfo(.hDevice = 0x366c9040, .propName = UR_DEVICE_INFO_TYPE, .propSize = 4, .pPropValue = 0x7ffe68681dbc (UR_DEVICE_TYPE_GPU), .pPropSizeRet = nullptr) -> UR_RESULT_SUCCESS;
   ---> urDeviceGetInfo
   <--- urDeviceGetInfo(.hDevice = 0x366c9040, .propName = UR_DEVICE_INFO_VENDOR_ID, .propSize = 4, .pPropValue = 0x7ffe68681e38 (32902), .pPropSizeRet = nullptr) -> UR_RESULT_SUCCESS;
   ---> urDeviceGetInfo
   <--- urDeviceGetInfo(.hDevice = 0x366c9040, .propName = UR_DEVICE_INFO_DRIVER_VERSION, .propSize = 0, .pPropValue = nullptr, .pPropSizeRet = 0x7ffe68681ce0 (14)) -> UR_RESULT_SUCCESS;
   ---> urDeviceGetInfo
   <--- urDeviceGetInfo(.hDevice = 0x366c9040, .propName = UR_DEVICE_INFO_DRIVER_VERSION, .propSize = 14, .pPropValue = 0x7ffe68681e08 (1.17.39395+14), .pPropSizeRet = nullptr) -> UR_RESULT_SUCCESS;
   ---> urPlatformGetInfo
   <--- urPlatformGetInfo(.hPlatform = 0x366c7810, .propName = UR_PLATFORM_INFO_BACKEND, .propSize = 4, .pPropValue = 0x7ffe68681ffc (UR_BACKEND_LEVEL_ZERO), .pPropSizeRet = nullptr) -> UR_RESULT_SUCCESS;
   ---> urDeviceGetInfo
   <--- urDeviceGetInfo(.hDevice = 0x366c9040, .propName = UR_DEVICE_INFO_TYPE, .propSize = 4, .pPropValue = 0x7ffe68681ff4 (UR_DEVICE_TYPE_GPU), .pPropSizeRet = nullptr) -> UR_RESULT_SUCCESS;
   ---> urDeviceRelease
   <--- urDeviceRelease(.hDevice = 0x366c9040) -> UR_RESULT_SUCCESS;
   ---> urDeviceGetInfo
   <--- urDeviceGetInfo(.hDevice = 0x366c9040, .propName = UR_DEVICE_INFO_SUPPORTED_PARTITIONS, .propSize = 0, .pPropValue = nullptr, .pPropSizeRet = 0x7ffe68681fe8 (0)) -> UR_RESULT_SUCCESS;
   ---> urDeviceGetInfo
[2026-10-07 07:36:24.947] [thread-id: 127244797713600] [trace] zeDevicePciGetPropertiesExt(hDevice, pPciProperties)
[2026-10-07 07:36:24.947] [thread-id: 127244797713600] [trace] SUCCESS (ZE_RESULT_SUCCESS) in zeDevicePciGetPropertiesExt(hDevice=0x366b3f28, pPciProperties={stype=0x7ffe68681cb0, address={domain=0, bus=5, device=0, function=0}, maxSpeed={genVersion=4, width=8, maxBandwidth=15753846153}})
   <--- urDeviceGetInfo(.hDevice = 0x366c9040, .propName = UR_DEVICE_INFO_PCI_ADDRESS, .propSize = 0, .pPropValue = nullptr, .pPropSizeRet = 0x7ffe68682128 (13)) -> UR_RESULT_SUCCESS;
   ---> urDeviceGetInfo
[2026-10-07 07:36:24.947] [thread-id: 127244797713600] [trace] zeDevicePciGetPropertiesExt(hDevice, pPciProperties)
[2026-10-07 07:36:24.947] [thread-id: 127244797713600] [trace] SUCCESS (ZE_RESULT_SUCCESS) in zeDevicePciGetPropertiesExt(hDevice=0x366b3f28, pPciProperties={stype=0x7ffe68681dc0, address={domain=0, bus=5, device=0, function=0}, maxSpeed={genVersion=4, width=8, maxBandwidth=15753846153}})
   <--- urDeviceGetInfo(.hDevice = 0x366c9040, .propName = UR_DEVICE_INFO_PCI_ADDRESS, .propSize = 0, .pPropValue = nullptr, .pPropSizeRet = 0x7ffe68682230 (13)) -> UR_RESULT_SUCCESS;
   ---> urDeviceGetInfo
[2026-10-07 07:36:24.947] [thread-id: 127244797713600] [trace] zeDevicePciGetPropertiesExt(hDevice, pPciProperties)
[2026-10-07 07:36:24.947] [thread-id: 127244797713600] [trace] SUCCESS (ZE_RESULT_SUCCESS) in zeDevicePciGetPropertiesExt(hDevice=0x366b3f28, pPciProperties={stype=0x7ffe68681dc0, address={domain=0, bus=5, device=0, function=0}, maxSpeed={genVersion=4, width=8, maxBandwidth=15753846153}})
   <--- urDeviceGetInfo(.hDevice = 0x366c9040, .propName = UR_DEVICE_INFO_PCI_ADDRESS, .propSize = 13, .pPropValue = 0x7ffe68682280 (0000:05:00.0), .pPropSizeRet = nullptr) -> UR_RESULT_SUCCESS;
   ---> urDeviceGet
[2026-10-07 07:36:24.947] [thread-id: 127244797713600] [trace] zeDeviceGetRootDevice(hDevice, phRootDevice)
[2026-10-07 07:36:24.947] [thread-id: 127244797713600] [trace] SUCCESS (ZE_RESULT_SUCCESS) in zeDeviceGetRootDevice(hDevice=0x366b3f28, phRootDevice=0x7ffe68681be0)
   <--- urDeviceGet(.hPlatform = 0x366c7810, .DeviceType = UR_DEVICE_TYPE_ALL, .NumEntries = 0, .phDevices = nullptr, .pNumDevices = 0x7ffe6868200c (1)) -> UR_RESULT_SUCCESS;
   ---> urDeviceGet
[2026-10-07 07:36:24.947] [thread-id: 127244797713600] [trace] zeDeviceGetRootDevice(hDevice, phRootDevice)
[2026-10-07 07:36:24.947] [thread-id: 127244797713600] [trace] SUCCESS (ZE_RESULT_SUCCESS) in zeDeviceGetRootDevice(hDevice=0x366b3f28, phRootDevice=0x7ffe68681be0)
   <--- urDeviceGet(.hPlatform = 0x366c7810, .DeviceType = UR_DEVICE_TYPE_ALL, .NumEntries = 1, .phDevices = 0x366c9d40 {0x366c9040}, .pNumDevices = nullptr) -> UR_RESULT_SUCCESS;
   ---> urPlatformGetInfo
   <--- urPlatformGetInfo(.hPlatform = 0x366c7810, .propName = UR_PLATFORM_INFO_VERSION, .propSize = 0, .pPropValue = nullptr, .pPropSizeRet = 0x7ffe68681be0 (5)) -> UR_RESULT_SUCCESS;
   ---> urPlatformGetInfo
   <--- urPlatformGetInfo(.hPlatform = 0x366c7810, .propName = UR_PLATFORM_INFO_VERSION, .propSize = 5, .pPropValue = 0x7ffe68681d48 (1.17), .pPropSizeRet = nullptr) -> UR_RESULT_SUCCESS;
   ---> urPlatformGetInfo
   <--- urPlatformGetInfo(.hPlatform = 0x366c7810, .propName = UR_PLATFORM_INFO_NAME, .propSize = 0, .pPropValue = nullptr, .pPropSizeRet = 0x7ffe68681be0 (51)) -> UR_RESULT_SUCCESS;
   ---> urPlatformGetInfo
   <--- urPlatformGetInfo(.hPlatform = 0x366c7810, .propName = UR_PLATFORM_INFO_NAME, .propSize = 51, .pPropValue = 0x366c9c30 (Intel(R) oneAPI Unified Runtime over Level-Zero V2), .pPropSizeRet = nullptr) -> UR_RESULT_SUCCESS;
   ---> urDeviceGetInfo
   <--- urDeviceGetInfo(.hDevice = 0x366c9040, .propName = UR_DEVICE_INFO_TYPE, .propSize = 4, .pPropValue = 0x7ffe68681cbc (UR_DEVICE_TYPE_GPU), .pPropSizeRet = nullptr) -> UR_RESULT_SUCCESS;
   ---> urDeviceGetInfo
   <--- urDeviceGetInfo(.hDevice = 0x366c9040, .propName = UR_DEVICE_INFO_VENDOR_ID, .propSize = 4, .pPropValue = 0x7ffe68681d38 (32902), .pPropSizeRet = nullptr) -> UR_RESULT_SUCCESS;
   ---> urDeviceGetInfo
   <--- urDeviceGetInfo(.hDevice = 0x366c9040, .propName = UR_DEVICE_INFO_DRIVER_VERSION, .propSize = 0, .pPropValue = nullptr, .pPropSizeRet = 0x7ffe68681be0 (14)) -> UR_RESULT_SUCCESS;
   ---> urDeviceGetInfo
   <--- urDeviceGetInfo(.hDevice = 0x366c9040, .propName = UR_DEVICE_INFO_DRIVER_VERSION, .propSize = 14, .pPropValue = 0x7ffe68681d08 (1.17.39395+14), .pPropSizeRet = nullptr) -> UR_RESULT_SUCCESS;
   ---> urPlatformGetInfo
   <--- urPlatformGetInfo(.hPlatform = 0x366c7810, .propName = UR_PLATFORM_INFO_BACKEND, .propSize = 4, .pPropValue = 0x7ffe68681efc (UR_BACKEND_LEVEL_ZERO), .pPropSizeRet = nullptr) -> UR_RESULT_SUCCESS;
   ---> urDeviceGetInfo
   <--- urDeviceGetInfo(.hDevice = 0x366c9040, .propName = UR_DEVICE_INFO_TYPE, .propSize = 4, .pPropValue = 0x7ffe68681ef4 (UR_DEVICE_TYPE_GPU), .pPropSizeRet = nullptr) -> UR_RESULT_SUCCESS;
   ---> urDeviceRelease
   <--- urDeviceRelease(.hDevice = 0x366c9040) -> UR_RESULT_SUCCESS;
   ---> urDeviceGetInfo
   <--- urDeviceGetInfo(.hDevice = 0x366c9040, .propName = UR_DEVICE_INFO_SUPPORTED_PARTITIONS, .propSize = 0, .pPropValue = nullptr, .pPropSizeRet = 0x7ffe68681ee8 (0)) -> UR_RESULT_SUCCESS;
   ---> urDeviceGetInfo
[2026-10-07 07:36:24.948] [thread-id: 127244797713600] [trace] zeDeviceGetSubDevices(hDevice, pCount, phSubdevices)
[2026-10-07 07:36:24.948] [thread-id: 127244797713600] [trace] SUCCESS (ZE_RESULT_SUCCESS) in zeDeviceGetSubDevices(hDevice=0x366b3f28, pCount=0, phSubdevices=nullptr)
   <--- urDeviceGetInfo(.hDevice = 0x366c9040, .propName = UR_DEVICE_INFO_COMPONENT_DEVICES, .propSize = 0, .pPropValue = nullptr, .pPropSizeRet = 0x7ffe68681d00 (0)) -> UR_RESULT_SUCCESS;
   ---> urContextCreate
[2026-10-07 07:36:24.948] [thread-id: 127244797713600] [trace] zeContextCreate(hDriver, desc, phContext)
[2026-10-07 07:36:24.948] [thread-id: 127244797713600] [trace] SUCCESS (ZE_RESULT_SUCCESS) in zeContextCreate(hDriver=0x366b39c8, desc={stype=0x7ffe68681c30, flags=0}, phContext=0x366ca738)
[2026-10-07 07:36:24.948] [thread-id: 127244797713600] [trace] zeMemAllocHost(hContext, host_desc, size, alignment, pptr)
[2026-10-07 07:36:24.948] [thread-id: 127244797713600] [trace] SUCCESS (ZE_RESULT_SUCCESS) in zeMemAllocHost(hContext=0x366ca738, host_desc={stype=0x7ffe686816b0, flags=0}, size=1, alignment=0, pptr=0x73ba6a7ffe00)
[2026-10-07 07:36:24.948] [thread-id: 127244797713600] [trace] zeMemGetAllocProperties(hContext, ptr, pMemAllocProperties, phDevice)
[2026-10-07 07:36:24.948] [thread-id: 127244797713600] [trace] SUCCESS (ZE_RESULT_SUCCESS) in zeMemGetAllocProperties(hContext=0x366ca738, ptr=0x73ba6a7ffe00, pMemAllocProperties={stype=0x7ffe686816b0, type=0x7ffe686816c0, id=1, pageSize=2097152}, phDevice=nullptr)
[2026-10-07 07:36:24.948] [thread-id: 127244797713600] [trace] zeMemFreeExt(hContext, pMemFreeDesc, ptr)
[2026-10-07 07:36:24.948] [thread-id: 127244797713600] [trace] SUCCESS (ZE_RESULT_SUCCESS) in zeMemFreeExt(hContext=0x366ca738, pMemFreeDesc={stype=0x7ffe68681690, freePolicy=1}, ptr=0x73ba6a7ffe00)
[2026-10-07 07:36:24.948] [thread-id: 127244797713600] [trace] zeDeviceGetProperties(hDevice, pDeviceProperties)
[2026-10-07 07:36:24.948] [thread-id: 127244797713600] [trace] SUCCESS (ZE_RESULT_SUCCESS) in zeDeviceGetProperties(hDevice=0x366b3f28, pDeviceProperties={stype=0x73ba6acab068, type=0x73ba6acab078, vendorId=32902, deviceId=57868, flags=8, subdeviceId=0, coreClockRate=2750, maxMemAllocSize=10132807680, maxHardwareContexts=65536, maxCommandQueuePriority=0, numThreadsPerEU=8, physicalEUSimdWidth=16, numEUsPerSubslice=8, numSubslicesPerSlice=4, numSlices=5, timerResolution=52, timestampValidBits=64, kernelTimestampValidBits=64, uuid={id=134}, name="Intel(R) Arc(TM) B570 Graphics"})
[2026-10-07 07:36:24.948] [thread-id: 127244797713600] [trace] zeMemAllocDevice(hContext, device_desc, size, alignment, hDevice, pptr)
[2026-10-07 07:36:24.948] [thread-id: 127244797713600] [trace] SUCCESS (ZE_RESULT_SUCCESS) in zeMemAllocDevice(hContext=0x366ca738, device_desc={stype=0x7ffe68681670, flags=0, ordinal=0}, size=1, alignment=0, hDevice=0x366b3f28, pptr=0xffffffffff9ffe00)
[2026-10-07 07:36:24.948] [thread-id: 127244797713600] [trace] zeContextMakeMemoryResident(hContext, hDevice, ptr, size)
[2026-10-07 07:36:24.949] [thread-id: 127244797713600] [trace] SUCCESS (ZE_RESULT_SUCCESS) in zeContextMakeMemoryResident(hContext=0x366ca738, hDevice=0x366b3f28, ptr=0xffffffffff9ffe00, size=1)
[2026-10-07 07:36:24.949] [thread-id: 127244797713600] [trace] zeMemGetAllocProperties(hContext, ptr, pMemAllocProperties, phDevice)
[2026-10-07 07:36:24.949] [thread-id: 127244797713600] [trace] SUCCESS (ZE_RESULT_SUCCESS) in zeMemGetAllocProperties(hContext=0x366ca738, ptr=0xffffffffff9ffe00, pMemAllocProperties={stype=0x7ffe686816b0, type=0x7ffe686816c0, id=3, pageSize=65536}, phDevice=nullptr)
[2026-10-07 07:36:24.949] [thread-id: 127244797713600] [trace] zeMemFreeExt(hContext, pMemFreeDesc, ptr)
[2026-10-07 07:36:24.949] [thread-id: 127244797713600] [trace] SUCCESS (ZE_RESULT_SUCCESS) in zeMemFreeExt(hContext=0x366ca738, pMemFreeDesc={stype=0x7ffe68681690, freePolicy=1}, ptr=0xffffffffff9ffe00)
[2026-10-07 07:36:24.949] [thread-id: 127244797713600] [trace] zeDeviceGetProperties(hDevice, pDeviceProperties)
[2026-10-07 07:36:24.949] [thread-id: 127244797713600] [trace] SUCCESS (ZE_RESULT_SUCCESS) in zeDeviceGetProperties(hDevice=0x366b3f28, pDeviceProperties={stype=0x73ba6aca3068, type=0x73ba6aca3078, vendorId=32902, deviceId=57868, flags=8, subdeviceId=0, coreClockRate=2750, maxMemAllocSize=10132807680, maxHardwareContexts=65536, maxCommandQueuePriority=0, numThreadsPerEU=8, physicalEUSimdWidth=16, numEUsPerSubslice=8, numSubslicesPerSlice=4, numSlices=5, timerResolution=52, timestampValidBits=64, kernelTimestampValidBits=64, uuid={id=134}, name="Intel(R) Arc(TM) B570 Graphics"})
[2026-10-07 07:36:24.949] [thread-id: 127244797713600] [trace] zeMemAllocShared(hContext, device_desc, host_desc, size, alignment, hDevice, pptr)
[2026-10-07 07:36:24.949] [thread-id: 127244797713600] [trace] SUCCESS (ZE_RESULT_SUCCESS) in zeMemAllocShared(hContext=0x366ca738, device_desc={stype=0x7ffe686816b0, flags=0, ordinal=0}, host_desc={stype=0x7ffe68681690, flags=0}, size=1, alignment=0, hDevice=0x366b3f28, pptr=0x73ba6a930000)
[2026-10-07 07:36:24.949] [thread-id: 127244797713600] [trace] zeMemGetAllocProperties(hContext, ptr, pMemAllocProperties, phDevice)
[2026-10-07 07:36:24.949] [thread-id: 127244797713600] [trace] SUCCESS (ZE_RESULT_SUCCESS) in zeMemGetAllocProperties(hContext=0x366ca738, ptr=0x73ba6a930000, pMemAllocProperties={stype=0x7ffe686816b0, type=0x7ffe686816c0, id=5, pageSize=65536}, phDevice=nullptr)
[2026-10-07 07:36:24.949] [thread-id: 127244797713600] [trace] zeMemFreeExt(hContext, pMemFreeDesc, ptr)
[2026-10-07 07:36:24.950] [thread-id: 127244797713600] [trace] SUCCESS (ZE_RESULT_SUCCESS) in zeMemFreeExt(hContext=0x366ca738, pMemFreeDesc={stype=0x7ffe68681690, freePolicy=1}, ptr=0x73ba6a930000)
[2026-10-07 07:36:24.950] [thread-id: 127244797713600] [trace] zeDeviceGetProperties(hDevice, pDeviceProperties)
[2026-10-07 07:36:24.950] [thread-id: 127244797713600] [trace] SUCCESS (ZE_RESULT_SUCCESS) in zeDeviceGetProperties(hDevice=0x366b3f28, pDeviceProperties={stype=0x73ba6a935068, type=0x73ba6a935078, vendorId=32902, deviceId=57868, flags=8, subdeviceId=0, coreClockRate=2750, maxMemAllocSize=10132807680, maxHardwareContexts=65536, maxCommandQueuePriority=0, numThreadsPerEU=8, physicalEUSimdWidth=16, numEUsPerSubslice=8, numSubslicesPerSlice=4, numSlices=5, timerResolution=52, timestampValidBits=64, kernelTimestampValidBits=64, uuid={id=134}, name="Intel(R) Arc(TM) B570 Graphics"})
[2026-10-07 07:36:24.950] [thread-id: 127244797713600] [trace] zeMemAllocShared(hContext, device_desc, host_desc, size, alignment, hDevice, pptr)
[2026-10-07 07:36:24.950] [thread-id: 127244797713600] [trace] SUCCESS (ZE_RESULT_SUCCESS) in zeMemAllocShared(hContext=0x366ca738, device_desc={stype=0x7ffe686816b0, flags=0, ordinal=0}, host_desc={stype=0x7ffe68681690, flags=0}, size=1, alignment=0, hDevice=0x366b3f28, pptr=0x73ba6a920000)
[2026-10-07 07:36:24.950] [thread-id: 127244797713600] [trace] zeMemGetAllocProperties(hContext, ptr, pMemAllocProperties, phDevice)
[2026-10-07 07:36:24.950] [thread-id: 127244797713600] [trace] SUCCESS (ZE_RESULT_SUCCESS) in zeMemGetAllocProperties(hContext=0x366ca738, ptr=0x73ba6a920000, pMemAllocProperties={stype=0x7ffe686816b0, type=0x7ffe686816c0, id=6, pageSize=65536}, phDevice=nullptr)
[2026-10-07 07:36:24.950] [thread-id: 127244797713600] [trace] zeMemFreeExt(hContext, pMemFreeDesc, ptr)
[2026-10-07 07:36:24.950] [thread-id: 127244797713600] [trace] SUCCESS (ZE_RESULT_SUCCESS) in zeMemFreeExt(hContext=0x366ca738, pMemFreeDesc={stype=0x7ffe68681690, freePolicy=1}, ptr=0x73ba6a920000)
[2026-10-07 07:36:24.950] [thread-id: 127244797713600] [trace] zeMemAllocHost(hContext, host_desc, size, alignment, pptr)
[2026-10-07 07:36:24.950] [thread-id: 127244797713600] [trace] SUCCESS (ZE_RESULT_SUCCESS) in zeMemAllocHost(hContext=0x366ca738, host_desc={stype=0x7ffe686816b0, flags=0}, size=1, alignment=0, pptr=0x73ba6a7ffe00)
[2026-10-07 07:36:24.950] [thread-id: 127244797713600] [trace] zeMemGetAllocProperties(hContext, ptr, pMemAllocProperties, phDevice)
[2026-10-07 07:36:24.950] [thread-id: 127244797713600] [trace] SUCCESS (ZE_RESULT_SUCCESS) in zeMemGetAllocProperties(hContext=0x366ca738, ptr=0x73ba6a7ffe00, pMemAllocProperties={stype=0x7ffe686816b0, type=0x7ffe686816c0, id=1, pageSize=2097152}, phDevice=nullptr)
[2026-10-07 07:36:24.950] [thread-id: 127244797713600] [trace] zeMemFreeExt(hContext, pMemFreeDesc, ptr)
[2026-10-07 07:36:24.950] [thread-id: 127244797713600] [trace] SUCCESS (ZE_RESULT_SUCCESS) in zeMemFreeExt(hContext=0x366ca738, pMemFreeDesc={stype=0x7ffe68681690, freePolicy=1}, ptr=0x73ba6a7ffe00)
[2026-10-07 07:36:24.950] [thread-id: 127244797713600] [trace] zeDeviceGetProperties(hDevice, pDeviceProperties)
[2026-10-07 07:36:24.950] [thread-id: 127244797713600] [trace] SUCCESS (ZE_RESULT_SUCCESS) in zeDeviceGetProperties(hDevice=0x366b3f28, pDeviceProperties={stype=0x73ba6a92d068, type=0x73ba6a92d078, vendorId=32902, deviceId=57868, flags=8, subdeviceId=0, coreClockRate=2750, maxMemAllocSize=10132807680, maxHardwareContexts=65536, maxCommandQueuePriority=0, numThreadsPerEU=8, physicalEUSimdWidth=16, numEUsPerSubslice=8, numSubslicesPerSlice=4, numSlices=5, timerResolution=52, timestampValidBits=64, kernelTimestampValidBits=64, uuid={id=134}, name="Intel(R) Arc(TM) B570 Graphics"})
[2026-10-07 07:36:24.950] [thread-id: 127244797713600] [trace] zeMemAllocDevice(hContext, device_desc, size, alignment, hDevice, pptr)
[2026-10-07 07:36:24.950] [thread-id: 127244797713600] [trace] SUCCESS (ZE_RESULT_SUCCESS) in zeMemAllocDevice(hContext=0x366ca738, device_desc={stype=0x7ffe68681670, flags=0, ordinal=0}, size=1, alignment=0, hDevice=0x366b3f28, pptr=0xffffffffff9ffe00)
[2026-10-07 07:36:24.950] [thread-id: 127244797713600] [trace] zeContextMakeMemoryResident(hContext, hDevice, ptr, size)
[2026-10-07 07:36:24.950] [thread-id: 127244797713600] [trace] SUCCESS (ZE_RESULT_SUCCESS) in zeContextMakeMemoryResident(hContext=0x366ca738, hDevice=0x366b3f28, ptr=0xffffffffff9ffe00, size=1)
[2026-10-07 07:36:24.950] [thread-id: 127244797713600] [trace] zeMemGetAllocProperties(hContext, ptr, pMemAllocProperties, phDevice)
[2026-10-07 07:36:24.951] [thread-id: 127244797713600] [trace] SUCCESS (ZE_RESULT_SUCCESS) in zeMemGetAllocProperties(hContext=0x366ca738, ptr=0xffffffffff9ffe00, pMemAllocProperties={stype=0x7ffe686816b0, type=0x7ffe686816c0, id=3, pageSize=65536}, phDevice=nullptr)
[2026-10-07 07:36:24.951] [thread-id: 127244797713600] [trace] zeMemFreeExt(hContext, pMemFreeDesc, ptr)
[2026-10-07 07:36:24.951] [thread-id: 127244797713600] [trace] SUCCESS (ZE_RESULT_SUCCESS) in zeMemFreeExt(hContext=0x366ca738, pMemFreeDesc={stype=0x7ffe68681690, freePolicy=1}, ptr=0xffffffffff9ffe00)
[2026-10-07 07:36:24.951] [thread-id: 127244797713600] [trace] zeDeviceGetProperties(hDevice, pDeviceProperties)
[2026-10-07 07:36:24.951] [thread-id: 127244797713600] [trace] SUCCESS (ZE_RESULT_SUCCESS) in zeDeviceGetProperties(hDevice=0x366b3f28, pDeviceProperties={stype=0x73ba6a920068, type=0x73ba6a920078, vendorId=32902, deviceId=57868, flags=8, subdeviceId=0, coreClockRate=2750, maxMemAllocSize=10132807680, maxHardwareContexts=65536, maxCommandQueuePriority=0, numThreadsPerEU=8, physicalEUSimdWidth=16, numEUsPerSubslice=8, numSubslicesPerSlice=4, numSlices=5, timerResolution=52, timestampValidBits=64, kernelTimestampValidBits=64, uuid={id=134}, name="Intel(R) Arc(TM) B570 Graphics"})
[2026-10-07 07:36:24.951] [thread-id: 127244797713600] [trace] zeMemAllocShared(hContext, device_desc, host_desc, size, alignment, hDevice, pptr)
[2026-10-07 07:36:24.951] [thread-id: 127244797713600] [trace] SUCCESS (ZE_RESULT_SUCCESS) in zeMemAllocShared(hContext=0x366ca738, device_desc={stype=0x7ffe686816b0, flags=0, ordinal=0}, host_desc={stype=0x7ffe68681690, flags=0}, size=1, alignment=0, hDevice=0x366b3f28, pptr=0x73ba6a900000)
[2026-10-07 07:36:24.951] [thread-id: 127244797713600] [trace] zeMemGetAllocProperties(hContext, ptr, pMemAllocProperties, phDevice)
[2026-10-07 07:36:24.951] [thread-id: 127244797713600] [trace] SUCCESS (ZE_RESULT_SUCCESS) in zeMemGetAllocProperties(hContext=0x366ca738, ptr=0x73ba6a900000, pMemAllocProperties={stype=0x7ffe686816b0, type=0x7ffe686816c0, id=9, pageSize=65536}, phDevice=nullptr)
[2026-10-07 07:36:24.951] [thread-id: 127244797713600] [trace] zeMemFreeExt(hContext, pMemFreeDesc, ptr)
[2026-10-07 07:36:24.951] [thread-id: 127244797713600] [trace] SUCCESS (ZE_RESULT_SUCCESS) in zeMemFreeExt(hContext=0x366ca738, pMemFreeDesc={stype=0x7ffe68681690, freePolicy=1}, ptr=0x73ba6a900000)
[2026-10-07 07:36:24.951] [thread-id: 127244797713600] [trace] zeDeviceGetProperties(hDevice, pDeviceProperties)
[2026-10-07 07:36:24.951] [thread-id: 127244797713600] [trace] SUCCESS (ZE_RESULT_SUCCESS) in zeDeviceGetProperties(hDevice=0x366b3f28, pDeviceProperties={stype=0x73ba6a91c068, type=0x73ba6a91c078, vendorId=32902, deviceId=57868, flags=8, subdeviceId=0, coreClockRate=2750, maxMemAllocSize=10132807680, maxHardwareContexts=65536, maxCommandQueuePriority=0, numThreadsPerEU=8, physicalEUSimdWidth=16, numEUsPerSubslice=8, numSubslicesPerSlice=4, numSlices=5, timerResolution=52, timestampValidBits=64, kernelTimestampValidBits=64, uuid={id=134}, name="Intel(R) Arc(TM) B570 Graphics"})
[2026-10-07 07:36:24.951] [thread-id: 127244797713600] [trace] zeMemAllocShared(hContext, device_desc, host_desc, size, alignment, hDevice, pptr)
[2026-10-07 07:36:24.951] [thread-id: 127244797713600] [trace] SUCCESS (ZE_RESULT_SUCCESS) in zeMemAllocShared(hContext=0x366ca738, device_desc={stype=0x7ffe686816b0, flags=0, ordinal=0}, host_desc={stype=0x7ffe68681690, flags=0}, size=1, alignment=0, hDevice=0x366b3f28, pptr=0x73ba6a900000)
[2026-10-07 07:36:24.951] [thread-id: 127244797713600] [trace] zeMemGetAllocProperties(hContext, ptr, pMemAllocProperties, phDevice)
[2026-10-07 07:36:24.951] [thread-id: 127244797713600] [trace] SUCCESS (ZE_RESULT_SUCCESS) in zeMemGetAllocProperties(hContext=0x366ca738, ptr=0x73ba6a900000, pMemAllocProperties={stype=0x7ffe686816b0, type=0x7ffe686816c0, id=10, pageSize=65536}, phDevice=nullptr)
[2026-10-07 07:36:24.951] [thread-id: 127244797713600] [trace] zeMemFreeExt(hContext, pMemFreeDesc, ptr)
[2026-10-07 07:36:24.952] [thread-id: 127244797713600] [trace] SUCCESS (ZE_RESULT_SUCCESS) in zeMemFreeExt(hContext=0x366ca738, pMemFreeDesc={stype=0x7ffe68681690, freePolicy=1}, ptr=0x73ba6a900000)
   <--- urContextCreate(.DeviceCount = 1, .phDevices = 0x366c9ce0 {0x366c9040}, .pProperties = nullptr, .phContext = 0x366cbc40 (0x366cdb90)) -> UR_RESULT_SUCCESS;
   ---> urQueueCreate
<LEVEL_ZERO>[INFO]: Copy offload is disabled by the environment variable.
<LEVEL_ZERO>[DEBUG]: create command list ordinal: 0, type: immediate, device: 0x366b3f28, inOrder: 1
[2026-10-07 07:36:24.952] [thread-id: 127244797713600] [trace] zeCommandListCreateImmediate(hContext, hDevice, altdesc, phCommandList)
[2026-10-07 07:36:24.953] [thread-id: 127244797713600] [trace] SUCCESS (ZE_RESULT_SUCCESS) in zeCommandListCreateImmediate(hContext=0x366ca738, hDevice=0x366b3f28, altdesc={stype=0x7ffe68681bb0, ordinal=0, index=0, flags=2, mode=0x7ffe68681bcc, priority=0x7ffe68681bd0}, phCommandList=0x366d1d88)
[2026-10-07 07:36:24.953] [thread-id: 127244797713600] [trace] zeDriverGetExtensionFunctionAddress(hDriver, name, ppFunctionAddress)
[2026-10-07 07:36:24.953] [thread-id: 127244797713600] [trace] SUCCESS (ZE_RESULT_SUCCESS) in zeDriverGetExtensionFunctionAddress(hDriver=0x366b39c8, name="zexCounterBasedEventCreate2", ppFunctionAddress=0x73ba78df6c00)
   <--- urQueueCreate(.hContext = 0x366cdb90, .hDevice = 0x366c9040, .pProperties = 0x7ffe68682190 ((struct ur_queue_properties_t){.stype = UR_STRUCTURE_TYPE_QUEUE_PROPERTIES, .pNext = nullptr, .flags = 0}), .phQueue = 0x7ffe686821a8 (0x366d10a0)) -> UR_RESULT_SUCCESS;
   ---> urDeviceGetInfo
[2026-10-07 07:36:24.954] [thread-id: 127244797713600] [trace] zeDeviceGetMemoryAccessProperties(hDevice, pMemAccessProperties)
[2026-10-07 07:36:24.954] [thread-id: 127244797713600] [trace] SUCCESS (ZE_RESULT_SUCCESS) in zeDeviceGetMemoryAccessProperties(hDevice=0x366b3f28, pMemAccessProperties={stype=0x366c9420, hostAllocCapabilities=3, deviceAllocCapabilities=3, sharedSingleDeviceAllocCapabilities=3, sharedCrossDeviceAllocCapabilities=0, sharedSystemAllocCapabilities=15})
   <--- urDeviceGetInfo(.hDevice = 0x366c9040, .propName = UR_DEVICE_INFO_USM_DEVICE_SUPPORT, .propSize = 4, .pPropValue = 0x7ffe68681ff4 (UR_DEVICE_USM_ACCESS_CAPABILITY_FLAG_ACCESS | UR_DEVICE_USM_ACCESS_CAPABILITY_FLAG_ATOMIC_ACCESS), .pPropSizeRet = nullptr) -> UR_RESULT_SUCCESS;
   ---> urUSMDeviceAlloc
[2026-10-07 07:36:24.954] [thread-id: 127244797713600] [trace] zeMemAllocDevice(hContext, device_desc, size, alignment, hDevice, pptr)
[2026-10-07 07:36:24.954] [thread-id: 127244797713600] [trace] SUCCESS (ZE_RESULT_SUCCESS) in zeMemAllocDevice(hContext=0x366ca738, device_desc={stype=0x7ffe68681c00, flags=0, ordinal=0}, size=65536, alignment=0, hDevice=0x366b3f28, pptr=0xffffffffff600000)
[2026-10-07 07:36:24.954] [thread-id: 127244797713600] [trace] zeContextMakeMemoryResident(hContext, hDevice, ptr, size)
[2026-10-07 07:36:24.954] [thread-id: 127244797713600] [trace] SUCCESS (ZE_RESULT_SUCCESS) in zeContextMakeMemoryResident(hContext=0x366ca738, hDevice=0x366b3f28, ptr=0xffffffffff600000, size=65536)
   <--- urUSMDeviceAlloc(.hContext = 0x366cdb90, .hDevice = 0x366c9040, .pUSMDesc = 0x7ffe68682160 ((struct ur_usm_desc_t){.stype = UR_STRUCTURE_TYPE_CONTEXT_PROPERTIES, .pNext = nullptr, .hints = 0, .align = 4}), .pool = nullptr, .size = 65536, .ppMem = 0x7ffe68682178 (0xffffffffff600000)) -> UR_RESULT_SUCCESS;
   ---> urEnqueueUSMMemcpy
<LEVEL_ZERO>[DEBUG]: ze_event_pool_desc_t flags set to: 1
[2026-10-07 07:36:24.954] [thread-id: 127244797713600] [trace] zexCounterBasedEventCreate2(hContext, hDevice, desc, phEvent)
[2026-10-07 07:36:24.954] [thread-id: 127244797713600] [trace] SUCCESS (ZE_RESULT_SUCCESS) in zexCounterBasedEventCreate2(hContext=0x366ca738, hDevice=0x366b3f28, desc=0x7ffe68681bb0, phEvent=0x36702a68)
<LEVEL_ZERO>[DEBUG]: ze_event_pool_desc_t flags set to: 1
[2026-10-07 07:36:24.954] [thread-id: 127244797713600] [trace] zexCounterBasedEventCreate2(hContext, hDevice, desc, phEvent)
[2026-10-07 07:36:24.954] [thread-id: 127244797713600] [trace] SUCCESS (ZE_RESULT_SUCCESS) in zexCounterBasedEventCreate2(hContext=0x366ca738, hDevice=0x366b3f28, desc=0x7ffe68681bb0, phEvent=0x36702e08)
<LEVEL_ZERO>[DEBUG]: ze_event_pool_desc_t flags set to: 1
[2026-10-07 07:36:24.954] [thread-id: 127244797713600] [trace] zexCounterBasedEventCreate2(hContext, hDevice, desc, phEvent)
[2026-10-07 07:36:24.954] [thread-id: 127244797713600] [trace] SUCCESS (ZE_RESULT_SUCCESS) in zexCounterBasedEventCreate2(hContext=0x366ca738, hDevice=0x366b3f28, desc=0x7ffe68681bb0, phEvent=0x36703528)
<LEVEL_ZERO>[DEBUG]: ze_event_pool_desc_t flags set to: 1
[2026-10-07 07:36:24.954] [thread-id: 127244797713600] [trace] zexCounterBasedEventCreate2(hContext, hDevice, desc, phEvent)
[2026-10-07 07:36:24.954] [thread-id: 127244797713600] [trace] SUCCESS (ZE_RESULT_SUCCESS) in zexCounterBasedEventCreate2(hContext=0x366ca738, hDevice=0x366b3f28, desc=0x7ffe68681bb0, phEvent=0x36703a68)
<LEVEL_ZERO>[DEBUG]: ze_event_pool_desc_t flags set to: 1
[2026-10-07 07:36:24.954] [thread-id: 127244797713600] [trace] zexCounterBasedEventCreate2(hContext, hDevice, desc, phEvent)
[2026-10-07 07:36:24.954] [thread-id: 127244797713600] [trace] SUCCESS (ZE_RESULT_SUCCESS) in zexCounterBasedEventCreate2(hContext=0x366ca738, hDevice=0x366b3f28, desc=0x7ffe68681bb0, phEvent=0x36704168)
<LEVEL_ZERO>[DEBUG]: ze_event_pool_desc_t flags set to: 1
[2026-10-07 07:36:24.954] [thread-id: 127244797713600] [trace] zexCounterBasedEventCreate2(hContext, hDevice, desc, phEvent)
[2026-10-07 07:36:24.954] [thread-id: 127244797713600] [trace] SUCCESS (ZE_RESULT_SUCCESS) in zexCounterBasedEventCreate2(hContext=0x366ca738, hDevice=0x366b3f28, desc=0x7ffe68681bb0, phEvent=0x367046c8)
<LEVEL_ZERO>[DEBUG]: ze_event_pool_desc_t flags set to: 1
[2026-10-07 07:36:24.954] [thread-id: 127244797713600] [trace] zexCounterBasedEventCreate2(hContext, hDevice, desc, phEvent)
[2026-10-07 07:36:24.954] [thread-id: 127244797713600] [trace] SUCCESS (ZE_RESULT_SUCCESS) in zexCounterBasedEventCreate2(hContext=0x366ca738, hDevice=0x366b3f28, desc=0x7ffe68681bb0, phEvent=0x36704dc8)
<LEVEL_ZERO>[DEBUG]: ze_event_pool_desc_t flags set to: 1
[2026-10-07 07:36:24.954] [thread-id: 127244797713600] [trace] zexCounterBasedEventCreate2(hContext, hDevice, desc, phEvent)
[2026-10-07 07:36:24.954] [thread-id: 127244797713600] [trace] SUCCESS (ZE_RESULT_SUCCESS) in zexCounterBasedEventCreate2(hContext=0x366ca738, hDevice=0x366b3f28, desc=0x7ffe68681bb0, phEvent=0x367052d8)
<LEVEL_ZERO>[DEBUG]: ze_event_pool_desc_t flags set to: 1
[2026-10-07 07:36:24.954] [thread-id: 127244797713600] [trace] zexCounterBasedEventCreate2(hContext, hDevice, desc, phEvent)
[2026-10-07 07:36:24.954] [thread-id: 127244797713600] [trace] SUCCESS (ZE_RESULT_SUCCESS) in zexCounterBasedEventCreate2(hContext=0x366ca738, hDevice=0x366b3f28, desc=0x7ffe68681bb0, phEvent=0x367059d8)
<LEVEL_ZERO>[DEBUG]: ze_event_pool_desc_t flags set to: 1
[2026-10-07 07:36:24.954] [thread-id: 127244797713600] [trace] zexCounterBasedEventCreate2(hContext, hDevice, desc, phEvent)
[2026-10-07 07:36:24.954] [thread-id: 127244797713600] [trace] SUCCESS (ZE_RESULT_SUCCESS) in zexCounterBasedEventCreate2(hContext=0x366ca738, hDevice=0x366b3f28, desc=0x7ffe68681bb0, phEvent=0x36705ee8)
<LEVEL_ZERO>[DEBUG]: ze_event_pool_desc_t flags set to: 1
[2026-10-07 07:36:24.954] [thread-id: 127244797713600] [trace] zexCounterBasedEventCreate2(hContext, hDevice, desc, phEvent)
[2026-10-07 07:36:24.954] [thread-id: 127244797713600] [trace] SUCCESS (ZE_RESULT_SUCCESS) in zexCounterBasedEventCreate2(hContext=0x366ca738, hDevice=0x366b3f28, desc=0x7ffe68681bb0, phEvent=0x367065e8)
<LEVEL_ZERO>[DEBUG]: ze_event_pool_desc_t flags set to: 1
[2026-10-07 07:36:24.954] [thread-id: 127244797713600] [trace] zexCounterBasedEventCreate2(hContext, hDevice, desc, phEvent)
[2026-10-07 07:36:24.954] [thread-id: 127244797713600] [trace] SUCCESS (ZE_RESULT_SUCCESS) in zexCounterBasedEventCreate2(hContext=0x366ca738, hDevice=0x366b3f28, desc=0x7ffe68681bb0, phEvent=0x36706b98)
<LEVEL_ZERO>[DEBUG]: ze_event_pool_desc_t flags set to: 1
[2026-10-07 07:36:24.954] [thread-id: 127244797713600] [trace] zexCounterBasedEventCreate2(hContext, hDevice, desc, phEvent)
[2026-10-07 07:36:24.954] [thread-id: 127244797713600] [trace] SUCCESS (ZE_RESULT_SUCCESS) in zexCounterBasedEventCreate2(hContext=0x366ca738, hDevice=0x366b3f28, desc=0x7ffe68681bb0, phEvent=0x36707298)
<LEVEL_ZERO>[DEBUG]: ze_event_pool_desc_t flags set to: 1
[2026-10-07 07:36:24.954] [thread-id: 127244797713600] [trace] zexCounterBasedEventCreate2(hContext, hDevice, desc, phEvent)
[2026-10-07 07:36:24.954] [thread-id: 127244797713600] [trace] SUCCESS (ZE_RESULT_SUCCESS) in zexCounterBasedEventCreate2(hContext=0x366ca738, hDevice=0x366b3f28, desc=0x7ffe68681bb0, phEvent=0x367077a8)
<LEVEL_ZERO>[DEBUG]: ze_event_pool_desc_t flags set to: 1
[2026-10-07 07:36:24.954] [thread-id: 127244797713600] [trace] zexCounterBasedEventCreate2(hContext, hDevice, desc, phEvent)
[2026-10-07 07:36:24.954] [thread-id: 127244797713600] [trace] SUCCESS (ZE_RESULT_SUCCESS) in zexCounterBasedEventCreate2(hContext=0x366ca738, hDevice=0x366b3f28, desc=0x7ffe68681bb0, phEvent=0x36707ea8)
<LEVEL_ZERO>[DEBUG]: ze_event_pool_desc_t flags set to: 1
[2026-10-07 07:36:24.954] [thread-id: 127244797713600] [trace] zexCounterBasedEventCreate2(hContext, hDevice, desc, phEvent)
[2026-10-07 07:36:24.954] [thread-id: 127244797713600] [trace] SUCCESS (ZE_RESULT_SUCCESS) in zexCounterBasedEventCreate2(hContext=0x366ca738, hDevice=0x366b3f28, desc=0x7ffe68681bb0, phEvent=0x367083b8)
<LEVEL_ZERO>[DEBUG]: ze_event_pool_desc_t flags set to: 1
[2026-10-07 07:36:24.954] [thread-id: 127244797713600] [trace] zexCounterBasedEventCreate2(hContext, hDevice, desc, phEvent)
[2026-10-07 07:36:24.954] [thread-id: 127244797713600] [trace] SUCCESS (ZE_RESULT_SUCCESS) in zexCounterBasedEventCreate2(hContext=0x366ca738, hDevice=0x366b3f28, desc=0x7ffe68681bb0, phEvent=0x36708ab8)
<LEVEL_ZERO>[DEBUG]: ze_event_pool_desc_t flags set to: 1
[2026-10-07 07:36:24.954] [thread-id: 127244797713600] [trace] zexCounterBasedEventCreate2(hContext, hDevice, desc, phEvent)
[2026-10-07 07:36:24.955] [thread-id: 127244797713600] [trace] SUCCESS (ZE_RESULT_SUCCESS) in zexCounterBasedEventCreate2(hContext=0x366ca738, hDevice=0x366b3f28, desc=0x7ffe68681bb0, phEvent=0x367090d8)
<LEVEL_ZERO>[DEBUG]: ze_event_pool_desc_t flags set to: 1
[2026-10-07 07:36:24.955] [thread-id: 127244797713600] [trace] zexCounterBasedEventCreate2(hContext, hDevice, desc, phEvent)
[2026-10-07 07:36:24.955] [thread-id: 127244797713600] [trace] SUCCESS (ZE_RESULT_SUCCESS) in zexCounterBasedEventCreate2(hContext=0x366ca738, hDevice=0x366b3f28, desc=0x7ffe68681bb0, phEvent=0x367097d8)
<LEVEL_ZERO>[DEBUG]: ze_event_pool_desc_t flags set to: 1
[2026-10-07 07:36:24.955] [thread-id: 127244797713600] [trace] zexCounterBasedEventCreate2(hContext, hDevice, desc, phEvent)
[2026-10-07 07:36:24.955] [thread-id: 127244797713600] [trace] SUCCESS (ZE_RESULT_SUCCESS) in zexCounterBasedEventCreate2(hContext=0x366ca738, hDevice=0x366b3f28, desc=0x7ffe68681bb0, phEvent=0x36709ce8)
<LEVEL_ZERO>[DEBUG]: ze_event_pool_desc_t flags set to: 1
[2026-10-07 07:36:24.955] [thread-id: 127244797713600] [trace] zexCounterBasedEventCreate2(hContext, hDevice, desc, phEvent)
[2026-10-07 07:36:24.955] [thread-id: 127244797713600] [trace] SUCCESS (ZE_RESULT_SUCCESS) in zexCounterBasedEventCreate2(hContext=0x366ca738, hDevice=0x366b3f28, desc=0x7ffe68681bb0, phEvent=0x3670a3e8)
<LEVEL_ZERO>[DEBUG]: ze_event_pool_desc_t flags set to: 1
[2026-10-07 07:36:24.955] [thread-id: 127244797713600] [trace] zexCounterBasedEventCreate2(hContext, hDevice, desc, phEvent)
[2026-10-07 07:36:24.955] [thread-id: 127244797713600] [trace] SUCCESS (ZE_RESULT_SUCCESS) in zexCounterBasedEventCreate2(hContext=0x366ca738, hDevice=0x366b3f28, desc=0x7ffe68681bb0, phEvent=0x3670a8f8)
<LEVEL_ZERO>[DEBUG]: ze_event_pool_desc_t flags set to: 1
[2026-10-07 07:36:24.955] [thread-id: 127244797713600] [trace] zexCounterBasedEventCreate2(hContext, hDevice, desc, phEvent)
[2026-10-07 07:36:24.955] [thread-id: 127244797713600] [trace] SUCCESS (ZE_RESULT_SUCCESS) in zexCounterBasedEventCreate2(hContext=0x366ca738, hDevice=0x366b3f28, desc=0x7ffe68681bb0, phEvent=0x3670aff8)
<LEVEL_ZERO>[DEBUG]: ze_event_pool_desc_t flags set to: 1
[2026-10-07 07:36:24.955] [thread-id: 127244797713600] [trace] zexCounterBasedEventCreate2(hContext, hDevice, desc, phEvent)
[2026-10-07 07:36:24.955] [thread-id: 127244797713600] [trace] SUCCESS (ZE_RESULT_SUCCESS) in zexCounterBasedEventCreate2(hContext=0x366ca738, hDevice=0x366b3f28, desc=0x7ffe68681bb0, phEvent=0x3670b508)
<LEVEL_ZERO>[DEBUG]: ze_event_pool_desc_t flags set to: 1
[2026-10-07 07:36:24.955] [thread-id: 127244797713600] [trace] zexCounterBasedEventCreate2(hContext, hDevice, desc, phEvent)
[2026-10-07 07:36:24.955] [thread-id: 127244797713600] [trace] SUCCESS (ZE_RESULT_SUCCESS) in zexCounterBasedEventCreate2(hContext=0x366ca738, hDevice=0x366b3f28, desc=0x7ffe68681bb0, phEvent=0x3670bd48)
<LEVEL_ZERO>[DEBUG]: ze_event_pool_desc_t flags set to: 1
[2026-10-07 07:36:24.955] [thread-id: 127244797713600] [trace] zexCounterBasedEventCreate2(hContext, hDevice, desc, phEvent)
[2026-10-07 07:36:24.955] [thread-id: 127244797713600] [trace] SUCCESS (ZE_RESULT_SUCCESS) in zexCounterBasedEventCreate2(hContext=0x366ca738, hDevice=0x366b3f28, desc=0x7ffe68681bb0, phEvent=0x3670c258)
<LEVEL_ZERO>[DEBUG]: ze_event_pool_desc_t flags set to: 1
[2026-10-07 07:36:24.955] [thread-id: 127244797713600] [trace] zexCounterBasedEventCreate2(hContext, hDevice, desc, phEvent)
[2026-10-07 07:36:24.955] [thread-id: 127244797713600] [trace] SUCCESS (ZE_RESULT_SUCCESS) in zexCounterBasedEventCreate2(hContext=0x366ca738, hDevice=0x366b3f28, desc=0x7ffe68681bb0, phEvent=0x3670c958)
<LEVEL_ZERO>[DEBUG]: ze_event_pool_desc_t flags set to: 1
[2026-10-07 07:36:24.955] [thread-id: 127244797713600] [trace] zexCounterBasedEventCreate2(hContext, hDevice, desc, phEvent)
[2026-10-07 07:36:24.955] [thread-id: 127244797713600] [trace] SUCCESS (ZE_RESULT_SUCCESS) in zexCounterBasedEventCreate2(hContext=0x366ca738, hDevice=0x366b3f28, desc=0x7ffe68681bb0, phEvent=0x3670ce68)
<LEVEL_ZERO>[DEBUG]: ze_event_pool_desc_t flags set to: 1
[2026-10-07 07:36:24.955] [thread-id: 127244797713600] [trace] zexCounterBasedEventCreate2(hContext, hDevice, desc, phEvent)
[2026-10-07 07:36:24.955] [thread-id: 127244797713600] [trace] SUCCESS (ZE_RESULT_SUCCESS) in zexCounterBasedEventCreate2(hContext=0x366ca738, hDevice=0x366b3f28, desc=0x7ffe68681bb0, phEvent=0x3670d568)
<LEVEL_ZERO>[DEBUG]: ze_event_pool_desc_t flags set to: 1
[2026-10-07 07:36:24.955] [thread-id: 127244797713600] [trace] zexCounterBasedEventCreate2(hContext, hDevice, desc, phEvent)
[2026-10-07 07:36:24.955] [thread-id: 127244797713600] [trace] SUCCESS (ZE_RESULT_SUCCESS) in zexCounterBasedEventCreate2(hContext=0x366ca738, hDevice=0x366b3f28, desc=0x7ffe68681bb0, phEvent=0x3670da78)
<LEVEL_ZERO>[DEBUG]: ze_event_pool_desc_t flags set to: 1
[2026-10-07 07:36:24.955] [thread-id: 127244797713600] [trace] zexCounterBasedEventCreate2(hContext, hDevice, desc, phEvent)
[2026-10-07 07:36:24.955] [thread-id: 127244797713600] [trace] SUCCESS (ZE_RESULT_SUCCESS) in zexCounterBasedEventCreate2(hContext=0x366ca738, hDevice=0x366b3f28, desc=0x7ffe68681bb0, phEvent=0x3670e178)
<LEVEL_ZERO>[DEBUG]: ze_event_pool_desc_t flags set to: 1
[2026-10-07 07:36:24.955] [thread-id: 127244797713600] [trace] zexCounterBasedEventCreate2(hContext, hDevice, desc, phEvent)
[2026-10-07 07:36:24.955] [thread-id: 127244797713600] [trace] SUCCESS (ZE_RESULT_SUCCESS) in zexCounterBasedEventCreate2(hContext=0x366ca738, hDevice=0x366b3f28, desc=0x7ffe68681bb0, phEvent=0x3670e688)
<LEVEL_ZERO>[DEBUG]: ze_event_pool_desc_t flags set to: 1
[2026-10-07 07:36:24.955] [thread-id: 127244797713600] [trace] zexCounterBasedEventCreate2(hContext, hDevice, desc, phEvent)
[2026-10-07 07:36:24.955] [thread-id: 127244797713600] [trace] SUCCESS (ZE_RESULT_SUCCESS) in zexCounterBasedEventCreate2(hContext=0x366ca738, hDevice=0x366b3f28, desc=0x7ffe68681bb0, phEvent=0x3670ed88)
<LEVEL_ZERO>[DEBUG]: ze_event_pool_desc_t flags set to: 1
[2026-10-07 07:36:24.955] [thread-id: 127244797713600] [trace] zexCounterBasedEventCreate2(hContext, hDevice, desc, phEvent)
[2026-10-07 07:36:24.955] [thread-id: 127244797713600] [trace] SUCCESS (ZE_RESULT_SUCCESS) in zexCounterBasedEventCreate2(hContext=0x366ca738, hDevice=0x366b3f28, desc=0x7ffe68681bb0, phEvent=0x3670f4a8)
<LEVEL_ZERO>[DEBUG]: ze_event_pool_desc_t flags set to: 1
[2026-10-07 07:36:24.955] [thread-id: 127244797713600] [trace] zexCounterBasedEventCreate2(hContext, hDevice, desc, phEvent)
[2026-10-07 07:36:24.955] [thread-id: 127244797713600] [trace] SUCCESS (ZE_RESULT_SUCCESS) in zexCounterBasedEventCreate2(hContext=0x366ca738, hDevice=0x366b3f28, desc=0x7ffe68681bb0, phEvent=0x3670fba8)
<LEVEL_ZERO>[DEBUG]: ze_event_pool_desc_t flags set to: 1
[2026-10-07 07:36:24.955] [thread-id: 127244797713600] [trace] zexCounterBasedEventCreate2(hContext, hDevice, desc, phEvent)
[2026-10-07 07:36:24.955] [thread-id: 127244797713600] [trace] SUCCESS (ZE_RESULT_SUCCESS) in zexCounterBasedEventCreate2(hContext=0x366ca738, hDevice=0x366b3f28, desc=0x7ffe68681bb0, phEvent=0x367100b8)
<LEVEL_ZERO>[DEBUG]: ze_event_pool_desc_t flags set to: 1
[2026-10-07 07:36:24.955] [thread-id: 127244797713600] [trace] zexCounterBasedEventCreate2(hContext, hDevice, desc, phEvent)
[2026-10-07 07:36:24.955] [thread-id: 127244797713600] [trace] SUCCESS (ZE_RESULT_SUCCESS) in zexCounterBasedEventCreate2(hContext=0x366ca738, hDevice=0x366b3f28, desc=0x7ffe68681bb0, phEvent=0x367107b8)
<LEVEL_ZERO>[DEBUG]: ze_event_pool_desc_t flags set to: 1
[2026-10-07 07:36:24.955] [thread-id: 127244797713600] [trace] zexCounterBasedEventCreate2(hContext, hDevice, desc, phEvent)
[2026-10-07 07:36:24.955] [thread-id: 127244797713600] [trace] SUCCESS (ZE_RESULT_SUCCESS) in zexCounterBasedEventCreate2(hContext=0x366ca738, hDevice=0x366b3f28, desc=0x7ffe68681bb0, phEvent=0x36710cc8)
<LEVEL_ZERO>[DEBUG]: ze_event_pool_desc_t flags set to: 1
[2026-10-07 07:36:24.955] [thread-id: 127244797713600] [trace] zexCounterBasedEventCreate2(hContext, hDevice, desc, phEvent)
[2026-10-07 07:36:24.955] [thread-id: 127244797713600] [trace] SUCCESS (ZE_RESULT_SUCCESS) in zexCounterBasedEventCreate2(hContext=0x366ca738, hDevice=0x366b3f28, desc=0x7ffe68681bb0, phEvent=0x367113c8)
<LEVEL_ZERO>[DEBUG]: ze_event_pool_desc_t flags set to: 1
[2026-10-07 07:36:24.955] [thread-id: 127244797713600] [trace] zexCounterBasedEventCreate2(hContext, hDevice, desc, phEvent)
[2026-10-07 07:36:24.955] [thread-id: 127244797713600] [trace] SUCCESS (ZE_RESULT_SUCCESS) in zexCounterBasedEventCreate2(hContext=0x366ca738, hDevice=0x366b3f28, desc=0x7ffe68681bb0, phEvent=0x367118d8)
<LEVEL_ZERO>[DEBUG]: ze_event_pool_desc_t flags set to: 1
[2026-10-07 07:36:24.955] [thread-id: 127244797713600] [trace] zexCounterBasedEventCreate2(hContext, hDevice, desc, phEvent)
[2026-10-07 07:36:24.955] [thread-id: 127244797713600] [trace] SUCCESS (ZE_RESULT_SUCCESS) in zexCounterBasedEventCreate2(hContext=0x366ca738, hDevice=0x366b3f28, desc=0x7ffe68681bb0, phEvent=0x36711fd8)
<LEVEL_ZERO>[DEBUG]: ze_event_pool_desc_t flags set to: 1
[2026-10-07 07:36:24.955] [thread-id: 127244797713600] [trace] zexCounterBasedEventCreate2(hContext, hDevice, desc, phEvent)
[2026-10-07 07:36:24.955] [thread-id: 127244797713600] [trace] SUCCESS (ZE_RESULT_SUCCESS) in zexCounterBasedEventCreate2(hContext=0x366ca738, hDevice=0x366b3f28, desc=0x7ffe68681bb0, phEvent=0x367124e8)
<LEVEL_ZERO>[DEBUG]: ze_event_pool_desc_t flags set to: 1
[2026-10-07 07:36:24.955] [thread-id: 127244797713600] [trace] zexCounterBasedEventCreate2(hContext, hDevice, desc, phEvent)
[2026-10-07 07:36:24.955] [thread-id: 127244797713600] [trace] SUCCESS (ZE_RESULT_SUCCESS) in zexCounterBasedEventCreate2(hContext=0x366ca738, hDevice=0x366b3f28, desc=0x7ffe68681bb0, phEvent=0x36712be8)
<LEVEL_ZERO>[DEBUG]: ze_event_pool_desc_t flags set to: 1
[2026-10-07 07:36:24.955] [thread-id: 127244797713600] [trace] zexCounterBasedEventCreate2(hContext, hDevice, desc, phEvent)
[2026-10-07 07:36:24.955] [thread-id: 127244797713600] [trace] SUCCESS (ZE_RESULT_SUCCESS) in zexCounterBasedEventCreate2(hContext=0x366ca738, hDevice=0x366b3f28, desc=0x7ffe68681bb0, phEvent=0x367130f8)
<LEVEL_ZERO>[DEBUG]: ze_event_pool_desc_t flags set to: 1
[2026-10-07 07:36:24.955] [thread-id: 127244797713600] [trace] zexCounterBasedEventCreate2(hContext, hDevice, desc, phEvent)
[2026-10-07 07:36:24.955] [thread-id: 127244797713600] [trace] SUCCESS (ZE_RESULT_SUCCESS) in zexCounterBasedEventCreate2(hContext=0x366ca738, hDevice=0x366b3f28, desc=0x7ffe68681bb0, phEvent=0x367137f8)
<LEVEL_ZERO>[DEBUG]: ze_event_pool_desc_t flags set to: 1
[2026-10-07 07:36:24.956] [thread-id: 127244797713600] [trace] zexCounterBasedEventCreate2(hContext, hDevice, desc, phEvent)
[2026-10-07 07:36:24.956] [thread-id: 127244797713600] [trace] SUCCESS (ZE_RESULT_SUCCESS) in zexCounterBasedEventCreate2(hContext=0x366ca738, hDevice=0x366b3f28, desc=0x7ffe68681bb0, phEvent=0x36713d08)
<LEVEL_ZERO>[DEBUG]: ze_event_pool_desc_t flags set to: 1
[2026-10-07 07:36:24.956] [thread-id: 127244797713600] [trace] zexCounterBasedEventCreate2(hContext, hDevice, desc, phEvent)
[2026-10-07 07:36:24.956] [thread-id: 127244797713600] [trace] SUCCESS (ZE_RESULT_SUCCESS) in zexCounterBasedEventCreate2(hContext=0x366ca738, hDevice=0x366b3f28, desc=0x7ffe68681bb0, phEvent=0x36714408)
<LEVEL_ZERO>[DEBUG]: ze_event_pool_desc_t flags set to: 1
[2026-10-07 07:36:24.956] [thread-id: 127244797713600] [trace] zexCounterBasedEventCreate2(hContext, hDevice, desc, phEvent)
[2026-10-07 07:36:24.956] [thread-id: 127244797713600] [trace] SUCCESS (ZE_RESULT_SUCCESS) in zexCounterBasedEventCreate2(hContext=0x366ca738, hDevice=0x366b3f28, desc=0x7ffe68681bb0, phEvent=0x36714918)
<LEVEL_ZERO>[DEBUG]: ze_event_pool_desc_t flags set to: 1
[2026-10-07 07:36:24.956] [thread-id: 127244797713600] [trace] zexCounterBasedEventCreate2(hContext, hDevice, desc, phEvent)
[2026-10-07 07:36:24.956] [thread-id: 127244797713600] [trace] SUCCESS (ZE_RESULT_SUCCESS) in zexCounterBasedEventCreate2(hContext=0x366ca738, hDevice=0x366b3f28, desc=0x7ffe68681bb0, phEvent=0x36715018)
<LEVEL_ZERO>[DEBUG]: ze_event_pool_desc_t flags set to: 1
[2026-10-07 07:36:24.956] [thread-id: 127244797713600] [trace] zexCounterBasedEventCreate2(hContext, hDevice, desc, phEvent)
[2026-10-07 07:36:24.956] [thread-id: 127244797713600] [trace] SUCCESS (ZE_RESULT_SUCCESS) in zexCounterBasedEventCreate2(hContext=0x366ca738, hDevice=0x366b3f28, desc=0x7ffe68681bb0, phEvent=0x36715528)
<LEVEL_ZERO>[DEBUG]: ze_event_pool_desc_t flags set to: 1
[2026-10-07 07:36:24.956] [thread-id: 127244797713600] [trace] zexCounterBasedEventCreate2(hContext, hDevice, desc, phEvent)
[2026-10-07 07:36:24.956] [thread-id: 127244797713600] [trace] SUCCESS (ZE_RESULT_SUCCESS) in zexCounterBasedEventCreate2(hContext=0x366ca738, hDevice=0x366b3f28, desc=0x7ffe68681bb0, phEvent=0x36715c28)
<LEVEL_ZERO>[DEBUG]: ze_event_pool_desc_t flags set to: 1
[2026-10-07 07:36:24.956] [thread-id: 127244797713600] [trace] zexCounterBasedEventCreate2(hContext, hDevice, desc, phEvent)
[2026-10-07 07:36:24.956] [thread-id: 127244797713600] [trace] SUCCESS (ZE_RESULT_SUCCESS) in zexCounterBasedEventCreate2(hContext=0x366ca738, hDevice=0x366b3f28, desc=0x7ffe68681bb0, phEvent=0x36716138)
<LEVEL_ZERO>[DEBUG]: ze_event_pool_desc_t flags set to: 1
[2026-10-07 07:36:24.956] [thread-id: 127244797713600] [trace] zexCounterBasedEventCreate2(hContext, hDevice, desc, phEvent)
[2026-10-07 07:36:24.956] [thread-id: 127244797713600] [trace] SUCCESS (ZE_RESULT_SUCCESS) in zexCounterBasedEventCreate2(hContext=0x366ca738, hDevice=0x366b3f28, desc=0x7ffe68681bb0, phEvent=0x36716ab8)
<LEVEL_ZERO>[DEBUG]: ze_event_pool_desc_t flags set to: 1
[2026-10-07 07:36:24.956] [thread-id: 127244797713600] [trace] zexCounterBasedEventCreate2(hContext, hDevice, desc, phEvent)
[2026-10-07 07:36:24.956] [thread-id: 127244797713600] [trace] SUCCESS (ZE_RESULT_SUCCESS) in zexCounterBasedEventCreate2(hContext=0x366ca738, hDevice=0x366b3f28, desc=0x7ffe68681bb0, phEvent=0x36716fc8)
<LEVEL_ZERO>[DEBUG]: ze_event_pool_desc_t flags set to: 1
[2026-10-07 07:36:24.956] [thread-id: 127244797713600] [trace] zexCounterBasedEventCreate2(hContext, hDevice, desc, phEvent)
[2026-10-07 07:36:24.956] [thread-id: 127244797713600] [trace] SUCCESS (ZE_RESULT_SUCCESS) in zexCounterBasedEventCreate2(hContext=0x366ca738, hDevice=0x366b3f28, desc=0x7ffe68681bb0, phEvent=0x367176c8)
<LEVEL_ZERO>[DEBUG]: ze_event_pool_desc_t flags set to: 1
[2026-10-07 07:36:24.956] [thread-id: 127244797713600] [trace] zexCounterBasedEventCreate2(hContext, hDevice, desc, phEvent)
[2026-10-07 07:36:24.956] [thread-id: 127244797713600] [trace] SUCCESS (ZE_RESULT_SUCCESS) in zexCounterBasedEventCreate2(hContext=0x366ca738, hDevice=0x366b3f28, desc=0x7ffe68681bb0, phEvent=0x36717bd8)
<LEVEL_ZERO>[DEBUG]: ze_event_pool_desc_t flags set to: 1
[2026-10-07 07:36:24.956] [thread-id: 127244797713600] [trace] zexCounterBasedEventCreate2(hContext, hDevice, desc, phEvent)
[2026-10-07 07:36:24.956] [thread-id: 127244797713600] [trace] SUCCESS (ZE_RESULT_SUCCESS) in zexCounterBasedEventCreate2(hContext=0x366ca738, hDevice=0x366b3f28, desc=0x7ffe68681bb0, phEvent=0x367182d8)
<LEVEL_ZERO>[DEBUG]: ze_event_pool_desc_t flags set to: 1
[2026-10-07 07:36:24.956] [thread-id: 127244797713600] [trace] zexCounterBasedEventCreate2(hContext, hDevice, desc, phEvent)
[2026-10-07 07:36:24.956] [thread-id: 127244797713600] [trace] SUCCESS (ZE_RESULT_SUCCESS) in zexCounterBasedEventCreate2(hContext=0x366ca738, hDevice=0x366b3f28, desc=0x7ffe68681bb0, phEvent=0x367187e8)
<LEVEL_ZERO>[DEBUG]: ze_event_pool_desc_t flags set to: 1
[2026-10-07 07:36:24.956] [thread-id: 127244797713600] [trace] zexCounterBasedEventCreate2(hContext, hDevice, desc, phEvent)
[2026-10-07 07:36:24.956] [thread-id: 127244797713600] [trace] SUCCESS (ZE_RESULT_SUCCESS) in zexCounterBasedEventCreate2(hContext=0x366ca738, hDevice=0x366b3f28, desc=0x7ffe68681bb0, phEvent=0x36718ee8)
<LEVEL_ZERO>[DEBUG]: ze_event_pool_desc_t flags set to: 1
[2026-10-07 07:36:24.956] [thread-id: 127244797713600] [trace] zexCounterBasedEventCreate2(hContext, hDevice, desc, phEvent)
[2026-10-07 07:36:24.956] [thread-id: 127244797713600] [trace] SUCCESS (ZE_RESULT_SUCCESS) in zexCounterBasedEventCreate2(hContext=0x366ca738, hDevice=0x366b3f28, desc=0x7ffe68681bb0, phEvent=0x367193f8)
<LEVEL_ZERO>[DEBUG]: ze_event_pool_desc_t flags set to: 1
[2026-10-07 07:36:24.956] [thread-id: 127244797713600] [trace] zexCounterBasedEventCreate2(hContext, hDevice, desc, phEvent)
[2026-10-07 07:36:24.956] [thread-id: 127244797713600] [trace] SUCCESS (ZE_RESULT_SUCCESS) in zexCounterBasedEventCreate2(hContext=0x366ca738, hDevice=0x366b3f28, desc=0x7ffe68681bb0, phEvent=0x36719af8)
<LEVEL_ZERO>[DEBUG]: ze_event_pool_desc_t flags set to: 1
[2026-10-07 07:36:24.956] [thread-id: 127244797713600] [trace] zexCounterBasedEventCreate2(hContext, hDevice, desc, phEvent)
[2026-10-07 07:36:24.956] [thread-id: 127244797713600] [trace] SUCCESS (ZE_RESULT_SUCCESS) in zexCounterBasedEventCreate2(hContext=0x366ca738, hDevice=0x366b3f28, desc=0x7ffe68681bb0, phEvent=0x3671a008)
<LEVEL_ZERO>[DEBUG]: ze_event_pool_desc_t flags set to: 1
[2026-10-07 07:36:24.956] [thread-id: 127244797713600] [trace] zexCounterBasedEventCreate2(hContext, hDevice, desc, phEvent)
[2026-10-07 07:36:24.956] [thread-id: 127244797713600] [trace] SUCCESS (ZE_RESULT_SUCCESS) in zexCounterBasedEventCreate2(hContext=0x366ca738, hDevice=0x366b3f28, desc=0x7ffe68681bb0, phEvent=0x3671a708)
<LEVEL_ZERO>[DEBUG]: ze_event_pool_desc_t flags set to: 1
[2026-10-07 07:36:24.956] [thread-id: 127244797713600] [trace] zexCounterBasedEventCreate2(hContext, hDevice, desc, phEvent)
[2026-10-07 07:36:24.956] [thread-id: 127244797713600] [trace] SUCCESS (ZE_RESULT_SUCCESS) in zexCounterBasedEventCreate2(hContext=0x366ca738, hDevice=0x366b3f28, desc=0x7ffe68681bb0, phEvent=0x3671ac18)
[2026-10-07 07:36:24.956] [thread-id: 127244797713600] [trace] zeCommandListAppendMemoryCopy(hCommandList, dstptr, srcptr, size, hSignalEvent, numWaitEvents, phWaitEventsLocal)
[2026-10-07 07:36:24.960] [thread-id: 127244797713600] [trace] SUCCESS (ZE_RESULT_SUCCESS) in zeCommandListAppendMemoryCopy(hCommandList=0x366d1d88, dstptr=0xffffffffff600000, srcptr=0x366e28a0, size=65536, hSignalEvent=0x3671ac18, numWaitEvents=0, phWaitEvents=nullptr)
   <--- urEnqueueUSMMemcpy(.hQueue = 0x366d10a0, .blocking = 0, .pDst = 0xffffffffff600000, .pSrc = 0x366e28a0, .size = 65536, .numEventsInWaitList = 0, .phEventWaitList = nullptr, .phEvent = 0x7ffe686821b0 (0x3671a600)) -> UR_RESULT_SUCCESS;
   ---> urEventWait
[2026-10-07 07:36:24.960] [thread-id: 127244797713600] [trace] zeEventHostSynchronize(hEvent, timeout)
[2026-10-07 07:36:24.960] [thread-id: 127244797713600] [trace] SUCCESS (ZE_RESULT_SUCCESS) in zeEventHostSynchronize(hEvent=0x3671ac18, timeout=18446744073709551615)
   <--- urEventWait(.numEvents = 1, .phEventWaitList = 0x7ffe68682200 {0x3671a600}) -> UR_RESULT_SUCCESS;
   ---> urEventRelease
   <--- urEventRelease(.hEvent = 0x3671a600) -> UR_RESULT_SUCCESS;
   ---> urDeviceGetInfo
[2026-10-07 07:36:24.960] [thread-id: 127244797713600] [trace] zeDeviceGetComputeProperties(hDevice, pComputeProperties)
[2026-10-07 07:36:24.960] [thread-id: 127244797713600] [trace] SUCCESS (ZE_RESULT_SUCCESS) in zeDeviceGetComputeProperties(hDevice=0x366b3f28, pComputeProperties={stype=0x366c9280, maxTotalGroupSize=1024, maxGroupSizeX=1024, maxGroupSizeY=1024, maxGroupSizeZ=1024, maxGroupCountX=4294967295, maxGroupCountY=4294967295, maxGroupCountZ=4294967295, maxSharedLocalMemory=131072, numSubGroupSizes=2, subGroupSizes=16})
   <--- urDeviceGetInfo(.hDevice = 0x366c9040, .propName = UR_DEVICE_INFO_MAX_WORK_GROUPS_3D, .propSize = 24, .pPropValue = {4294967295, 4294967295, 4294967295}, .pPropSizeRet = nullptr) -> UR_RESULT_SUCCESS;
   ---> urDeviceSelectBinary
   <--- urDeviceSelectBinary(.hDevice = 0x366c9040, .pBinaries = 0x36743a50 ((struct ur_device_binary_t){.stype = UR_STRUCTURE_TYPE_CONTEXT_PROPERTIES, .pNext = nullptr, .pDeviceTargetSpec = 0x73ba7fd763c0 (spir64)}), .NumBinaries = 1, .pSelectedBinary = 0x7ffe6868170c (0)) -> UR_RESULT_SUCCESS;
   ---> urPlatformGetBackendOption
   <--- urPlatformGetBackendOption(.hPlatform = 0x366c7810, .pFrontendOption = 0x7ffe68681218 (-O2), .ppPlatformOption = 0x7ffe686811e8 (0x73ba7cde4975 (-ze-opt-level=2))) -> UR_RESULT_SUCCESS;
   ---> urDeviceGetInfo
   <--- urDeviceGetInfo(.hDevice = 0x366c9040, .propName = UR_DEVICE_INFO_VENDOR_ID, .propSize = 4, .pPropValue = 0x7ffe68681168 (32902), .pPropSizeRet = nullptr) -> UR_RESULT_SUCCESS;
   ---> urDeviceGetInfo
   <--- urDeviceGetInfo(.hDevice = 0x366c9040, .propName = UR_DEVICE_INFO_DEVICE_ID, .propSize = 0, .pPropValue = nullptr, .pPropSizeRet = 0x7ffe68680ff0 (4)) -> UR_RESULT_SUCCESS;
   ---> urDeviceGetInfo
   <--- urDeviceGetInfo(.hDevice = 0x366c9040, .propName = UR_DEVICE_INFO_DEVICE_ID, .propSize = 4, .pPropValue = 0x7ffe68681138 (57868), .pPropSizeRet = nullptr) -> UR_RESULT_SUCCESS;
   ---> urDeviceGetInfo
   <--- urDeviceGetInfo(.hDevice = 0x366c9040, .propName = UR_DEVICE_INFO_COMPILER_AVAILABLE, .propSize = 1, .pPropValue = 0x7ffe686811d0 (true), .pPropSizeRet = nullptr) -> UR_RESULT_SUCCESS;
   ---> urProgramCreateWithIL
   <--- urProgramCreateWithIL(.hContext = 0x366cdb90, .pIL = 0x415b20, .length = 2080, .pProperties = nullptr, .phProgram = 0x7ffe686812f0 (0x3670ba10)) -> UR_RESULT_SUCCESS;
   ---> urProgramBuildExp
[2026-10-07 07:36:24.960] [thread-id: 127244797713600] [trace] zeModuleCreate(hContext, hDevice, desc, phModule, phBuildLog)
[2026-10-07 07:36:24.961] [thread-id: 127244797713600] [trace] SUCCESS (ZE_RESULT_SUCCESS) in zeModuleCreate(hContext=0x366ca738, hDevice=0x366b3f28, desc={stype=0x7ffe68680f70, format=0x7ffe68680f80, inputSize=2080, pInputModule=3, pBuildFlags=" -ze-opt-level=2", pConstants={numConstants=0, pConstantIds=nullptr, pConstantValues=nullptr}}, phModule=0x3671ed18, phBuildLog=0x36744818)
[2026-10-07 07:36:24.961] [thread-id: 127244797713600] [trace] zeModuleGetProperties(hModule, pModuleProperties)
[2026-10-07 07:36:24.961] [thread-id: 127244797713600] [trace] SUCCESS (ZE_RESULT_SUCCESS) in zeModuleGetProperties(hModule=0x3671ed18, pModuleProperties={stype=0x7ffe68680ee0, flags=0})
   <--- urProgramBuildExp(.hProgram = 0x3670ba10, .numDevices = 1, .phDevices = 0x36743a50 {0x366c9040}, .flags = 0, .pOptions = 0x36743a70 ( -ze-opt-level=2)) -> UR_RESULT_SUCCESS;
   ---> urProgramRetain
   <--- urProgramRetain(.hProgram = 0x3670ba10) -> UR_RESULT_SUCCESS;
   ---> urKernelCreate
[2026-10-07 07:36:24.961] [thread-id: 127244797713600] [trace] zeKernelCreate(hModule, desc, phKernel)
[2026-10-07 07:36:24.961] [thread-id: 127244797713600] [trace] SUCCESS (ZE_RESULT_SUCCESS) in zeKernelCreate(hModule=0x3671ed18, desc={stype=0x7ffe68681600, flags=0, pKernelName="_ZTSZ4mainEUlN4sycl3_V12idILi1EEEE_"}, phKernel=0x3675b748)
[2026-10-07 07:36:24.961] [thread-id: 127244797713600] [trace] zeKernelGetName(hKernel, pSize, pName)
[2026-10-07 07:36:24.961] [thread-id: 127244797713600] [trace] SUCCESS (ZE_RESULT_SUCCESS) in zeKernelGetName(hKernel=0x3675b748, pSize=36, pName=nullptr)
[2026-10-07 07:36:24.961] [thread-id: 127244797713600] [trace] zeKernelGetName(hKernel, pSize, pName)
[2026-10-07 07:36:24.961] [thread-id: 127244797713600] [trace] SUCCESS (ZE_RESULT_SUCCESS) in zeKernelGetName(hKernel=0x3675b748, pSize=36, pName="_ZTSZ4mainEUlN4sycl3_V12idILi1EEEE_")
[2026-10-07 07:36:24.961] [thread-id: 127244797713600] [trace] zeKernelGetProperties(hKernel, pKernelProperties)
[2026-10-07 07:36:24.961] [thread-id: 127244797713600] [trace] SUCCESS (ZE_RESULT_SUCCESS) in zeKernelGetProperties(hKernel=0x3675b748, pKernelProperties={stype=0x3673cb48, numKernelArgs=1, requiredGroupSizeX=0, requiredGroupSizeY=0, requiredGroupSizeZ=0, requiredNumSubGroups=0, requiredSubgroupSize=0, maxSubgroupSize=32, maxNumSubgroups=32, localMemSize=0, privateMemSize=0, spillMemSize=0, uuid={kid=0, mid=0}})
   <--- urKernelCreate(.hProgram = 0x3670ba10, .pKernelName = 0x4131d2 (_ZTSZ4mainEUlN4sycl3_V12idILi1EEEE_), .phKernel = 0x7ffe68681920 (0x36756d40)) -> UR_RESULT_SUCCESS;
   ---> urKernelSetExecInfo
[2026-10-07 07:36:24.961] [thread-id: 127244797713600] [trace] zeKernelSetIndirectAccess(hKernel, flags)
[2026-10-07 07:36:24.961] [thread-id: 127244797713600] [trace] SUCCESS (ZE_RESULT_SUCCESS) in zeKernelSetIndirectAccess(hKernel=0x3675b748, flags=7)
   <--- urKernelSetExecInfo(.hKernel = 0x36756d40, .propName = UR_KERNEL_EXEC_INFO_USM_INDIRECT_ACCESS, .propSize = 1, .pProperties = nullptr, .pPropValue = 0x7ffe6868191f (true)) -> UR_RESULT_SUCCESS;
   ---> urKernelRetain
   <--- urKernelRetain(.hKernel = 0x36756d40) -> UR_RESULT_SUCCESS;
   ---> urKernelGetGroupInfo
   <--- urKernelGetGroupInfo(.hKernel = 0x36756d40, .hDevice = 0x366c9040, .propName = UR_KERNEL_GROUP_INFO_COMPILE_WORK_GROUP_SIZE, .propSize = 24, .pPropValue = {0, 0, 0}, .pPropSizeRet = nullptr) -> UR_RESULT_SUCCESS;
   ---> urEnqueueKernelLaunchWithArgsExp
[2026-10-07 07:36:24.961] [thread-id: 127244797713600] [trace] zeKernelSuggestGroupSize(hKernel, globalSizeX, globalSizeY, globalSizeZ, groupSizeX, groupSizeY, groupSizeZ)
[2026-10-07 07:36:24.961] [thread-id: 127244797713600] [trace] SUCCESS (ZE_RESULT_SUCCESS) in zeKernelSuggestGroupSize(hKernel=0x3675b748, globalSizeX=16384, globalSizeY=1, globalSizeZ=1, groupSizeX=1024, groupSizeY=1, groupSizeZ=1)
[2026-10-07 07:36:24.961] [thread-id: 127244797713600] [trace] zeKernelSetGroupSize(hKernel, groupSizeX, groupSizeY, groupSizeZ)
[2026-10-07 07:36:24.961] [thread-id: 127244797713600] [trace] SUCCESS (ZE_RESULT_SUCCESS) in zeKernelSetGroupSize(hKernel=0x3675b748, groupSizeX=1024, groupSizeY=1, groupSizeZ=1)
[2026-10-07 07:36:24.962] [thread-id: 127244797713600] [trace] zeCommandListAppendLaunchKernelWithArguments(hCommandList, hKernel, groupCounts, groupSizes, pArguments, pNext, hSignalEvent, numWaitEvents, phWaitEventsLocal)
[2026-10-07 07:36:24.962] [thread-id: 127244797713600] [trace] SUCCESS (ZE_RESULT_SUCCESS) in zeCommandListAppendLaunchKernelWithArguments(hCommandList=0x366d1d88, hKernel=0x3675b748, groupCounts={groupCountX=16, groupCountY=1, groupCountZ=1}, groupSizes={groupSizeX=1024, groupSizeY=1, groupSizeZ=1}, pArguments=0x3675be90, pNext=nullptr, hSignalEvent=0x3671ac18, numWaitEvents=0, phWaitEvents=nullptr)
   <--- urEnqueueKernelLaunchWithArgsExp(.hQueue = 0x366d10a0, .hKernel = 0x36756d40, .workDim = 1, .pGlobalWorkOffset = nullptr, .pGlobalWorkSize = 0x7ffe686820e0 (16384), .pLocalWorkSize = nullptr, .numArgs = 1, .pArgs = 0x367578d0 {(struct ur_exp_kernel_arg_properties_t){.stype = UR_STRUCTURE_TYPE_EXP_KERNEL_ARG_PROPERTIES, .pNext = nullptr, .type = UR_EXP_KERNEL_ARG_TYPE_POINTER, .index = 0, .size = 8, .value = (union ur_exp_kernel_arg_value_t){.pointer = 0xffffffffff600000}}}, .launchPropList = nullptr, .numEventsInWaitList = 0, .phEventWaitList = nullptr, .phEvent = 0x7ffe68681b00 (0x3671a600)) -> UR_RESULT_SUCCESS;
   ---> urEventWait
[2026-10-07 07:36:24.963] [thread-id: 127244797713600] [trace] zeEventHostSynchronize(hEvent, timeout)
[2026-10-07 07:36:24.963] [thread-id: 127244797713600] [trace] SUCCESS (ZE_RESULT_SUCCESS) in zeEventHostSynchronize(hEvent=0x3671ac18, timeout=18446744073709551615)
   <--- urEventWait(.numEvents = 1, .phEventWaitList = 0x7ffe68682200 {0x3671a600}) -> UR_RESULT_SUCCESS;
   ---> urEventRelease
   <--- urEventRelease(.hEvent = 0x3671a600) -> UR_RESULT_SUCCESS;
   ---> urEnqueueUSMMemcpy
[2026-10-07 07:36:24.963] [thread-id: 127244797713600] [trace] zeCommandListAppendMemoryCopy(hCommandList, dstptr, srcptr, size, hSignalEvent, numWaitEvents, phWaitEventsLocal)
[2026-10-07 07:36:24.963] [thread-id: 127244797713600] [trace] SUCCESS (ZE_RESULT_SUCCESS) in zeCommandListAppendMemoryCopy(hCommandList=0x366d1d88, dstptr=0x366f28b0, srcptr=0xffffffffff600000, size=65536, hSignalEvent=0x3671ac18, numWaitEvents=0, phWaitEvents=nullptr)
   <--- urEnqueueUSMMemcpy(.hQueue = 0x366d10a0, .blocking = 0, .pDst = 0x366f28b0, .pSrc = 0xffffffffff600000, .size = 65536, .numEventsInWaitList = 0, .phEventWaitList = nullptr, .phEvent = 0x7ffe686821b0 (0x3671a600)) -> UR_RESULT_SUCCESS;
   ---> urEventWait
[2026-10-07 07:36:24.963] [thread-id: 127244797713600] [trace] zeEventHostSynchronize(hEvent, timeout)
[2026-10-07 07:36:24.963] [thread-id: 127244797713600] [trace] SUCCESS (ZE_RESULT_SUCCESS) in zeEventHostSynchronize(hEvent=0x3671ac18, timeout=18446744073709551615)
   <--- urEventWait(.numEvents = 1, .phEventWaitList = 0x7ffe68682200 {0x3671a600}) -> UR_RESULT_SUCCESS;
   ---> urEventRelease
   <--- urEventRelease(.hEvent = 0x3671a600) -> UR_RESULT_SUCCESS;
   ---> urEnqueueUSMMemcpy
[2026-10-07 07:36:24.963] [thread-id: 127244797713600] [trace] zeCommandListAppendMemoryCopy(hCommandList, dstptr, srcptr, size, hSignalEvent, numWaitEvents, phWaitEventsLocal)
[2026-10-07 07:36:24.963] [thread-id: 127244797713600] [trace] SUCCESS (ZE_RESULT_SUCCESS) in zeCommandListAppendMemoryCopy(hCommandList=0x366d1d88, dstptr=0xffffffffff600000, srcptr=0x366e28a0, size=65536, hSignalEvent=0x3671ac18, numWaitEvents=0, phWaitEvents=nullptr)
   <--- urEnqueueUSMMemcpy(.hQueue = 0x366d10a0, .blocking = 0, .pDst = 0xffffffffff600000, .pSrc = 0x366e28a0, .size = 65536, .numEventsInWaitList = 0, .phEventWaitList = nullptr, .phEvent = 0x7ffe686821b0 (0x3671a600)) -> UR_RESULT_SUCCESS;
   ---> urEventWait
[2026-10-07 07:36:24.963] [thread-id: 127244797713600] [trace] zeEventHostSynchronize(hEvent, timeout)
[2026-10-07 07:36:24.963] [thread-id: 127244797713600] [trace] SUCCESS (ZE_RESULT_SUCCESS) in zeEventHostSynchronize(hEvent=0x3671ac18, timeout=18446744073709551615)
   <--- urEventWait(.numEvents = 1, .phEventWaitList = 0x7ffe68682200 {0x3671a600}) -> UR_RESULT_SUCCESS;
   ---> urEventRelease
   <--- urEventRelease(.hEvent = 0x3671a600) -> UR_RESULT_SUCCESS;
   ---> urDeviceGetInfo
   <--- urDeviceGetInfo(.hDevice = 0x366c9040, .propName = UR_DEVICE_INFO_MAX_WORK_GROUPS_3D, .propSize = 24, .pPropValue = {4294967295, 4294967295, 4294967295}, .pPropSizeRet = nullptr) -> UR_RESULT_SUCCESS;
   ---> urKernelGetGroupInfo
   <--- urKernelGetGroupInfo(.hKernel = 0x36756d40, .hDevice = 0x366c9040, .propName = UR_KERNEL_GROUP_INFO_COMPILE_WORK_GROUP_SIZE, .propSize = 24, .pPropValue = {0, 0, 0}, .pPropSizeRet = nullptr) -> UR_RESULT_SUCCESS;
   ---> urEnqueueKernelLaunchWithArgsExp
[2026-10-07 07:36:24.963] [thread-id: 127244797713600] [trace] zeKernelSuggestGroupSize(hKernel, globalSizeX, globalSizeY, globalSizeZ, groupSizeX, groupSizeY, groupSizeZ)
[2026-10-07 07:36:24.963] [thread-id: 127244797713600] [trace] SUCCESS (ZE_RESULT_SUCCESS) in zeKernelSuggestGroupSize(hKernel=0x3675b748, globalSizeX=16384, globalSizeY=1, globalSizeZ=1, groupSizeX=1024, groupSizeY=1, groupSizeZ=1)
[2026-10-07 07:36:24.963] [thread-id: 127244797713600] [trace] zeKernelSetGroupSize(hKernel, groupSizeX, groupSizeY, groupSizeZ)
[2026-10-07 07:36:24.963] [thread-id: 127244797713600] [trace] SUCCESS (ZE_RESULT_SUCCESS) in zeKernelSetGroupSize(hKernel=0x3675b748, groupSizeX=1024, groupSizeY=1, groupSizeZ=1)
[2026-10-07 07:36:24.963] [thread-id: 127244797713600] [trace] zeCommandListAppendLaunchKernelWithArguments(hCommandList, hKernel, groupCounts, groupSizes, pArguments, pNext, hSignalEvent, numWaitEvents, phWaitEventsLocal)
[2026-10-07 07:36:24.963] [thread-id: 127244797713600] [trace] SUCCESS (ZE_RESULT_SUCCESS) in zeCommandListAppendLaunchKernelWithArguments(hCommandList=0x366d1d88, hKernel=0x3675b748, groupCounts={groupCountX=16, groupCountY=1, groupCountZ=1}, groupSizes={groupSizeX=1024, groupSizeY=1, groupSizeZ=1}, pArguments=0x3675be90, pNext=nullptr, hSignalEvent=0x3671ac18, numWaitEvents=0, phWaitEvents=nullptr)
   <--- urEnqueueKernelLaunchWithArgsExp(.hQueue = 0x366d10a0, .hKernel = 0x36756d40, .workDim = 1, .pGlobalWorkOffset = nullptr, .pGlobalWorkSize = 0x7ffe686820e0 (16384), .pLocalWorkSize = nullptr, .numArgs = 1, .pArgs = 0x367578d0 {(struct ur_exp_kernel_arg_properties_t){.stype = UR_STRUCTURE_TYPE_EXP_KERNEL_ARG_PROPERTIES, .pNext = nullptr, .type = UR_EXP_KERNEL_ARG_TYPE_POINTER, .index = 0, .size = 8, .value = (union ur_exp_kernel_arg_value_t){.pointer = 0xffffffffff600000}}}, .launchPropList = nullptr, .numEventsInWaitList = 0, .phEventWaitList = nullptr, .phEvent = 0x7ffe68681b00 (0x3671a600)) -> UR_RESULT_SUCCESS;
   ---> urEventWait
[2026-10-07 07:36:24.963] [thread-id: 127244797713600] [trace] zeEventHostSynchronize(hEvent, timeout)
[2026-10-07 07:36:24.963] [thread-id: 127244797713600] [trace] SUCCESS (ZE_RESULT_SUCCESS) in zeEventHostSynchronize(hEvent=0x3671ac18, timeout=18446744073709551615)
   <--- urEventWait(.numEvents = 1, .phEventWaitList = 0x7ffe68682200 {0x3671a600}) -> UR_RESULT_SUCCESS;
   ---> urEventRelease
   <--- urEventRelease(.hEvent = 0x3671a600) -> UR_RESULT_SUCCESS;
   ---> urEnqueueUSMMemcpy
[2026-10-07 07:36:24.963] [thread-id: 127244797713600] [trace] zeCommandListAppendMemoryCopy(hCommandList, dstptr, srcptr, size, hSignalEvent, numWaitEvents, phWaitEventsLocal)
[2026-10-07 07:36:24.963] [thread-id: 127244797713600] [trace] SUCCESS (ZE_RESULT_SUCCESS) in zeCommandListAppendMemoryCopy(hCommandList=0x366d1d88, dstptr=0x366f28b0, srcptr=0xffffffffff600000, size=65536, hSignalEvent=0x3671ac18, numWaitEvents=0, phWaitEvents=nullptr)
   <--- urEnqueueUSMMemcpy(.hQueue = 0x366d10a0, .blocking = 0, .pDst = 0x366f28b0, .pSrc = 0xffffffffff600000, .size = 65536, .numEventsInWaitList = 0, .phEventWaitList = nullptr, .phEvent = 0x7ffe686821b0 (0x3671a600)) -> UR_RESULT_SUCCESS;
   ---> urEventWait
[2026-10-07 07:36:24.963] [thread-id: 127244797713600] [trace] zeEventHostSynchronize(hEvent, timeout)
[2026-10-07 07:36:24.963] [thread-id: 127244797713600] [trace] SUCCESS (ZE_RESULT_SUCCESS) in zeEventHostSynchronize(hEvent=0x3671ac18, timeout=18446744073709551615)
   <--- urEventWait(.numEvents = 1, .phEventWaitList = 0x7ffe68682200 {0x3671a600}) -> UR_RESULT_SUCCESS;
   ---> urEventRelease
   <--- urEventRelease(.hEvent = 0x3671a600) -> UR_RESULT_SUCCESS;
   ---> urEnqueueUSMMemcpy
[2026-10-07 07:36:24.963] [thread-id: 127244797713600] [trace] zeCommandListAppendMemoryCopy(hCommandList, dstptr, srcptr, size, hSignalEvent, numWaitEvents, phWaitEventsLocal)
[2026-10-07 07:36:24.963] [thread-id: 127244797713600] [trace] SUCCESS (ZE_RESULT_SUCCESS) in zeCommandListAppendMemoryCopy(hCommandList=0x366d1d88, dstptr=0xffffffffff600000, srcptr=0x366e28a0, size=65536, hSignalEvent=0x3671ac18, numWaitEvents=0, phWaitEvents=nullptr)
   <--- urEnqueueUSMMemcpy(.hQueue = 0x366d10a0, .blocking = 0, .pDst = 0xffffffffff600000, .pSrc = 0x366e28a0, .size = 65536, .numEventsInWaitList = 0, .phEventWaitList = nullptr, .phEvent = 0x7ffe686821b0 (0x3671a600)) -> UR_RESULT_SUCCESS;
   ---> urEventWait
[2026-10-07 07:36:24.964] [thread-id: 127244797713600] [trace] zeEventHostSynchronize(hEvent, timeout)
[2026-10-07 07:36:24.964] [thread-id: 127244797713600] [trace] SUCCESS (ZE_RESULT_SUCCESS) in zeEventHostSynchronize(hEvent=0x3671ac18, timeout=18446744073709551615)
   <--- urEventWait(.numEvents = 1, .phEventWaitList = 0x7ffe68682200 {0x3671a600}) -> UR_RESULT_SUCCESS;
   ---> urEventRelease
   <--- urEventRelease(.hEvent = 0x3671a600) -> UR_RESULT_SUCCESS;
   ---> urDeviceGetInfo
   <--- urDeviceGetInfo(.hDevice = 0x366c9040, .propName = UR_DEVICE_INFO_MAX_WORK_GROUPS_3D, .propSize = 24, .pPropValue = {4294967295, 4294967295, 4294967295}, .pPropSizeRet = nullptr) -> UR_RESULT_SUCCESS;
   ---> urKernelGetGroupInfo
   <--- urKernelGetGroupInfo(.hKernel = 0x36756d40, .hDevice = 0x366c9040, .propName = UR_KERNEL_GROUP_INFO_COMPILE_WORK_GROUP_SIZE, .propSize = 24, .pPropValue = {0, 0, 0}, .pPropSizeRet = nullptr) -> UR_RESULT_SUCCESS;
   ---> urEnqueueKernelLaunchWithArgsExp
[2026-10-07 07:36:24.964] [thread-id: 127244797713600] [trace] zeKernelSuggestGroupSize(hKernel, globalSizeX, globalSizeY, globalSizeZ, groupSizeX, groupSizeY, groupSizeZ)
[2026-10-07 07:36:24.964] [thread-id: 127244797713600] [trace] SUCCESS (ZE_RESULT_SUCCESS) in zeKernelSuggestGroupSize(hKernel=0x3675b748, globalSizeX=16384, globalSizeY=1, globalSizeZ=1, groupSizeX=1024, groupSizeY=1, groupSizeZ=1)
[2026-10-07 07:36:24.964] [thread-id: 127244797713600] [trace] zeKernelSetGroupSize(hKernel, groupSizeX, groupSizeY, groupSizeZ)
[2026-10-07 07:36:24.964] [thread-id: 127244797713600] [trace] SUCCESS (ZE_RESULT_SUCCESS) in zeKernelSetGroupSize(hKernel=0x3675b748, groupSizeX=1024, groupSizeY=1, groupSizeZ=1)
[2026-10-07 07:36:24.964] [thread-id: 127244797713600] [trace] zeCommandListAppendLaunchKernelWithArguments(hCommandList, hKernel, groupCounts, groupSizes, pArguments, pNext, hSignalEvent, numWaitEvents, phWaitEventsLocal)
[2026-10-07 07:36:24.964] [thread-id: 127244797713600] [trace] SUCCESS (ZE_RESULT_SUCCESS) in zeCommandListAppendLaunchKernelWithArguments(hCommandList=0x366d1d88, hKernel=0x3675b748, groupCounts={groupCountX=16, groupCountY=1, groupCountZ=1}, groupSizes={groupSizeX=1024, groupSizeY=1, groupSizeZ=1}, pArguments=0x3675be90, pNext=nullptr, hSignalEvent=0x3671ac18, numWaitEvents=0, phWaitEvents=nullptr)
   <--- urEnqueueKernelLaunchWithArgsExp(.hQueue = 0x366d10a0, .hKernel = 0x36756d40, .workDim = 1, .pGlobalWorkOffset = nullptr, .pGlobalWorkSize = 0x7ffe686820e0 (16384), .pLocalWorkSize = nullptr, .numArgs = 1, .pArgs = 0x367578d0 {(struct ur_exp_kernel_arg_properties_t){.stype = UR_STRUCTURE_TYPE_EXP_KERNEL_ARG_PROPERTIES, .pNext = nullptr, .type = UR_EXP_KERNEL_ARG_TYPE_POINTER, .index = 0, .size = 8, .value = (union ur_exp_kernel_arg_value_t){.pointer = 0xffffffffff600000}}}, .launchPropList = nullptr, .numEventsInWaitList = 0, .phEventWaitList = nullptr, .phEvent = 0x7ffe68681b00 (0x3671a600)) -> UR_RESULT_SUCCESS;
   ---> urEventWait
[2026-10-07 07:36:24.964] [thread-id: 127244797713600] [trace] zeEventHostSynchronize(hEvent, timeout)
[2026-10-07 07:36:24.964] [thread-id: 127244797713600] [trace] SUCCESS (ZE_RESULT_SUCCESS) in zeEventHostSynchronize(hEvent=0x3671ac18, timeout=18446744073709551615)
   <--- urEventWait(.numEvents = 1, .phEventWaitList = 0x7ffe68682200 {0x3671a600}) -> UR_RESULT_SUCCESS;
   ---> urEventRelease
   <--- urEventRelease(.hEvent = 0x3671a600) -> UR_RESULT_SUCCESS;
   ---> urEnqueueUSMMemcpy
[2026-10-07 07:36:24.964] [thread-id: 127244797713600] [trace] zeCommandListAppendMemoryCopy(hCommandList, dstptr, srcptr, size, hSignalEvent, numWaitEvents, phWaitEventsLocal)
[2026-10-07 07:36:24.964] [thread-id: 127244797713600] [trace] SUCCESS (ZE_RESULT_SUCCESS) in zeCommandListAppendMemoryCopy(hCommandList=0x366d1d88, dstptr=0x366f28b0, srcptr=0xffffffffff600000, size=65536, hSignalEvent=0x3671ac18, numWaitEvents=0, phWaitEvents=nullptr)
   <--- urEnqueueUSMMemcpy(.hQueue = 0x366d10a0, .blocking = 0, .pDst = 0x366f28b0, .pSrc = 0xffffffffff600000, .size = 65536, .numEventsInWaitList = 0, .phEventWaitList = nullptr, .phEvent = 0x7ffe686821b0 (0x3671a600)) -> UR_RESULT_SUCCESS;
   ---> urEventWait
[2026-10-07 07:36:24.964] [thread-id: 127244797713600] [trace] zeEventHostSynchronize(hEvent, timeout)
[2026-10-07 07:36:24.964] [thread-id: 127244797713600] [trace] SUCCESS (ZE_RESULT_SUCCESS) in zeEventHostSynchronize(hEvent=0x3671ac18, timeout=18446744073709551615)
   <--- urEventWait(.numEvents = 1, .phEventWaitList = 0x7ffe68682200 {0x3671a600}) -> UR_RESULT_SUCCESS;
   ---> urEventRelease
   <--- urEventRelease(.hEvent = 0x3671a600) -> UR_RESULT_SUCCESS;
   ---> urQueueFinish
[2026-10-07 07:36:24.964] [thread-id: 127244797713600] [trace] zeCommandListHostSynchronize(hCommandList, timeout)
[2026-10-07 07:36:24.964] [thread-id: 127244797713600] [trace] SUCCESS (ZE_RESULT_SUCCESS) in zeCommandListHostSynchronize(hCommandList=0x366d1d88, timeout=18446744073709551615)
   <--- urQueueFinish(.hQueue = 0x366d10a0) -> UR_RESULT_SUCCESS;
   ---> urUSMFree
   <--- urUSMFree(.hContext = 0x366cdb90, .pMem = 0xffffffffff600000) -> UR_RESULT_SUCCESS;
   ---> urQueueRelease
[2026-10-07 07:36:24.964] [thread-id: 127244797713600] [trace] zeCommandListHostSynchronize(hCommandList, timeout)
[2026-10-07 07:36:24.964] [thread-id: 127244797713600] [trace] SUCCESS (ZE_RESULT_SUCCESS) in zeCommandListHostSynchronize(hCommandList=0x366d1d88, timeout=18446744073709551615)
   <--- urQueueRelease(.hQueue = 0x366d10a0) -> UR_RESULT_SUCCESS;
   ---> urProgramRelease
   <--- urProgramRelease(.hProgram = 0x3670ba10) -> UR_RESULT_SUCCESS;
   ---> urKernelRelease
   <--- urKernelRelease(.hKernel = 0x36756d40) -> UR_RESULT_SUCCESS;
   ---> urProgramRelease
   <--- urProgramRelease(.hProgram = 0x3670ba10) -> UR_RESULT_SUCCESS;
   ---> urKernelRelease
[2026-10-07 07:36:24.964] [thread-id: 127244797713600] [trace] zeKernelDestroy(hKernel)
[2026-10-07 07:36:24.964] [thread-id: 127244797713600] [trace] SUCCESS (ZE_RESULT_SUCCESS) in zeKernelDestroy(hKernel=0x3675b748)
[2026-10-07 07:36:24.964] [thread-id: 127244797713600] [trace] zeModuleBuildLogDestroy(hModuleBuildLog)
[2026-10-07 07:36:24.964] [thread-id: 127244797713600] [trace] SUCCESS (ZE_RESULT_SUCCESS) in zeModuleBuildLogDestroy(hModuleBuildLog=0x36744818)
[2026-10-07 07:36:24.964] [thread-id: 127244797713600] [trace] zeModuleDestroy(hModule)
[2026-10-07 07:36:24.964] [thread-id: 127244797713600] [trace] SUCCESS (ZE_RESULT_SUCCESS) in zeModuleDestroy(hModule=0x3671ed18)
   <--- urKernelRelease(.hKernel = 0x36756d40) -> UR_RESULT_SUCCESS;
   ---> urContextRelease
[2026-10-07 07:36:24.964] [thread-id: 127244797713600] [trace] zeMemFreeExt(hContext, pMemFreeDesc, ptr)
[2026-10-07 07:36:24.965] [thread-id: 127244797713600] [trace] SUCCESS (ZE_RESULT_SUCCESS) in zeMemFreeExt(hContext=0x366ca738, pMemFreeDesc={stype=0x7ffe68681f40, freePolicy=1}, ptr=0xffffffffff600000)
[2026-10-07 07:36:24.965] [thread-id: 127244797713600] [trace] zeEventDestroy(hEvent)
[2026-10-07 07:36:24.965] [thread-id: 127244797713600] [trace] SUCCESS (ZE_RESULT_SUCCESS) in zeEventDestroy(hEvent=0x36703528)
[2026-10-07 07:36:24.965] [thread-id: 127244797713600] [trace] zeEventDestroy(hEvent)
[2026-10-07 07:36:24.965] [thread-id: 127244797713600] [trace] SUCCESS (ZE_RESULT_SUCCESS) in zeEventDestroy(hEvent=0x36703a68)
[2026-10-07 07:36:24.965] [thread-id: 127244797713600] [trace] zeEventDestroy(hEvent)
[2026-10-07 07:36:24.965] [thread-id: 127244797713600] [trace] SUCCESS (ZE_RESULT_SUCCESS) in zeEventDestroy(hEvent=0x36704168)
[2026-10-07 07:36:24.965] [thread-id: 127244797713600] [trace] zeEventDestroy(hEvent)
[2026-10-07 07:36:24.965] [thread-id: 127244797713600] [trace] SUCCESS (ZE_RESULT_SUCCESS) in zeEventDestroy(hEvent=0x367046c8)
[2026-10-07 07:36:24.965] [thread-id: 127244797713600] [trace] zeEventDestroy(hEvent)
[2026-10-07 07:36:24.965] [thread-id: 127244797713600] [trace] SUCCESS (ZE_RESULT_SUCCESS) in zeEventDestroy(hEvent=0x36704dc8)
[2026-10-07 07:36:24.965] [thread-id: 127244797713600] [trace] zeEventDestroy(hEvent)
[2026-10-07 07:36:24.965] [thread-id: 127244797713600] [trace] SUCCESS (ZE_RESULT_SUCCESS) in zeEventDestroy(hEvent=0x367052d8)
[2026-10-07 07:36:24.965] [thread-id: 127244797713600] [trace] zeEventDestroy(hEvent)
[2026-10-07 07:36:24.965] [thread-id: 127244797713600] [trace] SUCCESS (ZE_RESULT_SUCCESS) in zeEventDestroy(hEvent=0x367059d8)
[2026-10-07 07:36:24.965] [thread-id: 127244797713600] [trace] zeEventDestroy(hEvent)
[2026-10-07 07:36:24.965] [thread-id: 127244797713600] [trace] SUCCESS (ZE_RESULT_SUCCESS) in zeEventDestroy(hEvent=0x36705ee8)
[2026-10-07 07:36:24.965] [thread-id: 127244797713600] [trace] zeEventDestroy(hEvent)
[2026-10-07 07:36:24.965] [thread-id: 127244797713600] [trace] SUCCESS (ZE_RESULT_SUCCESS) in zeEventDestroy(hEvent=0x367065e8)
[2026-10-07 07:36:24.965] [thread-id: 127244797713600] [trace] zeEventDestroy(hEvent)
[2026-10-07 07:36:24.965] [thread-id: 127244797713600] [trace] SUCCESS (ZE_RESULT_SUCCESS) in zeEventDestroy(hEvent=0x36706b98)
[2026-10-07 07:36:24.965] [thread-id: 127244797713600] [trace] zeEventDestroy(hEvent)
[2026-10-07 07:36:24.965] [thread-id: 127244797713600] [trace] SUCCESS (ZE_RESULT_SUCCESS) in zeEventDestroy(hEvent=0x36707298)
[2026-10-07 07:36:24.965] [thread-id: 127244797713600] [trace] zeEventDestroy(hEvent)
[2026-10-07 07:36:24.965] [thread-id: 127244797713600] [trace] SUCCESS (ZE_RESULT_SUCCESS) in zeEventDestroy(hEvent=0x367077a8)
[2026-10-07 07:36:24.965] [thread-id: 127244797713600] [trace] zeEventDestroy(hEvent)
[2026-10-07 07:36:24.965] [thread-id: 127244797713600] [trace] SUCCESS (ZE_RESULT_SUCCESS) in zeEventDestroy(hEvent=0x36707ea8)
[2026-10-07 07:36:24.965] [thread-id: 127244797713600] [trace] zeEventDestroy(hEvent)
[2026-10-07 07:36:24.965] [thread-id: 127244797713600] [trace] SUCCESS (ZE_RESULT_SUCCESS) in zeEventDestroy(hEvent=0x367083b8)
[2026-10-07 07:36:24.965] [thread-id: 127244797713600] [trace] zeEventDestroy(hEvent)
[2026-10-07 07:36:24.965] [thread-id: 127244797713600] [trace] SUCCESS (ZE_RESULT_SUCCESS) in zeEventDestroy(hEvent=0x36708ab8)
[2026-10-07 07:36:24.965] [thread-id: 127244797713600] [trace] zeEventDestroy(hEvent)
[2026-10-07 07:36:24.965] [thread-id: 127244797713600] [trace] SUCCESS (ZE_RESULT_SUCCESS) in zeEventDestroy(hEvent=0x367090d8)
[2026-10-07 07:36:24.965] [thread-id: 127244797713600] [trace] zeEventDestroy(hEvent)
[2026-10-07 07:36:24.965] [thread-id: 127244797713600] [trace] SUCCESS (ZE_RESULT_SUCCESS) in zeEventDestroy(hEvent=0x367097d8)
[2026-10-07 07:36:24.965] [thread-id: 127244797713600] [trace] zeEventDestroy(hEvent)
[2026-10-07 07:36:24.965] [thread-id: 127244797713600] [trace] SUCCESS (ZE_RESULT_SUCCESS) in zeEventDestroy(hEvent=0x36709ce8)
[2026-10-07 07:36:24.965] [thread-id: 127244797713600] [trace] zeEventDestroy(hEvent)
[2026-10-07 07:36:24.965] [thread-id: 127244797713600] [trace] SUCCESS (ZE_RESULT_SUCCESS) in zeEventDestroy(hEvent=0x3670a3e8)
[2026-10-07 07:36:24.965] [thread-id: 127244797713600] [trace] zeEventDestroy(hEvent)
[2026-10-07 07:36:24.965] [thread-id: 127244797713600] [trace] SUCCESS (ZE_RESULT_SUCCESS) in zeEventDestroy(hEvent=0x3670a8f8)
[2026-10-07 07:36:24.965] [thread-id: 127244797713600] [trace] zeEventDestroy(hEvent)
[2026-10-07 07:36:24.965] [thread-id: 127244797713600] [trace] SUCCESS (ZE_RESULT_SUCCESS) in zeEventDestroy(hEvent=0x3670aff8)
[2026-10-07 07:36:24.965] [thread-id: 127244797713600] [trace] zeEventDestroy(hEvent)
[2026-10-07 07:36:24.965] [thread-id: 127244797713600] [trace] SUCCESS (ZE_RESULT_SUCCESS) in zeEventDestroy(hEvent=0x3670b508)
[2026-10-07 07:36:24.965] [thread-id: 127244797713600] [trace] zeEventDestroy(hEvent)
[2026-10-07 07:36:24.965] [thread-id: 127244797713600] [trace] SUCCESS (ZE_RESULT_SUCCESS) in zeEventDestroy(hEvent=0x3670bd48)
[2026-10-07 07:36:24.965] [thread-id: 127244797713600] [trace] zeEventDestroy(hEvent)
[2026-10-07 07:36:24.965] [thread-id: 127244797713600] [trace] SUCCESS (ZE_RESULT_SUCCESS) in zeEventDestroy(hEvent=0x3670c258)
[2026-10-07 07:36:24.965] [thread-id: 127244797713600] [trace] zeEventDestroy(hEvent)
[2026-10-07 07:36:24.965] [thread-id: 127244797713600] [trace] SUCCESS (ZE_RESULT_SUCCESS) in zeEventDestroy(hEvent=0x3670c958)
[2026-10-07 07:36:24.965] [thread-id: 127244797713600] [trace] zeEventDestroy(hEvent)
[2026-10-07 07:36:24.965] [thread-id: 127244797713600] [trace] SUCCESS (ZE_RESULT_SUCCESS) in zeEventDestroy(hEvent=0x3670ce68)
[2026-10-07 07:36:24.965] [thread-id: 127244797713600] [trace] zeEventDestroy(hEvent)
[2026-10-07 07:36:24.965] [thread-id: 127244797713600] [trace] SUCCESS (ZE_RESULT_SUCCESS) in zeEventDestroy(hEvent=0x3670d568)
[2026-10-07 07:36:24.965] [thread-id: 127244797713600] [trace] zeEventDestroy(hEvent)
[2026-10-07 07:36:24.965] [thread-id: 127244797713600] [trace] SUCCESS (ZE_RESULT_SUCCESS) in zeEventDestroy(hEvent=0x3670da78)
[2026-10-07 07:36:24.965] [thread-id: 127244797713600] [trace] zeEventDestroy(hEvent)
[2026-10-07 07:36:24.966] [thread-id: 127244797713600] [trace] SUCCESS (ZE_RESULT_SUCCESS) in zeEventDestroy(hEvent=0x3670e178)
[2026-10-07 07:36:24.966] [thread-id: 127244797713600] [trace] zeEventDestroy(hEvent)
[2026-10-07 07:36:24.966] [thread-id: 127244797713600] [trace] SUCCESS (ZE_RESULT_SUCCESS) in zeEventDestroy(hEvent=0x3670e688)
[2026-10-07 07:36:24.966] [thread-id: 127244797713600] [trace] zeEventDestroy(hEvent)
[2026-10-07 07:36:24.966] [thread-id: 127244797713600] [trace] SUCCESS (ZE_RESULT_SUCCESS) in zeEventDestroy(hEvent=0x3670ed88)
[2026-10-07 07:36:24.966] [thread-id: 127244797713600] [trace] zeEventDestroy(hEvent)
[2026-10-07 07:36:24.966] [thread-id: 127244797713600] [trace] SUCCESS (ZE_RESULT_SUCCESS) in zeEventDestroy(hEvent=0x3670f4a8)
[2026-10-07 07:36:24.966] [thread-id: 127244797713600] [trace] zeEventDestroy(hEvent)
[2026-10-07 07:36:24.966] [thread-id: 127244797713600] [trace] SUCCESS (ZE_RESULT_SUCCESS) in zeEventDestroy(hEvent=0x3670fba8)
[2026-10-07 07:36:24.966] [thread-id: 127244797713600] [trace] zeEventDestroy(hEvent)
[2026-10-07 07:36:24.966] [thread-id: 127244797713600] [trace] SUCCESS (ZE_RESULT_SUCCESS) in zeEventDestroy(hEvent=0x367100b8)
[2026-10-07 07:36:24.966] [thread-id: 127244797713600] [trace] zeEventDestroy(hEvent)
[2026-10-07 07:36:24.966] [thread-id: 127244797713600] [trace] SUCCESS (ZE_RESULT_SUCCESS) in zeEventDestroy(hEvent=0x367107b8)
[2026-10-07 07:36:24.966] [thread-id: 127244797713600] [trace] zeEventDestroy(hEvent)
[2026-10-07 07:36:24.966] [thread-id: 127244797713600] [trace] SUCCESS (ZE_RESULT_SUCCESS) in zeEventDestroy(hEvent=0x36710cc8)
[2026-10-07 07:36:24.966] [thread-id: 127244797713600] [trace] zeEventDestroy(hEvent)
[2026-10-07 07:36:24.966] [thread-id: 127244797713600] [trace] SUCCESS (ZE_RESULT_SUCCESS) in zeEventDestroy(hEvent=0x367113c8)
[2026-10-07 07:36:24.966] [thread-id: 127244797713600] [trace] zeEventDestroy(hEvent)
[2026-10-07 07:36:24.966] [thread-id: 127244797713600] [trace] SUCCESS (ZE_RESULT_SUCCESS) in zeEventDestroy(hEvent=0x367118d8)
[2026-10-07 07:36:24.966] [thread-id: 127244797713600] [trace] zeEventDestroy(hEvent)
[2026-10-07 07:36:24.966] [thread-id: 127244797713600] [trace] SUCCESS (ZE_RESULT_SUCCESS) in zeEventDestroy(hEvent=0x36711fd8)
[2026-10-07 07:36:24.966] [thread-id: 127244797713600] [trace] zeEventDestroy(hEvent)
[2026-10-07 07:36:24.966] [thread-id: 127244797713600] [trace] SUCCESS (ZE_RESULT_SUCCESS) in zeEventDestroy(hEvent=0x367124e8)
[2026-10-07 07:36:24.966] [thread-id: 127244797713600] [trace] zeEventDestroy(hEvent)
[2026-10-07 07:36:24.966] [thread-id: 127244797713600] [trace] SUCCESS (ZE_RESULT_SUCCESS) in zeEventDestroy(hEvent=0x36712be8)
[2026-10-07 07:36:24.966] [thread-id: 127244797713600] [trace] zeEventDestroy(hEvent)
[2026-10-07 07:36:24.966] [thread-id: 127244797713600] [trace] SUCCESS (ZE_RESULT_SUCCESS) in zeEventDestroy(hEvent=0x367130f8)
[2026-10-07 07:36:24.966] [thread-id: 127244797713600] [trace] zeEventDestroy(hEvent)
[2026-10-07 07:36:24.966] [thread-id: 127244797713600] [trace] SUCCESS (ZE_RESULT_SUCCESS) in zeEventDestroy(hEvent=0x367137f8)
[2026-10-07 07:36:24.966] [thread-id: 127244797713600] [trace] zeEventDestroy(hEvent)
[2026-10-07 07:36:24.966] [thread-id: 127244797713600] [trace] SUCCESS (ZE_RESULT_SUCCESS) in zeEventDestroy(hEvent=0x36713d08)
[2026-10-07 07:36:24.966] [thread-id: 127244797713600] [trace] zeEventDestroy(hEvent)
[2026-10-07 07:36:24.966] [thread-id: 127244797713600] [trace] SUCCESS (ZE_RESULT_SUCCESS) in zeEventDestroy(hEvent=0x36714408)
[2026-10-07 07:36:24.966] [thread-id: 127244797713600] [trace] zeEventDestroy(hEvent)
[2026-10-07 07:36:24.966] [thread-id: 127244797713600] [trace] SUCCESS (ZE_RESULT_SUCCESS) in zeEventDestroy(hEvent=0x36714918)
[2026-10-07 07:36:24.966] [thread-id: 127244797713600] [trace] zeEventDestroy(hEvent)
[2026-10-07 07:36:24.966] [thread-id: 127244797713600] [trace] SUCCESS (ZE_RESULT_SUCCESS) in zeEventDestroy(hEvent=0x36715018)
[2026-10-07 07:36:24.966] [thread-id: 127244797713600] [trace] zeEventDestroy(hEvent)
[2026-10-07 07:36:24.966] [thread-id: 127244797713600] [trace] SUCCESS (ZE_RESULT_SUCCESS) in zeEventDestroy(hEvent=0x36715528)
[2026-10-07 07:36:24.966] [thread-id: 127244797713600] [trace] zeEventDestroy(hEvent)
[2026-10-07 07:36:24.966] [thread-id: 127244797713600] [trace] SUCCESS (ZE_RESULT_SUCCESS) in zeEventDestroy(hEvent=0x36715c28)
[2026-10-07 07:36:24.966] [thread-id: 127244797713600] [trace] zeEventDestroy(hEvent)
[2026-10-07 07:36:24.966] [thread-id: 127244797713600] [trace] SUCCESS (ZE_RESULT_SUCCESS) in zeEventDestroy(hEvent=0x36716138)
[2026-10-07 07:36:24.966] [thread-id: 127244797713600] [trace] zeEventDestroy(hEvent)
[2026-10-07 07:36:24.966] [thread-id: 127244797713600] [trace] SUCCESS (ZE_RESULT_SUCCESS) in zeEventDestroy(hEvent=0x36716ab8)
[2026-10-07 07:36:24.966] [thread-id: 127244797713600] [trace] zeEventDestroy(hEvent)
[2026-10-07 07:36:24.966] [thread-id: 127244797713600] [trace] SUCCESS (ZE_RESULT_SUCCESS) in zeEventDestroy(hEvent=0x36716fc8)
[2026-10-07 07:36:24.966] [thread-id: 127244797713600] [trace] zeEventDestroy(hEvent)
[2026-10-07 07:36:24.966] [thread-id: 127244797713600] [trace] SUCCESS (ZE_RESULT_SUCCESS) in zeEventDestroy(hEvent=0x367176c8)
[2026-10-07 07:36:24.966] [thread-id: 127244797713600] [trace] zeEventDestroy(hEvent)
[2026-10-07 07:36:24.966] [thread-id: 127244797713600] [trace] SUCCESS (ZE_RESULT_SUCCESS) in zeEventDestroy(hEvent=0x36717bd8)
[2026-10-07 07:36:24.966] [thread-id: 127244797713600] [trace] zeEventDestroy(hEvent)
[2026-10-07 07:36:24.966] [thread-id: 127244797713600] [trace] SUCCESS (ZE_RESULT_SUCCESS) in zeEventDestroy(hEvent=0x367182d8)
[2026-10-07 07:36:24.966] [thread-id: 127244797713600] [trace] zeEventDestroy(hEvent)
[2026-10-07 07:36:24.966] [thread-id: 127244797713600] [trace] SUCCESS (ZE_RESULT_SUCCESS) in zeEventDestroy(hEvent=0x367187e8)
[2026-10-07 07:36:24.966] [thread-id: 127244797713600] [trace] zeEventDestroy(hEvent)
[2026-10-07 07:36:24.966] [thread-id: 127244797713600] [trace] SUCCESS (ZE_RESULT_SUCCESS) in zeEventDestroy(hEvent=0x36718ee8)
[2026-10-07 07:36:24.966] [thread-id: 127244797713600] [trace] zeEventDestroy(hEvent)
[2026-10-07 07:36:24.966] [thread-id: 127244797713600] [trace] SUCCESS (ZE_RESULT_SUCCESS) in zeEventDestroy(hEvent=0x367193f8)
[2026-10-07 07:36:24.966] [thread-id: 127244797713600] [trace] zeEventDestroy(hEvent)
[2026-10-07 07:36:24.966] [thread-id: 127244797713600] [trace] SUCCESS (ZE_RESULT_SUCCESS) in zeEventDestroy(hEvent=0x36719af8)
[2026-10-07 07:36:24.966] [thread-id: 127244797713600] [trace] zeEventDestroy(hEvent)
[2026-10-07 07:36:24.966] [thread-id: 127244797713600] [trace] SUCCESS (ZE_RESULT_SUCCESS) in zeEventDestroy(hEvent=0x3671a008)
[2026-10-07 07:36:24.966] [thread-id: 127244797713600] [trace] zeEventDestroy(hEvent)
[2026-10-07 07:36:24.966] [thread-id: 127244797713600] [trace] SUCCESS (ZE_RESULT_SUCCESS) in zeEventDestroy(hEvent=0x3671a708)
[2026-10-07 07:36:24.966] [thread-id: 127244797713600] [trace] zeEventDestroy(hEvent)
[2026-10-07 07:36:24.966] [thread-id: 127244797713600] [trace] SUCCESS (ZE_RESULT_SUCCESS) in zeEventDestroy(hEvent=0x3671ac18)
[2026-10-07 07:36:24.966] [thread-id: 127244797713600] [trace] zeEventDestroy(hEvent)
[2026-10-07 07:36:24.966] [thread-id: 127244797713600] [trace] SUCCESS (ZE_RESULT_SUCCESS) in zeEventDestroy(hEvent=0x36702a68)
[2026-10-07 07:36:24.966] [thread-id: 127244797713600] [trace] zeEventDestroy(hEvent)
[2026-10-07 07:36:24.966] [thread-id: 127244797713600] [trace] SUCCESS (ZE_RESULT_SUCCESS) in zeEventDestroy(hEvent=0x36702e08)
[2026-10-07 07:36:24.966] [thread-id: 127244797713600] [trace] zeCommandListDestroy(hCommandList)
[2026-10-07 07:36:24.966] [thread-id: 127244797713600] [trace] SUCCESS (ZE_RESULT_SUCCESS) in zeCommandListDestroy(hCommandList=0x366d1d88)
[2026-10-07 07:36:24.966] [thread-id: 127244797713600] [trace] zeContextDestroy(hContext)
[2026-10-07 07:36:24.966] [thread-id: 127244797713600] [trace] SUCCESS (ZE_RESULT_SUCCESS) in zeContextDestroy(hContext=0x366ca738)
   <--- urContextRelease(.hContext = 0x366cdb90) -> UR_RESULT_SUCCESS;
   ---> urDeviceRelease
   <--- urDeviceRelease(.hDevice = 0x366c9040) -> UR_RESULT_SUCCESS;
   ---> urAdapterRelease
   <--- urAdapterRelease(.hAdapter = 0x364cd700) -> UR_RESULT_SUCCESS;
