<LOADER>[DEBUG]: Logger loader initialized successfully!
<LOADER>[INFO]: loaded adapter 0x0x1ba19980 (/opt/intel/oneapi/compiler/2026.1/lib/libur_adapter_level_zero_v2.so.0) from /opt/intel/oneapi/compiler/2026.1/lib/libur_adapter_level_zero_v2.so.0
   ---> urAdapterGet
<LEVEL_ZERO>[DEBUG]: zeInit with flags value of 1
[2026-10-07 21:51:59.728] [thread-id: 127642208263360] [info] Loader Version 1.32.0  - No git SHA found, compiled outside git folder.
[2026-10-07 21:51:59.731] [thread-id: 127642208263360] [info] Validation Layer Enabled
[2026-10-07 21:51:59.731] [thread-id: 127642208263360] [info] zeInit succeeded
[2026-10-07 21:51:59.732] [thread-id: 127642208263360] [trace] zeInit(flags)
[2026-10-07 21:51:59.809] [thread-id: 127642208263360] [trace] SUCCESS (ZE_RESULT_SUCCESS) in zeInit(flags=1)
<LEVEL_ZERO>[DEBUG]: Level Zero Loader version: 1.32.0
<LEVEL_ZERO>[DEBUG]: zeInitDrivers with flags value of 1
[2026-10-07 21:51:59.810] [thread-id: 127642208263360] [trace] zeInitDrivers(pCount, phDrivers, desc)
[2026-10-07 21:51:59.810] [thread-id: 127642208263360] [trace] SUCCESS (ZE_RESULT_SUCCESS) in zeInitDrivers(pCount=1, phDrivers=nullptr, desc={stype=0x1ba18728, flags=1})
[2026-10-07 21:51:59.810] [thread-id: 127642208263360] [trace] zeInitDrivers(pCount, phDrivers, desc)
[2026-10-07 21:51:59.810] [thread-id: 127642208263360] [trace] SUCCESS (ZE_RESULT_SUCCESS) in zeInitDrivers(pCount=1, phDrivers=nullptr, desc={stype=0x1ba18728, flags=1})
[2026-10-07 21:51:59.810] [thread-id: 127642208263360] [trace] zeDriverGet(pCount, phDrivers)
[2026-10-07 21:51:59.810] [thread-id: 127642208263360] [trace] SUCCESS (ZE_RESULT_SUCCESS) in zeDriverGet(pCount=1, phDrivers=nullptr)
[2026-10-07 21:51:59.810] [thread-id: 127642208263360] [trace] zeDriverGet(pCount, phDrivers)
[2026-10-07 21:51:59.810] [thread-id: 127642208263360] [trace] SUCCESS (ZE_RESULT_SUCCESS) in zeDriverGet(pCount=1, phDrivers=0x1bbfe980)
[2026-10-07 21:51:59.810] [thread-id: 127642208263360] [trace] zeDeviceGet(hDriver, pCount, phDevices)
[2026-10-07 21:51:59.810] [thread-id: 127642208263360] [trace] SUCCESS (ZE_RESULT_SUCCESS) in zeDeviceGet(hDriver=0x1bbfe9c8, pCount=1, phDevices=nullptr)
[2026-10-07 21:51:59.810] [thread-id: 127642208263360] [trace] zeDeviceGet(hDriver, pCount, phDevices)
[2026-10-07 21:51:59.810] [thread-id: 127642208263360] [trace] SUCCESS (ZE_RESULT_SUCCESS) in zeDeviceGet(hDriver=0x1bbfe9c8, pCount=1, phDevices=0x1bc0b2b0)
[2026-10-07 21:51:59.810] [thread-id: 127642208263360] [trace] zeDeviceGetProperties(hDevice, pDeviceProperties)
[2026-10-07 21:51:59.810] [thread-id: 127642208263360] [trace] SUCCESS (ZE_RESULT_SUCCESS) in zeDeviceGetProperties(hDevice=0x1bbfef28, pDeviceProperties={stype=0x7ffef1551bd0, type=0x7ffef1551be0, vendorId=32902, deviceId=57868, flags=8, subdeviceId=0, coreClockRate=2750, maxMemAllocSize=10132807680, maxHardwareContexts=65536, maxCommandQueuePriority=0, numThreadsPerEU=8, physicalEUSimdWidth=16, numEUsPerSubslice=8, numSubslicesPerSlice=4, numSlices=5, timerResolution=52, timestampValidBits=64, kernelTimestampValidBits=64, uuid={id=134}, name="Intel(R) Arc(TM) B570 Graphics"})
<LEVEL_ZERO>[DEBUG]: 
zesInit with flags value of 0

[2026-10-07 21:51:59.810] [thread-id: 127642208263360] [trace] zesInit(flags)
[2026-10-07 21:51:59.812] [thread-id: 127642208263360] [trace] SUCCESS (ZE_RESULT_SUCCESS) in zesInit(flags=0)
[2026-10-07 21:51:59.812] [thread-id: 127642208263360] [trace] zeDriverGet(pCount, phDrivers)
[2026-10-07 21:51:59.812] [thread-id: 127642208263360] [trace] SUCCESS (ZE_RESULT_SUCCESS) in zeDriverGet(pCount=1, phDrivers=nullptr)
[2026-10-07 21:51:59.812] [thread-id: 127642208263360] [trace] zeDriverGet(pCount, phDrivers)
[2026-10-07 21:51:59.812] [thread-id: 127642208263360] [trace] SUCCESS (ZE_RESULT_SUCCESS) in zeDriverGet(pCount=1, phDrivers=0x1bc12340)
[2026-10-07 21:51:59.812] [thread-id: 127642208263360] [trace] zeInitDrivers(pCount, phDrivers, desc)
[2026-10-07 21:51:59.812] [thread-id: 127642208263360] [trace] SUCCESS (ZE_RESULT_SUCCESS) in zeInitDrivers(pCount=1, phDrivers=0x1bc12410, desc={stype=0x1ba18728, flags=1})
[2026-10-07 21:51:59.812] [thread-id: 127642208263360] [trace] zeDriverGetProperties(hDriver, pDriverProperties)
[2026-10-07 21:51:59.812] [thread-id: 127642208263360] [trace] SUCCESS (ZE_RESULT_SUCCESS) in zeDriverGetProperties(hDriver=0x1bbfe9c8, pDriverProperties={stype=0x7ffef1551b20, uuid={id=227}, driverVersion=17013219})
[2026-10-07 21:51:59.812] [thread-id: 127642208263360] [trace] zeDriverGetProperties(hDriver, pDriverProperties)
[2026-10-07 21:51:59.812] [thread-id: 127642208263360] [trace] SUCCESS (ZE_RESULT_SUCCESS) in zeDriverGetProperties(hDriver=0x1bbfe9c8, pDriverProperties={stype=0x7ffef1551cf0, uuid={id=227}, driverVersion=17013219})
<LEVEL_ZERO>[DEBUG]: zeDriverHandle 0x1bbfe9c8 matched between zeDriverGet and zeInitDrivers. Not adding duplicate driver to list
<LEVEL_ZERO>[DEBUG]: 1 L0 Drivers found.
[2026-10-07 21:51:59.812] [thread-id: 127642208263360] [trace] zeDeviceGet(hDriver, pCount, phDevices)
[2026-10-07 21:51:59.812] [thread-id: 127642208263360] [trace] SUCCESS (ZE_RESULT_SUCCESS) in zeDeviceGet(hDriver=0x1bbfe9c8, pCount=1, phDevices=nullptr)
[2026-10-07 21:51:59.812] [thread-id: 127642208263360] [trace] zeDeviceGet(hDriver, pCount, phDevices)
[2026-10-07 21:51:59.812] [thread-id: 127642208263360] [trace] SUCCESS (ZE_RESULT_SUCCESS) in zeDeviceGet(hDriver=0x1bbfe9c8, pCount=1, phDevices=0x1bc126b0)
[2026-10-07 21:51:59.812] [thread-id: 127642208263360] [trace] zeDeviceGetProperties(hDevice, pDeviceProperties)
[2026-10-07 21:51:59.812] [thread-id: 127642208263360] [trace] SUCCESS (ZE_RESULT_SUCCESS) in zeDeviceGetProperties(hDevice=0x1bbfef28, pDeviceProperties={stype=0x7ffef1551b20, type=0x7ffef1551b30, vendorId=32902, deviceId=57868, flags=8, subdeviceId=0, coreClockRate=2750, maxMemAllocSize=10132807680, maxHardwareContexts=65536, maxCommandQueuePriority=0, numThreadsPerEU=8, physicalEUSimdWidth=16, numEUsPerSubslice=8, numSubslicesPerSlice=4, numSlices=5, timerResolution=52, timestampValidBits=64, kernelTimestampValidBits=64, uuid={id=134}, name="Intel(R) Arc(TM) B570 Graphics"})
[2026-10-07 21:51:59.812] [thread-id: 127642208263360] [trace] zeDriverGetApiVersion(hDriver, version)
[2026-10-07 21:51:59.812] [thread-id: 127642208263360] [trace] SUCCESS (ZE_RESULT_SUCCESS) in zeDriverGetApiVersion(hDriver=0x1bbfe9c8, version=65553)
[2026-10-07 21:51:59.812] [thread-id: 127642208263360] [trace] zeDriverGetExtensionProperties(hDriver, pCount, pExtensionProperties)
[2026-10-07 21:51:59.812] [thread-id: 127642208263360] [trace] SUCCESS (ZE_RESULT_SUCCESS) in zeDriverGetExtensionProperties(hDriver=0x1bbfe9c8, pCount=63, pExtensionProperties=nullptr)
[2026-10-07 21:51:59.812] [thread-id: 127642208263360] [trace] zeDriverGetExtensionProperties(hDriver, pCount, pExtensionProperties)
[2026-10-07 21:51:59.812] [thread-id: 127642208263360] [trace] SUCCESS (ZE_RESULT_SUCCESS) in zeDriverGetExtensionProperties(hDriver=0x1bbfe9c8, pCount=63, pExtensionProperties={name="ZE_extension_device_cache_line_size", version=65536})
[2026-10-07 21:51:59.812] [thread-id: 127642208263360] [trace] zeDriverGetExtensionFunctionAddress(hDriver, name, ppFunctionAddress)
[2026-10-07 21:51:59.812] [thread-id: 127642208263360] [trace] SUCCESS (ZE_RESULT_SUCCESS) in zeDriverGetExtensionFunctionAddress(hDriver=0x1bbfe9c8, name="zeIntelGetDriverVersionString", ppFunctionAddress=0x741700a55c00)
[2026-10-07 21:51:59.812] [thread-id: 127642208263360] [trace] zeDriverGetProperties(hDriver, pDriverProperties)
[2026-10-07 21:51:59.812] [thread-id: 127642208263360] [trace] SUCCESS (ZE_RESULT_SUCCESS) in zeDriverGetProperties(hDriver=0x1bbfe9c8, pDriverProperties={stype=0x7ffef15519e0, uuid={id=227}, driverVersion=17013219})
<LEVEL_ZERO>[DEBUG]: Level Zero Driver version: 1.17.39395+14
[2026-10-07 21:51:59.812] [thread-id: 127642208263360] [trace] zeDriverGetExtensionFunctionAddress(hDriver, name, ppFunctionAddress)
[2026-10-07 21:51:59.812] [thread-id: 127642208263360] [trace] SUCCESS (ZE_RESULT_SUCCESS) in zeDriverGetExtensionFunctionAddress(hDriver=0x1bbfe9c8, name="zexDriverImportExternalPointer", ppFunctionAddress=0x741700a50a40)
[2026-10-07 21:51:59.812] [thread-id: 127642208263360] [trace] zeDriverGetExtensionFunctionAddress(hDriver, name, ppFunctionAddress)
[2026-10-07 21:51:59.812] [thread-id: 127642208263360] [trace] SUCCESS (ZE_RESULT_SUCCESS) in zeDriverGetExtensionFunctionAddress(hDriver=0x1bbfe9c8, name="zexDriverReleaseImportedPointer", ppFunctionAddress=0x741700a58e30)
[2026-10-07 21:51:59.812] [thread-id: 127642208263360] [trace] zeDriverGetExtensionFunctionAddress(hDriver, name, ppFunctionAddress)
[2026-10-07 21:51:59.812] [thread-id: 127642208263360] [trace] SUCCESS (ZE_RESULT_SUCCESS) in zeDriverGetExtensionFunctionAddress(hDriver=0x1bbfe9c8, name="zeImageGetDeviceOffsetExp", ppFunctionAddress=0x741700a5a190)
[2026-10-07 21:51:59.812] [thread-id: 127642208263360] [trace] zeDriverGetExtensionFunctionAddress(hDriver, name, ppFunctionAddress)
[2026-10-07 21:51:59.812] [thread-id: 127642208263360] [trace] SUCCESS (ZE_RESULT_SUCCESS) in zeDriverGetExtensionFunctionAddress(hDriver=0x1bbfe9c8, name="zeMemGetPitchFor2dImage", ppFunctionAddress=0x741700a5c550)
[2026-10-07 21:51:59.812] [thread-id: 127642208263360] [trace] zeDriverGetExtensionFunctionAddress(hDriver, name, ppFunctionAddress)
[2026-10-07 21:51:59.812] [thread-id: 127642208263360] [trace] SUCCESS (ZE_RESULT_SUCCESS) in zeDriverGetExtensionFunctionAddress(hDriver=0x1bbfe9c8, name="zeGraphGetIdExt", ppFunctionAddress=0x741700a4add0)
[2026-10-07 21:51:59.812] [thread-id: 127642208263360] [trace] zeDriverGetExtensionFunctionAddress(hDriver, name, ppFunctionAddress)
[2026-10-07 21:51:59.812] [thread-id: 127642208263360] [trace] SUCCESS (ZE_RESULT_SUCCESS) in zeDriverGetExtensionFunctionAddress(hDriver=0x1bbfe9c8, name="zeCommandListAppendHostFunction", ppFunctionAddress=0x741700a2e140)
[2026-10-07 21:51:59.813] [thread-id: 127642208263360] [trace] zesDriverGet(pCount, phDrivers)
[2026-10-07 21:51:59.813] [thread-id: 127642208263360] [trace] SUCCESS (ZE_RESULT_SUCCESS) in zesDriverGet(pCount=1, phDrivers=nullptr)
[2026-10-07 21:51:59.813] [thread-id: 127642208263360] [trace] zesDriverGet(pCount, phDrivers)
[2026-10-07 21:51:59.813] [thread-id: 127642208263360] [trace] SUCCESS (ZE_RESULT_SUCCESS) in zesDriverGet(pCount=1, phDrivers=0x1bc135b0)
[2026-10-07 21:51:59.813] [thread-id: 127642208263360] [trace] zesDriverGetDeviceByUuidExp(hDriver, uuid, phDevice, onSubdevice, subdeviceId)
[2026-10-07 21:51:59.813] [thread-id: 127642208263360] [trace] SUCCESS (ZE_RESULT_SUCCESS) in zesDriverGetDeviceByUuidExp(hDriver=0x1bc0f1c8, uuid={id=134}, phDevice=0x1ba3f058, onSubdevice=0, subdeviceId=0)
<LEVEL_ZERO>[DEBUG]: Initialized 1 platforms
   <--- urAdapterGet(.NumEntries = 0, .phAdapters = nullptr, .pNumAdapters = 0x7ffef15523f8 (1)) -> UR_RESULT_SUCCESS;
   ---> urAdapterGet
   <--- urAdapterGet(.NumEntries = 1, .phAdapters = 0x1bc12690 {0x1ba18700}, .pNumAdapters = nullptr) -> UR_RESULT_SUCCESS;
   ---> urAdapterGetInfo
   <--- urAdapterGetInfo(.hAdapter = 0x1ba18700, .propName = UR_ADAPTER_INFO_BACKEND, .propSize = 4, .pPropValue = 0x7ffef15523ec (UR_BACKEND_LEVEL_ZERO), .pPropSizeRet = nullptr) -> UR_RESULT_SUCCESS;
   ---> urAdapterSetLoggerCallback
   <--- urAdapterSetLoggerCallback(.hAdapter = 0x1ba18700, .pfnLoggerCallback = 0x741707831420, .pUserData = nullptr, .level = UR_LOGGER_LEVEL_WARN) -> UR_RESULT_SUCCESS;
   ---> urPlatformGet
   <--- urPlatformGet(.hAdapter = 0x1ba18700, .NumEntries = 0, .phPlatforms = nullptr, .pNumPlatforms = 0x7ffef155232c (1)) -> UR_RESULT_SUCCESS;
   ---> urPlatformGet
   <--- urPlatformGet(.hAdapter = 0x1ba18700, .NumEntries = 1, .phPlatforms = 0x1bc12690 {0x1bc12810}, .pNumPlatforms = nullptr) -> UR_RESULT_SUCCESS;
   ---> urPlatformGetInfo
   <--- urPlatformGetInfo(.hPlatform = 0x1bc12810, .propName = UR_PLATFORM_INFO_BACKEND, .propSize = 4, .pPropValue = 0x7ffef155233c (UR_BACKEND_LEVEL_ZERO), .pPropSizeRet = nullptr) -> UR_RESULT_SUCCESS;
   ---> urDeviceGet
[2026-10-07 21:51:59.813] [thread-id: 127642208263360] [trace] zeDeviceGet(hDriver, pCount, phDevices)
[2026-10-07 21:51:59.813] [thread-id: 127642208263360] [trace] SUCCESS (ZE_RESULT_SUCCESS) in zeDeviceGet(hDriver=0x1bbfe9c8, pCount=1, phDevices=nullptr)
[2026-10-07 21:51:59.813] [thread-id: 127642208263360] [trace] zeDeviceGet(hDriver, pCount, phDevices)
[2026-10-07 21:51:59.813] [thread-id: 127642208263360] [trace] SUCCESS (ZE_RESULT_SUCCESS) in zeDeviceGet(hDriver=0x1bbfe9c8, pCount=1, phDevices=0x1bc14000)
[2026-10-07 21:51:59.813] [thread-id: 127642208263360] [trace] zeDeviceGetProperties(hDevice, pDeviceProperties)
[2026-10-07 21:51:59.813] [thread-id: 127642208263360] [trace] SUCCESS (ZE_RESULT_SUCCESS) in zeDeviceGetProperties(hDevice=0x1bbfef28, pDeviceProperties={stype=0x1bc140e8, type=0x1bc140f8, vendorId=32902, deviceId=57868, flags=8, subdeviceId=0, coreClockRate=2750, maxMemAllocSize=10132807680, maxHardwareContexts=65536, maxCommandQueuePriority=0, numThreadsPerEU=8, physicalEUSimdWidth=16, numEUsPerSubslice=8, numSubslicesPerSlice=4, numSlices=5, timerResolution=19200000, timestampValidBits=64, kernelTimestampValidBits=64, uuid={id=134}, name="Intel(R) Arc(TM) B570 Graphics"})
[2026-10-07 21:51:59.813] [thread-id: 127642208263360] [trace] zeDeviceGetProperties(hDevice, pDeviceProperties)
[2026-10-07 21:51:59.813] [thread-id: 127642208263360] [trace] SUCCESS (ZE_RESULT_SUCCESS) in zeDeviceGetProperties(hDevice=0x1bbfef28, pDeviceProperties={stype=0x7ffef1551938, type=0x7ffef1551948, vendorId=32902, deviceId=57868, flags=8, subdeviceId=0, coreClockRate=2750, maxMemAllocSize=10132807680, maxHardwareContexts=65536, maxCommandQueuePriority=0, numThreadsPerEU=8, physicalEUSimdWidth=16, numEUsPerSubslice=8, numSubslicesPerSlice=4, numSlices=5, timerResolution=52, timestampValidBits=64, kernelTimestampValidBits=64, uuid={id=134}, name="Intel(R) Arc(TM) B570 Graphics"})
[2026-10-07 21:51:59.813] [thread-id: 127642208263360] [trace] zeDeviceGetCommandQueueGroupProperties(hDevice, pCount, pCommandQueueGroupProperties)
[2026-10-07 21:51:59.813] [thread-id: 127642208263360] [trace] SUCCESS (ZE_RESULT_SUCCESS) in zeDeviceGetCommandQueueGroupProperties(hDevice=0x1bbfef28, pCount=2, pCommandQueueGroupProperties=nullptr)
<LEVEL_ZERO>[INFO]: Number of queue groups = 2
[2026-10-07 21:51:59.813] [thread-id: 127642208263360] [trace] zeDeviceGetCommandQueueGroupProperties(hDevice, pCount, pCommandQueueGroupProperties)
[2026-10-07 21:51:59.813] [thread-id: 127642208263360] [trace] SUCCESS (ZE_RESULT_SUCCESS) in zeDeviceGetCommandQueueGroupProperties(hDevice=0x1bbfef28, pCount=2, pCommandQueueGroupProperties={stype=0x1ba18610, flags=7, maxMemoryFillPatternSize=18446744073709551615, numQueues=1})
<LEVEL_ZERO>[INFO]: main blitter/copy engine is available
<LEVEL_ZERO>[INFO]: link blitter/copy engines are not available
[2026-10-07 21:51:59.813] [thread-id: 127642208263360] [trace] zeDeviceGetSubDevices(hDevice, pCount, phSubdevices)
[2026-10-07 21:51:59.813] [thread-id: 127642208263360] [trace] SUCCESS (ZE_RESULT_SUCCESS) in zeDeviceGetSubDevices(hDevice=0x1bbfef28, pCount=0, phSubdevices=nullptr)
[2026-10-07 21:51:59.813] [thread-id: 127642208263360] [trace] zeDeviceGetSubDevices(hDevice, pCount, phSubdevices)
[2026-10-07 21:51:59.813] [thread-id: 127642208263360] [trace] SUCCESS (ZE_RESULT_SUCCESS) in zeDeviceGetSubDevices(hDevice=0x1bbfef28, pCount=0, phSubdevices=0x1bc14020)
[2026-10-07 21:51:59.813] [thread-id: 127642208263360] [trace] zeDeviceGetRootDevice(hDevice, phRootDevice)
[2026-10-07 21:51:59.813] [thread-id: 127642208263360] [trace] SUCCESS (ZE_RESULT_SUCCESS) in zeDeviceGetRootDevice(hDevice=0x1bbfef28, phRootDevice=0x7ffef1551d90)
[2026-10-07 21:51:59.813] [thread-id: 127642208263360] [trace] zeDeviceSynchronize(hDevice)
[2026-10-07 21:51:59.813] [thread-id: 127642208263360] [trace] SUCCESS (ZE_RESULT_SUCCESS) in zeDeviceSynchronize(hDevice=0x1bbfef28)
[2026-10-07 21:51:59.813] [thread-id: 127642208263360] [trace] zeDeviceGetRootDevice(hDevice, phRootDevice)
[2026-10-07 21:51:59.813] [thread-id: 127642208263360] [trace] SUCCESS (ZE_RESULT_SUCCESS) in zeDeviceGetRootDevice(hDevice=0x1bbfef28, phRootDevice=0x7ffef1551e80)
   <--- urDeviceGet(.hPlatform = 0x1bc12810, .DeviceType = UR_DEVICE_TYPE_ALL, .NumEntries = 0, .phDevices = nullptr, .pNumDevices = 0x7ffef15522ac (1)) -> UR_RESULT_SUCCESS;
   ---> urDeviceGet
[2026-10-07 21:51:59.813] [thread-id: 127642208263360] [trace] zeDeviceGetRootDevice(hDevice, phRootDevice)
[2026-10-07 21:51:59.813] [thread-id: 127642208263360] [trace] SUCCESS (ZE_RESULT_SUCCESS) in zeDeviceGetRootDevice(hDevice=0x1bbfef28, phRootDevice=0x7ffef1551e80)
   <--- urDeviceGet(.hPlatform = 0x1bc12810, .DeviceType = UR_DEVICE_TYPE_ALL, .NumEntries = 1, .phDevices = 0x1bc14000 {0x1bc14040}, .pNumDevices = nullptr) -> UR_RESULT_SUCCESS;
   ---> urPlatformGetInfo
   <--- urPlatformGetInfo(.hPlatform = 0x1bc12810, .propName = UR_PLATFORM_INFO_VERSION, .propSize = 0, .pPropValue = nullptr, .pPropSizeRet = 0x7ffef1551e80 (5)) -> UR_RESULT_SUCCESS;
   ---> urPlatformGetInfo
   <--- urPlatformGetInfo(.hPlatform = 0x1bc12810, .propName = UR_PLATFORM_INFO_VERSION, .propSize = 5, .pPropValue = 0x7ffef1551fe8 (1.17), .pPropSizeRet = nullptr) -> UR_RESULT_SUCCESS;
   ---> urPlatformGetInfo
   <--- urPlatformGetInfo(.hPlatform = 0x1bc12810, .propName = UR_PLATFORM_INFO_NAME, .propSize = 0, .pPropValue = nullptr, .pPropSizeRet = 0x7ffef1551e80 (51)) -> UR_RESULT_SUCCESS;
   ---> urPlatformGetInfo
   <--- urPlatformGetInfo(.hPlatform = 0x1bc12810, .propName = UR_PLATFORM_INFO_NAME, .propSize = 51, .pPropValue = 0x1bc14710 (Intel(R) oneAPI Unified Runtime over Level-Zero V2), .pPropSizeRet = nullptr) -> UR_RESULT_SUCCESS;
   ---> urDeviceGetInfo
   <--- urDeviceGetInfo(.hDevice = 0x1bc14040, .propName = UR_DEVICE_INFO_PARENT_DEVICE, .propSize = 8, .pPropValue = 0x7ffef1551e40 (nullptr), .pPropSizeRet = nullptr) -> UR_RESULT_SUCCESS;
   ---> urDeviceGetInfo
   <--- urDeviceGetInfo(.hDevice = 0x1bc14040, .propName = UR_DEVICE_INFO_TYPE, .propSize = 4, .pPropValue = 0x7ffef1551de0 (UR_DEVICE_TYPE_GPU), .pPropSizeRet = nullptr) -> UR_RESULT_SUCCESS;
   ---> urDeviceGetInfo
   <--- urDeviceGetInfo(.hDevice = 0x1bc14040, .propName = UR_DEVICE_INFO_USE_NATIVE_ASSERT, .propSize = 1, .pPropValue = 0x7ffef1551de0 (true), .pPropSizeRet = nullptr) -> UR_RESULT_SUCCESS;
   ---> urDeviceGetInfo
[2026-10-07 21:51:59.813] [thread-id: 127642208263360] [trace] zeDeviceGetModuleProperties(hDevice, pModuleProperties)
[2026-10-07 21:51:59.814] [thread-id: 127642208263360] [trace] SUCCESS (ZE_RESULT_SUCCESS) in zeDeviceGetModuleProperties(hDevice=0x1bbfef28, pModuleProperties={stype=0x1bc14360, spirvVersionSupported=65541, flags=15, fp16flags=63, fp32flags=127, fp64flags=127, maxArgumentsSize=2048, printfBufferSize=4194304, nativeKernelSupported={id=0}})
[2026-10-07 21:51:59.814] [thread-id: 127642208263360] [trace] zeDeviceGetImageProperties(hDevice, pImageProperties)
[2026-10-07 21:51:59.814] [thread-id: 127642208263360] [trace] SUCCESS (ZE_RESULT_SUCCESS) in zeDeviceGetImageProperties(hDevice=0x1bbfef28, pImageProperties={stype=0x1bc14300, maxImageDims1D=16384, maxImageDims2D=16384, maxImageDims3D=2048, maxImageBufferSize=633300480, maxImageArraySlices=2048, maxSamplers=16, maxReadImageArgs=128, maxWriteImageArgs=128})
   <--- urDeviceGetInfo(.hDevice = 0x1bc14040, .propName = UR_DEVICE_INFO_EXTENSIONS, .propSize = 0, .pPropValue = nullptr, .pPropSizeRet = 0x7ffef1551d68 (245)) -> UR_RESULT_SUCCESS;
   ---> urDeviceGetInfo
   <--- urDeviceGetInfo(.hDevice = 0x1bc14040, .propName = UR_DEVICE_INFO_EXTENSIONS, .propSize = 245, .pPropValue = 0x1bace740 (cl_khr_il_program cl_khr_subgroups cl_intel_subgroups cl_intel_subgroups_short cl_intel_required_subgroup_size cl_khr_fp16 cl_khr_fp64 cl_khr_int64_base_atomics cl_khr_int64_extended_atomics cl_khr_3d_image_writes cl_intel_bfloat16_conversions ), .pPropSizeRet = nullptr) -> UR_RESULT_SUCCESS;
   ---> urDeviceRetain
   <--- urDeviceRetain(.hDevice = 0x1bc14040) -> UR_RESULT_SUCCESS;
   ---> urDeviceGetInfo
   <--- urDeviceGetInfo(.hDevice = 0x1bc14040, .propName = UR_DEVICE_INFO_TYPE, .propSize = 4, .pPropValue = 0x7ffef1551f5c (UR_DEVICE_TYPE_GPU), .pPropSizeRet = nullptr) -> UR_RESULT_SUCCESS;
   ---> urDeviceGetInfo
   <--- urDeviceGetInfo(.hDevice = 0x1bc14040, .propName = UR_DEVICE_INFO_VENDOR_ID, .propSize = 4, .pPropValue = 0x7ffef1551fd8 (32902), .pPropSizeRet = nullptr) -> UR_RESULT_SUCCESS;
   ---> urDeviceGetInfo
   <--- urDeviceGetInfo(.hDevice = 0x1bc14040, .propName = UR_DEVICE_INFO_DRIVER_VERSION, .propSize = 0, .pPropValue = nullptr, .pPropSizeRet = 0x7ffef1551e80 (14)) -> UR_RESULT_SUCCESS;
   ---> urDeviceGetInfo
   <--- urDeviceGetInfo(.hDevice = 0x1bc14040, .propName = UR_DEVICE_INFO_DRIVER_VERSION, .propSize = 14, .pPropValue = 0x7ffef1551fa8 (1.17.39395+14), .pPropSizeRet = nullptr) -> UR_RESULT_SUCCESS;
   ---> urDeviceGetInfo
   <--- urDeviceGetInfo(.hDevice = 0x1bc14040, .propName = UR_DEVICE_INFO_NAME, .propSize = 0, .pPropValue = nullptr, .pPropSizeRet = 0x7ffef1551dc0 (31)) -> UR_RESULT_SUCCESS;
   ---> urDeviceGetInfo
   <--- urDeviceGetInfo(.hDevice = 0x1bc14040, .propName = UR_DEVICE_INFO_NAME, .propSize = 31, .pPropValue = 0x1bc13fd0 (Intel(R) Arc(TM) B570 Graphics), .pPropSizeRet = nullptr) -> UR_RESULT_SUCCESS;
   ---> urPlatformGetInfo
   <--- urPlatformGetInfo(.hPlatform = 0x1bc12810, .propName = UR_PLATFORM_INFO_BACKEND, .propSize = 4, .pPropValue = 0x7ffef155219c (UR_BACKEND_LEVEL_ZERO), .pPropSizeRet = nullptr) -> UR_RESULT_SUCCESS;
   ---> urDeviceGetInfo
   <--- urDeviceGetInfo(.hDevice = 0x1bc14040, .propName = UR_DEVICE_INFO_TYPE, .propSize = 4, .pPropValue = 0x7ffef1552194 (UR_DEVICE_TYPE_GPU), .pPropSizeRet = nullptr) -> UR_RESULT_SUCCESS;
   ---> urDeviceRelease
   <--- urDeviceRelease(.hDevice = 0x1bc14040) -> UR_RESULT_SUCCESS;
   ---> urDeviceGetInfo
   <--- urDeviceGetInfo(.hDevice = 0x1bc14040, .propName = UR_DEVICE_INFO_SUPPORTED_PARTITIONS, .propSize = 0, .pPropValue = nullptr, .pPropSizeRet = 0x7ffef1552188 (0)) -> UR_RESULT_SUCCESS;
   ---> urDeviceGet
[2026-10-07 21:51:59.814] [thread-id: 127642208263360] [trace] zeDeviceGetRootDevice(hDevice, phRootDevice)
[2026-10-07 21:51:59.814] [thread-id: 127642208263360] [trace] SUCCESS (ZE_RESULT_SUCCESS) in zeDeviceGetRootDevice(hDevice=0x1bbfef28, phRootDevice=0x7ffef1551f90)
   <--- urDeviceGet(.hPlatform = 0x1bc12810, .DeviceType = UR_DEVICE_TYPE_ALL, .NumEntries = 0, .phDevices = nullptr, .pNumDevices = 0x7ffef15523bc (1)) -> UR_RESULT_SUCCESS;
   ---> urDeviceGet
[2026-10-07 21:51:59.814] [thread-id: 127642208263360] [trace] zeDeviceGetRootDevice(hDevice, phRootDevice)
[2026-10-07 21:51:59.814] [thread-id: 127642208263360] [trace] SUCCESS (ZE_RESULT_SUCCESS) in zeDeviceGetRootDevice(hDevice=0x1bbfef28, phRootDevice=0x7ffef1551f90)
   <--- urDeviceGet(.hPlatform = 0x1bc12810, .DeviceType = UR_DEVICE_TYPE_ALL, .NumEntries = 1, .phDevices = 0x1bc126b0 {0x1bc14040}, .pNumDevices = nullptr) -> UR_RESULT_SUCCESS;
   ---> urPlatformGetInfo
   <--- urPlatformGetInfo(.hPlatform = 0x1bc12810, .propName = UR_PLATFORM_INFO_VERSION, .propSize = 0, .pPropValue = nullptr, .pPropSizeRet = 0x7ffef1551f90 (5)) -> UR_RESULT_SUCCESS;
   ---> urPlatformGetInfo
   <--- urPlatformGetInfo(.hPlatform = 0x1bc12810, .propName = UR_PLATFORM_INFO_VERSION, .propSize = 5, .pPropValue = 0x7ffef15520f8 (1.17), .pPropSizeRet = nullptr) -> UR_RESULT_SUCCESS;
   ---> urPlatformGetInfo
   <--- urPlatformGetInfo(.hPlatform = 0x1bc12810, .propName = UR_PLATFORM_INFO_NAME, .propSize = 0, .pPropValue = nullptr, .pPropSizeRet = 0x7ffef1551f90 (51)) -> UR_RESULT_SUCCESS;
   ---> urPlatformGetInfo
   <--- urPlatformGetInfo(.hPlatform = 0x1bc12810, .propName = UR_PLATFORM_INFO_NAME, .propSize = 51, .pPropValue = 0x1bc14c30 (Intel(R) oneAPI Unified Runtime over Level-Zero V2), .pPropSizeRet = nullptr) -> UR_RESULT_SUCCESS;
   ---> urDeviceGetInfo
   <--- urDeviceGetInfo(.hDevice = 0x1bc14040, .propName = UR_DEVICE_INFO_TYPE, .propSize = 4, .pPropValue = 0x7ffef155206c (UR_DEVICE_TYPE_GPU), .pPropSizeRet = nullptr) -> UR_RESULT_SUCCESS;
   ---> urDeviceGetInfo
   <--- urDeviceGetInfo(.hDevice = 0x1bc14040, .propName = UR_DEVICE_INFO_VENDOR_ID, .propSize = 4, .pPropValue = 0x7ffef15520e8 (32902), .pPropSizeRet = nullptr) -> UR_RESULT_SUCCESS;
   ---> urDeviceGetInfo
   <--- urDeviceGetInfo(.hDevice = 0x1bc14040, .propName = UR_DEVICE_INFO_DRIVER_VERSION, .propSize = 0, .pPropValue = nullptr, .pPropSizeRet = 0x7ffef1551f90 (14)) -> UR_RESULT_SUCCESS;
   ---> urDeviceGetInfo
   <--- urDeviceGetInfo(.hDevice = 0x1bc14040, .propName = UR_DEVICE_INFO_DRIVER_VERSION, .propSize = 14, .pPropValue = 0x7ffef15520b8 (1.17.39395+14), .pPropSizeRet = nullptr) -> UR_RESULT_SUCCESS;
   ---> urPlatformGetInfo
   <--- urPlatformGetInfo(.hPlatform = 0x1bc12810, .propName = UR_PLATFORM_INFO_BACKEND, .propSize = 4, .pPropValue = 0x7ffef15522ac (UR_BACKEND_LEVEL_ZERO), .pPropSizeRet = nullptr) -> UR_RESULT_SUCCESS;
   ---> urDeviceGetInfo
   <--- urDeviceGetInfo(.hDevice = 0x1bc14040, .propName = UR_DEVICE_INFO_TYPE, .propSize = 4, .pPropValue = 0x7ffef15522a4 (UR_DEVICE_TYPE_GPU), .pPropSizeRet = nullptr) -> UR_RESULT_SUCCESS;
   ---> urDeviceRelease
   <--- urDeviceRelease(.hDevice = 0x1bc14040) -> UR_RESULT_SUCCESS;
   ---> urDeviceGetInfo
   <--- urDeviceGetInfo(.hDevice = 0x1bc14040, .propName = UR_DEVICE_INFO_SUPPORTED_PARTITIONS, .propSize = 0, .pPropValue = nullptr, .pPropSizeRet = 0x7ffef1552298 (0)) -> UR_RESULT_SUCCESS;
   ---> urDeviceSelectBinary
   <--- urDeviceSelectBinary(.hDevice = 0x1bc14040, .pBinaries = 0x7ffef15522e0 ((struct ur_device_binary_t){.stype = UR_STRUCTURE_TYPE_CONTEXT_PROPERTIES, .pNext = nullptr, .pDeviceTargetSpec = 0x7417075b23c0 (spir64)}), .NumBinaries = 1, .pSelectedBinary = 0x7ffef1552304 (0)) -> UR_RESULT_SUCCESS;
   ---> urDeviceGet
[2026-10-07 21:51:59.814] [thread-id: 127642208263360] [trace] zeDeviceGetRootDevice(hDevice, phRootDevice)
[2026-10-07 21:51:59.814] [thread-id: 127642208263360] [trace] SUCCESS (ZE_RESULT_SUCCESS) in zeDeviceGetRootDevice(hDevice=0x1bbfef28, phRootDevice=0x7ffef1551f20)
   <--- urDeviceGet(.hPlatform = 0x1bc12810, .DeviceType = UR_DEVICE_TYPE_ALL, .NumEntries = 0, .phDevices = nullptr, .pNumDevices = 0x7ffef155234c (1)) -> UR_RESULT_SUCCESS;
   ---> urDeviceGet
[2026-10-07 21:51:59.814] [thread-id: 127642208263360] [trace] zeDeviceGetRootDevice(hDevice, phRootDevice)
[2026-10-07 21:51:59.814] [thread-id: 127642208263360] [trace] SUCCESS (ZE_RESULT_SUCCESS) in zeDeviceGetRootDevice(hDevice=0x1bbfef28, phRootDevice=0x7ffef1551f20)
   <--- urDeviceGet(.hPlatform = 0x1bc12810, .DeviceType = UR_DEVICE_TYPE_ALL, .NumEntries = 1, .phDevices = 0x1bc14d00 {0x1bc14040}, .pNumDevices = nullptr) -> UR_RESULT_SUCCESS;
   ---> urPlatformGetInfo
   <--- urPlatformGetInfo(.hPlatform = 0x1bc12810, .propName = UR_PLATFORM_INFO_VERSION, .propSize = 0, .pPropValue = nullptr, .pPropSizeRet = 0x7ffef1551f20 (5)) -> UR_RESULT_SUCCESS;
   ---> urPlatformGetInfo
   <--- urPlatformGetInfo(.hPlatform = 0x1bc12810, .propName = UR_PLATFORM_INFO_VERSION, .propSize = 5, .pPropValue = 0x7ffef1552088 (1.17), .pPropSizeRet = nullptr) -> UR_RESULT_SUCCESS;
   ---> urPlatformGetInfo
   <--- urPlatformGetInfo(.hPlatform = 0x1bc12810, .propName = UR_PLATFORM_INFO_NAME, .propSize = 0, .pPropValue = nullptr, .pPropSizeRet = 0x7ffef1551f20 (51)) -> UR_RESULT_SUCCESS;
   ---> urPlatformGetInfo
   <--- urPlatformGetInfo(.hPlatform = 0x1bc12810, .propName = UR_PLATFORM_INFO_NAME, .propSize = 51, .pPropValue = 0x1bc14710 (Intel(R) oneAPI Unified Runtime over Level-Zero V2), .pPropSizeRet = nullptr) -> UR_RESULT_SUCCESS;
   ---> urDeviceGetInfo
   <--- urDeviceGetInfo(.hDevice = 0x1bc14040, .propName = UR_DEVICE_INFO_TYPE, .propSize = 4, .pPropValue = 0x7ffef1551ffc (UR_DEVICE_TYPE_GPU), .pPropSizeRet = nullptr) -> UR_RESULT_SUCCESS;
   ---> urDeviceGetInfo
   <--- urDeviceGetInfo(.hDevice = 0x1bc14040, .propName = UR_DEVICE_INFO_VENDOR_ID, .propSize = 4, .pPropValue = 0x7ffef1552078 (32902), .pPropSizeRet = nullptr) -> UR_RESULT_SUCCESS;
   ---> urDeviceGetInfo
   <--- urDeviceGetInfo(.hDevice = 0x1bc14040, .propName = UR_DEVICE_INFO_DRIVER_VERSION, .propSize = 0, .pPropValue = nullptr, .pPropSizeRet = 0x7ffef1551f20 (14)) -> UR_RESULT_SUCCESS;
   ---> urDeviceGetInfo
   <--- urDeviceGetInfo(.hDevice = 0x1bc14040, .propName = UR_DEVICE_INFO_DRIVER_VERSION, .propSize = 14, .pPropValue = 0x7ffef1552048 (1.17.39395+14), .pPropSizeRet = nullptr) -> UR_RESULT_SUCCESS;
   ---> urPlatformGetInfo
   <--- urPlatformGetInfo(.hPlatform = 0x1bc12810, .propName = UR_PLATFORM_INFO_BACKEND, .propSize = 4, .pPropValue = 0x7ffef155223c (UR_BACKEND_LEVEL_ZERO), .pPropSizeRet = nullptr) -> UR_RESULT_SUCCESS;
   ---> urDeviceGetInfo
   <--- urDeviceGetInfo(.hDevice = 0x1bc14040, .propName = UR_DEVICE_INFO_TYPE, .propSize = 4, .pPropValue = 0x7ffef1552234 (UR_DEVICE_TYPE_GPU), .pPropSizeRet = nullptr) -> UR_RESULT_SUCCESS;
   ---> urDeviceRelease
   <--- urDeviceRelease(.hDevice = 0x1bc14040) -> UR_RESULT_SUCCESS;
   ---> urDeviceGetInfo
   <--- urDeviceGetInfo(.hDevice = 0x1bc14040, .propName = UR_DEVICE_INFO_SUPPORTED_PARTITIONS, .propSize = 0, .pPropValue = nullptr, .pPropSizeRet = 0x7ffef1552228 (0)) -> UR_RESULT_SUCCESS;
   ---> urDeviceGet
[2026-10-07 21:51:59.815] [thread-id: 127642208263360] [trace] zeDeviceGetRootDevice(hDevice, phRootDevice)
[2026-10-07 21:51:59.815] [thread-id: 127642208263360] [trace] SUCCESS (ZE_RESULT_SUCCESS) in zeDeviceGetRootDevice(hDevice=0x1bbfef28, phRootDevice=0x7ffef1552030)
   <--- urDeviceGet(.hPlatform = 0x1bc12810, .DeviceType = UR_DEVICE_TYPE_GPU, .NumEntries = 0, .phDevices = nullptr, .pNumDevices = 0x7ffef155245c (1)) -> UR_RESULT_SUCCESS;
   ---> urDeviceGet
[2026-10-07 21:51:59.815] [thread-id: 127642208263360] [trace] zeDeviceGetRootDevice(hDevice, phRootDevice)
[2026-10-07 21:51:59.815] [thread-id: 127642208263360] [trace] SUCCESS (ZE_RESULT_SUCCESS) in zeDeviceGetRootDevice(hDevice=0x1bbfef28, phRootDevice=0x7ffef1552030)
   <--- urDeviceGet(.hPlatform = 0x1bc12810, .DeviceType = UR_DEVICE_TYPE_GPU, .NumEntries = 1, .phDevices = 0x1bc14d20 {0x1bc14040}, .pNumDevices = nullptr) -> UR_RESULT_SUCCESS;
   ---> urPlatformGetInfo
   <--- urPlatformGetInfo(.hPlatform = 0x1bc12810, .propName = UR_PLATFORM_INFO_VERSION, .propSize = 0, .pPropValue = nullptr, .pPropSizeRet = 0x7ffef1552030 (5)) -> UR_RESULT_SUCCESS;
   ---> urPlatformGetInfo
   <--- urPlatformGetInfo(.hPlatform = 0x1bc12810, .propName = UR_PLATFORM_INFO_VERSION, .propSize = 5, .pPropValue = 0x7ffef1552198 (1.17), .pPropSizeRet = nullptr) -> UR_RESULT_SUCCESS;
   ---> urPlatformGetInfo
   <--- urPlatformGetInfo(.hPlatform = 0x1bc12810, .propName = UR_PLATFORM_INFO_NAME, .propSize = 0, .pPropValue = nullptr, .pPropSizeRet = 0x7ffef1552030 (51)) -> UR_RESULT_SUCCESS;
   ---> urPlatformGetInfo
   <--- urPlatformGetInfo(.hPlatform = 0x1bc12810, .propName = UR_PLATFORM_INFO_NAME, .propSize = 51, .pPropValue = 0x1bc14c30 (Intel(R) oneAPI Unified Runtime over Level-Zero V2), .pPropSizeRet = nullptr) -> UR_RESULT_SUCCESS;
   ---> urDeviceGetInfo
   <--- urDeviceGetInfo(.hDevice = 0x1bc14040, .propName = UR_DEVICE_INFO_TYPE, .propSize = 4, .pPropValue = 0x7ffef155210c (UR_DEVICE_TYPE_GPU), .pPropSizeRet = nullptr) -> UR_RESULT_SUCCESS;
   ---> urDeviceGetInfo
   <--- urDeviceGetInfo(.hDevice = 0x1bc14040, .propName = UR_DEVICE_INFO_VENDOR_ID, .propSize = 4, .pPropValue = 0x7ffef1552188 (32902), .pPropSizeRet = nullptr) -> UR_RESULT_SUCCESS;
   ---> urDeviceGetInfo
   <--- urDeviceGetInfo(.hDevice = 0x1bc14040, .propName = UR_DEVICE_INFO_DRIVER_VERSION, .propSize = 0, .pPropValue = nullptr, .pPropSizeRet = 0x7ffef1552030 (14)) -> UR_RESULT_SUCCESS;
   ---> urDeviceGetInfo
   <--- urDeviceGetInfo(.hDevice = 0x1bc14040, .propName = UR_DEVICE_INFO_DRIVER_VERSION, .propSize = 14, .pPropValue = 0x7ffef1552158 (1.17.39395+14), .pPropSizeRet = nullptr) -> UR_RESULT_SUCCESS;
   ---> urPlatformGetInfo
   <--- urPlatformGetInfo(.hPlatform = 0x1bc12810, .propName = UR_PLATFORM_INFO_BACKEND, .propSize = 4, .pPropValue = 0x7ffef155234c (UR_BACKEND_LEVEL_ZERO), .pPropSizeRet = nullptr) -> UR_RESULT_SUCCESS;
   ---> urDeviceGetInfo
   <--- urDeviceGetInfo(.hDevice = 0x1bc14040, .propName = UR_DEVICE_INFO_TYPE, .propSize = 4, .pPropValue = 0x7ffef1552344 (UR_DEVICE_TYPE_GPU), .pPropSizeRet = nullptr) -> UR_RESULT_SUCCESS;
   ---> urDeviceRelease
   <--- urDeviceRelease(.hDevice = 0x1bc14040) -> UR_RESULT_SUCCESS;
   ---> urDeviceGetInfo
   <--- urDeviceGetInfo(.hDevice = 0x1bc14040, .propName = UR_DEVICE_INFO_SUPPORTED_PARTITIONS, .propSize = 0, .pPropValue = nullptr, .pPropSizeRet = 0x7ffef1552338 (0)) -> UR_RESULT_SUCCESS;
   ---> urDeviceGetInfo
[2026-10-07 21:51:59.815] [thread-id: 127642208263360] [trace] zeDevicePciGetPropertiesExt(hDevice, pPciProperties)
[2026-10-07 21:51:59.815] [thread-id: 127642208263360] [trace] SUCCESS (ZE_RESULT_SUCCESS) in zeDevicePciGetPropertiesExt(hDevice=0x1bbfef28, pPciProperties={stype=0x7ffef1552000, address={domain=0, bus=5, device=0, function=0}, maxSpeed={genVersion=4, width=8, maxBandwidth=15753846153}})
   <--- urDeviceGetInfo(.hDevice = 0x1bc14040, .propName = UR_DEVICE_INFO_PCI_ADDRESS, .propSize = 0, .pPropValue = nullptr, .pPropSizeRet = 0x7ffef1552478 (13)) -> UR_RESULT_SUCCESS;
   ---> urDeviceGetInfo
[2026-10-07 21:51:59.815] [thread-id: 127642208263360] [trace] zeDevicePciGetPropertiesExt(hDevice, pPciProperties)
[2026-10-07 21:51:59.815] [thread-id: 127642208263360] [trace] SUCCESS (ZE_RESULT_SUCCESS) in zeDevicePciGetPropertiesExt(hDevice=0x1bbfef28, pPciProperties={stype=0x7ffef1552110, address={domain=0, bus=5, device=0, function=0}, maxSpeed={genVersion=4, width=8, maxBandwidth=15753846153}})
   <--- urDeviceGetInfo(.hDevice = 0x1bc14040, .propName = UR_DEVICE_INFO_PCI_ADDRESS, .propSize = 0, .pPropValue = nullptr, .pPropSizeRet = 0x7ffef1552580 (13)) -> UR_RESULT_SUCCESS;
   ---> urDeviceGetInfo
[2026-10-07 21:51:59.815] [thread-id: 127642208263360] [trace] zeDevicePciGetPropertiesExt(hDevice, pPciProperties)
[2026-10-07 21:51:59.815] [thread-id: 127642208263360] [trace] SUCCESS (ZE_RESULT_SUCCESS) in zeDevicePciGetPropertiesExt(hDevice=0x1bbfef28, pPciProperties={stype=0x7ffef1552110, address={domain=0, bus=5, device=0, function=0}, maxSpeed={genVersion=4, width=8, maxBandwidth=15753846153}})
   <--- urDeviceGetInfo(.hDevice = 0x1bc14040, .propName = UR_DEVICE_INFO_PCI_ADDRESS, .propSize = 13, .pPropValue = 0x7ffef15525d0 (0000:05:00.0), .pPropSizeRet = nullptr) -> UR_RESULT_SUCCESS;
   ---> urDeviceGet
[2026-10-07 21:51:59.815] [thread-id: 127642208263360] [trace] zeDeviceGetRootDevice(hDevice, phRootDevice)
[2026-10-07 21:51:59.815] [thread-id: 127642208263360] [trace] SUCCESS (ZE_RESULT_SUCCESS) in zeDeviceGetRootDevice(hDevice=0x1bbfef28, phRootDevice=0x7ffef1551f30)
   <--- urDeviceGet(.hPlatform = 0x1bc12810, .DeviceType = UR_DEVICE_TYPE_ALL, .NumEntries = 0, .phDevices = nullptr, .pNumDevices = 0x7ffef155235c (1)) -> UR_RESULT_SUCCESS;
   ---> urDeviceGet
[2026-10-07 21:51:59.815] [thread-id: 127642208263360] [trace] zeDeviceGetRootDevice(hDevice, phRootDevice)
[2026-10-07 21:51:59.815] [thread-id: 127642208263360] [trace] SUCCESS (ZE_RESULT_SUCCESS) in zeDeviceGetRootDevice(hDevice=0x1bbfef28, phRootDevice=0x7ffef1551f30)
   <--- urDeviceGet(.hPlatform = 0x1bc12810, .DeviceType = UR_DEVICE_TYPE_ALL, .NumEntries = 1, .phDevices = 0x1bc14d40 {0x1bc14040}, .pNumDevices = nullptr) -> UR_RESULT_SUCCESS;
   ---> urPlatformGetInfo
   <--- urPlatformGetInfo(.hPlatform = 0x1bc12810, .propName = UR_PLATFORM_INFO_VERSION, .propSize = 0, .pPropValue = nullptr, .pPropSizeRet = 0x7ffef1551f30 (5)) -> UR_RESULT_SUCCESS;
   ---> urPlatformGetInfo
   <--- urPlatformGetInfo(.hPlatform = 0x1bc12810, .propName = UR_PLATFORM_INFO_VERSION, .propSize = 5, .pPropValue = 0x7ffef1552098 (1.17), .pPropSizeRet = nullptr) -> UR_RESULT_SUCCESS;
   ---> urPlatformGetInfo
   <--- urPlatformGetInfo(.hPlatform = 0x1bc12810, .propName = UR_PLATFORM_INFO_NAME, .propSize = 0, .pPropValue = nullptr, .pPropSizeRet = 0x7ffef1551f30 (51)) -> UR_RESULT_SUCCESS;
   ---> urPlatformGetInfo
   <--- urPlatformGetInfo(.hPlatform = 0x1bc12810, .propName = UR_PLATFORM_INFO_NAME, .propSize = 51, .pPropValue = 0x1bc14c30 (Intel(R) oneAPI Unified Runtime over Level-Zero V2), .pPropSizeRet = nullptr) -> UR_RESULT_SUCCESS;
   ---> urDeviceGetInfo
   <--- urDeviceGetInfo(.hDevice = 0x1bc14040, .propName = UR_DEVICE_INFO_TYPE, .propSize = 4, .pPropValue = 0x7ffef155200c (UR_DEVICE_TYPE_GPU), .pPropSizeRet = nullptr) -> UR_RESULT_SUCCESS;
   ---> urDeviceGetInfo
   <--- urDeviceGetInfo(.hDevice = 0x1bc14040, .propName = UR_DEVICE_INFO_VENDOR_ID, .propSize = 4, .pPropValue = 0x7ffef1552088 (32902), .pPropSizeRet = nullptr) -> UR_RESULT_SUCCESS;
   ---> urDeviceGetInfo
   <--- urDeviceGetInfo(.hDevice = 0x1bc14040, .propName = UR_DEVICE_INFO_DRIVER_VERSION, .propSize = 0, .pPropValue = nullptr, .pPropSizeRet = 0x7ffef1551f30 (14)) -> UR_RESULT_SUCCESS;
   ---> urDeviceGetInfo
   <--- urDeviceGetInfo(.hDevice = 0x1bc14040, .propName = UR_DEVICE_INFO_DRIVER_VERSION, .propSize = 14, .pPropValue = 0x7ffef1552058 (1.17.39395+14), .pPropSizeRet = nullptr) -> UR_RESULT_SUCCESS;
   ---> urPlatformGetInfo
   <--- urPlatformGetInfo(.hPlatform = 0x1bc12810, .propName = UR_PLATFORM_INFO_BACKEND, .propSize = 4, .pPropValue = 0x7ffef155224c (UR_BACKEND_LEVEL_ZERO), .pPropSizeRet = nullptr) -> UR_RESULT_SUCCESS;
   ---> urDeviceGetInfo
   <--- urDeviceGetInfo(.hDevice = 0x1bc14040, .propName = UR_DEVICE_INFO_TYPE, .propSize = 4, .pPropValue = 0x7ffef1552244 (UR_DEVICE_TYPE_GPU), .pPropSizeRet = nullptr) -> UR_RESULT_SUCCESS;
   ---> urDeviceRelease
   <--- urDeviceRelease(.hDevice = 0x1bc14040) -> UR_RESULT_SUCCESS;
   ---> urDeviceGetInfo
   <--- urDeviceGetInfo(.hDevice = 0x1bc14040, .propName = UR_DEVICE_INFO_SUPPORTED_PARTITIONS, .propSize = 0, .pPropValue = nullptr, .pPropSizeRet = 0x7ffef1552238 (0)) -> UR_RESULT_SUCCESS;
   ---> urDeviceGetInfo
[2026-10-07 21:51:59.816] [thread-id: 127642208263360] [trace] zeDeviceGetSubDevices(hDevice, pCount, phSubdevices)
[2026-10-07 21:51:59.816] [thread-id: 127642208263360] [trace] SUCCESS (ZE_RESULT_SUCCESS) in zeDeviceGetSubDevices(hDevice=0x1bbfef28, pCount=0, phSubdevices=nullptr)
   <--- urDeviceGetInfo(.hDevice = 0x1bc14040, .propName = UR_DEVICE_INFO_COMPONENT_DEVICES, .propSize = 0, .pPropValue = nullptr, .pPropSizeRet = 0x7ffef1552050 (0)) -> UR_RESULT_SUCCESS;
   ---> urContextCreate
[2026-10-07 21:51:59.816] [thread-id: 127642208263360] [trace] zeContextCreate(hDriver, desc, phContext)
[2026-10-07 21:51:59.816] [thread-id: 127642208263360] [trace] SUCCESS (ZE_RESULT_SUCCESS) in zeContextCreate(hDriver=0x1bbfe9c8, desc={stype=0x7ffef1551f80, flags=0}, phContext=0x1bc15738)
[2026-10-07 21:51:59.816] [thread-id: 127642208263360] [trace] zeMemAllocHost(hContext, host_desc, size, alignment, pptr)
[2026-10-07 21:51:59.816] [thread-id: 127642208263360] [trace] SUCCESS (ZE_RESULT_SUCCESS) in zeMemAllocHost(hContext=0x1bc15738, host_desc={stype=0x7ffef1551a00, flags=0}, size=1, alignment=0, pptr=0x7416f1fffe00)
[2026-10-07 21:51:59.816] [thread-id: 127642208263360] [trace] zeMemGetAllocProperties(hContext, ptr, pMemAllocProperties, phDevice)
[2026-10-07 21:51:59.816] [thread-id: 127642208263360] [trace] SUCCESS (ZE_RESULT_SUCCESS) in zeMemGetAllocProperties(hContext=0x1bc15738, ptr=0x7416f1fffe00, pMemAllocProperties={stype=0x7ffef1551a00, type=0x7ffef1551a10, id=1, pageSize=2097152}, phDevice=nullptr)
[2026-10-07 21:51:59.816] [thread-id: 127642208263360] [trace] zeMemFreeExt(hContext, pMemFreeDesc, ptr)
[2026-10-07 21:51:59.816] [thread-id: 127642208263360] [trace] SUCCESS (ZE_RESULT_SUCCESS) in zeMemFreeExt(hContext=0x1bc15738, pMemFreeDesc={stype=0x7ffef15519e0, freePolicy=1}, ptr=0x7416f1fffe00)
[2026-10-07 21:51:59.817] [thread-id: 127642208263360] [trace] zeDeviceGetProperties(hDevice, pDeviceProperties)
[2026-10-07 21:51:59.817] [thread-id: 127642208263360] [trace] SUCCESS (ZE_RESULT_SUCCESS) in zeDeviceGetProperties(hDevice=0x1bbfef28, pDeviceProperties={stype=0x7416f24e7068, type=0x7416f24e7078, vendorId=32902, deviceId=57868, flags=8, subdeviceId=0, coreClockRate=2750, maxMemAllocSize=10132807680, maxHardwareContexts=65536, maxCommandQueuePriority=0, numThreadsPerEU=8, physicalEUSimdWidth=16, numEUsPerSubslice=8, numSubslicesPerSlice=4, numSlices=5, timerResolution=52, timestampValidBits=64, kernelTimestampValidBits=64, uuid={id=134}, name="Intel(R) Arc(TM) B570 Graphics"})
[2026-10-07 21:51:59.817] [thread-id: 127642208263360] [trace] zeMemAllocDevice(hContext, device_desc, size, alignment, hDevice, pptr)
[2026-10-07 21:51:59.817] [thread-id: 127642208263360] [trace] SUCCESS (ZE_RESULT_SUCCESS) in zeMemAllocDevice(hContext=0x1bc15738, device_desc={stype=0x7ffef15519c0, flags=0, ordinal=0}, size=1, alignment=0, hDevice=0x1bbfef28, pptr=0xffffffffff9ffe00)
[2026-10-07 21:51:59.817] [thread-id: 127642208263360] [trace] zeContextMakeMemoryResident(hContext, hDevice, ptr, size)
[2026-10-07 21:51:59.817] [thread-id: 127642208263360] [trace] SUCCESS (ZE_RESULT_SUCCESS) in zeContextMakeMemoryResident(hContext=0x1bc15738, hDevice=0x1bbfef28, ptr=0xffffffffff9ffe00, size=1)
[2026-10-07 21:51:59.817] [thread-id: 127642208263360] [trace] zeMemGetAllocProperties(hContext, ptr, pMemAllocProperties, phDevice)
[2026-10-07 21:51:59.817] [thread-id: 127642208263360] [trace] SUCCESS (ZE_RESULT_SUCCESS) in zeMemGetAllocProperties(hContext=0x1bc15738, ptr=0xffffffffff9ffe00, pMemAllocProperties={stype=0x7ffef1551a00, type=0x7ffef1551a10, id=3, pageSize=65536}, phDevice=nullptr)
[2026-10-07 21:51:59.817] [thread-id: 127642208263360] [trace] zeMemFreeExt(hContext, pMemFreeDesc, ptr)
[2026-10-07 21:51:59.818] [thread-id: 127642208263360] [trace] SUCCESS (ZE_RESULT_SUCCESS) in zeMemFreeExt(hContext=0x1bc15738, pMemFreeDesc={stype=0x7ffef15519e0, freePolicy=1}, ptr=0xffffffffff9ffe00)
[2026-10-07 21:51:59.818] [thread-id: 127642208263360] [trace] zeDeviceGetProperties(hDevice, pDeviceProperties)
[2026-10-07 21:51:59.818] [thread-id: 127642208263360] [trace] SUCCESS (ZE_RESULT_SUCCESS) in zeDeviceGetProperties(hDevice=0x1bbfef28, pDeviceProperties={stype=0x7416f24df068, type=0x7416f24df078, vendorId=32902, deviceId=57868, flags=8, subdeviceId=0, coreClockRate=2750, maxMemAllocSize=10132807680, maxHardwareContexts=65536, maxCommandQueuePriority=0, numThreadsPerEU=8, physicalEUSimdWidth=16, numEUsPerSubslice=8, numSubslicesPerSlice=4, numSlices=5, timerResolution=52, timestampValidBits=64, kernelTimestampValidBits=64, uuid={id=134}, name="Intel(R) Arc(TM) B570 Graphics"})
[2026-10-07 21:51:59.818] [thread-id: 127642208263360] [trace] zeMemAllocShared(hContext, device_desc, host_desc, size, alignment, hDevice, pptr)
[2026-10-07 21:51:59.818] [thread-id: 127642208263360] [trace] SUCCESS (ZE_RESULT_SUCCESS) in zeMemAllocShared(hContext=0x1bc15738, device_desc={stype=0x7ffef1551a00, flags=0, ordinal=0}, host_desc={stype=0x7ffef15519e0, flags=0}, size=1, alignment=0, hDevice=0x1bbfef28, pptr=0x7416f2160000)
[2026-10-07 21:51:59.818] [thread-id: 127642208263360] [trace] zeMemGetAllocProperties(hContext, ptr, pMemAllocProperties, phDevice)
[2026-10-07 21:51:59.818] [thread-id: 127642208263360] [trace] SUCCESS (ZE_RESULT_SUCCESS) in zeMemGetAllocProperties(hContext=0x1bc15738, ptr=0x7416f2160000, pMemAllocProperties={stype=0x7ffef1551a00, type=0x7ffef1551a10, id=5, pageSize=65536}, phDevice=nullptr)
[2026-10-07 21:51:59.818] [thread-id: 127642208263360] [trace] zeMemFreeExt(hContext, pMemFreeDesc, ptr)
[2026-10-07 21:51:59.818] [thread-id: 127642208263360] [trace] SUCCESS (ZE_RESULT_SUCCESS) in zeMemFreeExt(hContext=0x1bc15738, pMemFreeDesc={stype=0x7ffef15519e0, freePolicy=1}, ptr=0x7416f2160000)
[2026-10-07 21:51:59.818] [thread-id: 127642208263360] [trace] zeDeviceGetProperties(hDevice, pDeviceProperties)
[2026-10-07 21:51:59.818] [thread-id: 127642208263360] [trace] SUCCESS (ZE_RESULT_SUCCESS) in zeDeviceGetProperties(hDevice=0x1bbfef28, pDeviceProperties={stype=0x7416f2171068, type=0x7416f2171078, vendorId=32902, deviceId=57868, flags=8, subdeviceId=0, coreClockRate=2750, maxMemAllocSize=10132807680, maxHardwareContexts=65536, maxCommandQueuePriority=0, numThreadsPerEU=8, physicalEUSimdWidth=16, numEUsPerSubslice=8, numSubslicesPerSlice=4, numSlices=5, timerResolution=52, timestampValidBits=64, kernelTimestampValidBits=64, uuid={id=134}, name="Intel(R) Arc(TM) B570 Graphics"})
[2026-10-07 21:51:59.819] [thread-id: 127642208263360] [trace] zeMemAllocShared(hContext, device_desc, host_desc, size, alignment, hDevice, pptr)
[2026-10-07 21:51:59.819] [thread-id: 127642208263360] [trace] SUCCESS (ZE_RESULT_SUCCESS) in zeMemAllocShared(hContext=0x1bc15738, device_desc={stype=0x7ffef1551a00, flags=0, ordinal=0}, host_desc={stype=0x7ffef15519e0, flags=0}, size=1, alignment=0, hDevice=0x1bbfef28, pptr=0x7416f2160000)
[2026-10-07 21:51:59.819] [thread-id: 127642208263360] [trace] zeMemGetAllocProperties(hContext, ptr, pMemAllocProperties, phDevice)
[2026-10-07 21:51:59.819] [thread-id: 127642208263360] [trace] SUCCESS (ZE_RESULT_SUCCESS) in zeMemGetAllocProperties(hContext=0x1bc15738, ptr=0x7416f2160000, pMemAllocProperties={stype=0x7ffef1551a00, type=0x7ffef1551a10, id=6, pageSize=65536}, phDevice=nullptr)
[2026-10-07 21:51:59.819] [thread-id: 127642208263360] [trace] zeMemFreeExt(hContext, pMemFreeDesc, ptr)
[2026-10-07 21:51:59.819] [thread-id: 127642208263360] [trace] SUCCESS (ZE_RESULT_SUCCESS) in zeMemFreeExt(hContext=0x1bc15738, pMemFreeDesc={stype=0x7ffef15519e0, freePolicy=1}, ptr=0x7416f2160000)
[2026-10-07 21:51:59.819] [thread-id: 127642208263360] [trace] zeMemAllocHost(hContext, host_desc, size, alignment, pptr)
[2026-10-07 21:51:59.819] [thread-id: 127642208263360] [trace] SUCCESS (ZE_RESULT_SUCCESS) in zeMemAllocHost(hContext=0x1bc15738, host_desc={stype=0x7ffef1551a00, flags=0}, size=1, alignment=0, pptr=0x7416f1fffe00)
[2026-10-07 21:51:59.819] [thread-id: 127642208263360] [trace] zeMemGetAllocProperties(hContext, ptr, pMemAllocProperties, phDevice)
[2026-10-07 21:51:59.819] [thread-id: 127642208263360] [trace] SUCCESS (ZE_RESULT_SUCCESS) in zeMemGetAllocProperties(hContext=0x1bc15738, ptr=0x7416f1fffe00, pMemAllocProperties={stype=0x7ffef1551a00, type=0x7ffef1551a10, id=1, pageSize=2097152}, phDevice=nullptr)
[2026-10-07 21:51:59.819] [thread-id: 127642208263360] [trace] zeMemFreeExt(hContext, pMemFreeDesc, ptr)
[2026-10-07 21:51:59.819] [thread-id: 127642208263360] [trace] SUCCESS (ZE_RESULT_SUCCESS) in zeMemFreeExt(hContext=0x1bc15738, pMemFreeDesc={stype=0x7ffef15519e0, freePolicy=1}, ptr=0x7416f1fffe00)
[2026-10-07 21:51:59.819] [thread-id: 127642208263360] [trace] zeDeviceGetProperties(hDevice, pDeviceProperties)
[2026-10-07 21:51:59.819] [thread-id: 127642208263360] [trace] SUCCESS (ZE_RESULT_SUCCESS) in zeDeviceGetProperties(hDevice=0x1bbfef28, pDeviceProperties={stype=0x7416f2169068, type=0x7416f2169078, vendorId=32902, deviceId=57868, flags=8, subdeviceId=0, coreClockRate=2750, maxMemAllocSize=10132807680, maxHardwareContexts=65536, maxCommandQueuePriority=0, numThreadsPerEU=8, physicalEUSimdWidth=16, numEUsPerSubslice=8, numSubslicesPerSlice=4, numSlices=5, timerResolution=52, timestampValidBits=64, kernelTimestampValidBits=64, uuid={id=134}, name="Intel(R) Arc(TM) B570 Graphics"})
[2026-10-07 21:51:59.819] [thread-id: 127642208263360] [trace] zeMemAllocDevice(hContext, device_desc, size, alignment, hDevice, pptr)
[2026-10-07 21:51:59.819] [thread-id: 127642208263360] [trace] SUCCESS (ZE_RESULT_SUCCESS) in zeMemAllocDevice(hContext=0x1bc15738, device_desc={stype=0x7ffef15519c0, flags=0, ordinal=0}, size=1, alignment=0, hDevice=0x1bbfef28, pptr=0xffffffffff9ffe00)
[2026-10-07 21:51:59.820] [thread-id: 127642208263360] [trace] zeContextMakeMemoryResident(hContext, hDevice, ptr, size)
[2026-10-07 21:51:59.820] [thread-id: 127642208263360] [trace] SUCCESS (ZE_RESULT_SUCCESS) in zeContextMakeMemoryResident(hContext=0x1bc15738, hDevice=0x1bbfef28, ptr=0xffffffffff9ffe00, size=1)
[2026-10-07 21:51:59.820] [thread-id: 127642208263360] [trace] zeMemGetAllocProperties(hContext, ptr, pMemAllocProperties, phDevice)
[2026-10-07 21:51:59.820] [thread-id: 127642208263360] [trace] SUCCESS (ZE_RESULT_SUCCESS) in zeMemGetAllocProperties(hContext=0x1bc15738, ptr=0xffffffffff9ffe00, pMemAllocProperties={stype=0x7ffef1551a00, type=0x7ffef1551a10, id=3, pageSize=65536}, phDevice=nullptr)
[2026-10-07 21:51:59.820] [thread-id: 127642208263360] [trace] zeMemFreeExt(hContext, pMemFreeDesc, ptr)
[2026-10-07 21:51:59.820] [thread-id: 127642208263360] [trace] SUCCESS (ZE_RESULT_SUCCESS) in zeMemFreeExt(hContext=0x1bc15738, pMemFreeDesc={stype=0x7ffef15519e0, freePolicy=1}, ptr=0xffffffffff9ffe00)
[2026-10-07 21:51:59.820] [thread-id: 127642208263360] [trace] zeDeviceGetProperties(hDevice, pDeviceProperties)
[2026-10-07 21:51:59.820] [thread-id: 127642208263360] [trace] SUCCESS (ZE_RESULT_SUCCESS) in zeDeviceGetProperties(hDevice=0x1bbfef28, pDeviceProperties={stype=0x7416f215c068, type=0x7416f215c078, vendorId=32902, deviceId=57868, flags=8, subdeviceId=0, coreClockRate=2750, maxMemAllocSize=10132807680, maxHardwareContexts=65536, maxCommandQueuePriority=0, numThreadsPerEU=8, physicalEUSimdWidth=16, numEUsPerSubslice=8, numSubslicesPerSlice=4, numSlices=5, timerResolution=52, timestampValidBits=64, kernelTimestampValidBits=64, uuid={id=134}, name="Intel(R) Arc(TM) B570 Graphics"})
[2026-10-07 21:51:59.820] [thread-id: 127642208263360] [trace] zeMemAllocShared(hContext, device_desc, host_desc, size, alignment, hDevice, pptr)
[2026-10-07 21:51:59.820] [thread-id: 127642208263360] [trace] SUCCESS (ZE_RESULT_SUCCESS) in zeMemAllocShared(hContext=0x1bc15738, device_desc={stype=0x7ffef1551a00, flags=0, ordinal=0}, host_desc={stype=0x7ffef15519e0, flags=0}, size=1, alignment=0, hDevice=0x1bbfef28, pptr=0x7416f2140000)
[2026-10-07 21:51:59.820] [thread-id: 127642208263360] [trace] zeMemGetAllocProperties(hContext, ptr, pMemAllocProperties, phDevice)
[2026-10-07 21:51:59.820] [thread-id: 127642208263360] [trace] SUCCESS (ZE_RESULT_SUCCESS) in zeMemGetAllocProperties(hContext=0x1bc15738, ptr=0x7416f2140000, pMemAllocProperties={stype=0x7ffef1551a00, type=0x7ffef1551a10, id=9, pageSize=65536}, phDevice=nullptr)
[2026-10-07 21:51:59.820] [thread-id: 127642208263360] [trace] zeMemFreeExt(hContext, pMemFreeDesc, ptr)
[2026-10-07 21:51:59.821] [thread-id: 127642208263360] [trace] SUCCESS (ZE_RESULT_SUCCESS) in zeMemFreeExt(hContext=0x1bc15738, pMemFreeDesc={stype=0x7ffef15519e0, freePolicy=1}, ptr=0x7416f2140000)
[2026-10-07 21:51:59.821] [thread-id: 127642208263360] [trace] zeDeviceGetProperties(hDevice, pDeviceProperties)
[2026-10-07 21:51:59.821] [thread-id: 127642208263360] [trace] SUCCESS (ZE_RESULT_SUCCESS) in zeDeviceGetProperties(hDevice=0x1bbfef28, pDeviceProperties={stype=0x7416f2158068, type=0x7416f2158078, vendorId=32902, deviceId=57868, flags=8, subdeviceId=0, coreClockRate=2750, maxMemAllocSize=10132807680, maxHardwareContexts=65536, maxCommandQueuePriority=0, numThreadsPerEU=8, physicalEUSimdWidth=16, numEUsPerSubslice=8, numSubslicesPerSlice=4, numSlices=5, timerResolution=52, timestampValidBits=64, kernelTimestampValidBits=64, uuid={id=134}, name="Intel(R) Arc(TM) B570 Graphics"})
[2026-10-07 21:51:59.821] [thread-id: 127642208263360] [trace] zeMemAllocShared(hContext, device_desc, host_desc, size, alignment, hDevice, pptr)
[2026-10-07 21:51:59.821] [thread-id: 127642208263360] [trace] SUCCESS (ZE_RESULT_SUCCESS) in zeMemAllocShared(hContext=0x1bc15738, device_desc={stype=0x7ffef1551a00, flags=0, ordinal=0}, host_desc={stype=0x7ffef15519e0, flags=0}, size=1, alignment=0, hDevice=0x1bbfef28, pptr=0x7416f2140000)
[2026-10-07 21:51:59.821] [thread-id: 127642208263360] [trace] zeMemGetAllocProperties(hContext, ptr, pMemAllocProperties, phDevice)
[2026-10-07 21:51:59.821] [thread-id: 127642208263360] [trace] SUCCESS (ZE_RESULT_SUCCESS) in zeMemGetAllocProperties(hContext=0x1bc15738, ptr=0x7416f2140000, pMemAllocProperties={stype=0x7ffef1551a00, type=0x7ffef1551a10, id=10, pageSize=65536}, phDevice=nullptr)
[2026-10-07 21:51:59.821] [thread-id: 127642208263360] [trace] zeMemFreeExt(hContext, pMemFreeDesc, ptr)
[2026-10-07 21:51:59.821] [thread-id: 127642208263360] [trace] SUCCESS (ZE_RESULT_SUCCESS) in zeMemFreeExt(hContext=0x1bc15738, pMemFreeDesc={stype=0x7ffef15519e0, freePolicy=1}, ptr=0x7416f2140000)
   <--- urContextCreate(.DeviceCount = 1, .phDevices = 0x1bc14ce0 {0x1bc14040}, .pProperties = nullptr, .phContext = 0x1bc16c40 (0x1bc18b90)) -> UR_RESULT_SUCCESS;
   ---> urQueueCreate
<LEVEL_ZERO>[INFO]: Copy offload is disabled by the environment variable.
<LEVEL_ZERO>[DEBUG]: create command list ordinal: 0, type: immediate, device: 0x1bbfef28, inOrder: 1
[2026-10-07 21:51:59.821] [thread-id: 127642208263360] [trace] zeCommandListCreateImmediate(hContext, hDevice, altdesc, phCommandList)
[2026-10-07 21:51:59.823] [thread-id: 127642208263360] [trace] SUCCESS (ZE_RESULT_SUCCESS) in zeCommandListCreateImmediate(hContext=0x1bc15738, hDevice=0x1bbfef28, altdesc={stype=0x7ffef1551f00, ordinal=0, index=0, flags=2, mode=0x7ffef1551f1c, priority=0x7ffef1551f20}, phCommandList=0x1bc1cd88)
[2026-10-07 21:51:59.823] [thread-id: 127642208263360] [trace] zeDriverGetExtensionFunctionAddress(hDriver, name, ppFunctionAddress)
[2026-10-07 21:51:59.823] [thread-id: 127642208263360] [trace] SUCCESS (ZE_RESULT_SUCCESS) in zeDriverGetExtensionFunctionAddress(hDriver=0x1bbfe9c8, name="zexCounterBasedEventCreate2", ppFunctionAddress=0x741700632c00)
   <--- urQueueCreate(.hContext = 0x1bc18b90, .hDevice = 0x1bc14040, .pProperties = 0x7ffef15524e0 ((struct ur_queue_properties_t){.stype = UR_STRUCTURE_TYPE_QUEUE_PROPERTIES, .pNext = nullptr, .flags = 0}), .phQueue = 0x7ffef15524f8 (0x1bc1c0a0)) -> UR_RESULT_SUCCESS;
   ---> urDeviceGetInfo
[2026-10-07 21:51:59.823] [thread-id: 127642208263360] [trace] zeDeviceGetMemoryAccessProperties(hDevice, pMemAccessProperties)
[2026-10-07 21:51:59.823] [thread-id: 127642208263360] [trace] SUCCESS (ZE_RESULT_SUCCESS) in zeDeviceGetMemoryAccessProperties(hDevice=0x1bbfef28, pMemAccessProperties={stype=0x1bc14420, hostAllocCapabilities=3, deviceAllocCapabilities=3, sharedSingleDeviceAllocCapabilities=3, sharedCrossDeviceAllocCapabilities=0, sharedSystemAllocCapabilities=15})
   <--- urDeviceGetInfo(.hDevice = 0x1bc14040, .propName = UR_DEVICE_INFO_USM_DEVICE_SUPPORT, .propSize = 4, .pPropValue = 0x7ffef1552344 (UR_DEVICE_USM_ACCESS_CAPABILITY_FLAG_ACCESS | UR_DEVICE_USM_ACCESS_CAPABILITY_FLAG_ATOMIC_ACCESS), .pPropSizeRet = nullptr) -> UR_RESULT_SUCCESS;
   ---> urUSMDeviceAlloc
[2026-10-07 21:51:59.823] [thread-id: 127642208263360] [trace] zeMemAllocDevice(hContext, device_desc, size, alignment, hDevice, pptr)
[2026-10-07 21:51:59.823] [thread-id: 127642208263360] [trace] SUCCESS (ZE_RESULT_SUCCESS) in zeMemAllocDevice(hContext=0x1bc15738, device_desc={stype=0x7ffef1551f50, flags=0, ordinal=0}, size=65536, alignment=0, hDevice=0x1bbfef28, pptr=0xffffffffff600000)
[2026-10-07 21:51:59.823] [thread-id: 127642208263360] [trace] zeContextMakeMemoryResident(hContext, hDevice, ptr, size)
[2026-10-07 21:51:59.823] [thread-id: 127642208263360] [trace] SUCCESS (ZE_RESULT_SUCCESS) in zeContextMakeMemoryResident(hContext=0x1bc15738, hDevice=0x1bbfef28, ptr=0xffffffffff600000, size=65536)
   <--- urUSMDeviceAlloc(.hContext = 0x1bc18b90, .hDevice = 0x1bc14040, .pUSMDesc = 0x7ffef15524b0 ((struct ur_usm_desc_t){.stype = UR_STRUCTURE_TYPE_CONTEXT_PROPERTIES, .pNext = nullptr, .hints = 0, .align = 4}), .pool = nullptr, .size = 65536, .ppMem = 0x7ffef15524c8 (0xffffffffff600000)) -> UR_RESULT_SUCCESS;
   ---> urEnqueueUSMMemcpy
<LEVEL_ZERO>[DEBUG]: ze_event_pool_desc_t flags set to: 1
[2026-10-07 21:51:59.824] [thread-id: 127642208263360] [trace] zexCounterBasedEventCreate2(hContext, hDevice, desc, phEvent)
[2026-10-07 21:51:59.824] [thread-id: 127642208263360] [trace] SUCCESS (ZE_RESULT_SUCCESS) in zexCounterBasedEventCreate2(hContext=0x1bc15738, hDevice=0x1bbfef28, desc=0x7ffef1551f00, phEvent=0x1bc4da68)
<LEVEL_ZERO>[DEBUG]: ze_event_pool_desc_t flags set to: 1
[2026-10-07 21:51:59.824] [thread-id: 127642208263360] [trace] zexCounterBasedEventCreate2(hContext, hDevice, desc, phEvent)
[2026-10-07 21:51:59.824] [thread-id: 127642208263360] [trace] SUCCESS (ZE_RESULT_SUCCESS) in zexCounterBasedEventCreate2(hContext=0x1bc15738, hDevice=0x1bbfef28, desc=0x7ffef1551f00, phEvent=0x1bc4de08)
<LEVEL_ZERO>[DEBUG]: ze_event_pool_desc_t flags set to: 1
[2026-10-07 21:51:59.824] [thread-id: 127642208263360] [trace] zexCounterBasedEventCreate2(hContext, hDevice, desc, phEvent)
[2026-10-07 21:51:59.824] [thread-id: 127642208263360] [trace] SUCCESS (ZE_RESULT_SUCCESS) in zexCounterBasedEventCreate2(hContext=0x1bc15738, hDevice=0x1bbfef28, desc=0x7ffef1551f00, phEvent=0x1bc4e528)
<LEVEL_ZERO>[DEBUG]: ze_event_pool_desc_t flags set to: 1
[2026-10-07 21:51:59.824] [thread-id: 127642208263360] [trace] zexCounterBasedEventCreate2(hContext, hDevice, desc, phEvent)
[2026-10-07 21:51:59.824] [thread-id: 127642208263360] [trace] SUCCESS (ZE_RESULT_SUCCESS) in zexCounterBasedEventCreate2(hContext=0x1bc15738, hDevice=0x1bbfef28, desc=0x7ffef1551f00, phEvent=0x1bc4ea68)
<LEVEL_ZERO>[DEBUG]: ze_event_pool_desc_t flags set to: 1
[2026-10-07 21:51:59.824] [thread-id: 127642208263360] [trace] zexCounterBasedEventCreate2(hContext, hDevice, desc, phEvent)
[2026-10-07 21:51:59.824] [thread-id: 127642208263360] [trace] SUCCESS (ZE_RESULT_SUCCESS) in zexCounterBasedEventCreate2(hContext=0x1bc15738, hDevice=0x1bbfef28, desc=0x7ffef1551f00, phEvent=0x1bc4f168)
<LEVEL_ZERO>[DEBUG]: ze_event_pool_desc_t flags set to: 1
[2026-10-07 21:51:59.824] [thread-id: 127642208263360] [trace] zexCounterBasedEventCreate2(hContext, hDevice, desc, phEvent)
[2026-10-07 21:51:59.824] [thread-id: 127642208263360] [trace] SUCCESS (ZE_RESULT_SUCCESS) in zexCounterBasedEventCreate2(hContext=0x1bc15738, hDevice=0x1bbfef28, desc=0x7ffef1551f00, phEvent=0x1bc4f6c8)
<LEVEL_ZERO>[DEBUG]: ze_event_pool_desc_t flags set to: 1
[2026-10-07 21:51:59.824] [thread-id: 127642208263360] [trace] zexCounterBasedEventCreate2(hContext, hDevice, desc, phEvent)
[2026-10-07 21:51:59.824] [thread-id: 127642208263360] [trace] SUCCESS (ZE_RESULT_SUCCESS) in zexCounterBasedEventCreate2(hContext=0x1bc15738, hDevice=0x1bbfef28, desc=0x7ffef1551f00, phEvent=0x1bc4fdc8)
<LEVEL_ZERO>[DEBUG]: ze_event_pool_desc_t flags set to: 1
[2026-10-07 21:51:59.824] [thread-id: 127642208263360] [trace] zexCounterBasedEventCreate2(hContext, hDevice, desc, phEvent)
[2026-10-07 21:51:59.824] [thread-id: 127642208263360] [trace] SUCCESS (ZE_RESULT_SUCCESS) in zexCounterBasedEventCreate2(hContext=0x1bc15738, hDevice=0x1bbfef28, desc=0x7ffef1551f00, phEvent=0x1bc502d8)
<LEVEL_ZERO>[DEBUG]: ze_event_pool_desc_t flags set to: 1
[2026-10-07 21:51:59.824] [thread-id: 127642208263360] [trace] zexCounterBasedEventCreate2(hContext, hDevice, desc, phEvent)
[2026-10-07 21:51:59.824] [thread-id: 127642208263360] [trace] SUCCESS (ZE_RESULT_SUCCESS) in zexCounterBasedEventCreate2(hContext=0x1bc15738, hDevice=0x1bbfef28, desc=0x7ffef1551f00, phEvent=0x1bc509d8)
<LEVEL_ZERO>[DEBUG]: ze_event_pool_desc_t flags set to: 1
[2026-10-07 21:51:59.824] [thread-id: 127642208263360] [trace] zexCounterBasedEventCreate2(hContext, hDevice, desc, phEvent)
[2026-10-07 21:51:59.824] [thread-id: 127642208263360] [trace] SUCCESS (ZE_RESULT_SUCCESS) in zexCounterBasedEventCreate2(hContext=0x1bc15738, hDevice=0x1bbfef28, desc=0x7ffef1551f00, phEvent=0x1bc50ee8)
<LEVEL_ZERO>[DEBUG]: ze_event_pool_desc_t flags set to: 1
[2026-10-07 21:51:59.824] [thread-id: 127642208263360] [trace] zexCounterBasedEventCreate2(hContext, hDevice, desc, phEvent)
[2026-10-07 21:51:59.824] [thread-id: 127642208263360] [trace] SUCCESS (ZE_RESULT_SUCCESS) in zexCounterBasedEventCreate2(hContext=0x1bc15738, hDevice=0x1bbfef28, desc=0x7ffef1551f00, phEvent=0x1bc515e8)
<LEVEL_ZERO>[DEBUG]: ze_event_pool_desc_t flags set to: 1
[2026-10-07 21:51:59.824] [thread-id: 127642208263360] [trace] zexCounterBasedEventCreate2(hContext, hDevice, desc, phEvent)
[2026-10-07 21:51:59.824] [thread-id: 127642208263360] [trace] SUCCESS (ZE_RESULT_SUCCESS) in zexCounterBasedEventCreate2(hContext=0x1bc15738, hDevice=0x1bbfef28, desc=0x7ffef1551f00, phEvent=0x1bc51b98)
<LEVEL_ZERO>[DEBUG]: ze_event_pool_desc_t flags set to: 1
[2026-10-07 21:51:59.824] [thread-id: 127642208263360] [trace] zexCounterBasedEventCreate2(hContext, hDevice, desc, phEvent)
[2026-10-07 21:51:59.824] [thread-id: 127642208263360] [trace] SUCCESS (ZE_RESULT_SUCCESS) in zexCounterBasedEventCreate2(hContext=0x1bc15738, hDevice=0x1bbfef28, desc=0x7ffef1551f00, phEvent=0x1bc52298)
<LEVEL_ZERO>[DEBUG]: ze_event_pool_desc_t flags set to: 1
[2026-10-07 21:51:59.824] [thread-id: 127642208263360] [trace] zexCounterBasedEventCreate2(hContext, hDevice, desc, phEvent)
[2026-10-07 21:51:59.824] [thread-id: 127642208263360] [trace] SUCCESS (ZE_RESULT_SUCCESS) in zexCounterBasedEventCreate2(hContext=0x1bc15738, hDevice=0x1bbfef28, desc=0x7ffef1551f00, phEvent=0x1bc527a8)
<LEVEL_ZERO>[DEBUG]: ze_event_pool_desc_t flags set to: 1
[2026-10-07 21:51:59.824] [thread-id: 127642208263360] [trace] zexCounterBasedEventCreate2(hContext, hDevice, desc, phEvent)
[2026-10-07 21:51:59.824] [thread-id: 127642208263360] [trace] SUCCESS (ZE_RESULT_SUCCESS) in zexCounterBasedEventCreate2(hContext=0x1bc15738, hDevice=0x1bbfef28, desc=0x7ffef1551f00, phEvent=0x1bc52ea8)
<LEVEL_ZERO>[DEBUG]: ze_event_pool_desc_t flags set to: 1
[2026-10-07 21:51:59.824] [thread-id: 127642208263360] [trace] zexCounterBasedEventCreate2(hContext, hDevice, desc, phEvent)
[2026-10-07 21:51:59.824] [thread-id: 127642208263360] [trace] SUCCESS (ZE_RESULT_SUCCESS) in zexCounterBasedEventCreate2(hContext=0x1bc15738, hDevice=0x1bbfef28, desc=0x7ffef1551f00, phEvent=0x1bc533b8)
<LEVEL_ZERO>[DEBUG]: ze_event_pool_desc_t flags set to: 1
[2026-10-07 21:51:59.824] [thread-id: 127642208263360] [trace] zexCounterBasedEventCreate2(hContext, hDevice, desc, phEvent)
[2026-10-07 21:51:59.824] [thread-id: 127642208263360] [trace] SUCCESS (ZE_RESULT_SUCCESS) in zexCounterBasedEventCreate2(hContext=0x1bc15738, hDevice=0x1bbfef28, desc=0x7ffef1551f00, phEvent=0x1bc53ab8)
<LEVEL_ZERO>[DEBUG]: ze_event_pool_desc_t flags set to: 1
[2026-10-07 21:51:59.824] [thread-id: 127642208263360] [trace] zexCounterBasedEventCreate2(hContext, hDevice, desc, phEvent)
[2026-10-07 21:51:59.824] [thread-id: 127642208263360] [trace] SUCCESS (ZE_RESULT_SUCCESS) in zexCounterBasedEventCreate2(hContext=0x1bc15738, hDevice=0x1bbfef28, desc=0x7ffef1551f00, phEvent=0x1bc540d8)
<LEVEL_ZERO>[DEBUG]: ze_event_pool_desc_t flags set to: 1
[2026-10-07 21:51:59.824] [thread-id: 127642208263360] [trace] zexCounterBasedEventCreate2(hContext, hDevice, desc, phEvent)
[2026-10-07 21:51:59.824] [thread-id: 127642208263360] [trace] SUCCESS (ZE_RESULT_SUCCESS) in zexCounterBasedEventCreate2(hContext=0x1bc15738, hDevice=0x1bbfef28, desc=0x7ffef1551f00, phEvent=0x1bc547d8)
<LEVEL_ZERO>[DEBUG]: ze_event_pool_desc_t flags set to: 1
[2026-10-07 21:51:59.824] [thread-id: 127642208263360] [trace] zexCounterBasedEventCreate2(hContext, hDevice, desc, phEvent)
[2026-10-07 21:51:59.824] [thread-id: 127642208263360] [trace] SUCCESS (ZE_RESULT_SUCCESS) in zexCounterBasedEventCreate2(hContext=0x1bc15738, hDevice=0x1bbfef28, desc=0x7ffef1551f00, phEvent=0x1bc54ce8)
<LEVEL_ZERO>[DEBUG]: ze_event_pool_desc_t flags set to: 1
[2026-10-07 21:51:59.824] [thread-id: 127642208263360] [trace] zexCounterBasedEventCreate2(hContext, hDevice, desc, phEvent)
[2026-10-07 21:51:59.824] [thread-id: 127642208263360] [trace] SUCCESS (ZE_RESULT_SUCCESS) in zexCounterBasedEventCreate2(hContext=0x1bc15738, hDevice=0x1bbfef28, desc=0x7ffef1551f00, phEvent=0x1bc553e8)
<LEVEL_ZERO>[DEBUG]: ze_event_pool_desc_t flags set to: 1
[2026-10-07 21:51:59.824] [thread-id: 127642208263360] [trace] zexCounterBasedEventCreate2(hContext, hDevice, desc, phEvent)
[2026-10-07 21:51:59.824] [thread-id: 127642208263360] [trace] SUCCESS (ZE_RESULT_SUCCESS) in zexCounterBasedEventCreate2(hContext=0x1bc15738, hDevice=0x1bbfef28, desc=0x7ffef1551f00, phEvent=0x1bc558f8)
<LEVEL_ZERO>[DEBUG]: ze_event_pool_desc_t flags set to: 1
[2026-10-07 21:51:59.824] [thread-id: 127642208263360] [trace] zexCounterBasedEventCreate2(hContext, hDevice, desc, phEvent)
[2026-10-07 21:51:59.824] [thread-id: 127642208263360] [trace] SUCCESS (ZE_RESULT_SUCCESS) in zexCounterBasedEventCreate2(hContext=0x1bc15738, hDevice=0x1bbfef28, desc=0x7ffef1551f00, phEvent=0x1bc55ff8)
<LEVEL_ZERO>[DEBUG]: ze_event_pool_desc_t flags set to: 1
[2026-10-07 21:51:59.824] [thread-id: 127642208263360] [trace] zexCounterBasedEventCreate2(hContext, hDevice, desc, phEvent)
[2026-10-07 21:51:59.825] [thread-id: 127642208263360] [trace] SUCCESS (ZE_RESULT_SUCCESS) in zexCounterBasedEventCreate2(hContext=0x1bc15738, hDevice=0x1bbfef28, desc=0x7ffef1551f00, phEvent=0x1bc56508)
<LEVEL_ZERO>[DEBUG]: ze_event_pool_desc_t flags set to: 1
[2026-10-07 21:51:59.825] [thread-id: 127642208263360] [trace] zexCounterBasedEventCreate2(hContext, hDevice, desc, phEvent)
[2026-10-07 21:51:59.825] [thread-id: 127642208263360] [trace] SUCCESS (ZE_RESULT_SUCCESS) in zexCounterBasedEventCreate2(hContext=0x1bc15738, hDevice=0x1bbfef28, desc=0x7ffef1551f00, phEvent=0x1bc56d48)
<LEVEL_ZERO>[DEBUG]: ze_event_pool_desc_t flags set to: 1
[2026-10-07 21:51:59.825] [thread-id: 127642208263360] [trace] zexCounterBasedEventCreate2(hContext, hDevice, desc, phEvent)
[2026-10-07 21:51:59.825] [thread-id: 127642208263360] [trace] SUCCESS (ZE_RESULT_SUCCESS) in zexCounterBasedEventCreate2(hContext=0x1bc15738, hDevice=0x1bbfef28, desc=0x7ffef1551f00, phEvent=0x1bc57258)
<LEVEL_ZERO>[DEBUG]: ze_event_pool_desc_t flags set to: 1
[2026-10-07 21:51:59.825] [thread-id: 127642208263360] [trace] zexCounterBasedEventCreate2(hContext, hDevice, desc, phEvent)
[2026-10-07 21:51:59.825] [thread-id: 127642208263360] [trace] SUCCESS (ZE_RESULT_SUCCESS) in zexCounterBasedEventCreate2(hContext=0x1bc15738, hDevice=0x1bbfef28, desc=0x7ffef1551f00, phEvent=0x1bc57958)
<LEVEL_ZERO>[DEBUG]: ze_event_pool_desc_t flags set to: 1
[2026-10-07 21:51:59.825] [thread-id: 127642208263360] [trace] zexCounterBasedEventCreate2(hContext, hDevice, desc, phEvent)
[2026-10-07 21:51:59.825] [thread-id: 127642208263360] [trace] SUCCESS (ZE_RESULT_SUCCESS) in zexCounterBasedEventCreate2(hContext=0x1bc15738, hDevice=0x1bbfef28, desc=0x7ffef1551f00, phEvent=0x1bc57e68)
<LEVEL_ZERO>[DEBUG]: ze_event_pool_desc_t flags set to: 1
[2026-10-07 21:51:59.825] [thread-id: 127642208263360] [trace] zexCounterBasedEventCreate2(hContext, hDevice, desc, phEvent)
[2026-10-07 21:51:59.825] [thread-id: 127642208263360] [trace] SUCCESS (ZE_RESULT_SUCCESS) in zexCounterBasedEventCreate2(hContext=0x1bc15738, hDevice=0x1bbfef28, desc=0x7ffef1551f00, phEvent=0x1bc58568)
<LEVEL_ZERO>[DEBUG]: ze_event_pool_desc_t flags set to: 1
[2026-10-07 21:51:59.825] [thread-id: 127642208263360] [trace] zexCounterBasedEventCreate2(hContext, hDevice, desc, phEvent)
[2026-10-07 21:51:59.825] [thread-id: 127642208263360] [trace] SUCCESS (ZE_RESULT_SUCCESS) in zexCounterBasedEventCreate2(hContext=0x1bc15738, hDevice=0x1bbfef28, desc=0x7ffef1551f00, phEvent=0x1bc58a78)
<LEVEL_ZERO>[DEBUG]: ze_event_pool_desc_t flags set to: 1
[2026-10-07 21:51:59.825] [thread-id: 127642208263360] [trace] zexCounterBasedEventCreate2(hContext, hDevice, desc, phEvent)
[2026-10-07 21:51:59.825] [thread-id: 127642208263360] [trace] SUCCESS (ZE_RESULT_SUCCESS) in zexCounterBasedEventCreate2(hContext=0x1bc15738, hDevice=0x1bbfef28, desc=0x7ffef1551f00, phEvent=0x1bc59178)
<LEVEL_ZERO>[DEBUG]: ze_event_pool_desc_t flags set to: 1
[2026-10-07 21:51:59.825] [thread-id: 127642208263360] [trace] zexCounterBasedEventCreate2(hContext, hDevice, desc, phEvent)
[2026-10-07 21:51:59.825] [thread-id: 127642208263360] [trace] SUCCESS (ZE_RESULT_SUCCESS) in zexCounterBasedEventCreate2(hContext=0x1bc15738, hDevice=0x1bbfef28, desc=0x7ffef1551f00, phEvent=0x1bc59688)
<LEVEL_ZERO>[DEBUG]: ze_event_pool_desc_t flags set to: 1
[2026-10-07 21:51:59.825] [thread-id: 127642208263360] [trace] zexCounterBasedEventCreate2(hContext, hDevice, desc, phEvent)
[2026-10-07 21:51:59.825] [thread-id: 127642208263360] [trace] SUCCESS (ZE_RESULT_SUCCESS) in zexCounterBasedEventCreate2(hContext=0x1bc15738, hDevice=0x1bbfef28, desc=0x7ffef1551f00, phEvent=0x1bc59d88)
<LEVEL_ZERO>[DEBUG]: ze_event_pool_desc_t flags set to: 1
[2026-10-07 21:51:59.825] [thread-id: 127642208263360] [trace] zexCounterBasedEventCreate2(hContext, hDevice, desc, phEvent)
[2026-10-07 21:51:59.825] [thread-id: 127642208263360] [trace] SUCCESS (ZE_RESULT_SUCCESS) in zexCounterBasedEventCreate2(hContext=0x1bc15738, hDevice=0x1bbfef28, desc=0x7ffef1551f00, phEvent=0x1bc5a4a8)
<LEVEL_ZERO>[DEBUG]: ze_event_pool_desc_t flags set to: 1
[2026-10-07 21:51:59.825] [thread-id: 127642208263360] [trace] zexCounterBasedEventCreate2(hContext, hDevice, desc, phEvent)
[2026-10-07 21:51:59.825] [thread-id: 127642208263360] [trace] SUCCESS (ZE_RESULT_SUCCESS) in zexCounterBasedEventCreate2(hContext=0x1bc15738, hDevice=0x1bbfef28, desc=0x7ffef1551f00, phEvent=0x1bc5aba8)
<LEVEL_ZERO>[DEBUG]: ze_event_pool_desc_t flags set to: 1
[2026-10-07 21:51:59.825] [thread-id: 127642208263360] [trace] zexCounterBasedEventCreate2(hContext, hDevice, desc, phEvent)
[2026-10-07 21:51:59.825] [thread-id: 127642208263360] [trace] SUCCESS (ZE_RESULT_SUCCESS) in zexCounterBasedEventCreate2(hContext=0x1bc15738, hDevice=0x1bbfef28, desc=0x7ffef1551f00, phEvent=0x1bc5b0b8)
<LEVEL_ZERO>[DEBUG]: ze_event_pool_desc_t flags set to: 1
[2026-10-07 21:51:59.825] [thread-id: 127642208263360] [trace] zexCounterBasedEventCreate2(hContext, hDevice, desc, phEvent)
[2026-10-07 21:51:59.825] [thread-id: 127642208263360] [trace] SUCCESS (ZE_RESULT_SUCCESS) in zexCounterBasedEventCreate2(hContext=0x1bc15738, hDevice=0x1bbfef28, desc=0x7ffef1551f00, phEvent=0x1bc5b7b8)
<LEVEL_ZERO>[DEBUG]: ze_event_pool_desc_t flags set to: 1
[2026-10-07 21:51:59.825] [thread-id: 127642208263360] [trace] zexCounterBasedEventCreate2(hContext, hDevice, desc, phEvent)
[2026-10-07 21:51:59.825] [thread-id: 127642208263360] [trace] SUCCESS (ZE_RESULT_SUCCESS) in zexCounterBasedEventCreate2(hContext=0x1bc15738, hDevice=0x1bbfef28, desc=0x7ffef1551f00, phEvent=0x1bc5bcc8)
<LEVEL_ZERO>[DEBUG]: ze_event_pool_desc_t flags set to: 1
[2026-10-07 21:51:59.825] [thread-id: 127642208263360] [trace] zexCounterBasedEventCreate2(hContext, hDevice, desc, phEvent)
[2026-10-07 21:51:59.825] [thread-id: 127642208263360] [trace] SUCCESS (ZE_RESULT_SUCCESS) in zexCounterBasedEventCreate2(hContext=0x1bc15738, hDevice=0x1bbfef28, desc=0x7ffef1551f00, phEvent=0x1bc5c3c8)
<LEVEL_ZERO>[DEBUG]: ze_event_pool_desc_t flags set to: 1
[2026-10-07 21:51:59.825] [thread-id: 127642208263360] [trace] zexCounterBasedEventCreate2(hContext, hDevice, desc, phEvent)
[2026-10-07 21:51:59.825] [thread-id: 127642208263360] [trace] SUCCESS (ZE_RESULT_SUCCESS) in zexCounterBasedEventCreate2(hContext=0x1bc15738, hDevice=0x1bbfef28, desc=0x7ffef1551f00, phEvent=0x1bc5c8d8)
<LEVEL_ZERO>[DEBUG]: ze_event_pool_desc_t flags set to: 1
[2026-10-07 21:51:59.825] [thread-id: 127642208263360] [trace] zexCounterBasedEventCreate2(hContext, hDevice, desc, phEvent)
[2026-10-07 21:51:59.825] [thread-id: 127642208263360] [trace] SUCCESS (ZE_RESULT_SUCCESS) in zexCounterBasedEventCreate2(hContext=0x1bc15738, hDevice=0x1bbfef28, desc=0x7ffef1551f00, phEvent=0x1bc5cfd8)
<LEVEL_ZERO>[DEBUG]: ze_event_pool_desc_t flags set to: 1
[2026-10-07 21:51:59.825] [thread-id: 127642208263360] [trace] zexCounterBasedEventCreate2(hContext, hDevice, desc, phEvent)
[2026-10-07 21:51:59.825] [thread-id: 127642208263360] [trace] SUCCESS (ZE_RESULT_SUCCESS) in zexCounterBasedEventCreate2(hContext=0x1bc15738, hDevice=0x1bbfef28, desc=0x7ffef1551f00, phEvent=0x1bc5d4e8)
<LEVEL_ZERO>[DEBUG]: ze_event_pool_desc_t flags set to: 1
[2026-10-07 21:51:59.825] [thread-id: 127642208263360] [trace] zexCounterBasedEventCreate2(hContext, hDevice, desc, phEvent)
[2026-10-07 21:51:59.825] [thread-id: 127642208263360] [trace] SUCCESS (ZE_RESULT_SUCCESS) in zexCounterBasedEventCreate2(hContext=0x1bc15738, hDevice=0x1bbfef28, desc=0x7ffef1551f00, phEvent=0x1bc5dbe8)
<LEVEL_ZERO>[DEBUG]: ze_event_pool_desc_t flags set to: 1
[2026-10-07 21:51:59.825] [thread-id: 127642208263360] [trace] zexCounterBasedEventCreate2(hContext, hDevice, desc, phEvent)
[2026-10-07 21:51:59.825] [thread-id: 127642208263360] [trace] SUCCESS (ZE_RESULT_SUCCESS) in zexCounterBasedEventCreate2(hContext=0x1bc15738, hDevice=0x1bbfef28, desc=0x7ffef1551f00, phEvent=0x1bc5e0f8)
<LEVEL_ZERO>[DEBUG]: ze_event_pool_desc_t flags set to: 1
[2026-10-07 21:51:59.825] [thread-id: 127642208263360] [trace] zexCounterBasedEventCreate2(hContext, hDevice, desc, phEvent)
[2026-10-07 21:51:59.825] [thread-id: 127642208263360] [trace] SUCCESS (ZE_RESULT_SUCCESS) in zexCounterBasedEventCreate2(hContext=0x1bc15738, hDevice=0x1bbfef28, desc=0x7ffef1551f00, phEvent=0x1bc5e7f8)
<LEVEL_ZERO>[DEBUG]: ze_event_pool_desc_t flags set to: 1
[2026-10-07 21:51:59.825] [thread-id: 127642208263360] [trace] zexCounterBasedEventCreate2(hContext, hDevice, desc, phEvent)
[2026-10-07 21:51:59.825] [thread-id: 127642208263360] [trace] SUCCESS (ZE_RESULT_SUCCESS) in zexCounterBasedEventCreate2(hContext=0x1bc15738, hDevice=0x1bbfef28, desc=0x7ffef1551f00, phEvent=0x1bc5ed08)
<LEVEL_ZERO>[DEBUG]: ze_event_pool_desc_t flags set to: 1
[2026-10-07 21:51:59.825] [thread-id: 127642208263360] [trace] zexCounterBasedEventCreate2(hContext, hDevice, desc, phEvent)
[2026-10-07 21:51:59.825] [thread-id: 127642208263360] [trace] SUCCESS (ZE_RESULT_SUCCESS) in zexCounterBasedEventCreate2(hContext=0x1bc15738, hDevice=0x1bbfef28, desc=0x7ffef1551f00, phEvent=0x1bc5f408)
<LEVEL_ZERO>[DEBUG]: ze_event_pool_desc_t flags set to: 1
[2026-10-07 21:51:59.825] [thread-id: 127642208263360] [trace] zexCounterBasedEventCreate2(hContext, hDevice, desc, phEvent)
[2026-10-07 21:51:59.825] [thread-id: 127642208263360] [trace] SUCCESS (ZE_RESULT_SUCCESS) in zexCounterBasedEventCreate2(hContext=0x1bc15738, hDevice=0x1bbfef28, desc=0x7ffef1551f00, phEvent=0x1bc5f918)
<LEVEL_ZERO>[DEBUG]: ze_event_pool_desc_t flags set to: 1
[2026-10-07 21:51:59.825] [thread-id: 127642208263360] [trace] zexCounterBasedEventCreate2(hContext, hDevice, desc, phEvent)
[2026-10-07 21:51:59.825] [thread-id: 127642208263360] [trace] SUCCESS (ZE_RESULT_SUCCESS) in zexCounterBasedEventCreate2(hContext=0x1bc15738, hDevice=0x1bbfef28, desc=0x7ffef1551f00, phEvent=0x1bc60018)
<LEVEL_ZERO>[DEBUG]: ze_event_pool_desc_t flags set to: 1
[2026-10-07 21:51:59.826] [thread-id: 127642208263360] [trace] zexCounterBasedEventCreate2(hContext, hDevice, desc, phEvent)
[2026-10-07 21:51:59.826] [thread-id: 127642208263360] [trace] SUCCESS (ZE_RESULT_SUCCESS) in zexCounterBasedEventCreate2(hContext=0x1bc15738, hDevice=0x1bbfef28, desc=0x7ffef1551f00, phEvent=0x1bc60528)
<LEVEL_ZERO>[DEBUG]: ze_event_pool_desc_t flags set to: 1
[2026-10-07 21:51:59.826] [thread-id: 127642208263360] [trace] zexCounterBasedEventCreate2(hContext, hDevice, desc, phEvent)
[2026-10-07 21:51:59.826] [thread-id: 127642208263360] [trace] SUCCESS (ZE_RESULT_SUCCESS) in zexCounterBasedEventCreate2(hContext=0x1bc15738, hDevice=0x1bbfef28, desc=0x7ffef1551f00, phEvent=0x1bc60c28)
<LEVEL_ZERO>[DEBUG]: ze_event_pool_desc_t flags set to: 1
[2026-10-07 21:51:59.826] [thread-id: 127642208263360] [trace] zexCounterBasedEventCreate2(hContext, hDevice, desc, phEvent)
[2026-10-07 21:51:59.826] [thread-id: 127642208263360] [trace] SUCCESS (ZE_RESULT_SUCCESS) in zexCounterBasedEventCreate2(hContext=0x1bc15738, hDevice=0x1bbfef28, desc=0x7ffef1551f00, phEvent=0x1bc61138)
<LEVEL_ZERO>[DEBUG]: ze_event_pool_desc_t flags set to: 1
[2026-10-07 21:51:59.826] [thread-id: 127642208263360] [trace] zexCounterBasedEventCreate2(hContext, hDevice, desc, phEvent)
[2026-10-07 21:51:59.826] [thread-id: 127642208263360] [trace] SUCCESS (ZE_RESULT_SUCCESS) in zexCounterBasedEventCreate2(hContext=0x1bc15738, hDevice=0x1bbfef28, desc=0x7ffef1551f00, phEvent=0x1bc61ab8)
<LEVEL_ZERO>[DEBUG]: ze_event_pool_desc_t flags set to: 1
[2026-10-07 21:51:59.826] [thread-id: 127642208263360] [trace] zexCounterBasedEventCreate2(hContext, hDevice, desc, phEvent)
[2026-10-07 21:51:59.826] [thread-id: 127642208263360] [trace] SUCCESS (ZE_RESULT_SUCCESS) in zexCounterBasedEventCreate2(hContext=0x1bc15738, hDevice=0x1bbfef28, desc=0x7ffef1551f00, phEvent=0x1bc61fc8)
<LEVEL_ZERO>[DEBUG]: ze_event_pool_desc_t flags set to: 1
[2026-10-07 21:51:59.826] [thread-id: 127642208263360] [trace] zexCounterBasedEventCreate2(hContext, hDevice, desc, phEvent)
[2026-10-07 21:51:59.826] [thread-id: 127642208263360] [trace] SUCCESS (ZE_RESULT_SUCCESS) in zexCounterBasedEventCreate2(hContext=0x1bc15738, hDevice=0x1bbfef28, desc=0x7ffef1551f00, phEvent=0x1bc626c8)
<LEVEL_ZERO>[DEBUG]: ze_event_pool_desc_t flags set to: 1
[2026-10-07 21:51:59.826] [thread-id: 127642208263360] [trace] zexCounterBasedEventCreate2(hContext, hDevice, desc, phEvent)
[2026-10-07 21:51:59.826] [thread-id: 127642208263360] [trace] SUCCESS (ZE_RESULT_SUCCESS) in zexCounterBasedEventCreate2(hContext=0x1bc15738, hDevice=0x1bbfef28, desc=0x7ffef1551f00, phEvent=0x1bc62bd8)
<LEVEL_ZERO>[DEBUG]: ze_event_pool_desc_t flags set to: 1
[2026-10-07 21:51:59.826] [thread-id: 127642208263360] [trace] zexCounterBasedEventCreate2(hContext, hDevice, desc, phEvent)
[2026-10-07 21:51:59.826] [thread-id: 127642208263360] [trace] SUCCESS (ZE_RESULT_SUCCESS) in zexCounterBasedEventCreate2(hContext=0x1bc15738, hDevice=0x1bbfef28, desc=0x7ffef1551f00, phEvent=0x1bc632d8)
<LEVEL_ZERO>[DEBUG]: ze_event_pool_desc_t flags set to: 1
[2026-10-07 21:51:59.826] [thread-id: 127642208263360] [trace] zexCounterBasedEventCreate2(hContext, hDevice, desc, phEvent)
[2026-10-07 21:51:59.826] [thread-id: 127642208263360] [trace] SUCCESS (ZE_RESULT_SUCCESS) in zexCounterBasedEventCreate2(hContext=0x1bc15738, hDevice=0x1bbfef28, desc=0x7ffef1551f00, phEvent=0x1bc637e8)
<LEVEL_ZERO>[DEBUG]: ze_event_pool_desc_t flags set to: 1
[2026-10-07 21:51:59.826] [thread-id: 127642208263360] [trace] zexCounterBasedEventCreate2(hContext, hDevice, desc, phEvent)
[2026-10-07 21:51:59.826] [thread-id: 127642208263360] [trace] SUCCESS (ZE_RESULT_SUCCESS) in zexCounterBasedEventCreate2(hContext=0x1bc15738, hDevice=0x1bbfef28, desc=0x7ffef1551f00, phEvent=0x1bc63ee8)
<LEVEL_ZERO>[DEBUG]: ze_event_pool_desc_t flags set to: 1
[2026-10-07 21:51:59.826] [thread-id: 127642208263360] [trace] zexCounterBasedEventCreate2(hContext, hDevice, desc, phEvent)
[2026-10-07 21:51:59.826] [thread-id: 127642208263360] [trace] SUCCESS (ZE_RESULT_SUCCESS) in zexCounterBasedEventCreate2(hContext=0x1bc15738, hDevice=0x1bbfef28, desc=0x7ffef1551f00, phEvent=0x1bc643f8)
<LEVEL_ZERO>[DEBUG]: ze_event_pool_desc_t flags set to: 1
[2026-10-07 21:51:59.826] [thread-id: 127642208263360] [trace] zexCounterBasedEventCreate2(hContext, hDevice, desc, phEvent)
[2026-10-07 21:51:59.826] [thread-id: 127642208263360] [trace] SUCCESS (ZE_RESULT_SUCCESS) in zexCounterBasedEventCreate2(hContext=0x1bc15738, hDevice=0x1bbfef28, desc=0x7ffef1551f00, phEvent=0x1bc64af8)
<LEVEL_ZERO>[DEBUG]: ze_event_pool_desc_t flags set to: 1
[2026-10-07 21:51:59.826] [thread-id: 127642208263360] [trace] zexCounterBasedEventCreate2(hContext, hDevice, desc, phEvent)
[2026-10-07 21:51:59.826] [thread-id: 127642208263360] [trace] SUCCESS (ZE_RESULT_SUCCESS) in zexCounterBasedEventCreate2(hContext=0x1bc15738, hDevice=0x1bbfef28, desc=0x7ffef1551f00, phEvent=0x1bc65008)
<LEVEL_ZERO>[DEBUG]: ze_event_pool_desc_t flags set to: 1
[2026-10-07 21:51:59.826] [thread-id: 127642208263360] [trace] zexCounterBasedEventCreate2(hContext, hDevice, desc, phEvent)
[2026-10-07 21:51:59.826] [thread-id: 127642208263360] [trace] SUCCESS (ZE_RESULT_SUCCESS) in zexCounterBasedEventCreate2(hContext=0x1bc15738, hDevice=0x1bbfef28, desc=0x7ffef1551f00, phEvent=0x1bc65708)
<LEVEL_ZERO>[DEBUG]: ze_event_pool_desc_t flags set to: 1
[2026-10-07 21:51:59.826] [thread-id: 127642208263360] [trace] zexCounterBasedEventCreate2(hContext, hDevice, desc, phEvent)
[2026-10-07 21:51:59.826] [thread-id: 127642208263360] [trace] SUCCESS (ZE_RESULT_SUCCESS) in zexCounterBasedEventCreate2(hContext=0x1bc15738, hDevice=0x1bbfef28, desc=0x7ffef1551f00, phEvent=0x1bc65c18)
[2026-10-07 21:51:59.826] [thread-id: 127642208263360] [trace] zeCommandListAppendMemoryCopy(hCommandList, dstptr, srcptr, size, hSignalEvent, numWaitEvents, phWaitEventsLocal)
[2026-10-07 21:51:59.829] [thread-id: 127642208263360] [trace] SUCCESS (ZE_RESULT_SUCCESS) in zeCommandListAppendMemoryCopy(hCommandList=0x1bc1cd88, dstptr=0xffffffffff600000, srcptr=0x1bc2d8a0, size=65536, hSignalEvent=0x1bc65c18, numWaitEvents=0, phWaitEvents=nullptr)
   <--- urEnqueueUSMMemcpy(.hQueue = 0x1bc1c0a0, .blocking = 0, .pDst = 0xffffffffff600000, .pSrc = 0x1bc2d8a0, .size = 65536, .numEventsInWaitList = 0, .phEventWaitList = nullptr, .phEvent = 0x7ffef1552500 (0x1bc65600)) -> UR_RESULT_SUCCESS;
   ---> urEventWait
[2026-10-07 21:51:59.830] [thread-id: 127642208263360] [trace] zeEventHostSynchronize(hEvent, timeout)
[2026-10-07 21:51:59.830] [thread-id: 127642208263360] [trace] SUCCESS (ZE_RESULT_SUCCESS) in zeEventHostSynchronize(hEvent=0x1bc65c18, timeout=18446744073709551615)
   <--- urEventWait(.numEvents = 1, .phEventWaitList = 0x7ffef1552550 {0x1bc65600}) -> UR_RESULT_SUCCESS;
   ---> urEventRelease
   <--- urEventRelease(.hEvent = 0x1bc65600) -> UR_RESULT_SUCCESS;
   ---> urDeviceGetInfo
[2026-10-07 21:51:59.830] [thread-id: 127642208263360] [trace] zeDeviceGetComputeProperties(hDevice, pComputeProperties)
[2026-10-07 21:51:59.830] [thread-id: 127642208263360] [trace] SUCCESS (ZE_RESULT_SUCCESS) in zeDeviceGetComputeProperties(hDevice=0x1bbfef28, pComputeProperties={stype=0x1bc14280, maxTotalGroupSize=1024, maxGroupSizeX=1024, maxGroupSizeY=1024, maxGroupSizeZ=1024, maxGroupCountX=4294967295, maxGroupCountY=4294967295, maxGroupCountZ=4294967295, maxSharedLocalMemory=131072, numSubGroupSizes=2, subGroupSizes=16})
   <--- urDeviceGetInfo(.hDevice = 0x1bc14040, .propName = UR_DEVICE_INFO_MAX_WORK_GROUPS_3D, .propSize = 24, .pPropValue = {4294967295, 4294967295, 4294967295}, .pPropSizeRet = nullptr) -> UR_RESULT_SUCCESS;
   ---> urDeviceSelectBinary
   <--- urDeviceSelectBinary(.hDevice = 0x1bc14040, .pBinaries = 0x1bc8ea50 ((struct ur_device_binary_t){.stype = UR_STRUCTURE_TYPE_CONTEXT_PROPERTIES, .pNext = nullptr, .pDeviceTargetSpec = 0x7417075b23c0 (spir64)}), .NumBinaries = 1, .pSelectedBinary = 0x7ffef1551a5c (0)) -> UR_RESULT_SUCCESS;
   ---> urPlatformGetBackendOption
   <--- urPlatformGetBackendOption(.hPlatform = 0x1bc12810, .pFrontendOption = 0x7ffef1551568 (-O2), .ppPlatformOption = 0x7ffef1551538 (0x741704620975 (-ze-opt-level=2))) -> UR_RESULT_SUCCESS;
   ---> urDeviceGetInfo
   <--- urDeviceGetInfo(.hDevice = 0x1bc14040, .propName = UR_DEVICE_INFO_VENDOR_ID, .propSize = 4, .pPropValue = 0x7ffef15514b8 (32902), .pPropSizeRet = nullptr) -> UR_RESULT_SUCCESS;
   ---> urDeviceGetInfo
   <--- urDeviceGetInfo(.hDevice = 0x1bc14040, .propName = UR_DEVICE_INFO_DEVICE_ID, .propSize = 0, .pPropValue = nullptr, .pPropSizeRet = 0x7ffef1551340 (4)) -> UR_RESULT_SUCCESS;
   ---> urDeviceGetInfo
   <--- urDeviceGetInfo(.hDevice = 0x1bc14040, .propName = UR_DEVICE_INFO_DEVICE_ID, .propSize = 4, .pPropValue = 0x7ffef1551488 (57868), .pPropSizeRet = nullptr) -> UR_RESULT_SUCCESS;
   ---> urDeviceGetInfo
   <--- urDeviceGetInfo(.hDevice = 0x1bc14040, .propName = UR_DEVICE_INFO_COMPILER_AVAILABLE, .propSize = 1, .pPropValue = 0x7ffef1551520 (true), .pPropSizeRet = nullptr) -> UR_RESULT_SUCCESS;
   ---> urProgramCreateWithIL
   <--- urProgramCreateWithIL(.hContext = 0x1bc18b90, .pIL = 0x415b20, .length = 2080, .pProperties = nullptr, .phProgram = 0x7ffef1551640 (0x1bc56a10)) -> UR_RESULT_SUCCESS;
   ---> urProgramBuildExp
[2026-10-07 21:51:59.830] [thread-id: 127642208263360] [trace] zeModuleCreate(hContext, hDevice, desc, phModule, phBuildLog)
[2026-10-07 21:51:59.831] [thread-id: 127642208263360] [trace] SUCCESS (ZE_RESULT_SUCCESS) in zeModuleCreate(hContext=0x1bc15738, hDevice=0x1bbfef28, desc={stype=0x7ffef15512c0, format=0x7ffef15512d0, inputSize=2080, pInputModule=3, pBuildFlags=" -ze-opt-level=2", pConstants={numConstants=0, pConstantIds=nullptr, pConstantValues=nullptr}}, phModule=0x1bc69d18, phBuildLog=0x1bc8f818)
[2026-10-07 21:51:59.831] [thread-id: 127642208263360] [trace] zeModuleGetProperties(hModule, pModuleProperties)
[2026-10-07 21:51:59.831] [thread-id: 127642208263360] [trace] SUCCESS (ZE_RESULT_SUCCESS) in zeModuleGetProperties(hModule=0x1bc69d18, pModuleProperties={stype=0x7ffef1551230, flags=0})
   <--- urProgramBuildExp(.hProgram = 0x1bc56a10, .numDevices = 1, .phDevices = 0x1bc8ea50 {0x1bc14040}, .flags = 0, .pOptions = 0x1bc8ea70 ( -ze-opt-level=2)) -> UR_RESULT_SUCCESS;
   ---> urProgramRetain
   <--- urProgramRetain(.hProgram = 0x1bc56a10) -> UR_RESULT_SUCCESS;
   ---> urKernelCreate
[2026-10-07 21:51:59.831] [thread-id: 127642208263360] [trace] zeKernelCreate(hModule, desc, phKernel)
[2026-10-07 21:51:59.831] [thread-id: 127642208263360] [trace] SUCCESS (ZE_RESULT_SUCCESS) in zeKernelCreate(hModule=0x1bc69d18, desc={stype=0x7ffef1551950, flags=0, pKernelName="_ZTSZ4mainEUlN4sycl3_V12idILi1EEEE_"}, phKernel=0x1bca6748)
[2026-10-07 21:51:59.831] [thread-id: 127642208263360] [trace] zeKernelGetName(hKernel, pSize, pName)
[2026-10-07 21:51:59.831] [thread-id: 127642208263360] [trace] SUCCESS (ZE_RESULT_SUCCESS) in zeKernelGetName(hKernel=0x1bca6748, pSize=36, pName=nullptr)
[2026-10-07 21:51:59.831] [thread-id: 127642208263360] [trace] zeKernelGetName(hKernel, pSize, pName)
[2026-10-07 21:51:59.831] [thread-id: 127642208263360] [trace] SUCCESS (ZE_RESULT_SUCCESS) in zeKernelGetName(hKernel=0x1bca6748, pSize=36, pName="_ZTSZ4mainEUlN4sycl3_V12idILi1EEEE_")
[2026-10-07 21:51:59.831] [thread-id: 127642208263360] [trace] zeKernelGetProperties(hKernel, pKernelProperties)
[2026-10-07 21:51:59.831] [thread-id: 127642208263360] [trace] SUCCESS (ZE_RESULT_SUCCESS) in zeKernelGetProperties(hKernel=0x1bca6748, pKernelProperties={stype=0x1bc87b48, numKernelArgs=1, requiredGroupSizeX=0, requiredGroupSizeY=0, requiredGroupSizeZ=0, requiredNumSubGroups=0, requiredSubgroupSize=0, maxSubgroupSize=32, maxNumSubgroups=32, localMemSize=0, privateMemSize=0, spillMemSize=0, uuid={kid=0, mid=0}})
   <--- urKernelCreate(.hProgram = 0x1bc56a10, .pKernelName = 0x4131d2 (_ZTSZ4mainEUlN4sycl3_V12idILi1EEEE_), .phKernel = 0x7ffef1551c70 (0x1bca1d40)) -> UR_RESULT_SUCCESS;
   ---> urKernelSetExecInfo
[2026-10-07 21:51:59.831] [thread-id: 127642208263360] [trace] zeKernelSetIndirectAccess(hKernel, flags)
[2026-10-07 21:51:59.831] [thread-id: 127642208263360] [trace] SUCCESS (ZE_RESULT_SUCCESS) in zeKernelSetIndirectAccess(hKernel=0x1bca6748, flags=7)
   <--- urKernelSetExecInfo(.hKernel = 0x1bca1d40, .propName = UR_KERNEL_EXEC_INFO_USM_INDIRECT_ACCESS, .propSize = 1, .pProperties = nullptr, .pPropValue = 0x7ffef1551c6f (true)) -> UR_RESULT_SUCCESS;
   ---> urKernelRetain
   <--- urKernelRetain(.hKernel = 0x1bca1d40) -> UR_RESULT_SUCCESS;
   ---> urKernelGetGroupInfo
   <--- urKernelGetGroupInfo(.hKernel = 0x1bca1d40, .hDevice = 0x1bc14040, .propName = UR_KERNEL_GROUP_INFO_COMPILE_WORK_GROUP_SIZE, .propSize = 24, .pPropValue = {0, 0, 0}, .pPropSizeRet = nullptr) -> UR_RESULT_SUCCESS;
   ---> urEnqueueKernelLaunchWithArgsExp
[2026-10-07 21:51:59.831] [thread-id: 127642208263360] [trace] zeKernelSuggestGroupSize(hKernel, globalSizeX, globalSizeY, globalSizeZ, groupSizeX, groupSizeY, groupSizeZ)
[2026-10-07 21:51:59.831] [thread-id: 127642208263360] [trace] SUCCESS (ZE_RESULT_SUCCESS) in zeKernelSuggestGroupSize(hKernel=0x1bca6748, globalSizeX=16384, globalSizeY=1, globalSizeZ=1, groupSizeX=1024, groupSizeY=1, groupSizeZ=1)
[2026-10-07 21:51:59.831] [thread-id: 127642208263360] [trace] zeKernelSetGroupSize(hKernel, groupSizeX, groupSizeY, groupSizeZ)
[2026-10-07 21:51:59.831] [thread-id: 127642208263360] [trace] SUCCESS (ZE_RESULT_SUCCESS) in zeKernelSetGroupSize(hKernel=0x1bca6748, groupSizeX=1024, groupSizeY=1, groupSizeZ=1)
[2026-10-07 21:51:59.831] [thread-id: 127642208263360] [trace] zeCommandListAppendLaunchKernelWithArguments(hCommandList, hKernel, groupCounts, groupSizes, pArguments, pNext, hSignalEvent, numWaitEvents, phWaitEventsLocal)
[2026-10-07 21:51:59.832] [thread-id: 127642208263360] [trace] SUCCESS (ZE_RESULT_SUCCESS) in zeCommandListAppendLaunchKernelWithArguments(hCommandList=0x1bc1cd88, hKernel=0x1bca6748, groupCounts={groupCountX=16, groupCountY=1, groupCountZ=1}, groupSizes={groupSizeX=1024, groupSizeY=1, groupSizeZ=1}, pArguments=0x1bca6e90, pNext=nullptr, hSignalEvent=0x1bc65c18, numWaitEvents=0, phWaitEvents=nullptr)
   <--- urEnqueueKernelLaunchWithArgsExp(.hQueue = 0x1bc1c0a0, .hKernel = 0x1bca1d40, .workDim = 1, .pGlobalWorkOffset = nullptr, .pGlobalWorkSize = 0x7ffef1552430 (16384), .pLocalWorkSize = nullptr, .numArgs = 1, .pArgs = 0x1bca28d0 {(struct ur_exp_kernel_arg_properties_t){.stype = UR_STRUCTURE_TYPE_EXP_KERNEL_ARG_PROPERTIES, .pNext = nullptr, .type = UR_EXP_KERNEL_ARG_TYPE_POINTER, .index = 0, .size = 8, .value = (union ur_exp_kernel_arg_value_t){.pointer = 0xffffffffff600000}}}, .launchPropList = nullptr, .numEventsInWaitList = 0, .phEventWaitList = nullptr, .phEvent = 0x7ffef1551e50 (0x1bc65600)) -> UR_RESULT_SUCCESS;
   ---> urEventWait
[2026-10-07 21:51:59.833] [thread-id: 127642208263360] [trace] zeEventHostSynchronize(hEvent, timeout)
[2026-10-07 21:51:59.833] [thread-id: 127642208263360] [trace] SUCCESS (ZE_RESULT_SUCCESS) in zeEventHostSynchronize(hEvent=0x1bc65c18, timeout=18446744073709551615)
   <--- urEventWait(.numEvents = 1, .phEventWaitList = 0x7ffef1552550 {0x1bc65600}) -> UR_RESULT_SUCCESS;
   ---> urEventRelease
   <--- urEventRelease(.hEvent = 0x1bc65600) -> UR_RESULT_SUCCESS;
   ---> urEnqueueUSMMemcpy
[2026-10-07 21:51:59.833] [thread-id: 127642208263360] [trace] zeCommandListAppendMemoryCopy(hCommandList, dstptr, srcptr, size, hSignalEvent, numWaitEvents, phWaitEventsLocal)
[2026-10-07 21:51:59.833] [thread-id: 127642208263360] [trace] SUCCESS (ZE_RESULT_SUCCESS) in zeCommandListAppendMemoryCopy(hCommandList=0x1bc1cd88, dstptr=0x1bc3d8b0, srcptr=0xffffffffff600000, size=65536, hSignalEvent=0x1bc65c18, numWaitEvents=0, phWaitEvents=nullptr)
   <--- urEnqueueUSMMemcpy(.hQueue = 0x1bc1c0a0, .blocking = 0, .pDst = 0x1bc3d8b0, .pSrc = 0xffffffffff600000, .size = 65536, .numEventsInWaitList = 0, .phEventWaitList = nullptr, .phEvent = 0x7ffef1552500 (0x1bc65600)) -> UR_RESULT_SUCCESS;
   ---> urEventWait
[2026-10-07 21:51:59.833] [thread-id: 127642208263360] [trace] zeEventHostSynchronize(hEvent, timeout)
[2026-10-07 21:51:59.833] [thread-id: 127642208263360] [trace] SUCCESS (ZE_RESULT_SUCCESS) in zeEventHostSynchronize(hEvent=0x1bc65c18, timeout=18446744073709551615)
   <--- urEventWait(.numEvents = 1, .phEventWaitList = 0x7ffef1552550 {0x1bc65600}) -> UR_RESULT_SUCCESS;
   ---> urEventRelease
   <--- urEventRelease(.hEvent = 0x1bc65600) -> UR_RESULT_SUCCESS;
   ---> urEnqueueUSMMemcpy
[2026-10-07 21:51:59.833] [thread-id: 127642208263360] [trace] zeCommandListAppendMemoryCopy(hCommandList, dstptr, srcptr, size, hSignalEvent, numWaitEvents, phWaitEventsLocal)
[2026-10-07 21:51:59.833] [thread-id: 127642208263360] [trace] SUCCESS (ZE_RESULT_SUCCESS) in zeCommandListAppendMemoryCopy(hCommandList=0x1bc1cd88, dstptr=0xffffffffff600000, srcptr=0x1bc2d8a0, size=65536, hSignalEvent=0x1bc65c18, numWaitEvents=0, phWaitEvents=nullptr)
   <--- urEnqueueUSMMemcpy(.hQueue = 0x1bc1c0a0, .blocking = 0, .pDst = 0xffffffffff600000, .pSrc = 0x1bc2d8a0, .size = 65536, .numEventsInWaitList = 0, .phEventWaitList = nullptr, .phEvent = 0x7ffef1552500 (0x1bc65600)) -> UR_RESULT_SUCCESS;
   ---> urEventWait
[2026-10-07 21:51:59.833] [thread-id: 127642208263360] [trace] zeEventHostSynchronize(hEvent, timeout)
[2026-10-07 21:51:59.833] [thread-id: 127642208263360] [trace] SUCCESS (ZE_RESULT_SUCCESS) in zeEventHostSynchronize(hEvent=0x1bc65c18, timeout=18446744073709551615)
   <--- urEventWait(.numEvents = 1, .phEventWaitList = 0x7ffef1552550 {0x1bc65600}) -> UR_RESULT_SUCCESS;
   ---> urEventRelease
   <--- urEventRelease(.hEvent = 0x1bc65600) -> UR_RESULT_SUCCESS;
   ---> urDeviceGetInfo
   <--- urDeviceGetInfo(.hDevice = 0x1bc14040, .propName = UR_DEVICE_INFO_MAX_WORK_GROUPS_3D, .propSize = 24, .pPropValue = {4294967295, 4294967295, 4294967295}, .pPropSizeRet = nullptr) -> UR_RESULT_SUCCESS;
   ---> urKernelGetGroupInfo
   <--- urKernelGetGroupInfo(.hKernel = 0x1bca1d40, .hDevice = 0x1bc14040, .propName = UR_KERNEL_GROUP_INFO_COMPILE_WORK_GROUP_SIZE, .propSize = 24, .pPropValue = {0, 0, 0}, .pPropSizeRet = nullptr) -> UR_RESULT_SUCCESS;
   ---> urEnqueueKernelLaunchWithArgsExp
[2026-10-07 21:51:59.833] [thread-id: 127642208263360] [trace] zeKernelSuggestGroupSize(hKernel, globalSizeX, globalSizeY, globalSizeZ, groupSizeX, groupSizeY, groupSizeZ)
[2026-10-07 21:51:59.833] [thread-id: 127642208263360] [trace] SUCCESS (ZE_RESULT_SUCCESS) in zeKernelSuggestGroupSize(hKernel=0x1bca6748, globalSizeX=16384, globalSizeY=1, globalSizeZ=1, groupSizeX=1024, groupSizeY=1, groupSizeZ=1)
[2026-10-07 21:51:59.833] [thread-id: 127642208263360] [trace] zeKernelSetGroupSize(hKernel, groupSizeX, groupSizeY, groupSizeZ)
[2026-10-07 21:51:59.833] [thread-id: 127642208263360] [trace] SUCCESS (ZE_RESULT_SUCCESS) in zeKernelSetGroupSize(hKernel=0x1bca6748, groupSizeX=1024, groupSizeY=1, groupSizeZ=1)
[2026-10-07 21:51:59.833] [thread-id: 127642208263360] [trace] zeCommandListAppendLaunchKernelWithArguments(hCommandList, hKernel, groupCounts, groupSizes, pArguments, pNext, hSignalEvent, numWaitEvents, phWaitEventsLocal)
[2026-10-07 21:51:59.833] [thread-id: 127642208263360] [trace] SUCCESS (ZE_RESULT_SUCCESS) in zeCommandListAppendLaunchKernelWithArguments(hCommandList=0x1bc1cd88, hKernel=0x1bca6748, groupCounts={groupCountX=16, groupCountY=1, groupCountZ=1}, groupSizes={groupSizeX=1024, groupSizeY=1, groupSizeZ=1}, pArguments=0x1bca6e90, pNext=nullptr, hSignalEvent=0x1bc65c18, numWaitEvents=0, phWaitEvents=nullptr)
   <--- urEnqueueKernelLaunchWithArgsExp(.hQueue = 0x1bc1c0a0, .hKernel = 0x1bca1d40, .workDim = 1, .pGlobalWorkOffset = nullptr, .pGlobalWorkSize = 0x7ffef1552430 (16384), .pLocalWorkSize = nullptr, .numArgs = 1, .pArgs = 0x1bca28d0 {(struct ur_exp_kernel_arg_properties_t){.stype = UR_STRUCTURE_TYPE_EXP_KERNEL_ARG_PROPERTIES, .pNext = nullptr, .type = UR_EXP_KERNEL_ARG_TYPE_POINTER, .index = 0, .size = 8, .value = (union ur_exp_kernel_arg_value_t){.pointer = 0xffffffffff600000}}}, .launchPropList = nullptr, .numEventsInWaitList = 0, .phEventWaitList = nullptr, .phEvent = 0x7ffef1551e50 (0x1bc65600)) -> UR_RESULT_SUCCESS;
   ---> urEventWait
[2026-10-07 21:51:59.833] [thread-id: 127642208263360] [trace] zeEventHostSynchronize(hEvent, timeout)
[2026-10-07 21:51:59.833] [thread-id: 127642208263360] [trace] SUCCESS (ZE_RESULT_SUCCESS) in zeEventHostSynchronize(hEvent=0x1bc65c18, timeout=18446744073709551615)
   <--- urEventWait(.numEvents = 1, .phEventWaitList = 0x7ffef1552550 {0x1bc65600}) -> UR_RESULT_SUCCESS;
   ---> urEventRelease
   <--- urEventRelease(.hEvent = 0x1bc65600) -> UR_RESULT_SUCCESS;
   ---> urEnqueueUSMMemcpy
[2026-10-07 21:51:59.833] [thread-id: 127642208263360] [trace] zeCommandListAppendMemoryCopy(hCommandList, dstptr, srcptr, size, hSignalEvent, numWaitEvents, phWaitEventsLocal)
[2026-10-07 21:51:59.833] [thread-id: 127642208263360] [trace] SUCCESS (ZE_RESULT_SUCCESS) in zeCommandListAppendMemoryCopy(hCommandList=0x1bc1cd88, dstptr=0x1bc3d8b0, srcptr=0xffffffffff600000, size=65536, hSignalEvent=0x1bc65c18, numWaitEvents=0, phWaitEvents=nullptr)
   <--- urEnqueueUSMMemcpy(.hQueue = 0x1bc1c0a0, .blocking = 0, .pDst = 0x1bc3d8b0, .pSrc = 0xffffffffff600000, .size = 65536, .numEventsInWaitList = 0, .phEventWaitList = nullptr, .phEvent = 0x7ffef1552500 (0x1bc65600)) -> UR_RESULT_SUCCESS;
   ---> urEventWait
[2026-10-07 21:51:59.833] [thread-id: 127642208263360] [trace] zeEventHostSynchronize(hEvent, timeout)
[2026-10-07 21:51:59.833] [thread-id: 127642208263360] [trace] SUCCESS (ZE_RESULT_SUCCESS) in zeEventHostSynchronize(hEvent=0x1bc65c18, timeout=18446744073709551615)
   <--- urEventWait(.numEvents = 1, .phEventWaitList = 0x7ffef1552550 {0x1bc65600}) -> UR_RESULT_SUCCESS;
   ---> urEventRelease
   <--- urEventRelease(.hEvent = 0x1bc65600) -> UR_RESULT_SUCCESS;
   ---> urEnqueueUSMMemcpy
[2026-10-07 21:51:59.834] [thread-id: 127642208263360] [trace] zeCommandListAppendMemoryCopy(hCommandList, dstptr, srcptr, size, hSignalEvent, numWaitEvents, phWaitEventsLocal)
[2026-10-07 21:51:59.834] [thread-id: 127642208263360] [trace] SUCCESS (ZE_RESULT_SUCCESS) in zeCommandListAppendMemoryCopy(hCommandList=0x1bc1cd88, dstptr=0xffffffffff600000, srcptr=0x1bc2d8a0, size=65536, hSignalEvent=0x1bc65c18, numWaitEvents=0, phWaitEvents=nullptr)
   <--- urEnqueueUSMMemcpy(.hQueue = 0x1bc1c0a0, .blocking = 0, .pDst = 0xffffffffff600000, .pSrc = 0x1bc2d8a0, .size = 65536, .numEventsInWaitList = 0, .phEventWaitList = nullptr, .phEvent = 0x7ffef1552500 (0x1bc65600)) -> UR_RESULT_SUCCESS;
   ---> urEventWait
[2026-10-07 21:51:59.834] [thread-id: 127642208263360] [trace] zeEventHostSynchronize(hEvent, timeout)
[2026-10-07 21:51:59.834] [thread-id: 127642208263360] [trace] SUCCESS (ZE_RESULT_SUCCESS) in zeEventHostSynchronize(hEvent=0x1bc65c18, timeout=18446744073709551615)
   <--- urEventWait(.numEvents = 1, .phEventWaitList = 0x7ffef1552550 {0x1bc65600}) -> UR_RESULT_SUCCESS;
   ---> urEventRelease
   <--- urEventRelease(.hEvent = 0x1bc65600) -> UR_RESULT_SUCCESS;
   ---> urDeviceGetInfo
   <--- urDeviceGetInfo(.hDevice = 0x1bc14040, .propName = UR_DEVICE_INFO_MAX_WORK_GROUPS_3D, .propSize = 24, .pPropValue = {4294967295, 4294967295, 4294967295}, .pPropSizeRet = nullptr) -> UR_RESULT_SUCCESS;
   ---> urKernelGetGroupInfo
   <--- urKernelGetGroupInfo(.hKernel = 0x1bca1d40, .hDevice = 0x1bc14040, .propName = UR_KERNEL_GROUP_INFO_COMPILE_WORK_GROUP_SIZE, .propSize = 24, .pPropValue = {0, 0, 0}, .pPropSizeRet = nullptr) -> UR_RESULT_SUCCESS;
   ---> urEnqueueKernelLaunchWithArgsExp
[2026-10-07 21:51:59.834] [thread-id: 127642208263360] [trace] zeKernelSuggestGroupSize(hKernel, globalSizeX, globalSizeY, globalSizeZ, groupSizeX, groupSizeY, groupSizeZ)
[2026-10-07 21:51:59.834] [thread-id: 127642208263360] [trace] SUCCESS (ZE_RESULT_SUCCESS) in zeKernelSuggestGroupSize(hKernel=0x1bca6748, globalSizeX=16384, globalSizeY=1, globalSizeZ=1, groupSizeX=1024, groupSizeY=1, groupSizeZ=1)
[2026-10-07 21:51:59.834] [thread-id: 127642208263360] [trace] zeKernelSetGroupSize(hKernel, groupSizeX, groupSizeY, groupSizeZ)
[2026-10-07 21:51:59.834] [thread-id: 127642208263360] [trace] SUCCESS (ZE_RESULT_SUCCESS) in zeKernelSetGroupSize(hKernel=0x1bca6748, groupSizeX=1024, groupSizeY=1, groupSizeZ=1)
[2026-10-07 21:51:59.834] [thread-id: 127642208263360] [trace] zeCommandListAppendLaunchKernelWithArguments(hCommandList, hKernel, groupCounts, groupSizes, pArguments, pNext, hSignalEvent, numWaitEvents, phWaitEventsLocal)
[2026-10-07 21:51:59.834] [thread-id: 127642208263360] [trace] SUCCESS (ZE_RESULT_SUCCESS) in zeCommandListAppendLaunchKernelWithArguments(hCommandList=0x1bc1cd88, hKernel=0x1bca6748, groupCounts={groupCountX=16, groupCountY=1, groupCountZ=1}, groupSizes={groupSizeX=1024, groupSizeY=1, groupSizeZ=1}, pArguments=0x1bca6e90, pNext=nullptr, hSignalEvent=0x1bc65c18, numWaitEvents=0, phWaitEvents=nullptr)
   <--- urEnqueueKernelLaunchWithArgsExp(.hQueue = 0x1bc1c0a0, .hKernel = 0x1bca1d40, .workDim = 1, .pGlobalWorkOffset = nullptr, .pGlobalWorkSize = 0x7ffef1552430 (16384), .pLocalWorkSize = nullptr, .numArgs = 1, .pArgs = 0x1bca28d0 {(struct ur_exp_kernel_arg_properties_t){.stype = UR_STRUCTURE_TYPE_EXP_KERNEL_ARG_PROPERTIES, .pNext = nullptr, .type = UR_EXP_KERNEL_ARG_TYPE_POINTER, .index = 0, .size = 8, .value = (union ur_exp_kernel_arg_value_t){.pointer = 0xffffffffff600000}}}, .launchPropList = nullptr, .numEventsInWaitList = 0, .phEventWaitList = nullptr, .phEvent = 0x7ffef1551e50 (0x1bc65600)) -> UR_RESULT_SUCCESS;
   ---> urEventWait
[2026-10-07 21:51:59.834] [thread-id: 127642208263360] [trace] zeEventHostSynchronize(hEvent, timeout)
[2026-10-07 21:51:59.834] [thread-id: 127642208263360] [trace] SUCCESS (ZE_RESULT_SUCCESS) in zeEventHostSynchronize(hEvent=0x1bc65c18, timeout=18446744073709551615)
   <--- urEventWait(.numEvents = 1, .phEventWaitList = 0x7ffef1552550 {0x1bc65600}) -> UR_RESULT_SUCCESS;
   ---> urEventRelease
   <--- urEventRelease(.hEvent = 0x1bc65600) -> UR_RESULT_SUCCESS;
   ---> urEnqueueUSMMemcpy
[2026-10-07 21:51:59.834] [thread-id: 127642208263360] [trace] zeCommandListAppendMemoryCopy(hCommandList, dstptr, srcptr, size, hSignalEvent, numWaitEvents, phWaitEventsLocal)
[2026-10-07 21:51:59.834] [thread-id: 127642208263360] [trace] SUCCESS (ZE_RESULT_SUCCESS) in zeCommandListAppendMemoryCopy(hCommandList=0x1bc1cd88, dstptr=0x1bc3d8b0, srcptr=0xffffffffff600000, size=65536, hSignalEvent=0x1bc65c18, numWaitEvents=0, phWaitEvents=nullptr)
   <--- urEnqueueUSMMemcpy(.hQueue = 0x1bc1c0a0, .blocking = 0, .pDst = 0x1bc3d8b0, .pSrc = 0xffffffffff600000, .size = 65536, .numEventsInWaitList = 0, .phEventWaitList = nullptr, .phEvent = 0x7ffef1552500 (0x1bc65600)) -> UR_RESULT_SUCCESS;
   ---> urEventWait
[2026-10-07 21:51:59.834] [thread-id: 127642208263360] [trace] zeEventHostSynchronize(hEvent, timeout)
[2026-10-07 21:51:59.834] [thread-id: 127642208263360] [trace] SUCCESS (ZE_RESULT_SUCCESS) in zeEventHostSynchronize(hEvent=0x1bc65c18, timeout=18446744073709551615)
   <--- urEventWait(.numEvents = 1, .phEventWaitList = 0x7ffef1552550 {0x1bc65600}) -> UR_RESULT_SUCCESS;
   ---> urEventRelease
   <--- urEventRelease(.hEvent = 0x1bc65600) -> UR_RESULT_SUCCESS;
   ---> urQueueFinish
[2026-10-07 21:51:59.834] [thread-id: 127642208263360] [trace] zeCommandListHostSynchronize(hCommandList, timeout)
[2026-10-07 21:51:59.834] [thread-id: 127642208263360] [trace] SUCCESS (ZE_RESULT_SUCCESS) in zeCommandListHostSynchronize(hCommandList=0x1bc1cd88, timeout=18446744073709551615)
   <--- urQueueFinish(.hQueue = 0x1bc1c0a0) -> UR_RESULT_SUCCESS;
   ---> urUSMFree
   <--- urUSMFree(.hContext = 0x1bc18b90, .pMem = 0xffffffffff600000) -> UR_RESULT_SUCCESS;
   ---> urQueueRelease
[2026-10-07 21:51:59.834] [thread-id: 127642208263360] [trace] zeCommandListHostSynchronize(hCommandList, timeout)
[2026-10-07 21:51:59.834] [thread-id: 127642208263360] [trace] SUCCESS (ZE_RESULT_SUCCESS) in zeCommandListHostSynchronize(hCommandList=0x1bc1cd88, timeout=18446744073709551615)
   <--- urQueueRelease(.hQueue = 0x1bc1c0a0) -> UR_RESULT_SUCCESS;
   ---> urProgramRelease
   <--- urProgramRelease(.hProgram = 0x1bc56a10) -> UR_RESULT_SUCCESS;
   ---> urKernelRelease
   <--- urKernelRelease(.hKernel = 0x1bca1d40) -> UR_RESULT_SUCCESS;
   ---> urProgramRelease
   <--- urProgramRelease(.hProgram = 0x1bc56a10) -> UR_RESULT_SUCCESS;
   ---> urKernelRelease
[2026-10-07 21:51:59.834] [thread-id: 127642208263360] [trace] zeKernelDestroy(hKernel)
[2026-10-07 21:51:59.834] [thread-id: 127642208263360] [trace] SUCCESS (ZE_RESULT_SUCCESS) in zeKernelDestroy(hKernel=0x1bca6748)
[2026-10-07 21:51:59.834] [thread-id: 127642208263360] [trace] zeModuleBuildLogDestroy(hModuleBuildLog)
[2026-10-07 21:51:59.834] [thread-id: 127642208263360] [trace] SUCCESS (ZE_RESULT_SUCCESS) in zeModuleBuildLogDestroy(hModuleBuildLog=0x1bc8f818)
[2026-10-07 21:51:59.834] [thread-id: 127642208263360] [trace] zeModuleDestroy(hModule)
[2026-10-07 21:51:59.834] [thread-id: 127642208263360] [trace] SUCCESS (ZE_RESULT_SUCCESS) in zeModuleDestroy(hModule=0x1bc69d18)
   <--- urKernelRelease(.hKernel = 0x1bca1d40) -> UR_RESULT_SUCCESS;
   ---> urContextRelease
[2026-10-07 21:51:59.835] [thread-id: 127642208263360] [trace] zeMemFreeExt(hContext, pMemFreeDesc, ptr)
[2026-10-07 21:51:59.835] [thread-id: 127642208263360] [trace] SUCCESS (ZE_RESULT_SUCCESS) in zeMemFreeExt(hContext=0x1bc15738, pMemFreeDesc={stype=0x7ffef1552290, freePolicy=1}, ptr=0xffffffffff600000)
[2026-10-07 21:51:59.835] [thread-id: 127642208263360] [trace] zeEventDestroy(hEvent)
[2026-10-07 21:51:59.835] [thread-id: 127642208263360] [trace] SUCCESS (ZE_RESULT_SUCCESS) in zeEventDestroy(hEvent=0x1bc4e528)
[2026-10-07 21:51:59.835] [thread-id: 127642208263360] [trace] zeEventDestroy(hEvent)
[2026-10-07 21:51:59.835] [thread-id: 127642208263360] [trace] SUCCESS (ZE_RESULT_SUCCESS) in zeEventDestroy(hEvent=0x1bc4ea68)
[2026-10-07 21:51:59.835] [thread-id: 127642208263360] [trace] zeEventDestroy(hEvent)
[2026-10-07 21:51:59.835] [thread-id: 127642208263360] [trace] SUCCESS (ZE_RESULT_SUCCESS) in zeEventDestroy(hEvent=0x1bc4f168)
[2026-10-07 21:51:59.835] [thread-id: 127642208263360] [trace] zeEventDestroy(hEvent)
[2026-10-07 21:51:59.835] [thread-id: 127642208263360] [trace] SUCCESS (ZE_RESULT_SUCCESS) in zeEventDestroy(hEvent=0x1bc4f6c8)
[2026-10-07 21:51:59.835] [thread-id: 127642208263360] [trace] zeEventDestroy(hEvent)
[2026-10-07 21:51:59.835] [thread-id: 127642208263360] [trace] SUCCESS (ZE_RESULT_SUCCESS) in zeEventDestroy(hEvent=0x1bc4fdc8)
[2026-10-07 21:51:59.835] [thread-id: 127642208263360] [trace] zeEventDestroy(hEvent)
[2026-10-07 21:51:59.835] [thread-id: 127642208263360] [trace] SUCCESS (ZE_RESULT_SUCCESS) in zeEventDestroy(hEvent=0x1bc502d8)
[2026-10-07 21:51:59.835] [thread-id: 127642208263360] [trace] zeEventDestroy(hEvent)
[2026-10-07 21:51:59.835] [thread-id: 127642208263360] [trace] SUCCESS (ZE_RESULT_SUCCESS) in zeEventDestroy(hEvent=0x1bc509d8)
[2026-10-07 21:51:59.835] [thread-id: 127642208263360] [trace] zeEventDestroy(hEvent)
[2026-10-07 21:51:59.835] [thread-id: 127642208263360] [trace] SUCCESS (ZE_RESULT_SUCCESS) in zeEventDestroy(hEvent=0x1bc50ee8)
[2026-10-07 21:51:59.835] [thread-id: 127642208263360] [trace] zeEventDestroy(hEvent)
[2026-10-07 21:51:59.835] [thread-id: 127642208263360] [trace] SUCCESS (ZE_RESULT_SUCCESS) in zeEventDestroy(hEvent=0x1bc515e8)
[2026-10-07 21:51:59.835] [thread-id: 127642208263360] [trace] zeEventDestroy(hEvent)
[2026-10-07 21:51:59.835] [thread-id: 127642208263360] [trace] SUCCESS (ZE_RESULT_SUCCESS) in zeEventDestroy(hEvent=0x1bc51b98)
[2026-10-07 21:51:59.835] [thread-id: 127642208263360] [trace] zeEventDestroy(hEvent)
[2026-10-07 21:51:59.835] [thread-id: 127642208263360] [trace] SUCCESS (ZE_RESULT_SUCCESS) in zeEventDestroy(hEvent=0x1bc52298)
[2026-10-07 21:51:59.835] [thread-id: 127642208263360] [trace] zeEventDestroy(hEvent)
[2026-10-07 21:51:59.835] [thread-id: 127642208263360] [trace] SUCCESS (ZE_RESULT_SUCCESS) in zeEventDestroy(hEvent=0x1bc527a8)
[2026-10-07 21:51:59.835] [thread-id: 127642208263360] [trace] zeEventDestroy(hEvent)
[2026-10-07 21:51:59.835] [thread-id: 127642208263360] [trace] SUCCESS (ZE_RESULT_SUCCESS) in zeEventDestroy(hEvent=0x1bc52ea8)
[2026-10-07 21:51:59.835] [thread-id: 127642208263360] [trace] zeEventDestroy(hEvent)
[2026-10-07 21:51:59.835] [thread-id: 127642208263360] [trace] SUCCESS (ZE_RESULT_SUCCESS) in zeEventDestroy(hEvent=0x1bc533b8)
[2026-10-07 21:51:59.835] [thread-id: 127642208263360] [trace] zeEventDestroy(hEvent)
[2026-10-07 21:51:59.835] [thread-id: 127642208263360] [trace] SUCCESS (ZE_RESULT_SUCCESS) in zeEventDestroy(hEvent=0x1bc53ab8)
[2026-10-07 21:51:59.835] [thread-id: 127642208263360] [trace] zeEventDestroy(hEvent)
[2026-10-07 21:51:59.835] [thread-id: 127642208263360] [trace] SUCCESS (ZE_RESULT_SUCCESS) in zeEventDestroy(hEvent=0x1bc540d8)
[2026-10-07 21:51:59.835] [thread-id: 127642208263360] [trace] zeEventDestroy(hEvent)
[2026-10-07 21:51:59.835] [thread-id: 127642208263360] [trace] SUCCESS (ZE_RESULT_SUCCESS) in zeEventDestroy(hEvent=0x1bc547d8)
[2026-10-07 21:51:59.835] [thread-id: 127642208263360] [trace] zeEventDestroy(hEvent)
[2026-10-07 21:51:59.835] [thread-id: 127642208263360] [trace] SUCCESS (ZE_RESULT_SUCCESS) in zeEventDestroy(hEvent=0x1bc54ce8)
[2026-10-07 21:51:59.835] [thread-id: 127642208263360] [trace] zeEventDestroy(hEvent)
[2026-10-07 21:51:59.835] [thread-id: 127642208263360] [trace] SUCCESS (ZE_RESULT_SUCCESS) in zeEventDestroy(hEvent=0x1bc553e8)
[2026-10-07 21:51:59.835] [thread-id: 127642208263360] [trace] zeEventDestroy(hEvent)
[2026-10-07 21:51:59.835] [thread-id: 127642208263360] [trace] SUCCESS (ZE_RESULT_SUCCESS) in zeEventDestroy(hEvent=0x1bc558f8)
[2026-10-07 21:51:59.835] [thread-id: 127642208263360] [trace] zeEventDestroy(hEvent)
[2026-10-07 21:51:59.835] [thread-id: 127642208263360] [trace] SUCCESS (ZE_RESULT_SUCCESS) in zeEventDestroy(hEvent=0x1bc55ff8)
[2026-10-07 21:51:59.835] [thread-id: 127642208263360] [trace] zeEventDestroy(hEvent)
[2026-10-07 21:51:59.835] [thread-id: 127642208263360] [trace] SUCCESS (ZE_RESULT_SUCCESS) in zeEventDestroy(hEvent=0x1bc56508)
[2026-10-07 21:51:59.835] [thread-id: 127642208263360] [trace] zeEventDestroy(hEvent)
[2026-10-07 21:51:59.835] [thread-id: 127642208263360] [trace] SUCCESS (ZE_RESULT_SUCCESS) in zeEventDestroy(hEvent=0x1bc56d48)
[2026-10-07 21:51:59.835] [thread-id: 127642208263360] [trace] zeEventDestroy(hEvent)
[2026-10-07 21:51:59.836] [thread-id: 127642208263360] [trace] SUCCESS (ZE_RESULT_SUCCESS) in zeEventDestroy(hEvent=0x1bc57258)
[2026-10-07 21:51:59.836] [thread-id: 127642208263360] [trace] zeEventDestroy(hEvent)
[2026-10-07 21:51:59.836] [thread-id: 127642208263360] [trace] SUCCESS (ZE_RESULT_SUCCESS) in zeEventDestroy(hEvent=0x1bc57958)
[2026-10-07 21:51:59.836] [thread-id: 127642208263360] [trace] zeEventDestroy(hEvent)
[2026-10-07 21:51:59.836] [thread-id: 127642208263360] [trace] SUCCESS (ZE_RESULT_SUCCESS) in zeEventDestroy(hEvent=0x1bc57e68)
[2026-10-07 21:51:59.836] [thread-id: 127642208263360] [trace] zeEventDestroy(hEvent)
[2026-10-07 21:51:59.836] [thread-id: 127642208263360] [trace] SUCCESS (ZE_RESULT_SUCCESS) in zeEventDestroy(hEvent=0x1bc58568)
[2026-10-07 21:51:59.836] [thread-id: 127642208263360] [trace] zeEventDestroy(hEvent)
[2026-10-07 21:51:59.836] [thread-id: 127642208263360] [trace] SUCCESS (ZE_RESULT_SUCCESS) in zeEventDestroy(hEvent=0x1bc58a78)
[2026-10-07 21:51:59.836] [thread-id: 127642208263360] [trace] zeEventDestroy(hEvent)
[2026-10-07 21:51:59.836] [thread-id: 127642208263360] [trace] SUCCESS (ZE_RESULT_SUCCESS) in zeEventDestroy(hEvent=0x1bc59178)
[2026-10-07 21:51:59.836] [thread-id: 127642208263360] [trace] zeEventDestroy(hEvent)
[2026-10-07 21:51:59.836] [thread-id: 127642208263360] [trace] SUCCESS (ZE_RESULT_SUCCESS) in zeEventDestroy(hEvent=0x1bc59688)
[2026-10-07 21:51:59.836] [thread-id: 127642208263360] [trace] zeEventDestroy(hEvent)
[2026-10-07 21:51:59.836] [thread-id: 127642208263360] [trace] SUCCESS (ZE_RESULT_SUCCESS) in zeEventDestroy(hEvent=0x1bc59d88)
[2026-10-07 21:51:59.836] [thread-id: 127642208263360] [trace] zeEventDestroy(hEvent)
[2026-10-07 21:51:59.836] [thread-id: 127642208263360] [trace] SUCCESS (ZE_RESULT_SUCCESS) in zeEventDestroy(hEvent=0x1bc5a4a8)
[2026-10-07 21:51:59.836] [thread-id: 127642208263360] [trace] zeEventDestroy(hEvent)
[2026-10-07 21:51:59.836] [thread-id: 127642208263360] [trace] SUCCESS (ZE_RESULT_SUCCESS) in zeEventDestroy(hEvent=0x1bc5aba8)
[2026-10-07 21:51:59.836] [thread-id: 127642208263360] [trace] zeEventDestroy(hEvent)
[2026-10-07 21:51:59.836] [thread-id: 127642208263360] [trace] SUCCESS (ZE_RESULT_SUCCESS) in zeEventDestroy(hEvent=0x1bc5b0b8)
[2026-10-07 21:51:59.836] [thread-id: 127642208263360] [trace] zeEventDestroy(hEvent)
[2026-10-07 21:51:59.836] [thread-id: 127642208263360] [trace] SUCCESS (ZE_RESULT_SUCCESS) in zeEventDestroy(hEvent=0x1bc5b7b8)
[2026-10-07 21:51:59.836] [thread-id: 127642208263360] [trace] zeEventDestroy(hEvent)
[2026-10-07 21:51:59.836] [thread-id: 127642208263360] [trace] SUCCESS (ZE_RESULT_SUCCESS) in zeEventDestroy(hEvent=0x1bc5bcc8)
[2026-10-07 21:51:59.836] [thread-id: 127642208263360] [trace] zeEventDestroy(hEvent)
[2026-10-07 21:51:59.836] [thread-id: 127642208263360] [trace] SUCCESS (ZE_RESULT_SUCCESS) in zeEventDestroy(hEvent=0x1bc5c3c8)
[2026-10-07 21:51:59.836] [thread-id: 127642208263360] [trace] zeEventDestroy(hEvent)
[2026-10-07 21:51:59.836] [thread-id: 127642208263360] [trace] SUCCESS (ZE_RESULT_SUCCESS) in zeEventDestroy(hEvent=0x1bc5c8d8)
[2026-10-07 21:51:59.836] [thread-id: 127642208263360] [trace] zeEventDestroy(hEvent)
[2026-10-07 21:51:59.836] [thread-id: 127642208263360] [trace] SUCCESS (ZE_RESULT_SUCCESS) in zeEventDestroy(hEvent=0x1bc5cfd8)
[2026-10-07 21:51:59.836] [thread-id: 127642208263360] [trace] zeEventDestroy(hEvent)
[2026-10-07 21:51:59.836] [thread-id: 127642208263360] [trace] SUCCESS (ZE_RESULT_SUCCESS) in zeEventDestroy(hEvent=0x1bc5d4e8)
[2026-10-07 21:51:59.836] [thread-id: 127642208263360] [trace] zeEventDestroy(hEvent)
[2026-10-07 21:51:59.836] [thread-id: 127642208263360] [trace] SUCCESS (ZE_RESULT_SUCCESS) in zeEventDestroy(hEvent=0x1bc5dbe8)
[2026-10-07 21:51:59.836] [thread-id: 127642208263360] [trace] zeEventDestroy(hEvent)
[2026-10-07 21:51:59.836] [thread-id: 127642208263360] [trace] SUCCESS (ZE_RESULT_SUCCESS) in zeEventDestroy(hEvent=0x1bc5e0f8)
[2026-10-07 21:51:59.836] [thread-id: 127642208263360] [trace] zeEventDestroy(hEvent)
[2026-10-07 21:51:59.836] [thread-id: 127642208263360] [trace] SUCCESS (ZE_RESULT_SUCCESS) in zeEventDestroy(hEvent=0x1bc5e7f8)
[2026-10-07 21:51:59.836] [thread-id: 127642208263360] [trace] zeEventDestroy(hEvent)
[2026-10-07 21:51:59.836] [thread-id: 127642208263360] [trace] SUCCESS (ZE_RESULT_SUCCESS) in zeEventDestroy(hEvent=0x1bc5ed08)
[2026-10-07 21:51:59.836] [thread-id: 127642208263360] [trace] zeEventDestroy(hEvent)
[2026-10-07 21:51:59.836] [thread-id: 127642208263360] [trace] SUCCESS (ZE_RESULT_SUCCESS) in zeEventDestroy(hEvent=0x1bc5f408)
[2026-10-07 21:51:59.836] [thread-id: 127642208263360] [trace] zeEventDestroy(hEvent)
[2026-10-07 21:51:59.836] [thread-id: 127642208263360] [trace] SUCCESS (ZE_RESULT_SUCCESS) in zeEventDestroy(hEvent=0x1bc5f918)
[2026-10-07 21:51:59.836] [thread-id: 127642208263360] [trace] zeEventDestroy(hEvent)
[2026-10-07 21:51:59.836] [thread-id: 127642208263360] [trace] SUCCESS (ZE_RESULT_SUCCESS) in zeEventDestroy(hEvent=0x1bc60018)
[2026-10-07 21:51:59.836] [thread-id: 127642208263360] [trace] zeEventDestroy(hEvent)
[2026-10-07 21:51:59.836] [thread-id: 127642208263360] [trace] SUCCESS (ZE_RESULT_SUCCESS) in zeEventDestroy(hEvent=0x1bc60528)
[2026-10-07 21:51:59.836] [thread-id: 127642208263360] [trace] zeEventDestroy(hEvent)
[2026-10-07 21:51:59.836] [thread-id: 127642208263360] [trace] SUCCESS (ZE_RESULT_SUCCESS) in zeEventDestroy(hEvent=0x1bc60c28)
[2026-10-07 21:51:59.836] [thread-id: 127642208263360] [trace] zeEventDestroy(hEvent)
[2026-10-07 21:51:59.836] [thread-id: 127642208263360] [trace] SUCCESS (ZE_RESULT_SUCCESS) in zeEventDestroy(hEvent=0x1bc61138)
[2026-10-07 21:51:59.836] [thread-id: 127642208263360] [trace] zeEventDestroy(hEvent)
[2026-10-07 21:51:59.836] [thread-id: 127642208263360] [trace] SUCCESS (ZE_RESULT_SUCCESS) in zeEventDestroy(hEvent=0x1bc61ab8)
[2026-10-07 21:51:59.836] [thread-id: 127642208263360] [trace] zeEventDestroy(hEvent)
[2026-10-07 21:51:59.836] [thread-id: 127642208263360] [trace] SUCCESS (ZE_RESULT_SUCCESS) in zeEventDestroy(hEvent=0x1bc61fc8)
[2026-10-07 21:51:59.836] [thread-id: 127642208263360] [trace] zeEventDestroy(hEvent)
[2026-10-07 21:51:59.836] [thread-id: 127642208263360] [trace] SUCCESS (ZE_RESULT_SUCCESS) in zeEventDestroy(hEvent=0x1bc626c8)
[2026-10-07 21:51:59.836] [thread-id: 127642208263360] [trace] zeEventDestroy(hEvent)
[2026-10-07 21:51:59.836] [thread-id: 127642208263360] [trace] SUCCESS (ZE_RESULT_SUCCESS) in zeEventDestroy(hEvent=0x1bc62bd8)
[2026-10-07 21:51:59.836] [thread-id: 127642208263360] [trace] zeEventDestroy(hEvent)
[2026-10-07 21:51:59.836] [thread-id: 127642208263360] [trace] SUCCESS (ZE_RESULT_SUCCESS) in zeEventDestroy(hEvent=0x1bc632d8)
[2026-10-07 21:51:59.836] [thread-id: 127642208263360] [trace] zeEventDestroy(hEvent)
[2026-10-07 21:51:59.836] [thread-id: 127642208263360] [trace] SUCCESS (ZE_RESULT_SUCCESS) in zeEventDestroy(hEvent=0x1bc637e8)
[2026-10-07 21:51:59.836] [thread-id: 127642208263360] [trace] zeEventDestroy(hEvent)
[2026-10-07 21:51:59.836] [thread-id: 127642208263360] [trace] SUCCESS (ZE_RESULT_SUCCESS) in zeEventDestroy(hEvent=0x1bc63ee8)
[2026-10-07 21:51:59.836] [thread-id: 127642208263360] [trace] zeEventDestroy(hEvent)
[2026-10-07 21:51:59.836] [thread-id: 127642208263360] [trace] SUCCESS (ZE_RESULT_SUCCESS) in zeEventDestroy(hEvent=0x1bc643f8)
[2026-10-07 21:51:59.836] [thread-id: 127642208263360] [trace] zeEventDestroy(hEvent)
[2026-10-07 21:51:59.836] [thread-id: 127642208263360] [trace] SUCCESS (ZE_RESULT_SUCCESS) in zeEventDestroy(hEvent=0x1bc64af8)
[2026-10-07 21:51:59.836] [thread-id: 127642208263360] [trace] zeEventDestroy(hEvent)
[2026-10-07 21:51:59.836] [thread-id: 127642208263360] [trace] SUCCESS (ZE_RESULT_SUCCESS) in zeEventDestroy(hEvent=0x1bc65008)
[2026-10-07 21:51:59.836] [thread-id: 127642208263360] [trace] zeEventDestroy(hEvent)
[2026-10-07 21:51:59.836] [thread-id: 127642208263360] [trace] SUCCESS (ZE_RESULT_SUCCESS) in zeEventDestroy(hEvent=0x1bc65708)
[2026-10-07 21:51:59.836] [thread-id: 127642208263360] [trace] zeEventDestroy(hEvent)
[2026-10-07 21:51:59.836] [thread-id: 127642208263360] [trace] SUCCESS (ZE_RESULT_SUCCESS) in zeEventDestroy(hEvent=0x1bc65c18)
[2026-10-07 21:51:59.836] [thread-id: 127642208263360] [trace] zeEventDestroy(hEvent)
[2026-10-07 21:51:59.836] [thread-id: 127642208263360] [trace] SUCCESS (ZE_RESULT_SUCCESS) in zeEventDestroy(hEvent=0x1bc4da68)
[2026-10-07 21:51:59.837] [thread-id: 127642208263360] [trace] zeEventDestroy(hEvent)
[2026-10-07 21:51:59.837] [thread-id: 127642208263360] [trace] SUCCESS (ZE_RESULT_SUCCESS) in zeEventDestroy(hEvent=0x1bc4de08)
[2026-10-07 21:51:59.837] [thread-id: 127642208263360] [trace] zeCommandListDestroy(hCommandList)
[2026-10-07 21:51:59.837] [thread-id: 127642208263360] [trace] SUCCESS (ZE_RESULT_SUCCESS) in zeCommandListDestroy(hCommandList=0x1bc1cd88)
[2026-10-07 21:51:59.837] [thread-id: 127642208263360] [trace] zeContextDestroy(hContext)
[2026-10-07 21:51:59.837] [thread-id: 127642208263360] [trace] SUCCESS (ZE_RESULT_SUCCESS) in zeContextDestroy(hContext=0x1bc15738)
   <--- urContextRelease(.hContext = 0x1bc18b90) -> UR_RESULT_SUCCESS;
   ---> urDeviceRelease
   <--- urDeviceRelease(.hDevice = 0x1bc14040) -> UR_RESULT_SUCCESS;
   ---> urAdapterRelease
   <--- urAdapterRelease(.hAdapter = 0x1ba18700) -> UR_RESULT_SUCCESS;
