<LOADER>[DEBUG]: Logger loader initialized successfully!
<LOADER>[INFO]: loaded adapter 0x0x3872f980 (/opt/intel/oneapi/compiler/2026.1/lib/libur_adapter_level_zero_v2.so.0) from /opt/intel/oneapi/compiler/2026.1/lib/libur_adapter_level_zero_v2.so.0
   ---> urAdapterGet
<LEVEL_ZERO>[DEBUG]: zeInit with flags value of 1
[2026-10-08 08:23:42.003] [thread-id: 139019323354304] [info] Loader Version 1.32.0  - No git SHA found, compiled outside git folder.
[2026-10-08 08:23:42.005] [thread-id: 139019323354304] [info] Validation Layer Enabled
[2026-10-08 08:23:42.006] [thread-id: 139019323354304] [info] zeInit succeeded
[2026-10-08 08:23:42.006] [thread-id: 139019323354304] [trace] zeInit(flags)
[2026-10-08 08:23:42.082] [thread-id: 139019323354304] [trace] SUCCESS (ZE_RESULT_SUCCESS) in zeInit(flags=1)
<LEVEL_ZERO>[DEBUG]: Level Zero Loader version: 1.32.0
<LEVEL_ZERO>[DEBUG]: zeInitDrivers with flags value of 1
[2026-10-08 08:23:42.082] [thread-id: 139019323354304] [trace] zeInitDrivers(pCount, phDrivers, desc)
[2026-10-08 08:23:42.082] [thread-id: 139019323354304] [trace] SUCCESS (ZE_RESULT_SUCCESS) in zeInitDrivers(pCount=1, phDrivers=nullptr, desc={stype=0x3872e728, flags=1})
[2026-10-08 08:23:42.082] [thread-id: 139019323354304] [trace] zeInitDrivers(pCount, phDrivers, desc)
[2026-10-08 08:23:42.082] [thread-id: 139019323354304] [trace] SUCCESS (ZE_RESULT_SUCCESS) in zeInitDrivers(pCount=1, phDrivers=nullptr, desc={stype=0x3872e728, flags=1})
[2026-10-08 08:23:42.082] [thread-id: 139019323354304] [trace] zeDriverGet(pCount, phDrivers)
[2026-10-08 08:23:42.082] [thread-id: 139019323354304] [trace] SUCCESS (ZE_RESULT_SUCCESS) in zeDriverGet(pCount=1, phDrivers=nullptr)
[2026-10-08 08:23:42.082] [thread-id: 139019323354304] [trace] zeDriverGet(pCount, phDrivers)
[2026-10-08 08:23:42.082] [thread-id: 139019323354304] [trace] SUCCESS (ZE_RESULT_SUCCESS) in zeDriverGet(pCount=1, phDrivers=0x38914980)
[2026-10-08 08:23:42.082] [thread-id: 139019323354304] [trace] zeDeviceGet(hDriver, pCount, phDevices)
[2026-10-08 08:23:42.082] [thread-id: 139019323354304] [trace] SUCCESS (ZE_RESULT_SUCCESS) in zeDeviceGet(hDriver=0x389149c8, pCount=1, phDevices=nullptr)
[2026-10-08 08:23:42.082] [thread-id: 139019323354304] [trace] zeDeviceGet(hDriver, pCount, phDevices)
[2026-10-08 08:23:42.082] [thread-id: 139019323354304] [trace] SUCCESS (ZE_RESULT_SUCCESS) in zeDeviceGet(hDriver=0x389149c8, pCount=1, phDevices=0x389212b0)
[2026-10-08 08:23:42.082] [thread-id: 139019323354304] [trace] zeDeviceGetProperties(hDevice, pDeviceProperties)
[2026-10-08 08:23:42.082] [thread-id: 139019323354304] [trace] SUCCESS (ZE_RESULT_SUCCESS) in zeDeviceGetProperties(hDevice=0x38914f28, pDeviceProperties={stype=0x7ffd203f6830, type=0x7ffd203f6840, vendorId=32902, deviceId=57868, flags=8, subdeviceId=0, coreClockRate=2750, maxMemAllocSize=10132807680, maxHardwareContexts=65536, maxCommandQueuePriority=0, numThreadsPerEU=8, physicalEUSimdWidth=16, numEUsPerSubslice=8, numSubslicesPerSlice=4, numSlices=5, timerResolution=52, timestampValidBits=64, kernelTimestampValidBits=64, uuid={id=134}, name="Intel(R) Arc(TM) B570 Graphics"})
<LEVEL_ZERO>[DEBUG]: 
zesInit with flags value of 0

[2026-10-08 08:23:42.082] [thread-id: 139019323354304] [trace] zesInit(flags)
[2026-10-08 08:23:42.084] [thread-id: 139019323354304] [trace] SUCCESS (ZE_RESULT_SUCCESS) in zesInit(flags=0)
[2026-10-08 08:23:42.084] [thread-id: 139019323354304] [trace] zeDriverGet(pCount, phDrivers)
[2026-10-08 08:23:42.084] [thread-id: 139019323354304] [trace] SUCCESS (ZE_RESULT_SUCCESS) in zeDriverGet(pCount=1, phDrivers=nullptr)
[2026-10-08 08:23:42.084] [thread-id: 139019323354304] [trace] zeDriverGet(pCount, phDrivers)
[2026-10-08 08:23:42.084] [thread-id: 139019323354304] [trace] SUCCESS (ZE_RESULT_SUCCESS) in zeDriverGet(pCount=1, phDrivers=0x38928340)
[2026-10-08 08:23:42.084] [thread-id: 139019323354304] [trace] zeInitDrivers(pCount, phDrivers, desc)
[2026-10-08 08:23:42.084] [thread-id: 139019323354304] [trace] SUCCESS (ZE_RESULT_SUCCESS) in zeInitDrivers(pCount=1, phDrivers=0x38928410, desc={stype=0x3872e728, flags=1})
[2026-10-08 08:23:42.084] [thread-id: 139019323354304] [trace] zeDriverGetProperties(hDriver, pDriverProperties)
[2026-10-08 08:23:42.084] [thread-id: 139019323354304] [trace] SUCCESS (ZE_RESULT_SUCCESS) in zeDriverGetProperties(hDriver=0x389149c8, pDriverProperties={stype=0x7ffd203f6780, uuid={id=227}, driverVersion=17013219})
[2026-10-08 08:23:42.084] [thread-id: 139019323354304] [trace] zeDriverGetProperties(hDriver, pDriverProperties)
[2026-10-08 08:23:42.084] [thread-id: 139019323354304] [trace] SUCCESS (ZE_RESULT_SUCCESS) in zeDriverGetProperties(hDriver=0x389149c8, pDriverProperties={stype=0x7ffd203f6950, uuid={id=227}, driverVersion=17013219})
<LEVEL_ZERO>[DEBUG]: zeDriverHandle 0x389149c8 matched between zeDriverGet and zeInitDrivers. Not adding duplicate driver to list
<LEVEL_ZERO>[DEBUG]: 1 L0 Drivers found.
[2026-10-08 08:23:42.084] [thread-id: 139019323354304] [trace] zeDeviceGet(hDriver, pCount, phDevices)
[2026-10-08 08:23:42.084] [thread-id: 139019323354304] [trace] SUCCESS (ZE_RESULT_SUCCESS) in zeDeviceGet(hDriver=0x389149c8, pCount=1, phDevices=nullptr)
[2026-10-08 08:23:42.084] [thread-id: 139019323354304] [trace] zeDeviceGet(hDriver, pCount, phDevices)
[2026-10-08 08:23:42.084] [thread-id: 139019323354304] [trace] SUCCESS (ZE_RESULT_SUCCESS) in zeDeviceGet(hDriver=0x389149c8, pCount=1, phDevices=0x389286b0)
[2026-10-08 08:23:42.084] [thread-id: 139019323354304] [trace] zeDeviceGetProperties(hDevice, pDeviceProperties)
[2026-10-08 08:23:42.084] [thread-id: 139019323354304] [trace] SUCCESS (ZE_RESULT_SUCCESS) in zeDeviceGetProperties(hDevice=0x38914f28, pDeviceProperties={stype=0x7ffd203f6780, type=0x7ffd203f6790, vendorId=32902, deviceId=57868, flags=8, subdeviceId=0, coreClockRate=2750, maxMemAllocSize=10132807680, maxHardwareContexts=65536, maxCommandQueuePriority=0, numThreadsPerEU=8, physicalEUSimdWidth=16, numEUsPerSubslice=8, numSubslicesPerSlice=4, numSlices=5, timerResolution=52, timestampValidBits=64, kernelTimestampValidBits=64, uuid={id=134}, name="Intel(R) Arc(TM) B570 Graphics"})
[2026-10-08 08:23:42.084] [thread-id: 139019323354304] [trace] zeDriverGetApiVersion(hDriver, version)
[2026-10-08 08:23:42.084] [thread-id: 139019323354304] [trace] SUCCESS (ZE_RESULT_SUCCESS) in zeDriverGetApiVersion(hDriver=0x389149c8, version=65553)
[2026-10-08 08:23:42.084] [thread-id: 139019323354304] [trace] zeDriverGetExtensionProperties(hDriver, pCount, pExtensionProperties)
[2026-10-08 08:23:42.084] [thread-id: 139019323354304] [trace] SUCCESS (ZE_RESULT_SUCCESS) in zeDriverGetExtensionProperties(hDriver=0x389149c8, pCount=63, pExtensionProperties=nullptr)
[2026-10-08 08:23:42.084] [thread-id: 139019323354304] [trace] zeDriverGetExtensionProperties(hDriver, pCount, pExtensionProperties)
[2026-10-08 08:23:42.084] [thread-id: 139019323354304] [trace] SUCCESS (ZE_RESULT_SUCCESS) in zeDriverGetExtensionProperties(hDriver=0x389149c8, pCount=63, pExtensionProperties={name="ZE_extension_device_cache_line_size", version=65536})
[2026-10-08 08:23:42.084] [thread-id: 139019323354304] [trace] zeDriverGetExtensionFunctionAddress(hDriver, name, ppFunctionAddress)
[2026-10-08 08:23:42.084] [thread-id: 139019323354304] [trace] SUCCESS (ZE_RESULT_SUCCESS) in zeDriverGetExtensionFunctionAddress(hDriver=0x389149c8, name="zeIntelGetDriverVersionString", ppFunctionAddress=0x7e6ff18cac00)
[2026-10-08 08:23:42.084] [thread-id: 139019323354304] [trace] zeDriverGetProperties(hDriver, pDriverProperties)
[2026-10-08 08:23:42.084] [thread-id: 139019323354304] [trace] SUCCESS (ZE_RESULT_SUCCESS) in zeDriverGetProperties(hDriver=0x389149c8, pDriverProperties={stype=0x7ffd203f6640, uuid={id=227}, driverVersion=17013219})
<LEVEL_ZERO>[DEBUG]: Level Zero Driver version: 1.17.39395+14
[2026-10-08 08:23:42.084] [thread-id: 139019323354304] [trace] zeDriverGetExtensionFunctionAddress(hDriver, name, ppFunctionAddress)
[2026-10-08 08:23:42.084] [thread-id: 139019323354304] [trace] SUCCESS (ZE_RESULT_SUCCESS) in zeDriverGetExtensionFunctionAddress(hDriver=0x389149c8, name="zexDriverImportExternalPointer", ppFunctionAddress=0x7e6ff18c5a40)
[2026-10-08 08:23:42.084] [thread-id: 139019323354304] [trace] zeDriverGetExtensionFunctionAddress(hDriver, name, ppFunctionAddress)
[2026-10-08 08:23:42.084] [thread-id: 139019323354304] [trace] SUCCESS (ZE_RESULT_SUCCESS) in zeDriverGetExtensionFunctionAddress(hDriver=0x389149c8, name="zexDriverReleaseImportedPointer", ppFunctionAddress=0x7e6ff18cde30)
[2026-10-08 08:23:42.084] [thread-id: 139019323354304] [trace] zeDriverGetExtensionFunctionAddress(hDriver, name, ppFunctionAddress)
[2026-10-08 08:23:42.084] [thread-id: 139019323354304] [trace] SUCCESS (ZE_RESULT_SUCCESS) in zeDriverGetExtensionFunctionAddress(hDriver=0x389149c8, name="zeImageGetDeviceOffsetExp", ppFunctionAddress=0x7e6ff18cf190)
[2026-10-08 08:23:42.084] [thread-id: 139019323354304] [trace] zeDriverGetExtensionFunctionAddress(hDriver, name, ppFunctionAddress)
[2026-10-08 08:23:42.084] [thread-id: 139019323354304] [trace] SUCCESS (ZE_RESULT_SUCCESS) in zeDriverGetExtensionFunctionAddress(hDriver=0x389149c8, name="zeMemGetPitchFor2dImage", ppFunctionAddress=0x7e6ff18d1550)
[2026-10-08 08:23:42.084] [thread-id: 139019323354304] [trace] zeDriverGetExtensionFunctionAddress(hDriver, name, ppFunctionAddress)
[2026-10-08 08:23:42.084] [thread-id: 139019323354304] [trace] SUCCESS (ZE_RESULT_SUCCESS) in zeDriverGetExtensionFunctionAddress(hDriver=0x389149c8, name="zeGraphGetIdExt", ppFunctionAddress=0x7e6ff18bfdd0)
[2026-10-08 08:23:42.084] [thread-id: 139019323354304] [trace] zeDriverGetExtensionFunctionAddress(hDriver, name, ppFunctionAddress)
[2026-10-08 08:23:42.084] [thread-id: 139019323354304] [trace] SUCCESS (ZE_RESULT_SUCCESS) in zeDriverGetExtensionFunctionAddress(hDriver=0x389149c8, name="zeCommandListAppendHostFunction", ppFunctionAddress=0x7e6ff18a3140)
[2026-10-08 08:23:42.084] [thread-id: 139019323354304] [trace] zesDriverGet(pCount, phDrivers)
[2026-10-08 08:23:42.084] [thread-id: 139019323354304] [trace] SUCCESS (ZE_RESULT_SUCCESS) in zesDriverGet(pCount=1, phDrivers=nullptr)
[2026-10-08 08:23:42.084] [thread-id: 139019323354304] [trace] zesDriverGet(pCount, phDrivers)
[2026-10-08 08:23:42.084] [thread-id: 139019323354304] [trace] SUCCESS (ZE_RESULT_SUCCESS) in zesDriverGet(pCount=1, phDrivers=0x389295b0)
[2026-10-08 08:23:42.084] [thread-id: 139019323354304] [trace] zesDriverGetDeviceByUuidExp(hDriver, uuid, phDevice, onSubdevice, subdeviceId)
[2026-10-08 08:23:42.084] [thread-id: 139019323354304] [trace] SUCCESS (ZE_RESULT_SUCCESS) in zesDriverGetDeviceByUuidExp(hDriver=0x389251c8, uuid={id=134}, phDevice=0x38755058, onSubdevice=0, subdeviceId=0)
<LEVEL_ZERO>[DEBUG]: Initialized 1 platforms
   <--- urAdapterGet(.NumEntries = 0, .phAdapters = nullptr, .pNumAdapters = 0x7ffd203f7058 (1)) -> UR_RESULT_SUCCESS;
   ---> urAdapterGet
   <--- urAdapterGet(.NumEntries = 1, .phAdapters = 0x38928690 {0x3872e700}, .pNumAdapters = nullptr) -> UR_RESULT_SUCCESS;
   ---> urAdapterGetInfo
   <--- urAdapterGetInfo(.hAdapter = 0x3872e700, .propName = UR_ADAPTER_INFO_BACKEND, .propSize = 4, .pPropValue = 0x7ffd203f704c (UR_BACKEND_LEVEL_ZERO), .pPropSizeRet = nullptr) -> UR_RESULT_SUCCESS;
   ---> urAdapterSetLoggerCallback
   <--- urAdapterSetLoggerCallback(.hAdapter = 0x3872e700, .pfnLoggerCallback = 0x7e6ff86a6420, .pUserData = nullptr, .level = UR_LOGGER_LEVEL_WARN) -> UR_RESULT_SUCCESS;
   ---> urPlatformGet
   <--- urPlatformGet(.hAdapter = 0x3872e700, .NumEntries = 0, .phPlatforms = nullptr, .pNumPlatforms = 0x7ffd203f6f8c (1)) -> UR_RESULT_SUCCESS;
   ---> urPlatformGet
   <--- urPlatformGet(.hAdapter = 0x3872e700, .NumEntries = 1, .phPlatforms = 0x38928690 {0x38928810}, .pNumPlatforms = nullptr) -> UR_RESULT_SUCCESS;
   ---> urPlatformGetInfo
   <--- urPlatformGetInfo(.hPlatform = 0x38928810, .propName = UR_PLATFORM_INFO_BACKEND, .propSize = 4, .pPropValue = 0x7ffd203f6f9c (UR_BACKEND_LEVEL_ZERO), .pPropSizeRet = nullptr) -> UR_RESULT_SUCCESS;
   ---> urDeviceGet
[2026-10-08 08:23:42.084] [thread-id: 139019323354304] [trace] zeDeviceGet(hDriver, pCount, phDevices)
[2026-10-08 08:23:42.084] [thread-id: 139019323354304] [trace] SUCCESS (ZE_RESULT_SUCCESS) in zeDeviceGet(hDriver=0x389149c8, pCount=1, phDevices=nullptr)
[2026-10-08 08:23:42.084] [thread-id: 139019323354304] [trace] zeDeviceGet(hDriver, pCount, phDevices)
[2026-10-08 08:23:42.084] [thread-id: 139019323354304] [trace] SUCCESS (ZE_RESULT_SUCCESS) in zeDeviceGet(hDriver=0x389149c8, pCount=1, phDevices=0x3892a000)
[2026-10-08 08:23:42.084] [thread-id: 139019323354304] [trace] zeDeviceGetProperties(hDevice, pDeviceProperties)
[2026-10-08 08:23:42.084] [thread-id: 139019323354304] [trace] SUCCESS (ZE_RESULT_SUCCESS) in zeDeviceGetProperties(hDevice=0x38914f28, pDeviceProperties={stype=0x3892a0e8, type=0x3892a0f8, vendorId=32902, deviceId=57868, flags=8, subdeviceId=0, coreClockRate=2750, maxMemAllocSize=10132807680, maxHardwareContexts=65536, maxCommandQueuePriority=0, numThreadsPerEU=8, physicalEUSimdWidth=16, numEUsPerSubslice=8, numSubslicesPerSlice=4, numSlices=5, timerResolution=19200000, timestampValidBits=64, kernelTimestampValidBits=64, uuid={id=134}, name="Intel(R) Arc(TM) B570 Graphics"})
[2026-10-08 08:23:42.084] [thread-id: 139019323354304] [trace] zeDeviceGetProperties(hDevice, pDeviceProperties)
[2026-10-08 08:23:42.084] [thread-id: 139019323354304] [trace] SUCCESS (ZE_RESULT_SUCCESS) in zeDeviceGetProperties(hDevice=0x38914f28, pDeviceProperties={stype=0x7ffd203f6598, type=0x7ffd203f65a8, vendorId=32902, deviceId=57868, flags=8, subdeviceId=0, coreClockRate=2750, maxMemAllocSize=10132807680, maxHardwareContexts=65536, maxCommandQueuePriority=0, numThreadsPerEU=8, physicalEUSimdWidth=16, numEUsPerSubslice=8, numSubslicesPerSlice=4, numSlices=5, timerResolution=52, timestampValidBits=64, kernelTimestampValidBits=64, uuid={id=134}, name="Intel(R) Arc(TM) B570 Graphics"})
[2026-10-08 08:23:42.084] [thread-id: 139019323354304] [trace] zeDeviceGetCommandQueueGroupProperties(hDevice, pCount, pCommandQueueGroupProperties)
[2026-10-08 08:23:42.084] [thread-id: 139019323354304] [trace] SUCCESS (ZE_RESULT_SUCCESS) in zeDeviceGetCommandQueueGroupProperties(hDevice=0x38914f28, pCount=2, pCommandQueueGroupProperties=nullptr)
<LEVEL_ZERO>[INFO]: Number of queue groups = 2
[2026-10-08 08:23:42.084] [thread-id: 139019323354304] [trace] zeDeviceGetCommandQueueGroupProperties(hDevice, pCount, pCommandQueueGroupProperties)
[2026-10-08 08:23:42.084] [thread-id: 139019323354304] [trace] SUCCESS (ZE_RESULT_SUCCESS) in zeDeviceGetCommandQueueGroupProperties(hDevice=0x38914f28, pCount=2, pCommandQueueGroupProperties={stype=0x3872e610, flags=7, maxMemoryFillPatternSize=18446744073709551615, numQueues=1})
<LEVEL_ZERO>[INFO]: main blitter/copy engine is available
<LEVEL_ZERO>[INFO]: link blitter/copy engines are not available
[2026-10-08 08:23:42.084] [thread-id: 139019323354304] [trace] zeDeviceGetSubDevices(hDevice, pCount, phSubdevices)
[2026-10-08 08:23:42.084] [thread-id: 139019323354304] [trace] SUCCESS (ZE_RESULT_SUCCESS) in zeDeviceGetSubDevices(hDevice=0x38914f28, pCount=0, phSubdevices=nullptr)
[2026-10-08 08:23:42.085] [thread-id: 139019323354304] [trace] zeDeviceGetSubDevices(hDevice, pCount, phSubdevices)
[2026-10-08 08:23:42.085] [thread-id: 139019323354304] [trace] SUCCESS (ZE_RESULT_SUCCESS) in zeDeviceGetSubDevices(hDevice=0x38914f28, pCount=0, phSubdevices=0x3892a020)
[2026-10-08 08:23:42.085] [thread-id: 139019323354304] [trace] zeDeviceGetRootDevice(hDevice, phRootDevice)
[2026-10-08 08:23:42.085] [thread-id: 139019323354304] [trace] SUCCESS (ZE_RESULT_SUCCESS) in zeDeviceGetRootDevice(hDevice=0x38914f28, phRootDevice=0x7ffd203f69f0)
[2026-10-08 08:23:42.085] [thread-id: 139019323354304] [trace] zeDeviceSynchronize(hDevice)
[2026-10-08 08:23:42.085] [thread-id: 139019323354304] [trace] SUCCESS (ZE_RESULT_SUCCESS) in zeDeviceSynchronize(hDevice=0x38914f28)
[2026-10-08 08:23:42.085] [thread-id: 139019323354304] [trace] zeDeviceGetRootDevice(hDevice, phRootDevice)
[2026-10-08 08:23:42.085] [thread-id: 139019323354304] [trace] SUCCESS (ZE_RESULT_SUCCESS) in zeDeviceGetRootDevice(hDevice=0x38914f28, phRootDevice=0x7ffd203f6ae0)
   <--- urDeviceGet(.hPlatform = 0x38928810, .DeviceType = UR_DEVICE_TYPE_ALL, .NumEntries = 0, .phDevices = nullptr, .pNumDevices = 0x7ffd203f6f0c (1)) -> UR_RESULT_SUCCESS;
   ---> urDeviceGet
[2026-10-08 08:23:42.085] [thread-id: 139019323354304] [trace] zeDeviceGetRootDevice(hDevice, phRootDevice)
[2026-10-08 08:23:42.085] [thread-id: 139019323354304] [trace] SUCCESS (ZE_RESULT_SUCCESS) in zeDeviceGetRootDevice(hDevice=0x38914f28, phRootDevice=0x7ffd203f6ae0)
   <--- urDeviceGet(.hPlatform = 0x38928810, .DeviceType = UR_DEVICE_TYPE_ALL, .NumEntries = 1, .phDevices = 0x3892a000 {0x3892a040}, .pNumDevices = nullptr) -> UR_RESULT_SUCCESS;
   ---> urPlatformGetInfo
   <--- urPlatformGetInfo(.hPlatform = 0x38928810, .propName = UR_PLATFORM_INFO_VERSION, .propSize = 0, .pPropValue = nullptr, .pPropSizeRet = 0x7ffd203f6ae0 (5)) -> UR_RESULT_SUCCESS;
   ---> urPlatformGetInfo
   <--- urPlatformGetInfo(.hPlatform = 0x38928810, .propName = UR_PLATFORM_INFO_VERSION, .propSize = 5, .pPropValue = 0x7ffd203f6c48 (1.17), .pPropSizeRet = nullptr) -> UR_RESULT_SUCCESS;
   ---> urPlatformGetInfo
   <--- urPlatformGetInfo(.hPlatform = 0x38928810, .propName = UR_PLATFORM_INFO_NAME, .propSize = 0, .pPropValue = nullptr, .pPropSizeRet = 0x7ffd203f6ae0 (51)) -> UR_RESULT_SUCCESS;
   ---> urPlatformGetInfo
   <--- urPlatformGetInfo(.hPlatform = 0x38928810, .propName = UR_PLATFORM_INFO_NAME, .propSize = 51, .pPropValue = 0x3892a710 (Intel(R) oneAPI Unified Runtime over Level-Zero V2), .pPropSizeRet = nullptr) -> UR_RESULT_SUCCESS;
   ---> urDeviceGetInfo
   <--- urDeviceGetInfo(.hDevice = 0x3892a040, .propName = UR_DEVICE_INFO_PARENT_DEVICE, .propSize = 8, .pPropValue = 0x7ffd203f6aa0 (nullptr), .pPropSizeRet = nullptr) -> UR_RESULT_SUCCESS;
   ---> urDeviceGetInfo
   <--- urDeviceGetInfo(.hDevice = 0x3892a040, .propName = UR_DEVICE_INFO_TYPE, .propSize = 4, .pPropValue = 0x7ffd203f6a40 (UR_DEVICE_TYPE_GPU), .pPropSizeRet = nullptr) -> UR_RESULT_SUCCESS;
   ---> urDeviceGetInfo
   <--- urDeviceGetInfo(.hDevice = 0x3892a040, .propName = UR_DEVICE_INFO_USE_NATIVE_ASSERT, .propSize = 1, .pPropValue = 0x7ffd203f6a40 (true), .pPropSizeRet = nullptr) -> UR_RESULT_SUCCESS;
   ---> urDeviceGetInfo
[2026-10-08 08:23:42.085] [thread-id: 139019323354304] [trace] zeDeviceGetModuleProperties(hDevice, pModuleProperties)
[2026-10-08 08:23:42.085] [thread-id: 139019323354304] [trace] SUCCESS (ZE_RESULT_SUCCESS) in zeDeviceGetModuleProperties(hDevice=0x38914f28, pModuleProperties={stype=0x3892a360, spirvVersionSupported=65541, flags=15, fp16flags=63, fp32flags=127, fp64flags=127, maxArgumentsSize=2048, printfBufferSize=4194304, nativeKernelSupported={id=0}})
[2026-10-08 08:23:42.085] [thread-id: 139019323354304] [trace] zeDeviceGetImageProperties(hDevice, pImageProperties)
[2026-10-08 08:23:42.085] [thread-id: 139019323354304] [trace] SUCCESS (ZE_RESULT_SUCCESS) in zeDeviceGetImageProperties(hDevice=0x38914f28, pImageProperties={stype=0x3892a300, maxImageDims1D=16384, maxImageDims2D=16384, maxImageDims3D=2048, maxImageBufferSize=633300480, maxImageArraySlices=2048, maxSamplers=16, maxReadImageArgs=128, maxWriteImageArgs=128})
   <--- urDeviceGetInfo(.hDevice = 0x3892a040, .propName = UR_DEVICE_INFO_EXTENSIONS, .propSize = 0, .pPropValue = nullptr, .pPropSizeRet = 0x7ffd203f69c8 (245)) -> UR_RESULT_SUCCESS;
   ---> urDeviceGetInfo
   <--- urDeviceGetInfo(.hDevice = 0x3892a040, .propName = UR_DEVICE_INFO_EXTENSIONS, .propSize = 245, .pPropValue = 0x387e4740 (cl_khr_il_program cl_khr_subgroups cl_intel_subgroups cl_intel_subgroups_short cl_intel_required_subgroup_size cl_khr_fp16 cl_khr_fp64 cl_khr_int64_base_atomics cl_khr_int64_extended_atomics cl_khr_3d_image_writes cl_intel_bfloat16_conversions ), .pPropSizeRet = nullptr) -> UR_RESULT_SUCCESS;
   ---> urDeviceRetain
   <--- urDeviceRetain(.hDevice = 0x3892a040) -> UR_RESULT_SUCCESS;
   ---> urDeviceGetInfo
   <--- urDeviceGetInfo(.hDevice = 0x3892a040, .propName = UR_DEVICE_INFO_TYPE, .propSize = 4, .pPropValue = 0x7ffd203f6bbc (UR_DEVICE_TYPE_GPU), .pPropSizeRet = nullptr) -> UR_RESULT_SUCCESS;
   ---> urDeviceGetInfo
   <--- urDeviceGetInfo(.hDevice = 0x3892a040, .propName = UR_DEVICE_INFO_VENDOR_ID, .propSize = 4, .pPropValue = 0x7ffd203f6c38 (32902), .pPropSizeRet = nullptr) -> UR_RESULT_SUCCESS;
   ---> urDeviceGetInfo
   <--- urDeviceGetInfo(.hDevice = 0x3892a040, .propName = UR_DEVICE_INFO_DRIVER_VERSION, .propSize = 0, .pPropValue = nullptr, .pPropSizeRet = 0x7ffd203f6ae0 (14)) -> UR_RESULT_SUCCESS;
   ---> urDeviceGetInfo
   <--- urDeviceGetInfo(.hDevice = 0x3892a040, .propName = UR_DEVICE_INFO_DRIVER_VERSION, .propSize = 14, .pPropValue = 0x7ffd203f6c08 (1.17.39395+14), .pPropSizeRet = nullptr) -> UR_RESULT_SUCCESS;
   ---> urDeviceGetInfo
   <--- urDeviceGetInfo(.hDevice = 0x3892a040, .propName = UR_DEVICE_INFO_NAME, .propSize = 0, .pPropValue = nullptr, .pPropSizeRet = 0x7ffd203f6a20 (31)) -> UR_RESULT_SUCCESS;
   ---> urDeviceGetInfo
   <--- urDeviceGetInfo(.hDevice = 0x3892a040, .propName = UR_DEVICE_INFO_NAME, .propSize = 31, .pPropValue = 0x38929fd0 (Intel(R) Arc(TM) B570 Graphics), .pPropSizeRet = nullptr) -> UR_RESULT_SUCCESS;
   ---> urPlatformGetInfo
   <--- urPlatformGetInfo(.hPlatform = 0x38928810, .propName = UR_PLATFORM_INFO_BACKEND, .propSize = 4, .pPropValue = 0x7ffd203f6dfc (UR_BACKEND_LEVEL_ZERO), .pPropSizeRet = nullptr) -> UR_RESULT_SUCCESS;
   ---> urDeviceGetInfo
   <--- urDeviceGetInfo(.hDevice = 0x3892a040, .propName = UR_DEVICE_INFO_TYPE, .propSize = 4, .pPropValue = 0x7ffd203f6df4 (UR_DEVICE_TYPE_GPU), .pPropSizeRet = nullptr) -> UR_RESULT_SUCCESS;
   ---> urDeviceRelease
   <--- urDeviceRelease(.hDevice = 0x3892a040) -> UR_RESULT_SUCCESS;
   ---> urDeviceGetInfo
   <--- urDeviceGetInfo(.hDevice = 0x3892a040, .propName = UR_DEVICE_INFO_SUPPORTED_PARTITIONS, .propSize = 0, .pPropValue = nullptr, .pPropSizeRet = 0x7ffd203f6de8 (0)) -> UR_RESULT_SUCCESS;
   ---> urDeviceGet
[2026-10-08 08:23:42.085] [thread-id: 139019323354304] [trace] zeDeviceGetRootDevice(hDevice, phRootDevice)
[2026-10-08 08:23:42.085] [thread-id: 139019323354304] [trace] SUCCESS (ZE_RESULT_SUCCESS) in zeDeviceGetRootDevice(hDevice=0x38914f28, phRootDevice=0x7ffd203f6bf0)
   <--- urDeviceGet(.hPlatform = 0x38928810, .DeviceType = UR_DEVICE_TYPE_ALL, .NumEntries = 0, .phDevices = nullptr, .pNumDevices = 0x7ffd203f701c (1)) -> UR_RESULT_SUCCESS;
   ---> urDeviceGet
[2026-10-08 08:23:42.085] [thread-id: 139019323354304] [trace] zeDeviceGetRootDevice(hDevice, phRootDevice)
[2026-10-08 08:23:42.085] [thread-id: 139019323354304] [trace] SUCCESS (ZE_RESULT_SUCCESS) in zeDeviceGetRootDevice(hDevice=0x38914f28, phRootDevice=0x7ffd203f6bf0)
   <--- urDeviceGet(.hPlatform = 0x38928810, .DeviceType = UR_DEVICE_TYPE_ALL, .NumEntries = 1, .phDevices = 0x389286b0 {0x3892a040}, .pNumDevices = nullptr) -> UR_RESULT_SUCCESS;
   ---> urPlatformGetInfo
   <--- urPlatformGetInfo(.hPlatform = 0x38928810, .propName = UR_PLATFORM_INFO_VERSION, .propSize = 0, .pPropValue = nullptr, .pPropSizeRet = 0x7ffd203f6bf0 (5)) -> UR_RESULT_SUCCESS;
   ---> urPlatformGetInfo
   <--- urPlatformGetInfo(.hPlatform = 0x38928810, .propName = UR_PLATFORM_INFO_VERSION, .propSize = 5, .pPropValue = 0x7ffd203f6d58 (1.17), .pPropSizeRet = nullptr) -> UR_RESULT_SUCCESS;
   ---> urPlatformGetInfo
   <--- urPlatformGetInfo(.hPlatform = 0x38928810, .propName = UR_PLATFORM_INFO_NAME, .propSize = 0, .pPropValue = nullptr, .pPropSizeRet = 0x7ffd203f6bf0 (51)) -> UR_RESULT_SUCCESS;
   ---> urPlatformGetInfo
   <--- urPlatformGetInfo(.hPlatform = 0x38928810, .propName = UR_PLATFORM_INFO_NAME, .propSize = 51, .pPropValue = 0x3892ac30 (Intel(R) oneAPI Unified Runtime over Level-Zero V2), .pPropSizeRet = nullptr) -> UR_RESULT_SUCCESS;
   ---> urDeviceGetInfo
   <--- urDeviceGetInfo(.hDevice = 0x3892a040, .propName = UR_DEVICE_INFO_TYPE, .propSize = 4, .pPropValue = 0x7ffd203f6ccc (UR_DEVICE_TYPE_GPU), .pPropSizeRet = nullptr) -> UR_RESULT_SUCCESS;
   ---> urDeviceGetInfo
   <--- urDeviceGetInfo(.hDevice = 0x3892a040, .propName = UR_DEVICE_INFO_VENDOR_ID, .propSize = 4, .pPropValue = 0x7ffd203f6d48 (32902), .pPropSizeRet = nullptr) -> UR_RESULT_SUCCESS;
   ---> urDeviceGetInfo
   <--- urDeviceGetInfo(.hDevice = 0x3892a040, .propName = UR_DEVICE_INFO_DRIVER_VERSION, .propSize = 0, .pPropValue = nullptr, .pPropSizeRet = 0x7ffd203f6bf0 (14)) -> UR_RESULT_SUCCESS;
   ---> urDeviceGetInfo
   <--- urDeviceGetInfo(.hDevice = 0x3892a040, .propName = UR_DEVICE_INFO_DRIVER_VERSION, .propSize = 14, .pPropValue = 0x7ffd203f6d18 (1.17.39395+14), .pPropSizeRet = nullptr) -> UR_RESULT_SUCCESS;
   ---> urPlatformGetInfo
   <--- urPlatformGetInfo(.hPlatform = 0x38928810, .propName = UR_PLATFORM_INFO_BACKEND, .propSize = 4, .pPropValue = 0x7ffd203f6f0c (UR_BACKEND_LEVEL_ZERO), .pPropSizeRet = nullptr) -> UR_RESULT_SUCCESS;
   ---> urDeviceGetInfo
   <--- urDeviceGetInfo(.hDevice = 0x3892a040, .propName = UR_DEVICE_INFO_TYPE, .propSize = 4, .pPropValue = 0x7ffd203f6f04 (UR_DEVICE_TYPE_GPU), .pPropSizeRet = nullptr) -> UR_RESULT_SUCCESS;
   ---> urDeviceRelease
   <--- urDeviceRelease(.hDevice = 0x3892a040) -> UR_RESULT_SUCCESS;
   ---> urDeviceGetInfo
   <--- urDeviceGetInfo(.hDevice = 0x3892a040, .propName = UR_DEVICE_INFO_SUPPORTED_PARTITIONS, .propSize = 0, .pPropValue = nullptr, .pPropSizeRet = 0x7ffd203f6ef8 (0)) -> UR_RESULT_SUCCESS;
   ---> urDeviceSelectBinary
   <--- urDeviceSelectBinary(.hDevice = 0x3892a040, .pBinaries = 0x7ffd203f6f40 ((struct ur_device_binary_t){.stype = UR_STRUCTURE_TYPE_CONTEXT_PROPERTIES, .pNext = nullptr, .pDeviceTargetSpec = 0x7e6ff84273c0 (spir64)}), .NumBinaries = 1, .pSelectedBinary = 0x7ffd203f6f64 (0)) -> UR_RESULT_SUCCESS;
   ---> urDeviceGet
[2026-10-08 08:23:42.085] [thread-id: 139019323354304] [trace] zeDeviceGetRootDevice(hDevice, phRootDevice)
[2026-10-08 08:23:42.085] [thread-id: 139019323354304] [trace] SUCCESS (ZE_RESULT_SUCCESS) in zeDeviceGetRootDevice(hDevice=0x38914f28, phRootDevice=0x7ffd203f6b80)
   <--- urDeviceGet(.hPlatform = 0x38928810, .DeviceType = UR_DEVICE_TYPE_ALL, .NumEntries = 0, .phDevices = nullptr, .pNumDevices = 0x7ffd203f6fac (1)) -> UR_RESULT_SUCCESS;
   ---> urDeviceGet
[2026-10-08 08:23:42.085] [thread-id: 139019323354304] [trace] zeDeviceGetRootDevice(hDevice, phRootDevice)
[2026-10-08 08:23:42.085] [thread-id: 139019323354304] [trace] SUCCESS (ZE_RESULT_SUCCESS) in zeDeviceGetRootDevice(hDevice=0x38914f28, phRootDevice=0x7ffd203f6b80)
   <--- urDeviceGet(.hPlatform = 0x38928810, .DeviceType = UR_DEVICE_TYPE_ALL, .NumEntries = 1, .phDevices = 0x3892ad00 {0x3892a040}, .pNumDevices = nullptr) -> UR_RESULT_SUCCESS;
   ---> urPlatformGetInfo
   <--- urPlatformGetInfo(.hPlatform = 0x38928810, .propName = UR_PLATFORM_INFO_VERSION, .propSize = 0, .pPropValue = nullptr, .pPropSizeRet = 0x7ffd203f6b80 (5)) -> UR_RESULT_SUCCESS;
   ---> urPlatformGetInfo
   <--- urPlatformGetInfo(.hPlatform = 0x38928810, .propName = UR_PLATFORM_INFO_VERSION, .propSize = 5, .pPropValue = 0x7ffd203f6ce8 (1.17), .pPropSizeRet = nullptr) -> UR_RESULT_SUCCESS;
   ---> urPlatformGetInfo
   <--- urPlatformGetInfo(.hPlatform = 0x38928810, .propName = UR_PLATFORM_INFO_NAME, .propSize = 0, .pPropValue = nullptr, .pPropSizeRet = 0x7ffd203f6b80 (51)) -> UR_RESULT_SUCCESS;
   ---> urPlatformGetInfo
   <--- urPlatformGetInfo(.hPlatform = 0x38928810, .propName = UR_PLATFORM_INFO_NAME, .propSize = 51, .pPropValue = 0x3892a710 (Intel(R) oneAPI Unified Runtime over Level-Zero V2), .pPropSizeRet = nullptr) -> UR_RESULT_SUCCESS;
   ---> urDeviceGetInfo
   <--- urDeviceGetInfo(.hDevice = 0x3892a040, .propName = UR_DEVICE_INFO_TYPE, .propSize = 4, .pPropValue = 0x7ffd203f6c5c (UR_DEVICE_TYPE_GPU), .pPropSizeRet = nullptr) -> UR_RESULT_SUCCESS;
   ---> urDeviceGetInfo
   <--- urDeviceGetInfo(.hDevice = 0x3892a040, .propName = UR_DEVICE_INFO_VENDOR_ID, .propSize = 4, .pPropValue = 0x7ffd203f6cd8 (32902), .pPropSizeRet = nullptr) -> UR_RESULT_SUCCESS;
   ---> urDeviceGetInfo
   <--- urDeviceGetInfo(.hDevice = 0x3892a040, .propName = UR_DEVICE_INFO_DRIVER_VERSION, .propSize = 0, .pPropValue = nullptr, .pPropSizeRet = 0x7ffd203f6b80 (14)) -> UR_RESULT_SUCCESS;
   ---> urDeviceGetInfo
   <--- urDeviceGetInfo(.hDevice = 0x3892a040, .propName = UR_DEVICE_INFO_DRIVER_VERSION, .propSize = 14, .pPropValue = 0x7ffd203f6ca8 (1.17.39395+14), .pPropSizeRet = nullptr) -> UR_RESULT_SUCCESS;
   ---> urPlatformGetInfo
   <--- urPlatformGetInfo(.hPlatform = 0x38928810, .propName = UR_PLATFORM_INFO_BACKEND, .propSize = 4, .pPropValue = 0x7ffd203f6e9c (UR_BACKEND_LEVEL_ZERO), .pPropSizeRet = nullptr) -> UR_RESULT_SUCCESS;
   ---> urDeviceGetInfo
   <--- urDeviceGetInfo(.hDevice = 0x3892a040, .propName = UR_DEVICE_INFO_TYPE, .propSize = 4, .pPropValue = 0x7ffd203f6e94 (UR_DEVICE_TYPE_GPU), .pPropSizeRet = nullptr) -> UR_RESULT_SUCCESS;
   ---> urDeviceRelease
   <--- urDeviceRelease(.hDevice = 0x3892a040) -> UR_RESULT_SUCCESS;
   ---> urDeviceGetInfo
   <--- urDeviceGetInfo(.hDevice = 0x3892a040, .propName = UR_DEVICE_INFO_SUPPORTED_PARTITIONS, .propSize = 0, .pPropValue = nullptr, .pPropSizeRet = 0x7ffd203f6e88 (0)) -> UR_RESULT_SUCCESS;
   ---> urDeviceGet
[2026-10-08 08:23:42.086] [thread-id: 139019323354304] [trace] zeDeviceGetRootDevice(hDevice, phRootDevice)
[2026-10-08 08:23:42.086] [thread-id: 139019323354304] [trace] SUCCESS (ZE_RESULT_SUCCESS) in zeDeviceGetRootDevice(hDevice=0x38914f28, phRootDevice=0x7ffd203f6c90)
   <--- urDeviceGet(.hPlatform = 0x38928810, .DeviceType = UR_DEVICE_TYPE_GPU, .NumEntries = 0, .phDevices = nullptr, .pNumDevices = 0x7ffd203f70bc (1)) -> UR_RESULT_SUCCESS;
   ---> urDeviceGet
[2026-10-08 08:23:42.086] [thread-id: 139019323354304] [trace] zeDeviceGetRootDevice(hDevice, phRootDevice)
[2026-10-08 08:23:42.086] [thread-id: 139019323354304] [trace] SUCCESS (ZE_RESULT_SUCCESS) in zeDeviceGetRootDevice(hDevice=0x38914f28, phRootDevice=0x7ffd203f6c90)
   <--- urDeviceGet(.hPlatform = 0x38928810, .DeviceType = UR_DEVICE_TYPE_GPU, .NumEntries = 1, .phDevices = 0x3892ad20 {0x3892a040}, .pNumDevices = nullptr) -> UR_RESULT_SUCCESS;
   ---> urPlatformGetInfo
   <--- urPlatformGetInfo(.hPlatform = 0x38928810, .propName = UR_PLATFORM_INFO_VERSION, .propSize = 0, .pPropValue = nullptr, .pPropSizeRet = 0x7ffd203f6c90 (5)) -> UR_RESULT_SUCCESS;
   ---> urPlatformGetInfo
   <--- urPlatformGetInfo(.hPlatform = 0x38928810, .propName = UR_PLATFORM_INFO_VERSION, .propSize = 5, .pPropValue = 0x7ffd203f6df8 (1.17), .pPropSizeRet = nullptr) -> UR_RESULT_SUCCESS;
   ---> urPlatformGetInfo
   <--- urPlatformGetInfo(.hPlatform = 0x38928810, .propName = UR_PLATFORM_INFO_NAME, .propSize = 0, .pPropValue = nullptr, .pPropSizeRet = 0x7ffd203f6c90 (51)) -> UR_RESULT_SUCCESS;
   ---> urPlatformGetInfo
   <--- urPlatformGetInfo(.hPlatform = 0x38928810, .propName = UR_PLATFORM_INFO_NAME, .propSize = 51, .pPropValue = 0x3892ac30 (Intel(R) oneAPI Unified Runtime over Level-Zero V2), .pPropSizeRet = nullptr) -> UR_RESULT_SUCCESS;
   ---> urDeviceGetInfo
   <--- urDeviceGetInfo(.hDevice = 0x3892a040, .propName = UR_DEVICE_INFO_TYPE, .propSize = 4, .pPropValue = 0x7ffd203f6d6c (UR_DEVICE_TYPE_GPU), .pPropSizeRet = nullptr) -> UR_RESULT_SUCCESS;
   ---> urDeviceGetInfo
   <--- urDeviceGetInfo(.hDevice = 0x3892a040, .propName = UR_DEVICE_INFO_VENDOR_ID, .propSize = 4, .pPropValue = 0x7ffd203f6de8 (32902), .pPropSizeRet = nullptr) -> UR_RESULT_SUCCESS;
   ---> urDeviceGetInfo
   <--- urDeviceGetInfo(.hDevice = 0x3892a040, .propName = UR_DEVICE_INFO_DRIVER_VERSION, .propSize = 0, .pPropValue = nullptr, .pPropSizeRet = 0x7ffd203f6c90 (14)) -> UR_RESULT_SUCCESS;
   ---> urDeviceGetInfo
   <--- urDeviceGetInfo(.hDevice = 0x3892a040, .propName = UR_DEVICE_INFO_DRIVER_VERSION, .propSize = 14, .pPropValue = 0x7ffd203f6db8 (1.17.39395+14), .pPropSizeRet = nullptr) -> UR_RESULT_SUCCESS;
   ---> urPlatformGetInfo
   <--- urPlatformGetInfo(.hPlatform = 0x38928810, .propName = UR_PLATFORM_INFO_BACKEND, .propSize = 4, .pPropValue = 0x7ffd203f6fac (UR_BACKEND_LEVEL_ZERO), .pPropSizeRet = nullptr) -> UR_RESULT_SUCCESS;
   ---> urDeviceGetInfo
   <--- urDeviceGetInfo(.hDevice = 0x3892a040, .propName = UR_DEVICE_INFO_TYPE, .propSize = 4, .pPropValue = 0x7ffd203f6fa4 (UR_DEVICE_TYPE_GPU), .pPropSizeRet = nullptr) -> UR_RESULT_SUCCESS;
   ---> urDeviceRelease
   <--- urDeviceRelease(.hDevice = 0x3892a040) -> UR_RESULT_SUCCESS;
   ---> urDeviceGetInfo
   <--- urDeviceGetInfo(.hDevice = 0x3892a040, .propName = UR_DEVICE_INFO_SUPPORTED_PARTITIONS, .propSize = 0, .pPropValue = nullptr, .pPropSizeRet = 0x7ffd203f6f98 (0)) -> UR_RESULT_SUCCESS;
   ---> urDeviceGetInfo
[2026-10-08 08:23:42.086] [thread-id: 139019323354304] [trace] zeDevicePciGetPropertiesExt(hDevice, pPciProperties)
[2026-10-08 08:23:42.086] [thread-id: 139019323354304] [trace] SUCCESS (ZE_RESULT_SUCCESS) in zeDevicePciGetPropertiesExt(hDevice=0x38914f28, pPciProperties={stype=0x7ffd203f6c60, address={domain=0, bus=5, device=0, function=0}, maxSpeed={genVersion=4, width=8, maxBandwidth=15753846153}})
   <--- urDeviceGetInfo(.hDevice = 0x3892a040, .propName = UR_DEVICE_INFO_PCI_ADDRESS, .propSize = 0, .pPropValue = nullptr, .pPropSizeRet = 0x7ffd203f70d8 (13)) -> UR_RESULT_SUCCESS;
   ---> urDeviceGetInfo
[2026-10-08 08:23:42.086] [thread-id: 139019323354304] [trace] zeDevicePciGetPropertiesExt(hDevice, pPciProperties)
[2026-10-08 08:23:42.086] [thread-id: 139019323354304] [trace] SUCCESS (ZE_RESULT_SUCCESS) in zeDevicePciGetPropertiesExt(hDevice=0x38914f28, pPciProperties={stype=0x7ffd203f6d70, address={domain=0, bus=5, device=0, function=0}, maxSpeed={genVersion=4, width=8, maxBandwidth=15753846153}})
   <--- urDeviceGetInfo(.hDevice = 0x3892a040, .propName = UR_DEVICE_INFO_PCI_ADDRESS, .propSize = 0, .pPropValue = nullptr, .pPropSizeRet = 0x7ffd203f71e0 (13)) -> UR_RESULT_SUCCESS;
   ---> urDeviceGetInfo
[2026-10-08 08:23:42.086] [thread-id: 139019323354304] [trace] zeDevicePciGetPropertiesExt(hDevice, pPciProperties)
[2026-10-08 08:23:42.086] [thread-id: 139019323354304] [trace] SUCCESS (ZE_RESULT_SUCCESS) in zeDevicePciGetPropertiesExt(hDevice=0x38914f28, pPciProperties={stype=0x7ffd203f6d70, address={domain=0, bus=5, device=0, function=0}, maxSpeed={genVersion=4, width=8, maxBandwidth=15753846153}})
   <--- urDeviceGetInfo(.hDevice = 0x3892a040, .propName = UR_DEVICE_INFO_PCI_ADDRESS, .propSize = 13, .pPropValue = 0x7ffd203f7230 (0000:05:00.0), .pPropSizeRet = nullptr) -> UR_RESULT_SUCCESS;
   ---> urDeviceGet
[2026-10-08 08:23:42.086] [thread-id: 139019323354304] [trace] zeDeviceGetRootDevice(hDevice, phRootDevice)
[2026-10-08 08:23:42.086] [thread-id: 139019323354304] [trace] SUCCESS (ZE_RESULT_SUCCESS) in zeDeviceGetRootDevice(hDevice=0x38914f28, phRootDevice=0x7ffd203f6b90)
   <--- urDeviceGet(.hPlatform = 0x38928810, .DeviceType = UR_DEVICE_TYPE_ALL, .NumEntries = 0, .phDevices = nullptr, .pNumDevices = 0x7ffd203f6fbc (1)) -> UR_RESULT_SUCCESS;
   ---> urDeviceGet
[2026-10-08 08:23:42.086] [thread-id: 139019323354304] [trace] zeDeviceGetRootDevice(hDevice, phRootDevice)
[2026-10-08 08:23:42.086] [thread-id: 139019323354304] [trace] SUCCESS (ZE_RESULT_SUCCESS) in zeDeviceGetRootDevice(hDevice=0x38914f28, phRootDevice=0x7ffd203f6b90)
   <--- urDeviceGet(.hPlatform = 0x38928810, .DeviceType = UR_DEVICE_TYPE_ALL, .NumEntries = 1, .phDevices = 0x3892ad40 {0x3892a040}, .pNumDevices = nullptr) -> UR_RESULT_SUCCESS;
   ---> urPlatformGetInfo
   <--- urPlatformGetInfo(.hPlatform = 0x38928810, .propName = UR_PLATFORM_INFO_VERSION, .propSize = 0, .pPropValue = nullptr, .pPropSizeRet = 0x7ffd203f6b90 (5)) -> UR_RESULT_SUCCESS;
   ---> urPlatformGetInfo
   <--- urPlatformGetInfo(.hPlatform = 0x38928810, .propName = UR_PLATFORM_INFO_VERSION, .propSize = 5, .pPropValue = 0x7ffd203f6cf8 (1.17), .pPropSizeRet = nullptr) -> UR_RESULT_SUCCESS;
   ---> urPlatformGetInfo
   <--- urPlatformGetInfo(.hPlatform = 0x38928810, .propName = UR_PLATFORM_INFO_NAME, .propSize = 0, .pPropValue = nullptr, .pPropSizeRet = 0x7ffd203f6b90 (51)) -> UR_RESULT_SUCCESS;
   ---> urPlatformGetInfo
   <--- urPlatformGetInfo(.hPlatform = 0x38928810, .propName = UR_PLATFORM_INFO_NAME, .propSize = 51, .pPropValue = 0x3892ac30 (Intel(R) oneAPI Unified Runtime over Level-Zero V2), .pPropSizeRet = nullptr) -> UR_RESULT_SUCCESS;
   ---> urDeviceGetInfo
   <--- urDeviceGetInfo(.hDevice = 0x3892a040, .propName = UR_DEVICE_INFO_TYPE, .propSize = 4, .pPropValue = 0x7ffd203f6c6c (UR_DEVICE_TYPE_GPU), .pPropSizeRet = nullptr) -> UR_RESULT_SUCCESS;
   ---> urDeviceGetInfo
   <--- urDeviceGetInfo(.hDevice = 0x3892a040, .propName = UR_DEVICE_INFO_VENDOR_ID, .propSize = 4, .pPropValue = 0x7ffd203f6ce8 (32902), .pPropSizeRet = nullptr) -> UR_RESULT_SUCCESS;
   ---> urDeviceGetInfo
   <--- urDeviceGetInfo(.hDevice = 0x3892a040, .propName = UR_DEVICE_INFO_DRIVER_VERSION, .propSize = 0, .pPropValue = nullptr, .pPropSizeRet = 0x7ffd203f6b90 (14)) -> UR_RESULT_SUCCESS;
   ---> urDeviceGetInfo
   <--- urDeviceGetInfo(.hDevice = 0x3892a040, .propName = UR_DEVICE_INFO_DRIVER_VERSION, .propSize = 14, .pPropValue = 0x7ffd203f6cb8 (1.17.39395+14), .pPropSizeRet = nullptr) -> UR_RESULT_SUCCESS;
   ---> urPlatformGetInfo
   <--- urPlatformGetInfo(.hPlatform = 0x38928810, .propName = UR_PLATFORM_INFO_BACKEND, .propSize = 4, .pPropValue = 0x7ffd203f6eac (UR_BACKEND_LEVEL_ZERO), .pPropSizeRet = nullptr) -> UR_RESULT_SUCCESS;
   ---> urDeviceGetInfo
   <--- urDeviceGetInfo(.hDevice = 0x3892a040, .propName = UR_DEVICE_INFO_TYPE, .propSize = 4, .pPropValue = 0x7ffd203f6ea4 (UR_DEVICE_TYPE_GPU), .pPropSizeRet = nullptr) -> UR_RESULT_SUCCESS;
   ---> urDeviceRelease
   <--- urDeviceRelease(.hDevice = 0x3892a040) -> UR_RESULT_SUCCESS;
   ---> urDeviceGetInfo
   <--- urDeviceGetInfo(.hDevice = 0x3892a040, .propName = UR_DEVICE_INFO_SUPPORTED_PARTITIONS, .propSize = 0, .pPropValue = nullptr, .pPropSizeRet = 0x7ffd203f6e98 (0)) -> UR_RESULT_SUCCESS;
   ---> urDeviceGetInfo
[2026-10-08 08:23:42.087] [thread-id: 139019323354304] [trace] zeDeviceGetSubDevices(hDevice, pCount, phSubdevices)
[2026-10-08 08:23:42.087] [thread-id: 139019323354304] [trace] SUCCESS (ZE_RESULT_SUCCESS) in zeDeviceGetSubDevices(hDevice=0x38914f28, pCount=0, phSubdevices=nullptr)
   <--- urDeviceGetInfo(.hDevice = 0x3892a040, .propName = UR_DEVICE_INFO_COMPONENT_DEVICES, .propSize = 0, .pPropValue = nullptr, .pPropSizeRet = 0x7ffd203f6cb0 (0)) -> UR_RESULT_SUCCESS;
   ---> urContextCreate
[2026-10-08 08:23:42.087] [thread-id: 139019323354304] [trace] zeContextCreate(hDriver, desc, phContext)
[2026-10-08 08:23:42.087] [thread-id: 139019323354304] [trace] SUCCESS (ZE_RESULT_SUCCESS) in zeContextCreate(hDriver=0x389149c8, desc={stype=0x7ffd203f6be0, flags=0}, phContext=0x3892b738)
[2026-10-08 08:23:42.087] [thread-id: 139019323354304] [trace] zeMemAllocHost(hContext, host_desc, size, alignment, pptr)
[2026-10-08 08:23:42.087] [thread-id: 139019323354304] [trace] SUCCESS (ZE_RESULT_SUCCESS) in zeMemAllocHost(hContext=0x3892b738, host_desc={stype=0x7ffd203f6660, flags=0}, size=1, alignment=0, pptr=0x7e6fe2dffe00)
[2026-10-08 08:23:42.087] [thread-id: 139019323354304] [trace] zeMemGetAllocProperties(hContext, ptr, pMemAllocProperties, phDevice)
[2026-10-08 08:23:42.087] [thread-id: 139019323354304] [trace] SUCCESS (ZE_RESULT_SUCCESS) in zeMemGetAllocProperties(hContext=0x3892b738, ptr=0x7e6fe2dffe00, pMemAllocProperties={stype=0x7ffd203f6660, type=0x7ffd203f6670, id=1, pageSize=2097152}, phDevice=nullptr)
[2026-10-08 08:23:42.087] [thread-id: 139019323354304] [trace] zeMemFreeExt(hContext, pMemFreeDesc, ptr)
[2026-10-08 08:23:42.087] [thread-id: 139019323354304] [trace] SUCCESS (ZE_RESULT_SUCCESS) in zeMemFreeExt(hContext=0x3892b738, pMemFreeDesc={stype=0x7ffd203f6640, freePolicy=1}, ptr=0x7e6fe2dffe00)
[2026-10-08 08:23:42.087] [thread-id: 139019323354304] [trace] zeDeviceGetProperties(hDevice, pDeviceProperties)
[2026-10-08 08:23:42.087] [thread-id: 139019323354304] [trace] SUCCESS (ZE_RESULT_SUCCESS) in zeDeviceGetProperties(hDevice=0x38914f28, pDeviceProperties={stype=0x7e6fe335c068, type=0x7e6fe335c078, vendorId=32902, deviceId=57868, flags=8, subdeviceId=0, coreClockRate=2750, maxMemAllocSize=10132807680, maxHardwareContexts=65536, maxCommandQueuePriority=0, numThreadsPerEU=8, physicalEUSimdWidth=16, numEUsPerSubslice=8, numSubslicesPerSlice=4, numSlices=5, timerResolution=52, timestampValidBits=64, kernelTimestampValidBits=64, uuid={id=134}, name="Intel(R) Arc(TM) B570 Graphics"})
[2026-10-08 08:23:42.087] [thread-id: 139019323354304] [trace] zeMemAllocDevice(hContext, device_desc, size, alignment, hDevice, pptr)
[2026-10-08 08:23:42.087] [thread-id: 139019323354304] [trace] SUCCESS (ZE_RESULT_SUCCESS) in zeMemAllocDevice(hContext=0x3892b738, device_desc={stype=0x7ffd203f6620, flags=0, ordinal=0}, size=1, alignment=0, hDevice=0x38914f28, pptr=0xffffffffff9ffe00)
[2026-10-08 08:23:42.087] [thread-id: 139019323354304] [trace] zeContextMakeMemoryResident(hContext, hDevice, ptr, size)
[2026-10-08 08:23:42.088] [thread-id: 139019323354304] [trace] SUCCESS (ZE_RESULT_SUCCESS) in zeContextMakeMemoryResident(hContext=0x3892b738, hDevice=0x38914f28, ptr=0xffffffffff9ffe00, size=1)
[2026-10-08 08:23:42.088] [thread-id: 139019323354304] [trace] zeMemGetAllocProperties(hContext, ptr, pMemAllocProperties, phDevice)
[2026-10-08 08:23:42.088] [thread-id: 139019323354304] [trace] SUCCESS (ZE_RESULT_SUCCESS) in zeMemGetAllocProperties(hContext=0x3892b738, ptr=0xffffffffff9ffe00, pMemAllocProperties={stype=0x7ffd203f6660, type=0x7ffd203f6670, id=3, pageSize=65536}, phDevice=nullptr)
[2026-10-08 08:23:42.088] [thread-id: 139019323354304] [trace] zeMemFreeExt(hContext, pMemFreeDesc, ptr)
[2026-10-08 08:23:42.088] [thread-id: 139019323354304] [trace] SUCCESS (ZE_RESULT_SUCCESS) in zeMemFreeExt(hContext=0x3892b738, pMemFreeDesc={stype=0x7ffd203f6640, freePolicy=1}, ptr=0xffffffffff9ffe00)
[2026-10-08 08:23:42.088] [thread-id: 139019323354304] [trace] zeDeviceGetProperties(hDevice, pDeviceProperties)
[2026-10-08 08:23:42.088] [thread-id: 139019323354304] [trace] SUCCESS (ZE_RESULT_SUCCESS) in zeDeviceGetProperties(hDevice=0x38914f28, pDeviceProperties={stype=0x7e6fe3354068, type=0x7e6fe3354078, vendorId=32902, deviceId=57868, flags=8, subdeviceId=0, coreClockRate=2750, maxMemAllocSize=10132807680, maxHardwareContexts=65536, maxCommandQueuePriority=0, numThreadsPerEU=8, physicalEUSimdWidth=16, numEUsPerSubslice=8, numSubslicesPerSlice=4, numSlices=5, timerResolution=52, timestampValidBits=64, kernelTimestampValidBits=64, uuid={id=134}, name="Intel(R) Arc(TM) B570 Graphics"})
[2026-10-08 08:23:42.088] [thread-id: 139019323354304] [trace] zeMemAllocShared(hContext, device_desc, host_desc, size, alignment, hDevice, pptr)
[2026-10-08 08:23:42.088] [thread-id: 139019323354304] [trace] SUCCESS (ZE_RESULT_SUCCESS) in zeMemAllocShared(hContext=0x3892b738, device_desc={stype=0x7ffd203f6660, flags=0, ordinal=0}, host_desc={stype=0x7ffd203f6640, flags=0}, size=1, alignment=0, hDevice=0x38914f28, pptr=0x7e6fe2fe0000)
[2026-10-08 08:23:42.088] [thread-id: 139019323354304] [trace] zeMemGetAllocProperties(hContext, ptr, pMemAllocProperties, phDevice)
[2026-10-08 08:23:42.088] [thread-id: 139019323354304] [trace] SUCCESS (ZE_RESULT_SUCCESS) in zeMemGetAllocProperties(hContext=0x3892b738, ptr=0x7e6fe2fe0000, pMemAllocProperties={stype=0x7ffd203f6660, type=0x7ffd203f6670, id=5, pageSize=65536}, phDevice=nullptr)
[2026-10-08 08:23:42.088] [thread-id: 139019323354304] [trace] zeMemFreeExt(hContext, pMemFreeDesc, ptr)
[2026-10-08 08:23:42.088] [thread-id: 139019323354304] [trace] SUCCESS (ZE_RESULT_SUCCESS) in zeMemFreeExt(hContext=0x3892b738, pMemFreeDesc={stype=0x7ffd203f6640, freePolicy=1}, ptr=0x7e6fe2fe0000)
[2026-10-08 08:23:42.088] [thread-id: 139019323354304] [trace] zeDeviceGetProperties(hDevice, pDeviceProperties)
[2026-10-08 08:23:42.088] [thread-id: 139019323354304] [trace] SUCCESS (ZE_RESULT_SUCCESS) in zeDeviceGetProperties(hDevice=0x38914f28, pDeviceProperties={stype=0x7e6fe2fe6068, type=0x7e6fe2fe6078, vendorId=32902, deviceId=57868, flags=8, subdeviceId=0, coreClockRate=2750, maxMemAllocSize=10132807680, maxHardwareContexts=65536, maxCommandQueuePriority=0, numThreadsPerEU=8, physicalEUSimdWidth=16, numEUsPerSubslice=8, numSubslicesPerSlice=4, numSlices=5, timerResolution=52, timestampValidBits=64, kernelTimestampValidBits=64, uuid={id=134}, name="Intel(R) Arc(TM) B570 Graphics"})
[2026-10-08 08:23:42.088] [thread-id: 139019323354304] [trace] zeMemAllocShared(hContext, device_desc, host_desc, size, alignment, hDevice, pptr)
[2026-10-08 08:23:42.088] [thread-id: 139019323354304] [trace] SUCCESS (ZE_RESULT_SUCCESS) in zeMemAllocShared(hContext=0x3892b738, device_desc={stype=0x7ffd203f6660, flags=0, ordinal=0}, host_desc={stype=0x7ffd203f6640, flags=0}, size=1, alignment=0, hDevice=0x38914f28, pptr=0x7e6fe2fd0000)
[2026-10-08 08:23:42.088] [thread-id: 139019323354304] [trace] zeMemGetAllocProperties(hContext, ptr, pMemAllocProperties, phDevice)
[2026-10-08 08:23:42.088] [thread-id: 139019323354304] [trace] SUCCESS (ZE_RESULT_SUCCESS) in zeMemGetAllocProperties(hContext=0x3892b738, ptr=0x7e6fe2fd0000, pMemAllocProperties={stype=0x7ffd203f6660, type=0x7ffd203f6670, id=6, pageSize=65536}, phDevice=nullptr)
[2026-10-08 08:23:42.088] [thread-id: 139019323354304] [trace] zeMemFreeExt(hContext, pMemFreeDesc, ptr)
[2026-10-08 08:23:42.089] [thread-id: 139019323354304] [trace] SUCCESS (ZE_RESULT_SUCCESS) in zeMemFreeExt(hContext=0x3892b738, pMemFreeDesc={stype=0x7ffd203f6640, freePolicy=1}, ptr=0x7e6fe2fd0000)
[2026-10-08 08:23:42.089] [thread-id: 139019323354304] [trace] zeMemAllocHost(hContext, host_desc, size, alignment, pptr)
[2026-10-08 08:23:42.089] [thread-id: 139019323354304] [trace] SUCCESS (ZE_RESULT_SUCCESS) in zeMemAllocHost(hContext=0x3892b738, host_desc={stype=0x7ffd203f6660, flags=0}, size=1, alignment=0, pptr=0x7e6fe2dffe00)
[2026-10-08 08:23:42.089] [thread-id: 139019323354304] [trace] zeMemGetAllocProperties(hContext, ptr, pMemAllocProperties, phDevice)
[2026-10-08 08:23:42.089] [thread-id: 139019323354304] [trace] SUCCESS (ZE_RESULT_SUCCESS) in zeMemGetAllocProperties(hContext=0x3892b738, ptr=0x7e6fe2dffe00, pMemAllocProperties={stype=0x7ffd203f6660, type=0x7ffd203f6670, id=1, pageSize=2097152}, phDevice=nullptr)
[2026-10-08 08:23:42.089] [thread-id: 139019323354304] [trace] zeMemFreeExt(hContext, pMemFreeDesc, ptr)
[2026-10-08 08:23:42.089] [thread-id: 139019323354304] [trace] SUCCESS (ZE_RESULT_SUCCESS) in zeMemFreeExt(hContext=0x3892b738, pMemFreeDesc={stype=0x7ffd203f6640, freePolicy=1}, ptr=0x7e6fe2dffe00)
[2026-10-08 08:23:42.089] [thread-id: 139019323354304] [trace] zeDeviceGetProperties(hDevice, pDeviceProperties)
[2026-10-08 08:23:42.089] [thread-id: 139019323354304] [trace] SUCCESS (ZE_RESULT_SUCCESS) in zeDeviceGetProperties(hDevice=0x38914f28, pDeviceProperties={stype=0x7e6fe2fde068, type=0x7e6fe2fde078, vendorId=32902, deviceId=57868, flags=8, subdeviceId=0, coreClockRate=2750, maxMemAllocSize=10132807680, maxHardwareContexts=65536, maxCommandQueuePriority=0, numThreadsPerEU=8, physicalEUSimdWidth=16, numEUsPerSubslice=8, numSubslicesPerSlice=4, numSlices=5, timerResolution=52, timestampValidBits=64, kernelTimestampValidBits=64, uuid={id=134}, name="Intel(R) Arc(TM) B570 Graphics"})
[2026-10-08 08:23:42.089] [thread-id: 139019323354304] [trace] zeMemAllocDevice(hContext, device_desc, size, alignment, hDevice, pptr)
[2026-10-08 08:23:42.089] [thread-id: 139019323354304] [trace] SUCCESS (ZE_RESULT_SUCCESS) in zeMemAllocDevice(hContext=0x3892b738, device_desc={stype=0x7ffd203f6620, flags=0, ordinal=0}, size=1, alignment=0, hDevice=0x38914f28, pptr=0xffffffffff9ffe00)
[2026-10-08 08:23:42.089] [thread-id: 139019323354304] [trace] zeContextMakeMemoryResident(hContext, hDevice, ptr, size)
[2026-10-08 08:23:42.089] [thread-id: 139019323354304] [trace] SUCCESS (ZE_RESULT_SUCCESS) in zeContextMakeMemoryResident(hContext=0x3892b738, hDevice=0x38914f28, ptr=0xffffffffff9ffe00, size=1)
[2026-10-08 08:23:42.089] [thread-id: 139019323354304] [trace] zeMemGetAllocProperties(hContext, ptr, pMemAllocProperties, phDevice)
[2026-10-08 08:23:42.089] [thread-id: 139019323354304] [trace] SUCCESS (ZE_RESULT_SUCCESS) in zeMemGetAllocProperties(hContext=0x3892b738, ptr=0xffffffffff9ffe00, pMemAllocProperties={stype=0x7ffd203f6660, type=0x7ffd203f6670, id=3, pageSize=65536}, phDevice=nullptr)
[2026-10-08 08:23:42.089] [thread-id: 139019323354304] [trace] zeMemFreeExt(hContext, pMemFreeDesc, ptr)
[2026-10-08 08:23:42.089] [thread-id: 139019323354304] [trace] SUCCESS (ZE_RESULT_SUCCESS) in zeMemFreeExt(hContext=0x3892b738, pMemFreeDesc={stype=0x7ffd203f6640, freePolicy=1}, ptr=0xffffffffff9ffe00)
[2026-10-08 08:23:42.089] [thread-id: 139019323354304] [trace] zeDeviceGetProperties(hDevice, pDeviceProperties)
[2026-10-08 08:23:42.089] [thread-id: 139019323354304] [trace] SUCCESS (ZE_RESULT_SUCCESS) in zeDeviceGetProperties(hDevice=0x38914f28, pDeviceProperties={stype=0x7e6fe2fd1068, type=0x7e6fe2fd1078, vendorId=32902, deviceId=57868, flags=8, subdeviceId=0, coreClockRate=2750, maxMemAllocSize=10132807680, maxHardwareContexts=65536, maxCommandQueuePriority=0, numThreadsPerEU=8, physicalEUSimdWidth=16, numEUsPerSubslice=8, numSubslicesPerSlice=4, numSlices=5, timerResolution=52, timestampValidBits=64, kernelTimestampValidBits=64, uuid={id=134}, name="Intel(R) Arc(TM) B570 Graphics"})
[2026-10-08 08:23:42.089] [thread-id: 139019323354304] [trace] zeMemAllocShared(hContext, device_desc, host_desc, size, alignment, hDevice, pptr)
[2026-10-08 08:23:42.089] [thread-id: 139019323354304] [trace] SUCCESS (ZE_RESULT_SUCCESS) in zeMemAllocShared(hContext=0x3892b738, device_desc={stype=0x7ffd203f6660, flags=0, ordinal=0}, host_desc={stype=0x7ffd203f6640, flags=0}, size=1, alignment=0, hDevice=0x38914f28, pptr=0x7e6fe2fc0000)
[2026-10-08 08:23:42.089] [thread-id: 139019323354304] [trace] zeMemGetAllocProperties(hContext, ptr, pMemAllocProperties, phDevice)
[2026-10-08 08:23:42.089] [thread-id: 139019323354304] [trace] SUCCESS (ZE_RESULT_SUCCESS) in zeMemGetAllocProperties(hContext=0x3892b738, ptr=0x7e6fe2fc0000, pMemAllocProperties={stype=0x7ffd203f6660, type=0x7ffd203f6670, id=9, pageSize=65536}, phDevice=nullptr)
[2026-10-08 08:23:42.089] [thread-id: 139019323354304] [trace] zeMemFreeExt(hContext, pMemFreeDesc, ptr)
[2026-10-08 08:23:42.090] [thread-id: 139019323354304] [trace] SUCCESS (ZE_RESULT_SUCCESS) in zeMemFreeExt(hContext=0x3892b738, pMemFreeDesc={stype=0x7ffd203f6640, freePolicy=1}, ptr=0x7e6fe2fc0000)
[2026-10-08 08:23:42.090] [thread-id: 139019323354304] [trace] zeDeviceGetProperties(hDevice, pDeviceProperties)
[2026-10-08 08:23:42.090] [thread-id: 139019323354304] [trace] SUCCESS (ZE_RESULT_SUCCESS) in zeDeviceGetProperties(hDevice=0x38914f28, pDeviceProperties={stype=0x7e6fe2fcd068, type=0x7e6fe2fcd078, vendorId=32902, deviceId=57868, flags=8, subdeviceId=0, coreClockRate=2750, maxMemAllocSize=10132807680, maxHardwareContexts=65536, maxCommandQueuePriority=0, numThreadsPerEU=8, physicalEUSimdWidth=16, numEUsPerSubslice=8, numSubslicesPerSlice=4, numSlices=5, timerResolution=52, timestampValidBits=64, kernelTimestampValidBits=64, uuid={id=134}, name="Intel(R) Arc(TM) B570 Graphics"})
[2026-10-08 08:23:42.090] [thread-id: 139019323354304] [trace] zeMemAllocShared(hContext, device_desc, host_desc, size, alignment, hDevice, pptr)
[2026-10-08 08:23:42.090] [thread-id: 139019323354304] [trace] SUCCESS (ZE_RESULT_SUCCESS) in zeMemAllocShared(hContext=0x3892b738, device_desc={stype=0x7ffd203f6660, flags=0, ordinal=0}, host_desc={stype=0x7ffd203f6640, flags=0}, size=1, alignment=0, hDevice=0x38914f28, pptr=0x7e6fe2fb0000)
[2026-10-08 08:23:42.090] [thread-id: 139019323354304] [trace] zeMemGetAllocProperties(hContext, ptr, pMemAllocProperties, phDevice)
[2026-10-08 08:23:42.090] [thread-id: 139019323354304] [trace] SUCCESS (ZE_RESULT_SUCCESS) in zeMemGetAllocProperties(hContext=0x3892b738, ptr=0x7e6fe2fb0000, pMemAllocProperties={stype=0x7ffd203f6660, type=0x7ffd203f6670, id=10, pageSize=65536}, phDevice=nullptr)
[2026-10-08 08:23:42.090] [thread-id: 139019323354304] [trace] zeMemFreeExt(hContext, pMemFreeDesc, ptr)
[2026-10-08 08:23:42.090] [thread-id: 139019323354304] [trace] SUCCESS (ZE_RESULT_SUCCESS) in zeMemFreeExt(hContext=0x3892b738, pMemFreeDesc={stype=0x7ffd203f6640, freePolicy=1}, ptr=0x7e6fe2fb0000)
   <--- urContextCreate(.DeviceCount = 1, .phDevices = 0x3892ace0 {0x3892a040}, .pProperties = nullptr, .phContext = 0x3892cc40 (0x3892eb90)) -> UR_RESULT_SUCCESS;
   ---> urQueueCreate
<LEVEL_ZERO>[INFO]: Copy offload is disabled by the environment variable.
<LEVEL_ZERO>[DEBUG]: create command list ordinal: 0, type: immediate, device: 0x38914f28, inOrder: 1
[2026-10-08 08:23:42.090] [thread-id: 139019323354304] [trace] zeCommandListCreateImmediate(hContext, hDevice, altdesc, phCommandList)
[2026-10-08 08:23:42.091] [thread-id: 139019323354304] [trace] SUCCESS (ZE_RESULT_SUCCESS) in zeCommandListCreateImmediate(hContext=0x3892b738, hDevice=0x38914f28, altdesc={stype=0x7ffd203f6b60, ordinal=0, index=0, flags=2, mode=0x7ffd203f6b7c, priority=0x7ffd203f6b80}, phCommandList=0x38932d88)
[2026-10-08 08:23:42.091] [thread-id: 139019323354304] [trace] zeDriverGetExtensionFunctionAddress(hDriver, name, ppFunctionAddress)
[2026-10-08 08:23:42.091] [thread-id: 139019323354304] [trace] SUCCESS (ZE_RESULT_SUCCESS) in zeDriverGetExtensionFunctionAddress(hDriver=0x389149c8, name="zexCounterBasedEventCreate2", ppFunctionAddress=0x7e6ff14a7c00)
   <--- urQueueCreate(.hContext = 0x3892eb90, .hDevice = 0x3892a040, .pProperties = 0x7ffd203f7140 ((struct ur_queue_properties_t){.stype = UR_STRUCTURE_TYPE_QUEUE_PROPERTIES, .pNext = nullptr, .flags = 0}), .phQueue = 0x7ffd203f7158 (0x389320a0)) -> UR_RESULT_SUCCESS;
   ---> urDeviceGetInfo
[2026-10-08 08:23:42.091] [thread-id: 139019323354304] [trace] zeDeviceGetMemoryAccessProperties(hDevice, pMemAccessProperties)
[2026-10-08 08:23:42.091] [thread-id: 139019323354304] [trace] SUCCESS (ZE_RESULT_SUCCESS) in zeDeviceGetMemoryAccessProperties(hDevice=0x38914f28, pMemAccessProperties={stype=0x3892a420, hostAllocCapabilities=3, deviceAllocCapabilities=3, sharedSingleDeviceAllocCapabilities=3, sharedCrossDeviceAllocCapabilities=0, sharedSystemAllocCapabilities=15})
   <--- urDeviceGetInfo(.hDevice = 0x3892a040, .propName = UR_DEVICE_INFO_USM_DEVICE_SUPPORT, .propSize = 4, .pPropValue = 0x7ffd203f6fa4 (UR_DEVICE_USM_ACCESS_CAPABILITY_FLAG_ACCESS | UR_DEVICE_USM_ACCESS_CAPABILITY_FLAG_ATOMIC_ACCESS), .pPropSizeRet = nullptr) -> UR_RESULT_SUCCESS;
   ---> urUSMDeviceAlloc
[2026-10-08 08:23:42.091] [thread-id: 139019323354304] [trace] zeMemAllocDevice(hContext, device_desc, size, alignment, hDevice, pptr)
[2026-10-08 08:23:42.091] [thread-id: 139019323354304] [trace] SUCCESS (ZE_RESULT_SUCCESS) in zeMemAllocDevice(hContext=0x3892b738, device_desc={stype=0x7ffd203f6bb0, flags=0, ordinal=0}, size=65536, alignment=0, hDevice=0x38914f28, pptr=0xffffffffff600000)
[2026-10-08 08:23:42.091] [thread-id: 139019323354304] [trace] zeContextMakeMemoryResident(hContext, hDevice, ptr, size)
[2026-10-08 08:23:42.092] [thread-id: 139019323354304] [trace] SUCCESS (ZE_RESULT_SUCCESS) in zeContextMakeMemoryResident(hContext=0x3892b738, hDevice=0x38914f28, ptr=0xffffffffff600000, size=65536)
   <--- urUSMDeviceAlloc(.hContext = 0x3892eb90, .hDevice = 0x3892a040, .pUSMDesc = 0x7ffd203f7110 ((struct ur_usm_desc_t){.stype = UR_STRUCTURE_TYPE_CONTEXT_PROPERTIES, .pNext = nullptr, .hints = 0, .align = 4}), .pool = nullptr, .size = 65536, .ppMem = 0x7ffd203f7128 (0xffffffffff600000)) -> UR_RESULT_SUCCESS;
   ---> urEnqueueUSMMemcpy
<LEVEL_ZERO>[DEBUG]: ze_event_pool_desc_t flags set to: 1
[2026-10-08 08:23:42.092] [thread-id: 139019323354304] [trace] zexCounterBasedEventCreate2(hContext, hDevice, desc, phEvent)
[2026-10-08 08:23:42.092] [thread-id: 139019323354304] [trace] SUCCESS (ZE_RESULT_SUCCESS) in zexCounterBasedEventCreate2(hContext=0x3892b738, hDevice=0x38914f28, desc=0x7ffd203f6b60, phEvent=0x38963a68)
<LEVEL_ZERO>[DEBUG]: ze_event_pool_desc_t flags set to: 1
[2026-10-08 08:23:42.092] [thread-id: 139019323354304] [trace] zexCounterBasedEventCreate2(hContext, hDevice, desc, phEvent)
[2026-10-08 08:23:42.092] [thread-id: 139019323354304] [trace] SUCCESS (ZE_RESULT_SUCCESS) in zexCounterBasedEventCreate2(hContext=0x3892b738, hDevice=0x38914f28, desc=0x7ffd203f6b60, phEvent=0x38963e08)
<LEVEL_ZERO>[DEBUG]: ze_event_pool_desc_t flags set to: 1
[2026-10-08 08:23:42.092] [thread-id: 139019323354304] [trace] zexCounterBasedEventCreate2(hContext, hDevice, desc, phEvent)
[2026-10-08 08:23:42.092] [thread-id: 139019323354304] [trace] SUCCESS (ZE_RESULT_SUCCESS) in zexCounterBasedEventCreate2(hContext=0x3892b738, hDevice=0x38914f28, desc=0x7ffd203f6b60, phEvent=0x38964528)
<LEVEL_ZERO>[DEBUG]: ze_event_pool_desc_t flags set to: 1
[2026-10-08 08:23:42.092] [thread-id: 139019323354304] [trace] zexCounterBasedEventCreate2(hContext, hDevice, desc, phEvent)
[2026-10-08 08:23:42.092] [thread-id: 139019323354304] [trace] SUCCESS (ZE_RESULT_SUCCESS) in zexCounterBasedEventCreate2(hContext=0x3892b738, hDevice=0x38914f28, desc=0x7ffd203f6b60, phEvent=0x38964a68)
<LEVEL_ZERO>[DEBUG]: ze_event_pool_desc_t flags set to: 1
[2026-10-08 08:23:42.092] [thread-id: 139019323354304] [trace] zexCounterBasedEventCreate2(hContext, hDevice, desc, phEvent)
[2026-10-08 08:23:42.092] [thread-id: 139019323354304] [trace] SUCCESS (ZE_RESULT_SUCCESS) in zexCounterBasedEventCreate2(hContext=0x3892b738, hDevice=0x38914f28, desc=0x7ffd203f6b60, phEvent=0x38965168)
<LEVEL_ZERO>[DEBUG]: ze_event_pool_desc_t flags set to: 1
[2026-10-08 08:23:42.092] [thread-id: 139019323354304] [trace] zexCounterBasedEventCreate2(hContext, hDevice, desc, phEvent)
[2026-10-08 08:23:42.092] [thread-id: 139019323354304] [trace] SUCCESS (ZE_RESULT_SUCCESS) in zexCounterBasedEventCreate2(hContext=0x3892b738, hDevice=0x38914f28, desc=0x7ffd203f6b60, phEvent=0x389656c8)
<LEVEL_ZERO>[DEBUG]: ze_event_pool_desc_t flags set to: 1
[2026-10-08 08:23:42.092] [thread-id: 139019323354304] [trace] zexCounterBasedEventCreate2(hContext, hDevice, desc, phEvent)
[2026-10-08 08:23:42.092] [thread-id: 139019323354304] [trace] SUCCESS (ZE_RESULT_SUCCESS) in zexCounterBasedEventCreate2(hContext=0x3892b738, hDevice=0x38914f28, desc=0x7ffd203f6b60, phEvent=0x38965dc8)
<LEVEL_ZERO>[DEBUG]: ze_event_pool_desc_t flags set to: 1
[2026-10-08 08:23:42.092] [thread-id: 139019323354304] [trace] zexCounterBasedEventCreate2(hContext, hDevice, desc, phEvent)
[2026-10-08 08:23:42.092] [thread-id: 139019323354304] [trace] SUCCESS (ZE_RESULT_SUCCESS) in zexCounterBasedEventCreate2(hContext=0x3892b738, hDevice=0x38914f28, desc=0x7ffd203f6b60, phEvent=0x389662d8)
<LEVEL_ZERO>[DEBUG]: ze_event_pool_desc_t flags set to: 1
[2026-10-08 08:23:42.092] [thread-id: 139019323354304] [trace] zexCounterBasedEventCreate2(hContext, hDevice, desc, phEvent)
[2026-10-08 08:23:42.092] [thread-id: 139019323354304] [trace] SUCCESS (ZE_RESULT_SUCCESS) in zexCounterBasedEventCreate2(hContext=0x3892b738, hDevice=0x38914f28, desc=0x7ffd203f6b60, phEvent=0x389669d8)
<LEVEL_ZERO>[DEBUG]: ze_event_pool_desc_t flags set to: 1
[2026-10-08 08:23:42.092] [thread-id: 139019323354304] [trace] zexCounterBasedEventCreate2(hContext, hDevice, desc, phEvent)
[2026-10-08 08:23:42.092] [thread-id: 139019323354304] [trace] SUCCESS (ZE_RESULT_SUCCESS) in zexCounterBasedEventCreate2(hContext=0x3892b738, hDevice=0x38914f28, desc=0x7ffd203f6b60, phEvent=0x38966ee8)
<LEVEL_ZERO>[DEBUG]: ze_event_pool_desc_t flags set to: 1
[2026-10-08 08:23:42.092] [thread-id: 139019323354304] [trace] zexCounterBasedEventCreate2(hContext, hDevice, desc, phEvent)
[2026-10-08 08:23:42.092] [thread-id: 139019323354304] [trace] SUCCESS (ZE_RESULT_SUCCESS) in zexCounterBasedEventCreate2(hContext=0x3892b738, hDevice=0x38914f28, desc=0x7ffd203f6b60, phEvent=0x389675e8)
<LEVEL_ZERO>[DEBUG]: ze_event_pool_desc_t flags set to: 1
[2026-10-08 08:23:42.092] [thread-id: 139019323354304] [trace] zexCounterBasedEventCreate2(hContext, hDevice, desc, phEvent)
[2026-10-08 08:23:42.092] [thread-id: 139019323354304] [trace] SUCCESS (ZE_RESULT_SUCCESS) in zexCounterBasedEventCreate2(hContext=0x3892b738, hDevice=0x38914f28, desc=0x7ffd203f6b60, phEvent=0x38967b98)
<LEVEL_ZERO>[DEBUG]: ze_event_pool_desc_t flags set to: 1
[2026-10-08 08:23:42.092] [thread-id: 139019323354304] [trace] zexCounterBasedEventCreate2(hContext, hDevice, desc, phEvent)
[2026-10-08 08:23:42.092] [thread-id: 139019323354304] [trace] SUCCESS (ZE_RESULT_SUCCESS) in zexCounterBasedEventCreate2(hContext=0x3892b738, hDevice=0x38914f28, desc=0x7ffd203f6b60, phEvent=0x38968298)
<LEVEL_ZERO>[DEBUG]: ze_event_pool_desc_t flags set to: 1
[2026-10-08 08:23:42.092] [thread-id: 139019323354304] [trace] zexCounterBasedEventCreate2(hContext, hDevice, desc, phEvent)
[2026-10-08 08:23:42.092] [thread-id: 139019323354304] [trace] SUCCESS (ZE_RESULT_SUCCESS) in zexCounterBasedEventCreate2(hContext=0x3892b738, hDevice=0x38914f28, desc=0x7ffd203f6b60, phEvent=0x389687a8)
<LEVEL_ZERO>[DEBUG]: ze_event_pool_desc_t flags set to: 1
[2026-10-08 08:23:42.092] [thread-id: 139019323354304] [trace] zexCounterBasedEventCreate2(hContext, hDevice, desc, phEvent)
[2026-10-08 08:23:42.092] [thread-id: 139019323354304] [trace] SUCCESS (ZE_RESULT_SUCCESS) in zexCounterBasedEventCreate2(hContext=0x3892b738, hDevice=0x38914f28, desc=0x7ffd203f6b60, phEvent=0x38968ea8)
<LEVEL_ZERO>[DEBUG]: ze_event_pool_desc_t flags set to: 1
[2026-10-08 08:23:42.092] [thread-id: 139019323354304] [trace] zexCounterBasedEventCreate2(hContext, hDevice, desc, phEvent)
[2026-10-08 08:23:42.092] [thread-id: 139019323354304] [trace] SUCCESS (ZE_RESULT_SUCCESS) in zexCounterBasedEventCreate2(hContext=0x3892b738, hDevice=0x38914f28, desc=0x7ffd203f6b60, phEvent=0x389693b8)
<LEVEL_ZERO>[DEBUG]: ze_event_pool_desc_t flags set to: 1
[2026-10-08 08:23:42.092] [thread-id: 139019323354304] [trace] zexCounterBasedEventCreate2(hContext, hDevice, desc, phEvent)
[2026-10-08 08:23:42.092] [thread-id: 139019323354304] [trace] SUCCESS (ZE_RESULT_SUCCESS) in zexCounterBasedEventCreate2(hContext=0x3892b738, hDevice=0x38914f28, desc=0x7ffd203f6b60, phEvent=0x38969ab8)
<LEVEL_ZERO>[DEBUG]: ze_event_pool_desc_t flags set to: 1
[2026-10-08 08:23:42.092] [thread-id: 139019323354304] [trace] zexCounterBasedEventCreate2(hContext, hDevice, desc, phEvent)
[2026-10-08 08:23:42.092] [thread-id: 139019323354304] [trace] SUCCESS (ZE_RESULT_SUCCESS) in zexCounterBasedEventCreate2(hContext=0x3892b738, hDevice=0x38914f28, desc=0x7ffd203f6b60, phEvent=0x3896a0d8)
<LEVEL_ZERO>[DEBUG]: ze_event_pool_desc_t flags set to: 1
[2026-10-08 08:23:42.092] [thread-id: 139019323354304] [trace] zexCounterBasedEventCreate2(hContext, hDevice, desc, phEvent)
[2026-10-08 08:23:42.092] [thread-id: 139019323354304] [trace] SUCCESS (ZE_RESULT_SUCCESS) in zexCounterBasedEventCreate2(hContext=0x3892b738, hDevice=0x38914f28, desc=0x7ffd203f6b60, phEvent=0x3896a7d8)
<LEVEL_ZERO>[DEBUG]: ze_event_pool_desc_t flags set to: 1
[2026-10-08 08:23:42.092] [thread-id: 139019323354304] [trace] zexCounterBasedEventCreate2(hContext, hDevice, desc, phEvent)
[2026-10-08 08:23:42.092] [thread-id: 139019323354304] [trace] SUCCESS (ZE_RESULT_SUCCESS) in zexCounterBasedEventCreate2(hContext=0x3892b738, hDevice=0x38914f28, desc=0x7ffd203f6b60, phEvent=0x3896ace8)
<LEVEL_ZERO>[DEBUG]: ze_event_pool_desc_t flags set to: 1
[2026-10-08 08:23:42.092] [thread-id: 139019323354304] [trace] zexCounterBasedEventCreate2(hContext, hDevice, desc, phEvent)
[2026-10-08 08:23:42.092] [thread-id: 139019323354304] [trace] SUCCESS (ZE_RESULT_SUCCESS) in zexCounterBasedEventCreate2(hContext=0x3892b738, hDevice=0x38914f28, desc=0x7ffd203f6b60, phEvent=0x3896b3e8)
<LEVEL_ZERO>[DEBUG]: ze_event_pool_desc_t flags set to: 1
[2026-10-08 08:23:42.092] [thread-id: 139019323354304] [trace] zexCounterBasedEventCreate2(hContext, hDevice, desc, phEvent)
[2026-10-08 08:23:42.092] [thread-id: 139019323354304] [trace] SUCCESS (ZE_RESULT_SUCCESS) in zexCounterBasedEventCreate2(hContext=0x3892b738, hDevice=0x38914f28, desc=0x7ffd203f6b60, phEvent=0x3896b8f8)
<LEVEL_ZERO>[DEBUG]: ze_event_pool_desc_t flags set to: 1
[2026-10-08 08:23:42.092] [thread-id: 139019323354304] [trace] zexCounterBasedEventCreate2(hContext, hDevice, desc, phEvent)
[2026-10-08 08:23:42.092] [thread-id: 139019323354304] [trace] SUCCESS (ZE_RESULT_SUCCESS) in zexCounterBasedEventCreate2(hContext=0x3892b738, hDevice=0x38914f28, desc=0x7ffd203f6b60, phEvent=0x3896bff8)
<LEVEL_ZERO>[DEBUG]: ze_event_pool_desc_t flags set to: 1
[2026-10-08 08:23:42.092] [thread-id: 139019323354304] [trace] zexCounterBasedEventCreate2(hContext, hDevice, desc, phEvent)
[2026-10-08 08:23:42.092] [thread-id: 139019323354304] [trace] SUCCESS (ZE_RESULT_SUCCESS) in zexCounterBasedEventCreate2(hContext=0x3892b738, hDevice=0x38914f28, desc=0x7ffd203f6b60, phEvent=0x3896c508)
<LEVEL_ZERO>[DEBUG]: ze_event_pool_desc_t flags set to: 1
[2026-10-08 08:23:42.092] [thread-id: 139019323354304] [trace] zexCounterBasedEventCreate2(hContext, hDevice, desc, phEvent)
[2026-10-08 08:23:42.092] [thread-id: 139019323354304] [trace] SUCCESS (ZE_RESULT_SUCCESS) in zexCounterBasedEventCreate2(hContext=0x3892b738, hDevice=0x38914f28, desc=0x7ffd203f6b60, phEvent=0x3896cd48)
<LEVEL_ZERO>[DEBUG]: ze_event_pool_desc_t flags set to: 1
[2026-10-08 08:23:42.092] [thread-id: 139019323354304] [trace] zexCounterBasedEventCreate2(hContext, hDevice, desc, phEvent)
[2026-10-08 08:23:42.092] [thread-id: 139019323354304] [trace] SUCCESS (ZE_RESULT_SUCCESS) in zexCounterBasedEventCreate2(hContext=0x3892b738, hDevice=0x38914f28, desc=0x7ffd203f6b60, phEvent=0x3896d258)
<LEVEL_ZERO>[DEBUG]: ze_event_pool_desc_t flags set to: 1
[2026-10-08 08:23:42.092] [thread-id: 139019323354304] [trace] zexCounterBasedEventCreate2(hContext, hDevice, desc, phEvent)
[2026-10-08 08:23:42.092] [thread-id: 139019323354304] [trace] SUCCESS (ZE_RESULT_SUCCESS) in zexCounterBasedEventCreate2(hContext=0x3892b738, hDevice=0x38914f28, desc=0x7ffd203f6b60, phEvent=0x3896d958)
<LEVEL_ZERO>[DEBUG]: ze_event_pool_desc_t flags set to: 1
[2026-10-08 08:23:42.093] [thread-id: 139019323354304] [trace] zexCounterBasedEventCreate2(hContext, hDevice, desc, phEvent)
[2026-10-08 08:23:42.093] [thread-id: 139019323354304] [trace] SUCCESS (ZE_RESULT_SUCCESS) in zexCounterBasedEventCreate2(hContext=0x3892b738, hDevice=0x38914f28, desc=0x7ffd203f6b60, phEvent=0x3896de68)
<LEVEL_ZERO>[DEBUG]: ze_event_pool_desc_t flags set to: 1
[2026-10-08 08:23:42.093] [thread-id: 139019323354304] [trace] zexCounterBasedEventCreate2(hContext, hDevice, desc, phEvent)
[2026-10-08 08:23:42.093] [thread-id: 139019323354304] [trace] SUCCESS (ZE_RESULT_SUCCESS) in zexCounterBasedEventCreate2(hContext=0x3892b738, hDevice=0x38914f28, desc=0x7ffd203f6b60, phEvent=0x3896e568)
<LEVEL_ZERO>[DEBUG]: ze_event_pool_desc_t flags set to: 1
[2026-10-08 08:23:42.093] [thread-id: 139019323354304] [trace] zexCounterBasedEventCreate2(hContext, hDevice, desc, phEvent)
[2026-10-08 08:23:42.093] [thread-id: 139019323354304] [trace] SUCCESS (ZE_RESULT_SUCCESS) in zexCounterBasedEventCreate2(hContext=0x3892b738, hDevice=0x38914f28, desc=0x7ffd203f6b60, phEvent=0x3896ea78)
<LEVEL_ZERO>[DEBUG]: ze_event_pool_desc_t flags set to: 1
[2026-10-08 08:23:42.093] [thread-id: 139019323354304] [trace] zexCounterBasedEventCreate2(hContext, hDevice, desc, phEvent)
[2026-10-08 08:23:42.093] [thread-id: 139019323354304] [trace] SUCCESS (ZE_RESULT_SUCCESS) in zexCounterBasedEventCreate2(hContext=0x3892b738, hDevice=0x38914f28, desc=0x7ffd203f6b60, phEvent=0x3896f178)
<LEVEL_ZERO>[DEBUG]: ze_event_pool_desc_t flags set to: 1
[2026-10-08 08:23:42.093] [thread-id: 139019323354304] [trace] zexCounterBasedEventCreate2(hContext, hDevice, desc, phEvent)
[2026-10-08 08:23:42.093] [thread-id: 139019323354304] [trace] SUCCESS (ZE_RESULT_SUCCESS) in zexCounterBasedEventCreate2(hContext=0x3892b738, hDevice=0x38914f28, desc=0x7ffd203f6b60, phEvent=0x3896f688)
<LEVEL_ZERO>[DEBUG]: ze_event_pool_desc_t flags set to: 1
[2026-10-08 08:23:42.093] [thread-id: 139019323354304] [trace] zexCounterBasedEventCreate2(hContext, hDevice, desc, phEvent)
[2026-10-08 08:23:42.093] [thread-id: 139019323354304] [trace] SUCCESS (ZE_RESULT_SUCCESS) in zexCounterBasedEventCreate2(hContext=0x3892b738, hDevice=0x38914f28, desc=0x7ffd203f6b60, phEvent=0x3896fd88)
<LEVEL_ZERO>[DEBUG]: ze_event_pool_desc_t flags set to: 1
[2026-10-08 08:23:42.093] [thread-id: 139019323354304] [trace] zexCounterBasedEventCreate2(hContext, hDevice, desc, phEvent)
[2026-10-08 08:23:42.093] [thread-id: 139019323354304] [trace] SUCCESS (ZE_RESULT_SUCCESS) in zexCounterBasedEventCreate2(hContext=0x3892b738, hDevice=0x38914f28, desc=0x7ffd203f6b60, phEvent=0x389704a8)
<LEVEL_ZERO>[DEBUG]: ze_event_pool_desc_t flags set to: 1
[2026-10-08 08:23:42.093] [thread-id: 139019323354304] [trace] zexCounterBasedEventCreate2(hContext, hDevice, desc, phEvent)
[2026-10-08 08:23:42.093] [thread-id: 139019323354304] [trace] SUCCESS (ZE_RESULT_SUCCESS) in zexCounterBasedEventCreate2(hContext=0x3892b738, hDevice=0x38914f28, desc=0x7ffd203f6b60, phEvent=0x38970ba8)
<LEVEL_ZERO>[DEBUG]: ze_event_pool_desc_t flags set to: 1
[2026-10-08 08:23:42.093] [thread-id: 139019323354304] [trace] zexCounterBasedEventCreate2(hContext, hDevice, desc, phEvent)
[2026-10-08 08:23:42.093] [thread-id: 139019323354304] [trace] SUCCESS (ZE_RESULT_SUCCESS) in zexCounterBasedEventCreate2(hContext=0x3892b738, hDevice=0x38914f28, desc=0x7ffd203f6b60, phEvent=0x389710b8)
<LEVEL_ZERO>[DEBUG]: ze_event_pool_desc_t flags set to: 1
[2026-10-08 08:23:42.093] [thread-id: 139019323354304] [trace] zexCounterBasedEventCreate2(hContext, hDevice, desc, phEvent)
[2026-10-08 08:23:42.093] [thread-id: 139019323354304] [trace] SUCCESS (ZE_RESULT_SUCCESS) in zexCounterBasedEventCreate2(hContext=0x3892b738, hDevice=0x38914f28, desc=0x7ffd203f6b60, phEvent=0x389717b8)
<LEVEL_ZERO>[DEBUG]: ze_event_pool_desc_t flags set to: 1
[2026-10-08 08:23:42.093] [thread-id: 139019323354304] [trace] zexCounterBasedEventCreate2(hContext, hDevice, desc, phEvent)
[2026-10-08 08:23:42.093] [thread-id: 139019323354304] [trace] SUCCESS (ZE_RESULT_SUCCESS) in zexCounterBasedEventCreate2(hContext=0x3892b738, hDevice=0x38914f28, desc=0x7ffd203f6b60, phEvent=0x38971cc8)
<LEVEL_ZERO>[DEBUG]: ze_event_pool_desc_t flags set to: 1
[2026-10-08 08:23:42.093] [thread-id: 139019323354304] [trace] zexCounterBasedEventCreate2(hContext, hDevice, desc, phEvent)
[2026-10-08 08:23:42.093] [thread-id: 139019323354304] [trace] SUCCESS (ZE_RESULT_SUCCESS) in zexCounterBasedEventCreate2(hContext=0x3892b738, hDevice=0x38914f28, desc=0x7ffd203f6b60, phEvent=0x389723c8)
<LEVEL_ZERO>[DEBUG]: ze_event_pool_desc_t flags set to: 1
[2026-10-08 08:23:42.093] [thread-id: 139019323354304] [trace] zexCounterBasedEventCreate2(hContext, hDevice, desc, phEvent)
[2026-10-08 08:23:42.093] [thread-id: 139019323354304] [trace] SUCCESS (ZE_RESULT_SUCCESS) in zexCounterBasedEventCreate2(hContext=0x3892b738, hDevice=0x38914f28, desc=0x7ffd203f6b60, phEvent=0x389728d8)
<LEVEL_ZERO>[DEBUG]: ze_event_pool_desc_t flags set to: 1
[2026-10-08 08:23:42.093] [thread-id: 139019323354304] [trace] zexCounterBasedEventCreate2(hContext, hDevice, desc, phEvent)
[2026-10-08 08:23:42.093] [thread-id: 139019323354304] [trace] SUCCESS (ZE_RESULT_SUCCESS) in zexCounterBasedEventCreate2(hContext=0x3892b738, hDevice=0x38914f28, desc=0x7ffd203f6b60, phEvent=0x38972fd8)
<LEVEL_ZERO>[DEBUG]: ze_event_pool_desc_t flags set to: 1
[2026-10-08 08:23:42.093] [thread-id: 139019323354304] [trace] zexCounterBasedEventCreate2(hContext, hDevice, desc, phEvent)
[2026-10-08 08:23:42.093] [thread-id: 139019323354304] [trace] SUCCESS (ZE_RESULT_SUCCESS) in zexCounterBasedEventCreate2(hContext=0x3892b738, hDevice=0x38914f28, desc=0x7ffd203f6b60, phEvent=0x389734e8)
<LEVEL_ZERO>[DEBUG]: ze_event_pool_desc_t flags set to: 1
[2026-10-08 08:23:42.093] [thread-id: 139019323354304] [trace] zexCounterBasedEventCreate2(hContext, hDevice, desc, phEvent)
[2026-10-08 08:23:42.093] [thread-id: 139019323354304] [trace] SUCCESS (ZE_RESULT_SUCCESS) in zexCounterBasedEventCreate2(hContext=0x3892b738, hDevice=0x38914f28, desc=0x7ffd203f6b60, phEvent=0x38973be8)
<LEVEL_ZERO>[DEBUG]: ze_event_pool_desc_t flags set to: 1
[2026-10-08 08:23:42.093] [thread-id: 139019323354304] [trace] zexCounterBasedEventCreate2(hContext, hDevice, desc, phEvent)
[2026-10-08 08:23:42.093] [thread-id: 139019323354304] [trace] SUCCESS (ZE_RESULT_SUCCESS) in zexCounterBasedEventCreate2(hContext=0x3892b738, hDevice=0x38914f28, desc=0x7ffd203f6b60, phEvent=0x389740f8)
<LEVEL_ZERO>[DEBUG]: ze_event_pool_desc_t flags set to: 1
[2026-10-08 08:23:42.093] [thread-id: 139019323354304] [trace] zexCounterBasedEventCreate2(hContext, hDevice, desc, phEvent)
[2026-10-08 08:23:42.093] [thread-id: 139019323354304] [trace] SUCCESS (ZE_RESULT_SUCCESS) in zexCounterBasedEventCreate2(hContext=0x3892b738, hDevice=0x38914f28, desc=0x7ffd203f6b60, phEvent=0x389747f8)
<LEVEL_ZERO>[DEBUG]: ze_event_pool_desc_t flags set to: 1
[2026-10-08 08:23:42.093] [thread-id: 139019323354304] [trace] zexCounterBasedEventCreate2(hContext, hDevice, desc, phEvent)
[2026-10-08 08:23:42.093] [thread-id: 139019323354304] [trace] SUCCESS (ZE_RESULT_SUCCESS) in zexCounterBasedEventCreate2(hContext=0x3892b738, hDevice=0x38914f28, desc=0x7ffd203f6b60, phEvent=0x38974d08)
<LEVEL_ZERO>[DEBUG]: ze_event_pool_desc_t flags set to: 1
[2026-10-08 08:23:42.093] [thread-id: 139019323354304] [trace] zexCounterBasedEventCreate2(hContext, hDevice, desc, phEvent)
[2026-10-08 08:23:42.093] [thread-id: 139019323354304] [trace] SUCCESS (ZE_RESULT_SUCCESS) in zexCounterBasedEventCreate2(hContext=0x3892b738, hDevice=0x38914f28, desc=0x7ffd203f6b60, phEvent=0x38975408)
<LEVEL_ZERO>[DEBUG]: ze_event_pool_desc_t flags set to: 1
[2026-10-08 08:23:42.093] [thread-id: 139019323354304] [trace] zexCounterBasedEventCreate2(hContext, hDevice, desc, phEvent)
[2026-10-08 08:23:42.093] [thread-id: 139019323354304] [trace] SUCCESS (ZE_RESULT_SUCCESS) in zexCounterBasedEventCreate2(hContext=0x3892b738, hDevice=0x38914f28, desc=0x7ffd203f6b60, phEvent=0x38975918)
<LEVEL_ZERO>[DEBUG]: ze_event_pool_desc_t flags set to: 1
[2026-10-08 08:23:42.093] [thread-id: 139019323354304] [trace] zexCounterBasedEventCreate2(hContext, hDevice, desc, phEvent)
[2026-10-08 08:23:42.093] [thread-id: 139019323354304] [trace] SUCCESS (ZE_RESULT_SUCCESS) in zexCounterBasedEventCreate2(hContext=0x3892b738, hDevice=0x38914f28, desc=0x7ffd203f6b60, phEvent=0x38976018)
<LEVEL_ZERO>[DEBUG]: ze_event_pool_desc_t flags set to: 1
[2026-10-08 08:23:42.093] [thread-id: 139019323354304] [trace] zexCounterBasedEventCreate2(hContext, hDevice, desc, phEvent)
[2026-10-08 08:23:42.093] [thread-id: 139019323354304] [trace] SUCCESS (ZE_RESULT_SUCCESS) in zexCounterBasedEventCreate2(hContext=0x3892b738, hDevice=0x38914f28, desc=0x7ffd203f6b60, phEvent=0x38976528)
<LEVEL_ZERO>[DEBUG]: ze_event_pool_desc_t flags set to: 1
[2026-10-08 08:23:42.093] [thread-id: 139019323354304] [trace] zexCounterBasedEventCreate2(hContext, hDevice, desc, phEvent)
[2026-10-08 08:23:42.093] [thread-id: 139019323354304] [trace] SUCCESS (ZE_RESULT_SUCCESS) in zexCounterBasedEventCreate2(hContext=0x3892b738, hDevice=0x38914f28, desc=0x7ffd203f6b60, phEvent=0x38976c28)
<LEVEL_ZERO>[DEBUG]: ze_event_pool_desc_t flags set to: 1
[2026-10-08 08:23:42.093] [thread-id: 139019323354304] [trace] zexCounterBasedEventCreate2(hContext, hDevice, desc, phEvent)
[2026-10-08 08:23:42.093] [thread-id: 139019323354304] [trace] SUCCESS (ZE_RESULT_SUCCESS) in zexCounterBasedEventCreate2(hContext=0x3892b738, hDevice=0x38914f28, desc=0x7ffd203f6b60, phEvent=0x38977138)
<LEVEL_ZERO>[DEBUG]: ze_event_pool_desc_t flags set to: 1
[2026-10-08 08:23:42.093] [thread-id: 139019323354304] [trace] zexCounterBasedEventCreate2(hContext, hDevice, desc, phEvent)
[2026-10-08 08:23:42.093] [thread-id: 139019323354304] [trace] SUCCESS (ZE_RESULT_SUCCESS) in zexCounterBasedEventCreate2(hContext=0x3892b738, hDevice=0x38914f28, desc=0x7ffd203f6b60, phEvent=0x38977ab8)
<LEVEL_ZERO>[DEBUG]: ze_event_pool_desc_t flags set to: 1
[2026-10-08 08:23:42.093] [thread-id: 139019323354304] [trace] zexCounterBasedEventCreate2(hContext, hDevice, desc, phEvent)
[2026-10-08 08:23:42.093] [thread-id: 139019323354304] [trace] SUCCESS (ZE_RESULT_SUCCESS) in zexCounterBasedEventCreate2(hContext=0x3892b738, hDevice=0x38914f28, desc=0x7ffd203f6b60, phEvent=0x38977fc8)
<LEVEL_ZERO>[DEBUG]: ze_event_pool_desc_t flags set to: 1
[2026-10-08 08:23:42.093] [thread-id: 139019323354304] [trace] zexCounterBasedEventCreate2(hContext, hDevice, desc, phEvent)
[2026-10-08 08:23:42.093] [thread-id: 139019323354304] [trace] SUCCESS (ZE_RESULT_SUCCESS) in zexCounterBasedEventCreate2(hContext=0x3892b738, hDevice=0x38914f28, desc=0x7ffd203f6b60, phEvent=0x389786c8)
<LEVEL_ZERO>[DEBUG]: ze_event_pool_desc_t flags set to: 1
[2026-10-08 08:23:42.093] [thread-id: 139019323354304] [trace] zexCounterBasedEventCreate2(hContext, hDevice, desc, phEvent)
[2026-10-08 08:23:42.093] [thread-id: 139019323354304] [trace] SUCCESS (ZE_RESULT_SUCCESS) in zexCounterBasedEventCreate2(hContext=0x3892b738, hDevice=0x38914f28, desc=0x7ffd203f6b60, phEvent=0x38978bd8)
<LEVEL_ZERO>[DEBUG]: ze_event_pool_desc_t flags set to: 1
[2026-10-08 08:23:42.093] [thread-id: 139019323354304] [trace] zexCounterBasedEventCreate2(hContext, hDevice, desc, phEvent)
[2026-10-08 08:23:42.093] [thread-id: 139019323354304] [trace] SUCCESS (ZE_RESULT_SUCCESS) in zexCounterBasedEventCreate2(hContext=0x3892b738, hDevice=0x38914f28, desc=0x7ffd203f6b60, phEvent=0x389792d8)
<LEVEL_ZERO>[DEBUG]: ze_event_pool_desc_t flags set to: 1
[2026-10-08 08:23:42.093] [thread-id: 139019323354304] [trace] zexCounterBasedEventCreate2(hContext, hDevice, desc, phEvent)
[2026-10-08 08:23:42.093] [thread-id: 139019323354304] [trace] SUCCESS (ZE_RESULT_SUCCESS) in zexCounterBasedEventCreate2(hContext=0x3892b738, hDevice=0x38914f28, desc=0x7ffd203f6b60, phEvent=0x389797e8)
<LEVEL_ZERO>[DEBUG]: ze_event_pool_desc_t flags set to: 1
[2026-10-08 08:23:42.093] [thread-id: 139019323354304] [trace] zexCounterBasedEventCreate2(hContext, hDevice, desc, phEvent)
[2026-10-08 08:23:42.093] [thread-id: 139019323354304] [trace] SUCCESS (ZE_RESULT_SUCCESS) in zexCounterBasedEventCreate2(hContext=0x3892b738, hDevice=0x38914f28, desc=0x7ffd203f6b60, phEvent=0x38979ee8)
<LEVEL_ZERO>[DEBUG]: ze_event_pool_desc_t flags set to: 1
[2026-10-08 08:23:42.094] [thread-id: 139019323354304] [trace] zexCounterBasedEventCreate2(hContext, hDevice, desc, phEvent)
[2026-10-08 08:23:42.094] [thread-id: 139019323354304] [trace] SUCCESS (ZE_RESULT_SUCCESS) in zexCounterBasedEventCreate2(hContext=0x3892b738, hDevice=0x38914f28, desc=0x7ffd203f6b60, phEvent=0x3897a3f8)
<LEVEL_ZERO>[DEBUG]: ze_event_pool_desc_t flags set to: 1
[2026-10-08 08:23:42.094] [thread-id: 139019323354304] [trace] zexCounterBasedEventCreate2(hContext, hDevice, desc, phEvent)
[2026-10-08 08:23:42.094] [thread-id: 139019323354304] [trace] SUCCESS (ZE_RESULT_SUCCESS) in zexCounterBasedEventCreate2(hContext=0x3892b738, hDevice=0x38914f28, desc=0x7ffd203f6b60, phEvent=0x3897aaf8)
<LEVEL_ZERO>[DEBUG]: ze_event_pool_desc_t flags set to: 1
[2026-10-08 08:23:42.094] [thread-id: 139019323354304] [trace] zexCounterBasedEventCreate2(hContext, hDevice, desc, phEvent)
[2026-10-08 08:23:42.094] [thread-id: 139019323354304] [trace] SUCCESS (ZE_RESULT_SUCCESS) in zexCounterBasedEventCreate2(hContext=0x3892b738, hDevice=0x38914f28, desc=0x7ffd203f6b60, phEvent=0x3897b008)
<LEVEL_ZERO>[DEBUG]: ze_event_pool_desc_t flags set to: 1
[2026-10-08 08:23:42.094] [thread-id: 139019323354304] [trace] zexCounterBasedEventCreate2(hContext, hDevice, desc, phEvent)
[2026-10-08 08:23:42.094] [thread-id: 139019323354304] [trace] SUCCESS (ZE_RESULT_SUCCESS) in zexCounterBasedEventCreate2(hContext=0x3892b738, hDevice=0x38914f28, desc=0x7ffd203f6b60, phEvent=0x3897b708)
<LEVEL_ZERO>[DEBUG]: ze_event_pool_desc_t flags set to: 1
[2026-10-08 08:23:42.094] [thread-id: 139019323354304] [trace] zexCounterBasedEventCreate2(hContext, hDevice, desc, phEvent)
[2026-10-08 08:23:42.094] [thread-id: 139019323354304] [trace] SUCCESS (ZE_RESULT_SUCCESS) in zexCounterBasedEventCreate2(hContext=0x3892b738, hDevice=0x38914f28, desc=0x7ffd203f6b60, phEvent=0x3897bc18)
[2026-10-08 08:23:42.094] [thread-id: 139019323354304] [trace] zeCommandListAppendMemoryCopy(hCommandList, dstptr, srcptr, size, hSignalEvent, numWaitEvents, phWaitEventsLocal)
[2026-10-08 08:23:42.096] [thread-id: 139019323354304] [trace] SUCCESS (ZE_RESULT_SUCCESS) in zeCommandListAppendMemoryCopy(hCommandList=0x38932d88, dstptr=0xffffffffff600000, srcptr=0x389438a0, size=65536, hSignalEvent=0x3897bc18, numWaitEvents=0, phWaitEvents=nullptr)
   <--- urEnqueueUSMMemcpy(.hQueue = 0x389320a0, .blocking = 0, .pDst = 0xffffffffff600000, .pSrc = 0x389438a0, .size = 65536, .numEventsInWaitList = 0, .phEventWaitList = nullptr, .phEvent = 0x7ffd203f7160 (0x3897b600)) -> UR_RESULT_SUCCESS;
   ---> urEventWait
[2026-10-08 08:23:42.096] [thread-id: 139019323354304] [trace] zeEventHostSynchronize(hEvent, timeout)
[2026-10-08 08:23:42.096] [thread-id: 139019323354304] [trace] SUCCESS (ZE_RESULT_SUCCESS) in zeEventHostSynchronize(hEvent=0x3897bc18, timeout=18446744073709551615)
   <--- urEventWait(.numEvents = 1, .phEventWaitList = 0x7ffd203f71b0 {0x3897b600}) -> UR_RESULT_SUCCESS;
   ---> urEventRelease
   <--- urEventRelease(.hEvent = 0x3897b600) -> UR_RESULT_SUCCESS;
   ---> urDeviceGetInfo
[2026-10-08 08:23:42.096] [thread-id: 139019323354304] [trace] zeDeviceGetComputeProperties(hDevice, pComputeProperties)
[2026-10-08 08:23:42.096] [thread-id: 139019323354304] [trace] SUCCESS (ZE_RESULT_SUCCESS) in zeDeviceGetComputeProperties(hDevice=0x38914f28, pComputeProperties={stype=0x3892a280, maxTotalGroupSize=1024, maxGroupSizeX=1024, maxGroupSizeY=1024, maxGroupSizeZ=1024, maxGroupCountX=4294967295, maxGroupCountY=4294967295, maxGroupCountZ=4294967295, maxSharedLocalMemory=131072, numSubGroupSizes=2, subGroupSizes=16})
   <--- urDeviceGetInfo(.hDevice = 0x3892a040, .propName = UR_DEVICE_INFO_MAX_WORK_GROUPS_3D, .propSize = 24, .pPropValue = {4294967295, 4294967295, 4294967295}, .pPropSizeRet = nullptr) -> UR_RESULT_SUCCESS;
   ---> urDeviceSelectBinary
   <--- urDeviceSelectBinary(.hDevice = 0x3892a040, .pBinaries = 0x389a4a50 ((struct ur_device_binary_t){.stype = UR_STRUCTURE_TYPE_CONTEXT_PROPERTIES, .pNext = nullptr, .pDeviceTargetSpec = 0x7e6ff84273c0 (spir64)}), .NumBinaries = 1, .pSelectedBinary = 0x7ffd203f66bc (0)) -> UR_RESULT_SUCCESS;
   ---> urPlatformGetBackendOption
   <--- urPlatformGetBackendOption(.hPlatform = 0x38928810, .pFrontendOption = 0x7ffd203f61c8 (-O2), .ppPlatformOption = 0x7ffd203f6198 (0x7e6ff5495975 (-ze-opt-level=2))) -> UR_RESULT_SUCCESS;
   ---> urDeviceGetInfo
   <--- urDeviceGetInfo(.hDevice = 0x3892a040, .propName = UR_DEVICE_INFO_VENDOR_ID, .propSize = 4, .pPropValue = 0x7ffd203f6118 (32902), .pPropSizeRet = nullptr) -> UR_RESULT_SUCCESS;
   ---> urDeviceGetInfo
   <--- urDeviceGetInfo(.hDevice = 0x3892a040, .propName = UR_DEVICE_INFO_DEVICE_ID, .propSize = 0, .pPropValue = nullptr, .pPropSizeRet = 0x7ffd203f5fa0 (4)) -> UR_RESULT_SUCCESS;
   ---> urDeviceGetInfo
   <--- urDeviceGetInfo(.hDevice = 0x3892a040, .propName = UR_DEVICE_INFO_DEVICE_ID, .propSize = 4, .pPropValue = 0x7ffd203f60e8 (57868), .pPropSizeRet = nullptr) -> UR_RESULT_SUCCESS;
   ---> urDeviceGetInfo
   <--- urDeviceGetInfo(.hDevice = 0x3892a040, .propName = UR_DEVICE_INFO_COMPILER_AVAILABLE, .propSize = 1, .pPropValue = 0x7ffd203f6180 (true), .pPropSizeRet = nullptr) -> UR_RESULT_SUCCESS;
   ---> urProgramCreateWithIL
   <--- urProgramCreateWithIL(.hContext = 0x3892eb90, .pIL = 0x415b20, .length = 2080, .pProperties = nullptr, .phProgram = 0x7ffd203f62a0 (0x3896ca10)) -> UR_RESULT_SUCCESS;
   ---> urProgramBuildExp
[2026-10-08 08:23:42.096] [thread-id: 139019323354304] [trace] zeModuleCreate(hContext, hDevice, desc, phModule, phBuildLog)
[2026-10-08 08:23:42.097] [thread-id: 139019323354304] [trace] SUCCESS (ZE_RESULT_SUCCESS) in zeModuleCreate(hContext=0x3892b738, hDevice=0x38914f28, desc={stype=0x7ffd203f5f20, format=0x7ffd203f5f30, inputSize=2080, pInputModule=3, pBuildFlags=" -ze-opt-level=2", pConstants={numConstants=0, pConstantIds=nullptr, pConstantValues=nullptr}}, phModule=0x3897fd18, phBuildLog=0x389a5818)
[2026-10-08 08:23:42.097] [thread-id: 139019323354304] [trace] zeModuleGetProperties(hModule, pModuleProperties)
[2026-10-08 08:23:42.097] [thread-id: 139019323354304] [trace] SUCCESS (ZE_RESULT_SUCCESS) in zeModuleGetProperties(hModule=0x3897fd18, pModuleProperties={stype=0x7ffd203f5e90, flags=0})
   <--- urProgramBuildExp(.hProgram = 0x3896ca10, .numDevices = 1, .phDevices = 0x389a4a50 {0x3892a040}, .flags = 0, .pOptions = 0x389a4a70 ( -ze-opt-level=2)) -> UR_RESULT_SUCCESS;
   ---> urProgramRetain
   <--- urProgramRetain(.hProgram = 0x3896ca10) -> UR_RESULT_SUCCESS;
   ---> urKernelCreate
[2026-10-08 08:23:42.097] [thread-id: 139019323354304] [trace] zeKernelCreate(hModule, desc, phKernel)
[2026-10-08 08:23:42.097] [thread-id: 139019323354304] [trace] SUCCESS (ZE_RESULT_SUCCESS) in zeKernelCreate(hModule=0x3897fd18, desc={stype=0x7ffd203f65b0, flags=0, pKernelName="_ZTSZ4mainEUlN4sycl3_V12idILi1EEEE_"}, phKernel=0x389bc748)
[2026-10-08 08:23:42.097] [thread-id: 139019323354304] [trace] zeKernelGetName(hKernel, pSize, pName)
[2026-10-08 08:23:42.097] [thread-id: 139019323354304] [trace] SUCCESS (ZE_RESULT_SUCCESS) in zeKernelGetName(hKernel=0x389bc748, pSize=36, pName=nullptr)
[2026-10-08 08:23:42.097] [thread-id: 139019323354304] [trace] zeKernelGetName(hKernel, pSize, pName)
[2026-10-08 08:23:42.097] [thread-id: 139019323354304] [trace] SUCCESS (ZE_RESULT_SUCCESS) in zeKernelGetName(hKernel=0x389bc748, pSize=36, pName="_ZTSZ4mainEUlN4sycl3_V12idILi1EEEE_")
[2026-10-08 08:23:42.097] [thread-id: 139019323354304] [trace] zeKernelGetProperties(hKernel, pKernelProperties)
[2026-10-08 08:23:42.097] [thread-id: 139019323354304] [trace] SUCCESS (ZE_RESULT_SUCCESS) in zeKernelGetProperties(hKernel=0x389bc748, pKernelProperties={stype=0x3899db48, numKernelArgs=1, requiredGroupSizeX=0, requiredGroupSizeY=0, requiredGroupSizeZ=0, requiredNumSubGroups=0, requiredSubgroupSize=0, maxSubgroupSize=32, maxNumSubgroups=32, localMemSize=0, privateMemSize=0, spillMemSize=0, uuid={kid=0, mid=0}})
   <--- urKernelCreate(.hProgram = 0x3896ca10, .pKernelName = 0x4131d2 (_ZTSZ4mainEUlN4sycl3_V12idILi1EEEE_), .phKernel = 0x7ffd203f68d0 (0x389b7d40)) -> UR_RESULT_SUCCESS;
   ---> urKernelSetExecInfo
[2026-10-08 08:23:42.098] [thread-id: 139019323354304] [trace] zeKernelSetIndirectAccess(hKernel, flags)
[2026-10-08 08:23:42.098] [thread-id: 139019323354304] [trace] SUCCESS (ZE_RESULT_SUCCESS) in zeKernelSetIndirectAccess(hKernel=0x389bc748, flags=7)
   <--- urKernelSetExecInfo(.hKernel = 0x389b7d40, .propName = UR_KERNEL_EXEC_INFO_USM_INDIRECT_ACCESS, .propSize = 1, .pProperties = nullptr, .pPropValue = 0x7ffd203f68cf (true)) -> UR_RESULT_SUCCESS;
   ---> urKernelRetain
   <--- urKernelRetain(.hKernel = 0x389b7d40) -> UR_RESULT_SUCCESS;
   ---> urKernelGetGroupInfo
   <--- urKernelGetGroupInfo(.hKernel = 0x389b7d40, .hDevice = 0x3892a040, .propName = UR_KERNEL_GROUP_INFO_COMPILE_WORK_GROUP_SIZE, .propSize = 24, .pPropValue = {0, 0, 0}, .pPropSizeRet = nullptr) -> UR_RESULT_SUCCESS;
   ---> urEnqueueKernelLaunchWithArgsExp
[2026-10-08 08:23:42.098] [thread-id: 139019323354304] [trace] zeKernelSuggestGroupSize(hKernel, globalSizeX, globalSizeY, globalSizeZ, groupSizeX, groupSizeY, groupSizeZ)
[2026-10-08 08:23:42.098] [thread-id: 139019323354304] [trace] SUCCESS (ZE_RESULT_SUCCESS) in zeKernelSuggestGroupSize(hKernel=0x389bc748, globalSizeX=16384, globalSizeY=1, globalSizeZ=1, groupSizeX=1024, groupSizeY=1, groupSizeZ=1)
[2026-10-08 08:23:42.098] [thread-id: 139019323354304] [trace] zeKernelSetGroupSize(hKernel, groupSizeX, groupSizeY, groupSizeZ)
[2026-10-08 08:23:42.098] [thread-id: 139019323354304] [trace] SUCCESS (ZE_RESULT_SUCCESS) in zeKernelSetGroupSize(hKernel=0x389bc748, groupSizeX=1024, groupSizeY=1, groupSizeZ=1)
[2026-10-08 08:23:42.098] [thread-id: 139019323354304] [trace] zeCommandListAppendLaunchKernelWithArguments(hCommandList, hKernel, groupCounts, groupSizes, pArguments, pNext, hSignalEvent, numWaitEvents, phWaitEventsLocal)
[2026-10-08 08:23:42.099] [thread-id: 139019323354304] [trace] SUCCESS (ZE_RESULT_SUCCESS) in zeCommandListAppendLaunchKernelWithArguments(hCommandList=0x38932d88, hKernel=0x389bc748, groupCounts={groupCountX=16, groupCountY=1, groupCountZ=1}, groupSizes={groupSizeX=1024, groupSizeY=1, groupSizeZ=1}, pArguments=0x389bce90, pNext=nullptr, hSignalEvent=0x3897bc18, numWaitEvents=0, phWaitEvents=nullptr)
   <--- urEnqueueKernelLaunchWithArgsExp(.hQueue = 0x389320a0, .hKernel = 0x389b7d40, .workDim = 1, .pGlobalWorkOffset = nullptr, .pGlobalWorkSize = 0x7ffd203f7090 (16384), .pLocalWorkSize = nullptr, .numArgs = 1, .pArgs = 0x389b88d0 {(struct ur_exp_kernel_arg_properties_t){.stype = UR_STRUCTURE_TYPE_EXP_KERNEL_ARG_PROPERTIES, .pNext = nullptr, .type = UR_EXP_KERNEL_ARG_TYPE_POINTER, .index = 0, .size = 8, .value = (union ur_exp_kernel_arg_value_t){.pointer = 0xffffffffff600000}}}, .launchPropList = nullptr, .numEventsInWaitList = 0, .phEventWaitList = nullptr, .phEvent = 0x7ffd203f6ab0 (0x3897b600)) -> UR_RESULT_SUCCESS;
   ---> urEventWait
[2026-10-08 08:23:42.099] [thread-id: 139019323354304] [trace] zeEventHostSynchronize(hEvent, timeout)
[2026-10-08 08:23:42.099] [thread-id: 139019323354304] [trace] SUCCESS (ZE_RESULT_SUCCESS) in zeEventHostSynchronize(hEvent=0x3897bc18, timeout=18446744073709551615)
   <--- urEventWait(.numEvents = 1, .phEventWaitList = 0x7ffd203f71b0 {0x3897b600}) -> UR_RESULT_SUCCESS;
   ---> urEventRelease
   <--- urEventRelease(.hEvent = 0x3897b600) -> UR_RESULT_SUCCESS;
   ---> urEnqueueUSMMemcpy
[2026-10-08 08:23:42.099] [thread-id: 139019323354304] [trace] zeCommandListAppendMemoryCopy(hCommandList, dstptr, srcptr, size, hSignalEvent, numWaitEvents, phWaitEventsLocal)
[2026-10-08 08:23:42.099] [thread-id: 139019323354304] [trace] SUCCESS (ZE_RESULT_SUCCESS) in zeCommandListAppendMemoryCopy(hCommandList=0x38932d88, dstptr=0x389538b0, srcptr=0xffffffffff600000, size=65536, hSignalEvent=0x3897bc18, numWaitEvents=0, phWaitEvents=nullptr)
   <--- urEnqueueUSMMemcpy(.hQueue = 0x389320a0, .blocking = 0, .pDst = 0x389538b0, .pSrc = 0xffffffffff600000, .size = 65536, .numEventsInWaitList = 0, .phEventWaitList = nullptr, .phEvent = 0x7ffd203f7160 (0x3897b600)) -> UR_RESULT_SUCCESS;
   ---> urEventWait
[2026-10-08 08:23:42.099] [thread-id: 139019323354304] [trace] zeEventHostSynchronize(hEvent, timeout)
[2026-10-08 08:23:42.099] [thread-id: 139019323354304] [trace] SUCCESS (ZE_RESULT_SUCCESS) in zeEventHostSynchronize(hEvent=0x3897bc18, timeout=18446744073709551615)
   <--- urEventWait(.numEvents = 1, .phEventWaitList = 0x7ffd203f71b0 {0x3897b600}) -> UR_RESULT_SUCCESS;
   ---> urEventRelease
   <--- urEventRelease(.hEvent = 0x3897b600) -> UR_RESULT_SUCCESS;
   ---> urEnqueueUSMMemcpy
[2026-10-08 08:23:42.099] [thread-id: 139019323354304] [trace] zeCommandListAppendMemoryCopy(hCommandList, dstptr, srcptr, size, hSignalEvent, numWaitEvents, phWaitEventsLocal)
[2026-10-08 08:23:42.099] [thread-id: 139019323354304] [trace] SUCCESS (ZE_RESULT_SUCCESS) in zeCommandListAppendMemoryCopy(hCommandList=0x38932d88, dstptr=0xffffffffff600000, srcptr=0x389438a0, size=65536, hSignalEvent=0x3897bc18, numWaitEvents=0, phWaitEvents=nullptr)
   <--- urEnqueueUSMMemcpy(.hQueue = 0x389320a0, .blocking = 0, .pDst = 0xffffffffff600000, .pSrc = 0x389438a0, .size = 65536, .numEventsInWaitList = 0, .phEventWaitList = nullptr, .phEvent = 0x7ffd203f7160 (0x3897b600)) -> UR_RESULT_SUCCESS;
   ---> urEventWait
[2026-10-08 08:23:42.099] [thread-id: 139019323354304] [trace] zeEventHostSynchronize(hEvent, timeout)
[2026-10-08 08:23:42.099] [thread-id: 139019323354304] [trace] SUCCESS (ZE_RESULT_SUCCESS) in zeEventHostSynchronize(hEvent=0x3897bc18, timeout=18446744073709551615)
   <--- urEventWait(.numEvents = 1, .phEventWaitList = 0x7ffd203f71b0 {0x3897b600}) -> UR_RESULT_SUCCESS;
   ---> urEventRelease
   <--- urEventRelease(.hEvent = 0x3897b600) -> UR_RESULT_SUCCESS;
   ---> urDeviceGetInfo
   <--- urDeviceGetInfo(.hDevice = 0x3892a040, .propName = UR_DEVICE_INFO_MAX_WORK_GROUPS_3D, .propSize = 24, .pPropValue = {4294967295, 4294967295, 4294967295}, .pPropSizeRet = nullptr) -> UR_RESULT_SUCCESS;
   ---> urKernelGetGroupInfo
   <--- urKernelGetGroupInfo(.hKernel = 0x389b7d40, .hDevice = 0x3892a040, .propName = UR_KERNEL_GROUP_INFO_COMPILE_WORK_GROUP_SIZE, .propSize = 24, .pPropValue = {0, 0, 0}, .pPropSizeRet = nullptr) -> UR_RESULT_SUCCESS;
   ---> urEnqueueKernelLaunchWithArgsExp
[2026-10-08 08:23:42.099] [thread-id: 139019323354304] [trace] zeKernelSuggestGroupSize(hKernel, globalSizeX, globalSizeY, globalSizeZ, groupSizeX, groupSizeY, groupSizeZ)
[2026-10-08 08:23:42.099] [thread-id: 139019323354304] [trace] SUCCESS (ZE_RESULT_SUCCESS) in zeKernelSuggestGroupSize(hKernel=0x389bc748, globalSizeX=16384, globalSizeY=1, globalSizeZ=1, groupSizeX=1024, groupSizeY=1, groupSizeZ=1)
[2026-10-08 08:23:42.099] [thread-id: 139019323354304] [trace] zeKernelSetGroupSize(hKernel, groupSizeX, groupSizeY, groupSizeZ)
[2026-10-08 08:23:42.099] [thread-id: 139019323354304] [trace] SUCCESS (ZE_RESULT_SUCCESS) in zeKernelSetGroupSize(hKernel=0x389bc748, groupSizeX=1024, groupSizeY=1, groupSizeZ=1)
[2026-10-08 08:23:42.099] [thread-id: 139019323354304] [trace] zeCommandListAppendLaunchKernelWithArguments(hCommandList, hKernel, groupCounts, groupSizes, pArguments, pNext, hSignalEvent, numWaitEvents, phWaitEventsLocal)
[2026-10-08 08:23:42.099] [thread-id: 139019323354304] [trace] SUCCESS (ZE_RESULT_SUCCESS) in zeCommandListAppendLaunchKernelWithArguments(hCommandList=0x38932d88, hKernel=0x389bc748, groupCounts={groupCountX=16, groupCountY=1, groupCountZ=1}, groupSizes={groupSizeX=1024, groupSizeY=1, groupSizeZ=1}, pArguments=0x389bce90, pNext=nullptr, hSignalEvent=0x3897bc18, numWaitEvents=0, phWaitEvents=nullptr)
   <--- urEnqueueKernelLaunchWithArgsExp(.hQueue = 0x389320a0, .hKernel = 0x389b7d40, .workDim = 1, .pGlobalWorkOffset = nullptr, .pGlobalWorkSize = 0x7ffd203f7090 (16384), .pLocalWorkSize = nullptr, .numArgs = 1, .pArgs = 0x389b88d0 {(struct ur_exp_kernel_arg_properties_t){.stype = UR_STRUCTURE_TYPE_EXP_KERNEL_ARG_PROPERTIES, .pNext = nullptr, .type = UR_EXP_KERNEL_ARG_TYPE_POINTER, .index = 0, .size = 8, .value = (union ur_exp_kernel_arg_value_t){.pointer = 0xffffffffff600000}}}, .launchPropList = nullptr, .numEventsInWaitList = 0, .phEventWaitList = nullptr, .phEvent = 0x7ffd203f6ab0 (0x3897b600)) -> UR_RESULT_SUCCESS;
   ---> urEventWait
[2026-10-08 08:23:42.099] [thread-id: 139019323354304] [trace] zeEventHostSynchronize(hEvent, timeout)
[2026-10-08 08:23:42.099] [thread-id: 139019323354304] [trace] SUCCESS (ZE_RESULT_SUCCESS) in zeEventHostSynchronize(hEvent=0x3897bc18, timeout=18446744073709551615)
   <--- urEventWait(.numEvents = 1, .phEventWaitList = 0x7ffd203f71b0 {0x3897b600}) -> UR_RESULT_SUCCESS;
   ---> urEventRelease
   <--- urEventRelease(.hEvent = 0x3897b600) -> UR_RESULT_SUCCESS;
   ---> urEnqueueUSMMemcpy
[2026-10-08 08:23:42.099] [thread-id: 139019323354304] [trace] zeCommandListAppendMemoryCopy(hCommandList, dstptr, srcptr, size, hSignalEvent, numWaitEvents, phWaitEventsLocal)
[2026-10-08 08:23:42.099] [thread-id: 139019323354304] [trace] SUCCESS (ZE_RESULT_SUCCESS) in zeCommandListAppendMemoryCopy(hCommandList=0x38932d88, dstptr=0x389538b0, srcptr=0xffffffffff600000, size=65536, hSignalEvent=0x3897bc18, numWaitEvents=0, phWaitEvents=nullptr)
   <--- urEnqueueUSMMemcpy(.hQueue = 0x389320a0, .blocking = 0, .pDst = 0x389538b0, .pSrc = 0xffffffffff600000, .size = 65536, .numEventsInWaitList = 0, .phEventWaitList = nullptr, .phEvent = 0x7ffd203f7160 (0x3897b600)) -> UR_RESULT_SUCCESS;
   ---> urEventWait
[2026-10-08 08:23:42.099] [thread-id: 139019323354304] [trace] zeEventHostSynchronize(hEvent, timeout)
[2026-10-08 08:23:42.099] [thread-id: 139019323354304] [trace] SUCCESS (ZE_RESULT_SUCCESS) in zeEventHostSynchronize(hEvent=0x3897bc18, timeout=18446744073709551615)
   <--- urEventWait(.numEvents = 1, .phEventWaitList = 0x7ffd203f71b0 {0x3897b600}) -> UR_RESULT_SUCCESS;
   ---> urEventRelease
   <--- urEventRelease(.hEvent = 0x3897b600) -> UR_RESULT_SUCCESS;
   ---> urEnqueueUSMMemcpy
[2026-10-08 08:23:42.100] [thread-id: 139019323354304] [trace] zeCommandListAppendMemoryCopy(hCommandList, dstptr, srcptr, size, hSignalEvent, numWaitEvents, phWaitEventsLocal)
[2026-10-08 08:23:42.100] [thread-id: 139019323354304] [trace] SUCCESS (ZE_RESULT_SUCCESS) in zeCommandListAppendMemoryCopy(hCommandList=0x38932d88, dstptr=0xffffffffff600000, srcptr=0x389438a0, size=65536, hSignalEvent=0x3897bc18, numWaitEvents=0, phWaitEvents=nullptr)
   <--- urEnqueueUSMMemcpy(.hQueue = 0x389320a0, .blocking = 0, .pDst = 0xffffffffff600000, .pSrc = 0x389438a0, .size = 65536, .numEventsInWaitList = 0, .phEventWaitList = nullptr, .phEvent = 0x7ffd203f7160 (0x3897b600)) -> UR_RESULT_SUCCESS;
   ---> urEventWait
[2026-10-08 08:23:42.100] [thread-id: 139019323354304] [trace] zeEventHostSynchronize(hEvent, timeout)
[2026-10-08 08:23:42.100] [thread-id: 139019323354304] [trace] SUCCESS (ZE_RESULT_SUCCESS) in zeEventHostSynchronize(hEvent=0x3897bc18, timeout=18446744073709551615)
   <--- urEventWait(.numEvents = 1, .phEventWaitList = 0x7ffd203f71b0 {0x3897b600}) -> UR_RESULT_SUCCESS;
   ---> urEventRelease
   <--- urEventRelease(.hEvent = 0x3897b600) -> UR_RESULT_SUCCESS;
   ---> urDeviceGetInfo
   <--- urDeviceGetInfo(.hDevice = 0x3892a040, .propName = UR_DEVICE_INFO_MAX_WORK_GROUPS_3D, .propSize = 24, .pPropValue = {4294967295, 4294967295, 4294967295}, .pPropSizeRet = nullptr) -> UR_RESULT_SUCCESS;
   ---> urKernelGetGroupInfo
   <--- urKernelGetGroupInfo(.hKernel = 0x389b7d40, .hDevice = 0x3892a040, .propName = UR_KERNEL_GROUP_INFO_COMPILE_WORK_GROUP_SIZE, .propSize = 24, .pPropValue = {0, 0, 0}, .pPropSizeRet = nullptr) -> UR_RESULT_SUCCESS;
   ---> urEnqueueKernelLaunchWithArgsExp
[2026-10-08 08:23:42.100] [thread-id: 139019323354304] [trace] zeKernelSuggestGroupSize(hKernel, globalSizeX, globalSizeY, globalSizeZ, groupSizeX, groupSizeY, groupSizeZ)
[2026-10-08 08:23:42.100] [thread-id: 139019323354304] [trace] SUCCESS (ZE_RESULT_SUCCESS) in zeKernelSuggestGroupSize(hKernel=0x389bc748, globalSizeX=16384, globalSizeY=1, globalSizeZ=1, groupSizeX=1024, groupSizeY=1, groupSizeZ=1)
[2026-10-08 08:23:42.100] [thread-id: 139019323354304] [trace] zeKernelSetGroupSize(hKernel, groupSizeX, groupSizeY, groupSizeZ)
[2026-10-08 08:23:42.100] [thread-id: 139019323354304] [trace] SUCCESS (ZE_RESULT_SUCCESS) in zeKernelSetGroupSize(hKernel=0x389bc748, groupSizeX=1024, groupSizeY=1, groupSizeZ=1)
[2026-10-08 08:23:42.100] [thread-id: 139019323354304] [trace] zeCommandListAppendLaunchKernelWithArguments(hCommandList, hKernel, groupCounts, groupSizes, pArguments, pNext, hSignalEvent, numWaitEvents, phWaitEventsLocal)
[2026-10-08 08:23:42.100] [thread-id: 139019323354304] [trace] SUCCESS (ZE_RESULT_SUCCESS) in zeCommandListAppendLaunchKernelWithArguments(hCommandList=0x38932d88, hKernel=0x389bc748, groupCounts={groupCountX=16, groupCountY=1, groupCountZ=1}, groupSizes={groupSizeX=1024, groupSizeY=1, groupSizeZ=1}, pArguments=0x389bce90, pNext=nullptr, hSignalEvent=0x3897bc18, numWaitEvents=0, phWaitEvents=nullptr)
   <--- urEnqueueKernelLaunchWithArgsExp(.hQueue = 0x389320a0, .hKernel = 0x389b7d40, .workDim = 1, .pGlobalWorkOffset = nullptr, .pGlobalWorkSize = 0x7ffd203f7090 (16384), .pLocalWorkSize = nullptr, .numArgs = 1, .pArgs = 0x389b88d0 {(struct ur_exp_kernel_arg_properties_t){.stype = UR_STRUCTURE_TYPE_EXP_KERNEL_ARG_PROPERTIES, .pNext = nullptr, .type = UR_EXP_KERNEL_ARG_TYPE_POINTER, .index = 0, .size = 8, .value = (union ur_exp_kernel_arg_value_t){.pointer = 0xffffffffff600000}}}, .launchPropList = nullptr, .numEventsInWaitList = 0, .phEventWaitList = nullptr, .phEvent = 0x7ffd203f6ab0 (0x3897b600)) -> UR_RESULT_SUCCESS;
   ---> urEventWait
[2026-10-08 08:23:42.100] [thread-id: 139019323354304] [trace] zeEventHostSynchronize(hEvent, timeout)
[2026-10-08 08:23:42.100] [thread-id: 139019323354304] [trace] SUCCESS (ZE_RESULT_SUCCESS) in zeEventHostSynchronize(hEvent=0x3897bc18, timeout=18446744073709551615)
   <--- urEventWait(.numEvents = 1, .phEventWaitList = 0x7ffd203f71b0 {0x3897b600}) -> UR_RESULT_SUCCESS;
   ---> urEventRelease
   <--- urEventRelease(.hEvent = 0x3897b600) -> UR_RESULT_SUCCESS;
   ---> urEnqueueUSMMemcpy
[2026-10-08 08:23:42.100] [thread-id: 139019323354304] [trace] zeCommandListAppendMemoryCopy(hCommandList, dstptr, srcptr, size, hSignalEvent, numWaitEvents, phWaitEventsLocal)
[2026-10-08 08:23:42.100] [thread-id: 139019323354304] [trace] SUCCESS (ZE_RESULT_SUCCESS) in zeCommandListAppendMemoryCopy(hCommandList=0x38932d88, dstptr=0x389538b0, srcptr=0xffffffffff600000, size=65536, hSignalEvent=0x3897bc18, numWaitEvents=0, phWaitEvents=nullptr)
   <--- urEnqueueUSMMemcpy(.hQueue = 0x389320a0, .blocking = 0, .pDst = 0x389538b0, .pSrc = 0xffffffffff600000, .size = 65536, .numEventsInWaitList = 0, .phEventWaitList = nullptr, .phEvent = 0x7ffd203f7160 (0x3897b600)) -> UR_RESULT_SUCCESS;
   ---> urEventWait
[2026-10-08 08:23:42.100] [thread-id: 139019323354304] [trace] zeEventHostSynchronize(hEvent, timeout)
[2026-10-08 08:23:42.100] [thread-id: 139019323354304] [trace] SUCCESS (ZE_RESULT_SUCCESS) in zeEventHostSynchronize(hEvent=0x3897bc18, timeout=18446744073709551615)
   <--- urEventWait(.numEvents = 1, .phEventWaitList = 0x7ffd203f71b0 {0x3897b600}) -> UR_RESULT_SUCCESS;
   ---> urEventRelease
   <--- urEventRelease(.hEvent = 0x3897b600) -> UR_RESULT_SUCCESS;
   ---> urQueueFinish
[2026-10-08 08:23:42.100] [thread-id: 139019323354304] [trace] zeCommandListHostSynchronize(hCommandList, timeout)
[2026-10-08 08:23:42.100] [thread-id: 139019323354304] [trace] SUCCESS (ZE_RESULT_SUCCESS) in zeCommandListHostSynchronize(hCommandList=0x38932d88, timeout=18446744073709551615)
   <--- urQueueFinish(.hQueue = 0x389320a0) -> UR_RESULT_SUCCESS;
   ---> urUSMFree
   <--- urUSMFree(.hContext = 0x3892eb90, .pMem = 0xffffffffff600000) -> UR_RESULT_SUCCESS;
   ---> urQueueRelease
[2026-10-08 08:23:42.100] [thread-id: 139019323354304] [trace] zeCommandListHostSynchronize(hCommandList, timeout)
[2026-10-08 08:23:42.100] [thread-id: 139019323354304] [trace] SUCCESS (ZE_RESULT_SUCCESS) in zeCommandListHostSynchronize(hCommandList=0x38932d88, timeout=18446744073709551615)
   <--- urQueueRelease(.hQueue = 0x389320a0) -> UR_RESULT_SUCCESS;
   ---> urProgramRelease
   <--- urProgramRelease(.hProgram = 0x3896ca10) -> UR_RESULT_SUCCESS;
   ---> urKernelRelease
   <--- urKernelRelease(.hKernel = 0x389b7d40) -> UR_RESULT_SUCCESS;
   ---> urProgramRelease
   <--- urProgramRelease(.hProgram = 0x3896ca10) -> UR_RESULT_SUCCESS;
   ---> urKernelRelease
[2026-10-08 08:23:42.100] [thread-id: 139019323354304] [trace] zeKernelDestroy(hKernel)
[2026-10-08 08:23:42.100] [thread-id: 139019323354304] [trace] SUCCESS (ZE_RESULT_SUCCESS) in zeKernelDestroy(hKernel=0x389bc748)
[2026-10-08 08:23:42.100] [thread-id: 139019323354304] [trace] zeModuleBuildLogDestroy(hModuleBuildLog)
[2026-10-08 08:23:42.100] [thread-id: 139019323354304] [trace] SUCCESS (ZE_RESULT_SUCCESS) in zeModuleBuildLogDestroy(hModuleBuildLog=0x389a5818)
[2026-10-08 08:23:42.100] [thread-id: 139019323354304] [trace] zeModuleDestroy(hModule)
[2026-10-08 08:23:42.100] [thread-id: 139019323354304] [trace] SUCCESS (ZE_RESULT_SUCCESS) in zeModuleDestroy(hModule=0x3897fd18)
   <--- urKernelRelease(.hKernel = 0x389b7d40) -> UR_RESULT_SUCCESS;
   ---> urContextRelease
[2026-10-08 08:23:42.101] [thread-id: 139019323354304] [trace] zeMemFreeExt(hContext, pMemFreeDesc, ptr)
[2026-10-08 08:23:42.101] [thread-id: 139019323354304] [trace] SUCCESS (ZE_RESULT_SUCCESS) in zeMemFreeExt(hContext=0x3892b738, pMemFreeDesc={stype=0x7ffd203f6ef0, freePolicy=1}, ptr=0xffffffffff600000)
[2026-10-08 08:23:42.101] [thread-id: 139019323354304] [trace] zeEventDestroy(hEvent)
[2026-10-08 08:23:42.101] [thread-id: 139019323354304] [trace] SUCCESS (ZE_RESULT_SUCCESS) in zeEventDestroy(hEvent=0x38964528)
[2026-10-08 08:23:42.101] [thread-id: 139019323354304] [trace] zeEventDestroy(hEvent)
[2026-10-08 08:23:42.101] [thread-id: 139019323354304] [trace] SUCCESS (ZE_RESULT_SUCCESS) in zeEventDestroy(hEvent=0x38964a68)
[2026-10-08 08:23:42.101] [thread-id: 139019323354304] [trace] zeEventDestroy(hEvent)
[2026-10-08 08:23:42.101] [thread-id: 139019323354304] [trace] SUCCESS (ZE_RESULT_SUCCESS) in zeEventDestroy(hEvent=0x38965168)
[2026-10-08 08:23:42.101] [thread-id: 139019323354304] [trace] zeEventDestroy(hEvent)
[2026-10-08 08:23:42.101] [thread-id: 139019323354304] [trace] SUCCESS (ZE_RESULT_SUCCESS) in zeEventDestroy(hEvent=0x389656c8)
[2026-10-08 08:23:42.101] [thread-id: 139019323354304] [trace] zeEventDestroy(hEvent)
[2026-10-08 08:23:42.101] [thread-id: 139019323354304] [trace] SUCCESS (ZE_RESULT_SUCCESS) in zeEventDestroy(hEvent=0x38965dc8)
[2026-10-08 08:23:42.101] [thread-id: 139019323354304] [trace] zeEventDestroy(hEvent)
[2026-10-08 08:23:42.101] [thread-id: 139019323354304] [trace] SUCCESS (ZE_RESULT_SUCCESS) in zeEventDestroy(hEvent=0x389662d8)
[2026-10-08 08:23:42.101] [thread-id: 139019323354304] [trace] zeEventDestroy(hEvent)
[2026-10-08 08:23:42.101] [thread-id: 139019323354304] [trace] SUCCESS (ZE_RESULT_SUCCESS) in zeEventDestroy(hEvent=0x389669d8)
[2026-10-08 08:23:42.101] [thread-id: 139019323354304] [trace] zeEventDestroy(hEvent)
[2026-10-08 08:23:42.101] [thread-id: 139019323354304] [trace] SUCCESS (ZE_RESULT_SUCCESS) in zeEventDestroy(hEvent=0x38966ee8)
[2026-10-08 08:23:42.101] [thread-id: 139019323354304] [trace] zeEventDestroy(hEvent)
[2026-10-08 08:23:42.101] [thread-id: 139019323354304] [trace] SUCCESS (ZE_RESULT_SUCCESS) in zeEventDestroy(hEvent=0x389675e8)
[2026-10-08 08:23:42.101] [thread-id: 139019323354304] [trace] zeEventDestroy(hEvent)
[2026-10-08 08:23:42.101] [thread-id: 139019323354304] [trace] SUCCESS (ZE_RESULT_SUCCESS) in zeEventDestroy(hEvent=0x38967b98)
[2026-10-08 08:23:42.101] [thread-id: 139019323354304] [trace] zeEventDestroy(hEvent)
[2026-10-08 08:23:42.101] [thread-id: 139019323354304] [trace] SUCCESS (ZE_RESULT_SUCCESS) in zeEventDestroy(hEvent=0x38968298)
[2026-10-08 08:23:42.101] [thread-id: 139019323354304] [trace] zeEventDestroy(hEvent)
[2026-10-08 08:23:42.101] [thread-id: 139019323354304] [trace] SUCCESS (ZE_RESULT_SUCCESS) in zeEventDestroy(hEvent=0x389687a8)
[2026-10-08 08:23:42.101] [thread-id: 139019323354304] [trace] zeEventDestroy(hEvent)
[2026-10-08 08:23:42.101] [thread-id: 139019323354304] [trace] SUCCESS (ZE_RESULT_SUCCESS) in zeEventDestroy(hEvent=0x38968ea8)
[2026-10-08 08:23:42.101] [thread-id: 139019323354304] [trace] zeEventDestroy(hEvent)
[2026-10-08 08:23:42.101] [thread-id: 139019323354304] [trace] SUCCESS (ZE_RESULT_SUCCESS) in zeEventDestroy(hEvent=0x389693b8)
[2026-10-08 08:23:42.101] [thread-id: 139019323354304] [trace] zeEventDestroy(hEvent)
[2026-10-08 08:23:42.101] [thread-id: 139019323354304] [trace] SUCCESS (ZE_RESULT_SUCCESS) in zeEventDestroy(hEvent=0x38969ab8)
[2026-10-08 08:23:42.101] [thread-id: 139019323354304] [trace] zeEventDestroy(hEvent)
[2026-10-08 08:23:42.101] [thread-id: 139019323354304] [trace] SUCCESS (ZE_RESULT_SUCCESS) in zeEventDestroy(hEvent=0x3896a0d8)
[2026-10-08 08:23:42.101] [thread-id: 139019323354304] [trace] zeEventDestroy(hEvent)
[2026-10-08 08:23:42.101] [thread-id: 139019323354304] [trace] SUCCESS (ZE_RESULT_SUCCESS) in zeEventDestroy(hEvent=0x3896a7d8)
[2026-10-08 08:23:42.101] [thread-id: 139019323354304] [trace] zeEventDestroy(hEvent)
[2026-10-08 08:23:42.101] [thread-id: 139019323354304] [trace] SUCCESS (ZE_RESULT_SUCCESS) in zeEventDestroy(hEvent=0x3896ace8)
[2026-10-08 08:23:42.101] [thread-id: 139019323354304] [trace] zeEventDestroy(hEvent)
[2026-10-08 08:23:42.101] [thread-id: 139019323354304] [trace] SUCCESS (ZE_RESULT_SUCCESS) in zeEventDestroy(hEvent=0x3896b3e8)
[2026-10-08 08:23:42.101] [thread-id: 139019323354304] [trace] zeEventDestroy(hEvent)
[2026-10-08 08:23:42.101] [thread-id: 139019323354304] [trace] SUCCESS (ZE_RESULT_SUCCESS) in zeEventDestroy(hEvent=0x3896b8f8)
[2026-10-08 08:23:42.101] [thread-id: 139019323354304] [trace] zeEventDestroy(hEvent)
[2026-10-08 08:23:42.101] [thread-id: 139019323354304] [trace] SUCCESS (ZE_RESULT_SUCCESS) in zeEventDestroy(hEvent=0x3896bff8)
[2026-10-08 08:23:42.101] [thread-id: 139019323354304] [trace] zeEventDestroy(hEvent)
[2026-10-08 08:23:42.101] [thread-id: 139019323354304] [trace] SUCCESS (ZE_RESULT_SUCCESS) in zeEventDestroy(hEvent=0x3896c508)
[2026-10-08 08:23:42.101] [thread-id: 139019323354304] [trace] zeEventDestroy(hEvent)
[2026-10-08 08:23:42.101] [thread-id: 139019323354304] [trace] SUCCESS (ZE_RESULT_SUCCESS) in zeEventDestroy(hEvent=0x3896cd48)
[2026-10-08 08:23:42.101] [thread-id: 139019323354304] [trace] zeEventDestroy(hEvent)
[2026-10-08 08:23:42.101] [thread-id: 139019323354304] [trace] SUCCESS (ZE_RESULT_SUCCESS) in zeEventDestroy(hEvent=0x3896d258)
[2026-10-08 08:23:42.101] [thread-id: 139019323354304] [trace] zeEventDestroy(hEvent)
[2026-10-08 08:23:42.101] [thread-id: 139019323354304] [trace] SUCCESS (ZE_RESULT_SUCCESS) in zeEventDestroy(hEvent=0x3896d958)
[2026-10-08 08:23:42.101] [thread-id: 139019323354304] [trace] zeEventDestroy(hEvent)
[2026-10-08 08:23:42.101] [thread-id: 139019323354304] [trace] SUCCESS (ZE_RESULT_SUCCESS) in zeEventDestroy(hEvent=0x3896de68)
[2026-10-08 08:23:42.102] [thread-id: 139019323354304] [trace] zeEventDestroy(hEvent)
[2026-10-08 08:23:42.102] [thread-id: 139019323354304] [trace] SUCCESS (ZE_RESULT_SUCCESS) in zeEventDestroy(hEvent=0x3896e568)
[2026-10-08 08:23:42.102] [thread-id: 139019323354304] [trace] zeEventDestroy(hEvent)
[2026-10-08 08:23:42.102] [thread-id: 139019323354304] [trace] SUCCESS (ZE_RESULT_SUCCESS) in zeEventDestroy(hEvent=0x3896ea78)
[2026-10-08 08:23:42.102] [thread-id: 139019323354304] [trace] zeEventDestroy(hEvent)
[2026-10-08 08:23:42.102] [thread-id: 139019323354304] [trace] SUCCESS (ZE_RESULT_SUCCESS) in zeEventDestroy(hEvent=0x3896f178)
[2026-10-08 08:23:42.102] [thread-id: 139019323354304] [trace] zeEventDestroy(hEvent)
[2026-10-08 08:23:42.102] [thread-id: 139019323354304] [trace] SUCCESS (ZE_RESULT_SUCCESS) in zeEventDestroy(hEvent=0x3896f688)
[2026-10-08 08:23:42.102] [thread-id: 139019323354304] [trace] zeEventDestroy(hEvent)
[2026-10-08 08:23:42.102] [thread-id: 139019323354304] [trace] SUCCESS (ZE_RESULT_SUCCESS) in zeEventDestroy(hEvent=0x3896fd88)
[2026-10-08 08:23:42.102] [thread-id: 139019323354304] [trace] zeEventDestroy(hEvent)
[2026-10-08 08:23:42.102] [thread-id: 139019323354304] [trace] SUCCESS (ZE_RESULT_SUCCESS) in zeEventDestroy(hEvent=0x389704a8)
[2026-10-08 08:23:42.102] [thread-id: 139019323354304] [trace] zeEventDestroy(hEvent)
[2026-10-08 08:23:42.102] [thread-id: 139019323354304] [trace] SUCCESS (ZE_RESULT_SUCCESS) in zeEventDestroy(hEvent=0x38970ba8)
[2026-10-08 08:23:42.102] [thread-id: 139019323354304] [trace] zeEventDestroy(hEvent)
[2026-10-08 08:23:42.102] [thread-id: 139019323354304] [trace] SUCCESS (ZE_RESULT_SUCCESS) in zeEventDestroy(hEvent=0x389710b8)
[2026-10-08 08:23:42.102] [thread-id: 139019323354304] [trace] zeEventDestroy(hEvent)
[2026-10-08 08:23:42.102] [thread-id: 139019323354304] [trace] SUCCESS (ZE_RESULT_SUCCESS) in zeEventDestroy(hEvent=0x389717b8)
[2026-10-08 08:23:42.102] [thread-id: 139019323354304] [trace] zeEventDestroy(hEvent)
[2026-10-08 08:23:42.102] [thread-id: 139019323354304] [trace] SUCCESS (ZE_RESULT_SUCCESS) in zeEventDestroy(hEvent=0x38971cc8)
[2026-10-08 08:23:42.102] [thread-id: 139019323354304] [trace] zeEventDestroy(hEvent)
[2026-10-08 08:23:42.102] [thread-id: 139019323354304] [trace] SUCCESS (ZE_RESULT_SUCCESS) in zeEventDestroy(hEvent=0x389723c8)
[2026-10-08 08:23:42.102] [thread-id: 139019323354304] [trace] zeEventDestroy(hEvent)
[2026-10-08 08:23:42.102] [thread-id: 139019323354304] [trace] SUCCESS (ZE_RESULT_SUCCESS) in zeEventDestroy(hEvent=0x389728d8)
[2026-10-08 08:23:42.102] [thread-id: 139019323354304] [trace] zeEventDestroy(hEvent)
[2026-10-08 08:23:42.102] [thread-id: 139019323354304] [trace] SUCCESS (ZE_RESULT_SUCCESS) in zeEventDestroy(hEvent=0x38972fd8)
[2026-10-08 08:23:42.102] [thread-id: 139019323354304] [trace] zeEventDestroy(hEvent)
[2026-10-08 08:23:42.102] [thread-id: 139019323354304] [trace] SUCCESS (ZE_RESULT_SUCCESS) in zeEventDestroy(hEvent=0x389734e8)
[2026-10-08 08:23:42.102] [thread-id: 139019323354304] [trace] zeEventDestroy(hEvent)
[2026-10-08 08:23:42.102] [thread-id: 139019323354304] [trace] SUCCESS (ZE_RESULT_SUCCESS) in zeEventDestroy(hEvent=0x38973be8)
[2026-10-08 08:23:42.102] [thread-id: 139019323354304] [trace] zeEventDestroy(hEvent)
[2026-10-08 08:23:42.102] [thread-id: 139019323354304] [trace] SUCCESS (ZE_RESULT_SUCCESS) in zeEventDestroy(hEvent=0x389740f8)
[2026-10-08 08:23:42.102] [thread-id: 139019323354304] [trace] zeEventDestroy(hEvent)
[2026-10-08 08:23:42.102] [thread-id: 139019323354304] [trace] SUCCESS (ZE_RESULT_SUCCESS) in zeEventDestroy(hEvent=0x389747f8)
[2026-10-08 08:23:42.102] [thread-id: 139019323354304] [trace] zeEventDestroy(hEvent)
[2026-10-08 08:23:42.102] [thread-id: 139019323354304] [trace] SUCCESS (ZE_RESULT_SUCCESS) in zeEventDestroy(hEvent=0x38974d08)
[2026-10-08 08:23:42.102] [thread-id: 139019323354304] [trace] zeEventDestroy(hEvent)
[2026-10-08 08:23:42.102] [thread-id: 139019323354304] [trace] SUCCESS (ZE_RESULT_SUCCESS) in zeEventDestroy(hEvent=0x38975408)
[2026-10-08 08:23:42.102] [thread-id: 139019323354304] [trace] zeEventDestroy(hEvent)
[2026-10-08 08:23:42.102] [thread-id: 139019323354304] [trace] SUCCESS (ZE_RESULT_SUCCESS) in zeEventDestroy(hEvent=0x38975918)
[2026-10-08 08:23:42.102] [thread-id: 139019323354304] [trace] zeEventDestroy(hEvent)
[2026-10-08 08:23:42.102] [thread-id: 139019323354304] [trace] SUCCESS (ZE_RESULT_SUCCESS) in zeEventDestroy(hEvent=0x38976018)
[2026-10-08 08:23:42.102] [thread-id: 139019323354304] [trace] zeEventDestroy(hEvent)
[2026-10-08 08:23:42.102] [thread-id: 139019323354304] [trace] SUCCESS (ZE_RESULT_SUCCESS) in zeEventDestroy(hEvent=0x38976528)
[2026-10-08 08:23:42.102] [thread-id: 139019323354304] [trace] zeEventDestroy(hEvent)
[2026-10-08 08:23:42.102] [thread-id: 139019323354304] [trace] SUCCESS (ZE_RESULT_SUCCESS) in zeEventDestroy(hEvent=0x38976c28)
[2026-10-08 08:23:42.102] [thread-id: 139019323354304] [trace] zeEventDestroy(hEvent)
[2026-10-08 08:23:42.102] [thread-id: 139019323354304] [trace] SUCCESS (ZE_RESULT_SUCCESS) in zeEventDestroy(hEvent=0x38977138)
[2026-10-08 08:23:42.102] [thread-id: 139019323354304] [trace] zeEventDestroy(hEvent)
[2026-10-08 08:23:42.102] [thread-id: 139019323354304] [trace] SUCCESS (ZE_RESULT_SUCCESS) in zeEventDestroy(hEvent=0x38977ab8)
[2026-10-08 08:23:42.102] [thread-id: 139019323354304] [trace] zeEventDestroy(hEvent)
[2026-10-08 08:23:42.102] [thread-id: 139019323354304] [trace] SUCCESS (ZE_RESULT_SUCCESS) in zeEventDestroy(hEvent=0x38977fc8)
[2026-10-08 08:23:42.102] [thread-id: 139019323354304] [trace] zeEventDestroy(hEvent)
[2026-10-08 08:23:42.102] [thread-id: 139019323354304] [trace] SUCCESS (ZE_RESULT_SUCCESS) in zeEventDestroy(hEvent=0x389786c8)
[2026-10-08 08:23:42.102] [thread-id: 139019323354304] [trace] zeEventDestroy(hEvent)
[2026-10-08 08:23:42.102] [thread-id: 139019323354304] [trace] SUCCESS (ZE_RESULT_SUCCESS) in zeEventDestroy(hEvent=0x38978bd8)
[2026-10-08 08:23:42.102] [thread-id: 139019323354304] [trace] zeEventDestroy(hEvent)
[2026-10-08 08:23:42.102] [thread-id: 139019323354304] [trace] SUCCESS (ZE_RESULT_SUCCESS) in zeEventDestroy(hEvent=0x389792d8)
[2026-10-08 08:23:42.102] [thread-id: 139019323354304] [trace] zeEventDestroy(hEvent)
[2026-10-08 08:23:42.102] [thread-id: 139019323354304] [trace] SUCCESS (ZE_RESULT_SUCCESS) in zeEventDestroy(hEvent=0x389797e8)
[2026-10-08 08:23:42.102] [thread-id: 139019323354304] [trace] zeEventDestroy(hEvent)
[2026-10-08 08:23:42.102] [thread-id: 139019323354304] [trace] SUCCESS (ZE_RESULT_SUCCESS) in zeEventDestroy(hEvent=0x38979ee8)
[2026-10-08 08:23:42.102] [thread-id: 139019323354304] [trace] zeEventDestroy(hEvent)
[2026-10-08 08:23:42.102] [thread-id: 139019323354304] [trace] SUCCESS (ZE_RESULT_SUCCESS) in zeEventDestroy(hEvent=0x3897a3f8)
[2026-10-08 08:23:42.102] [thread-id: 139019323354304] [trace] zeEventDestroy(hEvent)
[2026-10-08 08:23:42.102] [thread-id: 139019323354304] [trace] SUCCESS (ZE_RESULT_SUCCESS) in zeEventDestroy(hEvent=0x3897aaf8)
[2026-10-08 08:23:42.102] [thread-id: 139019323354304] [trace] zeEventDestroy(hEvent)
[2026-10-08 08:23:42.102] [thread-id: 139019323354304] [trace] SUCCESS (ZE_RESULT_SUCCESS) in zeEventDestroy(hEvent=0x3897b008)
[2026-10-08 08:23:42.102] [thread-id: 139019323354304] [trace] zeEventDestroy(hEvent)
[2026-10-08 08:23:42.102] [thread-id: 139019323354304] [trace] SUCCESS (ZE_RESULT_SUCCESS) in zeEventDestroy(hEvent=0x3897b708)
[2026-10-08 08:23:42.102] [thread-id: 139019323354304] [trace] zeEventDestroy(hEvent)
[2026-10-08 08:23:42.102] [thread-id: 139019323354304] [trace] SUCCESS (ZE_RESULT_SUCCESS) in zeEventDestroy(hEvent=0x3897bc18)
[2026-10-08 08:23:42.102] [thread-id: 139019323354304] [trace] zeEventDestroy(hEvent)
[2026-10-08 08:23:42.102] [thread-id: 139019323354304] [trace] SUCCESS (ZE_RESULT_SUCCESS) in zeEventDestroy(hEvent=0x38963a68)
[2026-10-08 08:23:42.102] [thread-id: 139019323354304] [trace] zeEventDestroy(hEvent)
[2026-10-08 08:23:42.102] [thread-id: 139019323354304] [trace] SUCCESS (ZE_RESULT_SUCCESS) in zeEventDestroy(hEvent=0x38963e08)
[2026-10-08 08:23:42.102] [thread-id: 139019323354304] [trace] zeCommandListDestroy(hCommandList)
[2026-10-08 08:23:42.102] [thread-id: 139019323354304] [trace] SUCCESS (ZE_RESULT_SUCCESS) in zeCommandListDestroy(hCommandList=0x38932d88)
[2026-10-08 08:23:42.103] [thread-id: 139019323354304] [trace] zeContextDestroy(hContext)
[2026-10-08 08:23:42.103] [thread-id: 139019323354304] [trace] SUCCESS (ZE_RESULT_SUCCESS) in zeContextDestroy(hContext=0x3892b738)
   <--- urContextRelease(.hContext = 0x3892eb90) -> UR_RESULT_SUCCESS;
   ---> urDeviceRelease
   <--- urDeviceRelease(.hDevice = 0x3892a040) -> UR_RESULT_SUCCESS;
   ---> urAdapterRelease
   <--- urAdapterRelease(.hAdapter = 0x3872e700) -> UR_RESULT_SUCCESS;
