<LOADER>[DEBUG]: Logger loader initialized successfully!
<LOADER>[INFO]: loaded adapter 0x0x3a4c3980 (/opt/intel/oneapi/compiler/2026.1/lib/libur_adapter_level_zero_v2.so.0) from /opt/intel/oneapi/compiler/2026.1/lib/libur_adapter_level_zero_v2.so.0
   ---> urAdapterGet
<LEVEL_ZERO>[DEBUG]: zeInit with flags value of 1
[2026-10-08 08:54:30.328] [thread-id: 126879708376256] [info] Loader Version 1.32.0  - No git SHA found, compiled outside git folder.
[2026-10-08 08:54:30.331] [thread-id: 126879708376256] [info] Validation Layer Enabled
[2026-10-08 08:54:30.331] [thread-id: 126879708376256] [info] zeInit succeeded
[2026-10-08 08:54:30.331] [thread-id: 126879708376256] [trace] zeInit(flags)
[2026-10-08 08:54:30.358] [thread-id: 126879708376256] [trace] SUCCESS (ZE_RESULT_SUCCESS) in zeInit(flags=1)
<LEVEL_ZERO>[DEBUG]: Level Zero Loader version: 1.32.0
<LEVEL_ZERO>[DEBUG]: zeInitDrivers with flags value of 1
[2026-10-08 08:54:30.358] [thread-id: 126879708376256] [trace] zeInitDrivers(pCount, phDrivers, desc)
[2026-10-08 08:54:30.358] [thread-id: 126879708376256] [trace] SUCCESS (ZE_RESULT_SUCCESS) in zeInitDrivers(pCount=1, phDrivers=nullptr, desc={stype=0x3a4c2728, flags=1})
[2026-10-08 08:54:30.358] [thread-id: 126879708376256] [trace] zeInitDrivers(pCount, phDrivers, desc)
[2026-10-08 08:54:30.358] [thread-id: 126879708376256] [trace] SUCCESS (ZE_RESULT_SUCCESS) in zeInitDrivers(pCount=1, phDrivers=nullptr, desc={stype=0x3a4c2728, flags=1})
[2026-10-08 08:54:30.358] [thread-id: 126879708376256] [trace] zeDriverGet(pCount, phDrivers)
[2026-10-08 08:54:30.358] [thread-id: 126879708376256] [trace] SUCCESS (ZE_RESULT_SUCCESS) in zeDriverGet(pCount=1, phDrivers=nullptr)
[2026-10-08 08:54:30.358] [thread-id: 126879708376256] [trace] zeDriverGet(pCount, phDrivers)
[2026-10-08 08:54:30.358] [thread-id: 126879708376256] [trace] SUCCESS (ZE_RESULT_SUCCESS) in zeDriverGet(pCount=1, phDrivers=0x3a6a8980)
[2026-10-08 08:54:30.358] [thread-id: 126879708376256] [trace] zeDeviceGet(hDriver, pCount, phDevices)
[2026-10-08 08:54:30.358] [thread-id: 126879708376256] [trace] SUCCESS (ZE_RESULT_SUCCESS) in zeDeviceGet(hDriver=0x3a6a89c8, pCount=1, phDevices=nullptr)
[2026-10-08 08:54:30.358] [thread-id: 126879708376256] [trace] zeDeviceGet(hDriver, pCount, phDevices)
[2026-10-08 08:54:30.358] [thread-id: 126879708376256] [trace] SUCCESS (ZE_RESULT_SUCCESS) in zeDeviceGet(hDriver=0x3a6a89c8, pCount=1, phDevices=0x3a6b52b0)
[2026-10-08 08:54:30.358] [thread-id: 126879708376256] [trace] zeDeviceGetProperties(hDevice, pDeviceProperties)
[2026-10-08 08:54:30.358] [thread-id: 126879708376256] [trace] SUCCESS (ZE_RESULT_SUCCESS) in zeDeviceGetProperties(hDevice=0x3a6a8f28, pDeviceProperties={stype=0x7fff6cda7ad0, type=0x7fff6cda7ae0, vendorId=32902, deviceId=57868, flags=8, subdeviceId=0, coreClockRate=2750, maxMemAllocSize=10132807680, maxHardwareContexts=65536, maxCommandQueuePriority=0, numThreadsPerEU=8, physicalEUSimdWidth=16, numEUsPerSubslice=8, numSubslicesPerSlice=4, numSlices=5, timerResolution=52, timestampValidBits=64, kernelTimestampValidBits=64, uuid={id=134}, name="Intel(R) Arc(TM) B570 Graphics"})
<LEVEL_ZERO>[DEBUG]: 
zesInit with flags value of 0

[2026-10-08 08:54:30.359] [thread-id: 126879708376256] [trace] zesInit(flags)
[2026-10-08 08:54:30.360] [thread-id: 126879708376256] [trace] SUCCESS (ZE_RESULT_SUCCESS) in zesInit(flags=0)
[2026-10-08 08:54:30.360] [thread-id: 126879708376256] [trace] zeDriverGet(pCount, phDrivers)
[2026-10-08 08:54:30.360] [thread-id: 126879708376256] [trace] SUCCESS (ZE_RESULT_SUCCESS) in zeDriverGet(pCount=1, phDrivers=nullptr)
[2026-10-08 08:54:30.360] [thread-id: 126879708376256] [trace] zeDriverGet(pCount, phDrivers)
[2026-10-08 08:54:30.360] [thread-id: 126879708376256] [trace] SUCCESS (ZE_RESULT_SUCCESS) in zeDriverGet(pCount=1, phDrivers=0x3a6bc340)
[2026-10-08 08:54:30.360] [thread-id: 126879708376256] [trace] zeInitDrivers(pCount, phDrivers, desc)
[2026-10-08 08:54:30.360] [thread-id: 126879708376256] [trace] SUCCESS (ZE_RESULT_SUCCESS) in zeInitDrivers(pCount=1, phDrivers=0x3a6bc410, desc={stype=0x3a4c2728, flags=1})
[2026-10-08 08:54:30.360] [thread-id: 126879708376256] [trace] zeDriverGetProperties(hDriver, pDriverProperties)
[2026-10-08 08:54:30.360] [thread-id: 126879708376256] [trace] SUCCESS (ZE_RESULT_SUCCESS) in zeDriverGetProperties(hDriver=0x3a6a89c8, pDriverProperties={stype=0x7fff6cda7a20, uuid={id=227}, driverVersion=17013219})
[2026-10-08 08:54:30.360] [thread-id: 126879708376256] [trace] zeDriverGetProperties(hDriver, pDriverProperties)
[2026-10-08 08:54:30.361] [thread-id: 126879708376256] [trace] SUCCESS (ZE_RESULT_SUCCESS) in zeDriverGetProperties(hDriver=0x3a6a89c8, pDriverProperties={stype=0x7fff6cda7bf0, uuid={id=227}, driverVersion=17013219})
<LEVEL_ZERO>[DEBUG]: zeDriverHandle 0x3a6a89c8 matched between zeDriverGet and zeInitDrivers. Not adding duplicate driver to list
<LEVEL_ZERO>[DEBUG]: 1 L0 Drivers found.
[2026-10-08 08:54:30.361] [thread-id: 126879708376256] [trace] zeDeviceGet(hDriver, pCount, phDevices)
[2026-10-08 08:54:30.361] [thread-id: 126879708376256] [trace] SUCCESS (ZE_RESULT_SUCCESS) in zeDeviceGet(hDriver=0x3a6a89c8, pCount=1, phDevices=nullptr)
[2026-10-08 08:54:30.361] [thread-id: 126879708376256] [trace] zeDeviceGet(hDriver, pCount, phDevices)
[2026-10-08 08:54:30.361] [thread-id: 126879708376256] [trace] SUCCESS (ZE_RESULT_SUCCESS) in zeDeviceGet(hDriver=0x3a6a89c8, pCount=1, phDevices=0x3a6bc6b0)
[2026-10-08 08:54:30.361] [thread-id: 126879708376256] [trace] zeDeviceGetProperties(hDevice, pDeviceProperties)
[2026-10-08 08:54:30.361] [thread-id: 126879708376256] [trace] SUCCESS (ZE_RESULT_SUCCESS) in zeDeviceGetProperties(hDevice=0x3a6a8f28, pDeviceProperties={stype=0x7fff6cda7a20, type=0x7fff6cda7a30, vendorId=32902, deviceId=57868, flags=8, subdeviceId=0, coreClockRate=2750, maxMemAllocSize=10132807680, maxHardwareContexts=65536, maxCommandQueuePriority=0, numThreadsPerEU=8, physicalEUSimdWidth=16, numEUsPerSubslice=8, numSubslicesPerSlice=4, numSlices=5, timerResolution=52, timestampValidBits=64, kernelTimestampValidBits=64, uuid={id=134}, name="Intel(R) Arc(TM) B570 Graphics"})
[2026-10-08 08:54:30.361] [thread-id: 126879708376256] [trace] zeDriverGetApiVersion(hDriver, version)
[2026-10-08 08:54:30.361] [thread-id: 126879708376256] [trace] SUCCESS (ZE_RESULT_SUCCESS) in zeDriverGetApiVersion(hDriver=0x3a6a89c8, version=65553)
[2026-10-08 08:54:30.361] [thread-id: 126879708376256] [trace] zeDriverGetExtensionProperties(hDriver, pCount, pExtensionProperties)
[2026-10-08 08:54:30.361] [thread-id: 126879708376256] [trace] SUCCESS (ZE_RESULT_SUCCESS) in zeDriverGetExtensionProperties(hDriver=0x3a6a89c8, pCount=63, pExtensionProperties=nullptr)
[2026-10-08 08:54:30.361] [thread-id: 126879708376256] [trace] zeDriverGetExtensionProperties(hDriver, pCount, pExtensionProperties)
[2026-10-08 08:54:30.361] [thread-id: 126879708376256] [trace] SUCCESS (ZE_RESULT_SUCCESS) in zeDriverGetExtensionProperties(hDriver=0x3a6a89c8, pCount=63, pExtensionProperties={name="ZE_extension_device_cache_line_size", version=65536})
[2026-10-08 08:54:30.361] [thread-id: 126879708376256] [trace] zeDriverGetExtensionFunctionAddress(hDriver, name, ppFunctionAddress)
[2026-10-08 08:54:30.361] [thread-id: 126879708376256] [trace] SUCCESS (ZE_RESULT_SUCCESS) in zeDriverGetExtensionFunctionAddress(hDriver=0x3a6a89c8, name="zeIntelGetDriverVersionString", ppFunctionAddress=0x7365781c6c00)
[2026-10-08 08:54:30.361] [thread-id: 126879708376256] [trace] zeDriverGetProperties(hDriver, pDriverProperties)
[2026-10-08 08:54:30.361] [thread-id: 126879708376256] [trace] SUCCESS (ZE_RESULT_SUCCESS) in zeDriverGetProperties(hDriver=0x3a6a89c8, pDriverProperties={stype=0x7fff6cda78e0, uuid={id=227}, driverVersion=17013219})
<LEVEL_ZERO>[DEBUG]: Level Zero Driver version: 1.17.39395+14
[2026-10-08 08:54:30.361] [thread-id: 126879708376256] [trace] zeDriverGetExtensionFunctionAddress(hDriver, name, ppFunctionAddress)
[2026-10-08 08:54:30.361] [thread-id: 126879708376256] [trace] SUCCESS (ZE_RESULT_SUCCESS) in zeDriverGetExtensionFunctionAddress(hDriver=0x3a6a89c8, name="zexDriverImportExternalPointer", ppFunctionAddress=0x7365781c1a40)
[2026-10-08 08:54:30.361] [thread-id: 126879708376256] [trace] zeDriverGetExtensionFunctionAddress(hDriver, name, ppFunctionAddress)
[2026-10-08 08:54:30.361] [thread-id: 126879708376256] [trace] SUCCESS (ZE_RESULT_SUCCESS) in zeDriverGetExtensionFunctionAddress(hDriver=0x3a6a89c8, name="zexDriverReleaseImportedPointer", ppFunctionAddress=0x7365781c9e30)
[2026-10-08 08:54:30.361] [thread-id: 126879708376256] [trace] zeDriverGetExtensionFunctionAddress(hDriver, name, ppFunctionAddress)
[2026-10-08 08:54:30.361] [thread-id: 126879708376256] [trace] SUCCESS (ZE_RESULT_SUCCESS) in zeDriverGetExtensionFunctionAddress(hDriver=0x3a6a89c8, name="zeImageGetDeviceOffsetExp", ppFunctionAddress=0x7365781cb190)
[2026-10-08 08:54:30.361] [thread-id: 126879708376256] [trace] zeDriverGetExtensionFunctionAddress(hDriver, name, ppFunctionAddress)
[2026-10-08 08:54:30.361] [thread-id: 126879708376256] [trace] SUCCESS (ZE_RESULT_SUCCESS) in zeDriverGetExtensionFunctionAddress(hDriver=0x3a6a89c8, name="zeMemGetPitchFor2dImage", ppFunctionAddress=0x7365781cd550)
[2026-10-08 08:54:30.361] [thread-id: 126879708376256] [trace] zeDriverGetExtensionFunctionAddress(hDriver, name, ppFunctionAddress)
[2026-10-08 08:54:30.361] [thread-id: 126879708376256] [trace] SUCCESS (ZE_RESULT_SUCCESS) in zeDriverGetExtensionFunctionAddress(hDriver=0x3a6a89c8, name="zeGraphGetIdExt", ppFunctionAddress=0x7365781bbdd0)
[2026-10-08 08:54:30.361] [thread-id: 126879708376256] [trace] zeDriverGetExtensionFunctionAddress(hDriver, name, ppFunctionAddress)
[2026-10-08 08:54:30.361] [thread-id: 126879708376256] [trace] SUCCESS (ZE_RESULT_SUCCESS) in zeDriverGetExtensionFunctionAddress(hDriver=0x3a6a89c8, name="zeCommandListAppendHostFunction", ppFunctionAddress=0x73657819f140)
[2026-10-08 08:54:30.361] [thread-id: 126879708376256] [trace] zesDriverGet(pCount, phDrivers)
[2026-10-08 08:54:30.361] [thread-id: 126879708376256] [trace] SUCCESS (ZE_RESULT_SUCCESS) in zesDriverGet(pCount=1, phDrivers=nullptr)
[2026-10-08 08:54:30.361] [thread-id: 126879708376256] [trace] zesDriverGet(pCount, phDrivers)
[2026-10-08 08:54:30.361] [thread-id: 126879708376256] [trace] SUCCESS (ZE_RESULT_SUCCESS) in zesDriverGet(pCount=1, phDrivers=0x3a6bd5b0)
[2026-10-08 08:54:30.361] [thread-id: 126879708376256] [trace] zesDriverGetDeviceByUuidExp(hDriver, uuid, phDevice, onSubdevice, subdeviceId)
[2026-10-08 08:54:30.361] [thread-id: 126879708376256] [trace] SUCCESS (ZE_RESULT_SUCCESS) in zesDriverGetDeviceByUuidExp(hDriver=0x3a6b91c8, uuid={id=134}, phDevice=0x3a4e9058, onSubdevice=0, subdeviceId=0)
<LEVEL_ZERO>[DEBUG]: Initialized 1 platforms
   <--- urAdapterGet(.NumEntries = 0, .phAdapters = nullptr, .pNumAdapters = 0x7fff6cda82f8 (1)) -> UR_RESULT_SUCCESS;
   ---> urAdapterGet
   <--- urAdapterGet(.NumEntries = 1, .phAdapters = 0x3a6bc690 {0x3a4c2700}, .pNumAdapters = nullptr) -> UR_RESULT_SUCCESS;
   ---> urAdapterGetInfo
   <--- urAdapterGetInfo(.hAdapter = 0x3a4c2700, .propName = UR_ADAPTER_INFO_BACKEND, .propSize = 4, .pPropValue = 0x7fff6cda82ec (UR_BACKEND_LEVEL_ZERO), .pPropSizeRet = nullptr) -> UR_RESULT_SUCCESS;
   ---> urAdapterSetLoggerCallback
   <--- urAdapterSetLoggerCallback(.hAdapter = 0x3a4c2700, .pfnLoggerCallback = 0x73657efa2420, .pUserData = nullptr, .level = UR_LOGGER_LEVEL_WARN) -> UR_RESULT_SUCCESS;
   ---> urPlatformGet
   <--- urPlatformGet(.hAdapter = 0x3a4c2700, .NumEntries = 0, .phPlatforms = nullptr, .pNumPlatforms = 0x7fff6cda822c (1)) -> UR_RESULT_SUCCESS;
   ---> urPlatformGet
   <--- urPlatformGet(.hAdapter = 0x3a4c2700, .NumEntries = 1, .phPlatforms = 0x3a6bc690 {0x3a6bc810}, .pNumPlatforms = nullptr) -> UR_RESULT_SUCCESS;
   ---> urPlatformGetInfo
   <--- urPlatformGetInfo(.hPlatform = 0x3a6bc810, .propName = UR_PLATFORM_INFO_BACKEND, .propSize = 4, .pPropValue = 0x7fff6cda823c (UR_BACKEND_LEVEL_ZERO), .pPropSizeRet = nullptr) -> UR_RESULT_SUCCESS;
   ---> urDeviceGet
[2026-10-08 08:54:30.361] [thread-id: 126879708376256] [trace] zeDeviceGet(hDriver, pCount, phDevices)
[2026-10-08 08:54:30.361] [thread-id: 126879708376256] [trace] SUCCESS (ZE_RESULT_SUCCESS) in zeDeviceGet(hDriver=0x3a6a89c8, pCount=1, phDevices=nullptr)
[2026-10-08 08:54:30.361] [thread-id: 126879708376256] [trace] zeDeviceGet(hDriver, pCount, phDevices)
[2026-10-08 08:54:30.361] [thread-id: 126879708376256] [trace] SUCCESS (ZE_RESULT_SUCCESS) in zeDeviceGet(hDriver=0x3a6a89c8, pCount=1, phDevices=0x3a6be000)
[2026-10-08 08:54:30.361] [thread-id: 126879708376256] [trace] zeDeviceGetProperties(hDevice, pDeviceProperties)
[2026-10-08 08:54:30.361] [thread-id: 126879708376256] [trace] SUCCESS (ZE_RESULT_SUCCESS) in zeDeviceGetProperties(hDevice=0x3a6a8f28, pDeviceProperties={stype=0x3a6be0e8, type=0x3a6be0f8, vendorId=32902, deviceId=57868, flags=8, subdeviceId=0, coreClockRate=2750, maxMemAllocSize=10132807680, maxHardwareContexts=65536, maxCommandQueuePriority=0, numThreadsPerEU=8, physicalEUSimdWidth=16, numEUsPerSubslice=8, numSubslicesPerSlice=4, numSlices=5, timerResolution=19200000, timestampValidBits=64, kernelTimestampValidBits=64, uuid={id=134}, name="Intel(R) Arc(TM) B570 Graphics"})
[2026-10-08 08:54:30.361] [thread-id: 126879708376256] [trace] zeDeviceGetProperties(hDevice, pDeviceProperties)
[2026-10-08 08:54:30.361] [thread-id: 126879708376256] [trace] SUCCESS (ZE_RESULT_SUCCESS) in zeDeviceGetProperties(hDevice=0x3a6a8f28, pDeviceProperties={stype=0x7fff6cda7838, type=0x7fff6cda7848, vendorId=32902, deviceId=57868, flags=8, subdeviceId=0, coreClockRate=2750, maxMemAllocSize=10132807680, maxHardwareContexts=65536, maxCommandQueuePriority=0, numThreadsPerEU=8, physicalEUSimdWidth=16, numEUsPerSubslice=8, numSubslicesPerSlice=4, numSlices=5, timerResolution=52, timestampValidBits=64, kernelTimestampValidBits=64, uuid={id=134}, name="Intel(R) Arc(TM) B570 Graphics"})
[2026-10-08 08:54:30.361] [thread-id: 126879708376256] [trace] zeDeviceGetCommandQueueGroupProperties(hDevice, pCount, pCommandQueueGroupProperties)
[2026-10-08 08:54:30.361] [thread-id: 126879708376256] [trace] SUCCESS (ZE_RESULT_SUCCESS) in zeDeviceGetCommandQueueGroupProperties(hDevice=0x3a6a8f28, pCount=2, pCommandQueueGroupProperties=nullptr)
<LEVEL_ZERO>[INFO]: Number of queue groups = 2
[2026-10-08 08:54:30.361] [thread-id: 126879708376256] [trace] zeDeviceGetCommandQueueGroupProperties(hDevice, pCount, pCommandQueueGroupProperties)
[2026-10-08 08:54:30.361] [thread-id: 126879708376256] [trace] SUCCESS (ZE_RESULT_SUCCESS) in zeDeviceGetCommandQueueGroupProperties(hDevice=0x3a6a8f28, pCount=2, pCommandQueueGroupProperties={stype=0x3a4c2610, flags=7, maxMemoryFillPatternSize=18446744073709551615, numQueues=1})
<LEVEL_ZERO>[INFO]: main blitter/copy engine is available
<LEVEL_ZERO>[INFO]: link blitter/copy engines are not available
[2026-10-08 08:54:30.362] [thread-id: 126879708376256] [trace] zeDeviceGetSubDevices(hDevice, pCount, phSubdevices)
[2026-10-08 08:54:30.362] [thread-id: 126879708376256] [trace] SUCCESS (ZE_RESULT_SUCCESS) in zeDeviceGetSubDevices(hDevice=0x3a6a8f28, pCount=0, phSubdevices=nullptr)
[2026-10-08 08:54:30.362] [thread-id: 126879708376256] [trace] zeDeviceGetSubDevices(hDevice, pCount, phSubdevices)
[2026-10-08 08:54:30.362] [thread-id: 126879708376256] [trace] SUCCESS (ZE_RESULT_SUCCESS) in zeDeviceGetSubDevices(hDevice=0x3a6a8f28, pCount=0, phSubdevices=0x3a6be020)
[2026-10-08 08:54:30.362] [thread-id: 126879708376256] [trace] zeDeviceGetRootDevice(hDevice, phRootDevice)
[2026-10-08 08:54:30.362] [thread-id: 126879708376256] [trace] SUCCESS (ZE_RESULT_SUCCESS) in zeDeviceGetRootDevice(hDevice=0x3a6a8f28, phRootDevice=0x7fff6cda7c90)
[2026-10-08 08:54:30.362] [thread-id: 126879708376256] [trace] zeDeviceSynchronize(hDevice)
[2026-10-08 08:54:30.362] [thread-id: 126879708376256] [trace] SUCCESS (ZE_RESULT_SUCCESS) in zeDeviceSynchronize(hDevice=0x3a6a8f28)
[2026-10-08 08:54:30.362] [thread-id: 126879708376256] [trace] zeDeviceGetRootDevice(hDevice, phRootDevice)
[2026-10-08 08:54:30.362] [thread-id: 126879708376256] [trace] SUCCESS (ZE_RESULT_SUCCESS) in zeDeviceGetRootDevice(hDevice=0x3a6a8f28, phRootDevice=0x7fff6cda7d80)
   <--- urDeviceGet(.hPlatform = 0x3a6bc810, .DeviceType = UR_DEVICE_TYPE_ALL, .NumEntries = 0, .phDevices = nullptr, .pNumDevices = 0x7fff6cda81ac (1)) -> UR_RESULT_SUCCESS;
   ---> urDeviceGet
[2026-10-08 08:54:30.362] [thread-id: 126879708376256] [trace] zeDeviceGetRootDevice(hDevice, phRootDevice)
[2026-10-08 08:54:30.362] [thread-id: 126879708376256] [trace] SUCCESS (ZE_RESULT_SUCCESS) in zeDeviceGetRootDevice(hDevice=0x3a6a8f28, phRootDevice=0x7fff6cda7d80)
   <--- urDeviceGet(.hPlatform = 0x3a6bc810, .DeviceType = UR_DEVICE_TYPE_ALL, .NumEntries = 1, .phDevices = 0x3a6be000 {0x3a6be040}, .pNumDevices = nullptr) -> UR_RESULT_SUCCESS;
   ---> urPlatformGetInfo
   <--- urPlatformGetInfo(.hPlatform = 0x3a6bc810, .propName = UR_PLATFORM_INFO_VERSION, .propSize = 0, .pPropValue = nullptr, .pPropSizeRet = 0x7fff6cda7d80 (5)) -> UR_RESULT_SUCCESS;
   ---> urPlatformGetInfo
   <--- urPlatformGetInfo(.hPlatform = 0x3a6bc810, .propName = UR_PLATFORM_INFO_VERSION, .propSize = 5, .pPropValue = 0x7fff6cda7ee8 (1.17), .pPropSizeRet = nullptr) -> UR_RESULT_SUCCESS;
   ---> urPlatformGetInfo
   <--- urPlatformGetInfo(.hPlatform = 0x3a6bc810, .propName = UR_PLATFORM_INFO_NAME, .propSize = 0, .pPropValue = nullptr, .pPropSizeRet = 0x7fff6cda7d80 (51)) -> UR_RESULT_SUCCESS;
   ---> urPlatformGetInfo
   <--- urPlatformGetInfo(.hPlatform = 0x3a6bc810, .propName = UR_PLATFORM_INFO_NAME, .propSize = 51, .pPropValue = 0x3a6be710 (Intel(R) oneAPI Unified Runtime over Level-Zero V2), .pPropSizeRet = nullptr) -> UR_RESULT_SUCCESS;
   ---> urDeviceGetInfo
   <--- urDeviceGetInfo(.hDevice = 0x3a6be040, .propName = UR_DEVICE_INFO_PARENT_DEVICE, .propSize = 8, .pPropValue = 0x7fff6cda7d40 (nullptr), .pPropSizeRet = nullptr) -> UR_RESULT_SUCCESS;
   ---> urDeviceGetInfo
   <--- urDeviceGetInfo(.hDevice = 0x3a6be040, .propName = UR_DEVICE_INFO_TYPE, .propSize = 4, .pPropValue = 0x7fff6cda7ce0 (UR_DEVICE_TYPE_GPU), .pPropSizeRet = nullptr) -> UR_RESULT_SUCCESS;
   ---> urDeviceGetInfo
   <--- urDeviceGetInfo(.hDevice = 0x3a6be040, .propName = UR_DEVICE_INFO_USE_NATIVE_ASSERT, .propSize = 1, .pPropValue = 0x7fff6cda7ce0 (true), .pPropSizeRet = nullptr) -> UR_RESULT_SUCCESS;
   ---> urDeviceGetInfo
[2026-10-08 08:54:30.362] [thread-id: 126879708376256] [trace] zeDeviceGetModuleProperties(hDevice, pModuleProperties)
[2026-10-08 08:54:30.362] [thread-id: 126879708376256] [trace] SUCCESS (ZE_RESULT_SUCCESS) in zeDeviceGetModuleProperties(hDevice=0x3a6a8f28, pModuleProperties={stype=0x3a6be360, spirvVersionSupported=65541, flags=15, fp16flags=63, fp32flags=127, fp64flags=127, maxArgumentsSize=2048, printfBufferSize=4194304, nativeKernelSupported={id=0}})
[2026-10-08 08:54:30.362] [thread-id: 126879708376256] [trace] zeDeviceGetImageProperties(hDevice, pImageProperties)
[2026-10-08 08:54:30.362] [thread-id: 126879708376256] [trace] SUCCESS (ZE_RESULT_SUCCESS) in zeDeviceGetImageProperties(hDevice=0x3a6a8f28, pImageProperties={stype=0x3a6be300, maxImageDims1D=16384, maxImageDims2D=16384, maxImageDims3D=2048, maxImageBufferSize=633300480, maxImageArraySlices=2048, maxSamplers=16, maxReadImageArgs=128, maxWriteImageArgs=128})
   <--- urDeviceGetInfo(.hDevice = 0x3a6be040, .propName = UR_DEVICE_INFO_EXTENSIONS, .propSize = 0, .pPropValue = nullptr, .pPropSizeRet = 0x7fff6cda7c68 (245)) -> UR_RESULT_SUCCESS;
   ---> urDeviceGetInfo
   <--- urDeviceGetInfo(.hDevice = 0x3a6be040, .propName = UR_DEVICE_INFO_EXTENSIONS, .propSize = 245, .pPropValue = 0x3a578740 (cl_khr_il_program cl_khr_subgroups cl_intel_subgroups cl_intel_subgroups_short cl_intel_required_subgroup_size cl_khr_fp16 cl_khr_fp64 cl_khr_int64_base_atomics cl_khr_int64_extended_atomics cl_khr_3d_image_writes cl_intel_bfloat16_conversions ), .pPropSizeRet = nullptr) -> UR_RESULT_SUCCESS;
   ---> urDeviceRetain
   <--- urDeviceRetain(.hDevice = 0x3a6be040) -> UR_RESULT_SUCCESS;
   ---> urDeviceGetInfo
   <--- urDeviceGetInfo(.hDevice = 0x3a6be040, .propName = UR_DEVICE_INFO_TYPE, .propSize = 4, .pPropValue = 0x7fff6cda7e5c (UR_DEVICE_TYPE_GPU), .pPropSizeRet = nullptr) -> UR_RESULT_SUCCESS;
   ---> urDeviceGetInfo
   <--- urDeviceGetInfo(.hDevice = 0x3a6be040, .propName = UR_DEVICE_INFO_VENDOR_ID, .propSize = 4, .pPropValue = 0x7fff6cda7ed8 (32902), .pPropSizeRet = nullptr) -> UR_RESULT_SUCCESS;
   ---> urDeviceGetInfo
   <--- urDeviceGetInfo(.hDevice = 0x3a6be040, .propName = UR_DEVICE_INFO_DRIVER_VERSION, .propSize = 0, .pPropValue = nullptr, .pPropSizeRet = 0x7fff6cda7d80 (14)) -> UR_RESULT_SUCCESS;
   ---> urDeviceGetInfo
   <--- urDeviceGetInfo(.hDevice = 0x3a6be040, .propName = UR_DEVICE_INFO_DRIVER_VERSION, .propSize = 14, .pPropValue = 0x7fff6cda7ea8 (1.17.39395+14), .pPropSizeRet = nullptr) -> UR_RESULT_SUCCESS;
   ---> urDeviceGetInfo
   <--- urDeviceGetInfo(.hDevice = 0x3a6be040, .propName = UR_DEVICE_INFO_NAME, .propSize = 0, .pPropValue = nullptr, .pPropSizeRet = 0x7fff6cda7cc0 (31)) -> UR_RESULT_SUCCESS;
   ---> urDeviceGetInfo
   <--- urDeviceGetInfo(.hDevice = 0x3a6be040, .propName = UR_DEVICE_INFO_NAME, .propSize = 31, .pPropValue = 0x3a6bdfd0 (Intel(R) Arc(TM) B570 Graphics), .pPropSizeRet = nullptr) -> UR_RESULT_SUCCESS;
   ---> urPlatformGetInfo
   <--- urPlatformGetInfo(.hPlatform = 0x3a6bc810, .propName = UR_PLATFORM_INFO_BACKEND, .propSize = 4, .pPropValue = 0x7fff6cda809c (UR_BACKEND_LEVEL_ZERO), .pPropSizeRet = nullptr) -> UR_RESULT_SUCCESS;
   ---> urDeviceGetInfo
   <--- urDeviceGetInfo(.hDevice = 0x3a6be040, .propName = UR_DEVICE_INFO_TYPE, .propSize = 4, .pPropValue = 0x7fff6cda8094 (UR_DEVICE_TYPE_GPU), .pPropSizeRet = nullptr) -> UR_RESULT_SUCCESS;
   ---> urDeviceRelease
   <--- urDeviceRelease(.hDevice = 0x3a6be040) -> UR_RESULT_SUCCESS;
   ---> urDeviceGetInfo
   <--- urDeviceGetInfo(.hDevice = 0x3a6be040, .propName = UR_DEVICE_INFO_SUPPORTED_PARTITIONS, .propSize = 0, .pPropValue = nullptr, .pPropSizeRet = 0x7fff6cda8088 (0)) -> UR_RESULT_SUCCESS;
   ---> urDeviceGet
[2026-10-08 08:54:30.362] [thread-id: 126879708376256] [trace] zeDeviceGetRootDevice(hDevice, phRootDevice)
[2026-10-08 08:54:30.362] [thread-id: 126879708376256] [trace] SUCCESS (ZE_RESULT_SUCCESS) in zeDeviceGetRootDevice(hDevice=0x3a6a8f28, phRootDevice=0x7fff6cda7e90)
   <--- urDeviceGet(.hPlatform = 0x3a6bc810, .DeviceType = UR_DEVICE_TYPE_ALL, .NumEntries = 0, .phDevices = nullptr, .pNumDevices = 0x7fff6cda82bc (1)) -> UR_RESULT_SUCCESS;
   ---> urDeviceGet
[2026-10-08 08:54:30.362] [thread-id: 126879708376256] [trace] zeDeviceGetRootDevice(hDevice, phRootDevice)
[2026-10-08 08:54:30.362] [thread-id: 126879708376256] [trace] SUCCESS (ZE_RESULT_SUCCESS) in zeDeviceGetRootDevice(hDevice=0x3a6a8f28, phRootDevice=0x7fff6cda7e90)
   <--- urDeviceGet(.hPlatform = 0x3a6bc810, .DeviceType = UR_DEVICE_TYPE_ALL, .NumEntries = 1, .phDevices = 0x3a6bc6b0 {0x3a6be040}, .pNumDevices = nullptr) -> UR_RESULT_SUCCESS;
   ---> urPlatformGetInfo
   <--- urPlatformGetInfo(.hPlatform = 0x3a6bc810, .propName = UR_PLATFORM_INFO_VERSION, .propSize = 0, .pPropValue = nullptr, .pPropSizeRet = 0x7fff6cda7e90 (5)) -> UR_RESULT_SUCCESS;
   ---> urPlatformGetInfo
   <--- urPlatformGetInfo(.hPlatform = 0x3a6bc810, .propName = UR_PLATFORM_INFO_VERSION, .propSize = 5, .pPropValue = 0x7fff6cda7ff8 (1.17), .pPropSizeRet = nullptr) -> UR_RESULT_SUCCESS;
   ---> urPlatformGetInfo
   <--- urPlatformGetInfo(.hPlatform = 0x3a6bc810, .propName = UR_PLATFORM_INFO_NAME, .propSize = 0, .pPropValue = nullptr, .pPropSizeRet = 0x7fff6cda7e90 (51)) -> UR_RESULT_SUCCESS;
   ---> urPlatformGetInfo
   <--- urPlatformGetInfo(.hPlatform = 0x3a6bc810, .propName = UR_PLATFORM_INFO_NAME, .propSize = 51, .pPropValue = 0x3a6bec30 (Intel(R) oneAPI Unified Runtime over Level-Zero V2), .pPropSizeRet = nullptr) -> UR_RESULT_SUCCESS;
   ---> urDeviceGetInfo
   <--- urDeviceGetInfo(.hDevice = 0x3a6be040, .propName = UR_DEVICE_INFO_TYPE, .propSize = 4, .pPropValue = 0x7fff6cda7f6c (UR_DEVICE_TYPE_GPU), .pPropSizeRet = nullptr) -> UR_RESULT_SUCCESS;
   ---> urDeviceGetInfo
   <--- urDeviceGetInfo(.hDevice = 0x3a6be040, .propName = UR_DEVICE_INFO_VENDOR_ID, .propSize = 4, .pPropValue = 0x7fff6cda7fe8 (32902), .pPropSizeRet = nullptr) -> UR_RESULT_SUCCESS;
   ---> urDeviceGetInfo
   <--- urDeviceGetInfo(.hDevice = 0x3a6be040, .propName = UR_DEVICE_INFO_DRIVER_VERSION, .propSize = 0, .pPropValue = nullptr, .pPropSizeRet = 0x7fff6cda7e90 (14)) -> UR_RESULT_SUCCESS;
   ---> urDeviceGetInfo
   <--- urDeviceGetInfo(.hDevice = 0x3a6be040, .propName = UR_DEVICE_INFO_DRIVER_VERSION, .propSize = 14, .pPropValue = 0x7fff6cda7fb8 (1.17.39395+14), .pPropSizeRet = nullptr) -> UR_RESULT_SUCCESS;
   ---> urPlatformGetInfo
   <--- urPlatformGetInfo(.hPlatform = 0x3a6bc810, .propName = UR_PLATFORM_INFO_BACKEND, .propSize = 4, .pPropValue = 0x7fff6cda81ac (UR_BACKEND_LEVEL_ZERO), .pPropSizeRet = nullptr) -> UR_RESULT_SUCCESS;
   ---> urDeviceGetInfo
   <--- urDeviceGetInfo(.hDevice = 0x3a6be040, .propName = UR_DEVICE_INFO_TYPE, .propSize = 4, .pPropValue = 0x7fff6cda81a4 (UR_DEVICE_TYPE_GPU), .pPropSizeRet = nullptr) -> UR_RESULT_SUCCESS;
   ---> urDeviceRelease
   <--- urDeviceRelease(.hDevice = 0x3a6be040) -> UR_RESULT_SUCCESS;
   ---> urDeviceGetInfo
   <--- urDeviceGetInfo(.hDevice = 0x3a6be040, .propName = UR_DEVICE_INFO_SUPPORTED_PARTITIONS, .propSize = 0, .pPropValue = nullptr, .pPropSizeRet = 0x7fff6cda8198 (0)) -> UR_RESULT_SUCCESS;
   ---> urDeviceSelectBinary
   <--- urDeviceSelectBinary(.hDevice = 0x3a6be040, .pBinaries = 0x7fff6cda81e0 ((struct ur_device_binary_t){.stype = UR_STRUCTURE_TYPE_CONTEXT_PROPERTIES, .pNext = nullptr, .pDeviceTargetSpec = 0x73657ed233c0 (spir64)}), .NumBinaries = 1, .pSelectedBinary = 0x7fff6cda8204 (0)) -> UR_RESULT_SUCCESS;
   ---> urDeviceGet
[2026-10-08 08:54:30.363] [thread-id: 126879708376256] [trace] zeDeviceGetRootDevice(hDevice, phRootDevice)
[2026-10-08 08:54:30.363] [thread-id: 126879708376256] [trace] SUCCESS (ZE_RESULT_SUCCESS) in zeDeviceGetRootDevice(hDevice=0x3a6a8f28, phRootDevice=0x7fff6cda7e20)
   <--- urDeviceGet(.hPlatform = 0x3a6bc810, .DeviceType = UR_DEVICE_TYPE_ALL, .NumEntries = 0, .phDevices = nullptr, .pNumDevices = 0x7fff6cda824c (1)) -> UR_RESULT_SUCCESS;
   ---> urDeviceGet
[2026-10-08 08:54:30.363] [thread-id: 126879708376256] [trace] zeDeviceGetRootDevice(hDevice, phRootDevice)
[2026-10-08 08:54:30.363] [thread-id: 126879708376256] [trace] SUCCESS (ZE_RESULT_SUCCESS) in zeDeviceGetRootDevice(hDevice=0x3a6a8f28, phRootDevice=0x7fff6cda7e20)
   <--- urDeviceGet(.hPlatform = 0x3a6bc810, .DeviceType = UR_DEVICE_TYPE_ALL, .NumEntries = 1, .phDevices = 0x3a6bed00 {0x3a6be040}, .pNumDevices = nullptr) -> UR_RESULT_SUCCESS;
   ---> urPlatformGetInfo
   <--- urPlatformGetInfo(.hPlatform = 0x3a6bc810, .propName = UR_PLATFORM_INFO_VERSION, .propSize = 0, .pPropValue = nullptr, .pPropSizeRet = 0x7fff6cda7e20 (5)) -> UR_RESULT_SUCCESS;
   ---> urPlatformGetInfo
   <--- urPlatformGetInfo(.hPlatform = 0x3a6bc810, .propName = UR_PLATFORM_INFO_VERSION, .propSize = 5, .pPropValue = 0x7fff6cda7f88 (1.17), .pPropSizeRet = nullptr) -> UR_RESULT_SUCCESS;
   ---> urPlatformGetInfo
   <--- urPlatformGetInfo(.hPlatform = 0x3a6bc810, .propName = UR_PLATFORM_INFO_NAME, .propSize = 0, .pPropValue = nullptr, .pPropSizeRet = 0x7fff6cda7e20 (51)) -> UR_RESULT_SUCCESS;
   ---> urPlatformGetInfo
   <--- urPlatformGetInfo(.hPlatform = 0x3a6bc810, .propName = UR_PLATFORM_INFO_NAME, .propSize = 51, .pPropValue = 0x3a6be710 (Intel(R) oneAPI Unified Runtime over Level-Zero V2), .pPropSizeRet = nullptr) -> UR_RESULT_SUCCESS;
   ---> urDeviceGetInfo
   <--- urDeviceGetInfo(.hDevice = 0x3a6be040, .propName = UR_DEVICE_INFO_TYPE, .propSize = 4, .pPropValue = 0x7fff6cda7efc (UR_DEVICE_TYPE_GPU), .pPropSizeRet = nullptr) -> UR_RESULT_SUCCESS;
   ---> urDeviceGetInfo
   <--- urDeviceGetInfo(.hDevice = 0x3a6be040, .propName = UR_DEVICE_INFO_VENDOR_ID, .propSize = 4, .pPropValue = 0x7fff6cda7f78 (32902), .pPropSizeRet = nullptr) -> UR_RESULT_SUCCESS;
   ---> urDeviceGetInfo
   <--- urDeviceGetInfo(.hDevice = 0x3a6be040, .propName = UR_DEVICE_INFO_DRIVER_VERSION, .propSize = 0, .pPropValue = nullptr, .pPropSizeRet = 0x7fff6cda7e20 (14)) -> UR_RESULT_SUCCESS;
   ---> urDeviceGetInfo
   <--- urDeviceGetInfo(.hDevice = 0x3a6be040, .propName = UR_DEVICE_INFO_DRIVER_VERSION, .propSize = 14, .pPropValue = 0x7fff6cda7f48 (1.17.39395+14), .pPropSizeRet = nullptr) -> UR_RESULT_SUCCESS;
   ---> urPlatformGetInfo
   <--- urPlatformGetInfo(.hPlatform = 0x3a6bc810, .propName = UR_PLATFORM_INFO_BACKEND, .propSize = 4, .pPropValue = 0x7fff6cda813c (UR_BACKEND_LEVEL_ZERO), .pPropSizeRet = nullptr) -> UR_RESULT_SUCCESS;
   ---> urDeviceGetInfo
   <--- urDeviceGetInfo(.hDevice = 0x3a6be040, .propName = UR_DEVICE_INFO_TYPE, .propSize = 4, .pPropValue = 0x7fff6cda8134 (UR_DEVICE_TYPE_GPU), .pPropSizeRet = nullptr) -> UR_RESULT_SUCCESS;
   ---> urDeviceRelease
   <--- urDeviceRelease(.hDevice = 0x3a6be040) -> UR_RESULT_SUCCESS;
   ---> urDeviceGetInfo
   <--- urDeviceGetInfo(.hDevice = 0x3a6be040, .propName = UR_DEVICE_INFO_SUPPORTED_PARTITIONS, .propSize = 0, .pPropValue = nullptr, .pPropSizeRet = 0x7fff6cda8128 (0)) -> UR_RESULT_SUCCESS;
   ---> urDeviceGet
[2026-10-08 08:54:30.363] [thread-id: 126879708376256] [trace] zeDeviceGetRootDevice(hDevice, phRootDevice)
[2026-10-08 08:54:30.363] [thread-id: 126879708376256] [trace] SUCCESS (ZE_RESULT_SUCCESS) in zeDeviceGetRootDevice(hDevice=0x3a6a8f28, phRootDevice=0x7fff6cda7f30)
   <--- urDeviceGet(.hPlatform = 0x3a6bc810, .DeviceType = UR_DEVICE_TYPE_GPU, .NumEntries = 0, .phDevices = nullptr, .pNumDevices = 0x7fff6cda835c (1)) -> UR_RESULT_SUCCESS;
   ---> urDeviceGet
[2026-10-08 08:54:30.363] [thread-id: 126879708376256] [trace] zeDeviceGetRootDevice(hDevice, phRootDevice)
[2026-10-08 08:54:30.363] [thread-id: 126879708376256] [trace] SUCCESS (ZE_RESULT_SUCCESS) in zeDeviceGetRootDevice(hDevice=0x3a6a8f28, phRootDevice=0x7fff6cda7f30)
   <--- urDeviceGet(.hPlatform = 0x3a6bc810, .DeviceType = UR_DEVICE_TYPE_GPU, .NumEntries = 1, .phDevices = 0x3a6bed20 {0x3a6be040}, .pNumDevices = nullptr) -> UR_RESULT_SUCCESS;
   ---> urPlatformGetInfo
   <--- urPlatformGetInfo(.hPlatform = 0x3a6bc810, .propName = UR_PLATFORM_INFO_VERSION, .propSize = 0, .pPropValue = nullptr, .pPropSizeRet = 0x7fff6cda7f30 (5)) -> UR_RESULT_SUCCESS;
   ---> urPlatformGetInfo
   <--- urPlatformGetInfo(.hPlatform = 0x3a6bc810, .propName = UR_PLATFORM_INFO_VERSION, .propSize = 5, .pPropValue = 0x7fff6cda8098 (1.17), .pPropSizeRet = nullptr) -> UR_RESULT_SUCCESS;
   ---> urPlatformGetInfo
   <--- urPlatformGetInfo(.hPlatform = 0x3a6bc810, .propName = UR_PLATFORM_INFO_NAME, .propSize = 0, .pPropValue = nullptr, .pPropSizeRet = 0x7fff6cda7f30 (51)) -> UR_RESULT_SUCCESS;
   ---> urPlatformGetInfo
   <--- urPlatformGetInfo(.hPlatform = 0x3a6bc810, .propName = UR_PLATFORM_INFO_NAME, .propSize = 51, .pPropValue = 0x3a6bec30 (Intel(R) oneAPI Unified Runtime over Level-Zero V2), .pPropSizeRet = nullptr) -> UR_RESULT_SUCCESS;
   ---> urDeviceGetInfo
   <--- urDeviceGetInfo(.hDevice = 0x3a6be040, .propName = UR_DEVICE_INFO_TYPE, .propSize = 4, .pPropValue = 0x7fff6cda800c (UR_DEVICE_TYPE_GPU), .pPropSizeRet = nullptr) -> UR_RESULT_SUCCESS;
   ---> urDeviceGetInfo
   <--- urDeviceGetInfo(.hDevice = 0x3a6be040, .propName = UR_DEVICE_INFO_VENDOR_ID, .propSize = 4, .pPropValue = 0x7fff6cda8088 (32902), .pPropSizeRet = nullptr) -> UR_RESULT_SUCCESS;
   ---> urDeviceGetInfo
   <--- urDeviceGetInfo(.hDevice = 0x3a6be040, .propName = UR_DEVICE_INFO_DRIVER_VERSION, .propSize = 0, .pPropValue = nullptr, .pPropSizeRet = 0x7fff6cda7f30 (14)) -> UR_RESULT_SUCCESS;
   ---> urDeviceGetInfo
   <--- urDeviceGetInfo(.hDevice = 0x3a6be040, .propName = UR_DEVICE_INFO_DRIVER_VERSION, .propSize = 14, .pPropValue = 0x7fff6cda8058 (1.17.39395+14), .pPropSizeRet = nullptr) -> UR_RESULT_SUCCESS;
   ---> urPlatformGetInfo
   <--- urPlatformGetInfo(.hPlatform = 0x3a6bc810, .propName = UR_PLATFORM_INFO_BACKEND, .propSize = 4, .pPropValue = 0x7fff6cda824c (UR_BACKEND_LEVEL_ZERO), .pPropSizeRet = nullptr) -> UR_RESULT_SUCCESS;
   ---> urDeviceGetInfo
   <--- urDeviceGetInfo(.hDevice = 0x3a6be040, .propName = UR_DEVICE_INFO_TYPE, .propSize = 4, .pPropValue = 0x7fff6cda8244 (UR_DEVICE_TYPE_GPU), .pPropSizeRet = nullptr) -> UR_RESULT_SUCCESS;
   ---> urDeviceRelease
   <--- urDeviceRelease(.hDevice = 0x3a6be040) -> UR_RESULT_SUCCESS;
   ---> urDeviceGetInfo
   <--- urDeviceGetInfo(.hDevice = 0x3a6be040, .propName = UR_DEVICE_INFO_SUPPORTED_PARTITIONS, .propSize = 0, .pPropValue = nullptr, .pPropSizeRet = 0x7fff6cda8238 (0)) -> UR_RESULT_SUCCESS;
   ---> urDeviceGetInfo
[2026-10-08 08:54:30.364] [thread-id: 126879708376256] [trace] zeDevicePciGetPropertiesExt(hDevice, pPciProperties)
[2026-10-08 08:54:30.364] [thread-id: 126879708376256] [trace] SUCCESS (ZE_RESULT_SUCCESS) in zeDevicePciGetPropertiesExt(hDevice=0x3a6a8f28, pPciProperties={stype=0x7fff6cda7f00, address={domain=0, bus=5, device=0, function=0}, maxSpeed={genVersion=4, width=8, maxBandwidth=15753846153}})
   <--- urDeviceGetInfo(.hDevice = 0x3a6be040, .propName = UR_DEVICE_INFO_PCI_ADDRESS, .propSize = 0, .pPropValue = nullptr, .pPropSizeRet = 0x7fff6cda8378 (13)) -> UR_RESULT_SUCCESS;
   ---> urDeviceGetInfo
[2026-10-08 08:54:30.364] [thread-id: 126879708376256] [trace] zeDevicePciGetPropertiesExt(hDevice, pPciProperties)
[2026-10-08 08:54:30.364] [thread-id: 126879708376256] [trace] SUCCESS (ZE_RESULT_SUCCESS) in zeDevicePciGetPropertiesExt(hDevice=0x3a6a8f28, pPciProperties={stype=0x7fff6cda8010, address={domain=0, bus=5, device=0, function=0}, maxSpeed={genVersion=4, width=8, maxBandwidth=15753846153}})
   <--- urDeviceGetInfo(.hDevice = 0x3a6be040, .propName = UR_DEVICE_INFO_PCI_ADDRESS, .propSize = 0, .pPropValue = nullptr, .pPropSizeRet = 0x7fff6cda8480 (13)) -> UR_RESULT_SUCCESS;
   ---> urDeviceGetInfo
[2026-10-08 08:54:30.364] [thread-id: 126879708376256] [trace] zeDevicePciGetPropertiesExt(hDevice, pPciProperties)
[2026-10-08 08:54:30.364] [thread-id: 126879708376256] [trace] SUCCESS (ZE_RESULT_SUCCESS) in zeDevicePciGetPropertiesExt(hDevice=0x3a6a8f28, pPciProperties={stype=0x7fff6cda8010, address={domain=0, bus=5, device=0, function=0}, maxSpeed={genVersion=4, width=8, maxBandwidth=15753846153}})
   <--- urDeviceGetInfo(.hDevice = 0x3a6be040, .propName = UR_DEVICE_INFO_PCI_ADDRESS, .propSize = 13, .pPropValue = 0x7fff6cda84d0 (0000:05:00.0), .pPropSizeRet = nullptr) -> UR_RESULT_SUCCESS;
   ---> urDeviceGet
[2026-10-08 08:54:30.364] [thread-id: 126879708376256] [trace] zeDeviceGetRootDevice(hDevice, phRootDevice)
[2026-10-08 08:54:30.364] [thread-id: 126879708376256] [trace] SUCCESS (ZE_RESULT_SUCCESS) in zeDeviceGetRootDevice(hDevice=0x3a6a8f28, phRootDevice=0x7fff6cda7e30)
   <--- urDeviceGet(.hPlatform = 0x3a6bc810, .DeviceType = UR_DEVICE_TYPE_ALL, .NumEntries = 0, .phDevices = nullptr, .pNumDevices = 0x7fff6cda825c (1)) -> UR_RESULT_SUCCESS;
   ---> urDeviceGet
[2026-10-08 08:54:30.364] [thread-id: 126879708376256] [trace] zeDeviceGetRootDevice(hDevice, phRootDevice)
[2026-10-08 08:54:30.364] [thread-id: 126879708376256] [trace] SUCCESS (ZE_RESULT_SUCCESS) in zeDeviceGetRootDevice(hDevice=0x3a6a8f28, phRootDevice=0x7fff6cda7e30)
   <--- urDeviceGet(.hPlatform = 0x3a6bc810, .DeviceType = UR_DEVICE_TYPE_ALL, .NumEntries = 1, .phDevices = 0x3a6bed40 {0x3a6be040}, .pNumDevices = nullptr) -> UR_RESULT_SUCCESS;
   ---> urPlatformGetInfo
   <--- urPlatformGetInfo(.hPlatform = 0x3a6bc810, .propName = UR_PLATFORM_INFO_VERSION, .propSize = 0, .pPropValue = nullptr, .pPropSizeRet = 0x7fff6cda7e30 (5)) -> UR_RESULT_SUCCESS;
   ---> urPlatformGetInfo
   <--- urPlatformGetInfo(.hPlatform = 0x3a6bc810, .propName = UR_PLATFORM_INFO_VERSION, .propSize = 5, .pPropValue = 0x7fff6cda7f98 (1.17), .pPropSizeRet = nullptr) -> UR_RESULT_SUCCESS;
   ---> urPlatformGetInfo
   <--- urPlatformGetInfo(.hPlatform = 0x3a6bc810, .propName = UR_PLATFORM_INFO_NAME, .propSize = 0, .pPropValue = nullptr, .pPropSizeRet = 0x7fff6cda7e30 (51)) -> UR_RESULT_SUCCESS;
   ---> urPlatformGetInfo
   <--- urPlatformGetInfo(.hPlatform = 0x3a6bc810, .propName = UR_PLATFORM_INFO_NAME, .propSize = 51, .pPropValue = 0x3a6bec30 (Intel(R) oneAPI Unified Runtime over Level-Zero V2), .pPropSizeRet = nullptr) -> UR_RESULT_SUCCESS;
   ---> urDeviceGetInfo
   <--- urDeviceGetInfo(.hDevice = 0x3a6be040, .propName = UR_DEVICE_INFO_TYPE, .propSize = 4, .pPropValue = 0x7fff6cda7f0c (UR_DEVICE_TYPE_GPU), .pPropSizeRet = nullptr) -> UR_RESULT_SUCCESS;
   ---> urDeviceGetInfo
   <--- urDeviceGetInfo(.hDevice = 0x3a6be040, .propName = UR_DEVICE_INFO_VENDOR_ID, .propSize = 4, .pPropValue = 0x7fff6cda7f88 (32902), .pPropSizeRet = nullptr) -> UR_RESULT_SUCCESS;
   ---> urDeviceGetInfo
   <--- urDeviceGetInfo(.hDevice = 0x3a6be040, .propName = UR_DEVICE_INFO_DRIVER_VERSION, .propSize = 0, .pPropValue = nullptr, .pPropSizeRet = 0x7fff6cda7e30 (14)) -> UR_RESULT_SUCCESS;
   ---> urDeviceGetInfo
   <--- urDeviceGetInfo(.hDevice = 0x3a6be040, .propName = UR_DEVICE_INFO_DRIVER_VERSION, .propSize = 14, .pPropValue = 0x7fff6cda7f58 (1.17.39395+14), .pPropSizeRet = nullptr) -> UR_RESULT_SUCCESS;
   ---> urPlatformGetInfo
   <--- urPlatformGetInfo(.hPlatform = 0x3a6bc810, .propName = UR_PLATFORM_INFO_BACKEND, .propSize = 4, .pPropValue = 0x7fff6cda814c (UR_BACKEND_LEVEL_ZERO), .pPropSizeRet = nullptr) -> UR_RESULT_SUCCESS;
   ---> urDeviceGetInfo
   <--- urDeviceGetInfo(.hDevice = 0x3a6be040, .propName = UR_DEVICE_INFO_TYPE, .propSize = 4, .pPropValue = 0x7fff6cda8144 (UR_DEVICE_TYPE_GPU), .pPropSizeRet = nullptr) -> UR_RESULT_SUCCESS;
   ---> urDeviceRelease
   <--- urDeviceRelease(.hDevice = 0x3a6be040) -> UR_RESULT_SUCCESS;
   ---> urDeviceGetInfo
   <--- urDeviceGetInfo(.hDevice = 0x3a6be040, .propName = UR_DEVICE_INFO_SUPPORTED_PARTITIONS, .propSize = 0, .pPropValue = nullptr, .pPropSizeRet = 0x7fff6cda8138 (0)) -> UR_RESULT_SUCCESS;
   ---> urDeviceGetInfo
[2026-10-08 08:54:30.364] [thread-id: 126879708376256] [trace] zeDeviceGetSubDevices(hDevice, pCount, phSubdevices)
[2026-10-08 08:54:30.364] [thread-id: 126879708376256] [trace] SUCCESS (ZE_RESULT_SUCCESS) in zeDeviceGetSubDevices(hDevice=0x3a6a8f28, pCount=0, phSubdevices=nullptr)
   <--- urDeviceGetInfo(.hDevice = 0x3a6be040, .propName = UR_DEVICE_INFO_COMPONENT_DEVICES, .propSize = 0, .pPropValue = nullptr, .pPropSizeRet = 0x7fff6cda7f50 (0)) -> UR_RESULT_SUCCESS;
   ---> urContextCreate
[2026-10-08 08:54:30.364] [thread-id: 126879708376256] [trace] zeContextCreate(hDriver, desc, phContext)
[2026-10-08 08:54:30.364] [thread-id: 126879708376256] [trace] SUCCESS (ZE_RESULT_SUCCESS) in zeContextCreate(hDriver=0x3a6a89c8, desc={stype=0x7fff6cda7e80, flags=0}, phContext=0x3a6bf738)
[2026-10-08 08:54:30.364] [thread-id: 126879708376256] [trace] zeMemAllocHost(hContext, host_desc, size, alignment, pptr)
[2026-10-08 08:54:30.365] [thread-id: 126879708376256] [trace] SUCCESS (ZE_RESULT_SUCCESS) in zeMemAllocHost(hContext=0x3a6bf738, host_desc={stype=0x7fff6cda7900, flags=0}, size=1, alignment=0, pptr=0x7365697ffe00)
[2026-10-08 08:54:30.365] [thread-id: 126879708376256] [trace] zeMemGetAllocProperties(hContext, ptr, pMemAllocProperties, phDevice)
[2026-10-08 08:54:30.365] [thread-id: 126879708376256] [trace] SUCCESS (ZE_RESULT_SUCCESS) in zeMemGetAllocProperties(hContext=0x3a6bf738, ptr=0x7365697ffe00, pMemAllocProperties={stype=0x7fff6cda7900, type=0x7fff6cda7910, id=1, pageSize=2097152}, phDevice=nullptr)
[2026-10-08 08:54:30.365] [thread-id: 126879708376256] [trace] zeMemFreeExt(hContext, pMemFreeDesc, ptr)
[2026-10-08 08:54:30.365] [thread-id: 126879708376256] [trace] SUCCESS (ZE_RESULT_SUCCESS) in zeMemFreeExt(hContext=0x3a6bf738, pMemFreeDesc={stype=0x7fff6cda78e0, freePolicy=1}, ptr=0x7365697ffe00)
[2026-10-08 08:54:30.365] [thread-id: 126879708376256] [trace] zeDeviceGetProperties(hDevice, pDeviceProperties)
[2026-10-08 08:54:30.365] [thread-id: 126879708376256] [trace] SUCCESS (ZE_RESULT_SUCCESS) in zeDeviceGetProperties(hDevice=0x3a6a8f28, pDeviceProperties={stype=0x736569c58068, type=0x736569c58078, vendorId=32902, deviceId=57868, flags=8, subdeviceId=0, coreClockRate=2750, maxMemAllocSize=10132807680, maxHardwareContexts=65536, maxCommandQueuePriority=0, numThreadsPerEU=8, physicalEUSimdWidth=16, numEUsPerSubslice=8, numSubslicesPerSlice=4, numSlices=5, timerResolution=52, timestampValidBits=64, kernelTimestampValidBits=64, uuid={id=134}, name="Intel(R) Arc(TM) B570 Graphics"})
[2026-10-08 08:54:30.365] [thread-id: 126879708376256] [trace] zeMemAllocDevice(hContext, device_desc, size, alignment, hDevice, pptr)
[2026-10-08 08:54:30.365] [thread-id: 126879708376256] [trace] SUCCESS (ZE_RESULT_SUCCESS) in zeMemAllocDevice(hContext=0x3a6bf738, device_desc={stype=0x7fff6cda78c0, flags=0, ordinal=0}, size=1, alignment=0, hDevice=0x3a6a8f28, pptr=0xffffffffff9ffe00)
[2026-10-08 08:54:30.365] [thread-id: 126879708376256] [trace] zeContextMakeMemoryResident(hContext, hDevice, ptr, size)
[2026-10-08 08:54:30.365] [thread-id: 126879708376256] [trace] SUCCESS (ZE_RESULT_SUCCESS) in zeContextMakeMemoryResident(hContext=0x3a6bf738, hDevice=0x3a6a8f28, ptr=0xffffffffff9ffe00, size=1)
[2026-10-08 08:54:30.365] [thread-id: 126879708376256] [trace] zeMemGetAllocProperties(hContext, ptr, pMemAllocProperties, phDevice)
[2026-10-08 08:54:30.365] [thread-id: 126879708376256] [trace] SUCCESS (ZE_RESULT_SUCCESS) in zeMemGetAllocProperties(hContext=0x3a6bf738, ptr=0xffffffffff9ffe00, pMemAllocProperties={stype=0x7fff6cda7900, type=0x7fff6cda7910, id=3, pageSize=65536}, phDevice=nullptr)
[2026-10-08 08:54:30.366] [thread-id: 126879708376256] [trace] zeMemFreeExt(hContext, pMemFreeDesc, ptr)
[2026-10-08 08:54:30.366] [thread-id: 126879708376256] [trace] SUCCESS (ZE_RESULT_SUCCESS) in zeMemFreeExt(hContext=0x3a6bf738, pMemFreeDesc={stype=0x7fff6cda78e0, freePolicy=1}, ptr=0xffffffffff9ffe00)
[2026-10-08 08:54:30.366] [thread-id: 126879708376256] [trace] zeDeviceGetProperties(hDevice, pDeviceProperties)
[2026-10-08 08:54:30.366] [thread-id: 126879708376256] [trace] SUCCESS (ZE_RESULT_SUCCESS) in zeDeviceGetProperties(hDevice=0x3a6a8f28, pDeviceProperties={stype=0x736569c50068, type=0x736569c50078, vendorId=32902, deviceId=57868, flags=8, subdeviceId=0, coreClockRate=2750, maxMemAllocSize=10132807680, maxHardwareContexts=65536, maxCommandQueuePriority=0, numThreadsPerEU=8, physicalEUSimdWidth=16, numEUsPerSubslice=8, numSubslicesPerSlice=4, numSlices=5, timerResolution=52, timestampValidBits=64, kernelTimestampValidBits=64, uuid={id=134}, name="Intel(R) Arc(TM) B570 Graphics"})
[2026-10-08 08:54:30.366] [thread-id: 126879708376256] [trace] zeMemAllocShared(hContext, device_desc, host_desc, size, alignment, hDevice, pptr)
[2026-10-08 08:54:30.366] [thread-id: 126879708376256] [trace] SUCCESS (ZE_RESULT_SUCCESS) in zeMemAllocShared(hContext=0x3a6bf738, device_desc={stype=0x7fff6cda7900, flags=0, ordinal=0}, host_desc={stype=0x7fff6cda78e0, flags=0}, size=1, alignment=0, hDevice=0x3a6a8f28, pptr=0x7365698d0000)
[2026-10-08 08:54:30.366] [thread-id: 126879708376256] [trace] zeMemGetAllocProperties(hContext, ptr, pMemAllocProperties, phDevice)
[2026-10-08 08:54:30.366] [thread-id: 126879708376256] [trace] SUCCESS (ZE_RESULT_SUCCESS) in zeMemGetAllocProperties(hContext=0x3a6bf738, ptr=0x7365698d0000, pMemAllocProperties={stype=0x7fff6cda7900, type=0x7fff6cda7910, id=5, pageSize=65536}, phDevice=nullptr)
[2026-10-08 08:54:30.366] [thread-id: 126879708376256] [trace] zeMemFreeExt(hContext, pMemFreeDesc, ptr)
[2026-10-08 08:54:30.367] [thread-id: 126879708376256] [trace] SUCCESS (ZE_RESULT_SUCCESS) in zeMemFreeExt(hContext=0x3a6bf738, pMemFreeDesc={stype=0x7fff6cda78e0, freePolicy=1}, ptr=0x7365698d0000)
[2026-10-08 08:54:30.367] [thread-id: 126879708376256] [trace] zeDeviceGetProperties(hDevice, pDeviceProperties)
[2026-10-08 08:54:30.367] [thread-id: 126879708376256] [trace] SUCCESS (ZE_RESULT_SUCCESS) in zeDeviceGetProperties(hDevice=0x3a6a8f28, pDeviceProperties={stype=0x7365698e2068, type=0x7365698e2078, vendorId=32902, deviceId=57868, flags=8, subdeviceId=0, coreClockRate=2750, maxMemAllocSize=10132807680, maxHardwareContexts=65536, maxCommandQueuePriority=0, numThreadsPerEU=8, physicalEUSimdWidth=16, numEUsPerSubslice=8, numSubslicesPerSlice=4, numSlices=5, timerResolution=52, timestampValidBits=64, kernelTimestampValidBits=64, uuid={id=134}, name="Intel(R) Arc(TM) B570 Graphics"})
[2026-10-08 08:54:30.367] [thread-id: 126879708376256] [trace] zeMemAllocShared(hContext, device_desc, host_desc, size, alignment, hDevice, pptr)
[2026-10-08 08:54:30.367] [thread-id: 126879708376256] [trace] SUCCESS (ZE_RESULT_SUCCESS) in zeMemAllocShared(hContext=0x3a6bf738, device_desc={stype=0x7fff6cda7900, flags=0, ordinal=0}, host_desc={stype=0x7fff6cda78e0, flags=0}, size=1, alignment=0, hDevice=0x3a6a8f28, pptr=0x7365698d0000)
[2026-10-08 08:54:30.367] [thread-id: 126879708376256] [trace] zeMemGetAllocProperties(hContext, ptr, pMemAllocProperties, phDevice)
[2026-10-08 08:54:30.367] [thread-id: 126879708376256] [trace] SUCCESS (ZE_RESULT_SUCCESS) in zeMemGetAllocProperties(hContext=0x3a6bf738, ptr=0x7365698d0000, pMemAllocProperties={stype=0x7fff6cda7900, type=0x7fff6cda7910, id=6, pageSize=65536}, phDevice=nullptr)
[2026-10-08 08:54:30.367] [thread-id: 126879708376256] [trace] zeMemFreeExt(hContext, pMemFreeDesc, ptr)
[2026-10-08 08:54:30.367] [thread-id: 126879708376256] [trace] SUCCESS (ZE_RESULT_SUCCESS) in zeMemFreeExt(hContext=0x3a6bf738, pMemFreeDesc={stype=0x7fff6cda78e0, freePolicy=1}, ptr=0x7365698d0000)
[2026-10-08 08:54:30.367] [thread-id: 126879708376256] [trace] zeMemAllocHost(hContext, host_desc, size, alignment, pptr)
[2026-10-08 08:54:30.367] [thread-id: 126879708376256] [trace] SUCCESS (ZE_RESULT_SUCCESS) in zeMemAllocHost(hContext=0x3a6bf738, host_desc={stype=0x7fff6cda7900, flags=0}, size=1, alignment=0, pptr=0x7365697ffe00)
[2026-10-08 08:54:30.367] [thread-id: 126879708376256] [trace] zeMemGetAllocProperties(hContext, ptr, pMemAllocProperties, phDevice)
[2026-10-08 08:54:30.367] [thread-id: 126879708376256] [trace] SUCCESS (ZE_RESULT_SUCCESS) in zeMemGetAllocProperties(hContext=0x3a6bf738, ptr=0x7365697ffe00, pMemAllocProperties={stype=0x7fff6cda7900, type=0x7fff6cda7910, id=1, pageSize=2097152}, phDevice=nullptr)
[2026-10-08 08:54:30.367] [thread-id: 126879708376256] [trace] zeMemFreeExt(hContext, pMemFreeDesc, ptr)
[2026-10-08 08:54:30.367] [thread-id: 126879708376256] [trace] SUCCESS (ZE_RESULT_SUCCESS) in zeMemFreeExt(hContext=0x3a6bf738, pMemFreeDesc={stype=0x7fff6cda78e0, freePolicy=1}, ptr=0x7365697ffe00)
[2026-10-08 08:54:30.367] [thread-id: 126879708376256] [trace] zeDeviceGetProperties(hDevice, pDeviceProperties)
[2026-10-08 08:54:30.367] [thread-id: 126879708376256] [trace] SUCCESS (ZE_RESULT_SUCCESS) in zeDeviceGetProperties(hDevice=0x3a6a8f28, pDeviceProperties={stype=0x7365698da068, type=0x7365698da078, vendorId=32902, deviceId=57868, flags=8, subdeviceId=0, coreClockRate=2750, maxMemAllocSize=10132807680, maxHardwareContexts=65536, maxCommandQueuePriority=0, numThreadsPerEU=8, physicalEUSimdWidth=16, numEUsPerSubslice=8, numSubslicesPerSlice=4, numSlices=5, timerResolution=52, timestampValidBits=64, kernelTimestampValidBits=64, uuid={id=134}, name="Intel(R) Arc(TM) B570 Graphics"})
[2026-10-08 08:54:30.368] [thread-id: 126879708376256] [trace] zeMemAllocDevice(hContext, device_desc, size, alignment, hDevice, pptr)
[2026-10-08 08:54:30.368] [thread-id: 126879708376256] [trace] SUCCESS (ZE_RESULT_SUCCESS) in zeMemAllocDevice(hContext=0x3a6bf738, device_desc={stype=0x7fff6cda78c0, flags=0, ordinal=0}, size=1, alignment=0, hDevice=0x3a6a8f28, pptr=0xffffffffff9ffe00)
[2026-10-08 08:54:30.368] [thread-id: 126879708376256] [trace] zeContextMakeMemoryResident(hContext, hDevice, ptr, size)
[2026-10-08 08:54:30.368] [thread-id: 126879708376256] [trace] SUCCESS (ZE_RESULT_SUCCESS) in zeContextMakeMemoryResident(hContext=0x3a6bf738, hDevice=0x3a6a8f28, ptr=0xffffffffff9ffe00, size=1)
[2026-10-08 08:54:30.368] [thread-id: 126879708376256] [trace] zeMemGetAllocProperties(hContext, ptr, pMemAllocProperties, phDevice)
[2026-10-08 08:54:30.368] [thread-id: 126879708376256] [trace] SUCCESS (ZE_RESULT_SUCCESS) in zeMemGetAllocProperties(hContext=0x3a6bf738, ptr=0xffffffffff9ffe00, pMemAllocProperties={stype=0x7fff6cda7900, type=0x7fff6cda7910, id=3, pageSize=65536}, phDevice=nullptr)
[2026-10-08 08:54:30.368] [thread-id: 126879708376256] [trace] zeMemFreeExt(hContext, pMemFreeDesc, ptr)
[2026-10-08 08:54:30.368] [thread-id: 126879708376256] [trace] SUCCESS (ZE_RESULT_SUCCESS) in zeMemFreeExt(hContext=0x3a6bf738, pMemFreeDesc={stype=0x7fff6cda78e0, freePolicy=1}, ptr=0xffffffffff9ffe00)
[2026-10-08 08:54:30.368] [thread-id: 126879708376256] [trace] zeDeviceGetProperties(hDevice, pDeviceProperties)
[2026-10-08 08:54:30.368] [thread-id: 126879708376256] [trace] SUCCESS (ZE_RESULT_SUCCESS) in zeDeviceGetProperties(hDevice=0x3a6a8f28, pDeviceProperties={stype=0x7365698cd068, type=0x7365698cd078, vendorId=32902, deviceId=57868, flags=8, subdeviceId=0, coreClockRate=2750, maxMemAllocSize=10132807680, maxHardwareContexts=65536, maxCommandQueuePriority=0, numThreadsPerEU=8, physicalEUSimdWidth=16, numEUsPerSubslice=8, numSubslicesPerSlice=4, numSlices=5, timerResolution=52, timestampValidBits=64, kernelTimestampValidBits=64, uuid={id=134}, name="Intel(R) Arc(TM) B570 Graphics"})
[2026-10-08 08:54:30.368] [thread-id: 126879708376256] [trace] zeMemAllocShared(hContext, device_desc, host_desc, size, alignment, hDevice, pptr)
[2026-10-08 08:54:30.368] [thread-id: 126879708376256] [trace] SUCCESS (ZE_RESULT_SUCCESS) in zeMemAllocShared(hContext=0x3a6bf738, device_desc={stype=0x7fff6cda7900, flags=0, ordinal=0}, host_desc={stype=0x7fff6cda78e0, flags=0}, size=1, alignment=0, hDevice=0x3a6a8f28, pptr=0x7365698b0000)
[2026-10-08 08:54:30.368] [thread-id: 126879708376256] [trace] zeMemGetAllocProperties(hContext, ptr, pMemAllocProperties, phDevice)
[2026-10-08 08:54:30.368] [thread-id: 126879708376256] [trace] SUCCESS (ZE_RESULT_SUCCESS) in zeMemGetAllocProperties(hContext=0x3a6bf738, ptr=0x7365698b0000, pMemAllocProperties={stype=0x7fff6cda7900, type=0x7fff6cda7910, id=9, pageSize=65536}, phDevice=nullptr)
[2026-10-08 08:54:30.368] [thread-id: 126879708376256] [trace] zeMemFreeExt(hContext, pMemFreeDesc, ptr)
[2026-10-08 08:54:30.369] [thread-id: 126879708376256] [trace] SUCCESS (ZE_RESULT_SUCCESS) in zeMemFreeExt(hContext=0x3a6bf738, pMemFreeDesc={stype=0x7fff6cda78e0, freePolicy=1}, ptr=0x7365698b0000)
[2026-10-08 08:54:30.369] [thread-id: 126879708376256] [trace] zeDeviceGetProperties(hDevice, pDeviceProperties)
[2026-10-08 08:54:30.369] [thread-id: 126879708376256] [trace] SUCCESS (ZE_RESULT_SUCCESS) in zeDeviceGetProperties(hDevice=0x3a6a8f28, pDeviceProperties={stype=0x7365698c9068, type=0x7365698c9078, vendorId=32902, deviceId=57868, flags=8, subdeviceId=0, coreClockRate=2750, maxMemAllocSize=10132807680, maxHardwareContexts=65536, maxCommandQueuePriority=0, numThreadsPerEU=8, physicalEUSimdWidth=16, numEUsPerSubslice=8, numSubslicesPerSlice=4, numSlices=5, timerResolution=52, timestampValidBits=64, kernelTimestampValidBits=64, uuid={id=134}, name="Intel(R) Arc(TM) B570 Graphics"})
[2026-10-08 08:54:30.369] [thread-id: 126879708376256] [trace] zeMemAllocShared(hContext, device_desc, host_desc, size, alignment, hDevice, pptr)
[2026-10-08 08:54:30.369] [thread-id: 126879708376256] [trace] SUCCESS (ZE_RESULT_SUCCESS) in zeMemAllocShared(hContext=0x3a6bf738, device_desc={stype=0x7fff6cda7900, flags=0, ordinal=0}, host_desc={stype=0x7fff6cda78e0, flags=0}, size=1, alignment=0, hDevice=0x3a6a8f28, pptr=0x7365698b0000)
[2026-10-08 08:54:30.369] [thread-id: 126879708376256] [trace] zeMemGetAllocProperties(hContext, ptr, pMemAllocProperties, phDevice)
[2026-10-08 08:54:30.369] [thread-id: 126879708376256] [trace] SUCCESS (ZE_RESULT_SUCCESS) in zeMemGetAllocProperties(hContext=0x3a6bf738, ptr=0x7365698b0000, pMemAllocProperties={stype=0x7fff6cda7900, type=0x7fff6cda7910, id=10, pageSize=65536}, phDevice=nullptr)
[2026-10-08 08:54:30.369] [thread-id: 126879708376256] [trace] zeMemFreeExt(hContext, pMemFreeDesc, ptr)
[2026-10-08 08:54:30.369] [thread-id: 126879708376256] [trace] SUCCESS (ZE_RESULT_SUCCESS) in zeMemFreeExt(hContext=0x3a6bf738, pMemFreeDesc={stype=0x7fff6cda78e0, freePolicy=1}, ptr=0x7365698b0000)
   <--- urContextCreate(.DeviceCount = 1, .phDevices = 0x3a6bece0 {0x3a6be040}, .pProperties = nullptr, .phContext = 0x3a6c0c40 (0x3a6c2b90)) -> UR_RESULT_SUCCESS;
   ---> urQueueCreate
<LEVEL_ZERO>[INFO]: Copy offload is disabled by the environment variable.
<LEVEL_ZERO>[DEBUG]: create command list ordinal: 0, type: immediate, device: 0x3a6a8f28, inOrder: 1
[2026-10-08 08:54:30.369] [thread-id: 126879708376256] [trace] zeCommandListCreateImmediate(hContext, hDevice, altdesc, phCommandList)
[2026-10-08 08:54:30.371] [thread-id: 126879708376256] [trace] SUCCESS (ZE_RESULT_SUCCESS) in zeCommandListCreateImmediate(hContext=0x3a6bf738, hDevice=0x3a6a8f28, altdesc={stype=0x7fff6cda7e00, ordinal=0, index=0, flags=2, mode=0x7fff6cda7e1c, priority=0x7fff6cda7e20}, phCommandList=0x3a6c6d88)
[2026-10-08 08:54:30.371] [thread-id: 126879708376256] [trace] zeDriverGetExtensionFunctionAddress(hDriver, name, ppFunctionAddress)
[2026-10-08 08:54:30.371] [thread-id: 126879708376256] [trace] SUCCESS (ZE_RESULT_SUCCESS) in zeDriverGetExtensionFunctionAddress(hDriver=0x3a6a89c8, name="zexCounterBasedEventCreate2", ppFunctionAddress=0x736577da3c00)
   <--- urQueueCreate(.hContext = 0x3a6c2b90, .hDevice = 0x3a6be040, .pProperties = 0x7fff6cda83e0 ((struct ur_queue_properties_t){.stype = UR_STRUCTURE_TYPE_QUEUE_PROPERTIES, .pNext = nullptr, .flags = 0}), .phQueue = 0x7fff6cda83f8 (0x3a6c60a0)) -> UR_RESULT_SUCCESS;
   ---> urDeviceGetInfo
[2026-10-08 08:54:30.371] [thread-id: 126879708376256] [trace] zeDeviceGetMemoryAccessProperties(hDevice, pMemAccessProperties)
[2026-10-08 08:54:30.371] [thread-id: 126879708376256] [trace] SUCCESS (ZE_RESULT_SUCCESS) in zeDeviceGetMemoryAccessProperties(hDevice=0x3a6a8f28, pMemAccessProperties={stype=0x3a6be420, hostAllocCapabilities=3, deviceAllocCapabilities=3, sharedSingleDeviceAllocCapabilities=3, sharedCrossDeviceAllocCapabilities=0, sharedSystemAllocCapabilities=15})
   <--- urDeviceGetInfo(.hDevice = 0x3a6be040, .propName = UR_DEVICE_INFO_USM_DEVICE_SUPPORT, .propSize = 4, .pPropValue = 0x7fff6cda8244 (UR_DEVICE_USM_ACCESS_CAPABILITY_FLAG_ACCESS | UR_DEVICE_USM_ACCESS_CAPABILITY_FLAG_ATOMIC_ACCESS), .pPropSizeRet = nullptr) -> UR_RESULT_SUCCESS;
   ---> urUSMDeviceAlloc
[2026-10-08 08:54:30.371] [thread-id: 126879708376256] [trace] zeMemAllocDevice(hContext, device_desc, size, alignment, hDevice, pptr)
[2026-10-08 08:54:30.371] [thread-id: 126879708376256] [trace] SUCCESS (ZE_RESULT_SUCCESS) in zeMemAllocDevice(hContext=0x3a6bf738, device_desc={stype=0x7fff6cda7e50, flags=0, ordinal=0}, size=65536, alignment=0, hDevice=0x3a6a8f28, pptr=0xffffffffff600000)
[2026-10-08 08:54:30.371] [thread-id: 126879708376256] [trace] zeContextMakeMemoryResident(hContext, hDevice, ptr, size)
[2026-10-08 08:54:30.371] [thread-id: 126879708376256] [trace] SUCCESS (ZE_RESULT_SUCCESS) in zeContextMakeMemoryResident(hContext=0x3a6bf738, hDevice=0x3a6a8f28, ptr=0xffffffffff600000, size=65536)
   <--- urUSMDeviceAlloc(.hContext = 0x3a6c2b90, .hDevice = 0x3a6be040, .pUSMDesc = 0x7fff6cda83b0 ((struct ur_usm_desc_t){.stype = UR_STRUCTURE_TYPE_CONTEXT_PROPERTIES, .pNext = nullptr, .hints = 0, .align = 4}), .pool = nullptr, .size = 65536, .ppMem = 0x7fff6cda83c8 (0xffffffffff600000)) -> UR_RESULT_SUCCESS;
   ---> urEnqueueUSMMemcpy
<LEVEL_ZERO>[DEBUG]: ze_event_pool_desc_t flags set to: 1
[2026-10-08 08:54:30.371] [thread-id: 126879708376256] [trace] zexCounterBasedEventCreate2(hContext, hDevice, desc, phEvent)
[2026-10-08 08:54:30.371] [thread-id: 126879708376256] [trace] SUCCESS (ZE_RESULT_SUCCESS) in zexCounterBasedEventCreate2(hContext=0x3a6bf738, hDevice=0x3a6a8f28, desc=0x7fff6cda7e00, phEvent=0x3a6f7a68)
<LEVEL_ZERO>[DEBUG]: ze_event_pool_desc_t flags set to: 1
[2026-10-08 08:54:30.372] [thread-id: 126879708376256] [trace] zexCounterBasedEventCreate2(hContext, hDevice, desc, phEvent)
[2026-10-08 08:54:30.372] [thread-id: 126879708376256] [trace] SUCCESS (ZE_RESULT_SUCCESS) in zexCounterBasedEventCreate2(hContext=0x3a6bf738, hDevice=0x3a6a8f28, desc=0x7fff6cda7e00, phEvent=0x3a6f7e08)
<LEVEL_ZERO>[DEBUG]: ze_event_pool_desc_t flags set to: 1
[2026-10-08 08:54:30.372] [thread-id: 126879708376256] [trace] zexCounterBasedEventCreate2(hContext, hDevice, desc, phEvent)
[2026-10-08 08:54:30.372] [thread-id: 126879708376256] [trace] SUCCESS (ZE_RESULT_SUCCESS) in zexCounterBasedEventCreate2(hContext=0x3a6bf738, hDevice=0x3a6a8f28, desc=0x7fff6cda7e00, phEvent=0x3a6f8528)
<LEVEL_ZERO>[DEBUG]: ze_event_pool_desc_t flags set to: 1
[2026-10-08 08:54:30.372] [thread-id: 126879708376256] [trace] zexCounterBasedEventCreate2(hContext, hDevice, desc, phEvent)
[2026-10-08 08:54:30.372] [thread-id: 126879708376256] [trace] SUCCESS (ZE_RESULT_SUCCESS) in zexCounterBasedEventCreate2(hContext=0x3a6bf738, hDevice=0x3a6a8f28, desc=0x7fff6cda7e00, phEvent=0x3a6f8a68)
<LEVEL_ZERO>[DEBUG]: ze_event_pool_desc_t flags set to: 1
[2026-10-08 08:54:30.372] [thread-id: 126879708376256] [trace] zexCounterBasedEventCreate2(hContext, hDevice, desc, phEvent)
[2026-10-08 08:54:30.372] [thread-id: 126879708376256] [trace] SUCCESS (ZE_RESULT_SUCCESS) in zexCounterBasedEventCreate2(hContext=0x3a6bf738, hDevice=0x3a6a8f28, desc=0x7fff6cda7e00, phEvent=0x3a6f9168)
<LEVEL_ZERO>[DEBUG]: ze_event_pool_desc_t flags set to: 1
[2026-10-08 08:54:30.372] [thread-id: 126879708376256] [trace] zexCounterBasedEventCreate2(hContext, hDevice, desc, phEvent)
[2026-10-08 08:54:30.372] [thread-id: 126879708376256] [trace] SUCCESS (ZE_RESULT_SUCCESS) in zexCounterBasedEventCreate2(hContext=0x3a6bf738, hDevice=0x3a6a8f28, desc=0x7fff6cda7e00, phEvent=0x3a6f96c8)
<LEVEL_ZERO>[DEBUG]: ze_event_pool_desc_t flags set to: 1
[2026-10-08 08:54:30.372] [thread-id: 126879708376256] [trace] zexCounterBasedEventCreate2(hContext, hDevice, desc, phEvent)
[2026-10-08 08:54:30.372] [thread-id: 126879708376256] [trace] SUCCESS (ZE_RESULT_SUCCESS) in zexCounterBasedEventCreate2(hContext=0x3a6bf738, hDevice=0x3a6a8f28, desc=0x7fff6cda7e00, phEvent=0x3a6f9dc8)
<LEVEL_ZERO>[DEBUG]: ze_event_pool_desc_t flags set to: 1
[2026-10-08 08:54:30.372] [thread-id: 126879708376256] [trace] zexCounterBasedEventCreate2(hContext, hDevice, desc, phEvent)
[2026-10-08 08:54:30.372] [thread-id: 126879708376256] [trace] SUCCESS (ZE_RESULT_SUCCESS) in zexCounterBasedEventCreate2(hContext=0x3a6bf738, hDevice=0x3a6a8f28, desc=0x7fff6cda7e00, phEvent=0x3a6fa2d8)
<LEVEL_ZERO>[DEBUG]: ze_event_pool_desc_t flags set to: 1
[2026-10-08 08:54:30.372] [thread-id: 126879708376256] [trace] zexCounterBasedEventCreate2(hContext, hDevice, desc, phEvent)
[2026-10-08 08:54:30.372] [thread-id: 126879708376256] [trace] SUCCESS (ZE_RESULT_SUCCESS) in zexCounterBasedEventCreate2(hContext=0x3a6bf738, hDevice=0x3a6a8f28, desc=0x7fff6cda7e00, phEvent=0x3a6fa9d8)
<LEVEL_ZERO>[DEBUG]: ze_event_pool_desc_t flags set to: 1
[2026-10-08 08:54:30.372] [thread-id: 126879708376256] [trace] zexCounterBasedEventCreate2(hContext, hDevice, desc, phEvent)
[2026-10-08 08:54:30.372] [thread-id: 126879708376256] [trace] SUCCESS (ZE_RESULT_SUCCESS) in zexCounterBasedEventCreate2(hContext=0x3a6bf738, hDevice=0x3a6a8f28, desc=0x7fff6cda7e00, phEvent=0x3a6faee8)
<LEVEL_ZERO>[DEBUG]: ze_event_pool_desc_t flags set to: 1
[2026-10-08 08:54:30.372] [thread-id: 126879708376256] [trace] zexCounterBasedEventCreate2(hContext, hDevice, desc, phEvent)
[2026-10-08 08:54:30.372] [thread-id: 126879708376256] [trace] SUCCESS (ZE_RESULT_SUCCESS) in zexCounterBasedEventCreate2(hContext=0x3a6bf738, hDevice=0x3a6a8f28, desc=0x7fff6cda7e00, phEvent=0x3a6fb5e8)
<LEVEL_ZERO>[DEBUG]: ze_event_pool_desc_t flags set to: 1
[2026-10-08 08:54:30.372] [thread-id: 126879708376256] [trace] zexCounterBasedEventCreate2(hContext, hDevice, desc, phEvent)
[2026-10-08 08:54:30.372] [thread-id: 126879708376256] [trace] SUCCESS (ZE_RESULT_SUCCESS) in zexCounterBasedEventCreate2(hContext=0x3a6bf738, hDevice=0x3a6a8f28, desc=0x7fff6cda7e00, phEvent=0x3a6fbb98)
<LEVEL_ZERO>[DEBUG]: ze_event_pool_desc_t flags set to: 1
[2026-10-08 08:54:30.372] [thread-id: 126879708376256] [trace] zexCounterBasedEventCreate2(hContext, hDevice, desc, phEvent)
[2026-10-08 08:54:30.372] [thread-id: 126879708376256] [trace] SUCCESS (ZE_RESULT_SUCCESS) in zexCounterBasedEventCreate2(hContext=0x3a6bf738, hDevice=0x3a6a8f28, desc=0x7fff6cda7e00, phEvent=0x3a6fc298)
<LEVEL_ZERO>[DEBUG]: ze_event_pool_desc_t flags set to: 1
[2026-10-08 08:54:30.372] [thread-id: 126879708376256] [trace] zexCounterBasedEventCreate2(hContext, hDevice, desc, phEvent)
[2026-10-08 08:54:30.372] [thread-id: 126879708376256] [trace] SUCCESS (ZE_RESULT_SUCCESS) in zexCounterBasedEventCreate2(hContext=0x3a6bf738, hDevice=0x3a6a8f28, desc=0x7fff6cda7e00, phEvent=0x3a6fc7a8)
<LEVEL_ZERO>[DEBUG]: ze_event_pool_desc_t flags set to: 1
[2026-10-08 08:54:30.372] [thread-id: 126879708376256] [trace] zexCounterBasedEventCreate2(hContext, hDevice, desc, phEvent)
[2026-10-08 08:54:30.372] [thread-id: 126879708376256] [trace] SUCCESS (ZE_RESULT_SUCCESS) in zexCounterBasedEventCreate2(hContext=0x3a6bf738, hDevice=0x3a6a8f28, desc=0x7fff6cda7e00, phEvent=0x3a6fcea8)
<LEVEL_ZERO>[DEBUG]: ze_event_pool_desc_t flags set to: 1
[2026-10-08 08:54:30.372] [thread-id: 126879708376256] [trace] zexCounterBasedEventCreate2(hContext, hDevice, desc, phEvent)
[2026-10-08 08:54:30.372] [thread-id: 126879708376256] [trace] SUCCESS (ZE_RESULT_SUCCESS) in zexCounterBasedEventCreate2(hContext=0x3a6bf738, hDevice=0x3a6a8f28, desc=0x7fff6cda7e00, phEvent=0x3a6fd3b8)
<LEVEL_ZERO>[DEBUG]: ze_event_pool_desc_t flags set to: 1
[2026-10-08 08:54:30.372] [thread-id: 126879708376256] [trace] zexCounterBasedEventCreate2(hContext, hDevice, desc, phEvent)
[2026-10-08 08:54:30.372] [thread-id: 126879708376256] [trace] SUCCESS (ZE_RESULT_SUCCESS) in zexCounterBasedEventCreate2(hContext=0x3a6bf738, hDevice=0x3a6a8f28, desc=0x7fff6cda7e00, phEvent=0x3a6fdab8)
<LEVEL_ZERO>[DEBUG]: ze_event_pool_desc_t flags set to: 1
[2026-10-08 08:54:30.372] [thread-id: 126879708376256] [trace] zexCounterBasedEventCreate2(hContext, hDevice, desc, phEvent)
[2026-10-08 08:54:30.372] [thread-id: 126879708376256] [trace] SUCCESS (ZE_RESULT_SUCCESS) in zexCounterBasedEventCreate2(hContext=0x3a6bf738, hDevice=0x3a6a8f28, desc=0x7fff6cda7e00, phEvent=0x3a6fe0d8)
<LEVEL_ZERO>[DEBUG]: ze_event_pool_desc_t flags set to: 1
[2026-10-08 08:54:30.372] [thread-id: 126879708376256] [trace] zexCounterBasedEventCreate2(hContext, hDevice, desc, phEvent)
[2026-10-08 08:54:30.372] [thread-id: 126879708376256] [trace] SUCCESS (ZE_RESULT_SUCCESS) in zexCounterBasedEventCreate2(hContext=0x3a6bf738, hDevice=0x3a6a8f28, desc=0x7fff6cda7e00, phEvent=0x3a6fe7d8)
<LEVEL_ZERO>[DEBUG]: ze_event_pool_desc_t flags set to: 1
[2026-10-08 08:54:30.372] [thread-id: 126879708376256] [trace] zexCounterBasedEventCreate2(hContext, hDevice, desc, phEvent)
[2026-10-08 08:54:30.372] [thread-id: 126879708376256] [trace] SUCCESS (ZE_RESULT_SUCCESS) in zexCounterBasedEventCreate2(hContext=0x3a6bf738, hDevice=0x3a6a8f28, desc=0x7fff6cda7e00, phEvent=0x3a6fece8)
<LEVEL_ZERO>[DEBUG]: ze_event_pool_desc_t flags set to: 1
[2026-10-08 08:54:30.372] [thread-id: 126879708376256] [trace] zexCounterBasedEventCreate2(hContext, hDevice, desc, phEvent)
[2026-10-08 08:54:30.372] [thread-id: 126879708376256] [trace] SUCCESS (ZE_RESULT_SUCCESS) in zexCounterBasedEventCreate2(hContext=0x3a6bf738, hDevice=0x3a6a8f28, desc=0x7fff6cda7e00, phEvent=0x3a6ff3e8)
<LEVEL_ZERO>[DEBUG]: ze_event_pool_desc_t flags set to: 1
[2026-10-08 08:54:30.372] [thread-id: 126879708376256] [trace] zexCounterBasedEventCreate2(hContext, hDevice, desc, phEvent)
[2026-10-08 08:54:30.372] [thread-id: 126879708376256] [trace] SUCCESS (ZE_RESULT_SUCCESS) in zexCounterBasedEventCreate2(hContext=0x3a6bf738, hDevice=0x3a6a8f28, desc=0x7fff6cda7e00, phEvent=0x3a6ff8f8)
<LEVEL_ZERO>[DEBUG]: ze_event_pool_desc_t flags set to: 1
[2026-10-08 08:54:30.372] [thread-id: 126879708376256] [trace] zexCounterBasedEventCreate2(hContext, hDevice, desc, phEvent)
[2026-10-08 08:54:30.372] [thread-id: 126879708376256] [trace] SUCCESS (ZE_RESULT_SUCCESS) in zexCounterBasedEventCreate2(hContext=0x3a6bf738, hDevice=0x3a6a8f28, desc=0x7fff6cda7e00, phEvent=0x3a6ffff8)
<LEVEL_ZERO>[DEBUG]: ze_event_pool_desc_t flags set to: 1
[2026-10-08 08:54:30.372] [thread-id: 126879708376256] [trace] zexCounterBasedEventCreate2(hContext, hDevice, desc, phEvent)
[2026-10-08 08:54:30.372] [thread-id: 126879708376256] [trace] SUCCESS (ZE_RESULT_SUCCESS) in zexCounterBasedEventCreate2(hContext=0x3a6bf738, hDevice=0x3a6a8f28, desc=0x7fff6cda7e00, phEvent=0x3a700508)
<LEVEL_ZERO>[DEBUG]: ze_event_pool_desc_t flags set to: 1
[2026-10-08 08:54:30.372] [thread-id: 126879708376256] [trace] zexCounterBasedEventCreate2(hContext, hDevice, desc, phEvent)
[2026-10-08 08:54:30.372] [thread-id: 126879708376256] [trace] SUCCESS (ZE_RESULT_SUCCESS) in zexCounterBasedEventCreate2(hContext=0x3a6bf738, hDevice=0x3a6a8f28, desc=0x7fff6cda7e00, phEvent=0x3a700d48)
<LEVEL_ZERO>[DEBUG]: ze_event_pool_desc_t flags set to: 1
[2026-10-08 08:54:30.372] [thread-id: 126879708376256] [trace] zexCounterBasedEventCreate2(hContext, hDevice, desc, phEvent)
[2026-10-08 08:54:30.372] [thread-id: 126879708376256] [trace] SUCCESS (ZE_RESULT_SUCCESS) in zexCounterBasedEventCreate2(hContext=0x3a6bf738, hDevice=0x3a6a8f28, desc=0x7fff6cda7e00, phEvent=0x3a701258)
<LEVEL_ZERO>[DEBUG]: ze_event_pool_desc_t flags set to: 1
[2026-10-08 08:54:30.372] [thread-id: 126879708376256] [trace] zexCounterBasedEventCreate2(hContext, hDevice, desc, phEvent)
[2026-10-08 08:54:30.372] [thread-id: 126879708376256] [trace] SUCCESS (ZE_RESULT_SUCCESS) in zexCounterBasedEventCreate2(hContext=0x3a6bf738, hDevice=0x3a6a8f28, desc=0x7fff6cda7e00, phEvent=0x3a701958)
<LEVEL_ZERO>[DEBUG]: ze_event_pool_desc_t flags set to: 1
[2026-10-08 08:54:30.372] [thread-id: 126879708376256] [trace] zexCounterBasedEventCreate2(hContext, hDevice, desc, phEvent)
[2026-10-08 08:54:30.372] [thread-id: 126879708376256] [trace] SUCCESS (ZE_RESULT_SUCCESS) in zexCounterBasedEventCreate2(hContext=0x3a6bf738, hDevice=0x3a6a8f28, desc=0x7fff6cda7e00, phEvent=0x3a701e68)
<LEVEL_ZERO>[DEBUG]: ze_event_pool_desc_t flags set to: 1
[2026-10-08 08:54:30.372] [thread-id: 126879708376256] [trace] zexCounterBasedEventCreate2(hContext, hDevice, desc, phEvent)
[2026-10-08 08:54:30.373] [thread-id: 126879708376256] [trace] SUCCESS (ZE_RESULT_SUCCESS) in zexCounterBasedEventCreate2(hContext=0x3a6bf738, hDevice=0x3a6a8f28, desc=0x7fff6cda7e00, phEvent=0x3a702568)
<LEVEL_ZERO>[DEBUG]: ze_event_pool_desc_t flags set to: 1
[2026-10-08 08:54:30.373] [thread-id: 126879708376256] [trace] zexCounterBasedEventCreate2(hContext, hDevice, desc, phEvent)
[2026-10-08 08:54:30.373] [thread-id: 126879708376256] [trace] SUCCESS (ZE_RESULT_SUCCESS) in zexCounterBasedEventCreate2(hContext=0x3a6bf738, hDevice=0x3a6a8f28, desc=0x7fff6cda7e00, phEvent=0x3a702a78)
<LEVEL_ZERO>[DEBUG]: ze_event_pool_desc_t flags set to: 1
[2026-10-08 08:54:30.373] [thread-id: 126879708376256] [trace] zexCounterBasedEventCreate2(hContext, hDevice, desc, phEvent)
[2026-10-08 08:54:30.373] [thread-id: 126879708376256] [trace] SUCCESS (ZE_RESULT_SUCCESS) in zexCounterBasedEventCreate2(hContext=0x3a6bf738, hDevice=0x3a6a8f28, desc=0x7fff6cda7e00, phEvent=0x3a703178)
<LEVEL_ZERO>[DEBUG]: ze_event_pool_desc_t flags set to: 1
[2026-10-08 08:54:30.373] [thread-id: 126879708376256] [trace] zexCounterBasedEventCreate2(hContext, hDevice, desc, phEvent)
[2026-10-08 08:54:30.373] [thread-id: 126879708376256] [trace] SUCCESS (ZE_RESULT_SUCCESS) in zexCounterBasedEventCreate2(hContext=0x3a6bf738, hDevice=0x3a6a8f28, desc=0x7fff6cda7e00, phEvent=0x3a703688)
<LEVEL_ZERO>[DEBUG]: ze_event_pool_desc_t flags set to: 1
[2026-10-08 08:54:30.373] [thread-id: 126879708376256] [trace] zexCounterBasedEventCreate2(hContext, hDevice, desc, phEvent)
[2026-10-08 08:54:30.373] [thread-id: 126879708376256] [trace] SUCCESS (ZE_RESULT_SUCCESS) in zexCounterBasedEventCreate2(hContext=0x3a6bf738, hDevice=0x3a6a8f28, desc=0x7fff6cda7e00, phEvent=0x3a703d88)
<LEVEL_ZERO>[DEBUG]: ze_event_pool_desc_t flags set to: 1
[2026-10-08 08:54:30.373] [thread-id: 126879708376256] [trace] zexCounterBasedEventCreate2(hContext, hDevice, desc, phEvent)
[2026-10-08 08:54:30.373] [thread-id: 126879708376256] [trace] SUCCESS (ZE_RESULT_SUCCESS) in zexCounterBasedEventCreate2(hContext=0x3a6bf738, hDevice=0x3a6a8f28, desc=0x7fff6cda7e00, phEvent=0x3a7044a8)
<LEVEL_ZERO>[DEBUG]: ze_event_pool_desc_t flags set to: 1
[2026-10-08 08:54:30.373] [thread-id: 126879708376256] [trace] zexCounterBasedEventCreate2(hContext, hDevice, desc, phEvent)
[2026-10-08 08:54:30.373] [thread-id: 126879708376256] [trace] SUCCESS (ZE_RESULT_SUCCESS) in zexCounterBasedEventCreate2(hContext=0x3a6bf738, hDevice=0x3a6a8f28, desc=0x7fff6cda7e00, phEvent=0x3a704ba8)
<LEVEL_ZERO>[DEBUG]: ze_event_pool_desc_t flags set to: 1
[2026-10-08 08:54:30.373] [thread-id: 126879708376256] [trace] zexCounterBasedEventCreate2(hContext, hDevice, desc, phEvent)
[2026-10-08 08:54:30.373] [thread-id: 126879708376256] [trace] SUCCESS (ZE_RESULT_SUCCESS) in zexCounterBasedEventCreate2(hContext=0x3a6bf738, hDevice=0x3a6a8f28, desc=0x7fff6cda7e00, phEvent=0x3a7050b8)
<LEVEL_ZERO>[DEBUG]: ze_event_pool_desc_t flags set to: 1
[2026-10-08 08:54:30.373] [thread-id: 126879708376256] [trace] zexCounterBasedEventCreate2(hContext, hDevice, desc, phEvent)
[2026-10-08 08:54:30.373] [thread-id: 126879708376256] [trace] SUCCESS (ZE_RESULT_SUCCESS) in zexCounterBasedEventCreate2(hContext=0x3a6bf738, hDevice=0x3a6a8f28, desc=0x7fff6cda7e00, phEvent=0x3a7057b8)
<LEVEL_ZERO>[DEBUG]: ze_event_pool_desc_t flags set to: 1
[2026-10-08 08:54:30.373] [thread-id: 126879708376256] [trace] zexCounterBasedEventCreate2(hContext, hDevice, desc, phEvent)
[2026-10-08 08:54:30.373] [thread-id: 126879708376256] [trace] SUCCESS (ZE_RESULT_SUCCESS) in zexCounterBasedEventCreate2(hContext=0x3a6bf738, hDevice=0x3a6a8f28, desc=0x7fff6cda7e00, phEvent=0x3a705cc8)
<LEVEL_ZERO>[DEBUG]: ze_event_pool_desc_t flags set to: 1
[2026-10-08 08:54:30.373] [thread-id: 126879708376256] [trace] zexCounterBasedEventCreate2(hContext, hDevice, desc, phEvent)
[2026-10-08 08:54:30.373] [thread-id: 126879708376256] [trace] SUCCESS (ZE_RESULT_SUCCESS) in zexCounterBasedEventCreate2(hContext=0x3a6bf738, hDevice=0x3a6a8f28, desc=0x7fff6cda7e00, phEvent=0x3a7063c8)
<LEVEL_ZERO>[DEBUG]: ze_event_pool_desc_t flags set to: 1
[2026-10-08 08:54:30.373] [thread-id: 126879708376256] [trace] zexCounterBasedEventCreate2(hContext, hDevice, desc, phEvent)
[2026-10-08 08:54:30.373] [thread-id: 126879708376256] [trace] SUCCESS (ZE_RESULT_SUCCESS) in zexCounterBasedEventCreate2(hContext=0x3a6bf738, hDevice=0x3a6a8f28, desc=0x7fff6cda7e00, phEvent=0x3a7068d8)
<LEVEL_ZERO>[DEBUG]: ze_event_pool_desc_t flags set to: 1
[2026-10-08 08:54:30.373] [thread-id: 126879708376256] [trace] zexCounterBasedEventCreate2(hContext, hDevice, desc, phEvent)
[2026-10-08 08:54:30.373] [thread-id: 126879708376256] [trace] SUCCESS (ZE_RESULT_SUCCESS) in zexCounterBasedEventCreate2(hContext=0x3a6bf738, hDevice=0x3a6a8f28, desc=0x7fff6cda7e00, phEvent=0x3a706fd8)
<LEVEL_ZERO>[DEBUG]: ze_event_pool_desc_t flags set to: 1
[2026-10-08 08:54:30.373] [thread-id: 126879708376256] [trace] zexCounterBasedEventCreate2(hContext, hDevice, desc, phEvent)
[2026-10-08 08:54:30.373] [thread-id: 126879708376256] [trace] SUCCESS (ZE_RESULT_SUCCESS) in zexCounterBasedEventCreate2(hContext=0x3a6bf738, hDevice=0x3a6a8f28, desc=0x7fff6cda7e00, phEvent=0x3a7074e8)
<LEVEL_ZERO>[DEBUG]: ze_event_pool_desc_t flags set to: 1
[2026-10-08 08:54:30.373] [thread-id: 126879708376256] [trace] zexCounterBasedEventCreate2(hContext, hDevice, desc, phEvent)
[2026-10-08 08:54:30.373] [thread-id: 126879708376256] [trace] SUCCESS (ZE_RESULT_SUCCESS) in zexCounterBasedEventCreate2(hContext=0x3a6bf738, hDevice=0x3a6a8f28, desc=0x7fff6cda7e00, phEvent=0x3a707be8)
<LEVEL_ZERO>[DEBUG]: ze_event_pool_desc_t flags set to: 1
[2026-10-08 08:54:30.373] [thread-id: 126879708376256] [trace] zexCounterBasedEventCreate2(hContext, hDevice, desc, phEvent)
[2026-10-08 08:54:30.373] [thread-id: 126879708376256] [trace] SUCCESS (ZE_RESULT_SUCCESS) in zexCounterBasedEventCreate2(hContext=0x3a6bf738, hDevice=0x3a6a8f28, desc=0x7fff6cda7e00, phEvent=0x3a7080f8)
<LEVEL_ZERO>[DEBUG]: ze_event_pool_desc_t flags set to: 1
[2026-10-08 08:54:30.373] [thread-id: 126879708376256] [trace] zexCounterBasedEventCreate2(hContext, hDevice, desc, phEvent)
[2026-10-08 08:54:30.373] [thread-id: 126879708376256] [trace] SUCCESS (ZE_RESULT_SUCCESS) in zexCounterBasedEventCreate2(hContext=0x3a6bf738, hDevice=0x3a6a8f28, desc=0x7fff6cda7e00, phEvent=0x3a7087f8)
<LEVEL_ZERO>[DEBUG]: ze_event_pool_desc_t flags set to: 1
[2026-10-08 08:54:30.373] [thread-id: 126879708376256] [trace] zexCounterBasedEventCreate2(hContext, hDevice, desc, phEvent)
[2026-10-08 08:54:30.373] [thread-id: 126879708376256] [trace] SUCCESS (ZE_RESULT_SUCCESS) in zexCounterBasedEventCreate2(hContext=0x3a6bf738, hDevice=0x3a6a8f28, desc=0x7fff6cda7e00, phEvent=0x3a708d08)
<LEVEL_ZERO>[DEBUG]: ze_event_pool_desc_t flags set to: 1
[2026-10-08 08:54:30.373] [thread-id: 126879708376256] [trace] zexCounterBasedEventCreate2(hContext, hDevice, desc, phEvent)
[2026-10-08 08:54:30.373] [thread-id: 126879708376256] [trace] SUCCESS (ZE_RESULT_SUCCESS) in zexCounterBasedEventCreate2(hContext=0x3a6bf738, hDevice=0x3a6a8f28, desc=0x7fff6cda7e00, phEvent=0x3a709408)
<LEVEL_ZERO>[DEBUG]: ze_event_pool_desc_t flags set to: 1
[2026-10-08 08:54:30.373] [thread-id: 126879708376256] [trace] zexCounterBasedEventCreate2(hContext, hDevice, desc, phEvent)
[2026-10-08 08:54:30.373] [thread-id: 126879708376256] [trace] SUCCESS (ZE_RESULT_SUCCESS) in zexCounterBasedEventCreate2(hContext=0x3a6bf738, hDevice=0x3a6a8f28, desc=0x7fff6cda7e00, phEvent=0x3a709918)
<LEVEL_ZERO>[DEBUG]: ze_event_pool_desc_t flags set to: 1
[2026-10-08 08:54:30.373] [thread-id: 126879708376256] [trace] zexCounterBasedEventCreate2(hContext, hDevice, desc, phEvent)
[2026-10-08 08:54:30.373] [thread-id: 126879708376256] [trace] SUCCESS (ZE_RESULT_SUCCESS) in zexCounterBasedEventCreate2(hContext=0x3a6bf738, hDevice=0x3a6a8f28, desc=0x7fff6cda7e00, phEvent=0x3a70a018)
<LEVEL_ZERO>[DEBUG]: ze_event_pool_desc_t flags set to: 1
[2026-10-08 08:54:30.373] [thread-id: 126879708376256] [trace] zexCounterBasedEventCreate2(hContext, hDevice, desc, phEvent)
[2026-10-08 08:54:30.373] [thread-id: 126879708376256] [trace] SUCCESS (ZE_RESULT_SUCCESS) in zexCounterBasedEventCreate2(hContext=0x3a6bf738, hDevice=0x3a6a8f28, desc=0x7fff6cda7e00, phEvent=0x3a70a528)
<LEVEL_ZERO>[DEBUG]: ze_event_pool_desc_t flags set to: 1
[2026-10-08 08:54:30.373] [thread-id: 126879708376256] [trace] zexCounterBasedEventCreate2(hContext, hDevice, desc, phEvent)
[2026-10-08 08:54:30.373] [thread-id: 126879708376256] [trace] SUCCESS (ZE_RESULT_SUCCESS) in zexCounterBasedEventCreate2(hContext=0x3a6bf738, hDevice=0x3a6a8f28, desc=0x7fff6cda7e00, phEvent=0x3a70ac28)
<LEVEL_ZERO>[DEBUG]: ze_event_pool_desc_t flags set to: 1
[2026-10-08 08:54:30.373] [thread-id: 126879708376256] [trace] zexCounterBasedEventCreate2(hContext, hDevice, desc, phEvent)
[2026-10-08 08:54:30.373] [thread-id: 126879708376256] [trace] SUCCESS (ZE_RESULT_SUCCESS) in zexCounterBasedEventCreate2(hContext=0x3a6bf738, hDevice=0x3a6a8f28, desc=0x7fff6cda7e00, phEvent=0x3a70b138)
<LEVEL_ZERO>[DEBUG]: ze_event_pool_desc_t flags set to: 1
[2026-10-08 08:54:30.373] [thread-id: 126879708376256] [trace] zexCounterBasedEventCreate2(hContext, hDevice, desc, phEvent)
[2026-10-08 08:54:30.373] [thread-id: 126879708376256] [trace] SUCCESS (ZE_RESULT_SUCCESS) in zexCounterBasedEventCreate2(hContext=0x3a6bf738, hDevice=0x3a6a8f28, desc=0x7fff6cda7e00, phEvent=0x3a70bab8)
<LEVEL_ZERO>[DEBUG]: ze_event_pool_desc_t flags set to: 1
[2026-10-08 08:54:30.373] [thread-id: 126879708376256] [trace] zexCounterBasedEventCreate2(hContext, hDevice, desc, phEvent)
[2026-10-08 08:54:30.373] [thread-id: 126879708376256] [trace] SUCCESS (ZE_RESULT_SUCCESS) in zexCounterBasedEventCreate2(hContext=0x3a6bf738, hDevice=0x3a6a8f28, desc=0x7fff6cda7e00, phEvent=0x3a70bfc8)
<LEVEL_ZERO>[DEBUG]: ze_event_pool_desc_t flags set to: 1
[2026-10-08 08:54:30.373] [thread-id: 126879708376256] [trace] zexCounterBasedEventCreate2(hContext, hDevice, desc, phEvent)
[2026-10-08 08:54:30.373] [thread-id: 126879708376256] [trace] SUCCESS (ZE_RESULT_SUCCESS) in zexCounterBasedEventCreate2(hContext=0x3a6bf738, hDevice=0x3a6a8f28, desc=0x7fff6cda7e00, phEvent=0x3a70c6c8)
<LEVEL_ZERO>[DEBUG]: ze_event_pool_desc_t flags set to: 1
[2026-10-08 08:54:30.373] [thread-id: 126879708376256] [trace] zexCounterBasedEventCreate2(hContext, hDevice, desc, phEvent)
[2026-10-08 08:54:30.373] [thread-id: 126879708376256] [trace] SUCCESS (ZE_RESULT_SUCCESS) in zexCounterBasedEventCreate2(hContext=0x3a6bf738, hDevice=0x3a6a8f28, desc=0x7fff6cda7e00, phEvent=0x3a70cbd8)
<LEVEL_ZERO>[DEBUG]: ze_event_pool_desc_t flags set to: 1
[2026-10-08 08:54:30.373] [thread-id: 126879708376256] [trace] zexCounterBasedEventCreate2(hContext, hDevice, desc, phEvent)
[2026-10-08 08:54:30.373] [thread-id: 126879708376256] [trace] SUCCESS (ZE_RESULT_SUCCESS) in zexCounterBasedEventCreate2(hContext=0x3a6bf738, hDevice=0x3a6a8f28, desc=0x7fff6cda7e00, phEvent=0x3a70d2d8)
<LEVEL_ZERO>[DEBUG]: ze_event_pool_desc_t flags set to: 1
[2026-10-08 08:54:30.374] [thread-id: 126879708376256] [trace] zexCounterBasedEventCreate2(hContext, hDevice, desc, phEvent)
[2026-10-08 08:54:30.374] [thread-id: 126879708376256] [trace] SUCCESS (ZE_RESULT_SUCCESS) in zexCounterBasedEventCreate2(hContext=0x3a6bf738, hDevice=0x3a6a8f28, desc=0x7fff6cda7e00, phEvent=0x3a70d7e8)
<LEVEL_ZERO>[DEBUG]: ze_event_pool_desc_t flags set to: 1
[2026-10-08 08:54:30.374] [thread-id: 126879708376256] [trace] zexCounterBasedEventCreate2(hContext, hDevice, desc, phEvent)
[2026-10-08 08:54:30.374] [thread-id: 126879708376256] [trace] SUCCESS (ZE_RESULT_SUCCESS) in zexCounterBasedEventCreate2(hContext=0x3a6bf738, hDevice=0x3a6a8f28, desc=0x7fff6cda7e00, phEvent=0x3a70dee8)
<LEVEL_ZERO>[DEBUG]: ze_event_pool_desc_t flags set to: 1
[2026-10-08 08:54:30.374] [thread-id: 126879708376256] [trace] zexCounterBasedEventCreate2(hContext, hDevice, desc, phEvent)
[2026-10-08 08:54:30.374] [thread-id: 126879708376256] [trace] SUCCESS (ZE_RESULT_SUCCESS) in zexCounterBasedEventCreate2(hContext=0x3a6bf738, hDevice=0x3a6a8f28, desc=0x7fff6cda7e00, phEvent=0x3a70e3f8)
<LEVEL_ZERO>[DEBUG]: ze_event_pool_desc_t flags set to: 1
[2026-10-08 08:54:30.374] [thread-id: 126879708376256] [trace] zexCounterBasedEventCreate2(hContext, hDevice, desc, phEvent)
[2026-10-08 08:54:30.374] [thread-id: 126879708376256] [trace] SUCCESS (ZE_RESULT_SUCCESS) in zexCounterBasedEventCreate2(hContext=0x3a6bf738, hDevice=0x3a6a8f28, desc=0x7fff6cda7e00, phEvent=0x3a70eaf8)
<LEVEL_ZERO>[DEBUG]: ze_event_pool_desc_t flags set to: 1
[2026-10-08 08:54:30.374] [thread-id: 126879708376256] [trace] zexCounterBasedEventCreate2(hContext, hDevice, desc, phEvent)
[2026-10-08 08:54:30.374] [thread-id: 126879708376256] [trace] SUCCESS (ZE_RESULT_SUCCESS) in zexCounterBasedEventCreate2(hContext=0x3a6bf738, hDevice=0x3a6a8f28, desc=0x7fff6cda7e00, phEvent=0x3a70f008)
<LEVEL_ZERO>[DEBUG]: ze_event_pool_desc_t flags set to: 1
[2026-10-08 08:54:30.374] [thread-id: 126879708376256] [trace] zexCounterBasedEventCreate2(hContext, hDevice, desc, phEvent)
[2026-10-08 08:54:30.374] [thread-id: 126879708376256] [trace] SUCCESS (ZE_RESULT_SUCCESS) in zexCounterBasedEventCreate2(hContext=0x3a6bf738, hDevice=0x3a6a8f28, desc=0x7fff6cda7e00, phEvent=0x3a70f708)
<LEVEL_ZERO>[DEBUG]: ze_event_pool_desc_t flags set to: 1
[2026-10-08 08:54:30.374] [thread-id: 126879708376256] [trace] zexCounterBasedEventCreate2(hContext, hDevice, desc, phEvent)
[2026-10-08 08:54:30.374] [thread-id: 126879708376256] [trace] SUCCESS (ZE_RESULT_SUCCESS) in zexCounterBasedEventCreate2(hContext=0x3a6bf738, hDevice=0x3a6a8f28, desc=0x7fff6cda7e00, phEvent=0x3a70fc18)
[2026-10-08 08:54:30.374] [thread-id: 126879708376256] [trace] zeCommandListAppendMemoryCopy(hCommandList, dstptr, srcptr, size, hSignalEvent, numWaitEvents, phWaitEventsLocal)
[2026-10-08 08:54:30.377] [thread-id: 126879708376256] [trace] SUCCESS (ZE_RESULT_SUCCESS) in zeCommandListAppendMemoryCopy(hCommandList=0x3a6c6d88, dstptr=0xffffffffff600000, srcptr=0x3a6d78a0, size=65536, hSignalEvent=0x3a70fc18, numWaitEvents=0, phWaitEvents=nullptr)
   <--- urEnqueueUSMMemcpy(.hQueue = 0x3a6c60a0, .blocking = 0, .pDst = 0xffffffffff600000, .pSrc = 0x3a6d78a0, .size = 65536, .numEventsInWaitList = 0, .phEventWaitList = nullptr, .phEvent = 0x7fff6cda8400 (0x3a70f600)) -> UR_RESULT_SUCCESS;
   ---> urEventWait
[2026-10-08 08:54:30.377] [thread-id: 126879708376256] [trace] zeEventHostSynchronize(hEvent, timeout)
[2026-10-08 08:54:30.377] [thread-id: 126879708376256] [trace] SUCCESS (ZE_RESULT_SUCCESS) in zeEventHostSynchronize(hEvent=0x3a70fc18, timeout=18446744073709551615)
   <--- urEventWait(.numEvents = 1, .phEventWaitList = 0x7fff6cda8450 {0x3a70f600}) -> UR_RESULT_SUCCESS;
   ---> urEventRelease
   <--- urEventRelease(.hEvent = 0x3a70f600) -> UR_RESULT_SUCCESS;
   ---> urDeviceGetInfo
[2026-10-08 08:54:30.377] [thread-id: 126879708376256] [trace] zeDeviceGetComputeProperties(hDevice, pComputeProperties)
[2026-10-08 08:54:30.377] [thread-id: 126879708376256] [trace] SUCCESS (ZE_RESULT_SUCCESS) in zeDeviceGetComputeProperties(hDevice=0x3a6a8f28, pComputeProperties={stype=0x3a6be280, maxTotalGroupSize=1024, maxGroupSizeX=1024, maxGroupSizeY=1024, maxGroupSizeZ=1024, maxGroupCountX=4294967295, maxGroupCountY=4294967295, maxGroupCountZ=4294967295, maxSharedLocalMemory=131072, numSubGroupSizes=2, subGroupSizes=16})
   <--- urDeviceGetInfo(.hDevice = 0x3a6be040, .propName = UR_DEVICE_INFO_MAX_WORK_GROUPS_3D, .propSize = 24, .pPropValue = {4294967295, 4294967295, 4294967295}, .pPropSizeRet = nullptr) -> UR_RESULT_SUCCESS;
   ---> urDeviceSelectBinary
   <--- urDeviceSelectBinary(.hDevice = 0x3a6be040, .pBinaries = 0x3a738a50 ((struct ur_device_binary_t){.stype = UR_STRUCTURE_TYPE_CONTEXT_PROPERTIES, .pNext = nullptr, .pDeviceTargetSpec = 0x73657ed233c0 (spir64)}), .NumBinaries = 1, .pSelectedBinary = 0x7fff6cda795c (0)) -> UR_RESULT_SUCCESS;
   ---> urPlatformGetBackendOption
   <--- urPlatformGetBackendOption(.hPlatform = 0x3a6bc810, .pFrontendOption = 0x7fff6cda7468 (-O2), .ppPlatformOption = 0x7fff6cda7438 (0x73657bd91975 (-ze-opt-level=2))) -> UR_RESULT_SUCCESS;
   ---> urDeviceGetInfo
   <--- urDeviceGetInfo(.hDevice = 0x3a6be040, .propName = UR_DEVICE_INFO_VENDOR_ID, .propSize = 4, .pPropValue = 0x7fff6cda73b8 (32902), .pPropSizeRet = nullptr) -> UR_RESULT_SUCCESS;
   ---> urDeviceGetInfo
   <--- urDeviceGetInfo(.hDevice = 0x3a6be040, .propName = UR_DEVICE_INFO_DEVICE_ID, .propSize = 0, .pPropValue = nullptr, .pPropSizeRet = 0x7fff6cda7240 (4)) -> UR_RESULT_SUCCESS;
   ---> urDeviceGetInfo
   <--- urDeviceGetInfo(.hDevice = 0x3a6be040, .propName = UR_DEVICE_INFO_DEVICE_ID, .propSize = 4, .pPropValue = 0x7fff6cda7388 (57868), .pPropSizeRet = nullptr) -> UR_RESULT_SUCCESS;
   ---> urDeviceGetInfo
   <--- urDeviceGetInfo(.hDevice = 0x3a6be040, .propName = UR_DEVICE_INFO_COMPILER_AVAILABLE, .propSize = 1, .pPropValue = 0x7fff6cda7420 (true), .pPropSizeRet = nullptr) -> UR_RESULT_SUCCESS;
   ---> urProgramCreateWithIL
   <--- urProgramCreateWithIL(.hContext = 0x3a6c2b90, .pIL = 0x415b20, .length = 2080, .pProperties = nullptr, .phProgram = 0x7fff6cda7540 (0x3a700a10)) -> UR_RESULT_SUCCESS;
   ---> urProgramBuildExp
[2026-10-08 08:54:30.378] [thread-id: 126879708376256] [trace] zeModuleCreate(hContext, hDevice, desc, phModule, phBuildLog)
[2026-10-08 08:54:30.379] [thread-id: 126879708376256] [trace] SUCCESS (ZE_RESULT_SUCCESS) in zeModuleCreate(hContext=0x3a6bf738, hDevice=0x3a6a8f28, desc={stype=0x7fff6cda71c0, format=0x7fff6cda71d0, inputSize=2080, pInputModule=3, pBuildFlags=" -ze-opt-level=2", pConstants={numConstants=0, pConstantIds=nullptr, pConstantValues=nullptr}}, phModule=0x3a713d18, phBuildLog=0x3a739818)
[2026-10-08 08:54:30.379] [thread-id: 126879708376256] [trace] zeModuleGetProperties(hModule, pModuleProperties)
[2026-10-08 08:54:30.379] [thread-id: 126879708376256] [trace] SUCCESS (ZE_RESULT_SUCCESS) in zeModuleGetProperties(hModule=0x3a713d18, pModuleProperties={stype=0x7fff6cda7130, flags=0})
   <--- urProgramBuildExp(.hProgram = 0x3a700a10, .numDevices = 1, .phDevices = 0x3a738a50 {0x3a6be040}, .flags = 0, .pOptions = 0x3a738a70 ( -ze-opt-level=2)) -> UR_RESULT_SUCCESS;
   ---> urProgramRetain
   <--- urProgramRetain(.hProgram = 0x3a700a10) -> UR_RESULT_SUCCESS;
   ---> urKernelCreate
[2026-10-08 08:54:30.379] [thread-id: 126879708376256] [trace] zeKernelCreate(hModule, desc, phKernel)
[2026-10-08 08:54:30.379] [thread-id: 126879708376256] [trace] SUCCESS (ZE_RESULT_SUCCESS) in zeKernelCreate(hModule=0x3a713d18, desc={stype=0x7fff6cda7850, flags=0, pKernelName="_ZTSZ4mainEUlN4sycl3_V12idILi1EEEE_"}, phKernel=0x3a750748)
[2026-10-08 08:54:30.379] [thread-id: 126879708376256] [trace] zeKernelGetName(hKernel, pSize, pName)
[2026-10-08 08:54:30.379] [thread-id: 126879708376256] [trace] SUCCESS (ZE_RESULT_SUCCESS) in zeKernelGetName(hKernel=0x3a750748, pSize=36, pName=nullptr)
[2026-10-08 08:54:30.379] [thread-id: 126879708376256] [trace] zeKernelGetName(hKernel, pSize, pName)
[2026-10-08 08:54:30.379] [thread-id: 126879708376256] [trace] SUCCESS (ZE_RESULT_SUCCESS) in zeKernelGetName(hKernel=0x3a750748, pSize=36, pName="_ZTSZ4mainEUlN4sycl3_V12idILi1EEEE_")
[2026-10-08 08:54:30.379] [thread-id: 126879708376256] [trace] zeKernelGetProperties(hKernel, pKernelProperties)
[2026-10-08 08:54:30.379] [thread-id: 126879708376256] [trace] SUCCESS (ZE_RESULT_SUCCESS) in zeKernelGetProperties(hKernel=0x3a750748, pKernelProperties={stype=0x3a731b48, numKernelArgs=1, requiredGroupSizeX=0, requiredGroupSizeY=0, requiredGroupSizeZ=0, requiredNumSubGroups=0, requiredSubgroupSize=0, maxSubgroupSize=32, maxNumSubgroups=32, localMemSize=0, privateMemSize=0, spillMemSize=0, uuid={kid=0, mid=0}})
   <--- urKernelCreate(.hProgram = 0x3a700a10, .pKernelName = 0x4131d2 (_ZTSZ4mainEUlN4sycl3_V12idILi1EEEE_), .phKernel = 0x7fff6cda7b70 (0x3a74bd40)) -> UR_RESULT_SUCCESS;
   ---> urKernelSetExecInfo
[2026-10-08 08:54:30.379] [thread-id: 126879708376256] [trace] zeKernelSetIndirectAccess(hKernel, flags)
[2026-10-08 08:54:30.379] [thread-id: 126879708376256] [trace] SUCCESS (ZE_RESULT_SUCCESS) in zeKernelSetIndirectAccess(hKernel=0x3a750748, flags=7)
   <--- urKernelSetExecInfo(.hKernel = 0x3a74bd40, .propName = UR_KERNEL_EXEC_INFO_USM_INDIRECT_ACCESS, .propSize = 1, .pProperties = nullptr, .pPropValue = 0x7fff6cda7b6f (true)) -> UR_RESULT_SUCCESS;
   ---> urKernelRetain
   <--- urKernelRetain(.hKernel = 0x3a74bd40) -> UR_RESULT_SUCCESS;
   ---> urKernelGetGroupInfo
   <--- urKernelGetGroupInfo(.hKernel = 0x3a74bd40, .hDevice = 0x3a6be040, .propName = UR_KERNEL_GROUP_INFO_COMPILE_WORK_GROUP_SIZE, .propSize = 24, .pPropValue = {0, 0, 0}, .pPropSizeRet = nullptr) -> UR_RESULT_SUCCESS;
   ---> urEnqueueKernelLaunchWithArgsExp
[2026-10-08 08:54:30.379] [thread-id: 126879708376256] [trace] zeKernelSuggestGroupSize(hKernel, globalSizeX, globalSizeY, globalSizeZ, groupSizeX, groupSizeY, groupSizeZ)
[2026-10-08 08:54:30.379] [thread-id: 126879708376256] [trace] SUCCESS (ZE_RESULT_SUCCESS) in zeKernelSuggestGroupSize(hKernel=0x3a750748, globalSizeX=16384, globalSizeY=1, globalSizeZ=1, groupSizeX=1024, groupSizeY=1, groupSizeZ=1)
[2026-10-08 08:54:30.379] [thread-id: 126879708376256] [trace] zeKernelSetGroupSize(hKernel, groupSizeX, groupSizeY, groupSizeZ)
[2026-10-08 08:54:30.379] [thread-id: 126879708376256] [trace] SUCCESS (ZE_RESULT_SUCCESS) in zeKernelSetGroupSize(hKernel=0x3a750748, groupSizeX=1024, groupSizeY=1, groupSizeZ=1)
[2026-10-08 08:54:30.379] [thread-id: 126879708376256] [trace] zeCommandListAppendLaunchKernelWithArguments(hCommandList, hKernel, groupCounts, groupSizes, pArguments, pNext, hSignalEvent, numWaitEvents, phWaitEventsLocal)
[2026-10-08 08:54:30.380] [thread-id: 126879708376256] [trace] SUCCESS (ZE_RESULT_SUCCESS) in zeCommandListAppendLaunchKernelWithArguments(hCommandList=0x3a6c6d88, hKernel=0x3a750748, groupCounts={groupCountX=16, groupCountY=1, groupCountZ=1}, groupSizes={groupSizeX=1024, groupSizeY=1, groupSizeZ=1}, pArguments=0x3a750e90, pNext=nullptr, hSignalEvent=0x3a70fc18, numWaitEvents=0, phWaitEvents=nullptr)
   <--- urEnqueueKernelLaunchWithArgsExp(.hQueue = 0x3a6c60a0, .hKernel = 0x3a74bd40, .workDim = 1, .pGlobalWorkOffset = nullptr, .pGlobalWorkSize = 0x7fff6cda8330 (16384), .pLocalWorkSize = nullptr, .numArgs = 1, .pArgs = 0x3a74c8d0 {(struct ur_exp_kernel_arg_properties_t){.stype = UR_STRUCTURE_TYPE_EXP_KERNEL_ARG_PROPERTIES, .pNext = nullptr, .type = UR_EXP_KERNEL_ARG_TYPE_POINTER, .index = 0, .size = 8, .value = (union ur_exp_kernel_arg_value_t){.pointer = 0xffffffffff600000}}}, .launchPropList = nullptr, .numEventsInWaitList = 0, .phEventWaitList = nullptr, .phEvent = 0x7fff6cda7d50 (0x3a70f600)) -> UR_RESULT_SUCCESS;
   ---> urEventWait
[2026-10-08 08:54:30.380] [thread-id: 126879708376256] [trace] zeEventHostSynchronize(hEvent, timeout)
[2026-10-08 08:54:30.380] [thread-id: 126879708376256] [trace] SUCCESS (ZE_RESULT_SUCCESS) in zeEventHostSynchronize(hEvent=0x3a70fc18, timeout=18446744073709551615)
   <--- urEventWait(.numEvents = 1, .phEventWaitList = 0x7fff6cda8450 {0x3a70f600}) -> UR_RESULT_SUCCESS;
   ---> urEventRelease
   <--- urEventRelease(.hEvent = 0x3a70f600) -> UR_RESULT_SUCCESS;
   ---> urEnqueueUSMMemcpy
[2026-10-08 08:54:30.380] [thread-id: 126879708376256] [trace] zeCommandListAppendMemoryCopy(hCommandList, dstptr, srcptr, size, hSignalEvent, numWaitEvents, phWaitEventsLocal)
[2026-10-08 08:54:30.380] [thread-id: 126879708376256] [trace] SUCCESS (ZE_RESULT_SUCCESS) in zeCommandListAppendMemoryCopy(hCommandList=0x3a6c6d88, dstptr=0x3a6e78b0, srcptr=0xffffffffff600000, size=65536, hSignalEvent=0x3a70fc18, numWaitEvents=0, phWaitEvents=nullptr)
   <--- urEnqueueUSMMemcpy(.hQueue = 0x3a6c60a0, .blocking = 0, .pDst = 0x3a6e78b0, .pSrc = 0xffffffffff600000, .size = 65536, .numEventsInWaitList = 0, .phEventWaitList = nullptr, .phEvent = 0x7fff6cda8400 (0x3a70f600)) -> UR_RESULT_SUCCESS;
   ---> urEventWait
[2026-10-08 08:54:30.381] [thread-id: 126879708376256] [trace] zeEventHostSynchronize(hEvent, timeout)
[2026-10-08 08:54:30.381] [thread-id: 126879708376256] [trace] SUCCESS (ZE_RESULT_SUCCESS) in zeEventHostSynchronize(hEvent=0x3a70fc18, timeout=18446744073709551615)
   <--- urEventWait(.numEvents = 1, .phEventWaitList = 0x7fff6cda8450 {0x3a70f600}) -> UR_RESULT_SUCCESS;
   ---> urEventRelease
   <--- urEventRelease(.hEvent = 0x3a70f600) -> UR_RESULT_SUCCESS;
   ---> urEnqueueUSMMemcpy
[2026-10-08 08:54:30.381] [thread-id: 126879708376256] [trace] zeCommandListAppendMemoryCopy(hCommandList, dstptr, srcptr, size, hSignalEvent, numWaitEvents, phWaitEventsLocal)
[2026-10-08 08:54:30.381] [thread-id: 126879708376256] [trace] SUCCESS (ZE_RESULT_SUCCESS) in zeCommandListAppendMemoryCopy(hCommandList=0x3a6c6d88, dstptr=0xffffffffff600000, srcptr=0x3a6d78a0, size=65536, hSignalEvent=0x3a70fc18, numWaitEvents=0, phWaitEvents=nullptr)
   <--- urEnqueueUSMMemcpy(.hQueue = 0x3a6c60a0, .blocking = 0, .pDst = 0xffffffffff600000, .pSrc = 0x3a6d78a0, .size = 65536, .numEventsInWaitList = 0, .phEventWaitList = nullptr, .phEvent = 0x7fff6cda8400 (0x3a70f600)) -> UR_RESULT_SUCCESS;
   ---> urEventWait
[2026-10-08 08:54:30.381] [thread-id: 126879708376256] [trace] zeEventHostSynchronize(hEvent, timeout)
[2026-10-08 08:54:30.381] [thread-id: 126879708376256] [trace] SUCCESS (ZE_RESULT_SUCCESS) in zeEventHostSynchronize(hEvent=0x3a70fc18, timeout=18446744073709551615)
   <--- urEventWait(.numEvents = 1, .phEventWaitList = 0x7fff6cda8450 {0x3a70f600}) -> UR_RESULT_SUCCESS;
   ---> urEventRelease
   <--- urEventRelease(.hEvent = 0x3a70f600) -> UR_RESULT_SUCCESS;
   ---> urDeviceGetInfo
   <--- urDeviceGetInfo(.hDevice = 0x3a6be040, .propName = UR_DEVICE_INFO_MAX_WORK_GROUPS_3D, .propSize = 24, .pPropValue = {4294967295, 4294967295, 4294967295}, .pPropSizeRet = nullptr) -> UR_RESULT_SUCCESS;
   ---> urKernelGetGroupInfo
   <--- urKernelGetGroupInfo(.hKernel = 0x3a74bd40, .hDevice = 0x3a6be040, .propName = UR_KERNEL_GROUP_INFO_COMPILE_WORK_GROUP_SIZE, .propSize = 24, .pPropValue = {0, 0, 0}, .pPropSizeRet = nullptr) -> UR_RESULT_SUCCESS;
   ---> urEnqueueKernelLaunchWithArgsExp
[2026-10-08 08:54:30.381] [thread-id: 126879708376256] [trace] zeKernelSuggestGroupSize(hKernel, globalSizeX, globalSizeY, globalSizeZ, groupSizeX, groupSizeY, groupSizeZ)
[2026-10-08 08:54:30.381] [thread-id: 126879708376256] [trace] SUCCESS (ZE_RESULT_SUCCESS) in zeKernelSuggestGroupSize(hKernel=0x3a750748, globalSizeX=16384, globalSizeY=1, globalSizeZ=1, groupSizeX=1024, groupSizeY=1, groupSizeZ=1)
[2026-10-08 08:54:30.381] [thread-id: 126879708376256] [trace] zeKernelSetGroupSize(hKernel, groupSizeX, groupSizeY, groupSizeZ)
[2026-10-08 08:54:30.381] [thread-id: 126879708376256] [trace] SUCCESS (ZE_RESULT_SUCCESS) in zeKernelSetGroupSize(hKernel=0x3a750748, groupSizeX=1024, groupSizeY=1, groupSizeZ=1)
[2026-10-08 08:54:30.381] [thread-id: 126879708376256] [trace] zeCommandListAppendLaunchKernelWithArguments(hCommandList, hKernel, groupCounts, groupSizes, pArguments, pNext, hSignalEvent, numWaitEvents, phWaitEventsLocal)
[2026-10-08 08:54:30.381] [thread-id: 126879708376256] [trace] SUCCESS (ZE_RESULT_SUCCESS) in zeCommandListAppendLaunchKernelWithArguments(hCommandList=0x3a6c6d88, hKernel=0x3a750748, groupCounts={groupCountX=16, groupCountY=1, groupCountZ=1}, groupSizes={groupSizeX=1024, groupSizeY=1, groupSizeZ=1}, pArguments=0x3a750e90, pNext=nullptr, hSignalEvent=0x3a70fc18, numWaitEvents=0, phWaitEvents=nullptr)
   <--- urEnqueueKernelLaunchWithArgsExp(.hQueue = 0x3a6c60a0, .hKernel = 0x3a74bd40, .workDim = 1, .pGlobalWorkOffset = nullptr, .pGlobalWorkSize = 0x7fff6cda8330 (16384), .pLocalWorkSize = nullptr, .numArgs = 1, .pArgs = 0x3a74c8d0 {(struct ur_exp_kernel_arg_properties_t){.stype = UR_STRUCTURE_TYPE_EXP_KERNEL_ARG_PROPERTIES, .pNext = nullptr, .type = UR_EXP_KERNEL_ARG_TYPE_POINTER, .index = 0, .size = 8, .value = (union ur_exp_kernel_arg_value_t){.pointer = 0xffffffffff600000}}}, .launchPropList = nullptr, .numEventsInWaitList = 0, .phEventWaitList = nullptr, .phEvent = 0x7fff6cda7d50 (0x3a70f600)) -> UR_RESULT_SUCCESS;
   ---> urEventWait
[2026-10-08 08:54:30.381] [thread-id: 126879708376256] [trace] zeEventHostSynchronize(hEvent, timeout)
[2026-10-08 08:54:30.381] [thread-id: 126879708376256] [trace] SUCCESS (ZE_RESULT_SUCCESS) in zeEventHostSynchronize(hEvent=0x3a70fc18, timeout=18446744073709551615)
   <--- urEventWait(.numEvents = 1, .phEventWaitList = 0x7fff6cda8450 {0x3a70f600}) -> UR_RESULT_SUCCESS;
   ---> urEventRelease
   <--- urEventRelease(.hEvent = 0x3a70f600) -> UR_RESULT_SUCCESS;
   ---> urEnqueueUSMMemcpy
[2026-10-08 08:54:30.381] [thread-id: 126879708376256] [trace] zeCommandListAppendMemoryCopy(hCommandList, dstptr, srcptr, size, hSignalEvent, numWaitEvents, phWaitEventsLocal)
[2026-10-08 08:54:30.381] [thread-id: 126879708376256] [trace] SUCCESS (ZE_RESULT_SUCCESS) in zeCommandListAppendMemoryCopy(hCommandList=0x3a6c6d88, dstptr=0x3a6e78b0, srcptr=0xffffffffff600000, size=65536, hSignalEvent=0x3a70fc18, numWaitEvents=0, phWaitEvents=nullptr)
   <--- urEnqueueUSMMemcpy(.hQueue = 0x3a6c60a0, .blocking = 0, .pDst = 0x3a6e78b0, .pSrc = 0xffffffffff600000, .size = 65536, .numEventsInWaitList = 0, .phEventWaitList = nullptr, .phEvent = 0x7fff6cda8400 (0x3a70f600)) -> UR_RESULT_SUCCESS;
   ---> urEventWait
[2026-10-08 08:54:30.381] [thread-id: 126879708376256] [trace] zeEventHostSynchronize(hEvent, timeout)
[2026-10-08 08:54:30.381] [thread-id: 126879708376256] [trace] SUCCESS (ZE_RESULT_SUCCESS) in zeEventHostSynchronize(hEvent=0x3a70fc18, timeout=18446744073709551615)
   <--- urEventWait(.numEvents = 1, .phEventWaitList = 0x7fff6cda8450 {0x3a70f600}) -> UR_RESULT_SUCCESS;
   ---> urEventRelease
   <--- urEventRelease(.hEvent = 0x3a70f600) -> UR_RESULT_SUCCESS;
   ---> urEnqueueUSMMemcpy
[2026-10-08 08:54:30.381] [thread-id: 126879708376256] [trace] zeCommandListAppendMemoryCopy(hCommandList, dstptr, srcptr, size, hSignalEvent, numWaitEvents, phWaitEventsLocal)
[2026-10-08 08:54:30.381] [thread-id: 126879708376256] [trace] SUCCESS (ZE_RESULT_SUCCESS) in zeCommandListAppendMemoryCopy(hCommandList=0x3a6c6d88, dstptr=0xffffffffff600000, srcptr=0x3a6d78a0, size=65536, hSignalEvent=0x3a70fc18, numWaitEvents=0, phWaitEvents=nullptr)
   <--- urEnqueueUSMMemcpy(.hQueue = 0x3a6c60a0, .blocking = 0, .pDst = 0xffffffffff600000, .pSrc = 0x3a6d78a0, .size = 65536, .numEventsInWaitList = 0, .phEventWaitList = nullptr, .phEvent = 0x7fff6cda8400 (0x3a70f600)) -> UR_RESULT_SUCCESS;
   ---> urEventWait
[2026-10-08 08:54:30.381] [thread-id: 126879708376256] [trace] zeEventHostSynchronize(hEvent, timeout)
[2026-10-08 08:54:30.382] [thread-id: 126879708376256] [trace] SUCCESS (ZE_RESULT_SUCCESS) in zeEventHostSynchronize(hEvent=0x3a70fc18, timeout=18446744073709551615)
   <--- urEventWait(.numEvents = 1, .phEventWaitList = 0x7fff6cda8450 {0x3a70f600}) -> UR_RESULT_SUCCESS;
   ---> urEventRelease
   <--- urEventRelease(.hEvent = 0x3a70f600) -> UR_RESULT_SUCCESS;
   ---> urDeviceGetInfo
   <--- urDeviceGetInfo(.hDevice = 0x3a6be040, .propName = UR_DEVICE_INFO_MAX_WORK_GROUPS_3D, .propSize = 24, .pPropValue = {4294967295, 4294967295, 4294967295}, .pPropSizeRet = nullptr) -> UR_RESULT_SUCCESS;
   ---> urKernelGetGroupInfo
   <--- urKernelGetGroupInfo(.hKernel = 0x3a74bd40, .hDevice = 0x3a6be040, .propName = UR_KERNEL_GROUP_INFO_COMPILE_WORK_GROUP_SIZE, .propSize = 24, .pPropValue = {0, 0, 0}, .pPropSizeRet = nullptr) -> UR_RESULT_SUCCESS;
   ---> urEnqueueKernelLaunchWithArgsExp
[2026-10-08 08:54:30.382] [thread-id: 126879708376256] [trace] zeKernelSuggestGroupSize(hKernel, globalSizeX, globalSizeY, globalSizeZ, groupSizeX, groupSizeY, groupSizeZ)
[2026-10-08 08:54:30.382] [thread-id: 126879708376256] [trace] SUCCESS (ZE_RESULT_SUCCESS) in zeKernelSuggestGroupSize(hKernel=0x3a750748, globalSizeX=16384, globalSizeY=1, globalSizeZ=1, groupSizeX=1024, groupSizeY=1, groupSizeZ=1)
[2026-10-08 08:54:30.382] [thread-id: 126879708376256] [trace] zeKernelSetGroupSize(hKernel, groupSizeX, groupSizeY, groupSizeZ)
[2026-10-08 08:54:30.382] [thread-id: 126879708376256] [trace] SUCCESS (ZE_RESULT_SUCCESS) in zeKernelSetGroupSize(hKernel=0x3a750748, groupSizeX=1024, groupSizeY=1, groupSizeZ=1)
[2026-10-08 08:54:30.382] [thread-id: 126879708376256] [trace] zeCommandListAppendLaunchKernelWithArguments(hCommandList, hKernel, groupCounts, groupSizes, pArguments, pNext, hSignalEvent, numWaitEvents, phWaitEventsLocal)
[2026-10-08 08:54:30.382] [thread-id: 126879708376256] [trace] SUCCESS (ZE_RESULT_SUCCESS) in zeCommandListAppendLaunchKernelWithArguments(hCommandList=0x3a6c6d88, hKernel=0x3a750748, groupCounts={groupCountX=16, groupCountY=1, groupCountZ=1}, groupSizes={groupSizeX=1024, groupSizeY=1, groupSizeZ=1}, pArguments=0x3a750e90, pNext=nullptr, hSignalEvent=0x3a70fc18, numWaitEvents=0, phWaitEvents=nullptr)
   <--- urEnqueueKernelLaunchWithArgsExp(.hQueue = 0x3a6c60a0, .hKernel = 0x3a74bd40, .workDim = 1, .pGlobalWorkOffset = nullptr, .pGlobalWorkSize = 0x7fff6cda8330 (16384), .pLocalWorkSize = nullptr, .numArgs = 1, .pArgs = 0x3a74c8d0 {(struct ur_exp_kernel_arg_properties_t){.stype = UR_STRUCTURE_TYPE_EXP_KERNEL_ARG_PROPERTIES, .pNext = nullptr, .type = UR_EXP_KERNEL_ARG_TYPE_POINTER, .index = 0, .size = 8, .value = (union ur_exp_kernel_arg_value_t){.pointer = 0xffffffffff600000}}}, .launchPropList = nullptr, .numEventsInWaitList = 0, .phEventWaitList = nullptr, .phEvent = 0x7fff6cda7d50 (0x3a70f600)) -> UR_RESULT_SUCCESS;
   ---> urEventWait
[2026-10-08 08:54:30.382] [thread-id: 126879708376256] [trace] zeEventHostSynchronize(hEvent, timeout)
[2026-10-08 08:54:30.382] [thread-id: 126879708376256] [trace] SUCCESS (ZE_RESULT_SUCCESS) in zeEventHostSynchronize(hEvent=0x3a70fc18, timeout=18446744073709551615)
   <--- urEventWait(.numEvents = 1, .phEventWaitList = 0x7fff6cda8450 {0x3a70f600}) -> UR_RESULT_SUCCESS;
   ---> urEventRelease
   <--- urEventRelease(.hEvent = 0x3a70f600) -> UR_RESULT_SUCCESS;
   ---> urEnqueueUSMMemcpy
[2026-10-08 08:54:30.382] [thread-id: 126879708376256] [trace] zeCommandListAppendMemoryCopy(hCommandList, dstptr, srcptr, size, hSignalEvent, numWaitEvents, phWaitEventsLocal)
[2026-10-08 08:54:30.382] [thread-id: 126879708376256] [trace] SUCCESS (ZE_RESULT_SUCCESS) in zeCommandListAppendMemoryCopy(hCommandList=0x3a6c6d88, dstptr=0x3a6e78b0, srcptr=0xffffffffff600000, size=65536, hSignalEvent=0x3a70fc18, numWaitEvents=0, phWaitEvents=nullptr)
   <--- urEnqueueUSMMemcpy(.hQueue = 0x3a6c60a0, .blocking = 0, .pDst = 0x3a6e78b0, .pSrc = 0xffffffffff600000, .size = 65536, .numEventsInWaitList = 0, .phEventWaitList = nullptr, .phEvent = 0x7fff6cda8400 (0x3a70f600)) -> UR_RESULT_SUCCESS;
   ---> urEventWait
[2026-10-08 08:54:30.382] [thread-id: 126879708376256] [trace] zeEventHostSynchronize(hEvent, timeout)
[2026-10-08 08:54:30.382] [thread-id: 126879708376256] [trace] SUCCESS (ZE_RESULT_SUCCESS) in zeEventHostSynchronize(hEvent=0x3a70fc18, timeout=18446744073709551615)
   <--- urEventWait(.numEvents = 1, .phEventWaitList = 0x7fff6cda8450 {0x3a70f600}) -> UR_RESULT_SUCCESS;
   ---> urEventRelease
   <--- urEventRelease(.hEvent = 0x3a70f600) -> UR_RESULT_SUCCESS;
   ---> urQueueFinish
[2026-10-08 08:54:30.382] [thread-id: 126879708376256] [trace] zeCommandListHostSynchronize(hCommandList, timeout)
[2026-10-08 08:54:30.382] [thread-id: 126879708376256] [trace] SUCCESS (ZE_RESULT_SUCCESS) in zeCommandListHostSynchronize(hCommandList=0x3a6c6d88, timeout=18446744073709551615)
   <--- urQueueFinish(.hQueue = 0x3a6c60a0) -> UR_RESULT_SUCCESS;
   ---> urUSMFree
   <--- urUSMFree(.hContext = 0x3a6c2b90, .pMem = 0xffffffffff600000) -> UR_RESULT_SUCCESS;
   ---> urQueueRelease
[2026-10-08 08:54:30.382] [thread-id: 126879708376256] [trace] zeCommandListHostSynchronize(hCommandList, timeout)
[2026-10-08 08:54:30.382] [thread-id: 126879708376256] [trace] SUCCESS (ZE_RESULT_SUCCESS) in zeCommandListHostSynchronize(hCommandList=0x3a6c6d88, timeout=18446744073709551615)
   <--- urQueueRelease(.hQueue = 0x3a6c60a0) -> UR_RESULT_SUCCESS;
   ---> urProgramRelease
   <--- urProgramRelease(.hProgram = 0x3a700a10) -> UR_RESULT_SUCCESS;
   ---> urKernelRelease
   <--- urKernelRelease(.hKernel = 0x3a74bd40) -> UR_RESULT_SUCCESS;
   ---> urProgramRelease
   <--- urProgramRelease(.hProgram = 0x3a700a10) -> UR_RESULT_SUCCESS;
   ---> urKernelRelease
[2026-10-08 08:54:30.382] [thread-id: 126879708376256] [trace] zeKernelDestroy(hKernel)
[2026-10-08 08:54:30.382] [thread-id: 126879708376256] [trace] SUCCESS (ZE_RESULT_SUCCESS) in zeKernelDestroy(hKernel=0x3a750748)
[2026-10-08 08:54:30.382] [thread-id: 126879708376256] [trace] zeModuleBuildLogDestroy(hModuleBuildLog)
[2026-10-08 08:54:30.382] [thread-id: 126879708376256] [trace] SUCCESS (ZE_RESULT_SUCCESS) in zeModuleBuildLogDestroy(hModuleBuildLog=0x3a739818)
[2026-10-08 08:54:30.382] [thread-id: 126879708376256] [trace] zeModuleDestroy(hModule)
[2026-10-08 08:54:30.383] [thread-id: 126879708376256] [trace] SUCCESS (ZE_RESULT_SUCCESS) in zeModuleDestroy(hModule=0x3a713d18)
   <--- urKernelRelease(.hKernel = 0x3a74bd40) -> UR_RESULT_SUCCESS;
   ---> urContextRelease
[2026-10-08 08:54:30.383] [thread-id: 126879708376256] [trace] zeMemFreeExt(hContext, pMemFreeDesc, ptr)
[2026-10-08 08:54:30.383] [thread-id: 126879708376256] [trace] SUCCESS (ZE_RESULT_SUCCESS) in zeMemFreeExt(hContext=0x3a6bf738, pMemFreeDesc={stype=0x7fff6cda8190, freePolicy=1}, ptr=0xffffffffff600000)
[2026-10-08 08:54:30.383] [thread-id: 126879708376256] [trace] zeEventDestroy(hEvent)
[2026-10-08 08:54:30.383] [thread-id: 126879708376256] [trace] SUCCESS (ZE_RESULT_SUCCESS) in zeEventDestroy(hEvent=0x3a6f8528)
[2026-10-08 08:54:30.383] [thread-id: 126879708376256] [trace] zeEventDestroy(hEvent)
[2026-10-08 08:54:30.383] [thread-id: 126879708376256] [trace] SUCCESS (ZE_RESULT_SUCCESS) in zeEventDestroy(hEvent=0x3a6f8a68)
[2026-10-08 08:54:30.383] [thread-id: 126879708376256] [trace] zeEventDestroy(hEvent)
[2026-10-08 08:54:30.383] [thread-id: 126879708376256] [trace] SUCCESS (ZE_RESULT_SUCCESS) in zeEventDestroy(hEvent=0x3a6f9168)
[2026-10-08 08:54:30.383] [thread-id: 126879708376256] [trace] zeEventDestroy(hEvent)
[2026-10-08 08:54:30.383] [thread-id: 126879708376256] [trace] SUCCESS (ZE_RESULT_SUCCESS) in zeEventDestroy(hEvent=0x3a6f96c8)
[2026-10-08 08:54:30.383] [thread-id: 126879708376256] [trace] zeEventDestroy(hEvent)
[2026-10-08 08:54:30.383] [thread-id: 126879708376256] [trace] SUCCESS (ZE_RESULT_SUCCESS) in zeEventDestroy(hEvent=0x3a6f9dc8)
[2026-10-08 08:54:30.383] [thread-id: 126879708376256] [trace] zeEventDestroy(hEvent)
[2026-10-08 08:54:30.383] [thread-id: 126879708376256] [trace] SUCCESS (ZE_RESULT_SUCCESS) in zeEventDestroy(hEvent=0x3a6fa2d8)
[2026-10-08 08:54:30.383] [thread-id: 126879708376256] [trace] zeEventDestroy(hEvent)
[2026-10-08 08:54:30.383] [thread-id: 126879708376256] [trace] SUCCESS (ZE_RESULT_SUCCESS) in zeEventDestroy(hEvent=0x3a6fa9d8)
[2026-10-08 08:54:30.383] [thread-id: 126879708376256] [trace] zeEventDestroy(hEvent)
[2026-10-08 08:54:30.383] [thread-id: 126879708376256] [trace] SUCCESS (ZE_RESULT_SUCCESS) in zeEventDestroy(hEvent=0x3a6faee8)
[2026-10-08 08:54:30.383] [thread-id: 126879708376256] [trace] zeEventDestroy(hEvent)
[2026-10-08 08:54:30.383] [thread-id: 126879708376256] [trace] SUCCESS (ZE_RESULT_SUCCESS) in zeEventDestroy(hEvent=0x3a6fb5e8)
[2026-10-08 08:54:30.383] [thread-id: 126879708376256] [trace] zeEventDestroy(hEvent)
[2026-10-08 08:54:30.383] [thread-id: 126879708376256] [trace] SUCCESS (ZE_RESULT_SUCCESS) in zeEventDestroy(hEvent=0x3a6fbb98)
[2026-10-08 08:54:30.383] [thread-id: 126879708376256] [trace] zeEventDestroy(hEvent)
[2026-10-08 08:54:30.383] [thread-id: 126879708376256] [trace] SUCCESS (ZE_RESULT_SUCCESS) in zeEventDestroy(hEvent=0x3a6fc298)
[2026-10-08 08:54:30.383] [thread-id: 126879708376256] [trace] zeEventDestroy(hEvent)
[2026-10-08 08:54:30.383] [thread-id: 126879708376256] [trace] SUCCESS (ZE_RESULT_SUCCESS) in zeEventDestroy(hEvent=0x3a6fc7a8)
[2026-10-08 08:54:30.383] [thread-id: 126879708376256] [trace] zeEventDestroy(hEvent)
[2026-10-08 08:54:30.383] [thread-id: 126879708376256] [trace] SUCCESS (ZE_RESULT_SUCCESS) in zeEventDestroy(hEvent=0x3a6fcea8)
[2026-10-08 08:54:30.383] [thread-id: 126879708376256] [trace] zeEventDestroy(hEvent)
[2026-10-08 08:54:30.383] [thread-id: 126879708376256] [trace] SUCCESS (ZE_RESULT_SUCCESS) in zeEventDestroy(hEvent=0x3a6fd3b8)
[2026-10-08 08:54:30.384] [thread-id: 126879708376256] [trace] zeEventDestroy(hEvent)
[2026-10-08 08:54:30.384] [thread-id: 126879708376256] [trace] SUCCESS (ZE_RESULT_SUCCESS) in zeEventDestroy(hEvent=0x3a6fdab8)
[2026-10-08 08:54:30.384] [thread-id: 126879708376256] [trace] zeEventDestroy(hEvent)
[2026-10-08 08:54:30.384] [thread-id: 126879708376256] [trace] SUCCESS (ZE_RESULT_SUCCESS) in zeEventDestroy(hEvent=0x3a6fe0d8)
[2026-10-08 08:54:30.384] [thread-id: 126879708376256] [trace] zeEventDestroy(hEvent)
[2026-10-08 08:54:30.384] [thread-id: 126879708376256] [trace] SUCCESS (ZE_RESULT_SUCCESS) in zeEventDestroy(hEvent=0x3a6fe7d8)
[2026-10-08 08:54:30.384] [thread-id: 126879708376256] [trace] zeEventDestroy(hEvent)
[2026-10-08 08:54:30.384] [thread-id: 126879708376256] [trace] SUCCESS (ZE_RESULT_SUCCESS) in zeEventDestroy(hEvent=0x3a6fece8)
[2026-10-08 08:54:30.384] [thread-id: 126879708376256] [trace] zeEventDestroy(hEvent)
[2026-10-08 08:54:30.384] [thread-id: 126879708376256] [trace] SUCCESS (ZE_RESULT_SUCCESS) in zeEventDestroy(hEvent=0x3a6ff3e8)
[2026-10-08 08:54:30.384] [thread-id: 126879708376256] [trace] zeEventDestroy(hEvent)
[2026-10-08 08:54:30.384] [thread-id: 126879708376256] [trace] SUCCESS (ZE_RESULT_SUCCESS) in zeEventDestroy(hEvent=0x3a6ff8f8)
[2026-10-08 08:54:30.384] [thread-id: 126879708376256] [trace] zeEventDestroy(hEvent)
[2026-10-08 08:54:30.384] [thread-id: 126879708376256] [trace] SUCCESS (ZE_RESULT_SUCCESS) in zeEventDestroy(hEvent=0x3a6ffff8)
[2026-10-08 08:54:30.384] [thread-id: 126879708376256] [trace] zeEventDestroy(hEvent)
[2026-10-08 08:54:30.384] [thread-id: 126879708376256] [trace] SUCCESS (ZE_RESULT_SUCCESS) in zeEventDestroy(hEvent=0x3a700508)
[2026-10-08 08:54:30.384] [thread-id: 126879708376256] [trace] zeEventDestroy(hEvent)
[2026-10-08 08:54:30.384] [thread-id: 126879708376256] [trace] SUCCESS (ZE_RESULT_SUCCESS) in zeEventDestroy(hEvent=0x3a700d48)
[2026-10-08 08:54:30.384] [thread-id: 126879708376256] [trace] zeEventDestroy(hEvent)
[2026-10-08 08:54:30.384] [thread-id: 126879708376256] [trace] SUCCESS (ZE_RESULT_SUCCESS) in zeEventDestroy(hEvent=0x3a701258)
[2026-10-08 08:54:30.384] [thread-id: 126879708376256] [trace] zeEventDestroy(hEvent)
[2026-10-08 08:54:30.384] [thread-id: 126879708376256] [trace] SUCCESS (ZE_RESULT_SUCCESS) in zeEventDestroy(hEvent=0x3a701958)
[2026-10-08 08:54:30.384] [thread-id: 126879708376256] [trace] zeEventDestroy(hEvent)
[2026-10-08 08:54:30.384] [thread-id: 126879708376256] [trace] SUCCESS (ZE_RESULT_SUCCESS) in zeEventDestroy(hEvent=0x3a701e68)
[2026-10-08 08:54:30.384] [thread-id: 126879708376256] [trace] zeEventDestroy(hEvent)
[2026-10-08 08:54:30.384] [thread-id: 126879708376256] [trace] SUCCESS (ZE_RESULT_SUCCESS) in zeEventDestroy(hEvent=0x3a702568)
[2026-10-08 08:54:30.384] [thread-id: 126879708376256] [trace] zeEventDestroy(hEvent)
[2026-10-08 08:54:30.384] [thread-id: 126879708376256] [trace] SUCCESS (ZE_RESULT_SUCCESS) in zeEventDestroy(hEvent=0x3a702a78)
[2026-10-08 08:54:30.384] [thread-id: 126879708376256] [trace] zeEventDestroy(hEvent)
[2026-10-08 08:54:30.384] [thread-id: 126879708376256] [trace] SUCCESS (ZE_RESULT_SUCCESS) in zeEventDestroy(hEvent=0x3a703178)
[2026-10-08 08:54:30.384] [thread-id: 126879708376256] [trace] zeEventDestroy(hEvent)
[2026-10-08 08:54:30.384] [thread-id: 126879708376256] [trace] SUCCESS (ZE_RESULT_SUCCESS) in zeEventDestroy(hEvent=0x3a703688)
[2026-10-08 08:54:30.384] [thread-id: 126879708376256] [trace] zeEventDestroy(hEvent)
[2026-10-08 08:54:30.384] [thread-id: 126879708376256] [trace] SUCCESS (ZE_RESULT_SUCCESS) in zeEventDestroy(hEvent=0x3a703d88)
[2026-10-08 08:54:30.384] [thread-id: 126879708376256] [trace] zeEventDestroy(hEvent)
[2026-10-08 08:54:30.384] [thread-id: 126879708376256] [trace] SUCCESS (ZE_RESULT_SUCCESS) in zeEventDestroy(hEvent=0x3a7044a8)
[2026-10-08 08:54:30.384] [thread-id: 126879708376256] [trace] zeEventDestroy(hEvent)
[2026-10-08 08:54:30.384] [thread-id: 126879708376256] [trace] SUCCESS (ZE_RESULT_SUCCESS) in zeEventDestroy(hEvent=0x3a704ba8)
[2026-10-08 08:54:30.384] [thread-id: 126879708376256] [trace] zeEventDestroy(hEvent)
[2026-10-08 08:54:30.384] [thread-id: 126879708376256] [trace] SUCCESS (ZE_RESULT_SUCCESS) in zeEventDestroy(hEvent=0x3a7050b8)
[2026-10-08 08:54:30.384] [thread-id: 126879708376256] [trace] zeEventDestroy(hEvent)
[2026-10-08 08:54:30.384] [thread-id: 126879708376256] [trace] SUCCESS (ZE_RESULT_SUCCESS) in zeEventDestroy(hEvent=0x3a7057b8)
[2026-10-08 08:54:30.384] [thread-id: 126879708376256] [trace] zeEventDestroy(hEvent)
[2026-10-08 08:54:30.384] [thread-id: 126879708376256] [trace] SUCCESS (ZE_RESULT_SUCCESS) in zeEventDestroy(hEvent=0x3a705cc8)
[2026-10-08 08:54:30.384] [thread-id: 126879708376256] [trace] zeEventDestroy(hEvent)
[2026-10-08 08:54:30.384] [thread-id: 126879708376256] [trace] SUCCESS (ZE_RESULT_SUCCESS) in zeEventDestroy(hEvent=0x3a7063c8)
[2026-10-08 08:54:30.384] [thread-id: 126879708376256] [trace] zeEventDestroy(hEvent)
[2026-10-08 08:54:30.384] [thread-id: 126879708376256] [trace] SUCCESS (ZE_RESULT_SUCCESS) in zeEventDestroy(hEvent=0x3a7068d8)
[2026-10-08 08:54:30.384] [thread-id: 126879708376256] [trace] zeEventDestroy(hEvent)
[2026-10-08 08:54:30.384] [thread-id: 126879708376256] [trace] SUCCESS (ZE_RESULT_SUCCESS) in zeEventDestroy(hEvent=0x3a706fd8)
[2026-10-08 08:54:30.384] [thread-id: 126879708376256] [trace] zeEventDestroy(hEvent)
[2026-10-08 08:54:30.384] [thread-id: 126879708376256] [trace] SUCCESS (ZE_RESULT_SUCCESS) in zeEventDestroy(hEvent=0x3a7074e8)
[2026-10-08 08:54:30.384] [thread-id: 126879708376256] [trace] zeEventDestroy(hEvent)
[2026-10-08 08:54:30.384] [thread-id: 126879708376256] [trace] SUCCESS (ZE_RESULT_SUCCESS) in zeEventDestroy(hEvent=0x3a707be8)
[2026-10-08 08:54:30.384] [thread-id: 126879708376256] [trace] zeEventDestroy(hEvent)
[2026-10-08 08:54:30.384] [thread-id: 126879708376256] [trace] SUCCESS (ZE_RESULT_SUCCESS) in zeEventDestroy(hEvent=0x3a7080f8)
[2026-10-08 08:54:30.384] [thread-id: 126879708376256] [trace] zeEventDestroy(hEvent)
[2026-10-08 08:54:30.385] [thread-id: 126879708376256] [trace] SUCCESS (ZE_RESULT_SUCCESS) in zeEventDestroy(hEvent=0x3a7087f8)
[2026-10-08 08:54:30.385] [thread-id: 126879708376256] [trace] zeEventDestroy(hEvent)
[2026-10-08 08:54:30.385] [thread-id: 126879708376256] [trace] SUCCESS (ZE_RESULT_SUCCESS) in zeEventDestroy(hEvent=0x3a708d08)
[2026-10-08 08:54:30.385] [thread-id: 126879708376256] [trace] zeEventDestroy(hEvent)
[2026-10-08 08:54:30.385] [thread-id: 126879708376256] [trace] SUCCESS (ZE_RESULT_SUCCESS) in zeEventDestroy(hEvent=0x3a709408)
[2026-10-08 08:54:30.385] [thread-id: 126879708376256] [trace] zeEventDestroy(hEvent)
[2026-10-08 08:54:30.385] [thread-id: 126879708376256] [trace] SUCCESS (ZE_RESULT_SUCCESS) in zeEventDestroy(hEvent=0x3a709918)
[2026-10-08 08:54:30.385] [thread-id: 126879708376256] [trace] zeEventDestroy(hEvent)
[2026-10-08 08:54:30.385] [thread-id: 126879708376256] [trace] SUCCESS (ZE_RESULT_SUCCESS) in zeEventDestroy(hEvent=0x3a70a018)
[2026-10-08 08:54:30.385] [thread-id: 126879708376256] [trace] zeEventDestroy(hEvent)
[2026-10-08 08:54:30.385] [thread-id: 126879708376256] [trace] SUCCESS (ZE_RESULT_SUCCESS) in zeEventDestroy(hEvent=0x3a70a528)
[2026-10-08 08:54:30.385] [thread-id: 126879708376256] [trace] zeEventDestroy(hEvent)
[2026-10-08 08:54:30.385] [thread-id: 126879708376256] [trace] SUCCESS (ZE_RESULT_SUCCESS) in zeEventDestroy(hEvent=0x3a70ac28)
[2026-10-08 08:54:30.385] [thread-id: 126879708376256] [trace] zeEventDestroy(hEvent)
[2026-10-08 08:54:30.385] [thread-id: 126879708376256] [trace] SUCCESS (ZE_RESULT_SUCCESS) in zeEventDestroy(hEvent=0x3a70b138)
[2026-10-08 08:54:30.385] [thread-id: 126879708376256] [trace] zeEventDestroy(hEvent)
[2026-10-08 08:54:30.385] [thread-id: 126879708376256] [trace] SUCCESS (ZE_RESULT_SUCCESS) in zeEventDestroy(hEvent=0x3a70bab8)
[2026-10-08 08:54:30.385] [thread-id: 126879708376256] [trace] zeEventDestroy(hEvent)
[2026-10-08 08:54:30.385] [thread-id: 126879708376256] [trace] SUCCESS (ZE_RESULT_SUCCESS) in zeEventDestroy(hEvent=0x3a70bfc8)
[2026-10-08 08:54:30.385] [thread-id: 126879708376256] [trace] zeEventDestroy(hEvent)
[2026-10-08 08:54:30.385] [thread-id: 126879708376256] [trace] SUCCESS (ZE_RESULT_SUCCESS) in zeEventDestroy(hEvent=0x3a70c6c8)
[2026-10-08 08:54:30.385] [thread-id: 126879708376256] [trace] zeEventDestroy(hEvent)
[2026-10-08 08:54:30.385] [thread-id: 126879708376256] [trace] SUCCESS (ZE_RESULT_SUCCESS) in zeEventDestroy(hEvent=0x3a70cbd8)
[2026-10-08 08:54:30.385] [thread-id: 126879708376256] [trace] zeEventDestroy(hEvent)
[2026-10-08 08:54:30.385] [thread-id: 126879708376256] [trace] SUCCESS (ZE_RESULT_SUCCESS) in zeEventDestroy(hEvent=0x3a70d2d8)
[2026-10-08 08:54:30.385] [thread-id: 126879708376256] [trace] zeEventDestroy(hEvent)
[2026-10-08 08:54:30.385] [thread-id: 126879708376256] [trace] SUCCESS (ZE_RESULT_SUCCESS) in zeEventDestroy(hEvent=0x3a70d7e8)
[2026-10-08 08:54:30.385] [thread-id: 126879708376256] [trace] zeEventDestroy(hEvent)
[2026-10-08 08:54:30.385] [thread-id: 126879708376256] [trace] SUCCESS (ZE_RESULT_SUCCESS) in zeEventDestroy(hEvent=0x3a70dee8)
[2026-10-08 08:54:30.385] [thread-id: 126879708376256] [trace] zeEventDestroy(hEvent)
[2026-10-08 08:54:30.385] [thread-id: 126879708376256] [trace] SUCCESS (ZE_RESULT_SUCCESS) in zeEventDestroy(hEvent=0x3a70e3f8)
[2026-10-08 08:54:30.385] [thread-id: 126879708376256] [trace] zeEventDestroy(hEvent)
[2026-10-08 08:54:30.385] [thread-id: 126879708376256] [trace] SUCCESS (ZE_RESULT_SUCCESS) in zeEventDestroy(hEvent=0x3a70eaf8)
[2026-10-08 08:54:30.385] [thread-id: 126879708376256] [trace] zeEventDestroy(hEvent)
[2026-10-08 08:54:30.385] [thread-id: 126879708376256] [trace] SUCCESS (ZE_RESULT_SUCCESS) in zeEventDestroy(hEvent=0x3a70f008)
[2026-10-08 08:54:30.385] [thread-id: 126879708376256] [trace] zeEventDestroy(hEvent)
[2026-10-08 08:54:30.385] [thread-id: 126879708376256] [trace] SUCCESS (ZE_RESULT_SUCCESS) in zeEventDestroy(hEvent=0x3a70f708)
[2026-10-08 08:54:30.385] [thread-id: 126879708376256] [trace] zeEventDestroy(hEvent)
[2026-10-08 08:54:30.385] [thread-id: 126879708376256] [trace] SUCCESS (ZE_RESULT_SUCCESS) in zeEventDestroy(hEvent=0x3a70fc18)
[2026-10-08 08:54:30.385] [thread-id: 126879708376256] [trace] zeEventDestroy(hEvent)
[2026-10-08 08:54:30.385] [thread-id: 126879708376256] [trace] SUCCESS (ZE_RESULT_SUCCESS) in zeEventDestroy(hEvent=0x3a6f7a68)
[2026-10-08 08:54:30.385] [thread-id: 126879708376256] [trace] zeEventDestroy(hEvent)
[2026-10-08 08:54:30.385] [thread-id: 126879708376256] [trace] SUCCESS (ZE_RESULT_SUCCESS) in zeEventDestroy(hEvent=0x3a6f7e08)
[2026-10-08 08:54:30.385] [thread-id: 126879708376256] [trace] zeCommandListDestroy(hCommandList)
[2026-10-08 08:54:30.385] [thread-id: 126879708376256] [trace] SUCCESS (ZE_RESULT_SUCCESS) in zeCommandListDestroy(hCommandList=0x3a6c6d88)
[2026-10-08 08:54:30.385] [thread-id: 126879708376256] [trace] zeContextDestroy(hContext)
[2026-10-08 08:54:30.385] [thread-id: 126879708376256] [trace] SUCCESS (ZE_RESULT_SUCCESS) in zeContextDestroy(hContext=0x3a6bf738)
   <--- urContextRelease(.hContext = 0x3a6c2b90) -> UR_RESULT_SUCCESS;
   ---> urDeviceRelease
   <--- urDeviceRelease(.hDevice = 0x3a6be040) -> UR_RESULT_SUCCESS;
   ---> urAdapterRelease
   <--- urAdapterRelease(.hAdapter = 0x3a4c2700) -> UR_RESULT_SUCCESS;
