<LOADER>[DEBUG]: Logger loader initialized successfully!
<LOADER>[INFO]: loaded adapter 0x0x4ea0980 (/opt/intel/oneapi/compiler/2026.1/lib/libur_adapter_level_zero_v2.so.0) from /opt/intel/oneapi/compiler/2026.1/lib/libur_adapter_level_zero_v2.so.0
   ---> urAdapterGet
<LEVEL_ZERO>[DEBUG]: zeInit with flags value of 1
[2026-10-08 05:48:27.862] [thread-id: 136775814081728] [info] Loader Version 1.32.0  - No git SHA found, compiled outside git folder.
[2026-10-08 05:48:27.865] [thread-id: 136775814081728] [info] Validation Layer Enabled
[2026-10-08 05:48:27.865] [thread-id: 136775814081728] [info] zeInit succeeded
[2026-10-08 05:48:27.865] [thread-id: 136775814081728] [trace] zeInit(flags)
[2026-10-08 05:48:27.940] [thread-id: 136775814081728] [trace] SUCCESS (ZE_RESULT_SUCCESS) in zeInit(flags=1)
<LEVEL_ZERO>[DEBUG]: Level Zero Loader version: 1.32.0
<LEVEL_ZERO>[DEBUG]: zeInitDrivers with flags value of 1
[2026-10-08 05:48:27.941] [thread-id: 136775814081728] [trace] zeInitDrivers(pCount, phDrivers, desc)
[2026-10-08 05:48:27.941] [thread-id: 136775814081728] [trace] SUCCESS (ZE_RESULT_SUCCESS) in zeInitDrivers(pCount=1, phDrivers=nullptr, desc={stype=0x4e9f728, flags=1})
[2026-10-08 05:48:27.941] [thread-id: 136775814081728] [trace] zeInitDrivers(pCount, phDrivers, desc)
[2026-10-08 05:48:27.941] [thread-id: 136775814081728] [trace] SUCCESS (ZE_RESULT_SUCCESS) in zeInitDrivers(pCount=1, phDrivers=nullptr, desc={stype=0x4e9f728, flags=1})
[2026-10-08 05:48:27.941] [thread-id: 136775814081728] [trace] zeDriverGet(pCount, phDrivers)
[2026-10-08 05:48:27.941] [thread-id: 136775814081728] [trace] SUCCESS (ZE_RESULT_SUCCESS) in zeDriverGet(pCount=1, phDrivers=nullptr)
[2026-10-08 05:48:27.941] [thread-id: 136775814081728] [trace] zeDriverGet(pCount, phDrivers)
[2026-10-08 05:48:27.941] [thread-id: 136775814081728] [trace] SUCCESS (ZE_RESULT_SUCCESS) in zeDriverGet(pCount=1, phDrivers=0x5085980)
[2026-10-08 05:48:27.941] [thread-id: 136775814081728] [trace] zeDeviceGet(hDriver, pCount, phDevices)
[2026-10-08 05:48:27.941] [thread-id: 136775814081728] [trace] SUCCESS (ZE_RESULT_SUCCESS) in zeDeviceGet(hDriver=0x50859c8, pCount=1, phDevices=nullptr)
[2026-10-08 05:48:27.941] [thread-id: 136775814081728] [trace] zeDeviceGet(hDriver, pCount, phDevices)
[2026-10-08 05:48:27.941] [thread-id: 136775814081728] [trace] SUCCESS (ZE_RESULT_SUCCESS) in zeDeviceGet(hDriver=0x50859c8, pCount=1, phDevices=0x50922b0)
[2026-10-08 05:48:27.941] [thread-id: 136775814081728] [trace] zeDeviceGetProperties(hDevice, pDeviceProperties)
[2026-10-08 05:48:27.941] [thread-id: 136775814081728] [trace] SUCCESS (ZE_RESULT_SUCCESS) in zeDeviceGetProperties(hDevice=0x5085f28, pDeviceProperties={stype=0x7fff6ffee180, type=0x7fff6ffee190, vendorId=32902, deviceId=57868, flags=8, subdeviceId=0, coreClockRate=2750, maxMemAllocSize=10132807680, maxHardwareContexts=65536, maxCommandQueuePriority=0, numThreadsPerEU=8, physicalEUSimdWidth=16, numEUsPerSubslice=8, numSubslicesPerSlice=4, numSlices=5, timerResolution=52, timestampValidBits=64, kernelTimestampValidBits=64, uuid={id=134}, name="Intel(R) Arc(TM) B570 Graphics"})
<LEVEL_ZERO>[DEBUG]: 
zesInit with flags value of 0

[2026-10-08 05:48:27.941] [thread-id: 136775814081728] [trace] zesInit(flags)
[2026-10-08 05:48:27.942] [thread-id: 136775814081728] [trace] SUCCESS (ZE_RESULT_SUCCESS) in zesInit(flags=0)
[2026-10-08 05:48:27.942] [thread-id: 136775814081728] [trace] zeDriverGet(pCount, phDrivers)
[2026-10-08 05:48:27.942] [thread-id: 136775814081728] [trace] SUCCESS (ZE_RESULT_SUCCESS) in zeDriverGet(pCount=1, phDrivers=nullptr)
[2026-10-08 05:48:27.942] [thread-id: 136775814081728] [trace] zeDriverGet(pCount, phDrivers)
[2026-10-08 05:48:27.942] [thread-id: 136775814081728] [trace] SUCCESS (ZE_RESULT_SUCCESS) in zeDriverGet(pCount=1, phDrivers=0x5099340)
[2026-10-08 05:48:27.942] [thread-id: 136775814081728] [trace] zeInitDrivers(pCount, phDrivers, desc)
[2026-10-08 05:48:27.942] [thread-id: 136775814081728] [trace] SUCCESS (ZE_RESULT_SUCCESS) in zeInitDrivers(pCount=1, phDrivers=0x5099410, desc={stype=0x4e9f728, flags=1})
[2026-10-08 05:48:27.942] [thread-id: 136775814081728] [trace] zeDriverGetProperties(hDriver, pDriverProperties)
[2026-10-08 05:48:27.943] [thread-id: 136775814081728] [trace] SUCCESS (ZE_RESULT_SUCCESS) in zeDriverGetProperties(hDriver=0x50859c8, pDriverProperties={stype=0x7fff6ffee0d0, uuid={id=227}, driverVersion=17013219})
[2026-10-08 05:48:27.943] [thread-id: 136775814081728] [trace] zeDriverGetProperties(hDriver, pDriverProperties)
[2026-10-08 05:48:27.943] [thread-id: 136775814081728] [trace] SUCCESS (ZE_RESULT_SUCCESS) in zeDriverGetProperties(hDriver=0x50859c8, pDriverProperties={stype=0x7fff6ffee2a0, uuid={id=227}, driverVersion=17013219})
<LEVEL_ZERO>[DEBUG]: zeDriverHandle 0x50859c8 matched between zeDriverGet and zeInitDrivers. Not adding duplicate driver to list
<LEVEL_ZERO>[DEBUG]: 1 L0 Drivers found.
[2026-10-08 05:48:27.943] [thread-id: 136775814081728] [trace] zeDeviceGet(hDriver, pCount, phDevices)
[2026-10-08 05:48:27.943] [thread-id: 136775814081728] [trace] SUCCESS (ZE_RESULT_SUCCESS) in zeDeviceGet(hDriver=0x50859c8, pCount=1, phDevices=nullptr)
[2026-10-08 05:48:27.943] [thread-id: 136775814081728] [trace] zeDeviceGet(hDriver, pCount, phDevices)
[2026-10-08 05:48:27.943] [thread-id: 136775814081728] [trace] SUCCESS (ZE_RESULT_SUCCESS) in zeDeviceGet(hDriver=0x50859c8, pCount=1, phDevices=0x50996b0)
[2026-10-08 05:48:27.943] [thread-id: 136775814081728] [trace] zeDeviceGetProperties(hDevice, pDeviceProperties)
[2026-10-08 05:48:27.943] [thread-id: 136775814081728] [trace] SUCCESS (ZE_RESULT_SUCCESS) in zeDeviceGetProperties(hDevice=0x5085f28, pDeviceProperties={stype=0x7fff6ffee0d0, type=0x7fff6ffee0e0, vendorId=32902, deviceId=57868, flags=8, subdeviceId=0, coreClockRate=2750, maxMemAllocSize=10132807680, maxHardwareContexts=65536, maxCommandQueuePriority=0, numThreadsPerEU=8, physicalEUSimdWidth=16, numEUsPerSubslice=8, numSubslicesPerSlice=4, numSlices=5, timerResolution=52, timestampValidBits=64, kernelTimestampValidBits=64, uuid={id=134}, name="Intel(R) Arc(TM) B570 Graphics"})
[2026-10-08 05:48:27.943] [thread-id: 136775814081728] [trace] zeDriverGetApiVersion(hDriver, version)
[2026-10-08 05:48:27.943] [thread-id: 136775814081728] [trace] SUCCESS (ZE_RESULT_SUCCESS) in zeDriverGetApiVersion(hDriver=0x50859c8, version=65553)
[2026-10-08 05:48:27.943] [thread-id: 136775814081728] [trace] zeDriverGetExtensionProperties(hDriver, pCount, pExtensionProperties)
[2026-10-08 05:48:27.943] [thread-id: 136775814081728] [trace] SUCCESS (ZE_RESULT_SUCCESS) in zeDriverGetExtensionProperties(hDriver=0x50859c8, pCount=63, pExtensionProperties=nullptr)
[2026-10-08 05:48:27.943] [thread-id: 136775814081728] [trace] zeDriverGetExtensionProperties(hDriver, pCount, pExtensionProperties)
[2026-10-08 05:48:27.943] [thread-id: 136775814081728] [trace] SUCCESS (ZE_RESULT_SUCCESS) in zeDriverGetExtensionProperties(hDriver=0x50859c8, pCount=63, pExtensionProperties={name="ZE_extension_device_cache_line_size", version=65536})
[2026-10-08 05:48:27.943] [thread-id: 136775814081728] [trace] zeDriverGetExtensionFunctionAddress(hDriver, name, ppFunctionAddress)
[2026-10-08 05:48:27.943] [thread-id: 136775814081728] [trace] SUCCESS (ZE_RESULT_SUCCESS) in zeDriverGetExtensionFunctionAddress(hDriver=0x50859c8, name="zeIntelGetDriverVersionString", ppFunctionAddress=0x7c6595f9ec00)
[2026-10-08 05:48:27.943] [thread-id: 136775814081728] [trace] zeDriverGetProperties(hDriver, pDriverProperties)
[2026-10-08 05:48:27.943] [thread-id: 136775814081728] [trace] SUCCESS (ZE_RESULT_SUCCESS) in zeDriverGetProperties(hDriver=0x50859c8, pDriverProperties={stype=0x7fff6ffedf90, uuid={id=227}, driverVersion=17013219})
<LEVEL_ZERO>[DEBUG]: Level Zero Driver version: 1.17.39395+14
[2026-10-08 05:48:27.943] [thread-id: 136775814081728] [trace] zeDriverGetExtensionFunctionAddress(hDriver, name, ppFunctionAddress)
[2026-10-08 05:48:27.943] [thread-id: 136775814081728] [trace] SUCCESS (ZE_RESULT_SUCCESS) in zeDriverGetExtensionFunctionAddress(hDriver=0x50859c8, name="zexDriverImportExternalPointer", ppFunctionAddress=0x7c6595f99a40)
[2026-10-08 05:48:27.943] [thread-id: 136775814081728] [trace] zeDriverGetExtensionFunctionAddress(hDriver, name, ppFunctionAddress)
[2026-10-08 05:48:27.943] [thread-id: 136775814081728] [trace] SUCCESS (ZE_RESULT_SUCCESS) in zeDriverGetExtensionFunctionAddress(hDriver=0x50859c8, name="zexDriverReleaseImportedPointer", ppFunctionAddress=0x7c6595fa1e30)
[2026-10-08 05:48:27.943] [thread-id: 136775814081728] [trace] zeDriverGetExtensionFunctionAddress(hDriver, name, ppFunctionAddress)
[2026-10-08 05:48:27.943] [thread-id: 136775814081728] [trace] SUCCESS (ZE_RESULT_SUCCESS) in zeDriverGetExtensionFunctionAddress(hDriver=0x50859c8, name="zeImageGetDeviceOffsetExp", ppFunctionAddress=0x7c6595fa3190)
[2026-10-08 05:48:27.943] [thread-id: 136775814081728] [trace] zeDriverGetExtensionFunctionAddress(hDriver, name, ppFunctionAddress)
[2026-10-08 05:48:27.943] [thread-id: 136775814081728] [trace] SUCCESS (ZE_RESULT_SUCCESS) in zeDriverGetExtensionFunctionAddress(hDriver=0x50859c8, name="zeMemGetPitchFor2dImage", ppFunctionAddress=0x7c6595fa5550)
[2026-10-08 05:48:27.943] [thread-id: 136775814081728] [trace] zeDriverGetExtensionFunctionAddress(hDriver, name, ppFunctionAddress)
[2026-10-08 05:48:27.943] [thread-id: 136775814081728] [trace] SUCCESS (ZE_RESULT_SUCCESS) in zeDriverGetExtensionFunctionAddress(hDriver=0x50859c8, name="zeGraphGetIdExt", ppFunctionAddress=0x7c6595f93dd0)
[2026-10-08 05:48:27.943] [thread-id: 136775814081728] [trace] zeDriverGetExtensionFunctionAddress(hDriver, name, ppFunctionAddress)
[2026-10-08 05:48:27.943] [thread-id: 136775814081728] [trace] SUCCESS (ZE_RESULT_SUCCESS) in zeDriverGetExtensionFunctionAddress(hDriver=0x50859c8, name="zeCommandListAppendHostFunction", ppFunctionAddress=0x7c6595f77140)
[2026-10-08 05:48:27.943] [thread-id: 136775814081728] [trace] zesDriverGet(pCount, phDrivers)
[2026-10-08 05:48:27.943] [thread-id: 136775814081728] [trace] SUCCESS (ZE_RESULT_SUCCESS) in zesDriverGet(pCount=1, phDrivers=nullptr)
[2026-10-08 05:48:27.943] [thread-id: 136775814081728] [trace] zesDriverGet(pCount, phDrivers)
[2026-10-08 05:48:27.943] [thread-id: 136775814081728] [trace] SUCCESS (ZE_RESULT_SUCCESS) in zesDriverGet(pCount=1, phDrivers=0x509a5b0)
[2026-10-08 05:48:27.943] [thread-id: 136775814081728] [trace] zesDriverGetDeviceByUuidExp(hDriver, uuid, phDevice, onSubdevice, subdeviceId)
[2026-10-08 05:48:27.943] [thread-id: 136775814081728] [trace] SUCCESS (ZE_RESULT_SUCCESS) in zesDriverGetDeviceByUuidExp(hDriver=0x50961c8, uuid={id=134}, phDevice=0x4ec6058, onSubdevice=0, subdeviceId=0)
<LEVEL_ZERO>[DEBUG]: Initialized 1 platforms
   <--- urAdapterGet(.NumEntries = 0, .phAdapters = nullptr, .pNumAdapters = 0x7fff6ffee9a8 (1)) -> UR_RESULT_SUCCESS;
   ---> urAdapterGet
   <--- urAdapterGet(.NumEntries = 1, .phAdapters = 0x5099690 {0x4e9f700}, .pNumAdapters = nullptr) -> UR_RESULT_SUCCESS;
   ---> urAdapterGetInfo
   <--- urAdapterGetInfo(.hAdapter = 0x4e9f700, .propName = UR_ADAPTER_INFO_BACKEND, .propSize = 4, .pPropValue = 0x7fff6ffee99c (UR_BACKEND_LEVEL_ZERO), .pPropSizeRet = nullptr) -> UR_RESULT_SUCCESS;
   ---> urAdapterSetLoggerCallback
   <--- urAdapterSetLoggerCallback(.hAdapter = 0x4e9f700, .pfnLoggerCallback = 0x7c659cd7a420, .pUserData = nullptr, .level = UR_LOGGER_LEVEL_WARN) -> UR_RESULT_SUCCESS;
   ---> urPlatformGet
   <--- urPlatformGet(.hAdapter = 0x4e9f700, .NumEntries = 0, .phPlatforms = nullptr, .pNumPlatforms = 0x7fff6ffee8dc (1)) -> UR_RESULT_SUCCESS;
   ---> urPlatformGet
   <--- urPlatformGet(.hAdapter = 0x4e9f700, .NumEntries = 1, .phPlatforms = 0x5099690 {0x5099810}, .pNumPlatforms = nullptr) -> UR_RESULT_SUCCESS;
   ---> urPlatformGetInfo
   <--- urPlatformGetInfo(.hPlatform = 0x5099810, .propName = UR_PLATFORM_INFO_BACKEND, .propSize = 4, .pPropValue = 0x7fff6ffee8ec (UR_BACKEND_LEVEL_ZERO), .pPropSizeRet = nullptr) -> UR_RESULT_SUCCESS;
   ---> urDeviceGet
[2026-10-08 05:48:27.943] [thread-id: 136775814081728] [trace] zeDeviceGet(hDriver, pCount, phDevices)
[2026-10-08 05:48:27.943] [thread-id: 136775814081728] [trace] SUCCESS (ZE_RESULT_SUCCESS) in zeDeviceGet(hDriver=0x50859c8, pCount=1, phDevices=nullptr)
[2026-10-08 05:48:27.943] [thread-id: 136775814081728] [trace] zeDeviceGet(hDriver, pCount, phDevices)
[2026-10-08 05:48:27.943] [thread-id: 136775814081728] [trace] SUCCESS (ZE_RESULT_SUCCESS) in zeDeviceGet(hDriver=0x50859c8, pCount=1, phDevices=0x509b000)
[2026-10-08 05:48:27.943] [thread-id: 136775814081728] [trace] zeDeviceGetProperties(hDevice, pDeviceProperties)
[2026-10-08 05:48:27.943] [thread-id: 136775814081728] [trace] SUCCESS (ZE_RESULT_SUCCESS) in zeDeviceGetProperties(hDevice=0x5085f28, pDeviceProperties={stype=0x509b0e8, type=0x509b0f8, vendorId=32902, deviceId=57868, flags=8, subdeviceId=0, coreClockRate=2750, maxMemAllocSize=10132807680, maxHardwareContexts=65536, maxCommandQueuePriority=0, numThreadsPerEU=8, physicalEUSimdWidth=16, numEUsPerSubslice=8, numSubslicesPerSlice=4, numSlices=5, timerResolution=19200000, timestampValidBits=64, kernelTimestampValidBits=64, uuid={id=134}, name="Intel(R) Arc(TM) B570 Graphics"})
[2026-10-08 05:48:27.943] [thread-id: 136775814081728] [trace] zeDeviceGetProperties(hDevice, pDeviceProperties)
[2026-10-08 05:48:27.943] [thread-id: 136775814081728] [trace] SUCCESS (ZE_RESULT_SUCCESS) in zeDeviceGetProperties(hDevice=0x5085f28, pDeviceProperties={stype=0x7fff6ffedee8, type=0x7fff6ffedef8, vendorId=32902, deviceId=57868, flags=8, subdeviceId=0, coreClockRate=2750, maxMemAllocSize=10132807680, maxHardwareContexts=65536, maxCommandQueuePriority=0, numThreadsPerEU=8, physicalEUSimdWidth=16, numEUsPerSubslice=8, numSubslicesPerSlice=4, numSlices=5, timerResolution=52, timestampValidBits=64, kernelTimestampValidBits=64, uuid={id=134}, name="Intel(R) Arc(TM) B570 Graphics"})
[2026-10-08 05:48:27.943] [thread-id: 136775814081728] [trace] zeDeviceGetCommandQueueGroupProperties(hDevice, pCount, pCommandQueueGroupProperties)
[2026-10-08 05:48:27.943] [thread-id: 136775814081728] [trace] SUCCESS (ZE_RESULT_SUCCESS) in zeDeviceGetCommandQueueGroupProperties(hDevice=0x5085f28, pCount=2, pCommandQueueGroupProperties=nullptr)
<LEVEL_ZERO>[INFO]: Number of queue groups = 2
[2026-10-08 05:48:27.943] [thread-id: 136775814081728] [trace] zeDeviceGetCommandQueueGroupProperties(hDevice, pCount, pCommandQueueGroupProperties)
[2026-10-08 05:48:27.943] [thread-id: 136775814081728] [trace] SUCCESS (ZE_RESULT_SUCCESS) in zeDeviceGetCommandQueueGroupProperties(hDevice=0x5085f28, pCount=2, pCommandQueueGroupProperties={stype=0x4e9f610, flags=7, maxMemoryFillPatternSize=18446744073709551615, numQueues=1})
<LEVEL_ZERO>[INFO]: main blitter/copy engine is available
<LEVEL_ZERO>[INFO]: link blitter/copy engines are not available
[2026-10-08 05:48:27.943] [thread-id: 136775814081728] [trace] zeDeviceGetSubDevices(hDevice, pCount, phSubdevices)
[2026-10-08 05:48:27.943] [thread-id: 136775814081728] [trace] SUCCESS (ZE_RESULT_SUCCESS) in zeDeviceGetSubDevices(hDevice=0x5085f28, pCount=0, phSubdevices=nullptr)
[2026-10-08 05:48:27.943] [thread-id: 136775814081728] [trace] zeDeviceGetSubDevices(hDevice, pCount, phSubdevices)
[2026-10-08 05:48:27.943] [thread-id: 136775814081728] [trace] SUCCESS (ZE_RESULT_SUCCESS) in zeDeviceGetSubDevices(hDevice=0x5085f28, pCount=0, phSubdevices=0x509b020)
[2026-10-08 05:48:27.943] [thread-id: 136775814081728] [trace] zeDeviceGetRootDevice(hDevice, phRootDevice)
[2026-10-08 05:48:27.943] [thread-id: 136775814081728] [trace] SUCCESS (ZE_RESULT_SUCCESS) in zeDeviceGetRootDevice(hDevice=0x5085f28, phRootDevice=0x7fff6ffee340)
[2026-10-08 05:48:27.943] [thread-id: 136775814081728] [trace] zeDeviceSynchronize(hDevice)
[2026-10-08 05:48:27.943] [thread-id: 136775814081728] [trace] SUCCESS (ZE_RESULT_SUCCESS) in zeDeviceSynchronize(hDevice=0x5085f28)
[2026-10-08 05:48:27.943] [thread-id: 136775814081728] [trace] zeDeviceGetRootDevice(hDevice, phRootDevice)
[2026-10-08 05:48:27.943] [thread-id: 136775814081728] [trace] SUCCESS (ZE_RESULT_SUCCESS) in zeDeviceGetRootDevice(hDevice=0x5085f28, phRootDevice=0x7fff6ffee430)
   <--- urDeviceGet(.hPlatform = 0x5099810, .DeviceType = UR_DEVICE_TYPE_ALL, .NumEntries = 0, .phDevices = nullptr, .pNumDevices = 0x7fff6ffee85c (1)) -> UR_RESULT_SUCCESS;
   ---> urDeviceGet
[2026-10-08 05:48:27.943] [thread-id: 136775814081728] [trace] zeDeviceGetRootDevice(hDevice, phRootDevice)
[2026-10-08 05:48:27.943] [thread-id: 136775814081728] [trace] SUCCESS (ZE_RESULT_SUCCESS) in zeDeviceGetRootDevice(hDevice=0x5085f28, phRootDevice=0x7fff6ffee430)
   <--- urDeviceGet(.hPlatform = 0x5099810, .DeviceType = UR_DEVICE_TYPE_ALL, .NumEntries = 1, .phDevices = 0x509b000 {0x509b040}, .pNumDevices = nullptr) -> UR_RESULT_SUCCESS;
   ---> urPlatformGetInfo
   <--- urPlatformGetInfo(.hPlatform = 0x5099810, .propName = UR_PLATFORM_INFO_VERSION, .propSize = 0, .pPropValue = nullptr, .pPropSizeRet = 0x7fff6ffee430 (5)) -> UR_RESULT_SUCCESS;
   ---> urPlatformGetInfo
   <--- urPlatformGetInfo(.hPlatform = 0x5099810, .propName = UR_PLATFORM_INFO_VERSION, .propSize = 5, .pPropValue = 0x7fff6ffee598 (1.17), .pPropSizeRet = nullptr) -> UR_RESULT_SUCCESS;
   ---> urPlatformGetInfo
   <--- urPlatformGetInfo(.hPlatform = 0x5099810, .propName = UR_PLATFORM_INFO_NAME, .propSize = 0, .pPropValue = nullptr, .pPropSizeRet = 0x7fff6ffee430 (51)) -> UR_RESULT_SUCCESS;
   ---> urPlatformGetInfo
   <--- urPlatformGetInfo(.hPlatform = 0x5099810, .propName = UR_PLATFORM_INFO_NAME, .propSize = 51, .pPropValue = 0x509b710 (Intel(R) oneAPI Unified Runtime over Level-Zero V2), .pPropSizeRet = nullptr) -> UR_RESULT_SUCCESS;
   ---> urDeviceGetInfo
   <--- urDeviceGetInfo(.hDevice = 0x509b040, .propName = UR_DEVICE_INFO_PARENT_DEVICE, .propSize = 8, .pPropValue = 0x7fff6ffee3f0 (nullptr), .pPropSizeRet = nullptr) -> UR_RESULT_SUCCESS;
   ---> urDeviceGetInfo
   <--- urDeviceGetInfo(.hDevice = 0x509b040, .propName = UR_DEVICE_INFO_TYPE, .propSize = 4, .pPropValue = 0x7fff6ffee390 (UR_DEVICE_TYPE_GPU), .pPropSizeRet = nullptr) -> UR_RESULT_SUCCESS;
   ---> urDeviceGetInfo
   <--- urDeviceGetInfo(.hDevice = 0x509b040, .propName = UR_DEVICE_INFO_USE_NATIVE_ASSERT, .propSize = 1, .pPropValue = 0x7fff6ffee390 (true), .pPropSizeRet = nullptr) -> UR_RESULT_SUCCESS;
   ---> urDeviceGetInfo
[2026-10-08 05:48:27.944] [thread-id: 136775814081728] [trace] zeDeviceGetModuleProperties(hDevice, pModuleProperties)
[2026-10-08 05:48:27.944] [thread-id: 136775814081728] [trace] SUCCESS (ZE_RESULT_SUCCESS) in zeDeviceGetModuleProperties(hDevice=0x5085f28, pModuleProperties={stype=0x509b360, spirvVersionSupported=65541, flags=15, fp16flags=63, fp32flags=127, fp64flags=127, maxArgumentsSize=2048, printfBufferSize=4194304, nativeKernelSupported={id=0}})
[2026-10-08 05:48:27.944] [thread-id: 136775814081728] [trace] zeDeviceGetImageProperties(hDevice, pImageProperties)
[2026-10-08 05:48:27.944] [thread-id: 136775814081728] [trace] SUCCESS (ZE_RESULT_SUCCESS) in zeDeviceGetImageProperties(hDevice=0x5085f28, pImageProperties={stype=0x509b300, maxImageDims1D=16384, maxImageDims2D=16384, maxImageDims3D=2048, maxImageBufferSize=633300480, maxImageArraySlices=2048, maxSamplers=16, maxReadImageArgs=128, maxWriteImageArgs=128})
   <--- urDeviceGetInfo(.hDevice = 0x509b040, .propName = UR_DEVICE_INFO_EXTENSIONS, .propSize = 0, .pPropValue = nullptr, .pPropSizeRet = 0x7fff6ffee318 (245)) -> UR_RESULT_SUCCESS;
   ---> urDeviceGetInfo
   <--- urDeviceGetInfo(.hDevice = 0x509b040, .propName = UR_DEVICE_INFO_EXTENSIONS, .propSize = 245, .pPropValue = 0x4f55740 (cl_khr_il_program cl_khr_subgroups cl_intel_subgroups cl_intel_subgroups_short cl_intel_required_subgroup_size cl_khr_fp16 cl_khr_fp64 cl_khr_int64_base_atomics cl_khr_int64_extended_atomics cl_khr_3d_image_writes cl_intel_bfloat16_conversions ), .pPropSizeRet = nullptr) -> UR_RESULT_SUCCESS;
   ---> urDeviceRetain
   <--- urDeviceRetain(.hDevice = 0x509b040) -> UR_RESULT_SUCCESS;
   ---> urDeviceGetInfo
   <--- urDeviceGetInfo(.hDevice = 0x509b040, .propName = UR_DEVICE_INFO_TYPE, .propSize = 4, .pPropValue = 0x7fff6ffee50c (UR_DEVICE_TYPE_GPU), .pPropSizeRet = nullptr) -> UR_RESULT_SUCCESS;
   ---> urDeviceGetInfo
   <--- urDeviceGetInfo(.hDevice = 0x509b040, .propName = UR_DEVICE_INFO_VENDOR_ID, .propSize = 4, .pPropValue = 0x7fff6ffee588 (32902), .pPropSizeRet = nullptr) -> UR_RESULT_SUCCESS;
   ---> urDeviceGetInfo
   <--- urDeviceGetInfo(.hDevice = 0x509b040, .propName = UR_DEVICE_INFO_DRIVER_VERSION, .propSize = 0, .pPropValue = nullptr, .pPropSizeRet = 0x7fff6ffee430 (14)) -> UR_RESULT_SUCCESS;
   ---> urDeviceGetInfo
   <--- urDeviceGetInfo(.hDevice = 0x509b040, .propName = UR_DEVICE_INFO_DRIVER_VERSION, .propSize = 14, .pPropValue = 0x7fff6ffee558 (1.17.39395+14), .pPropSizeRet = nullptr) -> UR_RESULT_SUCCESS;
   ---> urDeviceGetInfo
   <--- urDeviceGetInfo(.hDevice = 0x509b040, .propName = UR_DEVICE_INFO_NAME, .propSize = 0, .pPropValue = nullptr, .pPropSizeRet = 0x7fff6ffee370 (31)) -> UR_RESULT_SUCCESS;
   ---> urDeviceGetInfo
   <--- urDeviceGetInfo(.hDevice = 0x509b040, .propName = UR_DEVICE_INFO_NAME, .propSize = 31, .pPropValue = 0x509afd0 (Intel(R) Arc(TM) B570 Graphics), .pPropSizeRet = nullptr) -> UR_RESULT_SUCCESS;
   ---> urPlatformGetInfo
   <--- urPlatformGetInfo(.hPlatform = 0x5099810, .propName = UR_PLATFORM_INFO_BACKEND, .propSize = 4, .pPropValue = 0x7fff6ffee74c (UR_BACKEND_LEVEL_ZERO), .pPropSizeRet = nullptr) -> UR_RESULT_SUCCESS;
   ---> urDeviceGetInfo
   <--- urDeviceGetInfo(.hDevice = 0x509b040, .propName = UR_DEVICE_INFO_TYPE, .propSize = 4, .pPropValue = 0x7fff6ffee744 (UR_DEVICE_TYPE_GPU), .pPropSizeRet = nullptr) -> UR_RESULT_SUCCESS;
   ---> urDeviceRelease
   <--- urDeviceRelease(.hDevice = 0x509b040) -> UR_RESULT_SUCCESS;
   ---> urDeviceGetInfo
   <--- urDeviceGetInfo(.hDevice = 0x509b040, .propName = UR_DEVICE_INFO_SUPPORTED_PARTITIONS, .propSize = 0, .pPropValue = nullptr, .pPropSizeRet = 0x7fff6ffee738 (0)) -> UR_RESULT_SUCCESS;
   ---> urDeviceGet
[2026-10-08 05:48:27.944] [thread-id: 136775814081728] [trace] zeDeviceGetRootDevice(hDevice, phRootDevice)
[2026-10-08 05:48:27.944] [thread-id: 136775814081728] [trace] SUCCESS (ZE_RESULT_SUCCESS) in zeDeviceGetRootDevice(hDevice=0x5085f28, phRootDevice=0x7fff6ffee540)
   <--- urDeviceGet(.hPlatform = 0x5099810, .DeviceType = UR_DEVICE_TYPE_ALL, .NumEntries = 0, .phDevices = nullptr, .pNumDevices = 0x7fff6ffee96c (1)) -> UR_RESULT_SUCCESS;
   ---> urDeviceGet
[2026-10-08 05:48:27.944] [thread-id: 136775814081728] [trace] zeDeviceGetRootDevice(hDevice, phRootDevice)
[2026-10-08 05:48:27.944] [thread-id: 136775814081728] [trace] SUCCESS (ZE_RESULT_SUCCESS) in zeDeviceGetRootDevice(hDevice=0x5085f28, phRootDevice=0x7fff6ffee540)
   <--- urDeviceGet(.hPlatform = 0x5099810, .DeviceType = UR_DEVICE_TYPE_ALL, .NumEntries = 1, .phDevices = 0x50996b0 {0x509b040}, .pNumDevices = nullptr) -> UR_RESULT_SUCCESS;
   ---> urPlatformGetInfo
   <--- urPlatformGetInfo(.hPlatform = 0x5099810, .propName = UR_PLATFORM_INFO_VERSION, .propSize = 0, .pPropValue = nullptr, .pPropSizeRet = 0x7fff6ffee540 (5)) -> UR_RESULT_SUCCESS;
   ---> urPlatformGetInfo
   <--- urPlatformGetInfo(.hPlatform = 0x5099810, .propName = UR_PLATFORM_INFO_VERSION, .propSize = 5, .pPropValue = 0x7fff6ffee6a8 (1.17), .pPropSizeRet = nullptr) -> UR_RESULT_SUCCESS;
   ---> urPlatformGetInfo
   <--- urPlatformGetInfo(.hPlatform = 0x5099810, .propName = UR_PLATFORM_INFO_NAME, .propSize = 0, .pPropValue = nullptr, .pPropSizeRet = 0x7fff6ffee540 (51)) -> UR_RESULT_SUCCESS;
   ---> urPlatformGetInfo
   <--- urPlatformGetInfo(.hPlatform = 0x5099810, .propName = UR_PLATFORM_INFO_NAME, .propSize = 51, .pPropValue = 0x509bc30 (Intel(R) oneAPI Unified Runtime over Level-Zero V2), .pPropSizeRet = nullptr) -> UR_RESULT_SUCCESS;
   ---> urDeviceGetInfo
   <--- urDeviceGetInfo(.hDevice = 0x509b040, .propName = UR_DEVICE_INFO_TYPE, .propSize = 4, .pPropValue = 0x7fff6ffee61c (UR_DEVICE_TYPE_GPU), .pPropSizeRet = nullptr) -> UR_RESULT_SUCCESS;
   ---> urDeviceGetInfo
   <--- urDeviceGetInfo(.hDevice = 0x509b040, .propName = UR_DEVICE_INFO_VENDOR_ID, .propSize = 4, .pPropValue = 0x7fff6ffee698 (32902), .pPropSizeRet = nullptr) -> UR_RESULT_SUCCESS;
   ---> urDeviceGetInfo
   <--- urDeviceGetInfo(.hDevice = 0x509b040, .propName = UR_DEVICE_INFO_DRIVER_VERSION, .propSize = 0, .pPropValue = nullptr, .pPropSizeRet = 0x7fff6ffee540 (14)) -> UR_RESULT_SUCCESS;
   ---> urDeviceGetInfo
   <--- urDeviceGetInfo(.hDevice = 0x509b040, .propName = UR_DEVICE_INFO_DRIVER_VERSION, .propSize = 14, .pPropValue = 0x7fff6ffee668 (1.17.39395+14), .pPropSizeRet = nullptr) -> UR_RESULT_SUCCESS;
   ---> urPlatformGetInfo
   <--- urPlatformGetInfo(.hPlatform = 0x5099810, .propName = UR_PLATFORM_INFO_BACKEND, .propSize = 4, .pPropValue = 0x7fff6ffee85c (UR_BACKEND_LEVEL_ZERO), .pPropSizeRet = nullptr) -> UR_RESULT_SUCCESS;
   ---> urDeviceGetInfo
   <--- urDeviceGetInfo(.hDevice = 0x509b040, .propName = UR_DEVICE_INFO_TYPE, .propSize = 4, .pPropValue = 0x7fff6ffee854 (UR_DEVICE_TYPE_GPU), .pPropSizeRet = nullptr) -> UR_RESULT_SUCCESS;
   ---> urDeviceRelease
   <--- urDeviceRelease(.hDevice = 0x509b040) -> UR_RESULT_SUCCESS;
   ---> urDeviceGetInfo
   <--- urDeviceGetInfo(.hDevice = 0x509b040, .propName = UR_DEVICE_INFO_SUPPORTED_PARTITIONS, .propSize = 0, .pPropValue = nullptr, .pPropSizeRet = 0x7fff6ffee848 (0)) -> UR_RESULT_SUCCESS;
   ---> urDeviceSelectBinary
   <--- urDeviceSelectBinary(.hDevice = 0x509b040, .pBinaries = 0x7fff6ffee890 ((struct ur_device_binary_t){.stype = UR_STRUCTURE_TYPE_CONTEXT_PROPERTIES, .pNext = nullptr, .pDeviceTargetSpec = 0x7c659cafb3c0 (spir64)}), .NumBinaries = 1, .pSelectedBinary = 0x7fff6ffee8b4 (0)) -> UR_RESULT_SUCCESS;
   ---> urDeviceGet
[2026-10-08 05:48:27.944] [thread-id: 136775814081728] [trace] zeDeviceGetRootDevice(hDevice, phRootDevice)
[2026-10-08 05:48:27.944] [thread-id: 136775814081728] [trace] SUCCESS (ZE_RESULT_SUCCESS) in zeDeviceGetRootDevice(hDevice=0x5085f28, phRootDevice=0x7fff6ffee4d0)
   <--- urDeviceGet(.hPlatform = 0x5099810, .DeviceType = UR_DEVICE_TYPE_ALL, .NumEntries = 0, .phDevices = nullptr, .pNumDevices = 0x7fff6ffee8fc (1)) -> UR_RESULT_SUCCESS;
   ---> urDeviceGet
[2026-10-08 05:48:27.944] [thread-id: 136775814081728] [trace] zeDeviceGetRootDevice(hDevice, phRootDevice)
[2026-10-08 05:48:27.944] [thread-id: 136775814081728] [trace] SUCCESS (ZE_RESULT_SUCCESS) in zeDeviceGetRootDevice(hDevice=0x5085f28, phRootDevice=0x7fff6ffee4d0)
   <--- urDeviceGet(.hPlatform = 0x5099810, .DeviceType = UR_DEVICE_TYPE_ALL, .NumEntries = 1, .phDevices = 0x509bd00 {0x509b040}, .pNumDevices = nullptr) -> UR_RESULT_SUCCESS;
   ---> urPlatformGetInfo
   <--- urPlatformGetInfo(.hPlatform = 0x5099810, .propName = UR_PLATFORM_INFO_VERSION, .propSize = 0, .pPropValue = nullptr, .pPropSizeRet = 0x7fff6ffee4d0 (5)) -> UR_RESULT_SUCCESS;
   ---> urPlatformGetInfo
   <--- urPlatformGetInfo(.hPlatform = 0x5099810, .propName = UR_PLATFORM_INFO_VERSION, .propSize = 5, .pPropValue = 0x7fff6ffee638 (1.17), .pPropSizeRet = nullptr) -> UR_RESULT_SUCCESS;
   ---> urPlatformGetInfo
   <--- urPlatformGetInfo(.hPlatform = 0x5099810, .propName = UR_PLATFORM_INFO_NAME, .propSize = 0, .pPropValue = nullptr, .pPropSizeRet = 0x7fff6ffee4d0 (51)) -> UR_RESULT_SUCCESS;
   ---> urPlatformGetInfo
   <--- urPlatformGetInfo(.hPlatform = 0x5099810, .propName = UR_PLATFORM_INFO_NAME, .propSize = 51, .pPropValue = 0x509b710 (Intel(R) oneAPI Unified Runtime over Level-Zero V2), .pPropSizeRet = nullptr) -> UR_RESULT_SUCCESS;
   ---> urDeviceGetInfo
   <--- urDeviceGetInfo(.hDevice = 0x509b040, .propName = UR_DEVICE_INFO_TYPE, .propSize = 4, .pPropValue = 0x7fff6ffee5ac (UR_DEVICE_TYPE_GPU), .pPropSizeRet = nullptr) -> UR_RESULT_SUCCESS;
   ---> urDeviceGetInfo
   <--- urDeviceGetInfo(.hDevice = 0x509b040, .propName = UR_DEVICE_INFO_VENDOR_ID, .propSize = 4, .pPropValue = 0x7fff6ffee628 (32902), .pPropSizeRet = nullptr) -> UR_RESULT_SUCCESS;
   ---> urDeviceGetInfo
   <--- urDeviceGetInfo(.hDevice = 0x509b040, .propName = UR_DEVICE_INFO_DRIVER_VERSION, .propSize = 0, .pPropValue = nullptr, .pPropSizeRet = 0x7fff6ffee4d0 (14)) -> UR_RESULT_SUCCESS;
   ---> urDeviceGetInfo
   <--- urDeviceGetInfo(.hDevice = 0x509b040, .propName = UR_DEVICE_INFO_DRIVER_VERSION, .propSize = 14, .pPropValue = 0x7fff6ffee5f8 (1.17.39395+14), .pPropSizeRet = nullptr) -> UR_RESULT_SUCCESS;
   ---> urPlatformGetInfo
   <--- urPlatformGetInfo(.hPlatform = 0x5099810, .propName = UR_PLATFORM_INFO_BACKEND, .propSize = 4, .pPropValue = 0x7fff6ffee7ec (UR_BACKEND_LEVEL_ZERO), .pPropSizeRet = nullptr) -> UR_RESULT_SUCCESS;
   ---> urDeviceGetInfo
   <--- urDeviceGetInfo(.hDevice = 0x509b040, .propName = UR_DEVICE_INFO_TYPE, .propSize = 4, .pPropValue = 0x7fff6ffee7e4 (UR_DEVICE_TYPE_GPU), .pPropSizeRet = nullptr) -> UR_RESULT_SUCCESS;
   ---> urDeviceRelease
   <--- urDeviceRelease(.hDevice = 0x509b040) -> UR_RESULT_SUCCESS;
   ---> urDeviceGetInfo
   <--- urDeviceGetInfo(.hDevice = 0x509b040, .propName = UR_DEVICE_INFO_SUPPORTED_PARTITIONS, .propSize = 0, .pPropValue = nullptr, .pPropSizeRet = 0x7fff6ffee7d8 (0)) -> UR_RESULT_SUCCESS;
   ---> urDeviceGet
[2026-10-08 05:48:27.945] [thread-id: 136775814081728] [trace] zeDeviceGetRootDevice(hDevice, phRootDevice)
[2026-10-08 05:48:27.945] [thread-id: 136775814081728] [trace] SUCCESS (ZE_RESULT_SUCCESS) in zeDeviceGetRootDevice(hDevice=0x5085f28, phRootDevice=0x7fff6ffee5e0)
   <--- urDeviceGet(.hPlatform = 0x5099810, .DeviceType = UR_DEVICE_TYPE_GPU, .NumEntries = 0, .phDevices = nullptr, .pNumDevices = 0x7fff6ffeea0c (1)) -> UR_RESULT_SUCCESS;
   ---> urDeviceGet
[2026-10-08 05:48:27.945] [thread-id: 136775814081728] [trace] zeDeviceGetRootDevice(hDevice, phRootDevice)
[2026-10-08 05:48:27.945] [thread-id: 136775814081728] [trace] SUCCESS (ZE_RESULT_SUCCESS) in zeDeviceGetRootDevice(hDevice=0x5085f28, phRootDevice=0x7fff6ffee5e0)
   <--- urDeviceGet(.hPlatform = 0x5099810, .DeviceType = UR_DEVICE_TYPE_GPU, .NumEntries = 1, .phDevices = 0x509bd20 {0x509b040}, .pNumDevices = nullptr) -> UR_RESULT_SUCCESS;
   ---> urPlatformGetInfo
   <--- urPlatformGetInfo(.hPlatform = 0x5099810, .propName = UR_PLATFORM_INFO_VERSION, .propSize = 0, .pPropValue = nullptr, .pPropSizeRet = 0x7fff6ffee5e0 (5)) -> UR_RESULT_SUCCESS;
   ---> urPlatformGetInfo
   <--- urPlatformGetInfo(.hPlatform = 0x5099810, .propName = UR_PLATFORM_INFO_VERSION, .propSize = 5, .pPropValue = 0x7fff6ffee748 (1.17), .pPropSizeRet = nullptr) -> UR_RESULT_SUCCESS;
   ---> urPlatformGetInfo
   <--- urPlatformGetInfo(.hPlatform = 0x5099810, .propName = UR_PLATFORM_INFO_NAME, .propSize = 0, .pPropValue = nullptr, .pPropSizeRet = 0x7fff6ffee5e0 (51)) -> UR_RESULT_SUCCESS;
   ---> urPlatformGetInfo
   <--- urPlatformGetInfo(.hPlatform = 0x5099810, .propName = UR_PLATFORM_INFO_NAME, .propSize = 51, .pPropValue = 0x509bc30 (Intel(R) oneAPI Unified Runtime over Level-Zero V2), .pPropSizeRet = nullptr) -> UR_RESULT_SUCCESS;
   ---> urDeviceGetInfo
   <--- urDeviceGetInfo(.hDevice = 0x509b040, .propName = UR_DEVICE_INFO_TYPE, .propSize = 4, .pPropValue = 0x7fff6ffee6bc (UR_DEVICE_TYPE_GPU), .pPropSizeRet = nullptr) -> UR_RESULT_SUCCESS;
   ---> urDeviceGetInfo
   <--- urDeviceGetInfo(.hDevice = 0x509b040, .propName = UR_DEVICE_INFO_VENDOR_ID, .propSize = 4, .pPropValue = 0x7fff6ffee738 (32902), .pPropSizeRet = nullptr) -> UR_RESULT_SUCCESS;
   ---> urDeviceGetInfo
   <--- urDeviceGetInfo(.hDevice = 0x509b040, .propName = UR_DEVICE_INFO_DRIVER_VERSION, .propSize = 0, .pPropValue = nullptr, .pPropSizeRet = 0x7fff6ffee5e0 (14)) -> UR_RESULT_SUCCESS;
   ---> urDeviceGetInfo
   <--- urDeviceGetInfo(.hDevice = 0x509b040, .propName = UR_DEVICE_INFO_DRIVER_VERSION, .propSize = 14, .pPropValue = 0x7fff6ffee708 (1.17.39395+14), .pPropSizeRet = nullptr) -> UR_RESULT_SUCCESS;
   ---> urPlatformGetInfo
   <--- urPlatformGetInfo(.hPlatform = 0x5099810, .propName = UR_PLATFORM_INFO_BACKEND, .propSize = 4, .pPropValue = 0x7fff6ffee8fc (UR_BACKEND_LEVEL_ZERO), .pPropSizeRet = nullptr) -> UR_RESULT_SUCCESS;
   ---> urDeviceGetInfo
   <--- urDeviceGetInfo(.hDevice = 0x509b040, .propName = UR_DEVICE_INFO_TYPE, .propSize = 4, .pPropValue = 0x7fff6ffee8f4 (UR_DEVICE_TYPE_GPU), .pPropSizeRet = nullptr) -> UR_RESULT_SUCCESS;
   ---> urDeviceRelease
   <--- urDeviceRelease(.hDevice = 0x509b040) -> UR_RESULT_SUCCESS;
   ---> urDeviceGetInfo
   <--- urDeviceGetInfo(.hDevice = 0x509b040, .propName = UR_DEVICE_INFO_SUPPORTED_PARTITIONS, .propSize = 0, .pPropValue = nullptr, .pPropSizeRet = 0x7fff6ffee8e8 (0)) -> UR_RESULT_SUCCESS;
   ---> urDeviceGetInfo
[2026-10-08 05:48:27.945] [thread-id: 136775814081728] [trace] zeDevicePciGetPropertiesExt(hDevice, pPciProperties)
[2026-10-08 05:48:27.945] [thread-id: 136775814081728] [trace] SUCCESS (ZE_RESULT_SUCCESS) in zeDevicePciGetPropertiesExt(hDevice=0x5085f28, pPciProperties={stype=0x7fff6ffee5b0, address={domain=0, bus=5, device=0, function=0}, maxSpeed={genVersion=4, width=8, maxBandwidth=15753846153}})
   <--- urDeviceGetInfo(.hDevice = 0x509b040, .propName = UR_DEVICE_INFO_PCI_ADDRESS, .propSize = 0, .pPropValue = nullptr, .pPropSizeRet = 0x7fff6ffeea28 (13)) -> UR_RESULT_SUCCESS;
   ---> urDeviceGetInfo
[2026-10-08 05:48:27.945] [thread-id: 136775814081728] [trace] zeDevicePciGetPropertiesExt(hDevice, pPciProperties)
[2026-10-08 05:48:27.945] [thread-id: 136775814081728] [trace] SUCCESS (ZE_RESULT_SUCCESS) in zeDevicePciGetPropertiesExt(hDevice=0x5085f28, pPciProperties={stype=0x7fff6ffee6c0, address={domain=0, bus=5, device=0, function=0}, maxSpeed={genVersion=4, width=8, maxBandwidth=15753846153}})
   <--- urDeviceGetInfo(.hDevice = 0x509b040, .propName = UR_DEVICE_INFO_PCI_ADDRESS, .propSize = 0, .pPropValue = nullptr, .pPropSizeRet = 0x7fff6ffeeb30 (13)) -> UR_RESULT_SUCCESS;
   ---> urDeviceGetInfo
[2026-10-08 05:48:27.945] [thread-id: 136775814081728] [trace] zeDevicePciGetPropertiesExt(hDevice, pPciProperties)
[2026-10-08 05:48:27.945] [thread-id: 136775814081728] [trace] SUCCESS (ZE_RESULT_SUCCESS) in zeDevicePciGetPropertiesExt(hDevice=0x5085f28, pPciProperties={stype=0x7fff6ffee6c0, address={domain=0, bus=5, device=0, function=0}, maxSpeed={genVersion=4, width=8, maxBandwidth=15753846153}})
   <--- urDeviceGetInfo(.hDevice = 0x509b040, .propName = UR_DEVICE_INFO_PCI_ADDRESS, .propSize = 13, .pPropValue = 0x7fff6ffeeb80 (0000:05:00.0), .pPropSizeRet = nullptr) -> UR_RESULT_SUCCESS;
   ---> urDeviceGet
[2026-10-08 05:48:27.945] [thread-id: 136775814081728] [trace] zeDeviceGetRootDevice(hDevice, phRootDevice)
[2026-10-08 05:48:27.945] [thread-id: 136775814081728] [trace] SUCCESS (ZE_RESULT_SUCCESS) in zeDeviceGetRootDevice(hDevice=0x5085f28, phRootDevice=0x7fff6ffee4e0)
   <--- urDeviceGet(.hPlatform = 0x5099810, .DeviceType = UR_DEVICE_TYPE_ALL, .NumEntries = 0, .phDevices = nullptr, .pNumDevices = 0x7fff6ffee90c (1)) -> UR_RESULT_SUCCESS;
   ---> urDeviceGet
[2026-10-08 05:48:27.945] [thread-id: 136775814081728] [trace] zeDeviceGetRootDevice(hDevice, phRootDevice)
[2026-10-08 05:48:27.945] [thread-id: 136775814081728] [trace] SUCCESS (ZE_RESULT_SUCCESS) in zeDeviceGetRootDevice(hDevice=0x5085f28, phRootDevice=0x7fff6ffee4e0)
   <--- urDeviceGet(.hPlatform = 0x5099810, .DeviceType = UR_DEVICE_TYPE_ALL, .NumEntries = 1, .phDevices = 0x509bd40 {0x509b040}, .pNumDevices = nullptr) -> UR_RESULT_SUCCESS;
   ---> urPlatformGetInfo
   <--- urPlatformGetInfo(.hPlatform = 0x5099810, .propName = UR_PLATFORM_INFO_VERSION, .propSize = 0, .pPropValue = nullptr, .pPropSizeRet = 0x7fff6ffee4e0 (5)) -> UR_RESULT_SUCCESS;
   ---> urPlatformGetInfo
   <--- urPlatformGetInfo(.hPlatform = 0x5099810, .propName = UR_PLATFORM_INFO_VERSION, .propSize = 5, .pPropValue = 0x7fff6ffee648 (1.17), .pPropSizeRet = nullptr) -> UR_RESULT_SUCCESS;
   ---> urPlatformGetInfo
   <--- urPlatformGetInfo(.hPlatform = 0x5099810, .propName = UR_PLATFORM_INFO_NAME, .propSize = 0, .pPropValue = nullptr, .pPropSizeRet = 0x7fff6ffee4e0 (51)) -> UR_RESULT_SUCCESS;
   ---> urPlatformGetInfo
   <--- urPlatformGetInfo(.hPlatform = 0x5099810, .propName = UR_PLATFORM_INFO_NAME, .propSize = 51, .pPropValue = 0x509bc30 (Intel(R) oneAPI Unified Runtime over Level-Zero V2), .pPropSizeRet = nullptr) -> UR_RESULT_SUCCESS;
   ---> urDeviceGetInfo
   <--- urDeviceGetInfo(.hDevice = 0x509b040, .propName = UR_DEVICE_INFO_TYPE, .propSize = 4, .pPropValue = 0x7fff6ffee5bc (UR_DEVICE_TYPE_GPU), .pPropSizeRet = nullptr) -> UR_RESULT_SUCCESS;
   ---> urDeviceGetInfo
   <--- urDeviceGetInfo(.hDevice = 0x509b040, .propName = UR_DEVICE_INFO_VENDOR_ID, .propSize = 4, .pPropValue = 0x7fff6ffee638 (32902), .pPropSizeRet = nullptr) -> UR_RESULT_SUCCESS;
   ---> urDeviceGetInfo
   <--- urDeviceGetInfo(.hDevice = 0x509b040, .propName = UR_DEVICE_INFO_DRIVER_VERSION, .propSize = 0, .pPropValue = nullptr, .pPropSizeRet = 0x7fff6ffee4e0 (14)) -> UR_RESULT_SUCCESS;
   ---> urDeviceGetInfo
   <--- urDeviceGetInfo(.hDevice = 0x509b040, .propName = UR_DEVICE_INFO_DRIVER_VERSION, .propSize = 14, .pPropValue = 0x7fff6ffee608 (1.17.39395+14), .pPropSizeRet = nullptr) -> UR_RESULT_SUCCESS;
   ---> urPlatformGetInfo
   <--- urPlatformGetInfo(.hPlatform = 0x5099810, .propName = UR_PLATFORM_INFO_BACKEND, .propSize = 4, .pPropValue = 0x7fff6ffee7fc (UR_BACKEND_LEVEL_ZERO), .pPropSizeRet = nullptr) -> UR_RESULT_SUCCESS;
   ---> urDeviceGetInfo
   <--- urDeviceGetInfo(.hDevice = 0x509b040, .propName = UR_DEVICE_INFO_TYPE, .propSize = 4, .pPropValue = 0x7fff6ffee7f4 (UR_DEVICE_TYPE_GPU), .pPropSizeRet = nullptr) -> UR_RESULT_SUCCESS;
   ---> urDeviceRelease
   <--- urDeviceRelease(.hDevice = 0x509b040) -> UR_RESULT_SUCCESS;
   ---> urDeviceGetInfo
   <--- urDeviceGetInfo(.hDevice = 0x509b040, .propName = UR_DEVICE_INFO_SUPPORTED_PARTITIONS, .propSize = 0, .pPropValue = nullptr, .pPropSizeRet = 0x7fff6ffee7e8 (0)) -> UR_RESULT_SUCCESS;
   ---> urDeviceGetInfo
[2026-10-08 05:48:27.945] [thread-id: 136775814081728] [trace] zeDeviceGetSubDevices(hDevice, pCount, phSubdevices)
[2026-10-08 05:48:27.945] [thread-id: 136775814081728] [trace] SUCCESS (ZE_RESULT_SUCCESS) in zeDeviceGetSubDevices(hDevice=0x5085f28, pCount=0, phSubdevices=nullptr)
   <--- urDeviceGetInfo(.hDevice = 0x509b040, .propName = UR_DEVICE_INFO_COMPONENT_DEVICES, .propSize = 0, .pPropValue = nullptr, .pPropSizeRet = 0x7fff6ffee600 (0)) -> UR_RESULT_SUCCESS;
   ---> urContextCreate
[2026-10-08 05:48:27.945] [thread-id: 136775814081728] [trace] zeContextCreate(hDriver, desc, phContext)
[2026-10-08 05:48:27.945] [thread-id: 136775814081728] [trace] SUCCESS (ZE_RESULT_SUCCESS) in zeContextCreate(hDriver=0x50859c8, desc={stype=0x7fff6ffee530, flags=0}, phContext=0x509c738)
[2026-10-08 05:48:27.945] [thread-id: 136775814081728] [trace] zeMemAllocHost(hContext, host_desc, size, alignment, pptr)
[2026-10-08 05:48:27.946] [thread-id: 136775814081728] [trace] SUCCESS (ZE_RESULT_SUCCESS) in zeMemAllocHost(hContext=0x509c738, host_desc={stype=0x7fff6ffedfb0, flags=0}, size=1, alignment=0, pptr=0x7c65875ffe00)
[2026-10-08 05:48:27.946] [thread-id: 136775814081728] [trace] zeMemGetAllocProperties(hContext, ptr, pMemAllocProperties, phDevice)
[2026-10-08 05:48:27.946] [thread-id: 136775814081728] [trace] SUCCESS (ZE_RESULT_SUCCESS) in zeMemGetAllocProperties(hContext=0x509c738, ptr=0x7c65875ffe00, pMemAllocProperties={stype=0x7fff6ffedfb0, type=0x7fff6ffedfc0, id=1, pageSize=2097152}, phDevice=nullptr)
[2026-10-08 05:48:27.946] [thread-id: 136775814081728] [trace] zeMemFreeExt(hContext, pMemFreeDesc, ptr)
[2026-10-08 05:48:27.946] [thread-id: 136775814081728] [trace] SUCCESS (ZE_RESULT_SUCCESS) in zeMemFreeExt(hContext=0x509c738, pMemFreeDesc={stype=0x7fff6ffedf90, freePolicy=1}, ptr=0x7c65875ffe00)
[2026-10-08 05:48:27.946] [thread-id: 136775814081728] [trace] zeDeviceGetProperties(hDevice, pDeviceProperties)
[2026-10-08 05:48:27.946] [thread-id: 136775814081728] [trace] SUCCESS (ZE_RESULT_SUCCESS) in zeDeviceGetProperties(hDevice=0x5085f28, pDeviceProperties={stype=0x7c6587a30068, type=0x7c6587a30078, vendorId=32902, deviceId=57868, flags=8, subdeviceId=0, coreClockRate=2750, maxMemAllocSize=10132807680, maxHardwareContexts=65536, maxCommandQueuePriority=0, numThreadsPerEU=8, physicalEUSimdWidth=16, numEUsPerSubslice=8, numSubslicesPerSlice=4, numSlices=5, timerResolution=52, timestampValidBits=64, kernelTimestampValidBits=64, uuid={id=134}, name="Intel(R) Arc(TM) B570 Graphics"})
[2026-10-08 05:48:27.946] [thread-id: 136775814081728] [trace] zeMemAllocDevice(hContext, device_desc, size, alignment, hDevice, pptr)
[2026-10-08 05:48:27.946] [thread-id: 136775814081728] [trace] SUCCESS (ZE_RESULT_SUCCESS) in zeMemAllocDevice(hContext=0x509c738, device_desc={stype=0x7fff6ffedf70, flags=0, ordinal=0}, size=1, alignment=0, hDevice=0x5085f28, pptr=0xffffffffff9ffe00)
[2026-10-08 05:48:27.946] [thread-id: 136775814081728] [trace] zeContextMakeMemoryResident(hContext, hDevice, ptr, size)
[2026-10-08 05:48:27.946] [thread-id: 136775814081728] [trace] SUCCESS (ZE_RESULT_SUCCESS) in zeContextMakeMemoryResident(hContext=0x509c738, hDevice=0x5085f28, ptr=0xffffffffff9ffe00, size=1)
[2026-10-08 05:48:27.946] [thread-id: 136775814081728] [trace] zeMemGetAllocProperties(hContext, ptr, pMemAllocProperties, phDevice)
[2026-10-08 05:48:27.946] [thread-id: 136775814081728] [trace] SUCCESS (ZE_RESULT_SUCCESS) in zeMemGetAllocProperties(hContext=0x509c738, ptr=0xffffffffff9ffe00, pMemAllocProperties={stype=0x7fff6ffedfb0, type=0x7fff6ffedfc0, id=3, pageSize=65536}, phDevice=nullptr)
[2026-10-08 05:48:27.946] [thread-id: 136775814081728] [trace] zeMemFreeExt(hContext, pMemFreeDesc, ptr)
[2026-10-08 05:48:27.947] [thread-id: 136775814081728] [trace] SUCCESS (ZE_RESULT_SUCCESS) in zeMemFreeExt(hContext=0x509c738, pMemFreeDesc={stype=0x7fff6ffedf90, freePolicy=1}, ptr=0xffffffffff9ffe00)
[2026-10-08 05:48:27.947] [thread-id: 136775814081728] [trace] zeDeviceGetProperties(hDevice, pDeviceProperties)
[2026-10-08 05:48:27.947] [thread-id: 136775814081728] [trace] SUCCESS (ZE_RESULT_SUCCESS) in zeDeviceGetProperties(hDevice=0x5085f28, pDeviceProperties={stype=0x7c6587a28068, type=0x7c6587a28078, vendorId=32902, deviceId=57868, flags=8, subdeviceId=0, coreClockRate=2750, maxMemAllocSize=10132807680, maxHardwareContexts=65536, maxCommandQueuePriority=0, numThreadsPerEU=8, physicalEUSimdWidth=16, numEUsPerSubslice=8, numSubslicesPerSlice=4, numSlices=5, timerResolution=52, timestampValidBits=64, kernelTimestampValidBits=64, uuid={id=134}, name="Intel(R) Arc(TM) B570 Graphics"})
[2026-10-08 05:48:27.947] [thread-id: 136775814081728] [trace] zeMemAllocShared(hContext, device_desc, host_desc, size, alignment, hDevice, pptr)
[2026-10-08 05:48:27.947] [thread-id: 136775814081728] [trace] SUCCESS (ZE_RESULT_SUCCESS) in zeMemAllocShared(hContext=0x509c738, device_desc={stype=0x7fff6ffedfb0, flags=0, ordinal=0}, host_desc={stype=0x7fff6ffedf90, flags=0}, size=1, alignment=0, hDevice=0x5085f28, pptr=0x7c65876b0000)
[2026-10-08 05:48:27.947] [thread-id: 136775814081728] [trace] zeMemGetAllocProperties(hContext, ptr, pMemAllocProperties, phDevice)
[2026-10-08 05:48:27.947] [thread-id: 136775814081728] [trace] SUCCESS (ZE_RESULT_SUCCESS) in zeMemGetAllocProperties(hContext=0x509c738, ptr=0x7c65876b0000, pMemAllocProperties={stype=0x7fff6ffedfb0, type=0x7fff6ffedfc0, id=5, pageSize=65536}, phDevice=nullptr)
[2026-10-08 05:48:27.947] [thread-id: 136775814081728] [trace] zeMemFreeExt(hContext, pMemFreeDesc, ptr)
[2026-10-08 05:48:27.947] [thread-id: 136775814081728] [trace] SUCCESS (ZE_RESULT_SUCCESS) in zeMemFreeExt(hContext=0x509c738, pMemFreeDesc={stype=0x7fff6ffedf90, freePolicy=1}, ptr=0x7c65876b0000)
[2026-10-08 05:48:27.947] [thread-id: 136775814081728] [trace] zeDeviceGetProperties(hDevice, pDeviceProperties)
[2026-10-08 05:48:27.947] [thread-id: 136775814081728] [trace] SUCCESS (ZE_RESULT_SUCCESS) in zeDeviceGetProperties(hDevice=0x5085f28, pDeviceProperties={stype=0x7c65876ba068, type=0x7c65876ba078, vendorId=32902, deviceId=57868, flags=8, subdeviceId=0, coreClockRate=2750, maxMemAllocSize=10132807680, maxHardwareContexts=65536, maxCommandQueuePriority=0, numThreadsPerEU=8, physicalEUSimdWidth=16, numEUsPerSubslice=8, numSubslicesPerSlice=4, numSlices=5, timerResolution=52, timestampValidBits=64, kernelTimestampValidBits=64, uuid={id=134}, name="Intel(R) Arc(TM) B570 Graphics"})
[2026-10-08 05:48:27.947] [thread-id: 136775814081728] [trace] zeMemAllocShared(hContext, device_desc, host_desc, size, alignment, hDevice, pptr)
[2026-10-08 05:48:27.948] [thread-id: 136775814081728] [trace] SUCCESS (ZE_RESULT_SUCCESS) in zeMemAllocShared(hContext=0x509c738, device_desc={stype=0x7fff6ffedfb0, flags=0, ordinal=0}, host_desc={stype=0x7fff6ffedf90, flags=0}, size=1, alignment=0, hDevice=0x5085f28, pptr=0x7c65876a0000)
[2026-10-08 05:48:27.948] [thread-id: 136775814081728] [trace] zeMemGetAllocProperties(hContext, ptr, pMemAllocProperties, phDevice)
[2026-10-08 05:48:27.948] [thread-id: 136775814081728] [trace] SUCCESS (ZE_RESULT_SUCCESS) in zeMemGetAllocProperties(hContext=0x509c738, ptr=0x7c65876a0000, pMemAllocProperties={stype=0x7fff6ffedfb0, type=0x7fff6ffedfc0, id=6, pageSize=65536}, phDevice=nullptr)
[2026-10-08 05:48:27.948] [thread-id: 136775814081728] [trace] zeMemFreeExt(hContext, pMemFreeDesc, ptr)
[2026-10-08 05:48:27.948] [thread-id: 136775814081728] [trace] SUCCESS (ZE_RESULT_SUCCESS) in zeMemFreeExt(hContext=0x509c738, pMemFreeDesc={stype=0x7fff6ffedf90, freePolicy=1}, ptr=0x7c65876a0000)
[2026-10-08 05:48:27.948] [thread-id: 136775814081728] [trace] zeMemAllocHost(hContext, host_desc, size, alignment, pptr)
[2026-10-08 05:48:27.948] [thread-id: 136775814081728] [trace] SUCCESS (ZE_RESULT_SUCCESS) in zeMemAllocHost(hContext=0x509c738, host_desc={stype=0x7fff6ffedfb0, flags=0}, size=1, alignment=0, pptr=0x7c65875ffe00)
[2026-10-08 05:48:27.948] [thread-id: 136775814081728] [trace] zeMemGetAllocProperties(hContext, ptr, pMemAllocProperties, phDevice)
[2026-10-08 05:48:27.948] [thread-id: 136775814081728] [trace] SUCCESS (ZE_RESULT_SUCCESS) in zeMemGetAllocProperties(hContext=0x509c738, ptr=0x7c65875ffe00, pMemAllocProperties={stype=0x7fff6ffedfb0, type=0x7fff6ffedfc0, id=1, pageSize=2097152}, phDevice=nullptr)
[2026-10-08 05:48:27.948] [thread-id: 136775814081728] [trace] zeMemFreeExt(hContext, pMemFreeDesc, ptr)
[2026-10-08 05:48:27.948] [thread-id: 136775814081728] [trace] SUCCESS (ZE_RESULT_SUCCESS) in zeMemFreeExt(hContext=0x509c738, pMemFreeDesc={stype=0x7fff6ffedf90, freePolicy=1}, ptr=0x7c65875ffe00)
[2026-10-08 05:48:27.948] [thread-id: 136775814081728] [trace] zeDeviceGetProperties(hDevice, pDeviceProperties)
[2026-10-08 05:48:27.948] [thread-id: 136775814081728] [trace] SUCCESS (ZE_RESULT_SUCCESS) in zeDeviceGetProperties(hDevice=0x5085f28, pDeviceProperties={stype=0x7c65876b2068, type=0x7c65876b2078, vendorId=32902, deviceId=57868, flags=8, subdeviceId=0, coreClockRate=2750, maxMemAllocSize=10132807680, maxHardwareContexts=65536, maxCommandQueuePriority=0, numThreadsPerEU=8, physicalEUSimdWidth=16, numEUsPerSubslice=8, numSubslicesPerSlice=4, numSlices=5, timerResolution=52, timestampValidBits=64, kernelTimestampValidBits=64, uuid={id=134}, name="Intel(R) Arc(TM) B570 Graphics"})
[2026-10-08 05:48:27.948] [thread-id: 136775814081728] [trace] zeMemAllocDevice(hContext, device_desc, size, alignment, hDevice, pptr)
[2026-10-08 05:48:27.948] [thread-id: 136775814081728] [trace] SUCCESS (ZE_RESULT_SUCCESS) in zeMemAllocDevice(hContext=0x509c738, device_desc={stype=0x7fff6ffedf70, flags=0, ordinal=0}, size=1, alignment=0, hDevice=0x5085f28, pptr=0xffffffffff9ffe00)
[2026-10-08 05:48:27.948] [thread-id: 136775814081728] [trace] zeContextMakeMemoryResident(hContext, hDevice, ptr, size)
[2026-10-08 05:48:27.948] [thread-id: 136775814081728] [trace] SUCCESS (ZE_RESULT_SUCCESS) in zeContextMakeMemoryResident(hContext=0x509c738, hDevice=0x5085f28, ptr=0xffffffffff9ffe00, size=1)
[2026-10-08 05:48:27.948] [thread-id: 136775814081728] [trace] zeMemGetAllocProperties(hContext, ptr, pMemAllocProperties, phDevice)
[2026-10-08 05:48:27.948] [thread-id: 136775814081728] [trace] SUCCESS (ZE_RESULT_SUCCESS) in zeMemGetAllocProperties(hContext=0x509c738, ptr=0xffffffffff9ffe00, pMemAllocProperties={stype=0x7fff6ffedfb0, type=0x7fff6ffedfc0, id=3, pageSize=65536}, phDevice=nullptr)
[2026-10-08 05:48:27.948] [thread-id: 136775814081728] [trace] zeMemFreeExt(hContext, pMemFreeDesc, ptr)
[2026-10-08 05:48:27.948] [thread-id: 136775814081728] [trace] SUCCESS (ZE_RESULT_SUCCESS) in zeMemFreeExt(hContext=0x509c738, pMemFreeDesc={stype=0x7fff6ffedf90, freePolicy=1}, ptr=0xffffffffff9ffe00)
[2026-10-08 05:48:27.949] [thread-id: 136775814081728] [trace] zeDeviceGetProperties(hDevice, pDeviceProperties)
[2026-10-08 05:48:27.949] [thread-id: 136775814081728] [trace] SUCCESS (ZE_RESULT_SUCCESS) in zeDeviceGetProperties(hDevice=0x5085f28, pDeviceProperties={stype=0x7c65876a5068, type=0x7c65876a5078, vendorId=32902, deviceId=57868, flags=8, subdeviceId=0, coreClockRate=2750, maxMemAllocSize=10132807680, maxHardwareContexts=65536, maxCommandQueuePriority=0, numThreadsPerEU=8, physicalEUSimdWidth=16, numEUsPerSubslice=8, numSubslicesPerSlice=4, numSlices=5, timerResolution=52, timestampValidBits=64, kernelTimestampValidBits=64, uuid={id=134}, name="Intel(R) Arc(TM) B570 Graphics"})
[2026-10-08 05:48:27.949] [thread-id: 136775814081728] [trace] zeMemAllocShared(hContext, device_desc, host_desc, size, alignment, hDevice, pptr)
[2026-10-08 05:48:27.949] [thread-id: 136775814081728] [trace] SUCCESS (ZE_RESULT_SUCCESS) in zeMemAllocShared(hContext=0x509c738, device_desc={stype=0x7fff6ffedfb0, flags=0, ordinal=0}, host_desc={stype=0x7fff6ffedf90, flags=0}, size=1, alignment=0, hDevice=0x5085f28, pptr=0x7c6587690000)
[2026-10-08 05:48:27.949] [thread-id: 136775814081728] [trace] zeMemGetAllocProperties(hContext, ptr, pMemAllocProperties, phDevice)
[2026-10-08 05:48:27.949] [thread-id: 136775814081728] [trace] SUCCESS (ZE_RESULT_SUCCESS) in zeMemGetAllocProperties(hContext=0x509c738, ptr=0x7c6587690000, pMemAllocProperties={stype=0x7fff6ffedfb0, type=0x7fff6ffedfc0, id=9, pageSize=65536}, phDevice=nullptr)
[2026-10-08 05:48:27.949] [thread-id: 136775814081728] [trace] zeMemFreeExt(hContext, pMemFreeDesc, ptr)
[2026-10-08 05:48:27.949] [thread-id: 136775814081728] [trace] SUCCESS (ZE_RESULT_SUCCESS) in zeMemFreeExt(hContext=0x509c738, pMemFreeDesc={stype=0x7fff6ffedf90, freePolicy=1}, ptr=0x7c6587690000)
[2026-10-08 05:48:27.949] [thread-id: 136775814081728] [trace] zeDeviceGetProperties(hDevice, pDeviceProperties)
[2026-10-08 05:48:27.949] [thread-id: 136775814081728] [trace] SUCCESS (ZE_RESULT_SUCCESS) in zeDeviceGetProperties(hDevice=0x5085f28, pDeviceProperties={stype=0x7c65876a1068, type=0x7c65876a1078, vendorId=32902, deviceId=57868, flags=8, subdeviceId=0, coreClockRate=2750, maxMemAllocSize=10132807680, maxHardwareContexts=65536, maxCommandQueuePriority=0, numThreadsPerEU=8, physicalEUSimdWidth=16, numEUsPerSubslice=8, numSubslicesPerSlice=4, numSlices=5, timerResolution=52, timestampValidBits=64, kernelTimestampValidBits=64, uuid={id=134}, name="Intel(R) Arc(TM) B570 Graphics"})
[2026-10-08 05:48:27.949] [thread-id: 136775814081728] [trace] zeMemAllocShared(hContext, device_desc, host_desc, size, alignment, hDevice, pptr)
[2026-10-08 05:48:27.949] [thread-id: 136775814081728] [trace] SUCCESS (ZE_RESULT_SUCCESS) in zeMemAllocShared(hContext=0x509c738, device_desc={stype=0x7fff6ffedfb0, flags=0, ordinal=0}, host_desc={stype=0x7fff6ffedf90, flags=0}, size=1, alignment=0, hDevice=0x5085f28, pptr=0x7c6587690000)
[2026-10-08 05:48:27.949] [thread-id: 136775814081728] [trace] zeMemGetAllocProperties(hContext, ptr, pMemAllocProperties, phDevice)
[2026-10-08 05:48:27.949] [thread-id: 136775814081728] [trace] SUCCESS (ZE_RESULT_SUCCESS) in zeMemGetAllocProperties(hContext=0x509c738, ptr=0x7c6587690000, pMemAllocProperties={stype=0x7fff6ffedfb0, type=0x7fff6ffedfc0, id=10, pageSize=65536}, phDevice=nullptr)
[2026-10-08 05:48:27.949] [thread-id: 136775814081728] [trace] zeMemFreeExt(hContext, pMemFreeDesc, ptr)
[2026-10-08 05:48:27.949] [thread-id: 136775814081728] [trace] SUCCESS (ZE_RESULT_SUCCESS) in zeMemFreeExt(hContext=0x509c738, pMemFreeDesc={stype=0x7fff6ffedf90, freePolicy=1}, ptr=0x7c6587690000)
   <--- urContextCreate(.DeviceCount = 1, .phDevices = 0x509bce0 {0x509b040}, .pProperties = nullptr, .phContext = 0x509dd70 (0x509fdd0)) -> UR_RESULT_SUCCESS;
   ---> urQueueCreate
<LEVEL_ZERO>[INFO]: Copy offload is disabled by the environment variable.
<LEVEL_ZERO>[DEBUG]: create command list ordinal: 0, type: immediate, device: 0x5085f28, inOrder: 1
[2026-10-08 05:48:27.950] [thread-id: 136775814081728] [trace] zeCommandListCreateImmediate(hContext, hDevice, altdesc, phCommandList)
[2026-10-08 05:48:27.951] [thread-id: 136775814081728] [trace] SUCCESS (ZE_RESULT_SUCCESS) in zeCommandListCreateImmediate(hContext=0x509c738, hDevice=0x5085f28, altdesc={stype=0x7fff6ffee4b0, ordinal=0, index=0, flags=2, mode=0x7fff6ffee4cc, priority=0x7fff6ffee4d0}, phCommandList=0x50a3f08)
[2026-10-08 05:48:27.951] [thread-id: 136775814081728] [trace] zeDriverGetExtensionFunctionAddress(hDriver, name, ppFunctionAddress)
[2026-10-08 05:48:27.951] [thread-id: 136775814081728] [trace] SUCCESS (ZE_RESULT_SUCCESS) in zeDriverGetExtensionFunctionAddress(hDriver=0x50859c8, name="zexCounterBasedEventCreate2", ppFunctionAddress=0x7c6595b7bc00)
   <--- urQueueCreate(.hContext = 0x509fdd0, .hDevice = 0x509b040, .pProperties = 0x7fff6ffeea90 ((struct ur_queue_properties_t){.stype = UR_STRUCTURE_TYPE_QUEUE_PROPERTIES, .pNext = nullptr, .flags = 0}), .phQueue = 0x7fff6ffeeaa8 (0x50a3150)) -> UR_RESULT_SUCCESS;
   ---> urDeviceGetInfo
[2026-10-08 05:48:27.951] [thread-id: 136775814081728] [trace] zeDeviceGetMemoryAccessProperties(hDevice, pMemAccessProperties)
[2026-10-08 05:48:27.951] [thread-id: 136775814081728] [trace] SUCCESS (ZE_RESULT_SUCCESS) in zeDeviceGetMemoryAccessProperties(hDevice=0x5085f28, pMemAccessProperties={stype=0x509b420, hostAllocCapabilities=3, deviceAllocCapabilities=3, sharedSingleDeviceAllocCapabilities=3, sharedCrossDeviceAllocCapabilities=0, sharedSystemAllocCapabilities=15})
   <--- urDeviceGetInfo(.hDevice = 0x509b040, .propName = UR_DEVICE_INFO_USM_DEVICE_SUPPORT, .propSize = 4, .pPropValue = 0x7fff6ffee8f4 (UR_DEVICE_USM_ACCESS_CAPABILITY_FLAG_ACCESS | UR_DEVICE_USM_ACCESS_CAPABILITY_FLAG_ATOMIC_ACCESS), .pPropSizeRet = nullptr) -> UR_RESULT_SUCCESS;
   ---> urUSMDeviceAlloc
[2026-10-08 05:48:27.951] [thread-id: 136775814081728] [trace] zeMemAllocDevice(hContext, device_desc, size, alignment, hDevice, pptr)
[2026-10-08 05:48:27.951] [thread-id: 136775814081728] [trace] SUCCESS (ZE_RESULT_SUCCESS) in zeMemAllocDevice(hContext=0x509c738, device_desc={stype=0x7fff6ffee500, flags=0, ordinal=0}, size=65536, alignment=0, hDevice=0x5085f28, pptr=0xffffffffff600000)
[2026-10-08 05:48:27.951] [thread-id: 136775814081728] [trace] zeContextMakeMemoryResident(hContext, hDevice, ptr, size)
[2026-10-08 05:48:27.951] [thread-id: 136775814081728] [trace] SUCCESS (ZE_RESULT_SUCCESS) in zeContextMakeMemoryResident(hContext=0x509c738, hDevice=0x5085f28, ptr=0xffffffffff600000, size=65536)
   <--- urUSMDeviceAlloc(.hContext = 0x509fdd0, .hDevice = 0x509b040, .pUSMDesc = 0x7fff6ffeea60 ((struct ur_usm_desc_t){.stype = UR_STRUCTURE_TYPE_CONTEXT_PROPERTIES, .pNext = nullptr, .hints = 0, .align = 4}), .pool = nullptr, .size = 65536, .ppMem = 0x7fff6ffeea78 (0xffffffffff600000)) -> UR_RESULT_SUCCESS;
   ---> urEnqueueUSMMemcpy
<LEVEL_ZERO>[DEBUG]: ze_event_pool_desc_t flags set to: 1
[2026-10-08 05:48:27.951] [thread-id: 136775814081728] [trace] zexCounterBasedEventCreate2(hContext, hDevice, desc, phEvent)
[2026-10-08 05:48:27.951] [thread-id: 136775814081728] [trace] SUCCESS (ZE_RESULT_SUCCESS) in zexCounterBasedEventCreate2(hContext=0x509c738, hDevice=0x5085f28, desc=0x7fff6ffee4b0, phEvent=0x50d4c28)
<LEVEL_ZERO>[DEBUG]: ze_event_pool_desc_t flags set to: 1
[2026-10-08 05:48:27.951] [thread-id: 136775814081728] [trace] zexCounterBasedEventCreate2(hContext, hDevice, desc, phEvent)
[2026-10-08 05:48:27.951] [thread-id: 136775814081728] [trace] SUCCESS (ZE_RESULT_SUCCESS) in zexCounterBasedEventCreate2(hContext=0x509c738, hDevice=0x5085f28, desc=0x7fff6ffee4b0, phEvent=0x50d4f28)
<LEVEL_ZERO>[DEBUG]: ze_event_pool_desc_t flags set to: 1
[2026-10-08 05:48:27.952] [thread-id: 136775814081728] [trace] zexCounterBasedEventCreate2(hContext, hDevice, desc, phEvent)
[2026-10-08 05:48:27.952] [thread-id: 136775814081728] [trace] SUCCESS (ZE_RESULT_SUCCESS) in zexCounterBasedEventCreate2(hContext=0x509c738, hDevice=0x5085f28, desc=0x7fff6ffee4b0, phEvent=0x50d5648)
<LEVEL_ZERO>[DEBUG]: ze_event_pool_desc_t flags set to: 1
[2026-10-08 05:48:27.952] [thread-id: 136775814081728] [trace] zexCounterBasedEventCreate2(hContext, hDevice, desc, phEvent)
[2026-10-08 05:48:27.952] [thread-id: 136775814081728] [trace] SUCCESS (ZE_RESULT_SUCCESS) in zexCounterBasedEventCreate2(hContext=0x509c738, hDevice=0x5085f28, desc=0x7fff6ffee4b0, phEvent=0x50d5b88)
<LEVEL_ZERO>[DEBUG]: ze_event_pool_desc_t flags set to: 1
[2026-10-08 05:48:27.952] [thread-id: 136775814081728] [trace] zexCounterBasedEventCreate2(hContext, hDevice, desc, phEvent)
[2026-10-08 05:48:27.952] [thread-id: 136775814081728] [trace] SUCCESS (ZE_RESULT_SUCCESS) in zexCounterBasedEventCreate2(hContext=0x509c738, hDevice=0x5085f28, desc=0x7fff6ffee4b0, phEvent=0x50d6288)
<LEVEL_ZERO>[DEBUG]: ze_event_pool_desc_t flags set to: 1
[2026-10-08 05:48:27.952] [thread-id: 136775814081728] [trace] zexCounterBasedEventCreate2(hContext, hDevice, desc, phEvent)
[2026-10-08 05:48:27.952] [thread-id: 136775814081728] [trace] SUCCESS (ZE_RESULT_SUCCESS) in zexCounterBasedEventCreate2(hContext=0x509c738, hDevice=0x5085f28, desc=0x7fff6ffee4b0, phEvent=0x50d67e8)
<LEVEL_ZERO>[DEBUG]: ze_event_pool_desc_t flags set to: 1
[2026-10-08 05:48:27.952] [thread-id: 136775814081728] [trace] zexCounterBasedEventCreate2(hContext, hDevice, desc, phEvent)
[2026-10-08 05:48:27.952] [thread-id: 136775814081728] [trace] SUCCESS (ZE_RESULT_SUCCESS) in zexCounterBasedEventCreate2(hContext=0x509c738, hDevice=0x5085f28, desc=0x7fff6ffee4b0, phEvent=0x50d6ee8)
<LEVEL_ZERO>[DEBUG]: ze_event_pool_desc_t flags set to: 1
[2026-10-08 05:48:27.952] [thread-id: 136775814081728] [trace] zexCounterBasedEventCreate2(hContext, hDevice, desc, phEvent)
[2026-10-08 05:48:27.952] [thread-id: 136775814081728] [trace] SUCCESS (ZE_RESULT_SUCCESS) in zexCounterBasedEventCreate2(hContext=0x509c738, hDevice=0x5085f28, desc=0x7fff6ffee4b0, phEvent=0x50d73f8)
<LEVEL_ZERO>[DEBUG]: ze_event_pool_desc_t flags set to: 1
[2026-10-08 05:48:27.952] [thread-id: 136775814081728] [trace] zexCounterBasedEventCreate2(hContext, hDevice, desc, phEvent)
[2026-10-08 05:48:27.952] [thread-id: 136775814081728] [trace] SUCCESS (ZE_RESULT_SUCCESS) in zexCounterBasedEventCreate2(hContext=0x509c738, hDevice=0x5085f28, desc=0x7fff6ffee4b0, phEvent=0x50d7af8)
<LEVEL_ZERO>[DEBUG]: ze_event_pool_desc_t flags set to: 1
[2026-10-08 05:48:27.952] [thread-id: 136775814081728] [trace] zexCounterBasedEventCreate2(hContext, hDevice, desc, phEvent)
[2026-10-08 05:48:27.952] [thread-id: 136775814081728] [trace] SUCCESS (ZE_RESULT_SUCCESS) in zexCounterBasedEventCreate2(hContext=0x509c738, hDevice=0x5085f28, desc=0x7fff6ffee4b0, phEvent=0x50d8008)
<LEVEL_ZERO>[DEBUG]: ze_event_pool_desc_t flags set to: 1
[2026-10-08 05:48:27.952] [thread-id: 136775814081728] [trace] zexCounterBasedEventCreate2(hContext, hDevice, desc, phEvent)
[2026-10-08 05:48:27.952] [thread-id: 136775814081728] [trace] SUCCESS (ZE_RESULT_SUCCESS) in zexCounterBasedEventCreate2(hContext=0x509c738, hDevice=0x5085f28, desc=0x7fff6ffee4b0, phEvent=0x50d8708)
<LEVEL_ZERO>[DEBUG]: ze_event_pool_desc_t flags set to: 1
[2026-10-08 05:48:27.952] [thread-id: 136775814081728] [trace] zexCounterBasedEventCreate2(hContext, hDevice, desc, phEvent)
[2026-10-08 05:48:27.952] [thread-id: 136775814081728] [trace] SUCCESS (ZE_RESULT_SUCCESS) in zexCounterBasedEventCreate2(hContext=0x509c738, hDevice=0x5085f28, desc=0x7fff6ffee4b0, phEvent=0x50d8cb8)
<LEVEL_ZERO>[DEBUG]: ze_event_pool_desc_t flags set to: 1
[2026-10-08 05:48:27.952] [thread-id: 136775814081728] [trace] zexCounterBasedEventCreate2(hContext, hDevice, desc, phEvent)
[2026-10-08 05:48:27.952] [thread-id: 136775814081728] [trace] SUCCESS (ZE_RESULT_SUCCESS) in zexCounterBasedEventCreate2(hContext=0x509c738, hDevice=0x5085f28, desc=0x7fff6ffee4b0, phEvent=0x50d93b8)
<LEVEL_ZERO>[DEBUG]: ze_event_pool_desc_t flags set to: 1
[2026-10-08 05:48:27.952] [thread-id: 136775814081728] [trace] zexCounterBasedEventCreate2(hContext, hDevice, desc, phEvent)
[2026-10-08 05:48:27.952] [thread-id: 136775814081728] [trace] SUCCESS (ZE_RESULT_SUCCESS) in zexCounterBasedEventCreate2(hContext=0x509c738, hDevice=0x5085f28, desc=0x7fff6ffee4b0, phEvent=0x50d98c8)
<LEVEL_ZERO>[DEBUG]: ze_event_pool_desc_t flags set to: 1
[2026-10-08 05:48:27.952] [thread-id: 136775814081728] [trace] zexCounterBasedEventCreate2(hContext, hDevice, desc, phEvent)
[2026-10-08 05:48:27.952] [thread-id: 136775814081728] [trace] SUCCESS (ZE_RESULT_SUCCESS) in zexCounterBasedEventCreate2(hContext=0x509c738, hDevice=0x5085f28, desc=0x7fff6ffee4b0, phEvent=0x50d9fc8)
<LEVEL_ZERO>[DEBUG]: ze_event_pool_desc_t flags set to: 1
[2026-10-08 05:48:27.952] [thread-id: 136775814081728] [trace] zexCounterBasedEventCreate2(hContext, hDevice, desc, phEvent)
[2026-10-08 05:48:27.952] [thread-id: 136775814081728] [trace] SUCCESS (ZE_RESULT_SUCCESS) in zexCounterBasedEventCreate2(hContext=0x509c738, hDevice=0x5085f28, desc=0x7fff6ffee4b0, phEvent=0x50da4d8)
<LEVEL_ZERO>[DEBUG]: ze_event_pool_desc_t flags set to: 1
[2026-10-08 05:48:27.952] [thread-id: 136775814081728] [trace] zexCounterBasedEventCreate2(hContext, hDevice, desc, phEvent)
[2026-10-08 05:48:27.952] [thread-id: 136775814081728] [trace] SUCCESS (ZE_RESULT_SUCCESS) in zexCounterBasedEventCreate2(hContext=0x509c738, hDevice=0x5085f28, desc=0x7fff6ffee4b0, phEvent=0x50dabd8)
<LEVEL_ZERO>[DEBUG]: ze_event_pool_desc_t flags set to: 1
[2026-10-08 05:48:27.952] [thread-id: 136775814081728] [trace] zexCounterBasedEventCreate2(hContext, hDevice, desc, phEvent)
[2026-10-08 05:48:27.952] [thread-id: 136775814081728] [trace] SUCCESS (ZE_RESULT_SUCCESS) in zexCounterBasedEventCreate2(hContext=0x509c738, hDevice=0x5085f28, desc=0x7fff6ffee4b0, phEvent=0x50db0e8)
<LEVEL_ZERO>[DEBUG]: ze_event_pool_desc_t flags set to: 1
[2026-10-08 05:48:27.952] [thread-id: 136775814081728] [trace] zexCounterBasedEventCreate2(hContext, hDevice, desc, phEvent)
[2026-10-08 05:48:27.952] [thread-id: 136775814081728] [trace] SUCCESS (ZE_RESULT_SUCCESS) in zexCounterBasedEventCreate2(hContext=0x509c738, hDevice=0x5085f28, desc=0x7fff6ffee4b0, phEvent=0x50db7e8)
<LEVEL_ZERO>[DEBUG]: ze_event_pool_desc_t flags set to: 1
[2026-10-08 05:48:27.952] [thread-id: 136775814081728] [trace] zexCounterBasedEventCreate2(hContext, hDevice, desc, phEvent)
[2026-10-08 05:48:27.952] [thread-id: 136775814081728] [trace] SUCCESS (ZE_RESULT_SUCCESS) in zexCounterBasedEventCreate2(hContext=0x509c738, hDevice=0x5085f28, desc=0x7fff6ffee4b0, phEvent=0x50dbcf8)
<LEVEL_ZERO>[DEBUG]: ze_event_pool_desc_t flags set to: 1
[2026-10-08 05:48:27.952] [thread-id: 136775814081728] [trace] zexCounterBasedEventCreate2(hContext, hDevice, desc, phEvent)
[2026-10-08 05:48:27.952] [thread-id: 136775814081728] [trace] SUCCESS (ZE_RESULT_SUCCESS) in zexCounterBasedEventCreate2(hContext=0x509c738, hDevice=0x5085f28, desc=0x7fff6ffee4b0, phEvent=0x50dc3f8)
<LEVEL_ZERO>[DEBUG]: ze_event_pool_desc_t flags set to: 1
[2026-10-08 05:48:27.952] [thread-id: 136775814081728] [trace] zexCounterBasedEventCreate2(hContext, hDevice, desc, phEvent)
[2026-10-08 05:48:27.952] [thread-id: 136775814081728] [trace] SUCCESS (ZE_RESULT_SUCCESS) in zexCounterBasedEventCreate2(hContext=0x509c738, hDevice=0x5085f28, desc=0x7fff6ffee4b0, phEvent=0x50dc908)
<LEVEL_ZERO>[DEBUG]: ze_event_pool_desc_t flags set to: 1
[2026-10-08 05:48:27.952] [thread-id: 136775814081728] [trace] zexCounterBasedEventCreate2(hContext, hDevice, desc, phEvent)
[2026-10-08 05:48:27.952] [thread-id: 136775814081728] [trace] SUCCESS (ZE_RESULT_SUCCESS) in zexCounterBasedEventCreate2(hContext=0x509c738, hDevice=0x5085f28, desc=0x7fff6ffee4b0, phEvent=0x50dd008)
<LEVEL_ZERO>[DEBUG]: ze_event_pool_desc_t flags set to: 1
[2026-10-08 05:48:27.952] [thread-id: 136775814081728] [trace] zexCounterBasedEventCreate2(hContext, hDevice, desc, phEvent)
[2026-10-08 05:48:27.952] [thread-id: 136775814081728] [trace] SUCCESS (ZE_RESULT_SUCCESS) in zexCounterBasedEventCreate2(hContext=0x509c738, hDevice=0x5085f28, desc=0x7fff6ffee4b0, phEvent=0x50dd518)
<LEVEL_ZERO>[DEBUG]: ze_event_pool_desc_t flags set to: 1
[2026-10-08 05:48:27.952] [thread-id: 136775814081728] [trace] zexCounterBasedEventCreate2(hContext, hDevice, desc, phEvent)
[2026-10-08 05:48:27.952] [thread-id: 136775814081728] [trace] SUCCESS (ZE_RESULT_SUCCESS) in zexCounterBasedEventCreate2(hContext=0x509c738, hDevice=0x5085f28, desc=0x7fff6ffee4b0, phEvent=0x50ddd58)
<LEVEL_ZERO>[DEBUG]: ze_event_pool_desc_t flags set to: 1
[2026-10-08 05:48:27.952] [thread-id: 136775814081728] [trace] zexCounterBasedEventCreate2(hContext, hDevice, desc, phEvent)
[2026-10-08 05:48:27.952] [thread-id: 136775814081728] [trace] SUCCESS (ZE_RESULT_SUCCESS) in zexCounterBasedEventCreate2(hContext=0x509c738, hDevice=0x5085f28, desc=0x7fff6ffee4b0, phEvent=0x50de268)
<LEVEL_ZERO>[DEBUG]: ze_event_pool_desc_t flags set to: 1
[2026-10-08 05:48:27.952] [thread-id: 136775814081728] [trace] zexCounterBasedEventCreate2(hContext, hDevice, desc, phEvent)
[2026-10-08 05:48:27.952] [thread-id: 136775814081728] [trace] SUCCESS (ZE_RESULT_SUCCESS) in zexCounterBasedEventCreate2(hContext=0x509c738, hDevice=0x5085f28, desc=0x7fff6ffee4b0, phEvent=0x50de968)
<LEVEL_ZERO>[DEBUG]: ze_event_pool_desc_t flags set to: 1
[2026-10-08 05:48:27.952] [thread-id: 136775814081728] [trace] zexCounterBasedEventCreate2(hContext, hDevice, desc, phEvent)
[2026-10-08 05:48:27.952] [thread-id: 136775814081728] [trace] SUCCESS (ZE_RESULT_SUCCESS) in zexCounterBasedEventCreate2(hContext=0x509c738, hDevice=0x5085f28, desc=0x7fff6ffee4b0, phEvent=0x50dee78)
<LEVEL_ZERO>[DEBUG]: ze_event_pool_desc_t flags set to: 1
[2026-10-08 05:48:27.953] [thread-id: 136775814081728] [trace] zexCounterBasedEventCreate2(hContext, hDevice, desc, phEvent)
[2026-10-08 05:48:27.953] [thread-id: 136775814081728] [trace] SUCCESS (ZE_RESULT_SUCCESS) in zexCounterBasedEventCreate2(hContext=0x509c738, hDevice=0x5085f28, desc=0x7fff6ffee4b0, phEvent=0x50df578)
<LEVEL_ZERO>[DEBUG]: ze_event_pool_desc_t flags set to: 1
[2026-10-08 05:48:27.953] [thread-id: 136775814081728] [trace] zexCounterBasedEventCreate2(hContext, hDevice, desc, phEvent)
[2026-10-08 05:48:27.953] [thread-id: 136775814081728] [trace] SUCCESS (ZE_RESULT_SUCCESS) in zexCounterBasedEventCreate2(hContext=0x509c738, hDevice=0x5085f28, desc=0x7fff6ffee4b0, phEvent=0x50dfa88)
<LEVEL_ZERO>[DEBUG]: ze_event_pool_desc_t flags set to: 1
[2026-10-08 05:48:27.953] [thread-id: 136775814081728] [trace] zexCounterBasedEventCreate2(hContext, hDevice, desc, phEvent)
[2026-10-08 05:48:27.953] [thread-id: 136775814081728] [trace] SUCCESS (ZE_RESULT_SUCCESS) in zexCounterBasedEventCreate2(hContext=0x509c738, hDevice=0x5085f28, desc=0x7fff6ffee4b0, phEvent=0x50e0188)
<LEVEL_ZERO>[DEBUG]: ze_event_pool_desc_t flags set to: 1
[2026-10-08 05:48:27.953] [thread-id: 136775814081728] [trace] zexCounterBasedEventCreate2(hContext, hDevice, desc, phEvent)
[2026-10-08 05:48:27.953] [thread-id: 136775814081728] [trace] SUCCESS (ZE_RESULT_SUCCESS) in zexCounterBasedEventCreate2(hContext=0x509c738, hDevice=0x5085f28, desc=0x7fff6ffee4b0, phEvent=0x50e0698)
<LEVEL_ZERO>[DEBUG]: ze_event_pool_desc_t flags set to: 1
[2026-10-08 05:48:27.953] [thread-id: 136775814081728] [trace] zexCounterBasedEventCreate2(hContext, hDevice, desc, phEvent)
[2026-10-08 05:48:27.953] [thread-id: 136775814081728] [trace] SUCCESS (ZE_RESULT_SUCCESS) in zexCounterBasedEventCreate2(hContext=0x509c738, hDevice=0x5085f28, desc=0x7fff6ffee4b0, phEvent=0x50e0d98)
<LEVEL_ZERO>[DEBUG]: ze_event_pool_desc_t flags set to: 1
[2026-10-08 05:48:27.953] [thread-id: 136775814081728] [trace] zexCounterBasedEventCreate2(hContext, hDevice, desc, phEvent)
[2026-10-08 05:48:27.953] [thread-id: 136775814081728] [trace] SUCCESS (ZE_RESULT_SUCCESS) in zexCounterBasedEventCreate2(hContext=0x509c738, hDevice=0x5085f28, desc=0x7fff6ffee4b0, phEvent=0x50e14b8)
<LEVEL_ZERO>[DEBUG]: ze_event_pool_desc_t flags set to: 1
[2026-10-08 05:48:27.953] [thread-id: 136775814081728] [trace] zexCounterBasedEventCreate2(hContext, hDevice, desc, phEvent)
[2026-10-08 05:48:27.953] [thread-id: 136775814081728] [trace] SUCCESS (ZE_RESULT_SUCCESS) in zexCounterBasedEventCreate2(hContext=0x509c738, hDevice=0x5085f28, desc=0x7fff6ffee4b0, phEvent=0x50e1bb8)
<LEVEL_ZERO>[DEBUG]: ze_event_pool_desc_t flags set to: 1
[2026-10-08 05:48:27.953] [thread-id: 136775814081728] [trace] zexCounterBasedEventCreate2(hContext, hDevice, desc, phEvent)
[2026-10-08 05:48:27.953] [thread-id: 136775814081728] [trace] SUCCESS (ZE_RESULT_SUCCESS) in zexCounterBasedEventCreate2(hContext=0x509c738, hDevice=0x5085f28, desc=0x7fff6ffee4b0, phEvent=0x50e20c8)
<LEVEL_ZERO>[DEBUG]: ze_event_pool_desc_t flags set to: 1
[2026-10-08 05:48:27.953] [thread-id: 136775814081728] [trace] zexCounterBasedEventCreate2(hContext, hDevice, desc, phEvent)
[2026-10-08 05:48:27.953] [thread-id: 136775814081728] [trace] SUCCESS (ZE_RESULT_SUCCESS) in zexCounterBasedEventCreate2(hContext=0x509c738, hDevice=0x5085f28, desc=0x7fff6ffee4b0, phEvent=0x50e27c8)
<LEVEL_ZERO>[DEBUG]: ze_event_pool_desc_t flags set to: 1
[2026-10-08 05:48:27.953] [thread-id: 136775814081728] [trace] zexCounterBasedEventCreate2(hContext, hDevice, desc, phEvent)
[2026-10-08 05:48:27.953] [thread-id: 136775814081728] [trace] SUCCESS (ZE_RESULT_SUCCESS) in zexCounterBasedEventCreate2(hContext=0x509c738, hDevice=0x5085f28, desc=0x7fff6ffee4b0, phEvent=0x50e2cd8)
<LEVEL_ZERO>[DEBUG]: ze_event_pool_desc_t flags set to: 1
[2026-10-08 05:48:27.953] [thread-id: 136775814081728] [trace] zexCounterBasedEventCreate2(hContext, hDevice, desc, phEvent)
[2026-10-08 05:48:27.953] [thread-id: 136775814081728] [trace] SUCCESS (ZE_RESULT_SUCCESS) in zexCounterBasedEventCreate2(hContext=0x509c738, hDevice=0x5085f28, desc=0x7fff6ffee4b0, phEvent=0x50e33d8)
<LEVEL_ZERO>[DEBUG]: ze_event_pool_desc_t flags set to: 1
[2026-10-08 05:48:27.953] [thread-id: 136775814081728] [trace] zexCounterBasedEventCreate2(hContext, hDevice, desc, phEvent)
[2026-10-08 05:48:27.953] [thread-id: 136775814081728] [trace] SUCCESS (ZE_RESULT_SUCCESS) in zexCounterBasedEventCreate2(hContext=0x509c738, hDevice=0x5085f28, desc=0x7fff6ffee4b0, phEvent=0x50e38e8)
<LEVEL_ZERO>[DEBUG]: ze_event_pool_desc_t flags set to: 1
[2026-10-08 05:48:27.953] [thread-id: 136775814081728] [trace] zexCounterBasedEventCreate2(hContext, hDevice, desc, phEvent)
[2026-10-08 05:48:27.953] [thread-id: 136775814081728] [trace] SUCCESS (ZE_RESULT_SUCCESS) in zexCounterBasedEventCreate2(hContext=0x509c738, hDevice=0x5085f28, desc=0x7fff6ffee4b0, phEvent=0x50e3fe8)
<LEVEL_ZERO>[DEBUG]: ze_event_pool_desc_t flags set to: 1
[2026-10-08 05:48:27.953] [thread-id: 136775814081728] [trace] zexCounterBasedEventCreate2(hContext, hDevice, desc, phEvent)
[2026-10-08 05:48:27.953] [thread-id: 136775814081728] [trace] SUCCESS (ZE_RESULT_SUCCESS) in zexCounterBasedEventCreate2(hContext=0x509c738, hDevice=0x5085f28, desc=0x7fff6ffee4b0, phEvent=0x50e44f8)
<LEVEL_ZERO>[DEBUG]: ze_event_pool_desc_t flags set to: 1
[2026-10-08 05:48:27.953] [thread-id: 136775814081728] [trace] zexCounterBasedEventCreate2(hContext, hDevice, desc, phEvent)
[2026-10-08 05:48:27.953] [thread-id: 136775814081728] [trace] SUCCESS (ZE_RESULT_SUCCESS) in zexCounterBasedEventCreate2(hContext=0x509c738, hDevice=0x5085f28, desc=0x7fff6ffee4b0, phEvent=0x50e4bf8)
<LEVEL_ZERO>[DEBUG]: ze_event_pool_desc_t flags set to: 1
[2026-10-08 05:48:27.953] [thread-id: 136775814081728] [trace] zexCounterBasedEventCreate2(hContext, hDevice, desc, phEvent)
[2026-10-08 05:48:27.953] [thread-id: 136775814081728] [trace] SUCCESS (ZE_RESULT_SUCCESS) in zexCounterBasedEventCreate2(hContext=0x509c738, hDevice=0x5085f28, desc=0x7fff6ffee4b0, phEvent=0x50e5108)
<LEVEL_ZERO>[DEBUG]: ze_event_pool_desc_t flags set to: 1
[2026-10-08 05:48:27.953] [thread-id: 136775814081728] [trace] zexCounterBasedEventCreate2(hContext, hDevice, desc, phEvent)
[2026-10-08 05:48:27.953] [thread-id: 136775814081728] [trace] SUCCESS (ZE_RESULT_SUCCESS) in zexCounterBasedEventCreate2(hContext=0x509c738, hDevice=0x5085f28, desc=0x7fff6ffee4b0, phEvent=0x50e5808)
<LEVEL_ZERO>[DEBUG]: ze_event_pool_desc_t flags set to: 1
[2026-10-08 05:48:27.953] [thread-id: 136775814081728] [trace] zexCounterBasedEventCreate2(hContext, hDevice, desc, phEvent)
[2026-10-08 05:48:27.953] [thread-id: 136775814081728] [trace] SUCCESS (ZE_RESULT_SUCCESS) in zexCounterBasedEventCreate2(hContext=0x509c738, hDevice=0x5085f28, desc=0x7fff6ffee4b0, phEvent=0x50e5d18)
<LEVEL_ZERO>[DEBUG]: ze_event_pool_desc_t flags set to: 1
[2026-10-08 05:48:27.953] [thread-id: 136775814081728] [trace] zexCounterBasedEventCreate2(hContext, hDevice, desc, phEvent)
[2026-10-08 05:48:27.953] [thread-id: 136775814081728] [trace] SUCCESS (ZE_RESULT_SUCCESS) in zexCounterBasedEventCreate2(hContext=0x509c738, hDevice=0x5085f28, desc=0x7fff6ffee4b0, phEvent=0x50e6418)
<LEVEL_ZERO>[DEBUG]: ze_event_pool_desc_t flags set to: 1
[2026-10-08 05:48:27.953] [thread-id: 136775814081728] [trace] zexCounterBasedEventCreate2(hContext, hDevice, desc, phEvent)
[2026-10-08 05:48:27.953] [thread-id: 136775814081728] [trace] SUCCESS (ZE_RESULT_SUCCESS) in zexCounterBasedEventCreate2(hContext=0x509c738, hDevice=0x5085f28, desc=0x7fff6ffee4b0, phEvent=0x50e6928)
<LEVEL_ZERO>[DEBUG]: ze_event_pool_desc_t flags set to: 1
[2026-10-08 05:48:27.953] [thread-id: 136775814081728] [trace] zexCounterBasedEventCreate2(hContext, hDevice, desc, phEvent)
[2026-10-08 05:48:27.953] [thread-id: 136775814081728] [trace] SUCCESS (ZE_RESULT_SUCCESS) in zexCounterBasedEventCreate2(hContext=0x509c738, hDevice=0x5085f28, desc=0x7fff6ffee4b0, phEvent=0x50e7028)
<LEVEL_ZERO>[DEBUG]: ze_event_pool_desc_t flags set to: 1
[2026-10-08 05:48:27.953] [thread-id: 136775814081728] [trace] zexCounterBasedEventCreate2(hContext, hDevice, desc, phEvent)
[2026-10-08 05:48:27.953] [thread-id: 136775814081728] [trace] SUCCESS (ZE_RESULT_SUCCESS) in zexCounterBasedEventCreate2(hContext=0x509c738, hDevice=0x5085f28, desc=0x7fff6ffee4b0, phEvent=0x50e7538)
<LEVEL_ZERO>[DEBUG]: ze_event_pool_desc_t flags set to: 1
[2026-10-08 05:48:27.953] [thread-id: 136775814081728] [trace] zexCounterBasedEventCreate2(hContext, hDevice, desc, phEvent)
[2026-10-08 05:48:27.953] [thread-id: 136775814081728] [trace] SUCCESS (ZE_RESULT_SUCCESS) in zexCounterBasedEventCreate2(hContext=0x509c738, hDevice=0x5085f28, desc=0x7fff6ffee4b0, phEvent=0x50e7c38)
<LEVEL_ZERO>[DEBUG]: ze_event_pool_desc_t flags set to: 1
[2026-10-08 05:48:27.953] [thread-id: 136775814081728] [trace] zexCounterBasedEventCreate2(hContext, hDevice, desc, phEvent)
[2026-10-08 05:48:27.953] [thread-id: 136775814081728] [trace] SUCCESS (ZE_RESULT_SUCCESS) in zexCounterBasedEventCreate2(hContext=0x509c738, hDevice=0x5085f28, desc=0x7fff6ffee4b0, phEvent=0x50e8148)
<LEVEL_ZERO>[DEBUG]: ze_event_pool_desc_t flags set to: 1
[2026-10-08 05:48:27.953] [thread-id: 136775814081728] [trace] zexCounterBasedEventCreate2(hContext, hDevice, desc, phEvent)
[2026-10-08 05:48:27.953] [thread-id: 136775814081728] [trace] SUCCESS (ZE_RESULT_SUCCESS) in zexCounterBasedEventCreate2(hContext=0x509c738, hDevice=0x5085f28, desc=0x7fff6ffee4b0, phEvent=0x50e8ac8)
<LEVEL_ZERO>[DEBUG]: ze_event_pool_desc_t flags set to: 1
[2026-10-08 05:48:27.953] [thread-id: 136775814081728] [trace] zexCounterBasedEventCreate2(hContext, hDevice, desc, phEvent)
[2026-10-08 05:48:27.953] [thread-id: 136775814081728] [trace] SUCCESS (ZE_RESULT_SUCCESS) in zexCounterBasedEventCreate2(hContext=0x509c738, hDevice=0x5085f28, desc=0x7fff6ffee4b0, phEvent=0x50e8fd8)
<LEVEL_ZERO>[DEBUG]: ze_event_pool_desc_t flags set to: 1
[2026-10-08 05:48:27.953] [thread-id: 136775814081728] [trace] zexCounterBasedEventCreate2(hContext, hDevice, desc, phEvent)
[2026-10-08 05:48:27.953] [thread-id: 136775814081728] [trace] SUCCESS (ZE_RESULT_SUCCESS) in zexCounterBasedEventCreate2(hContext=0x509c738, hDevice=0x5085f28, desc=0x7fff6ffee4b0, phEvent=0x50e96d8)
<LEVEL_ZERO>[DEBUG]: ze_event_pool_desc_t flags set to: 1
[2026-10-08 05:48:27.953] [thread-id: 136775814081728] [trace] zexCounterBasedEventCreate2(hContext, hDevice, desc, phEvent)
[2026-10-08 05:48:27.953] [thread-id: 136775814081728] [trace] SUCCESS (ZE_RESULT_SUCCESS) in zexCounterBasedEventCreate2(hContext=0x509c738, hDevice=0x5085f28, desc=0x7fff6ffee4b0, phEvent=0x50e9be8)
<LEVEL_ZERO>[DEBUG]: ze_event_pool_desc_t flags set to: 1
[2026-10-08 05:48:27.953] [thread-id: 136775814081728] [trace] zexCounterBasedEventCreate2(hContext, hDevice, desc, phEvent)
[2026-10-08 05:48:27.953] [thread-id: 136775814081728] [trace] SUCCESS (ZE_RESULT_SUCCESS) in zexCounterBasedEventCreate2(hContext=0x509c738, hDevice=0x5085f28, desc=0x7fff6ffee4b0, phEvent=0x50ea2e8)
<LEVEL_ZERO>[DEBUG]: ze_event_pool_desc_t flags set to: 1
[2026-10-08 05:48:27.954] [thread-id: 136775814081728] [trace] zexCounterBasedEventCreate2(hContext, hDevice, desc, phEvent)
[2026-10-08 05:48:27.954] [thread-id: 136775814081728] [trace] SUCCESS (ZE_RESULT_SUCCESS) in zexCounterBasedEventCreate2(hContext=0x509c738, hDevice=0x5085f28, desc=0x7fff6ffee4b0, phEvent=0x50ea7f8)
<LEVEL_ZERO>[DEBUG]: ze_event_pool_desc_t flags set to: 1
[2026-10-08 05:48:27.954] [thread-id: 136775814081728] [trace] zexCounterBasedEventCreate2(hContext, hDevice, desc, phEvent)
[2026-10-08 05:48:27.954] [thread-id: 136775814081728] [trace] SUCCESS (ZE_RESULT_SUCCESS) in zexCounterBasedEventCreate2(hContext=0x509c738, hDevice=0x5085f28, desc=0x7fff6ffee4b0, phEvent=0x50eaef8)
<LEVEL_ZERO>[DEBUG]: ze_event_pool_desc_t flags set to: 1
[2026-10-08 05:48:27.954] [thread-id: 136775814081728] [trace] zexCounterBasedEventCreate2(hContext, hDevice, desc, phEvent)
[2026-10-08 05:48:27.954] [thread-id: 136775814081728] [trace] SUCCESS (ZE_RESULT_SUCCESS) in zexCounterBasedEventCreate2(hContext=0x509c738, hDevice=0x5085f28, desc=0x7fff6ffee4b0, phEvent=0x50eb408)
<LEVEL_ZERO>[DEBUG]: ze_event_pool_desc_t flags set to: 1
[2026-10-08 05:48:27.954] [thread-id: 136775814081728] [trace] zexCounterBasedEventCreate2(hContext, hDevice, desc, phEvent)
[2026-10-08 05:48:27.954] [thread-id: 136775814081728] [trace] SUCCESS (ZE_RESULT_SUCCESS) in zexCounterBasedEventCreate2(hContext=0x509c738, hDevice=0x5085f28, desc=0x7fff6ffee4b0, phEvent=0x50ebb08)
<LEVEL_ZERO>[DEBUG]: ze_event_pool_desc_t flags set to: 1
[2026-10-08 05:48:27.954] [thread-id: 136775814081728] [trace] zexCounterBasedEventCreate2(hContext, hDevice, desc, phEvent)
[2026-10-08 05:48:27.954] [thread-id: 136775814081728] [trace] SUCCESS (ZE_RESULT_SUCCESS) in zexCounterBasedEventCreate2(hContext=0x509c738, hDevice=0x5085f28, desc=0x7fff6ffee4b0, phEvent=0x50ec018)
<LEVEL_ZERO>[DEBUG]: ze_event_pool_desc_t flags set to: 1
[2026-10-08 05:48:27.954] [thread-id: 136775814081728] [trace] zexCounterBasedEventCreate2(hContext, hDevice, desc, phEvent)
[2026-10-08 05:48:27.954] [thread-id: 136775814081728] [trace] SUCCESS (ZE_RESULT_SUCCESS) in zexCounterBasedEventCreate2(hContext=0x509c738, hDevice=0x5085f28, desc=0x7fff6ffee4b0, phEvent=0x50ec718)
<LEVEL_ZERO>[DEBUG]: ze_event_pool_desc_t flags set to: 1
[2026-10-08 05:48:27.954] [thread-id: 136775814081728] [trace] zexCounterBasedEventCreate2(hContext, hDevice, desc, phEvent)
[2026-10-08 05:48:27.954] [thread-id: 136775814081728] [trace] SUCCESS (ZE_RESULT_SUCCESS) in zexCounterBasedEventCreate2(hContext=0x509c738, hDevice=0x5085f28, desc=0x7fff6ffee4b0, phEvent=0x50ecc28)
[2026-10-08 05:48:27.954] [thread-id: 136775814081728] [trace] zeCommandListAppendMemoryCopy(hCommandList, dstptr, srcptr, size, hSignalEvent, numWaitEvents, phWaitEventsLocal)
[2026-10-08 05:48:27.956] [thread-id: 136775814081728] [trace] SUCCESS (ZE_RESULT_SUCCESS) in zeCommandListAppendMemoryCopy(hCommandList=0x50a3f08, dstptr=0xffffffffff600000, srcptr=0x50b4a60, size=65536, hSignalEvent=0x50ecc28, numWaitEvents=0, phWaitEvents=nullptr)
   <--- urEnqueueUSMMemcpy(.hQueue = 0x50a3150, .blocking = 0, .pDst = 0xffffffffff600000, .pSrc = 0x50b4a60, .size = 65536, .numEventsInWaitList = 0, .phEventWaitList = nullptr, .phEvent = 0x7fff6ffeeab0 (0x50ec610)) -> UR_RESULT_SUCCESS;
   ---> urEventWait
[2026-10-08 05:48:27.956] [thread-id: 136775814081728] [trace] zeEventHostSynchronize(hEvent, timeout)
[2026-10-08 05:48:27.956] [thread-id: 136775814081728] [trace] SUCCESS (ZE_RESULT_SUCCESS) in zeEventHostSynchronize(hEvent=0x50ecc28, timeout=18446744073709551615)
   <--- urEventWait(.numEvents = 1, .phEventWaitList = 0x7fff6ffeeb00 {0x50ec610}) -> UR_RESULT_SUCCESS;
   ---> urEventRelease
   <--- urEventRelease(.hEvent = 0x50ec610) -> UR_RESULT_SUCCESS;
   ---> urDeviceGetInfo
[2026-10-08 05:48:27.956] [thread-id: 136775814081728] [trace] zeDeviceGetComputeProperties(hDevice, pComputeProperties)
[2026-10-08 05:48:27.956] [thread-id: 136775814081728] [trace] SUCCESS (ZE_RESULT_SUCCESS) in zeDeviceGetComputeProperties(hDevice=0x5085f28, pComputeProperties={stype=0x509b280, maxTotalGroupSize=1024, maxGroupSizeX=1024, maxGroupSizeY=1024, maxGroupSizeZ=1024, maxGroupCountX=4294967295, maxGroupCountY=4294967295, maxGroupCountZ=4294967295, maxSharedLocalMemory=131072, numSubGroupSizes=2, subGroupSizes=16})
   <--- urDeviceGetInfo(.hDevice = 0x509b040, .propName = UR_DEVICE_INFO_MAX_WORK_GROUPS_3D, .propSize = 24, .pPropValue = {4294967295, 4294967295, 4294967295}, .pPropSizeRet = nullptr) -> UR_RESULT_SUCCESS;
   ---> urDeviceSelectBinary
   <--- urDeviceSelectBinary(.hDevice = 0x509b040, .pBinaries = 0x5115a60 ((struct ur_device_binary_t){.stype = UR_STRUCTURE_TYPE_CONTEXT_PROPERTIES, .pNext = nullptr, .pDeviceTargetSpec = 0x7c659cafb3c0 (spir64)}), .NumBinaries = 1, .pSelectedBinary = 0x7fff6ffee00c (0)) -> UR_RESULT_SUCCESS;
   ---> urPlatformGetBackendOption
   <--- urPlatformGetBackendOption(.hPlatform = 0x5099810, .pFrontendOption = 0x7fff6ffedb18 (-O2), .ppPlatformOption = 0x7fff6ffedae8 (0x7c6599b69975 (-ze-opt-level=2))) -> UR_RESULT_SUCCESS;
   ---> urDeviceGetInfo
   <--- urDeviceGetInfo(.hDevice = 0x509b040, .propName = UR_DEVICE_INFO_VENDOR_ID, .propSize = 4, .pPropValue = 0x7fff6ffeda68 (32902), .pPropSizeRet = nullptr) -> UR_RESULT_SUCCESS;
   ---> urDeviceGetInfo
   <--- urDeviceGetInfo(.hDevice = 0x509b040, .propName = UR_DEVICE_INFO_DEVICE_ID, .propSize = 0, .pPropValue = nullptr, .pPropSizeRet = 0x7fff6ffed8f0 (4)) -> UR_RESULT_SUCCESS;
   ---> urDeviceGetInfo
   <--- urDeviceGetInfo(.hDevice = 0x509b040, .propName = UR_DEVICE_INFO_DEVICE_ID, .propSize = 4, .pPropValue = 0x7fff6ffeda38 (57868), .pPropSizeRet = nullptr) -> UR_RESULT_SUCCESS;
   ---> urDeviceGetInfo
   <--- urDeviceGetInfo(.hDevice = 0x509b040, .propName = UR_DEVICE_INFO_COMPILER_AVAILABLE, .propSize = 1, .pPropValue = 0x7fff6ffedad0 (true), .pPropSizeRet = nullptr) -> UR_RESULT_SUCCESS;
   ---> urProgramCreateWithIL
   <--- urProgramCreateWithIL(.hContext = 0x509fdd0, .pIL = 0x415b20, .length = 2080, .pProperties = nullptr, .phProgram = 0x7fff6ffedbf0 (0x50dda20)) -> UR_RESULT_SUCCESS;
   ---> urProgramBuildExp
[2026-10-08 05:48:27.956] [thread-id: 136775814081728] [trace] zeModuleCreate(hContext, hDevice, desc, phModule, phBuildLog)
[2026-10-08 05:48:27.957] [thread-id: 136775814081728] [trace] SUCCESS (ZE_RESULT_SUCCESS) in zeModuleCreate(hContext=0x509c738, hDevice=0x5085f28, desc={stype=0x7fff6ffed870, format=0x7fff6ffed880, inputSize=2080, pInputModule=3, pBuildFlags=" -ze-opt-level=2", pConstants={numConstants=0, pConstantIds=nullptr, pConstantValues=nullptr}}, phModule=0x50f0d28, phBuildLog=0x5116958)
[2026-10-08 05:48:27.957] [thread-id: 136775814081728] [trace] zeModuleGetProperties(hModule, pModuleProperties)
[2026-10-08 05:48:27.957] [thread-id: 136775814081728] [trace] SUCCESS (ZE_RESULT_SUCCESS) in zeModuleGetProperties(hModule=0x50f0d28, pModuleProperties={stype=0x7fff6ffed7e0, flags=0})
   <--- urProgramBuildExp(.hProgram = 0x50dda20, .numDevices = 1, .phDevices = 0x5115a60 {0x509b040}, .flags = 0, .pOptions = 0x5115a80 ( -ze-opt-level=2)) -> UR_RESULT_SUCCESS;
   ---> urProgramRetain
   <--- urProgramRetain(.hProgram = 0x50dda20) -> UR_RESULT_SUCCESS;
   ---> urKernelCreate
[2026-10-08 05:48:27.957] [thread-id: 136775814081728] [trace] zeKernelCreate(hModule, desc, phKernel)
[2026-10-08 05:48:27.957] [thread-id: 136775814081728] [trace] SUCCESS (ZE_RESULT_SUCCESS) in zeKernelCreate(hModule=0x50f0d28, desc={stype=0x7fff6ffedf00, flags=0, pKernelName="_ZTSZ4mainEUlN4sycl3_V12idILi1EEEE_"}, phKernel=0x512d758)
[2026-10-08 05:48:27.957] [thread-id: 136775814081728] [trace] zeKernelGetName(hKernel, pSize, pName)
[2026-10-08 05:48:27.957] [thread-id: 136775814081728] [trace] SUCCESS (ZE_RESULT_SUCCESS) in zeKernelGetName(hKernel=0x512d758, pSize=36, pName=nullptr)
[2026-10-08 05:48:27.957] [thread-id: 136775814081728] [trace] zeKernelGetName(hKernel, pSize, pName)
[2026-10-08 05:48:27.957] [thread-id: 136775814081728] [trace] SUCCESS (ZE_RESULT_SUCCESS) in zeKernelGetName(hKernel=0x512d758, pSize=36, pName="_ZTSZ4mainEUlN4sycl3_V12idILi1EEEE_")
[2026-10-08 05:48:27.957] [thread-id: 136775814081728] [trace] zeKernelGetProperties(hKernel, pKernelProperties)
[2026-10-08 05:48:27.957] [thread-id: 136775814081728] [trace] SUCCESS (ZE_RESULT_SUCCESS) in zeKernelGetProperties(hKernel=0x512d758, pKernelProperties={stype=0x510eb58, numKernelArgs=1, requiredGroupSizeX=0, requiredGroupSizeY=0, requiredGroupSizeZ=0, requiredNumSubGroups=0, requiredSubgroupSize=0, maxSubgroupSize=32, maxNumSubgroups=32, localMemSize=0, privateMemSize=0, spillMemSize=0, uuid={kid=0, mid=0}})
   <--- urKernelCreate(.hProgram = 0x50dda20, .pKernelName = 0x4131d2 (_ZTSZ4mainEUlN4sycl3_V12idILi1EEEE_), .phKernel = 0x7fff6ffee220 (0x5128d50)) -> UR_RESULT_SUCCESS;
   ---> urKernelSetExecInfo
[2026-10-08 05:48:27.957] [thread-id: 136775814081728] [trace] zeKernelSetIndirectAccess(hKernel, flags)
[2026-10-08 05:48:27.957] [thread-id: 136775814081728] [trace] SUCCESS (ZE_RESULT_SUCCESS) in zeKernelSetIndirectAccess(hKernel=0x512d758, flags=7)
   <--- urKernelSetExecInfo(.hKernel = 0x5128d50, .propName = UR_KERNEL_EXEC_INFO_USM_INDIRECT_ACCESS, .propSize = 1, .pProperties = nullptr, .pPropValue = 0x7fff6ffee21f (true)) -> UR_RESULT_SUCCESS;
   ---> urKernelRetain
   <--- urKernelRetain(.hKernel = 0x5128d50) -> UR_RESULT_SUCCESS;
   ---> urKernelGetGroupInfo
   <--- urKernelGetGroupInfo(.hKernel = 0x5128d50, .hDevice = 0x509b040, .propName = UR_KERNEL_GROUP_INFO_COMPILE_WORK_GROUP_SIZE, .propSize = 24, .pPropValue = {0, 0, 0}, .pPropSizeRet = nullptr) -> UR_RESULT_SUCCESS;
   ---> urEnqueueKernelLaunchWithArgsExp
[2026-10-08 05:48:27.957] [thread-id: 136775814081728] [trace] zeKernelSuggestGroupSize(hKernel, globalSizeX, globalSizeY, globalSizeZ, groupSizeX, groupSizeY, groupSizeZ)
[2026-10-08 05:48:27.957] [thread-id: 136775814081728] [trace] SUCCESS (ZE_RESULT_SUCCESS) in zeKernelSuggestGroupSize(hKernel=0x512d758, globalSizeX=16384, globalSizeY=1, globalSizeZ=1, groupSizeX=1024, groupSizeY=1, groupSizeZ=1)
[2026-10-08 05:48:27.957] [thread-id: 136775814081728] [trace] zeKernelSetGroupSize(hKernel, groupSizeX, groupSizeY, groupSizeZ)
[2026-10-08 05:48:27.957] [thread-id: 136775814081728] [trace] SUCCESS (ZE_RESULT_SUCCESS) in zeKernelSetGroupSize(hKernel=0x512d758, groupSizeX=1024, groupSizeY=1, groupSizeZ=1)
[2026-10-08 05:48:27.957] [thread-id: 136775814081728] [trace] zeCommandListAppendLaunchKernelWithArguments(hCommandList, hKernel, groupCounts, groupSizes, pArguments, pNext, hSignalEvent, numWaitEvents, phWaitEventsLocal)
[2026-10-08 05:48:27.958] [thread-id: 136775814081728] [trace] SUCCESS (ZE_RESULT_SUCCESS) in zeCommandListAppendLaunchKernelWithArguments(hCommandList=0x50a3f08, hKernel=0x512d758, groupCounts={groupCountX=16, groupCountY=1, groupCountZ=1}, groupSizes={groupSizeX=1024, groupSizeY=1, groupSizeZ=1}, pArguments=0x512df60, pNext=nullptr, hSignalEvent=0x50ecc28, numWaitEvents=0, phWaitEvents=nullptr)
   <--- urEnqueueKernelLaunchWithArgsExp(.hQueue = 0x50a3150, .hKernel = 0x5128d50, .workDim = 1, .pGlobalWorkOffset = nullptr, .pGlobalWorkSize = 0x7fff6ffee9e0 (16384), .pLocalWorkSize = nullptr, .numArgs = 1, .pArgs = 0x5129870 {(struct ur_exp_kernel_arg_properties_t){.stype = UR_STRUCTURE_TYPE_EXP_KERNEL_ARG_PROPERTIES, .pNext = nullptr, .type = UR_EXP_KERNEL_ARG_TYPE_POINTER, .index = 0, .size = 8, .value = (union ur_exp_kernel_arg_value_t){.pointer = 0xffffffffff600000}}}, .launchPropList = nullptr, .numEventsInWaitList = 0, .phEventWaitList = nullptr, .phEvent = 0x7fff6ffee400 (0x50ec610)) -> UR_RESULT_SUCCESS;
   ---> urEventWait
[2026-10-08 05:48:27.958] [thread-id: 136775814081728] [trace] zeEventHostSynchronize(hEvent, timeout)
[2026-10-08 05:48:27.958] [thread-id: 136775814081728] [trace] SUCCESS (ZE_RESULT_SUCCESS) in zeEventHostSynchronize(hEvent=0x50ecc28, timeout=18446744073709551615)
   <--- urEventWait(.numEvents = 1, .phEventWaitList = 0x7fff6ffeeb00 {0x50ec610}) -> UR_RESULT_SUCCESS;
   ---> urEventRelease
   <--- urEventRelease(.hEvent = 0x50ec610) -> UR_RESULT_SUCCESS;
   ---> urEnqueueUSMMemcpy
[2026-10-08 05:48:27.958] [thread-id: 136775814081728] [trace] zeCommandListAppendMemoryCopy(hCommandList, dstptr, srcptr, size, hSignalEvent, numWaitEvents, phWaitEventsLocal)
[2026-10-08 05:48:27.958] [thread-id: 136775814081728] [trace] SUCCESS (ZE_RESULT_SUCCESS) in zeCommandListAppendMemoryCopy(hCommandList=0x50a3f08, dstptr=0x50c4a70, srcptr=0xffffffffff600000, size=65536, hSignalEvent=0x50ecc28, numWaitEvents=0, phWaitEvents=nullptr)
   <--- urEnqueueUSMMemcpy(.hQueue = 0x50a3150, .blocking = 0, .pDst = 0x50c4a70, .pSrc = 0xffffffffff600000, .size = 65536, .numEventsInWaitList = 0, .phEventWaitList = nullptr, .phEvent = 0x7fff6ffeeab0 (0x50ec610)) -> UR_RESULT_SUCCESS;
   ---> urEventWait
[2026-10-08 05:48:27.958] [thread-id: 136775814081728] [trace] zeEventHostSynchronize(hEvent, timeout)
[2026-10-08 05:48:27.959] [thread-id: 136775814081728] [trace] SUCCESS (ZE_RESULT_SUCCESS) in zeEventHostSynchronize(hEvent=0x50ecc28, timeout=18446744073709551615)
   <--- urEventWait(.numEvents = 1, .phEventWaitList = 0x7fff6ffeeb00 {0x50ec610}) -> UR_RESULT_SUCCESS;
   ---> urEventRelease
   <--- urEventRelease(.hEvent = 0x50ec610) -> UR_RESULT_SUCCESS;
   ---> urEnqueueUSMMemcpy
[2026-10-08 05:48:27.959] [thread-id: 136775814081728] [trace] zeCommandListAppendMemoryCopy(hCommandList, dstptr, srcptr, size, hSignalEvent, numWaitEvents, phWaitEventsLocal)
[2026-10-08 05:48:27.959] [thread-id: 136775814081728] [trace] SUCCESS (ZE_RESULT_SUCCESS) in zeCommandListAppendMemoryCopy(hCommandList=0x50a3f08, dstptr=0xffffffffff600000, srcptr=0x50b4a60, size=65536, hSignalEvent=0x50ecc28, numWaitEvents=0, phWaitEvents=nullptr)
   <--- urEnqueueUSMMemcpy(.hQueue = 0x50a3150, .blocking = 0, .pDst = 0xffffffffff600000, .pSrc = 0x50b4a60, .size = 65536, .numEventsInWaitList = 0, .phEventWaitList = nullptr, .phEvent = 0x7fff6ffeeab0 (0x50ec610)) -> UR_RESULT_SUCCESS;
   ---> urEventWait
[2026-10-08 05:48:27.959] [thread-id: 136775814081728] [trace] zeEventHostSynchronize(hEvent, timeout)
[2026-10-08 05:48:27.959] [thread-id: 136775814081728] [trace] SUCCESS (ZE_RESULT_SUCCESS) in zeEventHostSynchronize(hEvent=0x50ecc28, timeout=18446744073709551615)
   <--- urEventWait(.numEvents = 1, .phEventWaitList = 0x7fff6ffeeb00 {0x50ec610}) -> UR_RESULT_SUCCESS;
   ---> urEventRelease
   <--- urEventRelease(.hEvent = 0x50ec610) -> UR_RESULT_SUCCESS;
   ---> urDeviceGetInfo
   <--- urDeviceGetInfo(.hDevice = 0x509b040, .propName = UR_DEVICE_INFO_MAX_WORK_GROUPS_3D, .propSize = 24, .pPropValue = {4294967295, 4294967295, 4294967295}, .pPropSizeRet = nullptr) -> UR_RESULT_SUCCESS;
   ---> urKernelGetGroupInfo
   <--- urKernelGetGroupInfo(.hKernel = 0x5128d50, .hDevice = 0x509b040, .propName = UR_KERNEL_GROUP_INFO_COMPILE_WORK_GROUP_SIZE, .propSize = 24, .pPropValue = {0, 0, 0}, .pPropSizeRet = nullptr) -> UR_RESULT_SUCCESS;
   ---> urEnqueueKernelLaunchWithArgsExp
[2026-10-08 05:48:27.959] [thread-id: 136775814081728] [trace] zeKernelSuggestGroupSize(hKernel, globalSizeX, globalSizeY, globalSizeZ, groupSizeX, groupSizeY, groupSizeZ)
[2026-10-08 05:48:27.959] [thread-id: 136775814081728] [trace] SUCCESS (ZE_RESULT_SUCCESS) in zeKernelSuggestGroupSize(hKernel=0x512d758, globalSizeX=16384, globalSizeY=1, globalSizeZ=1, groupSizeX=1024, groupSizeY=1, groupSizeZ=1)
[2026-10-08 05:48:27.959] [thread-id: 136775814081728] [trace] zeKernelSetGroupSize(hKernel, groupSizeX, groupSizeY, groupSizeZ)
[2026-10-08 05:48:27.959] [thread-id: 136775814081728] [trace] SUCCESS (ZE_RESULT_SUCCESS) in zeKernelSetGroupSize(hKernel=0x512d758, groupSizeX=1024, groupSizeY=1, groupSizeZ=1)
[2026-10-08 05:48:27.959] [thread-id: 136775814081728] [trace] zeCommandListAppendLaunchKernelWithArguments(hCommandList, hKernel, groupCounts, groupSizes, pArguments, pNext, hSignalEvent, numWaitEvents, phWaitEventsLocal)
[2026-10-08 05:48:27.959] [thread-id: 136775814081728] [trace] SUCCESS (ZE_RESULT_SUCCESS) in zeCommandListAppendLaunchKernelWithArguments(hCommandList=0x50a3f08, hKernel=0x512d758, groupCounts={groupCountX=16, groupCountY=1, groupCountZ=1}, groupSizes={groupSizeX=1024, groupSizeY=1, groupSizeZ=1}, pArguments=0x512df60, pNext=nullptr, hSignalEvent=0x50ecc28, numWaitEvents=0, phWaitEvents=nullptr)
   <--- urEnqueueKernelLaunchWithArgsExp(.hQueue = 0x50a3150, .hKernel = 0x5128d50, .workDim = 1, .pGlobalWorkOffset = nullptr, .pGlobalWorkSize = 0x7fff6ffee9e0 (16384), .pLocalWorkSize = nullptr, .numArgs = 1, .pArgs = 0x5129870 {(struct ur_exp_kernel_arg_properties_t){.stype = UR_STRUCTURE_TYPE_EXP_KERNEL_ARG_PROPERTIES, .pNext = nullptr, .type = UR_EXP_KERNEL_ARG_TYPE_POINTER, .index = 0, .size = 8, .value = (union ur_exp_kernel_arg_value_t){.pointer = 0xffffffffff600000}}}, .launchPropList = nullptr, .numEventsInWaitList = 0, .phEventWaitList = nullptr, .phEvent = 0x7fff6ffee400 (0x50ec610)) -> UR_RESULT_SUCCESS;
   ---> urEventWait
[2026-10-08 05:48:27.959] [thread-id: 136775814081728] [trace] zeEventHostSynchronize(hEvent, timeout)
[2026-10-08 05:48:27.959] [thread-id: 136775814081728] [trace] SUCCESS (ZE_RESULT_SUCCESS) in zeEventHostSynchronize(hEvent=0x50ecc28, timeout=18446744073709551615)
   <--- urEventWait(.numEvents = 1, .phEventWaitList = 0x7fff6ffeeb00 {0x50ec610}) -> UR_RESULT_SUCCESS;
   ---> urEventRelease
   <--- urEventRelease(.hEvent = 0x50ec610) -> UR_RESULT_SUCCESS;
   ---> urEnqueueUSMMemcpy
[2026-10-08 05:48:27.959] [thread-id: 136775814081728] [trace] zeCommandListAppendMemoryCopy(hCommandList, dstptr, srcptr, size, hSignalEvent, numWaitEvents, phWaitEventsLocal)
[2026-10-08 05:48:27.959] [thread-id: 136775814081728] [trace] SUCCESS (ZE_RESULT_SUCCESS) in zeCommandListAppendMemoryCopy(hCommandList=0x50a3f08, dstptr=0x50c4a70, srcptr=0xffffffffff600000, size=65536, hSignalEvent=0x50ecc28, numWaitEvents=0, phWaitEvents=nullptr)
   <--- urEnqueueUSMMemcpy(.hQueue = 0x50a3150, .blocking = 0, .pDst = 0x50c4a70, .pSrc = 0xffffffffff600000, .size = 65536, .numEventsInWaitList = 0, .phEventWaitList = nullptr, .phEvent = 0x7fff6ffeeab0 (0x50ec610)) -> UR_RESULT_SUCCESS;
   ---> urEventWait
[2026-10-08 05:48:27.959] [thread-id: 136775814081728] [trace] zeEventHostSynchronize(hEvent, timeout)
[2026-10-08 05:48:27.959] [thread-id: 136775814081728] [trace] SUCCESS (ZE_RESULT_SUCCESS) in zeEventHostSynchronize(hEvent=0x50ecc28, timeout=18446744073709551615)
   <--- urEventWait(.numEvents = 1, .phEventWaitList = 0x7fff6ffeeb00 {0x50ec610}) -> UR_RESULT_SUCCESS;
   ---> urEventRelease
   <--- urEventRelease(.hEvent = 0x50ec610) -> UR_RESULT_SUCCESS;
   ---> urEnqueueUSMMemcpy
[2026-10-08 05:48:27.959] [thread-id: 136775814081728] [trace] zeCommandListAppendMemoryCopy(hCommandList, dstptr, srcptr, size, hSignalEvent, numWaitEvents, phWaitEventsLocal)
[2026-10-08 05:48:27.959] [thread-id: 136775814081728] [trace] SUCCESS (ZE_RESULT_SUCCESS) in zeCommandListAppendMemoryCopy(hCommandList=0x50a3f08, dstptr=0xffffffffff600000, srcptr=0x50b4a60, size=65536, hSignalEvent=0x50ecc28, numWaitEvents=0, phWaitEvents=nullptr)
   <--- urEnqueueUSMMemcpy(.hQueue = 0x50a3150, .blocking = 0, .pDst = 0xffffffffff600000, .pSrc = 0x50b4a60, .size = 65536, .numEventsInWaitList = 0, .phEventWaitList = nullptr, .phEvent = 0x7fff6ffeeab0 (0x50ec610)) -> UR_RESULT_SUCCESS;
   ---> urEventWait
[2026-10-08 05:48:27.959] [thread-id: 136775814081728] [trace] zeEventHostSynchronize(hEvent, timeout)
[2026-10-08 05:48:27.959] [thread-id: 136775814081728] [trace] SUCCESS (ZE_RESULT_SUCCESS) in zeEventHostSynchronize(hEvent=0x50ecc28, timeout=18446744073709551615)
   <--- urEventWait(.numEvents = 1, .phEventWaitList = 0x7fff6ffeeb00 {0x50ec610}) -> UR_RESULT_SUCCESS;
   ---> urEventRelease
   <--- urEventRelease(.hEvent = 0x50ec610) -> UR_RESULT_SUCCESS;
   ---> urDeviceGetInfo
   <--- urDeviceGetInfo(.hDevice = 0x509b040, .propName = UR_DEVICE_INFO_MAX_WORK_GROUPS_3D, .propSize = 24, .pPropValue = {4294967295, 4294967295, 4294967295}, .pPropSizeRet = nullptr) -> UR_RESULT_SUCCESS;
   ---> urKernelGetGroupInfo
   <--- urKernelGetGroupInfo(.hKernel = 0x5128d50, .hDevice = 0x509b040, .propName = UR_KERNEL_GROUP_INFO_COMPILE_WORK_GROUP_SIZE, .propSize = 24, .pPropValue = {0, 0, 0}, .pPropSizeRet = nullptr) -> UR_RESULT_SUCCESS;
   ---> urEnqueueKernelLaunchWithArgsExp
[2026-10-08 05:48:27.959] [thread-id: 136775814081728] [trace] zeKernelSuggestGroupSize(hKernel, globalSizeX, globalSizeY, globalSizeZ, groupSizeX, groupSizeY, groupSizeZ)
[2026-10-08 05:48:27.959] [thread-id: 136775814081728] [trace] SUCCESS (ZE_RESULT_SUCCESS) in zeKernelSuggestGroupSize(hKernel=0x512d758, globalSizeX=16384, globalSizeY=1, globalSizeZ=1, groupSizeX=1024, groupSizeY=1, groupSizeZ=1)
[2026-10-08 05:48:27.959] [thread-id: 136775814081728] [trace] zeKernelSetGroupSize(hKernel, groupSizeX, groupSizeY, groupSizeZ)
[2026-10-08 05:48:27.959] [thread-id: 136775814081728] [trace] SUCCESS (ZE_RESULT_SUCCESS) in zeKernelSetGroupSize(hKernel=0x512d758, groupSizeX=1024, groupSizeY=1, groupSizeZ=1)
[2026-10-08 05:48:27.959] [thread-id: 136775814081728] [trace] zeCommandListAppendLaunchKernelWithArguments(hCommandList, hKernel, groupCounts, groupSizes, pArguments, pNext, hSignalEvent, numWaitEvents, phWaitEventsLocal)
[2026-10-08 05:48:27.959] [thread-id: 136775814081728] [trace] SUCCESS (ZE_RESULT_SUCCESS) in zeCommandListAppendLaunchKernelWithArguments(hCommandList=0x50a3f08, hKernel=0x512d758, groupCounts={groupCountX=16, groupCountY=1, groupCountZ=1}, groupSizes={groupSizeX=1024, groupSizeY=1, groupSizeZ=1}, pArguments=0x512df60, pNext=nullptr, hSignalEvent=0x50ecc28, numWaitEvents=0, phWaitEvents=nullptr)
   <--- urEnqueueKernelLaunchWithArgsExp(.hQueue = 0x50a3150, .hKernel = 0x5128d50, .workDim = 1, .pGlobalWorkOffset = nullptr, .pGlobalWorkSize = 0x7fff6ffee9e0 (16384), .pLocalWorkSize = nullptr, .numArgs = 1, .pArgs = 0x5129870 {(struct ur_exp_kernel_arg_properties_t){.stype = UR_STRUCTURE_TYPE_EXP_KERNEL_ARG_PROPERTIES, .pNext = nullptr, .type = UR_EXP_KERNEL_ARG_TYPE_POINTER, .index = 0, .size = 8, .value = (union ur_exp_kernel_arg_value_t){.pointer = 0xffffffffff600000}}}, .launchPropList = nullptr, .numEventsInWaitList = 0, .phEventWaitList = nullptr, .phEvent = 0x7fff6ffee400 (0x50ec610)) -> UR_RESULT_SUCCESS;
   ---> urEventWait
[2026-10-08 05:48:27.959] [thread-id: 136775814081728] [trace] zeEventHostSynchronize(hEvent, timeout)
[2026-10-08 05:48:27.959] [thread-id: 136775814081728] [trace] SUCCESS (ZE_RESULT_SUCCESS) in zeEventHostSynchronize(hEvent=0x50ecc28, timeout=18446744073709551615)
   <--- urEventWait(.numEvents = 1, .phEventWaitList = 0x7fff6ffeeb00 {0x50ec610}) -> UR_RESULT_SUCCESS;
   ---> urEventRelease
   <--- urEventRelease(.hEvent = 0x50ec610) -> UR_RESULT_SUCCESS;
   ---> urEnqueueUSMMemcpy
[2026-10-08 05:48:27.959] [thread-id: 136775814081728] [trace] zeCommandListAppendMemoryCopy(hCommandList, dstptr, srcptr, size, hSignalEvent, numWaitEvents, phWaitEventsLocal)
[2026-10-08 05:48:27.959] [thread-id: 136775814081728] [trace] SUCCESS (ZE_RESULT_SUCCESS) in zeCommandListAppendMemoryCopy(hCommandList=0x50a3f08, dstptr=0x50c4a70, srcptr=0xffffffffff600000, size=65536, hSignalEvent=0x50ecc28, numWaitEvents=0, phWaitEvents=nullptr)
   <--- urEnqueueUSMMemcpy(.hQueue = 0x50a3150, .blocking = 0, .pDst = 0x50c4a70, .pSrc = 0xffffffffff600000, .size = 65536, .numEventsInWaitList = 0, .phEventWaitList = nullptr, .phEvent = 0x7fff6ffeeab0 (0x50ec610)) -> UR_RESULT_SUCCESS;
   ---> urEventWait
[2026-10-08 05:48:27.959] [thread-id: 136775814081728] [trace] zeEventHostSynchronize(hEvent, timeout)
[2026-10-08 05:48:27.960] [thread-id: 136775814081728] [trace] SUCCESS (ZE_RESULT_SUCCESS) in zeEventHostSynchronize(hEvent=0x50ecc28, timeout=18446744073709551615)
   <--- urEventWait(.numEvents = 1, .phEventWaitList = 0x7fff6ffeeb00 {0x50ec610}) -> UR_RESULT_SUCCESS;
   ---> urEventRelease
   <--- urEventRelease(.hEvent = 0x50ec610) -> UR_RESULT_SUCCESS;
   ---> urQueueFinish
[2026-10-08 05:48:27.960] [thread-id: 136775814081728] [trace] zeCommandListHostSynchronize(hCommandList, timeout)
[2026-10-08 05:48:27.960] [thread-id: 136775814081728] [trace] SUCCESS (ZE_RESULT_SUCCESS) in zeCommandListHostSynchronize(hCommandList=0x50a3f08, timeout=18446744073709551615)
   <--- urQueueFinish(.hQueue = 0x50a3150) -> UR_RESULT_SUCCESS;
   ---> urUSMFree
   <--- urUSMFree(.hContext = 0x509fdd0, .pMem = 0xffffffffff600000) -> UR_RESULT_SUCCESS;
   ---> urQueueRelease
[2026-10-08 05:48:27.960] [thread-id: 136775814081728] [trace] zeCommandListHostSynchronize(hCommandList, timeout)
[2026-10-08 05:48:27.960] [thread-id: 136775814081728] [trace] SUCCESS (ZE_RESULT_SUCCESS) in zeCommandListHostSynchronize(hCommandList=0x50a3f08, timeout=18446744073709551615)
   <--- urQueueRelease(.hQueue = 0x50a3150) -> UR_RESULT_SUCCESS;
   ---> urProgramRelease
   <--- urProgramRelease(.hProgram = 0x50dda20) -> UR_RESULT_SUCCESS;
   ---> urKernelRelease
   <--- urKernelRelease(.hKernel = 0x5128d50) -> UR_RESULT_SUCCESS;
   ---> urProgramRelease
   <--- urProgramRelease(.hProgram = 0x50dda20) -> UR_RESULT_SUCCESS;
   ---> urKernelRelease
[2026-10-08 05:48:27.960] [thread-id: 136775814081728] [trace] zeKernelDestroy(hKernel)
[2026-10-08 05:48:27.960] [thread-id: 136775814081728] [trace] SUCCESS (ZE_RESULT_SUCCESS) in zeKernelDestroy(hKernel=0x512d758)
[2026-10-08 05:48:27.960] [thread-id: 136775814081728] [trace] zeModuleBuildLogDestroy(hModuleBuildLog)
[2026-10-08 05:48:27.960] [thread-id: 136775814081728] [trace] SUCCESS (ZE_RESULT_SUCCESS) in zeModuleBuildLogDestroy(hModuleBuildLog=0x5116958)
[2026-10-08 05:48:27.960] [thread-id: 136775814081728] [trace] zeModuleDestroy(hModule)
[2026-10-08 05:48:27.960] [thread-id: 136775814081728] [trace] SUCCESS (ZE_RESULT_SUCCESS) in zeModuleDestroy(hModule=0x50f0d28)
   <--- urKernelRelease(.hKernel = 0x5128d50) -> UR_RESULT_SUCCESS;
   ---> urContextRelease
[2026-10-08 05:48:27.960] [thread-id: 136775814081728] [trace] zeMemFreeExt(hContext, pMemFreeDesc, ptr)
[2026-10-08 05:48:27.960] [thread-id: 136775814081728] [trace] SUCCESS (ZE_RESULT_SUCCESS) in zeMemFreeExt(hContext=0x509c738, pMemFreeDesc={stype=0x7fff6ffee840, freePolicy=1}, ptr=0xffffffffff600000)
[2026-10-08 05:48:27.960] [thread-id: 136775814081728] [trace] zeEventDestroy(hEvent)
[2026-10-08 05:48:27.960] [thread-id: 136775814081728] [trace] SUCCESS (ZE_RESULT_SUCCESS) in zeEventDestroy(hEvent=0x50d5648)
[2026-10-08 05:48:27.960] [thread-id: 136775814081728] [trace] zeEventDestroy(hEvent)
[2026-10-08 05:48:27.960] [thread-id: 136775814081728] [trace] SUCCESS (ZE_RESULT_SUCCESS) in zeEventDestroy(hEvent=0x50d5b88)
[2026-10-08 05:48:27.960] [thread-id: 136775814081728] [trace] zeEventDestroy(hEvent)
[2026-10-08 05:48:27.960] [thread-id: 136775814081728] [trace] SUCCESS (ZE_RESULT_SUCCESS) in zeEventDestroy(hEvent=0x50d6288)
[2026-10-08 05:48:27.960] [thread-id: 136775814081728] [trace] zeEventDestroy(hEvent)
[2026-10-08 05:48:27.960] [thread-id: 136775814081728] [trace] SUCCESS (ZE_RESULT_SUCCESS) in zeEventDestroy(hEvent=0x50d67e8)
[2026-10-08 05:48:27.960] [thread-id: 136775814081728] [trace] zeEventDestroy(hEvent)
[2026-10-08 05:48:27.960] [thread-id: 136775814081728] [trace] SUCCESS (ZE_RESULT_SUCCESS) in zeEventDestroy(hEvent=0x50d6ee8)
[2026-10-08 05:48:27.960] [thread-id: 136775814081728] [trace] zeEventDestroy(hEvent)
[2026-10-08 05:48:27.960] [thread-id: 136775814081728] [trace] SUCCESS (ZE_RESULT_SUCCESS) in zeEventDestroy(hEvent=0x50d73f8)
[2026-10-08 05:48:27.960] [thread-id: 136775814081728] [trace] zeEventDestroy(hEvent)
[2026-10-08 05:48:27.960] [thread-id: 136775814081728] [trace] SUCCESS (ZE_RESULT_SUCCESS) in zeEventDestroy(hEvent=0x50d7af8)
[2026-10-08 05:48:27.960] [thread-id: 136775814081728] [trace] zeEventDestroy(hEvent)
[2026-10-08 05:48:27.960] [thread-id: 136775814081728] [trace] SUCCESS (ZE_RESULT_SUCCESS) in zeEventDestroy(hEvent=0x50d8008)
[2026-10-08 05:48:27.960] [thread-id: 136775814081728] [trace] zeEventDestroy(hEvent)
[2026-10-08 05:48:27.960] [thread-id: 136775814081728] [trace] SUCCESS (ZE_RESULT_SUCCESS) in zeEventDestroy(hEvent=0x50d8708)
[2026-10-08 05:48:27.960] [thread-id: 136775814081728] [trace] zeEventDestroy(hEvent)
[2026-10-08 05:48:27.960] [thread-id: 136775814081728] [trace] SUCCESS (ZE_RESULT_SUCCESS) in zeEventDestroy(hEvent=0x50d8cb8)
[2026-10-08 05:48:27.960] [thread-id: 136775814081728] [trace] zeEventDestroy(hEvent)
[2026-10-08 05:48:27.960] [thread-id: 136775814081728] [trace] SUCCESS (ZE_RESULT_SUCCESS) in zeEventDestroy(hEvent=0x50d93b8)
[2026-10-08 05:48:27.960] [thread-id: 136775814081728] [trace] zeEventDestroy(hEvent)
[2026-10-08 05:48:27.960] [thread-id: 136775814081728] [trace] SUCCESS (ZE_RESULT_SUCCESS) in zeEventDestroy(hEvent=0x50d98c8)
[2026-10-08 05:48:27.960] [thread-id: 136775814081728] [trace] zeEventDestroy(hEvent)
[2026-10-08 05:48:27.960] [thread-id: 136775814081728] [trace] SUCCESS (ZE_RESULT_SUCCESS) in zeEventDestroy(hEvent=0x50d9fc8)
[2026-10-08 05:48:27.960] [thread-id: 136775814081728] [trace] zeEventDestroy(hEvent)
[2026-10-08 05:48:27.960] [thread-id: 136775814081728] [trace] SUCCESS (ZE_RESULT_SUCCESS) in zeEventDestroy(hEvent=0x50da4d8)
[2026-10-08 05:48:27.960] [thread-id: 136775814081728] [trace] zeEventDestroy(hEvent)
[2026-10-08 05:48:27.961] [thread-id: 136775814081728] [trace] SUCCESS (ZE_RESULT_SUCCESS) in zeEventDestroy(hEvent=0x50dabd8)
[2026-10-08 05:48:27.961] [thread-id: 136775814081728] [trace] zeEventDestroy(hEvent)
[2026-10-08 05:48:27.961] [thread-id: 136775814081728] [trace] SUCCESS (ZE_RESULT_SUCCESS) in zeEventDestroy(hEvent=0x50db0e8)
[2026-10-08 05:48:27.961] [thread-id: 136775814081728] [trace] zeEventDestroy(hEvent)
[2026-10-08 05:48:27.961] [thread-id: 136775814081728] [trace] SUCCESS (ZE_RESULT_SUCCESS) in zeEventDestroy(hEvent=0x50db7e8)
[2026-10-08 05:48:27.961] [thread-id: 136775814081728] [trace] zeEventDestroy(hEvent)
[2026-10-08 05:48:27.961] [thread-id: 136775814081728] [trace] SUCCESS (ZE_RESULT_SUCCESS) in zeEventDestroy(hEvent=0x50dbcf8)
[2026-10-08 05:48:27.961] [thread-id: 136775814081728] [trace] zeEventDestroy(hEvent)
[2026-10-08 05:48:27.961] [thread-id: 136775814081728] [trace] SUCCESS (ZE_RESULT_SUCCESS) in zeEventDestroy(hEvent=0x50dc3f8)
[2026-10-08 05:48:27.961] [thread-id: 136775814081728] [trace] zeEventDestroy(hEvent)
[2026-10-08 05:48:27.961] [thread-id: 136775814081728] [trace] SUCCESS (ZE_RESULT_SUCCESS) in zeEventDestroy(hEvent=0x50dc908)
[2026-10-08 05:48:27.961] [thread-id: 136775814081728] [trace] zeEventDestroy(hEvent)
[2026-10-08 05:48:27.961] [thread-id: 136775814081728] [trace] SUCCESS (ZE_RESULT_SUCCESS) in zeEventDestroy(hEvent=0x50dd008)
[2026-10-08 05:48:27.961] [thread-id: 136775814081728] [trace] zeEventDestroy(hEvent)
[2026-10-08 05:48:27.961] [thread-id: 136775814081728] [trace] SUCCESS (ZE_RESULT_SUCCESS) in zeEventDestroy(hEvent=0x50dd518)
[2026-10-08 05:48:27.961] [thread-id: 136775814081728] [trace] zeEventDestroy(hEvent)
[2026-10-08 05:48:27.961] [thread-id: 136775814081728] [trace] SUCCESS (ZE_RESULT_SUCCESS) in zeEventDestroy(hEvent=0x50ddd58)
[2026-10-08 05:48:27.961] [thread-id: 136775814081728] [trace] zeEventDestroy(hEvent)
[2026-10-08 05:48:27.961] [thread-id: 136775814081728] [trace] SUCCESS (ZE_RESULT_SUCCESS) in zeEventDestroy(hEvent=0x50de268)
[2026-10-08 05:48:27.961] [thread-id: 136775814081728] [trace] zeEventDestroy(hEvent)
[2026-10-08 05:48:27.961] [thread-id: 136775814081728] [trace] SUCCESS (ZE_RESULT_SUCCESS) in zeEventDestroy(hEvent=0x50de968)
[2026-10-08 05:48:27.961] [thread-id: 136775814081728] [trace] zeEventDestroy(hEvent)
[2026-10-08 05:48:27.961] [thread-id: 136775814081728] [trace] SUCCESS (ZE_RESULT_SUCCESS) in zeEventDestroy(hEvent=0x50dee78)
[2026-10-08 05:48:27.961] [thread-id: 136775814081728] [trace] zeEventDestroy(hEvent)
[2026-10-08 05:48:27.961] [thread-id: 136775814081728] [trace] SUCCESS (ZE_RESULT_SUCCESS) in zeEventDestroy(hEvent=0x50df578)
[2026-10-08 05:48:27.961] [thread-id: 136775814081728] [trace] zeEventDestroy(hEvent)
[2026-10-08 05:48:27.961] [thread-id: 136775814081728] [trace] SUCCESS (ZE_RESULT_SUCCESS) in zeEventDestroy(hEvent=0x50dfa88)
[2026-10-08 05:48:27.961] [thread-id: 136775814081728] [trace] zeEventDestroy(hEvent)
[2026-10-08 05:48:27.961] [thread-id: 136775814081728] [trace] SUCCESS (ZE_RESULT_SUCCESS) in zeEventDestroy(hEvent=0x50e0188)
[2026-10-08 05:48:27.961] [thread-id: 136775814081728] [trace] zeEventDestroy(hEvent)
[2026-10-08 05:48:27.961] [thread-id: 136775814081728] [trace] SUCCESS (ZE_RESULT_SUCCESS) in zeEventDestroy(hEvent=0x50e0698)
[2026-10-08 05:48:27.961] [thread-id: 136775814081728] [trace] zeEventDestroy(hEvent)
[2026-10-08 05:48:27.961] [thread-id: 136775814081728] [trace] SUCCESS (ZE_RESULT_SUCCESS) in zeEventDestroy(hEvent=0x50e0d98)
[2026-10-08 05:48:27.961] [thread-id: 136775814081728] [trace] zeEventDestroy(hEvent)
[2026-10-08 05:48:27.961] [thread-id: 136775814081728] [trace] SUCCESS (ZE_RESULT_SUCCESS) in zeEventDestroy(hEvent=0x50e14b8)
[2026-10-08 05:48:27.961] [thread-id: 136775814081728] [trace] zeEventDestroy(hEvent)
[2026-10-08 05:48:27.961] [thread-id: 136775814081728] [trace] SUCCESS (ZE_RESULT_SUCCESS) in zeEventDestroy(hEvent=0x50e1bb8)
[2026-10-08 05:48:27.961] [thread-id: 136775814081728] [trace] zeEventDestroy(hEvent)
[2026-10-08 05:48:27.961] [thread-id: 136775814081728] [trace] SUCCESS (ZE_RESULT_SUCCESS) in zeEventDestroy(hEvent=0x50e20c8)
[2026-10-08 05:48:27.961] [thread-id: 136775814081728] [trace] zeEventDestroy(hEvent)
[2026-10-08 05:48:27.961] [thread-id: 136775814081728] [trace] SUCCESS (ZE_RESULT_SUCCESS) in zeEventDestroy(hEvent=0x50e27c8)
[2026-10-08 05:48:27.961] [thread-id: 136775814081728] [trace] zeEventDestroy(hEvent)
[2026-10-08 05:48:27.961] [thread-id: 136775814081728] [trace] SUCCESS (ZE_RESULT_SUCCESS) in zeEventDestroy(hEvent=0x50e2cd8)
[2026-10-08 05:48:27.961] [thread-id: 136775814081728] [trace] zeEventDestroy(hEvent)
[2026-10-08 05:48:27.961] [thread-id: 136775814081728] [trace] SUCCESS (ZE_RESULT_SUCCESS) in zeEventDestroy(hEvent=0x50e33d8)
[2026-10-08 05:48:27.961] [thread-id: 136775814081728] [trace] zeEventDestroy(hEvent)
[2026-10-08 05:48:27.961] [thread-id: 136775814081728] [trace] SUCCESS (ZE_RESULT_SUCCESS) in zeEventDestroy(hEvent=0x50e38e8)
[2026-10-08 05:48:27.961] [thread-id: 136775814081728] [trace] zeEventDestroy(hEvent)
[2026-10-08 05:48:27.961] [thread-id: 136775814081728] [trace] SUCCESS (ZE_RESULT_SUCCESS) in zeEventDestroy(hEvent=0x50e3fe8)
[2026-10-08 05:48:27.961] [thread-id: 136775814081728] [trace] zeEventDestroy(hEvent)
[2026-10-08 05:48:27.961] [thread-id: 136775814081728] [trace] SUCCESS (ZE_RESULT_SUCCESS) in zeEventDestroy(hEvent=0x50e44f8)
[2026-10-08 05:48:27.961] [thread-id: 136775814081728] [trace] zeEventDestroy(hEvent)
[2026-10-08 05:48:27.961] [thread-id: 136775814081728] [trace] SUCCESS (ZE_RESULT_SUCCESS) in zeEventDestroy(hEvent=0x50e4bf8)
[2026-10-08 05:48:27.961] [thread-id: 136775814081728] [trace] zeEventDestroy(hEvent)
[2026-10-08 05:48:27.961] [thread-id: 136775814081728] [trace] SUCCESS (ZE_RESULT_SUCCESS) in zeEventDestroy(hEvent=0x50e5108)
[2026-10-08 05:48:27.961] [thread-id: 136775814081728] [trace] zeEventDestroy(hEvent)
[2026-10-08 05:48:27.961] [thread-id: 136775814081728] [trace] SUCCESS (ZE_RESULT_SUCCESS) in zeEventDestroy(hEvent=0x50e5808)
[2026-10-08 05:48:27.961] [thread-id: 136775814081728] [trace] zeEventDestroy(hEvent)
[2026-10-08 05:48:27.961] [thread-id: 136775814081728] [trace] SUCCESS (ZE_RESULT_SUCCESS) in zeEventDestroy(hEvent=0x50e5d18)
[2026-10-08 05:48:27.961] [thread-id: 136775814081728] [trace] zeEventDestroy(hEvent)
[2026-10-08 05:48:27.961] [thread-id: 136775814081728] [trace] SUCCESS (ZE_RESULT_SUCCESS) in zeEventDestroy(hEvent=0x50e6418)
[2026-10-08 05:48:27.961] [thread-id: 136775814081728] [trace] zeEventDestroy(hEvent)
[2026-10-08 05:48:27.961] [thread-id: 136775814081728] [trace] SUCCESS (ZE_RESULT_SUCCESS) in zeEventDestroy(hEvent=0x50e6928)
[2026-10-08 05:48:27.961] [thread-id: 136775814081728] [trace] zeEventDestroy(hEvent)
[2026-10-08 05:48:27.961] [thread-id: 136775814081728] [trace] SUCCESS (ZE_RESULT_SUCCESS) in zeEventDestroy(hEvent=0x50e7028)
[2026-10-08 05:48:27.961] [thread-id: 136775814081728] [trace] zeEventDestroy(hEvent)
[2026-10-08 05:48:27.961] [thread-id: 136775814081728] [trace] SUCCESS (ZE_RESULT_SUCCESS) in zeEventDestroy(hEvent=0x50e7538)
[2026-10-08 05:48:27.961] [thread-id: 136775814081728] [trace] zeEventDestroy(hEvent)
[2026-10-08 05:48:27.961] [thread-id: 136775814081728] [trace] SUCCESS (ZE_RESULT_SUCCESS) in zeEventDestroy(hEvent=0x50e7c38)
[2026-10-08 05:48:27.961] [thread-id: 136775814081728] [trace] zeEventDestroy(hEvent)
[2026-10-08 05:48:27.961] [thread-id: 136775814081728] [trace] SUCCESS (ZE_RESULT_SUCCESS) in zeEventDestroy(hEvent=0x50e8148)
[2026-10-08 05:48:27.961] [thread-id: 136775814081728] [trace] zeEventDestroy(hEvent)
[2026-10-08 05:48:27.961] [thread-id: 136775814081728] [trace] SUCCESS (ZE_RESULT_SUCCESS) in zeEventDestroy(hEvent=0x50e8ac8)
[2026-10-08 05:48:27.961] [thread-id: 136775814081728] [trace] zeEventDestroy(hEvent)
[2026-10-08 05:48:27.961] [thread-id: 136775814081728] [trace] SUCCESS (ZE_RESULT_SUCCESS) in zeEventDestroy(hEvent=0x50e8fd8)
[2026-10-08 05:48:27.961] [thread-id: 136775814081728] [trace] zeEventDestroy(hEvent)
[2026-10-08 05:48:27.962] [thread-id: 136775814081728] [trace] SUCCESS (ZE_RESULT_SUCCESS) in zeEventDestroy(hEvent=0x50e96d8)
[2026-10-08 05:48:27.962] [thread-id: 136775814081728] [trace] zeEventDestroy(hEvent)
[2026-10-08 05:48:27.962] [thread-id: 136775814081728] [trace] SUCCESS (ZE_RESULT_SUCCESS) in zeEventDestroy(hEvent=0x50e9be8)
[2026-10-08 05:48:27.962] [thread-id: 136775814081728] [trace] zeEventDestroy(hEvent)
[2026-10-08 05:48:27.962] [thread-id: 136775814081728] [trace] SUCCESS (ZE_RESULT_SUCCESS) in zeEventDestroy(hEvent=0x50ea2e8)
[2026-10-08 05:48:27.962] [thread-id: 136775814081728] [trace] zeEventDestroy(hEvent)
[2026-10-08 05:48:27.962] [thread-id: 136775814081728] [trace] SUCCESS (ZE_RESULT_SUCCESS) in zeEventDestroy(hEvent=0x50ea7f8)
[2026-10-08 05:48:27.962] [thread-id: 136775814081728] [trace] zeEventDestroy(hEvent)
[2026-10-08 05:48:27.962] [thread-id: 136775814081728] [trace] SUCCESS (ZE_RESULT_SUCCESS) in zeEventDestroy(hEvent=0x50eaef8)
[2026-10-08 05:48:27.962] [thread-id: 136775814081728] [trace] zeEventDestroy(hEvent)
[2026-10-08 05:48:27.962] [thread-id: 136775814081728] [trace] SUCCESS (ZE_RESULT_SUCCESS) in zeEventDestroy(hEvent=0x50eb408)
[2026-10-08 05:48:27.962] [thread-id: 136775814081728] [trace] zeEventDestroy(hEvent)
[2026-10-08 05:48:27.962] [thread-id: 136775814081728] [trace] SUCCESS (ZE_RESULT_SUCCESS) in zeEventDestroy(hEvent=0x50ebb08)
[2026-10-08 05:48:27.962] [thread-id: 136775814081728] [trace] zeEventDestroy(hEvent)
[2026-10-08 05:48:27.962] [thread-id: 136775814081728] [trace] SUCCESS (ZE_RESULT_SUCCESS) in zeEventDestroy(hEvent=0x50ec018)
[2026-10-08 05:48:27.962] [thread-id: 136775814081728] [trace] zeEventDestroy(hEvent)
[2026-10-08 05:48:27.962] [thread-id: 136775814081728] [trace] SUCCESS (ZE_RESULT_SUCCESS) in zeEventDestroy(hEvent=0x50ec718)
[2026-10-08 05:48:27.962] [thread-id: 136775814081728] [trace] zeEventDestroy(hEvent)
[2026-10-08 05:48:27.962] [thread-id: 136775814081728] [trace] SUCCESS (ZE_RESULT_SUCCESS) in zeEventDestroy(hEvent=0x50ecc28)
[2026-10-08 05:48:27.962] [thread-id: 136775814081728] [trace] zeEventDestroy(hEvent)
[2026-10-08 05:48:27.962] [thread-id: 136775814081728] [trace] SUCCESS (ZE_RESULT_SUCCESS) in zeEventDestroy(hEvent=0x50d4c28)
[2026-10-08 05:48:27.962] [thread-id: 136775814081728] [trace] zeEventDestroy(hEvent)
[2026-10-08 05:48:27.962] [thread-id: 136775814081728] [trace] SUCCESS (ZE_RESULT_SUCCESS) in zeEventDestroy(hEvent=0x50d4f28)
[2026-10-08 05:48:27.962] [thread-id: 136775814081728] [trace] zeCommandListDestroy(hCommandList)
[2026-10-08 05:48:27.962] [thread-id: 136775814081728] [trace] SUCCESS (ZE_RESULT_SUCCESS) in zeCommandListDestroy(hCommandList=0x50a3f08)
[2026-10-08 05:48:27.962] [thread-id: 136775814081728] [trace] zeContextDestroy(hContext)
[2026-10-08 05:48:27.962] [thread-id: 136775814081728] [trace] SUCCESS (ZE_RESULT_SUCCESS) in zeContextDestroy(hContext=0x509c738)
   <--- urContextRelease(.hContext = 0x509fdd0) -> UR_RESULT_SUCCESS;
   ---> urDeviceRelease
   <--- urDeviceRelease(.hDevice = 0x509b040) -> UR_RESULT_SUCCESS;
   ---> urAdapterRelease
   <--- urAdapterRelease(.hAdapter = 0x4e9f700) -> UR_RESULT_SUCCESS;
