<LOADER>[DEBUG]: Logger loader initialized successfully!
<LOADER>[INFO]: loaded adapter 0x0x2ff0f980 (/opt/intel/oneapi/compiler/2026.1/lib/libur_adapter_level_zero_v2.so.0) from /opt/intel/oneapi/compiler/2026.1/lib/libur_adapter_level_zero_v2.so.0
   ---> urAdapterGet
<LEVEL_ZERO>[DEBUG]: zeInit with flags value of 1
[2026-10-07 15:28:28.436] [thread-id: 126892597071040] [info] Loader Version 1.32.0  - No git SHA found, compiled outside git folder.
[2026-10-07 15:28:28.439] [thread-id: 126892597071040] [info] Validation Layer Enabled
[2026-10-07 15:28:28.439] [thread-id: 126892597071040] [info] zeInit succeeded
[2026-10-07 15:28:28.439] [thread-id: 126892597071040] [trace] zeInit(flags)
[2026-10-07 15:28:28.464] [thread-id: 126892597071040] [trace] SUCCESS (ZE_RESULT_SUCCESS) in zeInit(flags=1)
<LEVEL_ZERO>[DEBUG]: Level Zero Loader version: 1.32.0
<LEVEL_ZERO>[DEBUG]: zeInitDrivers with flags value of 1
[2026-10-07 15:28:28.464] [thread-id: 126892597071040] [trace] zeInitDrivers(pCount, phDrivers, desc)
[2026-10-07 15:28:28.464] [thread-id: 126892597071040] [trace] SUCCESS (ZE_RESULT_SUCCESS) in zeInitDrivers(pCount=1, phDrivers=nullptr, desc={stype=0x2ff0e728, flags=1})
[2026-10-07 15:28:28.464] [thread-id: 126892597071040] [trace] zeInitDrivers(pCount, phDrivers, desc)
[2026-10-07 15:28:28.464] [thread-id: 126892597071040] [trace] SUCCESS (ZE_RESULT_SUCCESS) in zeInitDrivers(pCount=1, phDrivers=nullptr, desc={stype=0x2ff0e728, flags=1})
[2026-10-07 15:28:28.464] [thread-id: 126892597071040] [trace] zeDriverGet(pCount, phDrivers)
[2026-10-07 15:28:28.464] [thread-id: 126892597071040] [trace] SUCCESS (ZE_RESULT_SUCCESS) in zeDriverGet(pCount=1, phDrivers=nullptr)
[2026-10-07 15:28:28.464] [thread-id: 126892597071040] [trace] zeDriverGet(pCount, phDrivers)
[2026-10-07 15:28:28.464] [thread-id: 126892597071040] [trace] SUCCESS (ZE_RESULT_SUCCESS) in zeDriverGet(pCount=1, phDrivers=0x300f4980)
[2026-10-07 15:28:28.464] [thread-id: 126892597071040] [trace] zeDeviceGet(hDriver, pCount, phDevices)
[2026-10-07 15:28:28.464] [thread-id: 126892597071040] [trace] SUCCESS (ZE_RESULT_SUCCESS) in zeDeviceGet(hDriver=0x300f49c8, pCount=1, phDevices=nullptr)
[2026-10-07 15:28:28.464] [thread-id: 126892597071040] [trace] zeDeviceGet(hDriver, pCount, phDevices)
[2026-10-07 15:28:28.464] [thread-id: 126892597071040] [trace] SUCCESS (ZE_RESULT_SUCCESS) in zeDeviceGet(hDriver=0x300f49c8, pCount=1, phDevices=0x301012b0)
[2026-10-07 15:28:28.464] [thread-id: 126892597071040] [trace] zeDeviceGetProperties(hDevice, pDeviceProperties)
[2026-10-07 15:28:28.464] [thread-id: 126892597071040] [trace] SUCCESS (ZE_RESULT_SUCCESS) in zeDeviceGetProperties(hDevice=0x300f4f28, pDeviceProperties={stype=0x7fff3881db50, type=0x7fff3881db60, vendorId=32902, deviceId=57868, flags=8, subdeviceId=0, coreClockRate=2750, maxMemAllocSize=10132807680, maxHardwareContexts=65536, maxCommandQueuePriority=0, numThreadsPerEU=8, physicalEUSimdWidth=16, numEUsPerSubslice=8, numSubslicesPerSlice=4, numSlices=5, timerResolution=52, timestampValidBits=64, kernelTimestampValidBits=64, uuid={id=134}, name="Intel(R) Arc(TM) B570 Graphics"})
<LEVEL_ZERO>[DEBUG]: 
zesInit with flags value of 0

[2026-10-07 15:28:28.465] [thread-id: 126892597071040] [trace] zesInit(flags)
[2026-10-07 15:28:28.467] [thread-id: 126892597071040] [trace] SUCCESS (ZE_RESULT_SUCCESS) in zesInit(flags=0)
[2026-10-07 15:28:28.467] [thread-id: 126892597071040] [trace] zeDriverGet(pCount, phDrivers)
[2026-10-07 15:28:28.467] [thread-id: 126892597071040] [trace] SUCCESS (ZE_RESULT_SUCCESS) in zeDriverGet(pCount=1, phDrivers=nullptr)
[2026-10-07 15:28:28.467] [thread-id: 126892597071040] [trace] zeDriverGet(pCount, phDrivers)
[2026-10-07 15:28:28.467] [thread-id: 126892597071040] [trace] SUCCESS (ZE_RESULT_SUCCESS) in zeDriverGet(pCount=1, phDrivers=0x30108340)
[2026-10-07 15:28:28.467] [thread-id: 126892597071040] [trace] zeInitDrivers(pCount, phDrivers, desc)
[2026-10-07 15:28:28.467] [thread-id: 126892597071040] [trace] SUCCESS (ZE_RESULT_SUCCESS) in zeInitDrivers(pCount=1, phDrivers=0x30108410, desc={stype=0x2ff0e728, flags=1})
[2026-10-07 15:28:28.467] [thread-id: 126892597071040] [trace] zeDriverGetProperties(hDriver, pDriverProperties)
[2026-10-07 15:28:28.467] [thread-id: 126892597071040] [trace] SUCCESS (ZE_RESULT_SUCCESS) in zeDriverGetProperties(hDriver=0x300f49c8, pDriverProperties={stype=0x7fff3881daa0, uuid={id=227}, driverVersion=17013219})
[2026-10-07 15:28:28.467] [thread-id: 126892597071040] [trace] zeDriverGetProperties(hDriver, pDriverProperties)
[2026-10-07 15:28:28.467] [thread-id: 126892597071040] [trace] SUCCESS (ZE_RESULT_SUCCESS) in zeDriverGetProperties(hDriver=0x300f49c8, pDriverProperties={stype=0x7fff3881dc70, uuid={id=227}, driverVersion=17013219})
<LEVEL_ZERO>[DEBUG]: zeDriverHandle 0x300f49c8 matched between zeDriverGet and zeInitDrivers. Not adding duplicate driver to list
<LEVEL_ZERO>[DEBUG]: 1 L0 Drivers found.
[2026-10-07 15:28:28.467] [thread-id: 126892597071040] [trace] zeDeviceGet(hDriver, pCount, phDevices)
[2026-10-07 15:28:28.467] [thread-id: 126892597071040] [trace] SUCCESS (ZE_RESULT_SUCCESS) in zeDeviceGet(hDriver=0x300f49c8, pCount=1, phDevices=nullptr)
[2026-10-07 15:28:28.467] [thread-id: 126892597071040] [trace] zeDeviceGet(hDriver, pCount, phDevices)
[2026-10-07 15:28:28.467] [thread-id: 126892597071040] [trace] SUCCESS (ZE_RESULT_SUCCESS) in zeDeviceGet(hDriver=0x300f49c8, pCount=1, phDevices=0x301086b0)
[2026-10-07 15:28:28.467] [thread-id: 126892597071040] [trace] zeDeviceGetProperties(hDevice, pDeviceProperties)
[2026-10-07 15:28:28.467] [thread-id: 126892597071040] [trace] SUCCESS (ZE_RESULT_SUCCESS) in zeDeviceGetProperties(hDevice=0x300f4f28, pDeviceProperties={stype=0x7fff3881daa0, type=0x7fff3881dab0, vendorId=32902, deviceId=57868, flags=8, subdeviceId=0, coreClockRate=2750, maxMemAllocSize=10132807680, maxHardwareContexts=65536, maxCommandQueuePriority=0, numThreadsPerEU=8, physicalEUSimdWidth=16, numEUsPerSubslice=8, numSubslicesPerSlice=4, numSlices=5, timerResolution=52, timestampValidBits=64, kernelTimestampValidBits=64, uuid={id=134}, name="Intel(R) Arc(TM) B570 Graphics"})
[2026-10-07 15:28:28.467] [thread-id: 126892597071040] [trace] zeDriverGetApiVersion(hDriver, version)
[2026-10-07 15:28:28.467] [thread-id: 126892597071040] [trace] SUCCESS (ZE_RESULT_SUCCESS) in zeDriverGetApiVersion(hDriver=0x300f49c8, version=65553)
[2026-10-07 15:28:28.467] [thread-id: 126892597071040] [trace] zeDriverGetExtensionProperties(hDriver, pCount, pExtensionProperties)
[2026-10-07 15:28:28.467] [thread-id: 126892597071040] [trace] SUCCESS (ZE_RESULT_SUCCESS) in zeDriverGetExtensionProperties(hDriver=0x300f49c8, pCount=63, pExtensionProperties=nullptr)
[2026-10-07 15:28:28.467] [thread-id: 126892597071040] [trace] zeDriverGetExtensionProperties(hDriver, pCount, pExtensionProperties)
[2026-10-07 15:28:28.467] [thread-id: 126892597071040] [trace] SUCCESS (ZE_RESULT_SUCCESS) in zeDriverGetExtensionProperties(hDriver=0x300f49c8, pCount=63, pExtensionProperties={name="ZE_extension_device_cache_line_size", version=65536})
[2026-10-07 15:28:28.467] [thread-id: 126892597071040] [trace] zeDriverGetExtensionFunctionAddress(hDriver, name, ppFunctionAddress)
[2026-10-07 15:28:28.467] [thread-id: 126892597071040] [trace] SUCCESS (ZE_RESULT_SUCCESS) in zeDriverGetExtensionFunctionAddress(hDriver=0x300f49c8, name="zeIntelGetDriverVersionString", ppFunctionAddress=0x736878564c00)
[2026-10-07 15:28:28.467] [thread-id: 126892597071040] [trace] zeDriverGetProperties(hDriver, pDriverProperties)
[2026-10-07 15:28:28.467] [thread-id: 126892597071040] [trace] SUCCESS (ZE_RESULT_SUCCESS) in zeDriverGetProperties(hDriver=0x300f49c8, pDriverProperties={stype=0x7fff3881d960, uuid={id=227}, driverVersion=17013219})
<LEVEL_ZERO>[DEBUG]: Level Zero Driver version: 1.17.39395+14
[2026-10-07 15:28:28.467] [thread-id: 126892597071040] [trace] zeDriverGetExtensionFunctionAddress(hDriver, name, ppFunctionAddress)
[2026-10-07 15:28:28.467] [thread-id: 126892597071040] [trace] SUCCESS (ZE_RESULT_SUCCESS) in zeDriverGetExtensionFunctionAddress(hDriver=0x300f49c8, name="zexDriverImportExternalPointer", ppFunctionAddress=0x73687855fa40)
[2026-10-07 15:28:28.467] [thread-id: 126892597071040] [trace] zeDriverGetExtensionFunctionAddress(hDriver, name, ppFunctionAddress)
[2026-10-07 15:28:28.467] [thread-id: 126892597071040] [trace] SUCCESS (ZE_RESULT_SUCCESS) in zeDriverGetExtensionFunctionAddress(hDriver=0x300f49c8, name="zexDriverReleaseImportedPointer", ppFunctionAddress=0x736878567e30)
[2026-10-07 15:28:28.467] [thread-id: 126892597071040] [trace] zeDriverGetExtensionFunctionAddress(hDriver, name, ppFunctionAddress)
[2026-10-07 15:28:28.467] [thread-id: 126892597071040] [trace] SUCCESS (ZE_RESULT_SUCCESS) in zeDriverGetExtensionFunctionAddress(hDriver=0x300f49c8, name="zeImageGetDeviceOffsetExp", ppFunctionAddress=0x736878569190)
[2026-10-07 15:28:28.467] [thread-id: 126892597071040] [trace] zeDriverGetExtensionFunctionAddress(hDriver, name, ppFunctionAddress)
[2026-10-07 15:28:28.467] [thread-id: 126892597071040] [trace] SUCCESS (ZE_RESULT_SUCCESS) in zeDriverGetExtensionFunctionAddress(hDriver=0x300f49c8, name="zeMemGetPitchFor2dImage", ppFunctionAddress=0x73687856b550)
[2026-10-07 15:28:28.467] [thread-id: 126892597071040] [trace] zeDriverGetExtensionFunctionAddress(hDriver, name, ppFunctionAddress)
[2026-10-07 15:28:28.467] [thread-id: 126892597071040] [trace] SUCCESS (ZE_RESULT_SUCCESS) in zeDriverGetExtensionFunctionAddress(hDriver=0x300f49c8, name="zeGraphGetIdExt", ppFunctionAddress=0x736878559dd0)
[2026-10-07 15:28:28.467] [thread-id: 126892597071040] [trace] zeDriverGetExtensionFunctionAddress(hDriver, name, ppFunctionAddress)
[2026-10-07 15:28:28.467] [thread-id: 126892597071040] [trace] SUCCESS (ZE_RESULT_SUCCESS) in zeDriverGetExtensionFunctionAddress(hDriver=0x300f49c8, name="zeCommandListAppendHostFunction", ppFunctionAddress=0x73687853d140)
[2026-10-07 15:28:28.467] [thread-id: 126892597071040] [trace] zesDriverGet(pCount, phDrivers)
[2026-10-07 15:28:28.467] [thread-id: 126892597071040] [trace] SUCCESS (ZE_RESULT_SUCCESS) in zesDriverGet(pCount=1, phDrivers=nullptr)
[2026-10-07 15:28:28.468] [thread-id: 126892597071040] [trace] zesDriverGet(pCount, phDrivers)
[2026-10-07 15:28:28.468] [thread-id: 126892597071040] [trace] SUCCESS (ZE_RESULT_SUCCESS) in zesDriverGet(pCount=1, phDrivers=0x301095b0)
[2026-10-07 15:28:28.468] [thread-id: 126892597071040] [trace] zesDriverGetDeviceByUuidExp(hDriver, uuid, phDevice, onSubdevice, subdeviceId)
[2026-10-07 15:28:28.468] [thread-id: 126892597071040] [trace] SUCCESS (ZE_RESULT_SUCCESS) in zesDriverGetDeviceByUuidExp(hDriver=0x301051c8, uuid={id=134}, phDevice=0x2ff35058, onSubdevice=0, subdeviceId=0)
<LEVEL_ZERO>[DEBUG]: Initialized 1 platforms
   <--- urAdapterGet(.NumEntries = 0, .phAdapters = nullptr, .pNumAdapters = 0x7fff3881e378 (1)) -> UR_RESULT_SUCCESS;
   ---> urAdapterGet
   <--- urAdapterGet(.NumEntries = 1, .phAdapters = 0x30108690 {0x2ff0e700}, .pNumAdapters = nullptr) -> UR_RESULT_SUCCESS;
   ---> urAdapterGetInfo
   <--- urAdapterGetInfo(.hAdapter = 0x2ff0e700, .propName = UR_ADAPTER_INFO_BACKEND, .propSize = 4, .pPropValue = 0x7fff3881e36c (UR_BACKEND_LEVEL_ZERO), .pPropSizeRet = nullptr) -> UR_RESULT_SUCCESS;
   ---> urAdapterSetLoggerCallback
   <--- urAdapterSetLoggerCallback(.hAdapter = 0x2ff0e700, .pfnLoggerCallback = 0x73687f340420, .pUserData = nullptr, .level = UR_LOGGER_LEVEL_WARN) -> UR_RESULT_SUCCESS;
   ---> urPlatformGet
   <--- urPlatformGet(.hAdapter = 0x2ff0e700, .NumEntries = 0, .phPlatforms = nullptr, .pNumPlatforms = 0x7fff3881e2ac (1)) -> UR_RESULT_SUCCESS;
   ---> urPlatformGet
   <--- urPlatformGet(.hAdapter = 0x2ff0e700, .NumEntries = 1, .phPlatforms = 0x30108690 {0x30108810}, .pNumPlatforms = nullptr) -> UR_RESULT_SUCCESS;
   ---> urPlatformGetInfo
   <--- urPlatformGetInfo(.hPlatform = 0x30108810, .propName = UR_PLATFORM_INFO_BACKEND, .propSize = 4, .pPropValue = 0x7fff3881e2bc (UR_BACKEND_LEVEL_ZERO), .pPropSizeRet = nullptr) -> UR_RESULT_SUCCESS;
   ---> urDeviceGet
[2026-10-07 15:28:28.468] [thread-id: 126892597071040] [trace] zeDeviceGet(hDriver, pCount, phDevices)
[2026-10-07 15:28:28.468] [thread-id: 126892597071040] [trace] SUCCESS (ZE_RESULT_SUCCESS) in zeDeviceGet(hDriver=0x300f49c8, pCount=1, phDevices=nullptr)
[2026-10-07 15:28:28.468] [thread-id: 126892597071040] [trace] zeDeviceGet(hDriver, pCount, phDevices)
[2026-10-07 15:28:28.468] [thread-id: 126892597071040] [trace] SUCCESS (ZE_RESULT_SUCCESS) in zeDeviceGet(hDriver=0x300f49c8, pCount=1, phDevices=0x3010a000)
[2026-10-07 15:28:28.468] [thread-id: 126892597071040] [trace] zeDeviceGetProperties(hDevice, pDeviceProperties)
[2026-10-07 15:28:28.468] [thread-id: 126892597071040] [trace] SUCCESS (ZE_RESULT_SUCCESS) in zeDeviceGetProperties(hDevice=0x300f4f28, pDeviceProperties={stype=0x3010a0e8, type=0x3010a0f8, vendorId=32902, deviceId=57868, flags=8, subdeviceId=0, coreClockRate=2750, maxMemAllocSize=10132807680, maxHardwareContexts=65536, maxCommandQueuePriority=0, numThreadsPerEU=8, physicalEUSimdWidth=16, numEUsPerSubslice=8, numSubslicesPerSlice=4, numSlices=5, timerResolution=19200000, timestampValidBits=64, kernelTimestampValidBits=64, uuid={id=134}, name="Intel(R) Arc(TM) B570 Graphics"})
[2026-10-07 15:28:28.468] [thread-id: 126892597071040] [trace] zeDeviceGetProperties(hDevice, pDeviceProperties)
[2026-10-07 15:28:28.468] [thread-id: 126892597071040] [trace] SUCCESS (ZE_RESULT_SUCCESS) in zeDeviceGetProperties(hDevice=0x300f4f28, pDeviceProperties={stype=0x7fff3881d8b8, type=0x7fff3881d8c8, vendorId=32902, deviceId=57868, flags=8, subdeviceId=0, coreClockRate=2750, maxMemAllocSize=10132807680, maxHardwareContexts=65536, maxCommandQueuePriority=0, numThreadsPerEU=8, physicalEUSimdWidth=16, numEUsPerSubslice=8, numSubslicesPerSlice=4, numSlices=5, timerResolution=52, timestampValidBits=64, kernelTimestampValidBits=64, uuid={id=134}, name="Intel(R) Arc(TM) B570 Graphics"})
[2026-10-07 15:28:28.468] [thread-id: 126892597071040] [trace] zeDeviceGetCommandQueueGroupProperties(hDevice, pCount, pCommandQueueGroupProperties)
[2026-10-07 15:28:28.468] [thread-id: 126892597071040] [trace] SUCCESS (ZE_RESULT_SUCCESS) in zeDeviceGetCommandQueueGroupProperties(hDevice=0x300f4f28, pCount=2, pCommandQueueGroupProperties=nullptr)
<LEVEL_ZERO>[INFO]: Number of queue groups = 2
[2026-10-07 15:28:28.468] [thread-id: 126892597071040] [trace] zeDeviceGetCommandQueueGroupProperties(hDevice, pCount, pCommandQueueGroupProperties)
[2026-10-07 15:28:28.468] [thread-id: 126892597071040] [trace] SUCCESS (ZE_RESULT_SUCCESS) in zeDeviceGetCommandQueueGroupProperties(hDevice=0x300f4f28, pCount=2, pCommandQueueGroupProperties={stype=0x2ff0e610, flags=7, maxMemoryFillPatternSize=18446744073709551615, numQueues=1})
<LEVEL_ZERO>[INFO]: main blitter/copy engine is available
<LEVEL_ZERO>[INFO]: link blitter/copy engines are not available
[2026-10-07 15:28:28.468] [thread-id: 126892597071040] [trace] zeDeviceGetSubDevices(hDevice, pCount, phSubdevices)
[2026-10-07 15:28:28.468] [thread-id: 126892597071040] [trace] SUCCESS (ZE_RESULT_SUCCESS) in zeDeviceGetSubDevices(hDevice=0x300f4f28, pCount=0, phSubdevices=nullptr)
[2026-10-07 15:28:28.468] [thread-id: 126892597071040] [trace] zeDeviceGetSubDevices(hDevice, pCount, phSubdevices)
[2026-10-07 15:28:28.468] [thread-id: 126892597071040] [trace] SUCCESS (ZE_RESULT_SUCCESS) in zeDeviceGetSubDevices(hDevice=0x300f4f28, pCount=0, phSubdevices=0x3010a020)
[2026-10-07 15:28:28.468] [thread-id: 126892597071040] [trace] zeDeviceGetRootDevice(hDevice, phRootDevice)
[2026-10-07 15:28:28.468] [thread-id: 126892597071040] [trace] SUCCESS (ZE_RESULT_SUCCESS) in zeDeviceGetRootDevice(hDevice=0x300f4f28, phRootDevice=0x7fff3881dd10)
[2026-10-07 15:28:28.468] [thread-id: 126892597071040] [trace] zeDeviceSynchronize(hDevice)
[2026-10-07 15:28:28.468] [thread-id: 126892597071040] [trace] SUCCESS (ZE_RESULT_SUCCESS) in zeDeviceSynchronize(hDevice=0x300f4f28)
[2026-10-07 15:28:28.468] [thread-id: 126892597071040] [trace] zeDeviceGetRootDevice(hDevice, phRootDevice)
[2026-10-07 15:28:28.468] [thread-id: 126892597071040] [trace] SUCCESS (ZE_RESULT_SUCCESS) in zeDeviceGetRootDevice(hDevice=0x300f4f28, phRootDevice=0x7fff3881de00)
   <--- urDeviceGet(.hPlatform = 0x30108810, .DeviceType = UR_DEVICE_TYPE_ALL, .NumEntries = 0, .phDevices = nullptr, .pNumDevices = 0x7fff3881e22c (1)) -> UR_RESULT_SUCCESS;
   ---> urDeviceGet
[2026-10-07 15:28:28.468] [thread-id: 126892597071040] [trace] zeDeviceGetRootDevice(hDevice, phRootDevice)
[2026-10-07 15:28:28.468] [thread-id: 126892597071040] [trace] SUCCESS (ZE_RESULT_SUCCESS) in zeDeviceGetRootDevice(hDevice=0x300f4f28, phRootDevice=0x7fff3881de00)
   <--- urDeviceGet(.hPlatform = 0x30108810, .DeviceType = UR_DEVICE_TYPE_ALL, .NumEntries = 1, .phDevices = 0x3010a000 {0x3010a040}, .pNumDevices = nullptr) -> UR_RESULT_SUCCESS;
   ---> urPlatformGetInfo
   <--- urPlatformGetInfo(.hPlatform = 0x30108810, .propName = UR_PLATFORM_INFO_VERSION, .propSize = 0, .pPropValue = nullptr, .pPropSizeRet = 0x7fff3881de00 (5)) -> UR_RESULT_SUCCESS;
   ---> urPlatformGetInfo
   <--- urPlatformGetInfo(.hPlatform = 0x30108810, .propName = UR_PLATFORM_INFO_VERSION, .propSize = 5, .pPropValue = 0x7fff3881df68 (1.17), .pPropSizeRet = nullptr) -> UR_RESULT_SUCCESS;
   ---> urPlatformGetInfo
   <--- urPlatformGetInfo(.hPlatform = 0x30108810, .propName = UR_PLATFORM_INFO_NAME, .propSize = 0, .pPropValue = nullptr, .pPropSizeRet = 0x7fff3881de00 (51)) -> UR_RESULT_SUCCESS;
   ---> urPlatformGetInfo
   <--- urPlatformGetInfo(.hPlatform = 0x30108810, .propName = UR_PLATFORM_INFO_NAME, .propSize = 51, .pPropValue = 0x3010a710 (Intel(R) oneAPI Unified Runtime over Level-Zero V2), .pPropSizeRet = nullptr) -> UR_RESULT_SUCCESS;
   ---> urDeviceGetInfo
   <--- urDeviceGetInfo(.hDevice = 0x3010a040, .propName = UR_DEVICE_INFO_PARENT_DEVICE, .propSize = 8, .pPropValue = 0x7fff3881ddc0 (nullptr), .pPropSizeRet = nullptr) -> UR_RESULT_SUCCESS;
   ---> urDeviceGetInfo
   <--- urDeviceGetInfo(.hDevice = 0x3010a040, .propName = UR_DEVICE_INFO_TYPE, .propSize = 4, .pPropValue = 0x7fff3881dd60 (UR_DEVICE_TYPE_GPU), .pPropSizeRet = nullptr) -> UR_RESULT_SUCCESS;
   ---> urDeviceGetInfo
   <--- urDeviceGetInfo(.hDevice = 0x3010a040, .propName = UR_DEVICE_INFO_USE_NATIVE_ASSERT, .propSize = 1, .pPropValue = 0x7fff3881dd60 (true), .pPropSizeRet = nullptr) -> UR_RESULT_SUCCESS;
   ---> urDeviceGetInfo
[2026-10-07 15:28:28.469] [thread-id: 126892597071040] [trace] zeDeviceGetModuleProperties(hDevice, pModuleProperties)
[2026-10-07 15:28:28.469] [thread-id: 126892597071040] [trace] SUCCESS (ZE_RESULT_SUCCESS) in zeDeviceGetModuleProperties(hDevice=0x300f4f28, pModuleProperties={stype=0x3010a360, spirvVersionSupported=65541, flags=15, fp16flags=63, fp32flags=127, fp64flags=127, maxArgumentsSize=2048, printfBufferSize=4194304, nativeKernelSupported={id=0}})
[2026-10-07 15:28:28.469] [thread-id: 126892597071040] [trace] zeDeviceGetImageProperties(hDevice, pImageProperties)
[2026-10-07 15:28:28.469] [thread-id: 126892597071040] [trace] SUCCESS (ZE_RESULT_SUCCESS) in zeDeviceGetImageProperties(hDevice=0x300f4f28, pImageProperties={stype=0x3010a300, maxImageDims1D=16384, maxImageDims2D=16384, maxImageDims3D=2048, maxImageBufferSize=633300480, maxImageArraySlices=2048, maxSamplers=16, maxReadImageArgs=128, maxWriteImageArgs=128})
   <--- urDeviceGetInfo(.hDevice = 0x3010a040, .propName = UR_DEVICE_INFO_EXTENSIONS, .propSize = 0, .pPropValue = nullptr, .pPropSizeRet = 0x7fff3881dce8 (245)) -> UR_RESULT_SUCCESS;
   ---> urDeviceGetInfo
   <--- urDeviceGetInfo(.hDevice = 0x3010a040, .propName = UR_DEVICE_INFO_EXTENSIONS, .propSize = 245, .pPropValue = 0x2ffc4740 (cl_khr_il_program cl_khr_subgroups cl_intel_subgroups cl_intel_subgroups_short cl_intel_required_subgroup_size cl_khr_fp16 cl_khr_fp64 cl_khr_int64_base_atomics cl_khr_int64_extended_atomics cl_khr_3d_image_writes cl_intel_bfloat16_conversions ), .pPropSizeRet = nullptr) -> UR_RESULT_SUCCESS;
   ---> urDeviceRetain
   <--- urDeviceRetain(.hDevice = 0x3010a040) -> UR_RESULT_SUCCESS;
   ---> urDeviceGetInfo
   <--- urDeviceGetInfo(.hDevice = 0x3010a040, .propName = UR_DEVICE_INFO_TYPE, .propSize = 4, .pPropValue = 0x7fff3881dedc (UR_DEVICE_TYPE_GPU), .pPropSizeRet = nullptr) -> UR_RESULT_SUCCESS;
   ---> urDeviceGetInfo
   <--- urDeviceGetInfo(.hDevice = 0x3010a040, .propName = UR_DEVICE_INFO_VENDOR_ID, .propSize = 4, .pPropValue = 0x7fff3881df58 (32902), .pPropSizeRet = nullptr) -> UR_RESULT_SUCCESS;
   ---> urDeviceGetInfo
   <--- urDeviceGetInfo(.hDevice = 0x3010a040, .propName = UR_DEVICE_INFO_DRIVER_VERSION, .propSize = 0, .pPropValue = nullptr, .pPropSizeRet = 0x7fff3881de00 (14)) -> UR_RESULT_SUCCESS;
   ---> urDeviceGetInfo
   <--- urDeviceGetInfo(.hDevice = 0x3010a040, .propName = UR_DEVICE_INFO_DRIVER_VERSION, .propSize = 14, .pPropValue = 0x7fff3881df28 (1.17.39395+14), .pPropSizeRet = nullptr) -> UR_RESULT_SUCCESS;
   ---> urDeviceGetInfo
   <--- urDeviceGetInfo(.hDevice = 0x3010a040, .propName = UR_DEVICE_INFO_NAME, .propSize = 0, .pPropValue = nullptr, .pPropSizeRet = 0x7fff3881dd40 (31)) -> UR_RESULT_SUCCESS;
   ---> urDeviceGetInfo
   <--- urDeviceGetInfo(.hDevice = 0x3010a040, .propName = UR_DEVICE_INFO_NAME, .propSize = 31, .pPropValue = 0x30109fd0 (Intel(R) Arc(TM) B570 Graphics), .pPropSizeRet = nullptr) -> UR_RESULT_SUCCESS;
   ---> urPlatformGetInfo
   <--- urPlatformGetInfo(.hPlatform = 0x30108810, .propName = UR_PLATFORM_INFO_BACKEND, .propSize = 4, .pPropValue = 0x7fff3881e11c (UR_BACKEND_LEVEL_ZERO), .pPropSizeRet = nullptr) -> UR_RESULT_SUCCESS;
   ---> urDeviceGetInfo
   <--- urDeviceGetInfo(.hDevice = 0x3010a040, .propName = UR_DEVICE_INFO_TYPE, .propSize = 4, .pPropValue = 0x7fff3881e114 (UR_DEVICE_TYPE_GPU), .pPropSizeRet = nullptr) -> UR_RESULT_SUCCESS;
   ---> urDeviceRelease
   <--- urDeviceRelease(.hDevice = 0x3010a040) -> UR_RESULT_SUCCESS;
   ---> urDeviceGetInfo
   <--- urDeviceGetInfo(.hDevice = 0x3010a040, .propName = UR_DEVICE_INFO_SUPPORTED_PARTITIONS, .propSize = 0, .pPropValue = nullptr, .pPropSizeRet = 0x7fff3881e108 (0)) -> UR_RESULT_SUCCESS;
   ---> urDeviceGet
[2026-10-07 15:28:28.469] [thread-id: 126892597071040] [trace] zeDeviceGetRootDevice(hDevice, phRootDevice)
[2026-10-07 15:28:28.469] [thread-id: 126892597071040] [trace] SUCCESS (ZE_RESULT_SUCCESS) in zeDeviceGetRootDevice(hDevice=0x300f4f28, phRootDevice=0x7fff3881df10)
   <--- urDeviceGet(.hPlatform = 0x30108810, .DeviceType = UR_DEVICE_TYPE_ALL, .NumEntries = 0, .phDevices = nullptr, .pNumDevices = 0x7fff3881e33c (1)) -> UR_RESULT_SUCCESS;
   ---> urDeviceGet
[2026-10-07 15:28:28.469] [thread-id: 126892597071040] [trace] zeDeviceGetRootDevice(hDevice, phRootDevice)
[2026-10-07 15:28:28.469] [thread-id: 126892597071040] [trace] SUCCESS (ZE_RESULT_SUCCESS) in zeDeviceGetRootDevice(hDevice=0x300f4f28, phRootDevice=0x7fff3881df10)
   <--- urDeviceGet(.hPlatform = 0x30108810, .DeviceType = UR_DEVICE_TYPE_ALL, .NumEntries = 1, .phDevices = 0x301086b0 {0x3010a040}, .pNumDevices = nullptr) -> UR_RESULT_SUCCESS;
   ---> urPlatformGetInfo
   <--- urPlatformGetInfo(.hPlatform = 0x30108810, .propName = UR_PLATFORM_INFO_VERSION, .propSize = 0, .pPropValue = nullptr, .pPropSizeRet = 0x7fff3881df10 (5)) -> UR_RESULT_SUCCESS;
   ---> urPlatformGetInfo
   <--- urPlatformGetInfo(.hPlatform = 0x30108810, .propName = UR_PLATFORM_INFO_VERSION, .propSize = 5, .pPropValue = 0x7fff3881e078 (1.17), .pPropSizeRet = nullptr) -> UR_RESULT_SUCCESS;
   ---> urPlatformGetInfo
   <--- urPlatformGetInfo(.hPlatform = 0x30108810, .propName = UR_PLATFORM_INFO_NAME, .propSize = 0, .pPropValue = nullptr, .pPropSizeRet = 0x7fff3881df10 (51)) -> UR_RESULT_SUCCESS;
   ---> urPlatformGetInfo
   <--- urPlatformGetInfo(.hPlatform = 0x30108810, .propName = UR_PLATFORM_INFO_NAME, .propSize = 51, .pPropValue = 0x3010ac30 (Intel(R) oneAPI Unified Runtime over Level-Zero V2), .pPropSizeRet = nullptr) -> UR_RESULT_SUCCESS;
   ---> urDeviceGetInfo
   <--- urDeviceGetInfo(.hDevice = 0x3010a040, .propName = UR_DEVICE_INFO_TYPE, .propSize = 4, .pPropValue = 0x7fff3881dfec (UR_DEVICE_TYPE_GPU), .pPropSizeRet = nullptr) -> UR_RESULT_SUCCESS;
   ---> urDeviceGetInfo
   <--- urDeviceGetInfo(.hDevice = 0x3010a040, .propName = UR_DEVICE_INFO_VENDOR_ID, .propSize = 4, .pPropValue = 0x7fff3881e068 (32902), .pPropSizeRet = nullptr) -> UR_RESULT_SUCCESS;
   ---> urDeviceGetInfo
   <--- urDeviceGetInfo(.hDevice = 0x3010a040, .propName = UR_DEVICE_INFO_DRIVER_VERSION, .propSize = 0, .pPropValue = nullptr, .pPropSizeRet = 0x7fff3881df10 (14)) -> UR_RESULT_SUCCESS;
   ---> urDeviceGetInfo
   <--- urDeviceGetInfo(.hDevice = 0x3010a040, .propName = UR_DEVICE_INFO_DRIVER_VERSION, .propSize = 14, .pPropValue = 0x7fff3881e038 (1.17.39395+14), .pPropSizeRet = nullptr) -> UR_RESULT_SUCCESS;
   ---> urPlatformGetInfo
   <--- urPlatformGetInfo(.hPlatform = 0x30108810, .propName = UR_PLATFORM_INFO_BACKEND, .propSize = 4, .pPropValue = 0x7fff3881e22c (UR_BACKEND_LEVEL_ZERO), .pPropSizeRet = nullptr) -> UR_RESULT_SUCCESS;
   ---> urDeviceGetInfo
   <--- urDeviceGetInfo(.hDevice = 0x3010a040, .propName = UR_DEVICE_INFO_TYPE, .propSize = 4, .pPropValue = 0x7fff3881e224 (UR_DEVICE_TYPE_GPU), .pPropSizeRet = nullptr) -> UR_RESULT_SUCCESS;
   ---> urDeviceRelease
   <--- urDeviceRelease(.hDevice = 0x3010a040) -> UR_RESULT_SUCCESS;
   ---> urDeviceGetInfo
   <--- urDeviceGetInfo(.hDevice = 0x3010a040, .propName = UR_DEVICE_INFO_SUPPORTED_PARTITIONS, .propSize = 0, .pPropValue = nullptr, .pPropSizeRet = 0x7fff3881e218 (0)) -> UR_RESULT_SUCCESS;
   ---> urDeviceSelectBinary
   <--- urDeviceSelectBinary(.hDevice = 0x3010a040, .pBinaries = 0x7fff3881e260 ((struct ur_device_binary_t){.stype = UR_STRUCTURE_TYPE_CONTEXT_PROPERTIES, .pNext = nullptr, .pDeviceTargetSpec = 0x73687f0c13c0 (spir64)}), .NumBinaries = 1, .pSelectedBinary = 0x7fff3881e284 (0)) -> UR_RESULT_SUCCESS;
   ---> urDeviceGet
[2026-10-07 15:28:28.469] [thread-id: 126892597071040] [trace] zeDeviceGetRootDevice(hDevice, phRootDevice)
[2026-10-07 15:28:28.469] [thread-id: 126892597071040] [trace] SUCCESS (ZE_RESULT_SUCCESS) in zeDeviceGetRootDevice(hDevice=0x300f4f28, phRootDevice=0x7fff3881dea0)
   <--- urDeviceGet(.hPlatform = 0x30108810, .DeviceType = UR_DEVICE_TYPE_ALL, .NumEntries = 0, .phDevices = nullptr, .pNumDevices = 0x7fff3881e2cc (1)) -> UR_RESULT_SUCCESS;
   ---> urDeviceGet
[2026-10-07 15:28:28.470] [thread-id: 126892597071040] [trace] zeDeviceGetRootDevice(hDevice, phRootDevice)
[2026-10-07 15:28:28.470] [thread-id: 126892597071040] [trace] SUCCESS (ZE_RESULT_SUCCESS) in zeDeviceGetRootDevice(hDevice=0x300f4f28, phRootDevice=0x7fff3881dea0)
   <--- urDeviceGet(.hPlatform = 0x30108810, .DeviceType = UR_DEVICE_TYPE_ALL, .NumEntries = 1, .phDevices = 0x3010ad00 {0x3010a040}, .pNumDevices = nullptr) -> UR_RESULT_SUCCESS;
   ---> urPlatformGetInfo
   <--- urPlatformGetInfo(.hPlatform = 0x30108810, .propName = UR_PLATFORM_INFO_VERSION, .propSize = 0, .pPropValue = nullptr, .pPropSizeRet = 0x7fff3881dea0 (5)) -> UR_RESULT_SUCCESS;
   ---> urPlatformGetInfo
   <--- urPlatformGetInfo(.hPlatform = 0x30108810, .propName = UR_PLATFORM_INFO_VERSION, .propSize = 5, .pPropValue = 0x7fff3881e008 (1.17), .pPropSizeRet = nullptr) -> UR_RESULT_SUCCESS;
   ---> urPlatformGetInfo
   <--- urPlatformGetInfo(.hPlatform = 0x30108810, .propName = UR_PLATFORM_INFO_NAME, .propSize = 0, .pPropValue = nullptr, .pPropSizeRet = 0x7fff3881dea0 (51)) -> UR_RESULT_SUCCESS;
   ---> urPlatformGetInfo
   <--- urPlatformGetInfo(.hPlatform = 0x30108810, .propName = UR_PLATFORM_INFO_NAME, .propSize = 51, .pPropValue = 0x3010a710 (Intel(R) oneAPI Unified Runtime over Level-Zero V2), .pPropSizeRet = nullptr) -> UR_RESULT_SUCCESS;
   ---> urDeviceGetInfo
   <--- urDeviceGetInfo(.hDevice = 0x3010a040, .propName = UR_DEVICE_INFO_TYPE, .propSize = 4, .pPropValue = 0x7fff3881df7c (UR_DEVICE_TYPE_GPU), .pPropSizeRet = nullptr) -> UR_RESULT_SUCCESS;
   ---> urDeviceGetInfo
   <--- urDeviceGetInfo(.hDevice = 0x3010a040, .propName = UR_DEVICE_INFO_VENDOR_ID, .propSize = 4, .pPropValue = 0x7fff3881dff8 (32902), .pPropSizeRet = nullptr) -> UR_RESULT_SUCCESS;
   ---> urDeviceGetInfo
   <--- urDeviceGetInfo(.hDevice = 0x3010a040, .propName = UR_DEVICE_INFO_DRIVER_VERSION, .propSize = 0, .pPropValue = nullptr, .pPropSizeRet = 0x7fff3881dea0 (14)) -> UR_RESULT_SUCCESS;
   ---> urDeviceGetInfo
   <--- urDeviceGetInfo(.hDevice = 0x3010a040, .propName = UR_DEVICE_INFO_DRIVER_VERSION, .propSize = 14, .pPropValue = 0x7fff3881dfc8 (1.17.39395+14), .pPropSizeRet = nullptr) -> UR_RESULT_SUCCESS;
   ---> urPlatformGetInfo
   <--- urPlatformGetInfo(.hPlatform = 0x30108810, .propName = UR_PLATFORM_INFO_BACKEND, .propSize = 4, .pPropValue = 0x7fff3881e1bc (UR_BACKEND_LEVEL_ZERO), .pPropSizeRet = nullptr) -> UR_RESULT_SUCCESS;
   ---> urDeviceGetInfo
   <--- urDeviceGetInfo(.hDevice = 0x3010a040, .propName = UR_DEVICE_INFO_TYPE, .propSize = 4, .pPropValue = 0x7fff3881e1b4 (UR_DEVICE_TYPE_GPU), .pPropSizeRet = nullptr) -> UR_RESULT_SUCCESS;
   ---> urDeviceRelease
   <--- urDeviceRelease(.hDevice = 0x3010a040) -> UR_RESULT_SUCCESS;
   ---> urDeviceGetInfo
   <--- urDeviceGetInfo(.hDevice = 0x3010a040, .propName = UR_DEVICE_INFO_SUPPORTED_PARTITIONS, .propSize = 0, .pPropValue = nullptr, .pPropSizeRet = 0x7fff3881e1a8 (0)) -> UR_RESULT_SUCCESS;
   ---> urDeviceGet
[2026-10-07 15:28:28.470] [thread-id: 126892597071040] [trace] zeDeviceGetRootDevice(hDevice, phRootDevice)
[2026-10-07 15:28:28.470] [thread-id: 126892597071040] [trace] SUCCESS (ZE_RESULT_SUCCESS) in zeDeviceGetRootDevice(hDevice=0x300f4f28, phRootDevice=0x7fff3881dfb0)
   <--- urDeviceGet(.hPlatform = 0x30108810, .DeviceType = UR_DEVICE_TYPE_GPU, .NumEntries = 0, .phDevices = nullptr, .pNumDevices = 0x7fff3881e3dc (1)) -> UR_RESULT_SUCCESS;
   ---> urDeviceGet
[2026-10-07 15:28:28.470] [thread-id: 126892597071040] [trace] zeDeviceGetRootDevice(hDevice, phRootDevice)
[2026-10-07 15:28:28.470] [thread-id: 126892597071040] [trace] SUCCESS (ZE_RESULT_SUCCESS) in zeDeviceGetRootDevice(hDevice=0x300f4f28, phRootDevice=0x7fff3881dfb0)
   <--- urDeviceGet(.hPlatform = 0x30108810, .DeviceType = UR_DEVICE_TYPE_GPU, .NumEntries = 1, .phDevices = 0x3010ad20 {0x3010a040}, .pNumDevices = nullptr) -> UR_RESULT_SUCCESS;
   ---> urPlatformGetInfo
   <--- urPlatformGetInfo(.hPlatform = 0x30108810, .propName = UR_PLATFORM_INFO_VERSION, .propSize = 0, .pPropValue = nullptr, .pPropSizeRet = 0x7fff3881dfb0 (5)) -> UR_RESULT_SUCCESS;
   ---> urPlatformGetInfo
   <--- urPlatformGetInfo(.hPlatform = 0x30108810, .propName = UR_PLATFORM_INFO_VERSION, .propSize = 5, .pPropValue = 0x7fff3881e118 (1.17), .pPropSizeRet = nullptr) -> UR_RESULT_SUCCESS;
   ---> urPlatformGetInfo
   <--- urPlatformGetInfo(.hPlatform = 0x30108810, .propName = UR_PLATFORM_INFO_NAME, .propSize = 0, .pPropValue = nullptr, .pPropSizeRet = 0x7fff3881dfb0 (51)) -> UR_RESULT_SUCCESS;
   ---> urPlatformGetInfo
   <--- urPlatformGetInfo(.hPlatform = 0x30108810, .propName = UR_PLATFORM_INFO_NAME, .propSize = 51, .pPropValue = 0x3010ac30 (Intel(R) oneAPI Unified Runtime over Level-Zero V2), .pPropSizeRet = nullptr) -> UR_RESULT_SUCCESS;
   ---> urDeviceGetInfo
   <--- urDeviceGetInfo(.hDevice = 0x3010a040, .propName = UR_DEVICE_INFO_TYPE, .propSize = 4, .pPropValue = 0x7fff3881e08c (UR_DEVICE_TYPE_GPU), .pPropSizeRet = nullptr) -> UR_RESULT_SUCCESS;
   ---> urDeviceGetInfo
   <--- urDeviceGetInfo(.hDevice = 0x3010a040, .propName = UR_DEVICE_INFO_VENDOR_ID, .propSize = 4, .pPropValue = 0x7fff3881e108 (32902), .pPropSizeRet = nullptr) -> UR_RESULT_SUCCESS;
   ---> urDeviceGetInfo
   <--- urDeviceGetInfo(.hDevice = 0x3010a040, .propName = UR_DEVICE_INFO_DRIVER_VERSION, .propSize = 0, .pPropValue = nullptr, .pPropSizeRet = 0x7fff3881dfb0 (14)) -> UR_RESULT_SUCCESS;
   ---> urDeviceGetInfo
   <--- urDeviceGetInfo(.hDevice = 0x3010a040, .propName = UR_DEVICE_INFO_DRIVER_VERSION, .propSize = 14, .pPropValue = 0x7fff3881e0d8 (1.17.39395+14), .pPropSizeRet = nullptr) -> UR_RESULT_SUCCESS;
   ---> urPlatformGetInfo
   <--- urPlatformGetInfo(.hPlatform = 0x30108810, .propName = UR_PLATFORM_INFO_BACKEND, .propSize = 4, .pPropValue = 0x7fff3881e2cc (UR_BACKEND_LEVEL_ZERO), .pPropSizeRet = nullptr) -> UR_RESULT_SUCCESS;
   ---> urDeviceGetInfo
   <--- urDeviceGetInfo(.hDevice = 0x3010a040, .propName = UR_DEVICE_INFO_TYPE, .propSize = 4, .pPropValue = 0x7fff3881e2c4 (UR_DEVICE_TYPE_GPU), .pPropSizeRet = nullptr) -> UR_RESULT_SUCCESS;
   ---> urDeviceRelease
   <--- urDeviceRelease(.hDevice = 0x3010a040) -> UR_RESULT_SUCCESS;
   ---> urDeviceGetInfo
   <--- urDeviceGetInfo(.hDevice = 0x3010a040, .propName = UR_DEVICE_INFO_SUPPORTED_PARTITIONS, .propSize = 0, .pPropValue = nullptr, .pPropSizeRet = 0x7fff3881e2b8 (0)) -> UR_RESULT_SUCCESS;
   ---> urDeviceGetInfo
[2026-10-07 15:28:28.471] [thread-id: 126892597071040] [trace] zeDevicePciGetPropertiesExt(hDevice, pPciProperties)
[2026-10-07 15:28:28.471] [thread-id: 126892597071040] [trace] SUCCESS (ZE_RESULT_SUCCESS) in zeDevicePciGetPropertiesExt(hDevice=0x300f4f28, pPciProperties={stype=0x7fff3881df80, address={domain=0, bus=5, device=0, function=0}, maxSpeed={genVersion=4, width=8, maxBandwidth=15753846153}})
   <--- urDeviceGetInfo(.hDevice = 0x3010a040, .propName = UR_DEVICE_INFO_PCI_ADDRESS, .propSize = 0, .pPropValue = nullptr, .pPropSizeRet = 0x7fff3881e3f8 (13)) -> UR_RESULT_SUCCESS;
   ---> urDeviceGetInfo
[2026-10-07 15:28:28.471] [thread-id: 126892597071040] [trace] zeDevicePciGetPropertiesExt(hDevice, pPciProperties)
[2026-10-07 15:28:28.471] [thread-id: 126892597071040] [trace] SUCCESS (ZE_RESULT_SUCCESS) in zeDevicePciGetPropertiesExt(hDevice=0x300f4f28, pPciProperties={stype=0x7fff3881e090, address={domain=0, bus=5, device=0, function=0}, maxSpeed={genVersion=4, width=8, maxBandwidth=15753846153}})
   <--- urDeviceGetInfo(.hDevice = 0x3010a040, .propName = UR_DEVICE_INFO_PCI_ADDRESS, .propSize = 0, .pPropValue = nullptr, .pPropSizeRet = 0x7fff3881e500 (13)) -> UR_RESULT_SUCCESS;
   ---> urDeviceGetInfo
[2026-10-07 15:28:28.471] [thread-id: 126892597071040] [trace] zeDevicePciGetPropertiesExt(hDevice, pPciProperties)
[2026-10-07 15:28:28.471] [thread-id: 126892597071040] [trace] SUCCESS (ZE_RESULT_SUCCESS) in zeDevicePciGetPropertiesExt(hDevice=0x300f4f28, pPciProperties={stype=0x7fff3881e090, address={domain=0, bus=5, device=0, function=0}, maxSpeed={genVersion=4, width=8, maxBandwidth=15753846153}})
   <--- urDeviceGetInfo(.hDevice = 0x3010a040, .propName = UR_DEVICE_INFO_PCI_ADDRESS, .propSize = 13, .pPropValue = 0x7fff3881e550 (0000:05:00.0), .pPropSizeRet = nullptr) -> UR_RESULT_SUCCESS;
   ---> urDeviceGet
[2026-10-07 15:28:28.471] [thread-id: 126892597071040] [trace] zeDeviceGetRootDevice(hDevice, phRootDevice)
[2026-10-07 15:28:28.471] [thread-id: 126892597071040] [trace] SUCCESS (ZE_RESULT_SUCCESS) in zeDeviceGetRootDevice(hDevice=0x300f4f28, phRootDevice=0x7fff3881deb0)
   <--- urDeviceGet(.hPlatform = 0x30108810, .DeviceType = UR_DEVICE_TYPE_ALL, .NumEntries = 0, .phDevices = nullptr, .pNumDevices = 0x7fff3881e2dc (1)) -> UR_RESULT_SUCCESS;
   ---> urDeviceGet
[2026-10-07 15:28:28.471] [thread-id: 126892597071040] [trace] zeDeviceGetRootDevice(hDevice, phRootDevice)
[2026-10-07 15:28:28.471] [thread-id: 126892597071040] [trace] SUCCESS (ZE_RESULT_SUCCESS) in zeDeviceGetRootDevice(hDevice=0x300f4f28, phRootDevice=0x7fff3881deb0)
   <--- urDeviceGet(.hPlatform = 0x30108810, .DeviceType = UR_DEVICE_TYPE_ALL, .NumEntries = 1, .phDevices = 0x3010ad40 {0x3010a040}, .pNumDevices = nullptr) -> UR_RESULT_SUCCESS;
   ---> urPlatformGetInfo
   <--- urPlatformGetInfo(.hPlatform = 0x30108810, .propName = UR_PLATFORM_INFO_VERSION, .propSize = 0, .pPropValue = nullptr, .pPropSizeRet = 0x7fff3881deb0 (5)) -> UR_RESULT_SUCCESS;
   ---> urPlatformGetInfo
   <--- urPlatformGetInfo(.hPlatform = 0x30108810, .propName = UR_PLATFORM_INFO_VERSION, .propSize = 5, .pPropValue = 0x7fff3881e018 (1.17), .pPropSizeRet = nullptr) -> UR_RESULT_SUCCESS;
   ---> urPlatformGetInfo
   <--- urPlatformGetInfo(.hPlatform = 0x30108810, .propName = UR_PLATFORM_INFO_NAME, .propSize = 0, .pPropValue = nullptr, .pPropSizeRet = 0x7fff3881deb0 (51)) -> UR_RESULT_SUCCESS;
   ---> urPlatformGetInfo
   <--- urPlatformGetInfo(.hPlatform = 0x30108810, .propName = UR_PLATFORM_INFO_NAME, .propSize = 51, .pPropValue = 0x3010ac30 (Intel(R) oneAPI Unified Runtime over Level-Zero V2), .pPropSizeRet = nullptr) -> UR_RESULT_SUCCESS;
   ---> urDeviceGetInfo
   <--- urDeviceGetInfo(.hDevice = 0x3010a040, .propName = UR_DEVICE_INFO_TYPE, .propSize = 4, .pPropValue = 0x7fff3881df8c (UR_DEVICE_TYPE_GPU), .pPropSizeRet = nullptr) -> UR_RESULT_SUCCESS;
   ---> urDeviceGetInfo
   <--- urDeviceGetInfo(.hDevice = 0x3010a040, .propName = UR_DEVICE_INFO_VENDOR_ID, .propSize = 4, .pPropValue = 0x7fff3881e008 (32902), .pPropSizeRet = nullptr) -> UR_RESULT_SUCCESS;
   ---> urDeviceGetInfo
   <--- urDeviceGetInfo(.hDevice = 0x3010a040, .propName = UR_DEVICE_INFO_DRIVER_VERSION, .propSize = 0, .pPropValue = nullptr, .pPropSizeRet = 0x7fff3881deb0 (14)) -> UR_RESULT_SUCCESS;
   ---> urDeviceGetInfo
   <--- urDeviceGetInfo(.hDevice = 0x3010a040, .propName = UR_DEVICE_INFO_DRIVER_VERSION, .propSize = 14, .pPropValue = 0x7fff3881dfd8 (1.17.39395+14), .pPropSizeRet = nullptr) -> UR_RESULT_SUCCESS;
   ---> urPlatformGetInfo
   <--- urPlatformGetInfo(.hPlatform = 0x30108810, .propName = UR_PLATFORM_INFO_BACKEND, .propSize = 4, .pPropValue = 0x7fff3881e1cc (UR_BACKEND_LEVEL_ZERO), .pPropSizeRet = nullptr) -> UR_RESULT_SUCCESS;
   ---> urDeviceGetInfo
   <--- urDeviceGetInfo(.hDevice = 0x3010a040, .propName = UR_DEVICE_INFO_TYPE, .propSize = 4, .pPropValue = 0x7fff3881e1c4 (UR_DEVICE_TYPE_GPU), .pPropSizeRet = nullptr) -> UR_RESULT_SUCCESS;
   ---> urDeviceRelease
   <--- urDeviceRelease(.hDevice = 0x3010a040) -> UR_RESULT_SUCCESS;
   ---> urDeviceGetInfo
   <--- urDeviceGetInfo(.hDevice = 0x3010a040, .propName = UR_DEVICE_INFO_SUPPORTED_PARTITIONS, .propSize = 0, .pPropValue = nullptr, .pPropSizeRet = 0x7fff3881e1b8 (0)) -> UR_RESULT_SUCCESS;
   ---> urDeviceGetInfo
[2026-10-07 15:28:28.471] [thread-id: 126892597071040] [trace] zeDeviceGetSubDevices(hDevice, pCount, phSubdevices)
[2026-10-07 15:28:28.471] [thread-id: 126892597071040] [trace] SUCCESS (ZE_RESULT_SUCCESS) in zeDeviceGetSubDevices(hDevice=0x300f4f28, pCount=0, phSubdevices=nullptr)
   <--- urDeviceGetInfo(.hDevice = 0x3010a040, .propName = UR_DEVICE_INFO_COMPONENT_DEVICES, .propSize = 0, .pPropValue = nullptr, .pPropSizeRet = 0x7fff3881dfd0 (0)) -> UR_RESULT_SUCCESS;
   ---> urContextCreate
[2026-10-07 15:28:28.471] [thread-id: 126892597071040] [trace] zeContextCreate(hDriver, desc, phContext)
[2026-10-07 15:28:28.471] [thread-id: 126892597071040] [trace] SUCCESS (ZE_RESULT_SUCCESS) in zeContextCreate(hDriver=0x300f49c8, desc={stype=0x7fff3881df00, flags=0}, phContext=0x3010b738)
[2026-10-07 15:28:28.471] [thread-id: 126892597071040] [trace] zeMemAllocHost(hContext, host_desc, size, alignment, pptr)
[2026-10-07 15:28:28.472] [thread-id: 126892597071040] [trace] SUCCESS (ZE_RESULT_SUCCESS) in zeMemAllocHost(hContext=0x3010b738, host_desc={stype=0x7fff3881d980, flags=0}, size=1, alignment=0, pptr=0x736869bffe00)
[2026-10-07 15:28:28.472] [thread-id: 126892597071040] [trace] zeMemGetAllocProperties(hContext, ptr, pMemAllocProperties, phDevice)
[2026-10-07 15:28:28.472] [thread-id: 126892597071040] [trace] SUCCESS (ZE_RESULT_SUCCESS) in zeMemGetAllocProperties(hContext=0x3010b738, ptr=0x736869bffe00, pMemAllocProperties={stype=0x7fff3881d980, type=0x7fff3881d990, id=1, pageSize=2097152}, phDevice=nullptr)
[2026-10-07 15:28:28.472] [thread-id: 126892597071040] [trace] zeMemFreeExt(hContext, pMemFreeDesc, ptr)
[2026-10-07 15:28:28.472] [thread-id: 126892597071040] [trace] SUCCESS (ZE_RESULT_SUCCESS) in zeMemFreeExt(hContext=0x3010b738, pMemFreeDesc={stype=0x7fff3881d960, freePolicy=1}, ptr=0x736869bffe00)
[2026-10-07 15:28:28.472] [thread-id: 126892597071040] [trace] zeDeviceGetProperties(hDevice, pDeviceProperties)
[2026-10-07 15:28:28.472] [thread-id: 126892597071040] [trace] SUCCESS (ZE_RESULT_SUCCESS) in zeDeviceGetProperties(hDevice=0x300f4f28, pDeviceProperties={stype=0x736869ff6068, type=0x736869ff6078, vendorId=32902, deviceId=57868, flags=8, subdeviceId=0, coreClockRate=2750, maxMemAllocSize=10132807680, maxHardwareContexts=65536, maxCommandQueuePriority=0, numThreadsPerEU=8, physicalEUSimdWidth=16, numEUsPerSubslice=8, numSubslicesPerSlice=4, numSlices=5, timerResolution=52, timestampValidBits=64, kernelTimestampValidBits=64, uuid={id=134}, name="Intel(R) Arc(TM) B570 Graphics"})
[2026-10-07 15:28:28.472] [thread-id: 126892597071040] [trace] zeMemAllocDevice(hContext, device_desc, size, alignment, hDevice, pptr)
[2026-10-07 15:28:28.472] [thread-id: 126892597071040] [trace] SUCCESS (ZE_RESULT_SUCCESS) in zeMemAllocDevice(hContext=0x3010b738, device_desc={stype=0x7fff3881d940, flags=0, ordinal=0}, size=1, alignment=0, hDevice=0x300f4f28, pptr=0xffffffffff9ffe00)
[2026-10-07 15:28:28.472] [thread-id: 126892597071040] [trace] zeContextMakeMemoryResident(hContext, hDevice, ptr, size)
[2026-10-07 15:28:28.472] [thread-id: 126892597071040] [trace] SUCCESS (ZE_RESULT_SUCCESS) in zeContextMakeMemoryResident(hContext=0x3010b738, hDevice=0x300f4f28, ptr=0xffffffffff9ffe00, size=1)
[2026-10-07 15:28:28.472] [thread-id: 126892597071040] [trace] zeMemGetAllocProperties(hContext, ptr, pMemAllocProperties, phDevice)
[2026-10-07 15:28:28.473] [thread-id: 126892597071040] [trace] SUCCESS (ZE_RESULT_SUCCESS) in zeMemGetAllocProperties(hContext=0x3010b738, ptr=0xffffffffff9ffe00, pMemAllocProperties={stype=0x7fff3881d980, type=0x7fff3881d990, id=3, pageSize=65536}, phDevice=nullptr)
[2026-10-07 15:28:28.473] [thread-id: 126892597071040] [trace] zeMemFreeExt(hContext, pMemFreeDesc, ptr)
[2026-10-07 15:28:28.473] [thread-id: 126892597071040] [trace] SUCCESS (ZE_RESULT_SUCCESS) in zeMemFreeExt(hContext=0x3010b738, pMemFreeDesc={stype=0x7fff3881d960, freePolicy=1}, ptr=0xffffffffff9ffe00)
[2026-10-07 15:28:28.473] [thread-id: 126892597071040] [trace] zeDeviceGetProperties(hDevice, pDeviceProperties)
[2026-10-07 15:28:28.473] [thread-id: 126892597071040] [trace] SUCCESS (ZE_RESULT_SUCCESS) in zeDeviceGetProperties(hDevice=0x300f4f28, pDeviceProperties={stype=0x736869fee068, type=0x736869fee078, vendorId=32902, deviceId=57868, flags=8, subdeviceId=0, coreClockRate=2750, maxMemAllocSize=10132807680, maxHardwareContexts=65536, maxCommandQueuePriority=0, numThreadsPerEU=8, physicalEUSimdWidth=16, numEUsPerSubslice=8, numSubslicesPerSlice=4, numSlices=5, timerResolution=52, timestampValidBits=64, kernelTimestampValidBits=64, uuid={id=134}, name="Intel(R) Arc(TM) B570 Graphics"})
[2026-10-07 15:28:28.473] [thread-id: 126892597071040] [trace] zeMemAllocShared(hContext, device_desc, host_desc, size, alignment, hDevice, pptr)
[2026-10-07 15:28:28.473] [thread-id: 126892597071040] [trace] SUCCESS (ZE_RESULT_SUCCESS) in zeMemAllocShared(hContext=0x3010b738, device_desc={stype=0x7fff3881d980, flags=0, ordinal=0}, host_desc={stype=0x7fff3881d960, flags=0}, size=1, alignment=0, hDevice=0x300f4f28, pptr=0x736869c70000)
[2026-10-07 15:28:28.473] [thread-id: 126892597071040] [trace] zeMemGetAllocProperties(hContext, ptr, pMemAllocProperties, phDevice)
[2026-10-07 15:28:28.473] [thread-id: 126892597071040] [trace] SUCCESS (ZE_RESULT_SUCCESS) in zeMemGetAllocProperties(hContext=0x3010b738, ptr=0x736869c70000, pMemAllocProperties={stype=0x7fff3881d980, type=0x7fff3881d990, id=5, pageSize=65536}, phDevice=nullptr)
[2026-10-07 15:28:28.473] [thread-id: 126892597071040] [trace] zeMemFreeExt(hContext, pMemFreeDesc, ptr)
[2026-10-07 15:28:28.474] [thread-id: 126892597071040] [trace] SUCCESS (ZE_RESULT_SUCCESS) in zeMemFreeExt(hContext=0x3010b738, pMemFreeDesc={stype=0x7fff3881d960, freePolicy=1}, ptr=0x736869c70000)
[2026-10-07 15:28:28.474] [thread-id: 126892597071040] [trace] zeDeviceGetProperties(hDevice, pDeviceProperties)
[2026-10-07 15:28:28.474] [thread-id: 126892597071040] [trace] SUCCESS (ZE_RESULT_SUCCESS) in zeDeviceGetProperties(hDevice=0x300f4f28, pDeviceProperties={stype=0x736869c80068, type=0x736869c80078, vendorId=32902, deviceId=57868, flags=8, subdeviceId=0, coreClockRate=2750, maxMemAllocSize=10132807680, maxHardwareContexts=65536, maxCommandQueuePriority=0, numThreadsPerEU=8, physicalEUSimdWidth=16, numEUsPerSubslice=8, numSubslicesPerSlice=4, numSlices=5, timerResolution=52, timestampValidBits=64, kernelTimestampValidBits=64, uuid={id=134}, name="Intel(R) Arc(TM) B570 Graphics"})
[2026-10-07 15:28:28.474] [thread-id: 126892597071040] [trace] zeMemAllocShared(hContext, device_desc, host_desc, size, alignment, hDevice, pptr)
[2026-10-07 15:28:28.474] [thread-id: 126892597071040] [trace] SUCCESS (ZE_RESULT_SUCCESS) in zeMemAllocShared(hContext=0x3010b738, device_desc={stype=0x7fff3881d980, flags=0, ordinal=0}, host_desc={stype=0x7fff3881d960, flags=0}, size=1, alignment=0, hDevice=0x300f4f28, pptr=0x736869c60000)
[2026-10-07 15:28:28.474] [thread-id: 126892597071040] [trace] zeMemGetAllocProperties(hContext, ptr, pMemAllocProperties, phDevice)
[2026-10-07 15:28:28.474] [thread-id: 126892597071040] [trace] SUCCESS (ZE_RESULT_SUCCESS) in zeMemGetAllocProperties(hContext=0x3010b738, ptr=0x736869c60000, pMemAllocProperties={stype=0x7fff3881d980, type=0x7fff3881d990, id=6, pageSize=65536}, phDevice=nullptr)
[2026-10-07 15:28:28.474] [thread-id: 126892597071040] [trace] zeMemFreeExt(hContext, pMemFreeDesc, ptr)
[2026-10-07 15:28:28.475] [thread-id: 126892597071040] [trace] SUCCESS (ZE_RESULT_SUCCESS) in zeMemFreeExt(hContext=0x3010b738, pMemFreeDesc={stype=0x7fff3881d960, freePolicy=1}, ptr=0x736869c60000)
[2026-10-07 15:28:28.475] [thread-id: 126892597071040] [trace] zeMemAllocHost(hContext, host_desc, size, alignment, pptr)
[2026-10-07 15:28:28.475] [thread-id: 126892597071040] [trace] SUCCESS (ZE_RESULT_SUCCESS) in zeMemAllocHost(hContext=0x3010b738, host_desc={stype=0x7fff3881d980, flags=0}, size=1, alignment=0, pptr=0x736869bffe00)
[2026-10-07 15:28:28.475] [thread-id: 126892597071040] [trace] zeMemGetAllocProperties(hContext, ptr, pMemAllocProperties, phDevice)
[2026-10-07 15:28:28.475] [thread-id: 126892597071040] [trace] SUCCESS (ZE_RESULT_SUCCESS) in zeMemGetAllocProperties(hContext=0x3010b738, ptr=0x736869bffe00, pMemAllocProperties={stype=0x7fff3881d980, type=0x7fff3881d990, id=1, pageSize=2097152}, phDevice=nullptr)
[2026-10-07 15:28:28.475] [thread-id: 126892597071040] [trace] zeMemFreeExt(hContext, pMemFreeDesc, ptr)
[2026-10-07 15:28:28.475] [thread-id: 126892597071040] [trace] SUCCESS (ZE_RESULT_SUCCESS) in zeMemFreeExt(hContext=0x3010b738, pMemFreeDesc={stype=0x7fff3881d960, freePolicy=1}, ptr=0x736869bffe00)
[2026-10-07 15:28:28.475] [thread-id: 126892597071040] [trace] zeDeviceGetProperties(hDevice, pDeviceProperties)
[2026-10-07 15:28:28.475] [thread-id: 126892597071040] [trace] SUCCESS (ZE_RESULT_SUCCESS) in zeDeviceGetProperties(hDevice=0x300f4f28, pDeviceProperties={stype=0x736869c78068, type=0x736869c78078, vendorId=32902, deviceId=57868, flags=8, subdeviceId=0, coreClockRate=2750, maxMemAllocSize=10132807680, maxHardwareContexts=65536, maxCommandQueuePriority=0, numThreadsPerEU=8, physicalEUSimdWidth=16, numEUsPerSubslice=8, numSubslicesPerSlice=4, numSlices=5, timerResolution=52, timestampValidBits=64, kernelTimestampValidBits=64, uuid={id=134}, name="Intel(R) Arc(TM) B570 Graphics"})
[2026-10-07 15:28:28.475] [thread-id: 126892597071040] [trace] zeMemAllocDevice(hContext, device_desc, size, alignment, hDevice, pptr)
[2026-10-07 15:28:28.475] [thread-id: 126892597071040] [trace] SUCCESS (ZE_RESULT_SUCCESS) in zeMemAllocDevice(hContext=0x3010b738, device_desc={stype=0x7fff3881d940, flags=0, ordinal=0}, size=1, alignment=0, hDevice=0x300f4f28, pptr=0xffffffffff9ffe00)
[2026-10-07 15:28:28.475] [thread-id: 126892597071040] [trace] zeContextMakeMemoryResident(hContext, hDevice, ptr, size)
[2026-10-07 15:28:28.475] [thread-id: 126892597071040] [trace] SUCCESS (ZE_RESULT_SUCCESS) in zeContextMakeMemoryResident(hContext=0x3010b738, hDevice=0x300f4f28, ptr=0xffffffffff9ffe00, size=1)
[2026-10-07 15:28:28.475] [thread-id: 126892597071040] [trace] zeMemGetAllocProperties(hContext, ptr, pMemAllocProperties, phDevice)
[2026-10-07 15:28:28.475] [thread-id: 126892597071040] [trace] SUCCESS (ZE_RESULT_SUCCESS) in zeMemGetAllocProperties(hContext=0x3010b738, ptr=0xffffffffff9ffe00, pMemAllocProperties={stype=0x7fff3881d980, type=0x7fff3881d990, id=3, pageSize=65536}, phDevice=nullptr)
[2026-10-07 15:28:28.475] [thread-id: 126892597071040] [trace] zeMemFreeExt(hContext, pMemFreeDesc, ptr)
[2026-10-07 15:28:28.476] [thread-id: 126892597071040] [trace] SUCCESS (ZE_RESULT_SUCCESS) in zeMemFreeExt(hContext=0x3010b738, pMemFreeDesc={stype=0x7fff3881d960, freePolicy=1}, ptr=0xffffffffff9ffe00)
[2026-10-07 15:28:28.476] [thread-id: 126892597071040] [trace] zeDeviceGetProperties(hDevice, pDeviceProperties)
[2026-10-07 15:28:28.476] [thread-id: 126892597071040] [trace] SUCCESS (ZE_RESULT_SUCCESS) in zeDeviceGetProperties(hDevice=0x300f4f28, pDeviceProperties={stype=0x736869c6b068, type=0x736869c6b078, vendorId=32902, deviceId=57868, flags=8, subdeviceId=0, coreClockRate=2750, maxMemAllocSize=10132807680, maxHardwareContexts=65536, maxCommandQueuePriority=0, numThreadsPerEU=8, physicalEUSimdWidth=16, numEUsPerSubslice=8, numSubslicesPerSlice=4, numSlices=5, timerResolution=52, timestampValidBits=64, kernelTimestampValidBits=64, uuid={id=134}, name="Intel(R) Arc(TM) B570 Graphics"})
[2026-10-07 15:28:28.476] [thread-id: 126892597071040] [trace] zeMemAllocShared(hContext, device_desc, host_desc, size, alignment, hDevice, pptr)
[2026-10-07 15:28:28.476] [thread-id: 126892597071040] [trace] SUCCESS (ZE_RESULT_SUCCESS) in zeMemAllocShared(hContext=0x3010b738, device_desc={stype=0x7fff3881d980, flags=0, ordinal=0}, host_desc={stype=0x7fff3881d960, flags=0}, size=1, alignment=0, hDevice=0x300f4f28, pptr=0x736869c50000)
[2026-10-07 15:28:28.476] [thread-id: 126892597071040] [trace] zeMemGetAllocProperties(hContext, ptr, pMemAllocProperties, phDevice)
[2026-10-07 15:28:28.476] [thread-id: 126892597071040] [trace] SUCCESS (ZE_RESULT_SUCCESS) in zeMemGetAllocProperties(hContext=0x3010b738, ptr=0x736869c50000, pMemAllocProperties={stype=0x7fff3881d980, type=0x7fff3881d990, id=9, pageSize=65536}, phDevice=nullptr)
[2026-10-07 15:28:28.476] [thread-id: 126892597071040] [trace] zeMemFreeExt(hContext, pMemFreeDesc, ptr)
[2026-10-07 15:28:28.476] [thread-id: 126892597071040] [trace] SUCCESS (ZE_RESULT_SUCCESS) in zeMemFreeExt(hContext=0x3010b738, pMemFreeDesc={stype=0x7fff3881d960, freePolicy=1}, ptr=0x736869c50000)
[2026-10-07 15:28:28.476] [thread-id: 126892597071040] [trace] zeDeviceGetProperties(hDevice, pDeviceProperties)
[2026-10-07 15:28:28.476] [thread-id: 126892597071040] [trace] SUCCESS (ZE_RESULT_SUCCESS) in zeDeviceGetProperties(hDevice=0x300f4f28, pDeviceProperties={stype=0x736869c67068, type=0x736869c67078, vendorId=32902, deviceId=57868, flags=8, subdeviceId=0, coreClockRate=2750, maxMemAllocSize=10132807680, maxHardwareContexts=65536, maxCommandQueuePriority=0, numThreadsPerEU=8, physicalEUSimdWidth=16, numEUsPerSubslice=8, numSubslicesPerSlice=4, numSlices=5, timerResolution=52, timestampValidBits=64, kernelTimestampValidBits=64, uuid={id=134}, name="Intel(R) Arc(TM) B570 Graphics"})
[2026-10-07 15:28:28.476] [thread-id: 126892597071040] [trace] zeMemAllocShared(hContext, device_desc, host_desc, size, alignment, hDevice, pptr)
[2026-10-07 15:28:28.476] [thread-id: 126892597071040] [trace] SUCCESS (ZE_RESULT_SUCCESS) in zeMemAllocShared(hContext=0x3010b738, device_desc={stype=0x7fff3881d980, flags=0, ordinal=0}, host_desc={stype=0x7fff3881d960, flags=0}, size=1, alignment=0, hDevice=0x300f4f28, pptr=0x736869c50000)
[2026-10-07 15:28:28.476] [thread-id: 126892597071040] [trace] zeMemGetAllocProperties(hContext, ptr, pMemAllocProperties, phDevice)
[2026-10-07 15:28:28.476] [thread-id: 126892597071040] [trace] SUCCESS (ZE_RESULT_SUCCESS) in zeMemGetAllocProperties(hContext=0x3010b738, ptr=0x736869c50000, pMemAllocProperties={stype=0x7fff3881d980, type=0x7fff3881d990, id=10, pageSize=65536}, phDevice=nullptr)
[2026-10-07 15:28:28.476] [thread-id: 126892597071040] [trace] zeMemFreeExt(hContext, pMemFreeDesc, ptr)
[2026-10-07 15:28:28.476] [thread-id: 126892597071040] [trace] SUCCESS (ZE_RESULT_SUCCESS) in zeMemFreeExt(hContext=0x3010b738, pMemFreeDesc={stype=0x7fff3881d960, freePolicy=1}, ptr=0x736869c50000)
   <--- urContextCreate(.DeviceCount = 1, .phDevices = 0x3010ace0 {0x3010a040}, .pProperties = nullptr, .phContext = 0x3010cc40 (0x3010eb90)) -> UR_RESULT_SUCCESS;
   ---> urQueueCreate
<LEVEL_ZERO>[INFO]: Copy offload is disabled by the environment variable.
<LEVEL_ZERO>[DEBUG]: create command list ordinal: 0, type: immediate, device: 0x300f4f28, inOrder: 1
[2026-10-07 15:28:28.477] [thread-id: 126892597071040] [trace] zeCommandListCreateImmediate(hContext, hDevice, altdesc, phCommandList)
[2026-10-07 15:28:28.478] [thread-id: 126892597071040] [trace] SUCCESS (ZE_RESULT_SUCCESS) in zeCommandListCreateImmediate(hContext=0x3010b738, hDevice=0x300f4f28, altdesc={stype=0x7fff3881de80, ordinal=0, index=0, flags=2, mode=0x7fff3881de9c, priority=0x7fff3881dea0}, phCommandList=0x30112d88)
[2026-10-07 15:28:28.478] [thread-id: 126892597071040] [trace] zeDriverGetExtensionFunctionAddress(hDriver, name, ppFunctionAddress)
[2026-10-07 15:28:28.478] [thread-id: 126892597071040] [trace] SUCCESS (ZE_RESULT_SUCCESS) in zeDriverGetExtensionFunctionAddress(hDriver=0x300f49c8, name="zexCounterBasedEventCreate2", ppFunctionAddress=0x736878141c00)
   <--- urQueueCreate(.hContext = 0x3010eb90, .hDevice = 0x3010a040, .pProperties = 0x7fff3881e460 ((struct ur_queue_properties_t){.stype = UR_STRUCTURE_TYPE_QUEUE_PROPERTIES, .pNext = nullptr, .flags = 0}), .phQueue = 0x7fff3881e478 (0x301120a0)) -> UR_RESULT_SUCCESS;
   ---> urDeviceGetInfo
[2026-10-07 15:28:28.478] [thread-id: 126892597071040] [trace] zeDeviceGetMemoryAccessProperties(hDevice, pMemAccessProperties)
[2026-10-07 15:28:28.478] [thread-id: 126892597071040] [trace] SUCCESS (ZE_RESULT_SUCCESS) in zeDeviceGetMemoryAccessProperties(hDevice=0x300f4f28, pMemAccessProperties={stype=0x3010a420, hostAllocCapabilities=3, deviceAllocCapabilities=3, sharedSingleDeviceAllocCapabilities=3, sharedCrossDeviceAllocCapabilities=0, sharedSystemAllocCapabilities=15})
   <--- urDeviceGetInfo(.hDevice = 0x3010a040, .propName = UR_DEVICE_INFO_USM_DEVICE_SUPPORT, .propSize = 4, .pPropValue = 0x7fff3881e2c4 (UR_DEVICE_USM_ACCESS_CAPABILITY_FLAG_ACCESS | UR_DEVICE_USM_ACCESS_CAPABILITY_FLAG_ATOMIC_ACCESS), .pPropSizeRet = nullptr) -> UR_RESULT_SUCCESS;
   ---> urUSMDeviceAlloc
[2026-10-07 15:28:28.478] [thread-id: 126892597071040] [trace] zeMemAllocDevice(hContext, device_desc, size, alignment, hDevice, pptr)
[2026-10-07 15:28:28.478] [thread-id: 126892597071040] [trace] SUCCESS (ZE_RESULT_SUCCESS) in zeMemAllocDevice(hContext=0x3010b738, device_desc={stype=0x7fff3881ded0, flags=0, ordinal=0}, size=65536, alignment=0, hDevice=0x300f4f28, pptr=0xffffffffff600000)
[2026-10-07 15:28:28.479] [thread-id: 126892597071040] [trace] zeContextMakeMemoryResident(hContext, hDevice, ptr, size)
[2026-10-07 15:28:28.479] [thread-id: 126892597071040] [trace] SUCCESS (ZE_RESULT_SUCCESS) in zeContextMakeMemoryResident(hContext=0x3010b738, hDevice=0x300f4f28, ptr=0xffffffffff600000, size=65536)
   <--- urUSMDeviceAlloc(.hContext = 0x3010eb90, .hDevice = 0x3010a040, .pUSMDesc = 0x7fff3881e430 ((struct ur_usm_desc_t){.stype = UR_STRUCTURE_TYPE_CONTEXT_PROPERTIES, .pNext = nullptr, .hints = 0, .align = 4}), .pool = nullptr, .size = 65536, .ppMem = 0x7fff3881e448 (0xffffffffff600000)) -> UR_RESULT_SUCCESS;
   ---> urEnqueueUSMMemcpy
<LEVEL_ZERO>[DEBUG]: ze_event_pool_desc_t flags set to: 1
[2026-10-07 15:28:28.479] [thread-id: 126892597071040] [trace] zexCounterBasedEventCreate2(hContext, hDevice, desc, phEvent)
[2026-10-07 15:28:28.479] [thread-id: 126892597071040] [trace] SUCCESS (ZE_RESULT_SUCCESS) in zexCounterBasedEventCreate2(hContext=0x3010b738, hDevice=0x300f4f28, desc=0x7fff3881de80, phEvent=0x30143a68)
<LEVEL_ZERO>[DEBUG]: ze_event_pool_desc_t flags set to: 1
[2026-10-07 15:28:28.479] [thread-id: 126892597071040] [trace] zexCounterBasedEventCreate2(hContext, hDevice, desc, phEvent)
[2026-10-07 15:28:28.479] [thread-id: 126892597071040] [trace] SUCCESS (ZE_RESULT_SUCCESS) in zexCounterBasedEventCreate2(hContext=0x3010b738, hDevice=0x300f4f28, desc=0x7fff3881de80, phEvent=0x30143e08)
<LEVEL_ZERO>[DEBUG]: ze_event_pool_desc_t flags set to: 1
[2026-10-07 15:28:28.479] [thread-id: 126892597071040] [trace] zexCounterBasedEventCreate2(hContext, hDevice, desc, phEvent)
[2026-10-07 15:28:28.479] [thread-id: 126892597071040] [trace] SUCCESS (ZE_RESULT_SUCCESS) in zexCounterBasedEventCreate2(hContext=0x3010b738, hDevice=0x300f4f28, desc=0x7fff3881de80, phEvent=0x30144528)
<LEVEL_ZERO>[DEBUG]: ze_event_pool_desc_t flags set to: 1
[2026-10-07 15:28:28.479] [thread-id: 126892597071040] [trace] zexCounterBasedEventCreate2(hContext, hDevice, desc, phEvent)
[2026-10-07 15:28:28.479] [thread-id: 126892597071040] [trace] SUCCESS (ZE_RESULT_SUCCESS) in zexCounterBasedEventCreate2(hContext=0x3010b738, hDevice=0x300f4f28, desc=0x7fff3881de80, phEvent=0x30144a68)
<LEVEL_ZERO>[DEBUG]: ze_event_pool_desc_t flags set to: 1
[2026-10-07 15:28:28.479] [thread-id: 126892597071040] [trace] zexCounterBasedEventCreate2(hContext, hDevice, desc, phEvent)
[2026-10-07 15:28:28.479] [thread-id: 126892597071040] [trace] SUCCESS (ZE_RESULT_SUCCESS) in zexCounterBasedEventCreate2(hContext=0x3010b738, hDevice=0x300f4f28, desc=0x7fff3881de80, phEvent=0x30145168)
<LEVEL_ZERO>[DEBUG]: ze_event_pool_desc_t flags set to: 1
[2026-10-07 15:28:28.479] [thread-id: 126892597071040] [trace] zexCounterBasedEventCreate2(hContext, hDevice, desc, phEvent)
[2026-10-07 15:28:28.479] [thread-id: 126892597071040] [trace] SUCCESS (ZE_RESULT_SUCCESS) in zexCounterBasedEventCreate2(hContext=0x3010b738, hDevice=0x300f4f28, desc=0x7fff3881de80, phEvent=0x301456c8)
<LEVEL_ZERO>[DEBUG]: ze_event_pool_desc_t flags set to: 1
[2026-10-07 15:28:28.479] [thread-id: 126892597071040] [trace] zexCounterBasedEventCreate2(hContext, hDevice, desc, phEvent)
[2026-10-07 15:28:28.479] [thread-id: 126892597071040] [trace] SUCCESS (ZE_RESULT_SUCCESS) in zexCounterBasedEventCreate2(hContext=0x3010b738, hDevice=0x300f4f28, desc=0x7fff3881de80, phEvent=0x30145dc8)
<LEVEL_ZERO>[DEBUG]: ze_event_pool_desc_t flags set to: 1
[2026-10-07 15:28:28.479] [thread-id: 126892597071040] [trace] zexCounterBasedEventCreate2(hContext, hDevice, desc, phEvent)
[2026-10-07 15:28:28.479] [thread-id: 126892597071040] [trace] SUCCESS (ZE_RESULT_SUCCESS) in zexCounterBasedEventCreate2(hContext=0x3010b738, hDevice=0x300f4f28, desc=0x7fff3881de80, phEvent=0x301462d8)
<LEVEL_ZERO>[DEBUG]: ze_event_pool_desc_t flags set to: 1
[2026-10-07 15:28:28.479] [thread-id: 126892597071040] [trace] zexCounterBasedEventCreate2(hContext, hDevice, desc, phEvent)
[2026-10-07 15:28:28.479] [thread-id: 126892597071040] [trace] SUCCESS (ZE_RESULT_SUCCESS) in zexCounterBasedEventCreate2(hContext=0x3010b738, hDevice=0x300f4f28, desc=0x7fff3881de80, phEvent=0x301469d8)
<LEVEL_ZERO>[DEBUG]: ze_event_pool_desc_t flags set to: 1
[2026-10-07 15:28:28.479] [thread-id: 126892597071040] [trace] zexCounterBasedEventCreate2(hContext, hDevice, desc, phEvent)
[2026-10-07 15:28:28.479] [thread-id: 126892597071040] [trace] SUCCESS (ZE_RESULT_SUCCESS) in zexCounterBasedEventCreate2(hContext=0x3010b738, hDevice=0x300f4f28, desc=0x7fff3881de80, phEvent=0x30146ee8)
<LEVEL_ZERO>[DEBUG]: ze_event_pool_desc_t flags set to: 1
[2026-10-07 15:28:28.479] [thread-id: 126892597071040] [trace] zexCounterBasedEventCreate2(hContext, hDevice, desc, phEvent)
[2026-10-07 15:28:28.479] [thread-id: 126892597071040] [trace] SUCCESS (ZE_RESULT_SUCCESS) in zexCounterBasedEventCreate2(hContext=0x3010b738, hDevice=0x300f4f28, desc=0x7fff3881de80, phEvent=0x301475e8)
<LEVEL_ZERO>[DEBUG]: ze_event_pool_desc_t flags set to: 1
[2026-10-07 15:28:28.479] [thread-id: 126892597071040] [trace] zexCounterBasedEventCreate2(hContext, hDevice, desc, phEvent)
[2026-10-07 15:28:28.479] [thread-id: 126892597071040] [trace] SUCCESS (ZE_RESULT_SUCCESS) in zexCounterBasedEventCreate2(hContext=0x3010b738, hDevice=0x300f4f28, desc=0x7fff3881de80, phEvent=0x30147b98)
<LEVEL_ZERO>[DEBUG]: ze_event_pool_desc_t flags set to: 1
[2026-10-07 15:28:28.479] [thread-id: 126892597071040] [trace] zexCounterBasedEventCreate2(hContext, hDevice, desc, phEvent)
[2026-10-07 15:28:28.479] [thread-id: 126892597071040] [trace] SUCCESS (ZE_RESULT_SUCCESS) in zexCounterBasedEventCreate2(hContext=0x3010b738, hDevice=0x300f4f28, desc=0x7fff3881de80, phEvent=0x30148298)
<LEVEL_ZERO>[DEBUG]: ze_event_pool_desc_t flags set to: 1
[2026-10-07 15:28:28.479] [thread-id: 126892597071040] [trace] zexCounterBasedEventCreate2(hContext, hDevice, desc, phEvent)
[2026-10-07 15:28:28.479] [thread-id: 126892597071040] [trace] SUCCESS (ZE_RESULT_SUCCESS) in zexCounterBasedEventCreate2(hContext=0x3010b738, hDevice=0x300f4f28, desc=0x7fff3881de80, phEvent=0x301487a8)
<LEVEL_ZERO>[DEBUG]: ze_event_pool_desc_t flags set to: 1
[2026-10-07 15:28:28.479] [thread-id: 126892597071040] [trace] zexCounterBasedEventCreate2(hContext, hDevice, desc, phEvent)
[2026-10-07 15:28:28.479] [thread-id: 126892597071040] [trace] SUCCESS (ZE_RESULT_SUCCESS) in zexCounterBasedEventCreate2(hContext=0x3010b738, hDevice=0x300f4f28, desc=0x7fff3881de80, phEvent=0x30148ea8)
<LEVEL_ZERO>[DEBUG]: ze_event_pool_desc_t flags set to: 1
[2026-10-07 15:28:28.479] [thread-id: 126892597071040] [trace] zexCounterBasedEventCreate2(hContext, hDevice, desc, phEvent)
[2026-10-07 15:28:28.479] [thread-id: 126892597071040] [trace] SUCCESS (ZE_RESULT_SUCCESS) in zexCounterBasedEventCreate2(hContext=0x3010b738, hDevice=0x300f4f28, desc=0x7fff3881de80, phEvent=0x301493b8)
<LEVEL_ZERO>[DEBUG]: ze_event_pool_desc_t flags set to: 1
[2026-10-07 15:28:28.479] [thread-id: 126892597071040] [trace] zexCounterBasedEventCreate2(hContext, hDevice, desc, phEvent)
[2026-10-07 15:28:28.479] [thread-id: 126892597071040] [trace] SUCCESS (ZE_RESULT_SUCCESS) in zexCounterBasedEventCreate2(hContext=0x3010b738, hDevice=0x300f4f28, desc=0x7fff3881de80, phEvent=0x30149ab8)
<LEVEL_ZERO>[DEBUG]: ze_event_pool_desc_t flags set to: 1
[2026-10-07 15:28:28.479] [thread-id: 126892597071040] [trace] zexCounterBasedEventCreate2(hContext, hDevice, desc, phEvent)
[2026-10-07 15:28:28.479] [thread-id: 126892597071040] [trace] SUCCESS (ZE_RESULT_SUCCESS) in zexCounterBasedEventCreate2(hContext=0x3010b738, hDevice=0x300f4f28, desc=0x7fff3881de80, phEvent=0x3014a0d8)
<LEVEL_ZERO>[DEBUG]: ze_event_pool_desc_t flags set to: 1
[2026-10-07 15:28:28.480] [thread-id: 126892597071040] [trace] zexCounterBasedEventCreate2(hContext, hDevice, desc, phEvent)
[2026-10-07 15:28:28.480] [thread-id: 126892597071040] [trace] SUCCESS (ZE_RESULT_SUCCESS) in zexCounterBasedEventCreate2(hContext=0x3010b738, hDevice=0x300f4f28, desc=0x7fff3881de80, phEvent=0x3014a7d8)
<LEVEL_ZERO>[DEBUG]: ze_event_pool_desc_t flags set to: 1
[2026-10-07 15:28:28.480] [thread-id: 126892597071040] [trace] zexCounterBasedEventCreate2(hContext, hDevice, desc, phEvent)
[2026-10-07 15:28:28.480] [thread-id: 126892597071040] [trace] SUCCESS (ZE_RESULT_SUCCESS) in zexCounterBasedEventCreate2(hContext=0x3010b738, hDevice=0x300f4f28, desc=0x7fff3881de80, phEvent=0x3014ace8)
<LEVEL_ZERO>[DEBUG]: ze_event_pool_desc_t flags set to: 1
[2026-10-07 15:28:28.480] [thread-id: 126892597071040] [trace] zexCounterBasedEventCreate2(hContext, hDevice, desc, phEvent)
[2026-10-07 15:28:28.480] [thread-id: 126892597071040] [trace] SUCCESS (ZE_RESULT_SUCCESS) in zexCounterBasedEventCreate2(hContext=0x3010b738, hDevice=0x300f4f28, desc=0x7fff3881de80, phEvent=0x3014b3e8)
<LEVEL_ZERO>[DEBUG]: ze_event_pool_desc_t flags set to: 1
[2026-10-07 15:28:28.480] [thread-id: 126892597071040] [trace] zexCounterBasedEventCreate2(hContext, hDevice, desc, phEvent)
[2026-10-07 15:28:28.480] [thread-id: 126892597071040] [trace] SUCCESS (ZE_RESULT_SUCCESS) in zexCounterBasedEventCreate2(hContext=0x3010b738, hDevice=0x300f4f28, desc=0x7fff3881de80, phEvent=0x3014b8f8)
<LEVEL_ZERO>[DEBUG]: ze_event_pool_desc_t flags set to: 1
[2026-10-07 15:28:28.480] [thread-id: 126892597071040] [trace] zexCounterBasedEventCreate2(hContext, hDevice, desc, phEvent)
[2026-10-07 15:28:28.480] [thread-id: 126892597071040] [trace] SUCCESS (ZE_RESULT_SUCCESS) in zexCounterBasedEventCreate2(hContext=0x3010b738, hDevice=0x300f4f28, desc=0x7fff3881de80, phEvent=0x3014bff8)
<LEVEL_ZERO>[DEBUG]: ze_event_pool_desc_t flags set to: 1
[2026-10-07 15:28:28.480] [thread-id: 126892597071040] [trace] zexCounterBasedEventCreate2(hContext, hDevice, desc, phEvent)
[2026-10-07 15:28:28.480] [thread-id: 126892597071040] [trace] SUCCESS (ZE_RESULT_SUCCESS) in zexCounterBasedEventCreate2(hContext=0x3010b738, hDevice=0x300f4f28, desc=0x7fff3881de80, phEvent=0x3014c508)
<LEVEL_ZERO>[DEBUG]: ze_event_pool_desc_t flags set to: 1
[2026-10-07 15:28:28.480] [thread-id: 126892597071040] [trace] zexCounterBasedEventCreate2(hContext, hDevice, desc, phEvent)
[2026-10-07 15:28:28.480] [thread-id: 126892597071040] [trace] SUCCESS (ZE_RESULT_SUCCESS) in zexCounterBasedEventCreate2(hContext=0x3010b738, hDevice=0x300f4f28, desc=0x7fff3881de80, phEvent=0x3014cd48)
<LEVEL_ZERO>[DEBUG]: ze_event_pool_desc_t flags set to: 1
[2026-10-07 15:28:28.480] [thread-id: 126892597071040] [trace] zexCounterBasedEventCreate2(hContext, hDevice, desc, phEvent)
[2026-10-07 15:28:28.480] [thread-id: 126892597071040] [trace] SUCCESS (ZE_RESULT_SUCCESS) in zexCounterBasedEventCreate2(hContext=0x3010b738, hDevice=0x300f4f28, desc=0x7fff3881de80, phEvent=0x3014d258)
<LEVEL_ZERO>[DEBUG]: ze_event_pool_desc_t flags set to: 1
[2026-10-07 15:28:28.480] [thread-id: 126892597071040] [trace] zexCounterBasedEventCreate2(hContext, hDevice, desc, phEvent)
[2026-10-07 15:28:28.480] [thread-id: 126892597071040] [trace] SUCCESS (ZE_RESULT_SUCCESS) in zexCounterBasedEventCreate2(hContext=0x3010b738, hDevice=0x300f4f28, desc=0x7fff3881de80, phEvent=0x3014d958)
<LEVEL_ZERO>[DEBUG]: ze_event_pool_desc_t flags set to: 1
[2026-10-07 15:28:28.480] [thread-id: 126892597071040] [trace] zexCounterBasedEventCreate2(hContext, hDevice, desc, phEvent)
[2026-10-07 15:28:28.480] [thread-id: 126892597071040] [trace] SUCCESS (ZE_RESULT_SUCCESS) in zexCounterBasedEventCreate2(hContext=0x3010b738, hDevice=0x300f4f28, desc=0x7fff3881de80, phEvent=0x3014de68)
<LEVEL_ZERO>[DEBUG]: ze_event_pool_desc_t flags set to: 1
[2026-10-07 15:28:28.480] [thread-id: 126892597071040] [trace] zexCounterBasedEventCreate2(hContext, hDevice, desc, phEvent)
[2026-10-07 15:28:28.480] [thread-id: 126892597071040] [trace] SUCCESS (ZE_RESULT_SUCCESS) in zexCounterBasedEventCreate2(hContext=0x3010b738, hDevice=0x300f4f28, desc=0x7fff3881de80, phEvent=0x3014e568)
<LEVEL_ZERO>[DEBUG]: ze_event_pool_desc_t flags set to: 1
[2026-10-07 15:28:28.480] [thread-id: 126892597071040] [trace] zexCounterBasedEventCreate2(hContext, hDevice, desc, phEvent)
[2026-10-07 15:28:28.480] [thread-id: 126892597071040] [trace] SUCCESS (ZE_RESULT_SUCCESS) in zexCounterBasedEventCreate2(hContext=0x3010b738, hDevice=0x300f4f28, desc=0x7fff3881de80, phEvent=0x3014ea78)
<LEVEL_ZERO>[DEBUG]: ze_event_pool_desc_t flags set to: 1
[2026-10-07 15:28:28.480] [thread-id: 126892597071040] [trace] zexCounterBasedEventCreate2(hContext, hDevice, desc, phEvent)
[2026-10-07 15:28:28.480] [thread-id: 126892597071040] [trace] SUCCESS (ZE_RESULT_SUCCESS) in zexCounterBasedEventCreate2(hContext=0x3010b738, hDevice=0x300f4f28, desc=0x7fff3881de80, phEvent=0x3014f178)
<LEVEL_ZERO>[DEBUG]: ze_event_pool_desc_t flags set to: 1
[2026-10-07 15:28:28.480] [thread-id: 126892597071040] [trace] zexCounterBasedEventCreate2(hContext, hDevice, desc, phEvent)
[2026-10-07 15:28:28.480] [thread-id: 126892597071040] [trace] SUCCESS (ZE_RESULT_SUCCESS) in zexCounterBasedEventCreate2(hContext=0x3010b738, hDevice=0x300f4f28, desc=0x7fff3881de80, phEvent=0x3014f688)
<LEVEL_ZERO>[DEBUG]: ze_event_pool_desc_t flags set to: 1
[2026-10-07 15:28:28.480] [thread-id: 126892597071040] [trace] zexCounterBasedEventCreate2(hContext, hDevice, desc, phEvent)
[2026-10-07 15:28:28.480] [thread-id: 126892597071040] [trace] SUCCESS (ZE_RESULT_SUCCESS) in zexCounterBasedEventCreate2(hContext=0x3010b738, hDevice=0x300f4f28, desc=0x7fff3881de80, phEvent=0x3014fd88)
<LEVEL_ZERO>[DEBUG]: ze_event_pool_desc_t flags set to: 1
[2026-10-07 15:28:28.480] [thread-id: 126892597071040] [trace] zexCounterBasedEventCreate2(hContext, hDevice, desc, phEvent)
[2026-10-07 15:28:28.480] [thread-id: 126892597071040] [trace] SUCCESS (ZE_RESULT_SUCCESS) in zexCounterBasedEventCreate2(hContext=0x3010b738, hDevice=0x300f4f28, desc=0x7fff3881de80, phEvent=0x301504a8)
<LEVEL_ZERO>[DEBUG]: ze_event_pool_desc_t flags set to: 1
[2026-10-07 15:28:28.480] [thread-id: 126892597071040] [trace] zexCounterBasedEventCreate2(hContext, hDevice, desc, phEvent)
[2026-10-07 15:28:28.480] [thread-id: 126892597071040] [trace] SUCCESS (ZE_RESULT_SUCCESS) in zexCounterBasedEventCreate2(hContext=0x3010b738, hDevice=0x300f4f28, desc=0x7fff3881de80, phEvent=0x30150ba8)
<LEVEL_ZERO>[DEBUG]: ze_event_pool_desc_t flags set to: 1
[2026-10-07 15:28:28.480] [thread-id: 126892597071040] [trace] zexCounterBasedEventCreate2(hContext, hDevice, desc, phEvent)
[2026-10-07 15:28:28.480] [thread-id: 126892597071040] [trace] SUCCESS (ZE_RESULT_SUCCESS) in zexCounterBasedEventCreate2(hContext=0x3010b738, hDevice=0x300f4f28, desc=0x7fff3881de80, phEvent=0x301510b8)
<LEVEL_ZERO>[DEBUG]: ze_event_pool_desc_t flags set to: 1
[2026-10-07 15:28:28.480] [thread-id: 126892597071040] [trace] zexCounterBasedEventCreate2(hContext, hDevice, desc, phEvent)
[2026-10-07 15:28:28.480] [thread-id: 126892597071040] [trace] SUCCESS (ZE_RESULT_SUCCESS) in zexCounterBasedEventCreate2(hContext=0x3010b738, hDevice=0x300f4f28, desc=0x7fff3881de80, phEvent=0x301517b8)
<LEVEL_ZERO>[DEBUG]: ze_event_pool_desc_t flags set to: 1
[2026-10-07 15:28:28.480] [thread-id: 126892597071040] [trace] zexCounterBasedEventCreate2(hContext, hDevice, desc, phEvent)
[2026-10-07 15:28:28.480] [thread-id: 126892597071040] [trace] SUCCESS (ZE_RESULT_SUCCESS) in zexCounterBasedEventCreate2(hContext=0x3010b738, hDevice=0x300f4f28, desc=0x7fff3881de80, phEvent=0x30151cc8)
<LEVEL_ZERO>[DEBUG]: ze_event_pool_desc_t flags set to: 1
[2026-10-07 15:28:28.480] [thread-id: 126892597071040] [trace] zexCounterBasedEventCreate2(hContext, hDevice, desc, phEvent)
[2026-10-07 15:28:28.480] [thread-id: 126892597071040] [trace] SUCCESS (ZE_RESULT_SUCCESS) in zexCounterBasedEventCreate2(hContext=0x3010b738, hDevice=0x300f4f28, desc=0x7fff3881de80, phEvent=0x301523c8)
<LEVEL_ZERO>[DEBUG]: ze_event_pool_desc_t flags set to: 1
[2026-10-07 15:28:28.480] [thread-id: 126892597071040] [trace] zexCounterBasedEventCreate2(hContext, hDevice, desc, phEvent)
[2026-10-07 15:28:28.480] [thread-id: 126892597071040] [trace] SUCCESS (ZE_RESULT_SUCCESS) in zexCounterBasedEventCreate2(hContext=0x3010b738, hDevice=0x300f4f28, desc=0x7fff3881de80, phEvent=0x301528d8)
<LEVEL_ZERO>[DEBUG]: ze_event_pool_desc_t flags set to: 1
[2026-10-07 15:28:28.480] [thread-id: 126892597071040] [trace] zexCounterBasedEventCreate2(hContext, hDevice, desc, phEvent)
[2026-10-07 15:28:28.480] [thread-id: 126892597071040] [trace] SUCCESS (ZE_RESULT_SUCCESS) in zexCounterBasedEventCreate2(hContext=0x3010b738, hDevice=0x300f4f28, desc=0x7fff3881de80, phEvent=0x30152fd8)
<LEVEL_ZERO>[DEBUG]: ze_event_pool_desc_t flags set to: 1
[2026-10-07 15:28:28.480] [thread-id: 126892597071040] [trace] zexCounterBasedEventCreate2(hContext, hDevice, desc, phEvent)
[2026-10-07 15:28:28.480] [thread-id: 126892597071040] [trace] SUCCESS (ZE_RESULT_SUCCESS) in zexCounterBasedEventCreate2(hContext=0x3010b738, hDevice=0x300f4f28, desc=0x7fff3881de80, phEvent=0x301534e8)
<LEVEL_ZERO>[DEBUG]: ze_event_pool_desc_t flags set to: 1
[2026-10-07 15:28:28.480] [thread-id: 126892597071040] [trace] zexCounterBasedEventCreate2(hContext, hDevice, desc, phEvent)
[2026-10-07 15:28:28.480] [thread-id: 126892597071040] [trace] SUCCESS (ZE_RESULT_SUCCESS) in zexCounterBasedEventCreate2(hContext=0x3010b738, hDevice=0x300f4f28, desc=0x7fff3881de80, phEvent=0x30153be8)
<LEVEL_ZERO>[DEBUG]: ze_event_pool_desc_t flags set to: 1
[2026-10-07 15:28:28.480] [thread-id: 126892597071040] [trace] zexCounterBasedEventCreate2(hContext, hDevice, desc, phEvent)
[2026-10-07 15:28:28.480] [thread-id: 126892597071040] [trace] SUCCESS (ZE_RESULT_SUCCESS) in zexCounterBasedEventCreate2(hContext=0x3010b738, hDevice=0x300f4f28, desc=0x7fff3881de80, phEvent=0x301540f8)
<LEVEL_ZERO>[DEBUG]: ze_event_pool_desc_t flags set to: 1
[2026-10-07 15:28:28.480] [thread-id: 126892597071040] [trace] zexCounterBasedEventCreate2(hContext, hDevice, desc, phEvent)
[2026-10-07 15:28:28.480] [thread-id: 126892597071040] [trace] SUCCESS (ZE_RESULT_SUCCESS) in zexCounterBasedEventCreate2(hContext=0x3010b738, hDevice=0x300f4f28, desc=0x7fff3881de80, phEvent=0x301547f8)
<LEVEL_ZERO>[DEBUG]: ze_event_pool_desc_t flags set to: 1
[2026-10-07 15:28:28.480] [thread-id: 126892597071040] [trace] zexCounterBasedEventCreate2(hContext, hDevice, desc, phEvent)
[2026-10-07 15:28:28.480] [thread-id: 126892597071040] [trace] SUCCESS (ZE_RESULT_SUCCESS) in zexCounterBasedEventCreate2(hContext=0x3010b738, hDevice=0x300f4f28, desc=0x7fff3881de80, phEvent=0x30154d08)
<LEVEL_ZERO>[DEBUG]: ze_event_pool_desc_t flags set to: 1
[2026-10-07 15:28:28.480] [thread-id: 126892597071040] [trace] zexCounterBasedEventCreate2(hContext, hDevice, desc, phEvent)
[2026-10-07 15:28:28.480] [thread-id: 126892597071040] [trace] SUCCESS (ZE_RESULT_SUCCESS) in zexCounterBasedEventCreate2(hContext=0x3010b738, hDevice=0x300f4f28, desc=0x7fff3881de80, phEvent=0x30155408)
<LEVEL_ZERO>[DEBUG]: ze_event_pool_desc_t flags set to: 1
[2026-10-07 15:28:28.480] [thread-id: 126892597071040] [trace] zexCounterBasedEventCreate2(hContext, hDevice, desc, phEvent)
[2026-10-07 15:28:28.480] [thread-id: 126892597071040] [trace] SUCCESS (ZE_RESULT_SUCCESS) in zexCounterBasedEventCreate2(hContext=0x3010b738, hDevice=0x300f4f28, desc=0x7fff3881de80, phEvent=0x30155918)
<LEVEL_ZERO>[DEBUG]: ze_event_pool_desc_t flags set to: 1
[2026-10-07 15:28:28.481] [thread-id: 126892597071040] [trace] zexCounterBasedEventCreate2(hContext, hDevice, desc, phEvent)
[2026-10-07 15:28:28.481] [thread-id: 126892597071040] [trace] SUCCESS (ZE_RESULT_SUCCESS) in zexCounterBasedEventCreate2(hContext=0x3010b738, hDevice=0x300f4f28, desc=0x7fff3881de80, phEvent=0x30156018)
<LEVEL_ZERO>[DEBUG]: ze_event_pool_desc_t flags set to: 1
[2026-10-07 15:28:28.481] [thread-id: 126892597071040] [trace] zexCounterBasedEventCreate2(hContext, hDevice, desc, phEvent)
[2026-10-07 15:28:28.481] [thread-id: 126892597071040] [trace] SUCCESS (ZE_RESULT_SUCCESS) in zexCounterBasedEventCreate2(hContext=0x3010b738, hDevice=0x300f4f28, desc=0x7fff3881de80, phEvent=0x30156528)
<LEVEL_ZERO>[DEBUG]: ze_event_pool_desc_t flags set to: 1
[2026-10-07 15:28:28.481] [thread-id: 126892597071040] [trace] zexCounterBasedEventCreate2(hContext, hDevice, desc, phEvent)
[2026-10-07 15:28:28.481] [thread-id: 126892597071040] [trace] SUCCESS (ZE_RESULT_SUCCESS) in zexCounterBasedEventCreate2(hContext=0x3010b738, hDevice=0x300f4f28, desc=0x7fff3881de80, phEvent=0x30156c28)
<LEVEL_ZERO>[DEBUG]: ze_event_pool_desc_t flags set to: 1
[2026-10-07 15:28:28.481] [thread-id: 126892597071040] [trace] zexCounterBasedEventCreate2(hContext, hDevice, desc, phEvent)
[2026-10-07 15:28:28.481] [thread-id: 126892597071040] [trace] SUCCESS (ZE_RESULT_SUCCESS) in zexCounterBasedEventCreate2(hContext=0x3010b738, hDevice=0x300f4f28, desc=0x7fff3881de80, phEvent=0x30157138)
<LEVEL_ZERO>[DEBUG]: ze_event_pool_desc_t flags set to: 1
[2026-10-07 15:28:28.481] [thread-id: 126892597071040] [trace] zexCounterBasedEventCreate2(hContext, hDevice, desc, phEvent)
[2026-10-07 15:28:28.481] [thread-id: 126892597071040] [trace] SUCCESS (ZE_RESULT_SUCCESS) in zexCounterBasedEventCreate2(hContext=0x3010b738, hDevice=0x300f4f28, desc=0x7fff3881de80, phEvent=0x30157ab8)
<LEVEL_ZERO>[DEBUG]: ze_event_pool_desc_t flags set to: 1
[2026-10-07 15:28:28.481] [thread-id: 126892597071040] [trace] zexCounterBasedEventCreate2(hContext, hDevice, desc, phEvent)
[2026-10-07 15:28:28.481] [thread-id: 126892597071040] [trace] SUCCESS (ZE_RESULT_SUCCESS) in zexCounterBasedEventCreate2(hContext=0x3010b738, hDevice=0x300f4f28, desc=0x7fff3881de80, phEvent=0x30157fc8)
<LEVEL_ZERO>[DEBUG]: ze_event_pool_desc_t flags set to: 1
[2026-10-07 15:28:28.481] [thread-id: 126892597071040] [trace] zexCounterBasedEventCreate2(hContext, hDevice, desc, phEvent)
[2026-10-07 15:28:28.481] [thread-id: 126892597071040] [trace] SUCCESS (ZE_RESULT_SUCCESS) in zexCounterBasedEventCreate2(hContext=0x3010b738, hDevice=0x300f4f28, desc=0x7fff3881de80, phEvent=0x301586c8)
<LEVEL_ZERO>[DEBUG]: ze_event_pool_desc_t flags set to: 1
[2026-10-07 15:28:28.481] [thread-id: 126892597071040] [trace] zexCounterBasedEventCreate2(hContext, hDevice, desc, phEvent)
[2026-10-07 15:28:28.481] [thread-id: 126892597071040] [trace] SUCCESS (ZE_RESULT_SUCCESS) in zexCounterBasedEventCreate2(hContext=0x3010b738, hDevice=0x300f4f28, desc=0x7fff3881de80, phEvent=0x30158bd8)
<LEVEL_ZERO>[DEBUG]: ze_event_pool_desc_t flags set to: 1
[2026-10-07 15:28:28.481] [thread-id: 126892597071040] [trace] zexCounterBasedEventCreate2(hContext, hDevice, desc, phEvent)
[2026-10-07 15:28:28.481] [thread-id: 126892597071040] [trace] SUCCESS (ZE_RESULT_SUCCESS) in zexCounterBasedEventCreate2(hContext=0x3010b738, hDevice=0x300f4f28, desc=0x7fff3881de80, phEvent=0x301592d8)
<LEVEL_ZERO>[DEBUG]: ze_event_pool_desc_t flags set to: 1
[2026-10-07 15:28:28.481] [thread-id: 126892597071040] [trace] zexCounterBasedEventCreate2(hContext, hDevice, desc, phEvent)
[2026-10-07 15:28:28.481] [thread-id: 126892597071040] [trace] SUCCESS (ZE_RESULT_SUCCESS) in zexCounterBasedEventCreate2(hContext=0x3010b738, hDevice=0x300f4f28, desc=0x7fff3881de80, phEvent=0x301597e8)
<LEVEL_ZERO>[DEBUG]: ze_event_pool_desc_t flags set to: 1
[2026-10-07 15:28:28.481] [thread-id: 126892597071040] [trace] zexCounterBasedEventCreate2(hContext, hDevice, desc, phEvent)
[2026-10-07 15:28:28.481] [thread-id: 126892597071040] [trace] SUCCESS (ZE_RESULT_SUCCESS) in zexCounterBasedEventCreate2(hContext=0x3010b738, hDevice=0x300f4f28, desc=0x7fff3881de80, phEvent=0x30159ee8)
<LEVEL_ZERO>[DEBUG]: ze_event_pool_desc_t flags set to: 1
[2026-10-07 15:28:28.481] [thread-id: 126892597071040] [trace] zexCounterBasedEventCreate2(hContext, hDevice, desc, phEvent)
[2026-10-07 15:28:28.481] [thread-id: 126892597071040] [trace] SUCCESS (ZE_RESULT_SUCCESS) in zexCounterBasedEventCreate2(hContext=0x3010b738, hDevice=0x300f4f28, desc=0x7fff3881de80, phEvent=0x3015a3f8)
<LEVEL_ZERO>[DEBUG]: ze_event_pool_desc_t flags set to: 1
[2026-10-07 15:28:28.481] [thread-id: 126892597071040] [trace] zexCounterBasedEventCreate2(hContext, hDevice, desc, phEvent)
[2026-10-07 15:28:28.481] [thread-id: 126892597071040] [trace] SUCCESS (ZE_RESULT_SUCCESS) in zexCounterBasedEventCreate2(hContext=0x3010b738, hDevice=0x300f4f28, desc=0x7fff3881de80, phEvent=0x3015aaf8)
<LEVEL_ZERO>[DEBUG]: ze_event_pool_desc_t flags set to: 1
[2026-10-07 15:28:28.481] [thread-id: 126892597071040] [trace] zexCounterBasedEventCreate2(hContext, hDevice, desc, phEvent)
[2026-10-07 15:28:28.481] [thread-id: 126892597071040] [trace] SUCCESS (ZE_RESULT_SUCCESS) in zexCounterBasedEventCreate2(hContext=0x3010b738, hDevice=0x300f4f28, desc=0x7fff3881de80, phEvent=0x3015b008)
<LEVEL_ZERO>[DEBUG]: ze_event_pool_desc_t flags set to: 1
[2026-10-07 15:28:28.481] [thread-id: 126892597071040] [trace] zexCounterBasedEventCreate2(hContext, hDevice, desc, phEvent)
[2026-10-07 15:28:28.481] [thread-id: 126892597071040] [trace] SUCCESS (ZE_RESULT_SUCCESS) in zexCounterBasedEventCreate2(hContext=0x3010b738, hDevice=0x300f4f28, desc=0x7fff3881de80, phEvent=0x3015b708)
<LEVEL_ZERO>[DEBUG]: ze_event_pool_desc_t flags set to: 1
[2026-10-07 15:28:28.481] [thread-id: 126892597071040] [trace] zexCounterBasedEventCreate2(hContext, hDevice, desc, phEvent)
[2026-10-07 15:28:28.481] [thread-id: 126892597071040] [trace] SUCCESS (ZE_RESULT_SUCCESS) in zexCounterBasedEventCreate2(hContext=0x3010b738, hDevice=0x300f4f28, desc=0x7fff3881de80, phEvent=0x3015bc18)
[2026-10-07 15:28:28.481] [thread-id: 126892597071040] [trace] zeCommandListAppendMemoryCopy(hCommandList, dstptr, srcptr, size, hSignalEvent, numWaitEvents, phWaitEventsLocal)
[2026-10-07 15:28:28.484] [thread-id: 126892597071040] [trace] SUCCESS (ZE_RESULT_SUCCESS) in zeCommandListAppendMemoryCopy(hCommandList=0x30112d88, dstptr=0xffffffffff600000, srcptr=0x301238a0, size=65536, hSignalEvent=0x3015bc18, numWaitEvents=0, phWaitEvents=nullptr)
   <--- urEnqueueUSMMemcpy(.hQueue = 0x301120a0, .blocking = 0, .pDst = 0xffffffffff600000, .pSrc = 0x301238a0, .size = 65536, .numEventsInWaitList = 0, .phEventWaitList = nullptr, .phEvent = 0x7fff3881e480 (0x3015b600)) -> UR_RESULT_SUCCESS;
   ---> urEventWait
[2026-10-07 15:28:28.484] [thread-id: 126892597071040] [trace] zeEventHostSynchronize(hEvent, timeout)
[2026-10-07 15:28:28.484] [thread-id: 126892597071040] [trace] SUCCESS (ZE_RESULT_SUCCESS) in zeEventHostSynchronize(hEvent=0x3015bc18, timeout=18446744073709551615)
   <--- urEventWait(.numEvents = 1, .phEventWaitList = 0x7fff3881e4d0 {0x3015b600}) -> UR_RESULT_SUCCESS;
   ---> urEventRelease
   <--- urEventRelease(.hEvent = 0x3015b600) -> UR_RESULT_SUCCESS;
   ---> urDeviceGetInfo
[2026-10-07 15:28:28.485] [thread-id: 126892597071040] [trace] zeDeviceGetComputeProperties(hDevice, pComputeProperties)
[2026-10-07 15:28:28.485] [thread-id: 126892597071040] [trace] SUCCESS (ZE_RESULT_SUCCESS) in zeDeviceGetComputeProperties(hDevice=0x300f4f28, pComputeProperties={stype=0x3010a280, maxTotalGroupSize=1024, maxGroupSizeX=1024, maxGroupSizeY=1024, maxGroupSizeZ=1024, maxGroupCountX=4294967295, maxGroupCountY=4294967295, maxGroupCountZ=4294967295, maxSharedLocalMemory=131072, numSubGroupSizes=2, subGroupSizes=16})
   <--- urDeviceGetInfo(.hDevice = 0x3010a040, .propName = UR_DEVICE_INFO_MAX_WORK_GROUPS_3D, .propSize = 24, .pPropValue = {4294967295, 4294967295, 4294967295}, .pPropSizeRet = nullptr) -> UR_RESULT_SUCCESS;
   ---> urDeviceSelectBinary
   <--- urDeviceSelectBinary(.hDevice = 0x3010a040, .pBinaries = 0x30184a50 ((struct ur_device_binary_t){.stype = UR_STRUCTURE_TYPE_CONTEXT_PROPERTIES, .pNext = nullptr, .pDeviceTargetSpec = 0x73687f0c13c0 (spir64)}), .NumBinaries = 1, .pSelectedBinary = 0x7fff3881d9dc (0)) -> UR_RESULT_SUCCESS;
   ---> urPlatformGetBackendOption
   <--- urPlatformGetBackendOption(.hPlatform = 0x30108810, .pFrontendOption = 0x7fff3881d4e8 (-O2), .ppPlatformOption = 0x7fff3881d4b8 (0x73687c12f975 (-ze-opt-level=2))) -> UR_RESULT_SUCCESS;
   ---> urDeviceGetInfo
   <--- urDeviceGetInfo(.hDevice = 0x3010a040, .propName = UR_DEVICE_INFO_VENDOR_ID, .propSize = 4, .pPropValue = 0x7fff3881d438 (32902), .pPropSizeRet = nullptr) -> UR_RESULT_SUCCESS;
   ---> urDeviceGetInfo
   <--- urDeviceGetInfo(.hDevice = 0x3010a040, .propName = UR_DEVICE_INFO_DEVICE_ID, .propSize = 0, .pPropValue = nullptr, .pPropSizeRet = 0x7fff3881d2c0 (4)) -> UR_RESULT_SUCCESS;
   ---> urDeviceGetInfo
   <--- urDeviceGetInfo(.hDevice = 0x3010a040, .propName = UR_DEVICE_INFO_DEVICE_ID, .propSize = 4, .pPropValue = 0x7fff3881d408 (57868), .pPropSizeRet = nullptr) -> UR_RESULT_SUCCESS;
   ---> urDeviceGetInfo
   <--- urDeviceGetInfo(.hDevice = 0x3010a040, .propName = UR_DEVICE_INFO_COMPILER_AVAILABLE, .propSize = 1, .pPropValue = 0x7fff3881d4a0 (true), .pPropSizeRet = nullptr) -> UR_RESULT_SUCCESS;
   ---> urProgramCreateWithIL
   <--- urProgramCreateWithIL(.hContext = 0x3010eb90, .pIL = 0x415b20, .length = 2080, .pProperties = nullptr, .phProgram = 0x7fff3881d5c0 (0x3014ca10)) -> UR_RESULT_SUCCESS;
   ---> urProgramBuildExp
[2026-10-07 15:28:28.485] [thread-id: 126892597071040] [trace] zeModuleCreate(hContext, hDevice, desc, phModule, phBuildLog)
[2026-10-07 15:28:28.486] [thread-id: 126892597071040] [trace] SUCCESS (ZE_RESULT_SUCCESS) in zeModuleCreate(hContext=0x3010b738, hDevice=0x300f4f28, desc={stype=0x7fff3881d240, format=0x7fff3881d250, inputSize=2080, pInputModule=3, pBuildFlags=" -ze-opt-level=2", pConstants={numConstants=0, pConstantIds=nullptr, pConstantValues=nullptr}}, phModule=0x3015fd18, phBuildLog=0x30185818)
[2026-10-07 15:28:28.486] [thread-id: 126892597071040] [trace] zeModuleGetProperties(hModule, pModuleProperties)
[2026-10-07 15:28:28.486] [thread-id: 126892597071040] [trace] SUCCESS (ZE_RESULT_SUCCESS) in zeModuleGetProperties(hModule=0x3015fd18, pModuleProperties={stype=0x7fff3881d1b0, flags=0})
   <--- urProgramBuildExp(.hProgram = 0x3014ca10, .numDevices = 1, .phDevices = 0x30184a50 {0x3010a040}, .flags = 0, .pOptions = 0x30184a70 ( -ze-opt-level=2)) -> UR_RESULT_SUCCESS;
   ---> urProgramRetain
   <--- urProgramRetain(.hProgram = 0x3014ca10) -> UR_RESULT_SUCCESS;
   ---> urKernelCreate
[2026-10-07 15:28:28.486] [thread-id: 126892597071040] [trace] zeKernelCreate(hModule, desc, phKernel)
[2026-10-07 15:28:28.486] [thread-id: 126892597071040] [trace] SUCCESS (ZE_RESULT_SUCCESS) in zeKernelCreate(hModule=0x3015fd18, desc={stype=0x7fff3881d8d0, flags=0, pKernelName="_ZTSZ4mainEUlN4sycl3_V12idILi1EEEE_"}, phKernel=0x3019c748)
[2026-10-07 15:28:28.486] [thread-id: 126892597071040] [trace] zeKernelGetName(hKernel, pSize, pName)
[2026-10-07 15:28:28.486] [thread-id: 126892597071040] [trace] SUCCESS (ZE_RESULT_SUCCESS) in zeKernelGetName(hKernel=0x3019c748, pSize=36, pName=nullptr)
[2026-10-07 15:28:28.486] [thread-id: 126892597071040] [trace] zeKernelGetName(hKernel, pSize, pName)
[2026-10-07 15:28:28.486] [thread-id: 126892597071040] [trace] SUCCESS (ZE_RESULT_SUCCESS) in zeKernelGetName(hKernel=0x3019c748, pSize=36, pName="_ZTSZ4mainEUlN4sycl3_V12idILi1EEEE_")
[2026-10-07 15:28:28.486] [thread-id: 126892597071040] [trace] zeKernelGetProperties(hKernel, pKernelProperties)
[2026-10-07 15:28:28.486] [thread-id: 126892597071040] [trace] SUCCESS (ZE_RESULT_SUCCESS) in zeKernelGetProperties(hKernel=0x3019c748, pKernelProperties={stype=0x3017db48, numKernelArgs=1, requiredGroupSizeX=0, requiredGroupSizeY=0, requiredGroupSizeZ=0, requiredNumSubGroups=0, requiredSubgroupSize=0, maxSubgroupSize=32, maxNumSubgroups=32, localMemSize=0, privateMemSize=0, spillMemSize=0, uuid={kid=0, mid=0}})
   <--- urKernelCreate(.hProgram = 0x3014ca10, .pKernelName = 0x4131d2 (_ZTSZ4mainEUlN4sycl3_V12idILi1EEEE_), .phKernel = 0x7fff3881dbf0 (0x30197d40)) -> UR_RESULT_SUCCESS;
   ---> urKernelSetExecInfo
[2026-10-07 15:28:28.486] [thread-id: 126892597071040] [trace] zeKernelSetIndirectAccess(hKernel, flags)
[2026-10-07 15:28:28.486] [thread-id: 126892597071040] [trace] SUCCESS (ZE_RESULT_SUCCESS) in zeKernelSetIndirectAccess(hKernel=0x3019c748, flags=7)
   <--- urKernelSetExecInfo(.hKernel = 0x30197d40, .propName = UR_KERNEL_EXEC_INFO_USM_INDIRECT_ACCESS, .propSize = 1, .pProperties = nullptr, .pPropValue = 0x7fff3881dbef (true)) -> UR_RESULT_SUCCESS;
   ---> urKernelRetain
   <--- urKernelRetain(.hKernel = 0x30197d40) -> UR_RESULT_SUCCESS;
   ---> urKernelGetGroupInfo
   <--- urKernelGetGroupInfo(.hKernel = 0x30197d40, .hDevice = 0x3010a040, .propName = UR_KERNEL_GROUP_INFO_COMPILE_WORK_GROUP_SIZE, .propSize = 24, .pPropValue = {0, 0, 0}, .pPropSizeRet = nullptr) -> UR_RESULT_SUCCESS;
   ---> urEnqueueKernelLaunchWithArgsExp
[2026-10-07 15:28:28.486] [thread-id: 126892597071040] [trace] zeKernelSuggestGroupSize(hKernel, globalSizeX, globalSizeY, globalSizeZ, groupSizeX, groupSizeY, groupSizeZ)
[2026-10-07 15:28:28.486] [thread-id: 126892597071040] [trace] SUCCESS (ZE_RESULT_SUCCESS) in zeKernelSuggestGroupSize(hKernel=0x3019c748, globalSizeX=16384, globalSizeY=1, globalSizeZ=1, groupSizeX=1024, groupSizeY=1, groupSizeZ=1)
[2026-10-07 15:28:28.486] [thread-id: 126892597071040] [trace] zeKernelSetGroupSize(hKernel, groupSizeX, groupSizeY, groupSizeZ)
[2026-10-07 15:28:28.486] [thread-id: 126892597071040] [trace] SUCCESS (ZE_RESULT_SUCCESS) in zeKernelSetGroupSize(hKernel=0x3019c748, groupSizeX=1024, groupSizeY=1, groupSizeZ=1)
[2026-10-07 15:28:28.486] [thread-id: 126892597071040] [trace] zeCommandListAppendLaunchKernelWithArguments(hCommandList, hKernel, groupCounts, groupSizes, pArguments, pNext, hSignalEvent, numWaitEvents, phWaitEventsLocal)
[2026-10-07 15:28:28.487] [thread-id: 126892597071040] [trace] SUCCESS (ZE_RESULT_SUCCESS) in zeCommandListAppendLaunchKernelWithArguments(hCommandList=0x30112d88, hKernel=0x3019c748, groupCounts={groupCountX=16, groupCountY=1, groupCountZ=1}, groupSizes={groupSizeX=1024, groupSizeY=1, groupSizeZ=1}, pArguments=0x3019ce90, pNext=nullptr, hSignalEvent=0x3015bc18, numWaitEvents=0, phWaitEvents=nullptr)
   <--- urEnqueueKernelLaunchWithArgsExp(.hQueue = 0x301120a0, .hKernel = 0x30197d40, .workDim = 1, .pGlobalWorkOffset = nullptr, .pGlobalWorkSize = 0x7fff3881e3b0 (16384), .pLocalWorkSize = nullptr, .numArgs = 1, .pArgs = 0x301988d0 {(struct ur_exp_kernel_arg_properties_t){.stype = UR_STRUCTURE_TYPE_EXP_KERNEL_ARG_PROPERTIES, .pNext = nullptr, .type = UR_EXP_KERNEL_ARG_TYPE_POINTER, .index = 0, .size = 8, .value = (union ur_exp_kernel_arg_value_t){.pointer = 0xffffffffff600000}}}, .launchPropList = nullptr, .numEventsInWaitList = 0, .phEventWaitList = nullptr, .phEvent = 0x7fff3881ddd0 (0x3015b600)) -> UR_RESULT_SUCCESS;
   ---> urEventWait
[2026-10-07 15:28:28.487] [thread-id: 126892597071040] [trace] zeEventHostSynchronize(hEvent, timeout)
[2026-10-07 15:28:28.487] [thread-id: 126892597071040] [trace] SUCCESS (ZE_RESULT_SUCCESS) in zeEventHostSynchronize(hEvent=0x3015bc18, timeout=18446744073709551615)
   <--- urEventWait(.numEvents = 1, .phEventWaitList = 0x7fff3881e4d0 {0x3015b600}) -> UR_RESULT_SUCCESS;
   ---> urEventRelease
   <--- urEventRelease(.hEvent = 0x3015b600) -> UR_RESULT_SUCCESS;
   ---> urEnqueueUSMMemcpy
[2026-10-07 15:28:28.487] [thread-id: 126892597071040] [trace] zeCommandListAppendMemoryCopy(hCommandList, dstptr, srcptr, size, hSignalEvent, numWaitEvents, phWaitEventsLocal)
[2026-10-07 15:28:28.487] [thread-id: 126892597071040] [trace] SUCCESS (ZE_RESULT_SUCCESS) in zeCommandListAppendMemoryCopy(hCommandList=0x30112d88, dstptr=0x301338b0, srcptr=0xffffffffff600000, size=65536, hSignalEvent=0x3015bc18, numWaitEvents=0, phWaitEvents=nullptr)
   <--- urEnqueueUSMMemcpy(.hQueue = 0x301120a0, .blocking = 0, .pDst = 0x301338b0, .pSrc = 0xffffffffff600000, .size = 65536, .numEventsInWaitList = 0, .phEventWaitList = nullptr, .phEvent = 0x7fff3881e480 (0x3015b600)) -> UR_RESULT_SUCCESS;
   ---> urEventWait
[2026-10-07 15:28:28.487] [thread-id: 126892597071040] [trace] zeEventHostSynchronize(hEvent, timeout)
[2026-10-07 15:28:28.487] [thread-id: 126892597071040] [trace] SUCCESS (ZE_RESULT_SUCCESS) in zeEventHostSynchronize(hEvent=0x3015bc18, timeout=18446744073709551615)
   <--- urEventWait(.numEvents = 1, .phEventWaitList = 0x7fff3881e4d0 {0x3015b600}) -> UR_RESULT_SUCCESS;
   ---> urEventRelease
   <--- urEventRelease(.hEvent = 0x3015b600) -> UR_RESULT_SUCCESS;
   ---> urEnqueueUSMMemcpy
[2026-10-07 15:28:28.487] [thread-id: 126892597071040] [trace] zeCommandListAppendMemoryCopy(hCommandList, dstptr, srcptr, size, hSignalEvent, numWaitEvents, phWaitEventsLocal)
[2026-10-07 15:28:28.488] [thread-id: 126892597071040] [trace] SUCCESS (ZE_RESULT_SUCCESS) in zeCommandListAppendMemoryCopy(hCommandList=0x30112d88, dstptr=0xffffffffff600000, srcptr=0x301238a0, size=65536, hSignalEvent=0x3015bc18, numWaitEvents=0, phWaitEvents=nullptr)
   <--- urEnqueueUSMMemcpy(.hQueue = 0x301120a0, .blocking = 0, .pDst = 0xffffffffff600000, .pSrc = 0x301238a0, .size = 65536, .numEventsInWaitList = 0, .phEventWaitList = nullptr, .phEvent = 0x7fff3881e480 (0x3015b600)) -> UR_RESULT_SUCCESS;
   ---> urEventWait
[2026-10-07 15:28:28.488] [thread-id: 126892597071040] [trace] zeEventHostSynchronize(hEvent, timeout)
[2026-10-07 15:28:28.488] [thread-id: 126892597071040] [trace] SUCCESS (ZE_RESULT_SUCCESS) in zeEventHostSynchronize(hEvent=0x3015bc18, timeout=18446744073709551615)
   <--- urEventWait(.numEvents = 1, .phEventWaitList = 0x7fff3881e4d0 {0x3015b600}) -> UR_RESULT_SUCCESS;
   ---> urEventRelease
   <--- urEventRelease(.hEvent = 0x3015b600) -> UR_RESULT_SUCCESS;
   ---> urDeviceGetInfo
   <--- urDeviceGetInfo(.hDevice = 0x3010a040, .propName = UR_DEVICE_INFO_MAX_WORK_GROUPS_3D, .propSize = 24, .pPropValue = {4294967295, 4294967295, 4294967295}, .pPropSizeRet = nullptr) -> UR_RESULT_SUCCESS;
   ---> urKernelGetGroupInfo
   <--- urKernelGetGroupInfo(.hKernel = 0x30197d40, .hDevice = 0x3010a040, .propName = UR_KERNEL_GROUP_INFO_COMPILE_WORK_GROUP_SIZE, .propSize = 24, .pPropValue = {0, 0, 0}, .pPropSizeRet = nullptr) -> UR_RESULT_SUCCESS;
   ---> urEnqueueKernelLaunchWithArgsExp
[2026-10-07 15:28:28.488] [thread-id: 126892597071040] [trace] zeKernelSuggestGroupSize(hKernel, globalSizeX, globalSizeY, globalSizeZ, groupSizeX, groupSizeY, groupSizeZ)
[2026-10-07 15:28:28.488] [thread-id: 126892597071040] [trace] SUCCESS (ZE_RESULT_SUCCESS) in zeKernelSuggestGroupSize(hKernel=0x3019c748, globalSizeX=16384, globalSizeY=1, globalSizeZ=1, groupSizeX=1024, groupSizeY=1, groupSizeZ=1)
[2026-10-07 15:28:28.488] [thread-id: 126892597071040] [trace] zeKernelSetGroupSize(hKernel, groupSizeX, groupSizeY, groupSizeZ)
[2026-10-07 15:28:28.488] [thread-id: 126892597071040] [trace] SUCCESS (ZE_RESULT_SUCCESS) in zeKernelSetGroupSize(hKernel=0x3019c748, groupSizeX=1024, groupSizeY=1, groupSizeZ=1)
[2026-10-07 15:28:28.488] [thread-id: 126892597071040] [trace] zeCommandListAppendLaunchKernelWithArguments(hCommandList, hKernel, groupCounts, groupSizes, pArguments, pNext, hSignalEvent, numWaitEvents, phWaitEventsLocal)
[2026-10-07 15:28:28.488] [thread-id: 126892597071040] [trace] SUCCESS (ZE_RESULT_SUCCESS) in zeCommandListAppendLaunchKernelWithArguments(hCommandList=0x30112d88, hKernel=0x3019c748, groupCounts={groupCountX=16, groupCountY=1, groupCountZ=1}, groupSizes={groupSizeX=1024, groupSizeY=1, groupSizeZ=1}, pArguments=0x3019ce90, pNext=nullptr, hSignalEvent=0x3015bc18, numWaitEvents=0, phWaitEvents=nullptr)
   <--- urEnqueueKernelLaunchWithArgsExp(.hQueue = 0x301120a0, .hKernel = 0x30197d40, .workDim = 1, .pGlobalWorkOffset = nullptr, .pGlobalWorkSize = 0x7fff3881e3b0 (16384), .pLocalWorkSize = nullptr, .numArgs = 1, .pArgs = 0x301988d0 {(struct ur_exp_kernel_arg_properties_t){.stype = UR_STRUCTURE_TYPE_EXP_KERNEL_ARG_PROPERTIES, .pNext = nullptr, .type = UR_EXP_KERNEL_ARG_TYPE_POINTER, .index = 0, .size = 8, .value = (union ur_exp_kernel_arg_value_t){.pointer = 0xffffffffff600000}}}, .launchPropList = nullptr, .numEventsInWaitList = 0, .phEventWaitList = nullptr, .phEvent = 0x7fff3881ddd0 (0x3015b600)) -> UR_RESULT_SUCCESS;
   ---> urEventWait
[2026-10-07 15:28:28.488] [thread-id: 126892597071040] [trace] zeEventHostSynchronize(hEvent, timeout)
[2026-10-07 15:28:28.488] [thread-id: 126892597071040] [trace] SUCCESS (ZE_RESULT_SUCCESS) in zeEventHostSynchronize(hEvent=0x3015bc18, timeout=18446744073709551615)
   <--- urEventWait(.numEvents = 1, .phEventWaitList = 0x7fff3881e4d0 {0x3015b600}) -> UR_RESULT_SUCCESS;
   ---> urEventRelease
   <--- urEventRelease(.hEvent = 0x3015b600) -> UR_RESULT_SUCCESS;
   ---> urEnqueueUSMMemcpy
[2026-10-07 15:28:28.488] [thread-id: 126892597071040] [trace] zeCommandListAppendMemoryCopy(hCommandList, dstptr, srcptr, size, hSignalEvent, numWaitEvents, phWaitEventsLocal)
[2026-10-07 15:28:28.488] [thread-id: 126892597071040] [trace] SUCCESS (ZE_RESULT_SUCCESS) in zeCommandListAppendMemoryCopy(hCommandList=0x30112d88, dstptr=0x301338b0, srcptr=0xffffffffff600000, size=65536, hSignalEvent=0x3015bc18, numWaitEvents=0, phWaitEvents=nullptr)
   <--- urEnqueueUSMMemcpy(.hQueue = 0x301120a0, .blocking = 0, .pDst = 0x301338b0, .pSrc = 0xffffffffff600000, .size = 65536, .numEventsInWaitList = 0, .phEventWaitList = nullptr, .phEvent = 0x7fff3881e480 (0x3015b600)) -> UR_RESULT_SUCCESS;
   ---> urEventWait
[2026-10-07 15:28:28.488] [thread-id: 126892597071040] [trace] zeEventHostSynchronize(hEvent, timeout)
[2026-10-07 15:28:28.488] [thread-id: 126892597071040] [trace] SUCCESS (ZE_RESULT_SUCCESS) in zeEventHostSynchronize(hEvent=0x3015bc18, timeout=18446744073709551615)
   <--- urEventWait(.numEvents = 1, .phEventWaitList = 0x7fff3881e4d0 {0x3015b600}) -> UR_RESULT_SUCCESS;
   ---> urEventRelease
   <--- urEventRelease(.hEvent = 0x3015b600) -> UR_RESULT_SUCCESS;
   ---> urEnqueueUSMMemcpy
[2026-10-07 15:28:28.488] [thread-id: 126892597071040] [trace] zeCommandListAppendMemoryCopy(hCommandList, dstptr, srcptr, size, hSignalEvent, numWaitEvents, phWaitEventsLocal)
[2026-10-07 15:28:28.488] [thread-id: 126892597071040] [trace] SUCCESS (ZE_RESULT_SUCCESS) in zeCommandListAppendMemoryCopy(hCommandList=0x30112d88, dstptr=0xffffffffff600000, srcptr=0x301238a0, size=65536, hSignalEvent=0x3015bc18, numWaitEvents=0, phWaitEvents=nullptr)
   <--- urEnqueueUSMMemcpy(.hQueue = 0x301120a0, .blocking = 0, .pDst = 0xffffffffff600000, .pSrc = 0x301238a0, .size = 65536, .numEventsInWaitList = 0, .phEventWaitList = nullptr, .phEvent = 0x7fff3881e480 (0x3015b600)) -> UR_RESULT_SUCCESS;
   ---> urEventWait
[2026-10-07 15:28:28.488] [thread-id: 126892597071040] [trace] zeEventHostSynchronize(hEvent, timeout)
[2026-10-07 15:28:28.488] [thread-id: 126892597071040] [trace] SUCCESS (ZE_RESULT_SUCCESS) in zeEventHostSynchronize(hEvent=0x3015bc18, timeout=18446744073709551615)
   <--- urEventWait(.numEvents = 1, .phEventWaitList = 0x7fff3881e4d0 {0x3015b600}) -> UR_RESULT_SUCCESS;
   ---> urEventRelease
   <--- urEventRelease(.hEvent = 0x3015b600) -> UR_RESULT_SUCCESS;
   ---> urDeviceGetInfo
   <--- urDeviceGetInfo(.hDevice = 0x3010a040, .propName = UR_DEVICE_INFO_MAX_WORK_GROUPS_3D, .propSize = 24, .pPropValue = {4294967295, 4294967295, 4294967295}, .pPropSizeRet = nullptr) -> UR_RESULT_SUCCESS;
   ---> urKernelGetGroupInfo
   <--- urKernelGetGroupInfo(.hKernel = 0x30197d40, .hDevice = 0x3010a040, .propName = UR_KERNEL_GROUP_INFO_COMPILE_WORK_GROUP_SIZE, .propSize = 24, .pPropValue = {0, 0, 0}, .pPropSizeRet = nullptr) -> UR_RESULT_SUCCESS;
   ---> urEnqueueKernelLaunchWithArgsExp
[2026-10-07 15:28:28.488] [thread-id: 126892597071040] [trace] zeKernelSuggestGroupSize(hKernel, globalSizeX, globalSizeY, globalSizeZ, groupSizeX, groupSizeY, groupSizeZ)
[2026-10-07 15:28:28.488] [thread-id: 126892597071040] [trace] SUCCESS (ZE_RESULT_SUCCESS) in zeKernelSuggestGroupSize(hKernel=0x3019c748, globalSizeX=16384, globalSizeY=1, globalSizeZ=1, groupSizeX=1024, groupSizeY=1, groupSizeZ=1)
[2026-10-07 15:28:28.488] [thread-id: 126892597071040] [trace] zeKernelSetGroupSize(hKernel, groupSizeX, groupSizeY, groupSizeZ)
[2026-10-07 15:28:28.488] [thread-id: 126892597071040] [trace] SUCCESS (ZE_RESULT_SUCCESS) in zeKernelSetGroupSize(hKernel=0x3019c748, groupSizeX=1024, groupSizeY=1, groupSizeZ=1)
[2026-10-07 15:28:28.488] [thread-id: 126892597071040] [trace] zeCommandListAppendLaunchKernelWithArguments(hCommandList, hKernel, groupCounts, groupSizes, pArguments, pNext, hSignalEvent, numWaitEvents, phWaitEventsLocal)
[2026-10-07 15:28:28.488] [thread-id: 126892597071040] [trace] SUCCESS (ZE_RESULT_SUCCESS) in zeCommandListAppendLaunchKernelWithArguments(hCommandList=0x30112d88, hKernel=0x3019c748, groupCounts={groupCountX=16, groupCountY=1, groupCountZ=1}, groupSizes={groupSizeX=1024, groupSizeY=1, groupSizeZ=1}, pArguments=0x3019ce90, pNext=nullptr, hSignalEvent=0x3015bc18, numWaitEvents=0, phWaitEvents=nullptr)
   <--- urEnqueueKernelLaunchWithArgsExp(.hQueue = 0x301120a0, .hKernel = 0x30197d40, .workDim = 1, .pGlobalWorkOffset = nullptr, .pGlobalWorkSize = 0x7fff3881e3b0 (16384), .pLocalWorkSize = nullptr, .numArgs = 1, .pArgs = 0x301988d0 {(struct ur_exp_kernel_arg_properties_t){.stype = UR_STRUCTURE_TYPE_EXP_KERNEL_ARG_PROPERTIES, .pNext = nullptr, .type = UR_EXP_KERNEL_ARG_TYPE_POINTER, .index = 0, .size = 8, .value = (union ur_exp_kernel_arg_value_t){.pointer = 0xffffffffff600000}}}, .launchPropList = nullptr, .numEventsInWaitList = 0, .phEventWaitList = nullptr, .phEvent = 0x7fff3881ddd0 (0x3015b600)) -> UR_RESULT_SUCCESS;
   ---> urEventWait
[2026-10-07 15:28:28.489] [thread-id: 126892597071040] [trace] zeEventHostSynchronize(hEvent, timeout)
[2026-10-07 15:28:28.489] [thread-id: 126892597071040] [trace] SUCCESS (ZE_RESULT_SUCCESS) in zeEventHostSynchronize(hEvent=0x3015bc18, timeout=18446744073709551615)
   <--- urEventWait(.numEvents = 1, .phEventWaitList = 0x7fff3881e4d0 {0x3015b600}) -> UR_RESULT_SUCCESS;
   ---> urEventRelease
   <--- urEventRelease(.hEvent = 0x3015b600) -> UR_RESULT_SUCCESS;
   ---> urEnqueueUSMMemcpy
[2026-10-07 15:28:28.489] [thread-id: 126892597071040] [trace] zeCommandListAppendMemoryCopy(hCommandList, dstptr, srcptr, size, hSignalEvent, numWaitEvents, phWaitEventsLocal)
[2026-10-07 15:28:28.489] [thread-id: 126892597071040] [trace] SUCCESS (ZE_RESULT_SUCCESS) in zeCommandListAppendMemoryCopy(hCommandList=0x30112d88, dstptr=0x301338b0, srcptr=0xffffffffff600000, size=65536, hSignalEvent=0x3015bc18, numWaitEvents=0, phWaitEvents=nullptr)
   <--- urEnqueueUSMMemcpy(.hQueue = 0x301120a0, .blocking = 0, .pDst = 0x301338b0, .pSrc = 0xffffffffff600000, .size = 65536, .numEventsInWaitList = 0, .phEventWaitList = nullptr, .phEvent = 0x7fff3881e480 (0x3015b600)) -> UR_RESULT_SUCCESS;
   ---> urEventWait
[2026-10-07 15:28:28.489] [thread-id: 126892597071040] [trace] zeEventHostSynchronize(hEvent, timeout)
[2026-10-07 15:28:28.489] [thread-id: 126892597071040] [trace] SUCCESS (ZE_RESULT_SUCCESS) in zeEventHostSynchronize(hEvent=0x3015bc18, timeout=18446744073709551615)
   <--- urEventWait(.numEvents = 1, .phEventWaitList = 0x7fff3881e4d0 {0x3015b600}) -> UR_RESULT_SUCCESS;
   ---> urEventRelease
   <--- urEventRelease(.hEvent = 0x3015b600) -> UR_RESULT_SUCCESS;
   ---> urQueueFinish
[2026-10-07 15:28:28.489] [thread-id: 126892597071040] [trace] zeCommandListHostSynchronize(hCommandList, timeout)
[2026-10-07 15:28:28.489] [thread-id: 126892597071040] [trace] SUCCESS (ZE_RESULT_SUCCESS) in zeCommandListHostSynchronize(hCommandList=0x30112d88, timeout=18446744073709551615)
   <--- urQueueFinish(.hQueue = 0x301120a0) -> UR_RESULT_SUCCESS;
   ---> urUSMFree
   <--- urUSMFree(.hContext = 0x3010eb90, .pMem = 0xffffffffff600000) -> UR_RESULT_SUCCESS;
   ---> urQueueRelease
[2026-10-07 15:28:28.489] [thread-id: 126892597071040] [trace] zeCommandListHostSynchronize(hCommandList, timeout)
[2026-10-07 15:28:28.489] [thread-id: 126892597071040] [trace] SUCCESS (ZE_RESULT_SUCCESS) in zeCommandListHostSynchronize(hCommandList=0x30112d88, timeout=18446744073709551615)
   <--- urQueueRelease(.hQueue = 0x301120a0) -> UR_RESULT_SUCCESS;
   ---> urProgramRelease
   <--- urProgramRelease(.hProgram = 0x3014ca10) -> UR_RESULT_SUCCESS;
   ---> urKernelRelease
   <--- urKernelRelease(.hKernel = 0x30197d40) -> UR_RESULT_SUCCESS;
   ---> urProgramRelease
   <--- urProgramRelease(.hProgram = 0x3014ca10) -> UR_RESULT_SUCCESS;
   ---> urKernelRelease
[2026-10-07 15:28:28.489] [thread-id: 126892597071040] [trace] zeKernelDestroy(hKernel)
[2026-10-07 15:28:28.489] [thread-id: 126892597071040] [trace] SUCCESS (ZE_RESULT_SUCCESS) in zeKernelDestroy(hKernel=0x3019c748)
[2026-10-07 15:28:28.489] [thread-id: 126892597071040] [trace] zeModuleBuildLogDestroy(hModuleBuildLog)
[2026-10-07 15:28:28.489] [thread-id: 126892597071040] [trace] SUCCESS (ZE_RESULT_SUCCESS) in zeModuleBuildLogDestroy(hModuleBuildLog=0x30185818)
[2026-10-07 15:28:28.489] [thread-id: 126892597071040] [trace] zeModuleDestroy(hModule)
[2026-10-07 15:28:28.489] [thread-id: 126892597071040] [trace] SUCCESS (ZE_RESULT_SUCCESS) in zeModuleDestroy(hModule=0x3015fd18)
   <--- urKernelRelease(.hKernel = 0x30197d40) -> UR_RESULT_SUCCESS;
   ---> urContextRelease
[2026-10-07 15:28:28.489] [thread-id: 126892597071040] [trace] zeMemFreeExt(hContext, pMemFreeDesc, ptr)
[2026-10-07 15:28:28.490] [thread-id: 126892597071040] [trace] SUCCESS (ZE_RESULT_SUCCESS) in zeMemFreeExt(hContext=0x3010b738, pMemFreeDesc={stype=0x7fff3881e210, freePolicy=1}, ptr=0xffffffffff600000)
[2026-10-07 15:28:28.490] [thread-id: 126892597071040] [trace] zeEventDestroy(hEvent)
[2026-10-07 15:28:28.490] [thread-id: 126892597071040] [trace] SUCCESS (ZE_RESULT_SUCCESS) in zeEventDestroy(hEvent=0x30144528)
[2026-10-07 15:28:28.490] [thread-id: 126892597071040] [trace] zeEventDestroy(hEvent)
[2026-10-07 15:28:28.490] [thread-id: 126892597071040] [trace] SUCCESS (ZE_RESULT_SUCCESS) in zeEventDestroy(hEvent=0x30144a68)
[2026-10-07 15:28:28.490] [thread-id: 126892597071040] [trace] zeEventDestroy(hEvent)
[2026-10-07 15:28:28.490] [thread-id: 126892597071040] [trace] SUCCESS (ZE_RESULT_SUCCESS) in zeEventDestroy(hEvent=0x30145168)
[2026-10-07 15:28:28.490] [thread-id: 126892597071040] [trace] zeEventDestroy(hEvent)
[2026-10-07 15:28:28.490] [thread-id: 126892597071040] [trace] SUCCESS (ZE_RESULT_SUCCESS) in zeEventDestroy(hEvent=0x301456c8)
[2026-10-07 15:28:28.490] [thread-id: 126892597071040] [trace] zeEventDestroy(hEvent)
[2026-10-07 15:28:28.490] [thread-id: 126892597071040] [trace] SUCCESS (ZE_RESULT_SUCCESS) in zeEventDestroy(hEvent=0x30145dc8)
[2026-10-07 15:28:28.490] [thread-id: 126892597071040] [trace] zeEventDestroy(hEvent)
[2026-10-07 15:28:28.490] [thread-id: 126892597071040] [trace] SUCCESS (ZE_RESULT_SUCCESS) in zeEventDestroy(hEvent=0x301462d8)
[2026-10-07 15:28:28.490] [thread-id: 126892597071040] [trace] zeEventDestroy(hEvent)
[2026-10-07 15:28:28.490] [thread-id: 126892597071040] [trace] SUCCESS (ZE_RESULT_SUCCESS) in zeEventDestroy(hEvent=0x301469d8)
[2026-10-07 15:28:28.490] [thread-id: 126892597071040] [trace] zeEventDestroy(hEvent)
[2026-10-07 15:28:28.490] [thread-id: 126892597071040] [trace] SUCCESS (ZE_RESULT_SUCCESS) in zeEventDestroy(hEvent=0x30146ee8)
[2026-10-07 15:28:28.490] [thread-id: 126892597071040] [trace] zeEventDestroy(hEvent)
[2026-10-07 15:28:28.490] [thread-id: 126892597071040] [trace] SUCCESS (ZE_RESULT_SUCCESS) in zeEventDestroy(hEvent=0x301475e8)
[2026-10-07 15:28:28.490] [thread-id: 126892597071040] [trace] zeEventDestroy(hEvent)
[2026-10-07 15:28:28.490] [thread-id: 126892597071040] [trace] SUCCESS (ZE_RESULT_SUCCESS) in zeEventDestroy(hEvent=0x30147b98)
[2026-10-07 15:28:28.490] [thread-id: 126892597071040] [trace] zeEventDestroy(hEvent)
[2026-10-07 15:28:28.490] [thread-id: 126892597071040] [trace] SUCCESS (ZE_RESULT_SUCCESS) in zeEventDestroy(hEvent=0x30148298)
[2026-10-07 15:28:28.490] [thread-id: 126892597071040] [trace] zeEventDestroy(hEvent)
[2026-10-07 15:28:28.490] [thread-id: 126892597071040] [trace] SUCCESS (ZE_RESULT_SUCCESS) in zeEventDestroy(hEvent=0x301487a8)
[2026-10-07 15:28:28.490] [thread-id: 126892597071040] [trace] zeEventDestroy(hEvent)
[2026-10-07 15:28:28.490] [thread-id: 126892597071040] [trace] SUCCESS (ZE_RESULT_SUCCESS) in zeEventDestroy(hEvent=0x30148ea8)
[2026-10-07 15:28:28.490] [thread-id: 126892597071040] [trace] zeEventDestroy(hEvent)
[2026-10-07 15:28:28.490] [thread-id: 126892597071040] [trace] SUCCESS (ZE_RESULT_SUCCESS) in zeEventDestroy(hEvent=0x301493b8)
[2026-10-07 15:28:28.490] [thread-id: 126892597071040] [trace] zeEventDestroy(hEvent)
[2026-10-07 15:28:28.490] [thread-id: 126892597071040] [trace] SUCCESS (ZE_RESULT_SUCCESS) in zeEventDestroy(hEvent=0x30149ab8)
[2026-10-07 15:28:28.490] [thread-id: 126892597071040] [trace] zeEventDestroy(hEvent)
[2026-10-07 15:28:28.490] [thread-id: 126892597071040] [trace] SUCCESS (ZE_RESULT_SUCCESS) in zeEventDestroy(hEvent=0x3014a0d8)
[2026-10-07 15:28:28.490] [thread-id: 126892597071040] [trace] zeEventDestroy(hEvent)
[2026-10-07 15:28:28.490] [thread-id: 126892597071040] [trace] SUCCESS (ZE_RESULT_SUCCESS) in zeEventDestroy(hEvent=0x3014a7d8)
[2026-10-07 15:28:28.490] [thread-id: 126892597071040] [trace] zeEventDestroy(hEvent)
[2026-10-07 15:28:28.490] [thread-id: 126892597071040] [trace] SUCCESS (ZE_RESULT_SUCCESS) in zeEventDestroy(hEvent=0x3014ace8)
[2026-10-07 15:28:28.490] [thread-id: 126892597071040] [trace] zeEventDestroy(hEvent)
[2026-10-07 15:28:28.490] [thread-id: 126892597071040] [trace] SUCCESS (ZE_RESULT_SUCCESS) in zeEventDestroy(hEvent=0x3014b3e8)
[2026-10-07 15:28:28.490] [thread-id: 126892597071040] [trace] zeEventDestroy(hEvent)
[2026-10-07 15:28:28.490] [thread-id: 126892597071040] [trace] SUCCESS (ZE_RESULT_SUCCESS) in zeEventDestroy(hEvent=0x3014b8f8)
[2026-10-07 15:28:28.490] [thread-id: 126892597071040] [trace] zeEventDestroy(hEvent)
[2026-10-07 15:28:28.490] [thread-id: 126892597071040] [trace] SUCCESS (ZE_RESULT_SUCCESS) in zeEventDestroy(hEvent=0x3014bff8)
[2026-10-07 15:28:28.490] [thread-id: 126892597071040] [trace] zeEventDestroy(hEvent)
[2026-10-07 15:28:28.490] [thread-id: 126892597071040] [trace] SUCCESS (ZE_RESULT_SUCCESS) in zeEventDestroy(hEvent=0x3014c508)
[2026-10-07 15:28:28.490] [thread-id: 126892597071040] [trace] zeEventDestroy(hEvent)
[2026-10-07 15:28:28.490] [thread-id: 126892597071040] [trace] SUCCESS (ZE_RESULT_SUCCESS) in zeEventDestroy(hEvent=0x3014cd48)
[2026-10-07 15:28:28.490] [thread-id: 126892597071040] [trace] zeEventDestroy(hEvent)
[2026-10-07 15:28:28.490] [thread-id: 126892597071040] [trace] SUCCESS (ZE_RESULT_SUCCESS) in zeEventDestroy(hEvent=0x3014d258)
[2026-10-07 15:28:28.491] [thread-id: 126892597071040] [trace] zeEventDestroy(hEvent)
[2026-10-07 15:28:28.491] [thread-id: 126892597071040] [trace] SUCCESS (ZE_RESULT_SUCCESS) in zeEventDestroy(hEvent=0x3014d958)
[2026-10-07 15:28:28.491] [thread-id: 126892597071040] [trace] zeEventDestroy(hEvent)
[2026-10-07 15:28:28.491] [thread-id: 126892597071040] [trace] SUCCESS (ZE_RESULT_SUCCESS) in zeEventDestroy(hEvent=0x3014de68)
[2026-10-07 15:28:28.491] [thread-id: 126892597071040] [trace] zeEventDestroy(hEvent)
[2026-10-07 15:28:28.491] [thread-id: 126892597071040] [trace] SUCCESS (ZE_RESULT_SUCCESS) in zeEventDestroy(hEvent=0x3014e568)
[2026-10-07 15:28:28.491] [thread-id: 126892597071040] [trace] zeEventDestroy(hEvent)
[2026-10-07 15:28:28.491] [thread-id: 126892597071040] [trace] SUCCESS (ZE_RESULT_SUCCESS) in zeEventDestroy(hEvent=0x3014ea78)
[2026-10-07 15:28:28.491] [thread-id: 126892597071040] [trace] zeEventDestroy(hEvent)
[2026-10-07 15:28:28.491] [thread-id: 126892597071040] [trace] SUCCESS (ZE_RESULT_SUCCESS) in zeEventDestroy(hEvent=0x3014f178)
[2026-10-07 15:28:28.491] [thread-id: 126892597071040] [trace] zeEventDestroy(hEvent)
[2026-10-07 15:28:28.491] [thread-id: 126892597071040] [trace] SUCCESS (ZE_RESULT_SUCCESS) in zeEventDestroy(hEvent=0x3014f688)
[2026-10-07 15:28:28.491] [thread-id: 126892597071040] [trace] zeEventDestroy(hEvent)
[2026-10-07 15:28:28.491] [thread-id: 126892597071040] [trace] SUCCESS (ZE_RESULT_SUCCESS) in zeEventDestroy(hEvent=0x3014fd88)
[2026-10-07 15:28:28.491] [thread-id: 126892597071040] [trace] zeEventDestroy(hEvent)
[2026-10-07 15:28:28.491] [thread-id: 126892597071040] [trace] SUCCESS (ZE_RESULT_SUCCESS) in zeEventDestroy(hEvent=0x301504a8)
[2026-10-07 15:28:28.491] [thread-id: 126892597071040] [trace] zeEventDestroy(hEvent)
[2026-10-07 15:28:28.491] [thread-id: 126892597071040] [trace] SUCCESS (ZE_RESULT_SUCCESS) in zeEventDestroy(hEvent=0x30150ba8)
[2026-10-07 15:28:28.491] [thread-id: 126892597071040] [trace] zeEventDestroy(hEvent)
[2026-10-07 15:28:28.491] [thread-id: 126892597071040] [trace] SUCCESS (ZE_RESULT_SUCCESS) in zeEventDestroy(hEvent=0x301510b8)
[2026-10-07 15:28:28.491] [thread-id: 126892597071040] [trace] zeEventDestroy(hEvent)
[2026-10-07 15:28:28.491] [thread-id: 126892597071040] [trace] SUCCESS (ZE_RESULT_SUCCESS) in zeEventDestroy(hEvent=0x301517b8)
[2026-10-07 15:28:28.491] [thread-id: 126892597071040] [trace] zeEventDestroy(hEvent)
[2026-10-07 15:28:28.491] [thread-id: 126892597071040] [trace] SUCCESS (ZE_RESULT_SUCCESS) in zeEventDestroy(hEvent=0x30151cc8)
[2026-10-07 15:28:28.491] [thread-id: 126892597071040] [trace] zeEventDestroy(hEvent)
[2026-10-07 15:28:28.491] [thread-id: 126892597071040] [trace] SUCCESS (ZE_RESULT_SUCCESS) in zeEventDestroy(hEvent=0x301523c8)
[2026-10-07 15:28:28.491] [thread-id: 126892597071040] [trace] zeEventDestroy(hEvent)
[2026-10-07 15:28:28.491] [thread-id: 126892597071040] [trace] SUCCESS (ZE_RESULT_SUCCESS) in zeEventDestroy(hEvent=0x301528d8)
[2026-10-07 15:28:28.491] [thread-id: 126892597071040] [trace] zeEventDestroy(hEvent)
[2026-10-07 15:28:28.491] [thread-id: 126892597071040] [trace] SUCCESS (ZE_RESULT_SUCCESS) in zeEventDestroy(hEvent=0x30152fd8)
[2026-10-07 15:28:28.491] [thread-id: 126892597071040] [trace] zeEventDestroy(hEvent)
[2026-10-07 15:28:28.491] [thread-id: 126892597071040] [trace] SUCCESS (ZE_RESULT_SUCCESS) in zeEventDestroy(hEvent=0x301534e8)
[2026-10-07 15:28:28.491] [thread-id: 126892597071040] [trace] zeEventDestroy(hEvent)
[2026-10-07 15:28:28.491] [thread-id: 126892597071040] [trace] SUCCESS (ZE_RESULT_SUCCESS) in zeEventDestroy(hEvent=0x30153be8)
[2026-10-07 15:28:28.491] [thread-id: 126892597071040] [trace] zeEventDestroy(hEvent)
[2026-10-07 15:28:28.491] [thread-id: 126892597071040] [trace] SUCCESS (ZE_RESULT_SUCCESS) in zeEventDestroy(hEvent=0x301540f8)
[2026-10-07 15:28:28.491] [thread-id: 126892597071040] [trace] zeEventDestroy(hEvent)
[2026-10-07 15:28:28.491] [thread-id: 126892597071040] [trace] SUCCESS (ZE_RESULT_SUCCESS) in zeEventDestroy(hEvent=0x301547f8)
[2026-10-07 15:28:28.491] [thread-id: 126892597071040] [trace] zeEventDestroy(hEvent)
[2026-10-07 15:28:28.491] [thread-id: 126892597071040] [trace] SUCCESS (ZE_RESULT_SUCCESS) in zeEventDestroy(hEvent=0x30154d08)
[2026-10-07 15:28:28.491] [thread-id: 126892597071040] [trace] zeEventDestroy(hEvent)
[2026-10-07 15:28:28.491] [thread-id: 126892597071040] [trace] SUCCESS (ZE_RESULT_SUCCESS) in zeEventDestroy(hEvent=0x30155408)
[2026-10-07 15:28:28.491] [thread-id: 126892597071040] [trace] zeEventDestroy(hEvent)
[2026-10-07 15:28:28.491] [thread-id: 126892597071040] [trace] SUCCESS (ZE_RESULT_SUCCESS) in zeEventDestroy(hEvent=0x30155918)
[2026-10-07 15:28:28.491] [thread-id: 126892597071040] [trace] zeEventDestroy(hEvent)
[2026-10-07 15:28:28.491] [thread-id: 126892597071040] [trace] SUCCESS (ZE_RESULT_SUCCESS) in zeEventDestroy(hEvent=0x30156018)
[2026-10-07 15:28:28.491] [thread-id: 126892597071040] [trace] zeEventDestroy(hEvent)
[2026-10-07 15:28:28.491] [thread-id: 126892597071040] [trace] SUCCESS (ZE_RESULT_SUCCESS) in zeEventDestroy(hEvent=0x30156528)
[2026-10-07 15:28:28.491] [thread-id: 126892597071040] [trace] zeEventDestroy(hEvent)
[2026-10-07 15:28:28.491] [thread-id: 126892597071040] [trace] SUCCESS (ZE_RESULT_SUCCESS) in zeEventDestroy(hEvent=0x30156c28)
[2026-10-07 15:28:28.491] [thread-id: 126892597071040] [trace] zeEventDestroy(hEvent)
[2026-10-07 15:28:28.491] [thread-id: 126892597071040] [trace] SUCCESS (ZE_RESULT_SUCCESS) in zeEventDestroy(hEvent=0x30157138)
[2026-10-07 15:28:28.491] [thread-id: 126892597071040] [trace] zeEventDestroy(hEvent)
[2026-10-07 15:28:28.491] [thread-id: 126892597071040] [trace] SUCCESS (ZE_RESULT_SUCCESS) in zeEventDestroy(hEvent=0x30157ab8)
[2026-10-07 15:28:28.491] [thread-id: 126892597071040] [trace] zeEventDestroy(hEvent)
[2026-10-07 15:28:28.491] [thread-id: 126892597071040] [trace] SUCCESS (ZE_RESULT_SUCCESS) in zeEventDestroy(hEvent=0x30157fc8)
[2026-10-07 15:28:28.491] [thread-id: 126892597071040] [trace] zeEventDestroy(hEvent)
[2026-10-07 15:28:28.491] [thread-id: 126892597071040] [trace] SUCCESS (ZE_RESULT_SUCCESS) in zeEventDestroy(hEvent=0x301586c8)
[2026-10-07 15:28:28.491] [thread-id: 126892597071040] [trace] zeEventDestroy(hEvent)
[2026-10-07 15:28:28.491] [thread-id: 126892597071040] [trace] SUCCESS (ZE_RESULT_SUCCESS) in zeEventDestroy(hEvent=0x30158bd8)
[2026-10-07 15:28:28.491] [thread-id: 126892597071040] [trace] zeEventDestroy(hEvent)
[2026-10-07 15:28:28.492] [thread-id: 126892597071040] [trace] SUCCESS (ZE_RESULT_SUCCESS) in zeEventDestroy(hEvent=0x301592d8)
[2026-10-07 15:28:28.492] [thread-id: 126892597071040] [trace] zeEventDestroy(hEvent)
[2026-10-07 15:28:28.492] [thread-id: 126892597071040] [trace] SUCCESS (ZE_RESULT_SUCCESS) in zeEventDestroy(hEvent=0x301597e8)
[2026-10-07 15:28:28.492] [thread-id: 126892597071040] [trace] zeEventDestroy(hEvent)
[2026-10-07 15:28:28.492] [thread-id: 126892597071040] [trace] SUCCESS (ZE_RESULT_SUCCESS) in zeEventDestroy(hEvent=0x30159ee8)
[2026-10-07 15:28:28.492] [thread-id: 126892597071040] [trace] zeEventDestroy(hEvent)
[2026-10-07 15:28:28.492] [thread-id: 126892597071040] [trace] SUCCESS (ZE_RESULT_SUCCESS) in zeEventDestroy(hEvent=0x3015a3f8)
[2026-10-07 15:28:28.492] [thread-id: 126892597071040] [trace] zeEventDestroy(hEvent)
[2026-10-07 15:28:28.492] [thread-id: 126892597071040] [trace] SUCCESS (ZE_RESULT_SUCCESS) in zeEventDestroy(hEvent=0x3015aaf8)
[2026-10-07 15:28:28.492] [thread-id: 126892597071040] [trace] zeEventDestroy(hEvent)
[2026-10-07 15:28:28.492] [thread-id: 126892597071040] [trace] SUCCESS (ZE_RESULT_SUCCESS) in zeEventDestroy(hEvent=0x3015b008)
[2026-10-07 15:28:28.492] [thread-id: 126892597071040] [trace] zeEventDestroy(hEvent)
[2026-10-07 15:28:28.492] [thread-id: 126892597071040] [trace] SUCCESS (ZE_RESULT_SUCCESS) in zeEventDestroy(hEvent=0x3015b708)
[2026-10-07 15:28:28.492] [thread-id: 126892597071040] [trace] zeEventDestroy(hEvent)
[2026-10-07 15:28:28.492] [thread-id: 126892597071040] [trace] SUCCESS (ZE_RESULT_SUCCESS) in zeEventDestroy(hEvent=0x3015bc18)
[2026-10-07 15:28:28.492] [thread-id: 126892597071040] [trace] zeEventDestroy(hEvent)
[2026-10-07 15:28:28.492] [thread-id: 126892597071040] [trace] SUCCESS (ZE_RESULT_SUCCESS) in zeEventDestroy(hEvent=0x30143a68)
[2026-10-07 15:28:28.492] [thread-id: 126892597071040] [trace] zeEventDestroy(hEvent)
[2026-10-07 15:28:28.492] [thread-id: 126892597071040] [trace] SUCCESS (ZE_RESULT_SUCCESS) in zeEventDestroy(hEvent=0x30143e08)
[2026-10-07 15:28:28.492] [thread-id: 126892597071040] [trace] zeCommandListDestroy(hCommandList)
[2026-10-07 15:28:28.492] [thread-id: 126892597071040] [trace] SUCCESS (ZE_RESULT_SUCCESS) in zeCommandListDestroy(hCommandList=0x30112d88)
[2026-10-07 15:28:28.492] [thread-id: 126892597071040] [trace] zeContextDestroy(hContext)
[2026-10-07 15:28:28.492] [thread-id: 126892597071040] [trace] SUCCESS (ZE_RESULT_SUCCESS) in zeContextDestroy(hContext=0x3010b738)
   <--- urContextRelease(.hContext = 0x3010eb90) -> UR_RESULT_SUCCESS;
   ---> urDeviceRelease
   <--- urDeviceRelease(.hDevice = 0x3010a040) -> UR_RESULT_SUCCESS;
   ---> urAdapterRelease
   <--- urAdapterRelease(.hAdapter = 0x2ff0e700) -> UR_RESULT_SUCCESS;
