<LOADER>[DEBUG]: Logger loader initialized successfully!
<LOADER>[INFO]: loaded adapter 0x0x3cfbd980 (/opt/intel/oneapi/compiler/2026.1/lib/libur_adapter_level_zero_v2.so.0) from /opt/intel/oneapi/compiler/2026.1/lib/libur_adapter_level_zero_v2.so.0
   ---> urAdapterGet
<LEVEL_ZERO>[DEBUG]: zeInit with flags value of 1
[2026-10-08 03:29:56.666] [thread-id: 135007647866048] [info] Loader Version 1.32.0  - No git SHA found, compiled outside git folder.
[2026-10-08 03:29:56.669] [thread-id: 135007647866048] [info] Validation Layer Enabled
[2026-10-08 03:29:56.669] [thread-id: 135007647866048] [info] zeInit succeeded
[2026-10-08 03:29:56.670] [thread-id: 135007647866048] [trace] zeInit(flags)
[2026-10-08 03:29:56.747] [thread-id: 135007647866048] [trace] SUCCESS (ZE_RESULT_SUCCESS) in zeInit(flags=1)
<LEVEL_ZERO>[DEBUG]: Level Zero Loader version: 1.32.0
<LEVEL_ZERO>[DEBUG]: zeInitDrivers with flags value of 1
[2026-10-08 03:29:56.747] [thread-id: 135007647866048] [trace] zeInitDrivers(pCount, phDrivers, desc)
[2026-10-08 03:29:56.747] [thread-id: 135007647866048] [trace] SUCCESS (ZE_RESULT_SUCCESS) in zeInitDrivers(pCount=1, phDrivers=nullptr, desc={stype=0x3cfbc728, flags=1})
[2026-10-08 03:29:56.747] [thread-id: 135007647866048] [trace] zeInitDrivers(pCount, phDrivers, desc)
[2026-10-08 03:29:56.747] [thread-id: 135007647866048] [trace] SUCCESS (ZE_RESULT_SUCCESS) in zeInitDrivers(pCount=1, phDrivers=nullptr, desc={stype=0x3cfbc728, flags=1})
[2026-10-08 03:29:56.747] [thread-id: 135007647866048] [trace] zeDriverGet(pCount, phDrivers)
[2026-10-08 03:29:56.747] [thread-id: 135007647866048] [trace] SUCCESS (ZE_RESULT_SUCCESS) in zeDriverGet(pCount=1, phDrivers=nullptr)
[2026-10-08 03:29:56.747] [thread-id: 135007647866048] [trace] zeDriverGet(pCount, phDrivers)
[2026-10-08 03:29:56.747] [thread-id: 135007647866048] [trace] SUCCESS (ZE_RESULT_SUCCESS) in zeDriverGet(pCount=1, phDrivers=0x3d1a2980)
[2026-10-08 03:29:56.747] [thread-id: 135007647866048] [trace] zeDeviceGet(hDriver, pCount, phDevices)
[2026-10-08 03:29:56.747] [thread-id: 135007647866048] [trace] SUCCESS (ZE_RESULT_SUCCESS) in zeDeviceGet(hDriver=0x3d1a29c8, pCount=1, phDevices=nullptr)
[2026-10-08 03:29:56.747] [thread-id: 135007647866048] [trace] zeDeviceGet(hDriver, pCount, phDevices)
[2026-10-08 03:29:56.747] [thread-id: 135007647866048] [trace] SUCCESS (ZE_RESULT_SUCCESS) in zeDeviceGet(hDriver=0x3d1a29c8, pCount=1, phDevices=0x3d1af2b0)
[2026-10-08 03:29:56.747] [thread-id: 135007647866048] [trace] zeDeviceGetProperties(hDevice, pDeviceProperties)
[2026-10-08 03:29:56.747] [thread-id: 135007647866048] [trace] SUCCESS (ZE_RESULT_SUCCESS) in zeDeviceGetProperties(hDevice=0x3d1a2f28, pDeviceProperties={stype=0x7ffee2768570, type=0x7ffee2768580, vendorId=32902, deviceId=57868, flags=8, subdeviceId=0, coreClockRate=2750, maxMemAllocSize=10132807680, maxHardwareContexts=65536, maxCommandQueuePriority=0, numThreadsPerEU=8, physicalEUSimdWidth=16, numEUsPerSubslice=8, numSubslicesPerSlice=4, numSlices=5, timerResolution=52, timestampValidBits=64, kernelTimestampValidBits=64, uuid={id=134}, name="Intel(R) Arc(TM) B570 Graphics"})
<LEVEL_ZERO>[DEBUG]: 
zesInit with flags value of 0

[2026-10-08 03:29:56.747] [thread-id: 135007647866048] [trace] zesInit(flags)
[2026-10-08 03:29:56.749] [thread-id: 135007647866048] [trace] SUCCESS (ZE_RESULT_SUCCESS) in zesInit(flags=0)
[2026-10-08 03:29:56.749] [thread-id: 135007647866048] [trace] zeDriverGet(pCount, phDrivers)
[2026-10-08 03:29:56.749] [thread-id: 135007647866048] [trace] SUCCESS (ZE_RESULT_SUCCESS) in zeDriverGet(pCount=1, phDrivers=nullptr)
[2026-10-08 03:29:56.749] [thread-id: 135007647866048] [trace] zeDriverGet(pCount, phDrivers)
[2026-10-08 03:29:56.749] [thread-id: 135007647866048] [trace] SUCCESS (ZE_RESULT_SUCCESS) in zeDriverGet(pCount=1, phDrivers=0x3d1b6340)
[2026-10-08 03:29:56.749] [thread-id: 135007647866048] [trace] zeInitDrivers(pCount, phDrivers, desc)
[2026-10-08 03:29:56.749] [thread-id: 135007647866048] [trace] SUCCESS (ZE_RESULT_SUCCESS) in zeInitDrivers(pCount=1, phDrivers=0x3d1b6410, desc={stype=0x3cfbc728, flags=1})
[2026-10-08 03:29:56.749] [thread-id: 135007647866048] [trace] zeDriverGetProperties(hDriver, pDriverProperties)
[2026-10-08 03:29:56.749] [thread-id: 135007647866048] [trace] SUCCESS (ZE_RESULT_SUCCESS) in zeDriverGetProperties(hDriver=0x3d1a29c8, pDriverProperties={stype=0x7ffee27684c0, uuid={id=227}, driverVersion=17013219})
[2026-10-08 03:29:56.749] [thread-id: 135007647866048] [trace] zeDriverGetProperties(hDriver, pDriverProperties)
[2026-10-08 03:29:56.749] [thread-id: 135007647866048] [trace] SUCCESS (ZE_RESULT_SUCCESS) in zeDriverGetProperties(hDriver=0x3d1a29c8, pDriverProperties={stype=0x7ffee2768690, uuid={id=227}, driverVersion=17013219})
<LEVEL_ZERO>[DEBUG]: zeDriverHandle 0x3d1a29c8 matched between zeDriverGet and zeInitDrivers. Not adding duplicate driver to list
<LEVEL_ZERO>[DEBUG]: 1 L0 Drivers found.
[2026-10-08 03:29:56.749] [thread-id: 135007647866048] [trace] zeDeviceGet(hDriver, pCount, phDevices)
[2026-10-08 03:29:56.749] [thread-id: 135007647866048] [trace] SUCCESS (ZE_RESULT_SUCCESS) in zeDeviceGet(hDriver=0x3d1a29c8, pCount=1, phDevices=nullptr)
[2026-10-08 03:29:56.749] [thread-id: 135007647866048] [trace] zeDeviceGet(hDriver, pCount, phDevices)
[2026-10-08 03:29:56.749] [thread-id: 135007647866048] [trace] SUCCESS (ZE_RESULT_SUCCESS) in zeDeviceGet(hDriver=0x3d1a29c8, pCount=1, phDevices=0x3d1b66b0)
[2026-10-08 03:29:56.749] [thread-id: 135007647866048] [trace] zeDeviceGetProperties(hDevice, pDeviceProperties)
[2026-10-08 03:29:56.749] [thread-id: 135007647866048] [trace] SUCCESS (ZE_RESULT_SUCCESS) in zeDeviceGetProperties(hDevice=0x3d1a2f28, pDeviceProperties={stype=0x7ffee27684c0, type=0x7ffee27684d0, vendorId=32902, deviceId=57868, flags=8, subdeviceId=0, coreClockRate=2750, maxMemAllocSize=10132807680, maxHardwareContexts=65536, maxCommandQueuePriority=0, numThreadsPerEU=8, physicalEUSimdWidth=16, numEUsPerSubslice=8, numSubslicesPerSlice=4, numSlices=5, timerResolution=52, timestampValidBits=64, kernelTimestampValidBits=64, uuid={id=134}, name="Intel(R) Arc(TM) B570 Graphics"})
[2026-10-08 03:29:56.749] [thread-id: 135007647866048] [trace] zeDriverGetApiVersion(hDriver, version)
[2026-10-08 03:29:56.749] [thread-id: 135007647866048] [trace] SUCCESS (ZE_RESULT_SUCCESS) in zeDriverGetApiVersion(hDriver=0x3d1a29c8, version=65553)
[2026-10-08 03:29:56.749] [thread-id: 135007647866048] [trace] zeDriverGetExtensionProperties(hDriver, pCount, pExtensionProperties)
[2026-10-08 03:29:56.749] [thread-id: 135007647866048] [trace] SUCCESS (ZE_RESULT_SUCCESS) in zeDriverGetExtensionProperties(hDriver=0x3d1a29c8, pCount=63, pExtensionProperties=nullptr)
[2026-10-08 03:29:56.749] [thread-id: 135007647866048] [trace] zeDriverGetExtensionProperties(hDriver, pCount, pExtensionProperties)
[2026-10-08 03:29:56.749] [thread-id: 135007647866048] [trace] SUCCESS (ZE_RESULT_SUCCESS) in zeDriverGetExtensionProperties(hDriver=0x3d1a29c8, pCount=63, pExtensionProperties={name="ZE_extension_device_cache_line_size", version=65536})
[2026-10-08 03:29:56.749] [thread-id: 135007647866048] [trace] zeDriverGetExtensionFunctionAddress(hDriver, name, ppFunctionAddress)
[2026-10-08 03:29:56.749] [thread-id: 135007647866048] [trace] SUCCESS (ZE_RESULT_SUCCESS) in zeDriverGetExtensionFunctionAddress(hDriver=0x3d1a29c8, name="zeIntelGetDriverVersionString", ppFunctionAddress=0x7ac9e70e9c00)
[2026-10-08 03:29:56.749] [thread-id: 135007647866048] [trace] zeDriverGetProperties(hDriver, pDriverProperties)
[2026-10-08 03:29:56.749] [thread-id: 135007647866048] [trace] SUCCESS (ZE_RESULT_SUCCESS) in zeDriverGetProperties(hDriver=0x3d1a29c8, pDriverProperties={stype=0x7ffee2768380, uuid={id=227}, driverVersion=17013219})
<LEVEL_ZERO>[DEBUG]: Level Zero Driver version: 1.17.39395+14
[2026-10-08 03:29:56.749] [thread-id: 135007647866048] [trace] zeDriverGetExtensionFunctionAddress(hDriver, name, ppFunctionAddress)
[2026-10-08 03:29:56.749] [thread-id: 135007647866048] [trace] SUCCESS (ZE_RESULT_SUCCESS) in zeDriverGetExtensionFunctionAddress(hDriver=0x3d1a29c8, name="zexDriverImportExternalPointer", ppFunctionAddress=0x7ac9e70e4a40)
[2026-10-08 03:29:56.749] [thread-id: 135007647866048] [trace] zeDriverGetExtensionFunctionAddress(hDriver, name, ppFunctionAddress)
[2026-10-08 03:29:56.749] [thread-id: 135007647866048] [trace] SUCCESS (ZE_RESULT_SUCCESS) in zeDriverGetExtensionFunctionAddress(hDriver=0x3d1a29c8, name="zexDriverReleaseImportedPointer", ppFunctionAddress=0x7ac9e70ece30)
[2026-10-08 03:29:56.749] [thread-id: 135007647866048] [trace] zeDriverGetExtensionFunctionAddress(hDriver, name, ppFunctionAddress)
[2026-10-08 03:29:56.749] [thread-id: 135007647866048] [trace] SUCCESS (ZE_RESULT_SUCCESS) in zeDriverGetExtensionFunctionAddress(hDriver=0x3d1a29c8, name="zeImageGetDeviceOffsetExp", ppFunctionAddress=0x7ac9e70ee190)
[2026-10-08 03:29:56.749] [thread-id: 135007647866048] [trace] zeDriverGetExtensionFunctionAddress(hDriver, name, ppFunctionAddress)
[2026-10-08 03:29:56.749] [thread-id: 135007647866048] [trace] SUCCESS (ZE_RESULT_SUCCESS) in zeDriverGetExtensionFunctionAddress(hDriver=0x3d1a29c8, name="zeMemGetPitchFor2dImage", ppFunctionAddress=0x7ac9e70f0550)
[2026-10-08 03:29:56.749] [thread-id: 135007647866048] [trace] zeDriverGetExtensionFunctionAddress(hDriver, name, ppFunctionAddress)
[2026-10-08 03:29:56.749] [thread-id: 135007647866048] [trace] SUCCESS (ZE_RESULT_SUCCESS) in zeDriverGetExtensionFunctionAddress(hDriver=0x3d1a29c8, name="zeGraphGetIdExt", ppFunctionAddress=0x7ac9e70dedd0)
[2026-10-08 03:29:56.749] [thread-id: 135007647866048] [trace] zeDriverGetExtensionFunctionAddress(hDriver, name, ppFunctionAddress)
[2026-10-08 03:29:56.749] [thread-id: 135007647866048] [trace] SUCCESS (ZE_RESULT_SUCCESS) in zeDriverGetExtensionFunctionAddress(hDriver=0x3d1a29c8, name="zeCommandListAppendHostFunction", ppFunctionAddress=0x7ac9e70c2140)
[2026-10-08 03:29:56.749] [thread-id: 135007647866048] [trace] zesDriverGet(pCount, phDrivers)
[2026-10-08 03:29:56.749] [thread-id: 135007647866048] [trace] SUCCESS (ZE_RESULT_SUCCESS) in zesDriverGet(pCount=1, phDrivers=nullptr)
[2026-10-08 03:29:56.749] [thread-id: 135007647866048] [trace] zesDriverGet(pCount, phDrivers)
[2026-10-08 03:29:56.749] [thread-id: 135007647866048] [trace] SUCCESS (ZE_RESULT_SUCCESS) in zesDriverGet(pCount=1, phDrivers=0x3d1b75b0)
[2026-10-08 03:29:56.749] [thread-id: 135007647866048] [trace] zesDriverGetDeviceByUuidExp(hDriver, uuid, phDevice, onSubdevice, subdeviceId)
[2026-10-08 03:29:56.749] [thread-id: 135007647866048] [trace] SUCCESS (ZE_RESULT_SUCCESS) in zesDriverGetDeviceByUuidExp(hDriver=0x3d1b31c8, uuid={id=134}, phDevice=0x3cfe3058, onSubdevice=0, subdeviceId=0)
<LEVEL_ZERO>[DEBUG]: Initialized 1 platforms
   <--- urAdapterGet(.NumEntries = 0, .phAdapters = nullptr, .pNumAdapters = 0x7ffee2768d98 (1)) -> UR_RESULT_SUCCESS;
   ---> urAdapterGet
   <--- urAdapterGet(.NumEntries = 1, .phAdapters = 0x3d1b6690 {0x3cfbc700}, .pNumAdapters = nullptr) -> UR_RESULT_SUCCESS;
   ---> urAdapterGetInfo
   <--- urAdapterGetInfo(.hAdapter = 0x3cfbc700, .propName = UR_ADAPTER_INFO_BACKEND, .propSize = 4, .pPropValue = 0x7ffee2768d8c (UR_BACKEND_LEVEL_ZERO), .pPropSizeRet = nullptr) -> UR_RESULT_SUCCESS;
   ---> urAdapterSetLoggerCallback
   <--- urAdapterSetLoggerCallback(.hAdapter = 0x3cfbc700, .pfnLoggerCallback = 0x7ac9edec5420, .pUserData = nullptr, .level = UR_LOGGER_LEVEL_WARN) -> UR_RESULT_SUCCESS;
   ---> urPlatformGet
   <--- urPlatformGet(.hAdapter = 0x3cfbc700, .NumEntries = 0, .phPlatforms = nullptr, .pNumPlatforms = 0x7ffee2768ccc (1)) -> UR_RESULT_SUCCESS;
   ---> urPlatformGet
   <--- urPlatformGet(.hAdapter = 0x3cfbc700, .NumEntries = 1, .phPlatforms = 0x3d1b6690 {0x3d1b6810}, .pNumPlatforms = nullptr) -> UR_RESULT_SUCCESS;
   ---> urPlatformGetInfo
   <--- urPlatformGetInfo(.hPlatform = 0x3d1b6810, .propName = UR_PLATFORM_INFO_BACKEND, .propSize = 4, .pPropValue = 0x7ffee2768cdc (UR_BACKEND_LEVEL_ZERO), .pPropSizeRet = nullptr) -> UR_RESULT_SUCCESS;
   ---> urDeviceGet
[2026-10-08 03:29:56.750] [thread-id: 135007647866048] [trace] zeDeviceGet(hDriver, pCount, phDevices)
[2026-10-08 03:29:56.750] [thread-id: 135007647866048] [trace] SUCCESS (ZE_RESULT_SUCCESS) in zeDeviceGet(hDriver=0x3d1a29c8, pCount=1, phDevices=nullptr)
[2026-10-08 03:29:56.750] [thread-id: 135007647866048] [trace] zeDeviceGet(hDriver, pCount, phDevices)
[2026-10-08 03:29:56.750] [thread-id: 135007647866048] [trace] SUCCESS (ZE_RESULT_SUCCESS) in zeDeviceGet(hDriver=0x3d1a29c8, pCount=1, phDevices=0x3d1b8000)
[2026-10-08 03:29:56.750] [thread-id: 135007647866048] [trace] zeDeviceGetProperties(hDevice, pDeviceProperties)
[2026-10-08 03:29:56.750] [thread-id: 135007647866048] [trace] SUCCESS (ZE_RESULT_SUCCESS) in zeDeviceGetProperties(hDevice=0x3d1a2f28, pDeviceProperties={stype=0x3d1b80e8, type=0x3d1b80f8, vendorId=32902, deviceId=57868, flags=8, subdeviceId=0, coreClockRate=2750, maxMemAllocSize=10132807680, maxHardwareContexts=65536, maxCommandQueuePriority=0, numThreadsPerEU=8, physicalEUSimdWidth=16, numEUsPerSubslice=8, numSubslicesPerSlice=4, numSlices=5, timerResolution=19200000, timestampValidBits=64, kernelTimestampValidBits=64, uuid={id=134}, name="Intel(R) Arc(TM) B570 Graphics"})
[2026-10-08 03:29:56.750] [thread-id: 135007647866048] [trace] zeDeviceGetProperties(hDevice, pDeviceProperties)
[2026-10-08 03:29:56.750] [thread-id: 135007647866048] [trace] SUCCESS (ZE_RESULT_SUCCESS) in zeDeviceGetProperties(hDevice=0x3d1a2f28, pDeviceProperties={stype=0x7ffee27682d8, type=0x7ffee27682e8, vendorId=32902, deviceId=57868, flags=8, subdeviceId=0, coreClockRate=2750, maxMemAllocSize=10132807680, maxHardwareContexts=65536, maxCommandQueuePriority=0, numThreadsPerEU=8, physicalEUSimdWidth=16, numEUsPerSubslice=8, numSubslicesPerSlice=4, numSlices=5, timerResolution=52, timestampValidBits=64, kernelTimestampValidBits=64, uuid={id=134}, name="Intel(R) Arc(TM) B570 Graphics"})
[2026-10-08 03:29:56.750] [thread-id: 135007647866048] [trace] zeDeviceGetCommandQueueGroupProperties(hDevice, pCount, pCommandQueueGroupProperties)
[2026-10-08 03:29:56.750] [thread-id: 135007647866048] [trace] SUCCESS (ZE_RESULT_SUCCESS) in zeDeviceGetCommandQueueGroupProperties(hDevice=0x3d1a2f28, pCount=2, pCommandQueueGroupProperties=nullptr)
<LEVEL_ZERO>[INFO]: Number of queue groups = 2
[2026-10-08 03:29:56.750] [thread-id: 135007647866048] [trace] zeDeviceGetCommandQueueGroupProperties(hDevice, pCount, pCommandQueueGroupProperties)
[2026-10-08 03:29:56.750] [thread-id: 135007647866048] [trace] SUCCESS (ZE_RESULT_SUCCESS) in zeDeviceGetCommandQueueGroupProperties(hDevice=0x3d1a2f28, pCount=2, pCommandQueueGroupProperties={stype=0x3cfbc610, flags=7, maxMemoryFillPatternSize=18446744073709551615, numQueues=1})
<LEVEL_ZERO>[INFO]: main blitter/copy engine is available
<LEVEL_ZERO>[INFO]: link blitter/copy engines are not available
[2026-10-08 03:29:56.750] [thread-id: 135007647866048] [trace] zeDeviceGetSubDevices(hDevice, pCount, phSubdevices)
[2026-10-08 03:29:56.750] [thread-id: 135007647866048] [trace] SUCCESS (ZE_RESULT_SUCCESS) in zeDeviceGetSubDevices(hDevice=0x3d1a2f28, pCount=0, phSubdevices=nullptr)
[2026-10-08 03:29:56.750] [thread-id: 135007647866048] [trace] zeDeviceGetSubDevices(hDevice, pCount, phSubdevices)
[2026-10-08 03:29:56.750] [thread-id: 135007647866048] [trace] SUCCESS (ZE_RESULT_SUCCESS) in zeDeviceGetSubDevices(hDevice=0x3d1a2f28, pCount=0, phSubdevices=0x3d1b8020)
[2026-10-08 03:29:56.750] [thread-id: 135007647866048] [trace] zeDeviceGetRootDevice(hDevice, phRootDevice)
[2026-10-08 03:29:56.750] [thread-id: 135007647866048] [trace] SUCCESS (ZE_RESULT_SUCCESS) in zeDeviceGetRootDevice(hDevice=0x3d1a2f28, phRootDevice=0x7ffee2768730)
[2026-10-08 03:29:56.750] [thread-id: 135007647866048] [trace] zeDeviceSynchronize(hDevice)
[2026-10-08 03:29:56.750] [thread-id: 135007647866048] [trace] SUCCESS (ZE_RESULT_SUCCESS) in zeDeviceSynchronize(hDevice=0x3d1a2f28)
[2026-10-08 03:29:56.750] [thread-id: 135007647866048] [trace] zeDeviceGetRootDevice(hDevice, phRootDevice)
[2026-10-08 03:29:56.750] [thread-id: 135007647866048] [trace] SUCCESS (ZE_RESULT_SUCCESS) in zeDeviceGetRootDevice(hDevice=0x3d1a2f28, phRootDevice=0x7ffee2768820)
   <--- urDeviceGet(.hPlatform = 0x3d1b6810, .DeviceType = UR_DEVICE_TYPE_ALL, .NumEntries = 0, .phDevices = nullptr, .pNumDevices = 0x7ffee2768c4c (1)) -> UR_RESULT_SUCCESS;
   ---> urDeviceGet
[2026-10-08 03:29:56.750] [thread-id: 135007647866048] [trace] zeDeviceGetRootDevice(hDevice, phRootDevice)
[2026-10-08 03:29:56.750] [thread-id: 135007647866048] [trace] SUCCESS (ZE_RESULT_SUCCESS) in zeDeviceGetRootDevice(hDevice=0x3d1a2f28, phRootDevice=0x7ffee2768820)
   <--- urDeviceGet(.hPlatform = 0x3d1b6810, .DeviceType = UR_DEVICE_TYPE_ALL, .NumEntries = 1, .phDevices = 0x3d1b8000 {0x3d1b8040}, .pNumDevices = nullptr) -> UR_RESULT_SUCCESS;
   ---> urPlatformGetInfo
   <--- urPlatformGetInfo(.hPlatform = 0x3d1b6810, .propName = UR_PLATFORM_INFO_VERSION, .propSize = 0, .pPropValue = nullptr, .pPropSizeRet = 0x7ffee2768820 (5)) -> UR_RESULT_SUCCESS;
   ---> urPlatformGetInfo
   <--- urPlatformGetInfo(.hPlatform = 0x3d1b6810, .propName = UR_PLATFORM_INFO_VERSION, .propSize = 5, .pPropValue = 0x7ffee2768988 (1.17), .pPropSizeRet = nullptr) -> UR_RESULT_SUCCESS;
   ---> urPlatformGetInfo
   <--- urPlatformGetInfo(.hPlatform = 0x3d1b6810, .propName = UR_PLATFORM_INFO_NAME, .propSize = 0, .pPropValue = nullptr, .pPropSizeRet = 0x7ffee2768820 (51)) -> UR_RESULT_SUCCESS;
   ---> urPlatformGetInfo
   <--- urPlatformGetInfo(.hPlatform = 0x3d1b6810, .propName = UR_PLATFORM_INFO_NAME, .propSize = 51, .pPropValue = 0x3d1b8710 (Intel(R) oneAPI Unified Runtime over Level-Zero V2), .pPropSizeRet = nullptr) -> UR_RESULT_SUCCESS;
   ---> urDeviceGetInfo
   <--- urDeviceGetInfo(.hDevice = 0x3d1b8040, .propName = UR_DEVICE_INFO_PARENT_DEVICE, .propSize = 8, .pPropValue = 0x7ffee27687e0 (nullptr), .pPropSizeRet = nullptr) -> UR_RESULT_SUCCESS;
   ---> urDeviceGetInfo
   <--- urDeviceGetInfo(.hDevice = 0x3d1b8040, .propName = UR_DEVICE_INFO_TYPE, .propSize = 4, .pPropValue = 0x7ffee2768780 (UR_DEVICE_TYPE_GPU), .pPropSizeRet = nullptr) -> UR_RESULT_SUCCESS;
   ---> urDeviceGetInfo
   <--- urDeviceGetInfo(.hDevice = 0x3d1b8040, .propName = UR_DEVICE_INFO_USE_NATIVE_ASSERT, .propSize = 1, .pPropValue = 0x7ffee2768780 (true), .pPropSizeRet = nullptr) -> UR_RESULT_SUCCESS;
   ---> urDeviceGetInfo
[2026-10-08 03:29:56.750] [thread-id: 135007647866048] [trace] zeDeviceGetModuleProperties(hDevice, pModuleProperties)
[2026-10-08 03:29:56.750] [thread-id: 135007647866048] [trace] SUCCESS (ZE_RESULT_SUCCESS) in zeDeviceGetModuleProperties(hDevice=0x3d1a2f28, pModuleProperties={stype=0x3d1b8360, spirvVersionSupported=65541, flags=15, fp16flags=63, fp32flags=127, fp64flags=127, maxArgumentsSize=2048, printfBufferSize=4194304, nativeKernelSupported={id=0}})
[2026-10-08 03:29:56.750] [thread-id: 135007647866048] [trace] zeDeviceGetImageProperties(hDevice, pImageProperties)
[2026-10-08 03:29:56.750] [thread-id: 135007647866048] [trace] SUCCESS (ZE_RESULT_SUCCESS) in zeDeviceGetImageProperties(hDevice=0x3d1a2f28, pImageProperties={stype=0x3d1b8300, maxImageDims1D=16384, maxImageDims2D=16384, maxImageDims3D=2048, maxImageBufferSize=633300480, maxImageArraySlices=2048, maxSamplers=16, maxReadImageArgs=128, maxWriteImageArgs=128})
   <--- urDeviceGetInfo(.hDevice = 0x3d1b8040, .propName = UR_DEVICE_INFO_EXTENSIONS, .propSize = 0, .pPropValue = nullptr, .pPropSizeRet = 0x7ffee2768708 (245)) -> UR_RESULT_SUCCESS;
   ---> urDeviceGetInfo
   <--- urDeviceGetInfo(.hDevice = 0x3d1b8040, .propName = UR_DEVICE_INFO_EXTENSIONS, .propSize = 245, .pPropValue = 0x3d072740 (cl_khr_il_program cl_khr_subgroups cl_intel_subgroups cl_intel_subgroups_short cl_intel_required_subgroup_size cl_khr_fp16 cl_khr_fp64 cl_khr_int64_base_atomics cl_khr_int64_extended_atomics cl_khr_3d_image_writes cl_intel_bfloat16_conversions ), .pPropSizeRet = nullptr) -> UR_RESULT_SUCCESS;
   ---> urDeviceRetain
   <--- urDeviceRetain(.hDevice = 0x3d1b8040) -> UR_RESULT_SUCCESS;
   ---> urDeviceGetInfo
   <--- urDeviceGetInfo(.hDevice = 0x3d1b8040, .propName = UR_DEVICE_INFO_TYPE, .propSize = 4, .pPropValue = 0x7ffee27688fc (UR_DEVICE_TYPE_GPU), .pPropSizeRet = nullptr) -> UR_RESULT_SUCCESS;
   ---> urDeviceGetInfo
   <--- urDeviceGetInfo(.hDevice = 0x3d1b8040, .propName = UR_DEVICE_INFO_VENDOR_ID, .propSize = 4, .pPropValue = 0x7ffee2768978 (32902), .pPropSizeRet = nullptr) -> UR_RESULT_SUCCESS;
   ---> urDeviceGetInfo
   <--- urDeviceGetInfo(.hDevice = 0x3d1b8040, .propName = UR_DEVICE_INFO_DRIVER_VERSION, .propSize = 0, .pPropValue = nullptr, .pPropSizeRet = 0x7ffee2768820 (14)) -> UR_RESULT_SUCCESS;
   ---> urDeviceGetInfo
   <--- urDeviceGetInfo(.hDevice = 0x3d1b8040, .propName = UR_DEVICE_INFO_DRIVER_VERSION, .propSize = 14, .pPropValue = 0x7ffee2768948 (1.17.39395+14), .pPropSizeRet = nullptr) -> UR_RESULT_SUCCESS;
   ---> urDeviceGetInfo
   <--- urDeviceGetInfo(.hDevice = 0x3d1b8040, .propName = UR_DEVICE_INFO_NAME, .propSize = 0, .pPropValue = nullptr, .pPropSizeRet = 0x7ffee2768760 (31)) -> UR_RESULT_SUCCESS;
   ---> urDeviceGetInfo
   <--- urDeviceGetInfo(.hDevice = 0x3d1b8040, .propName = UR_DEVICE_INFO_NAME, .propSize = 31, .pPropValue = 0x3d1b7fd0 (Intel(R) Arc(TM) B570 Graphics), .pPropSizeRet = nullptr) -> UR_RESULT_SUCCESS;
   ---> urPlatformGetInfo
   <--- urPlatformGetInfo(.hPlatform = 0x3d1b6810, .propName = UR_PLATFORM_INFO_BACKEND, .propSize = 4, .pPropValue = 0x7ffee2768b3c (UR_BACKEND_LEVEL_ZERO), .pPropSizeRet = nullptr) -> UR_RESULT_SUCCESS;
   ---> urDeviceGetInfo
   <--- urDeviceGetInfo(.hDevice = 0x3d1b8040, .propName = UR_DEVICE_INFO_TYPE, .propSize = 4, .pPropValue = 0x7ffee2768b34 (UR_DEVICE_TYPE_GPU), .pPropSizeRet = nullptr) -> UR_RESULT_SUCCESS;
   ---> urDeviceRelease
   <--- urDeviceRelease(.hDevice = 0x3d1b8040) -> UR_RESULT_SUCCESS;
   ---> urDeviceGetInfo
   <--- urDeviceGetInfo(.hDevice = 0x3d1b8040, .propName = UR_DEVICE_INFO_SUPPORTED_PARTITIONS, .propSize = 0, .pPropValue = nullptr, .pPropSizeRet = 0x7ffee2768b28 (0)) -> UR_RESULT_SUCCESS;
   ---> urDeviceGet
[2026-10-08 03:29:56.751] [thread-id: 135007647866048] [trace] zeDeviceGetRootDevice(hDevice, phRootDevice)
[2026-10-08 03:29:56.751] [thread-id: 135007647866048] [trace] SUCCESS (ZE_RESULT_SUCCESS) in zeDeviceGetRootDevice(hDevice=0x3d1a2f28, phRootDevice=0x7ffee2768930)
   <--- urDeviceGet(.hPlatform = 0x3d1b6810, .DeviceType = UR_DEVICE_TYPE_ALL, .NumEntries = 0, .phDevices = nullptr, .pNumDevices = 0x7ffee2768d5c (1)) -> UR_RESULT_SUCCESS;
   ---> urDeviceGet
[2026-10-08 03:29:56.751] [thread-id: 135007647866048] [trace] zeDeviceGetRootDevice(hDevice, phRootDevice)
[2026-10-08 03:29:56.751] [thread-id: 135007647866048] [trace] SUCCESS (ZE_RESULT_SUCCESS) in zeDeviceGetRootDevice(hDevice=0x3d1a2f28, phRootDevice=0x7ffee2768930)
   <--- urDeviceGet(.hPlatform = 0x3d1b6810, .DeviceType = UR_DEVICE_TYPE_ALL, .NumEntries = 1, .phDevices = 0x3d1b66b0 {0x3d1b8040}, .pNumDevices = nullptr) -> UR_RESULT_SUCCESS;
   ---> urPlatformGetInfo
   <--- urPlatformGetInfo(.hPlatform = 0x3d1b6810, .propName = UR_PLATFORM_INFO_VERSION, .propSize = 0, .pPropValue = nullptr, .pPropSizeRet = 0x7ffee2768930 (5)) -> UR_RESULT_SUCCESS;
   ---> urPlatformGetInfo
   <--- urPlatformGetInfo(.hPlatform = 0x3d1b6810, .propName = UR_PLATFORM_INFO_VERSION, .propSize = 5, .pPropValue = 0x7ffee2768a98 (1.17), .pPropSizeRet = nullptr) -> UR_RESULT_SUCCESS;
   ---> urPlatformGetInfo
   <--- urPlatformGetInfo(.hPlatform = 0x3d1b6810, .propName = UR_PLATFORM_INFO_NAME, .propSize = 0, .pPropValue = nullptr, .pPropSizeRet = 0x7ffee2768930 (51)) -> UR_RESULT_SUCCESS;
   ---> urPlatformGetInfo
   <--- urPlatformGetInfo(.hPlatform = 0x3d1b6810, .propName = UR_PLATFORM_INFO_NAME, .propSize = 51, .pPropValue = 0x3d1b8c30 (Intel(R) oneAPI Unified Runtime over Level-Zero V2), .pPropSizeRet = nullptr) -> UR_RESULT_SUCCESS;
   ---> urDeviceGetInfo
   <--- urDeviceGetInfo(.hDevice = 0x3d1b8040, .propName = UR_DEVICE_INFO_TYPE, .propSize = 4, .pPropValue = 0x7ffee2768a0c (UR_DEVICE_TYPE_GPU), .pPropSizeRet = nullptr) -> UR_RESULT_SUCCESS;
   ---> urDeviceGetInfo
   <--- urDeviceGetInfo(.hDevice = 0x3d1b8040, .propName = UR_DEVICE_INFO_VENDOR_ID, .propSize = 4, .pPropValue = 0x7ffee2768a88 (32902), .pPropSizeRet = nullptr) -> UR_RESULT_SUCCESS;
   ---> urDeviceGetInfo
   <--- urDeviceGetInfo(.hDevice = 0x3d1b8040, .propName = UR_DEVICE_INFO_DRIVER_VERSION, .propSize = 0, .pPropValue = nullptr, .pPropSizeRet = 0x7ffee2768930 (14)) -> UR_RESULT_SUCCESS;
   ---> urDeviceGetInfo
   <--- urDeviceGetInfo(.hDevice = 0x3d1b8040, .propName = UR_DEVICE_INFO_DRIVER_VERSION, .propSize = 14, .pPropValue = 0x7ffee2768a58 (1.17.39395+14), .pPropSizeRet = nullptr) -> UR_RESULT_SUCCESS;
   ---> urPlatformGetInfo
   <--- urPlatformGetInfo(.hPlatform = 0x3d1b6810, .propName = UR_PLATFORM_INFO_BACKEND, .propSize = 4, .pPropValue = 0x7ffee2768c4c (UR_BACKEND_LEVEL_ZERO), .pPropSizeRet = nullptr) -> UR_RESULT_SUCCESS;
   ---> urDeviceGetInfo
   <--- urDeviceGetInfo(.hDevice = 0x3d1b8040, .propName = UR_DEVICE_INFO_TYPE, .propSize = 4, .pPropValue = 0x7ffee2768c44 (UR_DEVICE_TYPE_GPU), .pPropSizeRet = nullptr) -> UR_RESULT_SUCCESS;
   ---> urDeviceRelease
   <--- urDeviceRelease(.hDevice = 0x3d1b8040) -> UR_RESULT_SUCCESS;
   ---> urDeviceGetInfo
   <--- urDeviceGetInfo(.hDevice = 0x3d1b8040, .propName = UR_DEVICE_INFO_SUPPORTED_PARTITIONS, .propSize = 0, .pPropValue = nullptr, .pPropSizeRet = 0x7ffee2768c38 (0)) -> UR_RESULT_SUCCESS;
   ---> urDeviceSelectBinary
   <--- urDeviceSelectBinary(.hDevice = 0x3d1b8040, .pBinaries = 0x7ffee2768c80 ((struct ur_device_binary_t){.stype = UR_STRUCTURE_TYPE_CONTEXT_PROPERTIES, .pNext = nullptr, .pDeviceTargetSpec = 0x7ac9edc463c0 (spir64)}), .NumBinaries = 1, .pSelectedBinary = 0x7ffee2768ca4 (0)) -> UR_RESULT_SUCCESS;
   ---> urDeviceGet
[2026-10-08 03:29:56.751] [thread-id: 135007647866048] [trace] zeDeviceGetRootDevice(hDevice, phRootDevice)
[2026-10-08 03:29:56.751] [thread-id: 135007647866048] [trace] SUCCESS (ZE_RESULT_SUCCESS) in zeDeviceGetRootDevice(hDevice=0x3d1a2f28, phRootDevice=0x7ffee27688c0)
   <--- urDeviceGet(.hPlatform = 0x3d1b6810, .DeviceType = UR_DEVICE_TYPE_ALL, .NumEntries = 0, .phDevices = nullptr, .pNumDevices = 0x7ffee2768cec (1)) -> UR_RESULT_SUCCESS;
   ---> urDeviceGet
[2026-10-08 03:29:56.751] [thread-id: 135007647866048] [trace] zeDeviceGetRootDevice(hDevice, phRootDevice)
[2026-10-08 03:29:56.751] [thread-id: 135007647866048] [trace] SUCCESS (ZE_RESULT_SUCCESS) in zeDeviceGetRootDevice(hDevice=0x3d1a2f28, phRootDevice=0x7ffee27688c0)
   <--- urDeviceGet(.hPlatform = 0x3d1b6810, .DeviceType = UR_DEVICE_TYPE_ALL, .NumEntries = 1, .phDevices = 0x3d1b8d00 {0x3d1b8040}, .pNumDevices = nullptr) -> UR_RESULT_SUCCESS;
   ---> urPlatformGetInfo
   <--- urPlatformGetInfo(.hPlatform = 0x3d1b6810, .propName = UR_PLATFORM_INFO_VERSION, .propSize = 0, .pPropValue = nullptr, .pPropSizeRet = 0x7ffee27688c0 (5)) -> UR_RESULT_SUCCESS;
   ---> urPlatformGetInfo
   <--- urPlatformGetInfo(.hPlatform = 0x3d1b6810, .propName = UR_PLATFORM_INFO_VERSION, .propSize = 5, .pPropValue = 0x7ffee2768a28 (1.17), .pPropSizeRet = nullptr) -> UR_RESULT_SUCCESS;
   ---> urPlatformGetInfo
   <--- urPlatformGetInfo(.hPlatform = 0x3d1b6810, .propName = UR_PLATFORM_INFO_NAME, .propSize = 0, .pPropValue = nullptr, .pPropSizeRet = 0x7ffee27688c0 (51)) -> UR_RESULT_SUCCESS;
   ---> urPlatformGetInfo
   <--- urPlatformGetInfo(.hPlatform = 0x3d1b6810, .propName = UR_PLATFORM_INFO_NAME, .propSize = 51, .pPropValue = 0x3d1b8710 (Intel(R) oneAPI Unified Runtime over Level-Zero V2), .pPropSizeRet = nullptr) -> UR_RESULT_SUCCESS;
   ---> urDeviceGetInfo
   <--- urDeviceGetInfo(.hDevice = 0x3d1b8040, .propName = UR_DEVICE_INFO_TYPE, .propSize = 4, .pPropValue = 0x7ffee276899c (UR_DEVICE_TYPE_GPU), .pPropSizeRet = nullptr) -> UR_RESULT_SUCCESS;
   ---> urDeviceGetInfo
   <--- urDeviceGetInfo(.hDevice = 0x3d1b8040, .propName = UR_DEVICE_INFO_VENDOR_ID, .propSize = 4, .pPropValue = 0x7ffee2768a18 (32902), .pPropSizeRet = nullptr) -> UR_RESULT_SUCCESS;
   ---> urDeviceGetInfo
   <--- urDeviceGetInfo(.hDevice = 0x3d1b8040, .propName = UR_DEVICE_INFO_DRIVER_VERSION, .propSize = 0, .pPropValue = nullptr, .pPropSizeRet = 0x7ffee27688c0 (14)) -> UR_RESULT_SUCCESS;
   ---> urDeviceGetInfo
   <--- urDeviceGetInfo(.hDevice = 0x3d1b8040, .propName = UR_DEVICE_INFO_DRIVER_VERSION, .propSize = 14, .pPropValue = 0x7ffee27689e8 (1.17.39395+14), .pPropSizeRet = nullptr) -> UR_RESULT_SUCCESS;
   ---> urPlatformGetInfo
   <--- urPlatformGetInfo(.hPlatform = 0x3d1b6810, .propName = UR_PLATFORM_INFO_BACKEND, .propSize = 4, .pPropValue = 0x7ffee2768bdc (UR_BACKEND_LEVEL_ZERO), .pPropSizeRet = nullptr) -> UR_RESULT_SUCCESS;
   ---> urDeviceGetInfo
   <--- urDeviceGetInfo(.hDevice = 0x3d1b8040, .propName = UR_DEVICE_INFO_TYPE, .propSize = 4, .pPropValue = 0x7ffee2768bd4 (UR_DEVICE_TYPE_GPU), .pPropSizeRet = nullptr) -> UR_RESULT_SUCCESS;
   ---> urDeviceRelease
   <--- urDeviceRelease(.hDevice = 0x3d1b8040) -> UR_RESULT_SUCCESS;
   ---> urDeviceGetInfo
   <--- urDeviceGetInfo(.hDevice = 0x3d1b8040, .propName = UR_DEVICE_INFO_SUPPORTED_PARTITIONS, .propSize = 0, .pPropValue = nullptr, .pPropSizeRet = 0x7ffee2768bc8 (0)) -> UR_RESULT_SUCCESS;
   ---> urDeviceGet
[2026-10-08 03:29:56.751] [thread-id: 135007647866048] [trace] zeDeviceGetRootDevice(hDevice, phRootDevice)
[2026-10-08 03:29:56.751] [thread-id: 135007647866048] [trace] SUCCESS (ZE_RESULT_SUCCESS) in zeDeviceGetRootDevice(hDevice=0x3d1a2f28, phRootDevice=0x7ffee27689d0)
   <--- urDeviceGet(.hPlatform = 0x3d1b6810, .DeviceType = UR_DEVICE_TYPE_GPU, .NumEntries = 0, .phDevices = nullptr, .pNumDevices = 0x7ffee2768dfc (1)) -> UR_RESULT_SUCCESS;
   ---> urDeviceGet
[2026-10-08 03:29:56.751] [thread-id: 135007647866048] [trace] zeDeviceGetRootDevice(hDevice, phRootDevice)
[2026-10-08 03:29:56.751] [thread-id: 135007647866048] [trace] SUCCESS (ZE_RESULT_SUCCESS) in zeDeviceGetRootDevice(hDevice=0x3d1a2f28, phRootDevice=0x7ffee27689d0)
   <--- urDeviceGet(.hPlatform = 0x3d1b6810, .DeviceType = UR_DEVICE_TYPE_GPU, .NumEntries = 1, .phDevices = 0x3d1b8d20 {0x3d1b8040}, .pNumDevices = nullptr) -> UR_RESULT_SUCCESS;
   ---> urPlatformGetInfo
   <--- urPlatformGetInfo(.hPlatform = 0x3d1b6810, .propName = UR_PLATFORM_INFO_VERSION, .propSize = 0, .pPropValue = nullptr, .pPropSizeRet = 0x7ffee27689d0 (5)) -> UR_RESULT_SUCCESS;
   ---> urPlatformGetInfo
   <--- urPlatformGetInfo(.hPlatform = 0x3d1b6810, .propName = UR_PLATFORM_INFO_VERSION, .propSize = 5, .pPropValue = 0x7ffee2768b38 (1.17), .pPropSizeRet = nullptr) -> UR_RESULT_SUCCESS;
   ---> urPlatformGetInfo
   <--- urPlatformGetInfo(.hPlatform = 0x3d1b6810, .propName = UR_PLATFORM_INFO_NAME, .propSize = 0, .pPropValue = nullptr, .pPropSizeRet = 0x7ffee27689d0 (51)) -> UR_RESULT_SUCCESS;
   ---> urPlatformGetInfo
   <--- urPlatformGetInfo(.hPlatform = 0x3d1b6810, .propName = UR_PLATFORM_INFO_NAME, .propSize = 51, .pPropValue = 0x3d1b8c30 (Intel(R) oneAPI Unified Runtime over Level-Zero V2), .pPropSizeRet = nullptr) -> UR_RESULT_SUCCESS;
   ---> urDeviceGetInfo
   <--- urDeviceGetInfo(.hDevice = 0x3d1b8040, .propName = UR_DEVICE_INFO_TYPE, .propSize = 4, .pPropValue = 0x7ffee2768aac (UR_DEVICE_TYPE_GPU), .pPropSizeRet = nullptr) -> UR_RESULT_SUCCESS;
   ---> urDeviceGetInfo
   <--- urDeviceGetInfo(.hDevice = 0x3d1b8040, .propName = UR_DEVICE_INFO_VENDOR_ID, .propSize = 4, .pPropValue = 0x7ffee2768b28 (32902), .pPropSizeRet = nullptr) -> UR_RESULT_SUCCESS;
   ---> urDeviceGetInfo
   <--- urDeviceGetInfo(.hDevice = 0x3d1b8040, .propName = UR_DEVICE_INFO_DRIVER_VERSION, .propSize = 0, .pPropValue = nullptr, .pPropSizeRet = 0x7ffee27689d0 (14)) -> UR_RESULT_SUCCESS;
   ---> urDeviceGetInfo
   <--- urDeviceGetInfo(.hDevice = 0x3d1b8040, .propName = UR_DEVICE_INFO_DRIVER_VERSION, .propSize = 14, .pPropValue = 0x7ffee2768af8 (1.17.39395+14), .pPropSizeRet = nullptr) -> UR_RESULT_SUCCESS;
   ---> urPlatformGetInfo
   <--- urPlatformGetInfo(.hPlatform = 0x3d1b6810, .propName = UR_PLATFORM_INFO_BACKEND, .propSize = 4, .pPropValue = 0x7ffee2768cec (UR_BACKEND_LEVEL_ZERO), .pPropSizeRet = nullptr) -> UR_RESULT_SUCCESS;
   ---> urDeviceGetInfo
   <--- urDeviceGetInfo(.hDevice = 0x3d1b8040, .propName = UR_DEVICE_INFO_TYPE, .propSize = 4, .pPropValue = 0x7ffee2768ce4 (UR_DEVICE_TYPE_GPU), .pPropSizeRet = nullptr) -> UR_RESULT_SUCCESS;
   ---> urDeviceRelease
   <--- urDeviceRelease(.hDevice = 0x3d1b8040) -> UR_RESULT_SUCCESS;
   ---> urDeviceGetInfo
   <--- urDeviceGetInfo(.hDevice = 0x3d1b8040, .propName = UR_DEVICE_INFO_SUPPORTED_PARTITIONS, .propSize = 0, .pPropValue = nullptr, .pPropSizeRet = 0x7ffee2768cd8 (0)) -> UR_RESULT_SUCCESS;
   ---> urDeviceGetInfo
[2026-10-08 03:29:56.752] [thread-id: 135007647866048] [trace] zeDevicePciGetPropertiesExt(hDevice, pPciProperties)
[2026-10-08 03:29:56.752] [thread-id: 135007647866048] [trace] SUCCESS (ZE_RESULT_SUCCESS) in zeDevicePciGetPropertiesExt(hDevice=0x3d1a2f28, pPciProperties={stype=0x7ffee27689a0, address={domain=0, bus=5, device=0, function=0}, maxSpeed={genVersion=4, width=8, maxBandwidth=15753846153}})
   <--- urDeviceGetInfo(.hDevice = 0x3d1b8040, .propName = UR_DEVICE_INFO_PCI_ADDRESS, .propSize = 0, .pPropValue = nullptr, .pPropSizeRet = 0x7ffee2768e18 (13)) -> UR_RESULT_SUCCESS;
   ---> urDeviceGetInfo
[2026-10-08 03:29:56.752] [thread-id: 135007647866048] [trace] zeDevicePciGetPropertiesExt(hDevice, pPciProperties)
[2026-10-08 03:29:56.752] [thread-id: 135007647866048] [trace] SUCCESS (ZE_RESULT_SUCCESS) in zeDevicePciGetPropertiesExt(hDevice=0x3d1a2f28, pPciProperties={stype=0x7ffee2768ab0, address={domain=0, bus=5, device=0, function=0}, maxSpeed={genVersion=4, width=8, maxBandwidth=15753846153}})
   <--- urDeviceGetInfo(.hDevice = 0x3d1b8040, .propName = UR_DEVICE_INFO_PCI_ADDRESS, .propSize = 0, .pPropValue = nullptr, .pPropSizeRet = 0x7ffee2768f20 (13)) -> UR_RESULT_SUCCESS;
   ---> urDeviceGetInfo
[2026-10-08 03:29:56.752] [thread-id: 135007647866048] [trace] zeDevicePciGetPropertiesExt(hDevice, pPciProperties)
[2026-10-08 03:29:56.752] [thread-id: 135007647866048] [trace] SUCCESS (ZE_RESULT_SUCCESS) in zeDevicePciGetPropertiesExt(hDevice=0x3d1a2f28, pPciProperties={stype=0x7ffee2768ab0, address={domain=0, bus=5, device=0, function=0}, maxSpeed={genVersion=4, width=8, maxBandwidth=15753846153}})
   <--- urDeviceGetInfo(.hDevice = 0x3d1b8040, .propName = UR_DEVICE_INFO_PCI_ADDRESS, .propSize = 13, .pPropValue = 0x7ffee2768f70 (0000:05:00.0), .pPropSizeRet = nullptr) -> UR_RESULT_SUCCESS;
   ---> urDeviceGet
[2026-10-08 03:29:56.752] [thread-id: 135007647866048] [trace] zeDeviceGetRootDevice(hDevice, phRootDevice)
[2026-10-08 03:29:56.752] [thread-id: 135007647866048] [trace] SUCCESS (ZE_RESULT_SUCCESS) in zeDeviceGetRootDevice(hDevice=0x3d1a2f28, phRootDevice=0x7ffee27688d0)
   <--- urDeviceGet(.hPlatform = 0x3d1b6810, .DeviceType = UR_DEVICE_TYPE_ALL, .NumEntries = 0, .phDevices = nullptr, .pNumDevices = 0x7ffee2768cfc (1)) -> UR_RESULT_SUCCESS;
   ---> urDeviceGet
[2026-10-08 03:29:56.752] [thread-id: 135007647866048] [trace] zeDeviceGetRootDevice(hDevice, phRootDevice)
[2026-10-08 03:29:56.752] [thread-id: 135007647866048] [trace] SUCCESS (ZE_RESULT_SUCCESS) in zeDeviceGetRootDevice(hDevice=0x3d1a2f28, phRootDevice=0x7ffee27688d0)
   <--- urDeviceGet(.hPlatform = 0x3d1b6810, .DeviceType = UR_DEVICE_TYPE_ALL, .NumEntries = 1, .phDevices = 0x3d1b8d40 {0x3d1b8040}, .pNumDevices = nullptr) -> UR_RESULT_SUCCESS;
   ---> urPlatformGetInfo
   <--- urPlatformGetInfo(.hPlatform = 0x3d1b6810, .propName = UR_PLATFORM_INFO_VERSION, .propSize = 0, .pPropValue = nullptr, .pPropSizeRet = 0x7ffee27688d0 (5)) -> UR_RESULT_SUCCESS;
   ---> urPlatformGetInfo
   <--- urPlatformGetInfo(.hPlatform = 0x3d1b6810, .propName = UR_PLATFORM_INFO_VERSION, .propSize = 5, .pPropValue = 0x7ffee2768a38 (1.17), .pPropSizeRet = nullptr) -> UR_RESULT_SUCCESS;
   ---> urPlatformGetInfo
   <--- urPlatformGetInfo(.hPlatform = 0x3d1b6810, .propName = UR_PLATFORM_INFO_NAME, .propSize = 0, .pPropValue = nullptr, .pPropSizeRet = 0x7ffee27688d0 (51)) -> UR_RESULT_SUCCESS;
   ---> urPlatformGetInfo
   <--- urPlatformGetInfo(.hPlatform = 0x3d1b6810, .propName = UR_PLATFORM_INFO_NAME, .propSize = 51, .pPropValue = 0x3d1b8c30 (Intel(R) oneAPI Unified Runtime over Level-Zero V2), .pPropSizeRet = nullptr) -> UR_RESULT_SUCCESS;
   ---> urDeviceGetInfo
   <--- urDeviceGetInfo(.hDevice = 0x3d1b8040, .propName = UR_DEVICE_INFO_TYPE, .propSize = 4, .pPropValue = 0x7ffee27689ac (UR_DEVICE_TYPE_GPU), .pPropSizeRet = nullptr) -> UR_RESULT_SUCCESS;
   ---> urDeviceGetInfo
   <--- urDeviceGetInfo(.hDevice = 0x3d1b8040, .propName = UR_DEVICE_INFO_VENDOR_ID, .propSize = 4, .pPropValue = 0x7ffee2768a28 (32902), .pPropSizeRet = nullptr) -> UR_RESULT_SUCCESS;
   ---> urDeviceGetInfo
   <--- urDeviceGetInfo(.hDevice = 0x3d1b8040, .propName = UR_DEVICE_INFO_DRIVER_VERSION, .propSize = 0, .pPropValue = nullptr, .pPropSizeRet = 0x7ffee27688d0 (14)) -> UR_RESULT_SUCCESS;
   ---> urDeviceGetInfo
   <--- urDeviceGetInfo(.hDevice = 0x3d1b8040, .propName = UR_DEVICE_INFO_DRIVER_VERSION, .propSize = 14, .pPropValue = 0x7ffee27689f8 (1.17.39395+14), .pPropSizeRet = nullptr) -> UR_RESULT_SUCCESS;
   ---> urPlatformGetInfo
   <--- urPlatformGetInfo(.hPlatform = 0x3d1b6810, .propName = UR_PLATFORM_INFO_BACKEND, .propSize = 4, .pPropValue = 0x7ffee2768bec (UR_BACKEND_LEVEL_ZERO), .pPropSizeRet = nullptr) -> UR_RESULT_SUCCESS;
   ---> urDeviceGetInfo
   <--- urDeviceGetInfo(.hDevice = 0x3d1b8040, .propName = UR_DEVICE_INFO_TYPE, .propSize = 4, .pPropValue = 0x7ffee2768be4 (UR_DEVICE_TYPE_GPU), .pPropSizeRet = nullptr) -> UR_RESULT_SUCCESS;
   ---> urDeviceRelease
   <--- urDeviceRelease(.hDevice = 0x3d1b8040) -> UR_RESULT_SUCCESS;
   ---> urDeviceGetInfo
   <--- urDeviceGetInfo(.hDevice = 0x3d1b8040, .propName = UR_DEVICE_INFO_SUPPORTED_PARTITIONS, .propSize = 0, .pPropValue = nullptr, .pPropSizeRet = 0x7ffee2768bd8 (0)) -> UR_RESULT_SUCCESS;
   ---> urDeviceGetInfo
[2026-10-08 03:29:56.753] [thread-id: 135007647866048] [trace] zeDeviceGetSubDevices(hDevice, pCount, phSubdevices)
[2026-10-08 03:29:56.753] [thread-id: 135007647866048] [trace] SUCCESS (ZE_RESULT_SUCCESS) in zeDeviceGetSubDevices(hDevice=0x3d1a2f28, pCount=0, phSubdevices=nullptr)
   <--- urDeviceGetInfo(.hDevice = 0x3d1b8040, .propName = UR_DEVICE_INFO_COMPONENT_DEVICES, .propSize = 0, .pPropValue = nullptr, .pPropSizeRet = 0x7ffee27689f0 (0)) -> UR_RESULT_SUCCESS;
   ---> urContextCreate
[2026-10-08 03:29:56.753] [thread-id: 135007647866048] [trace] zeContextCreate(hDriver, desc, phContext)
[2026-10-08 03:29:56.753] [thread-id: 135007647866048] [trace] SUCCESS (ZE_RESULT_SUCCESS) in zeContextCreate(hDriver=0x3d1a29c8, desc={stype=0x7ffee2768920, flags=0}, phContext=0x3d1b9738)
[2026-10-08 03:29:56.753] [thread-id: 135007647866048] [trace] zeMemAllocHost(hContext, host_desc, size, alignment, pptr)
[2026-10-08 03:29:56.753] [thread-id: 135007647866048] [trace] SUCCESS (ZE_RESULT_SUCCESS) in zeMemAllocHost(hContext=0x3d1b9738, host_desc={stype=0x7ffee27683a0, flags=0}, size=1, alignment=0, pptr=0x7ac9d87ffe00)
[2026-10-08 03:29:56.753] [thread-id: 135007647866048] [trace] zeMemGetAllocProperties(hContext, ptr, pMemAllocProperties, phDevice)
[2026-10-08 03:29:56.753] [thread-id: 135007647866048] [trace] SUCCESS (ZE_RESULT_SUCCESS) in zeMemGetAllocProperties(hContext=0x3d1b9738, ptr=0x7ac9d87ffe00, pMemAllocProperties={stype=0x7ffee27683a0, type=0x7ffee27683b0, id=1, pageSize=2097152}, phDevice=nullptr)
[2026-10-08 03:29:56.753] [thread-id: 135007647866048] [trace] zeMemFreeExt(hContext, pMemFreeDesc, ptr)
[2026-10-08 03:29:56.753] [thread-id: 135007647866048] [trace] SUCCESS (ZE_RESULT_SUCCESS) in zeMemFreeExt(hContext=0x3d1b9738, pMemFreeDesc={stype=0x7ffee2768380, freePolicy=1}, ptr=0x7ac9d87ffe00)
[2026-10-08 03:29:56.753] [thread-id: 135007647866048] [trace] zeDeviceGetProperties(hDevice, pDeviceProperties)
[2026-10-08 03:29:56.753] [thread-id: 135007647866048] [trace] SUCCESS (ZE_RESULT_SUCCESS) in zeDeviceGetProperties(hDevice=0x3d1a2f28, pDeviceProperties={stype=0x7ac9d8b7b068, type=0x7ac9d8b7b078, vendorId=32902, deviceId=57868, flags=8, subdeviceId=0, coreClockRate=2750, maxMemAllocSize=10132807680, maxHardwareContexts=65536, maxCommandQueuePriority=0, numThreadsPerEU=8, physicalEUSimdWidth=16, numEUsPerSubslice=8, numSubslicesPerSlice=4, numSlices=5, timerResolution=52, timestampValidBits=64, kernelTimestampValidBits=64, uuid={id=134}, name="Intel(R) Arc(TM) B570 Graphics"})
[2026-10-08 03:29:56.753] [thread-id: 135007647866048] [trace] zeMemAllocDevice(hContext, device_desc, size, alignment, hDevice, pptr)
[2026-10-08 03:29:56.753] [thread-id: 135007647866048] [trace] SUCCESS (ZE_RESULT_SUCCESS) in zeMemAllocDevice(hContext=0x3d1b9738, device_desc={stype=0x7ffee2768360, flags=0, ordinal=0}, size=1, alignment=0, hDevice=0x3d1a2f28, pptr=0xffffffffff9ffe00)
[2026-10-08 03:29:56.753] [thread-id: 135007647866048] [trace] zeContextMakeMemoryResident(hContext, hDevice, ptr, size)
[2026-10-08 03:29:56.754] [thread-id: 135007647866048] [trace] SUCCESS (ZE_RESULT_SUCCESS) in zeContextMakeMemoryResident(hContext=0x3d1b9738, hDevice=0x3d1a2f28, ptr=0xffffffffff9ffe00, size=1)
[2026-10-08 03:29:56.754] [thread-id: 135007647866048] [trace] zeMemGetAllocProperties(hContext, ptr, pMemAllocProperties, phDevice)
[2026-10-08 03:29:56.754] [thread-id: 135007647866048] [trace] SUCCESS (ZE_RESULT_SUCCESS) in zeMemGetAllocProperties(hContext=0x3d1b9738, ptr=0xffffffffff9ffe00, pMemAllocProperties={stype=0x7ffee27683a0, type=0x7ffee27683b0, id=3, pageSize=65536}, phDevice=nullptr)
[2026-10-08 03:29:56.754] [thread-id: 135007647866048] [trace] zeMemFreeExt(hContext, pMemFreeDesc, ptr)
[2026-10-08 03:29:56.754] [thread-id: 135007647866048] [trace] SUCCESS (ZE_RESULT_SUCCESS) in zeMemFreeExt(hContext=0x3d1b9738, pMemFreeDesc={stype=0x7ffee2768380, freePolicy=1}, ptr=0xffffffffff9ffe00)
[2026-10-08 03:29:56.754] [thread-id: 135007647866048] [trace] zeDeviceGetProperties(hDevice, pDeviceProperties)
[2026-10-08 03:29:56.754] [thread-id: 135007647866048] [trace] SUCCESS (ZE_RESULT_SUCCESS) in zeDeviceGetProperties(hDevice=0x3d1a2f28, pDeviceProperties={stype=0x7ac9d8b73068, type=0x7ac9d8b73078, vendorId=32902, deviceId=57868, flags=8, subdeviceId=0, coreClockRate=2750, maxMemAllocSize=10132807680, maxHardwareContexts=65536, maxCommandQueuePriority=0, numThreadsPerEU=8, physicalEUSimdWidth=16, numEUsPerSubslice=8, numSubslicesPerSlice=4, numSlices=5, timerResolution=52, timestampValidBits=64, kernelTimestampValidBits=64, uuid={id=134}, name="Intel(R) Arc(TM) B570 Graphics"})
[2026-10-08 03:29:56.754] [thread-id: 135007647866048] [trace] zeMemAllocShared(hContext, device_desc, host_desc, size, alignment, hDevice, pptr)
[2026-10-08 03:29:56.754] [thread-id: 135007647866048] [trace] SUCCESS (ZE_RESULT_SUCCESS) in zeMemAllocShared(hContext=0x3d1b9738, device_desc={stype=0x7ffee27683a0, flags=0, ordinal=0}, host_desc={stype=0x7ffee2768380, flags=0}, size=1, alignment=0, hDevice=0x3d1a2f28, pptr=0x7ac9d8400000)
[2026-10-08 03:29:56.754] [thread-id: 135007647866048] [trace] zeMemGetAllocProperties(hContext, ptr, pMemAllocProperties, phDevice)
[2026-10-08 03:29:56.754] [thread-id: 135007647866048] [trace] SUCCESS (ZE_RESULT_SUCCESS) in zeMemGetAllocProperties(hContext=0x3d1b9738, ptr=0x7ac9d8400000, pMemAllocProperties={stype=0x7ffee27683a0, type=0x7ffee27683b0, id=5, pageSize=65536}, phDevice=nullptr)
[2026-10-08 03:29:56.754] [thread-id: 135007647866048] [trace] zeMemFreeExt(hContext, pMemFreeDesc, ptr)
[2026-10-08 03:29:56.754] [thread-id: 135007647866048] [trace] SUCCESS (ZE_RESULT_SUCCESS) in zeMemFreeExt(hContext=0x3d1b9738, pMemFreeDesc={stype=0x7ffee2768380, freePolicy=1}, ptr=0x7ac9d8400000)
[2026-10-08 03:29:56.754] [thread-id: 135007647866048] [trace] zeDeviceGetProperties(hDevice, pDeviceProperties)
[2026-10-08 03:29:56.755] [thread-id: 135007647866048] [trace] SUCCESS (ZE_RESULT_SUCCESS) in zeDeviceGetProperties(hDevice=0x3d1a2f28, pDeviceProperties={stype=0x7ac9d8805068, type=0x7ac9d8805078, vendorId=32902, deviceId=57868, flags=8, subdeviceId=0, coreClockRate=2750, maxMemAllocSize=10132807680, maxHardwareContexts=65536, maxCommandQueuePriority=0, numThreadsPerEU=8, physicalEUSimdWidth=16, numEUsPerSubslice=8, numSubslicesPerSlice=4, numSlices=5, timerResolution=52, timestampValidBits=64, kernelTimestampValidBits=64, uuid={id=134}, name="Intel(R) Arc(TM) B570 Graphics"})
[2026-10-08 03:29:56.755] [thread-id: 135007647866048] [trace] zeMemAllocShared(hContext, device_desc, host_desc, size, alignment, hDevice, pptr)
[2026-10-08 03:29:56.755] [thread-id: 135007647866048] [trace] SUCCESS (ZE_RESULT_SUCCESS) in zeMemAllocShared(hContext=0x3d1b9738, device_desc={stype=0x7ffee27683a0, flags=0, ordinal=0}, host_desc={stype=0x7ffee2768380, flags=0}, size=1, alignment=0, hDevice=0x3d1a2f28, pptr=0x7ac9d8400000)
[2026-10-08 03:29:56.755] [thread-id: 135007647866048] [trace] zeMemGetAllocProperties(hContext, ptr, pMemAllocProperties, phDevice)
[2026-10-08 03:29:56.755] [thread-id: 135007647866048] [trace] SUCCESS (ZE_RESULT_SUCCESS) in zeMemGetAllocProperties(hContext=0x3d1b9738, ptr=0x7ac9d8400000, pMemAllocProperties={stype=0x7ffee27683a0, type=0x7ffee27683b0, id=6, pageSize=65536}, phDevice=nullptr)
[2026-10-08 03:29:56.755] [thread-id: 135007647866048] [trace] zeMemFreeExt(hContext, pMemFreeDesc, ptr)
[2026-10-08 03:29:56.755] [thread-id: 135007647866048] [trace] SUCCESS (ZE_RESULT_SUCCESS) in zeMemFreeExt(hContext=0x3d1b9738, pMemFreeDesc={stype=0x7ffee2768380, freePolicy=1}, ptr=0x7ac9d8400000)
[2026-10-08 03:29:56.755] [thread-id: 135007647866048] [trace] zeMemAllocHost(hContext, host_desc, size, alignment, pptr)
[2026-10-08 03:29:56.755] [thread-id: 135007647866048] [trace] SUCCESS (ZE_RESULT_SUCCESS) in zeMemAllocHost(hContext=0x3d1b9738, host_desc={stype=0x7ffee27683a0, flags=0}, size=1, alignment=0, pptr=0x7ac9d87ffe00)
[2026-10-08 03:29:56.755] [thread-id: 135007647866048] [trace] zeMemGetAllocProperties(hContext, ptr, pMemAllocProperties, phDevice)
[2026-10-08 03:29:56.755] [thread-id: 135007647866048] [trace] SUCCESS (ZE_RESULT_SUCCESS) in zeMemGetAllocProperties(hContext=0x3d1b9738, ptr=0x7ac9d87ffe00, pMemAllocProperties={stype=0x7ffee27683a0, type=0x7ffee27683b0, id=1, pageSize=2097152}, phDevice=nullptr)
[2026-10-08 03:29:56.755] [thread-id: 135007647866048] [trace] zeMemFreeExt(hContext, pMemFreeDesc, ptr)
[2026-10-08 03:29:56.755] [thread-id: 135007647866048] [trace] SUCCESS (ZE_RESULT_SUCCESS) in zeMemFreeExt(hContext=0x3d1b9738, pMemFreeDesc={stype=0x7ffee2768380, freePolicy=1}, ptr=0x7ac9d87ffe00)
[2026-10-08 03:29:56.755] [thread-id: 135007647866048] [trace] zeDeviceGetProperties(hDevice, pDeviceProperties)
[2026-10-08 03:29:56.755] [thread-id: 135007647866048] [trace] SUCCESS (ZE_RESULT_SUCCESS) in zeDeviceGetProperties(hDevice=0x3d1a2f28, pDeviceProperties={stype=0x7ac9d840f068, type=0x7ac9d840f078, vendorId=32902, deviceId=57868, flags=8, subdeviceId=0, coreClockRate=2750, maxMemAllocSize=10132807680, maxHardwareContexts=65536, maxCommandQueuePriority=0, numThreadsPerEU=8, physicalEUSimdWidth=16, numEUsPerSubslice=8, numSubslicesPerSlice=4, numSlices=5, timerResolution=52, timestampValidBits=64, kernelTimestampValidBits=64, uuid={id=134}, name="Intel(R) Arc(TM) B570 Graphics"})
[2026-10-08 03:29:56.755] [thread-id: 135007647866048] [trace] zeMemAllocDevice(hContext, device_desc, size, alignment, hDevice, pptr)
[2026-10-08 03:29:56.755] [thread-id: 135007647866048] [trace] SUCCESS (ZE_RESULT_SUCCESS) in zeMemAllocDevice(hContext=0x3d1b9738, device_desc={stype=0x7ffee2768360, flags=0, ordinal=0}, size=1, alignment=0, hDevice=0x3d1a2f28, pptr=0xffffffffff9ffe00)
[2026-10-08 03:29:56.755] [thread-id: 135007647866048] [trace] zeContextMakeMemoryResident(hContext, hDevice, ptr, size)
[2026-10-08 03:29:56.755] [thread-id: 135007647866048] [trace] SUCCESS (ZE_RESULT_SUCCESS) in zeContextMakeMemoryResident(hContext=0x3d1b9738, hDevice=0x3d1a2f28, ptr=0xffffffffff9ffe00, size=1)
[2026-10-08 03:29:56.755] [thread-id: 135007647866048] [trace] zeMemGetAllocProperties(hContext, ptr, pMemAllocProperties, phDevice)
[2026-10-08 03:29:56.755] [thread-id: 135007647866048] [trace] SUCCESS (ZE_RESULT_SUCCESS) in zeMemGetAllocProperties(hContext=0x3d1b9738, ptr=0xffffffffff9ffe00, pMemAllocProperties={stype=0x7ffee27683a0, type=0x7ffee27683b0, id=3, pageSize=65536}, phDevice=nullptr)
[2026-10-08 03:29:56.755] [thread-id: 135007647866048] [trace] zeMemFreeExt(hContext, pMemFreeDesc, ptr)
[2026-10-08 03:29:56.755] [thread-id: 135007647866048] [trace] SUCCESS (ZE_RESULT_SUCCESS) in zeMemFreeExt(hContext=0x3d1b9738, pMemFreeDesc={stype=0x7ffee2768380, freePolicy=1}, ptr=0xffffffffff9ffe00)
[2026-10-08 03:29:56.756] [thread-id: 135007647866048] [trace] zeDeviceGetProperties(hDevice, pDeviceProperties)
[2026-10-08 03:29:56.756] [thread-id: 135007647866048] [trace] SUCCESS (ZE_RESULT_SUCCESS) in zeDeviceGetProperties(hDevice=0x3d1a2f28, pDeviceProperties={stype=0x7ac9d8402068, type=0x7ac9d8402078, vendorId=32902, deviceId=57868, flags=8, subdeviceId=0, coreClockRate=2750, maxMemAllocSize=10132807680, maxHardwareContexts=65536, maxCommandQueuePriority=0, numThreadsPerEU=8, physicalEUSimdWidth=16, numEUsPerSubslice=8, numSubslicesPerSlice=4, numSlices=5, timerResolution=52, timestampValidBits=64, kernelTimestampValidBits=64, uuid={id=134}, name="Intel(R) Arc(TM) B570 Graphics"})
[2026-10-08 03:29:56.756] [thread-id: 135007647866048] [trace] zeMemAllocShared(hContext, device_desc, host_desc, size, alignment, hDevice, pptr)
[2026-10-08 03:29:56.756] [thread-id: 135007647866048] [trace] SUCCESS (ZE_RESULT_SUCCESS) in zeMemAllocShared(hContext=0x3d1b9738, device_desc={stype=0x7ffee27683a0, flags=0, ordinal=0}, host_desc={stype=0x7ffee2768380, flags=0}, size=1, alignment=0, hDevice=0x3d1a2f28, pptr=0x7ac9d83f0000)
[2026-10-08 03:29:56.756] [thread-id: 135007647866048] [trace] zeMemGetAllocProperties(hContext, ptr, pMemAllocProperties, phDevice)
[2026-10-08 03:29:56.756] [thread-id: 135007647866048] [trace] SUCCESS (ZE_RESULT_SUCCESS) in zeMemGetAllocProperties(hContext=0x3d1b9738, ptr=0x7ac9d83f0000, pMemAllocProperties={stype=0x7ffee27683a0, type=0x7ffee27683b0, id=9, pageSize=65536}, phDevice=nullptr)
[2026-10-08 03:29:56.756] [thread-id: 135007647866048] [trace] zeMemFreeExt(hContext, pMemFreeDesc, ptr)
[2026-10-08 03:29:56.756] [thread-id: 135007647866048] [trace] SUCCESS (ZE_RESULT_SUCCESS) in zeMemFreeExt(hContext=0x3d1b9738, pMemFreeDesc={stype=0x7ffee2768380, freePolicy=1}, ptr=0x7ac9d83f0000)
[2026-10-08 03:29:56.756] [thread-id: 135007647866048] [trace] zeDeviceGetProperties(hDevice, pDeviceProperties)
[2026-10-08 03:29:56.756] [thread-id: 135007647866048] [trace] SUCCESS (ZE_RESULT_SUCCESS) in zeDeviceGetProperties(hDevice=0x3d1a2f28, pDeviceProperties={stype=0x7ac9d83fe068, type=0x7ac9d83fe078, vendorId=32902, deviceId=57868, flags=8, subdeviceId=0, coreClockRate=2750, maxMemAllocSize=10132807680, maxHardwareContexts=65536, maxCommandQueuePriority=0, numThreadsPerEU=8, physicalEUSimdWidth=16, numEUsPerSubslice=8, numSubslicesPerSlice=4, numSlices=5, timerResolution=52, timestampValidBits=64, kernelTimestampValidBits=64, uuid={id=134}, name="Intel(R) Arc(TM) B570 Graphics"})
[2026-10-08 03:29:56.756] [thread-id: 135007647866048] [trace] zeMemAllocShared(hContext, device_desc, host_desc, size, alignment, hDevice, pptr)
[2026-10-08 03:29:56.756] [thread-id: 135007647866048] [trace] SUCCESS (ZE_RESULT_SUCCESS) in zeMemAllocShared(hContext=0x3d1b9738, device_desc={stype=0x7ffee27683a0, flags=0, ordinal=0}, host_desc={stype=0x7ffee2768380, flags=0}, size=1, alignment=0, hDevice=0x3d1a2f28, pptr=0x7ac9d83e0000)
[2026-10-08 03:29:56.756] [thread-id: 135007647866048] [trace] zeMemGetAllocProperties(hContext, ptr, pMemAllocProperties, phDevice)
[2026-10-08 03:29:56.756] [thread-id: 135007647866048] [trace] SUCCESS (ZE_RESULT_SUCCESS) in zeMemGetAllocProperties(hContext=0x3d1b9738, ptr=0x7ac9d83e0000, pMemAllocProperties={stype=0x7ffee27683a0, type=0x7ffee27683b0, id=10, pageSize=65536}, phDevice=nullptr)
[2026-10-08 03:29:56.756] [thread-id: 135007647866048] [trace] zeMemFreeExt(hContext, pMemFreeDesc, ptr)
[2026-10-08 03:29:56.756] [thread-id: 135007647866048] [trace] SUCCESS (ZE_RESULT_SUCCESS) in zeMemFreeExt(hContext=0x3d1b9738, pMemFreeDesc={stype=0x7ffee2768380, freePolicy=1}, ptr=0x7ac9d83e0000)
   <--- urContextCreate(.DeviceCount = 1, .phDevices = 0x3d1b8ce0 {0x3d1b8040}, .pProperties = nullptr, .phContext = 0x3d1bac40 (0x3d1bcb90)) -> UR_RESULT_SUCCESS;
   ---> urQueueCreate
<LEVEL_ZERO>[INFO]: Copy offload is disabled by the environment variable.
<LEVEL_ZERO>[DEBUG]: create command list ordinal: 0, type: immediate, device: 0x3d1a2f28, inOrder: 1
[2026-10-08 03:29:56.756] [thread-id: 135007647866048] [trace] zeCommandListCreateImmediate(hContext, hDevice, altdesc, phCommandList)
[2026-10-08 03:29:56.758] [thread-id: 135007647866048] [trace] SUCCESS (ZE_RESULT_SUCCESS) in zeCommandListCreateImmediate(hContext=0x3d1b9738, hDevice=0x3d1a2f28, altdesc={stype=0x7ffee27688a0, ordinal=0, index=0, flags=2, mode=0x7ffee27688bc, priority=0x7ffee27688c0}, phCommandList=0x3d1c0d88)
[2026-10-08 03:29:56.758] [thread-id: 135007647866048] [trace] zeDriverGetExtensionFunctionAddress(hDriver, name, ppFunctionAddress)
[2026-10-08 03:29:56.758] [thread-id: 135007647866048] [trace] SUCCESS (ZE_RESULT_SUCCESS) in zeDriverGetExtensionFunctionAddress(hDriver=0x3d1a29c8, name="zexCounterBasedEventCreate2", ppFunctionAddress=0x7ac9e6cc6c00)
   <--- urQueueCreate(.hContext = 0x3d1bcb90, .hDevice = 0x3d1b8040, .pProperties = 0x7ffee2768e80 ((struct ur_queue_properties_t){.stype = UR_STRUCTURE_TYPE_QUEUE_PROPERTIES, .pNext = nullptr, .flags = 0}), .phQueue = 0x7ffee2768e98 (0x3d1c00a0)) -> UR_RESULT_SUCCESS;
   ---> urDeviceGetInfo
[2026-10-08 03:29:56.758] [thread-id: 135007647866048] [trace] zeDeviceGetMemoryAccessProperties(hDevice, pMemAccessProperties)
[2026-10-08 03:29:56.758] [thread-id: 135007647866048] [trace] SUCCESS (ZE_RESULT_SUCCESS) in zeDeviceGetMemoryAccessProperties(hDevice=0x3d1a2f28, pMemAccessProperties={stype=0x3d1b8420, hostAllocCapabilities=3, deviceAllocCapabilities=3, sharedSingleDeviceAllocCapabilities=3, sharedCrossDeviceAllocCapabilities=0, sharedSystemAllocCapabilities=15})
   <--- urDeviceGetInfo(.hDevice = 0x3d1b8040, .propName = UR_DEVICE_INFO_USM_DEVICE_SUPPORT, .propSize = 4, .pPropValue = 0x7ffee2768ce4 (UR_DEVICE_USM_ACCESS_CAPABILITY_FLAG_ACCESS | UR_DEVICE_USM_ACCESS_CAPABILITY_FLAG_ATOMIC_ACCESS), .pPropSizeRet = nullptr) -> UR_RESULT_SUCCESS;
   ---> urUSMDeviceAlloc
[2026-10-08 03:29:56.758] [thread-id: 135007647866048] [trace] zeMemAllocDevice(hContext, device_desc, size, alignment, hDevice, pptr)
[2026-10-08 03:29:56.758] [thread-id: 135007647866048] [trace] SUCCESS (ZE_RESULT_SUCCESS) in zeMemAllocDevice(hContext=0x3d1b9738, device_desc={stype=0x7ffee27688f0, flags=0, ordinal=0}, size=65536, alignment=0, hDevice=0x3d1a2f28, pptr=0xffffffffff600000)
[2026-10-08 03:29:56.758] [thread-id: 135007647866048] [trace] zeContextMakeMemoryResident(hContext, hDevice, ptr, size)
[2026-10-08 03:29:56.758] [thread-id: 135007647866048] [trace] SUCCESS (ZE_RESULT_SUCCESS) in zeContextMakeMemoryResident(hContext=0x3d1b9738, hDevice=0x3d1a2f28, ptr=0xffffffffff600000, size=65536)
   <--- urUSMDeviceAlloc(.hContext = 0x3d1bcb90, .hDevice = 0x3d1b8040, .pUSMDesc = 0x7ffee2768e50 ((struct ur_usm_desc_t){.stype = UR_STRUCTURE_TYPE_CONTEXT_PROPERTIES, .pNext = nullptr, .hints = 0, .align = 4}), .pool = nullptr, .size = 65536, .ppMem = 0x7ffee2768e68 (0xffffffffff600000)) -> UR_RESULT_SUCCESS;
   ---> urEnqueueUSMMemcpy
<LEVEL_ZERO>[DEBUG]: ze_event_pool_desc_t flags set to: 1
[2026-10-08 03:29:56.758] [thread-id: 135007647866048] [trace] zexCounterBasedEventCreate2(hContext, hDevice, desc, phEvent)
[2026-10-08 03:29:56.758] [thread-id: 135007647866048] [trace] SUCCESS (ZE_RESULT_SUCCESS) in zexCounterBasedEventCreate2(hContext=0x3d1b9738, hDevice=0x3d1a2f28, desc=0x7ffee27688a0, phEvent=0x3d1f1a68)
<LEVEL_ZERO>[DEBUG]: ze_event_pool_desc_t flags set to: 1
[2026-10-08 03:29:56.758] [thread-id: 135007647866048] [trace] zexCounterBasedEventCreate2(hContext, hDevice, desc, phEvent)
[2026-10-08 03:29:56.758] [thread-id: 135007647866048] [trace] SUCCESS (ZE_RESULT_SUCCESS) in zexCounterBasedEventCreate2(hContext=0x3d1b9738, hDevice=0x3d1a2f28, desc=0x7ffee27688a0, phEvent=0x3d1f1e08)
<LEVEL_ZERO>[DEBUG]: ze_event_pool_desc_t flags set to: 1
[2026-10-08 03:29:56.758] [thread-id: 135007647866048] [trace] zexCounterBasedEventCreate2(hContext, hDevice, desc, phEvent)
[2026-10-08 03:29:56.758] [thread-id: 135007647866048] [trace] SUCCESS (ZE_RESULT_SUCCESS) in zexCounterBasedEventCreate2(hContext=0x3d1b9738, hDevice=0x3d1a2f28, desc=0x7ffee27688a0, phEvent=0x3d1f2528)
<LEVEL_ZERO>[DEBUG]: ze_event_pool_desc_t flags set to: 1
[2026-10-08 03:29:56.758] [thread-id: 135007647866048] [trace] zexCounterBasedEventCreate2(hContext, hDevice, desc, phEvent)
[2026-10-08 03:29:56.758] [thread-id: 135007647866048] [trace] SUCCESS (ZE_RESULT_SUCCESS) in zexCounterBasedEventCreate2(hContext=0x3d1b9738, hDevice=0x3d1a2f28, desc=0x7ffee27688a0, phEvent=0x3d1f2a68)
<LEVEL_ZERO>[DEBUG]: ze_event_pool_desc_t flags set to: 1
[2026-10-08 03:29:56.758] [thread-id: 135007647866048] [trace] zexCounterBasedEventCreate2(hContext, hDevice, desc, phEvent)
[2026-10-08 03:29:56.758] [thread-id: 135007647866048] [trace] SUCCESS (ZE_RESULT_SUCCESS) in zexCounterBasedEventCreate2(hContext=0x3d1b9738, hDevice=0x3d1a2f28, desc=0x7ffee27688a0, phEvent=0x3d1f3168)
<LEVEL_ZERO>[DEBUG]: ze_event_pool_desc_t flags set to: 1
[2026-10-08 03:29:56.758] [thread-id: 135007647866048] [trace] zexCounterBasedEventCreate2(hContext, hDevice, desc, phEvent)
[2026-10-08 03:29:56.758] [thread-id: 135007647866048] [trace] SUCCESS (ZE_RESULT_SUCCESS) in zexCounterBasedEventCreate2(hContext=0x3d1b9738, hDevice=0x3d1a2f28, desc=0x7ffee27688a0, phEvent=0x3d1f36c8)
<LEVEL_ZERO>[DEBUG]: ze_event_pool_desc_t flags set to: 1
[2026-10-08 03:29:56.758] [thread-id: 135007647866048] [trace] zexCounterBasedEventCreate2(hContext, hDevice, desc, phEvent)
[2026-10-08 03:29:56.758] [thread-id: 135007647866048] [trace] SUCCESS (ZE_RESULT_SUCCESS) in zexCounterBasedEventCreate2(hContext=0x3d1b9738, hDevice=0x3d1a2f28, desc=0x7ffee27688a0, phEvent=0x3d1f3dc8)
<LEVEL_ZERO>[DEBUG]: ze_event_pool_desc_t flags set to: 1
[2026-10-08 03:29:56.759] [thread-id: 135007647866048] [trace] zexCounterBasedEventCreate2(hContext, hDevice, desc, phEvent)
[2026-10-08 03:29:56.759] [thread-id: 135007647866048] [trace] SUCCESS (ZE_RESULT_SUCCESS) in zexCounterBasedEventCreate2(hContext=0x3d1b9738, hDevice=0x3d1a2f28, desc=0x7ffee27688a0, phEvent=0x3d1f42d8)
<LEVEL_ZERO>[DEBUG]: ze_event_pool_desc_t flags set to: 1
[2026-10-08 03:29:56.759] [thread-id: 135007647866048] [trace] zexCounterBasedEventCreate2(hContext, hDevice, desc, phEvent)
[2026-10-08 03:29:56.759] [thread-id: 135007647866048] [trace] SUCCESS (ZE_RESULT_SUCCESS) in zexCounterBasedEventCreate2(hContext=0x3d1b9738, hDevice=0x3d1a2f28, desc=0x7ffee27688a0, phEvent=0x3d1f49d8)
<LEVEL_ZERO>[DEBUG]: ze_event_pool_desc_t flags set to: 1
[2026-10-08 03:29:56.759] [thread-id: 135007647866048] [trace] zexCounterBasedEventCreate2(hContext, hDevice, desc, phEvent)
[2026-10-08 03:29:56.759] [thread-id: 135007647866048] [trace] SUCCESS (ZE_RESULT_SUCCESS) in zexCounterBasedEventCreate2(hContext=0x3d1b9738, hDevice=0x3d1a2f28, desc=0x7ffee27688a0, phEvent=0x3d1f4ee8)
<LEVEL_ZERO>[DEBUG]: ze_event_pool_desc_t flags set to: 1
[2026-10-08 03:29:56.759] [thread-id: 135007647866048] [trace] zexCounterBasedEventCreate2(hContext, hDevice, desc, phEvent)
[2026-10-08 03:29:56.759] [thread-id: 135007647866048] [trace] SUCCESS (ZE_RESULT_SUCCESS) in zexCounterBasedEventCreate2(hContext=0x3d1b9738, hDevice=0x3d1a2f28, desc=0x7ffee27688a0, phEvent=0x3d1f55e8)
<LEVEL_ZERO>[DEBUG]: ze_event_pool_desc_t flags set to: 1
[2026-10-08 03:29:56.759] [thread-id: 135007647866048] [trace] zexCounterBasedEventCreate2(hContext, hDevice, desc, phEvent)
[2026-10-08 03:29:56.759] [thread-id: 135007647866048] [trace] SUCCESS (ZE_RESULT_SUCCESS) in zexCounterBasedEventCreate2(hContext=0x3d1b9738, hDevice=0x3d1a2f28, desc=0x7ffee27688a0, phEvent=0x3d1f5b98)
<LEVEL_ZERO>[DEBUG]: ze_event_pool_desc_t flags set to: 1
[2026-10-08 03:29:56.759] [thread-id: 135007647866048] [trace] zexCounterBasedEventCreate2(hContext, hDevice, desc, phEvent)
[2026-10-08 03:29:56.759] [thread-id: 135007647866048] [trace] SUCCESS (ZE_RESULT_SUCCESS) in zexCounterBasedEventCreate2(hContext=0x3d1b9738, hDevice=0x3d1a2f28, desc=0x7ffee27688a0, phEvent=0x3d1f6298)
<LEVEL_ZERO>[DEBUG]: ze_event_pool_desc_t flags set to: 1
[2026-10-08 03:29:56.759] [thread-id: 135007647866048] [trace] zexCounterBasedEventCreate2(hContext, hDevice, desc, phEvent)
[2026-10-08 03:29:56.759] [thread-id: 135007647866048] [trace] SUCCESS (ZE_RESULT_SUCCESS) in zexCounterBasedEventCreate2(hContext=0x3d1b9738, hDevice=0x3d1a2f28, desc=0x7ffee27688a0, phEvent=0x3d1f67a8)
<LEVEL_ZERO>[DEBUG]: ze_event_pool_desc_t flags set to: 1
[2026-10-08 03:29:56.759] [thread-id: 135007647866048] [trace] zexCounterBasedEventCreate2(hContext, hDevice, desc, phEvent)
[2026-10-08 03:29:56.759] [thread-id: 135007647866048] [trace] SUCCESS (ZE_RESULT_SUCCESS) in zexCounterBasedEventCreate2(hContext=0x3d1b9738, hDevice=0x3d1a2f28, desc=0x7ffee27688a0, phEvent=0x3d1f6ea8)
<LEVEL_ZERO>[DEBUG]: ze_event_pool_desc_t flags set to: 1
[2026-10-08 03:29:56.759] [thread-id: 135007647866048] [trace] zexCounterBasedEventCreate2(hContext, hDevice, desc, phEvent)
[2026-10-08 03:29:56.759] [thread-id: 135007647866048] [trace] SUCCESS (ZE_RESULT_SUCCESS) in zexCounterBasedEventCreate2(hContext=0x3d1b9738, hDevice=0x3d1a2f28, desc=0x7ffee27688a0, phEvent=0x3d1f73b8)
<LEVEL_ZERO>[DEBUG]: ze_event_pool_desc_t flags set to: 1
[2026-10-08 03:29:56.759] [thread-id: 135007647866048] [trace] zexCounterBasedEventCreate2(hContext, hDevice, desc, phEvent)
[2026-10-08 03:29:56.759] [thread-id: 135007647866048] [trace] SUCCESS (ZE_RESULT_SUCCESS) in zexCounterBasedEventCreate2(hContext=0x3d1b9738, hDevice=0x3d1a2f28, desc=0x7ffee27688a0, phEvent=0x3d1f7ab8)
<LEVEL_ZERO>[DEBUG]: ze_event_pool_desc_t flags set to: 1
[2026-10-08 03:29:56.759] [thread-id: 135007647866048] [trace] zexCounterBasedEventCreate2(hContext, hDevice, desc, phEvent)
[2026-10-08 03:29:56.759] [thread-id: 135007647866048] [trace] SUCCESS (ZE_RESULT_SUCCESS) in zexCounterBasedEventCreate2(hContext=0x3d1b9738, hDevice=0x3d1a2f28, desc=0x7ffee27688a0, phEvent=0x3d1f80d8)
<LEVEL_ZERO>[DEBUG]: ze_event_pool_desc_t flags set to: 1
[2026-10-08 03:29:56.759] [thread-id: 135007647866048] [trace] zexCounterBasedEventCreate2(hContext, hDevice, desc, phEvent)
[2026-10-08 03:29:56.759] [thread-id: 135007647866048] [trace] SUCCESS (ZE_RESULT_SUCCESS) in zexCounterBasedEventCreate2(hContext=0x3d1b9738, hDevice=0x3d1a2f28, desc=0x7ffee27688a0, phEvent=0x3d1f87d8)
<LEVEL_ZERO>[DEBUG]: ze_event_pool_desc_t flags set to: 1
[2026-10-08 03:29:56.759] [thread-id: 135007647866048] [trace] zexCounterBasedEventCreate2(hContext, hDevice, desc, phEvent)
[2026-10-08 03:29:56.759] [thread-id: 135007647866048] [trace] SUCCESS (ZE_RESULT_SUCCESS) in zexCounterBasedEventCreate2(hContext=0x3d1b9738, hDevice=0x3d1a2f28, desc=0x7ffee27688a0, phEvent=0x3d1f8ce8)
<LEVEL_ZERO>[DEBUG]: ze_event_pool_desc_t flags set to: 1
[2026-10-08 03:29:56.759] [thread-id: 135007647866048] [trace] zexCounterBasedEventCreate2(hContext, hDevice, desc, phEvent)
[2026-10-08 03:29:56.759] [thread-id: 135007647866048] [trace] SUCCESS (ZE_RESULT_SUCCESS) in zexCounterBasedEventCreate2(hContext=0x3d1b9738, hDevice=0x3d1a2f28, desc=0x7ffee27688a0, phEvent=0x3d1f93e8)
<LEVEL_ZERO>[DEBUG]: ze_event_pool_desc_t flags set to: 1
[2026-10-08 03:29:56.759] [thread-id: 135007647866048] [trace] zexCounterBasedEventCreate2(hContext, hDevice, desc, phEvent)
[2026-10-08 03:29:56.759] [thread-id: 135007647866048] [trace] SUCCESS (ZE_RESULT_SUCCESS) in zexCounterBasedEventCreate2(hContext=0x3d1b9738, hDevice=0x3d1a2f28, desc=0x7ffee27688a0, phEvent=0x3d1f98f8)
<LEVEL_ZERO>[DEBUG]: ze_event_pool_desc_t flags set to: 1
[2026-10-08 03:29:56.759] [thread-id: 135007647866048] [trace] zexCounterBasedEventCreate2(hContext, hDevice, desc, phEvent)
[2026-10-08 03:29:56.759] [thread-id: 135007647866048] [trace] SUCCESS (ZE_RESULT_SUCCESS) in zexCounterBasedEventCreate2(hContext=0x3d1b9738, hDevice=0x3d1a2f28, desc=0x7ffee27688a0, phEvent=0x3d1f9ff8)
<LEVEL_ZERO>[DEBUG]: ze_event_pool_desc_t flags set to: 1
[2026-10-08 03:29:56.759] [thread-id: 135007647866048] [trace] zexCounterBasedEventCreate2(hContext, hDevice, desc, phEvent)
[2026-10-08 03:29:56.759] [thread-id: 135007647866048] [trace] SUCCESS (ZE_RESULT_SUCCESS) in zexCounterBasedEventCreate2(hContext=0x3d1b9738, hDevice=0x3d1a2f28, desc=0x7ffee27688a0, phEvent=0x3d1fa508)
<LEVEL_ZERO>[DEBUG]: ze_event_pool_desc_t flags set to: 1
[2026-10-08 03:29:56.759] [thread-id: 135007647866048] [trace] zexCounterBasedEventCreate2(hContext, hDevice, desc, phEvent)
[2026-10-08 03:29:56.759] [thread-id: 135007647866048] [trace] SUCCESS (ZE_RESULT_SUCCESS) in zexCounterBasedEventCreate2(hContext=0x3d1b9738, hDevice=0x3d1a2f28, desc=0x7ffee27688a0, phEvent=0x3d1fad48)
<LEVEL_ZERO>[DEBUG]: ze_event_pool_desc_t flags set to: 1
[2026-10-08 03:29:56.759] [thread-id: 135007647866048] [trace] zexCounterBasedEventCreate2(hContext, hDevice, desc, phEvent)
[2026-10-08 03:29:56.759] [thread-id: 135007647866048] [trace] SUCCESS (ZE_RESULT_SUCCESS) in zexCounterBasedEventCreate2(hContext=0x3d1b9738, hDevice=0x3d1a2f28, desc=0x7ffee27688a0, phEvent=0x3d1fb258)
<LEVEL_ZERO>[DEBUG]: ze_event_pool_desc_t flags set to: 1
[2026-10-08 03:29:56.759] [thread-id: 135007647866048] [trace] zexCounterBasedEventCreate2(hContext, hDevice, desc, phEvent)
[2026-10-08 03:29:56.759] [thread-id: 135007647866048] [trace] SUCCESS (ZE_RESULT_SUCCESS) in zexCounterBasedEventCreate2(hContext=0x3d1b9738, hDevice=0x3d1a2f28, desc=0x7ffee27688a0, phEvent=0x3d1fb958)
<LEVEL_ZERO>[DEBUG]: ze_event_pool_desc_t flags set to: 1
[2026-10-08 03:29:56.759] [thread-id: 135007647866048] [trace] zexCounterBasedEventCreate2(hContext, hDevice, desc, phEvent)
[2026-10-08 03:29:56.759] [thread-id: 135007647866048] [trace] SUCCESS (ZE_RESULT_SUCCESS) in zexCounterBasedEventCreate2(hContext=0x3d1b9738, hDevice=0x3d1a2f28, desc=0x7ffee27688a0, phEvent=0x3d1fbe68)
<LEVEL_ZERO>[DEBUG]: ze_event_pool_desc_t flags set to: 1
[2026-10-08 03:29:56.759] [thread-id: 135007647866048] [trace] zexCounterBasedEventCreate2(hContext, hDevice, desc, phEvent)
[2026-10-08 03:29:56.759] [thread-id: 135007647866048] [trace] SUCCESS (ZE_RESULT_SUCCESS) in zexCounterBasedEventCreate2(hContext=0x3d1b9738, hDevice=0x3d1a2f28, desc=0x7ffee27688a0, phEvent=0x3d1fc568)
<LEVEL_ZERO>[DEBUG]: ze_event_pool_desc_t flags set to: 1
[2026-10-08 03:29:56.759] [thread-id: 135007647866048] [trace] zexCounterBasedEventCreate2(hContext, hDevice, desc, phEvent)
[2026-10-08 03:29:56.759] [thread-id: 135007647866048] [trace] SUCCESS (ZE_RESULT_SUCCESS) in zexCounterBasedEventCreate2(hContext=0x3d1b9738, hDevice=0x3d1a2f28, desc=0x7ffee27688a0, phEvent=0x3d1fca78)
<LEVEL_ZERO>[DEBUG]: ze_event_pool_desc_t flags set to: 1
[2026-10-08 03:29:56.759] [thread-id: 135007647866048] [trace] zexCounterBasedEventCreate2(hContext, hDevice, desc, phEvent)
[2026-10-08 03:29:56.759] [thread-id: 135007647866048] [trace] SUCCESS (ZE_RESULT_SUCCESS) in zexCounterBasedEventCreate2(hContext=0x3d1b9738, hDevice=0x3d1a2f28, desc=0x7ffee27688a0, phEvent=0x3d1fd178)
<LEVEL_ZERO>[DEBUG]: ze_event_pool_desc_t flags set to: 1
[2026-10-08 03:29:56.759] [thread-id: 135007647866048] [trace] zexCounterBasedEventCreate2(hContext, hDevice, desc, phEvent)
[2026-10-08 03:29:56.759] [thread-id: 135007647866048] [trace] SUCCESS (ZE_RESULT_SUCCESS) in zexCounterBasedEventCreate2(hContext=0x3d1b9738, hDevice=0x3d1a2f28, desc=0x7ffee27688a0, phEvent=0x3d1fd688)
<LEVEL_ZERO>[DEBUG]: ze_event_pool_desc_t flags set to: 1
[2026-10-08 03:29:56.759] [thread-id: 135007647866048] [trace] zexCounterBasedEventCreate2(hContext, hDevice, desc, phEvent)
[2026-10-08 03:29:56.759] [thread-id: 135007647866048] [trace] SUCCESS (ZE_RESULT_SUCCESS) in zexCounterBasedEventCreate2(hContext=0x3d1b9738, hDevice=0x3d1a2f28, desc=0x7ffee27688a0, phEvent=0x3d1fdd88)
<LEVEL_ZERO>[DEBUG]: ze_event_pool_desc_t flags set to: 1
[2026-10-08 03:29:56.759] [thread-id: 135007647866048] [trace] zexCounterBasedEventCreate2(hContext, hDevice, desc, phEvent)
[2026-10-08 03:29:56.759] [thread-id: 135007647866048] [trace] SUCCESS (ZE_RESULT_SUCCESS) in zexCounterBasedEventCreate2(hContext=0x3d1b9738, hDevice=0x3d1a2f28, desc=0x7ffee27688a0, phEvent=0x3d1fe4a8)
<LEVEL_ZERO>[DEBUG]: ze_event_pool_desc_t flags set to: 1
[2026-10-08 03:29:56.759] [thread-id: 135007647866048] [trace] zexCounterBasedEventCreate2(hContext, hDevice, desc, phEvent)
[2026-10-08 03:29:56.759] [thread-id: 135007647866048] [trace] SUCCESS (ZE_RESULT_SUCCESS) in zexCounterBasedEventCreate2(hContext=0x3d1b9738, hDevice=0x3d1a2f28, desc=0x7ffee27688a0, phEvent=0x3d1feba8)
<LEVEL_ZERO>[DEBUG]: ze_event_pool_desc_t flags set to: 1
[2026-10-08 03:29:56.759] [thread-id: 135007647866048] [trace] zexCounterBasedEventCreate2(hContext, hDevice, desc, phEvent)
[2026-10-08 03:29:56.759] [thread-id: 135007647866048] [trace] SUCCESS (ZE_RESULT_SUCCESS) in zexCounterBasedEventCreate2(hContext=0x3d1b9738, hDevice=0x3d1a2f28, desc=0x7ffee27688a0, phEvent=0x3d1ff0b8)
<LEVEL_ZERO>[DEBUG]: ze_event_pool_desc_t flags set to: 1
[2026-10-08 03:29:56.759] [thread-id: 135007647866048] [trace] zexCounterBasedEventCreate2(hContext, hDevice, desc, phEvent)
[2026-10-08 03:29:56.759] [thread-id: 135007647866048] [trace] SUCCESS (ZE_RESULT_SUCCESS) in zexCounterBasedEventCreate2(hContext=0x3d1b9738, hDevice=0x3d1a2f28, desc=0x7ffee27688a0, phEvent=0x3d1ff7b8)
<LEVEL_ZERO>[DEBUG]: ze_event_pool_desc_t flags set to: 1
[2026-10-08 03:29:56.759] [thread-id: 135007647866048] [trace] zexCounterBasedEventCreate2(hContext, hDevice, desc, phEvent)
[2026-10-08 03:29:56.759] [thread-id: 135007647866048] [trace] SUCCESS (ZE_RESULT_SUCCESS) in zexCounterBasedEventCreate2(hContext=0x3d1b9738, hDevice=0x3d1a2f28, desc=0x7ffee27688a0, phEvent=0x3d1ffcc8)
<LEVEL_ZERO>[DEBUG]: ze_event_pool_desc_t flags set to: 1
[2026-10-08 03:29:56.760] [thread-id: 135007647866048] [trace] zexCounterBasedEventCreate2(hContext, hDevice, desc, phEvent)
[2026-10-08 03:29:56.760] [thread-id: 135007647866048] [trace] SUCCESS (ZE_RESULT_SUCCESS) in zexCounterBasedEventCreate2(hContext=0x3d1b9738, hDevice=0x3d1a2f28, desc=0x7ffee27688a0, phEvent=0x3d2003c8)
<LEVEL_ZERO>[DEBUG]: ze_event_pool_desc_t flags set to: 1
[2026-10-08 03:29:56.760] [thread-id: 135007647866048] [trace] zexCounterBasedEventCreate2(hContext, hDevice, desc, phEvent)
[2026-10-08 03:29:56.760] [thread-id: 135007647866048] [trace] SUCCESS (ZE_RESULT_SUCCESS) in zexCounterBasedEventCreate2(hContext=0x3d1b9738, hDevice=0x3d1a2f28, desc=0x7ffee27688a0, phEvent=0x3d2008d8)
<LEVEL_ZERO>[DEBUG]: ze_event_pool_desc_t flags set to: 1
[2026-10-08 03:29:56.760] [thread-id: 135007647866048] [trace] zexCounterBasedEventCreate2(hContext, hDevice, desc, phEvent)
[2026-10-08 03:29:56.760] [thread-id: 135007647866048] [trace] SUCCESS (ZE_RESULT_SUCCESS) in zexCounterBasedEventCreate2(hContext=0x3d1b9738, hDevice=0x3d1a2f28, desc=0x7ffee27688a0, phEvent=0x3d200fd8)
<LEVEL_ZERO>[DEBUG]: ze_event_pool_desc_t flags set to: 1
[2026-10-08 03:29:56.760] [thread-id: 135007647866048] [trace] zexCounterBasedEventCreate2(hContext, hDevice, desc, phEvent)
[2026-10-08 03:29:56.760] [thread-id: 135007647866048] [trace] SUCCESS (ZE_RESULT_SUCCESS) in zexCounterBasedEventCreate2(hContext=0x3d1b9738, hDevice=0x3d1a2f28, desc=0x7ffee27688a0, phEvent=0x3d2014e8)
<LEVEL_ZERO>[DEBUG]: ze_event_pool_desc_t flags set to: 1
[2026-10-08 03:29:56.760] [thread-id: 135007647866048] [trace] zexCounterBasedEventCreate2(hContext, hDevice, desc, phEvent)
[2026-10-08 03:29:56.760] [thread-id: 135007647866048] [trace] SUCCESS (ZE_RESULT_SUCCESS) in zexCounterBasedEventCreate2(hContext=0x3d1b9738, hDevice=0x3d1a2f28, desc=0x7ffee27688a0, phEvent=0x3d201be8)
<LEVEL_ZERO>[DEBUG]: ze_event_pool_desc_t flags set to: 1
[2026-10-08 03:29:56.760] [thread-id: 135007647866048] [trace] zexCounterBasedEventCreate2(hContext, hDevice, desc, phEvent)
[2026-10-08 03:29:56.760] [thread-id: 135007647866048] [trace] SUCCESS (ZE_RESULT_SUCCESS) in zexCounterBasedEventCreate2(hContext=0x3d1b9738, hDevice=0x3d1a2f28, desc=0x7ffee27688a0, phEvent=0x3d2020f8)
<LEVEL_ZERO>[DEBUG]: ze_event_pool_desc_t flags set to: 1
[2026-10-08 03:29:56.760] [thread-id: 135007647866048] [trace] zexCounterBasedEventCreate2(hContext, hDevice, desc, phEvent)
[2026-10-08 03:29:56.760] [thread-id: 135007647866048] [trace] SUCCESS (ZE_RESULT_SUCCESS) in zexCounterBasedEventCreate2(hContext=0x3d1b9738, hDevice=0x3d1a2f28, desc=0x7ffee27688a0, phEvent=0x3d2027f8)
<LEVEL_ZERO>[DEBUG]: ze_event_pool_desc_t flags set to: 1
[2026-10-08 03:29:56.760] [thread-id: 135007647866048] [trace] zexCounterBasedEventCreate2(hContext, hDevice, desc, phEvent)
[2026-10-08 03:29:56.760] [thread-id: 135007647866048] [trace] SUCCESS (ZE_RESULT_SUCCESS) in zexCounterBasedEventCreate2(hContext=0x3d1b9738, hDevice=0x3d1a2f28, desc=0x7ffee27688a0, phEvent=0x3d202d08)
<LEVEL_ZERO>[DEBUG]: ze_event_pool_desc_t flags set to: 1
[2026-10-08 03:29:56.760] [thread-id: 135007647866048] [trace] zexCounterBasedEventCreate2(hContext, hDevice, desc, phEvent)
[2026-10-08 03:29:56.760] [thread-id: 135007647866048] [trace] SUCCESS (ZE_RESULT_SUCCESS) in zexCounterBasedEventCreate2(hContext=0x3d1b9738, hDevice=0x3d1a2f28, desc=0x7ffee27688a0, phEvent=0x3d203408)
<LEVEL_ZERO>[DEBUG]: ze_event_pool_desc_t flags set to: 1
[2026-10-08 03:29:56.760] [thread-id: 135007647866048] [trace] zexCounterBasedEventCreate2(hContext, hDevice, desc, phEvent)
[2026-10-08 03:29:56.760] [thread-id: 135007647866048] [trace] SUCCESS (ZE_RESULT_SUCCESS) in zexCounterBasedEventCreate2(hContext=0x3d1b9738, hDevice=0x3d1a2f28, desc=0x7ffee27688a0, phEvent=0x3d203918)
<LEVEL_ZERO>[DEBUG]: ze_event_pool_desc_t flags set to: 1
[2026-10-08 03:29:56.760] [thread-id: 135007647866048] [trace] zexCounterBasedEventCreate2(hContext, hDevice, desc, phEvent)
[2026-10-08 03:29:56.760] [thread-id: 135007647866048] [trace] SUCCESS (ZE_RESULT_SUCCESS) in zexCounterBasedEventCreate2(hContext=0x3d1b9738, hDevice=0x3d1a2f28, desc=0x7ffee27688a0, phEvent=0x3d204018)
<LEVEL_ZERO>[DEBUG]: ze_event_pool_desc_t flags set to: 1
[2026-10-08 03:29:56.760] [thread-id: 135007647866048] [trace] zexCounterBasedEventCreate2(hContext, hDevice, desc, phEvent)
[2026-10-08 03:29:56.760] [thread-id: 135007647866048] [trace] SUCCESS (ZE_RESULT_SUCCESS) in zexCounterBasedEventCreate2(hContext=0x3d1b9738, hDevice=0x3d1a2f28, desc=0x7ffee27688a0, phEvent=0x3d204528)
<LEVEL_ZERO>[DEBUG]: ze_event_pool_desc_t flags set to: 1
[2026-10-08 03:29:56.760] [thread-id: 135007647866048] [trace] zexCounterBasedEventCreate2(hContext, hDevice, desc, phEvent)
[2026-10-08 03:29:56.760] [thread-id: 135007647866048] [trace] SUCCESS (ZE_RESULT_SUCCESS) in zexCounterBasedEventCreate2(hContext=0x3d1b9738, hDevice=0x3d1a2f28, desc=0x7ffee27688a0, phEvent=0x3d204c28)
<LEVEL_ZERO>[DEBUG]: ze_event_pool_desc_t flags set to: 1
[2026-10-08 03:29:56.760] [thread-id: 135007647866048] [trace] zexCounterBasedEventCreate2(hContext, hDevice, desc, phEvent)
[2026-10-08 03:29:56.760] [thread-id: 135007647866048] [trace] SUCCESS (ZE_RESULT_SUCCESS) in zexCounterBasedEventCreate2(hContext=0x3d1b9738, hDevice=0x3d1a2f28, desc=0x7ffee27688a0, phEvent=0x3d205138)
<LEVEL_ZERO>[DEBUG]: ze_event_pool_desc_t flags set to: 1
[2026-10-08 03:29:56.760] [thread-id: 135007647866048] [trace] zexCounterBasedEventCreate2(hContext, hDevice, desc, phEvent)
[2026-10-08 03:29:56.760] [thread-id: 135007647866048] [trace] SUCCESS (ZE_RESULT_SUCCESS) in zexCounterBasedEventCreate2(hContext=0x3d1b9738, hDevice=0x3d1a2f28, desc=0x7ffee27688a0, phEvent=0x3d205ab8)
<LEVEL_ZERO>[DEBUG]: ze_event_pool_desc_t flags set to: 1
[2026-10-08 03:29:56.760] [thread-id: 135007647866048] [trace] zexCounterBasedEventCreate2(hContext, hDevice, desc, phEvent)
[2026-10-08 03:29:56.760] [thread-id: 135007647866048] [trace] SUCCESS (ZE_RESULT_SUCCESS) in zexCounterBasedEventCreate2(hContext=0x3d1b9738, hDevice=0x3d1a2f28, desc=0x7ffee27688a0, phEvent=0x3d205fc8)
<LEVEL_ZERO>[DEBUG]: ze_event_pool_desc_t flags set to: 1
[2026-10-08 03:29:56.760] [thread-id: 135007647866048] [trace] zexCounterBasedEventCreate2(hContext, hDevice, desc, phEvent)
[2026-10-08 03:29:56.760] [thread-id: 135007647866048] [trace] SUCCESS (ZE_RESULT_SUCCESS) in zexCounterBasedEventCreate2(hContext=0x3d1b9738, hDevice=0x3d1a2f28, desc=0x7ffee27688a0, phEvent=0x3d2066c8)
<LEVEL_ZERO>[DEBUG]: ze_event_pool_desc_t flags set to: 1
[2026-10-08 03:29:56.760] [thread-id: 135007647866048] [trace] zexCounterBasedEventCreate2(hContext, hDevice, desc, phEvent)
[2026-10-08 03:29:56.760] [thread-id: 135007647866048] [trace] SUCCESS (ZE_RESULT_SUCCESS) in zexCounterBasedEventCreate2(hContext=0x3d1b9738, hDevice=0x3d1a2f28, desc=0x7ffee27688a0, phEvent=0x3d206bd8)
<LEVEL_ZERO>[DEBUG]: ze_event_pool_desc_t flags set to: 1
[2026-10-08 03:29:56.760] [thread-id: 135007647866048] [trace] zexCounterBasedEventCreate2(hContext, hDevice, desc, phEvent)
[2026-10-08 03:29:56.760] [thread-id: 135007647866048] [trace] SUCCESS (ZE_RESULT_SUCCESS) in zexCounterBasedEventCreate2(hContext=0x3d1b9738, hDevice=0x3d1a2f28, desc=0x7ffee27688a0, phEvent=0x3d2072d8)
<LEVEL_ZERO>[DEBUG]: ze_event_pool_desc_t flags set to: 1
[2026-10-08 03:29:56.760] [thread-id: 135007647866048] [trace] zexCounterBasedEventCreate2(hContext, hDevice, desc, phEvent)
[2026-10-08 03:29:56.760] [thread-id: 135007647866048] [trace] SUCCESS (ZE_RESULT_SUCCESS) in zexCounterBasedEventCreate2(hContext=0x3d1b9738, hDevice=0x3d1a2f28, desc=0x7ffee27688a0, phEvent=0x3d2077e8)
<LEVEL_ZERO>[DEBUG]: ze_event_pool_desc_t flags set to: 1
[2026-10-08 03:29:56.760] [thread-id: 135007647866048] [trace] zexCounterBasedEventCreate2(hContext, hDevice, desc, phEvent)
[2026-10-08 03:29:56.760] [thread-id: 135007647866048] [trace] SUCCESS (ZE_RESULT_SUCCESS) in zexCounterBasedEventCreate2(hContext=0x3d1b9738, hDevice=0x3d1a2f28, desc=0x7ffee27688a0, phEvent=0x3d207ee8)
<LEVEL_ZERO>[DEBUG]: ze_event_pool_desc_t flags set to: 1
[2026-10-08 03:29:56.760] [thread-id: 135007647866048] [trace] zexCounterBasedEventCreate2(hContext, hDevice, desc, phEvent)
[2026-10-08 03:29:56.760] [thread-id: 135007647866048] [trace] SUCCESS (ZE_RESULT_SUCCESS) in zexCounterBasedEventCreate2(hContext=0x3d1b9738, hDevice=0x3d1a2f28, desc=0x7ffee27688a0, phEvent=0x3d2083f8)
<LEVEL_ZERO>[DEBUG]: ze_event_pool_desc_t flags set to: 1
[2026-10-08 03:29:56.760] [thread-id: 135007647866048] [trace] zexCounterBasedEventCreate2(hContext, hDevice, desc, phEvent)
[2026-10-08 03:29:56.760] [thread-id: 135007647866048] [trace] SUCCESS (ZE_RESULT_SUCCESS) in zexCounterBasedEventCreate2(hContext=0x3d1b9738, hDevice=0x3d1a2f28, desc=0x7ffee27688a0, phEvent=0x3d208af8)
<LEVEL_ZERO>[DEBUG]: ze_event_pool_desc_t flags set to: 1
[2026-10-08 03:29:56.760] [thread-id: 135007647866048] [trace] zexCounterBasedEventCreate2(hContext, hDevice, desc, phEvent)
[2026-10-08 03:29:56.760] [thread-id: 135007647866048] [trace] SUCCESS (ZE_RESULT_SUCCESS) in zexCounterBasedEventCreate2(hContext=0x3d1b9738, hDevice=0x3d1a2f28, desc=0x7ffee27688a0, phEvent=0x3d209008)
<LEVEL_ZERO>[DEBUG]: ze_event_pool_desc_t flags set to: 1
[2026-10-08 03:29:56.760] [thread-id: 135007647866048] [trace] zexCounterBasedEventCreate2(hContext, hDevice, desc, phEvent)
[2026-10-08 03:29:56.760] [thread-id: 135007647866048] [trace] SUCCESS (ZE_RESULT_SUCCESS) in zexCounterBasedEventCreate2(hContext=0x3d1b9738, hDevice=0x3d1a2f28, desc=0x7ffee27688a0, phEvent=0x3d209708)
<LEVEL_ZERO>[DEBUG]: ze_event_pool_desc_t flags set to: 1
[2026-10-08 03:29:56.760] [thread-id: 135007647866048] [trace] zexCounterBasedEventCreate2(hContext, hDevice, desc, phEvent)
[2026-10-08 03:29:56.760] [thread-id: 135007647866048] [trace] SUCCESS (ZE_RESULT_SUCCESS) in zexCounterBasedEventCreate2(hContext=0x3d1b9738, hDevice=0x3d1a2f28, desc=0x7ffee27688a0, phEvent=0x3d209c18)
[2026-10-08 03:29:56.760] [thread-id: 135007647866048] [trace] zeCommandListAppendMemoryCopy(hCommandList, dstptr, srcptr, size, hSignalEvent, numWaitEvents, phWaitEventsLocal)
[2026-10-08 03:29:56.763] [thread-id: 135007647866048] [trace] SUCCESS (ZE_RESULT_SUCCESS) in zeCommandListAppendMemoryCopy(hCommandList=0x3d1c0d88, dstptr=0xffffffffff600000, srcptr=0x3d1d18a0, size=65536, hSignalEvent=0x3d209c18, numWaitEvents=0, phWaitEvents=nullptr)
   <--- urEnqueueUSMMemcpy(.hQueue = 0x3d1c00a0, .blocking = 0, .pDst = 0xffffffffff600000, .pSrc = 0x3d1d18a0, .size = 65536, .numEventsInWaitList = 0, .phEventWaitList = nullptr, .phEvent = 0x7ffee2768ea0 (0x3d209600)) -> UR_RESULT_SUCCESS;
   ---> urEventWait
[2026-10-08 03:29:56.763] [thread-id: 135007647866048] [trace] zeEventHostSynchronize(hEvent, timeout)
[2026-10-08 03:29:56.763] [thread-id: 135007647866048] [trace] SUCCESS (ZE_RESULT_SUCCESS) in zeEventHostSynchronize(hEvent=0x3d209c18, timeout=18446744073709551615)
   <--- urEventWait(.numEvents = 1, .phEventWaitList = 0x7ffee2768ef0 {0x3d209600}) -> UR_RESULT_SUCCESS;
   ---> urEventRelease
   <--- urEventRelease(.hEvent = 0x3d209600) -> UR_RESULT_SUCCESS;
   ---> urDeviceGetInfo
[2026-10-08 03:29:56.763] [thread-id: 135007647866048] [trace] zeDeviceGetComputeProperties(hDevice, pComputeProperties)
[2026-10-08 03:29:56.763] [thread-id: 135007647866048] [trace] SUCCESS (ZE_RESULT_SUCCESS) in zeDeviceGetComputeProperties(hDevice=0x3d1a2f28, pComputeProperties={stype=0x3d1b8280, maxTotalGroupSize=1024, maxGroupSizeX=1024, maxGroupSizeY=1024, maxGroupSizeZ=1024, maxGroupCountX=4294967295, maxGroupCountY=4294967295, maxGroupCountZ=4294967295, maxSharedLocalMemory=131072, numSubGroupSizes=2, subGroupSizes=16})
   <--- urDeviceGetInfo(.hDevice = 0x3d1b8040, .propName = UR_DEVICE_INFO_MAX_WORK_GROUPS_3D, .propSize = 24, .pPropValue = {4294967295, 4294967295, 4294967295}, .pPropSizeRet = nullptr) -> UR_RESULT_SUCCESS;
   ---> urDeviceSelectBinary
   <--- urDeviceSelectBinary(.hDevice = 0x3d1b8040, .pBinaries = 0x3d232a50 ((struct ur_device_binary_t){.stype = UR_STRUCTURE_TYPE_CONTEXT_PROPERTIES, .pNext = nullptr, .pDeviceTargetSpec = 0x7ac9edc463c0 (spir64)}), .NumBinaries = 1, .pSelectedBinary = 0x7ffee27683fc (0)) -> UR_RESULT_SUCCESS;
   ---> urPlatformGetBackendOption
   <--- urPlatformGetBackendOption(.hPlatform = 0x3d1b6810, .pFrontendOption = 0x7ffee2767f08 (-O2), .ppPlatformOption = 0x7ffee2767ed8 (0x7ac9eacb4975 (-ze-opt-level=2))) -> UR_RESULT_SUCCESS;
   ---> urDeviceGetInfo
   <--- urDeviceGetInfo(.hDevice = 0x3d1b8040, .propName = UR_DEVICE_INFO_VENDOR_ID, .propSize = 4, .pPropValue = 0x7ffee2767e58 (32902), .pPropSizeRet = nullptr) -> UR_RESULT_SUCCESS;
   ---> urDeviceGetInfo
   <--- urDeviceGetInfo(.hDevice = 0x3d1b8040, .propName = UR_DEVICE_INFO_DEVICE_ID, .propSize = 0, .pPropValue = nullptr, .pPropSizeRet = 0x7ffee2767ce0 (4)) -> UR_RESULT_SUCCESS;
   ---> urDeviceGetInfo
   <--- urDeviceGetInfo(.hDevice = 0x3d1b8040, .propName = UR_DEVICE_INFO_DEVICE_ID, .propSize = 4, .pPropValue = 0x7ffee2767e28 (57868), .pPropSizeRet = nullptr) -> UR_RESULT_SUCCESS;
   ---> urDeviceGetInfo
   <--- urDeviceGetInfo(.hDevice = 0x3d1b8040, .propName = UR_DEVICE_INFO_COMPILER_AVAILABLE, .propSize = 1, .pPropValue = 0x7ffee2767ec0 (true), .pPropSizeRet = nullptr) -> UR_RESULT_SUCCESS;
   ---> urProgramCreateWithIL
   <--- urProgramCreateWithIL(.hContext = 0x3d1bcb90, .pIL = 0x415b20, .length = 2080, .pProperties = nullptr, .phProgram = 0x7ffee2767fe0 (0x3d1faa10)) -> UR_RESULT_SUCCESS;
   ---> urProgramBuildExp
[2026-10-08 03:29:56.763] [thread-id: 135007647866048] [trace] zeModuleCreate(hContext, hDevice, desc, phModule, phBuildLog)
[2026-10-08 03:29:56.764] [thread-id: 135007647866048] [trace] SUCCESS (ZE_RESULT_SUCCESS) in zeModuleCreate(hContext=0x3d1b9738, hDevice=0x3d1a2f28, desc={stype=0x7ffee2767c60, format=0x7ffee2767c70, inputSize=2080, pInputModule=3, pBuildFlags=" -ze-opt-level=2", pConstants={numConstants=0, pConstantIds=nullptr, pConstantValues=nullptr}}, phModule=0x3d20dd18, phBuildLog=0x3d233818)
[2026-10-08 03:29:56.764] [thread-id: 135007647866048] [trace] zeModuleGetProperties(hModule, pModuleProperties)
[2026-10-08 03:29:56.764] [thread-id: 135007647866048] [trace] SUCCESS (ZE_RESULT_SUCCESS) in zeModuleGetProperties(hModule=0x3d20dd18, pModuleProperties={stype=0x7ffee2767bd0, flags=0})
   <--- urProgramBuildExp(.hProgram = 0x3d1faa10, .numDevices = 1, .phDevices = 0x3d232a50 {0x3d1b8040}, .flags = 0, .pOptions = 0x3d232a70 ( -ze-opt-level=2)) -> UR_RESULT_SUCCESS;
   ---> urProgramRetain
   <--- urProgramRetain(.hProgram = 0x3d1faa10) -> UR_RESULT_SUCCESS;
   ---> urKernelCreate
[2026-10-08 03:29:56.764] [thread-id: 135007647866048] [trace] zeKernelCreate(hModule, desc, phKernel)
[2026-10-08 03:29:56.764] [thread-id: 135007647866048] [trace] SUCCESS (ZE_RESULT_SUCCESS) in zeKernelCreate(hModule=0x3d20dd18, desc={stype=0x7ffee27682f0, flags=0, pKernelName="_ZTSZ4mainEUlN4sycl3_V12idILi1EEEE_"}, phKernel=0x3d24a748)
[2026-10-08 03:29:56.764] [thread-id: 135007647866048] [trace] zeKernelGetName(hKernel, pSize, pName)
[2026-10-08 03:29:56.764] [thread-id: 135007647866048] [trace] SUCCESS (ZE_RESULT_SUCCESS) in zeKernelGetName(hKernel=0x3d24a748, pSize=36, pName=nullptr)
[2026-10-08 03:29:56.764] [thread-id: 135007647866048] [trace] zeKernelGetName(hKernel, pSize, pName)
[2026-10-08 03:29:56.764] [thread-id: 135007647866048] [trace] SUCCESS (ZE_RESULT_SUCCESS) in zeKernelGetName(hKernel=0x3d24a748, pSize=36, pName="_ZTSZ4mainEUlN4sycl3_V12idILi1EEEE_")
[2026-10-08 03:29:56.764] [thread-id: 135007647866048] [trace] zeKernelGetProperties(hKernel, pKernelProperties)
[2026-10-08 03:29:56.764] [thread-id: 135007647866048] [trace] SUCCESS (ZE_RESULT_SUCCESS) in zeKernelGetProperties(hKernel=0x3d24a748, pKernelProperties={stype=0x3d22bb48, numKernelArgs=1, requiredGroupSizeX=0, requiredGroupSizeY=0, requiredGroupSizeZ=0, requiredNumSubGroups=0, requiredSubgroupSize=0, maxSubgroupSize=32, maxNumSubgroups=32, localMemSize=0, privateMemSize=0, spillMemSize=0, uuid={kid=0, mid=0}})
   <--- urKernelCreate(.hProgram = 0x3d1faa10, .pKernelName = 0x4131d2 (_ZTSZ4mainEUlN4sycl3_V12idILi1EEEE_), .phKernel = 0x7ffee2768610 (0x3d245d40)) -> UR_RESULT_SUCCESS;
   ---> urKernelSetExecInfo
[2026-10-08 03:29:56.764] [thread-id: 135007647866048] [trace] zeKernelSetIndirectAccess(hKernel, flags)
[2026-10-08 03:29:56.764] [thread-id: 135007647866048] [trace] SUCCESS (ZE_RESULT_SUCCESS) in zeKernelSetIndirectAccess(hKernel=0x3d24a748, flags=7)
   <--- urKernelSetExecInfo(.hKernel = 0x3d245d40, .propName = UR_KERNEL_EXEC_INFO_USM_INDIRECT_ACCESS, .propSize = 1, .pProperties = nullptr, .pPropValue = 0x7ffee276860f (true)) -> UR_RESULT_SUCCESS;
   ---> urKernelRetain
   <--- urKernelRetain(.hKernel = 0x3d245d40) -> UR_RESULT_SUCCESS;
   ---> urKernelGetGroupInfo
   <--- urKernelGetGroupInfo(.hKernel = 0x3d245d40, .hDevice = 0x3d1b8040, .propName = UR_KERNEL_GROUP_INFO_COMPILE_WORK_GROUP_SIZE, .propSize = 24, .pPropValue = {0, 0, 0}, .pPropSizeRet = nullptr) -> UR_RESULT_SUCCESS;
   ---> urEnqueueKernelLaunchWithArgsExp
[2026-10-08 03:29:56.764] [thread-id: 135007647866048] [trace] zeKernelSuggestGroupSize(hKernel, globalSizeX, globalSizeY, globalSizeZ, groupSizeX, groupSizeY, groupSizeZ)
[2026-10-08 03:29:56.764] [thread-id: 135007647866048] [trace] SUCCESS (ZE_RESULT_SUCCESS) in zeKernelSuggestGroupSize(hKernel=0x3d24a748, globalSizeX=16384, globalSizeY=1, globalSizeZ=1, groupSizeX=1024, groupSizeY=1, groupSizeZ=1)
[2026-10-08 03:29:56.764] [thread-id: 135007647866048] [trace] zeKernelSetGroupSize(hKernel, groupSizeX, groupSizeY, groupSizeZ)
[2026-10-08 03:29:56.764] [thread-id: 135007647866048] [trace] SUCCESS (ZE_RESULT_SUCCESS) in zeKernelSetGroupSize(hKernel=0x3d24a748, groupSizeX=1024, groupSizeY=1, groupSizeZ=1)
[2026-10-08 03:29:56.764] [thread-id: 135007647866048] [trace] zeCommandListAppendLaunchKernelWithArguments(hCommandList, hKernel, groupCounts, groupSizes, pArguments, pNext, hSignalEvent, numWaitEvents, phWaitEventsLocal)
[2026-10-08 03:29:56.765] [thread-id: 135007647866048] [trace] SUCCESS (ZE_RESULT_SUCCESS) in zeCommandListAppendLaunchKernelWithArguments(hCommandList=0x3d1c0d88, hKernel=0x3d24a748, groupCounts={groupCountX=16, groupCountY=1, groupCountZ=1}, groupSizes={groupSizeX=1024, groupSizeY=1, groupSizeZ=1}, pArguments=0x3d24ae90, pNext=nullptr, hSignalEvent=0x3d209c18, numWaitEvents=0, phWaitEvents=nullptr)
   <--- urEnqueueKernelLaunchWithArgsExp(.hQueue = 0x3d1c00a0, .hKernel = 0x3d245d40, .workDim = 1, .pGlobalWorkOffset = nullptr, .pGlobalWorkSize = 0x7ffee2768dd0 (16384), .pLocalWorkSize = nullptr, .numArgs = 1, .pArgs = 0x3d2468d0 {(struct ur_exp_kernel_arg_properties_t){.stype = UR_STRUCTURE_TYPE_EXP_KERNEL_ARG_PROPERTIES, .pNext = nullptr, .type = UR_EXP_KERNEL_ARG_TYPE_POINTER, .index = 0, .size = 8, .value = (union ur_exp_kernel_arg_value_t){.pointer = 0xffffffffff600000}}}, .launchPropList = nullptr, .numEventsInWaitList = 0, .phEventWaitList = nullptr, .phEvent = 0x7ffee27687f0 (0x3d209600)) -> UR_RESULT_SUCCESS;
   ---> urEventWait
[2026-10-08 03:29:56.765] [thread-id: 135007647866048] [trace] zeEventHostSynchronize(hEvent, timeout)
[2026-10-08 03:29:56.765] [thread-id: 135007647866048] [trace] SUCCESS (ZE_RESULT_SUCCESS) in zeEventHostSynchronize(hEvent=0x3d209c18, timeout=18446744073709551615)
   <--- urEventWait(.numEvents = 1, .phEventWaitList = 0x7ffee2768ef0 {0x3d209600}) -> UR_RESULT_SUCCESS;
   ---> urEventRelease
   <--- urEventRelease(.hEvent = 0x3d209600) -> UR_RESULT_SUCCESS;
   ---> urEnqueueUSMMemcpy
[2026-10-08 03:29:56.765] [thread-id: 135007647866048] [trace] zeCommandListAppendMemoryCopy(hCommandList, dstptr, srcptr, size, hSignalEvent, numWaitEvents, phWaitEventsLocal)
[2026-10-08 03:29:56.765] [thread-id: 135007647866048] [trace] SUCCESS (ZE_RESULT_SUCCESS) in zeCommandListAppendMemoryCopy(hCommandList=0x3d1c0d88, dstptr=0x3d1e18b0, srcptr=0xffffffffff600000, size=65536, hSignalEvent=0x3d209c18, numWaitEvents=0, phWaitEvents=nullptr)
   <--- urEnqueueUSMMemcpy(.hQueue = 0x3d1c00a0, .blocking = 0, .pDst = 0x3d1e18b0, .pSrc = 0xffffffffff600000, .size = 65536, .numEventsInWaitList = 0, .phEventWaitList = nullptr, .phEvent = 0x7ffee2768ea0 (0x3d209600)) -> UR_RESULT_SUCCESS;
   ---> urEventWait
[2026-10-08 03:29:56.765] [thread-id: 135007647866048] [trace] zeEventHostSynchronize(hEvent, timeout)
[2026-10-08 03:29:56.765] [thread-id: 135007647866048] [trace] SUCCESS (ZE_RESULT_SUCCESS) in zeEventHostSynchronize(hEvent=0x3d209c18, timeout=18446744073709551615)
   <--- urEventWait(.numEvents = 1, .phEventWaitList = 0x7ffee2768ef0 {0x3d209600}) -> UR_RESULT_SUCCESS;
   ---> urEventRelease
   <--- urEventRelease(.hEvent = 0x3d209600) -> UR_RESULT_SUCCESS;
   ---> urEnqueueUSMMemcpy
[2026-10-08 03:29:56.765] [thread-id: 135007647866048] [trace] zeCommandListAppendMemoryCopy(hCommandList, dstptr, srcptr, size, hSignalEvent, numWaitEvents, phWaitEventsLocal)
[2026-10-08 03:29:56.765] [thread-id: 135007647866048] [trace] SUCCESS (ZE_RESULT_SUCCESS) in zeCommandListAppendMemoryCopy(hCommandList=0x3d1c0d88, dstptr=0xffffffffff600000, srcptr=0x3d1d18a0, size=65536, hSignalEvent=0x3d209c18, numWaitEvents=0, phWaitEvents=nullptr)
   <--- urEnqueueUSMMemcpy(.hQueue = 0x3d1c00a0, .blocking = 0, .pDst = 0xffffffffff600000, .pSrc = 0x3d1d18a0, .size = 65536, .numEventsInWaitList = 0, .phEventWaitList = nullptr, .phEvent = 0x7ffee2768ea0 (0x3d209600)) -> UR_RESULT_SUCCESS;
   ---> urEventWait
[2026-10-08 03:29:56.765] [thread-id: 135007647866048] [trace] zeEventHostSynchronize(hEvent, timeout)
[2026-10-08 03:29:56.765] [thread-id: 135007647866048] [trace] SUCCESS (ZE_RESULT_SUCCESS) in zeEventHostSynchronize(hEvent=0x3d209c18, timeout=18446744073709551615)
   <--- urEventWait(.numEvents = 1, .phEventWaitList = 0x7ffee2768ef0 {0x3d209600}) -> UR_RESULT_SUCCESS;
   ---> urEventRelease
   <--- urEventRelease(.hEvent = 0x3d209600) -> UR_RESULT_SUCCESS;
   ---> urDeviceGetInfo
   <--- urDeviceGetInfo(.hDevice = 0x3d1b8040, .propName = UR_DEVICE_INFO_MAX_WORK_GROUPS_3D, .propSize = 24, .pPropValue = {4294967295, 4294967295, 4294967295}, .pPropSizeRet = nullptr) -> UR_RESULT_SUCCESS;
   ---> urKernelGetGroupInfo
   <--- urKernelGetGroupInfo(.hKernel = 0x3d245d40, .hDevice = 0x3d1b8040, .propName = UR_KERNEL_GROUP_INFO_COMPILE_WORK_GROUP_SIZE, .propSize = 24, .pPropValue = {0, 0, 0}, .pPropSizeRet = nullptr) -> UR_RESULT_SUCCESS;
   ---> urEnqueueKernelLaunchWithArgsExp
[2026-10-08 03:29:56.765] [thread-id: 135007647866048] [trace] zeKernelSuggestGroupSize(hKernel, globalSizeX, globalSizeY, globalSizeZ, groupSizeX, groupSizeY, groupSizeZ)
[2026-10-08 03:29:56.765] [thread-id: 135007647866048] [trace] SUCCESS (ZE_RESULT_SUCCESS) in zeKernelSuggestGroupSize(hKernel=0x3d24a748, globalSizeX=16384, globalSizeY=1, globalSizeZ=1, groupSizeX=1024, groupSizeY=1, groupSizeZ=1)
[2026-10-08 03:29:56.765] [thread-id: 135007647866048] [trace] zeKernelSetGroupSize(hKernel, groupSizeX, groupSizeY, groupSizeZ)
[2026-10-08 03:29:56.765] [thread-id: 135007647866048] [trace] SUCCESS (ZE_RESULT_SUCCESS) in zeKernelSetGroupSize(hKernel=0x3d24a748, groupSizeX=1024, groupSizeY=1, groupSizeZ=1)
[2026-10-08 03:29:56.765] [thread-id: 135007647866048] [trace] zeCommandListAppendLaunchKernelWithArguments(hCommandList, hKernel, groupCounts, groupSizes, pArguments, pNext, hSignalEvent, numWaitEvents, phWaitEventsLocal)
[2026-10-08 03:29:56.766] [thread-id: 135007647866048] [trace] SUCCESS (ZE_RESULT_SUCCESS) in zeCommandListAppendLaunchKernelWithArguments(hCommandList=0x3d1c0d88, hKernel=0x3d24a748, groupCounts={groupCountX=16, groupCountY=1, groupCountZ=1}, groupSizes={groupSizeX=1024, groupSizeY=1, groupSizeZ=1}, pArguments=0x3d24ae90, pNext=nullptr, hSignalEvent=0x3d209c18, numWaitEvents=0, phWaitEvents=nullptr)
   <--- urEnqueueKernelLaunchWithArgsExp(.hQueue = 0x3d1c00a0, .hKernel = 0x3d245d40, .workDim = 1, .pGlobalWorkOffset = nullptr, .pGlobalWorkSize = 0x7ffee2768dd0 (16384), .pLocalWorkSize = nullptr, .numArgs = 1, .pArgs = 0x3d2468d0 {(struct ur_exp_kernel_arg_properties_t){.stype = UR_STRUCTURE_TYPE_EXP_KERNEL_ARG_PROPERTIES, .pNext = nullptr, .type = UR_EXP_KERNEL_ARG_TYPE_POINTER, .index = 0, .size = 8, .value = (union ur_exp_kernel_arg_value_t){.pointer = 0xffffffffff600000}}}, .launchPropList = nullptr, .numEventsInWaitList = 0, .phEventWaitList = nullptr, .phEvent = 0x7ffee27687f0 (0x3d209600)) -> UR_RESULT_SUCCESS;
   ---> urEventWait
[2026-10-08 03:29:56.766] [thread-id: 135007647866048] [trace] zeEventHostSynchronize(hEvent, timeout)
[2026-10-08 03:29:56.766] [thread-id: 135007647866048] [trace] SUCCESS (ZE_RESULT_SUCCESS) in zeEventHostSynchronize(hEvent=0x3d209c18, timeout=18446744073709551615)
   <--- urEventWait(.numEvents = 1, .phEventWaitList = 0x7ffee2768ef0 {0x3d209600}) -> UR_RESULT_SUCCESS;
   ---> urEventRelease
   <--- urEventRelease(.hEvent = 0x3d209600) -> UR_RESULT_SUCCESS;
   ---> urEnqueueUSMMemcpy
[2026-10-08 03:29:56.766] [thread-id: 135007647866048] [trace] zeCommandListAppendMemoryCopy(hCommandList, dstptr, srcptr, size, hSignalEvent, numWaitEvents, phWaitEventsLocal)
[2026-10-08 03:29:56.766] [thread-id: 135007647866048] [trace] SUCCESS (ZE_RESULT_SUCCESS) in zeCommandListAppendMemoryCopy(hCommandList=0x3d1c0d88, dstptr=0x3d1e18b0, srcptr=0xffffffffff600000, size=65536, hSignalEvent=0x3d209c18, numWaitEvents=0, phWaitEvents=nullptr)
   <--- urEnqueueUSMMemcpy(.hQueue = 0x3d1c00a0, .blocking = 0, .pDst = 0x3d1e18b0, .pSrc = 0xffffffffff600000, .size = 65536, .numEventsInWaitList = 0, .phEventWaitList = nullptr, .phEvent = 0x7ffee2768ea0 (0x3d209600)) -> UR_RESULT_SUCCESS;
   ---> urEventWait
[2026-10-08 03:29:56.766] [thread-id: 135007647866048] [trace] zeEventHostSynchronize(hEvent, timeout)
[2026-10-08 03:29:56.766] [thread-id: 135007647866048] [trace] SUCCESS (ZE_RESULT_SUCCESS) in zeEventHostSynchronize(hEvent=0x3d209c18, timeout=18446744073709551615)
   <--- urEventWait(.numEvents = 1, .phEventWaitList = 0x7ffee2768ef0 {0x3d209600}) -> UR_RESULT_SUCCESS;
   ---> urEventRelease
   <--- urEventRelease(.hEvent = 0x3d209600) -> UR_RESULT_SUCCESS;
   ---> urEnqueueUSMMemcpy
[2026-10-08 03:29:56.766] [thread-id: 135007647866048] [trace] zeCommandListAppendMemoryCopy(hCommandList, dstptr, srcptr, size, hSignalEvent, numWaitEvents, phWaitEventsLocal)
[2026-10-08 03:29:56.766] [thread-id: 135007647866048] [trace] SUCCESS (ZE_RESULT_SUCCESS) in zeCommandListAppendMemoryCopy(hCommandList=0x3d1c0d88, dstptr=0xffffffffff600000, srcptr=0x3d1d18a0, size=65536, hSignalEvent=0x3d209c18, numWaitEvents=0, phWaitEvents=nullptr)
   <--- urEnqueueUSMMemcpy(.hQueue = 0x3d1c00a0, .blocking = 0, .pDst = 0xffffffffff600000, .pSrc = 0x3d1d18a0, .size = 65536, .numEventsInWaitList = 0, .phEventWaitList = nullptr, .phEvent = 0x7ffee2768ea0 (0x3d209600)) -> UR_RESULT_SUCCESS;
   ---> urEventWait
[2026-10-08 03:29:56.766] [thread-id: 135007647866048] [trace] zeEventHostSynchronize(hEvent, timeout)
[2026-10-08 03:29:56.766] [thread-id: 135007647866048] [trace] SUCCESS (ZE_RESULT_SUCCESS) in zeEventHostSynchronize(hEvent=0x3d209c18, timeout=18446744073709551615)
   <--- urEventWait(.numEvents = 1, .phEventWaitList = 0x7ffee2768ef0 {0x3d209600}) -> UR_RESULT_SUCCESS;
   ---> urEventRelease
   <--- urEventRelease(.hEvent = 0x3d209600) -> UR_RESULT_SUCCESS;
   ---> urDeviceGetInfo
   <--- urDeviceGetInfo(.hDevice = 0x3d1b8040, .propName = UR_DEVICE_INFO_MAX_WORK_GROUPS_3D, .propSize = 24, .pPropValue = {4294967295, 4294967295, 4294967295}, .pPropSizeRet = nullptr) -> UR_RESULT_SUCCESS;
   ---> urKernelGetGroupInfo
   <--- urKernelGetGroupInfo(.hKernel = 0x3d245d40, .hDevice = 0x3d1b8040, .propName = UR_KERNEL_GROUP_INFO_COMPILE_WORK_GROUP_SIZE, .propSize = 24, .pPropValue = {0, 0, 0}, .pPropSizeRet = nullptr) -> UR_RESULT_SUCCESS;
   ---> urEnqueueKernelLaunchWithArgsExp
[2026-10-08 03:29:56.766] [thread-id: 135007647866048] [trace] zeKernelSuggestGroupSize(hKernel, globalSizeX, globalSizeY, globalSizeZ, groupSizeX, groupSizeY, groupSizeZ)
[2026-10-08 03:29:56.766] [thread-id: 135007647866048] [trace] SUCCESS (ZE_RESULT_SUCCESS) in zeKernelSuggestGroupSize(hKernel=0x3d24a748, globalSizeX=16384, globalSizeY=1, globalSizeZ=1, groupSizeX=1024, groupSizeY=1, groupSizeZ=1)
[2026-10-08 03:29:56.766] [thread-id: 135007647866048] [trace] zeKernelSetGroupSize(hKernel, groupSizeX, groupSizeY, groupSizeZ)
[2026-10-08 03:29:56.766] [thread-id: 135007647866048] [trace] SUCCESS (ZE_RESULT_SUCCESS) in zeKernelSetGroupSize(hKernel=0x3d24a748, groupSizeX=1024, groupSizeY=1, groupSizeZ=1)
[2026-10-08 03:29:56.766] [thread-id: 135007647866048] [trace] zeCommandListAppendLaunchKernelWithArguments(hCommandList, hKernel, groupCounts, groupSizes, pArguments, pNext, hSignalEvent, numWaitEvents, phWaitEventsLocal)
[2026-10-08 03:29:56.766] [thread-id: 135007647866048] [trace] SUCCESS (ZE_RESULT_SUCCESS) in zeCommandListAppendLaunchKernelWithArguments(hCommandList=0x3d1c0d88, hKernel=0x3d24a748, groupCounts={groupCountX=16, groupCountY=1, groupCountZ=1}, groupSizes={groupSizeX=1024, groupSizeY=1, groupSizeZ=1}, pArguments=0x3d24ae90, pNext=nullptr, hSignalEvent=0x3d209c18, numWaitEvents=0, phWaitEvents=nullptr)
   <--- urEnqueueKernelLaunchWithArgsExp(.hQueue = 0x3d1c00a0, .hKernel = 0x3d245d40, .workDim = 1, .pGlobalWorkOffset = nullptr, .pGlobalWorkSize = 0x7ffee2768dd0 (16384), .pLocalWorkSize = nullptr, .numArgs = 1, .pArgs = 0x3d2468d0 {(struct ur_exp_kernel_arg_properties_t){.stype = UR_STRUCTURE_TYPE_EXP_KERNEL_ARG_PROPERTIES, .pNext = nullptr, .type = UR_EXP_KERNEL_ARG_TYPE_POINTER, .index = 0, .size = 8, .value = (union ur_exp_kernel_arg_value_t){.pointer = 0xffffffffff600000}}}, .launchPropList = nullptr, .numEventsInWaitList = 0, .phEventWaitList = nullptr, .phEvent = 0x7ffee27687f0 (0x3d209600)) -> UR_RESULT_SUCCESS;
   ---> urEventWait
[2026-10-08 03:29:56.766] [thread-id: 135007647866048] [trace] zeEventHostSynchronize(hEvent, timeout)
[2026-10-08 03:29:56.766] [thread-id: 135007647866048] [trace] SUCCESS (ZE_RESULT_SUCCESS) in zeEventHostSynchronize(hEvent=0x3d209c18, timeout=18446744073709551615)
   <--- urEventWait(.numEvents = 1, .phEventWaitList = 0x7ffee2768ef0 {0x3d209600}) -> UR_RESULT_SUCCESS;
   ---> urEventRelease
   <--- urEventRelease(.hEvent = 0x3d209600) -> UR_RESULT_SUCCESS;
   ---> urEnqueueUSMMemcpy
[2026-10-08 03:29:56.766] [thread-id: 135007647866048] [trace] zeCommandListAppendMemoryCopy(hCommandList, dstptr, srcptr, size, hSignalEvent, numWaitEvents, phWaitEventsLocal)
[2026-10-08 03:29:56.766] [thread-id: 135007647866048] [trace] SUCCESS (ZE_RESULT_SUCCESS) in zeCommandListAppendMemoryCopy(hCommandList=0x3d1c0d88, dstptr=0x3d1e18b0, srcptr=0xffffffffff600000, size=65536, hSignalEvent=0x3d209c18, numWaitEvents=0, phWaitEvents=nullptr)
   <--- urEnqueueUSMMemcpy(.hQueue = 0x3d1c00a0, .blocking = 0, .pDst = 0x3d1e18b0, .pSrc = 0xffffffffff600000, .size = 65536, .numEventsInWaitList = 0, .phEventWaitList = nullptr, .phEvent = 0x7ffee2768ea0 (0x3d209600)) -> UR_RESULT_SUCCESS;
   ---> urEventWait
[2026-10-08 03:29:56.766] [thread-id: 135007647866048] [trace] zeEventHostSynchronize(hEvent, timeout)
[2026-10-08 03:29:56.766] [thread-id: 135007647866048] [trace] SUCCESS (ZE_RESULT_SUCCESS) in zeEventHostSynchronize(hEvent=0x3d209c18, timeout=18446744073709551615)
   <--- urEventWait(.numEvents = 1, .phEventWaitList = 0x7ffee2768ef0 {0x3d209600}) -> UR_RESULT_SUCCESS;
   ---> urEventRelease
   <--- urEventRelease(.hEvent = 0x3d209600) -> UR_RESULT_SUCCESS;
   ---> urQueueFinish
[2026-10-08 03:29:56.766] [thread-id: 135007647866048] [trace] zeCommandListHostSynchronize(hCommandList, timeout)
[2026-10-08 03:29:56.766] [thread-id: 135007647866048] [trace] SUCCESS (ZE_RESULT_SUCCESS) in zeCommandListHostSynchronize(hCommandList=0x3d1c0d88, timeout=18446744073709551615)
   <--- urQueueFinish(.hQueue = 0x3d1c00a0) -> UR_RESULT_SUCCESS;
   ---> urUSMFree
   <--- urUSMFree(.hContext = 0x3d1bcb90, .pMem = 0xffffffffff600000) -> UR_RESULT_SUCCESS;
   ---> urQueueRelease
[2026-10-08 03:29:56.766] [thread-id: 135007647866048] [trace] zeCommandListHostSynchronize(hCommandList, timeout)
[2026-10-08 03:29:56.766] [thread-id: 135007647866048] [trace] SUCCESS (ZE_RESULT_SUCCESS) in zeCommandListHostSynchronize(hCommandList=0x3d1c0d88, timeout=18446744073709551615)
   <--- urQueueRelease(.hQueue = 0x3d1c00a0) -> UR_RESULT_SUCCESS;
   ---> urProgramRelease
   <--- urProgramRelease(.hProgram = 0x3d1faa10) -> UR_RESULT_SUCCESS;
   ---> urKernelRelease
   <--- urKernelRelease(.hKernel = 0x3d245d40) -> UR_RESULT_SUCCESS;
   ---> urProgramRelease
   <--- urProgramRelease(.hProgram = 0x3d1faa10) -> UR_RESULT_SUCCESS;
   ---> urKernelRelease
[2026-10-08 03:29:56.767] [thread-id: 135007647866048] [trace] zeKernelDestroy(hKernel)
[2026-10-08 03:29:56.767] [thread-id: 135007647866048] [trace] SUCCESS (ZE_RESULT_SUCCESS) in zeKernelDestroy(hKernel=0x3d24a748)
[2026-10-08 03:29:56.767] [thread-id: 135007647866048] [trace] zeModuleBuildLogDestroy(hModuleBuildLog)
[2026-10-08 03:29:56.767] [thread-id: 135007647866048] [trace] SUCCESS (ZE_RESULT_SUCCESS) in zeModuleBuildLogDestroy(hModuleBuildLog=0x3d233818)
[2026-10-08 03:29:56.767] [thread-id: 135007647866048] [trace] zeModuleDestroy(hModule)
[2026-10-08 03:29:56.767] [thread-id: 135007647866048] [trace] SUCCESS (ZE_RESULT_SUCCESS) in zeModuleDestroy(hModule=0x3d20dd18)
   <--- urKernelRelease(.hKernel = 0x3d245d40) -> UR_RESULT_SUCCESS;
   ---> urContextRelease
[2026-10-08 03:29:56.767] [thread-id: 135007647866048] [trace] zeMemFreeExt(hContext, pMemFreeDesc, ptr)
[2026-10-08 03:29:56.767] [thread-id: 135007647866048] [trace] SUCCESS (ZE_RESULT_SUCCESS) in zeMemFreeExt(hContext=0x3d1b9738, pMemFreeDesc={stype=0x7ffee2768c30, freePolicy=1}, ptr=0xffffffffff600000)
[2026-10-08 03:29:56.767] [thread-id: 135007647866048] [trace] zeEventDestroy(hEvent)
[2026-10-08 03:29:56.767] [thread-id: 135007647866048] [trace] SUCCESS (ZE_RESULT_SUCCESS) in zeEventDestroy(hEvent=0x3d1f2528)
[2026-10-08 03:29:56.767] [thread-id: 135007647866048] [trace] zeEventDestroy(hEvent)
[2026-10-08 03:29:56.767] [thread-id: 135007647866048] [trace] SUCCESS (ZE_RESULT_SUCCESS) in zeEventDestroy(hEvent=0x3d1f2a68)
[2026-10-08 03:29:56.767] [thread-id: 135007647866048] [trace] zeEventDestroy(hEvent)
[2026-10-08 03:29:56.767] [thread-id: 135007647866048] [trace] SUCCESS (ZE_RESULT_SUCCESS) in zeEventDestroy(hEvent=0x3d1f3168)
[2026-10-08 03:29:56.767] [thread-id: 135007647866048] [trace] zeEventDestroy(hEvent)
[2026-10-08 03:29:56.767] [thread-id: 135007647866048] [trace] SUCCESS (ZE_RESULT_SUCCESS) in zeEventDestroy(hEvent=0x3d1f36c8)
[2026-10-08 03:29:56.767] [thread-id: 135007647866048] [trace] zeEventDestroy(hEvent)
[2026-10-08 03:29:56.767] [thread-id: 135007647866048] [trace] SUCCESS (ZE_RESULT_SUCCESS) in zeEventDestroy(hEvent=0x3d1f3dc8)
[2026-10-08 03:29:56.767] [thread-id: 135007647866048] [trace] zeEventDestroy(hEvent)
[2026-10-08 03:29:56.767] [thread-id: 135007647866048] [trace] SUCCESS (ZE_RESULT_SUCCESS) in zeEventDestroy(hEvent=0x3d1f42d8)
[2026-10-08 03:29:56.767] [thread-id: 135007647866048] [trace] zeEventDestroy(hEvent)
[2026-10-08 03:29:56.767] [thread-id: 135007647866048] [trace] SUCCESS (ZE_RESULT_SUCCESS) in zeEventDestroy(hEvent=0x3d1f49d8)
[2026-10-08 03:29:56.767] [thread-id: 135007647866048] [trace] zeEventDestroy(hEvent)
[2026-10-08 03:29:56.767] [thread-id: 135007647866048] [trace] SUCCESS (ZE_RESULT_SUCCESS) in zeEventDestroy(hEvent=0x3d1f4ee8)
[2026-10-08 03:29:56.767] [thread-id: 135007647866048] [trace] zeEventDestroy(hEvent)
[2026-10-08 03:29:56.767] [thread-id: 135007647866048] [trace] SUCCESS (ZE_RESULT_SUCCESS) in zeEventDestroy(hEvent=0x3d1f55e8)
[2026-10-08 03:29:56.767] [thread-id: 135007647866048] [trace] zeEventDestroy(hEvent)
[2026-10-08 03:29:56.767] [thread-id: 135007647866048] [trace] SUCCESS (ZE_RESULT_SUCCESS) in zeEventDestroy(hEvent=0x3d1f5b98)
[2026-10-08 03:29:56.767] [thread-id: 135007647866048] [trace] zeEventDestroy(hEvent)
[2026-10-08 03:29:56.767] [thread-id: 135007647866048] [trace] SUCCESS (ZE_RESULT_SUCCESS) in zeEventDestroy(hEvent=0x3d1f6298)
[2026-10-08 03:29:56.767] [thread-id: 135007647866048] [trace] zeEventDestroy(hEvent)
[2026-10-08 03:29:56.767] [thread-id: 135007647866048] [trace] SUCCESS (ZE_RESULT_SUCCESS) in zeEventDestroy(hEvent=0x3d1f67a8)
[2026-10-08 03:29:56.767] [thread-id: 135007647866048] [trace] zeEventDestroy(hEvent)
[2026-10-08 03:29:56.767] [thread-id: 135007647866048] [trace] SUCCESS (ZE_RESULT_SUCCESS) in zeEventDestroy(hEvent=0x3d1f6ea8)
[2026-10-08 03:29:56.767] [thread-id: 135007647866048] [trace] zeEventDestroy(hEvent)
[2026-10-08 03:29:56.767] [thread-id: 135007647866048] [trace] SUCCESS (ZE_RESULT_SUCCESS) in zeEventDestroy(hEvent=0x3d1f73b8)
[2026-10-08 03:29:56.767] [thread-id: 135007647866048] [trace] zeEventDestroy(hEvent)
[2026-10-08 03:29:56.767] [thread-id: 135007647866048] [trace] SUCCESS (ZE_RESULT_SUCCESS) in zeEventDestroy(hEvent=0x3d1f7ab8)
[2026-10-08 03:29:56.767] [thread-id: 135007647866048] [trace] zeEventDestroy(hEvent)
[2026-10-08 03:29:56.767] [thread-id: 135007647866048] [trace] SUCCESS (ZE_RESULT_SUCCESS) in zeEventDestroy(hEvent=0x3d1f80d8)
[2026-10-08 03:29:56.767] [thread-id: 135007647866048] [trace] zeEventDestroy(hEvent)
[2026-10-08 03:29:56.767] [thread-id: 135007647866048] [trace] SUCCESS (ZE_RESULT_SUCCESS) in zeEventDestroy(hEvent=0x3d1f87d8)
[2026-10-08 03:29:56.767] [thread-id: 135007647866048] [trace] zeEventDestroy(hEvent)
[2026-10-08 03:29:56.767] [thread-id: 135007647866048] [trace] SUCCESS (ZE_RESULT_SUCCESS) in zeEventDestroy(hEvent=0x3d1f8ce8)
[2026-10-08 03:29:56.767] [thread-id: 135007647866048] [trace] zeEventDestroy(hEvent)
[2026-10-08 03:29:56.768] [thread-id: 135007647866048] [trace] SUCCESS (ZE_RESULT_SUCCESS) in zeEventDestroy(hEvent=0x3d1f93e8)
[2026-10-08 03:29:56.768] [thread-id: 135007647866048] [trace] zeEventDestroy(hEvent)
[2026-10-08 03:29:56.768] [thread-id: 135007647866048] [trace] SUCCESS (ZE_RESULT_SUCCESS) in zeEventDestroy(hEvent=0x3d1f98f8)
[2026-10-08 03:29:56.768] [thread-id: 135007647866048] [trace] zeEventDestroy(hEvent)
[2026-10-08 03:29:56.768] [thread-id: 135007647866048] [trace] SUCCESS (ZE_RESULT_SUCCESS) in zeEventDestroy(hEvent=0x3d1f9ff8)
[2026-10-08 03:29:56.768] [thread-id: 135007647866048] [trace] zeEventDestroy(hEvent)
[2026-10-08 03:29:56.768] [thread-id: 135007647866048] [trace] SUCCESS (ZE_RESULT_SUCCESS) in zeEventDestroy(hEvent=0x3d1fa508)
[2026-10-08 03:29:56.768] [thread-id: 135007647866048] [trace] zeEventDestroy(hEvent)
[2026-10-08 03:29:56.768] [thread-id: 135007647866048] [trace] SUCCESS (ZE_RESULT_SUCCESS) in zeEventDestroy(hEvent=0x3d1fad48)
[2026-10-08 03:29:56.768] [thread-id: 135007647866048] [trace] zeEventDestroy(hEvent)
[2026-10-08 03:29:56.768] [thread-id: 135007647866048] [trace] SUCCESS (ZE_RESULT_SUCCESS) in zeEventDestroy(hEvent=0x3d1fb258)
[2026-10-08 03:29:56.768] [thread-id: 135007647866048] [trace] zeEventDestroy(hEvent)
[2026-10-08 03:29:56.768] [thread-id: 135007647866048] [trace] SUCCESS (ZE_RESULT_SUCCESS) in zeEventDestroy(hEvent=0x3d1fb958)
[2026-10-08 03:29:56.768] [thread-id: 135007647866048] [trace] zeEventDestroy(hEvent)
[2026-10-08 03:29:56.768] [thread-id: 135007647866048] [trace] SUCCESS (ZE_RESULT_SUCCESS) in zeEventDestroy(hEvent=0x3d1fbe68)
[2026-10-08 03:29:56.768] [thread-id: 135007647866048] [trace] zeEventDestroy(hEvent)
[2026-10-08 03:29:56.768] [thread-id: 135007647866048] [trace] SUCCESS (ZE_RESULT_SUCCESS) in zeEventDestroy(hEvent=0x3d1fc568)
[2026-10-08 03:29:56.768] [thread-id: 135007647866048] [trace] zeEventDestroy(hEvent)
[2026-10-08 03:29:56.768] [thread-id: 135007647866048] [trace] SUCCESS (ZE_RESULT_SUCCESS) in zeEventDestroy(hEvent=0x3d1fca78)
[2026-10-08 03:29:56.768] [thread-id: 135007647866048] [trace] zeEventDestroy(hEvent)
[2026-10-08 03:29:56.768] [thread-id: 135007647866048] [trace] SUCCESS (ZE_RESULT_SUCCESS) in zeEventDestroy(hEvent=0x3d1fd178)
[2026-10-08 03:29:56.768] [thread-id: 135007647866048] [trace] zeEventDestroy(hEvent)
[2026-10-08 03:29:56.768] [thread-id: 135007647866048] [trace] SUCCESS (ZE_RESULT_SUCCESS) in zeEventDestroy(hEvent=0x3d1fd688)
[2026-10-08 03:29:56.768] [thread-id: 135007647866048] [trace] zeEventDestroy(hEvent)
[2026-10-08 03:29:56.768] [thread-id: 135007647866048] [trace] SUCCESS (ZE_RESULT_SUCCESS) in zeEventDestroy(hEvent=0x3d1fdd88)
[2026-10-08 03:29:56.768] [thread-id: 135007647866048] [trace] zeEventDestroy(hEvent)
[2026-10-08 03:29:56.768] [thread-id: 135007647866048] [trace] SUCCESS (ZE_RESULT_SUCCESS) in zeEventDestroy(hEvent=0x3d1fe4a8)
[2026-10-08 03:29:56.768] [thread-id: 135007647866048] [trace] zeEventDestroy(hEvent)
[2026-10-08 03:29:56.768] [thread-id: 135007647866048] [trace] SUCCESS (ZE_RESULT_SUCCESS) in zeEventDestroy(hEvent=0x3d1feba8)
[2026-10-08 03:29:56.768] [thread-id: 135007647866048] [trace] zeEventDestroy(hEvent)
[2026-10-08 03:29:56.768] [thread-id: 135007647866048] [trace] SUCCESS (ZE_RESULT_SUCCESS) in zeEventDestroy(hEvent=0x3d1ff0b8)
[2026-10-08 03:29:56.768] [thread-id: 135007647866048] [trace] zeEventDestroy(hEvent)
[2026-10-08 03:29:56.768] [thread-id: 135007647866048] [trace] SUCCESS (ZE_RESULT_SUCCESS) in zeEventDestroy(hEvent=0x3d1ff7b8)
[2026-10-08 03:29:56.768] [thread-id: 135007647866048] [trace] zeEventDestroy(hEvent)
[2026-10-08 03:29:56.768] [thread-id: 135007647866048] [trace] SUCCESS (ZE_RESULT_SUCCESS) in zeEventDestroy(hEvent=0x3d1ffcc8)
[2026-10-08 03:29:56.768] [thread-id: 135007647866048] [trace] zeEventDestroy(hEvent)
[2026-10-08 03:29:56.768] [thread-id: 135007647866048] [trace] SUCCESS (ZE_RESULT_SUCCESS) in zeEventDestroy(hEvent=0x3d2003c8)
[2026-10-08 03:29:56.768] [thread-id: 135007647866048] [trace] zeEventDestroy(hEvent)
[2026-10-08 03:29:56.768] [thread-id: 135007647866048] [trace] SUCCESS (ZE_RESULT_SUCCESS) in zeEventDestroy(hEvent=0x3d2008d8)
[2026-10-08 03:29:56.768] [thread-id: 135007647866048] [trace] zeEventDestroy(hEvent)
[2026-10-08 03:29:56.768] [thread-id: 135007647866048] [trace] SUCCESS (ZE_RESULT_SUCCESS) in zeEventDestroy(hEvent=0x3d200fd8)
[2026-10-08 03:29:56.768] [thread-id: 135007647866048] [trace] zeEventDestroy(hEvent)
[2026-10-08 03:29:56.768] [thread-id: 135007647866048] [trace] SUCCESS (ZE_RESULT_SUCCESS) in zeEventDestroy(hEvent=0x3d2014e8)
[2026-10-08 03:29:56.768] [thread-id: 135007647866048] [trace] zeEventDestroy(hEvent)
[2026-10-08 03:29:56.768] [thread-id: 135007647866048] [trace] SUCCESS (ZE_RESULT_SUCCESS) in zeEventDestroy(hEvent=0x3d201be8)
[2026-10-08 03:29:56.768] [thread-id: 135007647866048] [trace] zeEventDestroy(hEvent)
[2026-10-08 03:29:56.768] [thread-id: 135007647866048] [trace] SUCCESS (ZE_RESULT_SUCCESS) in zeEventDestroy(hEvent=0x3d2020f8)
[2026-10-08 03:29:56.768] [thread-id: 135007647866048] [trace] zeEventDestroy(hEvent)
[2026-10-08 03:29:56.768] [thread-id: 135007647866048] [trace] SUCCESS (ZE_RESULT_SUCCESS) in zeEventDestroy(hEvent=0x3d2027f8)
[2026-10-08 03:29:56.768] [thread-id: 135007647866048] [trace] zeEventDestroy(hEvent)
[2026-10-08 03:29:56.768] [thread-id: 135007647866048] [trace] SUCCESS (ZE_RESULT_SUCCESS) in zeEventDestroy(hEvent=0x3d202d08)
[2026-10-08 03:29:56.768] [thread-id: 135007647866048] [trace] zeEventDestroy(hEvent)
[2026-10-08 03:29:56.768] [thread-id: 135007647866048] [trace] SUCCESS (ZE_RESULT_SUCCESS) in zeEventDestroy(hEvent=0x3d203408)
[2026-10-08 03:29:56.768] [thread-id: 135007647866048] [trace] zeEventDestroy(hEvent)
[2026-10-08 03:29:56.768] [thread-id: 135007647866048] [trace] SUCCESS (ZE_RESULT_SUCCESS) in zeEventDestroy(hEvent=0x3d203918)
[2026-10-08 03:29:56.768] [thread-id: 135007647866048] [trace] zeEventDestroy(hEvent)
[2026-10-08 03:29:56.768] [thread-id: 135007647866048] [trace] SUCCESS (ZE_RESULT_SUCCESS) in zeEventDestroy(hEvent=0x3d204018)
[2026-10-08 03:29:56.768] [thread-id: 135007647866048] [trace] zeEventDestroy(hEvent)
[2026-10-08 03:29:56.768] [thread-id: 135007647866048] [trace] SUCCESS (ZE_RESULT_SUCCESS) in zeEventDestroy(hEvent=0x3d204528)
[2026-10-08 03:29:56.768] [thread-id: 135007647866048] [trace] zeEventDestroy(hEvent)
[2026-10-08 03:29:56.768] [thread-id: 135007647866048] [trace] SUCCESS (ZE_RESULT_SUCCESS) in zeEventDestroy(hEvent=0x3d204c28)
[2026-10-08 03:29:56.768] [thread-id: 135007647866048] [trace] zeEventDestroy(hEvent)
[2026-10-08 03:29:56.768] [thread-id: 135007647866048] [trace] SUCCESS (ZE_RESULT_SUCCESS) in zeEventDestroy(hEvent=0x3d205138)
[2026-10-08 03:29:56.768] [thread-id: 135007647866048] [trace] zeEventDestroy(hEvent)
[2026-10-08 03:29:56.768] [thread-id: 135007647866048] [trace] SUCCESS (ZE_RESULT_SUCCESS) in zeEventDestroy(hEvent=0x3d205ab8)
[2026-10-08 03:29:56.768] [thread-id: 135007647866048] [trace] zeEventDestroy(hEvent)
[2026-10-08 03:29:56.768] [thread-id: 135007647866048] [trace] SUCCESS (ZE_RESULT_SUCCESS) in zeEventDestroy(hEvent=0x3d205fc8)
[2026-10-08 03:29:56.768] [thread-id: 135007647866048] [trace] zeEventDestroy(hEvent)
[2026-10-08 03:29:56.768] [thread-id: 135007647866048] [trace] SUCCESS (ZE_RESULT_SUCCESS) in zeEventDestroy(hEvent=0x3d2066c8)
[2026-10-08 03:29:56.768] [thread-id: 135007647866048] [trace] zeEventDestroy(hEvent)
[2026-10-08 03:29:56.768] [thread-id: 135007647866048] [trace] SUCCESS (ZE_RESULT_SUCCESS) in zeEventDestroy(hEvent=0x3d206bd8)
[2026-10-08 03:29:56.768] [thread-id: 135007647866048] [trace] zeEventDestroy(hEvent)
[2026-10-08 03:29:56.768] [thread-id: 135007647866048] [trace] SUCCESS (ZE_RESULT_SUCCESS) in zeEventDestroy(hEvent=0x3d2072d8)
[2026-10-08 03:29:56.768] [thread-id: 135007647866048] [trace] zeEventDestroy(hEvent)
[2026-10-08 03:29:56.768] [thread-id: 135007647866048] [trace] SUCCESS (ZE_RESULT_SUCCESS) in zeEventDestroy(hEvent=0x3d2077e8)
[2026-10-08 03:29:56.768] [thread-id: 135007647866048] [trace] zeEventDestroy(hEvent)
[2026-10-08 03:29:56.768] [thread-id: 135007647866048] [trace] SUCCESS (ZE_RESULT_SUCCESS) in zeEventDestroy(hEvent=0x3d207ee8)
[2026-10-08 03:29:56.768] [thread-id: 135007647866048] [trace] zeEventDestroy(hEvent)
[2026-10-08 03:29:56.768] [thread-id: 135007647866048] [trace] SUCCESS (ZE_RESULT_SUCCESS) in zeEventDestroy(hEvent=0x3d2083f8)
[2026-10-08 03:29:56.768] [thread-id: 135007647866048] [trace] zeEventDestroy(hEvent)
[2026-10-08 03:29:56.768] [thread-id: 135007647866048] [trace] SUCCESS (ZE_RESULT_SUCCESS) in zeEventDestroy(hEvent=0x3d208af8)
[2026-10-08 03:29:56.768] [thread-id: 135007647866048] [trace] zeEventDestroy(hEvent)
[2026-10-08 03:29:56.769] [thread-id: 135007647866048] [trace] SUCCESS (ZE_RESULT_SUCCESS) in zeEventDestroy(hEvent=0x3d209008)
[2026-10-08 03:29:56.769] [thread-id: 135007647866048] [trace] zeEventDestroy(hEvent)
[2026-10-08 03:29:56.769] [thread-id: 135007647866048] [trace] SUCCESS (ZE_RESULT_SUCCESS) in zeEventDestroy(hEvent=0x3d209708)
[2026-10-08 03:29:56.769] [thread-id: 135007647866048] [trace] zeEventDestroy(hEvent)
[2026-10-08 03:29:56.769] [thread-id: 135007647866048] [trace] SUCCESS (ZE_RESULT_SUCCESS) in zeEventDestroy(hEvent=0x3d209c18)
[2026-10-08 03:29:56.769] [thread-id: 135007647866048] [trace] zeEventDestroy(hEvent)
[2026-10-08 03:29:56.769] [thread-id: 135007647866048] [trace] SUCCESS (ZE_RESULT_SUCCESS) in zeEventDestroy(hEvent=0x3d1f1a68)
[2026-10-08 03:29:56.769] [thread-id: 135007647866048] [trace] zeEventDestroy(hEvent)
[2026-10-08 03:29:56.769] [thread-id: 135007647866048] [trace] SUCCESS (ZE_RESULT_SUCCESS) in zeEventDestroy(hEvent=0x3d1f1e08)
[2026-10-08 03:29:56.769] [thread-id: 135007647866048] [trace] zeCommandListDestroy(hCommandList)
[2026-10-08 03:29:56.769] [thread-id: 135007647866048] [trace] SUCCESS (ZE_RESULT_SUCCESS) in zeCommandListDestroy(hCommandList=0x3d1c0d88)
[2026-10-08 03:29:56.769] [thread-id: 135007647866048] [trace] zeContextDestroy(hContext)
[2026-10-08 03:29:56.769] [thread-id: 135007647866048] [trace] SUCCESS (ZE_RESULT_SUCCESS) in zeContextDestroy(hContext=0x3d1b9738)
   <--- urContextRelease(.hContext = 0x3d1bcb90) -> UR_RESULT_SUCCESS;
   ---> urDeviceRelease
   <--- urDeviceRelease(.hDevice = 0x3d1b8040) -> UR_RESULT_SUCCESS;
   ---> urAdapterRelease
   <--- urAdapterRelease(.hAdapter = 0x3cfbc700) -> UR_RESULT_SUCCESS;
