<LOADER>[DEBUG]: Logger loader initialized successfully!
<LOADER>[INFO]: loaded adapter 0x0x2e211980 (/opt/intel/oneapi/compiler/2026.1/lib/libur_adapter_level_zero_v2.so.0) from /opt/intel/oneapi/compiler/2026.1/lib/libur_adapter_level_zero_v2.so.0
   ---> urAdapterGet
<LEVEL_ZERO>[DEBUG]: zeInit with flags value of 1
[2026-10-08 08:18:01.948] [thread-id: 136250334403776] [info] Loader Version 1.32.0  - No git SHA found, compiled outside git folder.
[2026-10-08 08:18:01.951] [thread-id: 136250334403776] [info] Validation Layer Enabled
[2026-10-08 08:18:01.951] [thread-id: 136250334403776] [info] zeInit succeeded
[2026-10-08 08:18:01.951] [thread-id: 136250334403776] [trace] zeInit(flags)
[2026-10-08 08:18:01.977] [thread-id: 136250334403776] [trace] SUCCESS (ZE_RESULT_SUCCESS) in zeInit(flags=1)
<LEVEL_ZERO>[DEBUG]: Level Zero Loader version: 1.32.0
<LEVEL_ZERO>[DEBUG]: zeInitDrivers with flags value of 1
[2026-10-08 08:18:01.978] [thread-id: 136250334403776] [trace] zeInitDrivers(pCount, phDrivers, desc)
[2026-10-08 08:18:01.978] [thread-id: 136250334403776] [trace] SUCCESS (ZE_RESULT_SUCCESS) in zeInitDrivers(pCount=1, phDrivers=nullptr, desc={stype=0x2e210728, flags=1})
[2026-10-08 08:18:01.978] [thread-id: 136250334403776] [trace] zeInitDrivers(pCount, phDrivers, desc)
[2026-10-08 08:18:01.978] [thread-id: 136250334403776] [trace] SUCCESS (ZE_RESULT_SUCCESS) in zeInitDrivers(pCount=1, phDrivers=nullptr, desc={stype=0x2e210728, flags=1})
[2026-10-08 08:18:01.978] [thread-id: 136250334403776] [trace] zeDriverGet(pCount, phDrivers)
[2026-10-08 08:18:01.978] [thread-id: 136250334403776] [trace] SUCCESS (ZE_RESULT_SUCCESS) in zeDriverGet(pCount=1, phDrivers=nullptr)
[2026-10-08 08:18:01.978] [thread-id: 136250334403776] [trace] zeDriverGet(pCount, phDrivers)
[2026-10-08 08:18:01.978] [thread-id: 136250334403776] [trace] SUCCESS (ZE_RESULT_SUCCESS) in zeDriverGet(pCount=1, phDrivers=0x2e3f6980)
[2026-10-08 08:18:01.978] [thread-id: 136250334403776] [trace] zeDeviceGet(hDriver, pCount, phDevices)
[2026-10-08 08:18:01.978] [thread-id: 136250334403776] [trace] SUCCESS (ZE_RESULT_SUCCESS) in zeDeviceGet(hDriver=0x2e3f69c8, pCount=1, phDevices=nullptr)
[2026-10-08 08:18:01.978] [thread-id: 136250334403776] [trace] zeDeviceGet(hDriver, pCount, phDevices)
[2026-10-08 08:18:01.978] [thread-id: 136250334403776] [trace] SUCCESS (ZE_RESULT_SUCCESS) in zeDeviceGet(hDriver=0x2e3f69c8, pCount=1, phDevices=0x2e4032b0)
[2026-10-08 08:18:01.978] [thread-id: 136250334403776] [trace] zeDeviceGetProperties(hDevice, pDeviceProperties)
[2026-10-08 08:18:01.978] [thread-id: 136250334403776] [trace] SUCCESS (ZE_RESULT_SUCCESS) in zeDeviceGetProperties(hDevice=0x2e3f6f28, pDeviceProperties={stype=0x7ffc81039ef0, type=0x7ffc81039f00, vendorId=32902, deviceId=57868, flags=8, subdeviceId=0, coreClockRate=2750, maxMemAllocSize=10132807680, maxHardwareContexts=65536, maxCommandQueuePriority=0, numThreadsPerEU=8, physicalEUSimdWidth=16, numEUsPerSubslice=8, numSubslicesPerSlice=4, numSlices=5, timerResolution=52, timestampValidBits=64, kernelTimestampValidBits=64, uuid={id=134}, name="Intel(R) Arc(TM) B570 Graphics"})
<LEVEL_ZERO>[DEBUG]: 
zesInit with flags value of 0

[2026-10-08 08:18:01.978] [thread-id: 136250334403776] [trace] zesInit(flags)
[2026-10-08 08:18:01.979] [thread-id: 136250334403776] [trace] SUCCESS (ZE_RESULT_SUCCESS) in zesInit(flags=0)
[2026-10-08 08:18:01.979] [thread-id: 136250334403776] [trace] zeDriverGet(pCount, phDrivers)
[2026-10-08 08:18:01.979] [thread-id: 136250334403776] [trace] SUCCESS (ZE_RESULT_SUCCESS) in zeDriverGet(pCount=1, phDrivers=nullptr)
[2026-10-08 08:18:01.980] [thread-id: 136250334403776] [trace] zeDriverGet(pCount, phDrivers)
[2026-10-08 08:18:01.980] [thread-id: 136250334403776] [trace] SUCCESS (ZE_RESULT_SUCCESS) in zeDriverGet(pCount=1, phDrivers=0x2e40a340)
[2026-10-08 08:18:01.980] [thread-id: 136250334403776] [trace] zeInitDrivers(pCount, phDrivers, desc)
[2026-10-08 08:18:01.980] [thread-id: 136250334403776] [trace] SUCCESS (ZE_RESULT_SUCCESS) in zeInitDrivers(pCount=1, phDrivers=0x2e40a410, desc={stype=0x2e210728, flags=1})
[2026-10-08 08:18:01.980] [thread-id: 136250334403776] [trace] zeDriverGetProperties(hDriver, pDriverProperties)
[2026-10-08 08:18:01.980] [thread-id: 136250334403776] [trace] SUCCESS (ZE_RESULT_SUCCESS) in zeDriverGetProperties(hDriver=0x2e3f69c8, pDriverProperties={stype=0x7ffc81039e40, uuid={id=227}, driverVersion=17013219})
[2026-10-08 08:18:01.980] [thread-id: 136250334403776] [trace] zeDriverGetProperties(hDriver, pDriverProperties)
[2026-10-08 08:18:01.980] [thread-id: 136250334403776] [trace] SUCCESS (ZE_RESULT_SUCCESS) in zeDriverGetProperties(hDriver=0x2e3f69c8, pDriverProperties={stype=0x7ffc8103a010, uuid={id=227}, driverVersion=17013219})
<LEVEL_ZERO>[DEBUG]: zeDriverHandle 0x2e3f69c8 matched between zeDriverGet and zeInitDrivers. Not adding duplicate driver to list
<LEVEL_ZERO>[DEBUG]: 1 L0 Drivers found.
[2026-10-08 08:18:01.980] [thread-id: 136250334403776] [trace] zeDeviceGet(hDriver, pCount, phDevices)
[2026-10-08 08:18:01.980] [thread-id: 136250334403776] [trace] SUCCESS (ZE_RESULT_SUCCESS) in zeDeviceGet(hDriver=0x2e3f69c8, pCount=1, phDevices=nullptr)
[2026-10-08 08:18:01.980] [thread-id: 136250334403776] [trace] zeDeviceGet(hDriver, pCount, phDevices)
[2026-10-08 08:18:01.980] [thread-id: 136250334403776] [trace] SUCCESS (ZE_RESULT_SUCCESS) in zeDeviceGet(hDriver=0x2e3f69c8, pCount=1, phDevices=0x2e40a6b0)
[2026-10-08 08:18:01.980] [thread-id: 136250334403776] [trace] zeDeviceGetProperties(hDevice, pDeviceProperties)
[2026-10-08 08:18:01.980] [thread-id: 136250334403776] [trace] SUCCESS (ZE_RESULT_SUCCESS) in zeDeviceGetProperties(hDevice=0x2e3f6f28, pDeviceProperties={stype=0x7ffc81039e40, type=0x7ffc81039e50, vendorId=32902, deviceId=57868, flags=8, subdeviceId=0, coreClockRate=2750, maxMemAllocSize=10132807680, maxHardwareContexts=65536, maxCommandQueuePriority=0, numThreadsPerEU=8, physicalEUSimdWidth=16, numEUsPerSubslice=8, numSubslicesPerSlice=4, numSlices=5, timerResolution=52, timestampValidBits=64, kernelTimestampValidBits=64, uuid={id=134}, name="Intel(R) Arc(TM) B570 Graphics"})
[2026-10-08 08:18:01.980] [thread-id: 136250334403776] [trace] zeDriverGetApiVersion(hDriver, version)
[2026-10-08 08:18:01.980] [thread-id: 136250334403776] [trace] SUCCESS (ZE_RESULT_SUCCESS) in zeDriverGetApiVersion(hDriver=0x2e3f69c8, version=65553)
[2026-10-08 08:18:01.980] [thread-id: 136250334403776] [trace] zeDriverGetExtensionProperties(hDriver, pCount, pExtensionProperties)
[2026-10-08 08:18:01.980] [thread-id: 136250334403776] [trace] SUCCESS (ZE_RESULT_SUCCESS) in zeDriverGetExtensionProperties(hDriver=0x2e3f69c8, pCount=63, pExtensionProperties=nullptr)
[2026-10-08 08:18:01.980] [thread-id: 136250334403776] [trace] zeDriverGetExtensionProperties(hDriver, pCount, pExtensionProperties)
[2026-10-08 08:18:01.980] [thread-id: 136250334403776] [trace] SUCCESS (ZE_RESULT_SUCCESS) in zeDriverGetExtensionProperties(hDriver=0x2e3f69c8, pCount=63, pExtensionProperties={name="ZE_extension_device_cache_line_size", version=65536})
[2026-10-08 08:18:01.980] [thread-id: 136250334403776] [trace] zeDriverGetExtensionFunctionAddress(hDriver, name, ppFunctionAddress)
[2026-10-08 08:18:01.980] [thread-id: 136250334403776] [trace] SUCCESS (ZE_RESULT_SUCCESS) in zeDriverGetExtensionFunctionAddress(hDriver=0x2e3f69c8, name="zeIntelGetDriverVersionString", ppFunctionAddress=0x7beb3cf25c00)
[2026-10-08 08:18:01.980] [thread-id: 136250334403776] [trace] zeDriverGetProperties(hDriver, pDriverProperties)
[2026-10-08 08:18:01.980] [thread-id: 136250334403776] [trace] SUCCESS (ZE_RESULT_SUCCESS) in zeDriverGetProperties(hDriver=0x2e3f69c8, pDriverProperties={stype=0x7ffc81039d00, uuid={id=227}, driverVersion=17013219})
<LEVEL_ZERO>[DEBUG]: Level Zero Driver version: 1.17.39395+14
[2026-10-08 08:18:01.980] [thread-id: 136250334403776] [trace] zeDriverGetExtensionFunctionAddress(hDriver, name, ppFunctionAddress)
[2026-10-08 08:18:01.980] [thread-id: 136250334403776] [trace] SUCCESS (ZE_RESULT_SUCCESS) in zeDriverGetExtensionFunctionAddress(hDriver=0x2e3f69c8, name="zexDriverImportExternalPointer", ppFunctionAddress=0x7beb3cf20a40)
[2026-10-08 08:18:01.980] [thread-id: 136250334403776] [trace] zeDriverGetExtensionFunctionAddress(hDriver, name, ppFunctionAddress)
[2026-10-08 08:18:01.980] [thread-id: 136250334403776] [trace] SUCCESS (ZE_RESULT_SUCCESS) in zeDriverGetExtensionFunctionAddress(hDriver=0x2e3f69c8, name="zexDriverReleaseImportedPointer", ppFunctionAddress=0x7beb3cf28e30)
[2026-10-08 08:18:01.980] [thread-id: 136250334403776] [trace] zeDriverGetExtensionFunctionAddress(hDriver, name, ppFunctionAddress)
[2026-10-08 08:18:01.980] [thread-id: 136250334403776] [trace] SUCCESS (ZE_RESULT_SUCCESS) in zeDriverGetExtensionFunctionAddress(hDriver=0x2e3f69c8, name="zeImageGetDeviceOffsetExp", ppFunctionAddress=0x7beb3cf2a190)
[2026-10-08 08:18:01.980] [thread-id: 136250334403776] [trace] zeDriverGetExtensionFunctionAddress(hDriver, name, ppFunctionAddress)
[2026-10-08 08:18:01.980] [thread-id: 136250334403776] [trace] SUCCESS (ZE_RESULT_SUCCESS) in zeDriverGetExtensionFunctionAddress(hDriver=0x2e3f69c8, name="zeMemGetPitchFor2dImage", ppFunctionAddress=0x7beb3cf2c550)
[2026-10-08 08:18:01.980] [thread-id: 136250334403776] [trace] zeDriverGetExtensionFunctionAddress(hDriver, name, ppFunctionAddress)
[2026-10-08 08:18:01.980] [thread-id: 136250334403776] [trace] SUCCESS (ZE_RESULT_SUCCESS) in zeDriverGetExtensionFunctionAddress(hDriver=0x2e3f69c8, name="zeGraphGetIdExt", ppFunctionAddress=0x7beb3cf1add0)
[2026-10-08 08:18:01.980] [thread-id: 136250334403776] [trace] zeDriverGetExtensionFunctionAddress(hDriver, name, ppFunctionAddress)
[2026-10-08 08:18:01.980] [thread-id: 136250334403776] [trace] SUCCESS (ZE_RESULT_SUCCESS) in zeDriverGetExtensionFunctionAddress(hDriver=0x2e3f69c8, name="zeCommandListAppendHostFunction", ppFunctionAddress=0x7beb3cefe140)
[2026-10-08 08:18:01.980] [thread-id: 136250334403776] [trace] zesDriverGet(pCount, phDrivers)
[2026-10-08 08:18:01.980] [thread-id: 136250334403776] [trace] SUCCESS (ZE_RESULT_SUCCESS) in zesDriverGet(pCount=1, phDrivers=nullptr)
[2026-10-08 08:18:01.980] [thread-id: 136250334403776] [trace] zesDriverGet(pCount, phDrivers)
[2026-10-08 08:18:01.980] [thread-id: 136250334403776] [trace] SUCCESS (ZE_RESULT_SUCCESS) in zesDriverGet(pCount=1, phDrivers=0x2e40b5b0)
[2026-10-08 08:18:01.980] [thread-id: 136250334403776] [trace] zesDriverGetDeviceByUuidExp(hDriver, uuid, phDevice, onSubdevice, subdeviceId)
[2026-10-08 08:18:01.980] [thread-id: 136250334403776] [trace] SUCCESS (ZE_RESULT_SUCCESS) in zesDriverGetDeviceByUuidExp(hDriver=0x2e4071c8, uuid={id=134}, phDevice=0x2e237058, onSubdevice=0, subdeviceId=0)
<LEVEL_ZERO>[DEBUG]: Initialized 1 platforms
   <--- urAdapterGet(.NumEntries = 0, .phAdapters = nullptr, .pNumAdapters = 0x7ffc8103a718 (1)) -> UR_RESULT_SUCCESS;
   ---> urAdapterGet
   <--- urAdapterGet(.NumEntries = 1, .phAdapters = 0x2e40a690 {0x2e210700}, .pNumAdapters = nullptr) -> UR_RESULT_SUCCESS;
   ---> urAdapterGetInfo
   <--- urAdapterGetInfo(.hAdapter = 0x2e210700, .propName = UR_ADAPTER_INFO_BACKEND, .propSize = 4, .pPropValue = 0x7ffc8103a70c (UR_BACKEND_LEVEL_ZERO), .pPropSizeRet = nullptr) -> UR_RESULT_SUCCESS;
   ---> urAdapterSetLoggerCallback
   <--- urAdapterSetLoggerCallback(.hAdapter = 0x2e210700, .pfnLoggerCallback = 0x7beb43d01420, .pUserData = nullptr, .level = UR_LOGGER_LEVEL_WARN) -> UR_RESULT_SUCCESS;
   ---> urPlatformGet
   <--- urPlatformGet(.hAdapter = 0x2e210700, .NumEntries = 0, .phPlatforms = nullptr, .pNumPlatforms = 0x7ffc8103a64c (1)) -> UR_RESULT_SUCCESS;
   ---> urPlatformGet
   <--- urPlatformGet(.hAdapter = 0x2e210700, .NumEntries = 1, .phPlatforms = 0x2e40a690 {0x2e40a810}, .pNumPlatforms = nullptr) -> UR_RESULT_SUCCESS;
   ---> urPlatformGetInfo
   <--- urPlatformGetInfo(.hPlatform = 0x2e40a810, .propName = UR_PLATFORM_INFO_BACKEND, .propSize = 4, .pPropValue = 0x7ffc8103a65c (UR_BACKEND_LEVEL_ZERO), .pPropSizeRet = nullptr) -> UR_RESULT_SUCCESS;
   ---> urDeviceGet
[2026-10-08 08:18:01.980] [thread-id: 136250334403776] [trace] zeDeviceGet(hDriver, pCount, phDevices)
[2026-10-08 08:18:01.980] [thread-id: 136250334403776] [trace] SUCCESS (ZE_RESULT_SUCCESS) in zeDeviceGet(hDriver=0x2e3f69c8, pCount=1, phDevices=nullptr)
[2026-10-08 08:18:01.980] [thread-id: 136250334403776] [trace] zeDeviceGet(hDriver, pCount, phDevices)
[2026-10-08 08:18:01.980] [thread-id: 136250334403776] [trace] SUCCESS (ZE_RESULT_SUCCESS) in zeDeviceGet(hDriver=0x2e3f69c8, pCount=1, phDevices=0x2e40c000)
[2026-10-08 08:18:01.980] [thread-id: 136250334403776] [trace] zeDeviceGetProperties(hDevice, pDeviceProperties)
[2026-10-08 08:18:01.980] [thread-id: 136250334403776] [trace] SUCCESS (ZE_RESULT_SUCCESS) in zeDeviceGetProperties(hDevice=0x2e3f6f28, pDeviceProperties={stype=0x2e40c0e8, type=0x2e40c0f8, vendorId=32902, deviceId=57868, flags=8, subdeviceId=0, coreClockRate=2750, maxMemAllocSize=10132807680, maxHardwareContexts=65536, maxCommandQueuePriority=0, numThreadsPerEU=8, physicalEUSimdWidth=16, numEUsPerSubslice=8, numSubslicesPerSlice=4, numSlices=5, timerResolution=19200000, timestampValidBits=64, kernelTimestampValidBits=64, uuid={id=134}, name="Intel(R) Arc(TM) B570 Graphics"})
[2026-10-08 08:18:01.980] [thread-id: 136250334403776] [trace] zeDeviceGetProperties(hDevice, pDeviceProperties)
[2026-10-08 08:18:01.980] [thread-id: 136250334403776] [trace] SUCCESS (ZE_RESULT_SUCCESS) in zeDeviceGetProperties(hDevice=0x2e3f6f28, pDeviceProperties={stype=0x7ffc81039c58, type=0x7ffc81039c68, vendorId=32902, deviceId=57868, flags=8, subdeviceId=0, coreClockRate=2750, maxMemAllocSize=10132807680, maxHardwareContexts=65536, maxCommandQueuePriority=0, numThreadsPerEU=8, physicalEUSimdWidth=16, numEUsPerSubslice=8, numSubslicesPerSlice=4, numSlices=5, timerResolution=52, timestampValidBits=64, kernelTimestampValidBits=64, uuid={id=134}, name="Intel(R) Arc(TM) B570 Graphics"})
[2026-10-08 08:18:01.980] [thread-id: 136250334403776] [trace] zeDeviceGetCommandQueueGroupProperties(hDevice, pCount, pCommandQueueGroupProperties)
[2026-10-08 08:18:01.980] [thread-id: 136250334403776] [trace] SUCCESS (ZE_RESULT_SUCCESS) in zeDeviceGetCommandQueueGroupProperties(hDevice=0x2e3f6f28, pCount=2, pCommandQueueGroupProperties=nullptr)
<LEVEL_ZERO>[INFO]: Number of queue groups = 2
[2026-10-08 08:18:01.980] [thread-id: 136250334403776] [trace] zeDeviceGetCommandQueueGroupProperties(hDevice, pCount, pCommandQueueGroupProperties)
[2026-10-08 08:18:01.980] [thread-id: 136250334403776] [trace] SUCCESS (ZE_RESULT_SUCCESS) in zeDeviceGetCommandQueueGroupProperties(hDevice=0x2e3f6f28, pCount=2, pCommandQueueGroupProperties={stype=0x2e210610, flags=7, maxMemoryFillPatternSize=18446744073709551615, numQueues=1})
<LEVEL_ZERO>[INFO]: main blitter/copy engine is available
<LEVEL_ZERO>[INFO]: link blitter/copy engines are not available
[2026-10-08 08:18:01.980] [thread-id: 136250334403776] [trace] zeDeviceGetSubDevices(hDevice, pCount, phSubdevices)
[2026-10-08 08:18:01.980] [thread-id: 136250334403776] [trace] SUCCESS (ZE_RESULT_SUCCESS) in zeDeviceGetSubDevices(hDevice=0x2e3f6f28, pCount=0, phSubdevices=nullptr)
[2026-10-08 08:18:01.980] [thread-id: 136250334403776] [trace] zeDeviceGetSubDevices(hDevice, pCount, phSubdevices)
[2026-10-08 08:18:01.980] [thread-id: 136250334403776] [trace] SUCCESS (ZE_RESULT_SUCCESS) in zeDeviceGetSubDevices(hDevice=0x2e3f6f28, pCount=0, phSubdevices=0x2e40c020)
[2026-10-08 08:18:01.980] [thread-id: 136250334403776] [trace] zeDeviceGetRootDevice(hDevice, phRootDevice)
[2026-10-08 08:18:01.980] [thread-id: 136250334403776] [trace] SUCCESS (ZE_RESULT_SUCCESS) in zeDeviceGetRootDevice(hDevice=0x2e3f6f28, phRootDevice=0x7ffc8103a0b0)
[2026-10-08 08:18:01.980] [thread-id: 136250334403776] [trace] zeDeviceSynchronize(hDevice)
[2026-10-08 08:18:01.981] [thread-id: 136250334403776] [trace] SUCCESS (ZE_RESULT_SUCCESS) in zeDeviceSynchronize(hDevice=0x2e3f6f28)
[2026-10-08 08:18:01.981] [thread-id: 136250334403776] [trace] zeDeviceGetRootDevice(hDevice, phRootDevice)
[2026-10-08 08:18:01.981] [thread-id: 136250334403776] [trace] SUCCESS (ZE_RESULT_SUCCESS) in zeDeviceGetRootDevice(hDevice=0x2e3f6f28, phRootDevice=0x7ffc8103a1a0)
   <--- urDeviceGet(.hPlatform = 0x2e40a810, .DeviceType = UR_DEVICE_TYPE_ALL, .NumEntries = 0, .phDevices = nullptr, .pNumDevices = 0x7ffc8103a5cc (1)) -> UR_RESULT_SUCCESS;
   ---> urDeviceGet
[2026-10-08 08:18:01.981] [thread-id: 136250334403776] [trace] zeDeviceGetRootDevice(hDevice, phRootDevice)
[2026-10-08 08:18:01.981] [thread-id: 136250334403776] [trace] SUCCESS (ZE_RESULT_SUCCESS) in zeDeviceGetRootDevice(hDevice=0x2e3f6f28, phRootDevice=0x7ffc8103a1a0)
   <--- urDeviceGet(.hPlatform = 0x2e40a810, .DeviceType = UR_DEVICE_TYPE_ALL, .NumEntries = 1, .phDevices = 0x2e40c000 {0x2e40c040}, .pNumDevices = nullptr) -> UR_RESULT_SUCCESS;
   ---> urPlatformGetInfo
   <--- urPlatformGetInfo(.hPlatform = 0x2e40a810, .propName = UR_PLATFORM_INFO_VERSION, .propSize = 0, .pPropValue = nullptr, .pPropSizeRet = 0x7ffc8103a1a0 (5)) -> UR_RESULT_SUCCESS;
   ---> urPlatformGetInfo
   <--- urPlatformGetInfo(.hPlatform = 0x2e40a810, .propName = UR_PLATFORM_INFO_VERSION, .propSize = 5, .pPropValue = 0x7ffc8103a308 (1.17), .pPropSizeRet = nullptr) -> UR_RESULT_SUCCESS;
   ---> urPlatformGetInfo
   <--- urPlatformGetInfo(.hPlatform = 0x2e40a810, .propName = UR_PLATFORM_INFO_NAME, .propSize = 0, .pPropValue = nullptr, .pPropSizeRet = 0x7ffc8103a1a0 (51)) -> UR_RESULT_SUCCESS;
   ---> urPlatformGetInfo
   <--- urPlatformGetInfo(.hPlatform = 0x2e40a810, .propName = UR_PLATFORM_INFO_NAME, .propSize = 51, .pPropValue = 0x2e40c710 (Intel(R) oneAPI Unified Runtime over Level-Zero V2), .pPropSizeRet = nullptr) -> UR_RESULT_SUCCESS;
   ---> urDeviceGetInfo
   <--- urDeviceGetInfo(.hDevice = 0x2e40c040, .propName = UR_DEVICE_INFO_PARENT_DEVICE, .propSize = 8, .pPropValue = 0x7ffc8103a160 (nullptr), .pPropSizeRet = nullptr) -> UR_RESULT_SUCCESS;
   ---> urDeviceGetInfo
   <--- urDeviceGetInfo(.hDevice = 0x2e40c040, .propName = UR_DEVICE_INFO_TYPE, .propSize = 4, .pPropValue = 0x7ffc8103a100 (UR_DEVICE_TYPE_GPU), .pPropSizeRet = nullptr) -> UR_RESULT_SUCCESS;
   ---> urDeviceGetInfo
   <--- urDeviceGetInfo(.hDevice = 0x2e40c040, .propName = UR_DEVICE_INFO_USE_NATIVE_ASSERT, .propSize = 1, .pPropValue = 0x7ffc8103a100 (true), .pPropSizeRet = nullptr) -> UR_RESULT_SUCCESS;
   ---> urDeviceGetInfo
[2026-10-08 08:18:01.981] [thread-id: 136250334403776] [trace] zeDeviceGetModuleProperties(hDevice, pModuleProperties)
[2026-10-08 08:18:01.981] [thread-id: 136250334403776] [trace] SUCCESS (ZE_RESULT_SUCCESS) in zeDeviceGetModuleProperties(hDevice=0x2e3f6f28, pModuleProperties={stype=0x2e40c360, spirvVersionSupported=65541, flags=15, fp16flags=63, fp32flags=127, fp64flags=127, maxArgumentsSize=2048, printfBufferSize=4194304, nativeKernelSupported={id=0}})
[2026-10-08 08:18:01.981] [thread-id: 136250334403776] [trace] zeDeviceGetImageProperties(hDevice, pImageProperties)
[2026-10-08 08:18:01.981] [thread-id: 136250334403776] [trace] SUCCESS (ZE_RESULT_SUCCESS) in zeDeviceGetImageProperties(hDevice=0x2e3f6f28, pImageProperties={stype=0x2e40c300, maxImageDims1D=16384, maxImageDims2D=16384, maxImageDims3D=2048, maxImageBufferSize=633300480, maxImageArraySlices=2048, maxSamplers=16, maxReadImageArgs=128, maxWriteImageArgs=128})
   <--- urDeviceGetInfo(.hDevice = 0x2e40c040, .propName = UR_DEVICE_INFO_EXTENSIONS, .propSize = 0, .pPropValue = nullptr, .pPropSizeRet = 0x7ffc8103a088 (245)) -> UR_RESULT_SUCCESS;
   ---> urDeviceGetInfo
   <--- urDeviceGetInfo(.hDevice = 0x2e40c040, .propName = UR_DEVICE_INFO_EXTENSIONS, .propSize = 245, .pPropValue = 0x2e2c6740 (cl_khr_il_program cl_khr_subgroups cl_intel_subgroups cl_intel_subgroups_short cl_intel_required_subgroup_size cl_khr_fp16 cl_khr_fp64 cl_khr_int64_base_atomics cl_khr_int64_extended_atomics cl_khr_3d_image_writes cl_intel_bfloat16_conversions ), .pPropSizeRet = nullptr) -> UR_RESULT_SUCCESS;
   ---> urDeviceRetain
   <--- urDeviceRetain(.hDevice = 0x2e40c040) -> UR_RESULT_SUCCESS;
   ---> urDeviceGetInfo
   <--- urDeviceGetInfo(.hDevice = 0x2e40c040, .propName = UR_DEVICE_INFO_TYPE, .propSize = 4, .pPropValue = 0x7ffc8103a27c (UR_DEVICE_TYPE_GPU), .pPropSizeRet = nullptr) -> UR_RESULT_SUCCESS;
   ---> urDeviceGetInfo
   <--- urDeviceGetInfo(.hDevice = 0x2e40c040, .propName = UR_DEVICE_INFO_VENDOR_ID, .propSize = 4, .pPropValue = 0x7ffc8103a2f8 (32902), .pPropSizeRet = nullptr) -> UR_RESULT_SUCCESS;
   ---> urDeviceGetInfo
   <--- urDeviceGetInfo(.hDevice = 0x2e40c040, .propName = UR_DEVICE_INFO_DRIVER_VERSION, .propSize = 0, .pPropValue = nullptr, .pPropSizeRet = 0x7ffc8103a1a0 (14)) -> UR_RESULT_SUCCESS;
   ---> urDeviceGetInfo
   <--- urDeviceGetInfo(.hDevice = 0x2e40c040, .propName = UR_DEVICE_INFO_DRIVER_VERSION, .propSize = 14, .pPropValue = 0x7ffc8103a2c8 (1.17.39395+14), .pPropSizeRet = nullptr) -> UR_RESULT_SUCCESS;
   ---> urDeviceGetInfo
   <--- urDeviceGetInfo(.hDevice = 0x2e40c040, .propName = UR_DEVICE_INFO_NAME, .propSize = 0, .pPropValue = nullptr, .pPropSizeRet = 0x7ffc8103a0e0 (31)) -> UR_RESULT_SUCCESS;
   ---> urDeviceGetInfo
   <--- urDeviceGetInfo(.hDevice = 0x2e40c040, .propName = UR_DEVICE_INFO_NAME, .propSize = 31, .pPropValue = 0x2e40bfd0 (Intel(R) Arc(TM) B570 Graphics), .pPropSizeRet = nullptr) -> UR_RESULT_SUCCESS;
   ---> urPlatformGetInfo
   <--- urPlatformGetInfo(.hPlatform = 0x2e40a810, .propName = UR_PLATFORM_INFO_BACKEND, .propSize = 4, .pPropValue = 0x7ffc8103a4bc (UR_BACKEND_LEVEL_ZERO), .pPropSizeRet = nullptr) -> UR_RESULT_SUCCESS;
   ---> urDeviceGetInfo
   <--- urDeviceGetInfo(.hDevice = 0x2e40c040, .propName = UR_DEVICE_INFO_TYPE, .propSize = 4, .pPropValue = 0x7ffc8103a4b4 (UR_DEVICE_TYPE_GPU), .pPropSizeRet = nullptr) -> UR_RESULT_SUCCESS;
   ---> urDeviceRelease
   <--- urDeviceRelease(.hDevice = 0x2e40c040) -> UR_RESULT_SUCCESS;
   ---> urDeviceGetInfo
   <--- urDeviceGetInfo(.hDevice = 0x2e40c040, .propName = UR_DEVICE_INFO_SUPPORTED_PARTITIONS, .propSize = 0, .pPropValue = nullptr, .pPropSizeRet = 0x7ffc8103a4a8 (0)) -> UR_RESULT_SUCCESS;
   ---> urDeviceGet
[2026-10-08 08:18:01.981] [thread-id: 136250334403776] [trace] zeDeviceGetRootDevice(hDevice, phRootDevice)
[2026-10-08 08:18:01.981] [thread-id: 136250334403776] [trace] SUCCESS (ZE_RESULT_SUCCESS) in zeDeviceGetRootDevice(hDevice=0x2e3f6f28, phRootDevice=0x7ffc8103a2b0)
   <--- urDeviceGet(.hPlatform = 0x2e40a810, .DeviceType = UR_DEVICE_TYPE_ALL, .NumEntries = 0, .phDevices = nullptr, .pNumDevices = 0x7ffc8103a6dc (1)) -> UR_RESULT_SUCCESS;
   ---> urDeviceGet
[2026-10-08 08:18:01.981] [thread-id: 136250334403776] [trace] zeDeviceGetRootDevice(hDevice, phRootDevice)
[2026-10-08 08:18:01.981] [thread-id: 136250334403776] [trace] SUCCESS (ZE_RESULT_SUCCESS) in zeDeviceGetRootDevice(hDevice=0x2e3f6f28, phRootDevice=0x7ffc8103a2b0)
   <--- urDeviceGet(.hPlatform = 0x2e40a810, .DeviceType = UR_DEVICE_TYPE_ALL, .NumEntries = 1, .phDevices = 0x2e40a6b0 {0x2e40c040}, .pNumDevices = nullptr) -> UR_RESULT_SUCCESS;
   ---> urPlatformGetInfo
   <--- urPlatformGetInfo(.hPlatform = 0x2e40a810, .propName = UR_PLATFORM_INFO_VERSION, .propSize = 0, .pPropValue = nullptr, .pPropSizeRet = 0x7ffc8103a2b0 (5)) -> UR_RESULT_SUCCESS;
   ---> urPlatformGetInfo
   <--- urPlatformGetInfo(.hPlatform = 0x2e40a810, .propName = UR_PLATFORM_INFO_VERSION, .propSize = 5, .pPropValue = 0x7ffc8103a418 (1.17), .pPropSizeRet = nullptr) -> UR_RESULT_SUCCESS;
   ---> urPlatformGetInfo
   <--- urPlatformGetInfo(.hPlatform = 0x2e40a810, .propName = UR_PLATFORM_INFO_NAME, .propSize = 0, .pPropValue = nullptr, .pPropSizeRet = 0x7ffc8103a2b0 (51)) -> UR_RESULT_SUCCESS;
   ---> urPlatformGetInfo
   <--- urPlatformGetInfo(.hPlatform = 0x2e40a810, .propName = UR_PLATFORM_INFO_NAME, .propSize = 51, .pPropValue = 0x2e40cc30 (Intel(R) oneAPI Unified Runtime over Level-Zero V2), .pPropSizeRet = nullptr) -> UR_RESULT_SUCCESS;
   ---> urDeviceGetInfo
   <--- urDeviceGetInfo(.hDevice = 0x2e40c040, .propName = UR_DEVICE_INFO_TYPE, .propSize = 4, .pPropValue = 0x7ffc8103a38c (UR_DEVICE_TYPE_GPU), .pPropSizeRet = nullptr) -> UR_RESULT_SUCCESS;
   ---> urDeviceGetInfo
   <--- urDeviceGetInfo(.hDevice = 0x2e40c040, .propName = UR_DEVICE_INFO_VENDOR_ID, .propSize = 4, .pPropValue = 0x7ffc8103a408 (32902), .pPropSizeRet = nullptr) -> UR_RESULT_SUCCESS;
   ---> urDeviceGetInfo
   <--- urDeviceGetInfo(.hDevice = 0x2e40c040, .propName = UR_DEVICE_INFO_DRIVER_VERSION, .propSize = 0, .pPropValue = nullptr, .pPropSizeRet = 0x7ffc8103a2b0 (14)) -> UR_RESULT_SUCCESS;
   ---> urDeviceGetInfo
   <--- urDeviceGetInfo(.hDevice = 0x2e40c040, .propName = UR_DEVICE_INFO_DRIVER_VERSION, .propSize = 14, .pPropValue = 0x7ffc8103a3d8 (1.17.39395+14), .pPropSizeRet = nullptr) -> UR_RESULT_SUCCESS;
   ---> urPlatformGetInfo
   <--- urPlatformGetInfo(.hPlatform = 0x2e40a810, .propName = UR_PLATFORM_INFO_BACKEND, .propSize = 4, .pPropValue = 0x7ffc8103a5cc (UR_BACKEND_LEVEL_ZERO), .pPropSizeRet = nullptr) -> UR_RESULT_SUCCESS;
   ---> urDeviceGetInfo
   <--- urDeviceGetInfo(.hDevice = 0x2e40c040, .propName = UR_DEVICE_INFO_TYPE, .propSize = 4, .pPropValue = 0x7ffc8103a5c4 (UR_DEVICE_TYPE_GPU), .pPropSizeRet = nullptr) -> UR_RESULT_SUCCESS;
   ---> urDeviceRelease
   <--- urDeviceRelease(.hDevice = 0x2e40c040) -> UR_RESULT_SUCCESS;
   ---> urDeviceGetInfo
   <--- urDeviceGetInfo(.hDevice = 0x2e40c040, .propName = UR_DEVICE_INFO_SUPPORTED_PARTITIONS, .propSize = 0, .pPropValue = nullptr, .pPropSizeRet = 0x7ffc8103a5b8 (0)) -> UR_RESULT_SUCCESS;
   ---> urDeviceSelectBinary
   <--- urDeviceSelectBinary(.hDevice = 0x2e40c040, .pBinaries = 0x7ffc8103a600 ((struct ur_device_binary_t){.stype = UR_STRUCTURE_TYPE_CONTEXT_PROPERTIES, .pNext = nullptr, .pDeviceTargetSpec = 0x7beb43a823c0 (spir64)}), .NumBinaries = 1, .pSelectedBinary = 0x7ffc8103a624 (0)) -> UR_RESULT_SUCCESS;
   ---> urDeviceGet
[2026-10-08 08:18:01.982] [thread-id: 136250334403776] [trace] zeDeviceGetRootDevice(hDevice, phRootDevice)
[2026-10-08 08:18:01.982] [thread-id: 136250334403776] [trace] SUCCESS (ZE_RESULT_SUCCESS) in zeDeviceGetRootDevice(hDevice=0x2e3f6f28, phRootDevice=0x7ffc8103a240)
   <--- urDeviceGet(.hPlatform = 0x2e40a810, .DeviceType = UR_DEVICE_TYPE_ALL, .NumEntries = 0, .phDevices = nullptr, .pNumDevices = 0x7ffc8103a66c (1)) -> UR_RESULT_SUCCESS;
   ---> urDeviceGet
[2026-10-08 08:18:01.982] [thread-id: 136250334403776] [trace] zeDeviceGetRootDevice(hDevice, phRootDevice)
[2026-10-08 08:18:01.982] [thread-id: 136250334403776] [trace] SUCCESS (ZE_RESULT_SUCCESS) in zeDeviceGetRootDevice(hDevice=0x2e3f6f28, phRootDevice=0x7ffc8103a240)
   <--- urDeviceGet(.hPlatform = 0x2e40a810, .DeviceType = UR_DEVICE_TYPE_ALL, .NumEntries = 1, .phDevices = 0x2e40cd00 {0x2e40c040}, .pNumDevices = nullptr) -> UR_RESULT_SUCCESS;
   ---> urPlatformGetInfo
   <--- urPlatformGetInfo(.hPlatform = 0x2e40a810, .propName = UR_PLATFORM_INFO_VERSION, .propSize = 0, .pPropValue = nullptr, .pPropSizeRet = 0x7ffc8103a240 (5)) -> UR_RESULT_SUCCESS;
   ---> urPlatformGetInfo
   <--- urPlatformGetInfo(.hPlatform = 0x2e40a810, .propName = UR_PLATFORM_INFO_VERSION, .propSize = 5, .pPropValue = 0x7ffc8103a3a8 (1.17), .pPropSizeRet = nullptr) -> UR_RESULT_SUCCESS;
   ---> urPlatformGetInfo
   <--- urPlatformGetInfo(.hPlatform = 0x2e40a810, .propName = UR_PLATFORM_INFO_NAME, .propSize = 0, .pPropValue = nullptr, .pPropSizeRet = 0x7ffc8103a240 (51)) -> UR_RESULT_SUCCESS;
   ---> urPlatformGetInfo
   <--- urPlatformGetInfo(.hPlatform = 0x2e40a810, .propName = UR_PLATFORM_INFO_NAME, .propSize = 51, .pPropValue = 0x2e40c710 (Intel(R) oneAPI Unified Runtime over Level-Zero V2), .pPropSizeRet = nullptr) -> UR_RESULT_SUCCESS;
   ---> urDeviceGetInfo
   <--- urDeviceGetInfo(.hDevice = 0x2e40c040, .propName = UR_DEVICE_INFO_TYPE, .propSize = 4, .pPropValue = 0x7ffc8103a31c (UR_DEVICE_TYPE_GPU), .pPropSizeRet = nullptr) -> UR_RESULT_SUCCESS;
   ---> urDeviceGetInfo
   <--- urDeviceGetInfo(.hDevice = 0x2e40c040, .propName = UR_DEVICE_INFO_VENDOR_ID, .propSize = 4, .pPropValue = 0x7ffc8103a398 (32902), .pPropSizeRet = nullptr) -> UR_RESULT_SUCCESS;
   ---> urDeviceGetInfo
   <--- urDeviceGetInfo(.hDevice = 0x2e40c040, .propName = UR_DEVICE_INFO_DRIVER_VERSION, .propSize = 0, .pPropValue = nullptr, .pPropSizeRet = 0x7ffc8103a240 (14)) -> UR_RESULT_SUCCESS;
   ---> urDeviceGetInfo
   <--- urDeviceGetInfo(.hDevice = 0x2e40c040, .propName = UR_DEVICE_INFO_DRIVER_VERSION, .propSize = 14, .pPropValue = 0x7ffc8103a368 (1.17.39395+14), .pPropSizeRet = nullptr) -> UR_RESULT_SUCCESS;
   ---> urPlatformGetInfo
   <--- urPlatformGetInfo(.hPlatform = 0x2e40a810, .propName = UR_PLATFORM_INFO_BACKEND, .propSize = 4, .pPropValue = 0x7ffc8103a55c (UR_BACKEND_LEVEL_ZERO), .pPropSizeRet = nullptr) -> UR_RESULT_SUCCESS;
   ---> urDeviceGetInfo
   <--- urDeviceGetInfo(.hDevice = 0x2e40c040, .propName = UR_DEVICE_INFO_TYPE, .propSize = 4, .pPropValue = 0x7ffc8103a554 (UR_DEVICE_TYPE_GPU), .pPropSizeRet = nullptr) -> UR_RESULT_SUCCESS;
   ---> urDeviceRelease
   <--- urDeviceRelease(.hDevice = 0x2e40c040) -> UR_RESULT_SUCCESS;
   ---> urDeviceGetInfo
   <--- urDeviceGetInfo(.hDevice = 0x2e40c040, .propName = UR_DEVICE_INFO_SUPPORTED_PARTITIONS, .propSize = 0, .pPropValue = nullptr, .pPropSizeRet = 0x7ffc8103a548 (0)) -> UR_RESULT_SUCCESS;
   ---> urDeviceGet
[2026-10-08 08:18:01.982] [thread-id: 136250334403776] [trace] zeDeviceGetRootDevice(hDevice, phRootDevice)
[2026-10-08 08:18:01.982] [thread-id: 136250334403776] [trace] SUCCESS (ZE_RESULT_SUCCESS) in zeDeviceGetRootDevice(hDevice=0x2e3f6f28, phRootDevice=0x7ffc8103a350)
   <--- urDeviceGet(.hPlatform = 0x2e40a810, .DeviceType = UR_DEVICE_TYPE_GPU, .NumEntries = 0, .phDevices = nullptr, .pNumDevices = 0x7ffc8103a77c (1)) -> UR_RESULT_SUCCESS;
   ---> urDeviceGet
[2026-10-08 08:18:01.982] [thread-id: 136250334403776] [trace] zeDeviceGetRootDevice(hDevice, phRootDevice)
[2026-10-08 08:18:01.982] [thread-id: 136250334403776] [trace] SUCCESS (ZE_RESULT_SUCCESS) in zeDeviceGetRootDevice(hDevice=0x2e3f6f28, phRootDevice=0x7ffc8103a350)
   <--- urDeviceGet(.hPlatform = 0x2e40a810, .DeviceType = UR_DEVICE_TYPE_GPU, .NumEntries = 1, .phDevices = 0x2e40cd20 {0x2e40c040}, .pNumDevices = nullptr) -> UR_RESULT_SUCCESS;
   ---> urPlatformGetInfo
   <--- urPlatformGetInfo(.hPlatform = 0x2e40a810, .propName = UR_PLATFORM_INFO_VERSION, .propSize = 0, .pPropValue = nullptr, .pPropSizeRet = 0x7ffc8103a350 (5)) -> UR_RESULT_SUCCESS;
   ---> urPlatformGetInfo
   <--- urPlatformGetInfo(.hPlatform = 0x2e40a810, .propName = UR_PLATFORM_INFO_VERSION, .propSize = 5, .pPropValue = 0x7ffc8103a4b8 (1.17), .pPropSizeRet = nullptr) -> UR_RESULT_SUCCESS;
   ---> urPlatformGetInfo
   <--- urPlatformGetInfo(.hPlatform = 0x2e40a810, .propName = UR_PLATFORM_INFO_NAME, .propSize = 0, .pPropValue = nullptr, .pPropSizeRet = 0x7ffc8103a350 (51)) -> UR_RESULT_SUCCESS;
   ---> urPlatformGetInfo
   <--- urPlatformGetInfo(.hPlatform = 0x2e40a810, .propName = UR_PLATFORM_INFO_NAME, .propSize = 51, .pPropValue = 0x2e40cc30 (Intel(R) oneAPI Unified Runtime over Level-Zero V2), .pPropSizeRet = nullptr) -> UR_RESULT_SUCCESS;
   ---> urDeviceGetInfo
   <--- urDeviceGetInfo(.hDevice = 0x2e40c040, .propName = UR_DEVICE_INFO_TYPE, .propSize = 4, .pPropValue = 0x7ffc8103a42c (UR_DEVICE_TYPE_GPU), .pPropSizeRet = nullptr) -> UR_RESULT_SUCCESS;
   ---> urDeviceGetInfo
   <--- urDeviceGetInfo(.hDevice = 0x2e40c040, .propName = UR_DEVICE_INFO_VENDOR_ID, .propSize = 4, .pPropValue = 0x7ffc8103a4a8 (32902), .pPropSizeRet = nullptr) -> UR_RESULT_SUCCESS;
   ---> urDeviceGetInfo
   <--- urDeviceGetInfo(.hDevice = 0x2e40c040, .propName = UR_DEVICE_INFO_DRIVER_VERSION, .propSize = 0, .pPropValue = nullptr, .pPropSizeRet = 0x7ffc8103a350 (14)) -> UR_RESULT_SUCCESS;
   ---> urDeviceGetInfo
   <--- urDeviceGetInfo(.hDevice = 0x2e40c040, .propName = UR_DEVICE_INFO_DRIVER_VERSION, .propSize = 14, .pPropValue = 0x7ffc8103a478 (1.17.39395+14), .pPropSizeRet = nullptr) -> UR_RESULT_SUCCESS;
   ---> urPlatformGetInfo
   <--- urPlatformGetInfo(.hPlatform = 0x2e40a810, .propName = UR_PLATFORM_INFO_BACKEND, .propSize = 4, .pPropValue = 0x7ffc8103a66c (UR_BACKEND_LEVEL_ZERO), .pPropSizeRet = nullptr) -> UR_RESULT_SUCCESS;
   ---> urDeviceGetInfo
   <--- urDeviceGetInfo(.hDevice = 0x2e40c040, .propName = UR_DEVICE_INFO_TYPE, .propSize = 4, .pPropValue = 0x7ffc8103a664 (UR_DEVICE_TYPE_GPU), .pPropSizeRet = nullptr) -> UR_RESULT_SUCCESS;
   ---> urDeviceRelease
   <--- urDeviceRelease(.hDevice = 0x2e40c040) -> UR_RESULT_SUCCESS;
   ---> urDeviceGetInfo
   <--- urDeviceGetInfo(.hDevice = 0x2e40c040, .propName = UR_DEVICE_INFO_SUPPORTED_PARTITIONS, .propSize = 0, .pPropValue = nullptr, .pPropSizeRet = 0x7ffc8103a658 (0)) -> UR_RESULT_SUCCESS;
   ---> urDeviceGetInfo
[2026-10-08 08:18:01.982] [thread-id: 136250334403776] [trace] zeDevicePciGetPropertiesExt(hDevice, pPciProperties)
[2026-10-08 08:18:01.982] [thread-id: 136250334403776] [trace] SUCCESS (ZE_RESULT_SUCCESS) in zeDevicePciGetPropertiesExt(hDevice=0x2e3f6f28, pPciProperties={stype=0x7ffc8103a320, address={domain=0, bus=5, device=0, function=0}, maxSpeed={genVersion=4, width=8, maxBandwidth=15753846153}})
   <--- urDeviceGetInfo(.hDevice = 0x2e40c040, .propName = UR_DEVICE_INFO_PCI_ADDRESS, .propSize = 0, .pPropValue = nullptr, .pPropSizeRet = 0x7ffc8103a798 (13)) -> UR_RESULT_SUCCESS;
   ---> urDeviceGetInfo
[2026-10-08 08:18:01.982] [thread-id: 136250334403776] [trace] zeDevicePciGetPropertiesExt(hDevice, pPciProperties)
[2026-10-08 08:18:01.982] [thread-id: 136250334403776] [trace] SUCCESS (ZE_RESULT_SUCCESS) in zeDevicePciGetPropertiesExt(hDevice=0x2e3f6f28, pPciProperties={stype=0x7ffc8103a430, address={domain=0, bus=5, device=0, function=0}, maxSpeed={genVersion=4, width=8, maxBandwidth=15753846153}})
   <--- urDeviceGetInfo(.hDevice = 0x2e40c040, .propName = UR_DEVICE_INFO_PCI_ADDRESS, .propSize = 0, .pPropValue = nullptr, .pPropSizeRet = 0x7ffc8103a8a0 (13)) -> UR_RESULT_SUCCESS;
   ---> urDeviceGetInfo
[2026-10-08 08:18:01.982] [thread-id: 136250334403776] [trace] zeDevicePciGetPropertiesExt(hDevice, pPciProperties)
[2026-10-08 08:18:01.982] [thread-id: 136250334403776] [trace] SUCCESS (ZE_RESULT_SUCCESS) in zeDevicePciGetPropertiesExt(hDevice=0x2e3f6f28, pPciProperties={stype=0x7ffc8103a430, address={domain=0, bus=5, device=0, function=0}, maxSpeed={genVersion=4, width=8, maxBandwidth=15753846153}})
   <--- urDeviceGetInfo(.hDevice = 0x2e40c040, .propName = UR_DEVICE_INFO_PCI_ADDRESS, .propSize = 13, .pPropValue = 0x7ffc8103a8f0 (0000:05:00.0), .pPropSizeRet = nullptr) -> UR_RESULT_SUCCESS;
   ---> urDeviceGet
[2026-10-08 08:18:01.982] [thread-id: 136250334403776] [trace] zeDeviceGetRootDevice(hDevice, phRootDevice)
[2026-10-08 08:18:01.982] [thread-id: 136250334403776] [trace] SUCCESS (ZE_RESULT_SUCCESS) in zeDeviceGetRootDevice(hDevice=0x2e3f6f28, phRootDevice=0x7ffc8103a250)
   <--- urDeviceGet(.hPlatform = 0x2e40a810, .DeviceType = UR_DEVICE_TYPE_ALL, .NumEntries = 0, .phDevices = nullptr, .pNumDevices = 0x7ffc8103a67c (1)) -> UR_RESULT_SUCCESS;
   ---> urDeviceGet
[2026-10-08 08:18:01.982] [thread-id: 136250334403776] [trace] zeDeviceGetRootDevice(hDevice, phRootDevice)
[2026-10-08 08:18:01.982] [thread-id: 136250334403776] [trace] SUCCESS (ZE_RESULT_SUCCESS) in zeDeviceGetRootDevice(hDevice=0x2e3f6f28, phRootDevice=0x7ffc8103a250)
   <--- urDeviceGet(.hPlatform = 0x2e40a810, .DeviceType = UR_DEVICE_TYPE_ALL, .NumEntries = 1, .phDevices = 0x2e40cd40 {0x2e40c040}, .pNumDevices = nullptr) -> UR_RESULT_SUCCESS;
   ---> urPlatformGetInfo
   <--- urPlatformGetInfo(.hPlatform = 0x2e40a810, .propName = UR_PLATFORM_INFO_VERSION, .propSize = 0, .pPropValue = nullptr, .pPropSizeRet = 0x7ffc8103a250 (5)) -> UR_RESULT_SUCCESS;
   ---> urPlatformGetInfo
   <--- urPlatformGetInfo(.hPlatform = 0x2e40a810, .propName = UR_PLATFORM_INFO_VERSION, .propSize = 5, .pPropValue = 0x7ffc8103a3b8 (1.17), .pPropSizeRet = nullptr) -> UR_RESULT_SUCCESS;
   ---> urPlatformGetInfo
   <--- urPlatformGetInfo(.hPlatform = 0x2e40a810, .propName = UR_PLATFORM_INFO_NAME, .propSize = 0, .pPropValue = nullptr, .pPropSizeRet = 0x7ffc8103a250 (51)) -> UR_RESULT_SUCCESS;
   ---> urPlatformGetInfo
   <--- urPlatformGetInfo(.hPlatform = 0x2e40a810, .propName = UR_PLATFORM_INFO_NAME, .propSize = 51, .pPropValue = 0x2e40cc30 (Intel(R) oneAPI Unified Runtime over Level-Zero V2), .pPropSizeRet = nullptr) -> UR_RESULT_SUCCESS;
   ---> urDeviceGetInfo
   <--- urDeviceGetInfo(.hDevice = 0x2e40c040, .propName = UR_DEVICE_INFO_TYPE, .propSize = 4, .pPropValue = 0x7ffc8103a32c (UR_DEVICE_TYPE_GPU), .pPropSizeRet = nullptr) -> UR_RESULT_SUCCESS;
   ---> urDeviceGetInfo
   <--- urDeviceGetInfo(.hDevice = 0x2e40c040, .propName = UR_DEVICE_INFO_VENDOR_ID, .propSize = 4, .pPropValue = 0x7ffc8103a3a8 (32902), .pPropSizeRet = nullptr) -> UR_RESULT_SUCCESS;
   ---> urDeviceGetInfo
   <--- urDeviceGetInfo(.hDevice = 0x2e40c040, .propName = UR_DEVICE_INFO_DRIVER_VERSION, .propSize = 0, .pPropValue = nullptr, .pPropSizeRet = 0x7ffc8103a250 (14)) -> UR_RESULT_SUCCESS;
   ---> urDeviceGetInfo
   <--- urDeviceGetInfo(.hDevice = 0x2e40c040, .propName = UR_DEVICE_INFO_DRIVER_VERSION, .propSize = 14, .pPropValue = 0x7ffc8103a378 (1.17.39395+14), .pPropSizeRet = nullptr) -> UR_RESULT_SUCCESS;
   ---> urPlatformGetInfo
   <--- urPlatformGetInfo(.hPlatform = 0x2e40a810, .propName = UR_PLATFORM_INFO_BACKEND, .propSize = 4, .pPropValue = 0x7ffc8103a56c (UR_BACKEND_LEVEL_ZERO), .pPropSizeRet = nullptr) -> UR_RESULT_SUCCESS;
   ---> urDeviceGetInfo
   <--- urDeviceGetInfo(.hDevice = 0x2e40c040, .propName = UR_DEVICE_INFO_TYPE, .propSize = 4, .pPropValue = 0x7ffc8103a564 (UR_DEVICE_TYPE_GPU), .pPropSizeRet = nullptr) -> UR_RESULT_SUCCESS;
   ---> urDeviceRelease
   <--- urDeviceRelease(.hDevice = 0x2e40c040) -> UR_RESULT_SUCCESS;
   ---> urDeviceGetInfo
   <--- urDeviceGetInfo(.hDevice = 0x2e40c040, .propName = UR_DEVICE_INFO_SUPPORTED_PARTITIONS, .propSize = 0, .pPropValue = nullptr, .pPropSizeRet = 0x7ffc8103a558 (0)) -> UR_RESULT_SUCCESS;
   ---> urDeviceGetInfo
[2026-10-08 08:18:01.983] [thread-id: 136250334403776] [trace] zeDeviceGetSubDevices(hDevice, pCount, phSubdevices)
[2026-10-08 08:18:01.983] [thread-id: 136250334403776] [trace] SUCCESS (ZE_RESULT_SUCCESS) in zeDeviceGetSubDevices(hDevice=0x2e3f6f28, pCount=0, phSubdevices=nullptr)
   <--- urDeviceGetInfo(.hDevice = 0x2e40c040, .propName = UR_DEVICE_INFO_COMPONENT_DEVICES, .propSize = 0, .pPropValue = nullptr, .pPropSizeRet = 0x7ffc8103a370 (0)) -> UR_RESULT_SUCCESS;
   ---> urContextCreate
[2026-10-08 08:18:01.983] [thread-id: 136250334403776] [trace] zeContextCreate(hDriver, desc, phContext)
[2026-10-08 08:18:01.983] [thread-id: 136250334403776] [trace] SUCCESS (ZE_RESULT_SUCCESS) in zeContextCreate(hDriver=0x2e3f69c8, desc={stype=0x7ffc8103a2a0, flags=0}, phContext=0x2e40d738)
[2026-10-08 08:18:01.983] [thread-id: 136250334403776] [trace] zeMemAllocHost(hContext, host_desc, size, alignment, pptr)
[2026-10-08 08:18:01.983] [thread-id: 136250334403776] [trace] SUCCESS (ZE_RESULT_SUCCESS) in zeMemAllocHost(hContext=0x2e40d738, host_desc={stype=0x7ffc81039d20, flags=0}, size=1, alignment=0, pptr=0x7beb2e5ffe00)
[2026-10-08 08:18:01.983] [thread-id: 136250334403776] [trace] zeMemGetAllocProperties(hContext, ptr, pMemAllocProperties, phDevice)
[2026-10-08 08:18:01.983] [thread-id: 136250334403776] [trace] SUCCESS (ZE_RESULT_SUCCESS) in zeMemGetAllocProperties(hContext=0x2e40d738, ptr=0x7beb2e5ffe00, pMemAllocProperties={stype=0x7ffc81039d20, type=0x7ffc81039d30, id=1, pageSize=2097152}, phDevice=nullptr)
[2026-10-08 08:18:01.983] [thread-id: 136250334403776] [trace] zeMemFreeExt(hContext, pMemFreeDesc, ptr)
[2026-10-08 08:18:01.983] [thread-id: 136250334403776] [trace] SUCCESS (ZE_RESULT_SUCCESS) in zeMemFreeExt(hContext=0x2e40d738, pMemFreeDesc={stype=0x7ffc81039d00, freePolicy=1}, ptr=0x7beb2e5ffe00)
[2026-10-08 08:18:01.983] [thread-id: 136250334403776] [trace] zeDeviceGetProperties(hDevice, pDeviceProperties)
[2026-10-08 08:18:01.983] [thread-id: 136250334403776] [trace] SUCCESS (ZE_RESULT_SUCCESS) in zeDeviceGetProperties(hDevice=0x2e3f6f28, pDeviceProperties={stype=0x7beb2e9b7068, type=0x7beb2e9b7078, vendorId=32902, deviceId=57868, flags=8, subdeviceId=0, coreClockRate=2750, maxMemAllocSize=10132807680, maxHardwareContexts=65536, maxCommandQueuePriority=0, numThreadsPerEU=8, physicalEUSimdWidth=16, numEUsPerSubslice=8, numSubslicesPerSlice=4, numSlices=5, timerResolution=52, timestampValidBits=64, kernelTimestampValidBits=64, uuid={id=134}, name="Intel(R) Arc(TM) B570 Graphics"})
[2026-10-08 08:18:01.983] [thread-id: 136250334403776] [trace] zeMemAllocDevice(hContext, device_desc, size, alignment, hDevice, pptr)
[2026-10-08 08:18:01.983] [thread-id: 136250334403776] [trace] SUCCESS (ZE_RESULT_SUCCESS) in zeMemAllocDevice(hContext=0x2e40d738, device_desc={stype=0x7ffc81039ce0, flags=0, ordinal=0}, size=1, alignment=0, hDevice=0x2e3f6f28, pptr=0xffffffffff9ffe00)
[2026-10-08 08:18:01.983] [thread-id: 136250334403776] [trace] zeContextMakeMemoryResident(hContext, hDevice, ptr, size)
[2026-10-08 08:18:01.984] [thread-id: 136250334403776] [trace] SUCCESS (ZE_RESULT_SUCCESS) in zeContextMakeMemoryResident(hContext=0x2e40d738, hDevice=0x2e3f6f28, ptr=0xffffffffff9ffe00, size=1)
[2026-10-08 08:18:01.984] [thread-id: 136250334403776] [trace] zeMemGetAllocProperties(hContext, ptr, pMemAllocProperties, phDevice)
[2026-10-08 08:18:01.984] [thread-id: 136250334403776] [trace] SUCCESS (ZE_RESULT_SUCCESS) in zeMemGetAllocProperties(hContext=0x2e40d738, ptr=0xffffffffff9ffe00, pMemAllocProperties={stype=0x7ffc81039d20, type=0x7ffc81039d30, id=3, pageSize=65536}, phDevice=nullptr)
[2026-10-08 08:18:01.984] [thread-id: 136250334403776] [trace] zeMemFreeExt(hContext, pMemFreeDesc, ptr)
[2026-10-08 08:18:01.984] [thread-id: 136250334403776] [trace] SUCCESS (ZE_RESULT_SUCCESS) in zeMemFreeExt(hContext=0x2e40d738, pMemFreeDesc={stype=0x7ffc81039d00, freePolicy=1}, ptr=0xffffffffff9ffe00)
[2026-10-08 08:18:01.984] [thread-id: 136250334403776] [trace] zeDeviceGetProperties(hDevice, pDeviceProperties)
[2026-10-08 08:18:01.984] [thread-id: 136250334403776] [trace] SUCCESS (ZE_RESULT_SUCCESS) in zeDeviceGetProperties(hDevice=0x2e3f6f28, pDeviceProperties={stype=0x7beb2e9af068, type=0x7beb2e9af078, vendorId=32902, deviceId=57868, flags=8, subdeviceId=0, coreClockRate=2750, maxMemAllocSize=10132807680, maxHardwareContexts=65536, maxCommandQueuePriority=0, numThreadsPerEU=8, physicalEUSimdWidth=16, numEUsPerSubslice=8, numSubslicesPerSlice=4, numSlices=5, timerResolution=52, timestampValidBits=64, kernelTimestampValidBits=64, uuid={id=134}, name="Intel(R) Arc(TM) B570 Graphics"})
[2026-10-08 08:18:01.984] [thread-id: 136250334403776] [trace] zeMemAllocShared(hContext, device_desc, host_desc, size, alignment, hDevice, pptr)
[2026-10-08 08:18:01.984] [thread-id: 136250334403776] [trace] SUCCESS (ZE_RESULT_SUCCESS) in zeMemAllocShared(hContext=0x2e40d738, device_desc={stype=0x7ffc81039d20, flags=0, ordinal=0}, host_desc={stype=0x7ffc81039d00, flags=0}, size=1, alignment=0, hDevice=0x2e3f6f28, pptr=0x7beb2e630000)
[2026-10-08 08:18:01.984] [thread-id: 136250334403776] [trace] zeMemGetAllocProperties(hContext, ptr, pMemAllocProperties, phDevice)
[2026-10-08 08:18:01.984] [thread-id: 136250334403776] [trace] SUCCESS (ZE_RESULT_SUCCESS) in zeMemGetAllocProperties(hContext=0x2e40d738, ptr=0x7beb2e630000, pMemAllocProperties={stype=0x7ffc81039d20, type=0x7ffc81039d30, id=5, pageSize=65536}, phDevice=nullptr)
[2026-10-08 08:18:01.984] [thread-id: 136250334403776] [trace] zeMemFreeExt(hContext, pMemFreeDesc, ptr)
[2026-10-08 08:18:01.984] [thread-id: 136250334403776] [trace] SUCCESS (ZE_RESULT_SUCCESS) in zeMemFreeExt(hContext=0x2e40d738, pMemFreeDesc={stype=0x7ffc81039d00, freePolicy=1}, ptr=0x7beb2e630000)
[2026-10-08 08:18:01.984] [thread-id: 136250334403776] [trace] zeDeviceGetProperties(hDevice, pDeviceProperties)
[2026-10-08 08:18:01.984] [thread-id: 136250334403776] [trace] SUCCESS (ZE_RESULT_SUCCESS) in zeDeviceGetProperties(hDevice=0x2e3f6f28, pDeviceProperties={stype=0x7beb2e641068, type=0x7beb2e641078, vendorId=32902, deviceId=57868, flags=8, subdeviceId=0, coreClockRate=2750, maxMemAllocSize=10132807680, maxHardwareContexts=65536, maxCommandQueuePriority=0, numThreadsPerEU=8, physicalEUSimdWidth=16, numEUsPerSubslice=8, numSubslicesPerSlice=4, numSlices=5, timerResolution=52, timestampValidBits=64, kernelTimestampValidBits=64, uuid={id=134}, name="Intel(R) Arc(TM) B570 Graphics"})
[2026-10-08 08:18:01.984] [thread-id: 136250334403776] [trace] zeMemAllocShared(hContext, device_desc, host_desc, size, alignment, hDevice, pptr)
[2026-10-08 08:18:01.985] [thread-id: 136250334403776] [trace] SUCCESS (ZE_RESULT_SUCCESS) in zeMemAllocShared(hContext=0x2e40d738, device_desc={stype=0x7ffc81039d20, flags=0, ordinal=0}, host_desc={stype=0x7ffc81039d00, flags=0}, size=1, alignment=0, hDevice=0x2e3f6f28, pptr=0x7beb2e630000)
[2026-10-08 08:18:01.985] [thread-id: 136250334403776] [trace] zeMemGetAllocProperties(hContext, ptr, pMemAllocProperties, phDevice)
[2026-10-08 08:18:01.985] [thread-id: 136250334403776] [trace] SUCCESS (ZE_RESULT_SUCCESS) in zeMemGetAllocProperties(hContext=0x2e40d738, ptr=0x7beb2e630000, pMemAllocProperties={stype=0x7ffc81039d20, type=0x7ffc81039d30, id=6, pageSize=65536}, phDevice=nullptr)
[2026-10-08 08:18:01.985] [thread-id: 136250334403776] [trace] zeMemFreeExt(hContext, pMemFreeDesc, ptr)
[2026-10-08 08:18:01.985] [thread-id: 136250334403776] [trace] SUCCESS (ZE_RESULT_SUCCESS) in zeMemFreeExt(hContext=0x2e40d738, pMemFreeDesc={stype=0x7ffc81039d00, freePolicy=1}, ptr=0x7beb2e630000)
[2026-10-08 08:18:01.985] [thread-id: 136250334403776] [trace] zeMemAllocHost(hContext, host_desc, size, alignment, pptr)
[2026-10-08 08:18:01.985] [thread-id: 136250334403776] [trace] SUCCESS (ZE_RESULT_SUCCESS) in zeMemAllocHost(hContext=0x2e40d738, host_desc={stype=0x7ffc81039d20, flags=0}, size=1, alignment=0, pptr=0x7beb2e5ffe00)
[2026-10-08 08:18:01.985] [thread-id: 136250334403776] [trace] zeMemGetAllocProperties(hContext, ptr, pMemAllocProperties, phDevice)
[2026-10-08 08:18:01.985] [thread-id: 136250334403776] [trace] SUCCESS (ZE_RESULT_SUCCESS) in zeMemGetAllocProperties(hContext=0x2e40d738, ptr=0x7beb2e5ffe00, pMemAllocProperties={stype=0x7ffc81039d20, type=0x7ffc81039d30, id=1, pageSize=2097152}, phDevice=nullptr)
[2026-10-08 08:18:01.985] [thread-id: 136250334403776] [trace] zeMemFreeExt(hContext, pMemFreeDesc, ptr)
[2026-10-08 08:18:01.985] [thread-id: 136250334403776] [trace] SUCCESS (ZE_RESULT_SUCCESS) in zeMemFreeExt(hContext=0x2e40d738, pMemFreeDesc={stype=0x7ffc81039d00, freePolicy=1}, ptr=0x7beb2e5ffe00)
[2026-10-08 08:18:01.985] [thread-id: 136250334403776] [trace] zeDeviceGetProperties(hDevice, pDeviceProperties)
[2026-10-08 08:18:01.985] [thread-id: 136250334403776] [trace] SUCCESS (ZE_RESULT_SUCCESS) in zeDeviceGetProperties(hDevice=0x2e3f6f28, pDeviceProperties={stype=0x7beb2e639068, type=0x7beb2e639078, vendorId=32902, deviceId=57868, flags=8, subdeviceId=0, coreClockRate=2750, maxMemAllocSize=10132807680, maxHardwareContexts=65536, maxCommandQueuePriority=0, numThreadsPerEU=8, physicalEUSimdWidth=16, numEUsPerSubslice=8, numSubslicesPerSlice=4, numSlices=5, timerResolution=52, timestampValidBits=64, kernelTimestampValidBits=64, uuid={id=134}, name="Intel(R) Arc(TM) B570 Graphics"})
[2026-10-08 08:18:01.985] [thread-id: 136250334403776] [trace] zeMemAllocDevice(hContext, device_desc, size, alignment, hDevice, pptr)
[2026-10-08 08:18:01.985] [thread-id: 136250334403776] [trace] SUCCESS (ZE_RESULT_SUCCESS) in zeMemAllocDevice(hContext=0x2e40d738, device_desc={stype=0x7ffc81039ce0, flags=0, ordinal=0}, size=1, alignment=0, hDevice=0x2e3f6f28, pptr=0xffffffffff9ffe00)
[2026-10-08 08:18:01.985] [thread-id: 136250334403776] [trace] zeContextMakeMemoryResident(hContext, hDevice, ptr, size)
[2026-10-08 08:18:01.985] [thread-id: 136250334403776] [trace] SUCCESS (ZE_RESULT_SUCCESS) in zeContextMakeMemoryResident(hContext=0x2e40d738, hDevice=0x2e3f6f28, ptr=0xffffffffff9ffe00, size=1)
[2026-10-08 08:18:01.985] [thread-id: 136250334403776] [trace] zeMemGetAllocProperties(hContext, ptr, pMemAllocProperties, phDevice)
[2026-10-08 08:18:01.985] [thread-id: 136250334403776] [trace] SUCCESS (ZE_RESULT_SUCCESS) in zeMemGetAllocProperties(hContext=0x2e40d738, ptr=0xffffffffff9ffe00, pMemAllocProperties={stype=0x7ffc81039d20, type=0x7ffc81039d30, id=3, pageSize=65536}, phDevice=nullptr)
[2026-10-08 08:18:01.985] [thread-id: 136250334403776] [trace] zeMemFreeExt(hContext, pMemFreeDesc, ptr)
[2026-10-08 08:18:01.985] [thread-id: 136250334403776] [trace] SUCCESS (ZE_RESULT_SUCCESS) in zeMemFreeExt(hContext=0x2e40d738, pMemFreeDesc={stype=0x7ffc81039d00, freePolicy=1}, ptr=0xffffffffff9ffe00)
[2026-10-08 08:18:01.985] [thread-id: 136250334403776] [trace] zeDeviceGetProperties(hDevice, pDeviceProperties)
[2026-10-08 08:18:01.985] [thread-id: 136250334403776] [trace] SUCCESS (ZE_RESULT_SUCCESS) in zeDeviceGetProperties(hDevice=0x2e3f6f28, pDeviceProperties={stype=0x7beb2e62c068, type=0x7beb2e62c078, vendorId=32902, deviceId=57868, flags=8, subdeviceId=0, coreClockRate=2750, maxMemAllocSize=10132807680, maxHardwareContexts=65536, maxCommandQueuePriority=0, numThreadsPerEU=8, physicalEUSimdWidth=16, numEUsPerSubslice=8, numSubslicesPerSlice=4, numSlices=5, timerResolution=52, timestampValidBits=64, kernelTimestampValidBits=64, uuid={id=134}, name="Intel(R) Arc(TM) B570 Graphics"})
[2026-10-08 08:18:01.985] [thread-id: 136250334403776] [trace] zeMemAllocShared(hContext, device_desc, host_desc, size, alignment, hDevice, pptr)
[2026-10-08 08:18:01.985] [thread-id: 136250334403776] [trace] SUCCESS (ZE_RESULT_SUCCESS) in zeMemAllocShared(hContext=0x2e40d738, device_desc={stype=0x7ffc81039d20, flags=0, ordinal=0}, host_desc={stype=0x7ffc81039d00, flags=0}, size=1, alignment=0, hDevice=0x2e3f6f28, pptr=0x7beb2e610000)
[2026-10-08 08:18:01.985] [thread-id: 136250334403776] [trace] zeMemGetAllocProperties(hContext, ptr, pMemAllocProperties, phDevice)
[2026-10-08 08:18:01.986] [thread-id: 136250334403776] [trace] SUCCESS (ZE_RESULT_SUCCESS) in zeMemGetAllocProperties(hContext=0x2e40d738, ptr=0x7beb2e610000, pMemAllocProperties={stype=0x7ffc81039d20, type=0x7ffc81039d30, id=9, pageSize=65536}, phDevice=nullptr)
[2026-10-08 08:18:01.986] [thread-id: 136250334403776] [trace] zeMemFreeExt(hContext, pMemFreeDesc, ptr)
[2026-10-08 08:18:01.986] [thread-id: 136250334403776] [trace] SUCCESS (ZE_RESULT_SUCCESS) in zeMemFreeExt(hContext=0x2e40d738, pMemFreeDesc={stype=0x7ffc81039d00, freePolicy=1}, ptr=0x7beb2e610000)
[2026-10-08 08:18:01.986] [thread-id: 136250334403776] [trace] zeDeviceGetProperties(hDevice, pDeviceProperties)
[2026-10-08 08:18:01.986] [thread-id: 136250334403776] [trace] SUCCESS (ZE_RESULT_SUCCESS) in zeDeviceGetProperties(hDevice=0x2e3f6f28, pDeviceProperties={stype=0x7beb2e628068, type=0x7beb2e628078, vendorId=32902, deviceId=57868, flags=8, subdeviceId=0, coreClockRate=2750, maxMemAllocSize=10132807680, maxHardwareContexts=65536, maxCommandQueuePriority=0, numThreadsPerEU=8, physicalEUSimdWidth=16, numEUsPerSubslice=8, numSubslicesPerSlice=4, numSlices=5, timerResolution=52, timestampValidBits=64, kernelTimestampValidBits=64, uuid={id=134}, name="Intel(R) Arc(TM) B570 Graphics"})
[2026-10-08 08:18:01.986] [thread-id: 136250334403776] [trace] zeMemAllocShared(hContext, device_desc, host_desc, size, alignment, hDevice, pptr)
[2026-10-08 08:18:01.986] [thread-id: 136250334403776] [trace] SUCCESS (ZE_RESULT_SUCCESS) in zeMemAllocShared(hContext=0x2e40d738, device_desc={stype=0x7ffc81039d20, flags=0, ordinal=0}, host_desc={stype=0x7ffc81039d00, flags=0}, size=1, alignment=0, hDevice=0x2e3f6f28, pptr=0x7beb2e610000)
[2026-10-08 08:18:01.986] [thread-id: 136250334403776] [trace] zeMemGetAllocProperties(hContext, ptr, pMemAllocProperties, phDevice)
[2026-10-08 08:18:01.986] [thread-id: 136250334403776] [trace] SUCCESS (ZE_RESULT_SUCCESS) in zeMemGetAllocProperties(hContext=0x2e40d738, ptr=0x7beb2e610000, pMemAllocProperties={stype=0x7ffc81039d20, type=0x7ffc81039d30, id=10, pageSize=65536}, phDevice=nullptr)
[2026-10-08 08:18:01.986] [thread-id: 136250334403776] [trace] zeMemFreeExt(hContext, pMemFreeDesc, ptr)
[2026-10-08 08:18:01.986] [thread-id: 136250334403776] [trace] SUCCESS (ZE_RESULT_SUCCESS) in zeMemFreeExt(hContext=0x2e40d738, pMemFreeDesc={stype=0x7ffc81039d00, freePolicy=1}, ptr=0x7beb2e610000)
   <--- urContextCreate(.DeviceCount = 1, .phDevices = 0x2e40cce0 {0x2e40c040}, .pProperties = nullptr, .phContext = 0x2e40ec40 (0x2e410b90)) -> UR_RESULT_SUCCESS;
   ---> urQueueCreate
<LEVEL_ZERO>[INFO]: Copy offload is disabled by the environment variable.
<LEVEL_ZERO>[DEBUG]: create command list ordinal: 0, type: immediate, device: 0x2e3f6f28, inOrder: 1
[2026-10-08 08:18:01.986] [thread-id: 136250334403776] [trace] zeCommandListCreateImmediate(hContext, hDevice, altdesc, phCommandList)
[2026-10-08 08:18:01.987] [thread-id: 136250334403776] [trace] SUCCESS (ZE_RESULT_SUCCESS) in zeCommandListCreateImmediate(hContext=0x2e40d738, hDevice=0x2e3f6f28, altdesc={stype=0x7ffc8103a220, ordinal=0, index=0, flags=2, mode=0x7ffc8103a23c, priority=0x7ffc8103a240}, phCommandList=0x2e414d88)
[2026-10-08 08:18:01.987] [thread-id: 136250334403776] [trace] zeDriverGetExtensionFunctionAddress(hDriver, name, ppFunctionAddress)
[2026-10-08 08:18:01.987] [thread-id: 136250334403776] [trace] SUCCESS (ZE_RESULT_SUCCESS) in zeDriverGetExtensionFunctionAddress(hDriver=0x2e3f69c8, name="zexCounterBasedEventCreate2", ppFunctionAddress=0x7beb3cb02c00)
   <--- urQueueCreate(.hContext = 0x2e410b90, .hDevice = 0x2e40c040, .pProperties = 0x7ffc8103a800 ((struct ur_queue_properties_t){.stype = UR_STRUCTURE_TYPE_QUEUE_PROPERTIES, .pNext = nullptr, .flags = 0}), .phQueue = 0x7ffc8103a818 (0x2e4140a0)) -> UR_RESULT_SUCCESS;
   ---> urDeviceGetInfo
[2026-10-08 08:18:01.988] [thread-id: 136250334403776] [trace] zeDeviceGetMemoryAccessProperties(hDevice, pMemAccessProperties)
[2026-10-08 08:18:01.988] [thread-id: 136250334403776] [trace] SUCCESS (ZE_RESULT_SUCCESS) in zeDeviceGetMemoryAccessProperties(hDevice=0x2e3f6f28, pMemAccessProperties={stype=0x2e40c420, hostAllocCapabilities=3, deviceAllocCapabilities=3, sharedSingleDeviceAllocCapabilities=3, sharedCrossDeviceAllocCapabilities=0, sharedSystemAllocCapabilities=15})
   <--- urDeviceGetInfo(.hDevice = 0x2e40c040, .propName = UR_DEVICE_INFO_USM_DEVICE_SUPPORT, .propSize = 4, .pPropValue = 0x7ffc8103a664 (UR_DEVICE_USM_ACCESS_CAPABILITY_FLAG_ACCESS | UR_DEVICE_USM_ACCESS_CAPABILITY_FLAG_ATOMIC_ACCESS), .pPropSizeRet = nullptr) -> UR_RESULT_SUCCESS;
   ---> urUSMDeviceAlloc
[2026-10-08 08:18:01.988] [thread-id: 136250334403776] [trace] zeMemAllocDevice(hContext, device_desc, size, alignment, hDevice, pptr)
[2026-10-08 08:18:01.988] [thread-id: 136250334403776] [trace] SUCCESS (ZE_RESULT_SUCCESS) in zeMemAllocDevice(hContext=0x2e40d738, device_desc={stype=0x7ffc8103a270, flags=0, ordinal=0}, size=65536, alignment=0, hDevice=0x2e3f6f28, pptr=0xffffffffff600000)
[2026-10-08 08:18:01.988] [thread-id: 136250334403776] [trace] zeContextMakeMemoryResident(hContext, hDevice, ptr, size)
[2026-10-08 08:18:01.988] [thread-id: 136250334403776] [trace] SUCCESS (ZE_RESULT_SUCCESS) in zeContextMakeMemoryResident(hContext=0x2e40d738, hDevice=0x2e3f6f28, ptr=0xffffffffff600000, size=65536)
   <--- urUSMDeviceAlloc(.hContext = 0x2e410b90, .hDevice = 0x2e40c040, .pUSMDesc = 0x7ffc8103a7d0 ((struct ur_usm_desc_t){.stype = UR_STRUCTURE_TYPE_CONTEXT_PROPERTIES, .pNext = nullptr, .hints = 0, .align = 4}), .pool = nullptr, .size = 65536, .ppMem = 0x7ffc8103a7e8 (0xffffffffff600000)) -> UR_RESULT_SUCCESS;
   ---> urEnqueueUSMMemcpy
<LEVEL_ZERO>[DEBUG]: ze_event_pool_desc_t flags set to: 1
[2026-10-08 08:18:01.988] [thread-id: 136250334403776] [trace] zexCounterBasedEventCreate2(hContext, hDevice, desc, phEvent)
[2026-10-08 08:18:01.988] [thread-id: 136250334403776] [trace] SUCCESS (ZE_RESULT_SUCCESS) in zexCounterBasedEventCreate2(hContext=0x2e40d738, hDevice=0x2e3f6f28, desc=0x7ffc8103a220, phEvent=0x2e445a68)
<LEVEL_ZERO>[DEBUG]: ze_event_pool_desc_t flags set to: 1
[2026-10-08 08:18:01.988] [thread-id: 136250334403776] [trace] zexCounterBasedEventCreate2(hContext, hDevice, desc, phEvent)
[2026-10-08 08:18:01.988] [thread-id: 136250334403776] [trace] SUCCESS (ZE_RESULT_SUCCESS) in zexCounterBasedEventCreate2(hContext=0x2e40d738, hDevice=0x2e3f6f28, desc=0x7ffc8103a220, phEvent=0x2e445e08)
<LEVEL_ZERO>[DEBUG]: ze_event_pool_desc_t flags set to: 1
[2026-10-08 08:18:01.988] [thread-id: 136250334403776] [trace] zexCounterBasedEventCreate2(hContext, hDevice, desc, phEvent)
[2026-10-08 08:18:01.988] [thread-id: 136250334403776] [trace] SUCCESS (ZE_RESULT_SUCCESS) in zexCounterBasedEventCreate2(hContext=0x2e40d738, hDevice=0x2e3f6f28, desc=0x7ffc8103a220, phEvent=0x2e446528)
<LEVEL_ZERO>[DEBUG]: ze_event_pool_desc_t flags set to: 1
[2026-10-08 08:18:01.988] [thread-id: 136250334403776] [trace] zexCounterBasedEventCreate2(hContext, hDevice, desc, phEvent)
[2026-10-08 08:18:01.988] [thread-id: 136250334403776] [trace] SUCCESS (ZE_RESULT_SUCCESS) in zexCounterBasedEventCreate2(hContext=0x2e40d738, hDevice=0x2e3f6f28, desc=0x7ffc8103a220, phEvent=0x2e446a68)
<LEVEL_ZERO>[DEBUG]: ze_event_pool_desc_t flags set to: 1
[2026-10-08 08:18:01.988] [thread-id: 136250334403776] [trace] zexCounterBasedEventCreate2(hContext, hDevice, desc, phEvent)
[2026-10-08 08:18:01.988] [thread-id: 136250334403776] [trace] SUCCESS (ZE_RESULT_SUCCESS) in zexCounterBasedEventCreate2(hContext=0x2e40d738, hDevice=0x2e3f6f28, desc=0x7ffc8103a220, phEvent=0x2e447168)
<LEVEL_ZERO>[DEBUG]: ze_event_pool_desc_t flags set to: 1
[2026-10-08 08:18:01.988] [thread-id: 136250334403776] [trace] zexCounterBasedEventCreate2(hContext, hDevice, desc, phEvent)
[2026-10-08 08:18:01.988] [thread-id: 136250334403776] [trace] SUCCESS (ZE_RESULT_SUCCESS) in zexCounterBasedEventCreate2(hContext=0x2e40d738, hDevice=0x2e3f6f28, desc=0x7ffc8103a220, phEvent=0x2e4476c8)
<LEVEL_ZERO>[DEBUG]: ze_event_pool_desc_t flags set to: 1
[2026-10-08 08:18:01.988] [thread-id: 136250334403776] [trace] zexCounterBasedEventCreate2(hContext, hDevice, desc, phEvent)
[2026-10-08 08:18:01.988] [thread-id: 136250334403776] [trace] SUCCESS (ZE_RESULT_SUCCESS) in zexCounterBasedEventCreate2(hContext=0x2e40d738, hDevice=0x2e3f6f28, desc=0x7ffc8103a220, phEvent=0x2e447dc8)
<LEVEL_ZERO>[DEBUG]: ze_event_pool_desc_t flags set to: 1
[2026-10-08 08:18:01.988] [thread-id: 136250334403776] [trace] zexCounterBasedEventCreate2(hContext, hDevice, desc, phEvent)
[2026-10-08 08:18:01.988] [thread-id: 136250334403776] [trace] SUCCESS (ZE_RESULT_SUCCESS) in zexCounterBasedEventCreate2(hContext=0x2e40d738, hDevice=0x2e3f6f28, desc=0x7ffc8103a220, phEvent=0x2e4482d8)
<LEVEL_ZERO>[DEBUG]: ze_event_pool_desc_t flags set to: 1
[2026-10-08 08:18:01.988] [thread-id: 136250334403776] [trace] zexCounterBasedEventCreate2(hContext, hDevice, desc, phEvent)
[2026-10-08 08:18:01.988] [thread-id: 136250334403776] [trace] SUCCESS (ZE_RESULT_SUCCESS) in zexCounterBasedEventCreate2(hContext=0x2e40d738, hDevice=0x2e3f6f28, desc=0x7ffc8103a220, phEvent=0x2e4489d8)
<LEVEL_ZERO>[DEBUG]: ze_event_pool_desc_t flags set to: 1
[2026-10-08 08:18:01.988] [thread-id: 136250334403776] [trace] zexCounterBasedEventCreate2(hContext, hDevice, desc, phEvent)
[2026-10-08 08:18:01.988] [thread-id: 136250334403776] [trace] SUCCESS (ZE_RESULT_SUCCESS) in zexCounterBasedEventCreate2(hContext=0x2e40d738, hDevice=0x2e3f6f28, desc=0x7ffc8103a220, phEvent=0x2e448ee8)
<LEVEL_ZERO>[DEBUG]: ze_event_pool_desc_t flags set to: 1
[2026-10-08 08:18:01.988] [thread-id: 136250334403776] [trace] zexCounterBasedEventCreate2(hContext, hDevice, desc, phEvent)
[2026-10-08 08:18:01.988] [thread-id: 136250334403776] [trace] SUCCESS (ZE_RESULT_SUCCESS) in zexCounterBasedEventCreate2(hContext=0x2e40d738, hDevice=0x2e3f6f28, desc=0x7ffc8103a220, phEvent=0x2e4495e8)
<LEVEL_ZERO>[DEBUG]: ze_event_pool_desc_t flags set to: 1
[2026-10-08 08:18:01.988] [thread-id: 136250334403776] [trace] zexCounterBasedEventCreate2(hContext, hDevice, desc, phEvent)
[2026-10-08 08:18:01.988] [thread-id: 136250334403776] [trace] SUCCESS (ZE_RESULT_SUCCESS) in zexCounterBasedEventCreate2(hContext=0x2e40d738, hDevice=0x2e3f6f28, desc=0x7ffc8103a220, phEvent=0x2e449b98)
<LEVEL_ZERO>[DEBUG]: ze_event_pool_desc_t flags set to: 1
[2026-10-08 08:18:01.988] [thread-id: 136250334403776] [trace] zexCounterBasedEventCreate2(hContext, hDevice, desc, phEvent)
[2026-10-08 08:18:01.988] [thread-id: 136250334403776] [trace] SUCCESS (ZE_RESULT_SUCCESS) in zexCounterBasedEventCreate2(hContext=0x2e40d738, hDevice=0x2e3f6f28, desc=0x7ffc8103a220, phEvent=0x2e44a298)
<LEVEL_ZERO>[DEBUG]: ze_event_pool_desc_t flags set to: 1
[2026-10-08 08:18:01.988] [thread-id: 136250334403776] [trace] zexCounterBasedEventCreate2(hContext, hDevice, desc, phEvent)
[2026-10-08 08:18:01.988] [thread-id: 136250334403776] [trace] SUCCESS (ZE_RESULT_SUCCESS) in zexCounterBasedEventCreate2(hContext=0x2e40d738, hDevice=0x2e3f6f28, desc=0x7ffc8103a220, phEvent=0x2e44a7a8)
<LEVEL_ZERO>[DEBUG]: ze_event_pool_desc_t flags set to: 1
[2026-10-08 08:18:01.988] [thread-id: 136250334403776] [trace] zexCounterBasedEventCreate2(hContext, hDevice, desc, phEvent)
[2026-10-08 08:18:01.988] [thread-id: 136250334403776] [trace] SUCCESS (ZE_RESULT_SUCCESS) in zexCounterBasedEventCreate2(hContext=0x2e40d738, hDevice=0x2e3f6f28, desc=0x7ffc8103a220, phEvent=0x2e44aea8)
<LEVEL_ZERO>[DEBUG]: ze_event_pool_desc_t flags set to: 1
[2026-10-08 08:18:01.988] [thread-id: 136250334403776] [trace] zexCounterBasedEventCreate2(hContext, hDevice, desc, phEvent)
[2026-10-08 08:18:01.988] [thread-id: 136250334403776] [trace] SUCCESS (ZE_RESULT_SUCCESS) in zexCounterBasedEventCreate2(hContext=0x2e40d738, hDevice=0x2e3f6f28, desc=0x7ffc8103a220, phEvent=0x2e44b3b8)
<LEVEL_ZERO>[DEBUG]: ze_event_pool_desc_t flags set to: 1
[2026-10-08 08:18:01.988] [thread-id: 136250334403776] [trace] zexCounterBasedEventCreate2(hContext, hDevice, desc, phEvent)
[2026-10-08 08:18:01.988] [thread-id: 136250334403776] [trace] SUCCESS (ZE_RESULT_SUCCESS) in zexCounterBasedEventCreate2(hContext=0x2e40d738, hDevice=0x2e3f6f28, desc=0x7ffc8103a220, phEvent=0x2e44bab8)
<LEVEL_ZERO>[DEBUG]: ze_event_pool_desc_t flags set to: 1
[2026-10-08 08:18:01.988] [thread-id: 136250334403776] [trace] zexCounterBasedEventCreate2(hContext, hDevice, desc, phEvent)
[2026-10-08 08:18:01.988] [thread-id: 136250334403776] [trace] SUCCESS (ZE_RESULT_SUCCESS) in zexCounterBasedEventCreate2(hContext=0x2e40d738, hDevice=0x2e3f6f28, desc=0x7ffc8103a220, phEvent=0x2e44c0d8)
<LEVEL_ZERO>[DEBUG]: ze_event_pool_desc_t flags set to: 1
[2026-10-08 08:18:01.988] [thread-id: 136250334403776] [trace] zexCounterBasedEventCreate2(hContext, hDevice, desc, phEvent)
[2026-10-08 08:18:01.988] [thread-id: 136250334403776] [trace] SUCCESS (ZE_RESULT_SUCCESS) in zexCounterBasedEventCreate2(hContext=0x2e40d738, hDevice=0x2e3f6f28, desc=0x7ffc8103a220, phEvent=0x2e44c7d8)
<LEVEL_ZERO>[DEBUG]: ze_event_pool_desc_t flags set to: 1
[2026-10-08 08:18:01.989] [thread-id: 136250334403776] [trace] zexCounterBasedEventCreate2(hContext, hDevice, desc, phEvent)
[2026-10-08 08:18:01.989] [thread-id: 136250334403776] [trace] SUCCESS (ZE_RESULT_SUCCESS) in zexCounterBasedEventCreate2(hContext=0x2e40d738, hDevice=0x2e3f6f28, desc=0x7ffc8103a220, phEvent=0x2e44cce8)
<LEVEL_ZERO>[DEBUG]: ze_event_pool_desc_t flags set to: 1
[2026-10-08 08:18:01.989] [thread-id: 136250334403776] [trace] zexCounterBasedEventCreate2(hContext, hDevice, desc, phEvent)
[2026-10-08 08:18:01.989] [thread-id: 136250334403776] [trace] SUCCESS (ZE_RESULT_SUCCESS) in zexCounterBasedEventCreate2(hContext=0x2e40d738, hDevice=0x2e3f6f28, desc=0x7ffc8103a220, phEvent=0x2e44d3e8)
<LEVEL_ZERO>[DEBUG]: ze_event_pool_desc_t flags set to: 1
[2026-10-08 08:18:01.989] [thread-id: 136250334403776] [trace] zexCounterBasedEventCreate2(hContext, hDevice, desc, phEvent)
[2026-10-08 08:18:01.989] [thread-id: 136250334403776] [trace] SUCCESS (ZE_RESULT_SUCCESS) in zexCounterBasedEventCreate2(hContext=0x2e40d738, hDevice=0x2e3f6f28, desc=0x7ffc8103a220, phEvent=0x2e44d8f8)
<LEVEL_ZERO>[DEBUG]: ze_event_pool_desc_t flags set to: 1
[2026-10-08 08:18:01.989] [thread-id: 136250334403776] [trace] zexCounterBasedEventCreate2(hContext, hDevice, desc, phEvent)
[2026-10-08 08:18:01.989] [thread-id: 136250334403776] [trace] SUCCESS (ZE_RESULT_SUCCESS) in zexCounterBasedEventCreate2(hContext=0x2e40d738, hDevice=0x2e3f6f28, desc=0x7ffc8103a220, phEvent=0x2e44dff8)
<LEVEL_ZERO>[DEBUG]: ze_event_pool_desc_t flags set to: 1
[2026-10-08 08:18:01.989] [thread-id: 136250334403776] [trace] zexCounterBasedEventCreate2(hContext, hDevice, desc, phEvent)
[2026-10-08 08:18:01.989] [thread-id: 136250334403776] [trace] SUCCESS (ZE_RESULT_SUCCESS) in zexCounterBasedEventCreate2(hContext=0x2e40d738, hDevice=0x2e3f6f28, desc=0x7ffc8103a220, phEvent=0x2e44e508)
<LEVEL_ZERO>[DEBUG]: ze_event_pool_desc_t flags set to: 1
[2026-10-08 08:18:01.989] [thread-id: 136250334403776] [trace] zexCounterBasedEventCreate2(hContext, hDevice, desc, phEvent)
[2026-10-08 08:18:01.989] [thread-id: 136250334403776] [trace] SUCCESS (ZE_RESULT_SUCCESS) in zexCounterBasedEventCreate2(hContext=0x2e40d738, hDevice=0x2e3f6f28, desc=0x7ffc8103a220, phEvent=0x2e44ed48)
<LEVEL_ZERO>[DEBUG]: ze_event_pool_desc_t flags set to: 1
[2026-10-08 08:18:01.989] [thread-id: 136250334403776] [trace] zexCounterBasedEventCreate2(hContext, hDevice, desc, phEvent)
[2026-10-08 08:18:01.989] [thread-id: 136250334403776] [trace] SUCCESS (ZE_RESULT_SUCCESS) in zexCounterBasedEventCreate2(hContext=0x2e40d738, hDevice=0x2e3f6f28, desc=0x7ffc8103a220, phEvent=0x2e44f258)
<LEVEL_ZERO>[DEBUG]: ze_event_pool_desc_t flags set to: 1
[2026-10-08 08:18:01.989] [thread-id: 136250334403776] [trace] zexCounterBasedEventCreate2(hContext, hDevice, desc, phEvent)
[2026-10-08 08:18:01.989] [thread-id: 136250334403776] [trace] SUCCESS (ZE_RESULT_SUCCESS) in zexCounterBasedEventCreate2(hContext=0x2e40d738, hDevice=0x2e3f6f28, desc=0x7ffc8103a220, phEvent=0x2e44f958)
<LEVEL_ZERO>[DEBUG]: ze_event_pool_desc_t flags set to: 1
[2026-10-08 08:18:01.989] [thread-id: 136250334403776] [trace] zexCounterBasedEventCreate2(hContext, hDevice, desc, phEvent)
[2026-10-08 08:18:01.989] [thread-id: 136250334403776] [trace] SUCCESS (ZE_RESULT_SUCCESS) in zexCounterBasedEventCreate2(hContext=0x2e40d738, hDevice=0x2e3f6f28, desc=0x7ffc8103a220, phEvent=0x2e44fe68)
<LEVEL_ZERO>[DEBUG]: ze_event_pool_desc_t flags set to: 1
[2026-10-08 08:18:01.989] [thread-id: 136250334403776] [trace] zexCounterBasedEventCreate2(hContext, hDevice, desc, phEvent)
[2026-10-08 08:18:01.989] [thread-id: 136250334403776] [trace] SUCCESS (ZE_RESULT_SUCCESS) in zexCounterBasedEventCreate2(hContext=0x2e40d738, hDevice=0x2e3f6f28, desc=0x7ffc8103a220, phEvent=0x2e450568)
<LEVEL_ZERO>[DEBUG]: ze_event_pool_desc_t flags set to: 1
[2026-10-08 08:18:01.989] [thread-id: 136250334403776] [trace] zexCounterBasedEventCreate2(hContext, hDevice, desc, phEvent)
[2026-10-08 08:18:01.989] [thread-id: 136250334403776] [trace] SUCCESS (ZE_RESULT_SUCCESS) in zexCounterBasedEventCreate2(hContext=0x2e40d738, hDevice=0x2e3f6f28, desc=0x7ffc8103a220, phEvent=0x2e450a78)
<LEVEL_ZERO>[DEBUG]: ze_event_pool_desc_t flags set to: 1
[2026-10-08 08:18:01.989] [thread-id: 136250334403776] [trace] zexCounterBasedEventCreate2(hContext, hDevice, desc, phEvent)
[2026-10-08 08:18:01.989] [thread-id: 136250334403776] [trace] SUCCESS (ZE_RESULT_SUCCESS) in zexCounterBasedEventCreate2(hContext=0x2e40d738, hDevice=0x2e3f6f28, desc=0x7ffc8103a220, phEvent=0x2e451178)
<LEVEL_ZERO>[DEBUG]: ze_event_pool_desc_t flags set to: 1
[2026-10-08 08:18:01.989] [thread-id: 136250334403776] [trace] zexCounterBasedEventCreate2(hContext, hDevice, desc, phEvent)
[2026-10-08 08:18:01.989] [thread-id: 136250334403776] [trace] SUCCESS (ZE_RESULT_SUCCESS) in zexCounterBasedEventCreate2(hContext=0x2e40d738, hDevice=0x2e3f6f28, desc=0x7ffc8103a220, phEvent=0x2e451688)
<LEVEL_ZERO>[DEBUG]: ze_event_pool_desc_t flags set to: 1
[2026-10-08 08:18:01.989] [thread-id: 136250334403776] [trace] zexCounterBasedEventCreate2(hContext, hDevice, desc, phEvent)
[2026-10-08 08:18:01.989] [thread-id: 136250334403776] [trace] SUCCESS (ZE_RESULT_SUCCESS) in zexCounterBasedEventCreate2(hContext=0x2e40d738, hDevice=0x2e3f6f28, desc=0x7ffc8103a220, phEvent=0x2e451d88)
<LEVEL_ZERO>[DEBUG]: ze_event_pool_desc_t flags set to: 1
[2026-10-08 08:18:01.989] [thread-id: 136250334403776] [trace] zexCounterBasedEventCreate2(hContext, hDevice, desc, phEvent)
[2026-10-08 08:18:01.989] [thread-id: 136250334403776] [trace] SUCCESS (ZE_RESULT_SUCCESS) in zexCounterBasedEventCreate2(hContext=0x2e40d738, hDevice=0x2e3f6f28, desc=0x7ffc8103a220, phEvent=0x2e4524a8)
<LEVEL_ZERO>[DEBUG]: ze_event_pool_desc_t flags set to: 1
[2026-10-08 08:18:01.989] [thread-id: 136250334403776] [trace] zexCounterBasedEventCreate2(hContext, hDevice, desc, phEvent)
[2026-10-08 08:18:01.989] [thread-id: 136250334403776] [trace] SUCCESS (ZE_RESULT_SUCCESS) in zexCounterBasedEventCreate2(hContext=0x2e40d738, hDevice=0x2e3f6f28, desc=0x7ffc8103a220, phEvent=0x2e452ba8)
<LEVEL_ZERO>[DEBUG]: ze_event_pool_desc_t flags set to: 1
[2026-10-08 08:18:01.989] [thread-id: 136250334403776] [trace] zexCounterBasedEventCreate2(hContext, hDevice, desc, phEvent)
[2026-10-08 08:18:01.989] [thread-id: 136250334403776] [trace] SUCCESS (ZE_RESULT_SUCCESS) in zexCounterBasedEventCreate2(hContext=0x2e40d738, hDevice=0x2e3f6f28, desc=0x7ffc8103a220, phEvent=0x2e4530b8)
<LEVEL_ZERO>[DEBUG]: ze_event_pool_desc_t flags set to: 1
[2026-10-08 08:18:01.989] [thread-id: 136250334403776] [trace] zexCounterBasedEventCreate2(hContext, hDevice, desc, phEvent)
[2026-10-08 08:18:01.989] [thread-id: 136250334403776] [trace] SUCCESS (ZE_RESULT_SUCCESS) in zexCounterBasedEventCreate2(hContext=0x2e40d738, hDevice=0x2e3f6f28, desc=0x7ffc8103a220, phEvent=0x2e4537b8)
<LEVEL_ZERO>[DEBUG]: ze_event_pool_desc_t flags set to: 1
[2026-10-08 08:18:01.989] [thread-id: 136250334403776] [trace] zexCounterBasedEventCreate2(hContext, hDevice, desc, phEvent)
[2026-10-08 08:18:01.989] [thread-id: 136250334403776] [trace] SUCCESS (ZE_RESULT_SUCCESS) in zexCounterBasedEventCreate2(hContext=0x2e40d738, hDevice=0x2e3f6f28, desc=0x7ffc8103a220, phEvent=0x2e453cc8)
<LEVEL_ZERO>[DEBUG]: ze_event_pool_desc_t flags set to: 1
[2026-10-08 08:18:01.989] [thread-id: 136250334403776] [trace] zexCounterBasedEventCreate2(hContext, hDevice, desc, phEvent)
[2026-10-08 08:18:01.989] [thread-id: 136250334403776] [trace] SUCCESS (ZE_RESULT_SUCCESS) in zexCounterBasedEventCreate2(hContext=0x2e40d738, hDevice=0x2e3f6f28, desc=0x7ffc8103a220, phEvent=0x2e4543c8)
<LEVEL_ZERO>[DEBUG]: ze_event_pool_desc_t flags set to: 1
[2026-10-08 08:18:01.989] [thread-id: 136250334403776] [trace] zexCounterBasedEventCreate2(hContext, hDevice, desc, phEvent)
[2026-10-08 08:18:01.989] [thread-id: 136250334403776] [trace] SUCCESS (ZE_RESULT_SUCCESS) in zexCounterBasedEventCreate2(hContext=0x2e40d738, hDevice=0x2e3f6f28, desc=0x7ffc8103a220, phEvent=0x2e4548d8)
<LEVEL_ZERO>[DEBUG]: ze_event_pool_desc_t flags set to: 1
[2026-10-08 08:18:01.989] [thread-id: 136250334403776] [trace] zexCounterBasedEventCreate2(hContext, hDevice, desc, phEvent)
[2026-10-08 08:18:01.989] [thread-id: 136250334403776] [trace] SUCCESS (ZE_RESULT_SUCCESS) in zexCounterBasedEventCreate2(hContext=0x2e40d738, hDevice=0x2e3f6f28, desc=0x7ffc8103a220, phEvent=0x2e454fd8)
<LEVEL_ZERO>[DEBUG]: ze_event_pool_desc_t flags set to: 1
[2026-10-08 08:18:01.989] [thread-id: 136250334403776] [trace] zexCounterBasedEventCreate2(hContext, hDevice, desc, phEvent)
[2026-10-08 08:18:01.989] [thread-id: 136250334403776] [trace] SUCCESS (ZE_RESULT_SUCCESS) in zexCounterBasedEventCreate2(hContext=0x2e40d738, hDevice=0x2e3f6f28, desc=0x7ffc8103a220, phEvent=0x2e4554e8)
<LEVEL_ZERO>[DEBUG]: ze_event_pool_desc_t flags set to: 1
[2026-10-08 08:18:01.989] [thread-id: 136250334403776] [trace] zexCounterBasedEventCreate2(hContext, hDevice, desc, phEvent)
[2026-10-08 08:18:01.989] [thread-id: 136250334403776] [trace] SUCCESS (ZE_RESULT_SUCCESS) in zexCounterBasedEventCreate2(hContext=0x2e40d738, hDevice=0x2e3f6f28, desc=0x7ffc8103a220, phEvent=0x2e455be8)
<LEVEL_ZERO>[DEBUG]: ze_event_pool_desc_t flags set to: 1
[2026-10-08 08:18:01.989] [thread-id: 136250334403776] [trace] zexCounterBasedEventCreate2(hContext, hDevice, desc, phEvent)
[2026-10-08 08:18:01.989] [thread-id: 136250334403776] [trace] SUCCESS (ZE_RESULT_SUCCESS) in zexCounterBasedEventCreate2(hContext=0x2e40d738, hDevice=0x2e3f6f28, desc=0x7ffc8103a220, phEvent=0x2e4560f8)
<LEVEL_ZERO>[DEBUG]: ze_event_pool_desc_t flags set to: 1
[2026-10-08 08:18:01.989] [thread-id: 136250334403776] [trace] zexCounterBasedEventCreate2(hContext, hDevice, desc, phEvent)
[2026-10-08 08:18:01.989] [thread-id: 136250334403776] [trace] SUCCESS (ZE_RESULT_SUCCESS) in zexCounterBasedEventCreate2(hContext=0x2e40d738, hDevice=0x2e3f6f28, desc=0x7ffc8103a220, phEvent=0x2e4567f8)
<LEVEL_ZERO>[DEBUG]: ze_event_pool_desc_t flags set to: 1
[2026-10-08 08:18:01.989] [thread-id: 136250334403776] [trace] zexCounterBasedEventCreate2(hContext, hDevice, desc, phEvent)
[2026-10-08 08:18:01.989] [thread-id: 136250334403776] [trace] SUCCESS (ZE_RESULT_SUCCESS) in zexCounterBasedEventCreate2(hContext=0x2e40d738, hDevice=0x2e3f6f28, desc=0x7ffc8103a220, phEvent=0x2e456d08)
<LEVEL_ZERO>[DEBUG]: ze_event_pool_desc_t flags set to: 1
[2026-10-08 08:18:01.989] [thread-id: 136250334403776] [trace] zexCounterBasedEventCreate2(hContext, hDevice, desc, phEvent)
[2026-10-08 08:18:01.989] [thread-id: 136250334403776] [trace] SUCCESS (ZE_RESULT_SUCCESS) in zexCounterBasedEventCreate2(hContext=0x2e40d738, hDevice=0x2e3f6f28, desc=0x7ffc8103a220, phEvent=0x2e457408)
<LEVEL_ZERO>[DEBUG]: ze_event_pool_desc_t flags set to: 1
[2026-10-08 08:18:01.989] [thread-id: 136250334403776] [trace] zexCounterBasedEventCreate2(hContext, hDevice, desc, phEvent)
[2026-10-08 08:18:01.989] [thread-id: 136250334403776] [trace] SUCCESS (ZE_RESULT_SUCCESS) in zexCounterBasedEventCreate2(hContext=0x2e40d738, hDevice=0x2e3f6f28, desc=0x7ffc8103a220, phEvent=0x2e457918)
<LEVEL_ZERO>[DEBUG]: ze_event_pool_desc_t flags set to: 1
[2026-10-08 08:18:01.989] [thread-id: 136250334403776] [trace] zexCounterBasedEventCreate2(hContext, hDevice, desc, phEvent)
[2026-10-08 08:18:01.989] [thread-id: 136250334403776] [trace] SUCCESS (ZE_RESULT_SUCCESS) in zexCounterBasedEventCreate2(hContext=0x2e40d738, hDevice=0x2e3f6f28, desc=0x7ffc8103a220, phEvent=0x2e458018)
<LEVEL_ZERO>[DEBUG]: ze_event_pool_desc_t flags set to: 1
[2026-10-08 08:18:01.989] [thread-id: 136250334403776] [trace] zexCounterBasedEventCreate2(hContext, hDevice, desc, phEvent)
[2026-10-08 08:18:01.989] [thread-id: 136250334403776] [trace] SUCCESS (ZE_RESULT_SUCCESS) in zexCounterBasedEventCreate2(hContext=0x2e40d738, hDevice=0x2e3f6f28, desc=0x7ffc8103a220, phEvent=0x2e458528)
<LEVEL_ZERO>[DEBUG]: ze_event_pool_desc_t flags set to: 1
[2026-10-08 08:18:01.989] [thread-id: 136250334403776] [trace] zexCounterBasedEventCreate2(hContext, hDevice, desc, phEvent)
[2026-10-08 08:18:01.990] [thread-id: 136250334403776] [trace] SUCCESS (ZE_RESULT_SUCCESS) in zexCounterBasedEventCreate2(hContext=0x2e40d738, hDevice=0x2e3f6f28, desc=0x7ffc8103a220, phEvent=0x2e458c28)
<LEVEL_ZERO>[DEBUG]: ze_event_pool_desc_t flags set to: 1
[2026-10-08 08:18:01.990] [thread-id: 136250334403776] [trace] zexCounterBasedEventCreate2(hContext, hDevice, desc, phEvent)
[2026-10-08 08:18:01.990] [thread-id: 136250334403776] [trace] SUCCESS (ZE_RESULT_SUCCESS) in zexCounterBasedEventCreate2(hContext=0x2e40d738, hDevice=0x2e3f6f28, desc=0x7ffc8103a220, phEvent=0x2e459138)
<LEVEL_ZERO>[DEBUG]: ze_event_pool_desc_t flags set to: 1
[2026-10-08 08:18:01.990] [thread-id: 136250334403776] [trace] zexCounterBasedEventCreate2(hContext, hDevice, desc, phEvent)
[2026-10-08 08:18:01.990] [thread-id: 136250334403776] [trace] SUCCESS (ZE_RESULT_SUCCESS) in zexCounterBasedEventCreate2(hContext=0x2e40d738, hDevice=0x2e3f6f28, desc=0x7ffc8103a220, phEvent=0x2e459ab8)
<LEVEL_ZERO>[DEBUG]: ze_event_pool_desc_t flags set to: 1
[2026-10-08 08:18:01.990] [thread-id: 136250334403776] [trace] zexCounterBasedEventCreate2(hContext, hDevice, desc, phEvent)
[2026-10-08 08:18:01.990] [thread-id: 136250334403776] [trace] SUCCESS (ZE_RESULT_SUCCESS) in zexCounterBasedEventCreate2(hContext=0x2e40d738, hDevice=0x2e3f6f28, desc=0x7ffc8103a220, phEvent=0x2e459fc8)
<LEVEL_ZERO>[DEBUG]: ze_event_pool_desc_t flags set to: 1
[2026-10-08 08:18:01.990] [thread-id: 136250334403776] [trace] zexCounterBasedEventCreate2(hContext, hDevice, desc, phEvent)
[2026-10-08 08:18:01.990] [thread-id: 136250334403776] [trace] SUCCESS (ZE_RESULT_SUCCESS) in zexCounterBasedEventCreate2(hContext=0x2e40d738, hDevice=0x2e3f6f28, desc=0x7ffc8103a220, phEvent=0x2e45a6c8)
<LEVEL_ZERO>[DEBUG]: ze_event_pool_desc_t flags set to: 1
[2026-10-08 08:18:01.990] [thread-id: 136250334403776] [trace] zexCounterBasedEventCreate2(hContext, hDevice, desc, phEvent)
[2026-10-08 08:18:01.990] [thread-id: 136250334403776] [trace] SUCCESS (ZE_RESULT_SUCCESS) in zexCounterBasedEventCreate2(hContext=0x2e40d738, hDevice=0x2e3f6f28, desc=0x7ffc8103a220, phEvent=0x2e45abd8)
<LEVEL_ZERO>[DEBUG]: ze_event_pool_desc_t flags set to: 1
[2026-10-08 08:18:01.990] [thread-id: 136250334403776] [trace] zexCounterBasedEventCreate2(hContext, hDevice, desc, phEvent)
[2026-10-08 08:18:01.990] [thread-id: 136250334403776] [trace] SUCCESS (ZE_RESULT_SUCCESS) in zexCounterBasedEventCreate2(hContext=0x2e40d738, hDevice=0x2e3f6f28, desc=0x7ffc8103a220, phEvent=0x2e45b2d8)
<LEVEL_ZERO>[DEBUG]: ze_event_pool_desc_t flags set to: 1
[2026-10-08 08:18:01.990] [thread-id: 136250334403776] [trace] zexCounterBasedEventCreate2(hContext, hDevice, desc, phEvent)
[2026-10-08 08:18:01.990] [thread-id: 136250334403776] [trace] SUCCESS (ZE_RESULT_SUCCESS) in zexCounterBasedEventCreate2(hContext=0x2e40d738, hDevice=0x2e3f6f28, desc=0x7ffc8103a220, phEvent=0x2e45b7e8)
<LEVEL_ZERO>[DEBUG]: ze_event_pool_desc_t flags set to: 1
[2026-10-08 08:18:01.990] [thread-id: 136250334403776] [trace] zexCounterBasedEventCreate2(hContext, hDevice, desc, phEvent)
[2026-10-08 08:18:01.990] [thread-id: 136250334403776] [trace] SUCCESS (ZE_RESULT_SUCCESS) in zexCounterBasedEventCreate2(hContext=0x2e40d738, hDevice=0x2e3f6f28, desc=0x7ffc8103a220, phEvent=0x2e45bee8)
<LEVEL_ZERO>[DEBUG]: ze_event_pool_desc_t flags set to: 1
[2026-10-08 08:18:01.990] [thread-id: 136250334403776] [trace] zexCounterBasedEventCreate2(hContext, hDevice, desc, phEvent)
[2026-10-08 08:18:01.990] [thread-id: 136250334403776] [trace] SUCCESS (ZE_RESULT_SUCCESS) in zexCounterBasedEventCreate2(hContext=0x2e40d738, hDevice=0x2e3f6f28, desc=0x7ffc8103a220, phEvent=0x2e45c3f8)
<LEVEL_ZERO>[DEBUG]: ze_event_pool_desc_t flags set to: 1
[2026-10-08 08:18:01.990] [thread-id: 136250334403776] [trace] zexCounterBasedEventCreate2(hContext, hDevice, desc, phEvent)
[2026-10-08 08:18:01.990] [thread-id: 136250334403776] [trace] SUCCESS (ZE_RESULT_SUCCESS) in zexCounterBasedEventCreate2(hContext=0x2e40d738, hDevice=0x2e3f6f28, desc=0x7ffc8103a220, phEvent=0x2e45caf8)
<LEVEL_ZERO>[DEBUG]: ze_event_pool_desc_t flags set to: 1
[2026-10-08 08:18:01.990] [thread-id: 136250334403776] [trace] zexCounterBasedEventCreate2(hContext, hDevice, desc, phEvent)
[2026-10-08 08:18:01.990] [thread-id: 136250334403776] [trace] SUCCESS (ZE_RESULT_SUCCESS) in zexCounterBasedEventCreate2(hContext=0x2e40d738, hDevice=0x2e3f6f28, desc=0x7ffc8103a220, phEvent=0x2e45d008)
<LEVEL_ZERO>[DEBUG]: ze_event_pool_desc_t flags set to: 1
[2026-10-08 08:18:01.990] [thread-id: 136250334403776] [trace] zexCounterBasedEventCreate2(hContext, hDevice, desc, phEvent)
[2026-10-08 08:18:01.990] [thread-id: 136250334403776] [trace] SUCCESS (ZE_RESULT_SUCCESS) in zexCounterBasedEventCreate2(hContext=0x2e40d738, hDevice=0x2e3f6f28, desc=0x7ffc8103a220, phEvent=0x2e45d708)
<LEVEL_ZERO>[DEBUG]: ze_event_pool_desc_t flags set to: 1
[2026-10-08 08:18:01.990] [thread-id: 136250334403776] [trace] zexCounterBasedEventCreate2(hContext, hDevice, desc, phEvent)
[2026-10-08 08:18:01.990] [thread-id: 136250334403776] [trace] SUCCESS (ZE_RESULT_SUCCESS) in zexCounterBasedEventCreate2(hContext=0x2e40d738, hDevice=0x2e3f6f28, desc=0x7ffc8103a220, phEvent=0x2e45dc18)
[2026-10-08 08:18:01.990] [thread-id: 136250334403776] [trace] zeCommandListAppendMemoryCopy(hCommandList, dstptr, srcptr, size, hSignalEvent, numWaitEvents, phWaitEventsLocal)
[2026-10-08 08:18:01.992] [thread-id: 136250334403776] [trace] SUCCESS (ZE_RESULT_SUCCESS) in zeCommandListAppendMemoryCopy(hCommandList=0x2e414d88, dstptr=0xffffffffff600000, srcptr=0x2e4258a0, size=65536, hSignalEvent=0x2e45dc18, numWaitEvents=0, phWaitEvents=nullptr)
   <--- urEnqueueUSMMemcpy(.hQueue = 0x2e4140a0, .blocking = 0, .pDst = 0xffffffffff600000, .pSrc = 0x2e4258a0, .size = 65536, .numEventsInWaitList = 0, .phEventWaitList = nullptr, .phEvent = 0x7ffc8103a820 (0x2e45d600)) -> UR_RESULT_SUCCESS;
   ---> urEventWait
[2026-10-08 08:18:01.992] [thread-id: 136250334403776] [trace] zeEventHostSynchronize(hEvent, timeout)
[2026-10-08 08:18:01.992] [thread-id: 136250334403776] [trace] SUCCESS (ZE_RESULT_SUCCESS) in zeEventHostSynchronize(hEvent=0x2e45dc18, timeout=18446744073709551615)
   <--- urEventWait(.numEvents = 1, .phEventWaitList = 0x7ffc8103a870 {0x2e45d600}) -> UR_RESULT_SUCCESS;
   ---> urEventRelease
   <--- urEventRelease(.hEvent = 0x2e45d600) -> UR_RESULT_SUCCESS;
   ---> urDeviceGetInfo
[2026-10-08 08:18:01.992] [thread-id: 136250334403776] [trace] zeDeviceGetComputeProperties(hDevice, pComputeProperties)
[2026-10-08 08:18:01.992] [thread-id: 136250334403776] [trace] SUCCESS (ZE_RESULT_SUCCESS) in zeDeviceGetComputeProperties(hDevice=0x2e3f6f28, pComputeProperties={stype=0x2e40c280, maxTotalGroupSize=1024, maxGroupSizeX=1024, maxGroupSizeY=1024, maxGroupSizeZ=1024, maxGroupCountX=4294967295, maxGroupCountY=4294967295, maxGroupCountZ=4294967295, maxSharedLocalMemory=131072, numSubGroupSizes=2, subGroupSizes=16})
   <--- urDeviceGetInfo(.hDevice = 0x2e40c040, .propName = UR_DEVICE_INFO_MAX_WORK_GROUPS_3D, .propSize = 24, .pPropValue = {4294967295, 4294967295, 4294967295}, .pPropSizeRet = nullptr) -> UR_RESULT_SUCCESS;
   ---> urDeviceSelectBinary
   <--- urDeviceSelectBinary(.hDevice = 0x2e40c040, .pBinaries = 0x2e486a50 ((struct ur_device_binary_t){.stype = UR_STRUCTURE_TYPE_CONTEXT_PROPERTIES, .pNext = nullptr, .pDeviceTargetSpec = 0x7beb43a823c0 (spir64)}), .NumBinaries = 1, .pSelectedBinary = 0x7ffc81039d7c (0)) -> UR_RESULT_SUCCESS;
   ---> urPlatformGetBackendOption
   <--- urPlatformGetBackendOption(.hPlatform = 0x2e40a810, .pFrontendOption = 0x7ffc81039888 (-O2), .ppPlatformOption = 0x7ffc81039858 (0x7beb40af0975 (-ze-opt-level=2))) -> UR_RESULT_SUCCESS;
   ---> urDeviceGetInfo
   <--- urDeviceGetInfo(.hDevice = 0x2e40c040, .propName = UR_DEVICE_INFO_VENDOR_ID, .propSize = 4, .pPropValue = 0x7ffc810397d8 (32902), .pPropSizeRet = nullptr) -> UR_RESULT_SUCCESS;
   ---> urDeviceGetInfo
   <--- urDeviceGetInfo(.hDevice = 0x2e40c040, .propName = UR_DEVICE_INFO_DEVICE_ID, .propSize = 0, .pPropValue = nullptr, .pPropSizeRet = 0x7ffc81039660 (4)) -> UR_RESULT_SUCCESS;
   ---> urDeviceGetInfo
   <--- urDeviceGetInfo(.hDevice = 0x2e40c040, .propName = UR_DEVICE_INFO_DEVICE_ID, .propSize = 4, .pPropValue = 0x7ffc810397a8 (57868), .pPropSizeRet = nullptr) -> UR_RESULT_SUCCESS;
   ---> urDeviceGetInfo
   <--- urDeviceGetInfo(.hDevice = 0x2e40c040, .propName = UR_DEVICE_INFO_COMPILER_AVAILABLE, .propSize = 1, .pPropValue = 0x7ffc81039840 (true), .pPropSizeRet = nullptr) -> UR_RESULT_SUCCESS;
   ---> urProgramCreateWithIL
   <--- urProgramCreateWithIL(.hContext = 0x2e410b90, .pIL = 0x415b20, .length = 2080, .pProperties = nullptr, .phProgram = 0x7ffc81039960 (0x2e44ea10)) -> UR_RESULT_SUCCESS;
   ---> urProgramBuildExp
[2026-10-08 08:18:01.992] [thread-id: 136250334403776] [trace] zeModuleCreate(hContext, hDevice, desc, phModule, phBuildLog)
[2026-10-08 08:18:01.993] [thread-id: 136250334403776] [trace] SUCCESS (ZE_RESULT_SUCCESS) in zeModuleCreate(hContext=0x2e40d738, hDevice=0x2e3f6f28, desc={stype=0x7ffc810395e0, format=0x7ffc810395f0, inputSize=2080, pInputModule=3, pBuildFlags=" -ze-opt-level=2", pConstants={numConstants=0, pConstantIds=nullptr, pConstantValues=nullptr}}, phModule=0x2e461d18, phBuildLog=0x2e487818)
[2026-10-08 08:18:01.993] [thread-id: 136250334403776] [trace] zeModuleGetProperties(hModule, pModuleProperties)
[2026-10-08 08:18:01.993] [thread-id: 136250334403776] [trace] SUCCESS (ZE_RESULT_SUCCESS) in zeModuleGetProperties(hModule=0x2e461d18, pModuleProperties={stype=0x7ffc81039550, flags=0})
   <--- urProgramBuildExp(.hProgram = 0x2e44ea10, .numDevices = 1, .phDevices = 0x2e486a50 {0x2e40c040}, .flags = 0, .pOptions = 0x2e486a70 ( -ze-opt-level=2)) -> UR_RESULT_SUCCESS;
   ---> urProgramRetain
   <--- urProgramRetain(.hProgram = 0x2e44ea10) -> UR_RESULT_SUCCESS;
   ---> urKernelCreate
[2026-10-08 08:18:01.993] [thread-id: 136250334403776] [trace] zeKernelCreate(hModule, desc, phKernel)
[2026-10-08 08:18:01.993] [thread-id: 136250334403776] [trace] SUCCESS (ZE_RESULT_SUCCESS) in zeKernelCreate(hModule=0x2e461d18, desc={stype=0x7ffc81039c70, flags=0, pKernelName="_ZTSZ4mainEUlN4sycl3_V12idILi1EEEE_"}, phKernel=0x2e49e748)
[2026-10-08 08:18:01.993] [thread-id: 136250334403776] [trace] zeKernelGetName(hKernel, pSize, pName)
[2026-10-08 08:18:01.993] [thread-id: 136250334403776] [trace] SUCCESS (ZE_RESULT_SUCCESS) in zeKernelGetName(hKernel=0x2e49e748, pSize=36, pName=nullptr)
[2026-10-08 08:18:01.993] [thread-id: 136250334403776] [trace] zeKernelGetName(hKernel, pSize, pName)
[2026-10-08 08:18:01.993] [thread-id: 136250334403776] [trace] SUCCESS (ZE_RESULT_SUCCESS) in zeKernelGetName(hKernel=0x2e49e748, pSize=36, pName="_ZTSZ4mainEUlN4sycl3_V12idILi1EEEE_")
[2026-10-08 08:18:01.993] [thread-id: 136250334403776] [trace] zeKernelGetProperties(hKernel, pKernelProperties)
[2026-10-08 08:18:01.993] [thread-id: 136250334403776] [trace] SUCCESS (ZE_RESULT_SUCCESS) in zeKernelGetProperties(hKernel=0x2e49e748, pKernelProperties={stype=0x2e47fb48, numKernelArgs=1, requiredGroupSizeX=0, requiredGroupSizeY=0, requiredGroupSizeZ=0, requiredNumSubGroups=0, requiredSubgroupSize=0, maxSubgroupSize=32, maxNumSubgroups=32, localMemSize=0, privateMemSize=0, spillMemSize=0, uuid={kid=0, mid=0}})
   <--- urKernelCreate(.hProgram = 0x2e44ea10, .pKernelName = 0x4131d2 (_ZTSZ4mainEUlN4sycl3_V12idILi1EEEE_), .phKernel = 0x7ffc81039f90 (0x2e499d40)) -> UR_RESULT_SUCCESS;
   ---> urKernelSetExecInfo
[2026-10-08 08:18:01.993] [thread-id: 136250334403776] [trace] zeKernelSetIndirectAccess(hKernel, flags)
[2026-10-08 08:18:01.993] [thread-id: 136250334403776] [trace] SUCCESS (ZE_RESULT_SUCCESS) in zeKernelSetIndirectAccess(hKernel=0x2e49e748, flags=7)
   <--- urKernelSetExecInfo(.hKernel = 0x2e499d40, .propName = UR_KERNEL_EXEC_INFO_USM_INDIRECT_ACCESS, .propSize = 1, .pProperties = nullptr, .pPropValue = 0x7ffc81039f8f (true)) -> UR_RESULT_SUCCESS;
   ---> urKernelRetain
   <--- urKernelRetain(.hKernel = 0x2e499d40) -> UR_RESULT_SUCCESS;
   ---> urKernelGetGroupInfo
   <--- urKernelGetGroupInfo(.hKernel = 0x2e499d40, .hDevice = 0x2e40c040, .propName = UR_KERNEL_GROUP_INFO_COMPILE_WORK_GROUP_SIZE, .propSize = 24, .pPropValue = {0, 0, 0}, .pPropSizeRet = nullptr) -> UR_RESULT_SUCCESS;
   ---> urEnqueueKernelLaunchWithArgsExp
[2026-10-08 08:18:01.993] [thread-id: 136250334403776] [trace] zeKernelSuggestGroupSize(hKernel, globalSizeX, globalSizeY, globalSizeZ, groupSizeX, groupSizeY, groupSizeZ)
[2026-10-08 08:18:01.993] [thread-id: 136250334403776] [trace] SUCCESS (ZE_RESULT_SUCCESS) in zeKernelSuggestGroupSize(hKernel=0x2e49e748, globalSizeX=16384, globalSizeY=1, globalSizeZ=1, groupSizeX=1024, groupSizeY=1, groupSizeZ=1)
[2026-10-08 08:18:01.993] [thread-id: 136250334403776] [trace] zeKernelSetGroupSize(hKernel, groupSizeX, groupSizeY, groupSizeZ)
[2026-10-08 08:18:01.993] [thread-id: 136250334403776] [trace] SUCCESS (ZE_RESULT_SUCCESS) in zeKernelSetGroupSize(hKernel=0x2e49e748, groupSizeX=1024, groupSizeY=1, groupSizeZ=1)
[2026-10-08 08:18:01.993] [thread-id: 136250334403776] [trace] zeCommandListAppendLaunchKernelWithArguments(hCommandList, hKernel, groupCounts, groupSizes, pArguments, pNext, hSignalEvent, numWaitEvents, phWaitEventsLocal)
[2026-10-08 08:18:01.994] [thread-id: 136250334403776] [trace] SUCCESS (ZE_RESULT_SUCCESS) in zeCommandListAppendLaunchKernelWithArguments(hCommandList=0x2e414d88, hKernel=0x2e49e748, groupCounts={groupCountX=16, groupCountY=1, groupCountZ=1}, groupSizes={groupSizeX=1024, groupSizeY=1, groupSizeZ=1}, pArguments=0x2e49ee90, pNext=nullptr, hSignalEvent=0x2e45dc18, numWaitEvents=0, phWaitEvents=nullptr)
   <--- urEnqueueKernelLaunchWithArgsExp(.hQueue = 0x2e4140a0, .hKernel = 0x2e499d40, .workDim = 1, .pGlobalWorkOffset = nullptr, .pGlobalWorkSize = 0x7ffc8103a750 (16384), .pLocalWorkSize = nullptr, .numArgs = 1, .pArgs = 0x2e49a8d0 {(struct ur_exp_kernel_arg_properties_t){.stype = UR_STRUCTURE_TYPE_EXP_KERNEL_ARG_PROPERTIES, .pNext = nullptr, .type = UR_EXP_KERNEL_ARG_TYPE_POINTER, .index = 0, .size = 8, .value = (union ur_exp_kernel_arg_value_t){.pointer = 0xffffffffff600000}}}, .launchPropList = nullptr, .numEventsInWaitList = 0, .phEventWaitList = nullptr, .phEvent = 0x7ffc8103a170 (0x2e45d600)) -> UR_RESULT_SUCCESS;
   ---> urEventWait
[2026-10-08 08:18:01.994] [thread-id: 136250334403776] [trace] zeEventHostSynchronize(hEvent, timeout)
[2026-10-08 08:18:01.994] [thread-id: 136250334403776] [trace] SUCCESS (ZE_RESULT_SUCCESS) in zeEventHostSynchronize(hEvent=0x2e45dc18, timeout=18446744073709551615)
   <--- urEventWait(.numEvents = 1, .phEventWaitList = 0x7ffc8103a870 {0x2e45d600}) -> UR_RESULT_SUCCESS;
   ---> urEventRelease
   <--- urEventRelease(.hEvent = 0x2e45d600) -> UR_RESULT_SUCCESS;
   ---> urEnqueueUSMMemcpy
[2026-10-08 08:18:01.994] [thread-id: 136250334403776] [trace] zeCommandListAppendMemoryCopy(hCommandList, dstptr, srcptr, size, hSignalEvent, numWaitEvents, phWaitEventsLocal)
[2026-10-08 08:18:01.995] [thread-id: 136250334403776] [trace] SUCCESS (ZE_RESULT_SUCCESS) in zeCommandListAppendMemoryCopy(hCommandList=0x2e414d88, dstptr=0x2e4358b0, srcptr=0xffffffffff600000, size=65536, hSignalEvent=0x2e45dc18, numWaitEvents=0, phWaitEvents=nullptr)
   <--- urEnqueueUSMMemcpy(.hQueue = 0x2e4140a0, .blocking = 0, .pDst = 0x2e4358b0, .pSrc = 0xffffffffff600000, .size = 65536, .numEventsInWaitList = 0, .phEventWaitList = nullptr, .phEvent = 0x7ffc8103a820 (0x2e45d600)) -> UR_RESULT_SUCCESS;
   ---> urEventWait
[2026-10-08 08:18:01.995] [thread-id: 136250334403776] [trace] zeEventHostSynchronize(hEvent, timeout)
[2026-10-08 08:18:01.995] [thread-id: 136250334403776] [trace] SUCCESS (ZE_RESULT_SUCCESS) in zeEventHostSynchronize(hEvent=0x2e45dc18, timeout=18446744073709551615)
   <--- urEventWait(.numEvents = 1, .phEventWaitList = 0x7ffc8103a870 {0x2e45d600}) -> UR_RESULT_SUCCESS;
   ---> urEventRelease
   <--- urEventRelease(.hEvent = 0x2e45d600) -> UR_RESULT_SUCCESS;
   ---> urEnqueueUSMMemcpy
[2026-10-08 08:18:01.995] [thread-id: 136250334403776] [trace] zeCommandListAppendMemoryCopy(hCommandList, dstptr, srcptr, size, hSignalEvent, numWaitEvents, phWaitEventsLocal)
[2026-10-08 08:18:01.995] [thread-id: 136250334403776] [trace] SUCCESS (ZE_RESULT_SUCCESS) in zeCommandListAppendMemoryCopy(hCommandList=0x2e414d88, dstptr=0xffffffffff600000, srcptr=0x2e4258a0, size=65536, hSignalEvent=0x2e45dc18, numWaitEvents=0, phWaitEvents=nullptr)
   <--- urEnqueueUSMMemcpy(.hQueue = 0x2e4140a0, .blocking = 0, .pDst = 0xffffffffff600000, .pSrc = 0x2e4258a0, .size = 65536, .numEventsInWaitList = 0, .phEventWaitList = nullptr, .phEvent = 0x7ffc8103a820 (0x2e45d600)) -> UR_RESULT_SUCCESS;
   ---> urEventWait
[2026-10-08 08:18:01.995] [thread-id: 136250334403776] [trace] zeEventHostSynchronize(hEvent, timeout)
[2026-10-08 08:18:01.995] [thread-id: 136250334403776] [trace] SUCCESS (ZE_RESULT_SUCCESS) in zeEventHostSynchronize(hEvent=0x2e45dc18, timeout=18446744073709551615)
   <--- urEventWait(.numEvents = 1, .phEventWaitList = 0x7ffc8103a870 {0x2e45d600}) -> UR_RESULT_SUCCESS;
   ---> urEventRelease
   <--- urEventRelease(.hEvent = 0x2e45d600) -> UR_RESULT_SUCCESS;
   ---> urDeviceGetInfo
   <--- urDeviceGetInfo(.hDevice = 0x2e40c040, .propName = UR_DEVICE_INFO_MAX_WORK_GROUPS_3D, .propSize = 24, .pPropValue = {4294967295, 4294967295, 4294967295}, .pPropSizeRet = nullptr) -> UR_RESULT_SUCCESS;
   ---> urKernelGetGroupInfo
   <--- urKernelGetGroupInfo(.hKernel = 0x2e499d40, .hDevice = 0x2e40c040, .propName = UR_KERNEL_GROUP_INFO_COMPILE_WORK_GROUP_SIZE, .propSize = 24, .pPropValue = {0, 0, 0}, .pPropSizeRet = nullptr) -> UR_RESULT_SUCCESS;
   ---> urEnqueueKernelLaunchWithArgsExp
[2026-10-08 08:18:01.995] [thread-id: 136250334403776] [trace] zeKernelSuggestGroupSize(hKernel, globalSizeX, globalSizeY, globalSizeZ, groupSizeX, groupSizeY, groupSizeZ)
[2026-10-08 08:18:01.995] [thread-id: 136250334403776] [trace] SUCCESS (ZE_RESULT_SUCCESS) in zeKernelSuggestGroupSize(hKernel=0x2e49e748, globalSizeX=16384, globalSizeY=1, globalSizeZ=1, groupSizeX=1024, groupSizeY=1, groupSizeZ=1)
[2026-10-08 08:18:01.995] [thread-id: 136250334403776] [trace] zeKernelSetGroupSize(hKernel, groupSizeX, groupSizeY, groupSizeZ)
[2026-10-08 08:18:01.995] [thread-id: 136250334403776] [trace] SUCCESS (ZE_RESULT_SUCCESS) in zeKernelSetGroupSize(hKernel=0x2e49e748, groupSizeX=1024, groupSizeY=1, groupSizeZ=1)
[2026-10-08 08:18:01.995] [thread-id: 136250334403776] [trace] zeCommandListAppendLaunchKernelWithArguments(hCommandList, hKernel, groupCounts, groupSizes, pArguments, pNext, hSignalEvent, numWaitEvents, phWaitEventsLocal)
[2026-10-08 08:18:01.995] [thread-id: 136250334403776] [trace] SUCCESS (ZE_RESULT_SUCCESS) in zeCommandListAppendLaunchKernelWithArguments(hCommandList=0x2e414d88, hKernel=0x2e49e748, groupCounts={groupCountX=16, groupCountY=1, groupCountZ=1}, groupSizes={groupSizeX=1024, groupSizeY=1, groupSizeZ=1}, pArguments=0x2e49ee90, pNext=nullptr, hSignalEvent=0x2e45dc18, numWaitEvents=0, phWaitEvents=nullptr)
   <--- urEnqueueKernelLaunchWithArgsExp(.hQueue = 0x2e4140a0, .hKernel = 0x2e499d40, .workDim = 1, .pGlobalWorkOffset = nullptr, .pGlobalWorkSize = 0x7ffc8103a750 (16384), .pLocalWorkSize = nullptr, .numArgs = 1, .pArgs = 0x2e49a8d0 {(struct ur_exp_kernel_arg_properties_t){.stype = UR_STRUCTURE_TYPE_EXP_KERNEL_ARG_PROPERTIES, .pNext = nullptr, .type = UR_EXP_KERNEL_ARG_TYPE_POINTER, .index = 0, .size = 8, .value = (union ur_exp_kernel_arg_value_t){.pointer = 0xffffffffff600000}}}, .launchPropList = nullptr, .numEventsInWaitList = 0, .phEventWaitList = nullptr, .phEvent = 0x7ffc8103a170 (0x2e45d600)) -> UR_RESULT_SUCCESS;
   ---> urEventWait
[2026-10-08 08:18:01.995] [thread-id: 136250334403776] [trace] zeEventHostSynchronize(hEvent, timeout)
[2026-10-08 08:18:01.995] [thread-id: 136250334403776] [trace] SUCCESS (ZE_RESULT_SUCCESS) in zeEventHostSynchronize(hEvent=0x2e45dc18, timeout=18446744073709551615)
   <--- urEventWait(.numEvents = 1, .phEventWaitList = 0x7ffc8103a870 {0x2e45d600}) -> UR_RESULT_SUCCESS;
   ---> urEventRelease
   <--- urEventRelease(.hEvent = 0x2e45d600) -> UR_RESULT_SUCCESS;
   ---> urEnqueueUSMMemcpy
[2026-10-08 08:18:01.995] [thread-id: 136250334403776] [trace] zeCommandListAppendMemoryCopy(hCommandList, dstptr, srcptr, size, hSignalEvent, numWaitEvents, phWaitEventsLocal)
[2026-10-08 08:18:01.995] [thread-id: 136250334403776] [trace] SUCCESS (ZE_RESULT_SUCCESS) in zeCommandListAppendMemoryCopy(hCommandList=0x2e414d88, dstptr=0x2e4358b0, srcptr=0xffffffffff600000, size=65536, hSignalEvent=0x2e45dc18, numWaitEvents=0, phWaitEvents=nullptr)
   <--- urEnqueueUSMMemcpy(.hQueue = 0x2e4140a0, .blocking = 0, .pDst = 0x2e4358b0, .pSrc = 0xffffffffff600000, .size = 65536, .numEventsInWaitList = 0, .phEventWaitList = nullptr, .phEvent = 0x7ffc8103a820 (0x2e45d600)) -> UR_RESULT_SUCCESS;
   ---> urEventWait
[2026-10-08 08:18:01.995] [thread-id: 136250334403776] [trace] zeEventHostSynchronize(hEvent, timeout)
[2026-10-08 08:18:01.995] [thread-id: 136250334403776] [trace] SUCCESS (ZE_RESULT_SUCCESS) in zeEventHostSynchronize(hEvent=0x2e45dc18, timeout=18446744073709551615)
   <--- urEventWait(.numEvents = 1, .phEventWaitList = 0x7ffc8103a870 {0x2e45d600}) -> UR_RESULT_SUCCESS;
   ---> urEventRelease
   <--- urEventRelease(.hEvent = 0x2e45d600) -> UR_RESULT_SUCCESS;
   ---> urEnqueueUSMMemcpy
[2026-10-08 08:18:01.995] [thread-id: 136250334403776] [trace] zeCommandListAppendMemoryCopy(hCommandList, dstptr, srcptr, size, hSignalEvent, numWaitEvents, phWaitEventsLocal)
[2026-10-08 08:18:01.995] [thread-id: 136250334403776] [trace] SUCCESS (ZE_RESULT_SUCCESS) in zeCommandListAppendMemoryCopy(hCommandList=0x2e414d88, dstptr=0xffffffffff600000, srcptr=0x2e4258a0, size=65536, hSignalEvent=0x2e45dc18, numWaitEvents=0, phWaitEvents=nullptr)
   <--- urEnqueueUSMMemcpy(.hQueue = 0x2e4140a0, .blocking = 0, .pDst = 0xffffffffff600000, .pSrc = 0x2e4258a0, .size = 65536, .numEventsInWaitList = 0, .phEventWaitList = nullptr, .phEvent = 0x7ffc8103a820 (0x2e45d600)) -> UR_RESULT_SUCCESS;
   ---> urEventWait
[2026-10-08 08:18:01.995] [thread-id: 136250334403776] [trace] zeEventHostSynchronize(hEvent, timeout)
[2026-10-08 08:18:01.995] [thread-id: 136250334403776] [trace] SUCCESS (ZE_RESULT_SUCCESS) in zeEventHostSynchronize(hEvent=0x2e45dc18, timeout=18446744073709551615)
   <--- urEventWait(.numEvents = 1, .phEventWaitList = 0x7ffc8103a870 {0x2e45d600}) -> UR_RESULT_SUCCESS;
   ---> urEventRelease
   <--- urEventRelease(.hEvent = 0x2e45d600) -> UR_RESULT_SUCCESS;
   ---> urDeviceGetInfo
   <--- urDeviceGetInfo(.hDevice = 0x2e40c040, .propName = UR_DEVICE_INFO_MAX_WORK_GROUPS_3D, .propSize = 24, .pPropValue = {4294967295, 4294967295, 4294967295}, .pPropSizeRet = nullptr) -> UR_RESULT_SUCCESS;
   ---> urKernelGetGroupInfo
   <--- urKernelGetGroupInfo(.hKernel = 0x2e499d40, .hDevice = 0x2e40c040, .propName = UR_KERNEL_GROUP_INFO_COMPILE_WORK_GROUP_SIZE, .propSize = 24, .pPropValue = {0, 0, 0}, .pPropSizeRet = nullptr) -> UR_RESULT_SUCCESS;
   ---> urEnqueueKernelLaunchWithArgsExp
[2026-10-08 08:18:01.995] [thread-id: 136250334403776] [trace] zeKernelSuggestGroupSize(hKernel, globalSizeX, globalSizeY, globalSizeZ, groupSizeX, groupSizeY, groupSizeZ)
[2026-10-08 08:18:01.995] [thread-id: 136250334403776] [trace] SUCCESS (ZE_RESULT_SUCCESS) in zeKernelSuggestGroupSize(hKernel=0x2e49e748, globalSizeX=16384, globalSizeY=1, globalSizeZ=1, groupSizeX=1024, groupSizeY=1, groupSizeZ=1)
[2026-10-08 08:18:01.995] [thread-id: 136250334403776] [trace] zeKernelSetGroupSize(hKernel, groupSizeX, groupSizeY, groupSizeZ)
[2026-10-08 08:18:01.995] [thread-id: 136250334403776] [trace] SUCCESS (ZE_RESULT_SUCCESS) in zeKernelSetGroupSize(hKernel=0x2e49e748, groupSizeX=1024, groupSizeY=1, groupSizeZ=1)
[2026-10-08 08:18:01.995] [thread-id: 136250334403776] [trace] zeCommandListAppendLaunchKernelWithArguments(hCommandList, hKernel, groupCounts, groupSizes, pArguments, pNext, hSignalEvent, numWaitEvents, phWaitEventsLocal)
[2026-10-08 08:18:01.995] [thread-id: 136250334403776] [trace] SUCCESS (ZE_RESULT_SUCCESS) in zeCommandListAppendLaunchKernelWithArguments(hCommandList=0x2e414d88, hKernel=0x2e49e748, groupCounts={groupCountX=16, groupCountY=1, groupCountZ=1}, groupSizes={groupSizeX=1024, groupSizeY=1, groupSizeZ=1}, pArguments=0x2e49ee90, pNext=nullptr, hSignalEvent=0x2e45dc18, numWaitEvents=0, phWaitEvents=nullptr)
   <--- urEnqueueKernelLaunchWithArgsExp(.hQueue = 0x2e4140a0, .hKernel = 0x2e499d40, .workDim = 1, .pGlobalWorkOffset = nullptr, .pGlobalWorkSize = 0x7ffc8103a750 (16384), .pLocalWorkSize = nullptr, .numArgs = 1, .pArgs = 0x2e49a8d0 {(struct ur_exp_kernel_arg_properties_t){.stype = UR_STRUCTURE_TYPE_EXP_KERNEL_ARG_PROPERTIES, .pNext = nullptr, .type = UR_EXP_KERNEL_ARG_TYPE_POINTER, .index = 0, .size = 8, .value = (union ur_exp_kernel_arg_value_t){.pointer = 0xffffffffff600000}}}, .launchPropList = nullptr, .numEventsInWaitList = 0, .phEventWaitList = nullptr, .phEvent = 0x7ffc8103a170 (0x2e45d600)) -> UR_RESULT_SUCCESS;
   ---> urEventWait
[2026-10-08 08:18:01.995] [thread-id: 136250334403776] [trace] zeEventHostSynchronize(hEvent, timeout)
[2026-10-08 08:18:01.995] [thread-id: 136250334403776] [trace] SUCCESS (ZE_RESULT_SUCCESS) in zeEventHostSynchronize(hEvent=0x2e45dc18, timeout=18446744073709551615)
   <--- urEventWait(.numEvents = 1, .phEventWaitList = 0x7ffc8103a870 {0x2e45d600}) -> UR_RESULT_SUCCESS;
   ---> urEventRelease
   <--- urEventRelease(.hEvent = 0x2e45d600) -> UR_RESULT_SUCCESS;
   ---> urEnqueueUSMMemcpy
[2026-10-08 08:18:01.995] [thread-id: 136250334403776] [trace] zeCommandListAppendMemoryCopy(hCommandList, dstptr, srcptr, size, hSignalEvent, numWaitEvents, phWaitEventsLocal)
[2026-10-08 08:18:01.996] [thread-id: 136250334403776] [trace] SUCCESS (ZE_RESULT_SUCCESS) in zeCommandListAppendMemoryCopy(hCommandList=0x2e414d88, dstptr=0x2e4358b0, srcptr=0xffffffffff600000, size=65536, hSignalEvent=0x2e45dc18, numWaitEvents=0, phWaitEvents=nullptr)
   <--- urEnqueueUSMMemcpy(.hQueue = 0x2e4140a0, .blocking = 0, .pDst = 0x2e4358b0, .pSrc = 0xffffffffff600000, .size = 65536, .numEventsInWaitList = 0, .phEventWaitList = nullptr, .phEvent = 0x7ffc8103a820 (0x2e45d600)) -> UR_RESULT_SUCCESS;
   ---> urEventWait
[2026-10-08 08:18:01.996] [thread-id: 136250334403776] [trace] zeEventHostSynchronize(hEvent, timeout)
[2026-10-08 08:18:01.996] [thread-id: 136250334403776] [trace] SUCCESS (ZE_RESULT_SUCCESS) in zeEventHostSynchronize(hEvent=0x2e45dc18, timeout=18446744073709551615)
   <--- urEventWait(.numEvents = 1, .phEventWaitList = 0x7ffc8103a870 {0x2e45d600}) -> UR_RESULT_SUCCESS;
   ---> urEventRelease
   <--- urEventRelease(.hEvent = 0x2e45d600) -> UR_RESULT_SUCCESS;
   ---> urQueueFinish
[2026-10-08 08:18:01.996] [thread-id: 136250334403776] [trace] zeCommandListHostSynchronize(hCommandList, timeout)
[2026-10-08 08:18:01.996] [thread-id: 136250334403776] [trace] SUCCESS (ZE_RESULT_SUCCESS) in zeCommandListHostSynchronize(hCommandList=0x2e414d88, timeout=18446744073709551615)
   <--- urQueueFinish(.hQueue = 0x2e4140a0) -> UR_RESULT_SUCCESS;
   ---> urUSMFree
   <--- urUSMFree(.hContext = 0x2e410b90, .pMem = 0xffffffffff600000) -> UR_RESULT_SUCCESS;
   ---> urQueueRelease
[2026-10-08 08:18:01.996] [thread-id: 136250334403776] [trace] zeCommandListHostSynchronize(hCommandList, timeout)
[2026-10-08 08:18:01.996] [thread-id: 136250334403776] [trace] SUCCESS (ZE_RESULT_SUCCESS) in zeCommandListHostSynchronize(hCommandList=0x2e414d88, timeout=18446744073709551615)
   <--- urQueueRelease(.hQueue = 0x2e4140a0) -> UR_RESULT_SUCCESS;
   ---> urProgramRelease
   <--- urProgramRelease(.hProgram = 0x2e44ea10) -> UR_RESULT_SUCCESS;
   ---> urKernelRelease
   <--- urKernelRelease(.hKernel = 0x2e499d40) -> UR_RESULT_SUCCESS;
   ---> urProgramRelease
   <--- urProgramRelease(.hProgram = 0x2e44ea10) -> UR_RESULT_SUCCESS;
   ---> urKernelRelease
[2026-10-08 08:18:01.996] [thread-id: 136250334403776] [trace] zeKernelDestroy(hKernel)
[2026-10-08 08:18:01.996] [thread-id: 136250334403776] [trace] SUCCESS (ZE_RESULT_SUCCESS) in zeKernelDestroy(hKernel=0x2e49e748)
[2026-10-08 08:18:01.996] [thread-id: 136250334403776] [trace] zeModuleBuildLogDestroy(hModuleBuildLog)
[2026-10-08 08:18:01.996] [thread-id: 136250334403776] [trace] SUCCESS (ZE_RESULT_SUCCESS) in zeModuleBuildLogDestroy(hModuleBuildLog=0x2e487818)
[2026-10-08 08:18:01.996] [thread-id: 136250334403776] [trace] zeModuleDestroy(hModule)
[2026-10-08 08:18:01.996] [thread-id: 136250334403776] [trace] SUCCESS (ZE_RESULT_SUCCESS) in zeModuleDestroy(hModule=0x2e461d18)
   <--- urKernelRelease(.hKernel = 0x2e499d40) -> UR_RESULT_SUCCESS;
   ---> urContextRelease
[2026-10-08 08:18:01.996] [thread-id: 136250334403776] [trace] zeMemFreeExt(hContext, pMemFreeDesc, ptr)
[2026-10-08 08:18:01.996] [thread-id: 136250334403776] [trace] SUCCESS (ZE_RESULT_SUCCESS) in zeMemFreeExt(hContext=0x2e40d738, pMemFreeDesc={stype=0x7ffc8103a5b0, freePolicy=1}, ptr=0xffffffffff600000)
[2026-10-08 08:18:01.996] [thread-id: 136250334403776] [trace] zeEventDestroy(hEvent)
[2026-10-08 08:18:01.996] [thread-id: 136250334403776] [trace] SUCCESS (ZE_RESULT_SUCCESS) in zeEventDestroy(hEvent=0x2e446528)
[2026-10-08 08:18:01.996] [thread-id: 136250334403776] [trace] zeEventDestroy(hEvent)
[2026-10-08 08:18:01.996] [thread-id: 136250334403776] [trace] SUCCESS (ZE_RESULT_SUCCESS) in zeEventDestroy(hEvent=0x2e446a68)
[2026-10-08 08:18:01.996] [thread-id: 136250334403776] [trace] zeEventDestroy(hEvent)
[2026-10-08 08:18:01.996] [thread-id: 136250334403776] [trace] SUCCESS (ZE_RESULT_SUCCESS) in zeEventDestroy(hEvent=0x2e447168)
[2026-10-08 08:18:01.996] [thread-id: 136250334403776] [trace] zeEventDestroy(hEvent)
[2026-10-08 08:18:01.996] [thread-id: 136250334403776] [trace] SUCCESS (ZE_RESULT_SUCCESS) in zeEventDestroy(hEvent=0x2e4476c8)
[2026-10-08 08:18:01.996] [thread-id: 136250334403776] [trace] zeEventDestroy(hEvent)
[2026-10-08 08:18:01.996] [thread-id: 136250334403776] [trace] SUCCESS (ZE_RESULT_SUCCESS) in zeEventDestroy(hEvent=0x2e447dc8)
[2026-10-08 08:18:01.996] [thread-id: 136250334403776] [trace] zeEventDestroy(hEvent)
[2026-10-08 08:18:01.996] [thread-id: 136250334403776] [trace] SUCCESS (ZE_RESULT_SUCCESS) in zeEventDestroy(hEvent=0x2e4482d8)
[2026-10-08 08:18:01.996] [thread-id: 136250334403776] [trace] zeEventDestroy(hEvent)
[2026-10-08 08:18:01.996] [thread-id: 136250334403776] [trace] SUCCESS (ZE_RESULT_SUCCESS) in zeEventDestroy(hEvent=0x2e4489d8)
[2026-10-08 08:18:01.996] [thread-id: 136250334403776] [trace] zeEventDestroy(hEvent)
[2026-10-08 08:18:01.996] [thread-id: 136250334403776] [trace] SUCCESS (ZE_RESULT_SUCCESS) in zeEventDestroy(hEvent=0x2e448ee8)
[2026-10-08 08:18:01.996] [thread-id: 136250334403776] [trace] zeEventDestroy(hEvent)
[2026-10-08 08:18:01.996] [thread-id: 136250334403776] [trace] SUCCESS (ZE_RESULT_SUCCESS) in zeEventDestroy(hEvent=0x2e4495e8)
[2026-10-08 08:18:01.996] [thread-id: 136250334403776] [trace] zeEventDestroy(hEvent)
[2026-10-08 08:18:01.997] [thread-id: 136250334403776] [trace] SUCCESS (ZE_RESULT_SUCCESS) in zeEventDestroy(hEvent=0x2e449b98)
[2026-10-08 08:18:01.997] [thread-id: 136250334403776] [trace] zeEventDestroy(hEvent)
[2026-10-08 08:18:01.997] [thread-id: 136250334403776] [trace] SUCCESS (ZE_RESULT_SUCCESS) in zeEventDestroy(hEvent=0x2e44a298)
[2026-10-08 08:18:01.997] [thread-id: 136250334403776] [trace] zeEventDestroy(hEvent)
[2026-10-08 08:18:01.997] [thread-id: 136250334403776] [trace] SUCCESS (ZE_RESULT_SUCCESS) in zeEventDestroy(hEvent=0x2e44a7a8)
[2026-10-08 08:18:01.997] [thread-id: 136250334403776] [trace] zeEventDestroy(hEvent)
[2026-10-08 08:18:01.997] [thread-id: 136250334403776] [trace] SUCCESS (ZE_RESULT_SUCCESS) in zeEventDestroy(hEvent=0x2e44aea8)
[2026-10-08 08:18:01.997] [thread-id: 136250334403776] [trace] zeEventDestroy(hEvent)
[2026-10-08 08:18:01.997] [thread-id: 136250334403776] [trace] SUCCESS (ZE_RESULT_SUCCESS) in zeEventDestroy(hEvent=0x2e44b3b8)
[2026-10-08 08:18:01.997] [thread-id: 136250334403776] [trace] zeEventDestroy(hEvent)
[2026-10-08 08:18:01.997] [thread-id: 136250334403776] [trace] SUCCESS (ZE_RESULT_SUCCESS) in zeEventDestroy(hEvent=0x2e44bab8)
[2026-10-08 08:18:01.997] [thread-id: 136250334403776] [trace] zeEventDestroy(hEvent)
[2026-10-08 08:18:01.997] [thread-id: 136250334403776] [trace] SUCCESS (ZE_RESULT_SUCCESS) in zeEventDestroy(hEvent=0x2e44c0d8)
[2026-10-08 08:18:01.997] [thread-id: 136250334403776] [trace] zeEventDestroy(hEvent)
[2026-10-08 08:18:01.997] [thread-id: 136250334403776] [trace] SUCCESS (ZE_RESULT_SUCCESS) in zeEventDestroy(hEvent=0x2e44c7d8)
[2026-10-08 08:18:01.997] [thread-id: 136250334403776] [trace] zeEventDestroy(hEvent)
[2026-10-08 08:18:01.997] [thread-id: 136250334403776] [trace] SUCCESS (ZE_RESULT_SUCCESS) in zeEventDestroy(hEvent=0x2e44cce8)
[2026-10-08 08:18:01.997] [thread-id: 136250334403776] [trace] zeEventDestroy(hEvent)
[2026-10-08 08:18:01.997] [thread-id: 136250334403776] [trace] SUCCESS (ZE_RESULT_SUCCESS) in zeEventDestroy(hEvent=0x2e44d3e8)
[2026-10-08 08:18:01.997] [thread-id: 136250334403776] [trace] zeEventDestroy(hEvent)
[2026-10-08 08:18:01.997] [thread-id: 136250334403776] [trace] SUCCESS (ZE_RESULT_SUCCESS) in zeEventDestroy(hEvent=0x2e44d8f8)
[2026-10-08 08:18:01.997] [thread-id: 136250334403776] [trace] zeEventDestroy(hEvent)
[2026-10-08 08:18:01.997] [thread-id: 136250334403776] [trace] SUCCESS (ZE_RESULT_SUCCESS) in zeEventDestroy(hEvent=0x2e44dff8)
[2026-10-08 08:18:01.997] [thread-id: 136250334403776] [trace] zeEventDestroy(hEvent)
[2026-10-08 08:18:01.997] [thread-id: 136250334403776] [trace] SUCCESS (ZE_RESULT_SUCCESS) in zeEventDestroy(hEvent=0x2e44e508)
[2026-10-08 08:18:01.997] [thread-id: 136250334403776] [trace] zeEventDestroy(hEvent)
[2026-10-08 08:18:01.997] [thread-id: 136250334403776] [trace] SUCCESS (ZE_RESULT_SUCCESS) in zeEventDestroy(hEvent=0x2e44ed48)
[2026-10-08 08:18:01.997] [thread-id: 136250334403776] [trace] zeEventDestroy(hEvent)
[2026-10-08 08:18:01.997] [thread-id: 136250334403776] [trace] SUCCESS (ZE_RESULT_SUCCESS) in zeEventDestroy(hEvent=0x2e44f258)
[2026-10-08 08:18:01.997] [thread-id: 136250334403776] [trace] zeEventDestroy(hEvent)
[2026-10-08 08:18:01.997] [thread-id: 136250334403776] [trace] SUCCESS (ZE_RESULT_SUCCESS) in zeEventDestroy(hEvent=0x2e44f958)
[2026-10-08 08:18:01.997] [thread-id: 136250334403776] [trace] zeEventDestroy(hEvent)
[2026-10-08 08:18:01.997] [thread-id: 136250334403776] [trace] SUCCESS (ZE_RESULT_SUCCESS) in zeEventDestroy(hEvent=0x2e44fe68)
[2026-10-08 08:18:01.997] [thread-id: 136250334403776] [trace] zeEventDestroy(hEvent)
[2026-10-08 08:18:01.997] [thread-id: 136250334403776] [trace] SUCCESS (ZE_RESULT_SUCCESS) in zeEventDestroy(hEvent=0x2e450568)
[2026-10-08 08:18:01.997] [thread-id: 136250334403776] [trace] zeEventDestroy(hEvent)
[2026-10-08 08:18:01.997] [thread-id: 136250334403776] [trace] SUCCESS (ZE_RESULT_SUCCESS) in zeEventDestroy(hEvent=0x2e450a78)
[2026-10-08 08:18:01.997] [thread-id: 136250334403776] [trace] zeEventDestroy(hEvent)
[2026-10-08 08:18:01.997] [thread-id: 136250334403776] [trace] SUCCESS (ZE_RESULT_SUCCESS) in zeEventDestroy(hEvent=0x2e451178)
[2026-10-08 08:18:01.997] [thread-id: 136250334403776] [trace] zeEventDestroy(hEvent)
[2026-10-08 08:18:01.997] [thread-id: 136250334403776] [trace] SUCCESS (ZE_RESULT_SUCCESS) in zeEventDestroy(hEvent=0x2e451688)
[2026-10-08 08:18:01.997] [thread-id: 136250334403776] [trace] zeEventDestroy(hEvent)
[2026-10-08 08:18:01.997] [thread-id: 136250334403776] [trace] SUCCESS (ZE_RESULT_SUCCESS) in zeEventDestroy(hEvent=0x2e451d88)
[2026-10-08 08:18:01.997] [thread-id: 136250334403776] [trace] zeEventDestroy(hEvent)
[2026-10-08 08:18:01.997] [thread-id: 136250334403776] [trace] SUCCESS (ZE_RESULT_SUCCESS) in zeEventDestroy(hEvent=0x2e4524a8)
[2026-10-08 08:18:01.997] [thread-id: 136250334403776] [trace] zeEventDestroy(hEvent)
[2026-10-08 08:18:01.997] [thread-id: 136250334403776] [trace] SUCCESS (ZE_RESULT_SUCCESS) in zeEventDestroy(hEvent=0x2e452ba8)
[2026-10-08 08:18:01.997] [thread-id: 136250334403776] [trace] zeEventDestroy(hEvent)
[2026-10-08 08:18:01.997] [thread-id: 136250334403776] [trace] SUCCESS (ZE_RESULT_SUCCESS) in zeEventDestroy(hEvent=0x2e4530b8)
[2026-10-08 08:18:01.997] [thread-id: 136250334403776] [trace] zeEventDestroy(hEvent)
[2026-10-08 08:18:01.997] [thread-id: 136250334403776] [trace] SUCCESS (ZE_RESULT_SUCCESS) in zeEventDestroy(hEvent=0x2e4537b8)
[2026-10-08 08:18:01.997] [thread-id: 136250334403776] [trace] zeEventDestroy(hEvent)
[2026-10-08 08:18:01.997] [thread-id: 136250334403776] [trace] SUCCESS (ZE_RESULT_SUCCESS) in zeEventDestroy(hEvent=0x2e453cc8)
[2026-10-08 08:18:01.997] [thread-id: 136250334403776] [trace] zeEventDestroy(hEvent)
[2026-10-08 08:18:01.997] [thread-id: 136250334403776] [trace] SUCCESS (ZE_RESULT_SUCCESS) in zeEventDestroy(hEvent=0x2e4543c8)
[2026-10-08 08:18:01.997] [thread-id: 136250334403776] [trace] zeEventDestroy(hEvent)
[2026-10-08 08:18:01.997] [thread-id: 136250334403776] [trace] SUCCESS (ZE_RESULT_SUCCESS) in zeEventDestroy(hEvent=0x2e4548d8)
[2026-10-08 08:18:01.997] [thread-id: 136250334403776] [trace] zeEventDestroy(hEvent)
[2026-10-08 08:18:01.997] [thread-id: 136250334403776] [trace] SUCCESS (ZE_RESULT_SUCCESS) in zeEventDestroy(hEvent=0x2e454fd8)
[2026-10-08 08:18:01.997] [thread-id: 136250334403776] [trace] zeEventDestroy(hEvent)
[2026-10-08 08:18:01.997] [thread-id: 136250334403776] [trace] SUCCESS (ZE_RESULT_SUCCESS) in zeEventDestroy(hEvent=0x2e4554e8)
[2026-10-08 08:18:01.997] [thread-id: 136250334403776] [trace] zeEventDestroy(hEvent)
[2026-10-08 08:18:01.997] [thread-id: 136250334403776] [trace] SUCCESS (ZE_RESULT_SUCCESS) in zeEventDestroy(hEvent=0x2e455be8)
[2026-10-08 08:18:01.997] [thread-id: 136250334403776] [trace] zeEventDestroy(hEvent)
[2026-10-08 08:18:01.997] [thread-id: 136250334403776] [trace] SUCCESS (ZE_RESULT_SUCCESS) in zeEventDestroy(hEvent=0x2e4560f8)
[2026-10-08 08:18:01.997] [thread-id: 136250334403776] [trace] zeEventDestroy(hEvent)
[2026-10-08 08:18:01.997] [thread-id: 136250334403776] [trace] SUCCESS (ZE_RESULT_SUCCESS) in zeEventDestroy(hEvent=0x2e4567f8)
[2026-10-08 08:18:01.997] [thread-id: 136250334403776] [trace] zeEventDestroy(hEvent)
[2026-10-08 08:18:01.997] [thread-id: 136250334403776] [trace] SUCCESS (ZE_RESULT_SUCCESS) in zeEventDestroy(hEvent=0x2e456d08)
[2026-10-08 08:18:01.997] [thread-id: 136250334403776] [trace] zeEventDestroy(hEvent)
[2026-10-08 08:18:01.997] [thread-id: 136250334403776] [trace] SUCCESS (ZE_RESULT_SUCCESS) in zeEventDestroy(hEvent=0x2e457408)
[2026-10-08 08:18:01.997] [thread-id: 136250334403776] [trace] zeEventDestroy(hEvent)
[2026-10-08 08:18:01.997] [thread-id: 136250334403776] [trace] SUCCESS (ZE_RESULT_SUCCESS) in zeEventDestroy(hEvent=0x2e457918)
[2026-10-08 08:18:01.997] [thread-id: 136250334403776] [trace] zeEventDestroy(hEvent)
[2026-10-08 08:18:01.998] [thread-id: 136250334403776] [trace] SUCCESS (ZE_RESULT_SUCCESS) in zeEventDestroy(hEvent=0x2e458018)
[2026-10-08 08:18:01.998] [thread-id: 136250334403776] [trace] zeEventDestroy(hEvent)
[2026-10-08 08:18:01.998] [thread-id: 136250334403776] [trace] SUCCESS (ZE_RESULT_SUCCESS) in zeEventDestroy(hEvent=0x2e458528)
[2026-10-08 08:18:01.998] [thread-id: 136250334403776] [trace] zeEventDestroy(hEvent)
[2026-10-08 08:18:01.998] [thread-id: 136250334403776] [trace] SUCCESS (ZE_RESULT_SUCCESS) in zeEventDestroy(hEvent=0x2e458c28)
[2026-10-08 08:18:01.998] [thread-id: 136250334403776] [trace] zeEventDestroy(hEvent)
[2026-10-08 08:18:01.998] [thread-id: 136250334403776] [trace] SUCCESS (ZE_RESULT_SUCCESS) in zeEventDestroy(hEvent=0x2e459138)
[2026-10-08 08:18:01.998] [thread-id: 136250334403776] [trace] zeEventDestroy(hEvent)
[2026-10-08 08:18:01.998] [thread-id: 136250334403776] [trace] SUCCESS (ZE_RESULT_SUCCESS) in zeEventDestroy(hEvent=0x2e459ab8)
[2026-10-08 08:18:01.998] [thread-id: 136250334403776] [trace] zeEventDestroy(hEvent)
[2026-10-08 08:18:01.998] [thread-id: 136250334403776] [trace] SUCCESS (ZE_RESULT_SUCCESS) in zeEventDestroy(hEvent=0x2e459fc8)
[2026-10-08 08:18:01.998] [thread-id: 136250334403776] [trace] zeEventDestroy(hEvent)
[2026-10-08 08:18:01.998] [thread-id: 136250334403776] [trace] SUCCESS (ZE_RESULT_SUCCESS) in zeEventDestroy(hEvent=0x2e45a6c8)
[2026-10-08 08:18:01.998] [thread-id: 136250334403776] [trace] zeEventDestroy(hEvent)
[2026-10-08 08:18:01.998] [thread-id: 136250334403776] [trace] SUCCESS (ZE_RESULT_SUCCESS) in zeEventDestroy(hEvent=0x2e45abd8)
[2026-10-08 08:18:01.998] [thread-id: 136250334403776] [trace] zeEventDestroy(hEvent)
[2026-10-08 08:18:01.998] [thread-id: 136250334403776] [trace] SUCCESS (ZE_RESULT_SUCCESS) in zeEventDestroy(hEvent=0x2e45b2d8)
[2026-10-08 08:18:01.998] [thread-id: 136250334403776] [trace] zeEventDestroy(hEvent)
[2026-10-08 08:18:01.998] [thread-id: 136250334403776] [trace] SUCCESS (ZE_RESULT_SUCCESS) in zeEventDestroy(hEvent=0x2e45b7e8)
[2026-10-08 08:18:01.998] [thread-id: 136250334403776] [trace] zeEventDestroy(hEvent)
[2026-10-08 08:18:01.998] [thread-id: 136250334403776] [trace] SUCCESS (ZE_RESULT_SUCCESS) in zeEventDestroy(hEvent=0x2e45bee8)
[2026-10-08 08:18:01.998] [thread-id: 136250334403776] [trace] zeEventDestroy(hEvent)
[2026-10-08 08:18:01.998] [thread-id: 136250334403776] [trace] SUCCESS (ZE_RESULT_SUCCESS) in zeEventDestroy(hEvent=0x2e45c3f8)
[2026-10-08 08:18:01.998] [thread-id: 136250334403776] [trace] zeEventDestroy(hEvent)
[2026-10-08 08:18:01.998] [thread-id: 136250334403776] [trace] SUCCESS (ZE_RESULT_SUCCESS) in zeEventDestroy(hEvent=0x2e45caf8)
[2026-10-08 08:18:01.998] [thread-id: 136250334403776] [trace] zeEventDestroy(hEvent)
[2026-10-08 08:18:01.998] [thread-id: 136250334403776] [trace] SUCCESS (ZE_RESULT_SUCCESS) in zeEventDestroy(hEvent=0x2e45d008)
[2026-10-08 08:18:01.998] [thread-id: 136250334403776] [trace] zeEventDestroy(hEvent)
[2026-10-08 08:18:01.998] [thread-id: 136250334403776] [trace] SUCCESS (ZE_RESULT_SUCCESS) in zeEventDestroy(hEvent=0x2e45d708)
[2026-10-08 08:18:01.998] [thread-id: 136250334403776] [trace] zeEventDestroy(hEvent)
[2026-10-08 08:18:01.998] [thread-id: 136250334403776] [trace] SUCCESS (ZE_RESULT_SUCCESS) in zeEventDestroy(hEvent=0x2e45dc18)
[2026-10-08 08:18:01.998] [thread-id: 136250334403776] [trace] zeEventDestroy(hEvent)
[2026-10-08 08:18:01.998] [thread-id: 136250334403776] [trace] SUCCESS (ZE_RESULT_SUCCESS) in zeEventDestroy(hEvent=0x2e445a68)
[2026-10-08 08:18:01.998] [thread-id: 136250334403776] [trace] zeEventDestroy(hEvent)
[2026-10-08 08:18:01.998] [thread-id: 136250334403776] [trace] SUCCESS (ZE_RESULT_SUCCESS) in zeEventDestroy(hEvent=0x2e445e08)
[2026-10-08 08:18:01.998] [thread-id: 136250334403776] [trace] zeCommandListDestroy(hCommandList)
[2026-10-08 08:18:01.998] [thread-id: 136250334403776] [trace] SUCCESS (ZE_RESULT_SUCCESS) in zeCommandListDestroy(hCommandList=0x2e414d88)
[2026-10-08 08:18:01.998] [thread-id: 136250334403776] [trace] zeContextDestroy(hContext)
[2026-10-08 08:18:01.998] [thread-id: 136250334403776] [trace] SUCCESS (ZE_RESULT_SUCCESS) in zeContextDestroy(hContext=0x2e40d738)
   <--- urContextRelease(.hContext = 0x2e410b90) -> UR_RESULT_SUCCESS;
   ---> urDeviceRelease
   <--- urDeviceRelease(.hDevice = 0x2e40c040) -> UR_RESULT_SUCCESS;
   ---> urAdapterRelease
   <--- urAdapterRelease(.hAdapter = 0x2e210700) -> UR_RESULT_SUCCESS;
