<LOADER>[DEBUG]: Logger loader initialized successfully!
<LOADER>[INFO]: loaded adapter 0x0x969c980 (/opt/intel/oneapi/compiler/2026.1/lib/libur_adapter_level_zero_v2.so.0) from /opt/intel/oneapi/compiler/2026.1/lib/libur_adapter_level_zero_v2.so.0
   ---> urAdapterGet
<LEVEL_ZERO>[DEBUG]: zeInit with flags value of 1
[2026-10-08 02:01:03.731] [thread-id: 130068151745728] [info] Loader Version 1.32.0  - No git SHA found, compiled outside git folder.
[2026-10-08 02:01:03.734] [thread-id: 130068151745728] [info] Validation Layer Enabled
[2026-10-08 02:01:03.734] [thread-id: 130068151745728] [info] zeInit succeeded
[2026-10-08 02:01:03.734] [thread-id: 130068151745728] [trace] zeInit(flags)
[2026-10-08 02:01:03.811] [thread-id: 130068151745728] [trace] SUCCESS (ZE_RESULT_SUCCESS) in zeInit(flags=1)
<LEVEL_ZERO>[DEBUG]: Level Zero Loader version: 1.32.0
<LEVEL_ZERO>[DEBUG]: zeInitDrivers with flags value of 1
[2026-10-08 02:01:03.811] [thread-id: 130068151745728] [trace] zeInitDrivers(pCount, phDrivers, desc)
[2026-10-08 02:01:03.811] [thread-id: 130068151745728] [trace] SUCCESS (ZE_RESULT_SUCCESS) in zeInitDrivers(pCount=1, phDrivers=nullptr, desc={stype=0x969b728, flags=1})
[2026-10-08 02:01:03.811] [thread-id: 130068151745728] [trace] zeInitDrivers(pCount, phDrivers, desc)
[2026-10-08 02:01:03.811] [thread-id: 130068151745728] [trace] SUCCESS (ZE_RESULT_SUCCESS) in zeInitDrivers(pCount=1, phDrivers=nullptr, desc={stype=0x969b728, flags=1})
[2026-10-08 02:01:03.811] [thread-id: 130068151745728] [trace] zeDriverGet(pCount, phDrivers)
[2026-10-08 02:01:03.811] [thread-id: 130068151745728] [trace] SUCCESS (ZE_RESULT_SUCCESS) in zeDriverGet(pCount=1, phDrivers=nullptr)
[2026-10-08 02:01:03.811] [thread-id: 130068151745728] [trace] zeDriverGet(pCount, phDrivers)
[2026-10-08 02:01:03.811] [thread-id: 130068151745728] [trace] SUCCESS (ZE_RESULT_SUCCESS) in zeDriverGet(pCount=1, phDrivers=0x9881980)
[2026-10-08 02:01:03.811] [thread-id: 130068151745728] [trace] zeDeviceGet(hDriver, pCount, phDevices)
[2026-10-08 02:01:03.811] [thread-id: 130068151745728] [trace] SUCCESS (ZE_RESULT_SUCCESS) in zeDeviceGet(hDriver=0x98819c8, pCount=1, phDevices=nullptr)
[2026-10-08 02:01:03.811] [thread-id: 130068151745728] [trace] zeDeviceGet(hDriver, pCount, phDevices)
[2026-10-08 02:01:03.811] [thread-id: 130068151745728] [trace] SUCCESS (ZE_RESULT_SUCCESS) in zeDeviceGet(hDriver=0x98819c8, pCount=1, phDevices=0x988e2b0)
[2026-10-08 02:01:03.811] [thread-id: 130068151745728] [trace] zeDeviceGetProperties(hDevice, pDeviceProperties)
[2026-10-08 02:01:03.811] [thread-id: 130068151745728] [trace] SUCCESS (ZE_RESULT_SUCCESS) in zeDeviceGetProperties(hDevice=0x9881f28, pDeviceProperties={stype=0x7fff71018870, type=0x7fff71018880, vendorId=32902, deviceId=57868, flags=8, subdeviceId=0, coreClockRate=2750, maxMemAllocSize=10132807680, maxHardwareContexts=65536, maxCommandQueuePriority=0, numThreadsPerEU=8, physicalEUSimdWidth=16, numEUsPerSubslice=8, numSubslicesPerSlice=4, numSlices=5, timerResolution=52, timestampValidBits=64, kernelTimestampValidBits=64, uuid={id=134}, name="Intel(R) Arc(TM) B570 Graphics"})
<LEVEL_ZERO>[DEBUG]: 
zesInit with flags value of 0

[2026-10-08 02:01:03.811] [thread-id: 130068151745728] [trace] zesInit(flags)
[2026-10-08 02:01:03.813] [thread-id: 130068151745728] [trace] SUCCESS (ZE_RESULT_SUCCESS) in zesInit(flags=0)
[2026-10-08 02:01:03.813] [thread-id: 130068151745728] [trace] zeDriverGet(pCount, phDrivers)
[2026-10-08 02:01:03.813] [thread-id: 130068151745728] [trace] SUCCESS (ZE_RESULT_SUCCESS) in zeDriverGet(pCount=1, phDrivers=nullptr)
[2026-10-08 02:01:03.813] [thread-id: 130068151745728] [trace] zeDriverGet(pCount, phDrivers)
[2026-10-08 02:01:03.813] [thread-id: 130068151745728] [trace] SUCCESS (ZE_RESULT_SUCCESS) in zeDriverGet(pCount=1, phDrivers=0x9895340)
[2026-10-08 02:01:03.813] [thread-id: 130068151745728] [trace] zeInitDrivers(pCount, phDrivers, desc)
[2026-10-08 02:01:03.813] [thread-id: 130068151745728] [trace] SUCCESS (ZE_RESULT_SUCCESS) in zeInitDrivers(pCount=1, phDrivers=0x9895410, desc={stype=0x969b728, flags=1})
[2026-10-08 02:01:03.813] [thread-id: 130068151745728] [trace] zeDriverGetProperties(hDriver, pDriverProperties)
[2026-10-08 02:01:03.813] [thread-id: 130068151745728] [trace] SUCCESS (ZE_RESULT_SUCCESS) in zeDriverGetProperties(hDriver=0x98819c8, pDriverProperties={stype=0x7fff710187c0, uuid={id=227}, driverVersion=17013219})
[2026-10-08 02:01:03.813] [thread-id: 130068151745728] [trace] zeDriverGetProperties(hDriver, pDriverProperties)
[2026-10-08 02:01:03.813] [thread-id: 130068151745728] [trace] SUCCESS (ZE_RESULT_SUCCESS) in zeDriverGetProperties(hDriver=0x98819c8, pDriverProperties={stype=0x7fff71018990, uuid={id=227}, driverVersion=17013219})
<LEVEL_ZERO>[DEBUG]: zeDriverHandle 0x98819c8 matched between zeDriverGet and zeInitDrivers. Not adding duplicate driver to list
<LEVEL_ZERO>[DEBUG]: 1 L0 Drivers found.
[2026-10-08 02:01:03.813] [thread-id: 130068151745728] [trace] zeDeviceGet(hDriver, pCount, phDevices)
[2026-10-08 02:01:03.813] [thread-id: 130068151745728] [trace] SUCCESS (ZE_RESULT_SUCCESS) in zeDeviceGet(hDriver=0x98819c8, pCount=1, phDevices=nullptr)
[2026-10-08 02:01:03.813] [thread-id: 130068151745728] [trace] zeDeviceGet(hDriver, pCount, phDevices)
[2026-10-08 02:01:03.813] [thread-id: 130068151745728] [trace] SUCCESS (ZE_RESULT_SUCCESS) in zeDeviceGet(hDriver=0x98819c8, pCount=1, phDevices=0x98956b0)
[2026-10-08 02:01:03.813] [thread-id: 130068151745728] [trace] zeDeviceGetProperties(hDevice, pDeviceProperties)
[2026-10-08 02:01:03.813] [thread-id: 130068151745728] [trace] SUCCESS (ZE_RESULT_SUCCESS) in zeDeviceGetProperties(hDevice=0x9881f28, pDeviceProperties={stype=0x7fff710187c0, type=0x7fff710187d0, vendorId=32902, deviceId=57868, flags=8, subdeviceId=0, coreClockRate=2750, maxMemAllocSize=10132807680, maxHardwareContexts=65536, maxCommandQueuePriority=0, numThreadsPerEU=8, physicalEUSimdWidth=16, numEUsPerSubslice=8, numSubslicesPerSlice=4, numSlices=5, timerResolution=52, timestampValidBits=64, kernelTimestampValidBits=64, uuid={id=134}, name="Intel(R) Arc(TM) B570 Graphics"})
[2026-10-08 02:01:03.813] [thread-id: 130068151745728] [trace] zeDriverGetApiVersion(hDriver, version)
[2026-10-08 02:01:03.813] [thread-id: 130068151745728] [trace] SUCCESS (ZE_RESULT_SUCCESS) in zeDriverGetApiVersion(hDriver=0x98819c8, version=65553)
[2026-10-08 02:01:03.813] [thread-id: 130068151745728] [trace] zeDriverGetExtensionProperties(hDriver, pCount, pExtensionProperties)
[2026-10-08 02:01:03.813] [thread-id: 130068151745728] [trace] SUCCESS (ZE_RESULT_SUCCESS) in zeDriverGetExtensionProperties(hDriver=0x98819c8, pCount=63, pExtensionProperties=nullptr)
[2026-10-08 02:01:03.813] [thread-id: 130068151745728] [trace] zeDriverGetExtensionProperties(hDriver, pCount, pExtensionProperties)
[2026-10-08 02:01:03.813] [thread-id: 130068151745728] [trace] SUCCESS (ZE_RESULT_SUCCESS) in zeDriverGetExtensionProperties(hDriver=0x98819c8, pCount=63, pExtensionProperties={name="ZE_extension_device_cache_line_size", version=65536})
[2026-10-08 02:01:03.813] [thread-id: 130068151745728] [trace] zeDriverGetExtensionFunctionAddress(hDriver, name, ppFunctionAddress)
[2026-10-08 02:01:03.813] [thread-id: 130068151745728] [trace] SUCCESS (ZE_RESULT_SUCCESS) in zeDriverGetExtensionFunctionAddress(hDriver=0x98819c8, name="zeIntelGetDriverVersionString", ppFunctionAddress=0x764bd6253c00)
[2026-10-08 02:01:03.813] [thread-id: 130068151745728] [trace] zeDriverGetProperties(hDriver, pDriverProperties)
[2026-10-08 02:01:03.813] [thread-id: 130068151745728] [trace] SUCCESS (ZE_RESULT_SUCCESS) in zeDriverGetProperties(hDriver=0x98819c8, pDriverProperties={stype=0x7fff71018680, uuid={id=227}, driverVersion=17013219})
<LEVEL_ZERO>[DEBUG]: Level Zero Driver version: 1.17.39395+14
[2026-10-08 02:01:03.813] [thread-id: 130068151745728] [trace] zeDriverGetExtensionFunctionAddress(hDriver, name, ppFunctionAddress)
[2026-10-08 02:01:03.813] [thread-id: 130068151745728] [trace] SUCCESS (ZE_RESULT_SUCCESS) in zeDriverGetExtensionFunctionAddress(hDriver=0x98819c8, name="zexDriverImportExternalPointer", ppFunctionAddress=0x764bd624ea40)
[2026-10-08 02:01:03.813] [thread-id: 130068151745728] [trace] zeDriverGetExtensionFunctionAddress(hDriver, name, ppFunctionAddress)
[2026-10-08 02:01:03.813] [thread-id: 130068151745728] [trace] SUCCESS (ZE_RESULT_SUCCESS) in zeDriverGetExtensionFunctionAddress(hDriver=0x98819c8, name="zexDriverReleaseImportedPointer", ppFunctionAddress=0x764bd6256e30)
[2026-10-08 02:01:03.813] [thread-id: 130068151745728] [trace] zeDriverGetExtensionFunctionAddress(hDriver, name, ppFunctionAddress)
[2026-10-08 02:01:03.813] [thread-id: 130068151745728] [trace] SUCCESS (ZE_RESULT_SUCCESS) in zeDriverGetExtensionFunctionAddress(hDriver=0x98819c8, name="zeImageGetDeviceOffsetExp", ppFunctionAddress=0x764bd6258190)
[2026-10-08 02:01:03.813] [thread-id: 130068151745728] [trace] zeDriverGetExtensionFunctionAddress(hDriver, name, ppFunctionAddress)
[2026-10-08 02:01:03.813] [thread-id: 130068151745728] [trace] SUCCESS (ZE_RESULT_SUCCESS) in zeDriverGetExtensionFunctionAddress(hDriver=0x98819c8, name="zeMemGetPitchFor2dImage", ppFunctionAddress=0x764bd625a550)
[2026-10-08 02:01:03.813] [thread-id: 130068151745728] [trace] zeDriverGetExtensionFunctionAddress(hDriver, name, ppFunctionAddress)
[2026-10-08 02:01:03.813] [thread-id: 130068151745728] [trace] SUCCESS (ZE_RESULT_SUCCESS) in zeDriverGetExtensionFunctionAddress(hDriver=0x98819c8, name="zeGraphGetIdExt", ppFunctionAddress=0x764bd6248dd0)
[2026-10-08 02:01:03.813] [thread-id: 130068151745728] [trace] zeDriverGetExtensionFunctionAddress(hDriver, name, ppFunctionAddress)
[2026-10-08 02:01:03.813] [thread-id: 130068151745728] [trace] SUCCESS (ZE_RESULT_SUCCESS) in zeDriverGetExtensionFunctionAddress(hDriver=0x98819c8, name="zeCommandListAppendHostFunction", ppFunctionAddress=0x764bd622c140)
[2026-10-08 02:01:03.813] [thread-id: 130068151745728] [trace] zesDriverGet(pCount, phDrivers)
[2026-10-08 02:01:03.813] [thread-id: 130068151745728] [trace] SUCCESS (ZE_RESULT_SUCCESS) in zesDriverGet(pCount=1, phDrivers=nullptr)
[2026-10-08 02:01:03.813] [thread-id: 130068151745728] [trace] zesDriverGet(pCount, phDrivers)
[2026-10-08 02:01:03.813] [thread-id: 130068151745728] [trace] SUCCESS (ZE_RESULT_SUCCESS) in zesDriverGet(pCount=1, phDrivers=0x98965b0)
[2026-10-08 02:01:03.813] [thread-id: 130068151745728] [trace] zesDriverGetDeviceByUuidExp(hDriver, uuid, phDevice, onSubdevice, subdeviceId)
[2026-10-08 02:01:03.813] [thread-id: 130068151745728] [trace] SUCCESS (ZE_RESULT_SUCCESS) in zesDriverGetDeviceByUuidExp(hDriver=0x98921c8, uuid={id=134}, phDevice=0x96c2058, onSubdevice=0, subdeviceId=0)
<LEVEL_ZERO>[DEBUG]: Initialized 1 platforms
   <--- urAdapterGet(.NumEntries = 0, .phAdapters = nullptr, .pNumAdapters = 0x7fff71019098 (1)) -> UR_RESULT_SUCCESS;
   ---> urAdapterGet
   <--- urAdapterGet(.NumEntries = 1, .phAdapters = 0x9895690 {0x969b700}, .pNumAdapters = nullptr) -> UR_RESULT_SUCCESS;
   ---> urAdapterGetInfo
   <--- urAdapterGetInfo(.hAdapter = 0x969b700, .propName = UR_ADAPTER_INFO_BACKEND, .propSize = 4, .pPropValue = 0x7fff7101908c (UR_BACKEND_LEVEL_ZERO), .pPropSizeRet = nullptr) -> UR_RESULT_SUCCESS;
   ---> urAdapterSetLoggerCallback
   <--- urAdapterSetLoggerCallback(.hAdapter = 0x969b700, .pfnLoggerCallback = 0x764bdd02f420, .pUserData = nullptr, .level = UR_LOGGER_LEVEL_WARN) -> UR_RESULT_SUCCESS;
   ---> urPlatformGet
   <--- urPlatformGet(.hAdapter = 0x969b700, .NumEntries = 0, .phPlatforms = nullptr, .pNumPlatforms = 0x7fff71018fcc (1)) -> UR_RESULT_SUCCESS;
   ---> urPlatformGet
   <--- urPlatformGet(.hAdapter = 0x969b700, .NumEntries = 1, .phPlatforms = 0x9895690 {0x9895810}, .pNumPlatforms = nullptr) -> UR_RESULT_SUCCESS;
   ---> urPlatformGetInfo
   <--- urPlatformGetInfo(.hPlatform = 0x9895810, .propName = UR_PLATFORM_INFO_BACKEND, .propSize = 4, .pPropValue = 0x7fff71018fdc (UR_BACKEND_LEVEL_ZERO), .pPropSizeRet = nullptr) -> UR_RESULT_SUCCESS;
   ---> urDeviceGet
[2026-10-08 02:01:03.814] [thread-id: 130068151745728] [trace] zeDeviceGet(hDriver, pCount, phDevices)
[2026-10-08 02:01:03.814] [thread-id: 130068151745728] [trace] SUCCESS (ZE_RESULT_SUCCESS) in zeDeviceGet(hDriver=0x98819c8, pCount=1, phDevices=nullptr)
[2026-10-08 02:01:03.814] [thread-id: 130068151745728] [trace] zeDeviceGet(hDriver, pCount, phDevices)
[2026-10-08 02:01:03.814] [thread-id: 130068151745728] [trace] SUCCESS (ZE_RESULT_SUCCESS) in zeDeviceGet(hDriver=0x98819c8, pCount=1, phDevices=0x9897000)
[2026-10-08 02:01:03.814] [thread-id: 130068151745728] [trace] zeDeviceGetProperties(hDevice, pDeviceProperties)
[2026-10-08 02:01:03.814] [thread-id: 130068151745728] [trace] SUCCESS (ZE_RESULT_SUCCESS) in zeDeviceGetProperties(hDevice=0x9881f28, pDeviceProperties={stype=0x98970e8, type=0x98970f8, vendorId=32902, deviceId=57868, flags=8, subdeviceId=0, coreClockRate=2750, maxMemAllocSize=10132807680, maxHardwareContexts=65536, maxCommandQueuePriority=0, numThreadsPerEU=8, physicalEUSimdWidth=16, numEUsPerSubslice=8, numSubslicesPerSlice=4, numSlices=5, timerResolution=19200000, timestampValidBits=64, kernelTimestampValidBits=64, uuid={id=134}, name="Intel(R) Arc(TM) B570 Graphics"})
[2026-10-08 02:01:03.814] [thread-id: 130068151745728] [trace] zeDeviceGetProperties(hDevice, pDeviceProperties)
[2026-10-08 02:01:03.814] [thread-id: 130068151745728] [trace] SUCCESS (ZE_RESULT_SUCCESS) in zeDeviceGetProperties(hDevice=0x9881f28, pDeviceProperties={stype=0x7fff710185d8, type=0x7fff710185e8, vendorId=32902, deviceId=57868, flags=8, subdeviceId=0, coreClockRate=2750, maxMemAllocSize=10132807680, maxHardwareContexts=65536, maxCommandQueuePriority=0, numThreadsPerEU=8, physicalEUSimdWidth=16, numEUsPerSubslice=8, numSubslicesPerSlice=4, numSlices=5, timerResolution=52, timestampValidBits=64, kernelTimestampValidBits=64, uuid={id=134}, name="Intel(R) Arc(TM) B570 Graphics"})
[2026-10-08 02:01:03.814] [thread-id: 130068151745728] [trace] zeDeviceGetCommandQueueGroupProperties(hDevice, pCount, pCommandQueueGroupProperties)
[2026-10-08 02:01:03.814] [thread-id: 130068151745728] [trace] SUCCESS (ZE_RESULT_SUCCESS) in zeDeviceGetCommandQueueGroupProperties(hDevice=0x9881f28, pCount=2, pCommandQueueGroupProperties=nullptr)
<LEVEL_ZERO>[INFO]: Number of queue groups = 2
[2026-10-08 02:01:03.814] [thread-id: 130068151745728] [trace] zeDeviceGetCommandQueueGroupProperties(hDevice, pCount, pCommandQueueGroupProperties)
[2026-10-08 02:01:03.814] [thread-id: 130068151745728] [trace] SUCCESS (ZE_RESULT_SUCCESS) in zeDeviceGetCommandQueueGroupProperties(hDevice=0x9881f28, pCount=2, pCommandQueueGroupProperties={stype=0x969b610, flags=7, maxMemoryFillPatternSize=18446744073709551615, numQueues=1})
<LEVEL_ZERO>[INFO]: main blitter/copy engine is available
<LEVEL_ZERO>[INFO]: link blitter/copy engines are not available
[2026-10-08 02:01:03.814] [thread-id: 130068151745728] [trace] zeDeviceGetSubDevices(hDevice, pCount, phSubdevices)
[2026-10-08 02:01:03.814] [thread-id: 130068151745728] [trace] SUCCESS (ZE_RESULT_SUCCESS) in zeDeviceGetSubDevices(hDevice=0x9881f28, pCount=0, phSubdevices=nullptr)
[2026-10-08 02:01:03.814] [thread-id: 130068151745728] [trace] zeDeviceGetSubDevices(hDevice, pCount, phSubdevices)
[2026-10-08 02:01:03.814] [thread-id: 130068151745728] [trace] SUCCESS (ZE_RESULT_SUCCESS) in zeDeviceGetSubDevices(hDevice=0x9881f28, pCount=0, phSubdevices=0x9897020)
[2026-10-08 02:01:03.814] [thread-id: 130068151745728] [trace] zeDeviceGetRootDevice(hDevice, phRootDevice)
[2026-10-08 02:01:03.814] [thread-id: 130068151745728] [trace] SUCCESS (ZE_RESULT_SUCCESS) in zeDeviceGetRootDevice(hDevice=0x9881f28, phRootDevice=0x7fff71018a30)
[2026-10-08 02:01:03.814] [thread-id: 130068151745728] [trace] zeDeviceSynchronize(hDevice)
[2026-10-08 02:01:03.814] [thread-id: 130068151745728] [trace] SUCCESS (ZE_RESULT_SUCCESS) in zeDeviceSynchronize(hDevice=0x9881f28)
[2026-10-08 02:01:03.814] [thread-id: 130068151745728] [trace] zeDeviceGetRootDevice(hDevice, phRootDevice)
[2026-10-08 02:01:03.814] [thread-id: 130068151745728] [trace] SUCCESS (ZE_RESULT_SUCCESS) in zeDeviceGetRootDevice(hDevice=0x9881f28, phRootDevice=0x7fff71018b20)
   <--- urDeviceGet(.hPlatform = 0x9895810, .DeviceType = UR_DEVICE_TYPE_ALL, .NumEntries = 0, .phDevices = nullptr, .pNumDevices = 0x7fff71018f4c (1)) -> UR_RESULT_SUCCESS;
   ---> urDeviceGet
[2026-10-08 02:01:03.814] [thread-id: 130068151745728] [trace] zeDeviceGetRootDevice(hDevice, phRootDevice)
[2026-10-08 02:01:03.814] [thread-id: 130068151745728] [trace] SUCCESS (ZE_RESULT_SUCCESS) in zeDeviceGetRootDevice(hDevice=0x9881f28, phRootDevice=0x7fff71018b20)
   <--- urDeviceGet(.hPlatform = 0x9895810, .DeviceType = UR_DEVICE_TYPE_ALL, .NumEntries = 1, .phDevices = 0x9897000 {0x9897040}, .pNumDevices = nullptr) -> UR_RESULT_SUCCESS;
   ---> urPlatformGetInfo
   <--- urPlatformGetInfo(.hPlatform = 0x9895810, .propName = UR_PLATFORM_INFO_VERSION, .propSize = 0, .pPropValue = nullptr, .pPropSizeRet = 0x7fff71018b20 (5)) -> UR_RESULT_SUCCESS;
   ---> urPlatformGetInfo
   <--- urPlatformGetInfo(.hPlatform = 0x9895810, .propName = UR_PLATFORM_INFO_VERSION, .propSize = 5, .pPropValue = 0x7fff71018c88 (1.17), .pPropSizeRet = nullptr) -> UR_RESULT_SUCCESS;
   ---> urPlatformGetInfo
   <--- urPlatformGetInfo(.hPlatform = 0x9895810, .propName = UR_PLATFORM_INFO_NAME, .propSize = 0, .pPropValue = nullptr, .pPropSizeRet = 0x7fff71018b20 (51)) -> UR_RESULT_SUCCESS;
   ---> urPlatformGetInfo
   <--- urPlatformGetInfo(.hPlatform = 0x9895810, .propName = UR_PLATFORM_INFO_NAME, .propSize = 51, .pPropValue = 0x9897710 (Intel(R) oneAPI Unified Runtime over Level-Zero V2), .pPropSizeRet = nullptr) -> UR_RESULT_SUCCESS;
   ---> urDeviceGetInfo
   <--- urDeviceGetInfo(.hDevice = 0x9897040, .propName = UR_DEVICE_INFO_PARENT_DEVICE, .propSize = 8, .pPropValue = 0x7fff71018ae0 (nullptr), .pPropSizeRet = nullptr) -> UR_RESULT_SUCCESS;
   ---> urDeviceGetInfo
   <--- urDeviceGetInfo(.hDevice = 0x9897040, .propName = UR_DEVICE_INFO_TYPE, .propSize = 4, .pPropValue = 0x7fff71018a80 (UR_DEVICE_TYPE_GPU), .pPropSizeRet = nullptr) -> UR_RESULT_SUCCESS;
   ---> urDeviceGetInfo
   <--- urDeviceGetInfo(.hDevice = 0x9897040, .propName = UR_DEVICE_INFO_USE_NATIVE_ASSERT, .propSize = 1, .pPropValue = 0x7fff71018a80 (true), .pPropSizeRet = nullptr) -> UR_RESULT_SUCCESS;
   ---> urDeviceGetInfo
[2026-10-08 02:01:03.814] [thread-id: 130068151745728] [trace] zeDeviceGetModuleProperties(hDevice, pModuleProperties)
[2026-10-08 02:01:03.814] [thread-id: 130068151745728] [trace] SUCCESS (ZE_RESULT_SUCCESS) in zeDeviceGetModuleProperties(hDevice=0x9881f28, pModuleProperties={stype=0x9897360, spirvVersionSupported=65541, flags=15, fp16flags=63, fp32flags=127, fp64flags=127, maxArgumentsSize=2048, printfBufferSize=4194304, nativeKernelSupported={id=0}})
[2026-10-08 02:01:03.814] [thread-id: 130068151745728] [trace] zeDeviceGetImageProperties(hDevice, pImageProperties)
[2026-10-08 02:01:03.814] [thread-id: 130068151745728] [trace] SUCCESS (ZE_RESULT_SUCCESS) in zeDeviceGetImageProperties(hDevice=0x9881f28, pImageProperties={stype=0x9897300, maxImageDims1D=16384, maxImageDims2D=16384, maxImageDims3D=2048, maxImageBufferSize=633300480, maxImageArraySlices=2048, maxSamplers=16, maxReadImageArgs=128, maxWriteImageArgs=128})
   <--- urDeviceGetInfo(.hDevice = 0x9897040, .propName = UR_DEVICE_INFO_EXTENSIONS, .propSize = 0, .pPropValue = nullptr, .pPropSizeRet = 0x7fff71018a08 (245)) -> UR_RESULT_SUCCESS;
   ---> urDeviceGetInfo
   <--- urDeviceGetInfo(.hDevice = 0x9897040, .propName = UR_DEVICE_INFO_EXTENSIONS, .propSize = 245, .pPropValue = 0x9751740 (cl_khr_il_program cl_khr_subgroups cl_intel_subgroups cl_intel_subgroups_short cl_intel_required_subgroup_size cl_khr_fp16 cl_khr_fp64 cl_khr_int64_base_atomics cl_khr_int64_extended_atomics cl_khr_3d_image_writes cl_intel_bfloat16_conversions ), .pPropSizeRet = nullptr) -> UR_RESULT_SUCCESS;
   ---> urDeviceRetain
   <--- urDeviceRetain(.hDevice = 0x9897040) -> UR_RESULT_SUCCESS;
   ---> urDeviceGetInfo
   <--- urDeviceGetInfo(.hDevice = 0x9897040, .propName = UR_DEVICE_INFO_TYPE, .propSize = 4, .pPropValue = 0x7fff71018bfc (UR_DEVICE_TYPE_GPU), .pPropSizeRet = nullptr) -> UR_RESULT_SUCCESS;
   ---> urDeviceGetInfo
   <--- urDeviceGetInfo(.hDevice = 0x9897040, .propName = UR_DEVICE_INFO_VENDOR_ID, .propSize = 4, .pPropValue = 0x7fff71018c78 (32902), .pPropSizeRet = nullptr) -> UR_RESULT_SUCCESS;
   ---> urDeviceGetInfo
   <--- urDeviceGetInfo(.hDevice = 0x9897040, .propName = UR_DEVICE_INFO_DRIVER_VERSION, .propSize = 0, .pPropValue = nullptr, .pPropSizeRet = 0x7fff71018b20 (14)) -> UR_RESULT_SUCCESS;
   ---> urDeviceGetInfo
   <--- urDeviceGetInfo(.hDevice = 0x9897040, .propName = UR_DEVICE_INFO_DRIVER_VERSION, .propSize = 14, .pPropValue = 0x7fff71018c48 (1.17.39395+14), .pPropSizeRet = nullptr) -> UR_RESULT_SUCCESS;
   ---> urDeviceGetInfo
   <--- urDeviceGetInfo(.hDevice = 0x9897040, .propName = UR_DEVICE_INFO_NAME, .propSize = 0, .pPropValue = nullptr, .pPropSizeRet = 0x7fff71018a60 (31)) -> UR_RESULT_SUCCESS;
   ---> urDeviceGetInfo
   <--- urDeviceGetInfo(.hDevice = 0x9897040, .propName = UR_DEVICE_INFO_NAME, .propSize = 31, .pPropValue = 0x9896fd0 (Intel(R) Arc(TM) B570 Graphics), .pPropSizeRet = nullptr) -> UR_RESULT_SUCCESS;
   ---> urPlatformGetInfo
   <--- urPlatformGetInfo(.hPlatform = 0x9895810, .propName = UR_PLATFORM_INFO_BACKEND, .propSize = 4, .pPropValue = 0x7fff71018e3c (UR_BACKEND_LEVEL_ZERO), .pPropSizeRet = nullptr) -> UR_RESULT_SUCCESS;
   ---> urDeviceGetInfo
   <--- urDeviceGetInfo(.hDevice = 0x9897040, .propName = UR_DEVICE_INFO_TYPE, .propSize = 4, .pPropValue = 0x7fff71018e34 (UR_DEVICE_TYPE_GPU), .pPropSizeRet = nullptr) -> UR_RESULT_SUCCESS;
   ---> urDeviceRelease
   <--- urDeviceRelease(.hDevice = 0x9897040) -> UR_RESULT_SUCCESS;
   ---> urDeviceGetInfo
   <--- urDeviceGetInfo(.hDevice = 0x9897040, .propName = UR_DEVICE_INFO_SUPPORTED_PARTITIONS, .propSize = 0, .pPropValue = nullptr, .pPropSizeRet = 0x7fff71018e28 (0)) -> UR_RESULT_SUCCESS;
   ---> urDeviceGet
[2026-10-08 02:01:03.814] [thread-id: 130068151745728] [trace] zeDeviceGetRootDevice(hDevice, phRootDevice)
[2026-10-08 02:01:03.814] [thread-id: 130068151745728] [trace] SUCCESS (ZE_RESULT_SUCCESS) in zeDeviceGetRootDevice(hDevice=0x9881f28, phRootDevice=0x7fff71018c30)
   <--- urDeviceGet(.hPlatform = 0x9895810, .DeviceType = UR_DEVICE_TYPE_ALL, .NumEntries = 0, .phDevices = nullptr, .pNumDevices = 0x7fff7101905c (1)) -> UR_RESULT_SUCCESS;
   ---> urDeviceGet
[2026-10-08 02:01:03.814] [thread-id: 130068151745728] [trace] zeDeviceGetRootDevice(hDevice, phRootDevice)
[2026-10-08 02:01:03.814] [thread-id: 130068151745728] [trace] SUCCESS (ZE_RESULT_SUCCESS) in zeDeviceGetRootDevice(hDevice=0x9881f28, phRootDevice=0x7fff71018c30)
   <--- urDeviceGet(.hPlatform = 0x9895810, .DeviceType = UR_DEVICE_TYPE_ALL, .NumEntries = 1, .phDevices = 0x98956b0 {0x9897040}, .pNumDevices = nullptr) -> UR_RESULT_SUCCESS;
   ---> urPlatformGetInfo
   <--- urPlatformGetInfo(.hPlatform = 0x9895810, .propName = UR_PLATFORM_INFO_VERSION, .propSize = 0, .pPropValue = nullptr, .pPropSizeRet = 0x7fff71018c30 (5)) -> UR_RESULT_SUCCESS;
   ---> urPlatformGetInfo
   <--- urPlatformGetInfo(.hPlatform = 0x9895810, .propName = UR_PLATFORM_INFO_VERSION, .propSize = 5, .pPropValue = 0x7fff71018d98 (1.17), .pPropSizeRet = nullptr) -> UR_RESULT_SUCCESS;
   ---> urPlatformGetInfo
   <--- urPlatformGetInfo(.hPlatform = 0x9895810, .propName = UR_PLATFORM_INFO_NAME, .propSize = 0, .pPropValue = nullptr, .pPropSizeRet = 0x7fff71018c30 (51)) -> UR_RESULT_SUCCESS;
   ---> urPlatformGetInfo
   <--- urPlatformGetInfo(.hPlatform = 0x9895810, .propName = UR_PLATFORM_INFO_NAME, .propSize = 51, .pPropValue = 0x9897c30 (Intel(R) oneAPI Unified Runtime over Level-Zero V2), .pPropSizeRet = nullptr) -> UR_RESULT_SUCCESS;
   ---> urDeviceGetInfo
   <--- urDeviceGetInfo(.hDevice = 0x9897040, .propName = UR_DEVICE_INFO_TYPE, .propSize = 4, .pPropValue = 0x7fff71018d0c (UR_DEVICE_TYPE_GPU), .pPropSizeRet = nullptr) -> UR_RESULT_SUCCESS;
   ---> urDeviceGetInfo
   <--- urDeviceGetInfo(.hDevice = 0x9897040, .propName = UR_DEVICE_INFO_VENDOR_ID, .propSize = 4, .pPropValue = 0x7fff71018d88 (32902), .pPropSizeRet = nullptr) -> UR_RESULT_SUCCESS;
   ---> urDeviceGetInfo
   <--- urDeviceGetInfo(.hDevice = 0x9897040, .propName = UR_DEVICE_INFO_DRIVER_VERSION, .propSize = 0, .pPropValue = nullptr, .pPropSizeRet = 0x7fff71018c30 (14)) -> UR_RESULT_SUCCESS;
   ---> urDeviceGetInfo
   <--- urDeviceGetInfo(.hDevice = 0x9897040, .propName = UR_DEVICE_INFO_DRIVER_VERSION, .propSize = 14, .pPropValue = 0x7fff71018d58 (1.17.39395+14), .pPropSizeRet = nullptr) -> UR_RESULT_SUCCESS;
   ---> urPlatformGetInfo
   <--- urPlatformGetInfo(.hPlatform = 0x9895810, .propName = UR_PLATFORM_INFO_BACKEND, .propSize = 4, .pPropValue = 0x7fff71018f4c (UR_BACKEND_LEVEL_ZERO), .pPropSizeRet = nullptr) -> UR_RESULT_SUCCESS;
   ---> urDeviceGetInfo
   <--- urDeviceGetInfo(.hDevice = 0x9897040, .propName = UR_DEVICE_INFO_TYPE, .propSize = 4, .pPropValue = 0x7fff71018f44 (UR_DEVICE_TYPE_GPU), .pPropSizeRet = nullptr) -> UR_RESULT_SUCCESS;
   ---> urDeviceRelease
   <--- urDeviceRelease(.hDevice = 0x9897040) -> UR_RESULT_SUCCESS;
   ---> urDeviceGetInfo
   <--- urDeviceGetInfo(.hDevice = 0x9897040, .propName = UR_DEVICE_INFO_SUPPORTED_PARTITIONS, .propSize = 0, .pPropValue = nullptr, .pPropSizeRet = 0x7fff71018f38 (0)) -> UR_RESULT_SUCCESS;
   ---> urDeviceSelectBinary
   <--- urDeviceSelectBinary(.hDevice = 0x9897040, .pBinaries = 0x7fff71018f80 ((struct ur_device_binary_t){.stype = UR_STRUCTURE_TYPE_CONTEXT_PROPERTIES, .pNext = nullptr, .pDeviceTargetSpec = 0x764bdcdb03c0 (spir64)}), .NumBinaries = 1, .pSelectedBinary = 0x7fff71018fa4 (0)) -> UR_RESULT_SUCCESS;
   ---> urDeviceGet
[2026-10-08 02:01:03.815] [thread-id: 130068151745728] [trace] zeDeviceGetRootDevice(hDevice, phRootDevice)
[2026-10-08 02:01:03.815] [thread-id: 130068151745728] [trace] SUCCESS (ZE_RESULT_SUCCESS) in zeDeviceGetRootDevice(hDevice=0x9881f28, phRootDevice=0x7fff71018bc0)
   <--- urDeviceGet(.hPlatform = 0x9895810, .DeviceType = UR_DEVICE_TYPE_ALL, .NumEntries = 0, .phDevices = nullptr, .pNumDevices = 0x7fff71018fec (1)) -> UR_RESULT_SUCCESS;
   ---> urDeviceGet
[2026-10-08 02:01:03.815] [thread-id: 130068151745728] [trace] zeDeviceGetRootDevice(hDevice, phRootDevice)
[2026-10-08 02:01:03.815] [thread-id: 130068151745728] [trace] SUCCESS (ZE_RESULT_SUCCESS) in zeDeviceGetRootDevice(hDevice=0x9881f28, phRootDevice=0x7fff71018bc0)
   <--- urDeviceGet(.hPlatform = 0x9895810, .DeviceType = UR_DEVICE_TYPE_ALL, .NumEntries = 1, .phDevices = 0x9897d00 {0x9897040}, .pNumDevices = nullptr) -> UR_RESULT_SUCCESS;
   ---> urPlatformGetInfo
   <--- urPlatformGetInfo(.hPlatform = 0x9895810, .propName = UR_PLATFORM_INFO_VERSION, .propSize = 0, .pPropValue = nullptr, .pPropSizeRet = 0x7fff71018bc0 (5)) -> UR_RESULT_SUCCESS;
   ---> urPlatformGetInfo
   <--- urPlatformGetInfo(.hPlatform = 0x9895810, .propName = UR_PLATFORM_INFO_VERSION, .propSize = 5, .pPropValue = 0x7fff71018d28 (1.17), .pPropSizeRet = nullptr) -> UR_RESULT_SUCCESS;
   ---> urPlatformGetInfo
   <--- urPlatformGetInfo(.hPlatform = 0x9895810, .propName = UR_PLATFORM_INFO_NAME, .propSize = 0, .pPropValue = nullptr, .pPropSizeRet = 0x7fff71018bc0 (51)) -> UR_RESULT_SUCCESS;
   ---> urPlatformGetInfo
   <--- urPlatformGetInfo(.hPlatform = 0x9895810, .propName = UR_PLATFORM_INFO_NAME, .propSize = 51, .pPropValue = 0x9897710 (Intel(R) oneAPI Unified Runtime over Level-Zero V2), .pPropSizeRet = nullptr) -> UR_RESULT_SUCCESS;
   ---> urDeviceGetInfo
   <--- urDeviceGetInfo(.hDevice = 0x9897040, .propName = UR_DEVICE_INFO_TYPE, .propSize = 4, .pPropValue = 0x7fff71018c9c (UR_DEVICE_TYPE_GPU), .pPropSizeRet = nullptr) -> UR_RESULT_SUCCESS;
   ---> urDeviceGetInfo
   <--- urDeviceGetInfo(.hDevice = 0x9897040, .propName = UR_DEVICE_INFO_VENDOR_ID, .propSize = 4, .pPropValue = 0x7fff71018d18 (32902), .pPropSizeRet = nullptr) -> UR_RESULT_SUCCESS;
   ---> urDeviceGetInfo
   <--- urDeviceGetInfo(.hDevice = 0x9897040, .propName = UR_DEVICE_INFO_DRIVER_VERSION, .propSize = 0, .pPropValue = nullptr, .pPropSizeRet = 0x7fff71018bc0 (14)) -> UR_RESULT_SUCCESS;
   ---> urDeviceGetInfo
   <--- urDeviceGetInfo(.hDevice = 0x9897040, .propName = UR_DEVICE_INFO_DRIVER_VERSION, .propSize = 14, .pPropValue = 0x7fff71018ce8 (1.17.39395+14), .pPropSizeRet = nullptr) -> UR_RESULT_SUCCESS;
   ---> urPlatformGetInfo
   <--- urPlatformGetInfo(.hPlatform = 0x9895810, .propName = UR_PLATFORM_INFO_BACKEND, .propSize = 4, .pPropValue = 0x7fff71018edc (UR_BACKEND_LEVEL_ZERO), .pPropSizeRet = nullptr) -> UR_RESULT_SUCCESS;
   ---> urDeviceGetInfo
   <--- urDeviceGetInfo(.hDevice = 0x9897040, .propName = UR_DEVICE_INFO_TYPE, .propSize = 4, .pPropValue = 0x7fff71018ed4 (UR_DEVICE_TYPE_GPU), .pPropSizeRet = nullptr) -> UR_RESULT_SUCCESS;
   ---> urDeviceRelease
   <--- urDeviceRelease(.hDevice = 0x9897040) -> UR_RESULT_SUCCESS;
   ---> urDeviceGetInfo
   <--- urDeviceGetInfo(.hDevice = 0x9897040, .propName = UR_DEVICE_INFO_SUPPORTED_PARTITIONS, .propSize = 0, .pPropValue = nullptr, .pPropSizeRet = 0x7fff71018ec8 (0)) -> UR_RESULT_SUCCESS;
   ---> urDeviceGet
[2026-10-08 02:01:03.815] [thread-id: 130068151745728] [trace] zeDeviceGetRootDevice(hDevice, phRootDevice)
[2026-10-08 02:01:03.815] [thread-id: 130068151745728] [trace] SUCCESS (ZE_RESULT_SUCCESS) in zeDeviceGetRootDevice(hDevice=0x9881f28, phRootDevice=0x7fff71018cd0)
   <--- urDeviceGet(.hPlatform = 0x9895810, .DeviceType = UR_DEVICE_TYPE_GPU, .NumEntries = 0, .phDevices = nullptr, .pNumDevices = 0x7fff710190fc (1)) -> UR_RESULT_SUCCESS;
   ---> urDeviceGet
[2026-10-08 02:01:03.815] [thread-id: 130068151745728] [trace] zeDeviceGetRootDevice(hDevice, phRootDevice)
[2026-10-08 02:01:03.815] [thread-id: 130068151745728] [trace] SUCCESS (ZE_RESULT_SUCCESS) in zeDeviceGetRootDevice(hDevice=0x9881f28, phRootDevice=0x7fff71018cd0)
   <--- urDeviceGet(.hPlatform = 0x9895810, .DeviceType = UR_DEVICE_TYPE_GPU, .NumEntries = 1, .phDevices = 0x9897d20 {0x9897040}, .pNumDevices = nullptr) -> UR_RESULT_SUCCESS;
   ---> urPlatformGetInfo
   <--- urPlatformGetInfo(.hPlatform = 0x9895810, .propName = UR_PLATFORM_INFO_VERSION, .propSize = 0, .pPropValue = nullptr, .pPropSizeRet = 0x7fff71018cd0 (5)) -> UR_RESULT_SUCCESS;
   ---> urPlatformGetInfo
   <--- urPlatformGetInfo(.hPlatform = 0x9895810, .propName = UR_PLATFORM_INFO_VERSION, .propSize = 5, .pPropValue = 0x7fff71018e38 (1.17), .pPropSizeRet = nullptr) -> UR_RESULT_SUCCESS;
   ---> urPlatformGetInfo
   <--- urPlatformGetInfo(.hPlatform = 0x9895810, .propName = UR_PLATFORM_INFO_NAME, .propSize = 0, .pPropValue = nullptr, .pPropSizeRet = 0x7fff71018cd0 (51)) -> UR_RESULT_SUCCESS;
   ---> urPlatformGetInfo
   <--- urPlatformGetInfo(.hPlatform = 0x9895810, .propName = UR_PLATFORM_INFO_NAME, .propSize = 51, .pPropValue = 0x9897c30 (Intel(R) oneAPI Unified Runtime over Level-Zero V2), .pPropSizeRet = nullptr) -> UR_RESULT_SUCCESS;
   ---> urDeviceGetInfo
   <--- urDeviceGetInfo(.hDevice = 0x9897040, .propName = UR_DEVICE_INFO_TYPE, .propSize = 4, .pPropValue = 0x7fff71018dac (UR_DEVICE_TYPE_GPU), .pPropSizeRet = nullptr) -> UR_RESULT_SUCCESS;
   ---> urDeviceGetInfo
   <--- urDeviceGetInfo(.hDevice = 0x9897040, .propName = UR_DEVICE_INFO_VENDOR_ID, .propSize = 4, .pPropValue = 0x7fff71018e28 (32902), .pPropSizeRet = nullptr) -> UR_RESULT_SUCCESS;
   ---> urDeviceGetInfo
   <--- urDeviceGetInfo(.hDevice = 0x9897040, .propName = UR_DEVICE_INFO_DRIVER_VERSION, .propSize = 0, .pPropValue = nullptr, .pPropSizeRet = 0x7fff71018cd0 (14)) -> UR_RESULT_SUCCESS;
   ---> urDeviceGetInfo
   <--- urDeviceGetInfo(.hDevice = 0x9897040, .propName = UR_DEVICE_INFO_DRIVER_VERSION, .propSize = 14, .pPropValue = 0x7fff71018df8 (1.17.39395+14), .pPropSizeRet = nullptr) -> UR_RESULT_SUCCESS;
   ---> urPlatformGetInfo
   <--- urPlatformGetInfo(.hPlatform = 0x9895810, .propName = UR_PLATFORM_INFO_BACKEND, .propSize = 4, .pPropValue = 0x7fff71018fec (UR_BACKEND_LEVEL_ZERO), .pPropSizeRet = nullptr) -> UR_RESULT_SUCCESS;
   ---> urDeviceGetInfo
   <--- urDeviceGetInfo(.hDevice = 0x9897040, .propName = UR_DEVICE_INFO_TYPE, .propSize = 4, .pPropValue = 0x7fff71018fe4 (UR_DEVICE_TYPE_GPU), .pPropSizeRet = nullptr) -> UR_RESULT_SUCCESS;
   ---> urDeviceRelease
   <--- urDeviceRelease(.hDevice = 0x9897040) -> UR_RESULT_SUCCESS;
   ---> urDeviceGetInfo
   <--- urDeviceGetInfo(.hDevice = 0x9897040, .propName = UR_DEVICE_INFO_SUPPORTED_PARTITIONS, .propSize = 0, .pPropValue = nullptr, .pPropSizeRet = 0x7fff71018fd8 (0)) -> UR_RESULT_SUCCESS;
   ---> urDeviceGetInfo
[2026-10-08 02:01:03.815] [thread-id: 130068151745728] [trace] zeDevicePciGetPropertiesExt(hDevice, pPciProperties)
[2026-10-08 02:01:03.815] [thread-id: 130068151745728] [trace] SUCCESS (ZE_RESULT_SUCCESS) in zeDevicePciGetPropertiesExt(hDevice=0x9881f28, pPciProperties={stype=0x7fff71018ca0, address={domain=0, bus=5, device=0, function=0}, maxSpeed={genVersion=4, width=8, maxBandwidth=15753846153}})
   <--- urDeviceGetInfo(.hDevice = 0x9897040, .propName = UR_DEVICE_INFO_PCI_ADDRESS, .propSize = 0, .pPropValue = nullptr, .pPropSizeRet = 0x7fff71019118 (13)) -> UR_RESULT_SUCCESS;
   ---> urDeviceGetInfo
[2026-10-08 02:01:03.816] [thread-id: 130068151745728] [trace] zeDevicePciGetPropertiesExt(hDevice, pPciProperties)
[2026-10-08 02:01:03.816] [thread-id: 130068151745728] [trace] SUCCESS (ZE_RESULT_SUCCESS) in zeDevicePciGetPropertiesExt(hDevice=0x9881f28, pPciProperties={stype=0x7fff71018db0, address={domain=0, bus=5, device=0, function=0}, maxSpeed={genVersion=4, width=8, maxBandwidth=15753846153}})
   <--- urDeviceGetInfo(.hDevice = 0x9897040, .propName = UR_DEVICE_INFO_PCI_ADDRESS, .propSize = 0, .pPropValue = nullptr, .pPropSizeRet = 0x7fff71019220 (13)) -> UR_RESULT_SUCCESS;
   ---> urDeviceGetInfo
[2026-10-08 02:01:03.816] [thread-id: 130068151745728] [trace] zeDevicePciGetPropertiesExt(hDevice, pPciProperties)
[2026-10-08 02:01:03.816] [thread-id: 130068151745728] [trace] SUCCESS (ZE_RESULT_SUCCESS) in zeDevicePciGetPropertiesExt(hDevice=0x9881f28, pPciProperties={stype=0x7fff71018db0, address={domain=0, bus=5, device=0, function=0}, maxSpeed={genVersion=4, width=8, maxBandwidth=15753846153}})
   <--- urDeviceGetInfo(.hDevice = 0x9897040, .propName = UR_DEVICE_INFO_PCI_ADDRESS, .propSize = 13, .pPropValue = 0x7fff71019270 (0000:05:00.0), .pPropSizeRet = nullptr) -> UR_RESULT_SUCCESS;
   ---> urDeviceGet
[2026-10-08 02:01:03.816] [thread-id: 130068151745728] [trace] zeDeviceGetRootDevice(hDevice, phRootDevice)
[2026-10-08 02:01:03.816] [thread-id: 130068151745728] [trace] SUCCESS (ZE_RESULT_SUCCESS) in zeDeviceGetRootDevice(hDevice=0x9881f28, phRootDevice=0x7fff71018bd0)
   <--- urDeviceGet(.hPlatform = 0x9895810, .DeviceType = UR_DEVICE_TYPE_ALL, .NumEntries = 0, .phDevices = nullptr, .pNumDevices = 0x7fff71018ffc (1)) -> UR_RESULT_SUCCESS;
   ---> urDeviceGet
[2026-10-08 02:01:03.816] [thread-id: 130068151745728] [trace] zeDeviceGetRootDevice(hDevice, phRootDevice)
[2026-10-08 02:01:03.816] [thread-id: 130068151745728] [trace] SUCCESS (ZE_RESULT_SUCCESS) in zeDeviceGetRootDevice(hDevice=0x9881f28, phRootDevice=0x7fff71018bd0)
   <--- urDeviceGet(.hPlatform = 0x9895810, .DeviceType = UR_DEVICE_TYPE_ALL, .NumEntries = 1, .phDevices = 0x9897d40 {0x9897040}, .pNumDevices = nullptr) -> UR_RESULT_SUCCESS;
   ---> urPlatformGetInfo
   <--- urPlatformGetInfo(.hPlatform = 0x9895810, .propName = UR_PLATFORM_INFO_VERSION, .propSize = 0, .pPropValue = nullptr, .pPropSizeRet = 0x7fff71018bd0 (5)) -> UR_RESULT_SUCCESS;
   ---> urPlatformGetInfo
   <--- urPlatformGetInfo(.hPlatform = 0x9895810, .propName = UR_PLATFORM_INFO_VERSION, .propSize = 5, .pPropValue = 0x7fff71018d38 (1.17), .pPropSizeRet = nullptr) -> UR_RESULT_SUCCESS;
   ---> urPlatformGetInfo
   <--- urPlatformGetInfo(.hPlatform = 0x9895810, .propName = UR_PLATFORM_INFO_NAME, .propSize = 0, .pPropValue = nullptr, .pPropSizeRet = 0x7fff71018bd0 (51)) -> UR_RESULT_SUCCESS;
   ---> urPlatformGetInfo
   <--- urPlatformGetInfo(.hPlatform = 0x9895810, .propName = UR_PLATFORM_INFO_NAME, .propSize = 51, .pPropValue = 0x9897c30 (Intel(R) oneAPI Unified Runtime over Level-Zero V2), .pPropSizeRet = nullptr) -> UR_RESULT_SUCCESS;
   ---> urDeviceGetInfo
   <--- urDeviceGetInfo(.hDevice = 0x9897040, .propName = UR_DEVICE_INFO_TYPE, .propSize = 4, .pPropValue = 0x7fff71018cac (UR_DEVICE_TYPE_GPU), .pPropSizeRet = nullptr) -> UR_RESULT_SUCCESS;
   ---> urDeviceGetInfo
   <--- urDeviceGetInfo(.hDevice = 0x9897040, .propName = UR_DEVICE_INFO_VENDOR_ID, .propSize = 4, .pPropValue = 0x7fff71018d28 (32902), .pPropSizeRet = nullptr) -> UR_RESULT_SUCCESS;
   ---> urDeviceGetInfo
   <--- urDeviceGetInfo(.hDevice = 0x9897040, .propName = UR_DEVICE_INFO_DRIVER_VERSION, .propSize = 0, .pPropValue = nullptr, .pPropSizeRet = 0x7fff71018bd0 (14)) -> UR_RESULT_SUCCESS;
   ---> urDeviceGetInfo
   <--- urDeviceGetInfo(.hDevice = 0x9897040, .propName = UR_DEVICE_INFO_DRIVER_VERSION, .propSize = 14, .pPropValue = 0x7fff71018cf8 (1.17.39395+14), .pPropSizeRet = nullptr) -> UR_RESULT_SUCCESS;
   ---> urPlatformGetInfo
   <--- urPlatformGetInfo(.hPlatform = 0x9895810, .propName = UR_PLATFORM_INFO_BACKEND, .propSize = 4, .pPropValue = 0x7fff71018eec (UR_BACKEND_LEVEL_ZERO), .pPropSizeRet = nullptr) -> UR_RESULT_SUCCESS;
   ---> urDeviceGetInfo
   <--- urDeviceGetInfo(.hDevice = 0x9897040, .propName = UR_DEVICE_INFO_TYPE, .propSize = 4, .pPropValue = 0x7fff71018ee4 (UR_DEVICE_TYPE_GPU), .pPropSizeRet = nullptr) -> UR_RESULT_SUCCESS;
   ---> urDeviceRelease
   <--- urDeviceRelease(.hDevice = 0x9897040) -> UR_RESULT_SUCCESS;
   ---> urDeviceGetInfo
   <--- urDeviceGetInfo(.hDevice = 0x9897040, .propName = UR_DEVICE_INFO_SUPPORTED_PARTITIONS, .propSize = 0, .pPropValue = nullptr, .pPropSizeRet = 0x7fff71018ed8 (0)) -> UR_RESULT_SUCCESS;
   ---> urDeviceGetInfo
[2026-10-08 02:01:03.816] [thread-id: 130068151745728] [trace] zeDeviceGetSubDevices(hDevice, pCount, phSubdevices)
[2026-10-08 02:01:03.816] [thread-id: 130068151745728] [trace] SUCCESS (ZE_RESULT_SUCCESS) in zeDeviceGetSubDevices(hDevice=0x9881f28, pCount=0, phSubdevices=nullptr)
   <--- urDeviceGetInfo(.hDevice = 0x9897040, .propName = UR_DEVICE_INFO_COMPONENT_DEVICES, .propSize = 0, .pPropValue = nullptr, .pPropSizeRet = 0x7fff71018cf0 (0)) -> UR_RESULT_SUCCESS;
   ---> urContextCreate
[2026-10-08 02:01:03.816] [thread-id: 130068151745728] [trace] zeContextCreate(hDriver, desc, phContext)
[2026-10-08 02:01:03.816] [thread-id: 130068151745728] [trace] SUCCESS (ZE_RESULT_SUCCESS) in zeContextCreate(hDriver=0x98819c8, desc={stype=0x7fff71018c20, flags=0}, phContext=0x9898738)
[2026-10-08 02:01:03.816] [thread-id: 130068151745728] [trace] zeMemAllocHost(hContext, host_desc, size, alignment, pptr)
[2026-10-08 02:01:03.816] [thread-id: 130068151745728] [trace] SUCCESS (ZE_RESULT_SUCCESS) in zeMemAllocHost(hContext=0x9898738, host_desc={stype=0x7fff710186a0, flags=0}, size=1, alignment=0, pptr=0x764bc77ffe00)
[2026-10-08 02:01:03.816] [thread-id: 130068151745728] [trace] zeMemGetAllocProperties(hContext, ptr, pMemAllocProperties, phDevice)
[2026-10-08 02:01:03.816] [thread-id: 130068151745728] [trace] SUCCESS (ZE_RESULT_SUCCESS) in zeMemGetAllocProperties(hContext=0x9898738, ptr=0x764bc77ffe00, pMemAllocProperties={stype=0x7fff710186a0, type=0x7fff710186b0, id=1, pageSize=2097152}, phDevice=nullptr)
[2026-10-08 02:01:03.817] [thread-id: 130068151745728] [trace] zeMemFreeExt(hContext, pMemFreeDesc, ptr)
[2026-10-08 02:01:03.817] [thread-id: 130068151745728] [trace] SUCCESS (ZE_RESULT_SUCCESS) in zeMemFreeExt(hContext=0x9898738, pMemFreeDesc={stype=0x7fff71018680, freePolicy=1}, ptr=0x764bc77ffe00)
[2026-10-08 02:01:03.817] [thread-id: 130068151745728] [trace] zeDeviceGetProperties(hDevice, pDeviceProperties)
[2026-10-08 02:01:03.817] [thread-id: 130068151745728] [trace] SUCCESS (ZE_RESULT_SUCCESS) in zeDeviceGetProperties(hDevice=0x9881f28, pDeviceProperties={stype=0x764bc7ce5068, type=0x764bc7ce5078, vendorId=32902, deviceId=57868, flags=8, subdeviceId=0, coreClockRate=2750, maxMemAllocSize=10132807680, maxHardwareContexts=65536, maxCommandQueuePriority=0, numThreadsPerEU=8, physicalEUSimdWidth=16, numEUsPerSubslice=8, numSubslicesPerSlice=4, numSlices=5, timerResolution=52, timestampValidBits=64, kernelTimestampValidBits=64, uuid={id=134}, name="Intel(R) Arc(TM) B570 Graphics"})
[2026-10-08 02:01:03.817] [thread-id: 130068151745728] [trace] zeMemAllocDevice(hContext, device_desc, size, alignment, hDevice, pptr)
[2026-10-08 02:01:03.817] [thread-id: 130068151745728] [trace] SUCCESS (ZE_RESULT_SUCCESS) in zeMemAllocDevice(hContext=0x9898738, device_desc={stype=0x7fff71018660, flags=0, ordinal=0}, size=1, alignment=0, hDevice=0x9881f28, pptr=0xffffffffff9ffe00)
[2026-10-08 02:01:03.817] [thread-id: 130068151745728] [trace] zeContextMakeMemoryResident(hContext, hDevice, ptr, size)
[2026-10-08 02:01:03.817] [thread-id: 130068151745728] [trace] SUCCESS (ZE_RESULT_SUCCESS) in zeContextMakeMemoryResident(hContext=0x9898738, hDevice=0x9881f28, ptr=0xffffffffff9ffe00, size=1)
[2026-10-08 02:01:03.817] [thread-id: 130068151745728] [trace] zeMemGetAllocProperties(hContext, ptr, pMemAllocProperties, phDevice)
[2026-10-08 02:01:03.817] [thread-id: 130068151745728] [trace] SUCCESS (ZE_RESULT_SUCCESS) in zeMemGetAllocProperties(hContext=0x9898738, ptr=0xffffffffff9ffe00, pMemAllocProperties={stype=0x7fff710186a0, type=0x7fff710186b0, id=3, pageSize=65536}, phDevice=nullptr)
[2026-10-08 02:01:03.817] [thread-id: 130068151745728] [trace] zeMemFreeExt(hContext, pMemFreeDesc, ptr)
[2026-10-08 02:01:03.817] [thread-id: 130068151745728] [trace] SUCCESS (ZE_RESULT_SUCCESS) in zeMemFreeExt(hContext=0x9898738, pMemFreeDesc={stype=0x7fff71018680, freePolicy=1}, ptr=0xffffffffff9ffe00)
[2026-10-08 02:01:03.817] [thread-id: 130068151745728] [trace] zeDeviceGetProperties(hDevice, pDeviceProperties)
[2026-10-08 02:01:03.817] [thread-id: 130068151745728] [trace] SUCCESS (ZE_RESULT_SUCCESS) in zeDeviceGetProperties(hDevice=0x9881f28, pDeviceProperties={stype=0x764bc7cdd068, type=0x764bc7cdd078, vendorId=32902, deviceId=57868, flags=8, subdeviceId=0, coreClockRate=2750, maxMemAllocSize=10132807680, maxHardwareContexts=65536, maxCommandQueuePriority=0, numThreadsPerEU=8, physicalEUSimdWidth=16, numEUsPerSubslice=8, numSubslicesPerSlice=4, numSlices=5, timerResolution=52, timestampValidBits=64, kernelTimestampValidBits=64, uuid={id=134}, name="Intel(R) Arc(TM) B570 Graphics"})
[2026-10-08 02:01:03.817] [thread-id: 130068151745728] [trace] zeMemAllocShared(hContext, device_desc, host_desc, size, alignment, hDevice, pptr)
[2026-10-08 02:01:03.817] [thread-id: 130068151745728] [trace] SUCCESS (ZE_RESULT_SUCCESS) in zeMemAllocShared(hContext=0x9898738, device_desc={stype=0x7fff710186a0, flags=0, ordinal=0}, host_desc={stype=0x7fff71018680, flags=0}, size=1, alignment=0, hDevice=0x9881f28, pptr=0x764bc7960000)
[2026-10-08 02:01:03.817] [thread-id: 130068151745728] [trace] zeMemGetAllocProperties(hContext, ptr, pMemAllocProperties, phDevice)
[2026-10-08 02:01:03.817] [thread-id: 130068151745728] [trace] SUCCESS (ZE_RESULT_SUCCESS) in zeMemGetAllocProperties(hContext=0x9898738, ptr=0x764bc7960000, pMemAllocProperties={stype=0x7fff710186a0, type=0x7fff710186b0, id=5, pageSize=65536}, phDevice=nullptr)
[2026-10-08 02:01:03.817] [thread-id: 130068151745728] [trace] zeMemFreeExt(hContext, pMemFreeDesc, ptr)
[2026-10-08 02:01:03.818] [thread-id: 130068151745728] [trace] SUCCESS (ZE_RESULT_SUCCESS) in zeMemFreeExt(hContext=0x9898738, pMemFreeDesc={stype=0x7fff71018680, freePolicy=1}, ptr=0x764bc7960000)
[2026-10-08 02:01:03.818] [thread-id: 130068151745728] [trace] zeDeviceGetProperties(hDevice, pDeviceProperties)
[2026-10-08 02:01:03.818] [thread-id: 130068151745728] [trace] SUCCESS (ZE_RESULT_SUCCESS) in zeDeviceGetProperties(hDevice=0x9881f28, pDeviceProperties={stype=0x764bc796f068, type=0x764bc796f078, vendorId=32902, deviceId=57868, flags=8, subdeviceId=0, coreClockRate=2750, maxMemAllocSize=10132807680, maxHardwareContexts=65536, maxCommandQueuePriority=0, numThreadsPerEU=8, physicalEUSimdWidth=16, numEUsPerSubslice=8, numSubslicesPerSlice=4, numSlices=5, timerResolution=52, timestampValidBits=64, kernelTimestampValidBits=64, uuid={id=134}, name="Intel(R) Arc(TM) B570 Graphics"})
[2026-10-08 02:01:03.818] [thread-id: 130068151745728] [trace] zeMemAllocShared(hContext, device_desc, host_desc, size, alignment, hDevice, pptr)
[2026-10-08 02:01:03.818] [thread-id: 130068151745728] [trace] SUCCESS (ZE_RESULT_SUCCESS) in zeMemAllocShared(hContext=0x9898738, device_desc={stype=0x7fff710186a0, flags=0, ordinal=0}, host_desc={stype=0x7fff71018680, flags=0}, size=1, alignment=0, hDevice=0x9881f28, pptr=0x764bc7950000)
[2026-10-08 02:01:03.818] [thread-id: 130068151745728] [trace] zeMemGetAllocProperties(hContext, ptr, pMemAllocProperties, phDevice)
[2026-10-08 02:01:03.818] [thread-id: 130068151745728] [trace] SUCCESS (ZE_RESULT_SUCCESS) in zeMemGetAllocProperties(hContext=0x9898738, ptr=0x764bc7950000, pMemAllocProperties={stype=0x7fff710186a0, type=0x7fff710186b0, id=6, pageSize=65536}, phDevice=nullptr)
[2026-10-08 02:01:03.818] [thread-id: 130068151745728] [trace] zeMemFreeExt(hContext, pMemFreeDesc, ptr)
[2026-10-08 02:01:03.818] [thread-id: 130068151745728] [trace] SUCCESS (ZE_RESULT_SUCCESS) in zeMemFreeExt(hContext=0x9898738, pMemFreeDesc={stype=0x7fff71018680, freePolicy=1}, ptr=0x764bc7950000)
[2026-10-08 02:01:03.818] [thread-id: 130068151745728] [trace] zeMemAllocHost(hContext, host_desc, size, alignment, pptr)
[2026-10-08 02:01:03.818] [thread-id: 130068151745728] [trace] SUCCESS (ZE_RESULT_SUCCESS) in zeMemAllocHost(hContext=0x9898738, host_desc={stype=0x7fff710186a0, flags=0}, size=1, alignment=0, pptr=0x764bc77ffe00)
[2026-10-08 02:01:03.818] [thread-id: 130068151745728] [trace] zeMemGetAllocProperties(hContext, ptr, pMemAllocProperties, phDevice)
[2026-10-08 02:01:03.818] [thread-id: 130068151745728] [trace] SUCCESS (ZE_RESULT_SUCCESS) in zeMemGetAllocProperties(hContext=0x9898738, ptr=0x764bc77ffe00, pMemAllocProperties={stype=0x7fff710186a0, type=0x7fff710186b0, id=1, pageSize=2097152}, phDevice=nullptr)
[2026-10-08 02:01:03.818] [thread-id: 130068151745728] [trace] zeMemFreeExt(hContext, pMemFreeDesc, ptr)
[2026-10-08 02:01:03.818] [thread-id: 130068151745728] [trace] SUCCESS (ZE_RESULT_SUCCESS) in zeMemFreeExt(hContext=0x9898738, pMemFreeDesc={stype=0x7fff71018680, freePolicy=1}, ptr=0x764bc77ffe00)
[2026-10-08 02:01:03.818] [thread-id: 130068151745728] [trace] zeDeviceGetProperties(hDevice, pDeviceProperties)
[2026-10-08 02:01:03.818] [thread-id: 130068151745728] [trace] SUCCESS (ZE_RESULT_SUCCESS) in zeDeviceGetProperties(hDevice=0x9881f28, pDeviceProperties={stype=0x764bc7967068, type=0x764bc7967078, vendorId=32902, deviceId=57868, flags=8, subdeviceId=0, coreClockRate=2750, maxMemAllocSize=10132807680, maxHardwareContexts=65536, maxCommandQueuePriority=0, numThreadsPerEU=8, physicalEUSimdWidth=16, numEUsPerSubslice=8, numSubslicesPerSlice=4, numSlices=5, timerResolution=52, timestampValidBits=64, kernelTimestampValidBits=64, uuid={id=134}, name="Intel(R) Arc(TM) B570 Graphics"})
[2026-10-08 02:01:03.818] [thread-id: 130068151745728] [trace] zeMemAllocDevice(hContext, device_desc, size, alignment, hDevice, pptr)
[2026-10-08 02:01:03.818] [thread-id: 130068151745728] [trace] SUCCESS (ZE_RESULT_SUCCESS) in zeMemAllocDevice(hContext=0x9898738, device_desc={stype=0x7fff71018660, flags=0, ordinal=0}, size=1, alignment=0, hDevice=0x9881f28, pptr=0xffffffffff9ffe00)
[2026-10-08 02:01:03.818] [thread-id: 130068151745728] [trace] zeContextMakeMemoryResident(hContext, hDevice, ptr, size)
[2026-10-08 02:01:03.818] [thread-id: 130068151745728] [trace] SUCCESS (ZE_RESULT_SUCCESS) in zeContextMakeMemoryResident(hContext=0x9898738, hDevice=0x9881f28, ptr=0xffffffffff9ffe00, size=1)
[2026-10-08 02:01:03.818] [thread-id: 130068151745728] [trace] zeMemGetAllocProperties(hContext, ptr, pMemAllocProperties, phDevice)
[2026-10-08 02:01:03.818] [thread-id: 130068151745728] [trace] SUCCESS (ZE_RESULT_SUCCESS) in zeMemGetAllocProperties(hContext=0x9898738, ptr=0xffffffffff9ffe00, pMemAllocProperties={stype=0x7fff710186a0, type=0x7fff710186b0, id=3, pageSize=65536}, phDevice=nullptr)
[2026-10-08 02:01:03.818] [thread-id: 130068151745728] [trace] zeMemFreeExt(hContext, pMemFreeDesc, ptr)
[2026-10-08 02:01:03.819] [thread-id: 130068151745728] [trace] SUCCESS (ZE_RESULT_SUCCESS) in zeMemFreeExt(hContext=0x9898738, pMemFreeDesc={stype=0x7fff71018680, freePolicy=1}, ptr=0xffffffffff9ffe00)
[2026-10-08 02:01:03.819] [thread-id: 130068151745728] [trace] zeDeviceGetProperties(hDevice, pDeviceProperties)
[2026-10-08 02:01:03.819] [thread-id: 130068151745728] [trace] SUCCESS (ZE_RESULT_SUCCESS) in zeDeviceGetProperties(hDevice=0x9881f28, pDeviceProperties={stype=0x764bc795a068, type=0x764bc795a078, vendorId=32902, deviceId=57868, flags=8, subdeviceId=0, coreClockRate=2750, maxMemAllocSize=10132807680, maxHardwareContexts=65536, maxCommandQueuePriority=0, numThreadsPerEU=8, physicalEUSimdWidth=16, numEUsPerSubslice=8, numSubslicesPerSlice=4, numSlices=5, timerResolution=52, timestampValidBits=64, kernelTimestampValidBits=64, uuid={id=134}, name="Intel(R) Arc(TM) B570 Graphics"})
[2026-10-08 02:01:03.819] [thread-id: 130068151745728] [trace] zeMemAllocShared(hContext, device_desc, host_desc, size, alignment, hDevice, pptr)
[2026-10-08 02:01:03.819] [thread-id: 130068151745728] [trace] SUCCESS (ZE_RESULT_SUCCESS) in zeMemAllocShared(hContext=0x9898738, device_desc={stype=0x7fff710186a0, flags=0, ordinal=0}, host_desc={stype=0x7fff71018680, flags=0}, size=1, alignment=0, hDevice=0x9881f28, pptr=0x764bc7940000)
[2026-10-08 02:01:03.819] [thread-id: 130068151745728] [trace] zeMemGetAllocProperties(hContext, ptr, pMemAllocProperties, phDevice)
[2026-10-08 02:01:03.819] [thread-id: 130068151745728] [trace] SUCCESS (ZE_RESULT_SUCCESS) in zeMemGetAllocProperties(hContext=0x9898738, ptr=0x764bc7940000, pMemAllocProperties={stype=0x7fff710186a0, type=0x7fff710186b0, id=9, pageSize=65536}, phDevice=nullptr)
[2026-10-08 02:01:03.819] [thread-id: 130068151745728] [trace] zeMemFreeExt(hContext, pMemFreeDesc, ptr)
[2026-10-08 02:01:03.819] [thread-id: 130068151745728] [trace] SUCCESS (ZE_RESULT_SUCCESS) in zeMemFreeExt(hContext=0x9898738, pMemFreeDesc={stype=0x7fff71018680, freePolicy=1}, ptr=0x764bc7940000)
[2026-10-08 02:01:03.819] [thread-id: 130068151745728] [trace] zeDeviceGetProperties(hDevice, pDeviceProperties)
[2026-10-08 02:01:03.819] [thread-id: 130068151745728] [trace] SUCCESS (ZE_RESULT_SUCCESS) in zeDeviceGetProperties(hDevice=0x9881f28, pDeviceProperties={stype=0x764bc7956068, type=0x764bc7956078, vendorId=32902, deviceId=57868, flags=8, subdeviceId=0, coreClockRate=2750, maxMemAllocSize=10132807680, maxHardwareContexts=65536, maxCommandQueuePriority=0, numThreadsPerEU=8, physicalEUSimdWidth=16, numEUsPerSubslice=8, numSubslicesPerSlice=4, numSlices=5, timerResolution=52, timestampValidBits=64, kernelTimestampValidBits=64, uuid={id=134}, name="Intel(R) Arc(TM) B570 Graphics"})
[2026-10-08 02:01:03.819] [thread-id: 130068151745728] [trace] zeMemAllocShared(hContext, device_desc, host_desc, size, alignment, hDevice, pptr)
[2026-10-08 02:01:03.819] [thread-id: 130068151745728] [trace] SUCCESS (ZE_RESULT_SUCCESS) in zeMemAllocShared(hContext=0x9898738, device_desc={stype=0x7fff710186a0, flags=0, ordinal=0}, host_desc={stype=0x7fff71018680, flags=0}, size=1, alignment=0, hDevice=0x9881f28, pptr=0x764bc7940000)
[2026-10-08 02:01:03.819] [thread-id: 130068151745728] [trace] zeMemGetAllocProperties(hContext, ptr, pMemAllocProperties, phDevice)
[2026-10-08 02:01:03.819] [thread-id: 130068151745728] [trace] SUCCESS (ZE_RESULT_SUCCESS) in zeMemGetAllocProperties(hContext=0x9898738, ptr=0x764bc7940000, pMemAllocProperties={stype=0x7fff710186a0, type=0x7fff710186b0, id=10, pageSize=65536}, phDevice=nullptr)
[2026-10-08 02:01:03.819] [thread-id: 130068151745728] [trace] zeMemFreeExt(hContext, pMemFreeDesc, ptr)
[2026-10-08 02:01:03.820] [thread-id: 130068151745728] [trace] SUCCESS (ZE_RESULT_SUCCESS) in zeMemFreeExt(hContext=0x9898738, pMemFreeDesc={stype=0x7fff71018680, freePolicy=1}, ptr=0x764bc7940000)
   <--- urContextCreate(.DeviceCount = 1, .phDevices = 0x9897ce0 {0x9897040}, .pProperties = nullptr, .phContext = 0x9899d70 (0x989bdd0)) -> UR_RESULT_SUCCESS;
   ---> urQueueCreate
<LEVEL_ZERO>[INFO]: Copy offload is disabled by the environment variable.
<LEVEL_ZERO>[DEBUG]: create command list ordinal: 0, type: immediate, device: 0x9881f28, inOrder: 1
[2026-10-08 02:01:03.820] [thread-id: 130068151745728] [trace] zeCommandListCreateImmediate(hContext, hDevice, altdesc, phCommandList)
[2026-10-08 02:01:03.821] [thread-id: 130068151745728] [trace] SUCCESS (ZE_RESULT_SUCCESS) in zeCommandListCreateImmediate(hContext=0x9898738, hDevice=0x9881f28, altdesc={stype=0x7fff71018ba0, ordinal=0, index=0, flags=2, mode=0x7fff71018bbc, priority=0x7fff71018bc0}, phCommandList=0x989ff08)
[2026-10-08 02:01:03.821] [thread-id: 130068151745728] [trace] zeDriverGetExtensionFunctionAddress(hDriver, name, ppFunctionAddress)
[2026-10-08 02:01:03.821] [thread-id: 130068151745728] [trace] SUCCESS (ZE_RESULT_SUCCESS) in zeDriverGetExtensionFunctionAddress(hDriver=0x98819c8, name="zexCounterBasedEventCreate2", ppFunctionAddress=0x764bd5e30c00)
   <--- urQueueCreate(.hContext = 0x989bdd0, .hDevice = 0x9897040, .pProperties = 0x7fff71019180 ((struct ur_queue_properties_t){.stype = UR_STRUCTURE_TYPE_QUEUE_PROPERTIES, .pNext = nullptr, .flags = 0}), .phQueue = 0x7fff71019198 (0x989f150)) -> UR_RESULT_SUCCESS;
   ---> urDeviceGetInfo
[2026-10-08 02:01:03.821] [thread-id: 130068151745728] [trace] zeDeviceGetMemoryAccessProperties(hDevice, pMemAccessProperties)
[2026-10-08 02:01:03.821] [thread-id: 130068151745728] [trace] SUCCESS (ZE_RESULT_SUCCESS) in zeDeviceGetMemoryAccessProperties(hDevice=0x9881f28, pMemAccessProperties={stype=0x9897420, hostAllocCapabilities=3, deviceAllocCapabilities=3, sharedSingleDeviceAllocCapabilities=3, sharedCrossDeviceAllocCapabilities=0, sharedSystemAllocCapabilities=15})
   <--- urDeviceGetInfo(.hDevice = 0x9897040, .propName = UR_DEVICE_INFO_USM_DEVICE_SUPPORT, .propSize = 4, .pPropValue = 0x7fff71018fe4 (UR_DEVICE_USM_ACCESS_CAPABILITY_FLAG_ACCESS | UR_DEVICE_USM_ACCESS_CAPABILITY_FLAG_ATOMIC_ACCESS), .pPropSizeRet = nullptr) -> UR_RESULT_SUCCESS;
   ---> urUSMDeviceAlloc
[2026-10-08 02:01:03.821] [thread-id: 130068151745728] [trace] zeMemAllocDevice(hContext, device_desc, size, alignment, hDevice, pptr)
[2026-10-08 02:01:03.821] [thread-id: 130068151745728] [trace] SUCCESS (ZE_RESULT_SUCCESS) in zeMemAllocDevice(hContext=0x9898738, device_desc={stype=0x7fff71018bf0, flags=0, ordinal=0}, size=65536, alignment=0, hDevice=0x9881f28, pptr=0xffffffffff600000)
[2026-10-08 02:01:03.821] [thread-id: 130068151745728] [trace] zeContextMakeMemoryResident(hContext, hDevice, ptr, size)
[2026-10-08 02:01:03.821] [thread-id: 130068151745728] [trace] SUCCESS (ZE_RESULT_SUCCESS) in zeContextMakeMemoryResident(hContext=0x9898738, hDevice=0x9881f28, ptr=0xffffffffff600000, size=65536)
   <--- urUSMDeviceAlloc(.hContext = 0x989bdd0, .hDevice = 0x9897040, .pUSMDesc = 0x7fff71019150 ((struct ur_usm_desc_t){.stype = UR_STRUCTURE_TYPE_CONTEXT_PROPERTIES, .pNext = nullptr, .hints = 0, .align = 4}), .pool = nullptr, .size = 65536, .ppMem = 0x7fff71019168 (0xffffffffff600000)) -> UR_RESULT_SUCCESS;
   ---> urEnqueueUSMMemcpy
<LEVEL_ZERO>[DEBUG]: ze_event_pool_desc_t flags set to: 1
[2026-10-08 02:01:03.821] [thread-id: 130068151745728] [trace] zexCounterBasedEventCreate2(hContext, hDevice, desc, phEvent)
[2026-10-08 02:01:03.821] [thread-id: 130068151745728] [trace] SUCCESS (ZE_RESULT_SUCCESS) in zexCounterBasedEventCreate2(hContext=0x9898738, hDevice=0x9881f28, desc=0x7fff71018ba0, phEvent=0x98d0c28)
<LEVEL_ZERO>[DEBUG]: ze_event_pool_desc_t flags set to: 1
[2026-10-08 02:01:03.821] [thread-id: 130068151745728] [trace] zexCounterBasedEventCreate2(hContext, hDevice, desc, phEvent)
[2026-10-08 02:01:03.822] [thread-id: 130068151745728] [trace] SUCCESS (ZE_RESULT_SUCCESS) in zexCounterBasedEventCreate2(hContext=0x9898738, hDevice=0x9881f28, desc=0x7fff71018ba0, phEvent=0x98d0f28)
<LEVEL_ZERO>[DEBUG]: ze_event_pool_desc_t flags set to: 1
[2026-10-08 02:01:03.822] [thread-id: 130068151745728] [trace] zexCounterBasedEventCreate2(hContext, hDevice, desc, phEvent)
[2026-10-08 02:01:03.822] [thread-id: 130068151745728] [trace] SUCCESS (ZE_RESULT_SUCCESS) in zexCounterBasedEventCreate2(hContext=0x9898738, hDevice=0x9881f28, desc=0x7fff71018ba0, phEvent=0x98d1648)
<LEVEL_ZERO>[DEBUG]: ze_event_pool_desc_t flags set to: 1
[2026-10-08 02:01:03.822] [thread-id: 130068151745728] [trace] zexCounterBasedEventCreate2(hContext, hDevice, desc, phEvent)
[2026-10-08 02:01:03.822] [thread-id: 130068151745728] [trace] SUCCESS (ZE_RESULT_SUCCESS) in zexCounterBasedEventCreate2(hContext=0x9898738, hDevice=0x9881f28, desc=0x7fff71018ba0, phEvent=0x98d1b88)
<LEVEL_ZERO>[DEBUG]: ze_event_pool_desc_t flags set to: 1
[2026-10-08 02:01:03.822] [thread-id: 130068151745728] [trace] zexCounterBasedEventCreate2(hContext, hDevice, desc, phEvent)
[2026-10-08 02:01:03.822] [thread-id: 130068151745728] [trace] SUCCESS (ZE_RESULT_SUCCESS) in zexCounterBasedEventCreate2(hContext=0x9898738, hDevice=0x9881f28, desc=0x7fff71018ba0, phEvent=0x98d2288)
<LEVEL_ZERO>[DEBUG]: ze_event_pool_desc_t flags set to: 1
[2026-10-08 02:01:03.822] [thread-id: 130068151745728] [trace] zexCounterBasedEventCreate2(hContext, hDevice, desc, phEvent)
[2026-10-08 02:01:03.822] [thread-id: 130068151745728] [trace] SUCCESS (ZE_RESULT_SUCCESS) in zexCounterBasedEventCreate2(hContext=0x9898738, hDevice=0x9881f28, desc=0x7fff71018ba0, phEvent=0x98d27e8)
<LEVEL_ZERO>[DEBUG]: ze_event_pool_desc_t flags set to: 1
[2026-10-08 02:01:03.822] [thread-id: 130068151745728] [trace] zexCounterBasedEventCreate2(hContext, hDevice, desc, phEvent)
[2026-10-08 02:01:03.822] [thread-id: 130068151745728] [trace] SUCCESS (ZE_RESULT_SUCCESS) in zexCounterBasedEventCreate2(hContext=0x9898738, hDevice=0x9881f28, desc=0x7fff71018ba0, phEvent=0x98d2ee8)
<LEVEL_ZERO>[DEBUG]: ze_event_pool_desc_t flags set to: 1
[2026-10-08 02:01:03.822] [thread-id: 130068151745728] [trace] zexCounterBasedEventCreate2(hContext, hDevice, desc, phEvent)
[2026-10-08 02:01:03.822] [thread-id: 130068151745728] [trace] SUCCESS (ZE_RESULT_SUCCESS) in zexCounterBasedEventCreate2(hContext=0x9898738, hDevice=0x9881f28, desc=0x7fff71018ba0, phEvent=0x98d33f8)
<LEVEL_ZERO>[DEBUG]: ze_event_pool_desc_t flags set to: 1
[2026-10-08 02:01:03.822] [thread-id: 130068151745728] [trace] zexCounterBasedEventCreate2(hContext, hDevice, desc, phEvent)
[2026-10-08 02:01:03.822] [thread-id: 130068151745728] [trace] SUCCESS (ZE_RESULT_SUCCESS) in zexCounterBasedEventCreate2(hContext=0x9898738, hDevice=0x9881f28, desc=0x7fff71018ba0, phEvent=0x98d3af8)
<LEVEL_ZERO>[DEBUG]: ze_event_pool_desc_t flags set to: 1
[2026-10-08 02:01:03.822] [thread-id: 130068151745728] [trace] zexCounterBasedEventCreate2(hContext, hDevice, desc, phEvent)
[2026-10-08 02:01:03.822] [thread-id: 130068151745728] [trace] SUCCESS (ZE_RESULT_SUCCESS) in zexCounterBasedEventCreate2(hContext=0x9898738, hDevice=0x9881f28, desc=0x7fff71018ba0, phEvent=0x98d4008)
<LEVEL_ZERO>[DEBUG]: ze_event_pool_desc_t flags set to: 1
[2026-10-08 02:01:03.822] [thread-id: 130068151745728] [trace] zexCounterBasedEventCreate2(hContext, hDevice, desc, phEvent)
[2026-10-08 02:01:03.822] [thread-id: 130068151745728] [trace] SUCCESS (ZE_RESULT_SUCCESS) in zexCounterBasedEventCreate2(hContext=0x9898738, hDevice=0x9881f28, desc=0x7fff71018ba0, phEvent=0x98d4708)
<LEVEL_ZERO>[DEBUG]: ze_event_pool_desc_t flags set to: 1
[2026-10-08 02:01:03.822] [thread-id: 130068151745728] [trace] zexCounterBasedEventCreate2(hContext, hDevice, desc, phEvent)
[2026-10-08 02:01:03.822] [thread-id: 130068151745728] [trace] SUCCESS (ZE_RESULT_SUCCESS) in zexCounterBasedEventCreate2(hContext=0x9898738, hDevice=0x9881f28, desc=0x7fff71018ba0, phEvent=0x98d4cb8)
<LEVEL_ZERO>[DEBUG]: ze_event_pool_desc_t flags set to: 1
[2026-10-08 02:01:03.822] [thread-id: 130068151745728] [trace] zexCounterBasedEventCreate2(hContext, hDevice, desc, phEvent)
[2026-10-08 02:01:03.822] [thread-id: 130068151745728] [trace] SUCCESS (ZE_RESULT_SUCCESS) in zexCounterBasedEventCreate2(hContext=0x9898738, hDevice=0x9881f28, desc=0x7fff71018ba0, phEvent=0x98d53b8)
<LEVEL_ZERO>[DEBUG]: ze_event_pool_desc_t flags set to: 1
[2026-10-08 02:01:03.822] [thread-id: 130068151745728] [trace] zexCounterBasedEventCreate2(hContext, hDevice, desc, phEvent)
[2026-10-08 02:01:03.822] [thread-id: 130068151745728] [trace] SUCCESS (ZE_RESULT_SUCCESS) in zexCounterBasedEventCreate2(hContext=0x9898738, hDevice=0x9881f28, desc=0x7fff71018ba0, phEvent=0x98d58c8)
<LEVEL_ZERO>[DEBUG]: ze_event_pool_desc_t flags set to: 1
[2026-10-08 02:01:03.822] [thread-id: 130068151745728] [trace] zexCounterBasedEventCreate2(hContext, hDevice, desc, phEvent)
[2026-10-08 02:01:03.822] [thread-id: 130068151745728] [trace] SUCCESS (ZE_RESULT_SUCCESS) in zexCounterBasedEventCreate2(hContext=0x9898738, hDevice=0x9881f28, desc=0x7fff71018ba0, phEvent=0x98d5fc8)
<LEVEL_ZERO>[DEBUG]: ze_event_pool_desc_t flags set to: 1
[2026-10-08 02:01:03.822] [thread-id: 130068151745728] [trace] zexCounterBasedEventCreate2(hContext, hDevice, desc, phEvent)
[2026-10-08 02:01:03.822] [thread-id: 130068151745728] [trace] SUCCESS (ZE_RESULT_SUCCESS) in zexCounterBasedEventCreate2(hContext=0x9898738, hDevice=0x9881f28, desc=0x7fff71018ba0, phEvent=0x98d64d8)
<LEVEL_ZERO>[DEBUG]: ze_event_pool_desc_t flags set to: 1
[2026-10-08 02:01:03.822] [thread-id: 130068151745728] [trace] zexCounterBasedEventCreate2(hContext, hDevice, desc, phEvent)
[2026-10-08 02:01:03.822] [thread-id: 130068151745728] [trace] SUCCESS (ZE_RESULT_SUCCESS) in zexCounterBasedEventCreate2(hContext=0x9898738, hDevice=0x9881f28, desc=0x7fff71018ba0, phEvent=0x98d6bd8)
<LEVEL_ZERO>[DEBUG]: ze_event_pool_desc_t flags set to: 1
[2026-10-08 02:01:03.822] [thread-id: 130068151745728] [trace] zexCounterBasedEventCreate2(hContext, hDevice, desc, phEvent)
[2026-10-08 02:01:03.822] [thread-id: 130068151745728] [trace] SUCCESS (ZE_RESULT_SUCCESS) in zexCounterBasedEventCreate2(hContext=0x9898738, hDevice=0x9881f28, desc=0x7fff71018ba0, phEvent=0x98d70e8)
<LEVEL_ZERO>[DEBUG]: ze_event_pool_desc_t flags set to: 1
[2026-10-08 02:01:03.822] [thread-id: 130068151745728] [trace] zexCounterBasedEventCreate2(hContext, hDevice, desc, phEvent)
[2026-10-08 02:01:03.822] [thread-id: 130068151745728] [trace] SUCCESS (ZE_RESULT_SUCCESS) in zexCounterBasedEventCreate2(hContext=0x9898738, hDevice=0x9881f28, desc=0x7fff71018ba0, phEvent=0x98d77e8)
<LEVEL_ZERO>[DEBUG]: ze_event_pool_desc_t flags set to: 1
[2026-10-08 02:01:03.822] [thread-id: 130068151745728] [trace] zexCounterBasedEventCreate2(hContext, hDevice, desc, phEvent)
[2026-10-08 02:01:03.822] [thread-id: 130068151745728] [trace] SUCCESS (ZE_RESULT_SUCCESS) in zexCounterBasedEventCreate2(hContext=0x9898738, hDevice=0x9881f28, desc=0x7fff71018ba0, phEvent=0x98d7cf8)
<LEVEL_ZERO>[DEBUG]: ze_event_pool_desc_t flags set to: 1
[2026-10-08 02:01:03.822] [thread-id: 130068151745728] [trace] zexCounterBasedEventCreate2(hContext, hDevice, desc, phEvent)
[2026-10-08 02:01:03.822] [thread-id: 130068151745728] [trace] SUCCESS (ZE_RESULT_SUCCESS) in zexCounterBasedEventCreate2(hContext=0x9898738, hDevice=0x9881f28, desc=0x7fff71018ba0, phEvent=0x98d83f8)
<LEVEL_ZERO>[DEBUG]: ze_event_pool_desc_t flags set to: 1
[2026-10-08 02:01:03.822] [thread-id: 130068151745728] [trace] zexCounterBasedEventCreate2(hContext, hDevice, desc, phEvent)
[2026-10-08 02:01:03.822] [thread-id: 130068151745728] [trace] SUCCESS (ZE_RESULT_SUCCESS) in zexCounterBasedEventCreate2(hContext=0x9898738, hDevice=0x9881f28, desc=0x7fff71018ba0, phEvent=0x98d8908)
<LEVEL_ZERO>[DEBUG]: ze_event_pool_desc_t flags set to: 1
[2026-10-08 02:01:03.822] [thread-id: 130068151745728] [trace] zexCounterBasedEventCreate2(hContext, hDevice, desc, phEvent)
[2026-10-08 02:01:03.822] [thread-id: 130068151745728] [trace] SUCCESS (ZE_RESULT_SUCCESS) in zexCounterBasedEventCreate2(hContext=0x9898738, hDevice=0x9881f28, desc=0x7fff71018ba0, phEvent=0x98d9008)
<LEVEL_ZERO>[DEBUG]: ze_event_pool_desc_t flags set to: 1
[2026-10-08 02:01:03.822] [thread-id: 130068151745728] [trace] zexCounterBasedEventCreate2(hContext, hDevice, desc, phEvent)
[2026-10-08 02:01:03.822] [thread-id: 130068151745728] [trace] SUCCESS (ZE_RESULT_SUCCESS) in zexCounterBasedEventCreate2(hContext=0x9898738, hDevice=0x9881f28, desc=0x7fff71018ba0, phEvent=0x98d9518)
<LEVEL_ZERO>[DEBUG]: ze_event_pool_desc_t flags set to: 1
[2026-10-08 02:01:03.822] [thread-id: 130068151745728] [trace] zexCounterBasedEventCreate2(hContext, hDevice, desc, phEvent)
[2026-10-08 02:01:03.822] [thread-id: 130068151745728] [trace] SUCCESS (ZE_RESULT_SUCCESS) in zexCounterBasedEventCreate2(hContext=0x9898738, hDevice=0x9881f28, desc=0x7fff71018ba0, phEvent=0x98d9d58)
<LEVEL_ZERO>[DEBUG]: ze_event_pool_desc_t flags set to: 1
[2026-10-08 02:01:03.822] [thread-id: 130068151745728] [trace] zexCounterBasedEventCreate2(hContext, hDevice, desc, phEvent)
[2026-10-08 02:01:03.822] [thread-id: 130068151745728] [trace] SUCCESS (ZE_RESULT_SUCCESS) in zexCounterBasedEventCreate2(hContext=0x9898738, hDevice=0x9881f28, desc=0x7fff71018ba0, phEvent=0x98da268)
<LEVEL_ZERO>[DEBUG]: ze_event_pool_desc_t flags set to: 1
[2026-10-08 02:01:03.822] [thread-id: 130068151745728] [trace] zexCounterBasedEventCreate2(hContext, hDevice, desc, phEvent)
[2026-10-08 02:01:03.822] [thread-id: 130068151745728] [trace] SUCCESS (ZE_RESULT_SUCCESS) in zexCounterBasedEventCreate2(hContext=0x9898738, hDevice=0x9881f28, desc=0x7fff71018ba0, phEvent=0x98da968)
<LEVEL_ZERO>[DEBUG]: ze_event_pool_desc_t flags set to: 1
[2026-10-08 02:01:03.822] [thread-id: 130068151745728] [trace] zexCounterBasedEventCreate2(hContext, hDevice, desc, phEvent)
[2026-10-08 02:01:03.822] [thread-id: 130068151745728] [trace] SUCCESS (ZE_RESULT_SUCCESS) in zexCounterBasedEventCreate2(hContext=0x9898738, hDevice=0x9881f28, desc=0x7fff71018ba0, phEvent=0x98dae78)
<LEVEL_ZERO>[DEBUG]: ze_event_pool_desc_t flags set to: 1
[2026-10-08 02:01:03.822] [thread-id: 130068151745728] [trace] zexCounterBasedEventCreate2(hContext, hDevice, desc, phEvent)
[2026-10-08 02:01:03.822] [thread-id: 130068151745728] [trace] SUCCESS (ZE_RESULT_SUCCESS) in zexCounterBasedEventCreate2(hContext=0x9898738, hDevice=0x9881f28, desc=0x7fff71018ba0, phEvent=0x98db578)
<LEVEL_ZERO>[DEBUG]: ze_event_pool_desc_t flags set to: 1
[2026-10-08 02:01:03.822] [thread-id: 130068151745728] [trace] zexCounterBasedEventCreate2(hContext, hDevice, desc, phEvent)
[2026-10-08 02:01:03.822] [thread-id: 130068151745728] [trace] SUCCESS (ZE_RESULT_SUCCESS) in zexCounterBasedEventCreate2(hContext=0x9898738, hDevice=0x9881f28, desc=0x7fff71018ba0, phEvent=0x98dba88)
<LEVEL_ZERO>[DEBUG]: ze_event_pool_desc_t flags set to: 1
[2026-10-08 02:01:03.822] [thread-id: 130068151745728] [trace] zexCounterBasedEventCreate2(hContext, hDevice, desc, phEvent)
[2026-10-08 02:01:03.822] [thread-id: 130068151745728] [trace] SUCCESS (ZE_RESULT_SUCCESS) in zexCounterBasedEventCreate2(hContext=0x9898738, hDevice=0x9881f28, desc=0x7fff71018ba0, phEvent=0x98dc188)
<LEVEL_ZERO>[DEBUG]: ze_event_pool_desc_t flags set to: 1
[2026-10-08 02:01:03.822] [thread-id: 130068151745728] [trace] zexCounterBasedEventCreate2(hContext, hDevice, desc, phEvent)
[2026-10-08 02:01:03.823] [thread-id: 130068151745728] [trace] SUCCESS (ZE_RESULT_SUCCESS) in zexCounterBasedEventCreate2(hContext=0x9898738, hDevice=0x9881f28, desc=0x7fff71018ba0, phEvent=0x98dc698)
<LEVEL_ZERO>[DEBUG]: ze_event_pool_desc_t flags set to: 1
[2026-10-08 02:01:03.823] [thread-id: 130068151745728] [trace] zexCounterBasedEventCreate2(hContext, hDevice, desc, phEvent)
[2026-10-08 02:01:03.823] [thread-id: 130068151745728] [trace] SUCCESS (ZE_RESULT_SUCCESS) in zexCounterBasedEventCreate2(hContext=0x9898738, hDevice=0x9881f28, desc=0x7fff71018ba0, phEvent=0x98dcd98)
<LEVEL_ZERO>[DEBUG]: ze_event_pool_desc_t flags set to: 1
[2026-10-08 02:01:03.823] [thread-id: 130068151745728] [trace] zexCounterBasedEventCreate2(hContext, hDevice, desc, phEvent)
[2026-10-08 02:01:03.823] [thread-id: 130068151745728] [trace] SUCCESS (ZE_RESULT_SUCCESS) in zexCounterBasedEventCreate2(hContext=0x9898738, hDevice=0x9881f28, desc=0x7fff71018ba0, phEvent=0x98dd4b8)
<LEVEL_ZERO>[DEBUG]: ze_event_pool_desc_t flags set to: 1
[2026-10-08 02:01:03.823] [thread-id: 130068151745728] [trace] zexCounterBasedEventCreate2(hContext, hDevice, desc, phEvent)
[2026-10-08 02:01:03.823] [thread-id: 130068151745728] [trace] SUCCESS (ZE_RESULT_SUCCESS) in zexCounterBasedEventCreate2(hContext=0x9898738, hDevice=0x9881f28, desc=0x7fff71018ba0, phEvent=0x98ddbb8)
<LEVEL_ZERO>[DEBUG]: ze_event_pool_desc_t flags set to: 1
[2026-10-08 02:01:03.823] [thread-id: 130068151745728] [trace] zexCounterBasedEventCreate2(hContext, hDevice, desc, phEvent)
[2026-10-08 02:01:03.823] [thread-id: 130068151745728] [trace] SUCCESS (ZE_RESULT_SUCCESS) in zexCounterBasedEventCreate2(hContext=0x9898738, hDevice=0x9881f28, desc=0x7fff71018ba0, phEvent=0x98de0c8)
<LEVEL_ZERO>[DEBUG]: ze_event_pool_desc_t flags set to: 1
[2026-10-08 02:01:03.823] [thread-id: 130068151745728] [trace] zexCounterBasedEventCreate2(hContext, hDevice, desc, phEvent)
[2026-10-08 02:01:03.823] [thread-id: 130068151745728] [trace] SUCCESS (ZE_RESULT_SUCCESS) in zexCounterBasedEventCreate2(hContext=0x9898738, hDevice=0x9881f28, desc=0x7fff71018ba0, phEvent=0x98de7c8)
<LEVEL_ZERO>[DEBUG]: ze_event_pool_desc_t flags set to: 1
[2026-10-08 02:01:03.823] [thread-id: 130068151745728] [trace] zexCounterBasedEventCreate2(hContext, hDevice, desc, phEvent)
[2026-10-08 02:01:03.823] [thread-id: 130068151745728] [trace] SUCCESS (ZE_RESULT_SUCCESS) in zexCounterBasedEventCreate2(hContext=0x9898738, hDevice=0x9881f28, desc=0x7fff71018ba0, phEvent=0x98decd8)
<LEVEL_ZERO>[DEBUG]: ze_event_pool_desc_t flags set to: 1
[2026-10-08 02:01:03.823] [thread-id: 130068151745728] [trace] zexCounterBasedEventCreate2(hContext, hDevice, desc, phEvent)
[2026-10-08 02:01:03.823] [thread-id: 130068151745728] [trace] SUCCESS (ZE_RESULT_SUCCESS) in zexCounterBasedEventCreate2(hContext=0x9898738, hDevice=0x9881f28, desc=0x7fff71018ba0, phEvent=0x98df3d8)
<LEVEL_ZERO>[DEBUG]: ze_event_pool_desc_t flags set to: 1
[2026-10-08 02:01:03.823] [thread-id: 130068151745728] [trace] zexCounterBasedEventCreate2(hContext, hDevice, desc, phEvent)
[2026-10-08 02:01:03.823] [thread-id: 130068151745728] [trace] SUCCESS (ZE_RESULT_SUCCESS) in zexCounterBasedEventCreate2(hContext=0x9898738, hDevice=0x9881f28, desc=0x7fff71018ba0, phEvent=0x98df8e8)
<LEVEL_ZERO>[DEBUG]: ze_event_pool_desc_t flags set to: 1
[2026-10-08 02:01:03.823] [thread-id: 130068151745728] [trace] zexCounterBasedEventCreate2(hContext, hDevice, desc, phEvent)
[2026-10-08 02:01:03.823] [thread-id: 130068151745728] [trace] SUCCESS (ZE_RESULT_SUCCESS) in zexCounterBasedEventCreate2(hContext=0x9898738, hDevice=0x9881f28, desc=0x7fff71018ba0, phEvent=0x98dffe8)
<LEVEL_ZERO>[DEBUG]: ze_event_pool_desc_t flags set to: 1
[2026-10-08 02:01:03.823] [thread-id: 130068151745728] [trace] zexCounterBasedEventCreate2(hContext, hDevice, desc, phEvent)
[2026-10-08 02:01:03.823] [thread-id: 130068151745728] [trace] SUCCESS (ZE_RESULT_SUCCESS) in zexCounterBasedEventCreate2(hContext=0x9898738, hDevice=0x9881f28, desc=0x7fff71018ba0, phEvent=0x98e04f8)
<LEVEL_ZERO>[DEBUG]: ze_event_pool_desc_t flags set to: 1
[2026-10-08 02:01:03.823] [thread-id: 130068151745728] [trace] zexCounterBasedEventCreate2(hContext, hDevice, desc, phEvent)
[2026-10-08 02:01:03.823] [thread-id: 130068151745728] [trace] SUCCESS (ZE_RESULT_SUCCESS) in zexCounterBasedEventCreate2(hContext=0x9898738, hDevice=0x9881f28, desc=0x7fff71018ba0, phEvent=0x98e0bf8)
<LEVEL_ZERO>[DEBUG]: ze_event_pool_desc_t flags set to: 1
[2026-10-08 02:01:03.823] [thread-id: 130068151745728] [trace] zexCounterBasedEventCreate2(hContext, hDevice, desc, phEvent)
[2026-10-08 02:01:03.823] [thread-id: 130068151745728] [trace] SUCCESS (ZE_RESULT_SUCCESS) in zexCounterBasedEventCreate2(hContext=0x9898738, hDevice=0x9881f28, desc=0x7fff71018ba0, phEvent=0x98e1108)
<LEVEL_ZERO>[DEBUG]: ze_event_pool_desc_t flags set to: 1
[2026-10-08 02:01:03.823] [thread-id: 130068151745728] [trace] zexCounterBasedEventCreate2(hContext, hDevice, desc, phEvent)
[2026-10-08 02:01:03.823] [thread-id: 130068151745728] [trace] SUCCESS (ZE_RESULT_SUCCESS) in zexCounterBasedEventCreate2(hContext=0x9898738, hDevice=0x9881f28, desc=0x7fff71018ba0, phEvent=0x98e1808)
<LEVEL_ZERO>[DEBUG]: ze_event_pool_desc_t flags set to: 1
[2026-10-08 02:01:03.823] [thread-id: 130068151745728] [trace] zexCounterBasedEventCreate2(hContext, hDevice, desc, phEvent)
[2026-10-08 02:01:03.823] [thread-id: 130068151745728] [trace] SUCCESS (ZE_RESULT_SUCCESS) in zexCounterBasedEventCreate2(hContext=0x9898738, hDevice=0x9881f28, desc=0x7fff71018ba0, phEvent=0x98e1d18)
<LEVEL_ZERO>[DEBUG]: ze_event_pool_desc_t flags set to: 1
[2026-10-08 02:01:03.823] [thread-id: 130068151745728] [trace] zexCounterBasedEventCreate2(hContext, hDevice, desc, phEvent)
[2026-10-08 02:01:03.823] [thread-id: 130068151745728] [trace] SUCCESS (ZE_RESULT_SUCCESS) in zexCounterBasedEventCreate2(hContext=0x9898738, hDevice=0x9881f28, desc=0x7fff71018ba0, phEvent=0x98e2418)
<LEVEL_ZERO>[DEBUG]: ze_event_pool_desc_t flags set to: 1
[2026-10-08 02:01:03.823] [thread-id: 130068151745728] [trace] zexCounterBasedEventCreate2(hContext, hDevice, desc, phEvent)
[2026-10-08 02:01:03.823] [thread-id: 130068151745728] [trace] SUCCESS (ZE_RESULT_SUCCESS) in zexCounterBasedEventCreate2(hContext=0x9898738, hDevice=0x9881f28, desc=0x7fff71018ba0, phEvent=0x98e2928)
<LEVEL_ZERO>[DEBUG]: ze_event_pool_desc_t flags set to: 1
[2026-10-08 02:01:03.823] [thread-id: 130068151745728] [trace] zexCounterBasedEventCreate2(hContext, hDevice, desc, phEvent)
[2026-10-08 02:01:03.823] [thread-id: 130068151745728] [trace] SUCCESS (ZE_RESULT_SUCCESS) in zexCounterBasedEventCreate2(hContext=0x9898738, hDevice=0x9881f28, desc=0x7fff71018ba0, phEvent=0x98e3028)
<LEVEL_ZERO>[DEBUG]: ze_event_pool_desc_t flags set to: 1
[2026-10-08 02:01:03.823] [thread-id: 130068151745728] [trace] zexCounterBasedEventCreate2(hContext, hDevice, desc, phEvent)
[2026-10-08 02:01:03.823] [thread-id: 130068151745728] [trace] SUCCESS (ZE_RESULT_SUCCESS) in zexCounterBasedEventCreate2(hContext=0x9898738, hDevice=0x9881f28, desc=0x7fff71018ba0, phEvent=0x98e3538)
<LEVEL_ZERO>[DEBUG]: ze_event_pool_desc_t flags set to: 1
[2026-10-08 02:01:03.823] [thread-id: 130068151745728] [trace] zexCounterBasedEventCreate2(hContext, hDevice, desc, phEvent)
[2026-10-08 02:01:03.823] [thread-id: 130068151745728] [trace] SUCCESS (ZE_RESULT_SUCCESS) in zexCounterBasedEventCreate2(hContext=0x9898738, hDevice=0x9881f28, desc=0x7fff71018ba0, phEvent=0x98e3c38)
<LEVEL_ZERO>[DEBUG]: ze_event_pool_desc_t flags set to: 1
[2026-10-08 02:01:03.823] [thread-id: 130068151745728] [trace] zexCounterBasedEventCreate2(hContext, hDevice, desc, phEvent)
[2026-10-08 02:01:03.823] [thread-id: 130068151745728] [trace] SUCCESS (ZE_RESULT_SUCCESS) in zexCounterBasedEventCreate2(hContext=0x9898738, hDevice=0x9881f28, desc=0x7fff71018ba0, phEvent=0x98e4148)
<LEVEL_ZERO>[DEBUG]: ze_event_pool_desc_t flags set to: 1
[2026-10-08 02:01:03.823] [thread-id: 130068151745728] [trace] zexCounterBasedEventCreate2(hContext, hDevice, desc, phEvent)
[2026-10-08 02:01:03.823] [thread-id: 130068151745728] [trace] SUCCESS (ZE_RESULT_SUCCESS) in zexCounterBasedEventCreate2(hContext=0x9898738, hDevice=0x9881f28, desc=0x7fff71018ba0, phEvent=0x98e4ac8)
<LEVEL_ZERO>[DEBUG]: ze_event_pool_desc_t flags set to: 1
[2026-10-08 02:01:03.823] [thread-id: 130068151745728] [trace] zexCounterBasedEventCreate2(hContext, hDevice, desc, phEvent)
[2026-10-08 02:01:03.823] [thread-id: 130068151745728] [trace] SUCCESS (ZE_RESULT_SUCCESS) in zexCounterBasedEventCreate2(hContext=0x9898738, hDevice=0x9881f28, desc=0x7fff71018ba0, phEvent=0x98e4fd8)
<LEVEL_ZERO>[DEBUG]: ze_event_pool_desc_t flags set to: 1
[2026-10-08 02:01:03.823] [thread-id: 130068151745728] [trace] zexCounterBasedEventCreate2(hContext, hDevice, desc, phEvent)
[2026-10-08 02:01:03.823] [thread-id: 130068151745728] [trace] SUCCESS (ZE_RESULT_SUCCESS) in zexCounterBasedEventCreate2(hContext=0x9898738, hDevice=0x9881f28, desc=0x7fff71018ba0, phEvent=0x98e56d8)
<LEVEL_ZERO>[DEBUG]: ze_event_pool_desc_t flags set to: 1
[2026-10-08 02:01:03.823] [thread-id: 130068151745728] [trace] zexCounterBasedEventCreate2(hContext, hDevice, desc, phEvent)
[2026-10-08 02:01:03.823] [thread-id: 130068151745728] [trace] SUCCESS (ZE_RESULT_SUCCESS) in zexCounterBasedEventCreate2(hContext=0x9898738, hDevice=0x9881f28, desc=0x7fff71018ba0, phEvent=0x98e5be8)
<LEVEL_ZERO>[DEBUG]: ze_event_pool_desc_t flags set to: 1
[2026-10-08 02:01:03.823] [thread-id: 130068151745728] [trace] zexCounterBasedEventCreate2(hContext, hDevice, desc, phEvent)
[2026-10-08 02:01:03.823] [thread-id: 130068151745728] [trace] SUCCESS (ZE_RESULT_SUCCESS) in zexCounterBasedEventCreate2(hContext=0x9898738, hDevice=0x9881f28, desc=0x7fff71018ba0, phEvent=0x98e62e8)
<LEVEL_ZERO>[DEBUG]: ze_event_pool_desc_t flags set to: 1
[2026-10-08 02:01:03.823] [thread-id: 130068151745728] [trace] zexCounterBasedEventCreate2(hContext, hDevice, desc, phEvent)
[2026-10-08 02:01:03.823] [thread-id: 130068151745728] [trace] SUCCESS (ZE_RESULT_SUCCESS) in zexCounterBasedEventCreate2(hContext=0x9898738, hDevice=0x9881f28, desc=0x7fff71018ba0, phEvent=0x98e67f8)
<LEVEL_ZERO>[DEBUG]: ze_event_pool_desc_t flags set to: 1
[2026-10-08 02:01:03.824] [thread-id: 130068151745728] [trace] zexCounterBasedEventCreate2(hContext, hDevice, desc, phEvent)
[2026-10-08 02:01:03.824] [thread-id: 130068151745728] [trace] SUCCESS (ZE_RESULT_SUCCESS) in zexCounterBasedEventCreate2(hContext=0x9898738, hDevice=0x9881f28, desc=0x7fff71018ba0, phEvent=0x98e6ef8)
<LEVEL_ZERO>[DEBUG]: ze_event_pool_desc_t flags set to: 1
[2026-10-08 02:01:03.824] [thread-id: 130068151745728] [trace] zexCounterBasedEventCreate2(hContext, hDevice, desc, phEvent)
[2026-10-08 02:01:03.824] [thread-id: 130068151745728] [trace] SUCCESS (ZE_RESULT_SUCCESS) in zexCounterBasedEventCreate2(hContext=0x9898738, hDevice=0x9881f28, desc=0x7fff71018ba0, phEvent=0x98e7408)
<LEVEL_ZERO>[DEBUG]: ze_event_pool_desc_t flags set to: 1
[2026-10-08 02:01:03.824] [thread-id: 130068151745728] [trace] zexCounterBasedEventCreate2(hContext, hDevice, desc, phEvent)
[2026-10-08 02:01:03.824] [thread-id: 130068151745728] [trace] SUCCESS (ZE_RESULT_SUCCESS) in zexCounterBasedEventCreate2(hContext=0x9898738, hDevice=0x9881f28, desc=0x7fff71018ba0, phEvent=0x98e7b08)
<LEVEL_ZERO>[DEBUG]: ze_event_pool_desc_t flags set to: 1
[2026-10-08 02:01:03.824] [thread-id: 130068151745728] [trace] zexCounterBasedEventCreate2(hContext, hDevice, desc, phEvent)
[2026-10-08 02:01:03.824] [thread-id: 130068151745728] [trace] SUCCESS (ZE_RESULT_SUCCESS) in zexCounterBasedEventCreate2(hContext=0x9898738, hDevice=0x9881f28, desc=0x7fff71018ba0, phEvent=0x98e8018)
<LEVEL_ZERO>[DEBUG]: ze_event_pool_desc_t flags set to: 1
[2026-10-08 02:01:03.824] [thread-id: 130068151745728] [trace] zexCounterBasedEventCreate2(hContext, hDevice, desc, phEvent)
[2026-10-08 02:01:03.824] [thread-id: 130068151745728] [trace] SUCCESS (ZE_RESULT_SUCCESS) in zexCounterBasedEventCreate2(hContext=0x9898738, hDevice=0x9881f28, desc=0x7fff71018ba0, phEvent=0x98e8718)
<LEVEL_ZERO>[DEBUG]: ze_event_pool_desc_t flags set to: 1
[2026-10-08 02:01:03.824] [thread-id: 130068151745728] [trace] zexCounterBasedEventCreate2(hContext, hDevice, desc, phEvent)
[2026-10-08 02:01:03.824] [thread-id: 130068151745728] [trace] SUCCESS (ZE_RESULT_SUCCESS) in zexCounterBasedEventCreate2(hContext=0x9898738, hDevice=0x9881f28, desc=0x7fff71018ba0, phEvent=0x98e8c28)
[2026-10-08 02:01:03.824] [thread-id: 130068151745728] [trace] zeCommandListAppendMemoryCopy(hCommandList, dstptr, srcptr, size, hSignalEvent, numWaitEvents, phWaitEventsLocal)
[2026-10-08 02:01:03.826] [thread-id: 130068151745728] [trace] SUCCESS (ZE_RESULT_SUCCESS) in zeCommandListAppendMemoryCopy(hCommandList=0x989ff08, dstptr=0xffffffffff600000, srcptr=0x98b0a60, size=65536, hSignalEvent=0x98e8c28, numWaitEvents=0, phWaitEvents=nullptr)
   <--- urEnqueueUSMMemcpy(.hQueue = 0x989f150, .blocking = 0, .pDst = 0xffffffffff600000, .pSrc = 0x98b0a60, .size = 65536, .numEventsInWaitList = 0, .phEventWaitList = nullptr, .phEvent = 0x7fff710191a0 (0x98e8610)) -> UR_RESULT_SUCCESS;
   ---> urEventWait
[2026-10-08 02:01:03.826] [thread-id: 130068151745728] [trace] zeEventHostSynchronize(hEvent, timeout)
[2026-10-08 02:01:03.826] [thread-id: 130068151745728] [trace] SUCCESS (ZE_RESULT_SUCCESS) in zeEventHostSynchronize(hEvent=0x98e8c28, timeout=18446744073709551615)
   <--- urEventWait(.numEvents = 1, .phEventWaitList = 0x7fff710191f0 {0x98e8610}) -> UR_RESULT_SUCCESS;
   ---> urEventRelease
   <--- urEventRelease(.hEvent = 0x98e8610) -> UR_RESULT_SUCCESS;
   ---> urDeviceGetInfo
[2026-10-08 02:01:03.827] [thread-id: 130068151745728] [trace] zeDeviceGetComputeProperties(hDevice, pComputeProperties)
[2026-10-08 02:01:03.827] [thread-id: 130068151745728] [trace] SUCCESS (ZE_RESULT_SUCCESS) in zeDeviceGetComputeProperties(hDevice=0x9881f28, pComputeProperties={stype=0x9897280, maxTotalGroupSize=1024, maxGroupSizeX=1024, maxGroupSizeY=1024, maxGroupSizeZ=1024, maxGroupCountX=4294967295, maxGroupCountY=4294967295, maxGroupCountZ=4294967295, maxSharedLocalMemory=131072, numSubGroupSizes=2, subGroupSizes=16})
   <--- urDeviceGetInfo(.hDevice = 0x9897040, .propName = UR_DEVICE_INFO_MAX_WORK_GROUPS_3D, .propSize = 24, .pPropValue = {4294967295, 4294967295, 4294967295}, .pPropSizeRet = nullptr) -> UR_RESULT_SUCCESS;
   ---> urDeviceSelectBinary
   <--- urDeviceSelectBinary(.hDevice = 0x9897040, .pBinaries = 0x9911a60 ((struct ur_device_binary_t){.stype = UR_STRUCTURE_TYPE_CONTEXT_PROPERTIES, .pNext = nullptr, .pDeviceTargetSpec = 0x764bdcdb03c0 (spir64)}), .NumBinaries = 1, .pSelectedBinary = 0x7fff710186fc (0)) -> UR_RESULT_SUCCESS;
   ---> urPlatformGetBackendOption
   <--- urPlatformGetBackendOption(.hPlatform = 0x9895810, .pFrontendOption = 0x7fff71018208 (-O2), .ppPlatformOption = 0x7fff710181d8 (0x764bd9e1e975 (-ze-opt-level=2))) -> UR_RESULT_SUCCESS;
   ---> urDeviceGetInfo
   <--- urDeviceGetInfo(.hDevice = 0x9897040, .propName = UR_DEVICE_INFO_VENDOR_ID, .propSize = 4, .pPropValue = 0x7fff71018158 (32902), .pPropSizeRet = nullptr) -> UR_RESULT_SUCCESS;
   ---> urDeviceGetInfo
   <--- urDeviceGetInfo(.hDevice = 0x9897040, .propName = UR_DEVICE_INFO_DEVICE_ID, .propSize = 0, .pPropValue = nullptr, .pPropSizeRet = 0x7fff71017fe0 (4)) -> UR_RESULT_SUCCESS;
   ---> urDeviceGetInfo
   <--- urDeviceGetInfo(.hDevice = 0x9897040, .propName = UR_DEVICE_INFO_DEVICE_ID, .propSize = 4, .pPropValue = 0x7fff71018128 (57868), .pPropSizeRet = nullptr) -> UR_RESULT_SUCCESS;
   ---> urDeviceGetInfo
   <--- urDeviceGetInfo(.hDevice = 0x9897040, .propName = UR_DEVICE_INFO_COMPILER_AVAILABLE, .propSize = 1, .pPropValue = 0x7fff710181c0 (true), .pPropSizeRet = nullptr) -> UR_RESULT_SUCCESS;
   ---> urProgramCreateWithIL
   <--- urProgramCreateWithIL(.hContext = 0x989bdd0, .pIL = 0x415b20, .length = 2080, .pProperties = nullptr, .phProgram = 0x7fff710182e0 (0x98d9a20)) -> UR_RESULT_SUCCESS;
   ---> urProgramBuildExp
[2026-10-08 02:01:03.827] [thread-id: 130068151745728] [trace] zeModuleCreate(hContext, hDevice, desc, phModule, phBuildLog)
[2026-10-08 02:01:03.828] [thread-id: 130068151745728] [trace] SUCCESS (ZE_RESULT_SUCCESS) in zeModuleCreate(hContext=0x9898738, hDevice=0x9881f28, desc={stype=0x7fff71017f60, format=0x7fff71017f70, inputSize=2080, pInputModule=3, pBuildFlags=" -ze-opt-level=2", pConstants={numConstants=0, pConstantIds=nullptr, pConstantValues=nullptr}}, phModule=0x98ecd28, phBuildLog=0x9912958)
[2026-10-08 02:01:03.828] [thread-id: 130068151745728] [trace] zeModuleGetProperties(hModule, pModuleProperties)
[2026-10-08 02:01:03.828] [thread-id: 130068151745728] [trace] SUCCESS (ZE_RESULT_SUCCESS) in zeModuleGetProperties(hModule=0x98ecd28, pModuleProperties={stype=0x7fff71017ed0, flags=0})
   <--- urProgramBuildExp(.hProgram = 0x98d9a20, .numDevices = 1, .phDevices = 0x9911a60 {0x9897040}, .flags = 0, .pOptions = 0x9911a80 ( -ze-opt-level=2)) -> UR_RESULT_SUCCESS;
   ---> urProgramRetain
   <--- urProgramRetain(.hProgram = 0x98d9a20) -> UR_RESULT_SUCCESS;
   ---> urKernelCreate
[2026-10-08 02:01:03.828] [thread-id: 130068151745728] [trace] zeKernelCreate(hModule, desc, phKernel)
[2026-10-08 02:01:03.828] [thread-id: 130068151745728] [trace] SUCCESS (ZE_RESULT_SUCCESS) in zeKernelCreate(hModule=0x98ecd28, desc={stype=0x7fff710185f0, flags=0, pKernelName="_ZTSZ4mainEUlN4sycl3_V12idILi1EEEE_"}, phKernel=0x9929758)
[2026-10-08 02:01:03.828] [thread-id: 130068151745728] [trace] zeKernelGetName(hKernel, pSize, pName)
[2026-10-08 02:01:03.828] [thread-id: 130068151745728] [trace] SUCCESS (ZE_RESULT_SUCCESS) in zeKernelGetName(hKernel=0x9929758, pSize=36, pName=nullptr)
[2026-10-08 02:01:03.828] [thread-id: 130068151745728] [trace] zeKernelGetName(hKernel, pSize, pName)
[2026-10-08 02:01:03.828] [thread-id: 130068151745728] [trace] SUCCESS (ZE_RESULT_SUCCESS) in zeKernelGetName(hKernel=0x9929758, pSize=36, pName="_ZTSZ4mainEUlN4sycl3_V12idILi1EEEE_")
[2026-10-08 02:01:03.828] [thread-id: 130068151745728] [trace] zeKernelGetProperties(hKernel, pKernelProperties)
[2026-10-08 02:01:03.828] [thread-id: 130068151745728] [trace] SUCCESS (ZE_RESULT_SUCCESS) in zeKernelGetProperties(hKernel=0x9929758, pKernelProperties={stype=0x990ab58, numKernelArgs=1, requiredGroupSizeX=0, requiredGroupSizeY=0, requiredGroupSizeZ=0, requiredNumSubGroups=0, requiredSubgroupSize=0, maxSubgroupSize=32, maxNumSubgroups=32, localMemSize=0, privateMemSize=0, spillMemSize=0, uuid={kid=0, mid=0}})
   <--- urKernelCreate(.hProgram = 0x98d9a20, .pKernelName = 0x4131d2 (_ZTSZ4mainEUlN4sycl3_V12idILi1EEEE_), .phKernel = 0x7fff71018910 (0x9924d50)) -> UR_RESULT_SUCCESS;
   ---> urKernelSetExecInfo
[2026-10-08 02:01:03.828] [thread-id: 130068151745728] [trace] zeKernelSetIndirectAccess(hKernel, flags)
[2026-10-08 02:01:03.828] [thread-id: 130068151745728] [trace] SUCCESS (ZE_RESULT_SUCCESS) in zeKernelSetIndirectAccess(hKernel=0x9929758, flags=7)
   <--- urKernelSetExecInfo(.hKernel = 0x9924d50, .propName = UR_KERNEL_EXEC_INFO_USM_INDIRECT_ACCESS, .propSize = 1, .pProperties = nullptr, .pPropValue = 0x7fff7101890f (true)) -> UR_RESULT_SUCCESS;
   ---> urKernelRetain
   <--- urKernelRetain(.hKernel = 0x9924d50) -> UR_RESULT_SUCCESS;
   ---> urKernelGetGroupInfo
   <--- urKernelGetGroupInfo(.hKernel = 0x9924d50, .hDevice = 0x9897040, .propName = UR_KERNEL_GROUP_INFO_COMPILE_WORK_GROUP_SIZE, .propSize = 24, .pPropValue = {0, 0, 0}, .pPropSizeRet = nullptr) -> UR_RESULT_SUCCESS;
   ---> urEnqueueKernelLaunchWithArgsExp
[2026-10-08 02:01:03.828] [thread-id: 130068151745728] [trace] zeKernelSuggestGroupSize(hKernel, globalSizeX, globalSizeY, globalSizeZ, groupSizeX, groupSizeY, groupSizeZ)
[2026-10-08 02:01:03.828] [thread-id: 130068151745728] [trace] SUCCESS (ZE_RESULT_SUCCESS) in zeKernelSuggestGroupSize(hKernel=0x9929758, globalSizeX=16384, globalSizeY=1, globalSizeZ=1, groupSizeX=1024, groupSizeY=1, groupSizeZ=1)
[2026-10-08 02:01:03.828] [thread-id: 130068151745728] [trace] zeKernelSetGroupSize(hKernel, groupSizeX, groupSizeY, groupSizeZ)
[2026-10-08 02:01:03.828] [thread-id: 130068151745728] [trace] SUCCESS (ZE_RESULT_SUCCESS) in zeKernelSetGroupSize(hKernel=0x9929758, groupSizeX=1024, groupSizeY=1, groupSizeZ=1)
[2026-10-08 02:01:03.828] [thread-id: 130068151745728] [trace] zeCommandListAppendLaunchKernelWithArguments(hCommandList, hKernel, groupCounts, groupSizes, pArguments, pNext, hSignalEvent, numWaitEvents, phWaitEventsLocal)
[2026-10-08 02:01:03.829] [thread-id: 130068151745728] [trace] SUCCESS (ZE_RESULT_SUCCESS) in zeCommandListAppendLaunchKernelWithArguments(hCommandList=0x989ff08, hKernel=0x9929758, groupCounts={groupCountX=16, groupCountY=1, groupCountZ=1}, groupSizes={groupSizeX=1024, groupSizeY=1, groupSizeZ=1}, pArguments=0x9929f60, pNext=nullptr, hSignalEvent=0x98e8c28, numWaitEvents=0, phWaitEvents=nullptr)
   <--- urEnqueueKernelLaunchWithArgsExp(.hQueue = 0x989f150, .hKernel = 0x9924d50, .workDim = 1, .pGlobalWorkOffset = nullptr, .pGlobalWorkSize = 0x7fff710190d0 (16384), .pLocalWorkSize = nullptr, .numArgs = 1, .pArgs = 0x9925870 {(struct ur_exp_kernel_arg_properties_t){.stype = UR_STRUCTURE_TYPE_EXP_KERNEL_ARG_PROPERTIES, .pNext = nullptr, .type = UR_EXP_KERNEL_ARG_TYPE_POINTER, .index = 0, .size = 8, .value = (union ur_exp_kernel_arg_value_t){.pointer = 0xffffffffff600000}}}, .launchPropList = nullptr, .numEventsInWaitList = 0, .phEventWaitList = nullptr, .phEvent = 0x7fff71018af0 (0x98e8610)) -> UR_RESULT_SUCCESS;
   ---> urEventWait
[2026-10-08 02:01:03.829] [thread-id: 130068151745728] [trace] zeEventHostSynchronize(hEvent, timeout)
[2026-10-08 02:01:03.829] [thread-id: 130068151745728] [trace] SUCCESS (ZE_RESULT_SUCCESS) in zeEventHostSynchronize(hEvent=0x98e8c28, timeout=18446744073709551615)
   <--- urEventWait(.numEvents = 1, .phEventWaitList = 0x7fff710191f0 {0x98e8610}) -> UR_RESULT_SUCCESS;
   ---> urEventRelease
   <--- urEventRelease(.hEvent = 0x98e8610) -> UR_RESULT_SUCCESS;
   ---> urEnqueueUSMMemcpy
[2026-10-08 02:01:03.829] [thread-id: 130068151745728] [trace] zeCommandListAppendMemoryCopy(hCommandList, dstptr, srcptr, size, hSignalEvent, numWaitEvents, phWaitEventsLocal)
[2026-10-08 02:01:03.829] [thread-id: 130068151745728] [trace] SUCCESS (ZE_RESULT_SUCCESS) in zeCommandListAppendMemoryCopy(hCommandList=0x989ff08, dstptr=0x98c0a70, srcptr=0xffffffffff600000, size=65536, hSignalEvent=0x98e8c28, numWaitEvents=0, phWaitEvents=nullptr)
   <--- urEnqueueUSMMemcpy(.hQueue = 0x989f150, .blocking = 0, .pDst = 0x98c0a70, .pSrc = 0xffffffffff600000, .size = 65536, .numEventsInWaitList = 0, .phEventWaitList = nullptr, .phEvent = 0x7fff710191a0 (0x98e8610)) -> UR_RESULT_SUCCESS;
   ---> urEventWait
[2026-10-08 02:01:03.829] [thread-id: 130068151745728] [trace] zeEventHostSynchronize(hEvent, timeout)
[2026-10-08 02:01:03.829] [thread-id: 130068151745728] [trace] SUCCESS (ZE_RESULT_SUCCESS) in zeEventHostSynchronize(hEvent=0x98e8c28, timeout=18446744073709551615)
   <--- urEventWait(.numEvents = 1, .phEventWaitList = 0x7fff710191f0 {0x98e8610}) -> UR_RESULT_SUCCESS;
   ---> urEventRelease
   <--- urEventRelease(.hEvent = 0x98e8610) -> UR_RESULT_SUCCESS;
   ---> urEnqueueUSMMemcpy
[2026-10-08 02:01:03.829] [thread-id: 130068151745728] [trace] zeCommandListAppendMemoryCopy(hCommandList, dstptr, srcptr, size, hSignalEvent, numWaitEvents, phWaitEventsLocal)
[2026-10-08 02:01:03.829] [thread-id: 130068151745728] [trace] SUCCESS (ZE_RESULT_SUCCESS) in zeCommandListAppendMemoryCopy(hCommandList=0x989ff08, dstptr=0xffffffffff600000, srcptr=0x98b0a60, size=65536, hSignalEvent=0x98e8c28, numWaitEvents=0, phWaitEvents=nullptr)
   <--- urEnqueueUSMMemcpy(.hQueue = 0x989f150, .blocking = 0, .pDst = 0xffffffffff600000, .pSrc = 0x98b0a60, .size = 65536, .numEventsInWaitList = 0, .phEventWaitList = nullptr, .phEvent = 0x7fff710191a0 (0x98e8610)) -> UR_RESULT_SUCCESS;
   ---> urEventWait
[2026-10-08 02:01:03.829] [thread-id: 130068151745728] [trace] zeEventHostSynchronize(hEvent, timeout)
[2026-10-08 02:01:03.829] [thread-id: 130068151745728] [trace] SUCCESS (ZE_RESULT_SUCCESS) in zeEventHostSynchronize(hEvent=0x98e8c28, timeout=18446744073709551615)
   <--- urEventWait(.numEvents = 1, .phEventWaitList = 0x7fff710191f0 {0x98e8610}) -> UR_RESULT_SUCCESS;
   ---> urEventRelease
   <--- urEventRelease(.hEvent = 0x98e8610) -> UR_RESULT_SUCCESS;
   ---> urDeviceGetInfo
   <--- urDeviceGetInfo(.hDevice = 0x9897040, .propName = UR_DEVICE_INFO_MAX_WORK_GROUPS_3D, .propSize = 24, .pPropValue = {4294967295, 4294967295, 4294967295}, .pPropSizeRet = nullptr) -> UR_RESULT_SUCCESS;
   ---> urKernelGetGroupInfo
   <--- urKernelGetGroupInfo(.hKernel = 0x9924d50, .hDevice = 0x9897040, .propName = UR_KERNEL_GROUP_INFO_COMPILE_WORK_GROUP_SIZE, .propSize = 24, .pPropValue = {0, 0, 0}, .pPropSizeRet = nullptr) -> UR_RESULT_SUCCESS;
   ---> urEnqueueKernelLaunchWithArgsExp
[2026-10-08 02:01:03.829] [thread-id: 130068151745728] [trace] zeKernelSuggestGroupSize(hKernel, globalSizeX, globalSizeY, globalSizeZ, groupSizeX, groupSizeY, groupSizeZ)
[2026-10-08 02:01:03.829] [thread-id: 130068151745728] [trace] SUCCESS (ZE_RESULT_SUCCESS) in zeKernelSuggestGroupSize(hKernel=0x9929758, globalSizeX=16384, globalSizeY=1, globalSizeZ=1, groupSizeX=1024, groupSizeY=1, groupSizeZ=1)
[2026-10-08 02:01:03.829] [thread-id: 130068151745728] [trace] zeKernelSetGroupSize(hKernel, groupSizeX, groupSizeY, groupSizeZ)
[2026-10-08 02:01:03.829] [thread-id: 130068151745728] [trace] SUCCESS (ZE_RESULT_SUCCESS) in zeKernelSetGroupSize(hKernel=0x9929758, groupSizeX=1024, groupSizeY=1, groupSizeZ=1)
[2026-10-08 02:01:03.829] [thread-id: 130068151745728] [trace] zeCommandListAppendLaunchKernelWithArguments(hCommandList, hKernel, groupCounts, groupSizes, pArguments, pNext, hSignalEvent, numWaitEvents, phWaitEventsLocal)
[2026-10-08 02:01:03.829] [thread-id: 130068151745728] [trace] SUCCESS (ZE_RESULT_SUCCESS) in zeCommandListAppendLaunchKernelWithArguments(hCommandList=0x989ff08, hKernel=0x9929758, groupCounts={groupCountX=16, groupCountY=1, groupCountZ=1}, groupSizes={groupSizeX=1024, groupSizeY=1, groupSizeZ=1}, pArguments=0x9929f60, pNext=nullptr, hSignalEvent=0x98e8c28, numWaitEvents=0, phWaitEvents=nullptr)
   <--- urEnqueueKernelLaunchWithArgsExp(.hQueue = 0x989f150, .hKernel = 0x9924d50, .workDim = 1, .pGlobalWorkOffset = nullptr, .pGlobalWorkSize = 0x7fff710190d0 (16384), .pLocalWorkSize = nullptr, .numArgs = 1, .pArgs = 0x9925870 {(struct ur_exp_kernel_arg_properties_t){.stype = UR_STRUCTURE_TYPE_EXP_KERNEL_ARG_PROPERTIES, .pNext = nullptr, .type = UR_EXP_KERNEL_ARG_TYPE_POINTER, .index = 0, .size = 8, .value = (union ur_exp_kernel_arg_value_t){.pointer = 0xffffffffff600000}}}, .launchPropList = nullptr, .numEventsInWaitList = 0, .phEventWaitList = nullptr, .phEvent = 0x7fff71018af0 (0x98e8610)) -> UR_RESULT_SUCCESS;
   ---> urEventWait
[2026-10-08 02:01:03.829] [thread-id: 130068151745728] [trace] zeEventHostSynchronize(hEvent, timeout)
[2026-10-08 02:01:03.830] [thread-id: 130068151745728] [trace] SUCCESS (ZE_RESULT_SUCCESS) in zeEventHostSynchronize(hEvent=0x98e8c28, timeout=18446744073709551615)
   <--- urEventWait(.numEvents = 1, .phEventWaitList = 0x7fff710191f0 {0x98e8610}) -> UR_RESULT_SUCCESS;
   ---> urEventRelease
   <--- urEventRelease(.hEvent = 0x98e8610) -> UR_RESULT_SUCCESS;
   ---> urEnqueueUSMMemcpy
[2026-10-08 02:01:03.830] [thread-id: 130068151745728] [trace] zeCommandListAppendMemoryCopy(hCommandList, dstptr, srcptr, size, hSignalEvent, numWaitEvents, phWaitEventsLocal)
[2026-10-08 02:01:03.830] [thread-id: 130068151745728] [trace] SUCCESS (ZE_RESULT_SUCCESS) in zeCommandListAppendMemoryCopy(hCommandList=0x989ff08, dstptr=0x98c0a70, srcptr=0xffffffffff600000, size=65536, hSignalEvent=0x98e8c28, numWaitEvents=0, phWaitEvents=nullptr)
   <--- urEnqueueUSMMemcpy(.hQueue = 0x989f150, .blocking = 0, .pDst = 0x98c0a70, .pSrc = 0xffffffffff600000, .size = 65536, .numEventsInWaitList = 0, .phEventWaitList = nullptr, .phEvent = 0x7fff710191a0 (0x98e8610)) -> UR_RESULT_SUCCESS;
   ---> urEventWait
[2026-10-08 02:01:03.830] [thread-id: 130068151745728] [trace] zeEventHostSynchronize(hEvent, timeout)
[2026-10-08 02:01:03.830] [thread-id: 130068151745728] [trace] SUCCESS (ZE_RESULT_SUCCESS) in zeEventHostSynchronize(hEvent=0x98e8c28, timeout=18446744073709551615)
   <--- urEventWait(.numEvents = 1, .phEventWaitList = 0x7fff710191f0 {0x98e8610}) -> UR_RESULT_SUCCESS;
   ---> urEventRelease
   <--- urEventRelease(.hEvent = 0x98e8610) -> UR_RESULT_SUCCESS;
   ---> urEnqueueUSMMemcpy
[2026-10-08 02:01:03.830] [thread-id: 130068151745728] [trace] zeCommandListAppendMemoryCopy(hCommandList, dstptr, srcptr, size, hSignalEvent, numWaitEvents, phWaitEventsLocal)
[2026-10-08 02:01:03.830] [thread-id: 130068151745728] [trace] SUCCESS (ZE_RESULT_SUCCESS) in zeCommandListAppendMemoryCopy(hCommandList=0x989ff08, dstptr=0xffffffffff600000, srcptr=0x98b0a60, size=65536, hSignalEvent=0x98e8c28, numWaitEvents=0, phWaitEvents=nullptr)
   <--- urEnqueueUSMMemcpy(.hQueue = 0x989f150, .blocking = 0, .pDst = 0xffffffffff600000, .pSrc = 0x98b0a60, .size = 65536, .numEventsInWaitList = 0, .phEventWaitList = nullptr, .phEvent = 0x7fff710191a0 (0x98e8610)) -> UR_RESULT_SUCCESS;
   ---> urEventWait
[2026-10-08 02:01:03.830] [thread-id: 130068151745728] [trace] zeEventHostSynchronize(hEvent, timeout)
[2026-10-08 02:01:03.830] [thread-id: 130068151745728] [trace] SUCCESS (ZE_RESULT_SUCCESS) in zeEventHostSynchronize(hEvent=0x98e8c28, timeout=18446744073709551615)
   <--- urEventWait(.numEvents = 1, .phEventWaitList = 0x7fff710191f0 {0x98e8610}) -> UR_RESULT_SUCCESS;
   ---> urEventRelease
   <--- urEventRelease(.hEvent = 0x98e8610) -> UR_RESULT_SUCCESS;
   ---> urDeviceGetInfo
   <--- urDeviceGetInfo(.hDevice = 0x9897040, .propName = UR_DEVICE_INFO_MAX_WORK_GROUPS_3D, .propSize = 24, .pPropValue = {4294967295, 4294967295, 4294967295}, .pPropSizeRet = nullptr) -> UR_RESULT_SUCCESS;
   ---> urKernelGetGroupInfo
   <--- urKernelGetGroupInfo(.hKernel = 0x9924d50, .hDevice = 0x9897040, .propName = UR_KERNEL_GROUP_INFO_COMPILE_WORK_GROUP_SIZE, .propSize = 24, .pPropValue = {0, 0, 0}, .pPropSizeRet = nullptr) -> UR_RESULT_SUCCESS;
   ---> urEnqueueKernelLaunchWithArgsExp
[2026-10-08 02:01:03.830] [thread-id: 130068151745728] [trace] zeKernelSuggestGroupSize(hKernel, globalSizeX, globalSizeY, globalSizeZ, groupSizeX, groupSizeY, groupSizeZ)
[2026-10-08 02:01:03.830] [thread-id: 130068151745728] [trace] SUCCESS (ZE_RESULT_SUCCESS) in zeKernelSuggestGroupSize(hKernel=0x9929758, globalSizeX=16384, globalSizeY=1, globalSizeZ=1, groupSizeX=1024, groupSizeY=1, groupSizeZ=1)
[2026-10-08 02:01:03.830] [thread-id: 130068151745728] [trace] zeKernelSetGroupSize(hKernel, groupSizeX, groupSizeY, groupSizeZ)
[2026-10-08 02:01:03.830] [thread-id: 130068151745728] [trace] SUCCESS (ZE_RESULT_SUCCESS) in zeKernelSetGroupSize(hKernel=0x9929758, groupSizeX=1024, groupSizeY=1, groupSizeZ=1)
[2026-10-08 02:01:03.830] [thread-id: 130068151745728] [trace] zeCommandListAppendLaunchKernelWithArguments(hCommandList, hKernel, groupCounts, groupSizes, pArguments, pNext, hSignalEvent, numWaitEvents, phWaitEventsLocal)
[2026-10-08 02:01:03.830] [thread-id: 130068151745728] [trace] SUCCESS (ZE_RESULT_SUCCESS) in zeCommandListAppendLaunchKernelWithArguments(hCommandList=0x989ff08, hKernel=0x9929758, groupCounts={groupCountX=16, groupCountY=1, groupCountZ=1}, groupSizes={groupSizeX=1024, groupSizeY=1, groupSizeZ=1}, pArguments=0x9929f60, pNext=nullptr, hSignalEvent=0x98e8c28, numWaitEvents=0, phWaitEvents=nullptr)
   <--- urEnqueueKernelLaunchWithArgsExp(.hQueue = 0x989f150, .hKernel = 0x9924d50, .workDim = 1, .pGlobalWorkOffset = nullptr, .pGlobalWorkSize = 0x7fff710190d0 (16384), .pLocalWorkSize = nullptr, .numArgs = 1, .pArgs = 0x9925870 {(struct ur_exp_kernel_arg_properties_t){.stype = UR_STRUCTURE_TYPE_EXP_KERNEL_ARG_PROPERTIES, .pNext = nullptr, .type = UR_EXP_KERNEL_ARG_TYPE_POINTER, .index = 0, .size = 8, .value = (union ur_exp_kernel_arg_value_t){.pointer = 0xffffffffff600000}}}, .launchPropList = nullptr, .numEventsInWaitList = 0, .phEventWaitList = nullptr, .phEvent = 0x7fff71018af0 (0x98e8610)) -> UR_RESULT_SUCCESS;
   ---> urEventWait
[2026-10-08 02:01:03.830] [thread-id: 130068151745728] [trace] zeEventHostSynchronize(hEvent, timeout)
[2026-10-08 02:01:03.830] [thread-id: 130068151745728] [trace] SUCCESS (ZE_RESULT_SUCCESS) in zeEventHostSynchronize(hEvent=0x98e8c28, timeout=18446744073709551615)
   <--- urEventWait(.numEvents = 1, .phEventWaitList = 0x7fff710191f0 {0x98e8610}) -> UR_RESULT_SUCCESS;
   ---> urEventRelease
   <--- urEventRelease(.hEvent = 0x98e8610) -> UR_RESULT_SUCCESS;
   ---> urEnqueueUSMMemcpy
[2026-10-08 02:01:03.830] [thread-id: 130068151745728] [trace] zeCommandListAppendMemoryCopy(hCommandList, dstptr, srcptr, size, hSignalEvent, numWaitEvents, phWaitEventsLocal)
[2026-10-08 02:01:03.830] [thread-id: 130068151745728] [trace] SUCCESS (ZE_RESULT_SUCCESS) in zeCommandListAppendMemoryCopy(hCommandList=0x989ff08, dstptr=0x98c0a70, srcptr=0xffffffffff600000, size=65536, hSignalEvent=0x98e8c28, numWaitEvents=0, phWaitEvents=nullptr)
   <--- urEnqueueUSMMemcpy(.hQueue = 0x989f150, .blocking = 0, .pDst = 0x98c0a70, .pSrc = 0xffffffffff600000, .size = 65536, .numEventsInWaitList = 0, .phEventWaitList = nullptr, .phEvent = 0x7fff710191a0 (0x98e8610)) -> UR_RESULT_SUCCESS;
   ---> urEventWait
[2026-10-08 02:01:03.830] [thread-id: 130068151745728] [trace] zeEventHostSynchronize(hEvent, timeout)
[2026-10-08 02:01:03.830] [thread-id: 130068151745728] [trace] SUCCESS (ZE_RESULT_SUCCESS) in zeEventHostSynchronize(hEvent=0x98e8c28, timeout=18446744073709551615)
   <--- urEventWait(.numEvents = 1, .phEventWaitList = 0x7fff710191f0 {0x98e8610}) -> UR_RESULT_SUCCESS;
   ---> urEventRelease
   <--- urEventRelease(.hEvent = 0x98e8610) -> UR_RESULT_SUCCESS;
   ---> urQueueFinish
[2026-10-08 02:01:03.830] [thread-id: 130068151745728] [trace] zeCommandListHostSynchronize(hCommandList, timeout)
[2026-10-08 02:01:03.830] [thread-id: 130068151745728] [trace] SUCCESS (ZE_RESULT_SUCCESS) in zeCommandListHostSynchronize(hCommandList=0x989ff08, timeout=18446744073709551615)
   <--- urQueueFinish(.hQueue = 0x989f150) -> UR_RESULT_SUCCESS;
   ---> urUSMFree
   <--- urUSMFree(.hContext = 0x989bdd0, .pMem = 0xffffffffff600000) -> UR_RESULT_SUCCESS;
   ---> urQueueRelease
[2026-10-08 02:01:03.830] [thread-id: 130068151745728] [trace] zeCommandListHostSynchronize(hCommandList, timeout)
[2026-10-08 02:01:03.830] [thread-id: 130068151745728] [trace] SUCCESS (ZE_RESULT_SUCCESS) in zeCommandListHostSynchronize(hCommandList=0x989ff08, timeout=18446744073709551615)
   <--- urQueueRelease(.hQueue = 0x989f150) -> UR_RESULT_SUCCESS;
   ---> urProgramRelease
   <--- urProgramRelease(.hProgram = 0x98d9a20) -> UR_RESULT_SUCCESS;
   ---> urKernelRelease
   <--- urKernelRelease(.hKernel = 0x9924d50) -> UR_RESULT_SUCCESS;
   ---> urProgramRelease
   <--- urProgramRelease(.hProgram = 0x98d9a20) -> UR_RESULT_SUCCESS;
   ---> urKernelRelease
[2026-10-08 02:01:03.831] [thread-id: 130068151745728] [trace] zeKernelDestroy(hKernel)
[2026-10-08 02:01:03.831] [thread-id: 130068151745728] [trace] SUCCESS (ZE_RESULT_SUCCESS) in zeKernelDestroy(hKernel=0x9929758)
[2026-10-08 02:01:03.831] [thread-id: 130068151745728] [trace] zeModuleBuildLogDestroy(hModuleBuildLog)
[2026-10-08 02:01:03.831] [thread-id: 130068151745728] [trace] SUCCESS (ZE_RESULT_SUCCESS) in zeModuleBuildLogDestroy(hModuleBuildLog=0x9912958)
[2026-10-08 02:01:03.831] [thread-id: 130068151745728] [trace] zeModuleDestroy(hModule)
[2026-10-08 02:01:03.831] [thread-id: 130068151745728] [trace] SUCCESS (ZE_RESULT_SUCCESS) in zeModuleDestroy(hModule=0x98ecd28)
   <--- urKernelRelease(.hKernel = 0x9924d50) -> UR_RESULT_SUCCESS;
   ---> urContextRelease
[2026-10-08 02:01:03.831] [thread-id: 130068151745728] [trace] zeMemFreeExt(hContext, pMemFreeDesc, ptr)
[2026-10-08 02:01:03.831] [thread-id: 130068151745728] [trace] SUCCESS (ZE_RESULT_SUCCESS) in zeMemFreeExt(hContext=0x9898738, pMemFreeDesc={stype=0x7fff71018f30, freePolicy=1}, ptr=0xffffffffff600000)
[2026-10-08 02:01:03.831] [thread-id: 130068151745728] [trace] zeEventDestroy(hEvent)
[2026-10-08 02:01:03.831] [thread-id: 130068151745728] [trace] SUCCESS (ZE_RESULT_SUCCESS) in zeEventDestroy(hEvent=0x98d1648)
[2026-10-08 02:01:03.831] [thread-id: 130068151745728] [trace] zeEventDestroy(hEvent)
[2026-10-08 02:01:03.831] [thread-id: 130068151745728] [trace] SUCCESS (ZE_RESULT_SUCCESS) in zeEventDestroy(hEvent=0x98d1b88)
[2026-10-08 02:01:03.831] [thread-id: 130068151745728] [trace] zeEventDestroy(hEvent)
[2026-10-08 02:01:03.831] [thread-id: 130068151745728] [trace] SUCCESS (ZE_RESULT_SUCCESS) in zeEventDestroy(hEvent=0x98d2288)
[2026-10-08 02:01:03.831] [thread-id: 130068151745728] [trace] zeEventDestroy(hEvent)
[2026-10-08 02:01:03.831] [thread-id: 130068151745728] [trace] SUCCESS (ZE_RESULT_SUCCESS) in zeEventDestroy(hEvent=0x98d27e8)
[2026-10-08 02:01:03.831] [thread-id: 130068151745728] [trace] zeEventDestroy(hEvent)
[2026-10-08 02:01:03.831] [thread-id: 130068151745728] [trace] SUCCESS (ZE_RESULT_SUCCESS) in zeEventDestroy(hEvent=0x98d2ee8)
[2026-10-08 02:01:03.831] [thread-id: 130068151745728] [trace] zeEventDestroy(hEvent)
[2026-10-08 02:01:03.831] [thread-id: 130068151745728] [trace] SUCCESS (ZE_RESULT_SUCCESS) in zeEventDestroy(hEvent=0x98d33f8)
[2026-10-08 02:01:03.831] [thread-id: 130068151745728] [trace] zeEventDestroy(hEvent)
[2026-10-08 02:01:03.831] [thread-id: 130068151745728] [trace] SUCCESS (ZE_RESULT_SUCCESS) in zeEventDestroy(hEvent=0x98d3af8)
[2026-10-08 02:01:03.831] [thread-id: 130068151745728] [trace] zeEventDestroy(hEvent)
[2026-10-08 02:01:03.831] [thread-id: 130068151745728] [trace] SUCCESS (ZE_RESULT_SUCCESS) in zeEventDestroy(hEvent=0x98d4008)
[2026-10-08 02:01:03.831] [thread-id: 130068151745728] [trace] zeEventDestroy(hEvent)
[2026-10-08 02:01:03.831] [thread-id: 130068151745728] [trace] SUCCESS (ZE_RESULT_SUCCESS) in zeEventDestroy(hEvent=0x98d4708)
[2026-10-08 02:01:03.831] [thread-id: 130068151745728] [trace] zeEventDestroy(hEvent)
[2026-10-08 02:01:03.831] [thread-id: 130068151745728] [trace] SUCCESS (ZE_RESULT_SUCCESS) in zeEventDestroy(hEvent=0x98d4cb8)
[2026-10-08 02:01:03.831] [thread-id: 130068151745728] [trace] zeEventDestroy(hEvent)
[2026-10-08 02:01:03.831] [thread-id: 130068151745728] [trace] SUCCESS (ZE_RESULT_SUCCESS) in zeEventDestroy(hEvent=0x98d53b8)
[2026-10-08 02:01:03.831] [thread-id: 130068151745728] [trace] zeEventDestroy(hEvent)
[2026-10-08 02:01:03.831] [thread-id: 130068151745728] [trace] SUCCESS (ZE_RESULT_SUCCESS) in zeEventDestroy(hEvent=0x98d58c8)
[2026-10-08 02:01:03.831] [thread-id: 130068151745728] [trace] zeEventDestroy(hEvent)
[2026-10-08 02:01:03.831] [thread-id: 130068151745728] [trace] SUCCESS (ZE_RESULT_SUCCESS) in zeEventDestroy(hEvent=0x98d5fc8)
[2026-10-08 02:01:03.831] [thread-id: 130068151745728] [trace] zeEventDestroy(hEvent)
[2026-10-08 02:01:03.831] [thread-id: 130068151745728] [trace] SUCCESS (ZE_RESULT_SUCCESS) in zeEventDestroy(hEvent=0x98d64d8)
[2026-10-08 02:01:03.831] [thread-id: 130068151745728] [trace] zeEventDestroy(hEvent)
[2026-10-08 02:01:03.831] [thread-id: 130068151745728] [trace] SUCCESS (ZE_RESULT_SUCCESS) in zeEventDestroy(hEvent=0x98d6bd8)
[2026-10-08 02:01:03.831] [thread-id: 130068151745728] [trace] zeEventDestroy(hEvent)
[2026-10-08 02:01:03.831] [thread-id: 130068151745728] [trace] SUCCESS (ZE_RESULT_SUCCESS) in zeEventDestroy(hEvent=0x98d70e8)
[2026-10-08 02:01:03.831] [thread-id: 130068151745728] [trace] zeEventDestroy(hEvent)
[2026-10-08 02:01:03.831] [thread-id: 130068151745728] [trace] SUCCESS (ZE_RESULT_SUCCESS) in zeEventDestroy(hEvent=0x98d77e8)
[2026-10-08 02:01:03.831] [thread-id: 130068151745728] [trace] zeEventDestroy(hEvent)
[2026-10-08 02:01:03.831] [thread-id: 130068151745728] [trace] SUCCESS (ZE_RESULT_SUCCESS) in zeEventDestroy(hEvent=0x98d7cf8)
[2026-10-08 02:01:03.831] [thread-id: 130068151745728] [trace] zeEventDestroy(hEvent)
[2026-10-08 02:01:03.831] [thread-id: 130068151745728] [trace] SUCCESS (ZE_RESULT_SUCCESS) in zeEventDestroy(hEvent=0x98d83f8)
[2026-10-08 02:01:03.832] [thread-id: 130068151745728] [trace] zeEventDestroy(hEvent)
[2026-10-08 02:01:03.832] [thread-id: 130068151745728] [trace] SUCCESS (ZE_RESULT_SUCCESS) in zeEventDestroy(hEvent=0x98d8908)
[2026-10-08 02:01:03.832] [thread-id: 130068151745728] [trace] zeEventDestroy(hEvent)
[2026-10-08 02:01:03.832] [thread-id: 130068151745728] [trace] SUCCESS (ZE_RESULT_SUCCESS) in zeEventDestroy(hEvent=0x98d9008)
[2026-10-08 02:01:03.832] [thread-id: 130068151745728] [trace] zeEventDestroy(hEvent)
[2026-10-08 02:01:03.832] [thread-id: 130068151745728] [trace] SUCCESS (ZE_RESULT_SUCCESS) in zeEventDestroy(hEvent=0x98d9518)
[2026-10-08 02:01:03.832] [thread-id: 130068151745728] [trace] zeEventDestroy(hEvent)
[2026-10-08 02:01:03.832] [thread-id: 130068151745728] [trace] SUCCESS (ZE_RESULT_SUCCESS) in zeEventDestroy(hEvent=0x98d9d58)
[2026-10-08 02:01:03.832] [thread-id: 130068151745728] [trace] zeEventDestroy(hEvent)
[2026-10-08 02:01:03.832] [thread-id: 130068151745728] [trace] SUCCESS (ZE_RESULT_SUCCESS) in zeEventDestroy(hEvent=0x98da268)
[2026-10-08 02:01:03.832] [thread-id: 130068151745728] [trace] zeEventDestroy(hEvent)
[2026-10-08 02:01:03.832] [thread-id: 130068151745728] [trace] SUCCESS (ZE_RESULT_SUCCESS) in zeEventDestroy(hEvent=0x98da968)
[2026-10-08 02:01:03.832] [thread-id: 130068151745728] [trace] zeEventDestroy(hEvent)
[2026-10-08 02:01:03.832] [thread-id: 130068151745728] [trace] SUCCESS (ZE_RESULT_SUCCESS) in zeEventDestroy(hEvent=0x98dae78)
[2026-10-08 02:01:03.832] [thread-id: 130068151745728] [trace] zeEventDestroy(hEvent)
[2026-10-08 02:01:03.832] [thread-id: 130068151745728] [trace] SUCCESS (ZE_RESULT_SUCCESS) in zeEventDestroy(hEvent=0x98db578)
[2026-10-08 02:01:03.832] [thread-id: 130068151745728] [trace] zeEventDestroy(hEvent)
[2026-10-08 02:01:03.832] [thread-id: 130068151745728] [trace] SUCCESS (ZE_RESULT_SUCCESS) in zeEventDestroy(hEvent=0x98dba88)
[2026-10-08 02:01:03.832] [thread-id: 130068151745728] [trace] zeEventDestroy(hEvent)
[2026-10-08 02:01:03.832] [thread-id: 130068151745728] [trace] SUCCESS (ZE_RESULT_SUCCESS) in zeEventDestroy(hEvent=0x98dc188)
[2026-10-08 02:01:03.832] [thread-id: 130068151745728] [trace] zeEventDestroy(hEvent)
[2026-10-08 02:01:03.832] [thread-id: 130068151745728] [trace] SUCCESS (ZE_RESULT_SUCCESS) in zeEventDestroy(hEvent=0x98dc698)
[2026-10-08 02:01:03.832] [thread-id: 130068151745728] [trace] zeEventDestroy(hEvent)
[2026-10-08 02:01:03.832] [thread-id: 130068151745728] [trace] SUCCESS (ZE_RESULT_SUCCESS) in zeEventDestroy(hEvent=0x98dcd98)
[2026-10-08 02:01:03.832] [thread-id: 130068151745728] [trace] zeEventDestroy(hEvent)
[2026-10-08 02:01:03.832] [thread-id: 130068151745728] [trace] SUCCESS (ZE_RESULT_SUCCESS) in zeEventDestroy(hEvent=0x98dd4b8)
[2026-10-08 02:01:03.832] [thread-id: 130068151745728] [trace] zeEventDestroy(hEvent)
[2026-10-08 02:01:03.832] [thread-id: 130068151745728] [trace] SUCCESS (ZE_RESULT_SUCCESS) in zeEventDestroy(hEvent=0x98ddbb8)
[2026-10-08 02:01:03.832] [thread-id: 130068151745728] [trace] zeEventDestroy(hEvent)
[2026-10-08 02:01:03.832] [thread-id: 130068151745728] [trace] SUCCESS (ZE_RESULT_SUCCESS) in zeEventDestroy(hEvent=0x98de0c8)
[2026-10-08 02:01:03.832] [thread-id: 130068151745728] [trace] zeEventDestroy(hEvent)
[2026-10-08 02:01:03.832] [thread-id: 130068151745728] [trace] SUCCESS (ZE_RESULT_SUCCESS) in zeEventDestroy(hEvent=0x98de7c8)
[2026-10-08 02:01:03.832] [thread-id: 130068151745728] [trace] zeEventDestroy(hEvent)
[2026-10-08 02:01:03.832] [thread-id: 130068151745728] [trace] SUCCESS (ZE_RESULT_SUCCESS) in zeEventDestroy(hEvent=0x98decd8)
[2026-10-08 02:01:03.832] [thread-id: 130068151745728] [trace] zeEventDestroy(hEvent)
[2026-10-08 02:01:03.832] [thread-id: 130068151745728] [trace] SUCCESS (ZE_RESULT_SUCCESS) in zeEventDestroy(hEvent=0x98df3d8)
[2026-10-08 02:01:03.832] [thread-id: 130068151745728] [trace] zeEventDestroy(hEvent)
[2026-10-08 02:01:03.832] [thread-id: 130068151745728] [trace] SUCCESS (ZE_RESULT_SUCCESS) in zeEventDestroy(hEvent=0x98df8e8)
[2026-10-08 02:01:03.832] [thread-id: 130068151745728] [trace] zeEventDestroy(hEvent)
[2026-10-08 02:01:03.832] [thread-id: 130068151745728] [trace] SUCCESS (ZE_RESULT_SUCCESS) in zeEventDestroy(hEvent=0x98dffe8)
[2026-10-08 02:01:03.832] [thread-id: 130068151745728] [trace] zeEventDestroy(hEvent)
[2026-10-08 02:01:03.832] [thread-id: 130068151745728] [trace] SUCCESS (ZE_RESULT_SUCCESS) in zeEventDestroy(hEvent=0x98e04f8)
[2026-10-08 02:01:03.832] [thread-id: 130068151745728] [trace] zeEventDestroy(hEvent)
[2026-10-08 02:01:03.832] [thread-id: 130068151745728] [trace] SUCCESS (ZE_RESULT_SUCCESS) in zeEventDestroy(hEvent=0x98e0bf8)
[2026-10-08 02:01:03.832] [thread-id: 130068151745728] [trace] zeEventDestroy(hEvent)
[2026-10-08 02:01:03.832] [thread-id: 130068151745728] [trace] SUCCESS (ZE_RESULT_SUCCESS) in zeEventDestroy(hEvent=0x98e1108)
[2026-10-08 02:01:03.832] [thread-id: 130068151745728] [trace] zeEventDestroy(hEvent)
[2026-10-08 02:01:03.832] [thread-id: 130068151745728] [trace] SUCCESS (ZE_RESULT_SUCCESS) in zeEventDestroy(hEvent=0x98e1808)
[2026-10-08 02:01:03.832] [thread-id: 130068151745728] [trace] zeEventDestroy(hEvent)
[2026-10-08 02:01:03.832] [thread-id: 130068151745728] [trace] SUCCESS (ZE_RESULT_SUCCESS) in zeEventDestroy(hEvent=0x98e1d18)
[2026-10-08 02:01:03.832] [thread-id: 130068151745728] [trace] zeEventDestroy(hEvent)
[2026-10-08 02:01:03.832] [thread-id: 130068151745728] [trace] SUCCESS (ZE_RESULT_SUCCESS) in zeEventDestroy(hEvent=0x98e2418)
[2026-10-08 02:01:03.832] [thread-id: 130068151745728] [trace] zeEventDestroy(hEvent)
[2026-10-08 02:01:03.832] [thread-id: 130068151745728] [trace] SUCCESS (ZE_RESULT_SUCCESS) in zeEventDestroy(hEvent=0x98e2928)
[2026-10-08 02:01:03.832] [thread-id: 130068151745728] [trace] zeEventDestroy(hEvent)
[2026-10-08 02:01:03.832] [thread-id: 130068151745728] [trace] SUCCESS (ZE_RESULT_SUCCESS) in zeEventDestroy(hEvent=0x98e3028)
[2026-10-08 02:01:03.832] [thread-id: 130068151745728] [trace] zeEventDestroy(hEvent)
[2026-10-08 02:01:03.832] [thread-id: 130068151745728] [trace] SUCCESS (ZE_RESULT_SUCCESS) in zeEventDestroy(hEvent=0x98e3538)
[2026-10-08 02:01:03.832] [thread-id: 130068151745728] [trace] zeEventDestroy(hEvent)
[2026-10-08 02:01:03.832] [thread-id: 130068151745728] [trace] SUCCESS (ZE_RESULT_SUCCESS) in zeEventDestroy(hEvent=0x98e3c38)
[2026-10-08 02:01:03.832] [thread-id: 130068151745728] [trace] zeEventDestroy(hEvent)
[2026-10-08 02:01:03.832] [thread-id: 130068151745728] [trace] SUCCESS (ZE_RESULT_SUCCESS) in zeEventDestroy(hEvent=0x98e4148)
[2026-10-08 02:01:03.832] [thread-id: 130068151745728] [trace] zeEventDestroy(hEvent)
[2026-10-08 02:01:03.832] [thread-id: 130068151745728] [trace] SUCCESS (ZE_RESULT_SUCCESS) in zeEventDestroy(hEvent=0x98e4ac8)
[2026-10-08 02:01:03.832] [thread-id: 130068151745728] [trace] zeEventDestroy(hEvent)
[2026-10-08 02:01:03.832] [thread-id: 130068151745728] [trace] SUCCESS (ZE_RESULT_SUCCESS) in zeEventDestroy(hEvent=0x98e4fd8)
[2026-10-08 02:01:03.832] [thread-id: 130068151745728] [trace] zeEventDestroy(hEvent)
[2026-10-08 02:01:03.832] [thread-id: 130068151745728] [trace] SUCCESS (ZE_RESULT_SUCCESS) in zeEventDestroy(hEvent=0x98e56d8)
[2026-10-08 02:01:03.832] [thread-id: 130068151745728] [trace] zeEventDestroy(hEvent)
[2026-10-08 02:01:03.832] [thread-id: 130068151745728] [trace] SUCCESS (ZE_RESULT_SUCCESS) in zeEventDestroy(hEvent=0x98e5be8)
[2026-10-08 02:01:03.832] [thread-id: 130068151745728] [trace] zeEventDestroy(hEvent)
[2026-10-08 02:01:03.832] [thread-id: 130068151745728] [trace] SUCCESS (ZE_RESULT_SUCCESS) in zeEventDestroy(hEvent=0x98e62e8)
[2026-10-08 02:01:03.832] [thread-id: 130068151745728] [trace] zeEventDestroy(hEvent)
[2026-10-08 02:01:03.833] [thread-id: 130068151745728] [trace] SUCCESS (ZE_RESULT_SUCCESS) in zeEventDestroy(hEvent=0x98e67f8)
[2026-10-08 02:01:03.833] [thread-id: 130068151745728] [trace] zeEventDestroy(hEvent)
[2026-10-08 02:01:03.833] [thread-id: 130068151745728] [trace] SUCCESS (ZE_RESULT_SUCCESS) in zeEventDestroy(hEvent=0x98e6ef8)
[2026-10-08 02:01:03.833] [thread-id: 130068151745728] [trace] zeEventDestroy(hEvent)
[2026-10-08 02:01:03.833] [thread-id: 130068151745728] [trace] SUCCESS (ZE_RESULT_SUCCESS) in zeEventDestroy(hEvent=0x98e7408)
[2026-10-08 02:01:03.833] [thread-id: 130068151745728] [trace] zeEventDestroy(hEvent)
[2026-10-08 02:01:03.833] [thread-id: 130068151745728] [trace] SUCCESS (ZE_RESULT_SUCCESS) in zeEventDestroy(hEvent=0x98e7b08)
[2026-10-08 02:01:03.833] [thread-id: 130068151745728] [trace] zeEventDestroy(hEvent)
[2026-10-08 02:01:03.833] [thread-id: 130068151745728] [trace] SUCCESS (ZE_RESULT_SUCCESS) in zeEventDestroy(hEvent=0x98e8018)
[2026-10-08 02:01:03.833] [thread-id: 130068151745728] [trace] zeEventDestroy(hEvent)
[2026-10-08 02:01:03.833] [thread-id: 130068151745728] [trace] SUCCESS (ZE_RESULT_SUCCESS) in zeEventDestroy(hEvent=0x98e8718)
[2026-10-08 02:01:03.833] [thread-id: 130068151745728] [trace] zeEventDestroy(hEvent)
[2026-10-08 02:01:03.833] [thread-id: 130068151745728] [trace] SUCCESS (ZE_RESULT_SUCCESS) in zeEventDestroy(hEvent=0x98e8c28)
[2026-10-08 02:01:03.833] [thread-id: 130068151745728] [trace] zeEventDestroy(hEvent)
[2026-10-08 02:01:03.833] [thread-id: 130068151745728] [trace] SUCCESS (ZE_RESULT_SUCCESS) in zeEventDestroy(hEvent=0x98d0c28)
[2026-10-08 02:01:03.833] [thread-id: 130068151745728] [trace] zeEventDestroy(hEvent)
[2026-10-08 02:01:03.833] [thread-id: 130068151745728] [trace] SUCCESS (ZE_RESULT_SUCCESS) in zeEventDestroy(hEvent=0x98d0f28)
[2026-10-08 02:01:03.833] [thread-id: 130068151745728] [trace] zeCommandListDestroy(hCommandList)
[2026-10-08 02:01:03.833] [thread-id: 130068151745728] [trace] SUCCESS (ZE_RESULT_SUCCESS) in zeCommandListDestroy(hCommandList=0x989ff08)
[2026-10-08 02:01:03.833] [thread-id: 130068151745728] [trace] zeContextDestroy(hContext)
[2026-10-08 02:01:03.833] [thread-id: 130068151745728] [trace] SUCCESS (ZE_RESULT_SUCCESS) in zeContextDestroy(hContext=0x9898738)
   <--- urContextRelease(.hContext = 0x989bdd0) -> UR_RESULT_SUCCESS;
   ---> urDeviceRelease
   <--- urDeviceRelease(.hDevice = 0x9897040) -> UR_RESULT_SUCCESS;
   ---> urAdapterRelease
   <--- urAdapterRelease(.hAdapter = 0x969b700) -> UR_RESULT_SUCCESS;
