<LOADER>[DEBUG]: Logger loader initialized successfully!
<LOADER>[INFO]: loaded adapter 0x0x241b6980 (/opt/intel/oneapi/compiler/2026.1/lib/libur_adapter_level_zero_v2.so.0) from /opt/intel/oneapi/compiler/2026.1/lib/libur_adapter_level_zero_v2.so.0
   ---> urAdapterGet
<LEVEL_ZERO>[DEBUG]: zeInit with flags value of 1
[2026-10-07 12:49:29.813] [thread-id: 131000611945664] [info] Loader Version 1.32.0  - No git SHA found, compiled outside git folder.
[2026-10-07 12:49:29.816] [thread-id: 131000611945664] [info] Validation Layer Enabled
[2026-10-07 12:49:29.816] [thread-id: 131000611945664] [info] zeInit succeeded
[2026-10-07 12:49:29.816] [thread-id: 131000611945664] [trace] zeInit(flags)
[2026-10-07 12:49:29.842] [thread-id: 131000611945664] [trace] SUCCESS (ZE_RESULT_SUCCESS) in zeInit(flags=1)
<LEVEL_ZERO>[DEBUG]: Level Zero Loader version: 1.32.0
<LEVEL_ZERO>[DEBUG]: zeInitDrivers with flags value of 1
[2026-10-07 12:49:29.843] [thread-id: 131000611945664] [trace] zeInitDrivers(pCount, phDrivers, desc)
[2026-10-07 12:49:29.843] [thread-id: 131000611945664] [trace] SUCCESS (ZE_RESULT_SUCCESS) in zeInitDrivers(pCount=1, phDrivers=nullptr, desc={stype=0x241b5728, flags=1})
[2026-10-07 12:49:29.843] [thread-id: 131000611945664] [trace] zeInitDrivers(pCount, phDrivers, desc)
[2026-10-07 12:49:29.843] [thread-id: 131000611945664] [trace] SUCCESS (ZE_RESULT_SUCCESS) in zeInitDrivers(pCount=1, phDrivers=nullptr, desc={stype=0x241b5728, flags=1})
[2026-10-07 12:49:29.843] [thread-id: 131000611945664] [trace] zeDriverGet(pCount, phDrivers)
[2026-10-07 12:49:29.843] [thread-id: 131000611945664] [trace] SUCCESS (ZE_RESULT_SUCCESS) in zeDriverGet(pCount=1, phDrivers=nullptr)
[2026-10-07 12:49:29.843] [thread-id: 131000611945664] [trace] zeDriverGet(pCount, phDrivers)
[2026-10-07 12:49:29.843] [thread-id: 131000611945664] [trace] SUCCESS (ZE_RESULT_SUCCESS) in zeDriverGet(pCount=1, phDrivers=0x2439b980)
[2026-10-07 12:49:29.843] [thread-id: 131000611945664] [trace] zeDeviceGet(hDriver, pCount, phDevices)
[2026-10-07 12:49:29.843] [thread-id: 131000611945664] [trace] SUCCESS (ZE_RESULT_SUCCESS) in zeDeviceGet(hDriver=0x2439b9c8, pCount=1, phDevices=nullptr)
[2026-10-07 12:49:29.843] [thread-id: 131000611945664] [trace] zeDeviceGet(hDriver, pCount, phDevices)
[2026-10-07 12:49:29.843] [thread-id: 131000611945664] [trace] SUCCESS (ZE_RESULT_SUCCESS) in zeDeviceGet(hDriver=0x2439b9c8, pCount=1, phDevices=0x243a82b0)
[2026-10-07 12:49:29.843] [thread-id: 131000611945664] [trace] zeDeviceGetProperties(hDevice, pDeviceProperties)
[2026-10-07 12:49:29.843] [thread-id: 131000611945664] [trace] SUCCESS (ZE_RESULT_SUCCESS) in zeDeviceGetProperties(hDevice=0x2439bf28, pDeviceProperties={stype=0x7ffc1d3923c0, type=0x7ffc1d3923d0, vendorId=32902, deviceId=57868, flags=8, subdeviceId=0, coreClockRate=2750, maxMemAllocSize=10132807680, maxHardwareContexts=65536, maxCommandQueuePriority=0, numThreadsPerEU=8, physicalEUSimdWidth=16, numEUsPerSubslice=8, numSubslicesPerSlice=4, numSlices=5, timerResolution=52, timestampValidBits=64, kernelTimestampValidBits=64, uuid={id=134}, name="Intel(R) Arc(TM) B570 Graphics"})
<LEVEL_ZERO>[DEBUG]: 
zesInit with flags value of 0

[2026-10-07 12:49:29.843] [thread-id: 131000611945664] [trace] zesInit(flags)
[2026-10-07 12:49:29.845] [thread-id: 131000611945664] [trace] SUCCESS (ZE_RESULT_SUCCESS) in zesInit(flags=0)
[2026-10-07 12:49:29.845] [thread-id: 131000611945664] [trace] zeDriverGet(pCount, phDrivers)
[2026-10-07 12:49:29.845] [thread-id: 131000611945664] [trace] SUCCESS (ZE_RESULT_SUCCESS) in zeDriverGet(pCount=1, phDrivers=nullptr)
[2026-10-07 12:49:29.845] [thread-id: 131000611945664] [trace] zeDriverGet(pCount, phDrivers)
[2026-10-07 12:49:29.845] [thread-id: 131000611945664] [trace] SUCCESS (ZE_RESULT_SUCCESS) in zeDriverGet(pCount=1, phDrivers=0x243af340)
[2026-10-07 12:49:29.845] [thread-id: 131000611945664] [trace] zeInitDrivers(pCount, phDrivers, desc)
[2026-10-07 12:49:29.845] [thread-id: 131000611945664] [trace] SUCCESS (ZE_RESULT_SUCCESS) in zeInitDrivers(pCount=1, phDrivers=0x243af410, desc={stype=0x241b5728, flags=1})
[2026-10-07 12:49:29.845] [thread-id: 131000611945664] [trace] zeDriverGetProperties(hDriver, pDriverProperties)
[2026-10-07 12:49:29.845] [thread-id: 131000611945664] [trace] SUCCESS (ZE_RESULT_SUCCESS) in zeDriverGetProperties(hDriver=0x2439b9c8, pDriverProperties={stype=0x7ffc1d392310, uuid={id=227}, driverVersion=17013219})
[2026-10-07 12:49:29.845] [thread-id: 131000611945664] [trace] zeDriverGetProperties(hDriver, pDriverProperties)
[2026-10-07 12:49:29.845] [thread-id: 131000611945664] [trace] SUCCESS (ZE_RESULT_SUCCESS) in zeDriverGetProperties(hDriver=0x2439b9c8, pDriverProperties={stype=0x7ffc1d3924e0, uuid={id=227}, driverVersion=17013219})
<LEVEL_ZERO>[DEBUG]: zeDriverHandle 0x2439b9c8 matched between zeDriverGet and zeInitDrivers. Not adding duplicate driver to list
<LEVEL_ZERO>[DEBUG]: 1 L0 Drivers found.
[2026-10-07 12:49:29.845] [thread-id: 131000611945664] [trace] zeDeviceGet(hDriver, pCount, phDevices)
[2026-10-07 12:49:29.845] [thread-id: 131000611945664] [trace] SUCCESS (ZE_RESULT_SUCCESS) in zeDeviceGet(hDriver=0x2439b9c8, pCount=1, phDevices=nullptr)
[2026-10-07 12:49:29.845] [thread-id: 131000611945664] [trace] zeDeviceGet(hDriver, pCount, phDevices)
[2026-10-07 12:49:29.845] [thread-id: 131000611945664] [trace] SUCCESS (ZE_RESULT_SUCCESS) in zeDeviceGet(hDriver=0x2439b9c8, pCount=1, phDevices=0x243af6b0)
[2026-10-07 12:49:29.845] [thread-id: 131000611945664] [trace] zeDeviceGetProperties(hDevice, pDeviceProperties)
[2026-10-07 12:49:29.845] [thread-id: 131000611945664] [trace] SUCCESS (ZE_RESULT_SUCCESS) in zeDeviceGetProperties(hDevice=0x2439bf28, pDeviceProperties={stype=0x7ffc1d392310, type=0x7ffc1d392320, vendorId=32902, deviceId=57868, flags=8, subdeviceId=0, coreClockRate=2750, maxMemAllocSize=10132807680, maxHardwareContexts=65536, maxCommandQueuePriority=0, numThreadsPerEU=8, physicalEUSimdWidth=16, numEUsPerSubslice=8, numSubslicesPerSlice=4, numSlices=5, timerResolution=52, timestampValidBits=64, kernelTimestampValidBits=64, uuid={id=134}, name="Intel(R) Arc(TM) B570 Graphics"})
[2026-10-07 12:49:29.845] [thread-id: 131000611945664] [trace] zeDriverGetApiVersion(hDriver, version)
[2026-10-07 12:49:29.845] [thread-id: 131000611945664] [trace] SUCCESS (ZE_RESULT_SUCCESS) in zeDriverGetApiVersion(hDriver=0x2439b9c8, version=65553)
[2026-10-07 12:49:29.845] [thread-id: 131000611945664] [trace] zeDriverGetExtensionProperties(hDriver, pCount, pExtensionProperties)
[2026-10-07 12:49:29.845] [thread-id: 131000611945664] [trace] SUCCESS (ZE_RESULT_SUCCESS) in zeDriverGetExtensionProperties(hDriver=0x2439b9c8, pCount=63, pExtensionProperties=nullptr)
[2026-10-07 12:49:29.845] [thread-id: 131000611945664] [trace] zeDriverGetExtensionProperties(hDriver, pCount, pExtensionProperties)
[2026-10-07 12:49:29.845] [thread-id: 131000611945664] [trace] SUCCESS (ZE_RESULT_SUCCESS) in zeDriverGetExtensionProperties(hDriver=0x2439b9c8, pCount=63, pExtensionProperties={name="ZE_extension_device_cache_line_size", version=65536})
[2026-10-07 12:49:29.845] [thread-id: 131000611945664] [trace] zeDriverGetExtensionFunctionAddress(hDriver, name, ppFunctionAddress)
[2026-10-07 12:49:29.845] [thread-id: 131000611945664] [trace] SUCCESS (ZE_RESULT_SUCCESS) in zeDriverGetExtensionFunctionAddress(hDriver=0x2439b9c8, name="zeIntelGetDriverVersionString", ppFunctionAddress=0x7724f11abc00)
[2026-10-07 12:49:29.845] [thread-id: 131000611945664] [trace] zeDriverGetProperties(hDriver, pDriverProperties)
[2026-10-07 12:49:29.845] [thread-id: 131000611945664] [trace] SUCCESS (ZE_RESULT_SUCCESS) in zeDriverGetProperties(hDriver=0x2439b9c8, pDriverProperties={stype=0x7ffc1d3921d0, uuid={id=227}, driverVersion=17013219})
<LEVEL_ZERO>[DEBUG]: Level Zero Driver version: 1.17.39395+14
[2026-10-07 12:49:29.845] [thread-id: 131000611945664] [trace] zeDriverGetExtensionFunctionAddress(hDriver, name, ppFunctionAddress)
[2026-10-07 12:49:29.845] [thread-id: 131000611945664] [trace] SUCCESS (ZE_RESULT_SUCCESS) in zeDriverGetExtensionFunctionAddress(hDriver=0x2439b9c8, name="zexDriverImportExternalPointer", ppFunctionAddress=0x7724f11a6a40)
[2026-10-07 12:49:29.845] [thread-id: 131000611945664] [trace] zeDriverGetExtensionFunctionAddress(hDriver, name, ppFunctionAddress)
[2026-10-07 12:49:29.845] [thread-id: 131000611945664] [trace] SUCCESS (ZE_RESULT_SUCCESS) in zeDriverGetExtensionFunctionAddress(hDriver=0x2439b9c8, name="zexDriverReleaseImportedPointer", ppFunctionAddress=0x7724f11aee30)
[2026-10-07 12:49:29.845] [thread-id: 131000611945664] [trace] zeDriverGetExtensionFunctionAddress(hDriver, name, ppFunctionAddress)
[2026-10-07 12:49:29.845] [thread-id: 131000611945664] [trace] SUCCESS (ZE_RESULT_SUCCESS) in zeDriverGetExtensionFunctionAddress(hDriver=0x2439b9c8, name="zeImageGetDeviceOffsetExp", ppFunctionAddress=0x7724f11b0190)
[2026-10-07 12:49:29.845] [thread-id: 131000611945664] [trace] zeDriverGetExtensionFunctionAddress(hDriver, name, ppFunctionAddress)
[2026-10-07 12:49:29.845] [thread-id: 131000611945664] [trace] SUCCESS (ZE_RESULT_SUCCESS) in zeDriverGetExtensionFunctionAddress(hDriver=0x2439b9c8, name="zeMemGetPitchFor2dImage", ppFunctionAddress=0x7724f11b2550)
[2026-10-07 12:49:29.845] [thread-id: 131000611945664] [trace] zeDriverGetExtensionFunctionAddress(hDriver, name, ppFunctionAddress)
[2026-10-07 12:49:29.845] [thread-id: 131000611945664] [trace] SUCCESS (ZE_RESULT_SUCCESS) in zeDriverGetExtensionFunctionAddress(hDriver=0x2439b9c8, name="zeGraphGetIdExt", ppFunctionAddress=0x7724f11a0dd0)
[2026-10-07 12:49:29.845] [thread-id: 131000611945664] [trace] zeDriverGetExtensionFunctionAddress(hDriver, name, ppFunctionAddress)
[2026-10-07 12:49:29.845] [thread-id: 131000611945664] [trace] SUCCESS (ZE_RESULT_SUCCESS) in zeDriverGetExtensionFunctionAddress(hDriver=0x2439b9c8, name="zeCommandListAppendHostFunction", ppFunctionAddress=0x7724f1184140)
[2026-10-07 12:49:29.845] [thread-id: 131000611945664] [trace] zesDriverGet(pCount, phDrivers)
[2026-10-07 12:49:29.845] [thread-id: 131000611945664] [trace] SUCCESS (ZE_RESULT_SUCCESS) in zesDriverGet(pCount=1, phDrivers=nullptr)
[2026-10-07 12:49:29.845] [thread-id: 131000611945664] [trace] zesDriverGet(pCount, phDrivers)
[2026-10-07 12:49:29.845] [thread-id: 131000611945664] [trace] SUCCESS (ZE_RESULT_SUCCESS) in zesDriverGet(pCount=1, phDrivers=0x243b05b0)
[2026-10-07 12:49:29.845] [thread-id: 131000611945664] [trace] zesDriverGetDeviceByUuidExp(hDriver, uuid, phDevice, onSubdevice, subdeviceId)
[2026-10-07 12:49:29.845] [thread-id: 131000611945664] [trace] SUCCESS (ZE_RESULT_SUCCESS) in zesDriverGetDeviceByUuidExp(hDriver=0x243ac1c8, uuid={id=134}, phDevice=0x241dc058, onSubdevice=0, subdeviceId=0)
<LEVEL_ZERO>[DEBUG]: Initialized 1 platforms
   <--- urAdapterGet(.NumEntries = 0, .phAdapters = nullptr, .pNumAdapters = 0x7ffc1d392be8 (1)) -> UR_RESULT_SUCCESS;
   ---> urAdapterGet
   <--- urAdapterGet(.NumEntries = 1, .phAdapters = 0x243af690 {0x241b5700}, .pNumAdapters = nullptr) -> UR_RESULT_SUCCESS;
   ---> urAdapterGetInfo
   <--- urAdapterGetInfo(.hAdapter = 0x241b5700, .propName = UR_ADAPTER_INFO_BACKEND, .propSize = 4, .pPropValue = 0x7ffc1d392bdc (UR_BACKEND_LEVEL_ZERO), .pPropSizeRet = nullptr) -> UR_RESULT_SUCCESS;
   ---> urAdapterSetLoggerCallback
   <--- urAdapterSetLoggerCallback(.hAdapter = 0x241b5700, .pfnLoggerCallback = 0x7724f7f87420, .pUserData = nullptr, .level = UR_LOGGER_LEVEL_WARN) -> UR_RESULT_SUCCESS;
   ---> urPlatformGet
   <--- urPlatformGet(.hAdapter = 0x241b5700, .NumEntries = 0, .phPlatforms = nullptr, .pNumPlatforms = 0x7ffc1d392b1c (1)) -> UR_RESULT_SUCCESS;
   ---> urPlatformGet
   <--- urPlatformGet(.hAdapter = 0x241b5700, .NumEntries = 1, .phPlatforms = 0x243af690 {0x243af810}, .pNumPlatforms = nullptr) -> UR_RESULT_SUCCESS;
   ---> urPlatformGetInfo
   <--- urPlatformGetInfo(.hPlatform = 0x243af810, .propName = UR_PLATFORM_INFO_BACKEND, .propSize = 4, .pPropValue = 0x7ffc1d392b2c (UR_BACKEND_LEVEL_ZERO), .pPropSizeRet = nullptr) -> UR_RESULT_SUCCESS;
   ---> urDeviceGet
[2026-10-07 12:49:29.845] [thread-id: 131000611945664] [trace] zeDeviceGet(hDriver, pCount, phDevices)
[2026-10-07 12:49:29.845] [thread-id: 131000611945664] [trace] SUCCESS (ZE_RESULT_SUCCESS) in zeDeviceGet(hDriver=0x2439b9c8, pCount=1, phDevices=nullptr)
[2026-10-07 12:49:29.845] [thread-id: 131000611945664] [trace] zeDeviceGet(hDriver, pCount, phDevices)
[2026-10-07 12:49:29.845] [thread-id: 131000611945664] [trace] SUCCESS (ZE_RESULT_SUCCESS) in zeDeviceGet(hDriver=0x2439b9c8, pCount=1, phDevices=0x243b1000)
[2026-10-07 12:49:29.845] [thread-id: 131000611945664] [trace] zeDeviceGetProperties(hDevice, pDeviceProperties)
[2026-10-07 12:49:29.846] [thread-id: 131000611945664] [trace] SUCCESS (ZE_RESULT_SUCCESS) in zeDeviceGetProperties(hDevice=0x2439bf28, pDeviceProperties={stype=0x243b10e8, type=0x243b10f8, vendorId=32902, deviceId=57868, flags=8, subdeviceId=0, coreClockRate=2750, maxMemAllocSize=10132807680, maxHardwareContexts=65536, maxCommandQueuePriority=0, numThreadsPerEU=8, physicalEUSimdWidth=16, numEUsPerSubslice=8, numSubslicesPerSlice=4, numSlices=5, timerResolution=19200000, timestampValidBits=64, kernelTimestampValidBits=64, uuid={id=134}, name="Intel(R) Arc(TM) B570 Graphics"})
[2026-10-07 12:49:29.846] [thread-id: 131000611945664] [trace] zeDeviceGetProperties(hDevice, pDeviceProperties)
[2026-10-07 12:49:29.846] [thread-id: 131000611945664] [trace] SUCCESS (ZE_RESULT_SUCCESS) in zeDeviceGetProperties(hDevice=0x2439bf28, pDeviceProperties={stype=0x7ffc1d392128, type=0x7ffc1d392138, vendorId=32902, deviceId=57868, flags=8, subdeviceId=0, coreClockRate=2750, maxMemAllocSize=10132807680, maxHardwareContexts=65536, maxCommandQueuePriority=0, numThreadsPerEU=8, physicalEUSimdWidth=16, numEUsPerSubslice=8, numSubslicesPerSlice=4, numSlices=5, timerResolution=52, timestampValidBits=64, kernelTimestampValidBits=64, uuid={id=134}, name="Intel(R) Arc(TM) B570 Graphics"})
[2026-10-07 12:49:29.846] [thread-id: 131000611945664] [trace] zeDeviceGetCommandQueueGroupProperties(hDevice, pCount, pCommandQueueGroupProperties)
[2026-10-07 12:49:29.846] [thread-id: 131000611945664] [trace] SUCCESS (ZE_RESULT_SUCCESS) in zeDeviceGetCommandQueueGroupProperties(hDevice=0x2439bf28, pCount=2, pCommandQueueGroupProperties=nullptr)
<LEVEL_ZERO>[INFO]: Number of queue groups = 2
[2026-10-07 12:49:29.846] [thread-id: 131000611945664] [trace] zeDeviceGetCommandQueueGroupProperties(hDevice, pCount, pCommandQueueGroupProperties)
[2026-10-07 12:49:29.846] [thread-id: 131000611945664] [trace] SUCCESS (ZE_RESULT_SUCCESS) in zeDeviceGetCommandQueueGroupProperties(hDevice=0x2439bf28, pCount=2, pCommandQueueGroupProperties={stype=0x241b5610, flags=7, maxMemoryFillPatternSize=18446744073709551615, numQueues=1})
<LEVEL_ZERO>[INFO]: main blitter/copy engine is available
<LEVEL_ZERO>[INFO]: link blitter/copy engines are not available
[2026-10-07 12:49:29.846] [thread-id: 131000611945664] [trace] zeDeviceGetSubDevices(hDevice, pCount, phSubdevices)
[2026-10-07 12:49:29.846] [thread-id: 131000611945664] [trace] SUCCESS (ZE_RESULT_SUCCESS) in zeDeviceGetSubDevices(hDevice=0x2439bf28, pCount=0, phSubdevices=nullptr)
[2026-10-07 12:49:29.846] [thread-id: 131000611945664] [trace] zeDeviceGetSubDevices(hDevice, pCount, phSubdevices)
[2026-10-07 12:49:29.846] [thread-id: 131000611945664] [trace] SUCCESS (ZE_RESULT_SUCCESS) in zeDeviceGetSubDevices(hDevice=0x2439bf28, pCount=0, phSubdevices=0x243b1020)
[2026-10-07 12:49:29.846] [thread-id: 131000611945664] [trace] zeDeviceGetRootDevice(hDevice, phRootDevice)
[2026-10-07 12:49:29.846] [thread-id: 131000611945664] [trace] SUCCESS (ZE_RESULT_SUCCESS) in zeDeviceGetRootDevice(hDevice=0x2439bf28, phRootDevice=0x7ffc1d392580)
[2026-10-07 12:49:29.846] [thread-id: 131000611945664] [trace] zeDeviceSynchronize(hDevice)
[2026-10-07 12:49:29.846] [thread-id: 131000611945664] [trace] SUCCESS (ZE_RESULT_SUCCESS) in zeDeviceSynchronize(hDevice=0x2439bf28)
[2026-10-07 12:49:29.846] [thread-id: 131000611945664] [trace] zeDeviceGetRootDevice(hDevice, phRootDevice)
[2026-10-07 12:49:29.846] [thread-id: 131000611945664] [trace] SUCCESS (ZE_RESULT_SUCCESS) in zeDeviceGetRootDevice(hDevice=0x2439bf28, phRootDevice=0x7ffc1d392670)
   <--- urDeviceGet(.hPlatform = 0x243af810, .DeviceType = UR_DEVICE_TYPE_ALL, .NumEntries = 0, .phDevices = nullptr, .pNumDevices = 0x7ffc1d392a9c (1)) -> UR_RESULT_SUCCESS;
   ---> urDeviceGet
[2026-10-07 12:49:29.846] [thread-id: 131000611945664] [trace] zeDeviceGetRootDevice(hDevice, phRootDevice)
[2026-10-07 12:49:29.846] [thread-id: 131000611945664] [trace] SUCCESS (ZE_RESULT_SUCCESS) in zeDeviceGetRootDevice(hDevice=0x2439bf28, phRootDevice=0x7ffc1d392670)
   <--- urDeviceGet(.hPlatform = 0x243af810, .DeviceType = UR_DEVICE_TYPE_ALL, .NumEntries = 1, .phDevices = 0x243b1000 {0x243b1040}, .pNumDevices = nullptr) -> UR_RESULT_SUCCESS;
   ---> urPlatformGetInfo
   <--- urPlatformGetInfo(.hPlatform = 0x243af810, .propName = UR_PLATFORM_INFO_VERSION, .propSize = 0, .pPropValue = nullptr, .pPropSizeRet = 0x7ffc1d392670 (5)) -> UR_RESULT_SUCCESS;
   ---> urPlatformGetInfo
   <--- urPlatformGetInfo(.hPlatform = 0x243af810, .propName = UR_PLATFORM_INFO_VERSION, .propSize = 5, .pPropValue = 0x7ffc1d3927d8 (1.17), .pPropSizeRet = nullptr) -> UR_RESULT_SUCCESS;
   ---> urPlatformGetInfo
   <--- urPlatformGetInfo(.hPlatform = 0x243af810, .propName = UR_PLATFORM_INFO_NAME, .propSize = 0, .pPropValue = nullptr, .pPropSizeRet = 0x7ffc1d392670 (51)) -> UR_RESULT_SUCCESS;
   ---> urPlatformGetInfo
   <--- urPlatformGetInfo(.hPlatform = 0x243af810, .propName = UR_PLATFORM_INFO_NAME, .propSize = 51, .pPropValue = 0x243b1710 (Intel(R) oneAPI Unified Runtime over Level-Zero V2), .pPropSizeRet = nullptr) -> UR_RESULT_SUCCESS;
   ---> urDeviceGetInfo
   <--- urDeviceGetInfo(.hDevice = 0x243b1040, .propName = UR_DEVICE_INFO_PARENT_DEVICE, .propSize = 8, .pPropValue = 0x7ffc1d392630 (nullptr), .pPropSizeRet = nullptr) -> UR_RESULT_SUCCESS;
   ---> urDeviceGetInfo
   <--- urDeviceGetInfo(.hDevice = 0x243b1040, .propName = UR_DEVICE_INFO_TYPE, .propSize = 4, .pPropValue = 0x7ffc1d3925d0 (UR_DEVICE_TYPE_GPU), .pPropSizeRet = nullptr) -> UR_RESULT_SUCCESS;
   ---> urDeviceGetInfo
   <--- urDeviceGetInfo(.hDevice = 0x243b1040, .propName = UR_DEVICE_INFO_USE_NATIVE_ASSERT, .propSize = 1, .pPropValue = 0x7ffc1d3925d0 (true), .pPropSizeRet = nullptr) -> UR_RESULT_SUCCESS;
   ---> urDeviceGetInfo
[2026-10-07 12:49:29.846] [thread-id: 131000611945664] [trace] zeDeviceGetModuleProperties(hDevice, pModuleProperties)
[2026-10-07 12:49:29.846] [thread-id: 131000611945664] [trace] SUCCESS (ZE_RESULT_SUCCESS) in zeDeviceGetModuleProperties(hDevice=0x2439bf28, pModuleProperties={stype=0x243b1360, spirvVersionSupported=65541, flags=15, fp16flags=63, fp32flags=127, fp64flags=127, maxArgumentsSize=2048, printfBufferSize=4194304, nativeKernelSupported={id=0}})
[2026-10-07 12:49:29.846] [thread-id: 131000611945664] [trace] zeDeviceGetImageProperties(hDevice, pImageProperties)
[2026-10-07 12:49:29.846] [thread-id: 131000611945664] [trace] SUCCESS (ZE_RESULT_SUCCESS) in zeDeviceGetImageProperties(hDevice=0x2439bf28, pImageProperties={stype=0x243b1300, maxImageDims1D=16384, maxImageDims2D=16384, maxImageDims3D=2048, maxImageBufferSize=633300480, maxImageArraySlices=2048, maxSamplers=16, maxReadImageArgs=128, maxWriteImageArgs=128})
   <--- urDeviceGetInfo(.hDevice = 0x243b1040, .propName = UR_DEVICE_INFO_EXTENSIONS, .propSize = 0, .pPropValue = nullptr, .pPropSizeRet = 0x7ffc1d392558 (245)) -> UR_RESULT_SUCCESS;
   ---> urDeviceGetInfo
   <--- urDeviceGetInfo(.hDevice = 0x243b1040, .propName = UR_DEVICE_INFO_EXTENSIONS, .propSize = 245, .pPropValue = 0x2426b740 (cl_khr_il_program cl_khr_subgroups cl_intel_subgroups cl_intel_subgroups_short cl_intel_required_subgroup_size cl_khr_fp16 cl_khr_fp64 cl_khr_int64_base_atomics cl_khr_int64_extended_atomics cl_khr_3d_image_writes cl_intel_bfloat16_conversions ), .pPropSizeRet = nullptr) -> UR_RESULT_SUCCESS;
   ---> urDeviceRetain
   <--- urDeviceRetain(.hDevice = 0x243b1040) -> UR_RESULT_SUCCESS;
   ---> urDeviceGetInfo
   <--- urDeviceGetInfo(.hDevice = 0x243b1040, .propName = UR_DEVICE_INFO_TYPE, .propSize = 4, .pPropValue = 0x7ffc1d39274c (UR_DEVICE_TYPE_GPU), .pPropSizeRet = nullptr) -> UR_RESULT_SUCCESS;
   ---> urDeviceGetInfo
   <--- urDeviceGetInfo(.hDevice = 0x243b1040, .propName = UR_DEVICE_INFO_VENDOR_ID, .propSize = 4, .pPropValue = 0x7ffc1d3927c8 (32902), .pPropSizeRet = nullptr) -> UR_RESULT_SUCCESS;
   ---> urDeviceGetInfo
   <--- urDeviceGetInfo(.hDevice = 0x243b1040, .propName = UR_DEVICE_INFO_DRIVER_VERSION, .propSize = 0, .pPropValue = nullptr, .pPropSizeRet = 0x7ffc1d392670 (14)) -> UR_RESULT_SUCCESS;
   ---> urDeviceGetInfo
   <--- urDeviceGetInfo(.hDevice = 0x243b1040, .propName = UR_DEVICE_INFO_DRIVER_VERSION, .propSize = 14, .pPropValue = 0x7ffc1d392798 (1.17.39395+14), .pPropSizeRet = nullptr) -> UR_RESULT_SUCCESS;
   ---> urDeviceGetInfo
   <--- urDeviceGetInfo(.hDevice = 0x243b1040, .propName = UR_DEVICE_INFO_NAME, .propSize = 0, .pPropValue = nullptr, .pPropSizeRet = 0x7ffc1d3925b0 (31)) -> UR_RESULT_SUCCESS;
   ---> urDeviceGetInfo
   <--- urDeviceGetInfo(.hDevice = 0x243b1040, .propName = UR_DEVICE_INFO_NAME, .propSize = 31, .pPropValue = 0x243b0fd0 (Intel(R) Arc(TM) B570 Graphics), .pPropSizeRet = nullptr) -> UR_RESULT_SUCCESS;
   ---> urPlatformGetInfo
   <--- urPlatformGetInfo(.hPlatform = 0x243af810, .propName = UR_PLATFORM_INFO_BACKEND, .propSize = 4, .pPropValue = 0x7ffc1d39298c (UR_BACKEND_LEVEL_ZERO), .pPropSizeRet = nullptr) -> UR_RESULT_SUCCESS;
   ---> urDeviceGetInfo
   <--- urDeviceGetInfo(.hDevice = 0x243b1040, .propName = UR_DEVICE_INFO_TYPE, .propSize = 4, .pPropValue = 0x7ffc1d392984 (UR_DEVICE_TYPE_GPU), .pPropSizeRet = nullptr) -> UR_RESULT_SUCCESS;
   ---> urDeviceRelease
   <--- urDeviceRelease(.hDevice = 0x243b1040) -> UR_RESULT_SUCCESS;
   ---> urDeviceGetInfo
   <--- urDeviceGetInfo(.hDevice = 0x243b1040, .propName = UR_DEVICE_INFO_SUPPORTED_PARTITIONS, .propSize = 0, .pPropValue = nullptr, .pPropSizeRet = 0x7ffc1d392978 (0)) -> UR_RESULT_SUCCESS;
   ---> urDeviceGet
[2026-10-07 12:49:29.846] [thread-id: 131000611945664] [trace] zeDeviceGetRootDevice(hDevice, phRootDevice)
[2026-10-07 12:49:29.846] [thread-id: 131000611945664] [trace] SUCCESS (ZE_RESULT_SUCCESS) in zeDeviceGetRootDevice(hDevice=0x2439bf28, phRootDevice=0x7ffc1d392780)
   <--- urDeviceGet(.hPlatform = 0x243af810, .DeviceType = UR_DEVICE_TYPE_ALL, .NumEntries = 0, .phDevices = nullptr, .pNumDevices = 0x7ffc1d392bac (1)) -> UR_RESULT_SUCCESS;
   ---> urDeviceGet
[2026-10-07 12:49:29.846] [thread-id: 131000611945664] [trace] zeDeviceGetRootDevice(hDevice, phRootDevice)
[2026-10-07 12:49:29.846] [thread-id: 131000611945664] [trace] SUCCESS (ZE_RESULT_SUCCESS) in zeDeviceGetRootDevice(hDevice=0x2439bf28, phRootDevice=0x7ffc1d392780)
   <--- urDeviceGet(.hPlatform = 0x243af810, .DeviceType = UR_DEVICE_TYPE_ALL, .NumEntries = 1, .phDevices = 0x243af6b0 {0x243b1040}, .pNumDevices = nullptr) -> UR_RESULT_SUCCESS;
   ---> urPlatformGetInfo
   <--- urPlatformGetInfo(.hPlatform = 0x243af810, .propName = UR_PLATFORM_INFO_VERSION, .propSize = 0, .pPropValue = nullptr, .pPropSizeRet = 0x7ffc1d392780 (5)) -> UR_RESULT_SUCCESS;
   ---> urPlatformGetInfo
   <--- urPlatformGetInfo(.hPlatform = 0x243af810, .propName = UR_PLATFORM_INFO_VERSION, .propSize = 5, .pPropValue = 0x7ffc1d3928e8 (1.17), .pPropSizeRet = nullptr) -> UR_RESULT_SUCCESS;
   ---> urPlatformGetInfo
   <--- urPlatformGetInfo(.hPlatform = 0x243af810, .propName = UR_PLATFORM_INFO_NAME, .propSize = 0, .pPropValue = nullptr, .pPropSizeRet = 0x7ffc1d392780 (51)) -> UR_RESULT_SUCCESS;
   ---> urPlatformGetInfo
   <--- urPlatformGetInfo(.hPlatform = 0x243af810, .propName = UR_PLATFORM_INFO_NAME, .propSize = 51, .pPropValue = 0x243b1c30 (Intel(R) oneAPI Unified Runtime over Level-Zero V2), .pPropSizeRet = nullptr) -> UR_RESULT_SUCCESS;
   ---> urDeviceGetInfo
   <--- urDeviceGetInfo(.hDevice = 0x243b1040, .propName = UR_DEVICE_INFO_TYPE, .propSize = 4, .pPropValue = 0x7ffc1d39285c (UR_DEVICE_TYPE_GPU), .pPropSizeRet = nullptr) -> UR_RESULT_SUCCESS;
   ---> urDeviceGetInfo
   <--- urDeviceGetInfo(.hDevice = 0x243b1040, .propName = UR_DEVICE_INFO_VENDOR_ID, .propSize = 4, .pPropValue = 0x7ffc1d3928d8 (32902), .pPropSizeRet = nullptr) -> UR_RESULT_SUCCESS;
   ---> urDeviceGetInfo
   <--- urDeviceGetInfo(.hDevice = 0x243b1040, .propName = UR_DEVICE_INFO_DRIVER_VERSION, .propSize = 0, .pPropValue = nullptr, .pPropSizeRet = 0x7ffc1d392780 (14)) -> UR_RESULT_SUCCESS;
   ---> urDeviceGetInfo
   <--- urDeviceGetInfo(.hDevice = 0x243b1040, .propName = UR_DEVICE_INFO_DRIVER_VERSION, .propSize = 14, .pPropValue = 0x7ffc1d3928a8 (1.17.39395+14), .pPropSizeRet = nullptr) -> UR_RESULT_SUCCESS;
   ---> urPlatformGetInfo
   <--- urPlatformGetInfo(.hPlatform = 0x243af810, .propName = UR_PLATFORM_INFO_BACKEND, .propSize = 4, .pPropValue = 0x7ffc1d392a9c (UR_BACKEND_LEVEL_ZERO), .pPropSizeRet = nullptr) -> UR_RESULT_SUCCESS;
   ---> urDeviceGetInfo
   <--- urDeviceGetInfo(.hDevice = 0x243b1040, .propName = UR_DEVICE_INFO_TYPE, .propSize = 4, .pPropValue = 0x7ffc1d392a94 (UR_DEVICE_TYPE_GPU), .pPropSizeRet = nullptr) -> UR_RESULT_SUCCESS;
   ---> urDeviceRelease
   <--- urDeviceRelease(.hDevice = 0x243b1040) -> UR_RESULT_SUCCESS;
   ---> urDeviceGetInfo
   <--- urDeviceGetInfo(.hDevice = 0x243b1040, .propName = UR_DEVICE_INFO_SUPPORTED_PARTITIONS, .propSize = 0, .pPropValue = nullptr, .pPropSizeRet = 0x7ffc1d392a88 (0)) -> UR_RESULT_SUCCESS;
   ---> urDeviceSelectBinary
   <--- urDeviceSelectBinary(.hDevice = 0x243b1040, .pBinaries = 0x7ffc1d392ad0 ((struct ur_device_binary_t){.stype = UR_STRUCTURE_TYPE_CONTEXT_PROPERTIES, .pNext = nullptr, .pDeviceTargetSpec = 0x7724f7d083c0 (spir64)}), .NumBinaries = 1, .pSelectedBinary = 0x7ffc1d392af4 (0)) -> UR_RESULT_SUCCESS;
   ---> urDeviceGet
[2026-10-07 12:49:29.847] [thread-id: 131000611945664] [trace] zeDeviceGetRootDevice(hDevice, phRootDevice)
[2026-10-07 12:49:29.847] [thread-id: 131000611945664] [trace] SUCCESS (ZE_RESULT_SUCCESS) in zeDeviceGetRootDevice(hDevice=0x2439bf28, phRootDevice=0x7ffc1d392710)
   <--- urDeviceGet(.hPlatform = 0x243af810, .DeviceType = UR_DEVICE_TYPE_ALL, .NumEntries = 0, .phDevices = nullptr, .pNumDevices = 0x7ffc1d392b3c (1)) -> UR_RESULT_SUCCESS;
   ---> urDeviceGet
[2026-10-07 12:49:29.847] [thread-id: 131000611945664] [trace] zeDeviceGetRootDevice(hDevice, phRootDevice)
[2026-10-07 12:49:29.847] [thread-id: 131000611945664] [trace] SUCCESS (ZE_RESULT_SUCCESS) in zeDeviceGetRootDevice(hDevice=0x2439bf28, phRootDevice=0x7ffc1d392710)
   <--- urDeviceGet(.hPlatform = 0x243af810, .DeviceType = UR_DEVICE_TYPE_ALL, .NumEntries = 1, .phDevices = 0x243b1d00 {0x243b1040}, .pNumDevices = nullptr) -> UR_RESULT_SUCCESS;
   ---> urPlatformGetInfo
   <--- urPlatformGetInfo(.hPlatform = 0x243af810, .propName = UR_PLATFORM_INFO_VERSION, .propSize = 0, .pPropValue = nullptr, .pPropSizeRet = 0x7ffc1d392710 (5)) -> UR_RESULT_SUCCESS;
   ---> urPlatformGetInfo
   <--- urPlatformGetInfo(.hPlatform = 0x243af810, .propName = UR_PLATFORM_INFO_VERSION, .propSize = 5, .pPropValue = 0x7ffc1d392878 (1.17), .pPropSizeRet = nullptr) -> UR_RESULT_SUCCESS;
   ---> urPlatformGetInfo
   <--- urPlatformGetInfo(.hPlatform = 0x243af810, .propName = UR_PLATFORM_INFO_NAME, .propSize = 0, .pPropValue = nullptr, .pPropSizeRet = 0x7ffc1d392710 (51)) -> UR_RESULT_SUCCESS;
   ---> urPlatformGetInfo
   <--- urPlatformGetInfo(.hPlatform = 0x243af810, .propName = UR_PLATFORM_INFO_NAME, .propSize = 51, .pPropValue = 0x243b1710 (Intel(R) oneAPI Unified Runtime over Level-Zero V2), .pPropSizeRet = nullptr) -> UR_RESULT_SUCCESS;
   ---> urDeviceGetInfo
   <--- urDeviceGetInfo(.hDevice = 0x243b1040, .propName = UR_DEVICE_INFO_TYPE, .propSize = 4, .pPropValue = 0x7ffc1d3927ec (UR_DEVICE_TYPE_GPU), .pPropSizeRet = nullptr) -> UR_RESULT_SUCCESS;
   ---> urDeviceGetInfo
   <--- urDeviceGetInfo(.hDevice = 0x243b1040, .propName = UR_DEVICE_INFO_VENDOR_ID, .propSize = 4, .pPropValue = 0x7ffc1d392868 (32902), .pPropSizeRet = nullptr) -> UR_RESULT_SUCCESS;
   ---> urDeviceGetInfo
   <--- urDeviceGetInfo(.hDevice = 0x243b1040, .propName = UR_DEVICE_INFO_DRIVER_VERSION, .propSize = 0, .pPropValue = nullptr, .pPropSizeRet = 0x7ffc1d392710 (14)) -> UR_RESULT_SUCCESS;
   ---> urDeviceGetInfo
   <--- urDeviceGetInfo(.hDevice = 0x243b1040, .propName = UR_DEVICE_INFO_DRIVER_VERSION, .propSize = 14, .pPropValue = 0x7ffc1d392838 (1.17.39395+14), .pPropSizeRet = nullptr) -> UR_RESULT_SUCCESS;
   ---> urPlatformGetInfo
   <--- urPlatformGetInfo(.hPlatform = 0x243af810, .propName = UR_PLATFORM_INFO_BACKEND, .propSize = 4, .pPropValue = 0x7ffc1d392a2c (UR_BACKEND_LEVEL_ZERO), .pPropSizeRet = nullptr) -> UR_RESULT_SUCCESS;
   ---> urDeviceGetInfo
   <--- urDeviceGetInfo(.hDevice = 0x243b1040, .propName = UR_DEVICE_INFO_TYPE, .propSize = 4, .pPropValue = 0x7ffc1d392a24 (UR_DEVICE_TYPE_GPU), .pPropSizeRet = nullptr) -> UR_RESULT_SUCCESS;
   ---> urDeviceRelease
   <--- urDeviceRelease(.hDevice = 0x243b1040) -> UR_RESULT_SUCCESS;
   ---> urDeviceGetInfo
   <--- urDeviceGetInfo(.hDevice = 0x243b1040, .propName = UR_DEVICE_INFO_SUPPORTED_PARTITIONS, .propSize = 0, .pPropValue = nullptr, .pPropSizeRet = 0x7ffc1d392a18 (0)) -> UR_RESULT_SUCCESS;
   ---> urDeviceGet
[2026-10-07 12:49:29.847] [thread-id: 131000611945664] [trace] zeDeviceGetRootDevice(hDevice, phRootDevice)
[2026-10-07 12:49:29.847] [thread-id: 131000611945664] [trace] SUCCESS (ZE_RESULT_SUCCESS) in zeDeviceGetRootDevice(hDevice=0x2439bf28, phRootDevice=0x7ffc1d392820)
   <--- urDeviceGet(.hPlatform = 0x243af810, .DeviceType = UR_DEVICE_TYPE_GPU, .NumEntries = 0, .phDevices = nullptr, .pNumDevices = 0x7ffc1d392c4c (1)) -> UR_RESULT_SUCCESS;
   ---> urDeviceGet
[2026-10-07 12:49:29.847] [thread-id: 131000611945664] [trace] zeDeviceGetRootDevice(hDevice, phRootDevice)
[2026-10-07 12:49:29.847] [thread-id: 131000611945664] [trace] SUCCESS (ZE_RESULT_SUCCESS) in zeDeviceGetRootDevice(hDevice=0x2439bf28, phRootDevice=0x7ffc1d392820)
   <--- urDeviceGet(.hPlatform = 0x243af810, .DeviceType = UR_DEVICE_TYPE_GPU, .NumEntries = 1, .phDevices = 0x243b1d20 {0x243b1040}, .pNumDevices = nullptr) -> UR_RESULT_SUCCESS;
   ---> urPlatformGetInfo
   <--- urPlatformGetInfo(.hPlatform = 0x243af810, .propName = UR_PLATFORM_INFO_VERSION, .propSize = 0, .pPropValue = nullptr, .pPropSizeRet = 0x7ffc1d392820 (5)) -> UR_RESULT_SUCCESS;
   ---> urPlatformGetInfo
   <--- urPlatformGetInfo(.hPlatform = 0x243af810, .propName = UR_PLATFORM_INFO_VERSION, .propSize = 5, .pPropValue = 0x7ffc1d392988 (1.17), .pPropSizeRet = nullptr) -> UR_RESULT_SUCCESS;
   ---> urPlatformGetInfo
   <--- urPlatformGetInfo(.hPlatform = 0x243af810, .propName = UR_PLATFORM_INFO_NAME, .propSize = 0, .pPropValue = nullptr, .pPropSizeRet = 0x7ffc1d392820 (51)) -> UR_RESULT_SUCCESS;
   ---> urPlatformGetInfo
   <--- urPlatformGetInfo(.hPlatform = 0x243af810, .propName = UR_PLATFORM_INFO_NAME, .propSize = 51, .pPropValue = 0x243b1c30 (Intel(R) oneAPI Unified Runtime over Level-Zero V2), .pPropSizeRet = nullptr) -> UR_RESULT_SUCCESS;
   ---> urDeviceGetInfo
   <--- urDeviceGetInfo(.hDevice = 0x243b1040, .propName = UR_DEVICE_INFO_TYPE, .propSize = 4, .pPropValue = 0x7ffc1d3928fc (UR_DEVICE_TYPE_GPU), .pPropSizeRet = nullptr) -> UR_RESULT_SUCCESS;
   ---> urDeviceGetInfo
   <--- urDeviceGetInfo(.hDevice = 0x243b1040, .propName = UR_DEVICE_INFO_VENDOR_ID, .propSize = 4, .pPropValue = 0x7ffc1d392978 (32902), .pPropSizeRet = nullptr) -> UR_RESULT_SUCCESS;
   ---> urDeviceGetInfo
   <--- urDeviceGetInfo(.hDevice = 0x243b1040, .propName = UR_DEVICE_INFO_DRIVER_VERSION, .propSize = 0, .pPropValue = nullptr, .pPropSizeRet = 0x7ffc1d392820 (14)) -> UR_RESULT_SUCCESS;
   ---> urDeviceGetInfo
   <--- urDeviceGetInfo(.hDevice = 0x243b1040, .propName = UR_DEVICE_INFO_DRIVER_VERSION, .propSize = 14, .pPropValue = 0x7ffc1d392948 (1.17.39395+14), .pPropSizeRet = nullptr) -> UR_RESULT_SUCCESS;
   ---> urPlatformGetInfo
   <--- urPlatformGetInfo(.hPlatform = 0x243af810, .propName = UR_PLATFORM_INFO_BACKEND, .propSize = 4, .pPropValue = 0x7ffc1d392b3c (UR_BACKEND_LEVEL_ZERO), .pPropSizeRet = nullptr) -> UR_RESULT_SUCCESS;
   ---> urDeviceGetInfo
   <--- urDeviceGetInfo(.hDevice = 0x243b1040, .propName = UR_DEVICE_INFO_TYPE, .propSize = 4, .pPropValue = 0x7ffc1d392b34 (UR_DEVICE_TYPE_GPU), .pPropSizeRet = nullptr) -> UR_RESULT_SUCCESS;
   ---> urDeviceRelease
   <--- urDeviceRelease(.hDevice = 0x243b1040) -> UR_RESULT_SUCCESS;
   ---> urDeviceGetInfo
   <--- urDeviceGetInfo(.hDevice = 0x243b1040, .propName = UR_DEVICE_INFO_SUPPORTED_PARTITIONS, .propSize = 0, .pPropValue = nullptr, .pPropSizeRet = 0x7ffc1d392b28 (0)) -> UR_RESULT_SUCCESS;
   ---> urDeviceGetInfo
[2026-10-07 12:49:29.847] [thread-id: 131000611945664] [trace] zeDevicePciGetPropertiesExt(hDevice, pPciProperties)
[2026-10-07 12:49:29.847] [thread-id: 131000611945664] [trace] SUCCESS (ZE_RESULT_SUCCESS) in zeDevicePciGetPropertiesExt(hDevice=0x2439bf28, pPciProperties={stype=0x7ffc1d3927f0, address={domain=0, bus=5, device=0, function=0}, maxSpeed={genVersion=4, width=8, maxBandwidth=15753846153}})
   <--- urDeviceGetInfo(.hDevice = 0x243b1040, .propName = UR_DEVICE_INFO_PCI_ADDRESS, .propSize = 0, .pPropValue = nullptr, .pPropSizeRet = 0x7ffc1d392c68 (13)) -> UR_RESULT_SUCCESS;
   ---> urDeviceGetInfo
[2026-10-07 12:49:29.847] [thread-id: 131000611945664] [trace] zeDevicePciGetPropertiesExt(hDevice, pPciProperties)
[2026-10-07 12:49:29.847] [thread-id: 131000611945664] [trace] SUCCESS (ZE_RESULT_SUCCESS) in zeDevicePciGetPropertiesExt(hDevice=0x2439bf28, pPciProperties={stype=0x7ffc1d392900, address={domain=0, bus=5, device=0, function=0}, maxSpeed={genVersion=4, width=8, maxBandwidth=15753846153}})
   <--- urDeviceGetInfo(.hDevice = 0x243b1040, .propName = UR_DEVICE_INFO_PCI_ADDRESS, .propSize = 0, .pPropValue = nullptr, .pPropSizeRet = 0x7ffc1d392d70 (13)) -> UR_RESULT_SUCCESS;
   ---> urDeviceGetInfo
[2026-10-07 12:49:29.847] [thread-id: 131000611945664] [trace] zeDevicePciGetPropertiesExt(hDevice, pPciProperties)
[2026-10-07 12:49:29.847] [thread-id: 131000611945664] [trace] SUCCESS (ZE_RESULT_SUCCESS) in zeDevicePciGetPropertiesExt(hDevice=0x2439bf28, pPciProperties={stype=0x7ffc1d392900, address={domain=0, bus=5, device=0, function=0}, maxSpeed={genVersion=4, width=8, maxBandwidth=15753846153}})
   <--- urDeviceGetInfo(.hDevice = 0x243b1040, .propName = UR_DEVICE_INFO_PCI_ADDRESS, .propSize = 13, .pPropValue = 0x7ffc1d392dc0 (0000:05:00.0), .pPropSizeRet = nullptr) -> UR_RESULT_SUCCESS;
   ---> urDeviceGet
[2026-10-07 12:49:29.848] [thread-id: 131000611945664] [trace] zeDeviceGetRootDevice(hDevice, phRootDevice)
[2026-10-07 12:49:29.848] [thread-id: 131000611945664] [trace] SUCCESS (ZE_RESULT_SUCCESS) in zeDeviceGetRootDevice(hDevice=0x2439bf28, phRootDevice=0x7ffc1d392720)
   <--- urDeviceGet(.hPlatform = 0x243af810, .DeviceType = UR_DEVICE_TYPE_ALL, .NumEntries = 0, .phDevices = nullptr, .pNumDevices = 0x7ffc1d392b4c (1)) -> UR_RESULT_SUCCESS;
   ---> urDeviceGet
[2026-10-07 12:49:29.848] [thread-id: 131000611945664] [trace] zeDeviceGetRootDevice(hDevice, phRootDevice)
[2026-10-07 12:49:29.848] [thread-id: 131000611945664] [trace] SUCCESS (ZE_RESULT_SUCCESS) in zeDeviceGetRootDevice(hDevice=0x2439bf28, phRootDevice=0x7ffc1d392720)
   <--- urDeviceGet(.hPlatform = 0x243af810, .DeviceType = UR_DEVICE_TYPE_ALL, .NumEntries = 1, .phDevices = 0x243b1d40 {0x243b1040}, .pNumDevices = nullptr) -> UR_RESULT_SUCCESS;
   ---> urPlatformGetInfo
   <--- urPlatformGetInfo(.hPlatform = 0x243af810, .propName = UR_PLATFORM_INFO_VERSION, .propSize = 0, .pPropValue = nullptr, .pPropSizeRet = 0x7ffc1d392720 (5)) -> UR_RESULT_SUCCESS;
   ---> urPlatformGetInfo
   <--- urPlatformGetInfo(.hPlatform = 0x243af810, .propName = UR_PLATFORM_INFO_VERSION, .propSize = 5, .pPropValue = 0x7ffc1d392888 (1.17), .pPropSizeRet = nullptr) -> UR_RESULT_SUCCESS;
   ---> urPlatformGetInfo
   <--- urPlatformGetInfo(.hPlatform = 0x243af810, .propName = UR_PLATFORM_INFO_NAME, .propSize = 0, .pPropValue = nullptr, .pPropSizeRet = 0x7ffc1d392720 (51)) -> UR_RESULT_SUCCESS;
   ---> urPlatformGetInfo
   <--- urPlatformGetInfo(.hPlatform = 0x243af810, .propName = UR_PLATFORM_INFO_NAME, .propSize = 51, .pPropValue = 0x243b1c30 (Intel(R) oneAPI Unified Runtime over Level-Zero V2), .pPropSizeRet = nullptr) -> UR_RESULT_SUCCESS;
   ---> urDeviceGetInfo
   <--- urDeviceGetInfo(.hDevice = 0x243b1040, .propName = UR_DEVICE_INFO_TYPE, .propSize = 4, .pPropValue = 0x7ffc1d3927fc (UR_DEVICE_TYPE_GPU), .pPropSizeRet = nullptr) -> UR_RESULT_SUCCESS;
   ---> urDeviceGetInfo
   <--- urDeviceGetInfo(.hDevice = 0x243b1040, .propName = UR_DEVICE_INFO_VENDOR_ID, .propSize = 4, .pPropValue = 0x7ffc1d392878 (32902), .pPropSizeRet = nullptr) -> UR_RESULT_SUCCESS;
   ---> urDeviceGetInfo
   <--- urDeviceGetInfo(.hDevice = 0x243b1040, .propName = UR_DEVICE_INFO_DRIVER_VERSION, .propSize = 0, .pPropValue = nullptr, .pPropSizeRet = 0x7ffc1d392720 (14)) -> UR_RESULT_SUCCESS;
   ---> urDeviceGetInfo
   <--- urDeviceGetInfo(.hDevice = 0x243b1040, .propName = UR_DEVICE_INFO_DRIVER_VERSION, .propSize = 14, .pPropValue = 0x7ffc1d392848 (1.17.39395+14), .pPropSizeRet = nullptr) -> UR_RESULT_SUCCESS;
   ---> urPlatformGetInfo
   <--- urPlatformGetInfo(.hPlatform = 0x243af810, .propName = UR_PLATFORM_INFO_BACKEND, .propSize = 4, .pPropValue = 0x7ffc1d392a3c (UR_BACKEND_LEVEL_ZERO), .pPropSizeRet = nullptr) -> UR_RESULT_SUCCESS;
   ---> urDeviceGetInfo
   <--- urDeviceGetInfo(.hDevice = 0x243b1040, .propName = UR_DEVICE_INFO_TYPE, .propSize = 4, .pPropValue = 0x7ffc1d392a34 (UR_DEVICE_TYPE_GPU), .pPropSizeRet = nullptr) -> UR_RESULT_SUCCESS;
   ---> urDeviceRelease
   <--- urDeviceRelease(.hDevice = 0x243b1040) -> UR_RESULT_SUCCESS;
   ---> urDeviceGetInfo
   <--- urDeviceGetInfo(.hDevice = 0x243b1040, .propName = UR_DEVICE_INFO_SUPPORTED_PARTITIONS, .propSize = 0, .pPropValue = nullptr, .pPropSizeRet = 0x7ffc1d392a28 (0)) -> UR_RESULT_SUCCESS;
   ---> urDeviceGetInfo
[2026-10-07 12:49:29.848] [thread-id: 131000611945664] [trace] zeDeviceGetSubDevices(hDevice, pCount, phSubdevices)
[2026-10-07 12:49:29.848] [thread-id: 131000611945664] [trace] SUCCESS (ZE_RESULT_SUCCESS) in zeDeviceGetSubDevices(hDevice=0x2439bf28, pCount=0, phSubdevices=nullptr)
   <--- urDeviceGetInfo(.hDevice = 0x243b1040, .propName = UR_DEVICE_INFO_COMPONENT_DEVICES, .propSize = 0, .pPropValue = nullptr, .pPropSizeRet = 0x7ffc1d392840 (0)) -> UR_RESULT_SUCCESS;
   ---> urContextCreate
[2026-10-07 12:49:29.848] [thread-id: 131000611945664] [trace] zeContextCreate(hDriver, desc, phContext)
[2026-10-07 12:49:29.848] [thread-id: 131000611945664] [trace] SUCCESS (ZE_RESULT_SUCCESS) in zeContextCreate(hDriver=0x2439b9c8, desc={stype=0x7ffc1d392770, flags=0}, phContext=0x243b2738)
[2026-10-07 12:49:29.848] [thread-id: 131000611945664] [trace] zeMemAllocHost(hContext, host_desc, size, alignment, pptr)
[2026-10-07 12:49:29.848] [thread-id: 131000611945664] [trace] SUCCESS (ZE_RESULT_SUCCESS) in zeMemAllocHost(hContext=0x243b2738, host_desc={stype=0x7ffc1d3921f0, flags=0}, size=1, alignment=0, pptr=0x7724e27ffe00)
[2026-10-07 12:49:29.848] [thread-id: 131000611945664] [trace] zeMemGetAllocProperties(hContext, ptr, pMemAllocProperties, phDevice)
[2026-10-07 12:49:29.848] [thread-id: 131000611945664] [trace] SUCCESS (ZE_RESULT_SUCCESS) in zeMemGetAllocProperties(hContext=0x243b2738, ptr=0x7724e27ffe00, pMemAllocProperties={stype=0x7ffc1d3921f0, type=0x7ffc1d392200, id=1, pageSize=2097152}, phDevice=nullptr)
[2026-10-07 12:49:29.848] [thread-id: 131000611945664] [trace] zeMemFreeExt(hContext, pMemFreeDesc, ptr)
[2026-10-07 12:49:29.848] [thread-id: 131000611945664] [trace] SUCCESS (ZE_RESULT_SUCCESS) in zeMemFreeExt(hContext=0x243b2738, pMemFreeDesc={stype=0x7ffc1d3921d0, freePolicy=1}, ptr=0x7724e27ffe00)
[2026-10-07 12:49:29.848] [thread-id: 131000611945664] [trace] zeDeviceGetProperties(hDevice, pDeviceProperties)
[2026-10-07 12:49:29.848] [thread-id: 131000611945664] [trace] SUCCESS (ZE_RESULT_SUCCESS) in zeDeviceGetProperties(hDevice=0x2439bf28, pDeviceProperties={stype=0x7724e2c3d068, type=0x7724e2c3d078, vendorId=32902, deviceId=57868, flags=8, subdeviceId=0, coreClockRate=2750, maxMemAllocSize=10132807680, maxHardwareContexts=65536, maxCommandQueuePriority=0, numThreadsPerEU=8, physicalEUSimdWidth=16, numEUsPerSubslice=8, numSubslicesPerSlice=4, numSlices=5, timerResolution=52, timestampValidBits=64, kernelTimestampValidBits=64, uuid={id=134}, name="Intel(R) Arc(TM) B570 Graphics"})
[2026-10-07 12:49:29.849] [thread-id: 131000611945664] [trace] zeMemAllocDevice(hContext, device_desc, size, alignment, hDevice, pptr)
[2026-10-07 12:49:29.849] [thread-id: 131000611945664] [trace] SUCCESS (ZE_RESULT_SUCCESS) in zeMemAllocDevice(hContext=0x243b2738, device_desc={stype=0x7ffc1d3921b0, flags=0, ordinal=0}, size=1, alignment=0, hDevice=0x2439bf28, pptr=0xffffffffff9ffe00)
[2026-10-07 12:49:29.849] [thread-id: 131000611945664] [trace] zeContextMakeMemoryResident(hContext, hDevice, ptr, size)
[2026-10-07 12:49:29.849] [thread-id: 131000611945664] [trace] SUCCESS (ZE_RESULT_SUCCESS) in zeContextMakeMemoryResident(hContext=0x243b2738, hDevice=0x2439bf28, ptr=0xffffffffff9ffe00, size=1)
[2026-10-07 12:49:29.849] [thread-id: 131000611945664] [trace] zeMemGetAllocProperties(hContext, ptr, pMemAllocProperties, phDevice)
[2026-10-07 12:49:29.849] [thread-id: 131000611945664] [trace] SUCCESS (ZE_RESULT_SUCCESS) in zeMemGetAllocProperties(hContext=0x243b2738, ptr=0xffffffffff9ffe00, pMemAllocProperties={stype=0x7ffc1d3921f0, type=0x7ffc1d392200, id=3, pageSize=65536}, phDevice=nullptr)
[2026-10-07 12:49:29.849] [thread-id: 131000611945664] [trace] zeMemFreeExt(hContext, pMemFreeDesc, ptr)
[2026-10-07 12:49:29.849] [thread-id: 131000611945664] [trace] SUCCESS (ZE_RESULT_SUCCESS) in zeMemFreeExt(hContext=0x243b2738, pMemFreeDesc={stype=0x7ffc1d3921d0, freePolicy=1}, ptr=0xffffffffff9ffe00)
[2026-10-07 12:49:29.849] [thread-id: 131000611945664] [trace] zeDeviceGetProperties(hDevice, pDeviceProperties)
[2026-10-07 12:49:29.849] [thread-id: 131000611945664] [trace] SUCCESS (ZE_RESULT_SUCCESS) in zeDeviceGetProperties(hDevice=0x2439bf28, pDeviceProperties={stype=0x7724e2c35068, type=0x7724e2c35078, vendorId=32902, deviceId=57868, flags=8, subdeviceId=0, coreClockRate=2750, maxMemAllocSize=10132807680, maxHardwareContexts=65536, maxCommandQueuePriority=0, numThreadsPerEU=8, physicalEUSimdWidth=16, numEUsPerSubslice=8, numSubslicesPerSlice=4, numSlices=5, timerResolution=52, timestampValidBits=64, kernelTimestampValidBits=64, uuid={id=134}, name="Intel(R) Arc(TM) B570 Graphics"})
[2026-10-07 12:49:29.850] [thread-id: 131000611945664] [trace] zeMemAllocShared(hContext, device_desc, host_desc, size, alignment, hDevice, pptr)
[2026-10-07 12:49:29.850] [thread-id: 131000611945664] [trace] SUCCESS (ZE_RESULT_SUCCESS) in zeMemAllocShared(hContext=0x243b2738, device_desc={stype=0x7ffc1d3921f0, flags=0, ordinal=0}, host_desc={stype=0x7ffc1d3921d0, flags=0}, size=1, alignment=0, hDevice=0x2439bf28, pptr=0x7724e28c0000)
[2026-10-07 12:49:29.850] [thread-id: 131000611945664] [trace] zeMemGetAllocProperties(hContext, ptr, pMemAllocProperties, phDevice)
[2026-10-07 12:49:29.850] [thread-id: 131000611945664] [trace] SUCCESS (ZE_RESULT_SUCCESS) in zeMemGetAllocProperties(hContext=0x243b2738, ptr=0x7724e28c0000, pMemAllocProperties={stype=0x7ffc1d3921f0, type=0x7ffc1d392200, id=5, pageSize=65536}, phDevice=nullptr)
[2026-10-07 12:49:29.850] [thread-id: 131000611945664] [trace] zeMemFreeExt(hContext, pMemFreeDesc, ptr)
[2026-10-07 12:49:29.850] [thread-id: 131000611945664] [trace] SUCCESS (ZE_RESULT_SUCCESS) in zeMemFreeExt(hContext=0x243b2738, pMemFreeDesc={stype=0x7ffc1d3921d0, freePolicy=1}, ptr=0x7724e28c0000)
[2026-10-07 12:49:29.850] [thread-id: 131000611945664] [trace] zeDeviceGetProperties(hDevice, pDeviceProperties)
[2026-10-07 12:49:29.850] [thread-id: 131000611945664] [trace] SUCCESS (ZE_RESULT_SUCCESS) in zeDeviceGetProperties(hDevice=0x2439bf28, pDeviceProperties={stype=0x7724e28c7068, type=0x7724e28c7078, vendorId=32902, deviceId=57868, flags=8, subdeviceId=0, coreClockRate=2750, maxMemAllocSize=10132807680, maxHardwareContexts=65536, maxCommandQueuePriority=0, numThreadsPerEU=8, physicalEUSimdWidth=16, numEUsPerSubslice=8, numSubslicesPerSlice=4, numSlices=5, timerResolution=52, timestampValidBits=64, kernelTimestampValidBits=64, uuid={id=134}, name="Intel(R) Arc(TM) B570 Graphics"})
[2026-10-07 12:49:29.850] [thread-id: 131000611945664] [trace] zeMemAllocShared(hContext, device_desc, host_desc, size, alignment, hDevice, pptr)
[2026-10-07 12:49:29.851] [thread-id: 131000611945664] [trace] SUCCESS (ZE_RESULT_SUCCESS) in zeMemAllocShared(hContext=0x243b2738, device_desc={stype=0x7ffc1d3921f0, flags=0, ordinal=0}, host_desc={stype=0x7ffc1d3921d0, flags=0}, size=1, alignment=0, hDevice=0x2439bf28, pptr=0x7724e28b0000)
[2026-10-07 12:49:29.851] [thread-id: 131000611945664] [trace] zeMemGetAllocProperties(hContext, ptr, pMemAllocProperties, phDevice)
[2026-10-07 12:49:29.851] [thread-id: 131000611945664] [trace] SUCCESS (ZE_RESULT_SUCCESS) in zeMemGetAllocProperties(hContext=0x243b2738, ptr=0x7724e28b0000, pMemAllocProperties={stype=0x7ffc1d3921f0, type=0x7ffc1d392200, id=6, pageSize=65536}, phDevice=nullptr)
[2026-10-07 12:49:29.851] [thread-id: 131000611945664] [trace] zeMemFreeExt(hContext, pMemFreeDesc, ptr)
[2026-10-07 12:49:29.851] [thread-id: 131000611945664] [trace] SUCCESS (ZE_RESULT_SUCCESS) in zeMemFreeExt(hContext=0x243b2738, pMemFreeDesc={stype=0x7ffc1d3921d0, freePolicy=1}, ptr=0x7724e28b0000)
[2026-10-07 12:49:29.851] [thread-id: 131000611945664] [trace] zeMemAllocHost(hContext, host_desc, size, alignment, pptr)
[2026-10-07 12:49:29.851] [thread-id: 131000611945664] [trace] SUCCESS (ZE_RESULT_SUCCESS) in zeMemAllocHost(hContext=0x243b2738, host_desc={stype=0x7ffc1d3921f0, flags=0}, size=1, alignment=0, pptr=0x7724e27ffe00)
[2026-10-07 12:49:29.851] [thread-id: 131000611945664] [trace] zeMemGetAllocProperties(hContext, ptr, pMemAllocProperties, phDevice)
[2026-10-07 12:49:29.851] [thread-id: 131000611945664] [trace] SUCCESS (ZE_RESULT_SUCCESS) in zeMemGetAllocProperties(hContext=0x243b2738, ptr=0x7724e27ffe00, pMemAllocProperties={stype=0x7ffc1d3921f0, type=0x7ffc1d392200, id=1, pageSize=2097152}, phDevice=nullptr)
[2026-10-07 12:49:29.851] [thread-id: 131000611945664] [trace] zeMemFreeExt(hContext, pMemFreeDesc, ptr)
[2026-10-07 12:49:29.851] [thread-id: 131000611945664] [trace] SUCCESS (ZE_RESULT_SUCCESS) in zeMemFreeExt(hContext=0x243b2738, pMemFreeDesc={stype=0x7ffc1d3921d0, freePolicy=1}, ptr=0x7724e27ffe00)
[2026-10-07 12:49:29.851] [thread-id: 131000611945664] [trace] zeDeviceGetProperties(hDevice, pDeviceProperties)
[2026-10-07 12:49:29.851] [thread-id: 131000611945664] [trace] SUCCESS (ZE_RESULT_SUCCESS) in zeDeviceGetProperties(hDevice=0x2439bf28, pDeviceProperties={stype=0x7724e28bf068, type=0x7724e28bf078, vendorId=32902, deviceId=57868, flags=8, subdeviceId=0, coreClockRate=2750, maxMemAllocSize=10132807680, maxHardwareContexts=65536, maxCommandQueuePriority=0, numThreadsPerEU=8, physicalEUSimdWidth=16, numEUsPerSubslice=8, numSubslicesPerSlice=4, numSlices=5, timerResolution=52, timestampValidBits=64, kernelTimestampValidBits=64, uuid={id=134}, name="Intel(R) Arc(TM) B570 Graphics"})
[2026-10-07 12:49:29.851] [thread-id: 131000611945664] [trace] zeMemAllocDevice(hContext, device_desc, size, alignment, hDevice, pptr)
[2026-10-07 12:49:29.851] [thread-id: 131000611945664] [trace] SUCCESS (ZE_RESULT_SUCCESS) in zeMemAllocDevice(hContext=0x243b2738, device_desc={stype=0x7ffc1d3921b0, flags=0, ordinal=0}, size=1, alignment=0, hDevice=0x2439bf28, pptr=0xffffffffff9ffe00)
[2026-10-07 12:49:29.851] [thread-id: 131000611945664] [trace] zeContextMakeMemoryResident(hContext, hDevice, ptr, size)
[2026-10-07 12:49:29.851] [thread-id: 131000611945664] [trace] SUCCESS (ZE_RESULT_SUCCESS) in zeContextMakeMemoryResident(hContext=0x243b2738, hDevice=0x2439bf28, ptr=0xffffffffff9ffe00, size=1)
[2026-10-07 12:49:29.851] [thread-id: 131000611945664] [trace] zeMemGetAllocProperties(hContext, ptr, pMemAllocProperties, phDevice)
[2026-10-07 12:49:29.851] [thread-id: 131000611945664] [trace] SUCCESS (ZE_RESULT_SUCCESS) in zeMemGetAllocProperties(hContext=0x243b2738, ptr=0xffffffffff9ffe00, pMemAllocProperties={stype=0x7ffc1d3921f0, type=0x7ffc1d392200, id=3, pageSize=65536}, phDevice=nullptr)
[2026-10-07 12:49:29.851] [thread-id: 131000611945664] [trace] zeMemFreeExt(hContext, pMemFreeDesc, ptr)
[2026-10-07 12:49:29.852] [thread-id: 131000611945664] [trace] SUCCESS (ZE_RESULT_SUCCESS) in zeMemFreeExt(hContext=0x243b2738, pMemFreeDesc={stype=0x7ffc1d3921d0, freePolicy=1}, ptr=0xffffffffff9ffe00)
[2026-10-07 12:49:29.852] [thread-id: 131000611945664] [trace] zeDeviceGetProperties(hDevice, pDeviceProperties)
[2026-10-07 12:49:29.852] [thread-id: 131000611945664] [trace] SUCCESS (ZE_RESULT_SUCCESS) in zeDeviceGetProperties(hDevice=0x2439bf28, pDeviceProperties={stype=0x7724e28b2068, type=0x7724e28b2078, vendorId=32902, deviceId=57868, flags=8, subdeviceId=0, coreClockRate=2750, maxMemAllocSize=10132807680, maxHardwareContexts=65536, maxCommandQueuePriority=0, numThreadsPerEU=8, physicalEUSimdWidth=16, numEUsPerSubslice=8, numSubslicesPerSlice=4, numSlices=5, timerResolution=52, timestampValidBits=64, kernelTimestampValidBits=64, uuid={id=134}, name="Intel(R) Arc(TM) B570 Graphics"})
[2026-10-07 12:49:29.852] [thread-id: 131000611945664] [trace] zeMemAllocShared(hContext, device_desc, host_desc, size, alignment, hDevice, pptr)
[2026-10-07 12:49:29.852] [thread-id: 131000611945664] [trace] SUCCESS (ZE_RESULT_SUCCESS) in zeMemAllocShared(hContext=0x243b2738, device_desc={stype=0x7ffc1d3921f0, flags=0, ordinal=0}, host_desc={stype=0x7ffc1d3921d0, flags=0}, size=1, alignment=0, hDevice=0x2439bf28, pptr=0x7724e28a0000)
[2026-10-07 12:49:29.852] [thread-id: 131000611945664] [trace] zeMemGetAllocProperties(hContext, ptr, pMemAllocProperties, phDevice)
[2026-10-07 12:49:29.852] [thread-id: 131000611945664] [trace] SUCCESS (ZE_RESULT_SUCCESS) in zeMemGetAllocProperties(hContext=0x243b2738, ptr=0x7724e28a0000, pMemAllocProperties={stype=0x7ffc1d3921f0, type=0x7ffc1d392200, id=9, pageSize=65536}, phDevice=nullptr)
[2026-10-07 12:49:29.852] [thread-id: 131000611945664] [trace] zeMemFreeExt(hContext, pMemFreeDesc, ptr)
[2026-10-07 12:49:29.852] [thread-id: 131000611945664] [trace] SUCCESS (ZE_RESULT_SUCCESS) in zeMemFreeExt(hContext=0x243b2738, pMemFreeDesc={stype=0x7ffc1d3921d0, freePolicy=1}, ptr=0x7724e28a0000)
[2026-10-07 12:49:29.852] [thread-id: 131000611945664] [trace] zeDeviceGetProperties(hDevice, pDeviceProperties)
[2026-10-07 12:49:29.852] [thread-id: 131000611945664] [trace] SUCCESS (ZE_RESULT_SUCCESS) in zeDeviceGetProperties(hDevice=0x2439bf28, pDeviceProperties={stype=0x7724e28ae068, type=0x7724e28ae078, vendorId=32902, deviceId=57868, flags=8, subdeviceId=0, coreClockRate=2750, maxMemAllocSize=10132807680, maxHardwareContexts=65536, maxCommandQueuePriority=0, numThreadsPerEU=8, physicalEUSimdWidth=16, numEUsPerSubslice=8, numSubslicesPerSlice=4, numSlices=5, timerResolution=52, timestampValidBits=64, kernelTimestampValidBits=64, uuid={id=134}, name="Intel(R) Arc(TM) B570 Graphics"})
[2026-10-07 12:49:29.852] [thread-id: 131000611945664] [trace] zeMemAllocShared(hContext, device_desc, host_desc, size, alignment, hDevice, pptr)
[2026-10-07 12:49:29.852] [thread-id: 131000611945664] [trace] SUCCESS (ZE_RESULT_SUCCESS) in zeMemAllocShared(hContext=0x243b2738, device_desc={stype=0x7ffc1d3921f0, flags=0, ordinal=0}, host_desc={stype=0x7ffc1d3921d0, flags=0}, size=1, alignment=0, hDevice=0x2439bf28, pptr=0x7724e2890000)
[2026-10-07 12:49:29.852] [thread-id: 131000611945664] [trace] zeMemGetAllocProperties(hContext, ptr, pMemAllocProperties, phDevice)
[2026-10-07 12:49:29.852] [thread-id: 131000611945664] [trace] SUCCESS (ZE_RESULT_SUCCESS) in zeMemGetAllocProperties(hContext=0x243b2738, ptr=0x7724e2890000, pMemAllocProperties={stype=0x7ffc1d3921f0, type=0x7ffc1d392200, id=10, pageSize=65536}, phDevice=nullptr)
[2026-10-07 12:49:29.852] [thread-id: 131000611945664] [trace] zeMemFreeExt(hContext, pMemFreeDesc, ptr)
[2026-10-07 12:49:29.853] [thread-id: 131000611945664] [trace] SUCCESS (ZE_RESULT_SUCCESS) in zeMemFreeExt(hContext=0x243b2738, pMemFreeDesc={stype=0x7ffc1d3921d0, freePolicy=1}, ptr=0x7724e2890000)
   <--- urContextCreate(.DeviceCount = 1, .phDevices = 0x243b1ce0 {0x243b1040}, .pProperties = nullptr, .phContext = 0x243b3c40 (0x243b5b90)) -> UR_RESULT_SUCCESS;
   ---> urQueueCreate
<LEVEL_ZERO>[INFO]: Copy offload is disabled by the environment variable.
<LEVEL_ZERO>[DEBUG]: create command list ordinal: 0, type: immediate, device: 0x2439bf28, inOrder: 1
[2026-10-07 12:49:29.853] [thread-id: 131000611945664] [trace] zeCommandListCreateImmediate(hContext, hDevice, altdesc, phCommandList)
[2026-10-07 12:49:29.855] [thread-id: 131000611945664] [trace] SUCCESS (ZE_RESULT_SUCCESS) in zeCommandListCreateImmediate(hContext=0x243b2738, hDevice=0x2439bf28, altdesc={stype=0x7ffc1d3926f0, ordinal=0, index=0, flags=2, mode=0x7ffc1d39270c, priority=0x7ffc1d392710}, phCommandList=0x243b9d88)
[2026-10-07 12:49:29.855] [thread-id: 131000611945664] [trace] zeDriverGetExtensionFunctionAddress(hDriver, name, ppFunctionAddress)
[2026-10-07 12:49:29.855] [thread-id: 131000611945664] [trace] SUCCESS (ZE_RESULT_SUCCESS) in zeDriverGetExtensionFunctionAddress(hDriver=0x2439b9c8, name="zexCounterBasedEventCreate2", ppFunctionAddress=0x7724f0d88c00)
   <--- urQueueCreate(.hContext = 0x243b5b90, .hDevice = 0x243b1040, .pProperties = 0x7ffc1d392cd0 ((struct ur_queue_properties_t){.stype = UR_STRUCTURE_TYPE_QUEUE_PROPERTIES, .pNext = nullptr, .flags = 0}), .phQueue = 0x7ffc1d392ce8 (0x243b90a0)) -> UR_RESULT_SUCCESS;
   ---> urDeviceGetInfo
[2026-10-07 12:49:29.855] [thread-id: 131000611945664] [trace] zeDeviceGetMemoryAccessProperties(hDevice, pMemAccessProperties)
[2026-10-07 12:49:29.855] [thread-id: 131000611945664] [trace] SUCCESS (ZE_RESULT_SUCCESS) in zeDeviceGetMemoryAccessProperties(hDevice=0x2439bf28, pMemAccessProperties={stype=0x243b1420, hostAllocCapabilities=3, deviceAllocCapabilities=3, sharedSingleDeviceAllocCapabilities=3, sharedCrossDeviceAllocCapabilities=0, sharedSystemAllocCapabilities=15})
   <--- urDeviceGetInfo(.hDevice = 0x243b1040, .propName = UR_DEVICE_INFO_USM_DEVICE_SUPPORT, .propSize = 4, .pPropValue = 0x7ffc1d392b34 (UR_DEVICE_USM_ACCESS_CAPABILITY_FLAG_ACCESS | UR_DEVICE_USM_ACCESS_CAPABILITY_FLAG_ATOMIC_ACCESS), .pPropSizeRet = nullptr) -> UR_RESULT_SUCCESS;
   ---> urUSMDeviceAlloc
[2026-10-07 12:49:29.855] [thread-id: 131000611945664] [trace] zeMemAllocDevice(hContext, device_desc, size, alignment, hDevice, pptr)
[2026-10-07 12:49:29.855] [thread-id: 131000611945664] [trace] SUCCESS (ZE_RESULT_SUCCESS) in zeMemAllocDevice(hContext=0x243b2738, device_desc={stype=0x7ffc1d392740, flags=0, ordinal=0}, size=65536, alignment=0, hDevice=0x2439bf28, pptr=0xffffffffff600000)
[2026-10-07 12:49:29.855] [thread-id: 131000611945664] [trace] zeContextMakeMemoryResident(hContext, hDevice, ptr, size)
[2026-10-07 12:49:29.856] [thread-id: 131000611945664] [trace] SUCCESS (ZE_RESULT_SUCCESS) in zeContextMakeMemoryResident(hContext=0x243b2738, hDevice=0x2439bf28, ptr=0xffffffffff600000, size=65536)
   <--- urUSMDeviceAlloc(.hContext = 0x243b5b90, .hDevice = 0x243b1040, .pUSMDesc = 0x7ffc1d392ca0 ((struct ur_usm_desc_t){.stype = UR_STRUCTURE_TYPE_CONTEXT_PROPERTIES, .pNext = nullptr, .hints = 0, .align = 4}), .pool = nullptr, .size = 65536, .ppMem = 0x7ffc1d392cb8 (0xffffffffff600000)) -> UR_RESULT_SUCCESS;
   ---> urEnqueueUSMMemcpy
<LEVEL_ZERO>[DEBUG]: ze_event_pool_desc_t flags set to: 1
[2026-10-07 12:49:29.856] [thread-id: 131000611945664] [trace] zexCounterBasedEventCreate2(hContext, hDevice, desc, phEvent)
[2026-10-07 12:49:29.856] [thread-id: 131000611945664] [trace] SUCCESS (ZE_RESULT_SUCCESS) in zexCounterBasedEventCreate2(hContext=0x243b2738, hDevice=0x2439bf28, desc=0x7ffc1d3926f0, phEvent=0x243eaa68)
<LEVEL_ZERO>[DEBUG]: ze_event_pool_desc_t flags set to: 1
[2026-10-07 12:49:29.856] [thread-id: 131000611945664] [trace] zexCounterBasedEventCreate2(hContext, hDevice, desc, phEvent)
[2026-10-07 12:49:29.856] [thread-id: 131000611945664] [trace] SUCCESS (ZE_RESULT_SUCCESS) in zexCounterBasedEventCreate2(hContext=0x243b2738, hDevice=0x2439bf28, desc=0x7ffc1d3926f0, phEvent=0x243eae08)
<LEVEL_ZERO>[DEBUG]: ze_event_pool_desc_t flags set to: 1
[2026-10-07 12:49:29.856] [thread-id: 131000611945664] [trace] zexCounterBasedEventCreate2(hContext, hDevice, desc, phEvent)
[2026-10-07 12:49:29.856] [thread-id: 131000611945664] [trace] SUCCESS (ZE_RESULT_SUCCESS) in zexCounterBasedEventCreate2(hContext=0x243b2738, hDevice=0x2439bf28, desc=0x7ffc1d3926f0, phEvent=0x243eb528)
<LEVEL_ZERO>[DEBUG]: ze_event_pool_desc_t flags set to: 1
[2026-10-07 12:49:29.856] [thread-id: 131000611945664] [trace] zexCounterBasedEventCreate2(hContext, hDevice, desc, phEvent)
[2026-10-07 12:49:29.856] [thread-id: 131000611945664] [trace] SUCCESS (ZE_RESULT_SUCCESS) in zexCounterBasedEventCreate2(hContext=0x243b2738, hDevice=0x2439bf28, desc=0x7ffc1d3926f0, phEvent=0x243eba68)
<LEVEL_ZERO>[DEBUG]: ze_event_pool_desc_t flags set to: 1
[2026-10-07 12:49:29.856] [thread-id: 131000611945664] [trace] zexCounterBasedEventCreate2(hContext, hDevice, desc, phEvent)
[2026-10-07 12:49:29.856] [thread-id: 131000611945664] [trace] SUCCESS (ZE_RESULT_SUCCESS) in zexCounterBasedEventCreate2(hContext=0x243b2738, hDevice=0x2439bf28, desc=0x7ffc1d3926f0, phEvent=0x243ec168)
<LEVEL_ZERO>[DEBUG]: ze_event_pool_desc_t flags set to: 1
[2026-10-07 12:49:29.856] [thread-id: 131000611945664] [trace] zexCounterBasedEventCreate2(hContext, hDevice, desc, phEvent)
[2026-10-07 12:49:29.856] [thread-id: 131000611945664] [trace] SUCCESS (ZE_RESULT_SUCCESS) in zexCounterBasedEventCreate2(hContext=0x243b2738, hDevice=0x2439bf28, desc=0x7ffc1d3926f0, phEvent=0x243ec6c8)
<LEVEL_ZERO>[DEBUG]: ze_event_pool_desc_t flags set to: 1
[2026-10-07 12:49:29.856] [thread-id: 131000611945664] [trace] zexCounterBasedEventCreate2(hContext, hDevice, desc, phEvent)
[2026-10-07 12:49:29.856] [thread-id: 131000611945664] [trace] SUCCESS (ZE_RESULT_SUCCESS) in zexCounterBasedEventCreate2(hContext=0x243b2738, hDevice=0x2439bf28, desc=0x7ffc1d3926f0, phEvent=0x243ecdc8)
<LEVEL_ZERO>[DEBUG]: ze_event_pool_desc_t flags set to: 1
[2026-10-07 12:49:29.856] [thread-id: 131000611945664] [trace] zexCounterBasedEventCreate2(hContext, hDevice, desc, phEvent)
[2026-10-07 12:49:29.856] [thread-id: 131000611945664] [trace] SUCCESS (ZE_RESULT_SUCCESS) in zexCounterBasedEventCreate2(hContext=0x243b2738, hDevice=0x2439bf28, desc=0x7ffc1d3926f0, phEvent=0x243ed2d8)
<LEVEL_ZERO>[DEBUG]: ze_event_pool_desc_t flags set to: 1
[2026-10-07 12:49:29.856] [thread-id: 131000611945664] [trace] zexCounterBasedEventCreate2(hContext, hDevice, desc, phEvent)
[2026-10-07 12:49:29.856] [thread-id: 131000611945664] [trace] SUCCESS (ZE_RESULT_SUCCESS) in zexCounterBasedEventCreate2(hContext=0x243b2738, hDevice=0x2439bf28, desc=0x7ffc1d3926f0, phEvent=0x243ed9d8)
<LEVEL_ZERO>[DEBUG]: ze_event_pool_desc_t flags set to: 1
[2026-10-07 12:49:29.856] [thread-id: 131000611945664] [trace] zexCounterBasedEventCreate2(hContext, hDevice, desc, phEvent)
[2026-10-07 12:49:29.856] [thread-id: 131000611945664] [trace] SUCCESS (ZE_RESULT_SUCCESS) in zexCounterBasedEventCreate2(hContext=0x243b2738, hDevice=0x2439bf28, desc=0x7ffc1d3926f0, phEvent=0x243edee8)
<LEVEL_ZERO>[DEBUG]: ze_event_pool_desc_t flags set to: 1
[2026-10-07 12:49:29.856] [thread-id: 131000611945664] [trace] zexCounterBasedEventCreate2(hContext, hDevice, desc, phEvent)
[2026-10-07 12:49:29.856] [thread-id: 131000611945664] [trace] SUCCESS (ZE_RESULT_SUCCESS) in zexCounterBasedEventCreate2(hContext=0x243b2738, hDevice=0x2439bf28, desc=0x7ffc1d3926f0, phEvent=0x243ee5e8)
<LEVEL_ZERO>[DEBUG]: ze_event_pool_desc_t flags set to: 1
[2026-10-07 12:49:29.856] [thread-id: 131000611945664] [trace] zexCounterBasedEventCreate2(hContext, hDevice, desc, phEvent)
[2026-10-07 12:49:29.856] [thread-id: 131000611945664] [trace] SUCCESS (ZE_RESULT_SUCCESS) in zexCounterBasedEventCreate2(hContext=0x243b2738, hDevice=0x2439bf28, desc=0x7ffc1d3926f0, phEvent=0x243eeb98)
<LEVEL_ZERO>[DEBUG]: ze_event_pool_desc_t flags set to: 1
[2026-10-07 12:49:29.856] [thread-id: 131000611945664] [trace] zexCounterBasedEventCreate2(hContext, hDevice, desc, phEvent)
[2026-10-07 12:49:29.856] [thread-id: 131000611945664] [trace] SUCCESS (ZE_RESULT_SUCCESS) in zexCounterBasedEventCreate2(hContext=0x243b2738, hDevice=0x2439bf28, desc=0x7ffc1d3926f0, phEvent=0x243ef298)
<LEVEL_ZERO>[DEBUG]: ze_event_pool_desc_t flags set to: 1
[2026-10-07 12:49:29.856] [thread-id: 131000611945664] [trace] zexCounterBasedEventCreate2(hContext, hDevice, desc, phEvent)
[2026-10-07 12:49:29.856] [thread-id: 131000611945664] [trace] SUCCESS (ZE_RESULT_SUCCESS) in zexCounterBasedEventCreate2(hContext=0x243b2738, hDevice=0x2439bf28, desc=0x7ffc1d3926f0, phEvent=0x243ef7a8)
<LEVEL_ZERO>[DEBUG]: ze_event_pool_desc_t flags set to: 1
[2026-10-07 12:49:29.856] [thread-id: 131000611945664] [trace] zexCounterBasedEventCreate2(hContext, hDevice, desc, phEvent)
[2026-10-07 12:49:29.856] [thread-id: 131000611945664] [trace] SUCCESS (ZE_RESULT_SUCCESS) in zexCounterBasedEventCreate2(hContext=0x243b2738, hDevice=0x2439bf28, desc=0x7ffc1d3926f0, phEvent=0x243efea8)
<LEVEL_ZERO>[DEBUG]: ze_event_pool_desc_t flags set to: 1
[2026-10-07 12:49:29.856] [thread-id: 131000611945664] [trace] zexCounterBasedEventCreate2(hContext, hDevice, desc, phEvent)
[2026-10-07 12:49:29.856] [thread-id: 131000611945664] [trace] SUCCESS (ZE_RESULT_SUCCESS) in zexCounterBasedEventCreate2(hContext=0x243b2738, hDevice=0x2439bf28, desc=0x7ffc1d3926f0, phEvent=0x243f03b8)
<LEVEL_ZERO>[DEBUG]: ze_event_pool_desc_t flags set to: 1
[2026-10-07 12:49:29.856] [thread-id: 131000611945664] [trace] zexCounterBasedEventCreate2(hContext, hDevice, desc, phEvent)
[2026-10-07 12:49:29.856] [thread-id: 131000611945664] [trace] SUCCESS (ZE_RESULT_SUCCESS) in zexCounterBasedEventCreate2(hContext=0x243b2738, hDevice=0x2439bf28, desc=0x7ffc1d3926f0, phEvent=0x243f0ab8)
<LEVEL_ZERO>[DEBUG]: ze_event_pool_desc_t flags set to: 1
[2026-10-07 12:49:29.856] [thread-id: 131000611945664] [trace] zexCounterBasedEventCreate2(hContext, hDevice, desc, phEvent)
[2026-10-07 12:49:29.856] [thread-id: 131000611945664] [trace] SUCCESS (ZE_RESULT_SUCCESS) in zexCounterBasedEventCreate2(hContext=0x243b2738, hDevice=0x2439bf28, desc=0x7ffc1d3926f0, phEvent=0x243f10d8)
<LEVEL_ZERO>[DEBUG]: ze_event_pool_desc_t flags set to: 1
[2026-10-07 12:49:29.856] [thread-id: 131000611945664] [trace] zexCounterBasedEventCreate2(hContext, hDevice, desc, phEvent)
[2026-10-07 12:49:29.856] [thread-id: 131000611945664] [trace] SUCCESS (ZE_RESULT_SUCCESS) in zexCounterBasedEventCreate2(hContext=0x243b2738, hDevice=0x2439bf28, desc=0x7ffc1d3926f0, phEvent=0x243f17d8)
<LEVEL_ZERO>[DEBUG]: ze_event_pool_desc_t flags set to: 1
[2026-10-07 12:49:29.856] [thread-id: 131000611945664] [trace] zexCounterBasedEventCreate2(hContext, hDevice, desc, phEvent)
[2026-10-07 12:49:29.856] [thread-id: 131000611945664] [trace] SUCCESS (ZE_RESULT_SUCCESS) in zexCounterBasedEventCreate2(hContext=0x243b2738, hDevice=0x2439bf28, desc=0x7ffc1d3926f0, phEvent=0x243f1ce8)
<LEVEL_ZERO>[DEBUG]: ze_event_pool_desc_t flags set to: 1
[2026-10-07 12:49:29.856] [thread-id: 131000611945664] [trace] zexCounterBasedEventCreate2(hContext, hDevice, desc, phEvent)
[2026-10-07 12:49:29.856] [thread-id: 131000611945664] [trace] SUCCESS (ZE_RESULT_SUCCESS) in zexCounterBasedEventCreate2(hContext=0x243b2738, hDevice=0x2439bf28, desc=0x7ffc1d3926f0, phEvent=0x243f23e8)
<LEVEL_ZERO>[DEBUG]: ze_event_pool_desc_t flags set to: 1
[2026-10-07 12:49:29.856] [thread-id: 131000611945664] [trace] zexCounterBasedEventCreate2(hContext, hDevice, desc, phEvent)
[2026-10-07 12:49:29.856] [thread-id: 131000611945664] [trace] SUCCESS (ZE_RESULT_SUCCESS) in zexCounterBasedEventCreate2(hContext=0x243b2738, hDevice=0x2439bf28, desc=0x7ffc1d3926f0, phEvent=0x243f28f8)
<LEVEL_ZERO>[DEBUG]: ze_event_pool_desc_t flags set to: 1
[2026-10-07 12:49:29.856] [thread-id: 131000611945664] [trace] zexCounterBasedEventCreate2(hContext, hDevice, desc, phEvent)
[2026-10-07 12:49:29.856] [thread-id: 131000611945664] [trace] SUCCESS (ZE_RESULT_SUCCESS) in zexCounterBasedEventCreate2(hContext=0x243b2738, hDevice=0x2439bf28, desc=0x7ffc1d3926f0, phEvent=0x243f2ff8)
<LEVEL_ZERO>[DEBUG]: ze_event_pool_desc_t flags set to: 1
[2026-10-07 12:49:29.856] [thread-id: 131000611945664] [trace] zexCounterBasedEventCreate2(hContext, hDevice, desc, phEvent)
[2026-10-07 12:49:29.856] [thread-id: 131000611945664] [trace] SUCCESS (ZE_RESULT_SUCCESS) in zexCounterBasedEventCreate2(hContext=0x243b2738, hDevice=0x2439bf28, desc=0x7ffc1d3926f0, phEvent=0x243f3508)
<LEVEL_ZERO>[DEBUG]: ze_event_pool_desc_t flags set to: 1
[2026-10-07 12:49:29.856] [thread-id: 131000611945664] [trace] zexCounterBasedEventCreate2(hContext, hDevice, desc, phEvent)
[2026-10-07 12:49:29.856] [thread-id: 131000611945664] [trace] SUCCESS (ZE_RESULT_SUCCESS) in zexCounterBasedEventCreate2(hContext=0x243b2738, hDevice=0x2439bf28, desc=0x7ffc1d3926f0, phEvent=0x243f3d48)
<LEVEL_ZERO>[DEBUG]: ze_event_pool_desc_t flags set to: 1
[2026-10-07 12:49:29.856] [thread-id: 131000611945664] [trace] zexCounterBasedEventCreate2(hContext, hDevice, desc, phEvent)
[2026-10-07 12:49:29.856] [thread-id: 131000611945664] [trace] SUCCESS (ZE_RESULT_SUCCESS) in zexCounterBasedEventCreate2(hContext=0x243b2738, hDevice=0x2439bf28, desc=0x7ffc1d3926f0, phEvent=0x243f4258)
<LEVEL_ZERO>[DEBUG]: ze_event_pool_desc_t flags set to: 1
[2026-10-07 12:49:29.857] [thread-id: 131000611945664] [trace] zexCounterBasedEventCreate2(hContext, hDevice, desc, phEvent)
[2026-10-07 12:49:29.857] [thread-id: 131000611945664] [trace] SUCCESS (ZE_RESULT_SUCCESS) in zexCounterBasedEventCreate2(hContext=0x243b2738, hDevice=0x2439bf28, desc=0x7ffc1d3926f0, phEvent=0x243f4958)
<LEVEL_ZERO>[DEBUG]: ze_event_pool_desc_t flags set to: 1
[2026-10-07 12:49:29.857] [thread-id: 131000611945664] [trace] zexCounterBasedEventCreate2(hContext, hDevice, desc, phEvent)
[2026-10-07 12:49:29.857] [thread-id: 131000611945664] [trace] SUCCESS (ZE_RESULT_SUCCESS) in zexCounterBasedEventCreate2(hContext=0x243b2738, hDevice=0x2439bf28, desc=0x7ffc1d3926f0, phEvent=0x243f4e68)
<LEVEL_ZERO>[DEBUG]: ze_event_pool_desc_t flags set to: 1
[2026-10-07 12:49:29.857] [thread-id: 131000611945664] [trace] zexCounterBasedEventCreate2(hContext, hDevice, desc, phEvent)
[2026-10-07 12:49:29.857] [thread-id: 131000611945664] [trace] SUCCESS (ZE_RESULT_SUCCESS) in zexCounterBasedEventCreate2(hContext=0x243b2738, hDevice=0x2439bf28, desc=0x7ffc1d3926f0, phEvent=0x243f5568)
<LEVEL_ZERO>[DEBUG]: ze_event_pool_desc_t flags set to: 1
[2026-10-07 12:49:29.857] [thread-id: 131000611945664] [trace] zexCounterBasedEventCreate2(hContext, hDevice, desc, phEvent)
[2026-10-07 12:49:29.857] [thread-id: 131000611945664] [trace] SUCCESS (ZE_RESULT_SUCCESS) in zexCounterBasedEventCreate2(hContext=0x243b2738, hDevice=0x2439bf28, desc=0x7ffc1d3926f0, phEvent=0x243f5a78)
<LEVEL_ZERO>[DEBUG]: ze_event_pool_desc_t flags set to: 1
[2026-10-07 12:49:29.857] [thread-id: 131000611945664] [trace] zexCounterBasedEventCreate2(hContext, hDevice, desc, phEvent)
[2026-10-07 12:49:29.857] [thread-id: 131000611945664] [trace] SUCCESS (ZE_RESULT_SUCCESS) in zexCounterBasedEventCreate2(hContext=0x243b2738, hDevice=0x2439bf28, desc=0x7ffc1d3926f0, phEvent=0x243f6178)
<LEVEL_ZERO>[DEBUG]: ze_event_pool_desc_t flags set to: 1
[2026-10-07 12:49:29.857] [thread-id: 131000611945664] [trace] zexCounterBasedEventCreate2(hContext, hDevice, desc, phEvent)
[2026-10-07 12:49:29.857] [thread-id: 131000611945664] [trace] SUCCESS (ZE_RESULT_SUCCESS) in zexCounterBasedEventCreate2(hContext=0x243b2738, hDevice=0x2439bf28, desc=0x7ffc1d3926f0, phEvent=0x243f6688)
<LEVEL_ZERO>[DEBUG]: ze_event_pool_desc_t flags set to: 1
[2026-10-07 12:49:29.857] [thread-id: 131000611945664] [trace] zexCounterBasedEventCreate2(hContext, hDevice, desc, phEvent)
[2026-10-07 12:49:29.857] [thread-id: 131000611945664] [trace] SUCCESS (ZE_RESULT_SUCCESS) in zexCounterBasedEventCreate2(hContext=0x243b2738, hDevice=0x2439bf28, desc=0x7ffc1d3926f0, phEvent=0x243f6d88)
<LEVEL_ZERO>[DEBUG]: ze_event_pool_desc_t flags set to: 1
[2026-10-07 12:49:29.857] [thread-id: 131000611945664] [trace] zexCounterBasedEventCreate2(hContext, hDevice, desc, phEvent)
[2026-10-07 12:49:29.857] [thread-id: 131000611945664] [trace] SUCCESS (ZE_RESULT_SUCCESS) in zexCounterBasedEventCreate2(hContext=0x243b2738, hDevice=0x2439bf28, desc=0x7ffc1d3926f0, phEvent=0x243f74a8)
<LEVEL_ZERO>[DEBUG]: ze_event_pool_desc_t flags set to: 1
[2026-10-07 12:49:29.857] [thread-id: 131000611945664] [trace] zexCounterBasedEventCreate2(hContext, hDevice, desc, phEvent)
[2026-10-07 12:49:29.857] [thread-id: 131000611945664] [trace] SUCCESS (ZE_RESULT_SUCCESS) in zexCounterBasedEventCreate2(hContext=0x243b2738, hDevice=0x2439bf28, desc=0x7ffc1d3926f0, phEvent=0x243f7ba8)
<LEVEL_ZERO>[DEBUG]: ze_event_pool_desc_t flags set to: 1
[2026-10-07 12:49:29.857] [thread-id: 131000611945664] [trace] zexCounterBasedEventCreate2(hContext, hDevice, desc, phEvent)
[2026-10-07 12:49:29.857] [thread-id: 131000611945664] [trace] SUCCESS (ZE_RESULT_SUCCESS) in zexCounterBasedEventCreate2(hContext=0x243b2738, hDevice=0x2439bf28, desc=0x7ffc1d3926f0, phEvent=0x243f80b8)
<LEVEL_ZERO>[DEBUG]: ze_event_pool_desc_t flags set to: 1
[2026-10-07 12:49:29.857] [thread-id: 131000611945664] [trace] zexCounterBasedEventCreate2(hContext, hDevice, desc, phEvent)
[2026-10-07 12:49:29.857] [thread-id: 131000611945664] [trace] SUCCESS (ZE_RESULT_SUCCESS) in zexCounterBasedEventCreate2(hContext=0x243b2738, hDevice=0x2439bf28, desc=0x7ffc1d3926f0, phEvent=0x243f87b8)
<LEVEL_ZERO>[DEBUG]: ze_event_pool_desc_t flags set to: 1
[2026-10-07 12:49:29.857] [thread-id: 131000611945664] [trace] zexCounterBasedEventCreate2(hContext, hDevice, desc, phEvent)
[2026-10-07 12:49:29.857] [thread-id: 131000611945664] [trace] SUCCESS (ZE_RESULT_SUCCESS) in zexCounterBasedEventCreate2(hContext=0x243b2738, hDevice=0x2439bf28, desc=0x7ffc1d3926f0, phEvent=0x243f8cc8)
<LEVEL_ZERO>[DEBUG]: ze_event_pool_desc_t flags set to: 1
[2026-10-07 12:49:29.857] [thread-id: 131000611945664] [trace] zexCounterBasedEventCreate2(hContext, hDevice, desc, phEvent)
[2026-10-07 12:49:29.857] [thread-id: 131000611945664] [trace] SUCCESS (ZE_RESULT_SUCCESS) in zexCounterBasedEventCreate2(hContext=0x243b2738, hDevice=0x2439bf28, desc=0x7ffc1d3926f0, phEvent=0x243f93c8)
<LEVEL_ZERO>[DEBUG]: ze_event_pool_desc_t flags set to: 1
[2026-10-07 12:49:29.857] [thread-id: 131000611945664] [trace] zexCounterBasedEventCreate2(hContext, hDevice, desc, phEvent)
[2026-10-07 12:49:29.857] [thread-id: 131000611945664] [trace] SUCCESS (ZE_RESULT_SUCCESS) in zexCounterBasedEventCreate2(hContext=0x243b2738, hDevice=0x2439bf28, desc=0x7ffc1d3926f0, phEvent=0x243f98d8)
<LEVEL_ZERO>[DEBUG]: ze_event_pool_desc_t flags set to: 1
[2026-10-07 12:49:29.857] [thread-id: 131000611945664] [trace] zexCounterBasedEventCreate2(hContext, hDevice, desc, phEvent)
[2026-10-07 12:49:29.857] [thread-id: 131000611945664] [trace] SUCCESS (ZE_RESULT_SUCCESS) in zexCounterBasedEventCreate2(hContext=0x243b2738, hDevice=0x2439bf28, desc=0x7ffc1d3926f0, phEvent=0x243f9fd8)
<LEVEL_ZERO>[DEBUG]: ze_event_pool_desc_t flags set to: 1
[2026-10-07 12:49:29.857] [thread-id: 131000611945664] [trace] zexCounterBasedEventCreate2(hContext, hDevice, desc, phEvent)
[2026-10-07 12:49:29.857] [thread-id: 131000611945664] [trace] SUCCESS (ZE_RESULT_SUCCESS) in zexCounterBasedEventCreate2(hContext=0x243b2738, hDevice=0x2439bf28, desc=0x7ffc1d3926f0, phEvent=0x243fa4e8)
<LEVEL_ZERO>[DEBUG]: ze_event_pool_desc_t flags set to: 1
[2026-10-07 12:49:29.857] [thread-id: 131000611945664] [trace] zexCounterBasedEventCreate2(hContext, hDevice, desc, phEvent)
[2026-10-07 12:49:29.857] [thread-id: 131000611945664] [trace] SUCCESS (ZE_RESULT_SUCCESS) in zexCounterBasedEventCreate2(hContext=0x243b2738, hDevice=0x2439bf28, desc=0x7ffc1d3926f0, phEvent=0x243fabe8)
<LEVEL_ZERO>[DEBUG]: ze_event_pool_desc_t flags set to: 1
[2026-10-07 12:49:29.857] [thread-id: 131000611945664] [trace] zexCounterBasedEventCreate2(hContext, hDevice, desc, phEvent)
[2026-10-07 12:49:29.857] [thread-id: 131000611945664] [trace] SUCCESS (ZE_RESULT_SUCCESS) in zexCounterBasedEventCreate2(hContext=0x243b2738, hDevice=0x2439bf28, desc=0x7ffc1d3926f0, phEvent=0x243fb0f8)
<LEVEL_ZERO>[DEBUG]: ze_event_pool_desc_t flags set to: 1
[2026-10-07 12:49:29.857] [thread-id: 131000611945664] [trace] zexCounterBasedEventCreate2(hContext, hDevice, desc, phEvent)
[2026-10-07 12:49:29.857] [thread-id: 131000611945664] [trace] SUCCESS (ZE_RESULT_SUCCESS) in zexCounterBasedEventCreate2(hContext=0x243b2738, hDevice=0x2439bf28, desc=0x7ffc1d3926f0, phEvent=0x243fb7f8)
<LEVEL_ZERO>[DEBUG]: ze_event_pool_desc_t flags set to: 1
[2026-10-07 12:49:29.857] [thread-id: 131000611945664] [trace] zexCounterBasedEventCreate2(hContext, hDevice, desc, phEvent)
[2026-10-07 12:49:29.857] [thread-id: 131000611945664] [trace] SUCCESS (ZE_RESULT_SUCCESS) in zexCounterBasedEventCreate2(hContext=0x243b2738, hDevice=0x2439bf28, desc=0x7ffc1d3926f0, phEvent=0x243fbd08)
<LEVEL_ZERO>[DEBUG]: ze_event_pool_desc_t flags set to: 1
[2026-10-07 12:49:29.857] [thread-id: 131000611945664] [trace] zexCounterBasedEventCreate2(hContext, hDevice, desc, phEvent)
[2026-10-07 12:49:29.857] [thread-id: 131000611945664] [trace] SUCCESS (ZE_RESULT_SUCCESS) in zexCounterBasedEventCreate2(hContext=0x243b2738, hDevice=0x2439bf28, desc=0x7ffc1d3926f0, phEvent=0x243fc408)
<LEVEL_ZERO>[DEBUG]: ze_event_pool_desc_t flags set to: 1
[2026-10-07 12:49:29.857] [thread-id: 131000611945664] [trace] zexCounterBasedEventCreate2(hContext, hDevice, desc, phEvent)
[2026-10-07 12:49:29.857] [thread-id: 131000611945664] [trace] SUCCESS (ZE_RESULT_SUCCESS) in zexCounterBasedEventCreate2(hContext=0x243b2738, hDevice=0x2439bf28, desc=0x7ffc1d3926f0, phEvent=0x243fc918)
<LEVEL_ZERO>[DEBUG]: ze_event_pool_desc_t flags set to: 1
[2026-10-07 12:49:29.857] [thread-id: 131000611945664] [trace] zexCounterBasedEventCreate2(hContext, hDevice, desc, phEvent)
[2026-10-07 12:49:29.857] [thread-id: 131000611945664] [trace] SUCCESS (ZE_RESULT_SUCCESS) in zexCounterBasedEventCreate2(hContext=0x243b2738, hDevice=0x2439bf28, desc=0x7ffc1d3926f0, phEvent=0x243fd018)
<LEVEL_ZERO>[DEBUG]: ze_event_pool_desc_t flags set to: 1
[2026-10-07 12:49:29.857] [thread-id: 131000611945664] [trace] zexCounterBasedEventCreate2(hContext, hDevice, desc, phEvent)
[2026-10-07 12:49:29.857] [thread-id: 131000611945664] [trace] SUCCESS (ZE_RESULT_SUCCESS) in zexCounterBasedEventCreate2(hContext=0x243b2738, hDevice=0x2439bf28, desc=0x7ffc1d3926f0, phEvent=0x243fd528)
<LEVEL_ZERO>[DEBUG]: ze_event_pool_desc_t flags set to: 1
[2026-10-07 12:49:29.857] [thread-id: 131000611945664] [trace] zexCounterBasedEventCreate2(hContext, hDevice, desc, phEvent)
[2026-10-07 12:49:29.857] [thread-id: 131000611945664] [trace] SUCCESS (ZE_RESULT_SUCCESS) in zexCounterBasedEventCreate2(hContext=0x243b2738, hDevice=0x2439bf28, desc=0x7ffc1d3926f0, phEvent=0x243fdc28)
<LEVEL_ZERO>[DEBUG]: ze_event_pool_desc_t flags set to: 1
[2026-10-07 12:49:29.857] [thread-id: 131000611945664] [trace] zexCounterBasedEventCreate2(hContext, hDevice, desc, phEvent)
[2026-10-07 12:49:29.857] [thread-id: 131000611945664] [trace] SUCCESS (ZE_RESULT_SUCCESS) in zexCounterBasedEventCreate2(hContext=0x243b2738, hDevice=0x2439bf28, desc=0x7ffc1d3926f0, phEvent=0x243fe138)
<LEVEL_ZERO>[DEBUG]: ze_event_pool_desc_t flags set to: 1
[2026-10-07 12:49:29.857] [thread-id: 131000611945664] [trace] zexCounterBasedEventCreate2(hContext, hDevice, desc, phEvent)
[2026-10-07 12:49:29.857] [thread-id: 131000611945664] [trace] SUCCESS (ZE_RESULT_SUCCESS) in zexCounterBasedEventCreate2(hContext=0x243b2738, hDevice=0x2439bf28, desc=0x7ffc1d3926f0, phEvent=0x243feab8)
<LEVEL_ZERO>[DEBUG]: ze_event_pool_desc_t flags set to: 1
[2026-10-07 12:49:29.857] [thread-id: 131000611945664] [trace] zexCounterBasedEventCreate2(hContext, hDevice, desc, phEvent)
[2026-10-07 12:49:29.857] [thread-id: 131000611945664] [trace] SUCCESS (ZE_RESULT_SUCCESS) in zexCounterBasedEventCreate2(hContext=0x243b2738, hDevice=0x2439bf28, desc=0x7ffc1d3926f0, phEvent=0x243fefc8)
<LEVEL_ZERO>[DEBUG]: ze_event_pool_desc_t flags set to: 1
[2026-10-07 12:49:29.857] [thread-id: 131000611945664] [trace] zexCounterBasedEventCreate2(hContext, hDevice, desc, phEvent)
[2026-10-07 12:49:29.857] [thread-id: 131000611945664] [trace] SUCCESS (ZE_RESULT_SUCCESS) in zexCounterBasedEventCreate2(hContext=0x243b2738, hDevice=0x2439bf28, desc=0x7ffc1d3926f0, phEvent=0x243ff6c8)
<LEVEL_ZERO>[DEBUG]: ze_event_pool_desc_t flags set to: 1
[2026-10-07 12:49:29.857] [thread-id: 131000611945664] [trace] zexCounterBasedEventCreate2(hContext, hDevice, desc, phEvent)
[2026-10-07 12:49:29.857] [thread-id: 131000611945664] [trace] SUCCESS (ZE_RESULT_SUCCESS) in zexCounterBasedEventCreate2(hContext=0x243b2738, hDevice=0x2439bf28, desc=0x7ffc1d3926f0, phEvent=0x243ffbd8)
<LEVEL_ZERO>[DEBUG]: ze_event_pool_desc_t flags set to: 1
[2026-10-07 12:49:29.857] [thread-id: 131000611945664] [trace] zexCounterBasedEventCreate2(hContext, hDevice, desc, phEvent)
[2026-10-07 12:49:29.858] [thread-id: 131000611945664] [trace] SUCCESS (ZE_RESULT_SUCCESS) in zexCounterBasedEventCreate2(hContext=0x243b2738, hDevice=0x2439bf28, desc=0x7ffc1d3926f0, phEvent=0x244002d8)
<LEVEL_ZERO>[DEBUG]: ze_event_pool_desc_t flags set to: 1
[2026-10-07 12:49:29.858] [thread-id: 131000611945664] [trace] zexCounterBasedEventCreate2(hContext, hDevice, desc, phEvent)
[2026-10-07 12:49:29.858] [thread-id: 131000611945664] [trace] SUCCESS (ZE_RESULT_SUCCESS) in zexCounterBasedEventCreate2(hContext=0x243b2738, hDevice=0x2439bf28, desc=0x7ffc1d3926f0, phEvent=0x244007e8)
<LEVEL_ZERO>[DEBUG]: ze_event_pool_desc_t flags set to: 1
[2026-10-07 12:49:29.858] [thread-id: 131000611945664] [trace] zexCounterBasedEventCreate2(hContext, hDevice, desc, phEvent)
[2026-10-07 12:49:29.858] [thread-id: 131000611945664] [trace] SUCCESS (ZE_RESULT_SUCCESS) in zexCounterBasedEventCreate2(hContext=0x243b2738, hDevice=0x2439bf28, desc=0x7ffc1d3926f0, phEvent=0x24400ee8)
<LEVEL_ZERO>[DEBUG]: ze_event_pool_desc_t flags set to: 1
[2026-10-07 12:49:29.858] [thread-id: 131000611945664] [trace] zexCounterBasedEventCreate2(hContext, hDevice, desc, phEvent)
[2026-10-07 12:49:29.858] [thread-id: 131000611945664] [trace] SUCCESS (ZE_RESULT_SUCCESS) in zexCounterBasedEventCreate2(hContext=0x243b2738, hDevice=0x2439bf28, desc=0x7ffc1d3926f0, phEvent=0x244013f8)
<LEVEL_ZERO>[DEBUG]: ze_event_pool_desc_t flags set to: 1
[2026-10-07 12:49:29.858] [thread-id: 131000611945664] [trace] zexCounterBasedEventCreate2(hContext, hDevice, desc, phEvent)
[2026-10-07 12:49:29.858] [thread-id: 131000611945664] [trace] SUCCESS (ZE_RESULT_SUCCESS) in zexCounterBasedEventCreate2(hContext=0x243b2738, hDevice=0x2439bf28, desc=0x7ffc1d3926f0, phEvent=0x24401af8)
<LEVEL_ZERO>[DEBUG]: ze_event_pool_desc_t flags set to: 1
[2026-10-07 12:49:29.858] [thread-id: 131000611945664] [trace] zexCounterBasedEventCreate2(hContext, hDevice, desc, phEvent)
[2026-10-07 12:49:29.858] [thread-id: 131000611945664] [trace] SUCCESS (ZE_RESULT_SUCCESS) in zexCounterBasedEventCreate2(hContext=0x243b2738, hDevice=0x2439bf28, desc=0x7ffc1d3926f0, phEvent=0x24402008)
<LEVEL_ZERO>[DEBUG]: ze_event_pool_desc_t flags set to: 1
[2026-10-07 12:49:29.858] [thread-id: 131000611945664] [trace] zexCounterBasedEventCreate2(hContext, hDevice, desc, phEvent)
[2026-10-07 12:49:29.858] [thread-id: 131000611945664] [trace] SUCCESS (ZE_RESULT_SUCCESS) in zexCounterBasedEventCreate2(hContext=0x243b2738, hDevice=0x2439bf28, desc=0x7ffc1d3926f0, phEvent=0x24402708)
<LEVEL_ZERO>[DEBUG]: ze_event_pool_desc_t flags set to: 1
[2026-10-07 12:49:29.858] [thread-id: 131000611945664] [trace] zexCounterBasedEventCreate2(hContext, hDevice, desc, phEvent)
[2026-10-07 12:49:29.858] [thread-id: 131000611945664] [trace] SUCCESS (ZE_RESULT_SUCCESS) in zexCounterBasedEventCreate2(hContext=0x243b2738, hDevice=0x2439bf28, desc=0x7ffc1d3926f0, phEvent=0x24402c18)
[2026-10-07 12:49:29.858] [thread-id: 131000611945664] [trace] zeCommandListAppendMemoryCopy(hCommandList, dstptr, srcptr, size, hSignalEvent, numWaitEvents, phWaitEventsLocal)
[2026-10-07 12:49:29.861] [thread-id: 131000611945664] [trace] SUCCESS (ZE_RESULT_SUCCESS) in zeCommandListAppendMemoryCopy(hCommandList=0x243b9d88, dstptr=0xffffffffff600000, srcptr=0x243ca8a0, size=65536, hSignalEvent=0x24402c18, numWaitEvents=0, phWaitEvents=nullptr)
   <--- urEnqueueUSMMemcpy(.hQueue = 0x243b90a0, .blocking = 0, .pDst = 0xffffffffff600000, .pSrc = 0x243ca8a0, .size = 65536, .numEventsInWaitList = 0, .phEventWaitList = nullptr, .phEvent = 0x7ffc1d392cf0 (0x24402600)) -> UR_RESULT_SUCCESS;
   ---> urEventWait
[2026-10-07 12:49:29.861] [thread-id: 131000611945664] [trace] zeEventHostSynchronize(hEvent, timeout)
[2026-10-07 12:49:29.861] [thread-id: 131000611945664] [trace] SUCCESS (ZE_RESULT_SUCCESS) in zeEventHostSynchronize(hEvent=0x24402c18, timeout=18446744073709551615)
   <--- urEventWait(.numEvents = 1, .phEventWaitList = 0x7ffc1d392d40 {0x24402600}) -> UR_RESULT_SUCCESS;
   ---> urEventRelease
   <--- urEventRelease(.hEvent = 0x24402600) -> UR_RESULT_SUCCESS;
   ---> urDeviceGetInfo
[2026-10-07 12:49:29.861] [thread-id: 131000611945664] [trace] zeDeviceGetComputeProperties(hDevice, pComputeProperties)
[2026-10-07 12:49:29.861] [thread-id: 131000611945664] [trace] SUCCESS (ZE_RESULT_SUCCESS) in zeDeviceGetComputeProperties(hDevice=0x2439bf28, pComputeProperties={stype=0x243b1280, maxTotalGroupSize=1024, maxGroupSizeX=1024, maxGroupSizeY=1024, maxGroupSizeZ=1024, maxGroupCountX=4294967295, maxGroupCountY=4294967295, maxGroupCountZ=4294967295, maxSharedLocalMemory=131072, numSubGroupSizes=2, subGroupSizes=16})
   <--- urDeviceGetInfo(.hDevice = 0x243b1040, .propName = UR_DEVICE_INFO_MAX_WORK_GROUPS_3D, .propSize = 24, .pPropValue = {4294967295, 4294967295, 4294967295}, .pPropSizeRet = nullptr) -> UR_RESULT_SUCCESS;
   ---> urDeviceSelectBinary
   <--- urDeviceSelectBinary(.hDevice = 0x243b1040, .pBinaries = 0x2442ba50 ((struct ur_device_binary_t){.stype = UR_STRUCTURE_TYPE_CONTEXT_PROPERTIES, .pNext = nullptr, .pDeviceTargetSpec = 0x7724f7d083c0 (spir64)}), .NumBinaries = 1, .pSelectedBinary = 0x7ffc1d39224c (0)) -> UR_RESULT_SUCCESS;
   ---> urPlatformGetBackendOption
   <--- urPlatformGetBackendOption(.hPlatform = 0x243af810, .pFrontendOption = 0x7ffc1d391d58 (-O2), .ppPlatformOption = 0x7ffc1d391d28 (0x7724f4d76975 (-ze-opt-level=2))) -> UR_RESULT_SUCCESS;
   ---> urDeviceGetInfo
   <--- urDeviceGetInfo(.hDevice = 0x243b1040, .propName = UR_DEVICE_INFO_VENDOR_ID, .propSize = 4, .pPropValue = 0x7ffc1d391ca8 (32902), .pPropSizeRet = nullptr) -> UR_RESULT_SUCCESS;
   ---> urDeviceGetInfo
   <--- urDeviceGetInfo(.hDevice = 0x243b1040, .propName = UR_DEVICE_INFO_DEVICE_ID, .propSize = 0, .pPropValue = nullptr, .pPropSizeRet = 0x7ffc1d391b30 (4)) -> UR_RESULT_SUCCESS;
   ---> urDeviceGetInfo
   <--- urDeviceGetInfo(.hDevice = 0x243b1040, .propName = UR_DEVICE_INFO_DEVICE_ID, .propSize = 4, .pPropValue = 0x7ffc1d391c78 (57868), .pPropSizeRet = nullptr) -> UR_RESULT_SUCCESS;
   ---> urDeviceGetInfo
   <--- urDeviceGetInfo(.hDevice = 0x243b1040, .propName = UR_DEVICE_INFO_COMPILER_AVAILABLE, .propSize = 1, .pPropValue = 0x7ffc1d391d10 (true), .pPropSizeRet = nullptr) -> UR_RESULT_SUCCESS;
   ---> urProgramCreateWithIL
   <--- urProgramCreateWithIL(.hContext = 0x243b5b90, .pIL = 0x415b20, .length = 2080, .pProperties = nullptr, .phProgram = 0x7ffc1d391e30 (0x243f3a10)) -> UR_RESULT_SUCCESS;
   ---> urProgramBuildExp
[2026-10-07 12:49:29.861] [thread-id: 131000611945664] [trace] zeModuleCreate(hContext, hDevice, desc, phModule, phBuildLog)
[2026-10-07 12:49:29.862] [thread-id: 131000611945664] [trace] SUCCESS (ZE_RESULT_SUCCESS) in zeModuleCreate(hContext=0x243b2738, hDevice=0x2439bf28, desc={stype=0x7ffc1d391ab0, format=0x7ffc1d391ac0, inputSize=2080, pInputModule=3, pBuildFlags=" -ze-opt-level=2", pConstants={numConstants=0, pConstantIds=nullptr, pConstantValues=nullptr}}, phModule=0x24406d18, phBuildLog=0x2442c818)
[2026-10-07 12:49:29.862] [thread-id: 131000611945664] [trace] zeModuleGetProperties(hModule, pModuleProperties)
[2026-10-07 12:49:29.862] [thread-id: 131000611945664] [trace] SUCCESS (ZE_RESULT_SUCCESS) in zeModuleGetProperties(hModule=0x24406d18, pModuleProperties={stype=0x7ffc1d391a20, flags=0})
   <--- urProgramBuildExp(.hProgram = 0x243f3a10, .numDevices = 1, .phDevices = 0x2442ba50 {0x243b1040}, .flags = 0, .pOptions = 0x2442ba70 ( -ze-opt-level=2)) -> UR_RESULT_SUCCESS;
   ---> urProgramRetain
   <--- urProgramRetain(.hProgram = 0x243f3a10) -> UR_RESULT_SUCCESS;
   ---> urKernelCreate
[2026-10-07 12:49:29.862] [thread-id: 131000611945664] [trace] zeKernelCreate(hModule, desc, phKernel)
[2026-10-07 12:49:29.862] [thread-id: 131000611945664] [trace] SUCCESS (ZE_RESULT_SUCCESS) in zeKernelCreate(hModule=0x24406d18, desc={stype=0x7ffc1d392140, flags=0, pKernelName="_ZTSZ4mainEUlN4sycl3_V12idILi1EEEE_"}, phKernel=0x24443748)
[2026-10-07 12:49:29.862] [thread-id: 131000611945664] [trace] zeKernelGetName(hKernel, pSize, pName)
[2026-10-07 12:49:29.862] [thread-id: 131000611945664] [trace] SUCCESS (ZE_RESULT_SUCCESS) in zeKernelGetName(hKernel=0x24443748, pSize=36, pName=nullptr)
[2026-10-07 12:49:29.862] [thread-id: 131000611945664] [trace] zeKernelGetName(hKernel, pSize, pName)
[2026-10-07 12:49:29.862] [thread-id: 131000611945664] [trace] SUCCESS (ZE_RESULT_SUCCESS) in zeKernelGetName(hKernel=0x24443748, pSize=36, pName="_ZTSZ4mainEUlN4sycl3_V12idILi1EEEE_")
[2026-10-07 12:49:29.862] [thread-id: 131000611945664] [trace] zeKernelGetProperties(hKernel, pKernelProperties)
[2026-10-07 12:49:29.863] [thread-id: 131000611945664] [trace] SUCCESS (ZE_RESULT_SUCCESS) in zeKernelGetProperties(hKernel=0x24443748, pKernelProperties={stype=0x24424b48, numKernelArgs=1, requiredGroupSizeX=0, requiredGroupSizeY=0, requiredGroupSizeZ=0, requiredNumSubGroups=0, requiredSubgroupSize=0, maxSubgroupSize=32, maxNumSubgroups=32, localMemSize=0, privateMemSize=0, spillMemSize=0, uuid={kid=0, mid=0}})
   <--- urKernelCreate(.hProgram = 0x243f3a10, .pKernelName = 0x4131d2 (_ZTSZ4mainEUlN4sycl3_V12idILi1EEEE_), .phKernel = 0x7ffc1d392460 (0x2443ed40)) -> UR_RESULT_SUCCESS;
   ---> urKernelSetExecInfo
[2026-10-07 12:49:29.863] [thread-id: 131000611945664] [trace] zeKernelSetIndirectAccess(hKernel, flags)
[2026-10-07 12:49:29.863] [thread-id: 131000611945664] [trace] SUCCESS (ZE_RESULT_SUCCESS) in zeKernelSetIndirectAccess(hKernel=0x24443748, flags=7)
   <--- urKernelSetExecInfo(.hKernel = 0x2443ed40, .propName = UR_KERNEL_EXEC_INFO_USM_INDIRECT_ACCESS, .propSize = 1, .pProperties = nullptr, .pPropValue = 0x7ffc1d39245f (true)) -> UR_RESULT_SUCCESS;
   ---> urKernelRetain
   <--- urKernelRetain(.hKernel = 0x2443ed40) -> UR_RESULT_SUCCESS;
   ---> urKernelGetGroupInfo
   <--- urKernelGetGroupInfo(.hKernel = 0x2443ed40, .hDevice = 0x243b1040, .propName = UR_KERNEL_GROUP_INFO_COMPILE_WORK_GROUP_SIZE, .propSize = 24, .pPropValue = {0, 0, 0}, .pPropSizeRet = nullptr) -> UR_RESULT_SUCCESS;
   ---> urEnqueueKernelLaunchWithArgsExp
[2026-10-07 12:49:29.863] [thread-id: 131000611945664] [trace] zeKernelSuggestGroupSize(hKernel, globalSizeX, globalSizeY, globalSizeZ, groupSizeX, groupSizeY, groupSizeZ)
[2026-10-07 12:49:29.863] [thread-id: 131000611945664] [trace] SUCCESS (ZE_RESULT_SUCCESS) in zeKernelSuggestGroupSize(hKernel=0x24443748, globalSizeX=16384, globalSizeY=1, globalSizeZ=1, groupSizeX=1024, groupSizeY=1, groupSizeZ=1)
[2026-10-07 12:49:29.863] [thread-id: 131000611945664] [trace] zeKernelSetGroupSize(hKernel, groupSizeX, groupSizeY, groupSizeZ)
[2026-10-07 12:49:29.863] [thread-id: 131000611945664] [trace] SUCCESS (ZE_RESULT_SUCCESS) in zeKernelSetGroupSize(hKernel=0x24443748, groupSizeX=1024, groupSizeY=1, groupSizeZ=1)
[2026-10-07 12:49:29.863] [thread-id: 131000611945664] [trace] zeCommandListAppendLaunchKernelWithArguments(hCommandList, hKernel, groupCounts, groupSizes, pArguments, pNext, hSignalEvent, numWaitEvents, phWaitEventsLocal)
[2026-10-07 12:49:29.864] [thread-id: 131000611945664] [trace] SUCCESS (ZE_RESULT_SUCCESS) in zeCommandListAppendLaunchKernelWithArguments(hCommandList=0x243b9d88, hKernel=0x24443748, groupCounts={groupCountX=16, groupCountY=1, groupCountZ=1}, groupSizes={groupSizeX=1024, groupSizeY=1, groupSizeZ=1}, pArguments=0x24443e90, pNext=nullptr, hSignalEvent=0x24402c18, numWaitEvents=0, phWaitEvents=nullptr)
   <--- urEnqueueKernelLaunchWithArgsExp(.hQueue = 0x243b90a0, .hKernel = 0x2443ed40, .workDim = 1, .pGlobalWorkOffset = nullptr, .pGlobalWorkSize = 0x7ffc1d392c20 (16384), .pLocalWorkSize = nullptr, .numArgs = 1, .pArgs = 0x2443f8d0 {(struct ur_exp_kernel_arg_properties_t){.stype = UR_STRUCTURE_TYPE_EXP_KERNEL_ARG_PROPERTIES, .pNext = nullptr, .type = UR_EXP_KERNEL_ARG_TYPE_POINTER, .index = 0, .size = 8, .value = (union ur_exp_kernel_arg_value_t){.pointer = 0xffffffffff600000}}}, .launchPropList = nullptr, .numEventsInWaitList = 0, .phEventWaitList = nullptr, .phEvent = 0x7ffc1d392640 (0x24402600)) -> UR_RESULT_SUCCESS;
   ---> urEventWait
[2026-10-07 12:49:29.864] [thread-id: 131000611945664] [trace] zeEventHostSynchronize(hEvent, timeout)
[2026-10-07 12:49:29.864] [thread-id: 131000611945664] [trace] SUCCESS (ZE_RESULT_SUCCESS) in zeEventHostSynchronize(hEvent=0x24402c18, timeout=18446744073709551615)
   <--- urEventWait(.numEvents = 1, .phEventWaitList = 0x7ffc1d392d40 {0x24402600}) -> UR_RESULT_SUCCESS;
   ---> urEventRelease
   <--- urEventRelease(.hEvent = 0x24402600) -> UR_RESULT_SUCCESS;
   ---> urEnqueueUSMMemcpy
[2026-10-07 12:49:29.864] [thread-id: 131000611945664] [trace] zeCommandListAppendMemoryCopy(hCommandList, dstptr, srcptr, size, hSignalEvent, numWaitEvents, phWaitEventsLocal)
[2026-10-07 12:49:29.864] [thread-id: 131000611945664] [trace] SUCCESS (ZE_RESULT_SUCCESS) in zeCommandListAppendMemoryCopy(hCommandList=0x243b9d88, dstptr=0x243da8b0, srcptr=0xffffffffff600000, size=65536, hSignalEvent=0x24402c18, numWaitEvents=0, phWaitEvents=nullptr)
   <--- urEnqueueUSMMemcpy(.hQueue = 0x243b90a0, .blocking = 0, .pDst = 0x243da8b0, .pSrc = 0xffffffffff600000, .size = 65536, .numEventsInWaitList = 0, .phEventWaitList = nullptr, .phEvent = 0x7ffc1d392cf0 (0x24402600)) -> UR_RESULT_SUCCESS;
   ---> urEventWait
[2026-10-07 12:49:29.864] [thread-id: 131000611945664] [trace] zeEventHostSynchronize(hEvent, timeout)
[2026-10-07 12:49:29.864] [thread-id: 131000611945664] [trace] SUCCESS (ZE_RESULT_SUCCESS) in zeEventHostSynchronize(hEvent=0x24402c18, timeout=18446744073709551615)
   <--- urEventWait(.numEvents = 1, .phEventWaitList = 0x7ffc1d392d40 {0x24402600}) -> UR_RESULT_SUCCESS;
   ---> urEventRelease
   <--- urEventRelease(.hEvent = 0x24402600) -> UR_RESULT_SUCCESS;
   ---> urEnqueueUSMMemcpy
[2026-10-07 12:49:29.864] [thread-id: 131000611945664] [trace] zeCommandListAppendMemoryCopy(hCommandList, dstptr, srcptr, size, hSignalEvent, numWaitEvents, phWaitEventsLocal)
[2026-10-07 12:49:29.864] [thread-id: 131000611945664] [trace] SUCCESS (ZE_RESULT_SUCCESS) in zeCommandListAppendMemoryCopy(hCommandList=0x243b9d88, dstptr=0xffffffffff600000, srcptr=0x243ca8a0, size=65536, hSignalEvent=0x24402c18, numWaitEvents=0, phWaitEvents=nullptr)
   <--- urEnqueueUSMMemcpy(.hQueue = 0x243b90a0, .blocking = 0, .pDst = 0xffffffffff600000, .pSrc = 0x243ca8a0, .size = 65536, .numEventsInWaitList = 0, .phEventWaitList = nullptr, .phEvent = 0x7ffc1d392cf0 (0x24402600)) -> UR_RESULT_SUCCESS;
   ---> urEventWait
[2026-10-07 12:49:29.864] [thread-id: 131000611945664] [trace] zeEventHostSynchronize(hEvent, timeout)
[2026-10-07 12:49:29.864] [thread-id: 131000611945664] [trace] SUCCESS (ZE_RESULT_SUCCESS) in zeEventHostSynchronize(hEvent=0x24402c18, timeout=18446744073709551615)
   <--- urEventWait(.numEvents = 1, .phEventWaitList = 0x7ffc1d392d40 {0x24402600}) -> UR_RESULT_SUCCESS;
   ---> urEventRelease
   <--- urEventRelease(.hEvent = 0x24402600) -> UR_RESULT_SUCCESS;
   ---> urDeviceGetInfo
   <--- urDeviceGetInfo(.hDevice = 0x243b1040, .propName = UR_DEVICE_INFO_MAX_WORK_GROUPS_3D, .propSize = 24, .pPropValue = {4294967295, 4294967295, 4294967295}, .pPropSizeRet = nullptr) -> UR_RESULT_SUCCESS;
   ---> urKernelGetGroupInfo
   <--- urKernelGetGroupInfo(.hKernel = 0x2443ed40, .hDevice = 0x243b1040, .propName = UR_KERNEL_GROUP_INFO_COMPILE_WORK_GROUP_SIZE, .propSize = 24, .pPropValue = {0, 0, 0}, .pPropSizeRet = nullptr) -> UR_RESULT_SUCCESS;
   ---> urEnqueueKernelLaunchWithArgsExp
[2026-10-07 12:49:29.864] [thread-id: 131000611945664] [trace] zeKernelSuggestGroupSize(hKernel, globalSizeX, globalSizeY, globalSizeZ, groupSizeX, groupSizeY, groupSizeZ)
[2026-10-07 12:49:29.864] [thread-id: 131000611945664] [trace] SUCCESS (ZE_RESULT_SUCCESS) in zeKernelSuggestGroupSize(hKernel=0x24443748, globalSizeX=16384, globalSizeY=1, globalSizeZ=1, groupSizeX=1024, groupSizeY=1, groupSizeZ=1)
[2026-10-07 12:49:29.864] [thread-id: 131000611945664] [trace] zeKernelSetGroupSize(hKernel, groupSizeX, groupSizeY, groupSizeZ)
[2026-10-07 12:49:29.864] [thread-id: 131000611945664] [trace] SUCCESS (ZE_RESULT_SUCCESS) in zeKernelSetGroupSize(hKernel=0x24443748, groupSizeX=1024, groupSizeY=1, groupSizeZ=1)
[2026-10-07 12:49:29.864] [thread-id: 131000611945664] [trace] zeCommandListAppendLaunchKernelWithArguments(hCommandList, hKernel, groupCounts, groupSizes, pArguments, pNext, hSignalEvent, numWaitEvents, phWaitEventsLocal)
[2026-10-07 12:49:29.864] [thread-id: 131000611945664] [trace] SUCCESS (ZE_RESULT_SUCCESS) in zeCommandListAppendLaunchKernelWithArguments(hCommandList=0x243b9d88, hKernel=0x24443748, groupCounts={groupCountX=16, groupCountY=1, groupCountZ=1}, groupSizes={groupSizeX=1024, groupSizeY=1, groupSizeZ=1}, pArguments=0x24443e90, pNext=nullptr, hSignalEvent=0x24402c18, numWaitEvents=0, phWaitEvents=nullptr)
   <--- urEnqueueKernelLaunchWithArgsExp(.hQueue = 0x243b90a0, .hKernel = 0x2443ed40, .workDim = 1, .pGlobalWorkOffset = nullptr, .pGlobalWorkSize = 0x7ffc1d392c20 (16384), .pLocalWorkSize = nullptr, .numArgs = 1, .pArgs = 0x2443f8d0 {(struct ur_exp_kernel_arg_properties_t){.stype = UR_STRUCTURE_TYPE_EXP_KERNEL_ARG_PROPERTIES, .pNext = nullptr, .type = UR_EXP_KERNEL_ARG_TYPE_POINTER, .index = 0, .size = 8, .value = (union ur_exp_kernel_arg_value_t){.pointer = 0xffffffffff600000}}}, .launchPropList = nullptr, .numEventsInWaitList = 0, .phEventWaitList = nullptr, .phEvent = 0x7ffc1d392640 (0x24402600)) -> UR_RESULT_SUCCESS;
   ---> urEventWait
[2026-10-07 12:49:29.864] [thread-id: 131000611945664] [trace] zeEventHostSynchronize(hEvent, timeout)
[2026-10-07 12:49:29.864] [thread-id: 131000611945664] [trace] SUCCESS (ZE_RESULT_SUCCESS) in zeEventHostSynchronize(hEvent=0x24402c18, timeout=18446744073709551615)
   <--- urEventWait(.numEvents = 1, .phEventWaitList = 0x7ffc1d392d40 {0x24402600}) -> UR_RESULT_SUCCESS;
   ---> urEventRelease
   <--- urEventRelease(.hEvent = 0x24402600) -> UR_RESULT_SUCCESS;
   ---> urEnqueueUSMMemcpy
[2026-10-07 12:49:29.864] [thread-id: 131000611945664] [trace] zeCommandListAppendMemoryCopy(hCommandList, dstptr, srcptr, size, hSignalEvent, numWaitEvents, phWaitEventsLocal)
[2026-10-07 12:49:29.864] [thread-id: 131000611945664] [trace] SUCCESS (ZE_RESULT_SUCCESS) in zeCommandListAppendMemoryCopy(hCommandList=0x243b9d88, dstptr=0x243da8b0, srcptr=0xffffffffff600000, size=65536, hSignalEvent=0x24402c18, numWaitEvents=0, phWaitEvents=nullptr)
   <--- urEnqueueUSMMemcpy(.hQueue = 0x243b90a0, .blocking = 0, .pDst = 0x243da8b0, .pSrc = 0xffffffffff600000, .size = 65536, .numEventsInWaitList = 0, .phEventWaitList = nullptr, .phEvent = 0x7ffc1d392cf0 (0x24402600)) -> UR_RESULT_SUCCESS;
   ---> urEventWait
[2026-10-07 12:49:29.865] [thread-id: 131000611945664] [trace] zeEventHostSynchronize(hEvent, timeout)
[2026-10-07 12:49:29.865] [thread-id: 131000611945664] [trace] SUCCESS (ZE_RESULT_SUCCESS) in zeEventHostSynchronize(hEvent=0x24402c18, timeout=18446744073709551615)
   <--- urEventWait(.numEvents = 1, .phEventWaitList = 0x7ffc1d392d40 {0x24402600}) -> UR_RESULT_SUCCESS;
   ---> urEventRelease
   <--- urEventRelease(.hEvent = 0x24402600) -> UR_RESULT_SUCCESS;
   ---> urEnqueueUSMMemcpy
[2026-10-07 12:49:29.865] [thread-id: 131000611945664] [trace] zeCommandListAppendMemoryCopy(hCommandList, dstptr, srcptr, size, hSignalEvent, numWaitEvents, phWaitEventsLocal)
[2026-10-07 12:49:29.865] [thread-id: 131000611945664] [trace] SUCCESS (ZE_RESULT_SUCCESS) in zeCommandListAppendMemoryCopy(hCommandList=0x243b9d88, dstptr=0xffffffffff600000, srcptr=0x243ca8a0, size=65536, hSignalEvent=0x24402c18, numWaitEvents=0, phWaitEvents=nullptr)
   <--- urEnqueueUSMMemcpy(.hQueue = 0x243b90a0, .blocking = 0, .pDst = 0xffffffffff600000, .pSrc = 0x243ca8a0, .size = 65536, .numEventsInWaitList = 0, .phEventWaitList = nullptr, .phEvent = 0x7ffc1d392cf0 (0x24402600)) -> UR_RESULT_SUCCESS;
   ---> urEventWait
[2026-10-07 12:49:29.865] [thread-id: 131000611945664] [trace] zeEventHostSynchronize(hEvent, timeout)
[2026-10-07 12:49:29.865] [thread-id: 131000611945664] [trace] SUCCESS (ZE_RESULT_SUCCESS) in zeEventHostSynchronize(hEvent=0x24402c18, timeout=18446744073709551615)
   <--- urEventWait(.numEvents = 1, .phEventWaitList = 0x7ffc1d392d40 {0x24402600}) -> UR_RESULT_SUCCESS;
   ---> urEventRelease
   <--- urEventRelease(.hEvent = 0x24402600) -> UR_RESULT_SUCCESS;
   ---> urDeviceGetInfo
   <--- urDeviceGetInfo(.hDevice = 0x243b1040, .propName = UR_DEVICE_INFO_MAX_WORK_GROUPS_3D, .propSize = 24, .pPropValue = {4294967295, 4294967295, 4294967295}, .pPropSizeRet = nullptr) -> UR_RESULT_SUCCESS;
   ---> urKernelGetGroupInfo
   <--- urKernelGetGroupInfo(.hKernel = 0x2443ed40, .hDevice = 0x243b1040, .propName = UR_KERNEL_GROUP_INFO_COMPILE_WORK_GROUP_SIZE, .propSize = 24, .pPropValue = {0, 0, 0}, .pPropSizeRet = nullptr) -> UR_RESULT_SUCCESS;
   ---> urEnqueueKernelLaunchWithArgsExp
[2026-10-07 12:49:29.865] [thread-id: 131000611945664] [trace] zeKernelSuggestGroupSize(hKernel, globalSizeX, globalSizeY, globalSizeZ, groupSizeX, groupSizeY, groupSizeZ)
[2026-10-07 12:49:29.865] [thread-id: 131000611945664] [trace] SUCCESS (ZE_RESULT_SUCCESS) in zeKernelSuggestGroupSize(hKernel=0x24443748, globalSizeX=16384, globalSizeY=1, globalSizeZ=1, groupSizeX=1024, groupSizeY=1, groupSizeZ=1)
[2026-10-07 12:49:29.865] [thread-id: 131000611945664] [trace] zeKernelSetGroupSize(hKernel, groupSizeX, groupSizeY, groupSizeZ)
[2026-10-07 12:49:29.865] [thread-id: 131000611945664] [trace] SUCCESS (ZE_RESULT_SUCCESS) in zeKernelSetGroupSize(hKernel=0x24443748, groupSizeX=1024, groupSizeY=1, groupSizeZ=1)
[2026-10-07 12:49:29.865] [thread-id: 131000611945664] [trace] zeCommandListAppendLaunchKernelWithArguments(hCommandList, hKernel, groupCounts, groupSizes, pArguments, pNext, hSignalEvent, numWaitEvents, phWaitEventsLocal)
[2026-10-07 12:49:29.865] [thread-id: 131000611945664] [trace] SUCCESS (ZE_RESULT_SUCCESS) in zeCommandListAppendLaunchKernelWithArguments(hCommandList=0x243b9d88, hKernel=0x24443748, groupCounts={groupCountX=16, groupCountY=1, groupCountZ=1}, groupSizes={groupSizeX=1024, groupSizeY=1, groupSizeZ=1}, pArguments=0x24443e90, pNext=nullptr, hSignalEvent=0x24402c18, numWaitEvents=0, phWaitEvents=nullptr)
   <--- urEnqueueKernelLaunchWithArgsExp(.hQueue = 0x243b90a0, .hKernel = 0x2443ed40, .workDim = 1, .pGlobalWorkOffset = nullptr, .pGlobalWorkSize = 0x7ffc1d392c20 (16384), .pLocalWorkSize = nullptr, .numArgs = 1, .pArgs = 0x2443f8d0 {(struct ur_exp_kernel_arg_properties_t){.stype = UR_STRUCTURE_TYPE_EXP_KERNEL_ARG_PROPERTIES, .pNext = nullptr, .type = UR_EXP_KERNEL_ARG_TYPE_POINTER, .index = 0, .size = 8, .value = (union ur_exp_kernel_arg_value_t){.pointer = 0xffffffffff600000}}}, .launchPropList = nullptr, .numEventsInWaitList = 0, .phEventWaitList = nullptr, .phEvent = 0x7ffc1d392640 (0x24402600)) -> UR_RESULT_SUCCESS;
   ---> urEventWait
[2026-10-07 12:49:29.865] [thread-id: 131000611945664] [trace] zeEventHostSynchronize(hEvent, timeout)
[2026-10-07 12:49:29.865] [thread-id: 131000611945664] [trace] SUCCESS (ZE_RESULT_SUCCESS) in zeEventHostSynchronize(hEvent=0x24402c18, timeout=18446744073709551615)
   <--- urEventWait(.numEvents = 1, .phEventWaitList = 0x7ffc1d392d40 {0x24402600}) -> UR_RESULT_SUCCESS;
   ---> urEventRelease
   <--- urEventRelease(.hEvent = 0x24402600) -> UR_RESULT_SUCCESS;
   ---> urEnqueueUSMMemcpy
[2026-10-07 12:49:29.865] [thread-id: 131000611945664] [trace] zeCommandListAppendMemoryCopy(hCommandList, dstptr, srcptr, size, hSignalEvent, numWaitEvents, phWaitEventsLocal)
[2026-10-07 12:49:29.865] [thread-id: 131000611945664] [trace] SUCCESS (ZE_RESULT_SUCCESS) in zeCommandListAppendMemoryCopy(hCommandList=0x243b9d88, dstptr=0x243da8b0, srcptr=0xffffffffff600000, size=65536, hSignalEvent=0x24402c18, numWaitEvents=0, phWaitEvents=nullptr)
   <--- urEnqueueUSMMemcpy(.hQueue = 0x243b90a0, .blocking = 0, .pDst = 0x243da8b0, .pSrc = 0xffffffffff600000, .size = 65536, .numEventsInWaitList = 0, .phEventWaitList = nullptr, .phEvent = 0x7ffc1d392cf0 (0x24402600)) -> UR_RESULT_SUCCESS;
   ---> urEventWait
[2026-10-07 12:49:29.865] [thread-id: 131000611945664] [trace] zeEventHostSynchronize(hEvent, timeout)
[2026-10-07 12:49:29.865] [thread-id: 131000611945664] [trace] SUCCESS (ZE_RESULT_SUCCESS) in zeEventHostSynchronize(hEvent=0x24402c18, timeout=18446744073709551615)
   <--- urEventWait(.numEvents = 1, .phEventWaitList = 0x7ffc1d392d40 {0x24402600}) -> UR_RESULT_SUCCESS;
   ---> urEventRelease
   <--- urEventRelease(.hEvent = 0x24402600) -> UR_RESULT_SUCCESS;
   ---> urQueueFinish
[2026-10-07 12:49:29.865] [thread-id: 131000611945664] [trace] zeCommandListHostSynchronize(hCommandList, timeout)
[2026-10-07 12:49:29.865] [thread-id: 131000611945664] [trace] SUCCESS (ZE_RESULT_SUCCESS) in zeCommandListHostSynchronize(hCommandList=0x243b9d88, timeout=18446744073709551615)
   <--- urQueueFinish(.hQueue = 0x243b90a0) -> UR_RESULT_SUCCESS;
   ---> urUSMFree
   <--- urUSMFree(.hContext = 0x243b5b90, .pMem = 0xffffffffff600000) -> UR_RESULT_SUCCESS;
   ---> urQueueRelease
[2026-10-07 12:49:29.865] [thread-id: 131000611945664] [trace] zeCommandListHostSynchronize(hCommandList, timeout)
[2026-10-07 12:49:29.865] [thread-id: 131000611945664] [trace] SUCCESS (ZE_RESULT_SUCCESS) in zeCommandListHostSynchronize(hCommandList=0x243b9d88, timeout=18446744073709551615)
   <--- urQueueRelease(.hQueue = 0x243b90a0) -> UR_RESULT_SUCCESS;
   ---> urProgramRelease
   <--- urProgramRelease(.hProgram = 0x243f3a10) -> UR_RESULT_SUCCESS;
   ---> urKernelRelease
   <--- urKernelRelease(.hKernel = 0x2443ed40) -> UR_RESULT_SUCCESS;
   ---> urProgramRelease
   <--- urProgramRelease(.hProgram = 0x243f3a10) -> UR_RESULT_SUCCESS;
   ---> urKernelRelease
[2026-10-07 12:49:29.865] [thread-id: 131000611945664] [trace] zeKernelDestroy(hKernel)
[2026-10-07 12:49:29.865] [thread-id: 131000611945664] [trace] SUCCESS (ZE_RESULT_SUCCESS) in zeKernelDestroy(hKernel=0x24443748)
[2026-10-07 12:49:29.865] [thread-id: 131000611945664] [trace] zeModuleBuildLogDestroy(hModuleBuildLog)
[2026-10-07 12:49:29.865] [thread-id: 131000611945664] [trace] SUCCESS (ZE_RESULT_SUCCESS) in zeModuleBuildLogDestroy(hModuleBuildLog=0x2442c818)
[2026-10-07 12:49:29.865] [thread-id: 131000611945664] [trace] zeModuleDestroy(hModule)
[2026-10-07 12:49:29.865] [thread-id: 131000611945664] [trace] SUCCESS (ZE_RESULT_SUCCESS) in zeModuleDestroy(hModule=0x24406d18)
   <--- urKernelRelease(.hKernel = 0x2443ed40) -> UR_RESULT_SUCCESS;
   ---> urContextRelease
[2026-10-07 12:49:29.866] [thread-id: 131000611945664] [trace] zeMemFreeExt(hContext, pMemFreeDesc, ptr)
[2026-10-07 12:49:29.866] [thread-id: 131000611945664] [trace] SUCCESS (ZE_RESULT_SUCCESS) in zeMemFreeExt(hContext=0x243b2738, pMemFreeDesc={stype=0x7ffc1d392a80, freePolicy=1}, ptr=0xffffffffff600000)
[2026-10-07 12:49:29.866] [thread-id: 131000611945664] [trace] zeEventDestroy(hEvent)
[2026-10-07 12:49:29.866] [thread-id: 131000611945664] [trace] SUCCESS (ZE_RESULT_SUCCESS) in zeEventDestroy(hEvent=0x243eb528)
[2026-10-07 12:49:29.866] [thread-id: 131000611945664] [trace] zeEventDestroy(hEvent)
[2026-10-07 12:49:29.866] [thread-id: 131000611945664] [trace] SUCCESS (ZE_RESULT_SUCCESS) in zeEventDestroy(hEvent=0x243eba68)
[2026-10-07 12:49:29.866] [thread-id: 131000611945664] [trace] zeEventDestroy(hEvent)
[2026-10-07 12:49:29.866] [thread-id: 131000611945664] [trace] SUCCESS (ZE_RESULT_SUCCESS) in zeEventDestroy(hEvent=0x243ec168)
[2026-10-07 12:49:29.866] [thread-id: 131000611945664] [trace] zeEventDestroy(hEvent)
[2026-10-07 12:49:29.866] [thread-id: 131000611945664] [trace] SUCCESS (ZE_RESULT_SUCCESS) in zeEventDestroy(hEvent=0x243ec6c8)
[2026-10-07 12:49:29.866] [thread-id: 131000611945664] [trace] zeEventDestroy(hEvent)
[2026-10-07 12:49:29.866] [thread-id: 131000611945664] [trace] SUCCESS (ZE_RESULT_SUCCESS) in zeEventDestroy(hEvent=0x243ecdc8)
[2026-10-07 12:49:29.866] [thread-id: 131000611945664] [trace] zeEventDestroy(hEvent)
[2026-10-07 12:49:29.866] [thread-id: 131000611945664] [trace] SUCCESS (ZE_RESULT_SUCCESS) in zeEventDestroy(hEvent=0x243ed2d8)
[2026-10-07 12:49:29.866] [thread-id: 131000611945664] [trace] zeEventDestroy(hEvent)
[2026-10-07 12:49:29.866] [thread-id: 131000611945664] [trace] SUCCESS (ZE_RESULT_SUCCESS) in zeEventDestroy(hEvent=0x243ed9d8)
[2026-10-07 12:49:29.866] [thread-id: 131000611945664] [trace] zeEventDestroy(hEvent)
[2026-10-07 12:49:29.866] [thread-id: 131000611945664] [trace] SUCCESS (ZE_RESULT_SUCCESS) in zeEventDestroy(hEvent=0x243edee8)
[2026-10-07 12:49:29.866] [thread-id: 131000611945664] [trace] zeEventDestroy(hEvent)
[2026-10-07 12:49:29.866] [thread-id: 131000611945664] [trace] SUCCESS (ZE_RESULT_SUCCESS) in zeEventDestroy(hEvent=0x243ee5e8)
[2026-10-07 12:49:29.866] [thread-id: 131000611945664] [trace] zeEventDestroy(hEvent)
[2026-10-07 12:49:29.866] [thread-id: 131000611945664] [trace] SUCCESS (ZE_RESULT_SUCCESS) in zeEventDestroy(hEvent=0x243eeb98)
[2026-10-07 12:49:29.866] [thread-id: 131000611945664] [trace] zeEventDestroy(hEvent)
[2026-10-07 12:49:29.866] [thread-id: 131000611945664] [trace] SUCCESS (ZE_RESULT_SUCCESS) in zeEventDestroy(hEvent=0x243ef298)
[2026-10-07 12:49:29.866] [thread-id: 131000611945664] [trace] zeEventDestroy(hEvent)
[2026-10-07 12:49:29.866] [thread-id: 131000611945664] [trace] SUCCESS (ZE_RESULT_SUCCESS) in zeEventDestroy(hEvent=0x243ef7a8)
[2026-10-07 12:49:29.866] [thread-id: 131000611945664] [trace] zeEventDestroy(hEvent)
[2026-10-07 12:49:29.866] [thread-id: 131000611945664] [trace] SUCCESS (ZE_RESULT_SUCCESS) in zeEventDestroy(hEvent=0x243efea8)
[2026-10-07 12:49:29.866] [thread-id: 131000611945664] [trace] zeEventDestroy(hEvent)
[2026-10-07 12:49:29.866] [thread-id: 131000611945664] [trace] SUCCESS (ZE_RESULT_SUCCESS) in zeEventDestroy(hEvent=0x243f03b8)
[2026-10-07 12:49:29.866] [thread-id: 131000611945664] [trace] zeEventDestroy(hEvent)
[2026-10-07 12:49:29.866] [thread-id: 131000611945664] [trace] SUCCESS (ZE_RESULT_SUCCESS) in zeEventDestroy(hEvent=0x243f0ab8)
[2026-10-07 12:49:29.866] [thread-id: 131000611945664] [trace] zeEventDestroy(hEvent)
[2026-10-07 12:49:29.866] [thread-id: 131000611945664] [trace] SUCCESS (ZE_RESULT_SUCCESS) in zeEventDestroy(hEvent=0x243f10d8)
[2026-10-07 12:49:29.866] [thread-id: 131000611945664] [trace] zeEventDestroy(hEvent)
[2026-10-07 12:49:29.866] [thread-id: 131000611945664] [trace] SUCCESS (ZE_RESULT_SUCCESS) in zeEventDestroy(hEvent=0x243f17d8)
[2026-10-07 12:49:29.866] [thread-id: 131000611945664] [trace] zeEventDestroy(hEvent)
[2026-10-07 12:49:29.866] [thread-id: 131000611945664] [trace] SUCCESS (ZE_RESULT_SUCCESS) in zeEventDestroy(hEvent=0x243f1ce8)
[2026-10-07 12:49:29.866] [thread-id: 131000611945664] [trace] zeEventDestroy(hEvent)
[2026-10-07 12:49:29.866] [thread-id: 131000611945664] [trace] SUCCESS (ZE_RESULT_SUCCESS) in zeEventDestroy(hEvent=0x243f23e8)
[2026-10-07 12:49:29.866] [thread-id: 131000611945664] [trace] zeEventDestroy(hEvent)
[2026-10-07 12:49:29.866] [thread-id: 131000611945664] [trace] SUCCESS (ZE_RESULT_SUCCESS) in zeEventDestroy(hEvent=0x243f28f8)
[2026-10-07 12:49:29.866] [thread-id: 131000611945664] [trace] zeEventDestroy(hEvent)
[2026-10-07 12:49:29.866] [thread-id: 131000611945664] [trace] SUCCESS (ZE_RESULT_SUCCESS) in zeEventDestroy(hEvent=0x243f2ff8)
[2026-10-07 12:49:29.866] [thread-id: 131000611945664] [trace] zeEventDestroy(hEvent)
[2026-10-07 12:49:29.866] [thread-id: 131000611945664] [trace] SUCCESS (ZE_RESULT_SUCCESS) in zeEventDestroy(hEvent=0x243f3508)
[2026-10-07 12:49:29.866] [thread-id: 131000611945664] [trace] zeEventDestroy(hEvent)
[2026-10-07 12:49:29.866] [thread-id: 131000611945664] [trace] SUCCESS (ZE_RESULT_SUCCESS) in zeEventDestroy(hEvent=0x243f3d48)
[2026-10-07 12:49:29.866] [thread-id: 131000611945664] [trace] zeEventDestroy(hEvent)
[2026-10-07 12:49:29.866] [thread-id: 131000611945664] [trace] SUCCESS (ZE_RESULT_SUCCESS) in zeEventDestroy(hEvent=0x243f4258)
[2026-10-07 12:49:29.866] [thread-id: 131000611945664] [trace] zeEventDestroy(hEvent)
[2026-10-07 12:49:29.866] [thread-id: 131000611945664] [trace] SUCCESS (ZE_RESULT_SUCCESS) in zeEventDestroy(hEvent=0x243f4958)
[2026-10-07 12:49:29.867] [thread-id: 131000611945664] [trace] zeEventDestroy(hEvent)
[2026-10-07 12:49:29.867] [thread-id: 131000611945664] [trace] SUCCESS (ZE_RESULT_SUCCESS) in zeEventDestroy(hEvent=0x243f4e68)
[2026-10-07 12:49:29.867] [thread-id: 131000611945664] [trace] zeEventDestroy(hEvent)
[2026-10-07 12:49:29.867] [thread-id: 131000611945664] [trace] SUCCESS (ZE_RESULT_SUCCESS) in zeEventDestroy(hEvent=0x243f5568)
[2026-10-07 12:49:29.867] [thread-id: 131000611945664] [trace] zeEventDestroy(hEvent)
[2026-10-07 12:49:29.867] [thread-id: 131000611945664] [trace] SUCCESS (ZE_RESULT_SUCCESS) in zeEventDestroy(hEvent=0x243f5a78)
[2026-10-07 12:49:29.867] [thread-id: 131000611945664] [trace] zeEventDestroy(hEvent)
[2026-10-07 12:49:29.867] [thread-id: 131000611945664] [trace] SUCCESS (ZE_RESULT_SUCCESS) in zeEventDestroy(hEvent=0x243f6178)
[2026-10-07 12:49:29.867] [thread-id: 131000611945664] [trace] zeEventDestroy(hEvent)
[2026-10-07 12:49:29.867] [thread-id: 131000611945664] [trace] SUCCESS (ZE_RESULT_SUCCESS) in zeEventDestroy(hEvent=0x243f6688)
[2026-10-07 12:49:29.867] [thread-id: 131000611945664] [trace] zeEventDestroy(hEvent)
[2026-10-07 12:49:29.867] [thread-id: 131000611945664] [trace] SUCCESS (ZE_RESULT_SUCCESS) in zeEventDestroy(hEvent=0x243f6d88)
[2026-10-07 12:49:29.867] [thread-id: 131000611945664] [trace] zeEventDestroy(hEvent)
[2026-10-07 12:49:29.867] [thread-id: 131000611945664] [trace] SUCCESS (ZE_RESULT_SUCCESS) in zeEventDestroy(hEvent=0x243f74a8)
[2026-10-07 12:49:29.867] [thread-id: 131000611945664] [trace] zeEventDestroy(hEvent)
[2026-10-07 12:49:29.867] [thread-id: 131000611945664] [trace] SUCCESS (ZE_RESULT_SUCCESS) in zeEventDestroy(hEvent=0x243f7ba8)
[2026-10-07 12:49:29.867] [thread-id: 131000611945664] [trace] zeEventDestroy(hEvent)
[2026-10-07 12:49:29.867] [thread-id: 131000611945664] [trace] SUCCESS (ZE_RESULT_SUCCESS) in zeEventDestroy(hEvent=0x243f80b8)
[2026-10-07 12:49:29.867] [thread-id: 131000611945664] [trace] zeEventDestroy(hEvent)
[2026-10-07 12:49:29.867] [thread-id: 131000611945664] [trace] SUCCESS (ZE_RESULT_SUCCESS) in zeEventDestroy(hEvent=0x243f87b8)
[2026-10-07 12:49:29.867] [thread-id: 131000611945664] [trace] zeEventDestroy(hEvent)
[2026-10-07 12:49:29.867] [thread-id: 131000611945664] [trace] SUCCESS (ZE_RESULT_SUCCESS) in zeEventDestroy(hEvent=0x243f8cc8)
[2026-10-07 12:49:29.867] [thread-id: 131000611945664] [trace] zeEventDestroy(hEvent)
[2026-10-07 12:49:29.867] [thread-id: 131000611945664] [trace] SUCCESS (ZE_RESULT_SUCCESS) in zeEventDestroy(hEvent=0x243f93c8)
[2026-10-07 12:49:29.867] [thread-id: 131000611945664] [trace] zeEventDestroy(hEvent)
[2026-10-07 12:49:29.867] [thread-id: 131000611945664] [trace] SUCCESS (ZE_RESULT_SUCCESS) in zeEventDestroy(hEvent=0x243f98d8)
[2026-10-07 12:49:29.867] [thread-id: 131000611945664] [trace] zeEventDestroy(hEvent)
[2026-10-07 12:49:29.867] [thread-id: 131000611945664] [trace] SUCCESS (ZE_RESULT_SUCCESS) in zeEventDestroy(hEvent=0x243f9fd8)
[2026-10-07 12:49:29.867] [thread-id: 131000611945664] [trace] zeEventDestroy(hEvent)
[2026-10-07 12:49:29.867] [thread-id: 131000611945664] [trace] SUCCESS (ZE_RESULT_SUCCESS) in zeEventDestroy(hEvent=0x243fa4e8)
[2026-10-07 12:49:29.867] [thread-id: 131000611945664] [trace] zeEventDestroy(hEvent)
[2026-10-07 12:49:29.867] [thread-id: 131000611945664] [trace] SUCCESS (ZE_RESULT_SUCCESS) in zeEventDestroy(hEvent=0x243fabe8)
[2026-10-07 12:49:29.867] [thread-id: 131000611945664] [trace] zeEventDestroy(hEvent)
[2026-10-07 12:49:29.867] [thread-id: 131000611945664] [trace] SUCCESS (ZE_RESULT_SUCCESS) in zeEventDestroy(hEvent=0x243fb0f8)
[2026-10-07 12:49:29.867] [thread-id: 131000611945664] [trace] zeEventDestroy(hEvent)
[2026-10-07 12:49:29.867] [thread-id: 131000611945664] [trace] SUCCESS (ZE_RESULT_SUCCESS) in zeEventDestroy(hEvent=0x243fb7f8)
[2026-10-07 12:49:29.867] [thread-id: 131000611945664] [trace] zeEventDestroy(hEvent)
[2026-10-07 12:49:29.867] [thread-id: 131000611945664] [trace] SUCCESS (ZE_RESULT_SUCCESS) in zeEventDestroy(hEvent=0x243fbd08)
[2026-10-07 12:49:29.867] [thread-id: 131000611945664] [trace] zeEventDestroy(hEvent)
[2026-10-07 12:49:29.867] [thread-id: 131000611945664] [trace] SUCCESS (ZE_RESULT_SUCCESS) in zeEventDestroy(hEvent=0x243fc408)
[2026-10-07 12:49:29.867] [thread-id: 131000611945664] [trace] zeEventDestroy(hEvent)
[2026-10-07 12:49:29.867] [thread-id: 131000611945664] [trace] SUCCESS (ZE_RESULT_SUCCESS) in zeEventDestroy(hEvent=0x243fc918)
[2026-10-07 12:49:29.867] [thread-id: 131000611945664] [trace] zeEventDestroy(hEvent)
[2026-10-07 12:49:29.867] [thread-id: 131000611945664] [trace] SUCCESS (ZE_RESULT_SUCCESS) in zeEventDestroy(hEvent=0x243fd018)
[2026-10-07 12:49:29.867] [thread-id: 131000611945664] [trace] zeEventDestroy(hEvent)
[2026-10-07 12:49:29.867] [thread-id: 131000611945664] [trace] SUCCESS (ZE_RESULT_SUCCESS) in zeEventDestroy(hEvent=0x243fd528)
[2026-10-07 12:49:29.867] [thread-id: 131000611945664] [trace] zeEventDestroy(hEvent)
[2026-10-07 12:49:29.867] [thread-id: 131000611945664] [trace] SUCCESS (ZE_RESULT_SUCCESS) in zeEventDestroy(hEvent=0x243fdc28)
[2026-10-07 12:49:29.867] [thread-id: 131000611945664] [trace] zeEventDestroy(hEvent)
[2026-10-07 12:49:29.867] [thread-id: 131000611945664] [trace] SUCCESS (ZE_RESULT_SUCCESS) in zeEventDestroy(hEvent=0x243fe138)
[2026-10-07 12:49:29.867] [thread-id: 131000611945664] [trace] zeEventDestroy(hEvent)
[2026-10-07 12:49:29.867] [thread-id: 131000611945664] [trace] SUCCESS (ZE_RESULT_SUCCESS) in zeEventDestroy(hEvent=0x243feab8)
[2026-10-07 12:49:29.867] [thread-id: 131000611945664] [trace] zeEventDestroy(hEvent)
[2026-10-07 12:49:29.867] [thread-id: 131000611945664] [trace] SUCCESS (ZE_RESULT_SUCCESS) in zeEventDestroy(hEvent=0x243fefc8)
[2026-10-07 12:49:29.867] [thread-id: 131000611945664] [trace] zeEventDestroy(hEvent)
[2026-10-07 12:49:29.867] [thread-id: 131000611945664] [trace] SUCCESS (ZE_RESULT_SUCCESS) in zeEventDestroy(hEvent=0x243ff6c8)
[2026-10-07 12:49:29.867] [thread-id: 131000611945664] [trace] zeEventDestroy(hEvent)
[2026-10-07 12:49:29.867] [thread-id: 131000611945664] [trace] SUCCESS (ZE_RESULT_SUCCESS) in zeEventDestroy(hEvent=0x243ffbd8)
[2026-10-07 12:49:29.867] [thread-id: 131000611945664] [trace] zeEventDestroy(hEvent)
[2026-10-07 12:49:29.867] [thread-id: 131000611945664] [trace] SUCCESS (ZE_RESULT_SUCCESS) in zeEventDestroy(hEvent=0x244002d8)
[2026-10-07 12:49:29.867] [thread-id: 131000611945664] [trace] zeEventDestroy(hEvent)
[2026-10-07 12:49:29.867] [thread-id: 131000611945664] [trace] SUCCESS (ZE_RESULT_SUCCESS) in zeEventDestroy(hEvent=0x244007e8)
[2026-10-07 12:49:29.867] [thread-id: 131000611945664] [trace] zeEventDestroy(hEvent)
[2026-10-07 12:49:29.867] [thread-id: 131000611945664] [trace] SUCCESS (ZE_RESULT_SUCCESS) in zeEventDestroy(hEvent=0x24400ee8)
[2026-10-07 12:49:29.867] [thread-id: 131000611945664] [trace] zeEventDestroy(hEvent)
[2026-10-07 12:49:29.867] [thread-id: 131000611945664] [trace] SUCCESS (ZE_RESULT_SUCCESS) in zeEventDestroy(hEvent=0x244013f8)
[2026-10-07 12:49:29.867] [thread-id: 131000611945664] [trace] zeEventDestroy(hEvent)
[2026-10-07 12:49:29.867] [thread-id: 131000611945664] [trace] SUCCESS (ZE_RESULT_SUCCESS) in zeEventDestroy(hEvent=0x24401af8)
[2026-10-07 12:49:29.867] [thread-id: 131000611945664] [trace] zeEventDestroy(hEvent)
[2026-10-07 12:49:29.867] [thread-id: 131000611945664] [trace] SUCCESS (ZE_RESULT_SUCCESS) in zeEventDestroy(hEvent=0x24402008)
[2026-10-07 12:49:29.867] [thread-id: 131000611945664] [trace] zeEventDestroy(hEvent)
[2026-10-07 12:49:29.867] [thread-id: 131000611945664] [trace] SUCCESS (ZE_RESULT_SUCCESS) in zeEventDestroy(hEvent=0x24402708)
[2026-10-07 12:49:29.867] [thread-id: 131000611945664] [trace] zeEventDestroy(hEvent)
[2026-10-07 12:49:29.867] [thread-id: 131000611945664] [trace] SUCCESS (ZE_RESULT_SUCCESS) in zeEventDestroy(hEvent=0x24402c18)
[2026-10-07 12:49:29.867] [thread-id: 131000611945664] [trace] zeEventDestroy(hEvent)
[2026-10-07 12:49:29.867] [thread-id: 131000611945664] [trace] SUCCESS (ZE_RESULT_SUCCESS) in zeEventDestroy(hEvent=0x243eaa68)
[2026-10-07 12:49:29.867] [thread-id: 131000611945664] [trace] zeEventDestroy(hEvent)
[2026-10-07 12:49:29.867] [thread-id: 131000611945664] [trace] SUCCESS (ZE_RESULT_SUCCESS) in zeEventDestroy(hEvent=0x243eae08)
[2026-10-07 12:49:29.867] [thread-id: 131000611945664] [trace] zeCommandListDestroy(hCommandList)
[2026-10-07 12:49:29.867] [thread-id: 131000611945664] [trace] SUCCESS (ZE_RESULT_SUCCESS) in zeCommandListDestroy(hCommandList=0x243b9d88)
[2026-10-07 12:49:29.867] [thread-id: 131000611945664] [trace] zeContextDestroy(hContext)
[2026-10-07 12:49:29.868] [thread-id: 131000611945664] [trace] SUCCESS (ZE_RESULT_SUCCESS) in zeContextDestroy(hContext=0x243b2738)
   <--- urContextRelease(.hContext = 0x243b5b90) -> UR_RESULT_SUCCESS;
   ---> urDeviceRelease
   <--- urDeviceRelease(.hDevice = 0x243b1040) -> UR_RESULT_SUCCESS;
   ---> urAdapterRelease
   <--- urAdapterRelease(.hAdapter = 0x241b5700) -> UR_RESULT_SUCCESS;
