ENV,STRATA_FORCE_ISA,"<unset>"
ENV,STRATA_FORCE_AVX2,"<unset>"
ENV,STRATA_NO_AVXVNNI,"<unset>"
ENV,STRATA_NO_Q8K_AVX2,"<unset>"
ENV,STRATA_IQ_MT_MIN,"<unset>"
ENV,STRATA_IQ3S_MT1,"<unset>"
ENV,STRATA_IQ_PREFETCH,"<unset>"
ENV,STRATA_NO_IQ512,"<unset>"
ENV,STRATA_NO_IQ256,"<unset>"
ENV,STRATA_NO_IQ4NL,"<unset>"
ENV,STRATA_KQ256,"<unset>"
ENV,STRATA_IQ256_GATHER,"<unset>"
ENV,STRATA_Q2_BITPLANE,"<unset>"
ENV,STRATA_POOL_SPIN_US,"<unset>"
ENV,STRATA_HOST_CORE,"<unset>"
ENV,STRATA_NATIVE_DISPATCH_HISTOGRAM,"<unset>"
META,cohort_fnv,2097728330820092091
EXTENT,0,2,437,0,"/home/yayoi/.local/share/strata-sycl/models/qwen3.8-flash-next-iq3_s/IQ3_S/Qwen3.8-Flash-Next-GSQ-RCO-IQ3_S-00001-of-00002.gguf","blk.2.ffn_gate_exps.weight",3720509696,524800
EXTENT,0,2,437,1,"/home/yayoi/.local/share/strata-sycl/models/qwen3.8-flash-next-iq3_s/IQ3_S/Qwen3.8-Flash-Next-GSQ-RCO-IQ3_S-00001-of-00002.gguf","blk.2.ffn_up_exps.weight",3992755456,524800
EXTENT,0,2,437,2,"/home/yayoi/.local/share/strata-sycl/models/qwen3.8-flash-next-iq3_s/IQ3_S/Qwen3.8-Flash-Next-GSQ-RCO-IQ3_S-00001-of-00002.gguf","blk.2.ffn_down_exps.weight",3421130496,921600
ID,0,0,2,437,17270286098189336415
EXTENT,0,2,139,0,"/home/yayoi/.local/share/strata-sycl/models/qwen3.8-flash-next-iq3_s/IQ3_S/Qwen3.8-Flash-Next-GSQ-RCO-IQ3_S-00001-of-00002.gguf","blk.2.ffn_gate_exps.weight",3564119296,524800
EXTENT,0,2,139,1,"/home/yayoi/.local/share/strata-sycl/models/qwen3.8-flash-next-iq3_s/IQ3_S/Qwen3.8-Flash-Next-GSQ-RCO-IQ3_S-00001-of-00002.gguf","blk.2.ffn_up_exps.weight",3836365056,524800
EXTENT,0,2,139,2,"/home/yayoi/.local/share/strata-sycl/models/qwen3.8-flash-next-iq3_s/IQ3_S/Qwen3.8-Flash-Next-GSQ-RCO-IQ3_S-00001-of-00002.gguf","blk.2.ffn_down_exps.weight",3146493696,921600
ID,0,1,2,139,17969957319592645779
EXTENT,0,2,104,0,"/home/yayoi/.local/share/strata-sycl/models/qwen3.8-flash-next-iq3_s/IQ3_S/Qwen3.8-Flash-Next-GSQ-RCO-IQ3_S-00001-of-00002.gguf","blk.2.ffn_gate_exps.weight",3545751296,524800
EXTENT,0,2,104,1,"/home/yayoi/.local/share/strata-sycl/models/qwen3.8-flash-next-iq3_s/IQ3_S/Qwen3.8-Flash-Next-GSQ-RCO-IQ3_S-00001-of-00002.gguf","blk.2.ffn_up_exps.weight",3817997056,524800
EXTENT,0,2,104,2,"/home/yayoi/.local/share/strata-sycl/models/qwen3.8-flash-next-iq3_s/IQ3_S/Qwen3.8-Flash-Next-GSQ-RCO-IQ3_S-00001-of-00002.gguf","blk.2.ffn_down_exps.weight",3114237696,921600
ID,0,2,2,104,5942313262727247809
EXTENT,0,2,83,0,"/home/yayoi/.local/share/strata-sycl/models/qwen3.8-flash-next-iq3_s/IQ3_S/Qwen3.8-Flash-Next-GSQ-RCO-IQ3_S-00001-of-00002.gguf","blk.2.ffn_gate_exps.weight",3534730496,524800
EXTENT,0,2,83,1,"/home/yayoi/.local/share/strata-sycl/models/qwen3.8-flash-next-iq3_s/IQ3_S/Qwen3.8-Flash-Next-GSQ-RCO-IQ3_S-00001-of-00002.gguf","blk.2.ffn_up_exps.weight",3806976256,524800
EXTENT,0,2,83,2,"/home/yayoi/.local/share/strata-sycl/models/qwen3.8-flash-next-iq3_s/IQ3_S/Qwen3.8-Flash-Next-GSQ-RCO-IQ3_S-00001-of-00002.gguf","blk.2.ffn_down_exps.weight",3094884096,921600
ID,0,3,2,83,9059409336256294767
EXTENT,0,2,387,0,"/home/yayoi/.local/share/strata-sycl/models/qwen3.8-flash-next-iq3_s/IQ3_S/Qwen3.8-Flash-Next-GSQ-RCO-IQ3_S-00001-of-00002.gguf","blk.2.ffn_gate_exps.weight",3694269696,524800
EXTENT,0,2,387,1,"/home/yayoi/.local/share/strata-sycl/models/qwen3.8-flash-next-iq3_s/IQ3_S/Qwen3.8-Flash-Next-GSQ-RCO-IQ3_S-00001-of-00002.gguf","blk.2.ffn_up_exps.weight",3966515456,524800
EXTENT,0,2,387,2,"/home/yayoi/.local/share/strata-sycl/models/qwen3.8-flash-next-iq3_s/IQ3_S/Qwen3.8-Flash-Next-GSQ-RCO-IQ3_S-00001-of-00002.gguf","blk.2.ffn_down_exps.weight",3375050496,921600
ID,0,4,2,387,16246247135517967838
EXTENT,0,2,50,0,"/home/yayoi/.local/share/strata-sycl/models/qwen3.8-flash-next-iq3_s/IQ3_S/Qwen3.8-Flash-Next-GSQ-RCO-IQ3_S-00001-of-00002.gguf","blk.2.ffn_gate_exps.weight",3517412096,524800
EXTENT,0,2,50,1,"/home/yayoi/.local/share/strata-sycl/models/qwen3.8-flash-next-iq3_s/IQ3_S/Qwen3.8-Flash-Next-GSQ-RCO-IQ3_S-00001-of-00002.gguf","blk.2.ffn_up_exps.weight",3789657856,524800
EXTENT,0,2,50,2,"/home/yayoi/.local/share/strata-sycl/models/qwen3.8-flash-next-iq3_s/IQ3_S/Qwen3.8-Flash-Next-GSQ-RCO-IQ3_S-00001-of-00002.gguf","blk.2.ffn_down_exps.weight",3064471296,921600
ID,0,5,2,50,16726065225218089278
EXTENT,0,2,307,0,"/home/yayoi/.local/share/strata-sycl/models/qwen3.8-flash-next-iq3_s/IQ3_S/Qwen3.8-Flash-Next-GSQ-RCO-IQ3_S-00001-of-00002.gguf","blk.2.ffn_gate_exps.weight",3652285696,524800
EXTENT,0,2,307,1,"/home/yayoi/.local/share/strata-sycl/models/qwen3.8-flash-next-iq3_s/IQ3_S/Qwen3.8-Flash-Next-GSQ-RCO-IQ3_S-00001-of-00002.gguf","blk.2.ffn_up_exps.weight",3924531456,524800
EXTENT,0,2,307,2,"/home/yayoi/.local/share/strata-sycl/models/qwen3.8-flash-next-iq3_s/IQ3_S/Qwen3.8-Flash-Next-GSQ-RCO-IQ3_S-00001-of-00002.gguf","blk.2.ffn_down_exps.weight",3301322496,921600
ID,0,6,2,307,18408811624159616879
EXTENT,0,2,210,0,"/home/yayoi/.local/share/strata-sycl/models/qwen3.8-flash-next-iq3_s/IQ3_S/Qwen3.8-Flash-Next-GSQ-RCO-IQ3_S-00001-of-00002.gguf","blk.2.ffn_gate_exps.weight",3601380096,524800
EXTENT,0,2,210,1,"/home/yayoi/.local/share/strata-sycl/models/qwen3.8-flash-next-iq3_s/IQ3_S/Qwen3.8-Flash-Next-GSQ-RCO-IQ3_S-00001-of-00002.gguf","blk.2.ffn_up_exps.weight",3873625856,524800
EXTENT,0,2,210,2,"/home/yayoi/.local/share/strata-sycl/models/qwen3.8-flash-next-iq3_s/IQ3_S/Qwen3.8-Flash-Next-GSQ-RCO-IQ3_S-00001-of-00002.gguf","blk.2.ffn_down_exps.weight",3211927296,921600
ID,0,7,2,210,14252301503307883162
EXTENT,0,2,222,0,"/home/yayoi/.local/share/strata-sycl/models/qwen3.8-flash-next-iq3_s/IQ3_S/Qwen3.8-Flash-Next-GSQ-RCO-IQ3_S-00001-of-00002.gguf","blk.2.ffn_gate_exps.weight",3607677696,524800
EXTENT,0,2,222,1,"/home/yayoi/.local/share/strata-sycl/models/qwen3.8-flash-next-iq3_s/IQ3_S/Qwen3.8-Flash-Next-GSQ-RCO-IQ3_S-00001-of-00002.gguf","blk.2.ffn_up_exps.weight",3879923456,524800
EXTENT,0,2,222,2,"/home/yayoi/.local/share/strata-sycl/models/qwen3.8-flash-next-iq3_s/IQ3_S/Qwen3.8-Flash-Next-GSQ-RCO-IQ3_S-00001-of-00002.gguf","blk.2.ffn_down_exps.weight",3222986496,921600
ID,0,8,2,222,13720016491536249321
EXTENT,0,2,481,0,"/home/yayoi/.local/share/strata-sycl/models/qwen3.8-flash-next-iq3_s/IQ3_S/Qwen3.8-Flash-Next-GSQ-RCO-IQ3_S-00001-of-00002.gguf","blk.2.ffn_gate_exps.weight",3743600896,524800
EXTENT,0,2,481,1,"/home/yayoi/.local/share/strata-sycl/models/qwen3.8-flash-next-iq3_s/IQ3_S/Qwen3.8-Flash-Next-GSQ-RCO-IQ3_S-00001-of-00002.gguf","blk.2.ffn_up_exps.weight",4015846656,524800
EXTENT,0,2,481,2,"/home/yayoi/.local/share/strata-sycl/models/qwen3.8-flash-next-iq3_s/IQ3_S/Qwen3.8-Flash-Next-GSQ-RCO-IQ3_S-00001-of-00002.gguf","blk.2.ffn_down_exps.weight",3461680896,921600
ID,0,9,2,481,16281681348071599844
EXTENT,0,2,483,0,"/home/yayoi/.local/share/strata-sycl/models/qwen3.8-flash-next-iq3_s/IQ3_S/Qwen3.8-Flash-Next-GSQ-RCO-IQ3_S-00001-of-00002.gguf","blk.2.ffn_gate_exps.weight",3744650496,524800
EXTENT,0,2,483,1,"/home/yayoi/.local/share/strata-sycl/models/qwen3.8-flash-next-iq3_s/IQ3_S/Qwen3.8-Flash-Next-GSQ-RCO-IQ3_S-00001-of-00002.gguf","blk.2.ffn_up_exps.weight",4016896256,524800
EXTENT,0,2,483,2,"/home/yayoi/.local/share/strata-sycl/models/qwen3.8-flash-next-iq3_s/IQ3_S/Qwen3.8-Flash-Next-GSQ-RCO-IQ3_S-00001-of-00002.gguf","blk.2.ffn_down_exps.weight",3463524096,921600
ID,0,10,2,483,6343830789217574699
EXTENT,0,2,444,0,"/home/yayoi/.local/share/strata-sycl/models/qwen3.8-flash-next-iq3_s/IQ3_S/Qwen3.8-Flash-Next-GSQ-RCO-IQ3_S-00001-of-00002.gguf","blk.2.ffn_gate_exps.weight",3724183296,524800
EXTENT,0,2,444,1,"/home/yayoi/.local/share/strata-sycl/models/qwen3.8-flash-next-iq3_s/IQ3_S/Qwen3.8-Flash-Next-GSQ-RCO-IQ3_S-00001-of-00002.gguf","blk.2.ffn_up_exps.weight",3996429056,524800
EXTENT,0,2,444,2,"/home/yayoi/.local/share/strata-sycl/models/qwen3.8-flash-next-iq3_s/IQ3_S/Qwen3.8-Flash-Next-GSQ-RCO-IQ3_S-00001-of-00002.gguf","blk.2.ffn_down_exps.weight",3427581696,921600
ID,0,11,2,444,4432586126975870783
EXTENT,0,2,372,0,"/home/yayoi/.local/share/strata-sycl/models/qwen3.8-flash-next-iq3_s/IQ3_S/Qwen3.8-Flash-Next-GSQ-RCO-IQ3_S-00001-of-00002.gguf","blk.2.ffn_gate_exps.weight",3686397696,524800
EXTENT,0,2,372,1,"/home/yayoi/.local/share/strata-sycl/models/qwen3.8-flash-next-iq3_s/IQ3_S/Qwen3.8-Flash-Next-GSQ-RCO-IQ3_S-00001-of-00002.gguf","blk.2.ffn_up_exps.weight",3958643456,524800
EXTENT,0,2,372,2,"/home/yayoi/.local/share/strata-sycl/models/qwen3.8-flash-next-iq3_s/IQ3_S/Qwen3.8-Flash-Next-GSQ-RCO-IQ3_S-00001-of-00002.gguf","blk.2.ffn_down_exps.weight",3361226496,921600
ID,0,12,2,372,15044091768602334033
EXTENT,0,3,90,0,"/home/yayoi/.local/share/strata-sycl/models/qwen3.8-flash-next-iq3_s/IQ3_S/Qwen3.8-Flash-Next-GSQ-RCO-IQ3_S-00001-of-00002.gguf","blk.3.ffn_gate_exps.weight",4621202560,524800
EXTENT,0,3,90,1,"/home/yayoi/.local/share/strata-sycl/models/qwen3.8-flash-next-iq3_s/IQ3_S/Qwen3.8-Flash-Next-GSQ-RCO-IQ3_S-00001-of-00002.gguf","blk.3.ffn_up_exps.weight",4893397120,524800
EXTENT,0,3,90,2,"/home/yayoi/.local/share/strata-sycl/models/qwen3.8-flash-next-iq3_s/IQ3_S/Qwen3.8-Flash-Next-GSQ-RCO-IQ3_S-00001-of-00002.gguf","blk.3.ffn_down_exps.weight",4184133760,921600
ID,0,13,3,90,12131267324432229370
EXTENT,0,3,175,0,"/home/yayoi/.local/share/strata-sycl/models/qwen3.8-flash-next-iq3_s/IQ3_S/Qwen3.8-Flash-Next-GSQ-RCO-IQ3_S-00001-of-00002.gguf","blk.3.ffn_gate_exps.weight",4665810560,524800
EXTENT,0,3,175,1,"/home/yayoi/.local/share/strata-sycl/models/qwen3.8-flash-next-iq3_s/IQ3_S/Qwen3.8-Flash-Next-GSQ-RCO-IQ3_S-00001-of-00002.gguf","blk.3.ffn_up_exps.weight",4938005120,524800
EXTENT,0,3,175,2,"/home/yayoi/.local/share/strata-sycl/models/qwen3.8-flash-next-iq3_s/IQ3_S/Qwen3.8-Flash-Next-GSQ-RCO-IQ3_S-00001-of-00002.gguf","blk.3.ffn_down_exps.weight",4262469760,921600
ID,0,14,3,175,14743277274288005130
EXTENT,0,3,137,0,"/home/yayoi/.local/share/strata-sycl/models/qwen3.8-flash-next-iq3_s/IQ3_S/Qwen3.8-Flash-Next-GSQ-RCO-IQ3_S-00001-of-00002.gguf","blk.3.ffn_gate_exps.weight",4645868160,524800
EXTENT,0,3,137,1,"/home/yayoi/.local/share/strata-sycl/models/qwen3.8-flash-next-iq3_s/IQ3_S/Qwen3.8-Flash-Next-GSQ-RCO-IQ3_S-00001-of-00002.gguf","blk.3.ffn_up_exps.weight",4918062720,524800
EXTENT,0,3,137,2,"/home/yayoi/.local/share/strata-sycl/models/qwen3.8-flash-next-iq3_s/IQ3_S/Qwen3.8-Flash-Next-GSQ-RCO-IQ3_S-00001-of-00002.gguf","blk.3.ffn_down_exps.weight",4227448960,921600
ID,0,15,3,137,10484765824761925116
EXTENT,0,3,116,0,"/home/yayoi/.local/share/strata-sycl/models/qwen3.8-flash-next-iq3_s/IQ3_S/Qwen3.8-Flash-Next-GSQ-RCO-IQ3_S-00001-of-00002.gguf","blk.3.ffn_gate_exps.weight",4634847360,524800
EXTENT,0,3,116,1,"/home/yayoi/.local/share/strata-sycl/models/qwen3.8-flash-next-iq3_s/IQ3_S/Qwen3.8-Flash-Next-GSQ-RCO-IQ3_S-00001-of-00002.gguf","blk.3.ffn_up_exps.weight",4907041920,524800
EXTENT,0,3,116,2,"/home/yayoi/.local/share/strata-sycl/models/qwen3.8-flash-next-iq3_s/IQ3_S/Qwen3.8-Flash-Next-GSQ-RCO-IQ3_S-00001-of-00002.gguf","blk.3.ffn_down_exps.weight",4208095360,921600
ID,0,16,3,116,2018590850073496523
EXTENT,0,3,451,0,"/home/yayoi/.local/share/strata-sycl/models/qwen3.8-flash-next-iq3_s/IQ3_S/Qwen3.8-Flash-Next-GSQ-RCO-IQ3_S-00001-of-00002.gguf","blk.3.ffn_gate_exps.weight",4810655360,524800
EXTENT,0,3,451,1,"/home/yayoi/.local/share/strata-sycl/models/qwen3.8-flash-next-iq3_s/IQ3_S/Qwen3.8-Flash-Next-GSQ-RCO-IQ3_S-00001-of-00002.gguf","blk.3.ffn_up_exps.weight",5082849920,524800
EXTENT,0,3,451,2,"/home/yayoi/.local/share/strata-sycl/models/qwen3.8-flash-next-iq3_s/IQ3_S/Qwen3.8-Flash-Next-GSQ-RCO-IQ3_S-00001-of-00002.gguf","blk.3.ffn_down_exps.weight",4516831360,921600
ID,0,17,3,451,15021078858135729695
EXTENT,0,3,241,0,"/home/yayoi/.local/share/strata-sycl/models/qwen3.8-flash-next-iq3_s/IQ3_S/Qwen3.8-Flash-Next-GSQ-RCO-IQ3_S-00001-of-00002.gguf","blk.3.ffn_gate_exps.weight",4700447360,524800
EXTENT,0,3,241,1,"/home/yayoi/.local/share/strata-sycl/models/qwen3.8-flash-next-iq3_s/IQ3_S/Qwen3.8-Flash-Next-GSQ-RCO-IQ3_S-00001-of-00002.gguf","blk.3.ffn_up_exps.weight",4972641920,524800
EXTENT,0,3,241,2,"/home/yayoi/.local/share/strata-sycl/models/qwen3.8-flash-next-iq3_s/IQ3_S/Qwen3.8-Flash-Next-GSQ-RCO-IQ3_S-00001-of-00002.gguf","blk.3.ffn_down_exps.weight",4323295360,921600
ID,0,18,3,241,2906478360899962170
EXTENT,0,3,445,0,"/home/yayoi/.local/share/strata-sycl/models/qwen3.8-flash-next-iq3_s/IQ3_S/Qwen3.8-Flash-Next-GSQ-RCO-IQ3_S-00001-of-00002.gguf","blk.3.ffn_gate_exps.weight",4807506560,524800
EXTENT,0,3,445,1,"/home/yayoi/.local/share/strata-sycl/models/qwen3.8-flash-next-iq3_s/IQ3_S/Qwen3.8-Flash-Next-GSQ-RCO-IQ3_S-00001-of-00002.gguf","blk.3.ffn_up_exps.weight",5079701120,524800
EXTENT,0,3,445,2,"/home/yayoi/.local/share/strata-sycl/models/qwen3.8-flash-next-iq3_s/IQ3_S/Qwen3.8-Flash-Next-GSQ-RCO-IQ3_S-00001-of-00002.gguf","blk.3.ffn_down_exps.weight",4511301760,921600
ID,0,19,3,445,13273425293669615163
EXTENT,0,3,469,0,"/home/yayoi/.local/share/strata-sycl/models/qwen3.8-flash-next-iq3_s/IQ3_S/Qwen3.8-Flash-Next-GSQ-RCO-IQ3_S-00001-of-00002.gguf","blk.3.ffn_gate_exps.weight",4820101760,524800
EXTENT,0,3,469,1,"/home/yayoi/.local/share/strata-sycl/models/qwen3.8-flash-next-iq3_s/IQ3_S/Qwen3.8-Flash-Next-GSQ-RCO-IQ3_S-00001-of-00002.gguf","blk.3.ffn_up_exps.weight",5092296320,524800
EXTENT,0,3,469,2,"/home/yayoi/.local/share/strata-sycl/models/qwen3.8-flash-next-iq3_s/IQ3_S/Qwen3.8-Flash-Next-GSQ-RCO-IQ3_S-00001-of-00002.gguf","blk.3.ffn_down_exps.weight",4533420160,921600
ID,0,20,3,469,1438533052534054623
EXTENT,0,3,330,0,"/home/yayoi/.local/share/strata-sycl/models/qwen3.8-flash-next-iq3_s/IQ3_S/Qwen3.8-Flash-Next-GSQ-RCO-IQ3_S-00001-of-00002.gguf","blk.3.ffn_gate_exps.weight",4747154560,524800
EXTENT,0,3,330,1,"/home/yayoi/.local/share/strata-sycl/models/qwen3.8-flash-next-iq3_s/IQ3_S/Qwen3.8-Flash-Next-GSQ-RCO-IQ3_S-00001-of-00002.gguf","blk.3.ffn_up_exps.weight",5019349120,524800
EXTENT,0,3,330,2,"/home/yayoi/.local/share/strata-sycl/models/qwen3.8-flash-next-iq3_s/IQ3_S/Qwen3.8-Flash-Next-GSQ-RCO-IQ3_S-00001-of-00002.gguf","blk.3.ffn_down_exps.weight",4405317760,921600
ID,0,21,3,330,10219999914322940429
EXTENT,0,3,216,0,"/home/yayoi/.local/share/strata-sycl/models/qwen3.8-flash-next-iq3_s/IQ3_S/Qwen3.8-Flash-Next-GSQ-RCO-IQ3_S-00001-of-00002.gguf","blk.3.ffn_gate_exps.weight",4687327360,524800
EXTENT,0,3,216,1,"/home/yayoi/.local/share/strata-sycl/models/qwen3.8-flash-next-iq3_s/IQ3_S/Qwen3.8-Flash-Next-GSQ-RCO-IQ3_S-00001-of-00002.gguf","blk.3.ffn_up_exps.weight",4959521920,524800
EXTENT,0,3,216,2,"/home/yayoi/.local/share/strata-sycl/models/qwen3.8-flash-next-iq3_s/IQ3_S/Qwen3.8-Flash-Next-GSQ-RCO-IQ3_S-00001-of-00002.gguf","blk.3.ffn_down_exps.weight",4300255360,921600
ID,0,22,3,216,11058754005618192049
EXTENT,0,3,197,0,"/home/yayoi/.local/share/strata-sycl/models/qwen3.8-flash-next-iq3_s/IQ3_S/Qwen3.8-Flash-Next-GSQ-RCO-IQ3_S-00001-of-00002.gguf","blk.3.ffn_gate_exps.weight",4677356160,524800
EXTENT,0,3,197,1,"/home/yayoi/.local/share/strata-sycl/models/qwen3.8-flash-next-iq3_s/IQ3_S/Qwen3.8-Flash-Next-GSQ-RCO-IQ3_S-00001-of-00002.gguf","blk.3.ffn_up_exps.weight",4949550720,524800
EXTENT,0,3,197,2,"/home/yayoi/.local/share/strata-sycl/models/qwen3.8-flash-next-iq3_s/IQ3_S/Qwen3.8-Flash-Next-GSQ-RCO-IQ3_S-00001-of-00002.gguf","blk.3.ffn_down_exps.weight",4282744960,921600
ID,0,23,3,197,12107530324129532498
EXTENT,0,3,306,0,"/home/yayoi/.local/share/strata-sycl/models/qwen3.8-flash-next-iq3_s/IQ3_S/Qwen3.8-Flash-Next-GSQ-RCO-IQ3_S-00001-of-00002.gguf","blk.3.ffn_gate_exps.weight",4734559360,524800
EXTENT,0,3,306,1,"/home/yayoi/.local/share/strata-sycl/models/qwen3.8-flash-next-iq3_s/IQ3_S/Qwen3.8-Flash-Next-GSQ-RCO-IQ3_S-00001-of-00002.gguf","blk.3.ffn_up_exps.weight",5006753920,524800
EXTENT,0,3,306,2,"/home/yayoi/.local/share/strata-sycl/models/qwen3.8-flash-next-iq3_s/IQ3_S/Qwen3.8-Flash-Next-GSQ-RCO-IQ3_S-00001-of-00002.gguf","blk.3.ffn_down_exps.weight",4383199360,921600
ID,0,24,3,306,12130608578848668893
EXTENT,0,3,397,0,"/home/yayoi/.local/share/strata-sycl/models/qwen3.8-flash-next-iq3_s/IQ3_S/Qwen3.8-Flash-Next-GSQ-RCO-IQ3_S-00001-of-00002.gguf","blk.3.ffn_gate_exps.weight",4782316160,524800
EXTENT,0,3,397,1,"/home/yayoi/.local/share/strata-sycl/models/qwen3.8-flash-next-iq3_s/IQ3_S/Qwen3.8-Flash-Next-GSQ-RCO-IQ3_S-00001-of-00002.gguf","blk.3.ffn_up_exps.weight",5054510720,524800
EXTENT,0,3,397,2,"/home/yayoi/.local/share/strata-sycl/models/qwen3.8-flash-next-iq3_s/IQ3_S/Qwen3.8-Flash-Next-GSQ-RCO-IQ3_S-00001-of-00002.gguf","blk.3.ffn_down_exps.weight",4467064960,921600
ID,0,25,3,397,10908658204010365385
EXTENT,0,4,21,0,"/home/yayoi/.local/share/strata-sycl/models/qwen3.8-flash-next-iq3_s/IQ3_S/Qwen3.8-Flash-Next-GSQ-RCO-IQ3_S-00001-of-00002.gguf","blk.4.ffn_gate_exps.weight",5663730304,524800
EXTENT,0,4,21,1,"/home/yayoi/.local/share/strata-sycl/models/qwen3.8-flash-next-iq3_s/IQ3_S/Qwen3.8-Flash-Next-GSQ-RCO-IQ3_S-00001-of-00002.gguf","blk.4.ffn_up_exps.weight",5936398464,524800
EXTENT,0,4,21,2,"/home/yayoi/.local/share/strata-sycl/models/qwen3.8-flash-next-iq3_s/IQ3_S/Qwen3.8-Flash-Next-GSQ-RCO-IQ3_S-00001-of-00002.gguf","blk.4.ffn_down_exps.weight",5199282304,921600
ID,0,26,4,21,6351664938744126730
EXTENT,0,4,218,0,"/home/yayoi/.local/share/strata-sycl/models/qwen3.8-flash-next-iq3_s/IQ3_S/Qwen3.8-Flash-Next-GSQ-RCO-IQ3_S-00001-of-00002.gguf","blk.4.ffn_gate_exps.weight",5767115904,524800
EXTENT,0,4,218,1,"/home/yayoi/.local/share/strata-sycl/models/qwen3.8-flash-next-iq3_s/IQ3_S/Qwen3.8-Flash-Next-GSQ-RCO-IQ3_S-00001-of-00002.gguf","blk.4.ffn_up_exps.weight",6039784064,524800
EXTENT,0,4,218,2,"/home/yayoi/.local/share/strata-sycl/models/qwen3.8-flash-next-iq3_s/IQ3_S/Qwen3.8-Flash-Next-GSQ-RCO-IQ3_S-00001-of-00002.gguf","blk.4.ffn_down_exps.weight",5380837504,921600
ID,0,27,4,218,8278154839055117783
EXTENT,0,4,184,0,"/home/yayoi/.local/share/strata-sycl/models/qwen3.8-flash-next-iq3_s/IQ3_S/Qwen3.8-Flash-Next-GSQ-RCO-IQ3_S-00001-of-00002.gguf","blk.4.ffn_gate_exps.weight",5749272704,524800
EXTENT,0,4,184,1,"/home/yayoi/.local/share/strata-sycl/models/qwen3.8-flash-next-iq3_s/IQ3_S/Qwen3.8-Flash-Next-GSQ-RCO-IQ3_S-00001-of-00002.gguf","blk.4.ffn_up_exps.weight",6021940864,524800
EXTENT,0,4,184,2,"/home/yayoi/.local/share/strata-sycl/models/qwen3.8-flash-next-iq3_s/IQ3_S/Qwen3.8-Flash-Next-GSQ-RCO-IQ3_S-00001-of-00002.gguf","blk.4.ffn_down_exps.weight",5349503104,921600
ID,0,28,4,184,10167068327869138781
EXTENT,0,4,79,0,"/home/yayoi/.local/share/strata-sycl/models/qwen3.8-flash-next-iq3_s/IQ3_S/Qwen3.8-Flash-Next-GSQ-RCO-IQ3_S-00001-of-00002.gguf","blk.4.ffn_gate_exps.weight",5694168704,524800
EXTENT,0,4,79,1,"/home/yayoi/.local/share/strata-sycl/models/qwen3.8-flash-next-iq3_s/IQ3_S/Qwen3.8-Flash-Next-GSQ-RCO-IQ3_S-00001-of-00002.gguf","blk.4.ffn_up_exps.weight",5966836864,524800
EXTENT,0,4,79,2,"/home/yayoi/.local/share/strata-sycl/models/qwen3.8-flash-next-iq3_s/IQ3_S/Qwen3.8-Flash-Next-GSQ-RCO-IQ3_S-00001-of-00002.gguf","blk.4.ffn_down_exps.weight",5252735104,921600
ID,0,29,4,79,14436187494840850650
EXTENT,0,4,280,0,"/home/yayoi/.local/share/strata-sycl/models/qwen3.8-flash-next-iq3_s/IQ3_S/Qwen3.8-Flash-Next-GSQ-RCO-IQ3_S-00001-of-00002.gguf","blk.4.ffn_gate_exps.weight",5799653504,524800
EXTENT,0,4,280,1,"/home/yayoi/.local/share/strata-sycl/models/qwen3.8-flash-next-iq3_s/IQ3_S/Qwen3.8-Flash-Next-GSQ-RCO-IQ3_S-00001-of-00002.gguf","blk.4.ffn_up_exps.weight",6072321664,524800
EXTENT,0,4,280,2,"/home/yayoi/.local/share/strata-sycl/models/qwen3.8-flash-next-iq3_s/IQ3_S/Qwen3.8-Flash-Next-GSQ-RCO-IQ3_S-00001-of-00002.gguf","blk.4.ffn_down_exps.weight",5437976704,921600
ID,0,30,4,280,5737834716940493676
EXTENT,0,4,175,0,"/home/yayoi/.local/share/strata-sycl/models/qwen3.8-flash-next-iq3_s/IQ3_S/Qwen3.8-Flash-Next-GSQ-RCO-IQ3_S-00001-of-00002.gguf","blk.4.ffn_gate_exps.weight",5744549504,524800
EXTENT,0,4,175,1,"/home/yayoi/.local/share/strata-sycl/models/qwen3.8-flash-next-iq3_s/IQ3_S/Qwen3.8-Flash-Next-GSQ-RCO-IQ3_S-00001-of-00002.gguf","blk.4.ffn_up_exps.weight",6017217664,524800
EXTENT,0,4,175,2,"/home/yayoi/.local/share/strata-sycl/models/qwen3.8-flash-next-iq3_s/IQ3_S/Qwen3.8-Flash-Next-GSQ-RCO-IQ3_S-00001-of-00002.gguf","blk.4.ffn_down_exps.weight",5341208704,921600
ID,0,31,4,175,13244600025867664387
EXTENT,0,4,138,0,"/home/yayoi/.local/share/strata-sycl/models/qwen3.8-flash-next-iq3_s/IQ3_S/Qwen3.8-Flash-Next-GSQ-RCO-IQ3_S-00001-of-00002.gguf","blk.4.ffn_gate_exps.weight",5725131904,524800
EXTENT,0,4,138,1,"/home/yayoi/.local/share/strata-sycl/models/qwen3.8-flash-next-iq3_s/IQ3_S/Qwen3.8-Flash-Next-GSQ-RCO-IQ3_S-00001-of-00002.gguf","blk.4.ffn_up_exps.weight",5997800064,524800
EXTENT,0,4,138,2,"/home/yayoi/.local/share/strata-sycl/models/qwen3.8-flash-next-iq3_s/IQ3_S/Qwen3.8-Flash-Next-GSQ-RCO-IQ3_S-00001-of-00002.gguf","blk.4.ffn_down_exps.weight",5307109504,921600
ID,0,32,4,138,7660371473107857078
EXTENT,0,4,63,0,"/home/yayoi/.local/share/strata-sycl/models/qwen3.8-flash-next-iq3_s/IQ3_S/Qwen3.8-Flash-Next-GSQ-RCO-IQ3_S-00001-of-00002.gguf","blk.4.ffn_gate_exps.weight",5685771904,524800
EXTENT,0,4,63,1,"/home/yayoi/.local/share/strata-sycl/models/qwen3.8-flash-next-iq3_s/IQ3_S/Qwen3.8-Flash-Next-GSQ-RCO-IQ3_S-00001-of-00002.gguf","blk.4.ffn_up_exps.weight",5958440064,524800
EXTENT,0,4,63,2,"/home/yayoi/.local/share/strata-sycl/models/qwen3.8-flash-next-iq3_s/IQ3_S/Qwen3.8-Flash-Next-GSQ-RCO-IQ3_S-00001-of-00002.gguf","blk.4.ffn_down_exps.weight",5237989504,921600
ID,0,33,4,63,3269539304020384520
EXTENT,0,4,405,0,"/home/yayoi/.local/share/strata-sycl/models/qwen3.8-flash-next-iq3_s/IQ3_S/Qwen3.8-Flash-Next-GSQ-RCO-IQ3_S-00001-of-00002.gguf","blk.4.ffn_gate_exps.weight",5865253504,524800
EXTENT,0,4,405,1,"/home/yayoi/.local/share/strata-sycl/models/qwen3.8-flash-next-iq3_s/IQ3_S/Qwen3.8-Flash-Next-GSQ-RCO-IQ3_S-00001-of-00002.gguf","blk.4.ffn_up_exps.weight",6137921664,524800
EXTENT,0,4,405,2,"/home/yayoi/.local/share/strata-sycl/models/qwen3.8-flash-next-iq3_s/IQ3_S/Qwen3.8-Flash-Next-GSQ-RCO-IQ3_S-00001-of-00002.gguf","blk.4.ffn_down_exps.weight",5553176704,921600
ID,0,34,4,405,11750095765164863588
EXTENT,0,4,316,0,"/home/yayoi/.local/share/strata-sycl/models/qwen3.8-flash-next-iq3_s/IQ3_S/Qwen3.8-Flash-Next-GSQ-RCO-IQ3_S-00001-of-00002.gguf","blk.4.ffn_gate_exps.weight",5818546304,524800
EXTENT,0,4,316,1,"/home/yayoi/.local/share/strata-sycl/models/qwen3.8-flash-next-iq3_s/IQ3_S/Qwen3.8-Flash-Next-GSQ-RCO-IQ3_S-00001-of-00002.gguf","blk.4.ffn_up_exps.weight",6091214464,524800
EXTENT,0,4,316,2,"/home/yayoi/.local/share/strata-sycl/models/qwen3.8-flash-next-iq3_s/IQ3_S/Qwen3.8-Flash-Next-GSQ-RCO-IQ3_S-00001-of-00002.gguf","blk.4.ffn_down_exps.weight",5471154304,921600
ID,0,35,4,316,16835711748766187419
EXTENT,0,4,338,0,"/home/yayoi/.local/share/strata-sycl/models/qwen3.8-flash-next-iq3_s/IQ3_S/Qwen3.8-Flash-Next-GSQ-RCO-IQ3_S-00001-of-00002.gguf","blk.4.ffn_gate_exps.weight",5830091904,524800
EXTENT,0,4,338,1,"/home/yayoi/.local/share/strata-sycl/models/qwen3.8-flash-next-iq3_s/IQ3_S/Qwen3.8-Flash-Next-GSQ-RCO-IQ3_S-00001-of-00002.gguf","blk.4.ffn_up_exps.weight",6102760064,524800
EXTENT,0,4,338,2,"/home/yayoi/.local/share/strata-sycl/models/qwen3.8-flash-next-iq3_s/IQ3_S/Qwen3.8-Flash-Next-GSQ-RCO-IQ3_S-00001-of-00002.gguf","blk.4.ffn_down_exps.weight",5491429504,921600
ID,0,36,4,338,2863806911425990486
EXTENT,0,4,9,0,"/home/yayoi/.local/share/strata-sycl/models/qwen3.8-flash-next-iq3_s/IQ3_S/Qwen3.8-Flash-Next-GSQ-RCO-IQ3_S-00001-of-00002.gguf","blk.4.ffn_gate_exps.weight",5657432704,524800
EXTENT,0,4,9,1,"/home/yayoi/.local/share/strata-sycl/models/qwen3.8-flash-next-iq3_s/IQ3_S/Qwen3.8-Flash-Next-GSQ-RCO-IQ3_S-00001-of-00002.gguf","blk.4.ffn_up_exps.weight",5930100864,524800
EXTENT,0,4,9,2,"/home/yayoi/.local/share/strata-sycl/models/qwen3.8-flash-next-iq3_s/IQ3_S/Qwen3.8-Flash-Next-GSQ-RCO-IQ3_S-00001-of-00002.gguf","blk.4.ffn_down_exps.weight",5188223104,921600
ID,0,37,4,9,10859313003810999891
EXTENT,0,4,196,0,"/home/yayoi/.local/share/strata-sycl/models/qwen3.8-flash-next-iq3_s/IQ3_S/Qwen3.8-Flash-Next-GSQ-RCO-IQ3_S-00001-of-00002.gguf","blk.4.ffn_gate_exps.weight",5755570304,524800
EXTENT,0,4,196,1,"/home/yayoi/.local/share/strata-sycl/models/qwen3.8-flash-next-iq3_s/IQ3_S/Qwen3.8-Flash-Next-GSQ-RCO-IQ3_S-00001-of-00002.gguf","blk.4.ffn_up_exps.weight",6028238464,524800
EXTENT,0,4,196,2,"/home/yayoi/.local/share/strata-sycl/models/qwen3.8-flash-next-iq3_s/IQ3_S/Qwen3.8-Flash-Next-GSQ-RCO-IQ3_S-00001-of-00002.gguf","blk.4.ffn_down_exps.weight",5360562304,921600
ID,0,38,4,196,13893319253034424810
EXTENT,0,5,68,0,"/home/yayoi/.local/share/strata-sycl/models/qwen3.8-flash-next-iq3_s/IQ3_S/Qwen3.8-Flash-Next-GSQ-RCO-IQ3_S-00001-of-00002.gguf","blk.5.ffn_gate_exps.weight",6774039040,524800
EXTENT,0,5,68,1,"/home/yayoi/.local/share/strata-sycl/models/qwen3.8-flash-next-iq3_s/IQ3_S/Qwen3.8-Flash-Next-GSQ-RCO-IQ3_S-00001-of-00002.gguf","blk.5.ffn_up_exps.weight",7046233600,524800
EXTENT,0,5,68,2,"/home/yayoi/.local/share/strata-sycl/models/qwen3.8-flash-next-iq3_s/IQ3_S/Qwen3.8-Flash-Next-GSQ-RCO-IQ3_S-00001-of-00002.gguf","blk.5.ffn_down_exps.weight",6328240640,921600
ID,0,39,5,68,11501049201797823820
EXTENT,0,5,324,0,"/home/yayoi/.local/share/strata-sycl/models/qwen3.8-flash-next-iq3_s/IQ3_S/Qwen3.8-Flash-Next-GSQ-RCO-IQ3_S-00001-of-00002.gguf","blk.5.ffn_gate_exps.weight",6908387840,524800
EXTENT,0,5,324,1,"/home/yayoi/.local/share/strata-sycl/models/qwen3.8-flash-next-iq3_s/IQ3_S/Qwen3.8-Flash-Next-GSQ-RCO-IQ3_S-00001-of-00002.gguf","blk.5.ffn_up_exps.weight",7180582400,524800
EXTENT,0,5,324,2,"/home/yayoi/.local/share/strata-sycl/models/qwen3.8-flash-next-iq3_s/IQ3_S/Qwen3.8-Flash-Next-GSQ-RCO-IQ3_S-00001-of-00002.gguf","blk.5.ffn_down_exps.weight",6564170240,921600
ID,0,40,5,324,8731017004463909743
EXTENT,0,5,173,0,"/home/yayoi/.local/share/strata-sycl/models/qwen3.8-flash-next-iq3_s/IQ3_S/Qwen3.8-Flash-Next-GSQ-RCO-IQ3_S-00001-of-00002.gguf","blk.5.ffn_gate_exps.weight",6829143040,524800
EXTENT,0,5,173,1,"/home/yayoi/.local/share/strata-sycl/models/qwen3.8-flash-next-iq3_s/IQ3_S/Qwen3.8-Flash-Next-GSQ-RCO-IQ3_S-00001-of-00002.gguf","blk.5.ffn_up_exps.weight",7101337600,524800
EXTENT,0,5,173,2,"/home/yayoi/.local/share/strata-sycl/models/qwen3.8-flash-next-iq3_s/IQ3_S/Qwen3.8-Flash-Next-GSQ-RCO-IQ3_S-00001-of-00002.gguf","blk.5.ffn_down_exps.weight",6425008640,921600
ID,0,41,5,173,11382076395783761772
EXTENT,0,5,18,0,"/home/yayoi/.local/share/strata-sycl/models/qwen3.8-flash-next-iq3_s/IQ3_S/Qwen3.8-Flash-Next-GSQ-RCO-IQ3_S-00001-of-00002.gguf","blk.5.ffn_gate_exps.weight",6747799040,524800
EXTENT,0,5,18,1,"/home/yayoi/.local/share/strata-sycl/models/qwen3.8-flash-next-iq3_s/IQ3_S/Qwen3.8-Flash-Next-GSQ-RCO-IQ3_S-00001-of-00002.gguf","blk.5.ffn_up_exps.weight",7019993600,524800
EXTENT,0,5,18,2,"/home/yayoi/.local/share/strata-sycl/models/qwen3.8-flash-next-iq3_s/IQ3_S/Qwen3.8-Flash-Next-GSQ-RCO-IQ3_S-00001-of-00002.gguf","blk.5.ffn_down_exps.weight",6282160640,921600
ID,0,42,5,18,5339301144719324602
EXTENT,0,5,194,0,"/home/yayoi/.local/share/strata-sycl/models/qwen3.8-flash-next-iq3_s/IQ3_S/Qwen3.8-Flash-Next-GSQ-RCO-IQ3_S-00001-of-00002.gguf","blk.5.ffn_gate_exps.weight",6840163840,524800
EXTENT,0,5,194,1,"/home/yayoi/.local/share/strata-sycl/models/qwen3.8-flash-next-iq3_s/IQ3_S/Qwen3.8-Flash-Next-GSQ-RCO-IQ3_S-00001-of-00002.gguf","blk.5.ffn_up_exps.weight",7112358400,524800
EXTENT,0,5,194,2,"/home/yayoi/.local/share/strata-sycl/models/qwen3.8-flash-next-iq3_s/IQ3_S/Qwen3.8-Flash-Next-GSQ-RCO-IQ3_S-00001-of-00002.gguf","blk.5.ffn_down_exps.weight",6444362240,921600
ID,0,43,5,194,12168080597573875664
EXTENT,0,5,81,0,"/home/yayoi/.local/share/strata-sycl/models/qwen3.8-flash-next-iq3_s/IQ3_S/Qwen3.8-Flash-Next-GSQ-RCO-IQ3_S-00001-of-00002.gguf","blk.5.ffn_gate_exps.weight",6780861440,524800
EXTENT,0,5,81,1,"/home/yayoi/.local/share/strata-sycl/models/qwen3.8-flash-next-iq3_s/IQ3_S/Qwen3.8-Flash-Next-GSQ-RCO-IQ3_S-00001-of-00002.gguf","blk.5.ffn_up_exps.weight",7053056000,524800
EXTENT,0,5,81,2,"/home/yayoi/.local/share/strata-sycl/models/qwen3.8-flash-next-iq3_s/IQ3_S/Qwen3.8-Flash-Next-GSQ-RCO-IQ3_S-00001-of-00002.gguf","blk.5.ffn_down_exps.weight",6340221440,921600
ID,0,44,5,81,5704597077458700648
EXTENT,0,5,400,0,"/home/yayoi/.local/share/strata-sycl/models/qwen3.8-flash-next-iq3_s/IQ3_S/Qwen3.8-Flash-Next-GSQ-RCO-IQ3_S-00001-of-00002.gguf","blk.5.ffn_gate_exps.weight",6948272640,524800
EXTENT,0,5,400,1,"/home/yayoi/.local/share/strata-sycl/models/qwen3.8-flash-next-iq3_s/IQ3_S/Qwen3.8-Flash-Next-GSQ-RCO-IQ3_S-00001-of-00002.gguf","blk.5.ffn_up_exps.weight",7220467200,524800
EXTENT,0,5,400,2,"/home/yayoi/.local/share/strata-sycl/models/qwen3.8-flash-next-iq3_s/IQ3_S/Qwen3.8-Flash-Next-GSQ-RCO-IQ3_S-00001-of-00002.gguf","blk.5.ffn_down_exps.weight",6634211840,921600
ID,0,45,5,400,5635984635199173515
EXTENT,0,5,215,0,"/home/yayoi/.local/share/strata-sycl/models/qwen3.8-flash-next-iq3_s/IQ3_S/Qwen3.8-Flash-Next-GSQ-RCO-IQ3_S-00001-of-00002.gguf","blk.5.ffn_gate_exps.weight",6851184640,524800
EXTENT,0,5,215,1,"/home/yayoi/.local/share/strata-sycl/models/qwen3.8-flash-next-iq3_s/IQ3_S/Qwen3.8-Flash-Next-GSQ-RCO-IQ3_S-00001-of-00002.gguf","blk.5.ffn_up_exps.weight",7123379200,524800
EXTENT,0,5,215,2,"/home/yayoi/.local/share/strata-sycl/models/qwen3.8-flash-next-iq3_s/IQ3_S/Qwen3.8-Flash-Next-GSQ-RCO-IQ3_S-00001-of-00002.gguf","blk.5.ffn_down_exps.weight",6463715840,921600
ID,0,46,5,215,8875563107479712574
EXTENT,0,5,213,0,"/home/yayoi/.local/share/strata-sycl/models/qwen3.8-flash-next-iq3_s/IQ3_S/Qwen3.8-Flash-Next-GSQ-RCO-IQ3_S-00001-of-00002.gguf","blk.5.ffn_gate_exps.weight",6850135040,524800
EXTENT,0,5,213,1,"/home/yayoi/.local/share/strata-sycl/models/qwen3.8-flash-next-iq3_s/IQ3_S/Qwen3.8-Flash-Next-GSQ-RCO-IQ3_S-00001-of-00002.gguf","blk.5.ffn_up_exps.weight",7122329600,524800
EXTENT,0,5,213,2,"/home/yayoi/.local/share/strata-sycl/models/qwen3.8-flash-next-iq3_s/IQ3_S/Qwen3.8-Flash-Next-GSQ-RCO-IQ3_S-00001-of-00002.gguf","blk.5.ffn_down_exps.weight",6461872640,921600
ID,0,47,5,213,2748636192150250028
EXTENT,0,5,382,0,"/home/yayoi/.local/share/strata-sycl/models/qwen3.8-flash-next-iq3_s/IQ3_S/Qwen3.8-Flash-Next-GSQ-RCO-IQ3_S-00001-of-00002.gguf","blk.5.ffn_gate_exps.weight",6938826240,524800
EXTENT,0,5,382,1,"/home/yayoi/.local/share/strata-sycl/models/qwen3.8-flash-next-iq3_s/IQ3_S/Qwen3.8-Flash-Next-GSQ-RCO-IQ3_S-00001-of-00002.gguf","blk.5.ffn_up_exps.weight",7211020800,524800
EXTENT,0,5,382,2,"/home/yayoi/.local/share/strata-sycl/models/qwen3.8-flash-next-iq3_s/IQ3_S/Qwen3.8-Flash-Next-GSQ-RCO-IQ3_S-00001-of-00002.gguf","blk.5.ffn_down_exps.weight",6617623040,921600
ID,0,48,5,382,13607420746140811517
EXTENT,0,5,161,0,"/home/yayoi/.local/share/strata-sycl/models/qwen3.8-flash-next-iq3_s/IQ3_S/Qwen3.8-Flash-Next-GSQ-RCO-IQ3_S-00001-of-00002.gguf","blk.5.ffn_gate_exps.weight",6822845440,524800
EXTENT,0,5,161,1,"/home/yayoi/.local/share/strata-sycl/models/qwen3.8-flash-next-iq3_s/IQ3_S/Qwen3.8-Flash-Next-GSQ-RCO-IQ3_S-00001-of-00002.gguf","blk.5.ffn_up_exps.weight",7095040000,524800
EXTENT,0,5,161,2,"/home/yayoi/.local/share/strata-sycl/models/qwen3.8-flash-next-iq3_s/IQ3_S/Qwen3.8-Flash-Next-GSQ-RCO-IQ3_S-00001-of-00002.gguf","blk.5.ffn_down_exps.weight",6413949440,921600
ID,0,49,5,161,901339535723417970
EXTENT,0,5,187,0,"/home/yayoi/.local/share/strata-sycl/models/qwen3.8-flash-next-iq3_s/IQ3_S/Qwen3.8-Flash-Next-GSQ-RCO-IQ3_S-00001-of-00002.gguf","blk.5.ffn_gate_exps.weight",6836490240,524800
EXTENT,0,5,187,1,"/home/yayoi/.local/share/strata-sycl/models/qwen3.8-flash-next-iq3_s/IQ3_S/Qwen3.8-Flash-Next-GSQ-RCO-IQ3_S-00001-of-00002.gguf","blk.5.ffn_up_exps.weight",7108684800,524800
EXTENT,0,5,187,2,"/home/yayoi/.local/share/strata-sycl/models/qwen3.8-flash-next-iq3_s/IQ3_S/Qwen3.8-Flash-Next-GSQ-RCO-IQ3_S-00001-of-00002.gguf","blk.5.ffn_down_exps.weight",6437911040,921600
ID,0,50,5,187,4029676461613589602
EXTENT,0,5,468,0,"/home/yayoi/.local/share/strata-sycl/models/qwen3.8-flash-next-iq3_s/IQ3_S/Qwen3.8-Flash-Next-GSQ-RCO-IQ3_S-00001-of-00002.gguf","blk.5.ffn_gate_exps.weight",6983959040,524800
EXTENT,0,5,468,1,"/home/yayoi/.local/share/strata-sycl/models/qwen3.8-flash-next-iq3_s/IQ3_S/Qwen3.8-Flash-Next-GSQ-RCO-IQ3_S-00001-of-00002.gguf","blk.5.ffn_up_exps.weight",7256153600,524800
EXTENT,0,5,468,2,"/home/yayoi/.local/share/strata-sycl/models/qwen3.8-flash-next-iq3_s/IQ3_S/Qwen3.8-Flash-Next-GSQ-RCO-IQ3_S-00001-of-00002.gguf","blk.5.ffn_down_exps.weight",6696880640,921600
ID,0,51,5,468,13785628508835068124
EXTENT,0,6,422,0,"/home/yayoi/.local/share/strata-sycl/models/qwen3.8-flash-next-iq3_s/IQ3_S/Qwen3.8-Flash-Next-GSQ-RCO-IQ3_S-00001-of-00002.gguf","blk.6.ffn_gate_exps.weight",8040658816,524800
EXTENT,0,6,422,1,"/home/yayoi/.local/share/strata-sycl/models/qwen3.8-flash-next-iq3_s/IQ3_S/Qwen3.8-Flash-Next-GSQ-RCO-IQ3_S-00001-of-00002.gguf","blk.6.ffn_up_exps.weight",8313326976,524800
EXTENT,0,6,422,2,"/home/yayoi/.local/share/strata-sycl/models/qwen3.8-flash-next-iq3_s/IQ3_S/Qwen3.8-Flash-Next-GSQ-RCO-IQ3_S-00001-of-00002.gguf","blk.6.ffn_down_exps.weight",7735327616,921600
ID,0,52,6,422,4863127479954923228
EXTENT,0,6,48,0,"/home/yayoi/.local/share/strata-sycl/models/qwen3.8-flash-next-iq3_s/IQ3_S/Qwen3.8-Flash-Next-GSQ-RCO-IQ3_S-00001-of-00002.gguf","blk.6.ffn_gate_exps.weight",7844383616,524800
EXTENT,0,6,48,1,"/home/yayoi/.local/share/strata-sycl/models/qwen3.8-flash-next-iq3_s/IQ3_S/Qwen3.8-Flash-Next-GSQ-RCO-IQ3_S-00001-of-00002.gguf","blk.6.ffn_up_exps.weight",8117051776,524800
EXTENT,0,6,48,2,"/home/yayoi/.local/share/strata-sycl/models/qwen3.8-flash-next-iq3_s/IQ3_S/Qwen3.8-Flash-Next-GSQ-RCO-IQ3_S-00001-of-00002.gguf","blk.6.ffn_down_exps.weight",7390649216,921600
ID,0,53,6,48,16211425315953782056
EXTENT,0,6,474,0,"/home/yayoi/.local/share/strata-sycl/models/qwen3.8-flash-next-iq3_s/IQ3_S/Qwen3.8-Flash-Next-GSQ-RCO-IQ3_S-00001-of-00002.gguf","blk.6.ffn_gate_exps.weight",8067948416,524800
EXTENT,0,6,474,1,"/home/yayoi/.local/share/strata-sycl/models/qwen3.8-flash-next-iq3_s/IQ3_S/Qwen3.8-Flash-Next-GSQ-RCO-IQ3_S-00001-of-00002.gguf","blk.6.ffn_up_exps.weight",8340616576,524800
EXTENT,0,6,474,2,"/home/yayoi/.local/share/strata-sycl/models/qwen3.8-flash-next-iq3_s/IQ3_S/Qwen3.8-Flash-Next-GSQ-RCO-IQ3_S-00001-of-00002.gguf","blk.6.ffn_down_exps.weight",7783250816,921600
ID,0,54,6,474,4698397268280040644
EXTENT,0,6,433,0,"/home/yayoi/.local/share/strata-sycl/models/qwen3.8-flash-next-iq3_s/IQ3_S/Qwen3.8-Flash-Next-GSQ-RCO-IQ3_S-00001-of-00002.gguf","blk.6.ffn_gate_exps.weight",8046431616,524800
EXTENT,0,6,433,1,"/home/yayoi/.local/share/strata-sycl/models/qwen3.8-flash-next-iq3_s/IQ3_S/Qwen3.8-Flash-Next-GSQ-RCO-IQ3_S-00001-of-00002.gguf","blk.6.ffn_up_exps.weight",8319099776,524800
EXTENT,0,6,433,2,"/home/yayoi/.local/share/strata-sycl/models/qwen3.8-flash-next-iq3_s/IQ3_S/Qwen3.8-Flash-Next-GSQ-RCO-IQ3_S-00001-of-00002.gguf","blk.6.ffn_down_exps.weight",7745465216,921600
ID,0,55,6,433,7102095258190985839
EXTENT,0,6,65,0,"/home/yayoi/.local/share/strata-sycl/models/qwen3.8-flash-next-iq3_s/IQ3_S/Qwen3.8-Flash-Next-GSQ-RCO-IQ3_S-00001-of-00002.gguf","blk.6.ffn_gate_exps.weight",7853305216,524800
EXTENT,0,6,65,1,"/home/yayoi/.local/share/strata-sycl/models/qwen3.8-flash-next-iq3_s/IQ3_S/Qwen3.8-Flash-Next-GSQ-RCO-IQ3_S-00001-of-00002.gguf","blk.6.ffn_up_exps.weight",8125973376,524800
EXTENT,0,6,65,2,"/home/yayoi/.local/share/strata-sycl/models/qwen3.8-flash-next-iq3_s/IQ3_S/Qwen3.8-Flash-Next-GSQ-RCO-IQ3_S-00001-of-00002.gguf","blk.6.ffn_down_exps.weight",7406316416,921600
ID,0,56,6,65,1260337920169769749
EXTENT,0,6,142,0,"/home/yayoi/.local/share/strata-sycl/models/qwen3.8-flash-next-iq3_s/IQ3_S/Qwen3.8-Flash-Next-GSQ-RCO-IQ3_S-00001-of-00002.gguf","blk.6.ffn_gate_exps.weight",7893714816,524800
EXTENT,0,6,142,1,"/home/yayoi/.local/share/strata-sycl/models/qwen3.8-flash-next-iq3_s/IQ3_S/Qwen3.8-Flash-Next-GSQ-RCO-IQ3_S-00001-of-00002.gguf","blk.6.ffn_up_exps.weight",8166382976,524800
EXTENT,0,6,142,2,"/home/yayoi/.local/share/strata-sycl/models/qwen3.8-flash-next-iq3_s/IQ3_S/Qwen3.8-Flash-Next-GSQ-RCO-IQ3_S-00001-of-00002.gguf","blk.6.ffn_down_exps.weight",7477279616,921600
ID,0,57,6,142,14666929543584651966
EXTENT,0,6,99,0,"/home/yayoi/.local/share/strata-sycl/models/qwen3.8-flash-next-iq3_s/IQ3_S/Qwen3.8-Flash-Next-GSQ-RCO-IQ3_S-00001-of-00002.gguf","blk.6.ffn_gate_exps.weight",7871148416,524800
EXTENT,0,6,99,1,"/home/yayoi/.local/share/strata-sycl/models/qwen3.8-flash-next-iq3_s/IQ3_S/Qwen3.8-Flash-Next-GSQ-RCO-IQ3_S-00001-of-00002.gguf","blk.6.ffn_up_exps.weight",8143816576,524800
EXTENT,0,6,99,2,"/home/yayoi/.local/share/strata-sycl/models/qwen3.8-flash-next-iq3_s/IQ3_S/Qwen3.8-Flash-Next-GSQ-RCO-IQ3_S-00001-of-00002.gguf","blk.6.ffn_down_exps.weight",7437650816,921600
ID,0,58,6,99,4894509498636413446
EXTENT,0,6,120,0,"/home/yayoi/.local/share/strata-sycl/models/qwen3.8-flash-next-iq3_s/IQ3_S/Qwen3.8-Flash-Next-GSQ-RCO-IQ3_S-00001-of-00002.gguf","blk.6.ffn_gate_exps.weight",7882169216,524800
EXTENT,0,6,120,1,"/home/yayoi/.local/share/strata-sycl/models/qwen3.8-flash-next-iq3_s/IQ3_S/Qwen3.8-Flash-Next-GSQ-RCO-IQ3_S-00001-of-00002.gguf","blk.6.ffn_up_exps.weight",8154837376,524800
EXTENT,0,6,120,2,"/home/yayoi/.local/share/strata-sycl/models/qwen3.8-flash-next-iq3_s/IQ3_S/Qwen3.8-Flash-Next-GSQ-RCO-IQ3_S-00001-of-00002.gguf","blk.6.ffn_down_exps.weight",7457004416,921600
ID,0,59,6,120,397978206447013054
EXTENT,0,6,136,0,"/home/yayoi/.local/share/strata-sycl/models/qwen3.8-flash-next-iq3_s/IQ3_S/Qwen3.8-Flash-Next-GSQ-RCO-IQ3_S-00001-of-00002.gguf","blk.6.ffn_gate_exps.weight",7890566016,524800
EXTENT,0,6,136,1,"/home/yayoi/.local/share/strata-sycl/models/qwen3.8-flash-next-iq3_s/IQ3_S/Qwen3.8-Flash-Next-GSQ-RCO-IQ3_S-00001-of-00002.gguf","blk.6.ffn_up_exps.weight",8163234176,524800
EXTENT,0,6,136,2,"/home/yayoi/.local/share/strata-sycl/models/qwen3.8-flash-next-iq3_s/IQ3_S/Qwen3.8-Flash-Next-GSQ-RCO-IQ3_S-00001-of-00002.gguf","blk.6.ffn_down_exps.weight",7471750016,921600
ID,0,60,6,136,2030535503733336592
EXTENT,0,6,208,0,"/home/yayoi/.local/share/strata-sycl/models/qwen3.8-flash-next-iq3_s/IQ3_S/Qwen3.8-Flash-Next-GSQ-RCO-IQ3_S-00001-of-00002.gguf","blk.6.ffn_gate_exps.weight",7928351616,524800
EXTENT,0,6,208,1,"/home/yayoi/.local/share/strata-sycl/models/qwen3.8-flash-next-iq3_s/IQ3_S/Qwen3.8-Flash-Next-GSQ-RCO-IQ3_S-00001-of-00002.gguf","blk.6.ffn_up_exps.weight",8201019776,524800
EXTENT,0,6,208,2,"/home/yayoi/.local/share/strata-sycl/models/qwen3.8-flash-next-iq3_s/IQ3_S/Qwen3.8-Flash-Next-GSQ-RCO-IQ3_S-00001-of-00002.gguf","blk.6.ffn_down_exps.weight",7538105216,921600
ID,0,61,6,208,17270451518195769352
EXTENT,0,6,288,0,"/home/yayoi/.local/share/strata-sycl/models/qwen3.8-flash-next-iq3_s/IQ3_S/Qwen3.8-Flash-Next-GSQ-RCO-IQ3_S-00001-of-00002.gguf","blk.6.ffn_gate_exps.weight",7970335616,524800
EXTENT,0,6,288,1,"/home/yayoi/.local/share/strata-sycl/models/qwen3.8-flash-next-iq3_s/IQ3_S/Qwen3.8-Flash-Next-GSQ-RCO-IQ3_S-00001-of-00002.gguf","blk.6.ffn_up_exps.weight",8243003776,524800
EXTENT,0,6,288,2,"/home/yayoi/.local/share/strata-sycl/models/qwen3.8-flash-next-iq3_s/IQ3_S/Qwen3.8-Flash-Next-GSQ-RCO-IQ3_S-00001-of-00002.gguf","blk.6.ffn_down_exps.weight",7611833216,921600
ID,0,62,6,288,8487005858078595631
EXTENT,0,6,170,0,"/home/yayoi/.local/share/strata-sycl/models/qwen3.8-flash-next-iq3_s/IQ3_S/Qwen3.8-Flash-Next-GSQ-RCO-IQ3_S-00001-of-00002.gguf","blk.6.ffn_gate_exps.weight",7908409216,524800
EXTENT,0,6,170,1,"/home/yayoi/.local/share/strata-sycl/models/qwen3.8-flash-next-iq3_s/IQ3_S/Qwen3.8-Flash-Next-GSQ-RCO-IQ3_S-00001-of-00002.gguf","blk.6.ffn_up_exps.weight",8181077376,524800
EXTENT,0,6,170,2,"/home/yayoi/.local/share/strata-sycl/models/qwen3.8-flash-next-iq3_s/IQ3_S/Qwen3.8-Flash-Next-GSQ-RCO-IQ3_S-00001-of-00002.gguf","blk.6.ffn_down_exps.weight",7503084416,921600
ID,0,63,6,170,10532922050246670819
EXTENT,0,6,279,0,"/home/yayoi/.local/share/strata-sycl/models/qwen3.8-flash-next-iq3_s/IQ3_S/Qwen3.8-Flash-Next-GSQ-RCO-IQ3_S-00001-of-00002.gguf","blk.6.ffn_gate_exps.weight",7965612416,524800
EXTENT,0,6,279,1,"/home/yayoi/.local/share/strata-sycl/models/qwen3.8-flash-next-iq3_s/IQ3_S/Qwen3.8-Flash-Next-GSQ-RCO-IQ3_S-00001-of-00002.gguf","blk.6.ffn_up_exps.weight",8238280576,524800
EXTENT,0,6,279,2,"/home/yayoi/.local/share/strata-sycl/models/qwen3.8-flash-next-iq3_s/IQ3_S/Qwen3.8-Flash-Next-GSQ-RCO-IQ3_S-00001-of-00002.gguf","blk.6.ffn_down_exps.weight",7603538816,921600
ID,0,64,6,279,4329022072748426974
EXTENT,0,9,243,0,"/home/yayoi/.local/share/strata-sycl/models/qwen3.8-flash-next-iq3_s/IQ3_S/Qwen3.8-Flash-Next-GSQ-RCO-IQ3_S-00001-of-00002.gguf","blk.9.ffn_gate_exps.weight",11057173120,524800
EXTENT,0,9,243,1,"/home/yayoi/.local/share/strata-sycl/models/qwen3.8-flash-next-iq3_s/IQ3_S/Qwen3.8-Flash-Next-GSQ-RCO-IQ3_S-00001-of-00002.gguf","blk.9.ffn_up_exps.weight",11329418880,524800
EXTENT,0,9,243,2,"/home/yayoi/.local/share/strata-sycl/models/qwen3.8-flash-next-iq3_s/IQ3_S/Qwen3.8-Flash-Next-GSQ-RCO-IQ3_S-00001-of-00002.gguf","blk.9.ffn_down_exps.weight",10680814720,921600
ID,0,65,9,243,11348943330105660003
EXTENT,0,9,231,0,"/home/yayoi/.local/share/strata-sycl/models/qwen3.8-flash-next-iq3_s/IQ3_S/Qwen3.8-Flash-Next-GSQ-RCO-IQ3_S-00001-of-00002.gguf","blk.9.ffn_gate_exps.weight",11050875520,524800
EXTENT,0,9,231,1,"/home/yayoi/.local/share/strata-sycl/models/qwen3.8-flash-next-iq3_s/IQ3_S/Qwen3.8-Flash-Next-GSQ-RCO-IQ3_S-00001-of-00002.gguf","blk.9.ffn_up_exps.weight",11323121280,524800
EXTENT,0,9,231,2,"/home/yayoi/.local/share/strata-sycl/models/qwen3.8-flash-next-iq3_s/IQ3_S/Qwen3.8-Flash-Next-GSQ-RCO-IQ3_S-00001-of-00002.gguf","blk.9.ffn_down_exps.weight",10669755520,921600
ID,0,66,9,231,13599013040801285344
EXTENT,0,9,503,0,"/home/yayoi/.local/share/strata-sycl/models/qwen3.8-flash-next-iq3_s/IQ3_S/Qwen3.8-Flash-Next-GSQ-RCO-IQ3_S-00001-of-00002.gguf","blk.9.ffn_gate_exps.weight",11193621120,524800
EXTENT,0,9,503,1,"/home/yayoi/.local/share/strata-sycl/models/qwen3.8-flash-next-iq3_s/IQ3_S/Qwen3.8-Flash-Next-GSQ-RCO-IQ3_S-00001-of-00002.gguf","blk.9.ffn_up_exps.weight",11465866880,524800
EXTENT,0,9,503,2,"/home/yayoi/.local/share/strata-sycl/models/qwen3.8-flash-next-iq3_s/IQ3_S/Qwen3.8-Flash-Next-GSQ-RCO-IQ3_S-00001-of-00002.gguf","blk.9.ffn_down_exps.weight",10920430720,921600
ID,0,67,9,503,6010408439088864796
EXTENT,0,9,78,0,"/home/yayoi/.local/share/strata-sycl/models/qwen3.8-flash-next-iq3_s/IQ3_S/Qwen3.8-Flash-Next-GSQ-RCO-IQ3_S-00001-of-00002.gguf","blk.9.ffn_gate_exps.weight",10970581120,524800
EXTENT,0,9,78,1,"/home/yayoi/.local/share/strata-sycl/models/qwen3.8-flash-next-iq3_s/IQ3_S/Qwen3.8-Flash-Next-GSQ-RCO-IQ3_S-00001-of-00002.gguf","blk.9.ffn_up_exps.weight",11242826880,524800
EXTENT,0,9,78,2,"/home/yayoi/.local/share/strata-sycl/models/qwen3.8-flash-next-iq3_s/IQ3_S/Qwen3.8-Flash-Next-GSQ-RCO-IQ3_S-00001-of-00002.gguf","blk.9.ffn_down_exps.weight",10528750720,921600
ID,0,68,9,78,17257681803842064570
EXTENT,0,9,58,0,"/home/yayoi/.local/share/strata-sycl/models/qwen3.8-flash-next-iq3_s/IQ3_S/Qwen3.8-Flash-Next-GSQ-RCO-IQ3_S-00001-of-00002.gguf","blk.9.ffn_gate_exps.weight",10960085120,524800
EXTENT,0,9,58,1,"/home/yayoi/.local/share/strata-sycl/models/qwen3.8-flash-next-iq3_s/IQ3_S/Qwen3.8-Flash-Next-GSQ-RCO-IQ3_S-00001-of-00002.gguf","blk.9.ffn_up_exps.weight",11232330880,524800
EXTENT,0,9,58,2,"/home/yayoi/.local/share/strata-sycl/models/qwen3.8-flash-next-iq3_s/IQ3_S/Qwen3.8-Flash-Next-GSQ-RCO-IQ3_S-00001-of-00002.gguf","blk.9.ffn_down_exps.weight",10510318720,921600
ID,0,69,9,58,13552065490071937709
EXTENT,0,9,418,0,"/home/yayoi/.local/share/strata-sycl/models/qwen3.8-flash-next-iq3_s/IQ3_S/Qwen3.8-Flash-Next-GSQ-RCO-IQ3_S-00001-of-00002.gguf","blk.9.ffn_gate_exps.weight",11149013120,524800
EXTENT,0,9,418,1,"/home/yayoi/.local/share/strata-sycl/models/qwen3.8-flash-next-iq3_s/IQ3_S/Qwen3.8-Flash-Next-GSQ-RCO-IQ3_S-00001-of-00002.gguf","blk.9.ffn_up_exps.weight",11421258880,524800
EXTENT,0,9,418,2,"/home/yayoi/.local/share/strata-sycl/models/qwen3.8-flash-next-iq3_s/IQ3_S/Qwen3.8-Flash-Next-GSQ-RCO-IQ3_S-00001-of-00002.gguf","blk.9.ffn_down_exps.weight",10842094720,921600
ID,0,70,9,418,10767547861481628927
EXTENT,0,9,270,0,"/home/yayoi/.local/share/strata-sycl/models/qwen3.8-flash-next-iq3_s/IQ3_S/Qwen3.8-Flash-Next-GSQ-RCO-IQ3_S-00001-of-00002.gguf","blk.9.ffn_gate_exps.weight",11071342720,524800
EXTENT,0,9,270,1,"/home/yayoi/.local/share/strata-sycl/models/qwen3.8-flash-next-iq3_s/IQ3_S/Qwen3.8-Flash-Next-GSQ-RCO-IQ3_S-00001-of-00002.gguf","blk.9.ffn_up_exps.weight",11343588480,524800
EXTENT,0,9,270,2,"/home/yayoi/.local/share/strata-sycl/models/qwen3.8-flash-next-iq3_s/IQ3_S/Qwen3.8-Flash-Next-GSQ-RCO-IQ3_S-00001-of-00002.gguf","blk.9.ffn_down_exps.weight",10705697920,921600
ID,0,71,9,270,10941257543931023367
EXTENT,0,9,122,0,"/home/yayoi/.local/share/strata-sycl/models/qwen3.8-flash-next-iq3_s/IQ3_S/Qwen3.8-Flash-Next-GSQ-RCO-IQ3_S-00001-of-00002.gguf","blk.9.ffn_gate_exps.weight",10993672320,524800
EXTENT,0,9,122,1,"/home/yayoi/.local/share/strata-sycl/models/qwen3.8-flash-next-iq3_s/IQ3_S/Qwen3.8-Flash-Next-GSQ-RCO-IQ3_S-00001-of-00002.gguf","blk.9.ffn_up_exps.weight",11265918080,524800
EXTENT,0,9,122,2,"/home/yayoi/.local/share/strata-sycl/models/qwen3.8-flash-next-iq3_s/IQ3_S/Qwen3.8-Flash-Next-GSQ-RCO-IQ3_S-00001-of-00002.gguf","blk.9.ffn_down_exps.weight",10569301120,921600
ID,0,72,9,122,1403327326962665414
EXTENT,0,9,53,0,"/home/yayoi/.local/share/strata-sycl/models/qwen3.8-flash-next-iq3_s/IQ3_S/Qwen3.8-Flash-Next-GSQ-RCO-IQ3_S-00001-of-00002.gguf","blk.9.ffn_gate_exps.weight",10957461120,524800
EXTENT,0,9,53,1,"/home/yayoi/.local/share/strata-sycl/models/qwen3.8-flash-next-iq3_s/IQ3_S/Qwen3.8-Flash-Next-GSQ-RCO-IQ3_S-00001-of-00002.gguf","blk.9.ffn_up_exps.weight",11229706880,524800
EXTENT,0,9,53,2,"/home/yayoi/.local/share/strata-sycl/models/qwen3.8-flash-next-iq3_s/IQ3_S/Qwen3.8-Flash-Next-GSQ-RCO-IQ3_S-00001-of-00002.gguf","blk.9.ffn_down_exps.weight",10505710720,921600
ID,0,73,9,53,10464355996476102055
EXTENT,0,9,263,0,"/home/yayoi/.local/share/strata-sycl/models/qwen3.8-flash-next-iq3_s/IQ3_S/Qwen3.8-Flash-Next-GSQ-RCO-IQ3_S-00001-of-00002.gguf","blk.9.ffn_gate_exps.weight",11067669120,524800
EXTENT,0,9,263,1,"/home/yayoi/.local/share/strata-sycl/models/qwen3.8-flash-next-iq3_s/IQ3_S/Qwen3.8-Flash-Next-GSQ-RCO-IQ3_S-00001-of-00002.gguf","blk.9.ffn_up_exps.weight",11339914880,524800
EXTENT,0,9,263,2,"/home/yayoi/.local/share/strata-sycl/models/qwen3.8-flash-next-iq3_s/IQ3_S/Qwen3.8-Flash-Next-GSQ-RCO-IQ3_S-00001-of-00002.gguf","blk.9.ffn_down_exps.weight",10699246720,921600
ID,0,74,9,263,2862305448885393309
EXTENT,0,9,267,0,"/home/yayoi/.local/share/strata-sycl/models/qwen3.8-flash-next-iq3_s/IQ3_S/Qwen3.8-Flash-Next-GSQ-RCO-IQ3_S-00001-of-00002.gguf","blk.9.ffn_gate_exps.weight",11069768320,524800
EXTENT,0,9,267,1,"/home/yayoi/.local/share/strata-sycl/models/qwen3.8-flash-next-iq3_s/IQ3_S/Qwen3.8-Flash-Next-GSQ-RCO-IQ3_S-00001-of-00002.gguf","blk.9.ffn_up_exps.weight",11342014080,524800
EXTENT,0,9,267,2,"/home/yayoi/.local/share/strata-sycl/models/qwen3.8-flash-next-iq3_s/IQ3_S/Qwen3.8-Flash-Next-GSQ-RCO-IQ3_S-00001-of-00002.gguf","blk.9.ffn_down_exps.weight",10702933120,921600
ID,0,75,9,267,8581768430426944915
EXTENT,0,9,491,0,"/home/yayoi/.local/share/strata-sycl/models/qwen3.8-flash-next-iq3_s/IQ3_S/Qwen3.8-Flash-Next-GSQ-RCO-IQ3_S-00001-of-00002.gguf","blk.9.ffn_gate_exps.weight",11187323520,524800
EXTENT,0,9,491,1,"/home/yayoi/.local/share/strata-sycl/models/qwen3.8-flash-next-iq3_s/IQ3_S/Qwen3.8-Flash-Next-GSQ-RCO-IQ3_S-00001-of-00002.gguf","blk.9.ffn_up_exps.weight",11459569280,524800
EXTENT,0,9,491,2,"/home/yayoi/.local/share/strata-sycl/models/qwen3.8-flash-next-iq3_s/IQ3_S/Qwen3.8-Flash-Next-GSQ-RCO-IQ3_S-00001-of-00002.gguf","blk.9.ffn_down_exps.weight",10909371520,921600
ID,0,76,9,491,317770194476660764
EXTENT,0,9,211,0,"/home/yayoi/.local/share/strata-sycl/models/qwen3.8-flash-next-iq3_s/IQ3_S/Qwen3.8-Flash-Next-GSQ-RCO-IQ3_S-00001-of-00002.gguf","blk.9.ffn_gate_exps.weight",11040379520,524800
EXTENT,0,9,211,1,"/home/yayoi/.local/share/strata-sycl/models/qwen3.8-flash-next-iq3_s/IQ3_S/Qwen3.8-Flash-Next-GSQ-RCO-IQ3_S-00001-of-00002.gguf","blk.9.ffn_up_exps.weight",11312625280,524800
EXTENT,0,9,211,2,"/home/yayoi/.local/share/strata-sycl/models/qwen3.8-flash-next-iq3_s/IQ3_S/Qwen3.8-Flash-Next-GSQ-RCO-IQ3_S-00001-of-00002.gguf","blk.9.ffn_down_exps.weight",10651323520,921600
ID,0,77,9,211,3777324379208898439
EXTENT,0,11,120,0,"/home/yayoi/.local/share/strata-sycl/models/qwen3.8-flash-next-iq3_s/IQ3_S/Qwen3.8-Flash-Next-GSQ-RCO-IQ3_S-00001-of-00002.gguf","blk.11.ffn_gate_exps.weight",12929471360,524800
EXTENT,0,11,120,1,"/home/yayoi/.local/share/strata-sycl/models/qwen3.8-flash-next-iq3_s/IQ3_S/Qwen3.8-Flash-Next-GSQ-RCO-IQ3_S-00001-of-00002.gguf","blk.11.ffn_up_exps.weight",13201717120,524800
EXTENT,0,11,120,2,"/home/yayoi/.local/share/strata-sycl/models/qwen3.8-flash-next-iq3_s/IQ3_S/Qwen3.8-Flash-Next-GSQ-RCO-IQ3_S-00001-of-00002.gguf","blk.11.ffn_down_exps.weight",12504306560,921600
ID,0,78,11,120,3577487040154468630
EXTENT,0,11,247,0,"/home/yayoi/.local/share/strata-sycl/models/qwen3.8-flash-next-iq3_s/IQ3_S/Qwen3.8-Flash-Next-GSQ-RCO-IQ3_S-00001-of-00002.gguf","blk.11.ffn_gate_exps.weight",12996120960,524800
EXTENT,0,11,247,1,"/home/yayoi/.local/share/strata-sycl/models/qwen3.8-flash-next-iq3_s/IQ3_S/Qwen3.8-Flash-Next-GSQ-RCO-IQ3_S-00001-of-00002.gguf","blk.11.ffn_up_exps.weight",13268366720,524800
EXTENT,0,11,247,2,"/home/yayoi/.local/share/strata-sycl/models/qwen3.8-flash-next-iq3_s/IQ3_S/Qwen3.8-Flash-Next-GSQ-RCO-IQ3_S-00001-of-00002.gguf","blk.11.ffn_down_exps.weight",12621349760,921600
ID,0,79,11,247,13224022833476668235
EXTENT,0,11,110,0,"/home/yayoi/.local/share/strata-sycl/models/qwen3.8-flash-next-iq3_s/IQ3_S/Qwen3.8-Flash-Next-GSQ-RCO-IQ3_S-00001-of-00002.gguf","blk.11.ffn_gate_exps.weight",12924223360,524800
EXTENT,0,11,110,1,"/home/yayoi/.local/share/strata-sycl/models/qwen3.8-flash-next-iq3_s/IQ3_S/Qwen3.8-Flash-Next-GSQ-RCO-IQ3_S-00001-of-00002.gguf","blk.11.ffn_up_exps.weight",13196469120,524800
EXTENT,0,11,110,2,"/home/yayoi/.local/share/strata-sycl/models/qwen3.8-flash-next-iq3_s/IQ3_S/Qwen3.8-Flash-Next-GSQ-RCO-IQ3_S-00001-of-00002.gguf","blk.11.ffn_down_exps.weight",12495090560,921600
ID,0,80,11,110,9829395376526627477
EXTENT,0,11,74,0,"/home/yayoi/.local/share/strata-sycl/models/qwen3.8-flash-next-iq3_s/IQ3_S/Qwen3.8-Flash-Next-GSQ-RCO-IQ3_S-00001-of-00002.gguf","blk.11.ffn_gate_exps.weight",12905330560,524800
EXTENT,0,11,74,1,"/home/yayoi/.local/share/strata-sycl/models/qwen3.8-flash-next-iq3_s/IQ3_S/Qwen3.8-Flash-Next-GSQ-RCO-IQ3_S-00001-of-00002.gguf","blk.11.ffn_up_exps.weight",13177576320,524800
EXTENT,0,11,74,2,"/home/yayoi/.local/share/strata-sycl/models/qwen3.8-flash-next-iq3_s/IQ3_S/Qwen3.8-Flash-Next-GSQ-RCO-IQ3_S-00001-of-00002.gguf","blk.11.ffn_down_exps.weight",12461912960,921600
ID,0,81,11,74,5646075602740653053
EXTENT,0,11,172,0,"/home/yayoi/.local/share/strata-sycl/models/qwen3.8-flash-next-iq3_s/IQ3_S/Qwen3.8-Flash-Next-GSQ-RCO-IQ3_S-00001-of-00002.gguf","blk.11.ffn_gate_exps.weight",12956760960,524800
EXTENT,0,11,172,1,"/home/yayoi/.local/share/strata-sycl/models/qwen3.8-flash-next-iq3_s/IQ3_S/Qwen3.8-Flash-Next-GSQ-RCO-IQ3_S-00001-of-00002.gguf","blk.11.ffn_up_exps.weight",13229006720,524800
EXTENT,0,11,172,2,"/home/yayoi/.local/share/strata-sycl/models/qwen3.8-flash-next-iq3_s/IQ3_S/Qwen3.8-Flash-Next-GSQ-RCO-IQ3_S-00001-of-00002.gguf","blk.11.ffn_down_exps.weight",12552229760,921600
ID,0,82,11,172,18085608829092296266
EXTENT,0,11,336,0,"/home/yayoi/.local/share/strata-sycl/models/qwen3.8-flash-next-iq3_s/IQ3_S/Qwen3.8-Flash-Next-GSQ-RCO-IQ3_S-00001-of-00002.gguf","blk.11.ffn_gate_exps.weight",13042828160,524800
EXTENT,0,11,336,1,"/home/yayoi/.local/share/strata-sycl/models/qwen3.8-flash-next-iq3_s/IQ3_S/Qwen3.8-Flash-Next-GSQ-RCO-IQ3_S-00001-of-00002.gguf","blk.11.ffn_up_exps.weight",13315073920,524800
EXTENT,0,11,336,2,"/home/yayoi/.local/share/strata-sycl/models/qwen3.8-flash-next-iq3_s/IQ3_S/Qwen3.8-Flash-Next-GSQ-RCO-IQ3_S-00001-of-00002.gguf","blk.11.ffn_down_exps.weight",12703372160,921600
ID,0,83,11,336,5165751722846384576
EXTENT,0,11,407,0,"/home/yayoi/.local/share/strata-sycl/models/qwen3.8-flash-next-iq3_s/IQ3_S/Qwen3.8-Flash-Next-GSQ-RCO-IQ3_S-00001-of-00002.gguf","blk.11.ffn_gate_exps.weight",13080088960,524800
EXTENT,0,11,407,1,"/home/yayoi/.local/share/strata-sycl/models/qwen3.8-flash-next-iq3_s/IQ3_S/Qwen3.8-Flash-Next-GSQ-RCO-IQ3_S-00001-of-00002.gguf","blk.11.ffn_up_exps.weight",13352334720,524800
EXTENT,0,11,407,2,"/home/yayoi/.local/share/strata-sycl/models/qwen3.8-flash-next-iq3_s/IQ3_S/Qwen3.8-Flash-Next-GSQ-RCO-IQ3_S-00001-of-00002.gguf","blk.11.ffn_down_exps.weight",12768805760,921600
ID,0,84,11,407,15290566423683734707
EXTENT,0,11,367,0,"/home/yayoi/.local/share/strata-sycl/models/qwen3.8-flash-next-iq3_s/IQ3_S/Qwen3.8-Flash-Next-GSQ-RCO-IQ3_S-00001-of-00002.gguf","blk.11.ffn_gate_exps.weight",13059096960,524800
EXTENT,0,11,367,1,"/home/yayoi/.local/share/strata-sycl/models/qwen3.8-flash-next-iq3_s/IQ3_S/Qwen3.8-Flash-Next-GSQ-RCO-IQ3_S-00001-of-00002.gguf","blk.11.ffn_up_exps.weight",13331342720,524800
EXTENT,0,11,367,2,"/home/yayoi/.local/share/strata-sycl/models/qwen3.8-flash-next-iq3_s/IQ3_S/Qwen3.8-Flash-Next-GSQ-RCO-IQ3_S-00001-of-00002.gguf","blk.11.ffn_down_exps.weight",12731941760,921600
ID,0,85,11,367,3636869003666006228
EXTENT,0,11,395,0,"/home/yayoi/.local/share/strata-sycl/models/qwen3.8-flash-next-iq3_s/IQ3_S/Qwen3.8-Flash-Next-GSQ-RCO-IQ3_S-00001-of-00002.gguf","blk.11.ffn_gate_exps.weight",13073791360,524800
EXTENT,0,11,395,1,"/home/yayoi/.local/share/strata-sycl/models/qwen3.8-flash-next-iq3_s/IQ3_S/Qwen3.8-Flash-Next-GSQ-RCO-IQ3_S-00001-of-00002.gguf","blk.11.ffn_up_exps.weight",13346037120,524800
EXTENT,0,11,395,2,"/home/yayoi/.local/share/strata-sycl/models/qwen3.8-flash-next-iq3_s/IQ3_S/Qwen3.8-Flash-Next-GSQ-RCO-IQ3_S-00001-of-00002.gguf","blk.11.ffn_down_exps.weight",12757746560,921600
ID,0,86,11,395,13111601138371697802
EXTENT,0,11,85,0,"/home/yayoi/.local/share/strata-sycl/models/qwen3.8-flash-next-iq3_s/IQ3_S/Qwen3.8-Flash-Next-GSQ-RCO-IQ3_S-00001-of-00002.gguf","blk.11.ffn_gate_exps.weight",12911103360,524800
EXTENT,0,11,85,1,"/home/yayoi/.local/share/strata-sycl/models/qwen3.8-flash-next-iq3_s/IQ3_S/Qwen3.8-Flash-Next-GSQ-RCO-IQ3_S-00001-of-00002.gguf","blk.11.ffn_up_exps.weight",13183349120,524800
EXTENT,0,11,85,2,"/home/yayoi/.local/share/strata-sycl/models/qwen3.8-flash-next-iq3_s/IQ3_S/Qwen3.8-Flash-Next-GSQ-RCO-IQ3_S-00001-of-00002.gguf","blk.11.ffn_down_exps.weight",12472050560,921600
ID,0,87,11,85,12089723298627591857
EXTENT,0,11,9,0,"/home/yayoi/.local/share/strata-sycl/models/qwen3.8-flash-next-iq3_s/IQ3_S/Qwen3.8-Flash-Next-GSQ-RCO-IQ3_S-00001-of-00002.gguf","blk.11.ffn_gate_exps.weight",12871218560,524800
EXTENT,0,11,9,1,"/home/yayoi/.local/share/strata-sycl/models/qwen3.8-flash-next-iq3_s/IQ3_S/Qwen3.8-Flash-Next-GSQ-RCO-IQ3_S-00001-of-00002.gguf","blk.11.ffn_up_exps.weight",13143464320,524800
EXTENT,0,11,9,2,"/home/yayoi/.local/share/strata-sycl/models/qwen3.8-flash-next-iq3_s/IQ3_S/Qwen3.8-Flash-Next-GSQ-RCO-IQ3_S-00001-of-00002.gguf","blk.11.ffn_down_exps.weight",12402008960,921600
ID,0,88,11,9,5390888977445272318
EXTENT,0,11,234,0,"/home/yayoi/.local/share/strata-sycl/models/qwen3.8-flash-next-iq3_s/IQ3_S/Qwen3.8-Flash-Next-GSQ-RCO-IQ3_S-00001-of-00002.gguf","blk.11.ffn_gate_exps.weight",12989298560,524800
EXTENT,0,11,234,1,"/home/yayoi/.local/share/strata-sycl/models/qwen3.8-flash-next-iq3_s/IQ3_S/Qwen3.8-Flash-Next-GSQ-RCO-IQ3_S-00001-of-00002.gguf","blk.11.ffn_up_exps.weight",13261544320,524800
EXTENT,0,11,234,2,"/home/yayoi/.local/share/strata-sycl/models/qwen3.8-flash-next-iq3_s/IQ3_S/Qwen3.8-Flash-Next-GSQ-RCO-IQ3_S-00001-of-00002.gguf","blk.11.ffn_down_exps.weight",12609368960,921600
ID,0,89,11,234,4284635035779927066
EXTENT,0,11,84,0,"/home/yayoi/.local/share/strata-sycl/models/qwen3.8-flash-next-iq3_s/IQ3_S/Qwen3.8-Flash-Next-GSQ-RCO-IQ3_S-00001-of-00002.gguf","blk.11.ffn_gate_exps.weight",12910578560,524800
EXTENT,0,11,84,1,"/home/yayoi/.local/share/strata-sycl/models/qwen3.8-flash-next-iq3_s/IQ3_S/Qwen3.8-Flash-Next-GSQ-RCO-IQ3_S-00001-of-00002.gguf","blk.11.ffn_up_exps.weight",13182824320,524800
EXTENT,0,11,84,2,"/home/yayoi/.local/share/strata-sycl/models/qwen3.8-flash-next-iq3_s/IQ3_S/Qwen3.8-Flash-Next-GSQ-RCO-IQ3_S-00001-of-00002.gguf","blk.11.ffn_down_exps.weight",12471128960,921600
ID,0,90,11,84,16336141847852333429
EXTENT,0,15,27,0,"/home/yayoi/.local/share/strata-sycl/models/qwen3.8-flash-next-iq3_s/IQ3_S/Qwen3.8-Flash-Next-GSQ-RCO-IQ3_S-00001-of-00002.gguf","blk.15.ffn_gate_exps.weight",16938012160,524800
EXTENT,0,15,27,1,"/home/yayoi/.local/share/strata-sycl/models/qwen3.8-flash-next-iq3_s/IQ3_S/Qwen3.8-Flash-Next-GSQ-RCO-IQ3_S-00001-of-00002.gguf","blk.15.ffn_up_exps.weight",17210680320,524800
EXTENT,0,15,27,2,"/home/yayoi/.local/share/strata-sycl/models/qwen3.8-flash-next-iq3_s/IQ3_S/Qwen3.8-Flash-Next-GSQ-RCO-IQ3_S-00001-of-00002.gguf","blk.15.ffn_down_exps.weight",16475944960,921600
ID,0,91,15,27,8183393276542416453
EXTENT,0,15,316,0,"/home/yayoi/.local/share/strata-sycl/models/qwen3.8-flash-next-iq3_s/IQ3_S/Qwen3.8-Flash-Next-GSQ-RCO-IQ3_S-00001-of-00002.gguf","blk.15.ffn_gate_exps.weight",17089679360,524800
EXTENT,0,15,316,1,"/home/yayoi/.local/share/strata-sycl/models/qwen3.8-flash-next-iq3_s/IQ3_S/Qwen3.8-Flash-Next-GSQ-RCO-IQ3_S-00001-of-00002.gguf","blk.15.ffn_up_exps.weight",17362347520,524800
EXTENT,0,15,316,2,"/home/yayoi/.local/share/strata-sycl/models/qwen3.8-flash-next-iq3_s/IQ3_S/Qwen3.8-Flash-Next-GSQ-RCO-IQ3_S-00001-of-00002.gguf","blk.15.ffn_down_exps.weight",16742287360,921600
ID,0,92,15,316,6072106956356333149
EXTENT,0,15,272,0,"/home/yayoi/.local/share/strata-sycl/models/qwen3.8-flash-next-iq3_s/IQ3_S/Qwen3.8-Flash-Next-GSQ-RCO-IQ3_S-00001-of-00002.gguf","blk.15.ffn_gate_exps.weight",17066588160,524800
EXTENT,0,15,272,1,"/home/yayoi/.local/share/strata-sycl/models/qwen3.8-flash-next-iq3_s/IQ3_S/Qwen3.8-Flash-Next-GSQ-RCO-IQ3_S-00001-of-00002.gguf","blk.15.ffn_up_exps.weight",17339256320,524800
EXTENT,0,15,272,2,"/home/yayoi/.local/share/strata-sycl/models/qwen3.8-flash-next-iq3_s/IQ3_S/Qwen3.8-Flash-Next-GSQ-RCO-IQ3_S-00001-of-00002.gguf","blk.15.ffn_down_exps.weight",16701736960,921600
ID,0,93,15,272,954739910303927188
EXTENT,0,15,189,0,"/home/yayoi/.local/share/strata-sycl/models/qwen3.8-flash-next-iq3_s/IQ3_S/Qwen3.8-Flash-Next-GSQ-RCO-IQ3_S-00001-of-00002.gguf","blk.15.ffn_gate_exps.weight",17023029760,524800
EXTENT,0,15,189,1,"/home/yayoi/.local/share/strata-sycl/models/qwen3.8-flash-next-iq3_s/IQ3_S/Qwen3.8-Flash-Next-GSQ-RCO-IQ3_S-00001-of-00002.gguf","blk.15.ffn_up_exps.weight",17295697920,524800
EXTENT,0,15,189,2,"/home/yayoi/.local/share/strata-sycl/models/qwen3.8-flash-next-iq3_s/IQ3_S/Qwen3.8-Flash-Next-GSQ-RCO-IQ3_S-00001-of-00002.gguf","blk.15.ffn_down_exps.weight",16625244160,921600
ID,0,94,15,189,8849964330389019147
EXTENT,0,15,60,0,"/home/yayoi/.local/share/strata-sycl/models/qwen3.8-flash-next-iq3_s/IQ3_S/Qwen3.8-Flash-Next-GSQ-RCO-IQ3_S-00001-of-00002.gguf","blk.15.ffn_gate_exps.weight",16955330560,524800
EXTENT,0,15,60,1,"/home/yayoi/.local/share/strata-sycl/models/qwen3.8-flash-next-iq3_s/IQ3_S/Qwen3.8-Flash-Next-GSQ-RCO-IQ3_S-00001-of-00002.gguf","blk.15.ffn_up_exps.weight",17227998720,524800
EXTENT,0,15,60,2,"/home/yayoi/.local/share/strata-sycl/models/qwen3.8-flash-next-iq3_s/IQ3_S/Qwen3.8-Flash-Next-GSQ-RCO-IQ3_S-00001-of-00002.gguf","blk.15.ffn_down_exps.weight",16506357760,921600
ID,0,95,15,60,15733446534559016023
EXTENT,0,15,503,0,"/home/yayoi/.local/share/strata-sycl/models/qwen3.8-flash-next-iq3_s/IQ3_S/Qwen3.8-Flash-Next-GSQ-RCO-IQ3_S-00001-of-00002.gguf","blk.15.ffn_gate_exps.weight",17187816960,524800
EXTENT,0,15,503,1,"/home/yayoi/.local/share/strata-sycl/models/qwen3.8-flash-next-iq3_s/IQ3_S/Qwen3.8-Flash-Next-GSQ-RCO-IQ3_S-00001-of-00002.gguf","blk.15.ffn_up_exps.weight",17460485120,524800
EXTENT,0,15,503,2,"/home/yayoi/.local/share/strata-sycl/models/qwen3.8-flash-next-iq3_s/IQ3_S/Qwen3.8-Flash-Next-GSQ-RCO-IQ3_S-00001-of-00002.gguf","blk.15.ffn_down_exps.weight",16914626560,921600
ID,0,96,15,503,3997027971104777165
EXTENT,0,15,209,0,"/home/yayoi/.local/share/strata-sycl/models/qwen3.8-flash-next-iq3_s/IQ3_S/Qwen3.8-Flash-Next-GSQ-RCO-IQ3_S-00001-of-00002.gguf","blk.15.ffn_gate_exps.weight",17033525760,524800
EXTENT,0,15,209,1,"/home/yayoi/.local/share/strata-sycl/models/qwen3.8-flash-next-iq3_s/IQ3_S/Qwen3.8-Flash-Next-GSQ-RCO-IQ3_S-00001-of-00002.gguf","blk.15.ffn_up_exps.weight",17306193920,524800
EXTENT,0,15,209,2,"/home/yayoi/.local/share/strata-sycl/models/qwen3.8-flash-next-iq3_s/IQ3_S/Qwen3.8-Flash-Next-GSQ-RCO-IQ3_S-00001-of-00002.gguf","blk.15.ffn_down_exps.weight",16643676160,921600
ID,0,97,15,209,15548925100554399752
EXTENT,0,15,102,0,"/home/yayoi/.local/share/strata-sycl/models/qwen3.8-flash-next-iq3_s/IQ3_S/Qwen3.8-Flash-Next-GSQ-RCO-IQ3_S-00001-of-00002.gguf","blk.15.ffn_gate_exps.weight",16977372160,524800
EXTENT,0,15,102,1,"/home/yayoi/.local/share/strata-sycl/models/qwen3.8-flash-next-iq3_s/IQ3_S/Qwen3.8-Flash-Next-GSQ-RCO-IQ3_S-00001-of-00002.gguf","blk.15.ffn_up_exps.weight",17250040320,524800
EXTENT,0,15,102,2,"/home/yayoi/.local/share/strata-sycl/models/qwen3.8-flash-next-iq3_s/IQ3_S/Qwen3.8-Flash-Next-GSQ-RCO-IQ3_S-00001-of-00002.gguf","blk.15.ffn_down_exps.weight",16545064960,921600
ID,0,98,15,102,2859807595373166581
EXTENT,0,15,37,0,"/home/yayoi/.local/share/strata-sycl/models/qwen3.8-flash-next-iq3_s/IQ3_S/Qwen3.8-Flash-Next-GSQ-RCO-IQ3_S-00001-of-00002.gguf","blk.15.ffn_gate_exps.weight",16943260160,524800
EXTENT,0,15,37,1,"/home/yayoi/.local/share/strata-sycl/models/qwen3.8-flash-next-iq3_s/IQ3_S/Qwen3.8-Flash-Next-GSQ-RCO-IQ3_S-00001-of-00002.gguf","blk.15.ffn_up_exps.weight",17215928320,524800
EXTENT,0,15,37,2,"/home/yayoi/.local/share/strata-sycl/models/qwen3.8-flash-next-iq3_s/IQ3_S/Qwen3.8-Flash-Next-GSQ-RCO-IQ3_S-00001-of-00002.gguf","blk.15.ffn_down_exps.weight",16485160960,921600
ID,0,99,15,37,6808987490306769149
EXTENT,0,15,495,0,"/home/yayoi/.local/share/strata-sycl/models/qwen3.8-flash-next-iq3_s/IQ3_S/Qwen3.8-Flash-Next-GSQ-RCO-IQ3_S-00001-of-00002.gguf","blk.15.ffn_gate_exps.weight",17183618560,524800
EXTENT,0,15,495,1,"/home/yayoi/.local/share/strata-sycl/models/qwen3.8-flash-next-iq3_s/IQ3_S/Qwen3.8-Flash-Next-GSQ-RCO-IQ3_S-00001-of-00002.gguf","blk.15.ffn_up_exps.weight",17456286720,524800
EXTENT,0,15,495,2,"/home/yayoi/.local/share/strata-sycl/models/qwen3.8-flash-next-iq3_s/IQ3_S/Qwen3.8-Flash-Next-GSQ-RCO-IQ3_S-00001-of-00002.gguf","blk.15.ffn_down_exps.weight",16907253760,921600
ID,0,100,15,495,14367747385999705761
EXTENT,0,15,61,0,"/home/yayoi/.local/share/strata-sycl/models/qwen3.8-flash-next-iq3_s/IQ3_S/Qwen3.8-Flash-Next-GSQ-RCO-IQ3_S-00001-of-00002.gguf","blk.15.ffn_gate_exps.weight",16955855360,524800
EXTENT,0,15,61,1,"/home/yayoi/.local/share/strata-sycl/models/qwen3.8-flash-next-iq3_s/IQ3_S/Qwen3.8-Flash-Next-GSQ-RCO-IQ3_S-00001-of-00002.gguf","blk.15.ffn_up_exps.weight",17228523520,524800
EXTENT,0,15,61,2,"/home/yayoi/.local/share/strata-sycl/models/qwen3.8-flash-next-iq3_s/IQ3_S/Qwen3.8-Flash-Next-GSQ-RCO-IQ3_S-00001-of-00002.gguf","blk.15.ffn_down_exps.weight",16507279360,921600
ID,0,101,15,61,7415095917049591796
EXTENT,0,15,476,0,"/home/yayoi/.local/share/strata-sycl/models/qwen3.8-flash-next-iq3_s/IQ3_S/Qwen3.8-Flash-Next-GSQ-RCO-IQ3_S-00001-of-00002.gguf","blk.15.ffn_gate_exps.weight",17173647360,524800
EXTENT,0,15,476,1,"/home/yayoi/.local/share/strata-sycl/models/qwen3.8-flash-next-iq3_s/IQ3_S/Qwen3.8-Flash-Next-GSQ-RCO-IQ3_S-00001-of-00002.gguf","blk.15.ffn_up_exps.weight",17446315520,524800
EXTENT,0,15,476,2,"/home/yayoi/.local/share/strata-sycl/models/qwen3.8-flash-next-iq3_s/IQ3_S/Qwen3.8-Flash-Next-GSQ-RCO-IQ3_S-00001-of-00002.gguf","blk.15.ffn_down_exps.weight",16889743360,921600
ID,0,102,15,476,674399833459268825
EXTENT,0,15,138,0,"/home/yayoi/.local/share/strata-sycl/models/qwen3.8-flash-next-iq3_s/IQ3_S/Qwen3.8-Flash-Next-GSQ-RCO-IQ3_S-00001-of-00002.gguf","blk.15.ffn_gate_exps.weight",16996264960,524800
EXTENT,0,15,138,1,"/home/yayoi/.local/share/strata-sycl/models/qwen3.8-flash-next-iq3_s/IQ3_S/Qwen3.8-Flash-Next-GSQ-RCO-IQ3_S-00001-of-00002.gguf","blk.15.ffn_up_exps.weight",17268933120,524800
EXTENT,0,15,138,2,"/home/yayoi/.local/share/strata-sycl/models/qwen3.8-flash-next-iq3_s/IQ3_S/Qwen3.8-Flash-Next-GSQ-RCO-IQ3_S-00001-of-00002.gguf","blk.15.ffn_down_exps.weight",16578242560,921600
ID,0,103,15,138,886508146022984
EXTENT,0,19,365,0,"/home/yayoi/.local/share/strata-sycl/models/qwen3.8-flash-next-iq3_s/IQ3_S/Qwen3.8-Flash-Next-GSQ-RCO-IQ3_S-00001-of-00002.gguf","blk.19.ffn_gate_exps.weight",21846262400,524800
EXTENT,0,19,365,1,"/home/yayoi/.local/share/strata-sycl/models/qwen3.8-flash-next-iq3_s/IQ3_S/Qwen3.8-Flash-Next-GSQ-RCO-IQ3_S-00001-of-00002.gguf","blk.19.ffn_up_exps.weight",22118930560,524800
EXTENT,0,19,365,2,"/home/yayoi/.local/share/strata-sycl/models/qwen3.8-flash-next-iq3_s/IQ3_S/Qwen3.8-Flash-Next-GSQ-RCO-IQ3_S-00001-of-00002.gguf","blk.19.ffn_down_exps.weight",21518313600,921600
ID,0,104,19,365,9750754003998654140
EXTENT,0,19,348,0,"/home/yayoi/.local/share/strata-sycl/models/qwen3.8-flash-next-iq3_s/IQ3_S/Qwen3.8-Flash-Next-GSQ-RCO-IQ3_S-00001-of-00002.gguf","blk.19.ffn_gate_exps.weight",21837340800,524800
EXTENT,0,19,348,1,"/home/yayoi/.local/share/strata-sycl/models/qwen3.8-flash-next-iq3_s/IQ3_S/Qwen3.8-Flash-Next-GSQ-RCO-IQ3_S-00001-of-00002.gguf","blk.19.ffn_up_exps.weight",22110008960,524800
EXTENT,0,19,348,2,"/home/yayoi/.local/share/strata-sycl/models/qwen3.8-flash-next-iq3_s/IQ3_S/Qwen3.8-Flash-Next-GSQ-RCO-IQ3_S-00001-of-00002.gguf","blk.19.ffn_down_exps.weight",21502646400,921600
ID,0,105,19,348,1484905219272825177
EXTENT,0,19,479,0,"/home/yayoi/.local/share/strata-sycl/models/qwen3.8-flash-next-iq3_s/IQ3_S/Qwen3.8-Flash-Next-GSQ-RCO-IQ3_S-00001-of-00002.gguf","blk.19.ffn_gate_exps.weight",21906089600,524800
EXTENT,0,19,479,1,"/home/yayoi/.local/share/strata-sycl/models/qwen3.8-flash-next-iq3_s/IQ3_S/Qwen3.8-Flash-Next-GSQ-RCO-IQ3_S-00001-of-00002.gguf","blk.19.ffn_up_exps.weight",22178757760,524800
EXTENT,0,19,479,2,"/home/yayoi/.local/share/strata-sycl/models/qwen3.8-flash-next-iq3_s/IQ3_S/Qwen3.8-Flash-Next-GSQ-RCO-IQ3_S-00001-of-00002.gguf","blk.19.ffn_down_exps.weight",21623376000,921600
ID,0,106,19,479,13755007217134777867
EXTENT,0,19,281,0,"/home/yayoi/.local/share/strata-sycl/models/qwen3.8-flash-next-iq3_s/IQ3_S/Qwen3.8-Flash-Next-GSQ-RCO-IQ3_S-00001-of-00002.gguf","blk.19.ffn_gate_exps.weight",21802179200,524800
EXTENT,0,19,281,1,"/home/yayoi/.local/share/strata-sycl/models/qwen3.8-flash-next-iq3_s/IQ3_S/Qwen3.8-Flash-Next-GSQ-RCO-IQ3_S-00001-of-00002.gguf","blk.19.ffn_up_exps.weight",22074847360,524800
EXTENT,0,19,281,2,"/home/yayoi/.local/share/strata-sycl/models/qwen3.8-flash-next-iq3_s/IQ3_S/Qwen3.8-Flash-Next-GSQ-RCO-IQ3_S-00001-of-00002.gguf","blk.19.ffn_down_exps.weight",21440899200,921600
ID,0,107,19,281,1568585172480682387
EXTENT,0,19,142,0,"/home/yayoi/.local/share/strata-sycl/models/qwen3.8-flash-next-iq3_s/IQ3_S/Qwen3.8-Flash-Next-GSQ-RCO-IQ3_S-00001-of-00002.gguf","blk.19.ffn_gate_exps.weight",21729232000,524800
EXTENT,0,19,142,1,"/home/yayoi/.local/share/strata-sycl/models/qwen3.8-flash-next-iq3_s/IQ3_S/Qwen3.8-Flash-Next-GSQ-RCO-IQ3_S-00001-of-00002.gguf","blk.19.ffn_up_exps.weight",22001900160,524800
EXTENT,0,19,142,2,"/home/yayoi/.local/share/strata-sycl/models/qwen3.8-flash-next-iq3_s/IQ3_S/Qwen3.8-Flash-Next-GSQ-RCO-IQ3_S-00001-of-00002.gguf","blk.19.ffn_down_exps.weight",21312796800,921600
ID,0,108,19,142,8143275563845128304
EXTENT,0,19,388,0,"/home/yayoi/.local/share/strata-sycl/models/qwen3.8-flash-next-iq3_s/IQ3_S/Qwen3.8-Flash-Next-GSQ-RCO-IQ3_S-00001-of-00002.gguf","blk.19.ffn_gate_exps.weight",21858332800,524800
EXTENT,0,19,388,1,"/home/yayoi/.local/share/strata-sycl/models/qwen3.8-flash-next-iq3_s/IQ3_S/Qwen3.8-Flash-Next-GSQ-RCO-IQ3_S-00001-of-00002.gguf","blk.19.ffn_up_exps.weight",22131000960,524800
EXTENT,0,19,388,2,"/home/yayoi/.local/share/strata-sycl/models/qwen3.8-flash-next-iq3_s/IQ3_S/Qwen3.8-Flash-Next-GSQ-RCO-IQ3_S-00001-of-00002.gguf","blk.19.ffn_down_exps.weight",21539510400,921600
ID,0,109,19,388,2337128028209947243
EXTENT,0,19,66,0,"/home/yayoi/.local/share/strata-sycl/models/qwen3.8-flash-next-iq3_s/IQ3_S/Qwen3.8-Flash-Next-GSQ-RCO-IQ3_S-00001-of-00002.gguf","blk.19.ffn_gate_exps.weight",21689347200,524800
EXTENT,0,19,66,1,"/home/yayoi/.local/share/strata-sycl/models/qwen3.8-flash-next-iq3_s/IQ3_S/Qwen3.8-Flash-Next-GSQ-RCO-IQ3_S-00001-of-00002.gguf","blk.19.ffn_up_exps.weight",21962015360,524800
EXTENT,0,19,66,2,"/home/yayoi/.local/share/strata-sycl/models/qwen3.8-flash-next-iq3_s/IQ3_S/Qwen3.8-Flash-Next-GSQ-RCO-IQ3_S-00001-of-00002.gguf","blk.19.ffn_down_exps.weight",21242755200,921600
ID,0,110,19,66,16724020764425195355
EXTENT,0,19,106,0,"/home/yayoi/.local/share/strata-sycl/models/qwen3.8-flash-next-iq3_s/IQ3_S/Qwen3.8-Flash-Next-GSQ-RCO-IQ3_S-00001-of-00002.gguf","blk.19.ffn_gate_exps.weight",21710339200,524800
EXTENT,0,19,106,1,"/home/yayoi/.local/share/strata-sycl/models/qwen3.8-flash-next-iq3_s/IQ3_S/Qwen3.8-Flash-Next-GSQ-RCO-IQ3_S-00001-of-00002.gguf","blk.19.ffn_up_exps.weight",21983007360,524800
EXTENT,0,19,106,2,"/home/yayoi/.local/share/strata-sycl/models/qwen3.8-flash-next-iq3_s/IQ3_S/Qwen3.8-Flash-Next-GSQ-RCO-IQ3_S-00001-of-00002.gguf","blk.19.ffn_down_exps.weight",21279619200,921600
ID,0,111,19,106,4391069425828430
EXTENT,0,19,408,0,"/home/yayoi/.local/share/strata-sycl/models/qwen3.8-flash-next-iq3_s/IQ3_S/Qwen3.8-Flash-Next-GSQ-RCO-IQ3_S-00001-of-00002.gguf","blk.19.ffn_gate_exps.weight",21868828800,524800
EXTENT,0,19,408,1,"/home/yayoi/.local/share/strata-sycl/models/qwen3.8-flash-next-iq3_s/IQ3_S/Qwen3.8-Flash-Next-GSQ-RCO-IQ3_S-00001-of-00002.gguf","blk.19.ffn_up_exps.weight",22141496960,524800
EXTENT,0,19,408,2,"/home/yayoi/.local/share/strata-sycl/models/qwen3.8-flash-next-iq3_s/IQ3_S/Qwen3.8-Flash-Next-GSQ-RCO-IQ3_S-00001-of-00002.gguf","blk.19.ffn_down_exps.weight",21557942400,921600
ID,0,112,19,408,4206521072091286977
EXTENT,0,19,245,0,"/home/yayoi/.local/share/strata-sycl/models/qwen3.8-flash-next-iq3_s/IQ3_S/Qwen3.8-Flash-Next-GSQ-RCO-IQ3_S-00001-of-00002.gguf","blk.19.ffn_gate_exps.weight",21783286400,524800
EXTENT,0,19,245,1,"/home/yayoi/.local/share/strata-sycl/models/qwen3.8-flash-next-iq3_s/IQ3_S/Qwen3.8-Flash-Next-GSQ-RCO-IQ3_S-00001-of-00002.gguf","blk.19.ffn_up_exps.weight",22055954560,524800
EXTENT,0,19,245,2,"/home/yayoi/.local/share/strata-sycl/models/qwen3.8-flash-next-iq3_s/IQ3_S/Qwen3.8-Flash-Next-GSQ-RCO-IQ3_S-00001-of-00002.gguf","blk.19.ffn_down_exps.weight",21407721600,921600
ID,0,113,19,245,16007730781964814406
EXTENT,0,19,259,0,"/home/yayoi/.local/share/strata-sycl/models/qwen3.8-flash-next-iq3_s/IQ3_S/Qwen3.8-Flash-Next-GSQ-RCO-IQ3_S-00001-of-00002.gguf","blk.19.ffn_gate_exps.weight",21790633600,524800
EXTENT,0,19,259,1,"/home/yayoi/.local/share/strata-sycl/models/qwen3.8-flash-next-iq3_s/IQ3_S/Qwen3.8-Flash-Next-GSQ-RCO-IQ3_S-00001-of-00002.gguf","blk.19.ffn_up_exps.weight",22063301760,524800
EXTENT,0,19,259,2,"/home/yayoi/.local/share/strata-sycl/models/qwen3.8-flash-next-iq3_s/IQ3_S/Qwen3.8-Flash-Next-GSQ-RCO-IQ3_S-00001-of-00002.gguf","blk.19.ffn_down_exps.weight",21420624000,921600
ID,0,114,19,259,5820958972831554762
EXTENT,0,19,421,0,"/home/yayoi/.local/share/strata-sycl/models/qwen3.8-flash-next-iq3_s/IQ3_S/Qwen3.8-Flash-Next-GSQ-RCO-IQ3_S-00001-of-00002.gguf","blk.19.ffn_gate_exps.weight",21875651200,524800
EXTENT,0,19,421,1,"/home/yayoi/.local/share/strata-sycl/models/qwen3.8-flash-next-iq3_s/IQ3_S/Qwen3.8-Flash-Next-GSQ-RCO-IQ3_S-00001-of-00002.gguf","blk.19.ffn_up_exps.weight",22148319360,524800
EXTENT,0,19,421,2,"/home/yayoi/.local/share/strata-sycl/models/qwen3.8-flash-next-iq3_s/IQ3_S/Qwen3.8-Flash-Next-GSQ-RCO-IQ3_S-00001-of-00002.gguf","blk.19.ffn_down_exps.weight",21569923200,921600
ID,0,115,19,421,10995631872443232265
EXTENT,0,19,46,0,"/home/yayoi/.local/share/strata-sycl/models/qwen3.8-flash-next-iq3_s/IQ3_S/Qwen3.8-Flash-Next-GSQ-RCO-IQ3_S-00001-of-00002.gguf","blk.19.ffn_gate_exps.weight",21678851200,524800
EXTENT,0,19,46,1,"/home/yayoi/.local/share/strata-sycl/models/qwen3.8-flash-next-iq3_s/IQ3_S/Qwen3.8-Flash-Next-GSQ-RCO-IQ3_S-00001-of-00002.gguf","blk.19.ffn_up_exps.weight",21951519360,524800
EXTENT,0,19,46,2,"/home/yayoi/.local/share/strata-sycl/models/qwen3.8-flash-next-iq3_s/IQ3_S/Qwen3.8-Flash-Next-GSQ-RCO-IQ3_S-00001-of-00002.gguf","blk.19.ffn_down_exps.weight",21224323200,921600
ID,0,116,19,46,12317923077970611086
EXTENT,0,23,101,0,"/home/yayoi/.local/share/strata-sycl/models/qwen3.8-flash-next-iq3_s/IQ3_S/Qwen3.8-Flash-Next-GSQ-RCO-IQ3_S-00001-of-00002.gguf","blk.23.ffn_gate_exps.weight",25972320000,524800
EXTENT,0,23,101,1,"/home/yayoi/.local/share/strata-sycl/models/qwen3.8-flash-next-iq3_s/IQ3_S/Qwen3.8-Flash-Next-GSQ-RCO-IQ3_S-00001-of-00002.gguf","blk.23.ffn_up_exps.weight",26244770560,524800
EXTENT,0,23,101,2,"/home/yayoi/.local/share/strata-sycl/models/qwen3.8-flash-next-iq3_s/IQ3_S/Qwen3.8-Flash-Next-GSQ-RCO-IQ3_S-00001-of-00002.gguf","blk.23.ffn_down_exps.weight",25539616000,921600
ID,0,117,23,101,15088140965249416439
EXTENT,0,23,24,0,"/home/yayoi/.local/share/strata-sycl/models/qwen3.8-flash-next-iq3_s/IQ3_S/Qwen3.8-Flash-Next-GSQ-RCO-IQ3_S-00001-of-00002.gguf","blk.23.ffn_gate_exps.weight",25931910400,524800
EXTENT,0,23,24,1,"/home/yayoi/.local/share/strata-sycl/models/qwen3.8-flash-next-iq3_s/IQ3_S/Qwen3.8-Flash-Next-GSQ-RCO-IQ3_S-00001-of-00002.gguf","blk.23.ffn_up_exps.weight",26204360960,524800
EXTENT,0,23,24,2,"/home/yayoi/.local/share/strata-sycl/models/qwen3.8-flash-next-iq3_s/IQ3_S/Qwen3.8-Flash-Next-GSQ-RCO-IQ3_S-00001-of-00002.gguf","blk.23.ffn_down_exps.weight",25468652800,921600
ID,0,118,23,24,3130068523074786988
EXTENT,0,23,224,0,"/home/yayoi/.local/share/strata-sycl/models/qwen3.8-flash-next-iq3_s/IQ3_S/Qwen3.8-Flash-Next-GSQ-RCO-IQ3_S-00001-of-00002.gguf","blk.23.ffn_gate_exps.weight",26036870400,524800
EXTENT,0,23,224,1,"/home/yayoi/.local/share/strata-sycl/models/qwen3.8-flash-next-iq3_s/IQ3_S/Qwen3.8-Flash-Next-GSQ-RCO-IQ3_S-00001-of-00002.gguf","blk.23.ffn_up_exps.weight",26309320960,524800
EXTENT,0,23,224,2,"/home/yayoi/.local/share/strata-sycl/models/qwen3.8-flash-next-iq3_s/IQ3_S/Qwen3.8-Flash-Next-GSQ-RCO-IQ3_S-00001-of-00002.gguf","blk.23.ffn_down_exps.weight",25652972800,921600
ID,0,119,23,224,16115900078461134467
EXTENT,0,23,477,0,"/home/yayoi/.local/share/strata-sycl/models/qwen3.8-flash-next-iq3_s/IQ3_S/Qwen3.8-Flash-Next-GSQ-RCO-IQ3_S-00001-of-00002.gguf","blk.23.ffn_gate_exps.weight",26169644800,524800
EXTENT,0,23,477,1,"/home/yayoi/.local/share/strata-sycl/models/qwen3.8-flash-next-iq3_s/IQ3_S/Qwen3.8-Flash-Next-GSQ-RCO-IQ3_S-00001-of-00002.gguf","blk.23.ffn_up_exps.weight",26442095360,524800
EXTENT,0,23,477,2,"/home/yayoi/.local/share/strata-sycl/models/qwen3.8-flash-next-iq3_s/IQ3_S/Qwen3.8-Flash-Next-GSQ-RCO-IQ3_S-00001-of-00002.gguf","blk.23.ffn_down_exps.weight",25886137600,921600
ID,0,120,23,477,14641048901441236174
EXTENT,0,23,91,0,"/home/yayoi/.local/share/strata-sycl/models/qwen3.8-flash-next-iq3_s/IQ3_S/Qwen3.8-Flash-Next-GSQ-RCO-IQ3_S-00001-of-00002.gguf","blk.23.ffn_gate_exps.weight",25967072000,524800
EXTENT,0,23,91,1,"/home/yayoi/.local/share/strata-sycl/models/qwen3.8-flash-next-iq3_s/IQ3_S/Qwen3.8-Flash-Next-GSQ-RCO-IQ3_S-00001-of-00002.gguf","blk.23.ffn_up_exps.weight",26239522560,524800
EXTENT,0,23,91,2,"/home/yayoi/.local/share/strata-sycl/models/qwen3.8-flash-next-iq3_s/IQ3_S/Qwen3.8-Flash-Next-GSQ-RCO-IQ3_S-00001-of-00002.gguf","blk.23.ffn_down_exps.weight",25530400000,921600
ID,0,121,23,91,6809015594090831231
EXTENT,0,23,92,0,"/home/yayoi/.local/share/strata-sycl/models/qwen3.8-flash-next-iq3_s/IQ3_S/Qwen3.8-Flash-Next-GSQ-RCO-IQ3_S-00001-of-00002.gguf","blk.23.ffn_gate_exps.weight",25967596800,524800
EXTENT,0,23,92,1,"/home/yayoi/.local/share/strata-sycl/models/qwen3.8-flash-next-iq3_s/IQ3_S/Qwen3.8-Flash-Next-GSQ-RCO-IQ3_S-00001-of-00002.gguf","blk.23.ffn_up_exps.weight",26240047360,524800
EXTENT,0,23,92,2,"/home/yayoi/.local/share/strata-sycl/models/qwen3.8-flash-next-iq3_s/IQ3_S/Qwen3.8-Flash-Next-GSQ-RCO-IQ3_S-00001-of-00002.gguf","blk.23.ffn_down_exps.weight",25531321600,921600
ID,0,122,23,92,1506278757195997909
EXTENT,0,23,31,0,"/home/yayoi/.local/share/strata-sycl/models/qwen3.8-flash-next-iq3_s/IQ3_S/Qwen3.8-Flash-Next-GSQ-RCO-IQ3_S-00001-of-00002.gguf","blk.23.ffn_gate_exps.weight",25935584000,524800
EXTENT,0,23,31,1,"/home/yayoi/.local/share/strata-sycl/models/qwen3.8-flash-next-iq3_s/IQ3_S/Qwen3.8-Flash-Next-GSQ-RCO-IQ3_S-00001-of-00002.gguf","blk.23.ffn_up_exps.weight",26208034560,524800
EXTENT,0,23,31,2,"/home/yayoi/.local/share/strata-sycl/models/qwen3.8-flash-next-iq3_s/IQ3_S/Qwen3.8-Flash-Next-GSQ-RCO-IQ3_S-00001-of-00002.gguf","blk.23.ffn_down_exps.weight",25475104000,921600
ID,0,123,23,31,200802443291673435
EXTENT,0,23,163,0,"/home/yayoi/.local/share/strata-sycl/models/qwen3.8-flash-next-iq3_s/IQ3_S/Qwen3.8-Flash-Next-GSQ-RCO-IQ3_S-00001-of-00002.gguf","blk.23.ffn_gate_exps.weight",26004857600,524800
EXTENT,0,23,163,1,"/home/yayoi/.local/share/strata-sycl/models/qwen3.8-flash-next-iq3_s/IQ3_S/Qwen3.8-Flash-Next-GSQ-RCO-IQ3_S-00001-of-00002.gguf","blk.23.ffn_up_exps.weight",26277308160,524800
EXTENT,0,23,163,2,"/home/yayoi/.local/share/strata-sycl/models/qwen3.8-flash-next-iq3_s/IQ3_S/Qwen3.8-Flash-Next-GSQ-RCO-IQ3_S-00001-of-00002.gguf","blk.23.ffn_down_exps.weight",25596755200,921600
ID,0,124,23,163,13656895000547097459
EXTENT,0,23,337,0,"/home/yayoi/.local/share/strata-sycl/models/qwen3.8-flash-next-iq3_s/IQ3_S/Qwen3.8-Flash-Next-GSQ-RCO-IQ3_S-00001-of-00002.gguf","blk.23.ffn_gate_exps.weight",26096172800,524800
EXTENT,0,23,337,1,"/home/yayoi/.local/share/strata-sycl/models/qwen3.8-flash-next-iq3_s/IQ3_S/Qwen3.8-Flash-Next-GSQ-RCO-IQ3_S-00001-of-00002.gguf","blk.23.ffn_up_exps.weight",26368623360,524800
EXTENT,0,23,337,2,"/home/yayoi/.local/share/strata-sycl/models/qwen3.8-flash-next-iq3_s/IQ3_S/Qwen3.8-Flash-Next-GSQ-RCO-IQ3_S-00001-of-00002.gguf","blk.23.ffn_down_exps.weight",25757113600,921600
ID,0,125,23,337,594194499355916821
EXTENT,0,23,487,0,"/home/yayoi/.local/share/strata-sycl/models/qwen3.8-flash-next-iq3_s/IQ3_S/Qwen3.8-Flash-Next-GSQ-RCO-IQ3_S-00001-of-00002.gguf","blk.23.ffn_gate_exps.weight",26174892800,524800
EXTENT,0,23,487,1,"/home/yayoi/.local/share/strata-sycl/models/qwen3.8-flash-next-iq3_s/IQ3_S/Qwen3.8-Flash-Next-GSQ-RCO-IQ3_S-00001-of-00002.gguf","blk.23.ffn_up_exps.weight",26447343360,524800
EXTENT,0,23,487,2,"/home/yayoi/.local/share/strata-sycl/models/qwen3.8-flash-next-iq3_s/IQ3_S/Qwen3.8-Flash-Next-GSQ-RCO-IQ3_S-00001-of-00002.gguf","blk.23.ffn_down_exps.weight",25895353600,921600
ID,0,126,23,487,11527273507196511931
EXTENT,0,23,121,0,"/home/yayoi/.local/share/strata-sycl/models/qwen3.8-flash-next-iq3_s/IQ3_S/Qwen3.8-Flash-Next-GSQ-RCO-IQ3_S-00001-of-00002.gguf","blk.23.ffn_gate_exps.weight",25982816000,524800
EXTENT,0,23,121,1,"/home/yayoi/.local/share/strata-sycl/models/qwen3.8-flash-next-iq3_s/IQ3_S/Qwen3.8-Flash-Next-GSQ-RCO-IQ3_S-00001-of-00002.gguf","blk.23.ffn_up_exps.weight",26255266560,524800
EXTENT,0,23,121,2,"/home/yayoi/.local/share/strata-sycl/models/qwen3.8-flash-next-iq3_s/IQ3_S/Qwen3.8-Flash-Next-GSQ-RCO-IQ3_S-00001-of-00002.gguf","blk.23.ffn_down_exps.weight",25558048000,921600
ID,0,127,23,121,15822428502796447029
EXTENT,0,23,453,0,"/home/yayoi/.local/share/strata-sycl/models/qwen3.8-flash-next-iq3_s/IQ3_S/Qwen3.8-Flash-Next-GSQ-RCO-IQ3_S-00001-of-00002.gguf","blk.23.ffn_gate_exps.weight",26157049600,524800
EXTENT,0,23,453,1,"/home/yayoi/.local/share/strata-sycl/models/qwen3.8-flash-next-iq3_s/IQ3_S/Qwen3.8-Flash-Next-GSQ-RCO-IQ3_S-00001-of-00002.gguf","blk.23.ffn_up_exps.weight",26429500160,524800
EXTENT,0,23,453,2,"/home/yayoi/.local/share/strata-sycl/models/qwen3.8-flash-next-iq3_s/IQ3_S/Qwen3.8-Flash-Next-GSQ-RCO-IQ3_S-00001-of-00002.gguf","blk.23.ffn_down_exps.weight",25864019200,921600
ID,0,128,23,453,9991241543519807441
EXTENT,0,23,190,0,"/home/yayoi/.local/share/strata-sycl/models/qwen3.8-flash-next-iq3_s/IQ3_S/Qwen3.8-Flash-Next-GSQ-RCO-IQ3_S-00001-of-00002.gguf","blk.23.ffn_gate_exps.weight",26019027200,524800
EXTENT,0,23,190,1,"/home/yayoi/.local/share/strata-sycl/models/qwen3.8-flash-next-iq3_s/IQ3_S/Qwen3.8-Flash-Next-GSQ-RCO-IQ3_S-00001-of-00002.gguf","blk.23.ffn_up_exps.weight",26291477760,524800
EXTENT,0,23,190,2,"/home/yayoi/.local/share/strata-sycl/models/qwen3.8-flash-next-iq3_s/IQ3_S/Qwen3.8-Flash-Next-GSQ-RCO-IQ3_S-00001-of-00002.gguf","blk.23.ffn_down_exps.weight",25621638400,921600
ID,0,129,23,190,10697103424222736371
EXTENT,0,24,220,0,"/home/yayoi/.local/share/strata-sycl/models/qwen3.8-flash-next-iq3_s/IQ3_S/Qwen3.8-Flash-Next-GSQ-RCO-IQ3_S-00001-of-00002.gguf","blk.24.ffn_gate_exps.weight",27113970944,524800
EXTENT,0,24,220,1,"/home/yayoi/.local/share/strata-sycl/models/qwen3.8-flash-next-iq3_s/IQ3_S/Qwen3.8-Flash-Next-GSQ-RCO-IQ3_S-00001-of-00002.gguf","blk.24.ffn_up_exps.weight",27386165504,524800
EXTENT,0,24,220,2,"/home/yayoi/.local/share/strata-sycl/models/qwen3.8-flash-next-iq3_s/IQ3_S/Qwen3.8-Flash-Next-GSQ-RCO-IQ3_S-00001-of-00002.gguf","blk.24.ffn_down_exps.weight",26728486144,921600
ID,0,130,24,220,437402696817067474
EXTENT,0,24,131,0,"/home/yayoi/.local/share/strata-sycl/models/qwen3.8-flash-next-iq3_s/IQ3_S/Qwen3.8-Flash-Next-GSQ-RCO-IQ3_S-00001-of-00002.gguf","blk.24.ffn_gate_exps.weight",27067263744,524800
EXTENT,0,24,131,1,"/home/yayoi/.local/share/strata-sycl/models/qwen3.8-flash-next-iq3_s/IQ3_S/Qwen3.8-Flash-Next-GSQ-RCO-IQ3_S-00001-of-00002.gguf","blk.24.ffn_up_exps.weight",27339458304,524800
EXTENT,0,24,131,2,"/home/yayoi/.local/share/strata-sycl/models/qwen3.8-flash-next-iq3_s/IQ3_S/Qwen3.8-Flash-Next-GSQ-RCO-IQ3_S-00001-of-00002.gguf","blk.24.ffn_down_exps.weight",26646463744,921600
ID,0,131,24,131,11436786774442112591
EXTENT,0,24,62,0,"/home/yayoi/.local/share/strata-sycl/models/qwen3.8-flash-next-iq3_s/IQ3_S/Qwen3.8-Flash-Next-GSQ-RCO-IQ3_S-00001-of-00002.gguf","blk.24.ffn_gate_exps.weight",27031052544,524800
EXTENT,0,24,62,1,"/home/yayoi/.local/share/strata-sycl/models/qwen3.8-flash-next-iq3_s/IQ3_S/Qwen3.8-Flash-Next-GSQ-RCO-IQ3_S-00001-of-00002.gguf","blk.24.ffn_up_exps.weight",27303247104,524800
EXTENT,0,24,62,2,"/home/yayoi/.local/share/strata-sycl/models/qwen3.8-flash-next-iq3_s/IQ3_S/Qwen3.8-Flash-Next-GSQ-RCO-IQ3_S-00001-of-00002.gguf","blk.24.ffn_down_exps.weight",26582873344,921600
ID,0,132,24,62,14851401476435772743
EXTENT,0,24,2,0,"/home/yayoi/.local/share/strata-sycl/models/qwen3.8-flash-next-iq3_s/IQ3_S/Qwen3.8-Flash-Next-GSQ-RCO-IQ3_S-00001-of-00002.gguf","blk.24.ffn_gate_exps.weight",26999564544,524800
EXTENT,0,24,2,1,"/home/yayoi/.local/share/strata-sycl/models/qwen3.8-flash-next-iq3_s/IQ3_S/Qwen3.8-Flash-Next-GSQ-RCO-IQ3_S-00001-of-00002.gguf","blk.24.ffn_up_exps.weight",27271759104,524800
EXTENT,0,24,2,2,"/home/yayoi/.local/share/strata-sycl/models/qwen3.8-flash-next-iq3_s/IQ3_S/Qwen3.8-Flash-Next-GSQ-RCO-IQ3_S-00001-of-00002.gguf","blk.24.ffn_down_exps.weight",26527577344,921600
ID,0,133,24,2,6231466300998451652
EXTENT,0,24,280,0,"/home/yayoi/.local/share/strata-sycl/models/qwen3.8-flash-next-iq3_s/IQ3_S/Qwen3.8-Flash-Next-GSQ-RCO-IQ3_S-00001-of-00002.gguf","blk.24.ffn_gate_exps.weight",27145458944,524800
EXTENT,0,24,280,1,"/home/yayoi/.local/share/strata-sycl/models/qwen3.8-flash-next-iq3_s/IQ3_S/Qwen3.8-Flash-Next-GSQ-RCO-IQ3_S-00001-of-00002.gguf","blk.24.ffn_up_exps.weight",27417653504,524800
EXTENT,0,24,280,2,"/home/yayoi/.local/share/strata-sycl/models/qwen3.8-flash-next-iq3_s/IQ3_S/Qwen3.8-Flash-Next-GSQ-RCO-IQ3_S-00001-of-00002.gguf","blk.24.ffn_down_exps.weight",26783782144,921600
ID,0,134,24,280,13300905469092393012
EXTENT,0,24,82,0,"/home/yayoi/.local/share/strata-sycl/models/qwen3.8-flash-next-iq3_s/IQ3_S/Qwen3.8-Flash-Next-GSQ-RCO-IQ3_S-00001-of-00002.gguf","blk.24.ffn_gate_exps.weight",27041548544,524800
EXTENT,0,24,82,1,"/home/yayoi/.local/share/strata-sycl/models/qwen3.8-flash-next-iq3_s/IQ3_S/Qwen3.8-Flash-Next-GSQ-RCO-IQ3_S-00001-of-00002.gguf","blk.24.ffn_up_exps.weight",27313743104,524800
EXTENT,0,24,82,2,"/home/yayoi/.local/share/strata-sycl/models/qwen3.8-flash-next-iq3_s/IQ3_S/Qwen3.8-Flash-Next-GSQ-RCO-IQ3_S-00001-of-00002.gguf","blk.24.ffn_down_exps.weight",26601305344,921600
ID,0,135,24,82,15875367790404563063
EXTENT,0,24,322,0,"/home/yayoi/.local/share/strata-sycl/models/qwen3.8-flash-next-iq3_s/IQ3_S/Qwen3.8-Flash-Next-GSQ-RCO-IQ3_S-00001-of-00002.gguf","blk.24.ffn_gate_exps.weight",27167500544,524800
EXTENT,0,24,322,1,"/home/yayoi/.local/share/strata-sycl/models/qwen3.8-flash-next-iq3_s/IQ3_S/Qwen3.8-Flash-Next-GSQ-RCO-IQ3_S-00001-of-00002.gguf","blk.24.ffn_up_exps.weight",27439695104,524800
EXTENT,0,24,322,2,"/home/yayoi/.local/share/strata-sycl/models/qwen3.8-flash-next-iq3_s/IQ3_S/Qwen3.8-Flash-Next-GSQ-RCO-IQ3_S-00001-of-00002.gguf","blk.24.ffn_down_exps.weight",26822489344,921600
ID,0,136,24,322,4710015025210289258
EXTENT,0,24,342,0,"/home/yayoi/.local/share/strata-sycl/models/qwen3.8-flash-next-iq3_s/IQ3_S/Qwen3.8-Flash-Next-GSQ-RCO-IQ3_S-00001-of-00002.gguf","blk.24.ffn_gate_exps.weight",27177996544,524800
EXTENT,0,24,342,1,"/home/yayoi/.local/share/strata-sycl/models/qwen3.8-flash-next-iq3_s/IQ3_S/Qwen3.8-Flash-Next-GSQ-RCO-IQ3_S-00001-of-00002.gguf","blk.24.ffn_up_exps.weight",27450191104,524800
EXTENT,0,24,342,2,"/home/yayoi/.local/share/strata-sycl/models/qwen3.8-flash-next-iq3_s/IQ3_S/Qwen3.8-Flash-Next-GSQ-RCO-IQ3_S-00001-of-00002.gguf","blk.24.ffn_down_exps.weight",26840921344,921600
ID,0,137,24,342,214431768969922949
EXTENT,0,24,86,0,"/home/yayoi/.local/share/strata-sycl/models/qwen3.8-flash-next-iq3_s/IQ3_S/Qwen3.8-Flash-Next-GSQ-RCO-IQ3_S-00001-of-00002.gguf","blk.24.ffn_gate_exps.weight",27043647744,524800
EXTENT,0,24,86,1,"/home/yayoi/.local/share/strata-sycl/models/qwen3.8-flash-next-iq3_s/IQ3_S/Qwen3.8-Flash-Next-GSQ-RCO-IQ3_S-00001-of-00002.gguf","blk.24.ffn_up_exps.weight",27315842304,524800
EXTENT,0,24,86,2,"/home/yayoi/.local/share/strata-sycl/models/qwen3.8-flash-next-iq3_s/IQ3_S/Qwen3.8-Flash-Next-GSQ-RCO-IQ3_S-00001-of-00002.gguf","blk.24.ffn_down_exps.weight",26604991744,921600
ID,0,138,24,86,8203399256560525026
EXTENT,0,24,386,0,"/home/yayoi/.local/share/strata-sycl/models/qwen3.8-flash-next-iq3_s/IQ3_S/Qwen3.8-Flash-Next-GSQ-RCO-IQ3_S-00001-of-00002.gguf","blk.24.ffn_gate_exps.weight",27201087744,524800
EXTENT,0,24,386,1,"/home/yayoi/.local/share/strata-sycl/models/qwen3.8-flash-next-iq3_s/IQ3_S/Qwen3.8-Flash-Next-GSQ-RCO-IQ3_S-00001-of-00002.gguf","blk.24.ffn_up_exps.weight",27473282304,524800
EXTENT,0,24,386,2,"/home/yayoi/.local/share/strata-sycl/models/qwen3.8-flash-next-iq3_s/IQ3_S/Qwen3.8-Flash-Next-GSQ-RCO-IQ3_S-00001-of-00002.gguf","blk.24.ffn_down_exps.weight",26881471744,921600
ID,0,139,24,386,5137229700410792724
EXTENT,0,24,57,0,"/home/yayoi/.local/share/strata-sycl/models/qwen3.8-flash-next-iq3_s/IQ3_S/Qwen3.8-Flash-Next-GSQ-RCO-IQ3_S-00001-of-00002.gguf","blk.24.ffn_gate_exps.weight",27028428544,524800
EXTENT,0,24,57,1,"/home/yayoi/.local/share/strata-sycl/models/qwen3.8-flash-next-iq3_s/IQ3_S/Qwen3.8-Flash-Next-GSQ-RCO-IQ3_S-00001-of-00002.gguf","blk.24.ffn_up_exps.weight",27300623104,524800
EXTENT,0,24,57,2,"/home/yayoi/.local/share/strata-sycl/models/qwen3.8-flash-next-iq3_s/IQ3_S/Qwen3.8-Flash-Next-GSQ-RCO-IQ3_S-00001-of-00002.gguf","blk.24.ffn_down_exps.weight",26578265344,921600
ID,0,140,24,57,5339024543936338448
EXTENT,0,24,32,0,"/home/yayoi/.local/share/strata-sycl/models/qwen3.8-flash-next-iq3_s/IQ3_S/Qwen3.8-Flash-Next-GSQ-RCO-IQ3_S-00001-of-00002.gguf","blk.24.ffn_gate_exps.weight",27015308544,524800
EXTENT,0,24,32,1,"/home/yayoi/.local/share/strata-sycl/models/qwen3.8-flash-next-iq3_s/IQ3_S/Qwen3.8-Flash-Next-GSQ-RCO-IQ3_S-00001-of-00002.gguf","blk.24.ffn_up_exps.weight",27287503104,524800
EXTENT,0,24,32,2,"/home/yayoi/.local/share/strata-sycl/models/qwen3.8-flash-next-iq3_s/IQ3_S/Qwen3.8-Flash-Next-GSQ-RCO-IQ3_S-00001-of-00002.gguf","blk.24.ffn_down_exps.weight",26555225344,921600
ID,0,141,24,32,6145871435533523499
EXTENT,0,24,115,0,"/home/yayoi/.local/share/strata-sycl/models/qwen3.8-flash-next-iq3_s/IQ3_S/Qwen3.8-Flash-Next-GSQ-RCO-IQ3_S-00001-of-00002.gguf","blk.24.ffn_gate_exps.weight",27058866944,524800
EXTENT,0,24,115,1,"/home/yayoi/.local/share/strata-sycl/models/qwen3.8-flash-next-iq3_s/IQ3_S/Qwen3.8-Flash-Next-GSQ-RCO-IQ3_S-00001-of-00002.gguf","blk.24.ffn_up_exps.weight",27331061504,524800
EXTENT,0,24,115,2,"/home/yayoi/.local/share/strata-sycl/models/qwen3.8-flash-next-iq3_s/IQ3_S/Qwen3.8-Flash-Next-GSQ-RCO-IQ3_S-00001-of-00002.gguf","blk.24.ffn_down_exps.weight",26631718144,921600
ID,0,142,24,115,12291690108851376400
EXTENT,0,26,319,0,"/home/yayoi/.local/share/strata-sycl/models/qwen3.8-flash-next-iq3_s/IQ3_S/Qwen3.8-Flash-Next-GSQ-RCO-IQ3_S-00001-of-00002.gguf","blk.26.ffn_gate_exps.weight",29524612096,524800
EXTENT,0,26,319,1,"/home/yayoi/.local/share/strata-sycl/models/qwen3.8-flash-next-iq3_s/IQ3_S/Qwen3.8-Flash-Next-GSQ-RCO-IQ3_S-00001-of-00002.gguf","blk.26.ffn_up_exps.weight",29797280256,524800
EXTENT,0,26,319,2,"/home/yayoi/.local/share/strata-sycl/models/qwen3.8-flash-next-iq3_s/IQ3_S/Qwen3.8-Flash-Next-GSQ-RCO-IQ3_S-00001-of-00002.gguf","blk.26.ffn_down_exps.weight",29178410496,921600
ID,0,143,26,319,15822258084611374746
EXTENT,0,26,14,0,"/home/yayoi/.local/share/strata-sycl/models/qwen3.8-flash-next-iq3_s/IQ3_S/Qwen3.8-Flash-Next-GSQ-RCO-IQ3_S-00001-of-00002.gguf","blk.26.ffn_gate_exps.weight",29364548096,524800
EXTENT,0,26,14,1,"/home/yayoi/.local/share/strata-sycl/models/qwen3.8-flash-next-iq3_s/IQ3_S/Qwen3.8-Flash-Next-GSQ-RCO-IQ3_S-00001-of-00002.gguf","blk.26.ffn_up_exps.weight",29637216256,524800
EXTENT,0,26,14,2,"/home/yayoi/.local/share/strata-sycl/models/qwen3.8-flash-next-iq3_s/IQ3_S/Qwen3.8-Flash-Next-GSQ-RCO-IQ3_S-00001-of-00002.gguf","blk.26.ffn_down_exps.weight",28897322496,921600
ID,0,144,26,14,13063114834431098678
EXTENT,0,26,112,0,"/home/yayoi/.local/share/strata-sycl/models/qwen3.8-flash-next-iq3_s/IQ3_S/Qwen3.8-Flash-Next-GSQ-RCO-IQ3_S-00001-of-00002.gguf","blk.26.ffn_gate_exps.weight",29415978496,524800
EXTENT,0,26,112,1,"/home/yayoi/.local/share/strata-sycl/models/qwen3.8-flash-next-iq3_s/IQ3_S/Qwen3.8-Flash-Next-GSQ-RCO-IQ3_S-00001-of-00002.gguf","blk.26.ffn_up_exps.weight",29688646656,524800
EXTENT,0,26,112,2,"/home/yayoi/.local/share/strata-sycl/models/qwen3.8-flash-next-iq3_s/IQ3_S/Qwen3.8-Flash-Next-GSQ-RCO-IQ3_S-00001-of-00002.gguf","blk.26.ffn_down_exps.weight",28987639296,921600
ID,0,145,26,112,10215456634787963147
EXTENT,0,26,378,0,"/home/yayoi/.local/share/strata-sycl/models/qwen3.8-flash-next-iq3_s/IQ3_S/Qwen3.8-Flash-Next-GSQ-RCO-IQ3_S-00001-of-00002.gguf","blk.26.ffn_gate_exps.weight",29555575296,524800
EXTENT,0,26,378,1,"/home/yayoi/.local/share/strata-sycl/models/qwen3.8-flash-next-iq3_s/IQ3_S/Qwen3.8-Flash-Next-GSQ-RCO-IQ3_S-00001-of-00002.gguf","blk.26.ffn_up_exps.weight",29828243456,524800
EXTENT,0,26,378,2,"/home/yayoi/.local/share/strata-sycl/models/qwen3.8-flash-next-iq3_s/IQ3_S/Qwen3.8-Flash-Next-GSQ-RCO-IQ3_S-00001-of-00002.gguf","blk.26.ffn_down_exps.weight",29232784896,921600
ID,0,146,26,378,558201712037206965
EXTENT,0,26,217,0,"/home/yayoi/.local/share/strata-sycl/models/qwen3.8-flash-next-iq3_s/IQ3_S/Qwen3.8-Flash-Next-GSQ-RCO-IQ3_S-00001-of-00002.gguf","blk.26.ffn_gate_exps.weight",29471082496,524800
EXTENT,0,26,217,1,"/home/yayoi/.local/share/strata-sycl/models/qwen3.8-flash-next-iq3_s/IQ3_S/Qwen3.8-Flash-Next-GSQ-RCO-IQ3_S-00001-of-00002.gguf","blk.26.ffn_up_exps.weight",29743750656,524800
EXTENT,0,26,217,2,"/home/yayoi/.local/share/strata-sycl/models/qwen3.8-flash-next-iq3_s/IQ3_S/Qwen3.8-Flash-Next-GSQ-RCO-IQ3_S-00001-of-00002.gguf","blk.26.ffn_down_exps.weight",29084407296,921600
ID,0,147,26,217,8568390847688734001
EXTENT,0,26,427,0,"/home/yayoi/.local/share/strata-sycl/models/qwen3.8-flash-next-iq3_s/IQ3_S/Qwen3.8-Flash-Next-GSQ-RCO-IQ3_S-00001-of-00002.gguf","blk.26.ffn_gate_exps.weight",29581290496,524800
EXTENT,0,26,427,1,"/home/yayoi/.local/share/strata-sycl/models/qwen3.8-flash-next-iq3_s/IQ3_S/Qwen3.8-Flash-Next-GSQ-RCO-IQ3_S-00001-of-00002.gguf","blk.26.ffn_up_exps.weight",29853958656,524800
EXTENT,0,26,427,2,"/home/yayoi/.local/share/strata-sycl/models/qwen3.8-flash-next-iq3_s/IQ3_S/Qwen3.8-Flash-Next-GSQ-RCO-IQ3_S-00001-of-00002.gguf","blk.26.ffn_down_exps.weight",29277943296,921600
ID,0,148,26,427,6666043717393696544
EXTENT,0,26,226,0,"/home/yayoi/.local/share/strata-sycl/models/qwen3.8-flash-next-iq3_s/IQ3_S/Qwen3.8-Flash-Next-GSQ-RCO-IQ3_S-00001-of-00002.gguf","blk.26.ffn_gate_exps.weight",29475805696,524800
EXTENT,0,26,226,1,"/home/yayoi/.local/share/strata-sycl/models/qwen3.8-flash-next-iq3_s/IQ3_S/Qwen3.8-Flash-Next-GSQ-RCO-IQ3_S-00001-of-00002.gguf","blk.26.ffn_up_exps.weight",29748473856,524800
EXTENT,0,26,226,2,"/home/yayoi/.local/share/strata-sycl/models/qwen3.8-flash-next-iq3_s/IQ3_S/Qwen3.8-Flash-Next-GSQ-RCO-IQ3_S-00001-of-00002.gguf","blk.26.ffn_down_exps.weight",29092701696,921600
ID,0,149,26,226,1153988643761186137
EXTENT,0,26,487,0,"/home/yayoi/.local/share/strata-sycl/models/qwen3.8-flash-next-iq3_s/IQ3_S/Qwen3.8-Flash-Next-GSQ-RCO-IQ3_S-00001-of-00002.gguf","blk.26.ffn_gate_exps.weight",29612778496,524800
EXTENT,0,26,487,1,"/home/yayoi/.local/share/strata-sycl/models/qwen3.8-flash-next-iq3_s/IQ3_S/Qwen3.8-Flash-Next-GSQ-RCO-IQ3_S-00001-of-00002.gguf","blk.26.ffn_up_exps.weight",29885446656,524800
EXTENT,0,26,487,2,"/home/yayoi/.local/share/strata-sycl/models/qwen3.8-flash-next-iq3_s/IQ3_S/Qwen3.8-Flash-Next-GSQ-RCO-IQ3_S-00001-of-00002.gguf","blk.26.ffn_down_exps.weight",29333239296,921600
ID,0,150,26,487,7819151032391252833
EXTENT,0,26,289,0,"/home/yayoi/.local/share/strata-sycl/models/qwen3.8-flash-next-iq3_s/IQ3_S/Qwen3.8-Flash-Next-GSQ-RCO-IQ3_S-00001-of-00002.gguf","blk.26.ffn_gate_exps.weight",29508868096,524800
EXTENT,0,26,289,1,"/home/yayoi/.local/share/strata-sycl/models/qwen3.8-flash-next-iq3_s/IQ3_S/Qwen3.8-Flash-Next-GSQ-RCO-IQ3_S-00001-of-00002.gguf","blk.26.ffn_up_exps.weight",29781536256,524800
EXTENT,0,26,289,2,"/home/yayoi/.local/share/strata-sycl/models/qwen3.8-flash-next-iq3_s/IQ3_S/Qwen3.8-Flash-Next-GSQ-RCO-IQ3_S-00001-of-00002.gguf","blk.26.ffn_down_exps.weight",29150762496,921600
ID,0,151,26,289,6188805683587550137
EXTENT,0,26,473,0,"/home/yayoi/.local/share/strata-sycl/models/qwen3.8-flash-next-iq3_s/IQ3_S/Qwen3.8-Flash-Next-GSQ-RCO-IQ3_S-00001-of-00002.gguf","blk.26.ffn_gate_exps.weight",29605431296,524800
EXTENT,0,26,473,1,"/home/yayoi/.local/share/strata-sycl/models/qwen3.8-flash-next-iq3_s/IQ3_S/Qwen3.8-Flash-Next-GSQ-RCO-IQ3_S-00001-of-00002.gguf","blk.26.ffn_up_exps.weight",29878099456,524800
EXTENT,0,26,473,2,"/home/yayoi/.local/share/strata-sycl/models/qwen3.8-flash-next-iq3_s/IQ3_S/Qwen3.8-Flash-Next-GSQ-RCO-IQ3_S-00001-of-00002.gguf","blk.26.ffn_down_exps.weight",29320336896,921600
ID,0,152,26,473,16451086934638989985
EXTENT,0,26,301,0,"/home/yayoi/.local/share/strata-sycl/models/qwen3.8-flash-next-iq3_s/IQ3_S/Qwen3.8-Flash-Next-GSQ-RCO-IQ3_S-00001-of-00002.gguf","blk.26.ffn_gate_exps.weight",29515165696,524800
EXTENT,0,26,301,1,"/home/yayoi/.local/share/strata-sycl/models/qwen3.8-flash-next-iq3_s/IQ3_S/Qwen3.8-Flash-Next-GSQ-RCO-IQ3_S-00001-of-00002.gguf","blk.26.ffn_up_exps.weight",29787833856,524800
EXTENT,0,26,301,2,"/home/yayoi/.local/share/strata-sycl/models/qwen3.8-flash-next-iq3_s/IQ3_S/Qwen3.8-Flash-Next-GSQ-RCO-IQ3_S-00001-of-00002.gguf","blk.26.ffn_down_exps.weight",29161821696,921600
ID,0,153,26,301,10461181655711831293
EXTENT,0,26,424,0,"/home/yayoi/.local/share/strata-sycl/models/qwen3.8-flash-next-iq3_s/IQ3_S/Qwen3.8-Flash-Next-GSQ-RCO-IQ3_S-00001-of-00002.gguf","blk.26.ffn_gate_exps.weight",29579716096,524800
EXTENT,0,26,424,1,"/home/yayoi/.local/share/strata-sycl/models/qwen3.8-flash-next-iq3_s/IQ3_S/Qwen3.8-Flash-Next-GSQ-RCO-IQ3_S-00001-of-00002.gguf","blk.26.ffn_up_exps.weight",29852384256,524800
EXTENT,0,26,424,2,"/home/yayoi/.local/share/strata-sycl/models/qwen3.8-flash-next-iq3_s/IQ3_S/Qwen3.8-Flash-Next-GSQ-RCO-IQ3_S-00001-of-00002.gguf","blk.26.ffn_down_exps.weight",29275178496,921600
ID,0,154,26,424,13030657052475639406
EXTENT,0,26,48,0,"/home/yayoi/.local/share/strata-sycl/models/qwen3.8-flash-next-iq3_s/IQ3_S/Qwen3.8-Flash-Next-GSQ-RCO-IQ3_S-00001-of-00002.gguf","blk.26.ffn_gate_exps.weight",29382391296,524800
EXTENT,0,26,48,1,"/home/yayoi/.local/share/strata-sycl/models/qwen3.8-flash-next-iq3_s/IQ3_S/Qwen3.8-Flash-Next-GSQ-RCO-IQ3_S-00001-of-00002.gguf","blk.26.ffn_up_exps.weight",29655059456,524800
EXTENT,0,26,48,2,"/home/yayoi/.local/share/strata-sycl/models/qwen3.8-flash-next-iq3_s/IQ3_S/Qwen3.8-Flash-Next-GSQ-RCO-IQ3_S-00001-of-00002.gguf","blk.26.ffn_down_exps.weight",28928656896,921600
ID,0,155,26,48,12739268688562774107
EXTENT,0,32,106,0,"/home/yayoi/.local/share/strata-sycl/models/qwen3.8-flash-next-iq3_s/IQ3_S/Qwen3.8-Flash-Next-GSQ-RCO-IQ3_S-00001-of-00002.gguf","blk.32.ffn_gate_exps.weight",36449839104,524800
EXTENT,0,32,106,1,"/home/yayoi/.local/share/strata-sycl/models/qwen3.8-flash-next-iq3_s/IQ3_S/Qwen3.8-Flash-Next-GSQ-RCO-IQ3_S-00001-of-00002.gguf","blk.32.ffn_up_exps.weight",36722507264,524800
EXTENT,0,32,106,2,"/home/yayoi/.local/share/strata-sycl/models/qwen3.8-flash-next-iq3_s/IQ3_S/Qwen3.8-Flash-Next-GSQ-RCO-IQ3_S-00001-of-00002.gguf","blk.32.ffn_down_exps.weight",36019119104,921600
ID,0,156,32,106,2961960231424886065
EXTENT,0,32,351,0,"/home/yayoi/.local/share/strata-sycl/models/qwen3.8-flash-next-iq3_s/IQ3_S/Qwen3.8-Flash-Next-GSQ-RCO-IQ3_S-00001-of-00002.gguf","blk.32.ffn_gate_exps.weight",36578415104,524800
EXTENT,0,32,351,1,"/home/yayoi/.local/share/strata-sycl/models/qwen3.8-flash-next-iq3_s/IQ3_S/Qwen3.8-Flash-Next-GSQ-RCO-IQ3_S-00001-of-00002.gguf","blk.32.ffn_up_exps.weight",36851083264,524800
EXTENT,0,32,351,2,"/home/yayoi/.local/share/strata-sycl/models/qwen3.8-flash-next-iq3_s/IQ3_S/Qwen3.8-Flash-Next-GSQ-RCO-IQ3_S-00001-of-00002.gguf","blk.32.ffn_down_exps.weight",36244911104,921600
ID,0,157,32,351,5320052673647154499
EXTENT,0,32,48,0,"/home/yayoi/.local/share/strata-sycl/models/qwen3.8-flash-next-iq3_s/IQ3_S/Qwen3.8-Flash-Next-GSQ-RCO-IQ3_S-00001-of-00002.gguf","blk.32.ffn_gate_exps.weight",36419400704,524800
EXTENT,0,32,48,1,"/home/yayoi/.local/share/strata-sycl/models/qwen3.8-flash-next-iq3_s/IQ3_S/Qwen3.8-Flash-Next-GSQ-RCO-IQ3_S-00001-of-00002.gguf","blk.32.ffn_up_exps.weight",36692068864,524800
EXTENT,0,32,48,2,"/home/yayoi/.local/share/strata-sycl/models/qwen3.8-flash-next-iq3_s/IQ3_S/Qwen3.8-Flash-Next-GSQ-RCO-IQ3_S-00001-of-00002.gguf","blk.32.ffn_down_exps.weight",35965666304,921600
ID,0,158,32,48,533440257541671091
EXTENT,0,32,131,0,"/home/yayoi/.local/share/strata-sycl/models/qwen3.8-flash-next-iq3_s/IQ3_S/Qwen3.8-Flash-Next-GSQ-RCO-IQ3_S-00001-of-00002.gguf","blk.32.ffn_gate_exps.weight",36462959104,524800
EXTENT,0,32,131,1,"/home/yayoi/.local/share/strata-sycl/models/qwen3.8-flash-next-iq3_s/IQ3_S/Qwen3.8-Flash-Next-GSQ-RCO-IQ3_S-00001-of-00002.gguf","blk.32.ffn_up_exps.weight",36735627264,524800
EXTENT,0,32,131,2,"/home/yayoi/.local/share/strata-sycl/models/qwen3.8-flash-next-iq3_s/IQ3_S/Qwen3.8-Flash-Next-GSQ-RCO-IQ3_S-00001-of-00002.gguf","blk.32.ffn_down_exps.weight",36042159104,921600
ID,0,159,32,131,8041760749723455667
EXTENT,0,32,261,0,"/home/yayoi/.local/share/strata-sycl/models/qwen3.8-flash-next-iq3_s/IQ3_S/Qwen3.8-Flash-Next-GSQ-RCO-IQ3_S-00001-of-00002.gguf","blk.32.ffn_gate_exps.weight",36531183104,524800
EXTENT,0,32,261,1,"/home/yayoi/.local/share/strata-sycl/models/qwen3.8-flash-next-iq3_s/IQ3_S/Qwen3.8-Flash-Next-GSQ-RCO-IQ3_S-00001-of-00002.gguf","blk.32.ffn_up_exps.weight",36803851264,524800
EXTENT,0,32,261,2,"/home/yayoi/.local/share/strata-sycl/models/qwen3.8-flash-next-iq3_s/IQ3_S/Qwen3.8-Flash-Next-GSQ-RCO-IQ3_S-00001-of-00002.gguf","blk.32.ffn_down_exps.weight",36161967104,921600
ID,0,160,32,261,1544940755723462647
EXTENT,0,32,187,0,"/home/yayoi/.local/share/strata-sycl/models/qwen3.8-flash-next-iq3_s/IQ3_S/Qwen3.8-Flash-Next-GSQ-RCO-IQ3_S-00001-of-00002.gguf","blk.32.ffn_gate_exps.weight",36492347904,524800
EXTENT,0,32,187,1,"/home/yayoi/.local/share/strata-sycl/models/qwen3.8-flash-next-iq3_s/IQ3_S/Qwen3.8-Flash-Next-GSQ-RCO-IQ3_S-00001-of-00002.gguf","blk.32.ffn_up_exps.weight",36765016064,524800
EXTENT,0,32,187,2,"/home/yayoi/.local/share/strata-sycl/models/qwen3.8-flash-next-iq3_s/IQ3_S/Qwen3.8-Flash-Next-GSQ-RCO-IQ3_S-00001-of-00002.gguf","blk.32.ffn_down_exps.weight",36093768704,921600
ID,0,161,32,187,2269198353288517315
EXTENT,0,32,173,0,"/home/yayoi/.local/share/strata-sycl/models/qwen3.8-flash-next-iq3_s/IQ3_S/Qwen3.8-Flash-Next-GSQ-RCO-IQ3_S-00001-of-00002.gguf","blk.32.ffn_gate_exps.weight",36485000704,524800
EXTENT,0,32,173,1,"/home/yayoi/.local/share/strata-sycl/models/qwen3.8-flash-next-iq3_s/IQ3_S/Qwen3.8-Flash-Next-GSQ-RCO-IQ3_S-00001-of-00002.gguf","blk.32.ffn_up_exps.weight",36757668864,524800
EXTENT,0,32,173,2,"/home/yayoi/.local/share/strata-sycl/models/qwen3.8-flash-next-iq3_s/IQ3_S/Qwen3.8-Flash-Next-GSQ-RCO-IQ3_S-00001-of-00002.gguf","blk.32.ffn_down_exps.weight",36080866304,921600
ID,0,162,32,173,1230616126557706139
EXTENT,0,32,511,0,"/home/yayoi/.local/share/strata-sycl/models/qwen3.8-flash-next-iq3_s/IQ3_S/Qwen3.8-Flash-Next-GSQ-RCO-IQ3_S-00001-of-00002.gguf","blk.32.ffn_gate_exps.weight",36662383104,524800
EXTENT,0,32,511,1,"/home/yayoi/.local/share/strata-sycl/models/qwen3.8-flash-next-iq3_s/IQ3_S/Qwen3.8-Flash-Next-GSQ-RCO-IQ3_S-00001-of-00002.gguf","blk.32.ffn_up_exps.weight",36935051264,524800
EXTENT,0,32,511,2,"/home/yayoi/.local/share/strata-sycl/models/qwen3.8-flash-next-iq3_s/IQ3_S/Qwen3.8-Flash-Next-GSQ-RCO-IQ3_S-00001-of-00002.gguf","blk.32.ffn_down_exps.weight",36392367104,921600
ID,0,163,32,511,2099868014385446760
EXTENT,0,32,109,0,"/home/yayoi/.local/share/strata-sycl/models/qwen3.8-flash-next-iq3_s/IQ3_S/Qwen3.8-Flash-Next-GSQ-RCO-IQ3_S-00001-of-00002.gguf","blk.32.ffn_gate_exps.weight",36451413504,524800
EXTENT,0,32,109,1,"/home/yayoi/.local/share/strata-sycl/models/qwen3.8-flash-next-iq3_s/IQ3_S/Qwen3.8-Flash-Next-GSQ-RCO-IQ3_S-00001-of-00002.gguf","blk.32.ffn_up_exps.weight",36724081664,524800
EXTENT,0,32,109,2,"/home/yayoi/.local/share/strata-sycl/models/qwen3.8-flash-next-iq3_s/IQ3_S/Qwen3.8-Flash-Next-GSQ-RCO-IQ3_S-00001-of-00002.gguf","blk.32.ffn_down_exps.weight",36021883904,921600
ID,0,164,32,109,16346944635863651867
EXTENT,0,32,429,0,"/home/yayoi/.local/share/strata-sycl/models/qwen3.8-flash-next-iq3_s/IQ3_S/Qwen3.8-Flash-Next-GSQ-RCO-IQ3_S-00001-of-00002.gguf","blk.32.ffn_gate_exps.weight",36619349504,524800
EXTENT,0,32,429,1,"/home/yayoi/.local/share/strata-sycl/models/qwen3.8-flash-next-iq3_s/IQ3_S/Qwen3.8-Flash-Next-GSQ-RCO-IQ3_S-00001-of-00002.gguf","blk.32.ffn_up_exps.weight",36892017664,524800
EXTENT,0,32,429,2,"/home/yayoi/.local/share/strata-sycl/models/qwen3.8-flash-next-iq3_s/IQ3_S/Qwen3.8-Flash-Next-GSQ-RCO-IQ3_S-00001-of-00002.gguf","blk.32.ffn_down_exps.weight",36316795904,921600
ID,0,165,32,429,2587329970251530049
EXTENT,0,32,23,0,"/home/yayoi/.local/share/strata-sycl/models/qwen3.8-flash-next-iq3_s/IQ3_S/Qwen3.8-Flash-Next-GSQ-RCO-IQ3_S-00001-of-00002.gguf","blk.32.ffn_gate_exps.weight",36406280704,524800
EXTENT,0,32,23,1,"/home/yayoi/.local/share/strata-sycl/models/qwen3.8-flash-next-iq3_s/IQ3_S/Qwen3.8-Flash-Next-GSQ-RCO-IQ3_S-00001-of-00002.gguf","blk.32.ffn_up_exps.weight",36678948864,524800
EXTENT,0,32,23,2,"/home/yayoi/.local/share/strata-sycl/models/qwen3.8-flash-next-iq3_s/IQ3_S/Qwen3.8-Flash-Next-GSQ-RCO-IQ3_S-00001-of-00002.gguf","blk.32.ffn_down_exps.weight",35942626304,921600
ID,0,166,32,23,2727486160033483093
EXTENT,0,32,120,0,"/home/yayoi/.local/share/strata-sycl/models/qwen3.8-flash-next-iq3_s/IQ3_S/Qwen3.8-Flash-Next-GSQ-RCO-IQ3_S-00001-of-00002.gguf","blk.32.ffn_gate_exps.weight",36457186304,524800
EXTENT,0,32,120,1,"/home/yayoi/.local/share/strata-sycl/models/qwen3.8-flash-next-iq3_s/IQ3_S/Qwen3.8-Flash-Next-GSQ-RCO-IQ3_S-00001-of-00002.gguf","blk.32.ffn_up_exps.weight",36729854464,524800
EXTENT,0,32,120,2,"/home/yayoi/.local/share/strata-sycl/models/qwen3.8-flash-next-iq3_s/IQ3_S/Qwen3.8-Flash-Next-GSQ-RCO-IQ3_S-00001-of-00002.gguf","blk.32.ffn_down_exps.weight",36032021504,921600
ID,0,167,32,120,15790352583479433519
EXTENT,0,34,126,0,"/home/yayoi/.local/share/strata-sycl/models/qwen3.8-flash-next-iq3_s/IQ3_S/Qwen3.8-Flash-Next-GSQ-RCO-IQ3_S-00001-of-00002.gguf","blk.34.ffn_gate_exps.weight",38728100096,524800
EXTENT,0,34,126,1,"/home/yayoi/.local/share/strata-sycl/models/qwen3.8-flash-next-iq3_s/IQ3_S/Qwen3.8-Flash-Next-GSQ-RCO-IQ3_S-00001-of-00002.gguf","blk.34.ffn_up_exps.weight",39000345856,524800
EXTENT,0,34,126,2,"/home/yayoi/.local/share/strata-sycl/models/qwen3.8-flash-next-iq3_s/IQ3_S/Qwen3.8-Flash-Next-GSQ-RCO-IQ3_S-00001-of-00002.gguf","blk.34.ffn_down_exps.weight",38305316096,921600
ID,0,168,34,126,16967158804126135654
EXTENT,0,34,17,0,"/home/yayoi/.local/share/strata-sycl/models/qwen3.8-flash-next-iq3_s/IQ3_S/Qwen3.8-Flash-Next-GSQ-RCO-IQ3_S-00001-of-00002.gguf","blk.34.ffn_gate_exps.weight",38670896896,524800
EXTENT,0,34,17,1,"/home/yayoi/.local/share/strata-sycl/models/qwen3.8-flash-next-iq3_s/IQ3_S/Qwen3.8-Flash-Next-GSQ-RCO-IQ3_S-00001-of-00002.gguf","blk.34.ffn_up_exps.weight",38943142656,524800
EXTENT,0,34,17,2,"/home/yayoi/.local/share/strata-sycl/models/qwen3.8-flash-next-iq3_s/IQ3_S/Qwen3.8-Flash-Next-GSQ-RCO-IQ3_S-00001-of-00002.gguf","blk.34.ffn_down_exps.weight",38204861696,921600
ID,0,169,34,17,1264176536930011707
EXTENT,0,34,144,0,"/home/yayoi/.local/share/strata-sycl/models/qwen3.8-flash-next-iq3_s/IQ3_S/Qwen3.8-Flash-Next-GSQ-RCO-IQ3_S-00001-of-00002.gguf","blk.34.ffn_gate_exps.weight",38737546496,524800
EXTENT,0,34,144,1,"/home/yayoi/.local/share/strata-sycl/models/qwen3.8-flash-next-iq3_s/IQ3_S/Qwen3.8-Flash-Next-GSQ-RCO-IQ3_S-00001-of-00002.gguf","blk.34.ffn_up_exps.weight",39009792256,524800
EXTENT,0,34,144,2,"/home/yayoi/.local/share/strata-sycl/models/qwen3.8-flash-next-iq3_s/IQ3_S/Qwen3.8-Flash-Next-GSQ-RCO-IQ3_S-00001-of-00002.gguf","blk.34.ffn_down_exps.weight",38321904896,921600
ID,0,170,34,144,17460272058422954146
EXTENT,0,34,395,0,"/home/yayoi/.local/share/strata-sycl/models/qwen3.8-flash-next-iq3_s/IQ3_S/Qwen3.8-Flash-Next-GSQ-RCO-IQ3_S-00001-of-00002.gguf","blk.34.ffn_gate_exps.weight",38869271296,524800
EXTENT,0,34,395,1,"/home/yayoi/.local/share/strata-sycl/models/qwen3.8-flash-next-iq3_s/IQ3_S/Qwen3.8-Flash-Next-GSQ-RCO-IQ3_S-00001-of-00002.gguf","blk.34.ffn_up_exps.weight",39141517056,524800
EXTENT,0,34,395,2,"/home/yayoi/.local/share/strata-sycl/models/qwen3.8-flash-next-iq3_s/IQ3_S/Qwen3.8-Flash-Next-GSQ-RCO-IQ3_S-00001-of-00002.gguf","blk.34.ffn_down_exps.weight",38553226496,921600
ID,0,171,34,395,8608402231486936236
EXTENT,0,34,299,0,"/home/yayoi/.local/share/strata-sycl/models/qwen3.8-flash-next-iq3_s/IQ3_S/Qwen3.8-Flash-Next-GSQ-RCO-IQ3_S-00001-of-00002.gguf","blk.34.ffn_gate_exps.weight",38818890496,524800
EXTENT,0,34,299,1,"/home/yayoi/.local/share/strata-sycl/models/qwen3.8-flash-next-iq3_s/IQ3_S/Qwen3.8-Flash-Next-GSQ-RCO-IQ3_S-00001-of-00002.gguf","blk.34.ffn_up_exps.weight",39091136256,524800
EXTENT,0,34,299,2,"/home/yayoi/.local/share/strata-sycl/models/qwen3.8-flash-next-iq3_s/IQ3_S/Qwen3.8-Flash-Next-GSQ-RCO-IQ3_S-00001-of-00002.gguf","blk.34.ffn_down_exps.weight",38464752896,921600
ID,0,172,34,299,8551232821766178917
EXTENT,0,34,283,0,"/home/yayoi/.local/share/strata-sycl/models/qwen3.8-flash-next-iq3_s/IQ3_S/Qwen3.8-Flash-Next-GSQ-RCO-IQ3_S-00001-of-00002.gguf","blk.34.ffn_gate_exps.weight",38810493696,524800
EXTENT,0,34,283,1,"/home/yayoi/.local/share/strata-sycl/models/qwen3.8-flash-next-iq3_s/IQ3_S/Qwen3.8-Flash-Next-GSQ-RCO-IQ3_S-00001-of-00002.gguf","blk.34.ffn_up_exps.weight",39082739456,524800
EXTENT,0,34,283,2,"/home/yayoi/.local/share/strata-sycl/models/qwen3.8-flash-next-iq3_s/IQ3_S/Qwen3.8-Flash-Next-GSQ-RCO-IQ3_S-00001-of-00002.gguf","blk.34.ffn_down_exps.weight",38450007296,921600
ID,0,173,34,283,2263315070564120717
EXTENT,0,34,198,0,"/home/yayoi/.local/share/strata-sycl/models/qwen3.8-flash-next-iq3_s/IQ3_S/Qwen3.8-Flash-Next-GSQ-RCO-IQ3_S-00001-of-00002.gguf","blk.34.ffn_gate_exps.weight",38765885696,524800
EXTENT,0,34,198,1,"/home/yayoi/.local/share/strata-sycl/models/qwen3.8-flash-next-iq3_s/IQ3_S/Qwen3.8-Flash-Next-GSQ-RCO-IQ3_S-00001-of-00002.gguf","blk.34.ffn_up_exps.weight",39038131456,524800
EXTENT,0,34,198,2,"/home/yayoi/.local/share/strata-sycl/models/qwen3.8-flash-next-iq3_s/IQ3_S/Qwen3.8-Flash-Next-GSQ-RCO-IQ3_S-00001-of-00002.gguf","blk.34.ffn_down_exps.weight",38371671296,921600
ID,0,174,34,198,16619270781473759050
EXTENT,0,34,261,0,"/home/yayoi/.local/share/strata-sycl/models/qwen3.8-flash-next-iq3_s/IQ3_S/Qwen3.8-Flash-Next-GSQ-RCO-IQ3_S-00001-of-00002.gguf","blk.34.ffn_gate_exps.weight",38798948096,524800
EXTENT,0,34,261,1,"/home/yayoi/.local/share/strata-sycl/models/qwen3.8-flash-next-iq3_s/IQ3_S/Qwen3.8-Flash-Next-GSQ-RCO-IQ3_S-00001-of-00002.gguf","blk.34.ffn_up_exps.weight",39071193856,524800
EXTENT,0,34,261,2,"/home/yayoi/.local/share/strata-sycl/models/qwen3.8-flash-next-iq3_s/IQ3_S/Qwen3.8-Flash-Next-GSQ-RCO-IQ3_S-00001-of-00002.gguf","blk.34.ffn_down_exps.weight",38429732096,921600
ID,0,175,34,261,5466043024756172681
EXTENT,0,34,442,0,"/home/yayoi/.local/share/strata-sycl/models/qwen3.8-flash-next-iq3_s/IQ3_S/Qwen3.8-Flash-Next-GSQ-RCO-IQ3_S-00001-of-00002.gguf","blk.34.ffn_gate_exps.weight",38893936896,524800
EXTENT,0,34,442,1,"/home/yayoi/.local/share/strata-sycl/models/qwen3.8-flash-next-iq3_s/IQ3_S/Qwen3.8-Flash-Next-GSQ-RCO-IQ3_S-00001-of-00002.gguf","blk.34.ffn_up_exps.weight",39166182656,524800
EXTENT,0,34,442,2,"/home/yayoi/.local/share/strata-sycl/models/qwen3.8-flash-next-iq3_s/IQ3_S/Qwen3.8-Flash-Next-GSQ-RCO-IQ3_S-00001-of-00002.gguf","blk.34.ffn_down_exps.weight",38596541696,921600
ID,0,176,34,442,16013046778265712660
EXTENT,0,34,486,0,"/home/yayoi/.local/share/strata-sycl/models/qwen3.8-flash-next-iq3_s/IQ3_S/Qwen3.8-Flash-Next-GSQ-RCO-IQ3_S-00001-of-00002.gguf","blk.34.ffn_gate_exps.weight",38917028096,524800
EXTENT,0,34,486,1,"/home/yayoi/.local/share/strata-sycl/models/qwen3.8-flash-next-iq3_s/IQ3_S/Qwen3.8-Flash-Next-GSQ-RCO-IQ3_S-00001-of-00002.gguf","blk.34.ffn_up_exps.weight",39189273856,524800
EXTENT,0,34,486,2,"/home/yayoi/.local/share/strata-sycl/models/qwen3.8-flash-next-iq3_s/IQ3_S/Qwen3.8-Flash-Next-GSQ-RCO-IQ3_S-00001-of-00002.gguf","blk.34.ffn_down_exps.weight",38637092096,921600
ID,0,177,34,486,6266478004764635130
EXTENT,0,34,435,0,"/home/yayoi/.local/share/strata-sycl/models/qwen3.8-flash-next-iq3_s/IQ3_S/Qwen3.8-Flash-Next-GSQ-RCO-IQ3_S-00001-of-00002.gguf","blk.34.ffn_gate_exps.weight",38890263296,524800
EXTENT,0,34,435,1,"/home/yayoi/.local/share/strata-sycl/models/qwen3.8-flash-next-iq3_s/IQ3_S/Qwen3.8-Flash-Next-GSQ-RCO-IQ3_S-00001-of-00002.gguf","blk.34.ffn_up_exps.weight",39162509056,524800
EXTENT,0,34,435,2,"/home/yayoi/.local/share/strata-sycl/models/qwen3.8-flash-next-iq3_s/IQ3_S/Qwen3.8-Flash-Next-GSQ-RCO-IQ3_S-00001-of-00002.gguf","blk.34.ffn_down_exps.weight",38590090496,921600
ID,0,178,34,435,12448346351487294927
EXTENT,0,34,207,0,"/home/yayoi/.local/share/strata-sycl/models/qwen3.8-flash-next-iq3_s/IQ3_S/Qwen3.8-Flash-Next-GSQ-RCO-IQ3_S-00001-of-00002.gguf","blk.34.ffn_gate_exps.weight",38770608896,524800
EXTENT,0,34,207,1,"/home/yayoi/.local/share/strata-sycl/models/qwen3.8-flash-next-iq3_s/IQ3_S/Qwen3.8-Flash-Next-GSQ-RCO-IQ3_S-00001-of-00002.gguf","blk.34.ffn_up_exps.weight",39042854656,524800
EXTENT,0,34,207,2,"/home/yayoi/.local/share/strata-sycl/models/qwen3.8-flash-next-iq3_s/IQ3_S/Qwen3.8-Flash-Next-GSQ-RCO-IQ3_S-00001-of-00002.gguf","blk.34.ffn_down_exps.weight",38379965696,921600
ID,0,179,34,207,3837670473318745268
EXTENT,0,39,233,0,"/home/yayoi/.local/share/strata-sycl/models/qwen3.8-flash-next-iq3_s/IQ3_S/Qwen3.8-Flash-Next-GSQ-RCO-IQ3_S-00001-of-00002.gguf","blk.39.ffn_gate_exps.weight",44377836800,524800
EXTENT,0,39,233,1,"/home/yayoi/.local/share/strata-sycl/models/qwen3.8-flash-next-iq3_s/IQ3_S/Qwen3.8-Flash-Next-GSQ-RCO-IQ3_S-00001-of-00002.gguf","blk.39.ffn_up_exps.weight",44650082560,524800
EXTENT,0,39,233,2,"/home/yayoi/.local/share/strata-sycl/models/qwen3.8-flash-next-iq3_s/IQ3_S/Qwen3.8-Flash-Next-GSQ-RCO-IQ3_S-00001-of-00002.gguf","blk.39.ffn_down_exps.weight",43997510400,921600
ID,0,180,39,233,14164687785438399936
EXTENT,0,39,416,0,"/home/yayoi/.local/share/strata-sycl/models/qwen3.8-flash-next-iq3_s/IQ3_S/Qwen3.8-Flash-Next-GSQ-RCO-IQ3_S-00001-of-00002.gguf","blk.39.ffn_gate_exps.weight",44473875200,524800
EXTENT,0,39,416,1,"/home/yayoi/.local/share/strata-sycl/models/qwen3.8-flash-next-iq3_s/IQ3_S/Qwen3.8-Flash-Next-GSQ-RCO-IQ3_S-00001-of-00002.gguf","blk.39.ffn_up_exps.weight",44746120960,524800
EXTENT,0,39,416,2,"/home/yayoi/.local/share/strata-sycl/models/qwen3.8-flash-next-iq3_s/IQ3_S/Qwen3.8-Flash-Next-GSQ-RCO-IQ3_S-00001-of-00002.gguf","blk.39.ffn_down_exps.weight",44166163200,921600
ID,0,181,39,416,8453182833906404087
EXTENT,0,39,187,0,"/home/yayoi/.local/share/strata-sycl/models/qwen3.8-flash-next-iq3_s/IQ3_S/Qwen3.8-Flash-Next-GSQ-RCO-IQ3_S-00001-of-00002.gguf","blk.39.ffn_gate_exps.weight",44353696000,524800
EXTENT,0,39,187,1,"/home/yayoi/.local/share/strata-sycl/models/qwen3.8-flash-next-iq3_s/IQ3_S/Qwen3.8-Flash-Next-GSQ-RCO-IQ3_S-00001-of-00002.gguf","blk.39.ffn_up_exps.weight",44625941760,524800
EXTENT,0,39,187,2,"/home/yayoi/.local/share/strata-sycl/models/qwen3.8-flash-next-iq3_s/IQ3_S/Qwen3.8-Flash-Next-GSQ-RCO-IQ3_S-00001-of-00002.gguf","blk.39.ffn_down_exps.weight",43955116800,921600
ID,0,182,39,187,13147176752163248603
EXTENT,0,39,327,0,"/home/yayoi/.local/share/strata-sycl/models/qwen3.8-flash-next-iq3_s/IQ3_S/Qwen3.8-Flash-Next-GSQ-RCO-IQ3_S-00001-of-00002.gguf","blk.39.ffn_gate_exps.weight",44427168000,524800
EXTENT,0,39,327,1,"/home/yayoi/.local/share/strata-sycl/models/qwen3.8-flash-next-iq3_s/IQ3_S/Qwen3.8-Flash-Next-GSQ-RCO-IQ3_S-00001-of-00002.gguf","blk.39.ffn_up_exps.weight",44699413760,524800
EXTENT,0,39,327,2,"/home/yayoi/.local/share/strata-sycl/models/qwen3.8-flash-next-iq3_s/IQ3_S/Qwen3.8-Flash-Next-GSQ-RCO-IQ3_S-00001-of-00002.gguf","blk.39.ffn_down_exps.weight",44084140800,921600
ID,0,183,39,327,16447077421780165359
EXTENT,0,39,507,0,"/home/yayoi/.local/share/strata-sycl/models/qwen3.8-flash-next-iq3_s/IQ3_S/Qwen3.8-Flash-Next-GSQ-RCO-IQ3_S-00001-of-00002.gguf","blk.39.ffn_gate_exps.weight",44521632000,524800
EXTENT,0,39,507,1,"/home/yayoi/.local/share/strata-sycl/models/qwen3.8-flash-next-iq3_s/IQ3_S/Qwen3.8-Flash-Next-GSQ-RCO-IQ3_S-00001-of-00002.gguf","blk.39.ffn_up_exps.weight",44793877760,524800
EXTENT,0,39,507,2,"/home/yayoi/.local/share/strata-sycl/models/qwen3.8-flash-next-iq3_s/IQ3_S/Qwen3.8-Flash-Next-GSQ-RCO-IQ3_S-00001-of-00002.gguf","blk.39.ffn_down_exps.weight",44250028800,921600
ID,0,184,39,507,4642845537677942902
EXTENT,0,39,482,0,"/home/yayoi/.local/share/strata-sycl/models/qwen3.8-flash-next-iq3_s/IQ3_S/Qwen3.8-Flash-Next-GSQ-RCO-IQ3_S-00001-of-00002.gguf","blk.39.ffn_gate_exps.weight",44508512000,524800
EXTENT,0,39,482,1,"/home/yayoi/.local/share/strata-sycl/models/qwen3.8-flash-next-iq3_s/IQ3_S/Qwen3.8-Flash-Next-GSQ-RCO-IQ3_S-00001-of-00002.gguf","blk.39.ffn_up_exps.weight",44780757760,524800
EXTENT,0,39,482,2,"/home/yayoi/.local/share/strata-sycl/models/qwen3.8-flash-next-iq3_s/IQ3_S/Qwen3.8-Flash-Next-GSQ-RCO-IQ3_S-00001-of-00002.gguf","blk.39.ffn_down_exps.weight",44226988800,921600
ID,0,185,39,482,15771086947772086629
EXTENT,0,39,103,0,"/home/yayoi/.local/share/strata-sycl/models/qwen3.8-flash-next-iq3_s/IQ3_S/Qwen3.8-Flash-Next-GSQ-RCO-IQ3_S-00001-of-00002.gguf","blk.39.ffn_gate_exps.weight",44309612800,524800
EXTENT,0,39,103,1,"/home/yayoi/.local/share/strata-sycl/models/qwen3.8-flash-next-iq3_s/IQ3_S/Qwen3.8-Flash-Next-GSQ-RCO-IQ3_S-00001-of-00002.gguf","blk.39.ffn_up_exps.weight",44581858560,524800
EXTENT,0,39,103,2,"/home/yayoi/.local/share/strata-sycl/models/qwen3.8-flash-next-iq3_s/IQ3_S/Qwen3.8-Flash-Next-GSQ-RCO-IQ3_S-00001-of-00002.gguf","blk.39.ffn_down_exps.weight",43877702400,921600
ID,0,186,39,103,14930645527536041232
EXTENT,0,39,398,0,"/home/yayoi/.local/share/strata-sycl/models/qwen3.8-flash-next-iq3_s/IQ3_S/Qwen3.8-Flash-Next-GSQ-RCO-IQ3_S-00001-of-00002.gguf","blk.39.ffn_gate_exps.weight",44464428800,524800
EXTENT,0,39,398,1,"/home/yayoi/.local/share/strata-sycl/models/qwen3.8-flash-next-iq3_s/IQ3_S/Qwen3.8-Flash-Next-GSQ-RCO-IQ3_S-00001-of-00002.gguf","blk.39.ffn_up_exps.weight",44736674560,524800
EXTENT,0,39,398,2,"/home/yayoi/.local/share/strata-sycl/models/qwen3.8-flash-next-iq3_s/IQ3_S/Qwen3.8-Flash-Next-GSQ-RCO-IQ3_S-00001-of-00002.gguf","blk.39.ffn_down_exps.weight",44149574400,921600
ID,0,187,39,398,17079008184234294291
EXTENT,0,39,454,0,"/home/yayoi/.local/share/strata-sycl/models/qwen3.8-flash-next-iq3_s/IQ3_S/Qwen3.8-Flash-Next-GSQ-RCO-IQ3_S-00001-of-00002.gguf","blk.39.ffn_gate_exps.weight",44493817600,524800
EXTENT,0,39,454,1,"/home/yayoi/.local/share/strata-sycl/models/qwen3.8-flash-next-iq3_s/IQ3_S/Qwen3.8-Flash-Next-GSQ-RCO-IQ3_S-00001-of-00002.gguf","blk.39.ffn_up_exps.weight",44766063360,524800
EXTENT,0,39,454,2,"/home/yayoi/.local/share/strata-sycl/models/qwen3.8-flash-next-iq3_s/IQ3_S/Qwen3.8-Flash-Next-GSQ-RCO-IQ3_S-00001-of-00002.gguf","blk.39.ffn_down_exps.weight",44201184000,921600
ID,0,188,39,454,15460699949105992301
EXTENT,0,39,155,0,"/home/yayoi/.local/share/strata-sycl/models/qwen3.8-flash-next-iq3_s/IQ3_S/Qwen3.8-Flash-Next-GSQ-RCO-IQ3_S-00001-of-00002.gguf","blk.39.ffn_gate_exps.weight",44336902400,524800
EXTENT,0,39,155,1,"/home/yayoi/.local/share/strata-sycl/models/qwen3.8-flash-next-iq3_s/IQ3_S/Qwen3.8-Flash-Next-GSQ-RCO-IQ3_S-00001-of-00002.gguf","blk.39.ffn_up_exps.weight",44609148160,524800
EXTENT,0,39,155,2,"/home/yayoi/.local/share/strata-sycl/models/qwen3.8-flash-next-iq3_s/IQ3_S/Qwen3.8-Flash-Next-GSQ-RCO-IQ3_S-00001-of-00002.gguf","blk.39.ffn_down_exps.weight",43925625600,921600
ID,0,189,39,155,17820587791181458256
EXTENT,0,39,95,0,"/home/yayoi/.local/share/strata-sycl/models/qwen3.8-flash-next-iq3_s/IQ3_S/Qwen3.8-Flash-Next-GSQ-RCO-IQ3_S-00001-of-00002.gguf","blk.39.ffn_gate_exps.weight",44305414400,524800
EXTENT,0,39,95,1,"/home/yayoi/.local/share/strata-sycl/models/qwen3.8-flash-next-iq3_s/IQ3_S/Qwen3.8-Flash-Next-GSQ-RCO-IQ3_S-00001-of-00002.gguf","blk.39.ffn_up_exps.weight",44577660160,524800
EXTENT,0,39,95,2,"/home/yayoi/.local/share/strata-sycl/models/qwen3.8-flash-next-iq3_s/IQ3_S/Qwen3.8-Flash-Next-GSQ-RCO-IQ3_S-00001-of-00002.gguf","blk.39.ffn_down_exps.weight",43870329600,921600
ID,0,190,39,95,123718524054960527
EXTENT,0,39,107,0,"/home/yayoi/.local/share/strata-sycl/models/qwen3.8-flash-next-iq3_s/IQ3_S/Qwen3.8-Flash-Next-GSQ-RCO-IQ3_S-00001-of-00002.gguf","blk.39.ffn_gate_exps.weight",44311712000,524800
EXTENT,0,39,107,1,"/home/yayoi/.local/share/strata-sycl/models/qwen3.8-flash-next-iq3_s/IQ3_S/Qwen3.8-Flash-Next-GSQ-RCO-IQ3_S-00001-of-00002.gguf","blk.39.ffn_up_exps.weight",44583957760,524800
EXTENT,0,39,107,2,"/home/yayoi/.local/share/strata-sycl/models/qwen3.8-flash-next-iq3_s/IQ3_S/Qwen3.8-Flash-Next-GSQ-RCO-IQ3_S-00001-of-00002.gguf","blk.39.ffn_down_exps.weight",43881388800,921600
ID,0,191,39,107,11867154985581326926
EXTENT,1,2,402,0,"/home/yayoi/.local/share/strata-sycl/models/qwen3.8-flash-next-iq3_s/IQ3_S/Qwen3.8-Flash-Next-GSQ-RCO-IQ3_S-00001-of-00002.gguf","blk.2.ffn_gate_exps.weight",3702141696,524800
EXTENT,1,2,402,1,"/home/yayoi/.local/share/strata-sycl/models/qwen3.8-flash-next-iq3_s/IQ3_S/Qwen3.8-Flash-Next-GSQ-RCO-IQ3_S-00001-of-00002.gguf","blk.2.ffn_up_exps.weight",3974387456,524800
EXTENT,1,2,402,2,"/home/yayoi/.local/share/strata-sycl/models/qwen3.8-flash-next-iq3_s/IQ3_S/Qwen3.8-Flash-Next-GSQ-RCO-IQ3_S-00001-of-00002.gguf","blk.2.ffn_down_exps.weight",3388874496,921600
ID,1,192,2,402,7747698875681680962
EXTENT,1,2,110,0,"/home/yayoi/.local/share/strata-sycl/models/qwen3.8-flash-next-iq3_s/IQ3_S/Qwen3.8-Flash-Next-GSQ-RCO-IQ3_S-00001-of-00002.gguf","blk.2.ffn_gate_exps.weight",3548900096,524800
EXTENT,1,2,110,1,"/home/yayoi/.local/share/strata-sycl/models/qwen3.8-flash-next-iq3_s/IQ3_S/Qwen3.8-Flash-Next-GSQ-RCO-IQ3_S-00001-of-00002.gguf","blk.2.ffn_up_exps.weight",3821145856,524800
EXTENT,1,2,110,2,"/home/yayoi/.local/share/strata-sycl/models/qwen3.8-flash-next-iq3_s/IQ3_S/Qwen3.8-Flash-Next-GSQ-RCO-IQ3_S-00001-of-00002.gguf","blk.2.ffn_down_exps.weight",3119767296,921600
ID,1,193,2,110,17191820367657846550
EXTENT,1,2,245,0,"/home/yayoi/.local/share/strata-sycl/models/qwen3.8-flash-next-iq3_s/IQ3_S/Qwen3.8-Flash-Next-GSQ-RCO-IQ3_S-00001-of-00002.gguf","blk.2.ffn_gate_exps.weight",3619748096,524800
EXTENT,1,2,245,1,"/home/yayoi/.local/share/strata-sycl/models/qwen3.8-flash-next-iq3_s/IQ3_S/Qwen3.8-Flash-Next-GSQ-RCO-IQ3_S-00001-of-00002.gguf","blk.2.ffn_up_exps.weight",3891993856,524800
EXTENT,1,2,245,2,"/home/yayoi/.local/share/strata-sycl/models/qwen3.8-flash-next-iq3_s/IQ3_S/Qwen3.8-Flash-Next-GSQ-RCO-IQ3_S-00001-of-00002.gguf","blk.2.ffn_down_exps.weight",3244183296,921600
ID,1,194,2,245,18184421300091171796
EXTENT,1,2,431,0,"/home/yayoi/.local/share/strata-sycl/models/qwen3.8-flash-next-iq3_s/IQ3_S/Qwen3.8-Flash-Next-GSQ-RCO-IQ3_S-00001-of-00002.gguf","blk.2.ffn_gate_exps.weight",3717360896,524800
EXTENT,1,2,431,1,"/home/yayoi/.local/share/strata-sycl/models/qwen3.8-flash-next-iq3_s/IQ3_S/Qwen3.8-Flash-Next-GSQ-RCO-IQ3_S-00001-of-00002.gguf","blk.2.ffn_up_exps.weight",3989606656,524800
EXTENT,1,2,431,2,"/home/yayoi/.local/share/strata-sycl/models/qwen3.8-flash-next-iq3_s/IQ3_S/Qwen3.8-Flash-Next-GSQ-RCO-IQ3_S-00001-of-00002.gguf","blk.2.ffn_down_exps.weight",3415600896,921600
ID,1,195,2,431,5227411395965057733
EXTENT,1,2,2,0,"/home/yayoi/.local/share/strata-sycl/models/qwen3.8-flash-next-iq3_s/IQ3_S/Qwen3.8-Flash-Next-GSQ-RCO-IQ3_S-00001-of-00002.gguf","blk.2.ffn_gate_exps.weight",3492221696,524800
EXTENT,1,2,2,1,"/home/yayoi/.local/share/strata-sycl/models/qwen3.8-flash-next-iq3_s/IQ3_S/Qwen3.8-Flash-Next-GSQ-RCO-IQ3_S-00001-of-00002.gguf","blk.2.ffn_up_exps.weight",3764467456,524800
EXTENT,1,2,2,2,"/home/yayoi/.local/share/strata-sycl/models/qwen3.8-flash-next-iq3_s/IQ3_S/Qwen3.8-Flash-Next-GSQ-RCO-IQ3_S-00001-of-00002.gguf","blk.2.ffn_down_exps.weight",3020234496,921600
ID,1,196,2,2,1765898599922379619
EXTENT,1,2,160,0,"/home/yayoi/.local/share/strata-sycl/models/qwen3.8-flash-next-iq3_s/IQ3_S/Qwen3.8-Flash-Next-GSQ-RCO-IQ3_S-00001-of-00002.gguf","blk.2.ffn_gate_exps.weight",3575140096,524800
EXTENT,1,2,160,1,"/home/yayoi/.local/share/strata-sycl/models/qwen3.8-flash-next-iq3_s/IQ3_S/Qwen3.8-Flash-Next-GSQ-RCO-IQ3_S-00001-of-00002.gguf","blk.2.ffn_up_exps.weight",3847385856,524800
EXTENT,1,2,160,2,"/home/yayoi/.local/share/strata-sycl/models/qwen3.8-flash-next-iq3_s/IQ3_S/Qwen3.8-Flash-Next-GSQ-RCO-IQ3_S-00001-of-00002.gguf","blk.2.ffn_down_exps.weight",3165847296,921600
ID,1,197,2,160,9357371207801001547
EXTENT,1,2,412,0,"/home/yayoi/.local/share/strata-sycl/models/qwen3.8-flash-next-iq3_s/IQ3_S/Qwen3.8-Flash-Next-GSQ-RCO-IQ3_S-00001-of-00002.gguf","blk.2.ffn_gate_exps.weight",3707389696,524800
EXTENT,1,2,412,1,"/home/yayoi/.local/share/strata-sycl/models/qwen3.8-flash-next-iq3_s/IQ3_S/Qwen3.8-Flash-Next-GSQ-RCO-IQ3_S-00001-of-00002.gguf","blk.2.ffn_up_exps.weight",3979635456,524800
EXTENT,1,2,412,2,"/home/yayoi/.local/share/strata-sycl/models/qwen3.8-flash-next-iq3_s/IQ3_S/Qwen3.8-Flash-Next-GSQ-RCO-IQ3_S-00001-of-00002.gguf","blk.2.ffn_down_exps.weight",3398090496,921600
ID,1,198,2,412,13666323363222555982
EXTENT,1,2,258,0,"/home/yayoi/.local/share/strata-sycl/models/qwen3.8-flash-next-iq3_s/IQ3_S/Qwen3.8-Flash-Next-GSQ-RCO-IQ3_S-00001-of-00002.gguf","blk.2.ffn_gate_exps.weight",3626570496,524800
EXTENT,1,2,258,1,"/home/yayoi/.local/share/strata-sycl/models/qwen3.8-flash-next-iq3_s/IQ3_S/Qwen3.8-Flash-Next-GSQ-RCO-IQ3_S-00001-of-00002.gguf","blk.2.ffn_up_exps.weight",3898816256,524800
EXTENT,1,2,258,2,"/home/yayoi/.local/share/strata-sycl/models/qwen3.8-flash-next-iq3_s/IQ3_S/Qwen3.8-Flash-Next-GSQ-RCO-IQ3_S-00001-of-00002.gguf","blk.2.ffn_down_exps.weight",3256164096,921600
ID,1,199,2,258,704604551567955621
EXTENT,1,2,502,0,"/home/yayoi/.local/share/strata-sycl/models/qwen3.8-flash-next-iq3_s/IQ3_S/Qwen3.8-Flash-Next-GSQ-RCO-IQ3_S-00001-of-00002.gguf","blk.2.ffn_gate_exps.weight",3754621696,524800
EXTENT,1,2,502,1,"/home/yayoi/.local/share/strata-sycl/models/qwen3.8-flash-next-iq3_s/IQ3_S/Qwen3.8-Flash-Next-GSQ-RCO-IQ3_S-00001-of-00002.gguf","blk.2.ffn_up_exps.weight",4026867456,524800
EXTENT,1,2,502,2,"/home/yayoi/.local/share/strata-sycl/models/qwen3.8-flash-next-iq3_s/IQ3_S/Qwen3.8-Flash-Next-GSQ-RCO-IQ3_S-00001-of-00002.gguf","blk.2.ffn_down_exps.weight",3481034496,921600
ID,1,200,2,502,9408669301043571530
EXTENT,1,2,317,0,"/home/yayoi/.local/share/strata-sycl/models/qwen3.8-flash-next-iq3_s/IQ3_S/Qwen3.8-Flash-Next-GSQ-RCO-IQ3_S-00001-of-00002.gguf","blk.2.ffn_gate_exps.weight",3657533696,524800
EXTENT,1,2,317,1,"/home/yayoi/.local/share/strata-sycl/models/qwen3.8-flash-next-iq3_s/IQ3_S/Qwen3.8-Flash-Next-GSQ-RCO-IQ3_S-00001-of-00002.gguf","blk.2.ffn_up_exps.weight",3929779456,524800
EXTENT,1,2,317,2,"/home/yayoi/.local/share/strata-sycl/models/qwen3.8-flash-next-iq3_s/IQ3_S/Qwen3.8-Flash-Next-GSQ-RCO-IQ3_S-00001-of-00002.gguf","blk.2.ffn_down_exps.weight",3310538496,921600
ID,1,201,2,317,5924341816761732170
EXTENT,1,2,249,0,"/home/yayoi/.local/share/strata-sycl/models/qwen3.8-flash-next-iq3_s/IQ3_S/Qwen3.8-Flash-Next-GSQ-RCO-IQ3_S-00001-of-00002.gguf","blk.2.ffn_gate_exps.weight",3621847296,524800
EXTENT,1,2,249,1,"/home/yayoi/.local/share/strata-sycl/models/qwen3.8-flash-next-iq3_s/IQ3_S/Qwen3.8-Flash-Next-GSQ-RCO-IQ3_S-00001-of-00002.gguf","blk.2.ffn_up_exps.weight",3894093056,524800
EXTENT,1,2,249,2,"/home/yayoi/.local/share/strata-sycl/models/qwen3.8-flash-next-iq3_s/IQ3_S/Qwen3.8-Flash-Next-GSQ-RCO-IQ3_S-00001-of-00002.gguf","blk.2.ffn_down_exps.weight",3247869696,921600
ID,1,202,2,249,6305002081448359319
EXTENT,1,2,339,0,"/home/yayoi/.local/share/strata-sycl/models/qwen3.8-flash-next-iq3_s/IQ3_S/Qwen3.8-Flash-Next-GSQ-RCO-IQ3_S-00001-of-00002.gguf","blk.2.ffn_gate_exps.weight",3669079296,524800
EXTENT,1,2,339,1,"/home/yayoi/.local/share/strata-sycl/models/qwen3.8-flash-next-iq3_s/IQ3_S/Qwen3.8-Flash-Next-GSQ-RCO-IQ3_S-00001-of-00002.gguf","blk.2.ffn_up_exps.weight",3941325056,524800
EXTENT,1,2,339,2,"/home/yayoi/.local/share/strata-sycl/models/qwen3.8-flash-next-iq3_s/IQ3_S/Qwen3.8-Flash-Next-GSQ-RCO-IQ3_S-00001-of-00002.gguf","blk.2.ffn_down_exps.weight",3330813696,921600
ID,1,203,2,339,3410510816231209831
EXTENT,1,2,463,0,"/home/yayoi/.local/share/strata-sycl/models/qwen3.8-flash-next-iq3_s/IQ3_S/Qwen3.8-Flash-Next-GSQ-RCO-IQ3_S-00001-of-00002.gguf","blk.2.ffn_gate_exps.weight",3734154496,524800
EXTENT,1,2,463,1,"/home/yayoi/.local/share/strata-sycl/models/qwen3.8-flash-next-iq3_s/IQ3_S/Qwen3.8-Flash-Next-GSQ-RCO-IQ3_S-00001-of-00002.gguf","blk.2.ffn_up_exps.weight",4006400256,524800
EXTENT,1,2,463,2,"/home/yayoi/.local/share/strata-sycl/models/qwen3.8-flash-next-iq3_s/IQ3_S/Qwen3.8-Flash-Next-GSQ-RCO-IQ3_S-00001-of-00002.gguf","blk.2.ffn_down_exps.weight",3445092096,921600
ID,1,204,2,463,13854580261893303342
EXTENT,1,3,366,0,"/home/yayoi/.local/share/strata-sycl/models/qwen3.8-flash-next-iq3_s/IQ3_S/Qwen3.8-Flash-Next-GSQ-RCO-IQ3_S-00001-of-00002.gguf","blk.3.ffn_gate_exps.weight",4766047360,524800
EXTENT,1,3,366,1,"/home/yayoi/.local/share/strata-sycl/models/qwen3.8-flash-next-iq3_s/IQ3_S/Qwen3.8-Flash-Next-GSQ-RCO-IQ3_S-00001-of-00002.gguf","blk.3.ffn_up_exps.weight",5038241920,524800
EXTENT,1,3,366,2,"/home/yayoi/.local/share/strata-sycl/models/qwen3.8-flash-next-iq3_s/IQ3_S/Qwen3.8-Flash-Next-GSQ-RCO-IQ3_S-00001-of-00002.gguf","blk.3.ffn_down_exps.weight",4438495360,921600
ID,1,205,3,366,13658009208134904189
EXTENT,1,3,247,0,"/home/yayoi/.local/share/strata-sycl/models/qwen3.8-flash-next-iq3_s/IQ3_S/Qwen3.8-Flash-Next-GSQ-RCO-IQ3_S-00001-of-00002.gguf","blk.3.ffn_gate_exps.weight",4703596160,524800
EXTENT,1,3,247,1,"/home/yayoi/.local/share/strata-sycl/models/qwen3.8-flash-next-iq3_s/IQ3_S/Qwen3.8-Flash-Next-GSQ-RCO-IQ3_S-00001-of-00002.gguf","blk.3.ffn_up_exps.weight",4975790720,524800
EXTENT,1,3,247,2,"/home/yayoi/.local/share/strata-sycl/models/qwen3.8-flash-next-iq3_s/IQ3_S/Qwen3.8-Flash-Next-GSQ-RCO-IQ3_S-00001-of-00002.gguf","blk.3.ffn_down_exps.weight",4328824960,921600
ID,1,206,3,247,3048764426795893863
EXTENT,1,3,66,0,"/home/yayoi/.local/share/strata-sycl/models/qwen3.8-flash-next-iq3_s/IQ3_S/Qwen3.8-Flash-Next-GSQ-RCO-IQ3_S-00001-of-00002.gguf","blk.3.ffn_gate_exps.weight",4608607360,524800
EXTENT,1,3,66,1,"/home/yayoi/.local/share/strata-sycl/models/qwen3.8-flash-next-iq3_s/IQ3_S/Qwen3.8-Flash-Next-GSQ-RCO-IQ3_S-00001-of-00002.gguf","blk.3.ffn_up_exps.weight",4880801920,524800
EXTENT,1,3,66,2,"/home/yayoi/.local/share/strata-sycl/models/qwen3.8-flash-next-iq3_s/IQ3_S/Qwen3.8-Flash-Next-GSQ-RCO-IQ3_S-00001-of-00002.gguf","blk.3.ffn_down_exps.weight",4162015360,921600
ID,1,207,3,66,3212872973952125880
EXTENT,1,3,411,0,"/home/yayoi/.local/share/strata-sycl/models/qwen3.8-flash-next-iq3_s/IQ3_S/Qwen3.8-Flash-Next-GSQ-RCO-IQ3_S-00001-of-00002.gguf","blk.3.ffn_gate_exps.weight",4789663360,524800
EXTENT,1,3,411,1,"/home/yayoi/.local/share/strata-sycl/models/qwen3.8-flash-next-iq3_s/IQ3_S/Qwen3.8-Flash-Next-GSQ-RCO-IQ3_S-00001-of-00002.gguf","blk.3.ffn_up_exps.weight",5061857920,524800
EXTENT,1,3,411,2,"/home/yayoi/.local/share/strata-sycl/models/qwen3.8-flash-next-iq3_s/IQ3_S/Qwen3.8-Flash-Next-GSQ-RCO-IQ3_S-00001-of-00002.gguf","blk.3.ffn_down_exps.weight",4479967360,921600
ID,1,208,3,411,5895791247061709846
EXTENT,1,3,442,0,"/home/yayoi/.local/share/strata-sycl/models/qwen3.8-flash-next-iq3_s/IQ3_S/Qwen3.8-Flash-Next-GSQ-RCO-IQ3_S-00001-of-00002.gguf","blk.3.ffn_gate_exps.weight",4805932160,524800
EXTENT,1,3,442,1,"/home/yayoi/.local/share/strata-sycl/models/qwen3.8-flash-next-iq3_s/IQ3_S/Qwen3.8-Flash-Next-GSQ-RCO-IQ3_S-00001-of-00002.gguf","blk.3.ffn_up_exps.weight",5078126720,524800
EXTENT,1,3,442,2,"/home/yayoi/.local/share/strata-sycl/models/qwen3.8-flash-next-iq3_s/IQ3_S/Qwen3.8-Flash-Next-GSQ-RCO-IQ3_S-00001-of-00002.gguf","blk.3.ffn_down_exps.weight",4508536960,921600
ID,1,209,3,442,700261614941275725
EXTENT,1,3,217,0,"/home/yayoi/.local/share/strata-sycl/models/qwen3.8-flash-next-iq3_s/IQ3_S/Qwen3.8-Flash-Next-GSQ-RCO-IQ3_S-00001-of-00002.gguf","blk.3.ffn_gate_exps.weight",4687852160,524800
EXTENT,1,3,217,1,"/home/yayoi/.local/share/strata-sycl/models/qwen3.8-flash-next-iq3_s/IQ3_S/Qwen3.8-Flash-Next-GSQ-RCO-IQ3_S-00001-of-00002.gguf","blk.3.ffn_up_exps.weight",4960046720,524800
EXTENT,1,3,217,2,"/home/yayoi/.local/share/strata-sycl/models/qwen3.8-flash-next-iq3_s/IQ3_S/Qwen3.8-Flash-Next-GSQ-RCO-IQ3_S-00001-of-00002.gguf","blk.3.ffn_down_exps.weight",4301176960,921600
ID,1,210,3,217,13992443273894226102
EXTENT,1,3,489,0,"/home/yayoi/.local/share/strata-sycl/models/qwen3.8-flash-next-iq3_s/IQ3_S/Qwen3.8-Flash-Next-GSQ-RCO-IQ3_S-00001-of-00002.gguf","blk.3.ffn_gate_exps.weight",4830597760,524800
EXTENT,1,3,489,1,"/home/yayoi/.local/share/strata-sycl/models/qwen3.8-flash-next-iq3_s/IQ3_S/Qwen3.8-Flash-Next-GSQ-RCO-IQ3_S-00001-of-00002.gguf","blk.3.ffn_up_exps.weight",5102792320,524800
EXTENT,1,3,489,2,"/home/yayoi/.local/share/strata-sycl/models/qwen3.8-flash-next-iq3_s/IQ3_S/Qwen3.8-Flash-Next-GSQ-RCO-IQ3_S-00001-of-00002.gguf","blk.3.ffn_down_exps.weight",4551852160,921600
ID,1,211,3,489,7296724038391217448
EXTENT,1,3,212,0,"/home/yayoi/.local/share/strata-sycl/models/qwen3.8-flash-next-iq3_s/IQ3_S/Qwen3.8-Flash-Next-GSQ-RCO-IQ3_S-00001-of-00002.gguf","blk.3.ffn_gate_exps.weight",4685228160,524800
EXTENT,1,3,212,1,"/home/yayoi/.local/share/strata-sycl/models/qwen3.8-flash-next-iq3_s/IQ3_S/Qwen3.8-Flash-Next-GSQ-RCO-IQ3_S-00001-of-00002.gguf","blk.3.ffn_up_exps.weight",4957422720,524800
EXTENT,1,3,212,2,"/home/yayoi/.local/share/strata-sycl/models/qwen3.8-flash-next-iq3_s/IQ3_S/Qwen3.8-Flash-Next-GSQ-RCO-IQ3_S-00001-of-00002.gguf","blk.3.ffn_down_exps.weight",4296568960,921600
ID,1,212,3,212,14247245352223536145
EXTENT,1,3,252,0,"/home/yayoi/.local/share/strata-sycl/models/qwen3.8-flash-next-iq3_s/IQ3_S/Qwen3.8-Flash-Next-GSQ-RCO-IQ3_S-00001-of-00002.gguf","blk.3.ffn_gate_exps.weight",4706220160,524800
EXTENT,1,3,252,1,"/home/yayoi/.local/share/strata-sycl/models/qwen3.8-flash-next-iq3_s/IQ3_S/Qwen3.8-Flash-Next-GSQ-RCO-IQ3_S-00001-of-00002.gguf","blk.3.ffn_up_exps.weight",4978414720,524800
EXTENT,1,3,252,2,"/home/yayoi/.local/share/strata-sycl/models/qwen3.8-flash-next-iq3_s/IQ3_S/Qwen3.8-Flash-Next-GSQ-RCO-IQ3_S-00001-of-00002.gguf","blk.3.ffn_down_exps.weight",4333432960,921600
ID,1,213,3,252,2546080426158461644
EXTENT,1,3,402,0,"/home/yayoi/.local/share/strata-sycl/models/qwen3.8-flash-next-iq3_s/IQ3_S/Qwen3.8-Flash-Next-GSQ-RCO-IQ3_S-00001-of-00002.gguf","blk.3.ffn_gate_exps.weight",4784940160,524800
EXTENT,1,3,402,1,"/home/yayoi/.local/share/strata-sycl/models/qwen3.8-flash-next-iq3_s/IQ3_S/Qwen3.8-Flash-Next-GSQ-RCO-IQ3_S-00001-of-00002.gguf","blk.3.ffn_up_exps.weight",5057134720,524800
EXTENT,1,3,402,2,"/home/yayoi/.local/share/strata-sycl/models/qwen3.8-flash-next-iq3_s/IQ3_S/Qwen3.8-Flash-Next-GSQ-RCO-IQ3_S-00001-of-00002.gguf","blk.3.ffn_down_exps.weight",4471672960,921600
ID,1,214,3,402,3757990283611390529
EXTENT,1,3,403,0,"/home/yayoi/.local/share/strata-sycl/models/qwen3.8-flash-next-iq3_s/IQ3_S/Qwen3.8-Flash-Next-GSQ-RCO-IQ3_S-00001-of-00002.gguf","blk.3.ffn_gate_exps.weight",4785464960,524800
EXTENT,1,3,403,1,"/home/yayoi/.local/share/strata-sycl/models/qwen3.8-flash-next-iq3_s/IQ3_S/Qwen3.8-Flash-Next-GSQ-RCO-IQ3_S-00001-of-00002.gguf","blk.3.ffn_up_exps.weight",5057659520,524800
EXTENT,1,3,403,2,"/home/yayoi/.local/share/strata-sycl/models/qwen3.8-flash-next-iq3_s/IQ3_S/Qwen3.8-Flash-Next-GSQ-RCO-IQ3_S-00001-of-00002.gguf","blk.3.ffn_down_exps.weight",4472594560,921600
ID,1,215,3,403,13335662659369534068
EXTENT,1,3,394,0,"/home/yayoi/.local/share/strata-sycl/models/qwen3.8-flash-next-iq3_s/IQ3_S/Qwen3.8-Flash-Next-GSQ-RCO-IQ3_S-00001-of-00002.gguf","blk.3.ffn_gate_exps.weight",4780741760,524800
EXTENT,1,3,394,1,"/home/yayoi/.local/share/strata-sycl/models/qwen3.8-flash-next-iq3_s/IQ3_S/Qwen3.8-Flash-Next-GSQ-RCO-IQ3_S-00001-of-00002.gguf","blk.3.ffn_up_exps.weight",5052936320,524800
EXTENT,1,3,394,2,"/home/yayoi/.local/share/strata-sycl/models/qwen3.8-flash-next-iq3_s/IQ3_S/Qwen3.8-Flash-Next-GSQ-RCO-IQ3_S-00001-of-00002.gguf","blk.3.ffn_down_exps.weight",4464300160,921600
ID,1,216,3,394,12887468990069018165
EXTENT,1,3,24,0,"/home/yayoi/.local/share/strata-sycl/models/qwen3.8-flash-next-iq3_s/IQ3_S/Qwen3.8-Flash-Next-GSQ-RCO-IQ3_S-00001-of-00002.gguf","blk.3.ffn_gate_exps.weight",4586565760,524800
EXTENT,1,3,24,1,"/home/yayoi/.local/share/strata-sycl/models/qwen3.8-flash-next-iq3_s/IQ3_S/Qwen3.8-Flash-Next-GSQ-RCO-IQ3_S-00001-of-00002.gguf","blk.3.ffn_up_exps.weight",4858760320,524800
EXTENT,1,3,24,2,"/home/yayoi/.local/share/strata-sycl/models/qwen3.8-flash-next-iq3_s/IQ3_S/Qwen3.8-Flash-Next-GSQ-RCO-IQ3_S-00001-of-00002.gguf","blk.3.ffn_down_exps.weight",4123308160,921600
ID,1,217,3,24,6443152537540287833
EXTENT,1,4,353,0,"/home/yayoi/.local/share/strata-sycl/models/qwen3.8-flash-next-iq3_s/IQ3_S/Qwen3.8-Flash-Next-GSQ-RCO-IQ3_S-00001-of-00002.gguf","blk.4.ffn_gate_exps.weight",5837963904,524800
EXTENT,1,4,353,1,"/home/yayoi/.local/share/strata-sycl/models/qwen3.8-flash-next-iq3_s/IQ3_S/Qwen3.8-Flash-Next-GSQ-RCO-IQ3_S-00001-of-00002.gguf","blk.4.ffn_up_exps.weight",6110632064,524800
EXTENT,1,4,353,2,"/home/yayoi/.local/share/strata-sycl/models/qwen3.8-flash-next-iq3_s/IQ3_S/Qwen3.8-Flash-Next-GSQ-RCO-IQ3_S-00001-of-00002.gguf","blk.4.ffn_down_exps.weight",5505253504,921600
ID,1,218,4,353,5249350202284863559
EXTENT,1,4,281,0,"/home/yayoi/.local/share/strata-sycl/models/qwen3.8-flash-next-iq3_s/IQ3_S/Qwen3.8-Flash-Next-GSQ-RCO-IQ3_S-00001-of-00002.gguf","blk.4.ffn_gate_exps.weight",5800178304,524800
EXTENT,1,4,281,1,"/home/yayoi/.local/share/strata-sycl/models/qwen3.8-flash-next-iq3_s/IQ3_S/Qwen3.8-Flash-Next-GSQ-RCO-IQ3_S-00001-of-00002.gguf","blk.4.ffn_up_exps.weight",6072846464,524800
EXTENT,1,4,281,2,"/home/yayoi/.local/share/strata-sycl/models/qwen3.8-flash-next-iq3_s/IQ3_S/Qwen3.8-Flash-Next-GSQ-RCO-IQ3_S-00001-of-00002.gguf","blk.4.ffn_down_exps.weight",5438898304,921600
ID,1,219,4,281,15224353259622831227
EXTENT,1,4,210,0,"/home/yayoi/.local/share/strata-sycl/models/qwen3.8-flash-next-iq3_s/IQ3_S/Qwen3.8-Flash-Next-GSQ-RCO-IQ3_S-00001-of-00002.gguf","blk.4.ffn_gate_exps.weight",5762917504,524800
EXTENT,1,4,210,1,"/home/yayoi/.local/share/strata-sycl/models/qwen3.8-flash-next-iq3_s/IQ3_S/Qwen3.8-Flash-Next-GSQ-RCO-IQ3_S-00001-of-00002.gguf","blk.4.ffn_up_exps.weight",6035585664,524800
EXTENT,1,4,210,2,"/home/yayoi/.local/share/strata-sycl/models/qwen3.8-flash-next-iq3_s/IQ3_S/Qwen3.8-Flash-Next-GSQ-RCO-IQ3_S-00001-of-00002.gguf","blk.4.ffn_down_exps.weight",5373464704,921600
ID,1,220,4,210,10913208505751881089
EXTENT,1,4,16,0,"/home/yayoi/.local/share/strata-sycl/models/qwen3.8-flash-next-iq3_s/IQ3_S/Qwen3.8-Flash-Next-GSQ-RCO-IQ3_S-00001-of-00002.gguf","blk.4.ffn_gate_exps.weight",5661106304,524800
EXTENT,1,4,16,1,"/home/yayoi/.local/share/strata-sycl/models/qwen3.8-flash-next-iq3_s/IQ3_S/Qwen3.8-Flash-Next-GSQ-RCO-IQ3_S-00001-of-00002.gguf","blk.4.ffn_up_exps.weight",5933774464,524800
EXTENT,1,4,16,2,"/home/yayoi/.local/share/strata-sycl/models/qwen3.8-flash-next-iq3_s/IQ3_S/Qwen3.8-Flash-Next-GSQ-RCO-IQ3_S-00001-of-00002.gguf","blk.4.ffn_down_exps.weight",5194674304,921600
ID,1,221,4,16,13371075516899909938
EXTENT,1,4,396,0,"/home/yayoi/.local/share/strata-sycl/models/qwen3.8-flash-next-iq3_s/IQ3_S/Qwen3.8-Flash-Next-GSQ-RCO-IQ3_S-00001-of-00002.gguf","blk.4.ffn_gate_exps.weight",5860530304,524800
EXTENT,1,4,396,1,"/home/yayoi/.local/share/strata-sycl/models/qwen3.8-flash-next-iq3_s/IQ3_S/Qwen3.8-Flash-Next-GSQ-RCO-IQ3_S-00001-of-00002.gguf","blk.4.ffn_up_exps.weight",6133198464,524800
EXTENT,1,4,396,2,"/home/yayoi/.local/share/strata-sycl/models/qwen3.8-flash-next-iq3_s/IQ3_S/Qwen3.8-Flash-Next-GSQ-RCO-IQ3_S-00001-of-00002.gguf","blk.4.ffn_down_exps.weight",5544882304,921600
ID,1,222,4,396,7586813875115083104
EXTENT,1,4,5,0,"/home/yayoi/.local/share/strata-sycl/models/qwen3.8-flash-next-iq3_s/IQ3_S/Qwen3.8-Flash-Next-GSQ-RCO-IQ3_S-00001-of-00002.gguf","blk.4.ffn_gate_exps.weight",5655333504,524800
EXTENT,1,4,5,1,"/home/yayoi/.local/share/strata-sycl/models/qwen3.8-flash-next-iq3_s/IQ3_S/Qwen3.8-Flash-Next-GSQ-RCO-IQ3_S-00001-of-00002.gguf","blk.4.ffn_up_exps.weight",5928001664,524800
EXTENT,1,4,5,2,"/home/yayoi/.local/share/strata-sycl/models/qwen3.8-flash-next-iq3_s/IQ3_S/Qwen3.8-Flash-Next-GSQ-RCO-IQ3_S-00001-of-00002.gguf","blk.4.ffn_down_exps.weight",5184536704,921600
ID,1,223,4,5,672095830138008652
EXTENT,1,4,307,0,"/home/yayoi/.local/share/strata-sycl/models/qwen3.8-flash-next-iq3_s/IQ3_S/Qwen3.8-Flash-Next-GSQ-RCO-IQ3_S-00001-of-00002.gguf","blk.4.ffn_gate_exps.weight",5813823104,524800
EXTENT,1,4,307,1,"/home/yayoi/.local/share/strata-sycl/models/qwen3.8-flash-next-iq3_s/IQ3_S/Qwen3.8-Flash-Next-GSQ-RCO-IQ3_S-00001-of-00002.gguf","blk.4.ffn_up_exps.weight",6086491264,524800
EXTENT,1,4,307,2,"/home/yayoi/.local/share/strata-sycl/models/qwen3.8-flash-next-iq3_s/IQ3_S/Qwen3.8-Flash-Next-GSQ-RCO-IQ3_S-00001-of-00002.gguf","blk.4.ffn_down_exps.weight",5462859904,921600
ID,1,224,4,307,17238709691756983631
EXTENT,1,4,128,0,"/home/yayoi/.local/share/strata-sycl/models/qwen3.8-flash-next-iq3_s/IQ3_S/Qwen3.8-Flash-Next-GSQ-RCO-IQ3_S-00001-of-00002.gguf","blk.4.ffn_gate_exps.weight",5719883904,524800
EXTENT,1,4,128,1,"/home/yayoi/.local/share/strata-sycl/models/qwen3.8-flash-next-iq3_s/IQ3_S/Qwen3.8-Flash-Next-GSQ-RCO-IQ3_S-00001-of-00002.gguf","blk.4.ffn_up_exps.weight",5992552064,524800
EXTENT,1,4,128,2,"/home/yayoi/.local/share/strata-sycl/models/qwen3.8-flash-next-iq3_s/IQ3_S/Qwen3.8-Flash-Next-GSQ-RCO-IQ3_S-00001-of-00002.gguf","blk.4.ffn_down_exps.weight",5297893504,921600
ID,1,225,4,128,6521403161776302029
EXTENT,1,4,163,0,"/home/yayoi/.local/share/strata-sycl/models/qwen3.8-flash-next-iq3_s/IQ3_S/Qwen3.8-Flash-Next-GSQ-RCO-IQ3_S-00001-of-00002.gguf","blk.4.ffn_gate_exps.weight",5738251904,524800
EXTENT,1,4,163,1,"/home/yayoi/.local/share/strata-sycl/models/qwen3.8-flash-next-iq3_s/IQ3_S/Qwen3.8-Flash-Next-GSQ-RCO-IQ3_S-00001-of-00002.gguf","blk.4.ffn_up_exps.weight",6010920064,524800
EXTENT,1,4,163,2,"/home/yayoi/.local/share/strata-sycl/models/qwen3.8-flash-next-iq3_s/IQ3_S/Qwen3.8-Flash-Next-GSQ-RCO-IQ3_S-00001-of-00002.gguf","blk.4.ffn_down_exps.weight",5330149504,921600
ID,1,226,4,163,10257828020778697316
EXTENT,1,4,156,0,"/home/yayoi/.local/share/strata-sycl/models/qwen3.8-flash-next-iq3_s/IQ3_S/Qwen3.8-Flash-Next-GSQ-RCO-IQ3_S-00001-of-00002.gguf","blk.4.ffn_gate_exps.weight",5734578304,524800
EXTENT,1,4,156,1,"/home/yayoi/.local/share/strata-sycl/models/qwen3.8-flash-next-iq3_s/IQ3_S/Qwen3.8-Flash-Next-GSQ-RCO-IQ3_S-00001-of-00002.gguf","blk.4.ffn_up_exps.weight",6007246464,524800
EXTENT,1,4,156,2,"/home/yayoi/.local/share/strata-sycl/models/qwen3.8-flash-next-iq3_s/IQ3_S/Qwen3.8-Flash-Next-GSQ-RCO-IQ3_S-00001-of-00002.gguf","blk.4.ffn_down_exps.weight",5323698304,921600
ID,1,227,4,156,109361817397295774
EXTENT,1,4,323,0,"/home/yayoi/.local/share/strata-sycl/models/qwen3.8-flash-next-iq3_s/IQ3_S/Qwen3.8-Flash-Next-GSQ-RCO-IQ3_S-00001-of-00002.gguf","blk.4.ffn_gate_exps.weight",5822219904,524800
EXTENT,1,4,323,1,"/home/yayoi/.local/share/strata-sycl/models/qwen3.8-flash-next-iq3_s/IQ3_S/Qwen3.8-Flash-Next-GSQ-RCO-IQ3_S-00001-of-00002.gguf","blk.4.ffn_up_exps.weight",6094888064,524800
EXTENT,1,4,323,2,"/home/yayoi/.local/share/strata-sycl/models/qwen3.8-flash-next-iq3_s/IQ3_S/Qwen3.8-Flash-Next-GSQ-RCO-IQ3_S-00001-of-00002.gguf","blk.4.ffn_down_exps.weight",5477605504,921600
ID,1,228,4,323,3514005665242322576
EXTENT,1,4,334,0,"/home/yayoi/.local/share/strata-sycl/models/qwen3.8-flash-next-iq3_s/IQ3_S/Qwen3.8-Flash-Next-GSQ-RCO-IQ3_S-00001-of-00002.gguf","blk.4.ffn_gate_exps.weight",5827992704,524800
EXTENT,1,4,334,1,"/home/yayoi/.local/share/strata-sycl/models/qwen3.8-flash-next-iq3_s/IQ3_S/Qwen3.8-Flash-Next-GSQ-RCO-IQ3_S-00001-of-00002.gguf","blk.4.ffn_up_exps.weight",6100660864,524800
EXTENT,1,4,334,2,"/home/yayoi/.local/share/strata-sycl/models/qwen3.8-flash-next-iq3_s/IQ3_S/Qwen3.8-Flash-Next-GSQ-RCO-IQ3_S-00001-of-00002.gguf","blk.4.ffn_down_exps.weight",5487743104,921600
ID,1,229,4,334,13370608289643039061
EXTENT,1,4,197,0,"/home/yayoi/.local/share/strata-sycl/models/qwen3.8-flash-next-iq3_s/IQ3_S/Qwen3.8-Flash-Next-GSQ-RCO-IQ3_S-00001-of-00002.gguf","blk.4.ffn_gate_exps.weight",5756095104,524800
EXTENT,1,4,197,1,"/home/yayoi/.local/share/strata-sycl/models/qwen3.8-flash-next-iq3_s/IQ3_S/Qwen3.8-Flash-Next-GSQ-RCO-IQ3_S-00001-of-00002.gguf","blk.4.ffn_up_exps.weight",6028763264,524800
EXTENT,1,4,197,2,"/home/yayoi/.local/share/strata-sycl/models/qwen3.8-flash-next-iq3_s/IQ3_S/Qwen3.8-Flash-Next-GSQ-RCO-IQ3_S-00001-of-00002.gguf","blk.4.ffn_down_exps.weight",5361483904,921600
ID,1,230,4,197,17687933778821244428
EXTENT,1,5,56,0,"/home/yayoi/.local/share/strata-sycl/models/qwen3.8-flash-next-iq3_s/IQ3_S/Qwen3.8-Flash-Next-GSQ-RCO-IQ3_S-00001-of-00002.gguf","blk.5.ffn_gate_exps.weight",6767741440,524800
EXTENT,1,5,56,1,"/home/yayoi/.local/share/strata-sycl/models/qwen3.8-flash-next-iq3_s/IQ3_S/Qwen3.8-Flash-Next-GSQ-RCO-IQ3_S-00001-of-00002.gguf","blk.5.ffn_up_exps.weight",7039936000,524800
EXTENT,1,5,56,2,"/home/yayoi/.local/share/strata-sycl/models/qwen3.8-flash-next-iq3_s/IQ3_S/Qwen3.8-Flash-Next-GSQ-RCO-IQ3_S-00001-of-00002.gguf","blk.5.ffn_down_exps.weight",6317181440,921600
ID,1,231,5,56,15846964452103781381
EXTENT,1,5,275,0,"/home/yayoi/.local/share/strata-sycl/models/qwen3.8-flash-next-iq3_s/IQ3_S/Qwen3.8-Flash-Next-GSQ-RCO-IQ3_S-00001-of-00002.gguf","blk.5.ffn_gate_exps.weight",6882672640,524800
EXTENT,1,5,275,1,"/home/yayoi/.local/share/strata-sycl/models/qwen3.8-flash-next-iq3_s/IQ3_S/Qwen3.8-Flash-Next-GSQ-RCO-IQ3_S-00001-of-00002.gguf","blk.5.ffn_up_exps.weight",7154867200,524800
EXTENT,1,5,275,2,"/home/yayoi/.local/share/strata-sycl/models/qwen3.8-flash-next-iq3_s/IQ3_S/Qwen3.8-Flash-Next-GSQ-RCO-IQ3_S-00001-of-00002.gguf","blk.5.ffn_down_exps.weight",6519011840,921600
ID,1,232,5,275,5863429226858761449
EXTENT,1,5,314,0,"/home/yayoi/.local/share/strata-sycl/models/qwen3.8-flash-next-iq3_s/IQ3_S/Qwen3.8-Flash-Next-GSQ-RCO-IQ3_S-00001-of-00002.gguf","blk.5.ffn_gate_exps.weight",6903139840,524800
EXTENT,1,5,314,1,"/home/yayoi/.local/share/strata-sycl/models/qwen3.8-flash-next-iq3_s/IQ3_S/Qwen3.8-Flash-Next-GSQ-RCO-IQ3_S-00001-of-00002.gguf","blk.5.ffn_up_exps.weight",7175334400,524800
EXTENT,1,5,314,2,"/home/yayoi/.local/share/strata-sycl/models/qwen3.8-flash-next-iq3_s/IQ3_S/Qwen3.8-Flash-Next-GSQ-RCO-IQ3_S-00001-of-00002.gguf","blk.5.ffn_down_exps.weight",6554954240,921600
ID,1,233,5,314,10865662248028419616
EXTENT,1,5,74,0,"/home/yayoi/.local/share/strata-sycl/models/qwen3.8-flash-next-iq3_s/IQ3_S/Qwen3.8-Flash-Next-GSQ-RCO-IQ3_S-00001-of-00002.gguf","blk.5.ffn_gate_exps.weight",6777187840,524800
EXTENT,1,5,74,1,"/home/yayoi/.local/share/strata-sycl/models/qwen3.8-flash-next-iq3_s/IQ3_S/Qwen3.8-Flash-Next-GSQ-RCO-IQ3_S-00001-of-00002.gguf","blk.5.ffn_up_exps.weight",7049382400,524800
EXTENT,1,5,74,2,"/home/yayoi/.local/share/strata-sycl/models/qwen3.8-flash-next-iq3_s/IQ3_S/Qwen3.8-Flash-Next-GSQ-RCO-IQ3_S-00001-of-00002.gguf","blk.5.ffn_down_exps.weight",6333770240,921600
ID,1,234,5,74,16540508128299527159
EXTENT,1,5,154,0,"/home/yayoi/.local/share/strata-sycl/models/qwen3.8-flash-next-iq3_s/IQ3_S/Qwen3.8-Flash-Next-GSQ-RCO-IQ3_S-00001-of-00002.gguf","blk.5.ffn_gate_exps.weight",6819171840,524800
EXTENT,1,5,154,1,"/home/yayoi/.local/share/strata-sycl/models/qwen3.8-flash-next-iq3_s/IQ3_S/Qwen3.8-Flash-Next-GSQ-RCO-IQ3_S-00001-of-00002.gguf","blk.5.ffn_up_exps.weight",7091366400,524800
EXTENT,1,5,154,2,"/home/yayoi/.local/share/strata-sycl/models/qwen3.8-flash-next-iq3_s/IQ3_S/Qwen3.8-Flash-Next-GSQ-RCO-IQ3_S-00001-of-00002.gguf","blk.5.ffn_down_exps.weight",6407498240,921600
ID,1,235,5,154,14142022749420700329
EXTENT,1,5,146,0,"/home/yayoi/.local/share/strata-sycl/models/qwen3.8-flash-next-iq3_s/IQ3_S/Qwen3.8-Flash-Next-GSQ-RCO-IQ3_S-00001-of-00002.gguf","blk.5.ffn_gate_exps.weight",6814973440,524800
EXTENT,1,5,146,1,"/home/yayoi/.local/share/strata-sycl/models/qwen3.8-flash-next-iq3_s/IQ3_S/Qwen3.8-Flash-Next-GSQ-RCO-IQ3_S-00001-of-00002.gguf","blk.5.ffn_up_exps.weight",7087168000,524800
EXTENT,1,5,146,2,"/home/yayoi/.local/share/strata-sycl/models/qwen3.8-flash-next-iq3_s/IQ3_S/Qwen3.8-Flash-Next-GSQ-RCO-IQ3_S-00001-of-00002.gguf","blk.5.ffn_down_exps.weight",6400125440,921600
ID,1,236,5,146,9031871786710408033
EXTENT,1,5,62,0,"/home/yayoi/.local/share/strata-sycl/models/qwen3.8-flash-next-iq3_s/IQ3_S/Qwen3.8-Flash-Next-GSQ-RCO-IQ3_S-00001-of-00002.gguf","blk.5.ffn_gate_exps.weight",6770890240,524800
EXTENT,1,5,62,1,"/home/yayoi/.local/share/strata-sycl/models/qwen3.8-flash-next-iq3_s/IQ3_S/Qwen3.8-Flash-Next-GSQ-RCO-IQ3_S-00001-of-00002.gguf","blk.5.ffn_up_exps.weight",7043084800,524800
EXTENT,1,5,62,2,"/home/yayoi/.local/share/strata-sycl/models/qwen3.8-flash-next-iq3_s/IQ3_S/Qwen3.8-Flash-Next-GSQ-RCO-IQ3_S-00001-of-00002.gguf","blk.5.ffn_down_exps.weight",6322711040,921600
ID,1,237,5,62,2205721794475059031
EXTENT,1,5,244,0,"/home/yayoi/.local/share/strata-sycl/models/qwen3.8-flash-next-iq3_s/IQ3_S/Qwen3.8-Flash-Next-GSQ-RCO-IQ3_S-00001-of-00002.gguf","blk.5.ffn_gate_exps.weight",6866403840,524800
EXTENT,1,5,244,1,"/home/yayoi/.local/share/strata-sycl/models/qwen3.8-flash-next-iq3_s/IQ3_S/Qwen3.8-Flash-Next-GSQ-RCO-IQ3_S-00001-of-00002.gguf","blk.5.ffn_up_exps.weight",7138598400,524800
EXTENT,1,5,244,2,"/home/yayoi/.local/share/strata-sycl/models/qwen3.8-flash-next-iq3_s/IQ3_S/Qwen3.8-Flash-Next-GSQ-RCO-IQ3_S-00001-of-00002.gguf","blk.5.ffn_down_exps.weight",6490442240,921600
ID,1,238,5,244,383655033889050878
EXTENT,1,5,129,0,"/home/yayoi/.local/share/strata-sycl/models/qwen3.8-flash-next-iq3_s/IQ3_S/Qwen3.8-Flash-Next-GSQ-RCO-IQ3_S-00001-of-00002.gguf","blk.5.ffn_gate_exps.weight",6806051840,524800
EXTENT,1,5,129,1,"/home/yayoi/.local/share/strata-sycl/models/qwen3.8-flash-next-iq3_s/IQ3_S/Qwen3.8-Flash-Next-GSQ-RCO-IQ3_S-00001-of-00002.gguf","blk.5.ffn_up_exps.weight",7078246400,524800
EXTENT,1,5,129,2,"/home/yayoi/.local/share/strata-sycl/models/qwen3.8-flash-next-iq3_s/IQ3_S/Qwen3.8-Flash-Next-GSQ-RCO-IQ3_S-00001-of-00002.gguf","blk.5.ffn_down_exps.weight",6384458240,921600
ID,1,239,5,129,18100687007380873288
EXTENT,1,5,110,0,"/home/yayoi/.local/share/strata-sycl/models/qwen3.8-flash-next-iq3_s/IQ3_S/Qwen3.8-Flash-Next-GSQ-RCO-IQ3_S-00001-of-00002.gguf","blk.5.ffn_gate_exps.weight",6796080640,524800
EXTENT,1,5,110,1,"/home/yayoi/.local/share/strata-sycl/models/qwen3.8-flash-next-iq3_s/IQ3_S/Qwen3.8-Flash-Next-GSQ-RCO-IQ3_S-00001-of-00002.gguf","blk.5.ffn_up_exps.weight",7068275200,524800
EXTENT,1,5,110,2,"/home/yayoi/.local/share/strata-sycl/models/qwen3.8-flash-next-iq3_s/IQ3_S/Qwen3.8-Flash-Next-GSQ-RCO-IQ3_S-00001-of-00002.gguf","blk.5.ffn_down_exps.weight",6366947840,921600
ID,1,240,5,110,2610643888707695853
EXTENT,1,5,169,0,"/home/yayoi/.local/share/strata-sycl/models/qwen3.8-flash-next-iq3_s/IQ3_S/Qwen3.8-Flash-Next-GSQ-RCO-IQ3_S-00001-of-00002.gguf","blk.5.ffn_gate_exps.weight",6827043840,524800
EXTENT,1,5,169,1,"/home/yayoi/.local/share/strata-sycl/models/qwen3.8-flash-next-iq3_s/IQ3_S/Qwen3.8-Flash-Next-GSQ-RCO-IQ3_S-00001-of-00002.gguf","blk.5.ffn_up_exps.weight",7099238400,524800
EXTENT,1,5,169,2,"/home/yayoi/.local/share/strata-sycl/models/qwen3.8-flash-next-iq3_s/IQ3_S/Qwen3.8-Flash-Next-GSQ-RCO-IQ3_S-00001-of-00002.gguf","blk.5.ffn_down_exps.weight",6421322240,921600
ID,1,241,5,169,5330346128056453116
EXTENT,1,5,247,0,"/home/yayoi/.local/share/strata-sycl/models/qwen3.8-flash-next-iq3_s/IQ3_S/Qwen3.8-Flash-Next-GSQ-RCO-IQ3_S-00001-of-00002.gguf","blk.5.ffn_gate_exps.weight",6867978240,524800
EXTENT,1,5,247,1,"/home/yayoi/.local/share/strata-sycl/models/qwen3.8-flash-next-iq3_s/IQ3_S/Qwen3.8-Flash-Next-GSQ-RCO-IQ3_S-00001-of-00002.gguf","blk.5.ffn_up_exps.weight",7140172800,524800
EXTENT,1,5,247,2,"/home/yayoi/.local/share/strata-sycl/models/qwen3.8-flash-next-iq3_s/IQ3_S/Qwen3.8-Flash-Next-GSQ-RCO-IQ3_S-00001-of-00002.gguf","blk.5.ffn_down_exps.weight",6493207040,921600
ID,1,242,5,247,8992940494311733754
EXTENT,1,5,167,0,"/home/yayoi/.local/share/strata-sycl/models/qwen3.8-flash-next-iq3_s/IQ3_S/Qwen3.8-Flash-Next-GSQ-RCO-IQ3_S-00001-of-00002.gguf","blk.5.ffn_gate_exps.weight",6825994240,524800
EXTENT,1,5,167,1,"/home/yayoi/.local/share/strata-sycl/models/qwen3.8-flash-next-iq3_s/IQ3_S/Qwen3.8-Flash-Next-GSQ-RCO-IQ3_S-00001-of-00002.gguf","blk.5.ffn_up_exps.weight",7098188800,524800
EXTENT,1,5,167,2,"/home/yayoi/.local/share/strata-sycl/models/qwen3.8-flash-next-iq3_s/IQ3_S/Qwen3.8-Flash-Next-GSQ-RCO-IQ3_S-00001-of-00002.gguf","blk.5.ffn_down_exps.weight",6419479040,921600
ID,1,243,5,167,1783275632923034520
EXTENT,1,6,84,0,"/home/yayoi/.local/share/strata-sycl/models/qwen3.8-flash-next-iq3_s/IQ3_S/Qwen3.8-Flash-Next-GSQ-RCO-IQ3_S-00001-of-00002.gguf","blk.6.ffn_gate_exps.weight",7863276416,524800
EXTENT,1,6,84,1,"/home/yayoi/.local/share/strata-sycl/models/qwen3.8-flash-next-iq3_s/IQ3_S/Qwen3.8-Flash-Next-GSQ-RCO-IQ3_S-00001-of-00002.gguf","blk.6.ffn_up_exps.weight",8135944576,524800
EXTENT,1,6,84,2,"/home/yayoi/.local/share/strata-sycl/models/qwen3.8-flash-next-iq3_s/IQ3_S/Qwen3.8-Flash-Next-GSQ-RCO-IQ3_S-00001-of-00002.gguf","blk.6.ffn_down_exps.weight",7423826816,921600
ID,1,244,6,84,1441968785785783619
EXTENT,1,6,31,0,"/home/yayoi/.local/share/strata-sycl/models/qwen3.8-flash-next-iq3_s/IQ3_S/Qwen3.8-Flash-Next-GSQ-RCO-IQ3_S-00001-of-00002.gguf","blk.6.ffn_gate_exps.weight",7835462016,524800
EXTENT,1,6,31,1,"/home/yayoi/.local/share/strata-sycl/models/qwen3.8-flash-next-iq3_s/IQ3_S/Qwen3.8-Flash-Next-GSQ-RCO-IQ3_S-00001-of-00002.gguf","blk.6.ffn_up_exps.weight",8108130176,524800
EXTENT,1,6,31,2,"/home/yayoi/.local/share/strata-sycl/models/qwen3.8-flash-next-iq3_s/IQ3_S/Qwen3.8-Flash-Next-GSQ-RCO-IQ3_S-00001-of-00002.gguf","blk.6.ffn_down_exps.weight",7374982016,921600
ID,1,245,6,31,17912713382468236492
EXTENT,1,6,241,0,"/home/yayoi/.local/share/strata-sycl/models/qwen3.8-flash-next-iq3_s/IQ3_S/Qwen3.8-Flash-Next-GSQ-RCO-IQ3_S-00001-of-00002.gguf","blk.6.ffn_gate_exps.weight",7945670016,524800
EXTENT,1,6,241,1,"/home/yayoi/.local/share/strata-sycl/models/qwen3.8-flash-next-iq3_s/IQ3_S/Qwen3.8-Flash-Next-GSQ-RCO-IQ3_S-00001-of-00002.gguf","blk.6.ffn_up_exps.weight",8218338176,524800
EXTENT,1,6,241,2,"/home/yayoi/.local/share/strata-sycl/models/qwen3.8-flash-next-iq3_s/IQ3_S/Qwen3.8-Flash-Next-GSQ-RCO-IQ3_S-00001-of-00002.gguf","blk.6.ffn_down_exps.weight",7568518016,921600
ID,1,246,6,241,12737082214500647441
EXTENT,1,6,286,0,"/home/yayoi/.local/share/strata-sycl/models/qwen3.8-flash-next-iq3_s/IQ3_S/Qwen3.8-Flash-Next-GSQ-RCO-IQ3_S-00001-of-00002.gguf","blk.6.ffn_gate_exps.weight",7969286016,524800
EXTENT,1,6,286,1,"/home/yayoi/.local/share/strata-sycl/models/qwen3.8-flash-next-iq3_s/IQ3_S/Qwen3.8-Flash-Next-GSQ-RCO-IQ3_S-00001-of-00002.gguf","blk.6.ffn_up_exps.weight",8241954176,524800
EXTENT,1,6,286,2,"/home/yayoi/.local/share/strata-sycl/models/qwen3.8-flash-next-iq3_s/IQ3_S/Qwen3.8-Flash-Next-GSQ-RCO-IQ3_S-00001-of-00002.gguf","blk.6.ffn_down_exps.weight",7609990016,921600
ID,1,247,6,286,13485031852779445179
EXTENT,1,6,131,0,"/home/yayoi/.local/share/strata-sycl/models/qwen3.8-flash-next-iq3_s/IQ3_S/Qwen3.8-Flash-Next-GSQ-RCO-IQ3_S-00001-of-00002.gguf","blk.6.ffn_gate_exps.weight",7887942016,524800
EXTENT,1,6,131,1,"/home/yayoi/.local/share/strata-sycl/models/qwen3.8-flash-next-iq3_s/IQ3_S/Qwen3.8-Flash-Next-GSQ-RCO-IQ3_S-00001-of-00002.gguf","blk.6.ffn_up_exps.weight",8160610176,524800
EXTENT,1,6,131,2,"/home/yayoi/.local/share/strata-sycl/models/qwen3.8-flash-next-iq3_s/IQ3_S/Qwen3.8-Flash-Next-GSQ-RCO-IQ3_S-00001-of-00002.gguf","blk.6.ffn_down_exps.weight",7467142016,921600
ID,1,248,6,131,16697566773108802094
EXTENT,1,6,316,0,"/home/yayoi/.local/share/strata-sycl/models/qwen3.8-flash-next-iq3_s/IQ3_S/Qwen3.8-Flash-Next-GSQ-RCO-IQ3_S-00001-of-00002.gguf","blk.6.ffn_gate_exps.weight",7985030016,524800
EXTENT,1,6,316,1,"/home/yayoi/.local/share/strata-sycl/models/qwen3.8-flash-next-iq3_s/IQ3_S/Qwen3.8-Flash-Next-GSQ-RCO-IQ3_S-00001-of-00002.gguf","blk.6.ffn_up_exps.weight",8257698176,524800
EXTENT,1,6,316,2,"/home/yayoi/.local/share/strata-sycl/models/qwen3.8-flash-next-iq3_s/IQ3_S/Qwen3.8-Flash-Next-GSQ-RCO-IQ3_S-00001-of-00002.gguf","blk.6.ffn_down_exps.weight",7637638016,921600
ID,1,249,6,316,10511135479142630541
EXTENT,1,6,394,0,"/home/yayoi/.local/share/strata-sycl/models/qwen3.8-flash-next-iq3_s/IQ3_S/Qwen3.8-Flash-Next-GSQ-RCO-IQ3_S-00001-of-00002.gguf","blk.6.ffn_gate_exps.weight",8025964416,524800
EXTENT,1,6,394,1,"/home/yayoi/.local/share/strata-sycl/models/qwen3.8-flash-next-iq3_s/IQ3_S/Qwen3.8-Flash-Next-GSQ-RCO-IQ3_S-00001-of-00002.gguf","blk.6.ffn_up_exps.weight",8298632576,524800
EXTENT,1,6,394,2,"/home/yayoi/.local/share/strata-sycl/models/qwen3.8-flash-next-iq3_s/IQ3_S/Qwen3.8-Flash-Next-GSQ-RCO-IQ3_S-00001-of-00002.gguf","blk.6.ffn_down_exps.weight",7709522816,921600
ID,1,250,6,394,15495489031563844186
EXTENT,1,6,0,0,"/home/yayoi/.local/share/strata-sycl/models/qwen3.8-flash-next-iq3_s/IQ3_S/Qwen3.8-Flash-Next-GSQ-RCO-IQ3_S-00001-of-00002.gguf","blk.6.ffn_gate_exps.weight",7819193216,524800
EXTENT,1,6,0,1,"/home/yayoi/.local/share/strata-sycl/models/qwen3.8-flash-next-iq3_s/IQ3_S/Qwen3.8-Flash-Next-GSQ-RCO-IQ3_S-00001-of-00002.gguf","blk.6.ffn_up_exps.weight",8091861376,524800
EXTENT,1,6,0,2,"/home/yayoi/.local/share/strata-sycl/models/qwen3.8-flash-next-iq3_s/IQ3_S/Qwen3.8-Flash-Next-GSQ-RCO-IQ3_S-00001-of-00002.gguf","blk.6.ffn_down_exps.weight",7346412416,921600
ID,1,251,6,0,8621182385080404172
EXTENT,1,6,387,0,"/home/yayoi/.local/share/strata-sycl/models/qwen3.8-flash-next-iq3_s/IQ3_S/Qwen3.8-Flash-Next-GSQ-RCO-IQ3_S-00001-of-00002.gguf","blk.6.ffn_gate_exps.weight",8022290816,524800
EXTENT,1,6,387,1,"/home/yayoi/.local/share/strata-sycl/models/qwen3.8-flash-next-iq3_s/IQ3_S/Qwen3.8-Flash-Next-GSQ-RCO-IQ3_S-00001-of-00002.gguf","blk.6.ffn_up_exps.weight",8294958976,524800
EXTENT,1,6,387,2,"/home/yayoi/.local/share/strata-sycl/models/qwen3.8-flash-next-iq3_s/IQ3_S/Qwen3.8-Flash-Next-GSQ-RCO-IQ3_S-00001-of-00002.gguf","blk.6.ffn_down_exps.weight",7703071616,921600
ID,1,252,6,387,8964686967825545754
EXTENT,1,6,138,0,"/home/yayoi/.local/share/strata-sycl/models/qwen3.8-flash-next-iq3_s/IQ3_S/Qwen3.8-Flash-Next-GSQ-RCO-IQ3_S-00001-of-00002.gguf","blk.6.ffn_gate_exps.weight",7891615616,524800
EXTENT,1,6,138,1,"/home/yayoi/.local/share/strata-sycl/models/qwen3.8-flash-next-iq3_s/IQ3_S/Qwen3.8-Flash-Next-GSQ-RCO-IQ3_S-00001-of-00002.gguf","blk.6.ffn_up_exps.weight",8164283776,524800
EXTENT,1,6,138,2,"/home/yayoi/.local/share/strata-sycl/models/qwen3.8-flash-next-iq3_s/IQ3_S/Qwen3.8-Flash-Next-GSQ-RCO-IQ3_S-00001-of-00002.gguf","blk.6.ffn_down_exps.weight",7473593216,921600
ID,1,253,6,138,4616829954534170377
EXTENT,1,6,505,0,"/home/yayoi/.local/share/strata-sycl/models/qwen3.8-flash-next-iq3_s/IQ3_S/Qwen3.8-Flash-Next-GSQ-RCO-IQ3_S-00001-of-00002.gguf","blk.6.ffn_gate_exps.weight",8084217216,524800
EXTENT,1,6,505,1,"/home/yayoi/.local/share/strata-sycl/models/qwen3.8-flash-next-iq3_s/IQ3_S/Qwen3.8-Flash-Next-GSQ-RCO-IQ3_S-00001-of-00002.gguf","blk.6.ffn_up_exps.weight",8356885376,524800
EXTENT,1,6,505,2,"/home/yayoi/.local/share/strata-sycl/models/qwen3.8-flash-next-iq3_s/IQ3_S/Qwen3.8-Flash-Next-GSQ-RCO-IQ3_S-00001-of-00002.gguf","blk.6.ffn_down_exps.weight",7811820416,921600
ID,1,254,6,505,13157623852748411944
EXTENT,1,6,357,0,"/home/yayoi/.local/share/strata-sycl/models/qwen3.8-flash-next-iq3_s/IQ3_S/Qwen3.8-Flash-Next-GSQ-RCO-IQ3_S-00001-of-00002.gguf","blk.6.ffn_gate_exps.weight",8006546816,524800
EXTENT,1,6,357,1,"/home/yayoi/.local/share/strata-sycl/models/qwen3.8-flash-next-iq3_s/IQ3_S/Qwen3.8-Flash-Next-GSQ-RCO-IQ3_S-00001-of-00002.gguf","blk.6.ffn_up_exps.weight",8279214976,524800
EXTENT,1,6,357,2,"/home/yayoi/.local/share/strata-sycl/models/qwen3.8-flash-next-iq3_s/IQ3_S/Qwen3.8-Flash-Next-GSQ-RCO-IQ3_S-00001-of-00002.gguf","blk.6.ffn_down_exps.weight",7675423616,921600
ID,1,255,6,357,2739277879824100036
EXTENT,1,6,253,0,"/home/yayoi/.local/share/strata-sycl/models/qwen3.8-flash-next-iq3_s/IQ3_S/Qwen3.8-Flash-Next-GSQ-RCO-IQ3_S-00001-of-00002.gguf","blk.6.ffn_gate_exps.weight",7951967616,524800
EXTENT,1,6,253,1,"/home/yayoi/.local/share/strata-sycl/models/qwen3.8-flash-next-iq3_s/IQ3_S/Qwen3.8-Flash-Next-GSQ-RCO-IQ3_S-00001-of-00002.gguf","blk.6.ffn_up_exps.weight",8224635776,524800
EXTENT,1,6,253,2,"/home/yayoi/.local/share/strata-sycl/models/qwen3.8-flash-next-iq3_s/IQ3_S/Qwen3.8-Flash-Next-GSQ-RCO-IQ3_S-00001-of-00002.gguf","blk.6.ffn_down_exps.weight",7579577216,921600
ID,1,256,6,253,7602250965444185578
EXTENT,1,9,472,0,"/home/yayoi/.local/share/strata-sycl/models/qwen3.8-flash-next-iq3_s/IQ3_S/Qwen3.8-Flash-Next-GSQ-RCO-IQ3_S-00001-of-00002.gguf","blk.9.ffn_gate_exps.weight",11177352320,524800
EXTENT,1,9,472,1,"/home/yayoi/.local/share/strata-sycl/models/qwen3.8-flash-next-iq3_s/IQ3_S/Qwen3.8-Flash-Next-GSQ-RCO-IQ3_S-00001-of-00002.gguf","blk.9.ffn_up_exps.weight",11449598080,524800
EXTENT,1,9,472,2,"/home/yayoi/.local/share/strata-sycl/models/qwen3.8-flash-next-iq3_s/IQ3_S/Qwen3.8-Flash-Next-GSQ-RCO-IQ3_S-00001-of-00002.gguf","blk.9.ffn_down_exps.weight",10891861120,921600
ID,1,257,9,472,10458936802151857717
EXTENT,1,9,404,0,"/home/yayoi/.local/share/strata-sycl/models/qwen3.8-flash-next-iq3_s/IQ3_S/Qwen3.8-Flash-Next-GSQ-RCO-IQ3_S-00001-of-00002.gguf","blk.9.ffn_gate_exps.weight",11141665920,524800
EXTENT,1,9,404,1,"/home/yayoi/.local/share/strata-sycl/models/qwen3.8-flash-next-iq3_s/IQ3_S/Qwen3.8-Flash-Next-GSQ-RCO-IQ3_S-00001-of-00002.gguf","blk.9.ffn_up_exps.weight",11413911680,524800
EXTENT,1,9,404,2,"/home/yayoi/.local/share/strata-sycl/models/qwen3.8-flash-next-iq3_s/IQ3_S/Qwen3.8-Flash-Next-GSQ-RCO-IQ3_S-00001-of-00002.gguf","blk.9.ffn_down_exps.weight",10829192320,921600
ID,1,258,9,404,11128288417878359572
EXTENT,1,9,373,0,"/home/yayoi/.local/share/strata-sycl/models/qwen3.8-flash-next-iq3_s/IQ3_S/Qwen3.8-Flash-Next-GSQ-RCO-IQ3_S-00001-of-00002.gguf","blk.9.ffn_gate_exps.weight",11125397120,524800
EXTENT,1,9,373,1,"/home/yayoi/.local/share/strata-sycl/models/qwen3.8-flash-next-iq3_s/IQ3_S/Qwen3.8-Flash-Next-GSQ-RCO-IQ3_S-00001-of-00002.gguf","blk.9.ffn_up_exps.weight",11397642880,524800
EXTENT,1,9,373,2,"/home/yayoi/.local/share/strata-sycl/models/qwen3.8-flash-next-iq3_s/IQ3_S/Qwen3.8-Flash-Next-GSQ-RCO-IQ3_S-00001-of-00002.gguf","blk.9.ffn_down_exps.weight",10800622720,921600
ID,1,259,9,373,3322986922564163363
EXTENT,1,9,317,0,"/home/yayoi/.local/share/strata-sycl/models/qwen3.8-flash-next-iq3_s/IQ3_S/Qwen3.8-Flash-Next-GSQ-RCO-IQ3_S-00001-of-00002.gguf","blk.9.ffn_gate_exps.weight",11096008320,524800
EXTENT,1,9,317,1,"/home/yayoi/.local/share/strata-sycl/models/qwen3.8-flash-next-iq3_s/IQ3_S/Qwen3.8-Flash-Next-GSQ-RCO-IQ3_S-00001-of-00002.gguf","blk.9.ffn_up_exps.weight",11368254080,524800
EXTENT,1,9,317,2,"/home/yayoi/.local/share/strata-sycl/models/qwen3.8-flash-next-iq3_s/IQ3_S/Qwen3.8-Flash-Next-GSQ-RCO-IQ3_S-00001-of-00002.gguf","blk.9.ffn_down_exps.weight",10749013120,921600
ID,1,260,9,317,2779339879223947047
EXTENT,1,9,13,0,"/home/yayoi/.local/share/strata-sycl/models/qwen3.8-flash-next-iq3_s/IQ3_S/Qwen3.8-Flash-Next-GSQ-RCO-IQ3_S-00001-of-00002.gguf","blk.9.ffn_gate_exps.weight",10936469120,524800
EXTENT,1,9,13,1,"/home/yayoi/.local/share/strata-sycl/models/qwen3.8-flash-next-iq3_s/IQ3_S/Qwen3.8-Flash-Next-GSQ-RCO-IQ3_S-00001-of-00002.gguf","blk.9.ffn_up_exps.weight",11208714880,524800
EXTENT,1,9,13,2,"/home/yayoi/.local/share/strata-sycl/models/qwen3.8-flash-next-iq3_s/IQ3_S/Qwen3.8-Flash-Next-GSQ-RCO-IQ3_S-00001-of-00002.gguf","blk.9.ffn_down_exps.weight",10468846720,921600
ID,1,261,9,13,3224724912370731354
EXTENT,1,9,209,0,"/home/yayoi/.local/share/strata-sycl/models/qwen3.8-flash-next-iq3_s/IQ3_S/Qwen3.8-Flash-Next-GSQ-RCO-IQ3_S-00001-of-00002.gguf","blk.9.ffn_gate_exps.weight",11039329920,524800
EXTENT,1,9,209,1,"/home/yayoi/.local/share/strata-sycl/models/qwen3.8-flash-next-iq3_s/IQ3_S/Qwen3.8-Flash-Next-GSQ-RCO-IQ3_S-00001-of-00002.gguf","blk.9.ffn_up_exps.weight",11311575680,524800
EXTENT,1,9,209,2,"/home/yayoi/.local/share/strata-sycl/models/qwen3.8-flash-next-iq3_s/IQ3_S/Qwen3.8-Flash-Next-GSQ-RCO-IQ3_S-00001-of-00002.gguf","blk.9.ffn_down_exps.weight",10649480320,921600
ID,1,262,9,209,3868840019560624817
EXTENT,1,9,132,0,"/home/yayoi/.local/share/strata-sycl/models/qwen3.8-flash-next-iq3_s/IQ3_S/Qwen3.8-Flash-Next-GSQ-RCO-IQ3_S-00001-of-00002.gguf","blk.9.ffn_gate_exps.weight",10998920320,524800
EXTENT,1,9,132,1,"/home/yayoi/.local/share/strata-sycl/models/qwen3.8-flash-next-iq3_s/IQ3_S/Qwen3.8-Flash-Next-GSQ-RCO-IQ3_S-00001-of-00002.gguf","blk.9.ffn_up_exps.weight",11271166080,524800
EXTENT,1,9,132,2,"/home/yayoi/.local/share/strata-sycl/models/qwen3.8-flash-next-iq3_s/IQ3_S/Qwen3.8-Flash-Next-GSQ-RCO-IQ3_S-00001-of-00002.gguf","blk.9.ffn_down_exps.weight",10578517120,921600
ID,1,263,9,132,4752718452559871712
EXTENT,1,9,383,0,"/home/yayoi/.local/share/strata-sycl/models/qwen3.8-flash-next-iq3_s/IQ3_S/Qwen3.8-Flash-Next-GSQ-RCO-IQ3_S-00001-of-00002.gguf","blk.9.ffn_gate_exps.weight",11130645120,524800
EXTENT,1,9,383,1,"/home/yayoi/.local/share/strata-sycl/models/qwen3.8-flash-next-iq3_s/IQ3_S/Qwen3.8-Flash-Next-GSQ-RCO-IQ3_S-00001-of-00002.gguf","blk.9.ffn_up_exps.weight",11402890880,524800
EXTENT,1,9,383,2,"/home/yayoi/.local/share/strata-sycl/models/qwen3.8-flash-next-iq3_s/IQ3_S/Qwen3.8-Flash-Next-GSQ-RCO-IQ3_S-00001-of-00002.gguf","blk.9.ffn_down_exps.weight",10809838720,921600
ID,1,264,9,383,2349996489847993244
EXTENT,1,9,274,0,"/home/yayoi/.local/share/strata-sycl/models/qwen3.8-flash-next-iq3_s/IQ3_S/Qwen3.8-Flash-Next-GSQ-RCO-IQ3_S-00001-of-00002.gguf","blk.9.ffn_gate_exps.weight",11073441920,524800
EXTENT,1,9,274,1,"/home/yayoi/.local/share/strata-sycl/models/qwen3.8-flash-next-iq3_s/IQ3_S/Qwen3.8-Flash-Next-GSQ-RCO-IQ3_S-00001-of-00002.gguf","blk.9.ffn_up_exps.weight",11345687680,524800
EXTENT,1,9,274,2,"/home/yayoi/.local/share/strata-sycl/models/qwen3.8-flash-next-iq3_s/IQ3_S/Qwen3.8-Flash-Next-GSQ-RCO-IQ3_S-00001-of-00002.gguf","blk.9.ffn_down_exps.weight",10709384320,921600
ID,1,265,9,274,7528061365729022839
EXTENT,1,9,262,0,"/home/yayoi/.local/share/strata-sycl/models/qwen3.8-flash-next-iq3_s/IQ3_S/Qwen3.8-Flash-Next-GSQ-RCO-IQ3_S-00001-of-00002.gguf","blk.9.ffn_gate_exps.weight",11067144320,524800
EXTENT,1,9,262,1,"/home/yayoi/.local/share/strata-sycl/models/qwen3.8-flash-next-iq3_s/IQ3_S/Qwen3.8-Flash-Next-GSQ-RCO-IQ3_S-00001-of-00002.gguf","blk.9.ffn_up_exps.weight",11339390080,524800
EXTENT,1,9,262,2,"/home/yayoi/.local/share/strata-sycl/models/qwen3.8-flash-next-iq3_s/IQ3_S/Qwen3.8-Flash-Next-GSQ-RCO-IQ3_S-00001-of-00002.gguf","blk.9.ffn_down_exps.weight",10698325120,921600
ID,1,266,9,262,7570919961834530879
EXTENT,1,9,4,0,"/home/yayoi/.local/share/strata-sycl/models/qwen3.8-flash-next-iq3_s/IQ3_S/Qwen3.8-Flash-Next-GSQ-RCO-IQ3_S-00001-of-00002.gguf","blk.9.ffn_gate_exps.weight",10931745920,524800
EXTENT,1,9,4,1,"/home/yayoi/.local/share/strata-sycl/models/qwen3.8-flash-next-iq3_s/IQ3_S/Qwen3.8-Flash-Next-GSQ-RCO-IQ3_S-00001-of-00002.gguf","blk.9.ffn_up_exps.weight",11203991680,524800
EXTENT,1,9,4,2,"/home/yayoi/.local/share/strata-sycl/models/qwen3.8-flash-next-iq3_s/IQ3_S/Qwen3.8-Flash-Next-GSQ-RCO-IQ3_S-00001-of-00002.gguf","blk.9.ffn_down_exps.weight",10460552320,921600
ID,1,267,9,4,5042198920557141
EXTENT,1,9,442,0,"/home/yayoi/.local/share/strata-sycl/models/qwen3.8-flash-next-iq3_s/IQ3_S/Qwen3.8-Flash-Next-GSQ-RCO-IQ3_S-00001-of-00002.gguf","blk.9.ffn_gate_exps.weight",11161608320,524800
EXTENT,1,9,442,1,"/home/yayoi/.local/share/strata-sycl/models/qwen3.8-flash-next-iq3_s/IQ3_S/Qwen3.8-Flash-Next-GSQ-RCO-IQ3_S-00001-of-00002.gguf","blk.9.ffn_up_exps.weight",11433854080,524800
EXTENT,1,9,442,2,"/home/yayoi/.local/share/strata-sycl/models/qwen3.8-flash-next-iq3_s/IQ3_S/Qwen3.8-Flash-Next-GSQ-RCO-IQ3_S-00001-of-00002.gguf","blk.9.ffn_down_exps.weight",10864213120,921600
ID,1,268,9,442,9813228535098780291
EXTENT,1,9,2,0,"/home/yayoi/.local/share/strata-sycl/models/qwen3.8-flash-next-iq3_s/IQ3_S/Qwen3.8-Flash-Next-GSQ-RCO-IQ3_S-00001-of-00002.gguf","blk.9.ffn_gate_exps.weight",10930696320,524800
EXTENT,1,9,2,1,"/home/yayoi/.local/share/strata-sycl/models/qwen3.8-flash-next-iq3_s/IQ3_S/Qwen3.8-Flash-Next-GSQ-RCO-IQ3_S-00001-of-00002.gguf","blk.9.ffn_up_exps.weight",11202942080,524800
EXTENT,1,9,2,2,"/home/yayoi/.local/share/strata-sycl/models/qwen3.8-flash-next-iq3_s/IQ3_S/Qwen3.8-Flash-Next-GSQ-RCO-IQ3_S-00001-of-00002.gguf","blk.9.ffn_down_exps.weight",10458709120,921600
ID,1,269,9,2,15382358755418868382
EXTENT,1,11,280,0,"/home/yayoi/.local/share/strata-sycl/models/qwen3.8-flash-next-iq3_s/IQ3_S/Qwen3.8-Flash-Next-GSQ-RCO-IQ3_S-00001-of-00002.gguf","blk.11.ffn_gate_exps.weight",13013439360,524800
EXTENT,1,11,280,1,"/home/yayoi/.local/share/strata-sycl/models/qwen3.8-flash-next-iq3_s/IQ3_S/Qwen3.8-Flash-Next-GSQ-RCO-IQ3_S-00001-of-00002.gguf","blk.11.ffn_up_exps.weight",13285685120,524800
EXTENT,1,11,280,2,"/home/yayoi/.local/share/strata-sycl/models/qwen3.8-flash-next-iq3_s/IQ3_S/Qwen3.8-Flash-Next-GSQ-RCO-IQ3_S-00001-of-00002.gguf","blk.11.ffn_down_exps.weight",12651762560,921600
ID,1,270,11,280,4368431961259137425
EXTENT,1,11,268,0,"/home/yayoi/.local/share/strata-sycl/models/qwen3.8-flash-next-iq3_s/IQ3_S/Qwen3.8-Flash-Next-GSQ-RCO-IQ3_S-00001-of-00002.gguf","blk.11.ffn_gate_exps.weight",13007141760,524800
EXTENT,1,11,268,1,"/home/yayoi/.local/share/strata-sycl/models/qwen3.8-flash-next-iq3_s/IQ3_S/Qwen3.8-Flash-Next-GSQ-RCO-IQ3_S-00001-of-00002.gguf","blk.11.ffn_up_exps.weight",13279387520,524800
EXTENT,1,11,268,2,"/home/yayoi/.local/share/strata-sycl/models/qwen3.8-flash-next-iq3_s/IQ3_S/Qwen3.8-Flash-Next-GSQ-RCO-IQ3_S-00001-of-00002.gguf","blk.11.ffn_down_exps.weight",12640703360,921600
ID,1,271,11,268,17607951493709857904
EXTENT,1,11,320,0,"/home/yayoi/.local/share/strata-sycl/models/qwen3.8-flash-next-iq3_s/IQ3_S/Qwen3.8-Flash-Next-GSQ-RCO-IQ3_S-00001-of-00002.gguf","blk.11.ffn_gate_exps.weight",13034431360,524800
EXTENT,1,11,320,1,"/home/yayoi/.local/share/strata-sycl/models/qwen3.8-flash-next-iq3_s/IQ3_S/Qwen3.8-Flash-Next-GSQ-RCO-IQ3_S-00001-of-00002.gguf","blk.11.ffn_up_exps.weight",13306677120,524800
EXTENT,1,11,320,2,"/home/yayoi/.local/share/strata-sycl/models/qwen3.8-flash-next-iq3_s/IQ3_S/Qwen3.8-Flash-Next-GSQ-RCO-IQ3_S-00001-of-00002.gguf","blk.11.ffn_down_exps.weight",12688626560,921600
ID,1,272,11,320,4666508733390258702
EXTENT,1,11,66,0,"/home/yayoi/.local/share/strata-sycl/models/qwen3.8-flash-next-iq3_s/IQ3_S/Qwen3.8-Flash-Next-GSQ-RCO-IQ3_S-00001-of-00002.gguf","blk.11.ffn_gate_exps.weight",12901132160,524800
EXTENT,1,11,66,1,"/home/yayoi/.local/share/strata-sycl/models/qwen3.8-flash-next-iq3_s/IQ3_S/Qwen3.8-Flash-Next-GSQ-RCO-IQ3_S-00001-of-00002.gguf","blk.11.ffn_up_exps.weight",13173377920,524800
EXTENT,1,11,66,2,"/home/yayoi/.local/share/strata-sycl/models/qwen3.8-flash-next-iq3_s/IQ3_S/Qwen3.8-Flash-Next-GSQ-RCO-IQ3_S-00001-of-00002.gguf","blk.11.ffn_down_exps.weight",12454540160,921600
ID,1,273,11,66,15641092362534886447
EXTENT,1,11,374,0,"/home/yayoi/.local/share/strata-sycl/models/qwen3.8-flash-next-iq3_s/IQ3_S/Qwen3.8-Flash-Next-GSQ-RCO-IQ3_S-00001-of-00002.gguf","blk.11.ffn_gate_exps.weight",13062770560,524800
EXTENT,1,11,374,1,"/home/yayoi/.local/share/strata-sycl/models/qwen3.8-flash-next-iq3_s/IQ3_S/Qwen3.8-Flash-Next-GSQ-RCO-IQ3_S-00001-of-00002.gguf","blk.11.ffn_up_exps.weight",13335016320,524800
EXTENT,1,11,374,2,"/home/yayoi/.local/share/strata-sycl/models/qwen3.8-flash-next-iq3_s/IQ3_S/Qwen3.8-Flash-Next-GSQ-RCO-IQ3_S-00001-of-00002.gguf","blk.11.ffn_down_exps.weight",12738392960,921600
ID,1,274,11,374,13037123617547587886
EXTENT,1,11,318,0,"/home/yayoi/.local/share/strata-sycl/models/qwen3.8-flash-next-iq3_s/IQ3_S/Qwen3.8-Flash-Next-GSQ-RCO-IQ3_S-00001-of-00002.gguf","blk.11.ffn_gate_exps.weight",13033381760,524800
EXTENT,1,11,318,1,"/home/yayoi/.local/share/strata-sycl/models/qwen3.8-flash-next-iq3_s/IQ3_S/Qwen3.8-Flash-Next-GSQ-RCO-IQ3_S-00001-of-00002.gguf","blk.11.ffn_up_exps.weight",13305627520,524800
EXTENT,1,11,318,2,"/home/yayoi/.local/share/strata-sycl/models/qwen3.8-flash-next-iq3_s/IQ3_S/Qwen3.8-Flash-Next-GSQ-RCO-IQ3_S-00001-of-00002.gguf","blk.11.ffn_down_exps.weight",12686783360,921600
ID,1,275,11,318,7777022672459454134
EXTENT,1,11,187,0,"/home/yayoi/.local/share/strata-sycl/models/qwen3.8-flash-next-iq3_s/IQ3_S/Qwen3.8-Flash-Next-GSQ-RCO-IQ3_S-00001-of-00002.gguf","blk.11.ffn_gate_exps.weight",12964632960,524800
EXTENT,1,11,187,1,"/home/yayoi/.local/share/strata-sycl/models/qwen3.8-flash-next-iq3_s/IQ3_S/Qwen3.8-Flash-Next-GSQ-RCO-IQ3_S-00001-of-00002.gguf","blk.11.ffn_up_exps.weight",13236878720,524800
EXTENT,1,11,187,2,"/home/yayoi/.local/share/strata-sycl/models/qwen3.8-flash-next-iq3_s/IQ3_S/Qwen3.8-Flash-Next-GSQ-RCO-IQ3_S-00001-of-00002.gguf","blk.11.ffn_down_exps.weight",12566053760,921600
ID,1,276,11,187,15062225166210499536
EXTENT,1,11,299,0,"/home/yayoi/.local/share/strata-sycl/models/qwen3.8-flash-next-iq3_s/IQ3_S/Qwen3.8-Flash-Next-GSQ-RCO-IQ3_S-00001-of-00002.gguf","blk.11.ffn_gate_exps.weight",13023410560,524800
EXTENT,1,11,299,1,"/home/yayoi/.local/share/strata-sycl/models/qwen3.8-flash-next-iq3_s/IQ3_S/Qwen3.8-Flash-Next-GSQ-RCO-IQ3_S-00001-of-00002.gguf","blk.11.ffn_up_exps.weight",13295656320,524800
EXTENT,1,11,299,2,"/home/yayoi/.local/share/strata-sycl/models/qwen3.8-flash-next-iq3_s/IQ3_S/Qwen3.8-Flash-Next-GSQ-RCO-IQ3_S-00001-of-00002.gguf","blk.11.ffn_down_exps.weight",12669272960,921600
ID,1,277,11,299,16244334325758353661
EXTENT,1,11,233,0,"/home/yayoi/.local/share/strata-sycl/models/qwen3.8-flash-next-iq3_s/IQ3_S/Qwen3.8-Flash-Next-GSQ-RCO-IQ3_S-00001-of-00002.gguf","blk.11.ffn_gate_exps.weight",12988773760,524800
EXTENT,1,11,233,1,"/home/yayoi/.local/share/strata-sycl/models/qwen3.8-flash-next-iq3_s/IQ3_S/Qwen3.8-Flash-Next-GSQ-RCO-IQ3_S-00001-of-00002.gguf","blk.11.ffn_up_exps.weight",13261019520,524800
EXTENT,1,11,233,2,"/home/yayoi/.local/share/strata-sycl/models/qwen3.8-flash-next-iq3_s/IQ3_S/Qwen3.8-Flash-Next-GSQ-RCO-IQ3_S-00001-of-00002.gguf","blk.11.ffn_down_exps.weight",12608447360,921600
ID,1,278,11,233,6591327542410826650
EXTENT,1,11,163,0,"/home/yayoi/.local/share/strata-sycl/models/qwen3.8-flash-next-iq3_s/IQ3_S/Qwen3.8-Flash-Next-GSQ-RCO-IQ3_S-00001-of-00002.gguf","blk.11.ffn_gate_exps.weight",12952037760,524800
EXTENT,1,11,163,1,"/home/yayoi/.local/share/strata-sycl/models/qwen3.8-flash-next-iq3_s/IQ3_S/Qwen3.8-Flash-Next-GSQ-RCO-IQ3_S-00001-of-00002.gguf","blk.11.ffn_up_exps.weight",13224283520,524800
EXTENT,1,11,163,2,"/home/yayoi/.local/share/strata-sycl/models/qwen3.8-flash-next-iq3_s/IQ3_S/Qwen3.8-Flash-Next-GSQ-RCO-IQ3_S-00001-of-00002.gguf","blk.11.ffn_down_exps.weight",12543935360,921600
ID,1,279,11,163,15704878542374291132
EXTENT,1,11,509,0,"/home/yayoi/.local/share/strata-sycl/models/qwen3.8-flash-next-iq3_s/IQ3_S/Qwen3.8-Flash-Next-GSQ-RCO-IQ3_S-00001-of-00002.gguf","blk.11.ffn_gate_exps.weight",13133618560,524800
EXTENT,1,11,509,1,"/home/yayoi/.local/share/strata-sycl/models/qwen3.8-flash-next-iq3_s/IQ3_S/Qwen3.8-Flash-Next-GSQ-RCO-IQ3_S-00001-of-00002.gguf","blk.11.ffn_up_exps.weight",13405864320,524800
EXTENT,1,11,509,2,"/home/yayoi/.local/share/strata-sycl/models/qwen3.8-flash-next-iq3_s/IQ3_S/Qwen3.8-Flash-Next-GSQ-RCO-IQ3_S-00001-of-00002.gguf","blk.11.ffn_down_exps.weight",12862808960,921600
ID,1,280,11,509,10980803004463175214
EXTENT,1,11,343,0,"/home/yayoi/.local/share/strata-sycl/models/qwen3.8-flash-next-iq3_s/IQ3_S/Qwen3.8-Flash-Next-GSQ-RCO-IQ3_S-00001-of-00002.gguf","blk.11.ffn_gate_exps.weight",13046501760,524800
EXTENT,1,11,343,1,"/home/yayoi/.local/share/strata-sycl/models/qwen3.8-flash-next-iq3_s/IQ3_S/Qwen3.8-Flash-Next-GSQ-RCO-IQ3_S-00001-of-00002.gguf","blk.11.ffn_up_exps.weight",13318747520,524800
EXTENT,1,11,343,2,"/home/yayoi/.local/share/strata-sycl/models/qwen3.8-flash-next-iq3_s/IQ3_S/Qwen3.8-Flash-Next-GSQ-RCO-IQ3_S-00001-of-00002.gguf","blk.11.ffn_down_exps.weight",12709823360,921600
ID,1,281,11,343,17115036025705887594
EXTENT,1,11,87,0,"/home/yayoi/.local/share/strata-sycl/models/qwen3.8-flash-next-iq3_s/IQ3_S/Qwen3.8-Flash-Next-GSQ-RCO-IQ3_S-00001-of-00002.gguf","blk.11.ffn_gate_exps.weight",12912152960,524800
EXTENT,1,11,87,1,"/home/yayoi/.local/share/strata-sycl/models/qwen3.8-flash-next-iq3_s/IQ3_S/Qwen3.8-Flash-Next-GSQ-RCO-IQ3_S-00001-of-00002.gguf","blk.11.ffn_up_exps.weight",13184398720,524800
EXTENT,1,11,87,2,"/home/yayoi/.local/share/strata-sycl/models/qwen3.8-flash-next-iq3_s/IQ3_S/Qwen3.8-Flash-Next-GSQ-RCO-IQ3_S-00001-of-00002.gguf","blk.11.ffn_down_exps.weight",12473893760,921600
ID,1,282,11,87,15740585067901427040
EXTENT,1,15,511,0,"/home/yayoi/.local/share/strata-sycl/models/qwen3.8-flash-next-iq3_s/IQ3_S/Qwen3.8-Flash-Next-GSQ-RCO-IQ3_S-00001-of-00002.gguf","blk.15.ffn_gate_exps.weight",17192015360,524800
EXTENT,1,15,511,1,"/home/yayoi/.local/share/strata-sycl/models/qwen3.8-flash-next-iq3_s/IQ3_S/Qwen3.8-Flash-Next-GSQ-RCO-IQ3_S-00001-of-00002.gguf","blk.15.ffn_up_exps.weight",17464683520,524800
EXTENT,1,15,511,2,"/home/yayoi/.local/share/strata-sycl/models/qwen3.8-flash-next-iq3_s/IQ3_S/Qwen3.8-Flash-Next-GSQ-RCO-IQ3_S-00001-of-00002.gguf","blk.15.ffn_down_exps.weight",16921999360,921600
ID,1,283,15,511,4987315996696728039
EXTENT,1,15,196,0,"/home/yayoi/.local/share/strata-sycl/models/qwen3.8-flash-next-iq3_s/IQ3_S/Qwen3.8-Flash-Next-GSQ-RCO-IQ3_S-00001-of-00002.gguf","blk.15.ffn_gate_exps.weight",17026703360,524800
EXTENT,1,15,196,1,"/home/yayoi/.local/share/strata-sycl/models/qwen3.8-flash-next-iq3_s/IQ3_S/Qwen3.8-Flash-Next-GSQ-RCO-IQ3_S-00001-of-00002.gguf","blk.15.ffn_up_exps.weight",17299371520,524800
EXTENT,1,15,196,2,"/home/yayoi/.local/share/strata-sycl/models/qwen3.8-flash-next-iq3_s/IQ3_S/Qwen3.8-Flash-Next-GSQ-RCO-IQ3_S-00001-of-00002.gguf","blk.15.ffn_down_exps.weight",16631695360,921600
ID,1,284,15,196,1099697651985357653
EXTENT,1,15,44,0,"/home/yayoi/.local/share/strata-sycl/models/qwen3.8-flash-next-iq3_s/IQ3_S/Qwen3.8-Flash-Next-GSQ-RCO-IQ3_S-00001-of-00002.gguf","blk.15.ffn_gate_exps.weight",16946933760,524800
EXTENT,1,15,44,1,"/home/yayoi/.local/share/strata-sycl/models/qwen3.8-flash-next-iq3_s/IQ3_S/Qwen3.8-Flash-Next-GSQ-RCO-IQ3_S-00001-of-00002.gguf","blk.15.ffn_up_exps.weight",17219601920,524800
EXTENT,1,15,44,2,"/home/yayoi/.local/share/strata-sycl/models/qwen3.8-flash-next-iq3_s/IQ3_S/Qwen3.8-Flash-Next-GSQ-RCO-IQ3_S-00001-of-00002.gguf","blk.15.ffn_down_exps.weight",16491612160,921600
ID,1,285,15,44,2399187452174669181
EXTENT,1,15,370,0,"/home/yayoi/.local/share/strata-sycl/models/qwen3.8-flash-next-iq3_s/IQ3_S/Qwen3.8-Flash-Next-GSQ-RCO-IQ3_S-00001-of-00002.gguf","blk.15.ffn_gate_exps.weight",17118018560,524800
EXTENT,1,15,370,1,"/home/yayoi/.local/share/strata-sycl/models/qwen3.8-flash-next-iq3_s/IQ3_S/Qwen3.8-Flash-Next-GSQ-RCO-IQ3_S-00001-of-00002.gguf","blk.15.ffn_up_exps.weight",17390686720,524800
EXTENT,1,15,370,2,"/home/yayoi/.local/share/strata-sycl/models/qwen3.8-flash-next-iq3_s/IQ3_S/Qwen3.8-Flash-Next-GSQ-RCO-IQ3_S-00001-of-00002.gguf","blk.15.ffn_down_exps.weight",16792053760,921600
ID,1,286,15,370,11497770192557252966
EXTENT,1,15,469,0,"/home/yayoi/.local/share/strata-sycl/models/qwen3.8-flash-next-iq3_s/IQ3_S/Qwen3.8-Flash-Next-GSQ-RCO-IQ3_S-00001-of-00002.gguf","blk.15.ffn_gate_exps.weight",17169973760,524800
EXTENT,1,15,469,1,"/home/yayoi/.local/share/strata-sycl/models/qwen3.8-flash-next-iq3_s/IQ3_S/Qwen3.8-Flash-Next-GSQ-RCO-IQ3_S-00001-of-00002.gguf","blk.15.ffn_up_exps.weight",17442641920,524800
EXTENT,1,15,469,2,"/home/yayoi/.local/share/strata-sycl/models/qwen3.8-flash-next-iq3_s/IQ3_S/Qwen3.8-Flash-Next-GSQ-RCO-IQ3_S-00001-of-00002.gguf","blk.15.ffn_down_exps.weight",16883292160,921600
ID,1,287,15,469,12624071407516153456
EXTENT,1,15,147,0,"/home/yayoi/.local/share/strata-sycl/models/qwen3.8-flash-next-iq3_s/IQ3_S/Qwen3.8-Flash-Next-GSQ-RCO-IQ3_S-00001-of-00002.gguf","blk.15.ffn_gate_exps.weight",17000988160,524800
EXTENT,1,15,147,1,"/home/yayoi/.local/share/strata-sycl/models/qwen3.8-flash-next-iq3_s/IQ3_S/Qwen3.8-Flash-Next-GSQ-RCO-IQ3_S-00001-of-00002.gguf","blk.15.ffn_up_exps.weight",17273656320,524800
EXTENT,1,15,147,2,"/home/yayoi/.local/share/strata-sycl/models/qwen3.8-flash-next-iq3_s/IQ3_S/Qwen3.8-Flash-Next-GSQ-RCO-IQ3_S-00001-of-00002.gguf","blk.15.ffn_down_exps.weight",16586536960,921600
ID,1,288,15,147,10023899085314827797
EXTENT,1,15,322,0,"/home/yayoi/.local/share/strata-sycl/models/qwen3.8-flash-next-iq3_s/IQ3_S/Qwen3.8-Flash-Next-GSQ-RCO-IQ3_S-00001-of-00002.gguf","blk.15.ffn_gate_exps.weight",17092828160,524800
EXTENT,1,15,322,1,"/home/yayoi/.local/share/strata-sycl/models/qwen3.8-flash-next-iq3_s/IQ3_S/Qwen3.8-Flash-Next-GSQ-RCO-IQ3_S-00001-of-00002.gguf","blk.15.ffn_up_exps.weight",17365496320,524800
EXTENT,1,15,322,2,"/home/yayoi/.local/share/strata-sycl/models/qwen3.8-flash-next-iq3_s/IQ3_S/Qwen3.8-Flash-Next-GSQ-RCO-IQ3_S-00001-of-00002.gguf","blk.15.ffn_down_exps.weight",16747816960,921600
ID,1,289,15,322,13875290492080515269
EXTENT,1,15,321,0,"/home/yayoi/.local/share/strata-sycl/models/qwen3.8-flash-next-iq3_s/IQ3_S/Qwen3.8-Flash-Next-GSQ-RCO-IQ3_S-00001-of-00002.gguf","blk.15.ffn_gate_exps.weight",17092303360,524800
EXTENT,1,15,321,1,"/home/yayoi/.local/share/strata-sycl/models/qwen3.8-flash-next-iq3_s/IQ3_S/Qwen3.8-Flash-Next-GSQ-RCO-IQ3_S-00001-of-00002.gguf","blk.15.ffn_up_exps.weight",17364971520,524800
EXTENT,1,15,321,2,"/home/yayoi/.local/share/strata-sycl/models/qwen3.8-flash-next-iq3_s/IQ3_S/Qwen3.8-Flash-Next-GSQ-RCO-IQ3_S-00001-of-00002.gguf","blk.15.ffn_down_exps.weight",16746895360,921600
ID,1,290,15,321,8446240953644995945
EXTENT,1,15,187,0,"/home/yayoi/.local/share/strata-sycl/models/qwen3.8-flash-next-iq3_s/IQ3_S/Qwen3.8-Flash-Next-GSQ-RCO-IQ3_S-00001-of-00002.gguf","blk.15.ffn_gate_exps.weight",17021980160,524800
EXTENT,1,15,187,1,"/home/yayoi/.local/share/strata-sycl/models/qwen3.8-flash-next-iq3_s/IQ3_S/Qwen3.8-Flash-Next-GSQ-RCO-IQ3_S-00001-of-00002.gguf","blk.15.ffn_up_exps.weight",17294648320,524800
EXTENT,1,15,187,2,"/home/yayoi/.local/share/strata-sycl/models/qwen3.8-flash-next-iq3_s/IQ3_S/Qwen3.8-Flash-Next-GSQ-RCO-IQ3_S-00001-of-00002.gguf","blk.15.ffn_down_exps.weight",16623400960,921600
ID,1,291,15,187,5379273375972555058
EXTENT,1,15,241,0,"/home/yayoi/.local/share/strata-sycl/models/qwen3.8-flash-next-iq3_s/IQ3_S/Qwen3.8-Flash-Next-GSQ-RCO-IQ3_S-00001-of-00002.gguf","blk.15.ffn_gate_exps.weight",17050319360,524800
EXTENT,1,15,241,1,"/home/yayoi/.local/share/strata-sycl/models/qwen3.8-flash-next-iq3_s/IQ3_S/Qwen3.8-Flash-Next-GSQ-RCO-IQ3_S-00001-of-00002.gguf","blk.15.ffn_up_exps.weight",17322987520,524800
EXTENT,1,15,241,2,"/home/yayoi/.local/share/strata-sycl/models/qwen3.8-flash-next-iq3_s/IQ3_S/Qwen3.8-Flash-Next-GSQ-RCO-IQ3_S-00001-of-00002.gguf","blk.15.ffn_down_exps.weight",16673167360,921600
ID,1,292,15,241,10436176213240484503
EXTENT,1,15,491,0,"/home/yayoi/.local/share/strata-sycl/models/qwen3.8-flash-next-iq3_s/IQ3_S/Qwen3.8-Flash-Next-GSQ-RCO-IQ3_S-00001-of-00002.gguf","blk.15.ffn_gate_exps.weight",17181519360,524800
EXTENT,1,15,491,1,"/home/yayoi/.local/share/strata-sycl/models/qwen3.8-flash-next-iq3_s/IQ3_S/Qwen3.8-Flash-Next-GSQ-RCO-IQ3_S-00001-of-00002.gguf","blk.15.ffn_up_exps.weight",17454187520,524800
EXTENT,1,15,491,2,"/home/yayoi/.local/share/strata-sycl/models/qwen3.8-flash-next-iq3_s/IQ3_S/Qwen3.8-Flash-Next-GSQ-RCO-IQ3_S-00001-of-00002.gguf","blk.15.ffn_down_exps.weight",16903567360,921600
ID,1,293,15,491,5007034494201160157
EXTENT,1,15,169,0,"/home/yayoi/.local/share/strata-sycl/models/qwen3.8-flash-next-iq3_s/IQ3_S/Qwen3.8-Flash-Next-GSQ-RCO-IQ3_S-00001-of-00002.gguf","blk.15.ffn_gate_exps.weight",17012533760,524800
EXTENT,1,15,169,1,"/home/yayoi/.local/share/strata-sycl/models/qwen3.8-flash-next-iq3_s/IQ3_S/Qwen3.8-Flash-Next-GSQ-RCO-IQ3_S-00001-of-00002.gguf","blk.15.ffn_up_exps.weight",17285201920,524800
EXTENT,1,15,169,2,"/home/yayoi/.local/share/strata-sycl/models/qwen3.8-flash-next-iq3_s/IQ3_S/Qwen3.8-Flash-Next-GSQ-RCO-IQ3_S-00001-of-00002.gguf","blk.15.ffn_down_exps.weight",16606812160,921600
ID,1,294,15,169,16702305738522101251
EXTENT,1,15,296,0,"/home/yayoi/.local/share/strata-sycl/models/qwen3.8-flash-next-iq3_s/IQ3_S/Qwen3.8-Flash-Next-GSQ-RCO-IQ3_S-00001-of-00002.gguf","blk.15.ffn_gate_exps.weight",17079183360,524800
EXTENT,1,15,296,1,"/home/yayoi/.local/share/strata-sycl/models/qwen3.8-flash-next-iq3_s/IQ3_S/Qwen3.8-Flash-Next-GSQ-RCO-IQ3_S-00001-of-00002.gguf","blk.15.ffn_up_exps.weight",17351851520,524800
EXTENT,1,15,296,2,"/home/yayoi/.local/share/strata-sycl/models/qwen3.8-flash-next-iq3_s/IQ3_S/Qwen3.8-Flash-Next-GSQ-RCO-IQ3_S-00001-of-00002.gguf","blk.15.ffn_down_exps.weight",16723855360,921600
ID,1,295,15,296,1356388917265685631
EXTENT,1,19,190,0,"/home/yayoi/.local/share/strata-sycl/models/qwen3.8-flash-next-iq3_s/IQ3_S/Qwen3.8-Flash-Next-GSQ-RCO-IQ3_S-00001-of-00002.gguf","blk.19.ffn_gate_exps.weight",21754422400,524800
EXTENT,1,19,190,1,"/home/yayoi/.local/share/strata-sycl/models/qwen3.8-flash-next-iq3_s/IQ3_S/Qwen3.8-Flash-Next-GSQ-RCO-IQ3_S-00001-of-00002.gguf","blk.19.ffn_up_exps.weight",22027090560,524800
EXTENT,1,19,190,2,"/home/yayoi/.local/share/strata-sycl/models/qwen3.8-flash-next-iq3_s/IQ3_S/Qwen3.8-Flash-Next-GSQ-RCO-IQ3_S-00001-of-00002.gguf","blk.19.ffn_down_exps.weight",21357033600,921600
ID,1,296,19,190,4499020547421575227
EXTENT,1,19,61,0,"/home/yayoi/.local/share/strata-sycl/models/qwen3.8-flash-next-iq3_s/IQ3_S/Qwen3.8-Flash-Next-GSQ-RCO-IQ3_S-00001-of-00002.gguf","blk.19.ffn_gate_exps.weight",21686723200,524800
EXTENT,1,19,61,1,"/home/yayoi/.local/share/strata-sycl/models/qwen3.8-flash-next-iq3_s/IQ3_S/Qwen3.8-Flash-Next-GSQ-RCO-IQ3_S-00001-of-00002.gguf","blk.19.ffn_up_exps.weight",21959391360,524800
EXTENT,1,19,61,2,"/home/yayoi/.local/share/strata-sycl/models/qwen3.8-flash-next-iq3_s/IQ3_S/Qwen3.8-Flash-Next-GSQ-RCO-IQ3_S-00001-of-00002.gguf","blk.19.ffn_down_exps.weight",21238147200,921600
ID,1,297,19,61,16553009635998821866
EXTENT,1,19,426,0,"/home/yayoi/.local/share/strata-sycl/models/qwen3.8-flash-next-iq3_s/IQ3_S/Qwen3.8-Flash-Next-GSQ-RCO-IQ3_S-00001-of-00002.gguf","blk.19.ffn_gate_exps.weight",21878275200,524800
EXTENT,1,19,426,1,"/home/yayoi/.local/share/strata-sycl/models/qwen3.8-flash-next-iq3_s/IQ3_S/Qwen3.8-Flash-Next-GSQ-RCO-IQ3_S-00001-of-00002.gguf","blk.19.ffn_up_exps.weight",22150943360,524800
EXTENT,1,19,426,2,"/home/yayoi/.local/share/strata-sycl/models/qwen3.8-flash-next-iq3_s/IQ3_S/Qwen3.8-Flash-Next-GSQ-RCO-IQ3_S-00001-of-00002.gguf","blk.19.ffn_down_exps.weight",21574531200,921600
ID,1,298,19,426,7945616256118536406
EXTENT,1,19,181,0,"/home/yayoi/.local/share/strata-sycl/models/qwen3.8-flash-next-iq3_s/IQ3_S/Qwen3.8-Flash-Next-GSQ-RCO-IQ3_S-00001-of-00002.gguf","blk.19.ffn_gate_exps.weight",21749699200,524800
EXTENT,1,19,181,1,"/home/yayoi/.local/share/strata-sycl/models/qwen3.8-flash-next-iq3_s/IQ3_S/Qwen3.8-Flash-Next-GSQ-RCO-IQ3_S-00001-of-00002.gguf","blk.19.ffn_up_exps.weight",22022367360,524800
EXTENT,1,19,181,2,"/home/yayoi/.local/share/strata-sycl/models/qwen3.8-flash-next-iq3_s/IQ3_S/Qwen3.8-Flash-Next-GSQ-RCO-IQ3_S-00001-of-00002.gguf","blk.19.ffn_down_exps.weight",21348739200,921600
ID,1,299,19,181,14616330069887102940
EXTENT,1,19,338,0,"/home/yayoi/.local/share/strata-sycl/models/qwen3.8-flash-next-iq3_s/IQ3_S/Qwen3.8-Flash-Next-GSQ-RCO-IQ3_S-00001-of-00002.gguf","blk.19.ffn_gate_exps.weight",21832092800,524800
EXTENT,1,19,338,1,"/home/yayoi/.local/share/strata-sycl/models/qwen3.8-flash-next-iq3_s/IQ3_S/Qwen3.8-Flash-Next-GSQ-RCO-IQ3_S-00001-of-00002.gguf","blk.19.ffn_up_exps.weight",22104760960,524800
EXTENT,1,19,338,2,"/home/yayoi/.local/share/strata-sycl/models/qwen3.8-flash-next-iq3_s/IQ3_S/Qwen3.8-Flash-Next-GSQ-RCO-IQ3_S-00001-of-00002.gguf","blk.19.ffn_down_exps.weight",21493430400,921600
ID,1,300,19,338,6734677318888954976
EXTENT,1,19,456,0,"/home/yayoi/.local/share/strata-sycl/models/qwen3.8-flash-next-iq3_s/IQ3_S/Qwen3.8-Flash-Next-GSQ-RCO-IQ3_S-00001-of-00002.gguf","blk.19.ffn_gate_exps.weight",21894019200,524800
EXTENT,1,19,456,1,"/home/yayoi/.local/share/strata-sycl/models/qwen3.8-flash-next-iq3_s/IQ3_S/Qwen3.8-Flash-Next-GSQ-RCO-IQ3_S-00001-of-00002.gguf","blk.19.ffn_up_exps.weight",22166687360,524800
EXTENT,1,19,456,2,"/home/yayoi/.local/share/strata-sycl/models/qwen3.8-flash-next-iq3_s/IQ3_S/Qwen3.8-Flash-Next-GSQ-RCO-IQ3_S-00001-of-00002.gguf","blk.19.ffn_down_exps.weight",21602179200,921600
ID,1,301,19,456,8366876853068405589
EXTENT,1,19,431,0,"/home/yayoi/.local/share/strata-sycl/models/qwen3.8-flash-next-iq3_s/IQ3_S/Qwen3.8-Flash-Next-GSQ-RCO-IQ3_S-00001-of-00002.gguf","blk.19.ffn_gate_exps.weight",21880899200,524800
EXTENT,1,19,431,1,"/home/yayoi/.local/share/strata-sycl/models/qwen3.8-flash-next-iq3_s/IQ3_S/Qwen3.8-Flash-Next-GSQ-RCO-IQ3_S-00001-of-00002.gguf","blk.19.ffn_up_exps.weight",22153567360,524800
EXTENT,1,19,431,2,"/home/yayoi/.local/share/strata-sycl/models/qwen3.8-flash-next-iq3_s/IQ3_S/Qwen3.8-Flash-Next-GSQ-RCO-IQ3_S-00001-of-00002.gguf","blk.19.ffn_down_exps.weight",21579139200,921600
ID,1,302,19,431,16559183818042618193
EXTENT,1,19,482,0,"/home/yayoi/.local/share/strata-sycl/models/qwen3.8-flash-next-iq3_s/IQ3_S/Qwen3.8-Flash-Next-GSQ-RCO-IQ3_S-00001-of-00002.gguf","blk.19.ffn_gate_exps.weight",21907664000,524800
EXTENT,1,19,482,1,"/home/yayoi/.local/share/strata-sycl/models/qwen3.8-flash-next-iq3_s/IQ3_S/Qwen3.8-Flash-Next-GSQ-RCO-IQ3_S-00001-of-00002.gguf","blk.19.ffn_up_exps.weight",22180332160,524800
EXTENT,1,19,482,2,"/home/yayoi/.local/share/strata-sycl/models/qwen3.8-flash-next-iq3_s/IQ3_S/Qwen3.8-Flash-Next-GSQ-RCO-IQ3_S-00001-of-00002.gguf","blk.19.ffn_down_exps.weight",21626140800,921600
ID,1,303,19,482,3289374943513184097
EXTENT,1,19,307,0,"/home/yayoi/.local/share/strata-sycl/models/qwen3.8-flash-next-iq3_s/IQ3_S/Qwen3.8-Flash-Next-GSQ-RCO-IQ3_S-00001-of-00002.gguf","blk.19.ffn_gate_exps.weight",21815824000,524800
EXTENT,1,19,307,1,"/home/yayoi/.local/share/strata-sycl/models/qwen3.8-flash-next-iq3_s/IQ3_S/Qwen3.8-Flash-Next-GSQ-RCO-IQ3_S-00001-of-00002.gguf","blk.19.ffn_up_exps.weight",22088492160,524800
EXTENT,1,19,307,2,"/home/yayoi/.local/share/strata-sycl/models/qwen3.8-flash-next-iq3_s/IQ3_S/Qwen3.8-Flash-Next-GSQ-RCO-IQ3_S-00001-of-00002.gguf","blk.19.ffn_down_exps.weight",21464860800,921600
ID,1,304,19,307,8507260487352205594
EXTENT,1,19,454,0,"/home/yayoi/.local/share/strata-sycl/models/qwen3.8-flash-next-iq3_s/IQ3_S/Qwen3.8-Flash-Next-GSQ-RCO-IQ3_S-00001-of-00002.gguf","blk.19.ffn_gate_exps.weight",21892969600,524800
EXTENT,1,19,454,1,"/home/yayoi/.local/share/strata-sycl/models/qwen3.8-flash-next-iq3_s/IQ3_S/Qwen3.8-Flash-Next-GSQ-RCO-IQ3_S-00001-of-00002.gguf","blk.19.ffn_up_exps.weight",22165637760,524800
EXTENT,1,19,454,2,"/home/yayoi/.local/share/strata-sycl/models/qwen3.8-flash-next-iq3_s/IQ3_S/Qwen3.8-Flash-Next-GSQ-RCO-IQ3_S-00001-of-00002.gguf","blk.19.ffn_down_exps.weight",21600336000,921600
ID,1,305,19,454,2844412136136330756
EXTENT,1,19,498,0,"/home/yayoi/.local/share/strata-sycl/models/qwen3.8-flash-next-iq3_s/IQ3_S/Qwen3.8-Flash-Next-GSQ-RCO-IQ3_S-00001-of-00002.gguf","blk.19.ffn_gate_exps.weight",21916060800,524800
EXTENT,1,19,498,1,"/home/yayoi/.local/share/strata-sycl/models/qwen3.8-flash-next-iq3_s/IQ3_S/Qwen3.8-Flash-Next-GSQ-RCO-IQ3_S-00001-of-00002.gguf","blk.19.ffn_up_exps.weight",22188728960,524800
EXTENT,1,19,498,2,"/home/yayoi/.local/share/strata-sycl/models/qwen3.8-flash-next-iq3_s/IQ3_S/Qwen3.8-Flash-Next-GSQ-RCO-IQ3_S-00001-of-00002.gguf","blk.19.ffn_down_exps.weight",21640886400,921600
ID,1,306,19,498,18258456267391959950
EXTENT,1,19,445,0,"/home/yayoi/.local/share/strata-sycl/models/qwen3.8-flash-next-iq3_s/IQ3_S/Qwen3.8-Flash-Next-GSQ-RCO-IQ3_S-00001-of-00002.gguf","blk.19.ffn_gate_exps.weight",21888246400,524800
EXTENT,1,19,445,1,"/home/yayoi/.local/share/strata-sycl/models/qwen3.8-flash-next-iq3_s/IQ3_S/Qwen3.8-Flash-Next-GSQ-RCO-IQ3_S-00001-of-00002.gguf","blk.19.ffn_up_exps.weight",22160914560,524800
EXTENT,1,19,445,2,"/home/yayoi/.local/share/strata-sycl/models/qwen3.8-flash-next-iq3_s/IQ3_S/Qwen3.8-Flash-Next-GSQ-RCO-IQ3_S-00001-of-00002.gguf","blk.19.ffn_down_exps.weight",21592041600,921600
ID,1,307,19,445,8669996723961715592
EXTENT,1,19,428,0,"/home/yayoi/.local/share/strata-sycl/models/qwen3.8-flash-next-iq3_s/IQ3_S/Qwen3.8-Flash-Next-GSQ-RCO-IQ3_S-00001-of-00002.gguf","blk.19.ffn_gate_exps.weight",21879324800,524800
EXTENT,1,19,428,1,"/home/yayoi/.local/share/strata-sycl/models/qwen3.8-flash-next-iq3_s/IQ3_S/Qwen3.8-Flash-Next-GSQ-RCO-IQ3_S-00001-of-00002.gguf","blk.19.ffn_up_exps.weight",22151992960,524800
EXTENT,1,19,428,2,"/home/yayoi/.local/share/strata-sycl/models/qwen3.8-flash-next-iq3_s/IQ3_S/Qwen3.8-Flash-Next-GSQ-RCO-IQ3_S-00001-of-00002.gguf","blk.19.ffn_down_exps.weight",21576374400,921600
ID,1,308,19,428,477036791547497402
EXTENT,1,23,447,0,"/home/yayoi/.local/share/strata-sycl/models/qwen3.8-flash-next-iq3_s/IQ3_S/Qwen3.8-Flash-Next-GSQ-RCO-IQ3_S-00001-of-00002.gguf","blk.23.ffn_gate_exps.weight",26153900800,524800
EXTENT,1,23,447,1,"/home/yayoi/.local/share/strata-sycl/models/qwen3.8-flash-next-iq3_s/IQ3_S/Qwen3.8-Flash-Next-GSQ-RCO-IQ3_S-00001-of-00002.gguf","blk.23.ffn_up_exps.weight",26426351360,524800
EXTENT,1,23,447,2,"/home/yayoi/.local/share/strata-sycl/models/qwen3.8-flash-next-iq3_s/IQ3_S/Qwen3.8-Flash-Next-GSQ-RCO-IQ3_S-00001-of-00002.gguf","blk.23.ffn_down_exps.weight",25858489600,921600
ID,1,309,23,447,11930019275302986071
EXTENT,1,23,12,0,"/home/yayoi/.local/share/strata-sycl/models/qwen3.8-flash-next-iq3_s/IQ3_S/Qwen3.8-Flash-Next-GSQ-RCO-IQ3_S-00001-of-00002.gguf","blk.23.ffn_gate_exps.weight",25925612800,524800
EXTENT,1,23,12,1,"/home/yayoi/.local/share/strata-sycl/models/qwen3.8-flash-next-iq3_s/IQ3_S/Qwen3.8-Flash-Next-GSQ-RCO-IQ3_S-00001-of-00002.gguf","blk.23.ffn_up_exps.weight",26198063360,524800
EXTENT,1,23,12,2,"/home/yayoi/.local/share/strata-sycl/models/qwen3.8-flash-next-iq3_s/IQ3_S/Qwen3.8-Flash-Next-GSQ-RCO-IQ3_S-00001-of-00002.gguf","blk.23.ffn_down_exps.weight",25457593600,921600
ID,1,310,23,12,15363993256878608412
EXTENT,1,23,306,0,"/home/yayoi/.local/share/strata-sycl/models/qwen3.8-flash-next-iq3_s/IQ3_S/Qwen3.8-Flash-Next-GSQ-RCO-IQ3_S-00001-of-00002.gguf","blk.23.ffn_gate_exps.weight",26079904000,524800
EXTENT,1,23,306,1,"/home/yayoi/.local/share/strata-sycl/models/qwen3.8-flash-next-iq3_s/IQ3_S/Qwen3.8-Flash-Next-GSQ-RCO-IQ3_S-00001-of-00002.gguf","blk.23.ffn_up_exps.weight",26352354560,524800
EXTENT,1,23,306,2,"/home/yayoi/.local/share/strata-sycl/models/qwen3.8-flash-next-iq3_s/IQ3_S/Qwen3.8-Flash-Next-GSQ-RCO-IQ3_S-00001-of-00002.gguf","blk.23.ffn_down_exps.weight",25728544000,921600
ID,1,311,23,306,3718117710809572973
EXTENT,1,23,360,0,"/home/yayoi/.local/share/strata-sycl/models/qwen3.8-flash-next-iq3_s/IQ3_S/Qwen3.8-Flash-Next-GSQ-RCO-IQ3_S-00001-of-00002.gguf","blk.23.ffn_gate_exps.weight",26108243200,524800
EXTENT,1,23,360,1,"/home/yayoi/.local/share/strata-sycl/models/qwen3.8-flash-next-iq3_s/IQ3_S/Qwen3.8-Flash-Next-GSQ-RCO-IQ3_S-00001-of-00002.gguf","blk.23.ffn_up_exps.weight",26380693760,524800
EXTENT,1,23,360,2,"/home/yayoi/.local/share/strata-sycl/models/qwen3.8-flash-next-iq3_s/IQ3_S/Qwen3.8-Flash-Next-GSQ-RCO-IQ3_S-00001-of-00002.gguf","blk.23.ffn_down_exps.weight",25778310400,921600
ID,1,312,23,360,6699840449682800897
EXTENT,1,23,59,0,"/home/yayoi/.local/share/strata-sycl/models/qwen3.8-flash-next-iq3_s/IQ3_S/Qwen3.8-Flash-Next-GSQ-RCO-IQ3_S-00001-of-00002.gguf","blk.23.ffn_gate_exps.weight",25950278400,524800
EXTENT,1,23,59,1,"/home/yayoi/.local/share/strata-sycl/models/qwen3.8-flash-next-iq3_s/IQ3_S/Qwen3.8-Flash-Next-GSQ-RCO-IQ3_S-00001-of-00002.gguf","blk.23.ffn_up_exps.weight",26222728960,524800
EXTENT,1,23,59,2,"/home/yayoi/.local/share/strata-sycl/models/qwen3.8-flash-next-iq3_s/IQ3_S/Qwen3.8-Flash-Next-GSQ-RCO-IQ3_S-00001-of-00002.gguf","blk.23.ffn_down_exps.weight",25500908800,921600
ID,1,313,23,59,11327455070187441059
EXTENT,1,23,295,0,"/home/yayoi/.local/share/strata-sycl/models/qwen3.8-flash-next-iq3_s/IQ3_S/Qwen3.8-Flash-Next-GSQ-RCO-IQ3_S-00001-of-00002.gguf","blk.23.ffn_gate_exps.weight",26074131200,524800
EXTENT,1,23,295,1,"/home/yayoi/.local/share/strata-sycl/models/qwen3.8-flash-next-iq3_s/IQ3_S/Qwen3.8-Flash-Next-GSQ-RCO-IQ3_S-00001-of-00002.gguf","blk.23.ffn_up_exps.weight",26346581760,524800
EXTENT,1,23,295,2,"/home/yayoi/.local/share/strata-sycl/models/qwen3.8-flash-next-iq3_s/IQ3_S/Qwen3.8-Flash-Next-GSQ-RCO-IQ3_S-00001-of-00002.gguf","blk.23.ffn_down_exps.weight",25718406400,921600
ID,1,314,23,295,10912449757031655845
EXTENT,1,23,430,0,"/home/yayoi/.local/share/strata-sycl/models/qwen3.8-flash-next-iq3_s/IQ3_S/Qwen3.8-Flash-Next-GSQ-RCO-IQ3_S-00001-of-00002.gguf","blk.23.ffn_gate_exps.weight",26144979200,524800
EXTENT,1,23,430,1,"/home/yayoi/.local/share/strata-sycl/models/qwen3.8-flash-next-iq3_s/IQ3_S/Qwen3.8-Flash-Next-GSQ-RCO-IQ3_S-00001-of-00002.gguf","blk.23.ffn_up_exps.weight",26417429760,524800
EXTENT,1,23,430,2,"/home/yayoi/.local/share/strata-sycl/models/qwen3.8-flash-next-iq3_s/IQ3_S/Qwen3.8-Flash-Next-GSQ-RCO-IQ3_S-00001-of-00002.gguf","blk.23.ffn_down_exps.weight",25842822400,921600
ID,1,315,23,430,1615323878317668675
EXTENT,1,23,194,0,"/home/yayoi/.local/share/strata-sycl/models/qwen3.8-flash-next-iq3_s/IQ3_S/Qwen3.8-Flash-Next-GSQ-RCO-IQ3_S-00001-of-00002.gguf","blk.23.ffn_gate_exps.weight",26021126400,524800
EXTENT,1,23,194,1,"/home/yayoi/.local/share/strata-sycl/models/qwen3.8-flash-next-iq3_s/IQ3_S/Qwen3.8-Flash-Next-GSQ-RCO-IQ3_S-00001-of-00002.gguf","blk.23.ffn_up_exps.weight",26293576960,524800
EXTENT,1,23,194,2,"/home/yayoi/.local/share/strata-sycl/models/qwen3.8-flash-next-iq3_s/IQ3_S/Qwen3.8-Flash-Next-GSQ-RCO-IQ3_S-00001-of-00002.gguf","blk.23.ffn_down_exps.weight",25625324800,921600
ID,1,316,23,194,3457068000563916276
EXTENT,1,23,222,0,"/home/yayoi/.local/share/strata-sycl/models/qwen3.8-flash-next-iq3_s/IQ3_S/Qwen3.8-Flash-Next-GSQ-RCO-IQ3_S-00001-of-00002.gguf","blk.23.ffn_gate_exps.weight",26035820800,524800
EXTENT,1,23,222,1,"/home/yayoi/.local/share/strata-sycl/models/qwen3.8-flash-next-iq3_s/IQ3_S/Qwen3.8-Flash-Next-GSQ-RCO-IQ3_S-00001-of-00002.gguf","blk.23.ffn_up_exps.weight",26308271360,524800
EXTENT,1,23,222,2,"/home/yayoi/.local/share/strata-sycl/models/qwen3.8-flash-next-iq3_s/IQ3_S/Qwen3.8-Flash-Next-GSQ-RCO-IQ3_S-00001-of-00002.gguf","blk.23.ffn_down_exps.weight",25651129600,921600
ID,1,317,23,222,6544871966672039938
EXTENT,1,23,334,0,"/home/yayoi/.local/share/strata-sycl/models/qwen3.8-flash-next-iq3_s/IQ3_S/Qwen3.8-Flash-Next-GSQ-RCO-IQ3_S-00001-of-00002.gguf","blk.23.ffn_gate_exps.weight",26094598400,524800
EXTENT,1,23,334,1,"/home/yayoi/.local/share/strata-sycl/models/qwen3.8-flash-next-iq3_s/IQ3_S/Qwen3.8-Flash-Next-GSQ-RCO-IQ3_S-00001-of-00002.gguf","blk.23.ffn_up_exps.weight",26367048960,524800
EXTENT,1,23,334,2,"/home/yayoi/.local/share/strata-sycl/models/qwen3.8-flash-next-iq3_s/IQ3_S/Qwen3.8-Flash-Next-GSQ-RCO-IQ3_S-00001-of-00002.gguf","blk.23.ffn_down_exps.weight",25754348800,921600
ID,1,318,23,334,5748107869268509659
EXTENT,1,23,247,0,"/home/yayoi/.local/share/strata-sycl/models/qwen3.8-flash-next-iq3_s/IQ3_S/Qwen3.8-Flash-Next-GSQ-RCO-IQ3_S-00001-of-00002.gguf","blk.23.ffn_gate_exps.weight",26048940800,524800
EXTENT,1,23,247,1,"/home/yayoi/.local/share/strata-sycl/models/qwen3.8-flash-next-iq3_s/IQ3_S/Qwen3.8-Flash-Next-GSQ-RCO-IQ3_S-00001-of-00002.gguf","blk.23.ffn_up_exps.weight",26321391360,524800
EXTENT,1,23,247,2,"/home/yayoi/.local/share/strata-sycl/models/qwen3.8-flash-next-iq3_s/IQ3_S/Qwen3.8-Flash-Next-GSQ-RCO-IQ3_S-00001-of-00002.gguf","blk.23.ffn_down_exps.weight",25674169600,921600
ID,1,319,23,247,17834457114732475204
EXTENT,1,23,87,0,"/home/yayoi/.local/share/strata-sycl/models/qwen3.8-flash-next-iq3_s/IQ3_S/Qwen3.8-Flash-Next-GSQ-RCO-IQ3_S-00001-of-00002.gguf","blk.23.ffn_gate_exps.weight",25964972800,524800
EXTENT,1,23,87,1,"/home/yayoi/.local/share/strata-sycl/models/qwen3.8-flash-next-iq3_s/IQ3_S/Qwen3.8-Flash-Next-GSQ-RCO-IQ3_S-00001-of-00002.gguf","blk.23.ffn_up_exps.weight",26237423360,524800
EXTENT,1,23,87,2,"/home/yayoi/.local/share/strata-sycl/models/qwen3.8-flash-next-iq3_s/IQ3_S/Qwen3.8-Flash-Next-GSQ-RCO-IQ3_S-00001-of-00002.gguf","blk.23.ffn_down_exps.weight",25526713600,921600
ID,1,320,23,87,6600054720090013657
EXTENT,1,23,120,0,"/home/yayoi/.local/share/strata-sycl/models/qwen3.8-flash-next-iq3_s/IQ3_S/Qwen3.8-Flash-Next-GSQ-RCO-IQ3_S-00001-of-00002.gguf","blk.23.ffn_gate_exps.weight",25982291200,524800
EXTENT,1,23,120,1,"/home/yayoi/.local/share/strata-sycl/models/qwen3.8-flash-next-iq3_s/IQ3_S/Qwen3.8-Flash-Next-GSQ-RCO-IQ3_S-00001-of-00002.gguf","blk.23.ffn_up_exps.weight",26254741760,524800
EXTENT,1,23,120,2,"/home/yayoi/.local/share/strata-sycl/models/qwen3.8-flash-next-iq3_s/IQ3_S/Qwen3.8-Flash-Next-GSQ-RCO-IQ3_S-00001-of-00002.gguf","blk.23.ffn_down_exps.weight",25557126400,921600
ID,1,321,23,120,11518237619247420393
EXTENT,1,24,215,0,"/home/yayoi/.local/share/strata-sycl/models/qwen3.8-flash-next-iq3_s/IQ3_S/Qwen3.8-Flash-Next-GSQ-RCO-IQ3_S-00001-of-00002.gguf","blk.24.ffn_gate_exps.weight",27111346944,524800
EXTENT,1,24,215,1,"/home/yayoi/.local/share/strata-sycl/models/qwen3.8-flash-next-iq3_s/IQ3_S/Qwen3.8-Flash-Next-GSQ-RCO-IQ3_S-00001-of-00002.gguf","blk.24.ffn_up_exps.weight",27383541504,524800
EXTENT,1,24,215,2,"/home/yayoi/.local/share/strata-sycl/models/qwen3.8-flash-next-iq3_s/IQ3_S/Qwen3.8-Flash-Next-GSQ-RCO-IQ3_S-00001-of-00002.gguf","blk.24.ffn_down_exps.weight",26723878144,921600
ID,1,322,24,215,4761919223997784162
EXTENT,1,24,320,0,"/home/yayoi/.local/share/strata-sycl/models/qwen3.8-flash-next-iq3_s/IQ3_S/Qwen3.8-Flash-Next-GSQ-RCO-IQ3_S-00001-of-00002.gguf","blk.24.ffn_gate_exps.weight",27166450944,524800
EXTENT,1,24,320,1,"/home/yayoi/.local/share/strata-sycl/models/qwen3.8-flash-next-iq3_s/IQ3_S/Qwen3.8-Flash-Next-GSQ-RCO-IQ3_S-00001-of-00002.gguf","blk.24.ffn_up_exps.weight",27438645504,524800
EXTENT,1,24,320,2,"/home/yayoi/.local/share/strata-sycl/models/qwen3.8-flash-next-iq3_s/IQ3_S/Qwen3.8-Flash-Next-GSQ-RCO-IQ3_S-00001-of-00002.gguf","blk.24.ffn_down_exps.weight",26820646144,921600
ID,1,323,24,320,5294979397966638459
EXTENT,1,24,202,0,"/home/yayoi/.local/share/strata-sycl/models/qwen3.8-flash-next-iq3_s/IQ3_S/Qwen3.8-Flash-Next-GSQ-RCO-IQ3_S-00001-of-00002.gguf","blk.24.ffn_gate_exps.weight",27104524544,524800
EXTENT,1,24,202,1,"/home/yayoi/.local/share/strata-sycl/models/qwen3.8-flash-next-iq3_s/IQ3_S/Qwen3.8-Flash-Next-GSQ-RCO-IQ3_S-00001-of-00002.gguf","blk.24.ffn_up_exps.weight",27376719104,524800
EXTENT,1,24,202,2,"/home/yayoi/.local/share/strata-sycl/models/qwen3.8-flash-next-iq3_s/IQ3_S/Qwen3.8-Flash-Next-GSQ-RCO-IQ3_S-00001-of-00002.gguf","blk.24.ffn_down_exps.weight",26711897344,921600
ID,1,324,24,202,18187451597558049725
EXTENT,1,24,376,0,"/home/yayoi/.local/share/strata-sycl/models/qwen3.8-flash-next-iq3_s/IQ3_S/Qwen3.8-Flash-Next-GSQ-RCO-IQ3_S-00001-of-00002.gguf","blk.24.ffn_gate_exps.weight",27195839744,524800
EXTENT,1,24,376,1,"/home/yayoi/.local/share/strata-sycl/models/qwen3.8-flash-next-iq3_s/IQ3_S/Qwen3.8-Flash-Next-GSQ-RCO-IQ3_S-00001-of-00002.gguf","blk.24.ffn_up_exps.weight",27468034304,524800
EXTENT,1,24,376,2,"/home/yayoi/.local/share/strata-sycl/models/qwen3.8-flash-next-iq3_s/IQ3_S/Qwen3.8-Flash-Next-GSQ-RCO-IQ3_S-00001-of-00002.gguf","blk.24.ffn_down_exps.weight",26872255744,921600
ID,1,325,24,376,15863080154652660092
EXTENT,1,24,434,0,"/home/yayoi/.local/share/strata-sycl/models/qwen3.8-flash-next-iq3_s/IQ3_S/Qwen3.8-Flash-Next-GSQ-RCO-IQ3_S-00001-of-00002.gguf","blk.24.ffn_gate_exps.weight",27226278144,524800
EXTENT,1,24,434,1,"/home/yayoi/.local/share/strata-sycl/models/qwen3.8-flash-next-iq3_s/IQ3_S/Qwen3.8-Flash-Next-GSQ-RCO-IQ3_S-00001-of-00002.gguf","blk.24.ffn_up_exps.weight",27498472704,524800
EXTENT,1,24,434,2,"/home/yayoi/.local/share/strata-sycl/models/qwen3.8-flash-next-iq3_s/IQ3_S/Qwen3.8-Flash-Next-GSQ-RCO-IQ3_S-00001-of-00002.gguf","blk.24.ffn_down_exps.weight",26925708544,921600
ID,1,326,24,434,8011478230428053166
EXTENT,1,24,304,0,"/home/yayoi/.local/share/strata-sycl/models/qwen3.8-flash-next-iq3_s/IQ3_S/Qwen3.8-Flash-Next-GSQ-RCO-IQ3_S-00001-of-00002.gguf","blk.24.ffn_gate_exps.weight",27158054144,524800
EXTENT,1,24,304,1,"/home/yayoi/.local/share/strata-sycl/models/qwen3.8-flash-next-iq3_s/IQ3_S/Qwen3.8-Flash-Next-GSQ-RCO-IQ3_S-00001-of-00002.gguf","blk.24.ffn_up_exps.weight",27430248704,524800
EXTENT,1,24,304,2,"/home/yayoi/.local/share/strata-sycl/models/qwen3.8-flash-next-iq3_s/IQ3_S/Qwen3.8-Flash-Next-GSQ-RCO-IQ3_S-00001-of-00002.gguf","blk.24.ffn_down_exps.weight",26805900544,921600
ID,1,327,24,304,10004163553812000281
EXTENT,1,24,468,0,"/home/yayoi/.local/share/strata-sycl/models/qwen3.8-flash-next-iq3_s/IQ3_S/Qwen3.8-Flash-Next-GSQ-RCO-IQ3_S-00001-of-00002.gguf","blk.24.ffn_gate_exps.weight",27244121344,524800
EXTENT,1,24,468,1,"/home/yayoi/.local/share/strata-sycl/models/qwen3.8-flash-next-iq3_s/IQ3_S/Qwen3.8-Flash-Next-GSQ-RCO-IQ3_S-00001-of-00002.gguf","blk.24.ffn_up_exps.weight",27516315904,524800
EXTENT,1,24,468,2,"/home/yayoi/.local/share/strata-sycl/models/qwen3.8-flash-next-iq3_s/IQ3_S/Qwen3.8-Flash-Next-GSQ-RCO-IQ3_S-00001-of-00002.gguf","blk.24.ffn_down_exps.weight",26957042944,921600
ID,1,328,24,468,4218964611780922923
EXTENT,1,24,35,0,"/home/yayoi/.local/share/strata-sycl/models/qwen3.8-flash-next-iq3_s/IQ3_S/Qwen3.8-Flash-Next-GSQ-RCO-IQ3_S-00001-of-00002.gguf","blk.24.ffn_gate_exps.weight",27016882944,524800
EXTENT,1,24,35,1,"/home/yayoi/.local/share/strata-sycl/models/qwen3.8-flash-next-iq3_s/IQ3_S/Qwen3.8-Flash-Next-GSQ-RCO-IQ3_S-00001-of-00002.gguf","blk.24.ffn_up_exps.weight",27289077504,524800
EXTENT,1,24,35,2,"/home/yayoi/.local/share/strata-sycl/models/qwen3.8-flash-next-iq3_s/IQ3_S/Qwen3.8-Flash-Next-GSQ-RCO-IQ3_S-00001-of-00002.gguf","blk.24.ffn_down_exps.weight",26557990144,921600
ID,1,329,24,35,6704894786772340872
EXTENT,1,24,216,0,"/home/yayoi/.local/share/strata-sycl/models/qwen3.8-flash-next-iq3_s/IQ3_S/Qwen3.8-Flash-Next-GSQ-RCO-IQ3_S-00001-of-00002.gguf","blk.24.ffn_gate_exps.weight",27111871744,524800
EXTENT,1,24,216,1,"/home/yayoi/.local/share/strata-sycl/models/qwen3.8-flash-next-iq3_s/IQ3_S/Qwen3.8-Flash-Next-GSQ-RCO-IQ3_S-00001-of-00002.gguf","blk.24.ffn_up_exps.weight",27384066304,524800
EXTENT,1,24,216,2,"/home/yayoi/.local/share/strata-sycl/models/qwen3.8-flash-next-iq3_s/IQ3_S/Qwen3.8-Flash-Next-GSQ-RCO-IQ3_S-00001-of-00002.gguf","blk.24.ffn_down_exps.weight",26724799744,921600
ID,1,330,24,216,8804634791129030865
EXTENT,1,24,162,0,"/home/yayoi/.local/share/strata-sycl/models/qwen3.8-flash-next-iq3_s/IQ3_S/Qwen3.8-Flash-Next-GSQ-RCO-IQ3_S-00001-of-00002.gguf","blk.24.ffn_gate_exps.weight",27083532544,524800
EXTENT,1,24,162,1,"/home/yayoi/.local/share/strata-sycl/models/qwen3.8-flash-next-iq3_s/IQ3_S/Qwen3.8-Flash-Next-GSQ-RCO-IQ3_S-00001-of-00002.gguf","blk.24.ffn_up_exps.weight",27355727104,524800
EXTENT,1,24,162,2,"/home/yayoi/.local/share/strata-sycl/models/qwen3.8-flash-next-iq3_s/IQ3_S/Qwen3.8-Flash-Next-GSQ-RCO-IQ3_S-00001-of-00002.gguf","blk.24.ffn_down_exps.weight",26675033344,921600
ID,1,331,24,162,17875764253746610549
EXTENT,1,24,277,0,"/home/yayoi/.local/share/strata-sycl/models/qwen3.8-flash-next-iq3_s/IQ3_S/Qwen3.8-Flash-Next-GSQ-RCO-IQ3_S-00001-of-00002.gguf","blk.24.ffn_gate_exps.weight",27143884544,524800
EXTENT,1,24,277,1,"/home/yayoi/.local/share/strata-sycl/models/qwen3.8-flash-next-iq3_s/IQ3_S/Qwen3.8-Flash-Next-GSQ-RCO-IQ3_S-00001-of-00002.gguf","blk.24.ffn_up_exps.weight",27416079104,524800
EXTENT,1,24,277,2,"/home/yayoi/.local/share/strata-sycl/models/qwen3.8-flash-next-iq3_s/IQ3_S/Qwen3.8-Flash-Next-GSQ-RCO-IQ3_S-00001-of-00002.gguf","blk.24.ffn_down_exps.weight",26781017344,921600
ID,1,332,24,277,9912343158731624150
EXTENT,1,24,497,0,"/home/yayoi/.local/share/strata-sycl/models/qwen3.8-flash-next-iq3_s/IQ3_S/Qwen3.8-Flash-Next-GSQ-RCO-IQ3_S-00001-of-00002.gguf","blk.24.ffn_gate_exps.weight",27259340544,524800
EXTENT,1,24,497,1,"/home/yayoi/.local/share/strata-sycl/models/qwen3.8-flash-next-iq3_s/IQ3_S/Qwen3.8-Flash-Next-GSQ-RCO-IQ3_S-00001-of-00002.gguf","blk.24.ffn_up_exps.weight",27531535104,524800
EXTENT,1,24,497,2,"/home/yayoi/.local/share/strata-sycl/models/qwen3.8-flash-next-iq3_s/IQ3_S/Qwen3.8-Flash-Next-GSQ-RCO-IQ3_S-00001-of-00002.gguf","blk.24.ffn_down_exps.weight",26983769344,921600
ID,1,333,24,497,2647981225066044235
EXTENT,1,24,369,0,"/home/yayoi/.local/share/strata-sycl/models/qwen3.8-flash-next-iq3_s/IQ3_S/Qwen3.8-Flash-Next-GSQ-RCO-IQ3_S-00001-of-00002.gguf","blk.24.ffn_gate_exps.weight",27192166144,524800
EXTENT,1,24,369,1,"/home/yayoi/.local/share/strata-sycl/models/qwen3.8-flash-next-iq3_s/IQ3_S/Qwen3.8-Flash-Next-GSQ-RCO-IQ3_S-00001-of-00002.gguf","blk.24.ffn_up_exps.weight",27464360704,524800
EXTENT,1,24,369,2,"/home/yayoi/.local/share/strata-sycl/models/qwen3.8-flash-next-iq3_s/IQ3_S/Qwen3.8-Flash-Next-GSQ-RCO-IQ3_S-00001-of-00002.gguf","blk.24.ffn_down_exps.weight",26865804544,921600
ID,1,334,24,369,4745835283295136841
EXTENT,1,26,109,0,"/home/yayoi/.local/share/strata-sycl/models/qwen3.8-flash-next-iq3_s/IQ3_S/Qwen3.8-Flash-Next-GSQ-RCO-IQ3_S-00001-of-00002.gguf","blk.26.ffn_gate_exps.weight",29414404096,524800
EXTENT,1,26,109,1,"/home/yayoi/.local/share/strata-sycl/models/qwen3.8-flash-next-iq3_s/IQ3_S/Qwen3.8-Flash-Next-GSQ-RCO-IQ3_S-00001-of-00002.gguf","blk.26.ffn_up_exps.weight",29687072256,524800
EXTENT,1,26,109,2,"/home/yayoi/.local/share/strata-sycl/models/qwen3.8-flash-next-iq3_s/IQ3_S/Qwen3.8-Flash-Next-GSQ-RCO-IQ3_S-00001-of-00002.gguf","blk.26.ffn_down_exps.weight",28984874496,921600
ID,1,335,26,109,7859243720055522655
EXTENT,1,26,417,0,"/home/yayoi/.local/share/strata-sycl/models/qwen3.8-flash-next-iq3_s/IQ3_S/Qwen3.8-Flash-Next-GSQ-RCO-IQ3_S-00001-of-00002.gguf","blk.26.ffn_gate_exps.weight",29576042496,524800
EXTENT,1,26,417,1,"/home/yayoi/.local/share/strata-sycl/models/qwen3.8-flash-next-iq3_s/IQ3_S/Qwen3.8-Flash-Next-GSQ-RCO-IQ3_S-00001-of-00002.gguf","blk.26.ffn_up_exps.weight",29848710656,524800
EXTENT,1,26,417,2,"/home/yayoi/.local/share/strata-sycl/models/qwen3.8-flash-next-iq3_s/IQ3_S/Qwen3.8-Flash-Next-GSQ-RCO-IQ3_S-00001-of-00002.gguf","blk.26.ffn_down_exps.weight",29268727296,921600
ID,1,336,26,417,9256896597787103146
EXTENT,1,26,464,0,"/home/yayoi/.local/share/strata-sycl/models/qwen3.8-flash-next-iq3_s/IQ3_S/Qwen3.8-Flash-Next-GSQ-RCO-IQ3_S-00001-of-00002.gguf","blk.26.ffn_gate_exps.weight",29600708096,524800
EXTENT,1,26,464,1,"/home/yayoi/.local/share/strata-sycl/models/qwen3.8-flash-next-iq3_s/IQ3_S/Qwen3.8-Flash-Next-GSQ-RCO-IQ3_S-00001-of-00002.gguf","blk.26.ffn_up_exps.weight",29873376256,524800
EXTENT,1,26,464,2,"/home/yayoi/.local/share/strata-sycl/models/qwen3.8-flash-next-iq3_s/IQ3_S/Qwen3.8-Flash-Next-GSQ-RCO-IQ3_S-00001-of-00002.gguf","blk.26.ffn_down_exps.weight",29312042496,921600
ID,1,337,26,464,10131904137245568864
EXTENT,1,26,99,0,"/home/yayoi/.local/share/strata-sycl/models/qwen3.8-flash-next-iq3_s/IQ3_S/Qwen3.8-Flash-Next-GSQ-RCO-IQ3_S-00001-of-00002.gguf","blk.26.ffn_gate_exps.weight",29409156096,524800
EXTENT,1,26,99,1,"/home/yayoi/.local/share/strata-sycl/models/qwen3.8-flash-next-iq3_s/IQ3_S/Qwen3.8-Flash-Next-GSQ-RCO-IQ3_S-00001-of-00002.gguf","blk.26.ffn_up_exps.weight",29681824256,524800
EXTENT,1,26,99,2,"/home/yayoi/.local/share/strata-sycl/models/qwen3.8-flash-next-iq3_s/IQ3_S/Qwen3.8-Flash-Next-GSQ-RCO-IQ3_S-00001-of-00002.gguf","blk.26.ffn_down_exps.weight",28975658496,921600
ID,1,338,26,99,17990217197969873062
EXTENT,1,26,175,0,"/home/yayoi/.local/share/strata-sycl/models/qwen3.8-flash-next-iq3_s/IQ3_S/Qwen3.8-Flash-Next-GSQ-RCO-IQ3_S-00001-of-00002.gguf","blk.26.ffn_gate_exps.weight",29449040896,524800
EXTENT,1,26,175,1,"/home/yayoi/.local/share/strata-sycl/models/qwen3.8-flash-next-iq3_s/IQ3_S/Qwen3.8-Flash-Next-GSQ-RCO-IQ3_S-00001-of-00002.gguf","blk.26.ffn_up_exps.weight",29721709056,524800
EXTENT,1,26,175,2,"/home/yayoi/.local/share/strata-sycl/models/qwen3.8-flash-next-iq3_s/IQ3_S/Qwen3.8-Flash-Next-GSQ-RCO-IQ3_S-00001-of-00002.gguf","blk.26.ffn_down_exps.weight",29045700096,921600
ID,1,339,26,175,3383299896793545784
EXTENT,1,26,273,0,"/home/yayoi/.local/share/strata-sycl/models/qwen3.8-flash-next-iq3_s/IQ3_S/Qwen3.8-Flash-Next-GSQ-RCO-IQ3_S-00001-of-00002.gguf","blk.26.ffn_gate_exps.weight",29500471296,524800
EXTENT,1,26,273,1,"/home/yayoi/.local/share/strata-sycl/models/qwen3.8-flash-next-iq3_s/IQ3_S/Qwen3.8-Flash-Next-GSQ-RCO-IQ3_S-00001-of-00002.gguf","blk.26.ffn_up_exps.weight",29773139456,524800
EXTENT,1,26,273,2,"/home/yayoi/.local/share/strata-sycl/models/qwen3.8-flash-next-iq3_s/IQ3_S/Qwen3.8-Flash-Next-GSQ-RCO-IQ3_S-00001-of-00002.gguf","blk.26.ffn_down_exps.weight",29136016896,921600
ID,1,340,26,273,12446517626034784609
EXTENT,1,26,366,0,"/home/yayoi/.local/share/strata-sycl/models/qwen3.8-flash-next-iq3_s/IQ3_S/Qwen3.8-Flash-Next-GSQ-RCO-IQ3_S-00001-of-00002.gguf","blk.26.ffn_gate_exps.weight",29549277696,524800
EXTENT,1,26,366,1,"/home/yayoi/.local/share/strata-sycl/models/qwen3.8-flash-next-iq3_s/IQ3_S/Qwen3.8-Flash-Next-GSQ-RCO-IQ3_S-00001-of-00002.gguf","blk.26.ffn_up_exps.weight",29821945856,524800
EXTENT,1,26,366,2,"/home/yayoi/.local/share/strata-sycl/models/qwen3.8-flash-next-iq3_s/IQ3_S/Qwen3.8-Flash-Next-GSQ-RCO-IQ3_S-00001-of-00002.gguf","blk.26.ffn_down_exps.weight",29221725696,921600
ID,1,341,26,366,4822095853547673412
EXTENT,1,26,271,0,"/home/yayoi/.local/share/strata-sycl/models/qwen3.8-flash-next-iq3_s/IQ3_S/Qwen3.8-Flash-Next-GSQ-RCO-IQ3_S-00001-of-00002.gguf","blk.26.ffn_gate_exps.weight",29499421696,524800
EXTENT,1,26,271,1,"/home/yayoi/.local/share/strata-sycl/models/qwen3.8-flash-next-iq3_s/IQ3_S/Qwen3.8-Flash-Next-GSQ-RCO-IQ3_S-00001-of-00002.gguf","blk.26.ffn_up_exps.weight",29772089856,524800
EXTENT,1,26,271,2,"/home/yayoi/.local/share/strata-sycl/models/qwen3.8-flash-next-iq3_s/IQ3_S/Qwen3.8-Flash-Next-GSQ-RCO-IQ3_S-00001-of-00002.gguf","blk.26.ffn_down_exps.weight",29134173696,921600
ID,1,342,26,271,5584185623110501230
EXTENT,1,26,88,0,"/home/yayoi/.local/share/strata-sycl/models/qwen3.8-flash-next-iq3_s/IQ3_S/Qwen3.8-Flash-Next-GSQ-RCO-IQ3_S-00001-of-00002.gguf","blk.26.ffn_gate_exps.weight",29403383296,524800
EXTENT,1,26,88,1,"/home/yayoi/.local/share/strata-sycl/models/qwen3.8-flash-next-iq3_s/IQ3_S/Qwen3.8-Flash-Next-GSQ-RCO-IQ3_S-00001-of-00002.gguf","blk.26.ffn_up_exps.weight",29676051456,524800
EXTENT,1,26,88,2,"/home/yayoi/.local/share/strata-sycl/models/qwen3.8-flash-next-iq3_s/IQ3_S/Qwen3.8-Flash-Next-GSQ-RCO-IQ3_S-00001-of-00002.gguf","blk.26.ffn_down_exps.weight",28965520896,921600
ID,1,343,26,88,3256676186743936532
EXTENT,1,26,393,0,"/home/yayoi/.local/share/strata-sycl/models/qwen3.8-flash-next-iq3_s/IQ3_S/Qwen3.8-Flash-Next-GSQ-RCO-IQ3_S-00001-of-00002.gguf","blk.26.ffn_gate_exps.weight",29563447296,524800
EXTENT,1,26,393,1,"/home/yayoi/.local/share/strata-sycl/models/qwen3.8-flash-next-iq3_s/IQ3_S/Qwen3.8-Flash-Next-GSQ-RCO-IQ3_S-00001-of-00002.gguf","blk.26.ffn_up_exps.weight",29836115456,524800
EXTENT,1,26,393,2,"/home/yayoi/.local/share/strata-sycl/models/qwen3.8-flash-next-iq3_s/IQ3_S/Qwen3.8-Flash-Next-GSQ-RCO-IQ3_S-00001-of-00002.gguf","blk.26.ffn_down_exps.weight",29246608896,921600
ID,1,344,26,393,9902404228637681494
EXTENT,1,26,494,0,"/home/yayoi/.local/share/strata-sycl/models/qwen3.8-flash-next-iq3_s/IQ3_S/Qwen3.8-Flash-Next-GSQ-RCO-IQ3_S-00001-of-00002.gguf","blk.26.ffn_gate_exps.weight",29616452096,524800
EXTENT,1,26,494,1,"/home/yayoi/.local/share/strata-sycl/models/qwen3.8-flash-next-iq3_s/IQ3_S/Qwen3.8-Flash-Next-GSQ-RCO-IQ3_S-00001-of-00002.gguf","blk.26.ffn_up_exps.weight",29889120256,524800
EXTENT,1,26,494,2,"/home/yayoi/.local/share/strata-sycl/models/qwen3.8-flash-next-iq3_s/IQ3_S/Qwen3.8-Flash-Next-GSQ-RCO-IQ3_S-00001-of-00002.gguf","blk.26.ffn_down_exps.weight",29339690496,921600
ID,1,345,26,494,8711270262504383451
EXTENT,1,26,488,0,"/home/yayoi/.local/share/strata-sycl/models/qwen3.8-flash-next-iq3_s/IQ3_S/Qwen3.8-Flash-Next-GSQ-RCO-IQ3_S-00001-of-00002.gguf","blk.26.ffn_gate_exps.weight",29613303296,524800
EXTENT,1,26,488,1,"/home/yayoi/.local/share/strata-sycl/models/qwen3.8-flash-next-iq3_s/IQ3_S/Qwen3.8-Flash-Next-GSQ-RCO-IQ3_S-00001-of-00002.gguf","blk.26.ffn_up_exps.weight",29885971456,524800
EXTENT,1,26,488,2,"/home/yayoi/.local/share/strata-sycl/models/qwen3.8-flash-next-iq3_s/IQ3_S/Qwen3.8-Flash-Next-GSQ-RCO-IQ3_S-00001-of-00002.gguf","blk.26.ffn_down_exps.weight",29334160896,921600
ID,1,346,26,488,16411000295765760441
EXTENT,1,26,290,0,"/home/yayoi/.local/share/strata-sycl/models/qwen3.8-flash-next-iq3_s/IQ3_S/Qwen3.8-Flash-Next-GSQ-RCO-IQ3_S-00001-of-00002.gguf","blk.26.ffn_gate_exps.weight",29509392896,524800
EXTENT,1,26,290,1,"/home/yayoi/.local/share/strata-sycl/models/qwen3.8-flash-next-iq3_s/IQ3_S/Qwen3.8-Flash-Next-GSQ-RCO-IQ3_S-00001-of-00002.gguf","blk.26.ffn_up_exps.weight",29782061056,524800
EXTENT,1,26,290,2,"/home/yayoi/.local/share/strata-sycl/models/qwen3.8-flash-next-iq3_s/IQ3_S/Qwen3.8-Flash-Next-GSQ-RCO-IQ3_S-00001-of-00002.gguf","blk.26.ffn_down_exps.weight",29151684096,921600
ID,1,347,26,290,5819761274803034670
EXTENT,1,32,360,0,"/home/yayoi/.local/share/strata-sycl/models/qwen3.8-flash-next-iq3_s/IQ3_S/Qwen3.8-Flash-Next-GSQ-RCO-IQ3_S-00001-of-00002.gguf","blk.32.ffn_gate_exps.weight",36583138304,524800
EXTENT,1,32,360,1,"/home/yayoi/.local/share/strata-sycl/models/qwen3.8-flash-next-iq3_s/IQ3_S/Qwen3.8-Flash-Next-GSQ-RCO-IQ3_S-00001-of-00002.gguf","blk.32.ffn_up_exps.weight",36855806464,524800
EXTENT,1,32,360,2,"/home/yayoi/.local/share/strata-sycl/models/qwen3.8-flash-next-iq3_s/IQ3_S/Qwen3.8-Flash-Next-GSQ-RCO-IQ3_S-00001-of-00002.gguf","blk.32.ffn_down_exps.weight",36253205504,921600
ID,1,348,32,360,2271707100467756843
EXTENT,1,32,241,0,"/home/yayoi/.local/share/strata-sycl/models/qwen3.8-flash-next-iq3_s/IQ3_S/Qwen3.8-Flash-Next-GSQ-RCO-IQ3_S-00001-of-00002.gguf","blk.32.ffn_gate_exps.weight",36520687104,524800
EXTENT,1,32,241,1,"/home/yayoi/.local/share/strata-sycl/models/qwen3.8-flash-next-iq3_s/IQ3_S/Qwen3.8-Flash-Next-GSQ-RCO-IQ3_S-00001-of-00002.gguf","blk.32.ffn_up_exps.weight",36793355264,524800
EXTENT,1,32,241,2,"/home/yayoi/.local/share/strata-sycl/models/qwen3.8-flash-next-iq3_s/IQ3_S/Qwen3.8-Flash-Next-GSQ-RCO-IQ3_S-00001-of-00002.gguf","blk.32.ffn_down_exps.weight",36143535104,921600
ID,1,349,32,241,16127374943130674252
EXTENT,1,32,25,0,"/home/yayoi/.local/share/strata-sycl/models/qwen3.8-flash-next-iq3_s/IQ3_S/Qwen3.8-Flash-Next-GSQ-RCO-IQ3_S-00001-of-00002.gguf","blk.32.ffn_gate_exps.weight",36407330304,524800
EXTENT,1,32,25,1,"/home/yayoi/.local/share/strata-sycl/models/qwen3.8-flash-next-iq3_s/IQ3_S/Qwen3.8-Flash-Next-GSQ-RCO-IQ3_S-00001-of-00002.gguf","blk.32.ffn_up_exps.weight",36679998464,524800
EXTENT,1,32,25,2,"/home/yayoi/.local/share/strata-sycl/models/qwen3.8-flash-next-iq3_s/IQ3_S/Qwen3.8-Flash-Next-GSQ-RCO-IQ3_S-00001-of-00002.gguf","blk.32.ffn_down_exps.weight",35944469504,921600
ID,1,350,32,25,2725339059424478470
EXTENT,1,32,8,0,"/home/yayoi/.local/share/strata-sycl/models/qwen3.8-flash-next-iq3_s/IQ3_S/Qwen3.8-Flash-Next-GSQ-RCO-IQ3_S-00001-of-00002.gguf","blk.32.ffn_gate_exps.weight",36398408704,524800
EXTENT,1,32,8,1,"/home/yayoi/.local/share/strata-sycl/models/qwen3.8-flash-next-iq3_s/IQ3_S/Qwen3.8-Flash-Next-GSQ-RCO-IQ3_S-00001-of-00002.gguf","blk.32.ffn_up_exps.weight",36671076864,524800
EXTENT,1,32,8,2,"/home/yayoi/.local/share/strata-sycl/models/qwen3.8-flash-next-iq3_s/IQ3_S/Qwen3.8-Flash-Next-GSQ-RCO-IQ3_S-00001-of-00002.gguf","blk.32.ffn_down_exps.weight",35928802304,921600
ID,1,351,32,8,17180079788353015114
EXTENT,1,32,246,0,"/home/yayoi/.local/share/strata-sycl/models/qwen3.8-flash-next-iq3_s/IQ3_S/Qwen3.8-Flash-Next-GSQ-RCO-IQ3_S-00001-of-00002.gguf","blk.32.ffn_gate_exps.weight",36523311104,524800
EXTENT,1,32,246,1,"/home/yayoi/.local/share/strata-sycl/models/qwen3.8-flash-next-iq3_s/IQ3_S/Qwen3.8-Flash-Next-GSQ-RCO-IQ3_S-00001-of-00002.gguf","blk.32.ffn_up_exps.weight",36795979264,524800
EXTENT,1,32,246,2,"/home/yayoi/.local/share/strata-sycl/models/qwen3.8-flash-next-iq3_s/IQ3_S/Qwen3.8-Flash-Next-GSQ-RCO-IQ3_S-00001-of-00002.gguf","blk.32.ffn_down_exps.weight",36148143104,921600
ID,1,352,32,246,16289455723479446576
EXTENT,1,32,230,0,"/home/yayoi/.local/share/strata-sycl/models/qwen3.8-flash-next-iq3_s/IQ3_S/Qwen3.8-Flash-Next-GSQ-RCO-IQ3_S-00001-of-00002.gguf","blk.32.ffn_gate_exps.weight",36514914304,524800
EXTENT,1,32,230,1,"/home/yayoi/.local/share/strata-sycl/models/qwen3.8-flash-next-iq3_s/IQ3_S/Qwen3.8-Flash-Next-GSQ-RCO-IQ3_S-00001-of-00002.gguf","blk.32.ffn_up_exps.weight",36787582464,524800
EXTENT,1,32,230,2,"/home/yayoi/.local/share/strata-sycl/models/qwen3.8-flash-next-iq3_s/IQ3_S/Qwen3.8-Flash-Next-GSQ-RCO-IQ3_S-00001-of-00002.gguf","blk.32.ffn_down_exps.weight",36133397504,921600
ID,1,353,32,230,12876260435560251383
EXTENT,1,32,486,0,"/home/yayoi/.local/share/strata-sycl/models/qwen3.8-flash-next-iq3_s/IQ3_S/Qwen3.8-Flash-Next-GSQ-RCO-IQ3_S-00001-of-00002.gguf","blk.32.ffn_gate_exps.weight",36649263104,524800
EXTENT,1,32,486,1,"/home/yayoi/.local/share/strata-sycl/models/qwen3.8-flash-next-iq3_s/IQ3_S/Qwen3.8-Flash-Next-GSQ-RCO-IQ3_S-00001-of-00002.gguf","blk.32.ffn_up_exps.weight",36921931264,524800
EXTENT,1,32,486,2,"/home/yayoi/.local/share/strata-sycl/models/qwen3.8-flash-next-iq3_s/IQ3_S/Qwen3.8-Flash-Next-GSQ-RCO-IQ3_S-00001-of-00002.gguf","blk.32.ffn_down_exps.weight",36369327104,921600
ID,1,354,32,486,9288444930328270688
EXTENT,1,32,49,0,"/home/yayoi/.local/share/strata-sycl/models/qwen3.8-flash-next-iq3_s/IQ3_S/Qwen3.8-Flash-Next-GSQ-RCO-IQ3_S-00001-of-00002.gguf","blk.32.ffn_gate_exps.weight",36419925504,524800
EXTENT,1,32,49,1,"/home/yayoi/.local/share/strata-sycl/models/qwen3.8-flash-next-iq3_s/IQ3_S/Qwen3.8-Flash-Next-GSQ-RCO-IQ3_S-00001-of-00002.gguf","blk.32.ffn_up_exps.weight",36692593664,524800
EXTENT,1,32,49,2,"/home/yayoi/.local/share/strata-sycl/models/qwen3.8-flash-next-iq3_s/IQ3_S/Qwen3.8-Flash-Next-GSQ-RCO-IQ3_S-00001-of-00002.gguf","blk.32.ffn_down_exps.weight",35966587904,921600
ID,1,355,32,49,11894728347310072906
EXTENT,1,32,470,0,"/home/yayoi/.local/share/strata-sycl/models/qwen3.8-flash-next-iq3_s/IQ3_S/Qwen3.8-Flash-Next-GSQ-RCO-IQ3_S-00001-of-00002.gguf","blk.32.ffn_gate_exps.weight",36640866304,524800
EXTENT,1,32,470,1,"/home/yayoi/.local/share/strata-sycl/models/qwen3.8-flash-next-iq3_s/IQ3_S/Qwen3.8-Flash-Next-GSQ-RCO-IQ3_S-00001-of-00002.gguf","blk.32.ffn_up_exps.weight",36913534464,524800
EXTENT,1,32,470,2,"/home/yayoi/.local/share/strata-sycl/models/qwen3.8-flash-next-iq3_s/IQ3_S/Qwen3.8-Flash-Next-GSQ-RCO-IQ3_S-00001-of-00002.gguf","blk.32.ffn_down_exps.weight",36354581504,921600
ID,1,356,32,470,8676318277480440050
EXTENT,1,32,332,0,"/home/yayoi/.local/share/strata-sycl/models/qwen3.8-flash-next-iq3_s/IQ3_S/Qwen3.8-Flash-Next-GSQ-RCO-IQ3_S-00001-of-00002.gguf","blk.32.ffn_gate_exps.weight",36568443904,524800
EXTENT,1,32,332,1,"/home/yayoi/.local/share/strata-sycl/models/qwen3.8-flash-next-iq3_s/IQ3_S/Qwen3.8-Flash-Next-GSQ-RCO-IQ3_S-00001-of-00002.gguf","blk.32.ffn_up_exps.weight",36841112064,524800
EXTENT,1,32,332,2,"/home/yayoi/.local/share/strata-sycl/models/qwen3.8-flash-next-iq3_s/IQ3_S/Qwen3.8-Flash-Next-GSQ-RCO-IQ3_S-00001-of-00002.gguf","blk.32.ffn_down_exps.weight",36227400704,921600
ID,1,357,32,332,8911761030571968522
EXTENT,1,32,333,0,"/home/yayoi/.local/share/strata-sycl/models/qwen3.8-flash-next-iq3_s/IQ3_S/Qwen3.8-Flash-Next-GSQ-RCO-IQ3_S-00001-of-00002.gguf","blk.32.ffn_gate_exps.weight",36568968704,524800
EXTENT,1,32,333,1,"/home/yayoi/.local/share/strata-sycl/models/qwen3.8-flash-next-iq3_s/IQ3_S/Qwen3.8-Flash-Next-GSQ-RCO-IQ3_S-00001-of-00002.gguf","blk.32.ffn_up_exps.weight",36841636864,524800
EXTENT,1,32,333,2,"/home/yayoi/.local/share/strata-sycl/models/qwen3.8-flash-next-iq3_s/IQ3_S/Qwen3.8-Flash-Next-GSQ-RCO-IQ3_S-00001-of-00002.gguf","blk.32.ffn_down_exps.weight",36228322304,921600
ID,1,358,32,333,12040535225347582063
EXTENT,1,32,20,0,"/home/yayoi/.local/share/strata-sycl/models/qwen3.8-flash-next-iq3_s/IQ3_S/Qwen3.8-Flash-Next-GSQ-RCO-IQ3_S-00001-of-00002.gguf","blk.32.ffn_gate_exps.weight",36404706304,524800
EXTENT,1,32,20,1,"/home/yayoi/.local/share/strata-sycl/models/qwen3.8-flash-next-iq3_s/IQ3_S/Qwen3.8-Flash-Next-GSQ-RCO-IQ3_S-00001-of-00002.gguf","blk.32.ffn_up_exps.weight",36677374464,524800
EXTENT,1,32,20,2,"/home/yayoi/.local/share/strata-sycl/models/qwen3.8-flash-next-iq3_s/IQ3_S/Qwen3.8-Flash-Next-GSQ-RCO-IQ3_S-00001-of-00002.gguf","blk.32.ffn_down_exps.weight",35939861504,921600
ID,1,359,32,20,7612980760956672542
EXTENT,1,34,246,0,"/home/yayoi/.local/share/strata-sycl/models/qwen3.8-flash-next-iq3_s/IQ3_S/Qwen3.8-Flash-Next-GSQ-RCO-IQ3_S-00001-of-00002.gguf","blk.34.ffn_gate_exps.weight",38791076096,524800
EXTENT,1,34,246,1,"/home/yayoi/.local/share/strata-sycl/models/qwen3.8-flash-next-iq3_s/IQ3_S/Qwen3.8-Flash-Next-GSQ-RCO-IQ3_S-00001-of-00002.gguf","blk.34.ffn_up_exps.weight",39063321856,524800
EXTENT,1,34,246,2,"/home/yayoi/.local/share/strata-sycl/models/qwen3.8-flash-next-iq3_s/IQ3_S/Qwen3.8-Flash-Next-GSQ-RCO-IQ3_S-00001-of-00002.gguf","blk.34.ffn_down_exps.weight",38415908096,921600
ID,1,360,34,246,471108031177578052
EXTENT,1,34,146,0,"/home/yayoi/.local/share/strata-sycl/models/qwen3.8-flash-next-iq3_s/IQ3_S/Qwen3.8-Flash-Next-GSQ-RCO-IQ3_S-00001-of-00002.gguf","blk.34.ffn_gate_exps.weight",38738596096,524800
EXTENT,1,34,146,1,"/home/yayoi/.local/share/strata-sycl/models/qwen3.8-flash-next-iq3_s/IQ3_S/Qwen3.8-Flash-Next-GSQ-RCO-IQ3_S-00001-of-00002.gguf","blk.34.ffn_up_exps.weight",39010841856,524800
EXTENT,1,34,146,2,"/home/yayoi/.local/share/strata-sycl/models/qwen3.8-flash-next-iq3_s/IQ3_S/Qwen3.8-Flash-Next-GSQ-RCO-IQ3_S-00001-of-00002.gguf","blk.34.ffn_down_exps.weight",38323748096,921600
ID,1,361,34,146,8749792567513204327
EXTENT,1,34,37,0,"/home/yayoi/.local/share/strata-sycl/models/qwen3.8-flash-next-iq3_s/IQ3_S/Qwen3.8-Flash-Next-GSQ-RCO-IQ3_S-00001-of-00002.gguf","blk.34.ffn_gate_exps.weight",38681392896,524800
EXTENT,1,34,37,1,"/home/yayoi/.local/share/strata-sycl/models/qwen3.8-flash-next-iq3_s/IQ3_S/Qwen3.8-Flash-Next-GSQ-RCO-IQ3_S-00001-of-00002.gguf","blk.34.ffn_up_exps.weight",38953638656,524800
EXTENT,1,34,37,2,"/home/yayoi/.local/share/strata-sycl/models/qwen3.8-flash-next-iq3_s/IQ3_S/Qwen3.8-Flash-Next-GSQ-RCO-IQ3_S-00001-of-00002.gguf","blk.34.ffn_down_exps.weight",38223293696,921600
ID,1,362,34,37,1172497269013928565
EXTENT,1,34,189,0,"/home/yayoi/.local/share/strata-sycl/models/qwen3.8-flash-next-iq3_s/IQ3_S/Qwen3.8-Flash-Next-GSQ-RCO-IQ3_S-00001-of-00002.gguf","blk.34.ffn_gate_exps.weight",38761162496,524800
EXTENT,1,34,189,1,"/home/yayoi/.local/share/strata-sycl/models/qwen3.8-flash-next-iq3_s/IQ3_S/Qwen3.8-Flash-Next-GSQ-RCO-IQ3_S-00001-of-00002.gguf","blk.34.ffn_up_exps.weight",39033408256,524800
EXTENT,1,34,189,2,"/home/yayoi/.local/share/strata-sycl/models/qwen3.8-flash-next-iq3_s/IQ3_S/Qwen3.8-Flash-Next-GSQ-RCO-IQ3_S-00001-of-00002.gguf","blk.34.ffn_down_exps.weight",38363376896,921600
ID,1,363,34,189,7276913411772650724
EXTENT,1,34,25,0,"/home/yayoi/.local/share/strata-sycl/models/qwen3.8-flash-next-iq3_s/IQ3_S/Qwen3.8-Flash-Next-GSQ-RCO-IQ3_S-00001-of-00002.gguf","blk.34.ffn_gate_exps.weight",38675095296,524800
EXTENT,1,34,25,1,"/home/yayoi/.local/share/strata-sycl/models/qwen3.8-flash-next-iq3_s/IQ3_S/Qwen3.8-Flash-Next-GSQ-RCO-IQ3_S-00001-of-00002.gguf","blk.34.ffn_up_exps.weight",38947341056,524800
EXTENT,1,34,25,2,"/home/yayoi/.local/share/strata-sycl/models/qwen3.8-flash-next-iq3_s/IQ3_S/Qwen3.8-Flash-Next-GSQ-RCO-IQ3_S-00001-of-00002.gguf","blk.34.ffn_down_exps.weight",38212234496,921600
ID,1,364,34,25,12954635914819607683
EXTENT,1,34,390,0,"/home/yayoi/.local/share/strata-sycl/models/qwen3.8-flash-next-iq3_s/IQ3_S/Qwen3.8-Flash-Next-GSQ-RCO-IQ3_S-00001-of-00002.gguf","blk.34.ffn_gate_exps.weight",38866647296,524800
EXTENT,1,34,390,1,"/home/yayoi/.local/share/strata-sycl/models/qwen3.8-flash-next-iq3_s/IQ3_S/Qwen3.8-Flash-Next-GSQ-RCO-IQ3_S-00001-of-00002.gguf","blk.34.ffn_up_exps.weight",39138893056,524800
EXTENT,1,34,390,2,"/home/yayoi/.local/share/strata-sycl/models/qwen3.8-flash-next-iq3_s/IQ3_S/Qwen3.8-Flash-Next-GSQ-RCO-IQ3_S-00001-of-00002.gguf","blk.34.ffn_down_exps.weight",38548618496,921600
ID,1,365,34,390,18003724838030417395
EXTENT,1,34,285,0,"/home/yayoi/.local/share/strata-sycl/models/qwen3.8-flash-next-iq3_s/IQ3_S/Qwen3.8-Flash-Next-GSQ-RCO-IQ3_S-00001-of-00002.gguf","blk.34.ffn_gate_exps.weight",38811543296,524800
EXTENT,1,34,285,1,"/home/yayoi/.local/share/strata-sycl/models/qwen3.8-flash-next-iq3_s/IQ3_S/Qwen3.8-Flash-Next-GSQ-RCO-IQ3_S-00001-of-00002.gguf","blk.34.ffn_up_exps.weight",39083789056,524800
EXTENT,1,34,285,2,"/home/yayoi/.local/share/strata-sycl/models/qwen3.8-flash-next-iq3_s/IQ3_S/Qwen3.8-Flash-Next-GSQ-RCO-IQ3_S-00001-of-00002.gguf","blk.34.ffn_down_exps.weight",38451850496,921600
ID,1,366,34,285,16872426651673489416
EXTENT,1,34,277,0,"/home/yayoi/.local/share/strata-sycl/models/qwen3.8-flash-next-iq3_s/IQ3_S/Qwen3.8-Flash-Next-GSQ-RCO-IQ3_S-00001-of-00002.gguf","blk.34.ffn_gate_exps.weight",38807344896,524800
EXTENT,1,34,277,1,"/home/yayoi/.local/share/strata-sycl/models/qwen3.8-flash-next-iq3_s/IQ3_S/Qwen3.8-Flash-Next-GSQ-RCO-IQ3_S-00001-of-00002.gguf","blk.34.ffn_up_exps.weight",39079590656,524800
EXTENT,1,34,277,2,"/home/yayoi/.local/share/strata-sycl/models/qwen3.8-flash-next-iq3_s/IQ3_S/Qwen3.8-Flash-Next-GSQ-RCO-IQ3_S-00001-of-00002.gguf","blk.34.ffn_down_exps.weight",38444477696,921600
ID,1,367,34,277,17378205127665846296
EXTENT,1,34,468,0,"/home/yayoi/.local/share/strata-sycl/models/qwen3.8-flash-next-iq3_s/IQ3_S/Qwen3.8-Flash-Next-GSQ-RCO-IQ3_S-00001-of-00002.gguf","blk.34.ffn_gate_exps.weight",38907581696,524800
EXTENT,1,34,468,1,"/home/yayoi/.local/share/strata-sycl/models/qwen3.8-flash-next-iq3_s/IQ3_S/Qwen3.8-Flash-Next-GSQ-RCO-IQ3_S-00001-of-00002.gguf","blk.34.ffn_up_exps.weight",39179827456,524800
EXTENT,1,34,468,2,"/home/yayoi/.local/share/strata-sycl/models/qwen3.8-flash-next-iq3_s/IQ3_S/Qwen3.8-Flash-Next-GSQ-RCO-IQ3_S-00001-of-00002.gguf","blk.34.ffn_down_exps.weight",38620503296,921600
ID,1,368,34,468,484116142380759097
EXTENT,1,34,294,0,"/home/yayoi/.local/share/strata-sycl/models/qwen3.8-flash-next-iq3_s/IQ3_S/Qwen3.8-Flash-Next-GSQ-RCO-IQ3_S-00001-of-00002.gguf","blk.34.ffn_gate_exps.weight",38816266496,524800
EXTENT,1,34,294,1,"/home/yayoi/.local/share/strata-sycl/models/qwen3.8-flash-next-iq3_s/IQ3_S/Qwen3.8-Flash-Next-GSQ-RCO-IQ3_S-00001-of-00002.gguf","blk.34.ffn_up_exps.weight",39088512256,524800
EXTENT,1,34,294,2,"/home/yayoi/.local/share/strata-sycl/models/qwen3.8-flash-next-iq3_s/IQ3_S/Qwen3.8-Flash-Next-GSQ-RCO-IQ3_S-00001-of-00002.gguf","blk.34.ffn_down_exps.weight",38460144896,921600
ID,1,369,34,294,7277820206930568151
EXTENT,1,34,358,0,"/home/yayoi/.local/share/strata-sycl/models/qwen3.8-flash-next-iq3_s/IQ3_S/Qwen3.8-Flash-Next-GSQ-RCO-IQ3_S-00001-of-00002.gguf","blk.34.ffn_gate_exps.weight",38849853696,524800
EXTENT,1,34,358,1,"/home/yayoi/.local/share/strata-sycl/models/qwen3.8-flash-next-iq3_s/IQ3_S/Qwen3.8-Flash-Next-GSQ-RCO-IQ3_S-00001-of-00002.gguf","blk.34.ffn_up_exps.weight",39122099456,524800
EXTENT,1,34,358,2,"/home/yayoi/.local/share/strata-sycl/models/qwen3.8-flash-next-iq3_s/IQ3_S/Qwen3.8-Flash-Next-GSQ-RCO-IQ3_S-00001-of-00002.gguf","blk.34.ffn_down_exps.weight",38519127296,921600
ID,1,370,34,358,8039023251404748286
EXTENT,1,34,471,0,"/home/yayoi/.local/share/strata-sycl/models/qwen3.8-flash-next-iq3_s/IQ3_S/Qwen3.8-Flash-Next-GSQ-RCO-IQ3_S-00001-of-00002.gguf","blk.34.ffn_gate_exps.weight",38909156096,524800
EXTENT,1,34,471,1,"/home/yayoi/.local/share/strata-sycl/models/qwen3.8-flash-next-iq3_s/IQ3_S/Qwen3.8-Flash-Next-GSQ-RCO-IQ3_S-00001-of-00002.gguf","blk.34.ffn_up_exps.weight",39181401856,524800
EXTENT,1,34,471,2,"/home/yayoi/.local/share/strata-sycl/models/qwen3.8-flash-next-iq3_s/IQ3_S/Qwen3.8-Flash-Next-GSQ-RCO-IQ3_S-00001-of-00002.gguf","blk.34.ffn_down_exps.weight",38623268096,921600
ID,1,371,34,471,8639910432273473703
EXTENT,1,39,475,0,"/home/yayoi/.local/share/strata-sycl/models/qwen3.8-flash-next-iq3_s/IQ3_S/Qwen3.8-Flash-Next-GSQ-RCO-IQ3_S-00001-of-00002.gguf","blk.39.ffn_gate_exps.weight",44504838400,524800
EXTENT,1,39,475,1,"/home/yayoi/.local/share/strata-sycl/models/qwen3.8-flash-next-iq3_s/IQ3_S/Qwen3.8-Flash-Next-GSQ-RCO-IQ3_S-00001-of-00002.gguf","blk.39.ffn_up_exps.weight",44777084160,524800
EXTENT,1,39,475,2,"/home/yayoi/.local/share/strata-sycl/models/qwen3.8-flash-next-iq3_s/IQ3_S/Qwen3.8-Flash-Next-GSQ-RCO-IQ3_S-00001-of-00002.gguf","blk.39.ffn_down_exps.weight",44220537600,921600
ID,1,372,39,475,15410749021534384060
EXTENT,1,39,406,0,"/home/yayoi/.local/share/strata-sycl/models/qwen3.8-flash-next-iq3_s/IQ3_S/Qwen3.8-Flash-Next-GSQ-RCO-IQ3_S-00001-of-00002.gguf","blk.39.ffn_gate_exps.weight",44468627200,524800
EXTENT,1,39,406,1,"/home/yayoi/.local/share/strata-sycl/models/qwen3.8-flash-next-iq3_s/IQ3_S/Qwen3.8-Flash-Next-GSQ-RCO-IQ3_S-00001-of-00002.gguf","blk.39.ffn_up_exps.weight",44740872960,524800
EXTENT,1,39,406,2,"/home/yayoi/.local/share/strata-sycl/models/qwen3.8-flash-next-iq3_s/IQ3_S/Qwen3.8-Flash-Next-GSQ-RCO-IQ3_S-00001-of-00002.gguf","blk.39.ffn_down_exps.weight",44156947200,921600
ID,1,373,39,406,12472813931671149215
EXTENT,1,39,74,0,"/home/yayoi/.local/share/strata-sycl/models/qwen3.8-flash-next-iq3_s/IQ3_S/Qwen3.8-Flash-Next-GSQ-RCO-IQ3_S-00001-of-00002.gguf","blk.39.ffn_gate_exps.weight",44294393600,524800
EXTENT,1,39,74,1,"/home/yayoi/.local/share/strata-sycl/models/qwen3.8-flash-next-iq3_s/IQ3_S/Qwen3.8-Flash-Next-GSQ-RCO-IQ3_S-00001-of-00002.gguf","blk.39.ffn_up_exps.weight",44566639360,524800
EXTENT,1,39,74,2,"/home/yayoi/.local/share/strata-sycl/models/qwen3.8-flash-next-iq3_s/IQ3_S/Qwen3.8-Flash-Next-GSQ-RCO-IQ3_S-00001-of-00002.gguf","blk.39.ffn_down_exps.weight",43850976000,921600
ID,1,374,39,74,6064828724855797292
EXTENT,1,39,110,0,"/home/yayoi/.local/share/strata-sycl/models/qwen3.8-flash-next-iq3_s/IQ3_S/Qwen3.8-Flash-Next-GSQ-RCO-IQ3_S-00001-of-00002.gguf","blk.39.ffn_gate_exps.weight",44313286400,524800
EXTENT,1,39,110,1,"/home/yayoi/.local/share/strata-sycl/models/qwen3.8-flash-next-iq3_s/IQ3_S/Qwen3.8-Flash-Next-GSQ-RCO-IQ3_S-00001-of-00002.gguf","blk.39.ffn_up_exps.weight",44585532160,524800
EXTENT,1,39,110,2,"/home/yayoi/.local/share/strata-sycl/models/qwen3.8-flash-next-iq3_s/IQ3_S/Qwen3.8-Flash-Next-GSQ-RCO-IQ3_S-00001-of-00002.gguf","blk.39.ffn_down_exps.weight",43884153600,921600
ID,1,375,39,110,8076756277702449033
EXTENT,1,39,338,0,"/home/yayoi/.local/share/strata-sycl/models/qwen3.8-flash-next-iq3_s/IQ3_S/Qwen3.8-Flash-Next-GSQ-RCO-IQ3_S-00001-of-00002.gguf","blk.39.ffn_gate_exps.weight",44432940800,524800
EXTENT,1,39,338,1,"/home/yayoi/.local/share/strata-sycl/models/qwen3.8-flash-next-iq3_s/IQ3_S/Qwen3.8-Flash-Next-GSQ-RCO-IQ3_S-00001-of-00002.gguf","blk.39.ffn_up_exps.weight",44705186560,524800
EXTENT,1,39,338,2,"/home/yayoi/.local/share/strata-sycl/models/qwen3.8-flash-next-iq3_s/IQ3_S/Qwen3.8-Flash-Next-GSQ-RCO-IQ3_S-00001-of-00002.gguf","blk.39.ffn_down_exps.weight",44094278400,921600
ID,1,376,39,338,14864299732050253657
EXTENT,1,39,295,0,"/home/yayoi/.local/share/strata-sycl/models/qwen3.8-flash-next-iq3_s/IQ3_S/Qwen3.8-Flash-Next-GSQ-RCO-IQ3_S-00001-of-00002.gguf","blk.39.ffn_gate_exps.weight",44410374400,524800
EXTENT,1,39,295,1,"/home/yayoi/.local/share/strata-sycl/models/qwen3.8-flash-next-iq3_s/IQ3_S/Qwen3.8-Flash-Next-GSQ-RCO-IQ3_S-00001-of-00002.gguf","blk.39.ffn_up_exps.weight",44682620160,524800
EXTENT,1,39,295,2,"/home/yayoi/.local/share/strata-sycl/models/qwen3.8-flash-next-iq3_s/IQ3_S/Qwen3.8-Flash-Next-GSQ-RCO-IQ3_S-00001-of-00002.gguf","blk.39.ffn_down_exps.weight",44054649600,921600
ID,1,377,39,295,2853906372128288204
EXTENT,1,39,247,0,"/home/yayoi/.local/share/strata-sycl/models/qwen3.8-flash-next-iq3_s/IQ3_S/Qwen3.8-Flash-Next-GSQ-RCO-IQ3_S-00001-of-00002.gguf","blk.39.ffn_gate_exps.weight",44385184000,524800
EXTENT,1,39,247,1,"/home/yayoi/.local/share/strata-sycl/models/qwen3.8-flash-next-iq3_s/IQ3_S/Qwen3.8-Flash-Next-GSQ-RCO-IQ3_S-00001-of-00002.gguf","blk.39.ffn_up_exps.weight",44657429760,524800
EXTENT,1,39,247,2,"/home/yayoi/.local/share/strata-sycl/models/qwen3.8-flash-next-iq3_s/IQ3_S/Qwen3.8-Flash-Next-GSQ-RCO-IQ3_S-00001-of-00002.gguf","blk.39.ffn_down_exps.weight",44010412800,921600
ID,1,378,39,247,5789911258135981048
EXTENT,1,39,186,0,"/home/yayoi/.local/share/strata-sycl/models/qwen3.8-flash-next-iq3_s/IQ3_S/Qwen3.8-Flash-Next-GSQ-RCO-IQ3_S-00001-of-00002.gguf","blk.39.ffn_gate_exps.weight",44353171200,524800
EXTENT,1,39,186,1,"/home/yayoi/.local/share/strata-sycl/models/qwen3.8-flash-next-iq3_s/IQ3_S/Qwen3.8-Flash-Next-GSQ-RCO-IQ3_S-00001-of-00002.gguf","blk.39.ffn_up_exps.weight",44625416960,524800
EXTENT,1,39,186,2,"/home/yayoi/.local/share/strata-sycl/models/qwen3.8-flash-next-iq3_s/IQ3_S/Qwen3.8-Flash-Next-GSQ-RCO-IQ3_S-00001-of-00002.gguf","blk.39.ffn_down_exps.weight",43954195200,921600
ID,1,379,39,186,7391903708966130260
EXTENT,1,39,212,0,"/home/yayoi/.local/share/strata-sycl/models/qwen3.8-flash-next-iq3_s/IQ3_S/Qwen3.8-Flash-Next-GSQ-RCO-IQ3_S-00001-of-00002.gguf","blk.39.ffn_gate_exps.weight",44366816000,524800
EXTENT,1,39,212,1,"/home/yayoi/.local/share/strata-sycl/models/qwen3.8-flash-next-iq3_s/IQ3_S/Qwen3.8-Flash-Next-GSQ-RCO-IQ3_S-00001-of-00002.gguf","blk.39.ffn_up_exps.weight",44639061760,524800
EXTENT,1,39,212,2,"/home/yayoi/.local/share/strata-sycl/models/qwen3.8-flash-next-iq3_s/IQ3_S/Qwen3.8-Flash-Next-GSQ-RCO-IQ3_S-00001-of-00002.gguf","blk.39.ffn_down_exps.weight",43978156800,921600
ID,1,380,39,212,9457692257200903769
EXTENT,1,39,118,0,"/home/yayoi/.local/share/strata-sycl/models/qwen3.8-flash-next-iq3_s/IQ3_S/Qwen3.8-Flash-Next-GSQ-RCO-IQ3_S-00001-of-00002.gguf","blk.39.ffn_gate_exps.weight",44317484800,524800
EXTENT,1,39,118,1,"/home/yayoi/.local/share/strata-sycl/models/qwen3.8-flash-next-iq3_s/IQ3_S/Qwen3.8-Flash-Next-GSQ-RCO-IQ3_S-00001-of-00002.gguf","blk.39.ffn_up_exps.weight",44589730560,524800
EXTENT,1,39,118,2,"/home/yayoi/.local/share/strata-sycl/models/qwen3.8-flash-next-iq3_s/IQ3_S/Qwen3.8-Flash-Next-GSQ-RCO-IQ3_S-00001-of-00002.gguf","blk.39.ffn_down_exps.weight",43891526400,921600
ID,1,381,39,118,5494897382652977056
EXTENT,1,39,390,0,"/home/yayoi/.local/share/strata-sycl/models/qwen3.8-flash-next-iq3_s/IQ3_S/Qwen3.8-Flash-Next-GSQ-RCO-IQ3_S-00001-of-00002.gguf","blk.39.ffn_gate_exps.weight",44460230400,524800
EXTENT,1,39,390,1,"/home/yayoi/.local/share/strata-sycl/models/qwen3.8-flash-next-iq3_s/IQ3_S/Qwen3.8-Flash-Next-GSQ-RCO-IQ3_S-00001-of-00002.gguf","blk.39.ffn_up_exps.weight",44732476160,524800
EXTENT,1,39,390,2,"/home/yayoi/.local/share/strata-sycl/models/qwen3.8-flash-next-iq3_s/IQ3_S/Qwen3.8-Flash-Next-GSQ-RCO-IQ3_S-00001-of-00002.gguf","blk.39.ffn_down_exps.weight",44142201600,921600
ID,1,382,39,390,14883728024802759414
EXTENT,1,39,78,0,"/home/yayoi/.local/share/strata-sycl/models/qwen3.8-flash-next-iq3_s/IQ3_S/Qwen3.8-Flash-Next-GSQ-RCO-IQ3_S-00001-of-00002.gguf","blk.39.ffn_gate_exps.weight",44296492800,524800
EXTENT,1,39,78,1,"/home/yayoi/.local/share/strata-sycl/models/qwen3.8-flash-next-iq3_s/IQ3_S/Qwen3.8-Flash-Next-GSQ-RCO-IQ3_S-00001-of-00002.gguf","blk.39.ffn_up_exps.weight",44568738560,524800
EXTENT,1,39,78,2,"/home/yayoi/.local/share/strata-sycl/models/qwen3.8-flash-next-iq3_s/IQ3_S/Qwen3.8-Flash-Next-GSQ-RCO-IQ3_S-00001-of-00002.gguf","blk.39.ffn_down_exps.weight",43854662400,921600
ID,1,383,39,78,8590487618901206096
META,index_scope,actual_weights_synthetic_inputs_no_timing_no_pool_no_live_activation
META,index_mxcsr_entry,8064
META,index_mxcsr_prepared,8123
META,index_worker_mxcsr,not_observed_workers_not_started
META,index_host_cpu,0
META,index_GU_Down_NT_tasks_batch,22_20_1_0_1
META,index_owned_blob_bytes,756940800
META,index_flags,IntelLLVM_precise_Q2AVXVNNI1_IQAVXVNNI0_IQ2SGCCoff
META,index_counts_order,baseline_control_register_then_Gate_Up_finish_then_finite_Inf_NaN
INDEX_ID,0,0,2,437,640,0,1089042894244532019,9998319220224507624,640,0,0,640,0,0,640,0,0,640,0,0,640,0,0,640,0,0,640,0,0,640,0,0,640,0,0
INDEX_ID,0,1,2,139,640,0,13950537289508057024,9998319220224507624,640,0,0,640,0,0,640,0,0,640,0,0,640,0,0,640,0,0,640,0,0,640,0,0,640,0,0
INDEX_ID,0,2,2,104,640,0,7066637504123076720,9998319220224507624,640,0,0,640,0,0,640,0,0,640,0,0,640,0,0,640,0,0,640,0,0,640,0,0,640,0,0
INDEX_ID,0,3,2,83,640,0,259789737684575516,9998319220224507624,640,0,0,640,0,0,640,0,0,640,0,0,640,0,0,640,0,0,640,0,0,640,0,0,640,0,0
INDEX_ID,0,4,2,387,640,0,10676696239853507581,9998319220224507624,640,0,0,640,0,0,640,0,0,640,0,0,640,0,0,640,0,0,640,0,0,640,0,0,640,0,0
INDEX_ID,0,5,2,50,640,0,1247220266314824493,9998319220224507624,640,0,0,640,0,0,640,0,0,640,0,0,640,0,0,640,0,0,640,0,0,640,0,0,640,0,0
INDEX_ID,0,6,2,307,640,0,15425710514644580824,9998319220224507624,640,0,0,640,0,0,640,0,0,640,0,0,640,0,0,640,0,0,640,0,0,640,0,0,640,0,0
INDEX_ID,0,7,2,210,640,0,6738146691185703187,9998319220224507624,640,0,0,640,0,0,640,0,0,640,0,0,640,0,0,640,0,0,640,0,0,640,0,0,640,0,0
INDEX_ID,0,8,2,222,640,0,7358878282909789769,9998319220224507624,640,0,0,640,0,0,640,0,0,640,0,0,640,0,0,640,0,0,640,0,0,640,0,0,640,0,0
INDEX_ID,0,9,2,481,640,0,12088574262915106171,9998319220224507624,640,0,0,640,0,0,640,0,0,640,0,0,640,0,0,640,0,0,640,0,0,640,0,0,640,0,0
INDEX_ID,0,10,2,483,640,0,16502928231854967251,9998319220224507624,640,0,0,640,0,0,640,0,0,640,0,0,640,0,0,640,0,0,640,0,0,640,0,0,640,0,0
INDEX_ID,0,11,2,444,640,0,12772921010385101634,9998319220224507624,640,0,0,640,0,0,640,0,0,640,0,0,640,0,0,640,0,0,640,0,0,640,0,0,640,0,0
INDEX_ID,0,12,2,372,640,0,8975219775000976575,9998319220224507624,640,0,0,640,0,0,640,0,0,640,0,0,640,0,0,640,0,0,640,0,0,640,0,0,640,0,0
INDEX_ID,0,13,3,90,640,0,1250526810529583368,7409824270656452520,640,0,0,640,0,0,640,0,0,640,0,0,640,0,0,640,0,0,640,0,0,640,0,0,640,0,0
INDEX_ID,0,14,3,175,640,0,1729479151287108434,7409824270656452520,640,0,0,640,0,0,640,0,0,640,0,0,640,0,0,640,0,0,640,0,0,640,0,0,640,0,0
INDEX_ID,0,15,3,137,640,0,3515769994239975083,7409824270656452520,640,0,0,640,0,0,640,0,0,640,0,0,640,0,0,640,0,0,640,0,0,640,0,0,640,0,0
INDEX_ID,0,16,3,116,640,0,8026040911452564457,7409824270656452520,640,0,0,640,0,0,640,0,0,640,0,0,640,0,0,640,0,0,640,0,0,640,0,0,640,0,0
INDEX_ID,0,17,3,451,640,0,12269157808081477441,7409824270656452520,640,0,0,640,0,0,640,0,0,640,0,0,640,0,0,640,0,0,640,0,0,640,0,0,640,0,0
INDEX_ID,0,18,3,241,640,0,8538556894495538315,7409824270656452520,640,0,0,640,0,0,640,0,0,640,0,0,640,0,0,640,0,0,640,0,0,640,0,0,640,0,0
INDEX_ID,0,19,3,445,640,0,2781626811177532815,7409824270656452520,640,0,0,640,0,0,640,0,0,640,0,0,640,0,0,640,0,0,640,0,0,640,0,0,640,0,0
INDEX_ID,0,20,3,469,640,0,10847281085106705920,7409824270656452520,640,0,0,640,0,0,640,0,0,640,0,0,640,0,0,640,0,0,640,0,0,640,0,0,640,0,0
INDEX_ID,0,21,3,330,640,0,13111115805470751543,7409824270656452520,640,0,0,640,0,0,640,0,0,640,0,0,640,0,0,640,0,0,640,0,0,640,0,0,640,0,0
INDEX_ID,0,22,3,216,640,0,6261385514047064778,7409824270656452520,640,0,0,640,0,0,640,0,0,640,0,0,640,0,0,640,0,0,640,0,0,640,0,0,640,0,0
INDEX_ID,0,23,3,197,640,0,4281221520337024936,7409824270656452520,640,0,0,640,0,0,640,0,0,640,0,0,640,0,0,640,0,0,640,0,0,640,0,0,640,0,0
INDEX_ID,0,24,3,306,640,0,14263688480413360622,7409824270656452520,640,0,0,640,0,0,640,0,0,640,0,0,640,0,0,640,0,0,640,0,0,640,0,0,640,0,0
INDEX_ID,0,25,3,397,640,0,3318516250722616152,7409824270656452520,640,0,0,640,0,0,640,0,0,640,0,0,640,0,0,640,0,0,640,0,0,640,0,0,640,0,0
INDEX_ID,0,26,4,21,640,0,7322306190833824113,13709357601008864010,640,0,0,640,0,0,640,0,0,640,0,0,640,0,0,640,0,0,640,0,0,640,0,0,640,0,0
INDEX_ID,0,27,4,218,640,0,10218734787482760403,13709357601008864010,640,0,0,640,0,0,640,0,0,640,0,0,640,0,0,640,0,0,640,0,0,640,0,0,640,0,0
INDEX_ID,0,28,4,184,640,0,9925106135973840285,13709357601008864010,640,0,0,640,0,0,640,0,0,640,0,0,640,0,0,640,0,0,640,0,0,640,0,0,640,0,0
INDEX_ID,0,29,4,79,640,0,13602876357050938675,13709357601008864010,640,0,0,640,0,0,640,0,0,640,0,0,640,0,0,640,0,0,640,0,0,640,0,0,640,0,0
INDEX_ID,0,30,4,280,640,0,15297983650113917110,13709357601008864010,640,0,0,640,0,0,640,0,0,640,0,0,640,0,0,640,0,0,640,0,0,640,0,0,640,0,0
INDEX_ID,0,31,4,175,640,0,15112053940405321961,13709357601008864010,640,0,0,640,0,0,640,0,0,640,0,0,640,0,0,640,0,0,640,0,0,640,0,0,640,0,0
INDEX_ID,0,32,4,138,640,0,7531001169226374177,13709357601008864010,640,0,0,640,0,0,640,0,0,640,0,0,640,0,0,640,0,0,640,0,0,640,0,0,640,0,0
INDEX_ID,0,33,4,63,640,0,2285588190613860726,13709357601008864010,640,0,0,640,0,0,640,0,0,640,0,0,640,0,0,640,0,0,640,0,0,640,0,0,640,0,0
INDEX_ID,0,34,4,405,640,0,17139518599514901017,13709357601008864010,640,0,0,640,0,0,640,0,0,640,0,0,640,0,0,640,0,0,640,0,0,640,0,0,640,0,0
INDEX_ID,0,35,4,316,640,0,18257930515571400333,13709357601008864010,640,0,0,640,0,0,640,0,0,640,0,0,640,0,0,640,0,0,640,0,0,640,0,0,640,0,0
INDEX_ID,0,36,4,338,640,0,15866237958048008313,13709357601008864010,640,0,0,640,0,0,640,0,0,640,0,0,640,0,0,640,0,0,640,0,0,640,0,0,640,0,0
INDEX_ID,0,37,4,9,640,0,9838105353514114367,13709357601008864010,640,0,0,640,0,0,640,0,0,640,0,0,640,0,0,640,0,0,640,0,0,640,0,0,640,0,0
INDEX_ID,0,38,4,196,640,0,6052222762744022837,13709357601008864010,640,0,0,640,0,0,640,0,0,640,0,0,640,0,0,640,0,0,640,0,0,640,0,0,640,0,0
INDEX_ID,0,39,5,68,640,0,11534180383687961195,12165695162156275890,640,0,0,640,0,0,640,0,0,640,0,0,640,0,0,640,0,0,640,0,0,640,0,0,640,0,0
INDEX_ID,0,40,5,324,640,0,6987397378370064379,12165695162156275890,640,0,0,640,0,0,640,0,0,640,0,0,640,0,0,640,0,0,640,0,0,640,0,0,640,0,0
INDEX_ID,0,41,5,173,640,0,8763513153829724248,12165695162156275890,640,0,0,640,0,0,640,0,0,640,0,0,640,0,0,640,0,0,640,0,0,640,0,0,640,0,0
INDEX_ID,0,42,5,18,640,0,3846330045632036650,12165695162156275890,640,0,0,640,0,0,640,0,0,640,0,0,640,0,0,640,0,0,640,0,0,640,0,0,640,0,0
INDEX_ID,0,43,5,194,640,0,7178527840012126420,12165695162156275890,640,0,0,640,0,0,640,0,0,640,0,0,640,0,0,640,0,0,640,0,0,640,0,0,640,0,0
INDEX_ID,0,44,5,81,640,0,12014518262880808685,12165695162156275890,640,0,0,640,0,0,640,0,0,640,0,0,640,0,0,640,0,0,640,0,0,640,0,0,640,0,0
INDEX_ID,0,45,5,400,640,0,5178933658394353200,12165695162156275890,640,0,0,640,0,0,640,0,0,640,0,0,640,0,0,640,0,0,640,0,0,640,0,0,640,0,0
INDEX_ID,0,46,5,215,640,0,3728594304031854042,12165695162156275890,640,0,0,640,0,0,640,0,0,640,0,0,640,0,0,640,0,0,640,0,0,640,0,0,640,0,0
INDEX_ID,0,47,5,213,640,0,982484864274576342,12165695162156275890,640,0,0,640,0,0,640,0,0,640,0,0,640,0,0,640,0,0,640,0,0,640,0,0,640,0,0
INDEX_ID,0,48,5,382,640,0,4061971479896374782,12165695162156275890,640,0,0,640,0,0,640,0,0,640,0,0,640,0,0,640,0,0,640,0,0,640,0,0,640,0,0
INDEX_ID,0,49,5,161,640,0,280700001814656167,12165695162156275890,640,0,0,640,0,0,640,0,0,640,0,0,640,0,0,640,0,0,640,0,0,640,0,0,640,0,0
INDEX_ID,0,50,5,187,640,0,17891031326724095265,12165695162156275890,640,0,0,640,0,0,640,0,0,640,0,0,640,0,0,640,0,0,640,0,0,640,0,0,640,0,0
INDEX_ID,0,51,5,468,640,0,17945688916387655810,12165695162156275890,640,0,0,640,0,0,640,0,0,640,0,0,640,0,0,640,0,0,640,0,0,640,0,0,640,0,0
INDEX_ID,0,52,6,422,640,0,13458975588007109704,199049746152132543,640,0,0,640,0,0,640,0,0,640,0,0,640,0,0,640,0,0,640,0,0,640,0,0,640,0,0
INDEX_ID,0,53,6,48,640,0,5102598062788977552,199049746152132543,640,0,0,640,0,0,640,0,0,640,0,0,640,0,0,640,0,0,640,0,0,640,0,0,640,0,0
INDEX_ID,0,54,6,474,640,0,10608682629124493346,199049746152132543,640,0,0,640,0,0,640,0,0,640,0,0,640,0,0,640,0,0,640,0,0,640,0,0,640,0,0
INDEX_ID,0,55,6,433,640,0,10086965645488224715,199049746152132543,640,0,0,640,0,0,640,0,0,640,0,0,640,0,0,640,0,0,640,0,0,640,0,0,640,0,0
INDEX_ID,0,56,6,65,640,0,17567653401536830259,199049746152132543,640,0,0,640,0,0,640,0,0,640,0,0,640,0,0,640,0,0,640,0,0,640,0,0,640,0,0
INDEX_ID,0,57,6,142,640,0,293894948701227836,199049746152132543,640,0,0,640,0,0,640,0,0,640,0,0,640,0,0,640,0,0,640,0,0,640,0,0,640,0,0
INDEX_ID,0,58,6,99,640,0,11884241111683294261,199049746152132543,640,0,0,640,0,0,640,0,0,640,0,0,640,0,0,640,0,0,640,0,0,640,0,0,640,0,0
INDEX_ID,0,59,6,120,640,0,12440276824855329764,199049746152132543,640,0,0,640,0,0,640,0,0,640,0,0,640,0,0,640,0,0,640,0,0,640,0,0,640,0,0
INDEX_ID,0,60,6,136,640,0,9254314889885603250,199049746152132543,640,0,0,640,0,0,640,0,0,640,0,0,640,0,0,640,0,0,640,0,0,640,0,0,640,0,0
INDEX_ID,0,61,6,208,640,0,7770988842536863359,199049746152132543,640,0,0,640,0,0,640,0,0,640,0,0,640,0,0,640,0,0,640,0,0,640,0,0,640,0,0
INDEX_ID,0,62,6,288,640,0,3126349442063415525,199049746152132543,640,0,0,640,0,0,640,0,0,640,0,0,640,0,0,640,0,0,640,0,0,640,0,0,640,0,0
INDEX_ID,0,63,6,170,640,0,15068802757117330026,199049746152132543,640,0,0,640,0,0,640,0,0,640,0,0,640,0,0,640,0,0,640,0,0,640,0,0,640,0,0
INDEX_ID,0,64,6,279,640,0,5460985268249322183,199049746152132543,640,0,0,640,0,0,640,0,0,640,0,0,640,0,0,640,0,0,640,0,0,640,0,0,640,0,0
INDEX_ID,0,65,9,243,640,0,4555967647318067413,12000031759277121767,640,0,0,640,0,0,640,0,0,640,0,0,640,0,0,640,0,0,640,0,0,640,0,0,640,0,0
INDEX_ID,0,66,9,231,640,0,13334077675495729030,12000031759277121767,640,0,0,640,0,0,640,0,0,640,0,0,640,0,0,640,0,0,640,0,0,640,0,0,640,0,0
INDEX_ID,0,67,9,503,640,0,8614803921913063721,12000031759277121767,640,0,0,640,0,0,640,0,0,640,0,0,640,0,0,640,0,0,640,0,0,640,0,0,640,0,0
INDEX_ID,0,68,9,78,640,0,9449216565138454764,12000031759277121767,640,0,0,640,0,0,640,0,0,640,0,0,640,0,0,640,0,0,640,0,0,640,0,0,640,0,0
INDEX_ID,0,69,9,58,640,0,7925918279682918114,12000031759277121767,640,0,0,640,0,0,640,0,0,640,0,0,640,0,0,640,0,0,640,0,0,640,0,0,640,0,0
INDEX_ID,0,70,9,418,640,0,6108509471365306901,12000031759277121767,640,0,0,640,0,0,640,0,0,640,0,0,640,0,0,640,0,0,640,0,0,640,0,0,640,0,0
INDEX_ID,0,71,9,270,640,0,1230805040468958947,12000031759277121767,640,0,0,640,0,0,640,0,0,640,0,0,640,0,0,640,0,0,640,0,0,640,0,0,640,0,0
INDEX_ID,0,72,9,122,640,0,16526075223004767495,12000031759277121767,640,0,0,640,0,0,640,0,0,640,0,0,640,0,0,640,0,0,640,0,0,640,0,0,640,0,0
INDEX_ID,0,73,9,53,640,0,6877159345752757961,12000031759277121767,640,0,0,640,0,0,640,0,0,640,0,0,640,0,0,640,0,0,640,0,0,640,0,0,640,0,0
INDEX_ID,0,74,9,263,640,0,1506950547794495582,12000031759277121767,640,0,0,640,0,0,640,0,0,640,0,0,640,0,0,640,0,0,640,0,0,640,0,0,640,0,0
INDEX_ID,0,75,9,267,640,0,10873769147006436273,12000031759277121767,640,0,0,640,0,0,640,0,0,640,0,0,640,0,0,640,0,0,640,0,0,640,0,0,640,0,0
INDEX_ID,0,76,9,491,640,0,16017921497789593457,12000031759277121767,640,0,0,640,0,0,640,0,0,640,0,0,640,0,0,640,0,0,640,0,0,640,0,0,640,0,0
INDEX_ID,0,77,9,211,640,0,14588376785684669092,12000031759277121767,640,0,0,640,0,0,640,0,0,640,0,0,640,0,0,640,0,0,640,0,0,640,0,0,640,0,0
INDEX_ID,0,78,11,120,640,0,5286377202939134588,13632951148989301819,640,0,0,640,0,0,640,0,0,640,0,0,640,0,0,640,0,0,640,0,0,640,0,0,640,0,0
INDEX_ID,0,79,11,247,640,0,12268701414189885803,13632951148989301819,640,0,0,640,0,0,640,0,0,640,0,0,640,0,0,640,0,0,640,0,0,640,0,0,640,0,0
INDEX_ID,0,80,11,110,640,0,9368435537173257350,13632951148989301819,640,0,0,640,0,0,640,0,0,640,0,0,640,0,0,640,0,0,640,0,0,640,0,0,640,0,0
INDEX_ID,0,81,11,74,640,0,2666105496597504562,13632951148989301819,640,0,0,640,0,0,640,0,0,640,0,0,640,0,0,640,0,0,640,0,0,640,0,0,640,0,0
INDEX_ID,0,82,11,172,640,0,10074815821881808,13632951148989301819,640,0,0,640,0,0,640,0,0,640,0,0,640,0,0,640,0,0,640,0,0,640,0,0,640,0,0
INDEX_ID,0,83,11,336,640,0,12522896097495713969,13632951148989301819,640,0,0,640,0,0,640,0,0,640,0,0,640,0,0,640,0,0,640,0,0,640,0,0,640,0,0
INDEX_ID,0,84,11,407,640,0,5234684680852226747,13632951148989301819,640,0,0,640,0,0,640,0,0,640,0,0,640,0,0,640,0,0,640,0,0,640,0,0,640,0,0
INDEX_ID,0,85,11,367,640,0,1262068216020620325,13632951148989301819,640,0,0,640,0,0,640,0,0,640,0,0,640,0,0,640,0,0,640,0,0,640,0,0,640,0,0
INDEX_ID,0,86,11,395,640,0,3279365962199732955,13632951148989301819,640,0,0,640,0,0,640,0,0,640,0,0,640,0,0,640,0,0,640,0,0,640,0,0,640,0,0
INDEX_ID,0,87,11,85,640,0,6015322955776621974,13632951148989301819,640,0,0,640,0,0,640,0,0,640,0,0,640,0,0,640,0,0,640,0,0,640,0,0,640,0,0
INDEX_ID,0,88,11,9,640,0,4082202366195684705,13632951148989301819,640,0,0,640,0,0,640,0,0,640,0,0,640,0,0,640,0,0,640,0,0,640,0,0,640,0,0
INDEX_ID,0,89,11,234,640,0,9738409519540540282,13632951148989301819,640,0,0,640,0,0,640,0,0,640,0,0,640,0,0,640,0,0,640,0,0,640,0,0,640,0,0
INDEX_ID,0,90,11,84,640,0,18348895062911768335,13632951148989301819,640,0,0,640,0,0,640,0,0,640,0,0,640,0,0,640,0,0,640,0,0,640,0,0,640,0,0
INDEX_ID,0,91,15,27,640,0,16493363576406654527,11368814126305167667,640,0,0,640,0,0,640,0,0,640,0,0,640,0,0,640,0,0,640,0,0,640,0,0,640,0,0
INDEX_ID,0,92,15,316,640,0,6592218536512629352,11368814126305167667,640,0,0,640,0,0,640,0,0,640,0,0,640,0,0,640,0,0,640,0,0,640,0,0,640,0,0
INDEX_ID,0,93,15,272,640,0,2750751622436930082,11368814126305167667,640,0,0,640,0,0,640,0,0,640,0,0,640,0,0,640,0,0,640,0,0,640,0,0,640,0,0
INDEX_ID,0,94,15,189,640,0,2450081280770857759,11368814126305167667,640,0,0,640,0,0,640,0,0,640,0,0,640,0,0,640,0,0,640,0,0,640,0,0,640,0,0
INDEX_ID,0,95,15,60,640,0,10743512716003628042,11368814126305167667,640,0,0,640,0,0,640,0,0,640,0,0,640,0,0,640,0,0,640,0,0,640,0,0,640,0,0
INDEX_ID,0,96,15,503,640,0,17053808169516628431,11368814126305167667,640,0,0,640,0,0,640,0,0,640,0,0,640,0,0,640,0,0,640,0,0,640,0,0,640,0,0
INDEX_ID,0,97,15,209,640,0,18340846138181394515,11368814126305167667,640,0,0,640,0,0,640,0,0,640,0,0,640,0,0,640,0,0,640,0,0,640,0,0,640,0,0
INDEX_ID,0,98,15,102,640,0,6293441554093352325,11368814126305167667,640,0,0,640,0,0,640,0,0,640,0,0,640,0,0,640,0,0,640,0,0,640,0,0,640,0,0
INDEX_ID,0,99,15,37,640,0,13437791328151095915,11368814126305167667,640,0,0,640,0,0,640,0,0,640,0,0,640,0,0,640,0,0,640,0,0,640,0,0,640,0,0
INDEX_ID,0,100,15,495,640,0,4914358632254209045,11368814126305167667,640,0,0,640,0,0,640,0,0,640,0,0,640,0,0,640,0,0,640,0,0,640,0,0,640,0,0
INDEX_ID,0,101,15,61,640,0,3447599120412831168,11368814126305167667,640,0,0,640,0,0,640,0,0,640,0,0,640,0,0,640,0,0,640,0,0,640,0,0,640,0,0
INDEX_ID,0,102,15,476,640,0,13151472077287284181,11368814126305167667,640,0,0,640,0,0,640,0,0,640,0,0,640,0,0,640,0,0,640,0,0,640,0,0,640,0,0
INDEX_ID,0,103,15,138,640,0,11837888175949867036,11368814126305167667,640,0,0,640,0,0,640,0,0,640,0,0,640,0,0,640,0,0,640,0,0,640,0,0,640,0,0
INDEX_ID,0,104,19,365,640,0,8865791547005466869,14044718536455411226,640,0,0,640,0,0,640,0,0,640,0,0,640,0,0,640,0,0,640,0,0,640,0,0,640,0,0
INDEX_ID,0,105,19,348,640,0,4790171888919402107,14044718536455411226,640,0,0,640,0,0,640,0,0,640,0,0,640,0,0,640,0,0,640,0,0,640,0,0,640,0,0
INDEX_ID,0,106,19,479,640,0,7091783762708949731,14044718536455411226,640,0,0,640,0,0,640,0,0,640,0,0,640,0,0,640,0,0,640,0,0,640,0,0,640,0,0
INDEX_ID,0,107,19,281,640,0,2182540688623556560,14044718536455411226,640,0,0,640,0,0,640,0,0,640,0,0,640,0,0,640,0,0,640,0,0,640,0,0,640,0,0
INDEX_ID,0,108,19,142,640,0,14575273642099856456,14044718536455411226,640,0,0,640,0,0,640,0,0,640,0,0,640,0,0,640,0,0,640,0,0,640,0,0,640,0,0
INDEX_ID,0,109,19,388,640,0,2052391084278993853,14044718536455411226,640,0,0,640,0,0,640,0,0,640,0,0,640,0,0,640,0,0,640,0,0,640,0,0,640,0,0
INDEX_ID,0,110,19,66,640,0,15068467446385192005,14044718536455411226,640,0,0,640,0,0,640,0,0,640,0,0,640,0,0,640,0,0,640,0,0,640,0,0,640,0,0
INDEX_ID,0,111,19,106,640,0,6927856934293647109,14044718536455411226,640,0,0,640,0,0,640,0,0,640,0,0,640,0,0,640,0,0,640,0,0,640,0,0,640,0,0
INDEX_ID,0,112,19,408,640,0,10002810882553154392,14044718536455411226,640,0,0,640,0,0,640,0,0,640,0,0,640,0,0,640,0,0,640,0,0,640,0,0,640,0,0
INDEX_ID,0,113,19,245,640,0,2514585055072940787,14044718536455411226,640,0,0,640,0,0,640,0,0,640,0,0,640,0,0,640,0,0,640,0,0,640,0,0,640,0,0
INDEX_ID,0,114,19,259,640,0,9781109200029759989,14044718536455411226,640,0,0,640,0,0,640,0,0,640,0,0,640,0,0,640,0,0,640,0,0,640,0,0,640,0,0
INDEX_ID,0,115,19,421,640,0,13470585202798691900,14044718536455411226,640,0,0,640,0,0,640,0,0,640,0,0,640,0,0,640,0,0,640,0,0,640,0,0,640,0,0
INDEX_ID,0,116,19,46,640,0,13366396726373842764,14044718536455411226,640,0,0,640,0,0,640,0,0,640,0,0,640,0,0,640,0,0,640,0,0,640,0,0,640,0,0
INDEX_ID,0,117,23,101,640,0,15110277493965059995,8431128090105167121,640,0,0,640,0,0,640,0,0,640,0,0,640,0,0,640,0,0,640,0,0,640,0,0,640,0,0
INDEX_ID,0,118,23,24,640,0,14148843592267893882,8431128090105167121,640,0,0,640,0,0,640,0,0,640,0,0,640,0,0,640,0,0,640,0,0,640,0,0,640,0,0
INDEX_ID,0,119,23,224,640,0,13095662748944824153,8431128090105167121,640,0,0,640,0,0,640,0,0,640,0,0,640,0,0,640,0,0,640,0,0,640,0,0,640,0,0
INDEX_ID,0,120,23,477,640,0,14835910516602279388,8431128090105167121,640,0,0,640,0,0,640,0,0,640,0,0,640,0,0,640,0,0,640,0,0,640,0,0,640,0,0
INDEX_ID,0,121,23,91,640,0,5529369046811105591,8431128090105167121,640,0,0,640,0,0,640,0,0,640,0,0,640,0,0,640,0,0,640,0,0,640,0,0,640,0,0
INDEX_ID,0,122,23,92,640,0,15320300882293808542,8431128090105167121,640,0,0,640,0,0,640,0,0,640,0,0,640,0,0,640,0,0,640,0,0,640,0,0,640,0,0
INDEX_ID,0,123,23,31,640,0,11207096018438367103,8431128090105167121,640,0,0,640,0,0,640,0,0,640,0,0,640,0,0,640,0,0,640,0,0,640,0,0,640,0,0
INDEX_ID,0,124,23,163,640,0,4369652398439567232,8431128090105167121,640,0,0,640,0,0,640,0,0,640,0,0,640,0,0,640,0,0,640,0,0,640,0,0,640,0,0
INDEX_ID,0,125,23,337,640,0,10430511276815273489,8431128090105167121,640,0,0,640,0,0,640,0,0,640,0,0,640,0,0,640,0,0,640,0,0,640,0,0,640,0,0
INDEX_ID,0,126,23,487,640,0,7860271897256299644,8431128090105167121,640,0,0,640,0,0,640,0,0,640,0,0,640,0,0,640,0,0,640,0,0,640,0,0,640,0,0
INDEX_ID,0,127,23,121,640,0,4259646986497252054,8431128090105167121,640,0,0,640,0,0,640,0,0,640,0,0,640,0,0,640,0,0,640,0,0,640,0,0,640,0,0
INDEX_ID,0,128,23,453,640,0,5186140548307021623,8431128090105167121,640,0,0,640,0,0,640,0,0,640,0,0,640,0,0,640,0,0,640,0,0,640,0,0,640,0,0
INDEX_ID,0,129,23,190,640,0,16135392110645528442,8431128090105167121,640,0,0,640,0,0,640,0,0,640,0,0,640,0,0,640,0,0,640,0,0,640,0,0,640,0,0
INDEX_ID,0,130,24,220,640,0,4672030172401144516,1082031835109878896,640,0,0,640,0,0,640,0,0,640,0,0,640,0,0,640,0,0,640,0,0,640,0,0,640,0,0
INDEX_ID,0,131,24,131,640,0,10638966878253421449,1082031835109878896,640,0,0,640,0,0,640,0,0,640,0,0,640,0,0,640,0,0,640,0,0,640,0,0,640,0,0
INDEX_ID,0,132,24,62,640,0,47281228607670922,1082031835109878896,640,0,0,640,0,0,640,0,0,640,0,0,640,0,0,640,0,0,640,0,0,640,0,0,640,0,0
INDEX_ID,0,133,24,2,640,0,10117826285620982550,1082031835109878896,640,0,0,640,0,0,640,0,0,640,0,0,640,0,0,640,0,0,640,0,0,640,0,0,640,0,0
INDEX_ID,0,134,24,280,640,0,8175418902168156205,1082031835109878896,640,0,0,640,0,0,640,0,0,640,0,0,640,0,0,640,0,0,640,0,0,640,0,0,640,0,0
INDEX_ID,0,135,24,82,640,0,15967496659963776702,1082031835109878896,640,0,0,640,0,0,640,0,0,640,0,0,640,0,0,640,0,0,640,0,0,640,0,0,640,0,0
INDEX_ID,0,136,24,322,640,0,12827259820336716755,1082031835109878896,640,0,0,640,0,0,640,0,0,640,0,0,640,0,0,640,0,0,640,0,0,640,0,0,640,0,0
INDEX_ID,0,137,24,342,640,0,11082194191453118960,1082031835109878896,640,0,0,640,0,0,640,0,0,640,0,0,640,0,0,640,0,0,640,0,0,640,0,0,640,0,0
INDEX_ID,0,138,24,86,640,0,3760579361921572191,1082031835109878896,640,0,0,640,0,0,640,0,0,640,0,0,640,0,0,640,0,0,640,0,0,640,0,0,640,0,0
INDEX_ID,0,139,24,386,640,0,15717358983100789752,1082031835109878896,640,0,0,640,0,0,640,0,0,640,0,0,640,0,0,640,0,0,640,0,0,640,0,0,640,0,0
INDEX_ID,0,140,24,57,640,0,5601867642790364654,1082031835109878896,640,0,0,640,0,0,640,0,0,640,0,0,640,0,0,640,0,0,640,0,0,640,0,0,640,0,0
INDEX_ID,0,141,24,32,640,0,13902627075948125982,1082031835109878896,640,0,0,640,0,0,640,0,0,640,0,0,640,0,0,640,0,0,640,0,0,640,0,0,640,0,0
INDEX_ID,0,142,24,115,640,0,9131346348246943415,1082031835109878896,640,0,0,640,0,0,640,0,0,640,0,0,640,0,0,640,0,0,640,0,0,640,0,0,640,0,0
INDEX_ID,0,143,26,319,640,0,14259674423539333414,7372685919381071587,640,0,0,640,0,0,640,0,0,640,0,0,640,0,0,640,0,0,640,0,0,640,0,0,640,0,0
INDEX_ID,0,144,26,14,640,0,16513975804688533674,7372685919381071587,640,0,0,640,0,0,640,0,0,640,0,0,640,0,0,640,0,0,640,0,0,640,0,0,640,0,0
INDEX_ID,0,145,26,112,640,0,1069243236272986058,7372685919381071587,640,0,0,640,0,0,640,0,0,640,0,0,640,0,0,640,0,0,640,0,0,640,0,0,640,0,0
INDEX_ID,0,146,26,378,640,0,7373170312932717186,7372685919381071587,640,0,0,640,0,0,640,0,0,640,0,0,640,0,0,640,0,0,640,0,0,640,0,0,640,0,0
INDEX_ID,0,147,26,217,640,0,5719865747220979723,7372685919381071587,640,0,0,640,0,0,640,0,0,640,0,0,640,0,0,640,0,0,640,0,0,640,0,0,640,0,0
INDEX_ID,0,148,26,427,640,0,10609625576692590042,7372685919381071587,640,0,0,640,0,0,640,0,0,640,0,0,640,0,0,640,0,0,640,0,0,640,0,0,640,0,0
INDEX_ID,0,149,26,226,640,0,14501823523276097874,7372685919381071587,640,0,0,640,0,0,640,0,0,640,0,0,640,0,0,640,0,0,640,0,0,640,0,0,640,0,0
INDEX_ID,0,150,26,487,640,0,787490002059579817,7372685919381071587,640,0,0,640,0,0,640,0,0,640,0,0,640,0,0,640,0,0,640,0,0,640,0,0,640,0,0
INDEX_ID,0,151,26,289,640,0,2371625563142609997,7372685919381071587,640,0,0,640,0,0,640,0,0,640,0,0,640,0,0,640,0,0,640,0,0,640,0,0,640,0,0
INDEX_ID,0,152,26,473,640,0,14900167761909681094,7372685919381071587,640,0,0,640,0,0,640,0,0,640,0,0,640,0,0,640,0,0,640,0,0,640,0,0,640,0,0
INDEX_ID,0,153,26,301,640,0,13488155349046507591,7372685919381071587,640,0,0,640,0,0,640,0,0,640,0,0,640,0,0,640,0,0,640,0,0,640,0,0,640,0,0
INDEX_ID,0,154,26,424,640,0,12282348783055115464,7372685919381071587,640,0,0,640,0,0,640,0,0,640,0,0,640,0,0,640,0,0,640,0,0,640,0,0,640,0,0
INDEX_ID,0,155,26,48,640,0,5456469881806367783,7372685919381071587,640,0,0,640,0,0,640,0,0,640,0,0,640,0,0,640,0,0,640,0,0,640,0,0,640,0,0
INDEX_ID,0,156,32,106,640,0,6125564856562479618,13366400912829093232,640,0,0,640,0,0,640,0,0,640,0,0,640,0,0,640,0,0,640,0,0,640,0,0,640,0,0
INDEX_ID,0,157,32,351,640,0,10367055219608287010,13366400912829093232,640,0,0,640,0,0,640,0,0,640,0,0,640,0,0,640,0,0,640,0,0,640,0,0,640,0,0
INDEX_ID,0,158,32,48,640,0,1919310019476055287,13366400912829093232,640,0,0,640,0,0,640,0,0,640,0,0,640,0,0,640,0,0,640,0,0,640,0,0,640,0,0
INDEX_ID,0,159,32,131,640,0,3777039385647197547,13366400912829093232,640,0,0,640,0,0,640,0,0,640,0,0,640,0,0,640,0,0,640,0,0,640,0,0,640,0,0
INDEX_ID,0,160,32,261,640,0,14552544174947557220,13366400912829093232,640,0,0,640,0,0,640,0,0,640,0,0,640,0,0,640,0,0,640,0,0,640,0,0,640,0,0
INDEX_ID,0,161,32,187,640,0,3498105559167541754,13366400912829093232,640,0,0,640,0,0,640,0,0,640,0,0,640,0,0,640,0,0,640,0,0,640,0,0,640,0,0
INDEX_ID,0,162,32,173,640,0,8381482807718772399,13366400912829093232,640,0,0,640,0,0,640,0,0,640,0,0,640,0,0,640,0,0,640,0,0,640,0,0,640,0,0
INDEX_ID,0,163,32,511,640,0,18439386410833282061,13366400912829093232,640,0,0,640,0,0,640,0,0,640,0,0,640,0,0,640,0,0,640,0,0,640,0,0,640,0,0
INDEX_ID,0,164,32,109,640,0,15272887237488466972,13366400912829093232,640,0,0,640,0,0,640,0,0,640,0,0,640,0,0,640,0,0,640,0,0,640,0,0,640,0,0
INDEX_ID,0,165,32,429,640,0,15829129675582777701,13366400912829093232,640,0,0,640,0,0,640,0,0,640,0,0,640,0,0,640,0,0,640,0,0,640,0,0,640,0,0
INDEX_ID,0,166,32,23,640,0,13451251411637707834,13366400912829093232,640,0,0,640,0,0,640,0,0,640,0,0,640,0,0,640,0,0,640,0,0,640,0,0,640,0,0
INDEX_ID,0,167,32,120,640,0,10263354121955375121,13366400912829093232,640,0,0,640,0,0,640,0,0,640,0,0,640,0,0,640,0,0,640,0,0,640,0,0,640,0,0
INDEX_ID,0,168,34,126,640,0,12333829550680037677,18382280203142070326,640,0,0,640,0,0,640,0,0,640,0,0,640,0,0,640,0,0,640,0,0,640,0,0,640,0,0
INDEX_ID,0,169,34,17,640,0,17012698725971005539,18382280203142070326,640,0,0,640,0,0,640,0,0,640,0,0,640,0,0,640,0,0,640,0,0,640,0,0,640,0,0
INDEX_ID,0,170,34,144,640,0,17578011017245927362,18382280203142070326,640,0,0,640,0,0,640,0,0,640,0,0,640,0,0,640,0,0,640,0,0,640,0,0,640,0,0
INDEX_ID,0,171,34,395,640,0,14896025715184673926,18382280203142070326,640,0,0,640,0,0,640,0,0,640,0,0,640,0,0,640,0,0,640,0,0,640,0,0,640,0,0
INDEX_ID,0,172,34,299,640,0,11435047122726086654,18382280203142070326,640,0,0,640,0,0,640,0,0,640,0,0,640,0,0,640,0,0,640,0,0,640,0,0,640,0,0
INDEX_ID,0,173,34,283,640,0,9494292864035626130,18382280203142070326,640,0,0,640,0,0,640,0,0,640,0,0,640,0,0,640,0,0,640,0,0,640,0,0,640,0,0
INDEX_ID,0,174,34,198,640,0,12568252025907893336,18382280203142070326,640,0,0,640,0,0,640,0,0,640,0,0,640,0,0,640,0,0,640,0,0,640,0,0,640,0,0
INDEX_ID,0,175,34,261,640,0,4542495548527558000,18382280203142070326,640,0,0,640,0,0,640,0,0,640,0,0,640,0,0,640,0,0,640,0,0,640,0,0,640,0,0
INDEX_ID,0,176,34,442,640,0,12402391553264603475,18382280203142070326,640,0,0,640,0,0,640,0,0,640,0,0,640,0,0,640,0,0,640,0,0,640,0,0,640,0,0
INDEX_ID,0,177,34,486,640,0,15066636760508048191,18382280203142070326,640,0,0,640,0,0,640,0,0,640,0,0,640,0,0,640,0,0,640,0,0,640,0,0,640,0,0
INDEX_ID,0,178,34,435,640,0,1133604628015546392,18382280203142070326,640,0,0,640,0,0,640,0,0,640,0,0,640,0,0,640,0,0,640,0,0,640,0,0,640,0,0
INDEX_ID,0,179,34,207,640,0,16932135420083412701,18382280203142070326,640,0,0,640,0,0,640,0,0,640,0,0,640,0,0,640,0,0,640,0,0,640,0,0,640,0,0
INDEX_ID,0,180,39,233,640,0,16609156706578560269,5506078733368697669,640,0,0,640,0,0,640,0,0,640,0,0,640,0,0,640,0,0,640,0,0,640,0,0,640,0,0
INDEX_ID,0,181,39,416,640,0,14639088652803119842,5506078733368697669,640,0,0,640,0,0,640,0,0,640,0,0,640,0,0,640,0,0,640,0,0,640,0,0,640,0,0
INDEX_ID,0,182,39,187,640,0,14803875489291828308,5506078733368697669,640,0,0,640,0,0,640,0,0,640,0,0,640,0,0,640,0,0,640,0,0,640,0,0,640,0,0
INDEX_ID,0,183,39,327,640,0,438188718914201845,5506078733368697669,640,0,0,640,0,0,640,0,0,640,0,0,640,0,0,640,0,0,640,0,0,640,0,0,640,0,0
INDEX_ID,0,184,39,507,640,0,2940060222129311485,5506078733368697669,640,0,0,640,0,0,640,0,0,640,0,0,640,0,0,640,0,0,640,0,0,640,0,0,640,0,0
INDEX_ID,0,185,39,482,640,0,5085962653429509724,5506078733368697669,640,0,0,640,0,0,640,0,0,640,0,0,640,0,0,640,0,0,640,0,0,640,0,0,640,0,0
INDEX_ID,0,186,39,103,640,0,16737934421353035411,5506078733368697669,640,0,0,640,0,0,640,0,0,640,0,0,640,0,0,640,0,0,640,0,0,640,0,0,640,0,0
INDEX_ID,0,187,39,398,640,0,1730290490002761668,5506078733368697669,640,0,0,640,0,0,640,0,0,640,0,0,640,0,0,640,0,0,640,0,0,640,0,0,640,0,0
INDEX_ID,0,188,39,454,640,0,4830089864357097847,5506078733368697669,640,0,0,640,0,0,640,0,0,640,0,0,640,0,0,640,0,0,640,0,0,640,0,0,640,0,0
INDEX_ID,0,189,39,155,640,0,9543148995103222730,5506078733368697669,640,0,0,640,0,0,640,0,0,640,0,0,640,0,0,640,0,0,640,0,0,640,0,0,640,0,0
INDEX_ID,0,190,39,95,640,0,16092583415654527016,5506078733368697669,640,0,0,640,0,0,640,0,0,640,0,0,640,0,0,640,0,0,640,0,0,640,0,0,640,0,0
INDEX_ID,0,191,39,107,640,0,4148106744862048667,5506078733368697669,640,0,0,640,0,0,640,0,0,640,0,0,640,0,0,640,0,0,640,0,0,640,0,0,640,0,0
INDEX_ID,1,192,2,402,640,0,11284555334065615370,9998319220224507624,640,0,0,640,0,0,640,0,0,640,0,0,640,0,0,640,0,0,640,0,0,640,0,0,640,0,0
INDEX_ID,1,193,2,110,640,0,3844245101314573274,9998319220224507624,640,0,0,640,0,0,640,0,0,640,0,0,640,0,0,640,0,0,640,0,0,640,0,0,640,0,0
INDEX_ID,1,194,2,245,640,0,15834291679726276331,9998319220224507624,640,0,0,640,0,0,640,0,0,640,0,0,640,0,0,640,0,0,640,0,0,640,0,0,640,0,0
INDEX_ID,1,195,2,431,640,0,10205017854641550004,9998319220224507624,640,0,0,640,0,0,640,0,0,640,0,0,640,0,0,640,0,0,640,0,0,640,0,0,640,0,0
INDEX_ID,1,196,2,2,640,0,17316601884537199759,9998319220224507624,640,0,0,640,0,0,640,0,0,640,0,0,640,0,0,640,0,0,640,0,0,640,0,0,640,0,0
INDEX_ID,1,197,2,160,640,0,1158890437234830634,9998319220224507624,640,0,0,640,0,0,640,0,0,640,0,0,640,0,0,640,0,0,640,0,0,640,0,0,640,0,0
INDEX_ID,1,198,2,412,640,0,9968144343246028762,9998319220224507624,640,0,0,640,0,0,640,0,0,640,0,0,640,0,0,640,0,0,640,0,0,640,0,0,640,0,0
INDEX_ID,1,199,2,258,640,0,4563215804648229264,9998319220224507624,640,0,0,640,0,0,640,0,0,640,0,0,640,0,0,640,0,0,640,0,0,640,0,0,640,0,0
INDEX_ID,1,200,2,502,640,0,8870302919490208606,9998319220224507624,640,0,0,640,0,0,640,0,0,640,0,0,640,0,0,640,0,0,640,0,0,640,0,0,640,0,0
INDEX_ID,1,201,2,317,640,0,1740321625599834819,9998319220224507624,640,0,0,640,0,0,640,0,0,640,0,0,640,0,0,640,0,0,640,0,0,640,0,0,640,0,0
INDEX_ID,1,202,2,249,640,0,6780368579511240488,9998319220224507624,640,0,0,640,0,0,640,0,0,640,0,0,640,0,0,640,0,0,640,0,0,640,0,0,640,0,0
INDEX_ID,1,203,2,339,640,0,1333734401199306462,9998319220224507624,640,0,0,640,0,0,640,0,0,640,0,0,640,0,0,640,0,0,640,0,0,640,0,0,640,0,0
INDEX_ID,1,204,2,463,640,0,15161290140735158983,9998319220224507624,640,0,0,640,0,0,640,0,0,640,0,0,640,0,0,640,0,0,640,0,0,640,0,0,640,0,0
INDEX_ID,1,205,3,366,640,0,6521818909040421359,7409824270656452520,640,0,0,640,0,0,640,0,0,640,0,0,640,0,0,640,0,0,640,0,0,640,0,0,640,0,0
INDEX_ID,1,206,3,247,640,0,15145905478527037645,7409824270656452520,640,0,0,640,0,0,640,0,0,640,0,0,640,0,0,640,0,0,640,0,0,640,0,0,640,0,0
INDEX_ID,1,207,3,66,640,0,3548076653417456652,7409824270656452520,640,0,0,640,0,0,640,0,0,640,0,0,640,0,0,640,0,0,640,0,0,640,0,0,640,0,0
INDEX_ID,1,208,3,411,640,0,294023146076812381,7409824270656452520,640,0,0,640,0,0,640,0,0,640,0,0,640,0,0,640,0,0,640,0,0,640,0,0,640,0,0
INDEX_ID,1,209,3,442,640,0,14849488110732060250,7409824270656452520,640,0,0,640,0,0,640,0,0,640,0,0,640,0,0,640,0,0,640,0,0,640,0,0,640,0,0
INDEX_ID,1,210,3,217,640,0,11747411386502328946,7409824270656452520,640,0,0,640,0,0,640,0,0,640,0,0,640,0,0,640,0,0,640,0,0,640,0,0,640,0,0
INDEX_ID,1,211,3,489,640,0,3817443712913658632,7409824270656452520,640,0,0,640,0,0,640,0,0,640,0,0,640,0,0,640,0,0,640,0,0,640,0,0,640,0,0
INDEX_ID,1,212,3,212,640,0,9163930886503159512,7409824270656452520,640,0,0,640,0,0,640,0,0,640,0,0,640,0,0,640,0,0,640,0,0,640,0,0,640,0,0
INDEX_ID,1,213,3,252,640,0,11376880113733867269,7409824270656452520,640,0,0,640,0,0,640,0,0,640,0,0,640,0,0,640,0,0,640,0,0,640,0,0,640,0,0
INDEX_ID,1,214,3,402,640,0,3080381962803003688,7409824270656452520,640,0,0,640,0,0,640,0,0,640,0,0,640,0,0,640,0,0,640,0,0,640,0,0,640,0,0
INDEX_ID,1,215,3,403,640,0,1192188587044148155,7409824270656452520,640,0,0,640,0,0,640,0,0,640,0,0,640,0,0,640,0,0,640,0,0,640,0,0,640,0,0
INDEX_ID,1,216,3,394,640,0,15856659692165878983,7409824270656452520,640,0,0,640,0,0,640,0,0,640,0,0,640,0,0,640,0,0,640,0,0,640,0,0,640,0,0
INDEX_ID,1,217,3,24,640,0,1230442455231410514,7409824270656452520,640,0,0,640,0,0,640,0,0,640,0,0,640,0,0,640,0,0,640,0,0,640,0,0,640,0,0
INDEX_ID,1,218,4,353,640,0,157547369414201188,13709357601008864010,640,0,0,640,0,0,640,0,0,640,0,0,640,0,0,640,0,0,640,0,0,640,0,0,640,0,0
INDEX_ID,1,219,4,281,640,0,13009237615687236240,13709357601008864010,640,0,0,640,0,0,640,0,0,640,0,0,640,0,0,640,0,0,640,0,0,640,0,0,640,0,0
INDEX_ID,1,220,4,210,640,0,3647980212139691985,13709357601008864010,640,0,0,640,0,0,640,0,0,640,0,0,640,0,0,640,0,0,640,0,0,640,0,0,640,0,0
INDEX_ID,1,221,4,16,640,0,7785048655920679613,13709357601008864010,640,0,0,640,0,0,640,0,0,640,0,0,640,0,0,640,0,0,640,0,0,640,0,0,640,0,0
INDEX_ID,1,222,4,396,640,0,12734566753903870792,13709357601008864010,640,0,0,640,0,0,640,0,0,640,0,0,640,0,0,640,0,0,640,0,0,640,0,0,640,0,0
INDEX_ID,1,223,4,5,640,0,16383119286382812643,13709357601008864010,640,0,0,640,0,0,640,0,0,640,0,0,640,0,0,640,0,0,640,0,0,640,0,0,640,0,0
INDEX_ID,1,224,4,307,640,0,15486790074258112788,13709357601008864010,640,0,0,640,0,0,640,0,0,640,0,0,640,0,0,640,0,0,640,0,0,640,0,0,640,0,0
INDEX_ID,1,225,4,128,640,0,12479631003503063545,13709357601008864010,640,0,0,640,0,0,640,0,0,640,0,0,640,0,0,640,0,0,640,0,0,640,0,0,640,0,0
INDEX_ID,1,226,4,163,640,0,12638116139768354545,13709357601008864010,640,0,0,640,0,0,640,0,0,640,0,0,640,0,0,640,0,0,640,0,0,640,0,0,640,0,0
INDEX_ID,1,227,4,156,640,0,11668764587753249554,13709357601008864010,640,0,0,640,0,0,640,0,0,640,0,0,640,0,0,640,0,0,640,0,0,640,0,0,640,0,0
INDEX_ID,1,228,4,323,640,0,13313003859308338853,13709357601008864010,640,0,0,640,0,0,640,0,0,640,0,0,640,0,0,640,0,0,640,0,0,640,0,0,640,0,0
INDEX_ID,1,229,4,334,640,0,16210930859688476727,13709357601008864010,640,0,0,640,0,0,640,0,0,640,0,0,640,0,0,640,0,0,640,0,0,640,0,0,640,0,0
INDEX_ID,1,230,4,197,640,0,15488081437983660085,13709357601008864010,640,0,0,640,0,0,640,0,0,640,0,0,640,0,0,640,0,0,640,0,0,640,0,0,640,0,0
INDEX_ID,1,231,5,56,640,0,13662771231054679096,12165695162156275890,640,0,0,640,0,0,640,0,0,640,0,0,640,0,0,640,0,0,640,0,0,640,0,0,640,0,0
INDEX_ID,1,232,5,275,640,0,14400066004417880560,12165695162156275890,640,0,0,640,0,0,640,0,0,640,0,0,640,0,0,640,0,0,640,0,0,640,0,0,640,0,0
INDEX_ID,1,233,5,314,640,0,5490788994674100154,12165695162156275890,640,0,0,640,0,0,640,0,0,640,0,0,640,0,0,640,0,0,640,0,0,640,0,0,640,0,0
INDEX_ID,1,234,5,74,640,0,15411882179063091800,12165695162156275890,640,0,0,640,0,0,640,0,0,640,0,0,640,0,0,640,0,0,640,0,0,640,0,0,640,0,0
INDEX_ID,1,235,5,154,640,0,11399445774672347311,12165695162156275890,640,0,0,640,0,0,640,0,0,640,0,0,640,0,0,640,0,0,640,0,0,640,0,0,640,0,0
INDEX_ID,1,236,5,146,640,0,1866133056117626246,12165695162156275890,640,0,0,640,0,0,640,0,0,640,0,0,640,0,0,640,0,0,640,0,0,640,0,0,640,0,0
INDEX_ID,1,237,5,62,640,0,11187361732977807799,12165695162156275890,640,0,0,640,0,0,640,0,0,640,0,0,640,0,0,640,0,0,640,0,0,640,0,0,640,0,0
INDEX_ID,1,238,5,244,640,0,11348114760882837162,12165695162156275890,640,0,0,640,0,0,640,0,0,640,0,0,640,0,0,640,0,0,640,0,0,640,0,0,640,0,0
INDEX_ID,1,239,5,129,640,0,13218637083354052555,12165695162156275890,640,0,0,640,0,0,640,0,0,640,0,0,640,0,0,640,0,0,640,0,0,640,0,0,640,0,0
INDEX_ID,1,240,5,110,640,0,16618902416862770330,12165695162156275890,640,0,0,640,0,0,640,0,0,640,0,0,640,0,0,640,0,0,640,0,0,640,0,0,640,0,0
INDEX_ID,1,241,5,169,640,0,10356937652124226746,12165695162156275890,640,0,0,640,0,0,640,0,0,640,0,0,640,0,0,640,0,0,640,0,0,640,0,0,640,0,0
INDEX_ID,1,242,5,247,640,0,17475774125292908658,12165695162156275890,640,0,0,640,0,0,640,0,0,640,0,0,640,0,0,640,0,0,640,0,0,640,0,0,640,0,0
INDEX_ID,1,243,5,167,640,0,3761773878569402439,12165695162156275890,640,0,0,640,0,0,640,0,0,640,0,0,640,0,0,640,0,0,640,0,0,640,0,0,640,0,0
INDEX_ID,1,244,6,84,640,0,10834374534438653454,199049746152132543,640,0,0,640,0,0,640,0,0,640,0,0,640,0,0,640,0,0,640,0,0,640,0,0,640,0,0
INDEX_ID,1,245,6,31,640,0,4422740498633184570,199049746152132543,640,0,0,640,0,0,640,0,0,640,0,0,640,0,0,640,0,0,640,0,0,640,0,0,640,0,0
INDEX_ID,1,246,6,241,640,0,11664318885385082799,199049746152132543,640,0,0,640,0,0,640,0,0,640,0,0,640,0,0,640,0,0,640,0,0,640,0,0,640,0,0
INDEX_ID,1,247,6,286,640,0,17838032598424634677,199049746152132543,640,0,0,640,0,0,640,0,0,640,0,0,640,0,0,640,0,0,640,0,0,640,0,0,640,0,0
INDEX_ID,1,248,6,131,640,0,7606038825664487590,199049746152132543,640,0,0,640,0,0,640,0,0,640,0,0,640,0,0,640,0,0,640,0,0,640,0,0,640,0,0
INDEX_ID,1,249,6,316,640,0,15612284438545769912,199049746152132543,640,0,0,640,0,0,640,0,0,640,0,0,640,0,0,640,0,0,640,0,0,640,0,0,640,0,0
INDEX_ID,1,250,6,394,640,0,8971179153610946138,199049746152132543,640,0,0,640,0,0,640,0,0,640,0,0,640,0,0,640,0,0,640,0,0,640,0,0,640,0,0
INDEX_ID,1,251,6,0,640,0,13302309364221822822,199049746152132543,640,0,0,640,0,0,640,0,0,640,0,0,640,0,0,640,0,0,640,0,0,640,0,0,640,0,0
INDEX_ID,1,252,6,387,640,0,3385521713563236821,199049746152132543,640,0,0,640,0,0,640,0,0,640,0,0,640,0,0,640,0,0,640,0,0,640,0,0,640,0,0
INDEX_ID,1,253,6,138,640,0,7709511414800742313,199049746152132543,640,0,0,640,0,0,640,0,0,640,0,0,640,0,0,640,0,0,640,0,0,640,0,0,640,0,0
INDEX_ID,1,254,6,505,640,0,15791958432903653435,199049746152132543,640,0,0,640,0,0,640,0,0,640,0,0,640,0,0,640,0,0,640,0,0,640,0,0,640,0,0
INDEX_ID,1,255,6,357,640,0,15593530994821929876,199049746152132543,640,0,0,640,0,0,640,0,0,640,0,0,640,0,0,640,0,0,640,0,0,640,0,0,640,0,0
INDEX_ID,1,256,6,253,640,0,5493661016502453262,199049746152132543,640,0,0,640,0,0,640,0,0,640,0,0,640,0,0,640,0,0,640,0,0,640,0,0,640,0,0
INDEX_ID,1,257,9,472,640,0,16621093083376670116,12000031759277121767,640,0,0,640,0,0,640,0,0,640,0,0,640,0,0,640,0,0,640,0,0,640,0,0,640,0,0
INDEX_ID,1,258,9,404,640,0,1495172901936335681,12000031759277121767,640,0,0,640,0,0,640,0,0,640,0,0,640,0,0,640,0,0,640,0,0,640,0,0,640,0,0
INDEX_ID,1,259,9,373,640,0,7685089584661028613,12000031759277121767,640,0,0,640,0,0,640,0,0,640,0,0,640,0,0,640,0,0,640,0,0,640,0,0,640,0,0
INDEX_ID,1,260,9,317,640,0,11497866267289037781,12000031759277121767,640,0,0,640,0,0,640,0,0,640,0,0,640,0,0,640,0,0,640,0,0,640,0,0,640,0,0
INDEX_ID,1,261,9,13,640,0,9722339971129688843,12000031759277121767,640,0,0,640,0,0,640,0,0,640,0,0,640,0,0,640,0,0,640,0,0,640,0,0,640,0,0
INDEX_ID,1,262,9,209,640,0,9049922136389236880,12000031759277121767,640,0,0,640,0,0,640,0,0,640,0,0,640,0,0,640,0,0,640,0,0,640,0,0,640,0,0
INDEX_ID,1,263,9,132,640,0,11405850427687796703,12000031759277121767,640,0,0,640,0,0,640,0,0,640,0,0,640,0,0,640,0,0,640,0,0,640,0,0,640,0,0
INDEX_ID,1,264,9,383,640,0,15831173113215403683,12000031759277121767,640,0,0,640,0,0,640,0,0,640,0,0,640,0,0,640,0,0,640,0,0,640,0,0,640,0,0
INDEX_ID,1,265,9,274,640,0,10974583449694522273,12000031759277121767,640,0,0,640,0,0,640,0,0,640,0,0,640,0,0,640,0,0,640,0,0,640,0,0,640,0,0
INDEX_ID,1,266,9,262,640,0,1879288617074304391,12000031759277121767,640,0,0,640,0,0,640,0,0,640,0,0,640,0,0,640,0,0,640,0,0,640,0,0,640,0,0
INDEX_ID,1,267,9,4,640,0,2428337714978070892,12000031759277121767,640,0,0,640,0,0,640,0,0,640,0,0,640,0,0,640,0,0,640,0,0,640,0,0,640,0,0
INDEX_ID,1,268,9,442,640,0,2163856958931467939,12000031759277121767,640,0,0,640,0,0,640,0,0,640,0,0,640,0,0,640,0,0,640,0,0,640,0,0,640,0,0
INDEX_ID,1,269,9,2,640,0,18431142840686422797,12000031759277121767,640,0,0,640,0,0,640,0,0,640,0,0,640,0,0,640,0,0,640,0,0,640,0,0,640,0,0
INDEX_ID,1,270,11,280,640,0,3056803899945448848,13632951148989301819,640,0,0,640,0,0,640,0,0,640,0,0,640,0,0,640,0,0,640,0,0,640,0,0,640,0,0
INDEX_ID,1,271,11,268,640,0,12760135335740831441,13632951148989301819,640,0,0,640,0,0,640,0,0,640,0,0,640,0,0,640,0,0,640,0,0,640,0,0,640,0,0
INDEX_ID,1,272,11,320,640,0,5651351961139208955,13632951148989301819,640,0,0,640,0,0,640,0,0,640,0,0,640,0,0,640,0,0,640,0,0,640,0,0,640,0,0
INDEX_ID,1,273,11,66,640,0,6186153684585696692,13632951148989301819,640,0,0,640,0,0,640,0,0,640,0,0,640,0,0,640,0,0,640,0,0,640,0,0,640,0,0
INDEX_ID,1,274,11,374,640,0,9765753657103433207,13632951148989301819,640,0,0,640,0,0,640,0,0,640,0,0,640,0,0,640,0,0,640,0,0,640,0,0,640,0,0
INDEX_ID,1,275,11,318,640,0,8499876724162786225,13632951148989301819,640,0,0,640,0,0,640,0,0,640,0,0,640,0,0,640,0,0,640,0,0,640,0,0,640,0,0
INDEX_ID,1,276,11,187,640,0,13701862319912117227,13632951148989301819,640,0,0,640,0,0,640,0,0,640,0,0,640,0,0,640,0,0,640,0,0,640,0,0,640,0,0
INDEX_ID,1,277,11,299,640,0,13647038695286215279,13632951148989301819,640,0,0,640,0,0,640,0,0,640,0,0,640,0,0,640,0,0,640,0,0,640,0,0,640,0,0
INDEX_ID,1,278,11,233,640,0,4734612913495460089,13632951148989301819,640,0,0,640,0,0,640,0,0,640,0,0,640,0,0,640,0,0,640,0,0,640,0,0,640,0,0
INDEX_ID,1,279,11,163,640,0,17717348725022795160,13632951148989301819,640,0,0,640,0,0,640,0,0,640,0,0,640,0,0,640,0,0,640,0,0,640,0,0,640,0,0
INDEX_ID,1,280,11,509,640,0,10565841419420181671,13632951148989301819,640,0,0,640,0,0,640,0,0,640,0,0,640,0,0,640,0,0,640,0,0,640,0,0,640,0,0
INDEX_ID,1,281,11,343,640,0,16843239655408980074,13632951148989301819,640,0,0,640,0,0,640,0,0,640,0,0,640,0,0,640,0,0,640,0,0,640,0,0,640,0,0
INDEX_ID,1,282,11,87,640,0,6762204974542649713,13632951148989301819,640,0,0,640,0,0,640,0,0,640,0,0,640,0,0,640,0,0,640,0,0,640,0,0,640,0,0
INDEX_ID,1,283,15,511,640,0,1385270853204436985,11368814126305167667,640,0,0,640,0,0,640,0,0,640,0,0,640,0,0,640,0,0,640,0,0,640,0,0,640,0,0
INDEX_ID,1,284,15,196,640,0,4913756460124447204,11368814126305167667,640,0,0,640,0,0,640,0,0,640,0,0,640,0,0,640,0,0,640,0,0,640,0,0,640,0,0
INDEX_ID,1,285,15,44,640,0,13633924050077358727,11368814126305167667,640,0,0,640,0,0,640,0,0,640,0,0,640,0,0,640,0,0,640,0,0,640,0,0,640,0,0
INDEX_ID,1,286,15,370,640,0,10478432608763298261,11368814126305167667,640,0,0,640,0,0,640,0,0,640,0,0,640,0,0,640,0,0,640,0,0,640,0,0,640,0,0
INDEX_ID,1,287,15,469,640,0,2931327090530324585,11368814126305167667,640,0,0,640,0,0,640,0,0,640,0,0,640,0,0,640,0,0,640,0,0,640,0,0,640,0,0
INDEX_ID,1,288,15,147,640,0,14081638338683242531,11368814126305167667,640,0,0,640,0,0,640,0,0,640,0,0,640,0,0,640,0,0,640,0,0,640,0,0,640,0,0
INDEX_ID,1,289,15,322,640,0,17854141428427977887,11368814126305167667,640,0,0,640,0,0,640,0,0,640,0,0,640,0,0,640,0,0,640,0,0,640,0,0,640,0,0
INDEX_ID,1,290,15,321,640,0,6300130437978944215,11368814126305167667,640,0,0,640,0,0,640,0,0,640,0,0,640,0,0,640,0,0,640,0,0,640,0,0,640,0,0
INDEX_ID,1,291,15,187,640,0,2970088646420486514,11368814126305167667,640,0,0,640,0,0,640,0,0,640,0,0,640,0,0,640,0,0,640,0,0,640,0,0,640,0,0
INDEX_ID,1,292,15,241,640,0,1180417662093279476,11368814126305167667,640,0,0,640,0,0,640,0,0,640,0,0,640,0,0,640,0,0,640,0,0,640,0,0,640,0,0
INDEX_ID,1,293,15,491,640,0,16965232419928600677,11368814126305167667,640,0,0,640,0,0,640,0,0,640,0,0,640,0,0,640,0,0,640,0,0,640,0,0,640,0,0
INDEX_ID,1,294,15,169,640,0,17412479405156148891,11368814126305167667,640,0,0,640,0,0,640,0,0,640,0,0,640,0,0,640,0,0,640,0,0,640,0,0,640,0,0
INDEX_ID,1,295,15,296,640,0,2414701524548387657,11368814126305167667,640,0,0,640,0,0,640,0,0,640,0,0,640,0,0,640,0,0,640,0,0,640,0,0,640,0,0
INDEX_ID,1,296,19,190,640,0,5371383930820166769,14044718536455411226,640,0,0,640,0,0,640,0,0,640,0,0,640,0,0,640,0,0,640,0,0,640,0,0,640,0,0
INDEX_ID,1,297,19,61,640,0,3864456499721901273,14044718536455411226,640,0,0,640,0,0,640,0,0,640,0,0,640,0,0,640,0,0,640,0,0,640,0,0,640,0,0
INDEX_ID,1,298,19,426,640,0,2869912979307675013,14044718536455411226,640,0,0,640,0,0,640,0,0,640,0,0,640,0,0,640,0,0,640,0,0,640,0,0,640,0,0
INDEX_ID,1,299,19,181,640,0,7615719517818279686,14044718536455411226,640,0,0,640,0,0,640,0,0,640,0,0,640,0,0,640,0,0,640,0,0,640,0,0,640,0,0
INDEX_ID,1,300,19,338,640,0,10104857821081418765,14044718536455411226,640,0,0,640,0,0,640,0,0,640,0,0,640,0,0,640,0,0,640,0,0,640,0,0,640,0,0
INDEX_ID,1,301,19,456,640,0,17321008932349652649,14044718536455411226,640,0,0,640,0,0,640,0,0,640,0,0,640,0,0,640,0,0,640,0,0,640,0,0,640,0,0
INDEX_ID,1,302,19,431,640,0,12738117494842406261,14044718536455411226,640,0,0,640,0,0,640,0,0,640,0,0,640,0,0,640,0,0,640,0,0,640,0,0,640,0,0
INDEX_ID,1,303,19,482,640,0,11204850194307507649,14044718536455411226,640,0,0,640,0,0,640,0,0,640,0,0,640,0,0,640,0,0,640,0,0,640,0,0,640,0,0
INDEX_ID,1,304,19,307,640,0,1660695428778255892,14044718536455411226,640,0,0,640,0,0,640,0,0,640,0,0,640,0,0,640,0,0,640,0,0,640,0,0,640,0,0
INDEX_ID,1,305,19,454,640,0,18418622894986726498,14044718536455411226,640,0,0,640,0,0,640,0,0,640,0,0,640,0,0,640,0,0,640,0,0,640,0,0,640,0,0
INDEX_ID,1,306,19,498,640,0,10244958914503878332,14044718536455411226,640,0,0,640,0,0,640,0,0,640,0,0,640,0,0,640,0,0,640,0,0,640,0,0,640,0,0
INDEX_ID,1,307,19,445,640,0,5836596070227426278,14044718536455411226,640,0,0,640,0,0,640,0,0,640,0,0,640,0,0,640,0,0,640,0,0,640,0,0,640,0,0
INDEX_ID,1,308,19,428,640,0,11294039134576913884,14044718536455411226,640,0,0,640,0,0,640,0,0,640,0,0,640,0,0,640,0,0,640,0,0,640,0,0,640,0,0
INDEX_ID,1,309,23,447,640,0,13970348634293130963,8431128090105167121,640,0,0,640,0,0,640,0,0,640,0,0,640,0,0,640,0,0,640,0,0,640,0,0,640,0,0
INDEX_ID,1,310,23,12,640,0,2352683978579930501,8431128090105167121,640,0,0,640,0,0,640,0,0,640,0,0,640,0,0,640,0,0,640,0,0,640,0,0,640,0,0
INDEX_ID,1,311,23,306,640,0,8608660792532315042,8431128090105167121,640,0,0,640,0,0,640,0,0,640,0,0,640,0,0,640,0,0,640,0,0,640,0,0,640,0,0
INDEX_ID,1,312,23,360,640,0,10818160355888159587,8431128090105167121,640,0,0,640,0,0,640,0,0,640,0,0,640,0,0,640,0,0,640,0,0,640,0,0,640,0,0
INDEX_ID,1,313,23,59,640,0,7614291274787273272,8431128090105167121,640,0,0,640,0,0,640,0,0,640,0,0,640,0,0,640,0,0,640,0,0,640,0,0,640,0,0
INDEX_ID,1,314,23,295,640,0,3755856484196795347,8431128090105167121,640,0,0,640,0,0,640,0,0,640,0,0,640,0,0,640,0,0,640,0,0,640,0,0,640,0,0
INDEX_ID,1,315,23,430,640,0,16052094601842930008,8431128090105167121,640,0,0,640,0,0,640,0,0,640,0,0,640,0,0,640,0,0,640,0,0,640,0,0,640,0,0
INDEX_ID,1,316,23,194,640,0,2914658920075117624,8431128090105167121,640,0,0,640,0,0,640,0,0,640,0,0,640,0,0,640,0,0,640,0,0,640,0,0,640,0,0
INDEX_ID,1,317,23,222,640,0,7569527736726664282,8431128090105167121,640,0,0,640,0,0,640,0,0,640,0,0,640,0,0,640,0,0,640,0,0,640,0,0,640,0,0
INDEX_ID,1,318,23,334,640,0,10528784558335035843,8431128090105167121,640,0,0,640,0,0,640,0,0,640,0,0,640,0,0,640,0,0,640,0,0,640,0,0,640,0,0
INDEX_ID,1,319,23,247,640,0,12725646696418915367,8431128090105167121,640,0,0,640,0,0,640,0,0,640,0,0,640,0,0,640,0,0,640,0,0,640,0,0,640,0,0
INDEX_ID,1,320,23,87,640,0,12728338170336249878,8431128090105167121,640,0,0,640,0,0,640,0,0,640,0,0,640,0,0,640,0,0,640,0,0,640,0,0,640,0,0
INDEX_ID,1,321,23,120,640,0,10823500148115215325,8431128090105167121,640,0,0,640,0,0,640,0,0,640,0,0,640,0,0,640,0,0,640,0,0,640,0,0,640,0,0
INDEX_ID,1,322,24,215,640,0,18063043941551597434,1082031835109878896,640,0,0,640,0,0,640,0,0,640,0,0,640,0,0,640,0,0,640,0,0,640,0,0,640,0,0
INDEX_ID,1,323,24,320,640,0,8673408862464225258,1082031835109878896,640,0,0,640,0,0,640,0,0,640,0,0,640,0,0,640,0,0,640,0,0,640,0,0,640,0,0
INDEX_ID,1,324,24,202,640,0,16811394711482837857,1082031835109878896,640,0,0,640,0,0,640,0,0,640,0,0,640,0,0,640,0,0,640,0,0,640,0,0,640,0,0
INDEX_ID,1,325,24,376,640,0,15338001415684103931,1082031835109878896,640,0,0,640,0,0,640,0,0,640,0,0,640,0,0,640,0,0,640,0,0,640,0,0,640,0,0
INDEX_ID,1,326,24,434,640,0,11884213083171806528,1082031835109878896,640,0,0,640,0,0,640,0,0,640,0,0,640,0,0,640,0,0,640,0,0,640,0,0,640,0,0
INDEX_ID,1,327,24,304,640,0,2200902766596513606,1082031835109878896,640,0,0,640,0,0,640,0,0,640,0,0,640,0,0,640,0,0,640,0,0,640,0,0,640,0,0
INDEX_ID,1,328,24,468,640,0,3066265953194447130,1082031835109878896,640,0,0,640,0,0,640,0,0,640,0,0,640,0,0,640,0,0,640,0,0,640,0,0,640,0,0
INDEX_ID,1,329,24,35,640,0,16026713118336432881,1082031835109878896,640,0,0,640,0,0,640,0,0,640,0,0,640,0,0,640,0,0,640,0,0,640,0,0,640,0,0
INDEX_ID,1,330,24,216,640,0,2003174561281344901,1082031835109878896,640,0,0,640,0,0,640,0,0,640,0,0,640,0,0,640,0,0,640,0,0,640,0,0,640,0,0
INDEX_ID,1,331,24,162,640,0,6174716310194661262,1082031835109878896,640,0,0,640,0,0,640,0,0,640,0,0,640,0,0,640,0,0,640,0,0,640,0,0,640,0,0
INDEX_ID,1,332,24,277,640,0,7739925634723912643,1082031835109878896,640,0,0,640,0,0,640,0,0,640,0,0,640,0,0,640,0,0,640,0,0,640,0,0,640,0,0
INDEX_ID,1,333,24,497,640,0,1938946768292053922,1082031835109878896,640,0,0,640,0,0,640,0,0,640,0,0,640,0,0,640,0,0,640,0,0,640,0,0,640,0,0
INDEX_ID,1,334,24,369,640,0,14806464851560804114,1082031835109878896,640,0,0,640,0,0,640,0,0,640,0,0,640,0,0,640,0,0,640,0,0,640,0,0,640,0,0
INDEX_ID,1,335,26,109,640,0,12172645104581838586,7372685919381071587,640,0,0,640,0,0,640,0,0,640,0,0,640,0,0,640,0,0,640,0,0,640,0,0,640,0,0
INDEX_ID,1,336,26,417,640,0,17448976659991821048,7372685919381071587,640,0,0,640,0,0,640,0,0,640,0,0,640,0,0,640,0,0,640,0,0,640,0,0,640,0,0
INDEX_ID,1,337,26,464,640,0,16406244983915441521,7372685919381071587,640,0,0,640,0,0,640,0,0,640,0,0,640,0,0,640,0,0,640,0,0,640,0,0,640,0,0
INDEX_ID,1,338,26,99,640,0,15351440675572763519,7372685919381071587,640,0,0,640,0,0,640,0,0,640,0,0,640,0,0,640,0,0,640,0,0,640,0,0,640,0,0
INDEX_ID,1,339,26,175,640,0,18181312287070543099,7372685919381071587,640,0,0,640,0,0,640,0,0,640,0,0,640,0,0,640,0,0,640,0,0,640,0,0,640,0,0
INDEX_ID,1,340,26,273,640,0,16501699956428012180,7372685919381071587,640,0,0,640,0,0,640,0,0,640,0,0,640,0,0,640,0,0,640,0,0,640,0,0,640,0,0
INDEX_ID,1,341,26,366,640,0,12847722708296642079,7372685919381071587,640,0,0,640,0,0,640,0,0,640,0,0,640,0,0,640,0,0,640,0,0,640,0,0,640,0,0
INDEX_ID,1,342,26,271,640,0,13682403940591854594,7372685919381071587,640,0,0,640,0,0,640,0,0,640,0,0,640,0,0,640,0,0,640,0,0,640,0,0,640,0,0
INDEX_ID,1,343,26,88,640,0,4479467815934657698,7372685919381071587,640,0,0,640,0,0,640,0,0,640,0,0,640,0,0,640,0,0,640,0,0,640,0,0,640,0,0
INDEX_ID,1,344,26,393,640,0,3397979346843323645,7372685919381071587,640,0,0,640,0,0,640,0,0,640,0,0,640,0,0,640,0,0,640,0,0,640,0,0,640,0,0
INDEX_ID,1,345,26,494,640,0,4689218178068710479,7372685919381071587,640,0,0,640,0,0,640,0,0,640,0,0,640,0,0,640,0,0,640,0,0,640,0,0,640,0,0
INDEX_ID,1,346,26,488,640,0,2243122206846332456,7372685919381071587,640,0,0,640,0,0,640,0,0,640,0,0,640,0,0,640,0,0,640,0,0,640,0,0,640,0,0
INDEX_ID,1,347,26,290,640,0,15650565133838762542,7372685919381071587,640,0,0,640,0,0,640,0,0,640,0,0,640,0,0,640,0,0,640,0,0,640,0,0,640,0,0
INDEX_ID,1,348,32,360,640,0,3026383747191447671,13366400912829093232,640,0,0,640,0,0,640,0,0,640,0,0,640,0,0,640,0,0,640,0,0,640,0,0,640,0,0
INDEX_ID,1,349,32,241,640,0,6673940804564369020,13366400912829093232,640,0,0,640,0,0,640,0,0,640,0,0,640,0,0,640,0,0,640,0,0,640,0,0,640,0,0
INDEX_ID,1,350,32,25,640,0,6665577419033617390,13366400912829093232,640,0,0,640,0,0,640,0,0,640,0,0,640,0,0,640,0,0,640,0,0,640,0,0,640,0,0
INDEX_ID,1,351,32,8,640,0,1531482813586801144,13366400912829093232,640,0,0,640,0,0,640,0,0,640,0,0,640,0,0,640,0,0,640,0,0,640,0,0,640,0,0
INDEX_ID,1,352,32,246,640,0,6130724175403638254,13366400912829093232,640,0,0,640,0,0,640,0,0,640,0,0,640,0,0,640,0,0,640,0,0,640,0,0,640,0,0
INDEX_ID,1,353,32,230,640,0,14130527684429843602,13366400912829093232,640,0,0,640,0,0,640,0,0,640,0,0,640,0,0,640,0,0,640,0,0,640,0,0,640,0,0
INDEX_ID,1,354,32,486,640,0,9249405052154900769,13366400912829093232,640,0,0,640,0,0,640,0,0,640,0,0,640,0,0,640,0,0,640,0,0,640,0,0,640,0,0
INDEX_ID,1,355,32,49,640,0,526467569443306697,13366400912829093232,640,0,0,640,0,0,640,0,0,640,0,0,640,0,0,640,0,0,640,0,0,640,0,0,640,0,0
INDEX_ID,1,356,32,470,640,0,2716384829483015543,13366400912829093232,640,0,0,640,0,0,640,0,0,640,0,0,640,0,0,640,0,0,640,0,0,640,0,0,640,0,0
INDEX_ID,1,357,32,332,640,0,10172185521232636011,13366400912829093232,640,0,0,640,0,0,640,0,0,640,0,0,640,0,0,640,0,0,640,0,0,640,0,0,640,0,0
INDEX_ID,1,358,32,333,640,0,16260269444911732462,13366400912829093232,640,0,0,640,0,0,640,0,0,640,0,0,640,0,0,640,0,0,640,0,0,640,0,0,640,0,0
INDEX_ID,1,359,32,20,640,0,3270270767746451986,13366400912829093232,640,0,0,640,0,0,640,0,0,640,0,0,640,0,0,640,0,0,640,0,0,640,0,0,640,0,0
INDEX_ID,1,360,34,246,640,0,15059177751733367617,18382280203142070326,640,0,0,640,0,0,640,0,0,640,0,0,640,0,0,640,0,0,640,0,0,640,0,0,640,0,0
INDEX_ID,1,361,34,146,640,0,10395493568289567467,18382280203142070326,640,0,0,640,0,0,640,0,0,640,0,0,640,0,0,640,0,0,640,0,0,640,0,0,640,0,0
INDEX_ID,1,362,34,37,640,0,18322548798873859983,18382280203142070326,640,0,0,640,0,0,640,0,0,640,0,0,640,0,0,640,0,0,640,0,0,640,0,0,640,0,0
INDEX_ID,1,363,34,189,640,0,4255463779336361384,18382280203142070326,640,0,0,640,0,0,640,0,0,640,0,0,640,0,0,640,0,0,640,0,0,640,0,0,640,0,0
INDEX_ID,1,364,34,25,640,0,14451998577750894416,18382280203142070326,640,0,0,640,0,0,640,0,0,640,0,0,640,0,0,640,0,0,640,0,0,640,0,0,640,0,0
INDEX_ID,1,365,34,390,640,0,3416879259813809376,18382280203142070326,640,0,0,640,0,0,640,0,0,640,0,0,640,0,0,640,0,0,640,0,0,640,0,0,640,0,0
INDEX_ID,1,366,34,285,640,0,2341286451281360069,18382280203142070326,640,0,0,640,0,0,640,0,0,640,0,0,640,0,0,640,0,0,640,0,0,640,0,0,640,0,0
INDEX_ID,1,367,34,277,640,0,3551147711193055518,18382280203142070326,640,0,0,640,0,0,640,0,0,640,0,0,640,0,0,640,0,0,640,0,0,640,0,0,640,0,0
INDEX_ID,1,368,34,468,640,0,1995428354642422199,18382280203142070326,640,0,0,640,0,0,640,0,0,640,0,0,640,0,0,640,0,0,640,0,0,640,0,0,640,0,0
INDEX_ID,1,369,34,294,640,0,6076864576351537208,18382280203142070326,640,0,0,640,0,0,640,0,0,640,0,0,640,0,0,640,0,0,640,0,0,640,0,0,640,0,0
INDEX_ID,1,370,34,358,640,0,44173759064157409,18382280203142070326,640,0,0,640,0,0,640,0,0,640,0,0,640,0,0,640,0,0,640,0,0,640,0,0,640,0,0
INDEX_ID,1,371,34,471,640,0,7957049271150808237,18382280203142070326,640,0,0,640,0,0,640,0,0,640,0,0,640,0,0,640,0,0,640,0,0,640,0,0,640,0,0
INDEX_ID,1,372,39,475,640,0,10196496632886859068,5506078733368697669,640,0,0,640,0,0,640,0,0,640,0,0,640,0,0,640,0,0,640,0,0,640,0,0,640,0,0
INDEX_ID,1,373,39,406,640,0,8156368948758667206,5506078733368697669,640,0,0,640,0,0,640,0,0,640,0,0,640,0,0,640,0,0,640,0,0,640,0,0,640,0,0
INDEX_ID,1,374,39,74,640,0,8498927654217526144,5506078733368697669,640,0,0,640,0,0,640,0,0,640,0,0,640,0,0,640,0,0,640,0,0,640,0,0,640,0,0
INDEX_ID,1,375,39,110,640,0,4657780140094026948,5506078733368697669,640,0,0,640,0,0,640,0,0,640,0,0,640,0,0,640,0,0,640,0,0,640,0,0,640,0,0
INDEX_ID,1,376,39,338,640,0,9039013994143983460,5506078733368697669,640,0,0,640,0,0,640,0,0,640,0,0,640,0,0,640,0,0,640,0,0,640,0,0,640,0,0
INDEX_ID,1,377,39,295,640,0,14063851596082986918,5506078733368697669,640,0,0,640,0,0,640,0,0,640,0,0,640,0,0,640,0,0,640,0,0,640,0,0,640,0,0
INDEX_ID,1,378,39,247,640,0,3373535999888151099,5506078733368697669,640,0,0,640,0,0,640,0,0,640,0,0,640,0,0,640,0,0,640,0,0,640,0,0,640,0,0
INDEX_ID,1,379,39,186,640,0,7899930106359021999,5506078733368697669,640,0,0,640,0,0,640,0,0,640,0,0,640,0,0,640,0,0,640,0,0,640,0,0,640,0,0
INDEX_ID,1,380,39,212,640,0,15451571232366519820,5506078733368697669,640,0,0,640,0,0,640,0,0,640,0,0,640,0,0,640,0,0,640,0,0,640,0,0,640,0,0
INDEX_ID,1,381,39,118,640,0,9080286217991566599,5506078733368697669,640,0,0,640,0,0,640,0,0,640,0,0,640,0,0,640,0,0,640,0,0,640,0,0,640,0,0
INDEX_ID,1,382,39,390,640,0,8545037850721909391,5506078733368697669,640,0,0,640,0,0,640,0,0,640,0,0,640,0,0,640,0,0,640,0,0,640,0,0,640,0,0
INDEX_ID,1,383,39,78,640,0,2934709581884501912,5506078733368697669,640,0,0,640,0,0,640,0,0,640,0,0,640,0,0,640,0,0,640,0,0,640,0,0,640,0,0
INDEX_SPLIT,0,192,122880,0,1914494572373180439,122880,0,0,122880,0,0,122880,0,0,122880,0,0,122880,0,0,122880,0,0,122880,0,0,122880,0,0,122880,0,0
INDEX_SPLIT,1,192,122880,0,17248569969601614204,122880,0,0,122880,0,0,122880,0,0,122880,0,0,122880,0,0,122880,0,0,122880,0,0,122880,0,0,122880,0,0
META,index_mxcsr_final,8123
INDEX_COMPLETE,384,245760,491520,1474560
RESULT,iq2s_index_correctness_only_pass,no_timing_no_adoption
