<LOADER>[DEBUG]: Logger loader initialized successfully!
<LOADER>[INFO]: loaded adapter 0x0x3c5e4980 (/opt/intel/oneapi/compiler/2026.1/lib/libur_adapter_level_zero_v2.so.0) from /opt/intel/oneapi/compiler/2026.1/lib/libur_adapter_level_zero_v2.so.0
   ---> urAdapterGet
<LEVEL_ZERO>[DEBUG]: zeInit with flags value of 1
[2026-10-08 12:19:03.126] [thread-id: 123410861513920] [info] Loader Version 1.32.0  - No git SHA found, compiled outside git folder.
[2026-10-08 12:19:03.129] [thread-id: 123410861513920] [info] Validation Layer Enabled
[2026-10-08 12:19:03.129] [thread-id: 123410861513920] [info] zeInit succeeded
[2026-10-08 12:19:03.130] [thread-id: 123410861513920] [trace] zeInit(flags)
[2026-10-08 12:19:03.206] [thread-id: 123410861513920] [trace] SUCCESS (ZE_RESULT_SUCCESS) in zeInit(flags=1)
<LEVEL_ZERO>[DEBUG]: Level Zero Loader version: 1.32.0
<LEVEL_ZERO>[DEBUG]: zeInitDrivers with flags value of 1
[2026-10-08 12:19:03.206] [thread-id: 123410861513920] [trace] zeInitDrivers(pCount, phDrivers, desc)
[2026-10-08 12:19:03.206] [thread-id: 123410861513920] [trace] SUCCESS (ZE_RESULT_SUCCESS) in zeInitDrivers(pCount=1, phDrivers=nullptr, desc={stype=0x3c5e3728, flags=1})
[2026-10-08 12:19:03.206] [thread-id: 123410861513920] [trace] zeInitDrivers(pCount, phDrivers, desc)
[2026-10-08 12:19:03.206] [thread-id: 123410861513920] [trace] SUCCESS (ZE_RESULT_SUCCESS) in zeInitDrivers(pCount=1, phDrivers=nullptr, desc={stype=0x3c5e3728, flags=1})
[2026-10-08 12:19:03.206] [thread-id: 123410861513920] [trace] zeDriverGet(pCount, phDrivers)
[2026-10-08 12:19:03.206] [thread-id: 123410861513920] [trace] SUCCESS (ZE_RESULT_SUCCESS) in zeDriverGet(pCount=1, phDrivers=nullptr)
[2026-10-08 12:19:03.206] [thread-id: 123410861513920] [trace] zeDriverGet(pCount, phDrivers)
[2026-10-08 12:19:03.206] [thread-id: 123410861513920] [trace] SUCCESS (ZE_RESULT_SUCCESS) in zeDriverGet(pCount=1, phDrivers=0x3c7c9980)
[2026-10-08 12:19:03.206] [thread-id: 123410861513920] [trace] zeDeviceGet(hDriver, pCount, phDevices)
[2026-10-08 12:19:03.206] [thread-id: 123410861513920] [trace] SUCCESS (ZE_RESULT_SUCCESS) in zeDeviceGet(hDriver=0x3c7c99c8, pCount=1, phDevices=nullptr)
[2026-10-08 12:19:03.206] [thread-id: 123410861513920] [trace] zeDeviceGet(hDriver, pCount, phDevices)
[2026-10-08 12:19:03.206] [thread-id: 123410861513920] [trace] SUCCESS (ZE_RESULT_SUCCESS) in zeDeviceGet(hDriver=0x3c7c99c8, pCount=1, phDevices=0x3c7d62b0)
[2026-10-08 12:19:03.206] [thread-id: 123410861513920] [trace] zeDeviceGetProperties(hDevice, pDeviceProperties)
[2026-10-08 12:19:03.206] [thread-id: 123410861513920] [trace] SUCCESS (ZE_RESULT_SUCCESS) in zeDeviceGetProperties(hDevice=0x3c7c9f28, pDeviceProperties={stype=0x7ffea9400da0, type=0x7ffea9400db0, vendorId=32902, deviceId=57868, flags=8, subdeviceId=0, coreClockRate=2750, maxMemAllocSize=10132807680, maxHardwareContexts=65536, maxCommandQueuePriority=0, numThreadsPerEU=8, physicalEUSimdWidth=16, numEUsPerSubslice=8, numSubslicesPerSlice=4, numSlices=5, timerResolution=52, timestampValidBits=64, kernelTimestampValidBits=64, uuid={id=134}, name="Intel(R) Arc(TM) B570 Graphics"})
<LEVEL_ZERO>[DEBUG]: 
zesInit with flags value of 0

[2026-10-08 12:19:03.206] [thread-id: 123410861513920] [trace] zesInit(flags)
[2026-10-08 12:19:03.208] [thread-id: 123410861513920] [trace] SUCCESS (ZE_RESULT_SUCCESS) in zesInit(flags=0)
[2026-10-08 12:19:03.208] [thread-id: 123410861513920] [trace] zeDriverGet(pCount, phDrivers)
[2026-10-08 12:19:03.208] [thread-id: 123410861513920] [trace] SUCCESS (ZE_RESULT_SUCCESS) in zeDriverGet(pCount=1, phDrivers=nullptr)
[2026-10-08 12:19:03.208] [thread-id: 123410861513920] [trace] zeDriverGet(pCount, phDrivers)
[2026-10-08 12:19:03.208] [thread-id: 123410861513920] [trace] SUCCESS (ZE_RESULT_SUCCESS) in zeDriverGet(pCount=1, phDrivers=0x3c7dd340)
[2026-10-08 12:19:03.208] [thread-id: 123410861513920] [trace] zeInitDrivers(pCount, phDrivers, desc)
[2026-10-08 12:19:03.208] [thread-id: 123410861513920] [trace] SUCCESS (ZE_RESULT_SUCCESS) in zeInitDrivers(pCount=1, phDrivers=0x3c7dd410, desc={stype=0x3c5e3728, flags=1})
[2026-10-08 12:19:03.208] [thread-id: 123410861513920] [trace] zeDriverGetProperties(hDriver, pDriverProperties)
[2026-10-08 12:19:03.208] [thread-id: 123410861513920] [trace] SUCCESS (ZE_RESULT_SUCCESS) in zeDriverGetProperties(hDriver=0x3c7c99c8, pDriverProperties={stype=0x7ffea9400cf0, uuid={id=227}, driverVersion=17013219})
[2026-10-08 12:19:03.208] [thread-id: 123410861513920] [trace] zeDriverGetProperties(hDriver, pDriverProperties)
[2026-10-08 12:19:03.208] [thread-id: 123410861513920] [trace] SUCCESS (ZE_RESULT_SUCCESS) in zeDriverGetProperties(hDriver=0x3c7c99c8, pDriverProperties={stype=0x7ffea9400ec0, uuid={id=227}, driverVersion=17013219})
<LEVEL_ZERO>[DEBUG]: zeDriverHandle 0x3c7c99c8 matched between zeDriverGet and zeInitDrivers. Not adding duplicate driver to list
<LEVEL_ZERO>[DEBUG]: 1 L0 Drivers found.
[2026-10-08 12:19:03.208] [thread-id: 123410861513920] [trace] zeDeviceGet(hDriver, pCount, phDevices)
[2026-10-08 12:19:03.208] [thread-id: 123410861513920] [trace] SUCCESS (ZE_RESULT_SUCCESS) in zeDeviceGet(hDriver=0x3c7c99c8, pCount=1, phDevices=nullptr)
[2026-10-08 12:19:03.208] [thread-id: 123410861513920] [trace] zeDeviceGet(hDriver, pCount, phDevices)
[2026-10-08 12:19:03.208] [thread-id: 123410861513920] [trace] SUCCESS (ZE_RESULT_SUCCESS) in zeDeviceGet(hDriver=0x3c7c99c8, pCount=1, phDevices=0x3c7dd6b0)
[2026-10-08 12:19:03.208] [thread-id: 123410861513920] [trace] zeDeviceGetProperties(hDevice, pDeviceProperties)
[2026-10-08 12:19:03.208] [thread-id: 123410861513920] [trace] SUCCESS (ZE_RESULT_SUCCESS) in zeDeviceGetProperties(hDevice=0x3c7c9f28, pDeviceProperties={stype=0x7ffea9400cf0, type=0x7ffea9400d00, vendorId=32902, deviceId=57868, flags=8, subdeviceId=0, coreClockRate=2750, maxMemAllocSize=10132807680, maxHardwareContexts=65536, maxCommandQueuePriority=0, numThreadsPerEU=8, physicalEUSimdWidth=16, numEUsPerSubslice=8, numSubslicesPerSlice=4, numSlices=5, timerResolution=52, timestampValidBits=64, kernelTimestampValidBits=64, uuid={id=134}, name="Intel(R) Arc(TM) B570 Graphics"})
[2026-10-08 12:19:03.208] [thread-id: 123410861513920] [trace] zeDriverGetApiVersion(hDriver, version)
[2026-10-08 12:19:03.208] [thread-id: 123410861513920] [trace] SUCCESS (ZE_RESULT_SUCCESS) in zeDriverGetApiVersion(hDriver=0x3c7c99c8, version=65553)
[2026-10-08 12:19:03.208] [thread-id: 123410861513920] [trace] zeDriverGetExtensionProperties(hDriver, pCount, pExtensionProperties)
[2026-10-08 12:19:03.208] [thread-id: 123410861513920] [trace] SUCCESS (ZE_RESULT_SUCCESS) in zeDriverGetExtensionProperties(hDriver=0x3c7c99c8, pCount=63, pExtensionProperties=nullptr)
[2026-10-08 12:19:03.208] [thread-id: 123410861513920] [trace] zeDriverGetExtensionProperties(hDriver, pCount, pExtensionProperties)
[2026-10-08 12:19:03.208] [thread-id: 123410861513920] [trace] SUCCESS (ZE_RESULT_SUCCESS) in zeDriverGetExtensionProperties(hDriver=0x3c7c99c8, pCount=63, pExtensionProperties={name="ZE_extension_device_cache_line_size", version=65536})
[2026-10-08 12:19:03.208] [thread-id: 123410861513920] [trace] zeDriverGetExtensionFunctionAddress(hDriver, name, ppFunctionAddress)
[2026-10-08 12:19:03.208] [thread-id: 123410861513920] [trace] SUCCESS (ZE_RESULT_SUCCESS) in zeDriverGetExtensionFunctionAddress(hDriver=0x3c7c99c8, name="zeIntelGetDriverVersionString", ppFunctionAddress=0x703dd0b9dc00)
[2026-10-08 12:19:03.208] [thread-id: 123410861513920] [trace] zeDriverGetProperties(hDriver, pDriverProperties)
[2026-10-08 12:19:03.208] [thread-id: 123410861513920] [trace] SUCCESS (ZE_RESULT_SUCCESS) in zeDriverGetProperties(hDriver=0x3c7c99c8, pDriverProperties={stype=0x7ffea9400bb0, uuid={id=227}, driverVersion=17013219})
<LEVEL_ZERO>[DEBUG]: Level Zero Driver version: 1.17.39395+14
[2026-10-08 12:19:03.208] [thread-id: 123410861513920] [trace] zeDriverGetExtensionFunctionAddress(hDriver, name, ppFunctionAddress)
[2026-10-08 12:19:03.208] [thread-id: 123410861513920] [trace] SUCCESS (ZE_RESULT_SUCCESS) in zeDriverGetExtensionFunctionAddress(hDriver=0x3c7c99c8, name="zexDriverImportExternalPointer", ppFunctionAddress=0x703dd0b98a40)
[2026-10-08 12:19:03.208] [thread-id: 123410861513920] [trace] zeDriverGetExtensionFunctionAddress(hDriver, name, ppFunctionAddress)
[2026-10-08 12:19:03.208] [thread-id: 123410861513920] [trace] SUCCESS (ZE_RESULT_SUCCESS) in zeDriverGetExtensionFunctionAddress(hDriver=0x3c7c99c8, name="zexDriverReleaseImportedPointer", ppFunctionAddress=0x703dd0ba0e30)
[2026-10-08 12:19:03.208] [thread-id: 123410861513920] [trace] zeDriverGetExtensionFunctionAddress(hDriver, name, ppFunctionAddress)
[2026-10-08 12:19:03.209] [thread-id: 123410861513920] [trace] SUCCESS (ZE_RESULT_SUCCESS) in zeDriverGetExtensionFunctionAddress(hDriver=0x3c7c99c8, name="zeImageGetDeviceOffsetExp", ppFunctionAddress=0x703dd0ba2190)
[2026-10-08 12:19:03.209] [thread-id: 123410861513920] [trace] zeDriverGetExtensionFunctionAddress(hDriver, name, ppFunctionAddress)
[2026-10-08 12:19:03.209] [thread-id: 123410861513920] [trace] SUCCESS (ZE_RESULT_SUCCESS) in zeDriverGetExtensionFunctionAddress(hDriver=0x3c7c99c8, name="zeMemGetPitchFor2dImage", ppFunctionAddress=0x703dd0ba4550)
[2026-10-08 12:19:03.209] [thread-id: 123410861513920] [trace] zeDriverGetExtensionFunctionAddress(hDriver, name, ppFunctionAddress)
[2026-10-08 12:19:03.209] [thread-id: 123410861513920] [trace] SUCCESS (ZE_RESULT_SUCCESS) in zeDriverGetExtensionFunctionAddress(hDriver=0x3c7c99c8, name="zeGraphGetIdExt", ppFunctionAddress=0x703dd0b92dd0)
[2026-10-08 12:19:03.209] [thread-id: 123410861513920] [trace] zeDriverGetExtensionFunctionAddress(hDriver, name, ppFunctionAddress)
[2026-10-08 12:19:03.209] [thread-id: 123410861513920] [trace] SUCCESS (ZE_RESULT_SUCCESS) in zeDriverGetExtensionFunctionAddress(hDriver=0x3c7c99c8, name="zeCommandListAppendHostFunction", ppFunctionAddress=0x703dd0b76140)
[2026-10-08 12:19:03.209] [thread-id: 123410861513920] [trace] zesDriverGet(pCount, phDrivers)
[2026-10-08 12:19:03.209] [thread-id: 123410861513920] [trace] SUCCESS (ZE_RESULT_SUCCESS) in zesDriverGet(pCount=1, phDrivers=nullptr)
[2026-10-08 12:19:03.209] [thread-id: 123410861513920] [trace] zesDriverGet(pCount, phDrivers)
[2026-10-08 12:19:03.209] [thread-id: 123410861513920] [trace] SUCCESS (ZE_RESULT_SUCCESS) in zesDriverGet(pCount=1, phDrivers=0x3c7de5b0)
[2026-10-08 12:19:03.209] [thread-id: 123410861513920] [trace] zesDriverGetDeviceByUuidExp(hDriver, uuid, phDevice, onSubdevice, subdeviceId)
[2026-10-08 12:19:03.209] [thread-id: 123410861513920] [trace] SUCCESS (ZE_RESULT_SUCCESS) in zesDriverGetDeviceByUuidExp(hDriver=0x3c7da1c8, uuid={id=134}, phDevice=0x3c60a058, onSubdevice=0, subdeviceId=0)
<LEVEL_ZERO>[DEBUG]: Initialized 1 platforms
   <--- urAdapterGet(.NumEntries = 0, .phAdapters = nullptr, .pNumAdapters = 0x7ffea94015c8 (1)) -> UR_RESULT_SUCCESS;
   ---> urAdapterGet
   <--- urAdapterGet(.NumEntries = 1, .phAdapters = 0x3c7dd690 {0x3c5e3700}, .pNumAdapters = nullptr) -> UR_RESULT_SUCCESS;
   ---> urAdapterGetInfo
   <--- urAdapterGetInfo(.hAdapter = 0x3c5e3700, .propName = UR_ADAPTER_INFO_BACKEND, .propSize = 4, .pPropValue = 0x7ffea94015bc (UR_BACKEND_LEVEL_ZERO), .pPropSizeRet = nullptr) -> UR_RESULT_SUCCESS;
   ---> urAdapterSetLoggerCallback
   <--- urAdapterSetLoggerCallback(.hAdapter = 0x3c5e3700, .pfnLoggerCallback = 0x703dd7979420, .pUserData = nullptr, .level = UR_LOGGER_LEVEL_WARN) -> UR_RESULT_SUCCESS;
   ---> urPlatformGet
   <--- urPlatformGet(.hAdapter = 0x3c5e3700, .NumEntries = 0, .phPlatforms = nullptr, .pNumPlatforms = 0x7ffea94014fc (1)) -> UR_RESULT_SUCCESS;
   ---> urPlatformGet
   <--- urPlatformGet(.hAdapter = 0x3c5e3700, .NumEntries = 1, .phPlatforms = 0x3c7dd690 {0x3c7dd810}, .pNumPlatforms = nullptr) -> UR_RESULT_SUCCESS;
   ---> urPlatformGetInfo
   <--- urPlatformGetInfo(.hPlatform = 0x3c7dd810, .propName = UR_PLATFORM_INFO_BACKEND, .propSize = 4, .pPropValue = 0x7ffea940150c (UR_BACKEND_LEVEL_ZERO), .pPropSizeRet = nullptr) -> UR_RESULT_SUCCESS;
   ---> urDeviceGet
[2026-10-08 12:19:03.209] [thread-id: 123410861513920] [trace] zeDeviceGet(hDriver, pCount, phDevices)
[2026-10-08 12:19:03.209] [thread-id: 123410861513920] [trace] SUCCESS (ZE_RESULT_SUCCESS) in zeDeviceGet(hDriver=0x3c7c99c8, pCount=1, phDevices=nullptr)
[2026-10-08 12:19:03.209] [thread-id: 123410861513920] [trace] zeDeviceGet(hDriver, pCount, phDevices)
[2026-10-08 12:19:03.209] [thread-id: 123410861513920] [trace] SUCCESS (ZE_RESULT_SUCCESS) in zeDeviceGet(hDriver=0x3c7c99c8, pCount=1, phDevices=0x3c7df000)
[2026-10-08 12:19:03.209] [thread-id: 123410861513920] [trace] zeDeviceGetProperties(hDevice, pDeviceProperties)
[2026-10-08 12:19:03.209] [thread-id: 123410861513920] [trace] SUCCESS (ZE_RESULT_SUCCESS) in zeDeviceGetProperties(hDevice=0x3c7c9f28, pDeviceProperties={stype=0x3c7df0e8, type=0x3c7df0f8, vendorId=32902, deviceId=57868, flags=8, subdeviceId=0, coreClockRate=2750, maxMemAllocSize=10132807680, maxHardwareContexts=65536, maxCommandQueuePriority=0, numThreadsPerEU=8, physicalEUSimdWidth=16, numEUsPerSubslice=8, numSubslicesPerSlice=4, numSlices=5, timerResolution=19200000, timestampValidBits=64, kernelTimestampValidBits=64, uuid={id=134}, name="Intel(R) Arc(TM) B570 Graphics"})
[2026-10-08 12:19:03.209] [thread-id: 123410861513920] [trace] zeDeviceGetProperties(hDevice, pDeviceProperties)
[2026-10-08 12:19:03.209] [thread-id: 123410861513920] [trace] SUCCESS (ZE_RESULT_SUCCESS) in zeDeviceGetProperties(hDevice=0x3c7c9f28, pDeviceProperties={stype=0x7ffea9400b08, type=0x7ffea9400b18, vendorId=32902, deviceId=57868, flags=8, subdeviceId=0, coreClockRate=2750, maxMemAllocSize=10132807680, maxHardwareContexts=65536, maxCommandQueuePriority=0, numThreadsPerEU=8, physicalEUSimdWidth=16, numEUsPerSubslice=8, numSubslicesPerSlice=4, numSlices=5, timerResolution=52, timestampValidBits=64, kernelTimestampValidBits=64, uuid={id=134}, name="Intel(R) Arc(TM) B570 Graphics"})
[2026-10-08 12:19:03.209] [thread-id: 123410861513920] [trace] zeDeviceGetCommandQueueGroupProperties(hDevice, pCount, pCommandQueueGroupProperties)
[2026-10-08 12:19:03.209] [thread-id: 123410861513920] [trace] SUCCESS (ZE_RESULT_SUCCESS) in zeDeviceGetCommandQueueGroupProperties(hDevice=0x3c7c9f28, pCount=2, pCommandQueueGroupProperties=nullptr)
<LEVEL_ZERO>[INFO]: Number of queue groups = 2
[2026-10-08 12:19:03.209] [thread-id: 123410861513920] [trace] zeDeviceGetCommandQueueGroupProperties(hDevice, pCount, pCommandQueueGroupProperties)
[2026-10-08 12:19:03.209] [thread-id: 123410861513920] [trace] SUCCESS (ZE_RESULT_SUCCESS) in zeDeviceGetCommandQueueGroupProperties(hDevice=0x3c7c9f28, pCount=2, pCommandQueueGroupProperties={stype=0x3c5e3610, flags=7, maxMemoryFillPatternSize=18446744073709551615, numQueues=1})
<LEVEL_ZERO>[INFO]: main blitter/copy engine is available
<LEVEL_ZERO>[INFO]: link blitter/copy engines are not available
[2026-10-08 12:19:03.209] [thread-id: 123410861513920] [trace] zeDeviceGetSubDevices(hDevice, pCount, phSubdevices)
[2026-10-08 12:19:03.209] [thread-id: 123410861513920] [trace] SUCCESS (ZE_RESULT_SUCCESS) in zeDeviceGetSubDevices(hDevice=0x3c7c9f28, pCount=0, phSubdevices=nullptr)
[2026-10-08 12:19:03.209] [thread-id: 123410861513920] [trace] zeDeviceGetSubDevices(hDevice, pCount, phSubdevices)
[2026-10-08 12:19:03.209] [thread-id: 123410861513920] [trace] SUCCESS (ZE_RESULT_SUCCESS) in zeDeviceGetSubDevices(hDevice=0x3c7c9f28, pCount=0, phSubdevices=0x3c7df020)
[2026-10-08 12:19:03.209] [thread-id: 123410861513920] [trace] zeDeviceGetRootDevice(hDevice, phRootDevice)
[2026-10-08 12:19:03.209] [thread-id: 123410861513920] [trace] SUCCESS (ZE_RESULT_SUCCESS) in zeDeviceGetRootDevice(hDevice=0x3c7c9f28, phRootDevice=0x7ffea9400f60)
[2026-10-08 12:19:03.209] [thread-id: 123410861513920] [trace] zeDeviceSynchronize(hDevice)
[2026-10-08 12:19:03.209] [thread-id: 123410861513920] [trace] SUCCESS (ZE_RESULT_SUCCESS) in zeDeviceSynchronize(hDevice=0x3c7c9f28)
[2026-10-08 12:19:03.209] [thread-id: 123410861513920] [trace] zeDeviceGetRootDevice(hDevice, phRootDevice)
[2026-10-08 12:19:03.209] [thread-id: 123410861513920] [trace] SUCCESS (ZE_RESULT_SUCCESS) in zeDeviceGetRootDevice(hDevice=0x3c7c9f28, phRootDevice=0x7ffea9401050)
   <--- urDeviceGet(.hPlatform = 0x3c7dd810, .DeviceType = UR_DEVICE_TYPE_ALL, .NumEntries = 0, .phDevices = nullptr, .pNumDevices = 0x7ffea940147c (1)) -> UR_RESULT_SUCCESS;
   ---> urDeviceGet
[2026-10-08 12:19:03.209] [thread-id: 123410861513920] [trace] zeDeviceGetRootDevice(hDevice, phRootDevice)
[2026-10-08 12:19:03.209] [thread-id: 123410861513920] [trace] SUCCESS (ZE_RESULT_SUCCESS) in zeDeviceGetRootDevice(hDevice=0x3c7c9f28, phRootDevice=0x7ffea9401050)
   <--- urDeviceGet(.hPlatform = 0x3c7dd810, .DeviceType = UR_DEVICE_TYPE_ALL, .NumEntries = 1, .phDevices = 0x3c7df000 {0x3c7df040}, .pNumDevices = nullptr) -> UR_RESULT_SUCCESS;
   ---> urPlatformGetInfo
   <--- urPlatformGetInfo(.hPlatform = 0x3c7dd810, .propName = UR_PLATFORM_INFO_VERSION, .propSize = 0, .pPropValue = nullptr, .pPropSizeRet = 0x7ffea9401050 (5)) -> UR_RESULT_SUCCESS;
   ---> urPlatformGetInfo
   <--- urPlatformGetInfo(.hPlatform = 0x3c7dd810, .propName = UR_PLATFORM_INFO_VERSION, .propSize = 5, .pPropValue = 0x7ffea94011b8 (1.17), .pPropSizeRet = nullptr) -> UR_RESULT_SUCCESS;
   ---> urPlatformGetInfo
   <--- urPlatformGetInfo(.hPlatform = 0x3c7dd810, .propName = UR_PLATFORM_INFO_NAME, .propSize = 0, .pPropValue = nullptr, .pPropSizeRet = 0x7ffea9401050 (51)) -> UR_RESULT_SUCCESS;
   ---> urPlatformGetInfo
   <--- urPlatformGetInfo(.hPlatform = 0x3c7dd810, .propName = UR_PLATFORM_INFO_NAME, .propSize = 51, .pPropValue = 0x3c7df710 (Intel(R) oneAPI Unified Runtime over Level-Zero V2), .pPropSizeRet = nullptr) -> UR_RESULT_SUCCESS;
   ---> urDeviceGetInfo
   <--- urDeviceGetInfo(.hDevice = 0x3c7df040, .propName = UR_DEVICE_INFO_PARENT_DEVICE, .propSize = 8, .pPropValue = 0x7ffea9401010 (nullptr), .pPropSizeRet = nullptr) -> UR_RESULT_SUCCESS;
   ---> urDeviceGetInfo
   <--- urDeviceGetInfo(.hDevice = 0x3c7df040, .propName = UR_DEVICE_INFO_TYPE, .propSize = 4, .pPropValue = 0x7ffea9400fb0 (UR_DEVICE_TYPE_GPU), .pPropSizeRet = nullptr) -> UR_RESULT_SUCCESS;
   ---> urDeviceGetInfo
   <--- urDeviceGetInfo(.hDevice = 0x3c7df040, .propName = UR_DEVICE_INFO_USE_NATIVE_ASSERT, .propSize = 1, .pPropValue = 0x7ffea9400fb0 (true), .pPropSizeRet = nullptr) -> UR_RESULT_SUCCESS;
   ---> urDeviceGetInfo
[2026-10-08 12:19:03.210] [thread-id: 123410861513920] [trace] zeDeviceGetModuleProperties(hDevice, pModuleProperties)
[2026-10-08 12:19:03.210] [thread-id: 123410861513920] [trace] SUCCESS (ZE_RESULT_SUCCESS) in zeDeviceGetModuleProperties(hDevice=0x3c7c9f28, pModuleProperties={stype=0x3c7df360, spirvVersionSupported=65541, flags=15, fp16flags=63, fp32flags=127, fp64flags=127, maxArgumentsSize=2048, printfBufferSize=4194304, nativeKernelSupported={id=0}})
[2026-10-08 12:19:03.210] [thread-id: 123410861513920] [trace] zeDeviceGetImageProperties(hDevice, pImageProperties)
[2026-10-08 12:19:03.210] [thread-id: 123410861513920] [trace] SUCCESS (ZE_RESULT_SUCCESS) in zeDeviceGetImageProperties(hDevice=0x3c7c9f28, pImageProperties={stype=0x3c7df300, maxImageDims1D=16384, maxImageDims2D=16384, maxImageDims3D=2048, maxImageBufferSize=633300480, maxImageArraySlices=2048, maxSamplers=16, maxReadImageArgs=128, maxWriteImageArgs=128})
   <--- urDeviceGetInfo(.hDevice = 0x3c7df040, .propName = UR_DEVICE_INFO_EXTENSIONS, .propSize = 0, .pPropValue = nullptr, .pPropSizeRet = 0x7ffea9400f38 (245)) -> UR_RESULT_SUCCESS;
   ---> urDeviceGetInfo
   <--- urDeviceGetInfo(.hDevice = 0x3c7df040, .propName = UR_DEVICE_INFO_EXTENSIONS, .propSize = 245, .pPropValue = 0x3c699740 (cl_khr_il_program cl_khr_subgroups cl_intel_subgroups cl_intel_subgroups_short cl_intel_required_subgroup_size cl_khr_fp16 cl_khr_fp64 cl_khr_int64_base_atomics cl_khr_int64_extended_atomics cl_khr_3d_image_writes cl_intel_bfloat16_conversions ), .pPropSizeRet = nullptr) -> UR_RESULT_SUCCESS;
   ---> urDeviceRetain
   <--- urDeviceRetain(.hDevice = 0x3c7df040) -> UR_RESULT_SUCCESS;
   ---> urDeviceGetInfo
   <--- urDeviceGetInfo(.hDevice = 0x3c7df040, .propName = UR_DEVICE_INFO_TYPE, .propSize = 4, .pPropValue = 0x7ffea940112c (UR_DEVICE_TYPE_GPU), .pPropSizeRet = nullptr) -> UR_RESULT_SUCCESS;
   ---> urDeviceGetInfo
   <--- urDeviceGetInfo(.hDevice = 0x3c7df040, .propName = UR_DEVICE_INFO_VENDOR_ID, .propSize = 4, .pPropValue = 0x7ffea94011a8 (32902), .pPropSizeRet = nullptr) -> UR_RESULT_SUCCESS;
   ---> urDeviceGetInfo
   <--- urDeviceGetInfo(.hDevice = 0x3c7df040, .propName = UR_DEVICE_INFO_DRIVER_VERSION, .propSize = 0, .pPropValue = nullptr, .pPropSizeRet = 0x7ffea9401050 (14)) -> UR_RESULT_SUCCESS;
   ---> urDeviceGetInfo
   <--- urDeviceGetInfo(.hDevice = 0x3c7df040, .propName = UR_DEVICE_INFO_DRIVER_VERSION, .propSize = 14, .pPropValue = 0x7ffea9401178 (1.17.39395+14), .pPropSizeRet = nullptr) -> UR_RESULT_SUCCESS;
   ---> urDeviceGetInfo
   <--- urDeviceGetInfo(.hDevice = 0x3c7df040, .propName = UR_DEVICE_INFO_NAME, .propSize = 0, .pPropValue = nullptr, .pPropSizeRet = 0x7ffea9400f90 (31)) -> UR_RESULT_SUCCESS;
   ---> urDeviceGetInfo
   <--- urDeviceGetInfo(.hDevice = 0x3c7df040, .propName = UR_DEVICE_INFO_NAME, .propSize = 31, .pPropValue = 0x3c7defd0 (Intel(R) Arc(TM) B570 Graphics), .pPropSizeRet = nullptr) -> UR_RESULT_SUCCESS;
   ---> urPlatformGetInfo
   <--- urPlatformGetInfo(.hPlatform = 0x3c7dd810, .propName = UR_PLATFORM_INFO_BACKEND, .propSize = 4, .pPropValue = 0x7ffea940136c (UR_BACKEND_LEVEL_ZERO), .pPropSizeRet = nullptr) -> UR_RESULT_SUCCESS;
   ---> urDeviceGetInfo
   <--- urDeviceGetInfo(.hDevice = 0x3c7df040, .propName = UR_DEVICE_INFO_TYPE, .propSize = 4, .pPropValue = 0x7ffea9401364 (UR_DEVICE_TYPE_GPU), .pPropSizeRet = nullptr) -> UR_RESULT_SUCCESS;
   ---> urDeviceRelease
   <--- urDeviceRelease(.hDevice = 0x3c7df040) -> UR_RESULT_SUCCESS;
   ---> urDeviceGetInfo
   <--- urDeviceGetInfo(.hDevice = 0x3c7df040, .propName = UR_DEVICE_INFO_SUPPORTED_PARTITIONS, .propSize = 0, .pPropValue = nullptr, .pPropSizeRet = 0x7ffea9401358 (0)) -> UR_RESULT_SUCCESS;
   ---> urDeviceGet
[2026-10-08 12:19:03.210] [thread-id: 123410861513920] [trace] zeDeviceGetRootDevice(hDevice, phRootDevice)
[2026-10-08 12:19:03.210] [thread-id: 123410861513920] [trace] SUCCESS (ZE_RESULT_SUCCESS) in zeDeviceGetRootDevice(hDevice=0x3c7c9f28, phRootDevice=0x7ffea9401160)
   <--- urDeviceGet(.hPlatform = 0x3c7dd810, .DeviceType = UR_DEVICE_TYPE_ALL, .NumEntries = 0, .phDevices = nullptr, .pNumDevices = 0x7ffea940158c (1)) -> UR_RESULT_SUCCESS;
   ---> urDeviceGet
[2026-10-08 12:19:03.210] [thread-id: 123410861513920] [trace] zeDeviceGetRootDevice(hDevice, phRootDevice)
[2026-10-08 12:19:03.210] [thread-id: 123410861513920] [trace] SUCCESS (ZE_RESULT_SUCCESS) in zeDeviceGetRootDevice(hDevice=0x3c7c9f28, phRootDevice=0x7ffea9401160)
   <--- urDeviceGet(.hPlatform = 0x3c7dd810, .DeviceType = UR_DEVICE_TYPE_ALL, .NumEntries = 1, .phDevices = 0x3c7dd6b0 {0x3c7df040}, .pNumDevices = nullptr) -> UR_RESULT_SUCCESS;
   ---> urPlatformGetInfo
   <--- urPlatformGetInfo(.hPlatform = 0x3c7dd810, .propName = UR_PLATFORM_INFO_VERSION, .propSize = 0, .pPropValue = nullptr, .pPropSizeRet = 0x7ffea9401160 (5)) -> UR_RESULT_SUCCESS;
   ---> urPlatformGetInfo
   <--- urPlatformGetInfo(.hPlatform = 0x3c7dd810, .propName = UR_PLATFORM_INFO_VERSION, .propSize = 5, .pPropValue = 0x7ffea94012c8 (1.17), .pPropSizeRet = nullptr) -> UR_RESULT_SUCCESS;
   ---> urPlatformGetInfo
   <--- urPlatformGetInfo(.hPlatform = 0x3c7dd810, .propName = UR_PLATFORM_INFO_NAME, .propSize = 0, .pPropValue = nullptr, .pPropSizeRet = 0x7ffea9401160 (51)) -> UR_RESULT_SUCCESS;
   ---> urPlatformGetInfo
   <--- urPlatformGetInfo(.hPlatform = 0x3c7dd810, .propName = UR_PLATFORM_INFO_NAME, .propSize = 51, .pPropValue = 0x3c7dfc30 (Intel(R) oneAPI Unified Runtime over Level-Zero V2), .pPropSizeRet = nullptr) -> UR_RESULT_SUCCESS;
   ---> urDeviceGetInfo
   <--- urDeviceGetInfo(.hDevice = 0x3c7df040, .propName = UR_DEVICE_INFO_TYPE, .propSize = 4, .pPropValue = 0x7ffea940123c (UR_DEVICE_TYPE_GPU), .pPropSizeRet = nullptr) -> UR_RESULT_SUCCESS;
   ---> urDeviceGetInfo
   <--- urDeviceGetInfo(.hDevice = 0x3c7df040, .propName = UR_DEVICE_INFO_VENDOR_ID, .propSize = 4, .pPropValue = 0x7ffea94012b8 (32902), .pPropSizeRet = nullptr) -> UR_RESULT_SUCCESS;
   ---> urDeviceGetInfo
   <--- urDeviceGetInfo(.hDevice = 0x3c7df040, .propName = UR_DEVICE_INFO_DRIVER_VERSION, .propSize = 0, .pPropValue = nullptr, .pPropSizeRet = 0x7ffea9401160 (14)) -> UR_RESULT_SUCCESS;
   ---> urDeviceGetInfo
   <--- urDeviceGetInfo(.hDevice = 0x3c7df040, .propName = UR_DEVICE_INFO_DRIVER_VERSION, .propSize = 14, .pPropValue = 0x7ffea9401288 (1.17.39395+14), .pPropSizeRet = nullptr) -> UR_RESULT_SUCCESS;
   ---> urPlatformGetInfo
   <--- urPlatformGetInfo(.hPlatform = 0x3c7dd810, .propName = UR_PLATFORM_INFO_BACKEND, .propSize = 4, .pPropValue = 0x7ffea940147c (UR_BACKEND_LEVEL_ZERO), .pPropSizeRet = nullptr) -> UR_RESULT_SUCCESS;
   ---> urDeviceGetInfo
   <--- urDeviceGetInfo(.hDevice = 0x3c7df040, .propName = UR_DEVICE_INFO_TYPE, .propSize = 4, .pPropValue = 0x7ffea9401474 (UR_DEVICE_TYPE_GPU), .pPropSizeRet = nullptr) -> UR_RESULT_SUCCESS;
   ---> urDeviceRelease
   <--- urDeviceRelease(.hDevice = 0x3c7df040) -> UR_RESULT_SUCCESS;
   ---> urDeviceGetInfo
   <--- urDeviceGetInfo(.hDevice = 0x3c7df040, .propName = UR_DEVICE_INFO_SUPPORTED_PARTITIONS, .propSize = 0, .pPropValue = nullptr, .pPropSizeRet = 0x7ffea9401468 (0)) -> UR_RESULT_SUCCESS;
   ---> urDeviceSelectBinary
   <--- urDeviceSelectBinary(.hDevice = 0x3c7df040, .pBinaries = 0x7ffea94014b0 ((struct ur_device_binary_t){.stype = UR_STRUCTURE_TYPE_CONTEXT_PROPERTIES, .pNext = nullptr, .pDeviceTargetSpec = 0x703dd76fa3c0 (spir64)}), .NumBinaries = 1, .pSelectedBinary = 0x7ffea94014d4 (0)) -> UR_RESULT_SUCCESS;
   ---> urDeviceGet
[2026-10-08 12:19:03.211] [thread-id: 123410861513920] [trace] zeDeviceGetRootDevice(hDevice, phRootDevice)
[2026-10-08 12:19:03.211] [thread-id: 123410861513920] [trace] SUCCESS (ZE_RESULT_SUCCESS) in zeDeviceGetRootDevice(hDevice=0x3c7c9f28, phRootDevice=0x7ffea94010f0)
   <--- urDeviceGet(.hPlatform = 0x3c7dd810, .DeviceType = UR_DEVICE_TYPE_ALL, .NumEntries = 0, .phDevices = nullptr, .pNumDevices = 0x7ffea940151c (1)) -> UR_RESULT_SUCCESS;
   ---> urDeviceGet
[2026-10-08 12:19:03.211] [thread-id: 123410861513920] [trace] zeDeviceGetRootDevice(hDevice, phRootDevice)
[2026-10-08 12:19:03.211] [thread-id: 123410861513920] [trace] SUCCESS (ZE_RESULT_SUCCESS) in zeDeviceGetRootDevice(hDevice=0x3c7c9f28, phRootDevice=0x7ffea94010f0)
   <--- urDeviceGet(.hPlatform = 0x3c7dd810, .DeviceType = UR_DEVICE_TYPE_ALL, .NumEntries = 1, .phDevices = 0x3c7dfd00 {0x3c7df040}, .pNumDevices = nullptr) -> UR_RESULT_SUCCESS;
   ---> urPlatformGetInfo
   <--- urPlatformGetInfo(.hPlatform = 0x3c7dd810, .propName = UR_PLATFORM_INFO_VERSION, .propSize = 0, .pPropValue = nullptr, .pPropSizeRet = 0x7ffea94010f0 (5)) -> UR_RESULT_SUCCESS;
   ---> urPlatformGetInfo
   <--- urPlatformGetInfo(.hPlatform = 0x3c7dd810, .propName = UR_PLATFORM_INFO_VERSION, .propSize = 5, .pPropValue = 0x7ffea9401258 (1.17), .pPropSizeRet = nullptr) -> UR_RESULT_SUCCESS;
   ---> urPlatformGetInfo
   <--- urPlatformGetInfo(.hPlatform = 0x3c7dd810, .propName = UR_PLATFORM_INFO_NAME, .propSize = 0, .pPropValue = nullptr, .pPropSizeRet = 0x7ffea94010f0 (51)) -> UR_RESULT_SUCCESS;
   ---> urPlatformGetInfo
   <--- urPlatformGetInfo(.hPlatform = 0x3c7dd810, .propName = UR_PLATFORM_INFO_NAME, .propSize = 51, .pPropValue = 0x3c7df710 (Intel(R) oneAPI Unified Runtime over Level-Zero V2), .pPropSizeRet = nullptr) -> UR_RESULT_SUCCESS;
   ---> urDeviceGetInfo
   <--- urDeviceGetInfo(.hDevice = 0x3c7df040, .propName = UR_DEVICE_INFO_TYPE, .propSize = 4, .pPropValue = 0x7ffea94011cc (UR_DEVICE_TYPE_GPU), .pPropSizeRet = nullptr) -> UR_RESULT_SUCCESS;
   ---> urDeviceGetInfo
   <--- urDeviceGetInfo(.hDevice = 0x3c7df040, .propName = UR_DEVICE_INFO_VENDOR_ID, .propSize = 4, .pPropValue = 0x7ffea9401248 (32902), .pPropSizeRet = nullptr) -> UR_RESULT_SUCCESS;
   ---> urDeviceGetInfo
   <--- urDeviceGetInfo(.hDevice = 0x3c7df040, .propName = UR_DEVICE_INFO_DRIVER_VERSION, .propSize = 0, .pPropValue = nullptr, .pPropSizeRet = 0x7ffea94010f0 (14)) -> UR_RESULT_SUCCESS;
   ---> urDeviceGetInfo
   <--- urDeviceGetInfo(.hDevice = 0x3c7df040, .propName = UR_DEVICE_INFO_DRIVER_VERSION, .propSize = 14, .pPropValue = 0x7ffea9401218 (1.17.39395+14), .pPropSizeRet = nullptr) -> UR_RESULT_SUCCESS;
   ---> urPlatformGetInfo
   <--- urPlatformGetInfo(.hPlatform = 0x3c7dd810, .propName = UR_PLATFORM_INFO_BACKEND, .propSize = 4, .pPropValue = 0x7ffea940140c (UR_BACKEND_LEVEL_ZERO), .pPropSizeRet = nullptr) -> UR_RESULT_SUCCESS;
   ---> urDeviceGetInfo
   <--- urDeviceGetInfo(.hDevice = 0x3c7df040, .propName = UR_DEVICE_INFO_TYPE, .propSize = 4, .pPropValue = 0x7ffea9401404 (UR_DEVICE_TYPE_GPU), .pPropSizeRet = nullptr) -> UR_RESULT_SUCCESS;
   ---> urDeviceRelease
   <--- urDeviceRelease(.hDevice = 0x3c7df040) -> UR_RESULT_SUCCESS;
   ---> urDeviceGetInfo
   <--- urDeviceGetInfo(.hDevice = 0x3c7df040, .propName = UR_DEVICE_INFO_SUPPORTED_PARTITIONS, .propSize = 0, .pPropValue = nullptr, .pPropSizeRet = 0x7ffea94013f8 (0)) -> UR_RESULT_SUCCESS;
   ---> urDeviceGet
[2026-10-08 12:19:03.211] [thread-id: 123410861513920] [trace] zeDeviceGetRootDevice(hDevice, phRootDevice)
[2026-10-08 12:19:03.211] [thread-id: 123410861513920] [trace] SUCCESS (ZE_RESULT_SUCCESS) in zeDeviceGetRootDevice(hDevice=0x3c7c9f28, phRootDevice=0x7ffea9401200)
   <--- urDeviceGet(.hPlatform = 0x3c7dd810, .DeviceType = UR_DEVICE_TYPE_GPU, .NumEntries = 0, .phDevices = nullptr, .pNumDevices = 0x7ffea940162c (1)) -> UR_RESULT_SUCCESS;
   ---> urDeviceGet
[2026-10-08 12:19:03.211] [thread-id: 123410861513920] [trace] zeDeviceGetRootDevice(hDevice, phRootDevice)
[2026-10-08 12:19:03.211] [thread-id: 123410861513920] [trace] SUCCESS (ZE_RESULT_SUCCESS) in zeDeviceGetRootDevice(hDevice=0x3c7c9f28, phRootDevice=0x7ffea9401200)
   <--- urDeviceGet(.hPlatform = 0x3c7dd810, .DeviceType = UR_DEVICE_TYPE_GPU, .NumEntries = 1, .phDevices = 0x3c7dfd20 {0x3c7df040}, .pNumDevices = nullptr) -> UR_RESULT_SUCCESS;
   ---> urPlatformGetInfo
   <--- urPlatformGetInfo(.hPlatform = 0x3c7dd810, .propName = UR_PLATFORM_INFO_VERSION, .propSize = 0, .pPropValue = nullptr, .pPropSizeRet = 0x7ffea9401200 (5)) -> UR_RESULT_SUCCESS;
   ---> urPlatformGetInfo
   <--- urPlatformGetInfo(.hPlatform = 0x3c7dd810, .propName = UR_PLATFORM_INFO_VERSION, .propSize = 5, .pPropValue = 0x7ffea9401368 (1.17), .pPropSizeRet = nullptr) -> UR_RESULT_SUCCESS;
   ---> urPlatformGetInfo
   <--- urPlatformGetInfo(.hPlatform = 0x3c7dd810, .propName = UR_PLATFORM_INFO_NAME, .propSize = 0, .pPropValue = nullptr, .pPropSizeRet = 0x7ffea9401200 (51)) -> UR_RESULT_SUCCESS;
   ---> urPlatformGetInfo
   <--- urPlatformGetInfo(.hPlatform = 0x3c7dd810, .propName = UR_PLATFORM_INFO_NAME, .propSize = 51, .pPropValue = 0x3c7dfc30 (Intel(R) oneAPI Unified Runtime over Level-Zero V2), .pPropSizeRet = nullptr) -> UR_RESULT_SUCCESS;
   ---> urDeviceGetInfo
   <--- urDeviceGetInfo(.hDevice = 0x3c7df040, .propName = UR_DEVICE_INFO_TYPE, .propSize = 4, .pPropValue = 0x7ffea94012dc (UR_DEVICE_TYPE_GPU), .pPropSizeRet = nullptr) -> UR_RESULT_SUCCESS;
   ---> urDeviceGetInfo
   <--- urDeviceGetInfo(.hDevice = 0x3c7df040, .propName = UR_DEVICE_INFO_VENDOR_ID, .propSize = 4, .pPropValue = 0x7ffea9401358 (32902), .pPropSizeRet = nullptr) -> UR_RESULT_SUCCESS;
   ---> urDeviceGetInfo
   <--- urDeviceGetInfo(.hDevice = 0x3c7df040, .propName = UR_DEVICE_INFO_DRIVER_VERSION, .propSize = 0, .pPropValue = nullptr, .pPropSizeRet = 0x7ffea9401200 (14)) -> UR_RESULT_SUCCESS;
   ---> urDeviceGetInfo
   <--- urDeviceGetInfo(.hDevice = 0x3c7df040, .propName = UR_DEVICE_INFO_DRIVER_VERSION, .propSize = 14, .pPropValue = 0x7ffea9401328 (1.17.39395+14), .pPropSizeRet = nullptr) -> UR_RESULT_SUCCESS;
   ---> urPlatformGetInfo
   <--- urPlatformGetInfo(.hPlatform = 0x3c7dd810, .propName = UR_PLATFORM_INFO_BACKEND, .propSize = 4, .pPropValue = 0x7ffea940151c (UR_BACKEND_LEVEL_ZERO), .pPropSizeRet = nullptr) -> UR_RESULT_SUCCESS;
   ---> urDeviceGetInfo
   <--- urDeviceGetInfo(.hDevice = 0x3c7df040, .propName = UR_DEVICE_INFO_TYPE, .propSize = 4, .pPropValue = 0x7ffea9401514 (UR_DEVICE_TYPE_GPU), .pPropSizeRet = nullptr) -> UR_RESULT_SUCCESS;
   ---> urDeviceRelease
   <--- urDeviceRelease(.hDevice = 0x3c7df040) -> UR_RESULT_SUCCESS;
   ---> urDeviceGetInfo
   <--- urDeviceGetInfo(.hDevice = 0x3c7df040, .propName = UR_DEVICE_INFO_SUPPORTED_PARTITIONS, .propSize = 0, .pPropValue = nullptr, .pPropSizeRet = 0x7ffea9401508 (0)) -> UR_RESULT_SUCCESS;
   ---> urDeviceGetInfo
[2026-10-08 12:19:03.212] [thread-id: 123410861513920] [trace] zeDevicePciGetPropertiesExt(hDevice, pPciProperties)
[2026-10-08 12:19:03.212] [thread-id: 123410861513920] [trace] SUCCESS (ZE_RESULT_SUCCESS) in zeDevicePciGetPropertiesExt(hDevice=0x3c7c9f28, pPciProperties={stype=0x7ffea94011d0, address={domain=0, bus=5, device=0, function=0}, maxSpeed={genVersion=4, width=8, maxBandwidth=15753846153}})
   <--- urDeviceGetInfo(.hDevice = 0x3c7df040, .propName = UR_DEVICE_INFO_PCI_ADDRESS, .propSize = 0, .pPropValue = nullptr, .pPropSizeRet = 0x7ffea9401648 (13)) -> UR_RESULT_SUCCESS;
   ---> urDeviceGetInfo
[2026-10-08 12:19:03.212] [thread-id: 123410861513920] [trace] zeDevicePciGetPropertiesExt(hDevice, pPciProperties)
[2026-10-08 12:19:03.212] [thread-id: 123410861513920] [trace] SUCCESS (ZE_RESULT_SUCCESS) in zeDevicePciGetPropertiesExt(hDevice=0x3c7c9f28, pPciProperties={stype=0x7ffea94012e0, address={domain=0, bus=5, device=0, function=0}, maxSpeed={genVersion=4, width=8, maxBandwidth=15753846153}})
   <--- urDeviceGetInfo(.hDevice = 0x3c7df040, .propName = UR_DEVICE_INFO_PCI_ADDRESS, .propSize = 0, .pPropValue = nullptr, .pPropSizeRet = 0x7ffea9401750 (13)) -> UR_RESULT_SUCCESS;
   ---> urDeviceGetInfo
[2026-10-08 12:19:03.212] [thread-id: 123410861513920] [trace] zeDevicePciGetPropertiesExt(hDevice, pPciProperties)
[2026-10-08 12:19:03.212] [thread-id: 123410861513920] [trace] SUCCESS (ZE_RESULT_SUCCESS) in zeDevicePciGetPropertiesExt(hDevice=0x3c7c9f28, pPciProperties={stype=0x7ffea94012e0, address={domain=0, bus=5, device=0, function=0}, maxSpeed={genVersion=4, width=8, maxBandwidth=15753846153}})
   <--- urDeviceGetInfo(.hDevice = 0x3c7df040, .propName = UR_DEVICE_INFO_PCI_ADDRESS, .propSize = 13, .pPropValue = 0x7ffea94017a0 (0000:05:00.0), .pPropSizeRet = nullptr) -> UR_RESULT_SUCCESS;
   ---> urDeviceGet
[2026-10-08 12:19:03.212] [thread-id: 123410861513920] [trace] zeDeviceGetRootDevice(hDevice, phRootDevice)
[2026-10-08 12:19:03.212] [thread-id: 123410861513920] [trace] SUCCESS (ZE_RESULT_SUCCESS) in zeDeviceGetRootDevice(hDevice=0x3c7c9f28, phRootDevice=0x7ffea9401100)
   <--- urDeviceGet(.hPlatform = 0x3c7dd810, .DeviceType = UR_DEVICE_TYPE_ALL, .NumEntries = 0, .phDevices = nullptr, .pNumDevices = 0x7ffea940152c (1)) -> UR_RESULT_SUCCESS;
   ---> urDeviceGet
[2026-10-08 12:19:03.212] [thread-id: 123410861513920] [trace] zeDeviceGetRootDevice(hDevice, phRootDevice)
[2026-10-08 12:19:03.212] [thread-id: 123410861513920] [trace] SUCCESS (ZE_RESULT_SUCCESS) in zeDeviceGetRootDevice(hDevice=0x3c7c9f28, phRootDevice=0x7ffea9401100)
   <--- urDeviceGet(.hPlatform = 0x3c7dd810, .DeviceType = UR_DEVICE_TYPE_ALL, .NumEntries = 1, .phDevices = 0x3c7dfd40 {0x3c7df040}, .pNumDevices = nullptr) -> UR_RESULT_SUCCESS;
   ---> urPlatformGetInfo
   <--- urPlatformGetInfo(.hPlatform = 0x3c7dd810, .propName = UR_PLATFORM_INFO_VERSION, .propSize = 0, .pPropValue = nullptr, .pPropSizeRet = 0x7ffea9401100 (5)) -> UR_RESULT_SUCCESS;
   ---> urPlatformGetInfo
   <--- urPlatformGetInfo(.hPlatform = 0x3c7dd810, .propName = UR_PLATFORM_INFO_VERSION, .propSize = 5, .pPropValue = 0x7ffea9401268 (1.17), .pPropSizeRet = nullptr) -> UR_RESULT_SUCCESS;
   ---> urPlatformGetInfo
   <--- urPlatformGetInfo(.hPlatform = 0x3c7dd810, .propName = UR_PLATFORM_INFO_NAME, .propSize = 0, .pPropValue = nullptr, .pPropSizeRet = 0x7ffea9401100 (51)) -> UR_RESULT_SUCCESS;
   ---> urPlatformGetInfo
   <--- urPlatformGetInfo(.hPlatform = 0x3c7dd810, .propName = UR_PLATFORM_INFO_NAME, .propSize = 51, .pPropValue = 0x3c7dfc30 (Intel(R) oneAPI Unified Runtime over Level-Zero V2), .pPropSizeRet = nullptr) -> UR_RESULT_SUCCESS;
   ---> urDeviceGetInfo
   <--- urDeviceGetInfo(.hDevice = 0x3c7df040, .propName = UR_DEVICE_INFO_TYPE, .propSize = 4, .pPropValue = 0x7ffea94011dc (UR_DEVICE_TYPE_GPU), .pPropSizeRet = nullptr) -> UR_RESULT_SUCCESS;
   ---> urDeviceGetInfo
   <--- urDeviceGetInfo(.hDevice = 0x3c7df040, .propName = UR_DEVICE_INFO_VENDOR_ID, .propSize = 4, .pPropValue = 0x7ffea9401258 (32902), .pPropSizeRet = nullptr) -> UR_RESULT_SUCCESS;
   ---> urDeviceGetInfo
   <--- urDeviceGetInfo(.hDevice = 0x3c7df040, .propName = UR_DEVICE_INFO_DRIVER_VERSION, .propSize = 0, .pPropValue = nullptr, .pPropSizeRet = 0x7ffea9401100 (14)) -> UR_RESULT_SUCCESS;
   ---> urDeviceGetInfo
   <--- urDeviceGetInfo(.hDevice = 0x3c7df040, .propName = UR_DEVICE_INFO_DRIVER_VERSION, .propSize = 14, .pPropValue = 0x7ffea9401228 (1.17.39395+14), .pPropSizeRet = nullptr) -> UR_RESULT_SUCCESS;
   ---> urPlatformGetInfo
   <--- urPlatformGetInfo(.hPlatform = 0x3c7dd810, .propName = UR_PLATFORM_INFO_BACKEND, .propSize = 4, .pPropValue = 0x7ffea940141c (UR_BACKEND_LEVEL_ZERO), .pPropSizeRet = nullptr) -> UR_RESULT_SUCCESS;
   ---> urDeviceGetInfo
   <--- urDeviceGetInfo(.hDevice = 0x3c7df040, .propName = UR_DEVICE_INFO_TYPE, .propSize = 4, .pPropValue = 0x7ffea9401414 (UR_DEVICE_TYPE_GPU), .pPropSizeRet = nullptr) -> UR_RESULT_SUCCESS;
   ---> urDeviceRelease
   <--- urDeviceRelease(.hDevice = 0x3c7df040) -> UR_RESULT_SUCCESS;
   ---> urDeviceGetInfo
   <--- urDeviceGetInfo(.hDevice = 0x3c7df040, .propName = UR_DEVICE_INFO_SUPPORTED_PARTITIONS, .propSize = 0, .pPropValue = nullptr, .pPropSizeRet = 0x7ffea9401408 (0)) -> UR_RESULT_SUCCESS;
   ---> urDeviceGetInfo
[2026-10-08 12:19:03.212] [thread-id: 123410861513920] [trace] zeDeviceGetSubDevices(hDevice, pCount, phSubdevices)
[2026-10-08 12:19:03.212] [thread-id: 123410861513920] [trace] SUCCESS (ZE_RESULT_SUCCESS) in zeDeviceGetSubDevices(hDevice=0x3c7c9f28, pCount=0, phSubdevices=nullptr)
   <--- urDeviceGetInfo(.hDevice = 0x3c7df040, .propName = UR_DEVICE_INFO_COMPONENT_DEVICES, .propSize = 0, .pPropValue = nullptr, .pPropSizeRet = 0x7ffea9401220 (0)) -> UR_RESULT_SUCCESS;
   ---> urContextCreate
[2026-10-08 12:19:03.212] [thread-id: 123410861513920] [trace] zeContextCreate(hDriver, desc, phContext)
[2026-10-08 12:19:03.212] [thread-id: 123410861513920] [trace] SUCCESS (ZE_RESULT_SUCCESS) in zeContextCreate(hDriver=0x3c7c99c8, desc={stype=0x7ffea9401150, flags=0}, phContext=0x3c7e0738)
[2026-10-08 12:19:03.212] [thread-id: 123410861513920] [trace] zeMemAllocHost(hContext, host_desc, size, alignment, pptr)
[2026-10-08 12:19:03.213] [thread-id: 123410861513920] [trace] SUCCESS (ZE_RESULT_SUCCESS) in zeMemAllocHost(hContext=0x3c7e0738, host_desc={stype=0x7ffea9400bd0, flags=0}, size=1, alignment=0, pptr=0x703dc21ffe00)
[2026-10-08 12:19:03.213] [thread-id: 123410861513920] [trace] zeMemGetAllocProperties(hContext, ptr, pMemAllocProperties, phDevice)
[2026-10-08 12:19:03.213] [thread-id: 123410861513920] [trace] SUCCESS (ZE_RESULT_SUCCESS) in zeMemGetAllocProperties(hContext=0x3c7e0738, ptr=0x703dc21ffe00, pMemAllocProperties={stype=0x7ffea9400bd0, type=0x7ffea9400be0, id=1, pageSize=2097152}, phDevice=nullptr)
[2026-10-08 12:19:03.213] [thread-id: 123410861513920] [trace] zeMemFreeExt(hContext, pMemFreeDesc, ptr)
[2026-10-08 12:19:03.213] [thread-id: 123410861513920] [trace] SUCCESS (ZE_RESULT_SUCCESS) in zeMemFreeExt(hContext=0x3c7e0738, pMemFreeDesc={stype=0x7ffea9400bb0, freePolicy=1}, ptr=0x703dc21ffe00)
[2026-10-08 12:19:03.213] [thread-id: 123410861513920] [trace] zeDeviceGetProperties(hDevice, pDeviceProperties)
[2026-10-08 12:19:03.213] [thread-id: 123410861513920] [trace] SUCCESS (ZE_RESULT_SUCCESS) in zeDeviceGetProperties(hDevice=0x3c7c9f28, pDeviceProperties={stype=0x703dc262f068, type=0x703dc262f078, vendorId=32902, deviceId=57868, flags=8, subdeviceId=0, coreClockRate=2750, maxMemAllocSize=10132807680, maxHardwareContexts=65536, maxCommandQueuePriority=0, numThreadsPerEU=8, physicalEUSimdWidth=16, numEUsPerSubslice=8, numSubslicesPerSlice=4, numSlices=5, timerResolution=52, timestampValidBits=64, kernelTimestampValidBits=64, uuid={id=134}, name="Intel(R) Arc(TM) B570 Graphics"})
[2026-10-08 12:19:03.213] [thread-id: 123410861513920] [trace] zeMemAllocDevice(hContext, device_desc, size, alignment, hDevice, pptr)
[2026-10-08 12:19:03.213] [thread-id: 123410861513920] [trace] SUCCESS (ZE_RESULT_SUCCESS) in zeMemAllocDevice(hContext=0x3c7e0738, device_desc={stype=0x7ffea9400b90, flags=0, ordinal=0}, size=1, alignment=0, hDevice=0x3c7c9f28, pptr=0xffffffffff9ffe00)
[2026-10-08 12:19:03.213] [thread-id: 123410861513920] [trace] zeContextMakeMemoryResident(hContext, hDevice, ptr, size)
[2026-10-08 12:19:03.213] [thread-id: 123410861513920] [trace] SUCCESS (ZE_RESULT_SUCCESS) in zeContextMakeMemoryResident(hContext=0x3c7e0738, hDevice=0x3c7c9f28, ptr=0xffffffffff9ffe00, size=1)
[2026-10-08 12:19:03.213] [thread-id: 123410861513920] [trace] zeMemGetAllocProperties(hContext, ptr, pMemAllocProperties, phDevice)
[2026-10-08 12:19:03.213] [thread-id: 123410861513920] [trace] SUCCESS (ZE_RESULT_SUCCESS) in zeMemGetAllocProperties(hContext=0x3c7e0738, ptr=0xffffffffff9ffe00, pMemAllocProperties={stype=0x7ffea9400bd0, type=0x7ffea9400be0, id=3, pageSize=65536}, phDevice=nullptr)
[2026-10-08 12:19:03.213] [thread-id: 123410861513920] [trace] zeMemFreeExt(hContext, pMemFreeDesc, ptr)
[2026-10-08 12:19:03.214] [thread-id: 123410861513920] [trace] SUCCESS (ZE_RESULT_SUCCESS) in zeMemFreeExt(hContext=0x3c7e0738, pMemFreeDesc={stype=0x7ffea9400bb0, freePolicy=1}, ptr=0xffffffffff9ffe00)
[2026-10-08 12:19:03.214] [thread-id: 123410861513920] [trace] zeDeviceGetProperties(hDevice, pDeviceProperties)
[2026-10-08 12:19:03.214] [thread-id: 123410861513920] [trace] SUCCESS (ZE_RESULT_SUCCESS) in zeDeviceGetProperties(hDevice=0x3c7c9f28, pDeviceProperties={stype=0x703dc2627068, type=0x703dc2627078, vendorId=32902, deviceId=57868, flags=8, subdeviceId=0, coreClockRate=2750, maxMemAllocSize=10132807680, maxHardwareContexts=65536, maxCommandQueuePriority=0, numThreadsPerEU=8, physicalEUSimdWidth=16, numEUsPerSubslice=8, numSubslicesPerSlice=4, numSlices=5, timerResolution=52, timestampValidBits=64, kernelTimestampValidBits=64, uuid={id=134}, name="Intel(R) Arc(TM) B570 Graphics"})
[2026-10-08 12:19:03.214] [thread-id: 123410861513920] [trace] zeMemAllocShared(hContext, device_desc, host_desc, size, alignment, hDevice, pptr)
[2026-10-08 12:19:03.214] [thread-id: 123410861513920] [trace] SUCCESS (ZE_RESULT_SUCCESS) in zeMemAllocShared(hContext=0x3c7e0738, device_desc={stype=0x7ffea9400bd0, flags=0, ordinal=0}, host_desc={stype=0x7ffea9400bb0, flags=0}, size=1, alignment=0, hDevice=0x3c7c9f28, pptr=0x703dc22b0000)
[2026-10-08 12:19:03.214] [thread-id: 123410861513920] [trace] zeMemGetAllocProperties(hContext, ptr, pMemAllocProperties, phDevice)
[2026-10-08 12:19:03.214] [thread-id: 123410861513920] [trace] SUCCESS (ZE_RESULT_SUCCESS) in zeMemGetAllocProperties(hContext=0x3c7e0738, ptr=0x703dc22b0000, pMemAllocProperties={stype=0x7ffea9400bd0, type=0x7ffea9400be0, id=5, pageSize=65536}, phDevice=nullptr)
[2026-10-08 12:19:03.214] [thread-id: 123410861513920] [trace] zeMemFreeExt(hContext, pMemFreeDesc, ptr)
[2026-10-08 12:19:03.214] [thread-id: 123410861513920] [trace] SUCCESS (ZE_RESULT_SUCCESS) in zeMemFreeExt(hContext=0x3c7e0738, pMemFreeDesc={stype=0x7ffea9400bb0, freePolicy=1}, ptr=0x703dc22b0000)
[2026-10-08 12:19:03.214] [thread-id: 123410861513920] [trace] zeDeviceGetProperties(hDevice, pDeviceProperties)
[2026-10-08 12:19:03.214] [thread-id: 123410861513920] [trace] SUCCESS (ZE_RESULT_SUCCESS) in zeDeviceGetProperties(hDevice=0x3c7c9f28, pDeviceProperties={stype=0x703dc22b9068, type=0x703dc22b9078, vendorId=32902, deviceId=57868, flags=8, subdeviceId=0, coreClockRate=2750, maxMemAllocSize=10132807680, maxHardwareContexts=65536, maxCommandQueuePriority=0, numThreadsPerEU=8, physicalEUSimdWidth=16, numEUsPerSubslice=8, numSubslicesPerSlice=4, numSlices=5, timerResolution=52, timestampValidBits=64, kernelTimestampValidBits=64, uuid={id=134}, name="Intel(R) Arc(TM) B570 Graphics"})
[2026-10-08 12:19:03.214] [thread-id: 123410861513920] [trace] zeMemAllocShared(hContext, device_desc, host_desc, size, alignment, hDevice, pptr)
[2026-10-08 12:19:03.214] [thread-id: 123410861513920] [trace] SUCCESS (ZE_RESULT_SUCCESS) in zeMemAllocShared(hContext=0x3c7e0738, device_desc={stype=0x7ffea9400bd0, flags=0, ordinal=0}, host_desc={stype=0x7ffea9400bb0, flags=0}, size=1, alignment=0, hDevice=0x3c7c9f28, pptr=0x703dc22a0000)
[2026-10-08 12:19:03.214] [thread-id: 123410861513920] [trace] zeMemGetAllocProperties(hContext, ptr, pMemAllocProperties, phDevice)
[2026-10-08 12:19:03.214] [thread-id: 123410861513920] [trace] SUCCESS (ZE_RESULT_SUCCESS) in zeMemGetAllocProperties(hContext=0x3c7e0738, ptr=0x703dc22a0000, pMemAllocProperties={stype=0x7ffea9400bd0, type=0x7ffea9400be0, id=6, pageSize=65536}, phDevice=nullptr)
[2026-10-08 12:19:03.214] [thread-id: 123410861513920] [trace] zeMemFreeExt(hContext, pMemFreeDesc, ptr)
[2026-10-08 12:19:03.215] [thread-id: 123410861513920] [trace] SUCCESS (ZE_RESULT_SUCCESS) in zeMemFreeExt(hContext=0x3c7e0738, pMemFreeDesc={stype=0x7ffea9400bb0, freePolicy=1}, ptr=0x703dc22a0000)
[2026-10-08 12:19:03.215] [thread-id: 123410861513920] [trace] zeMemAllocHost(hContext, host_desc, size, alignment, pptr)
[2026-10-08 12:19:03.215] [thread-id: 123410861513920] [trace] SUCCESS (ZE_RESULT_SUCCESS) in zeMemAllocHost(hContext=0x3c7e0738, host_desc={stype=0x7ffea9400bd0, flags=0}, size=1, alignment=0, pptr=0x703dc21ffe00)
[2026-10-08 12:19:03.215] [thread-id: 123410861513920] [trace] zeMemGetAllocProperties(hContext, ptr, pMemAllocProperties, phDevice)
[2026-10-08 12:19:03.215] [thread-id: 123410861513920] [trace] SUCCESS (ZE_RESULT_SUCCESS) in zeMemGetAllocProperties(hContext=0x3c7e0738, ptr=0x703dc21ffe00, pMemAllocProperties={stype=0x7ffea9400bd0, type=0x7ffea9400be0, id=1, pageSize=2097152}, phDevice=nullptr)
[2026-10-08 12:19:03.215] [thread-id: 123410861513920] [trace] zeMemFreeExt(hContext, pMemFreeDesc, ptr)
[2026-10-08 12:19:03.215] [thread-id: 123410861513920] [trace] SUCCESS (ZE_RESULT_SUCCESS) in zeMemFreeExt(hContext=0x3c7e0738, pMemFreeDesc={stype=0x7ffea9400bb0, freePolicy=1}, ptr=0x703dc21ffe00)
[2026-10-08 12:19:03.215] [thread-id: 123410861513920] [trace] zeDeviceGetProperties(hDevice, pDeviceProperties)
[2026-10-08 12:19:03.215] [thread-id: 123410861513920] [trace] SUCCESS (ZE_RESULT_SUCCESS) in zeDeviceGetProperties(hDevice=0x3c7c9f28, pDeviceProperties={stype=0x703dc22b1068, type=0x703dc22b1078, vendorId=32902, deviceId=57868, flags=8, subdeviceId=0, coreClockRate=2750, maxMemAllocSize=10132807680, maxHardwareContexts=65536, maxCommandQueuePriority=0, numThreadsPerEU=8, physicalEUSimdWidth=16, numEUsPerSubslice=8, numSubslicesPerSlice=4, numSlices=5, timerResolution=52, timestampValidBits=64, kernelTimestampValidBits=64, uuid={id=134}, name="Intel(R) Arc(TM) B570 Graphics"})
[2026-10-08 12:19:03.215] [thread-id: 123410861513920] [trace] zeMemAllocDevice(hContext, device_desc, size, alignment, hDevice, pptr)
[2026-10-08 12:19:03.215] [thread-id: 123410861513920] [trace] SUCCESS (ZE_RESULT_SUCCESS) in zeMemAllocDevice(hContext=0x3c7e0738, device_desc={stype=0x7ffea9400b90, flags=0, ordinal=0}, size=1, alignment=0, hDevice=0x3c7c9f28, pptr=0xffffffffff9ffe00)
[2026-10-08 12:19:03.215] [thread-id: 123410861513920] [trace] zeContextMakeMemoryResident(hContext, hDevice, ptr, size)
[2026-10-08 12:19:03.215] [thread-id: 123410861513920] [trace] SUCCESS (ZE_RESULT_SUCCESS) in zeContextMakeMemoryResident(hContext=0x3c7e0738, hDevice=0x3c7c9f28, ptr=0xffffffffff9ffe00, size=1)
[2026-10-08 12:19:03.215] [thread-id: 123410861513920] [trace] zeMemGetAllocProperties(hContext, ptr, pMemAllocProperties, phDevice)
[2026-10-08 12:19:03.215] [thread-id: 123410861513920] [trace] SUCCESS (ZE_RESULT_SUCCESS) in zeMemGetAllocProperties(hContext=0x3c7e0738, ptr=0xffffffffff9ffe00, pMemAllocProperties={stype=0x7ffea9400bd0, type=0x7ffea9400be0, id=3, pageSize=65536}, phDevice=nullptr)
[2026-10-08 12:19:03.215] [thread-id: 123410861513920] [trace] zeMemFreeExt(hContext, pMemFreeDesc, ptr)
[2026-10-08 12:19:03.215] [thread-id: 123410861513920] [trace] SUCCESS (ZE_RESULT_SUCCESS) in zeMemFreeExt(hContext=0x3c7e0738, pMemFreeDesc={stype=0x7ffea9400bb0, freePolicy=1}, ptr=0xffffffffff9ffe00)
[2026-10-08 12:19:03.215] [thread-id: 123410861513920] [trace] zeDeviceGetProperties(hDevice, pDeviceProperties)
[2026-10-08 12:19:03.215] [thread-id: 123410861513920] [trace] SUCCESS (ZE_RESULT_SUCCESS) in zeDeviceGetProperties(hDevice=0x3c7c9f28, pDeviceProperties={stype=0x703dc22a4068, type=0x703dc22a4078, vendorId=32902, deviceId=57868, flags=8, subdeviceId=0, coreClockRate=2750, maxMemAllocSize=10132807680, maxHardwareContexts=65536, maxCommandQueuePriority=0, numThreadsPerEU=8, physicalEUSimdWidth=16, numEUsPerSubslice=8, numSubslicesPerSlice=4, numSlices=5, timerResolution=52, timestampValidBits=64, kernelTimestampValidBits=64, uuid={id=134}, name="Intel(R) Arc(TM) B570 Graphics"})
[2026-10-08 12:19:03.215] [thread-id: 123410861513920] [trace] zeMemAllocShared(hContext, device_desc, host_desc, size, alignment, hDevice, pptr)
[2026-10-08 12:19:03.215] [thread-id: 123410861513920] [trace] SUCCESS (ZE_RESULT_SUCCESS) in zeMemAllocShared(hContext=0x3c7e0738, device_desc={stype=0x7ffea9400bd0, flags=0, ordinal=0}, host_desc={stype=0x7ffea9400bb0, flags=0}, size=1, alignment=0, hDevice=0x3c7c9f28, pptr=0x703dc2290000)
[2026-10-08 12:19:03.215] [thread-id: 123410861513920] [trace] zeMemGetAllocProperties(hContext, ptr, pMemAllocProperties, phDevice)
[2026-10-08 12:19:03.215] [thread-id: 123410861513920] [trace] SUCCESS (ZE_RESULT_SUCCESS) in zeMemGetAllocProperties(hContext=0x3c7e0738, ptr=0x703dc2290000, pMemAllocProperties={stype=0x7ffea9400bd0, type=0x7ffea9400be0, id=9, pageSize=65536}, phDevice=nullptr)
[2026-10-08 12:19:03.215] [thread-id: 123410861513920] [trace] zeMemFreeExt(hContext, pMemFreeDesc, ptr)
[2026-10-08 12:19:03.216] [thread-id: 123410861513920] [trace] SUCCESS (ZE_RESULT_SUCCESS) in zeMemFreeExt(hContext=0x3c7e0738, pMemFreeDesc={stype=0x7ffea9400bb0, freePolicy=1}, ptr=0x703dc2290000)
[2026-10-08 12:19:03.216] [thread-id: 123410861513920] [trace] zeDeviceGetProperties(hDevice, pDeviceProperties)
[2026-10-08 12:19:03.216] [thread-id: 123410861513920] [trace] SUCCESS (ZE_RESULT_SUCCESS) in zeDeviceGetProperties(hDevice=0x3c7c9f28, pDeviceProperties={stype=0x703dc22a0068, type=0x703dc22a0078, vendorId=32902, deviceId=57868, flags=8, subdeviceId=0, coreClockRate=2750, maxMemAllocSize=10132807680, maxHardwareContexts=65536, maxCommandQueuePriority=0, numThreadsPerEU=8, physicalEUSimdWidth=16, numEUsPerSubslice=8, numSubslicesPerSlice=4, numSlices=5, timerResolution=52, timestampValidBits=64, kernelTimestampValidBits=64, uuid={id=134}, name="Intel(R) Arc(TM) B570 Graphics"})
[2026-10-08 12:19:03.216] [thread-id: 123410861513920] [trace] zeMemAllocShared(hContext, device_desc, host_desc, size, alignment, hDevice, pptr)
[2026-10-08 12:19:03.216] [thread-id: 123410861513920] [trace] SUCCESS (ZE_RESULT_SUCCESS) in zeMemAllocShared(hContext=0x3c7e0738, device_desc={stype=0x7ffea9400bd0, flags=0, ordinal=0}, host_desc={stype=0x7ffea9400bb0, flags=0}, size=1, alignment=0, hDevice=0x3c7c9f28, pptr=0x703dc2280000)
[2026-10-08 12:19:03.216] [thread-id: 123410861513920] [trace] zeMemGetAllocProperties(hContext, ptr, pMemAllocProperties, phDevice)
[2026-10-08 12:19:03.216] [thread-id: 123410861513920] [trace] SUCCESS (ZE_RESULT_SUCCESS) in zeMemGetAllocProperties(hContext=0x3c7e0738, ptr=0x703dc2280000, pMemAllocProperties={stype=0x7ffea9400bd0, type=0x7ffea9400be0, id=10, pageSize=65536}, phDevice=nullptr)
[2026-10-08 12:19:03.216] [thread-id: 123410861513920] [trace] zeMemFreeExt(hContext, pMemFreeDesc, ptr)
[2026-10-08 12:19:03.216] [thread-id: 123410861513920] [trace] SUCCESS (ZE_RESULT_SUCCESS) in zeMemFreeExt(hContext=0x3c7e0738, pMemFreeDesc={stype=0x7ffea9400bb0, freePolicy=1}, ptr=0x703dc2280000)
   <--- urContextCreate(.DeviceCount = 1, .phDevices = 0x3c7dfce0 {0x3c7df040}, .pProperties = nullptr, .phContext = 0x3c7e1c40 (0x3c7e3b90)) -> UR_RESULT_SUCCESS;
   ---> urQueueCreate
<LEVEL_ZERO>[INFO]: Copy offload is disabled by the environment variable.
<LEVEL_ZERO>[DEBUG]: create command list ordinal: 0, type: immediate, device: 0x3c7c9f28, inOrder: 1
[2026-10-08 12:19:03.216] [thread-id: 123410861513920] [trace] zeCommandListCreateImmediate(hContext, hDevice, altdesc, phCommandList)
[2026-10-08 12:19:03.218] [thread-id: 123410861513920] [trace] SUCCESS (ZE_RESULT_SUCCESS) in zeCommandListCreateImmediate(hContext=0x3c7e0738, hDevice=0x3c7c9f28, altdesc={stype=0x7ffea94010d0, ordinal=0, index=0, flags=2, mode=0x7ffea94010ec, priority=0x7ffea94010f0}, phCommandList=0x3c7e7d88)
[2026-10-08 12:19:03.218] [thread-id: 123410861513920] [trace] zeDriverGetExtensionFunctionAddress(hDriver, name, ppFunctionAddress)
[2026-10-08 12:19:03.218] [thread-id: 123410861513920] [trace] SUCCESS (ZE_RESULT_SUCCESS) in zeDriverGetExtensionFunctionAddress(hDriver=0x3c7c99c8, name="zexCounterBasedEventCreate2", ppFunctionAddress=0x703dd077ac00)
   <--- urQueueCreate(.hContext = 0x3c7e3b90, .hDevice = 0x3c7df040, .pProperties = 0x7ffea94016b0 ((struct ur_queue_properties_t){.stype = UR_STRUCTURE_TYPE_QUEUE_PROPERTIES, .pNext = nullptr, .flags = 0}), .phQueue = 0x7ffea94016c8 (0x3c7e70a0)) -> UR_RESULT_SUCCESS;
   ---> urDeviceGetInfo
[2026-10-08 12:19:03.218] [thread-id: 123410861513920] [trace] zeDeviceGetMemoryAccessProperties(hDevice, pMemAccessProperties)
[2026-10-08 12:19:03.218] [thread-id: 123410861513920] [trace] SUCCESS (ZE_RESULT_SUCCESS) in zeDeviceGetMemoryAccessProperties(hDevice=0x3c7c9f28, pMemAccessProperties={stype=0x3c7df420, hostAllocCapabilities=3, deviceAllocCapabilities=3, sharedSingleDeviceAllocCapabilities=3, sharedCrossDeviceAllocCapabilities=0, sharedSystemAllocCapabilities=15})
   <--- urDeviceGetInfo(.hDevice = 0x3c7df040, .propName = UR_DEVICE_INFO_USM_DEVICE_SUPPORT, .propSize = 4, .pPropValue = 0x7ffea9401514 (UR_DEVICE_USM_ACCESS_CAPABILITY_FLAG_ACCESS | UR_DEVICE_USM_ACCESS_CAPABILITY_FLAG_ATOMIC_ACCESS), .pPropSizeRet = nullptr) -> UR_RESULT_SUCCESS;
   ---> urUSMDeviceAlloc
[2026-10-08 12:19:03.218] [thread-id: 123410861513920] [trace] zeMemAllocDevice(hContext, device_desc, size, alignment, hDevice, pptr)
[2026-10-08 12:19:03.218] [thread-id: 123410861513920] [trace] SUCCESS (ZE_RESULT_SUCCESS) in zeMemAllocDevice(hContext=0x3c7e0738, device_desc={stype=0x7ffea9401120, flags=0, ordinal=0}, size=65536, alignment=0, hDevice=0x3c7c9f28, pptr=0xffffffffff600000)
[2026-10-08 12:19:03.218] [thread-id: 123410861513920] [trace] zeContextMakeMemoryResident(hContext, hDevice, ptr, size)
[2026-10-08 12:19:03.218] [thread-id: 123410861513920] [trace] SUCCESS (ZE_RESULT_SUCCESS) in zeContextMakeMemoryResident(hContext=0x3c7e0738, hDevice=0x3c7c9f28, ptr=0xffffffffff600000, size=65536)
   <--- urUSMDeviceAlloc(.hContext = 0x3c7e3b90, .hDevice = 0x3c7df040, .pUSMDesc = 0x7ffea9401680 ((struct ur_usm_desc_t){.stype = UR_STRUCTURE_TYPE_CONTEXT_PROPERTIES, .pNext = nullptr, .hints = 0, .align = 4}), .pool = nullptr, .size = 65536, .ppMem = 0x7ffea9401698 (0xffffffffff600000)) -> UR_RESULT_SUCCESS;
   ---> urEnqueueUSMMemcpy
<LEVEL_ZERO>[DEBUG]: ze_event_pool_desc_t flags set to: 1
[2026-10-08 12:19:03.218] [thread-id: 123410861513920] [trace] zexCounterBasedEventCreate2(hContext, hDevice, desc, phEvent)
[2026-10-08 12:19:03.218] [thread-id: 123410861513920] [trace] SUCCESS (ZE_RESULT_SUCCESS) in zexCounterBasedEventCreate2(hContext=0x3c7e0738, hDevice=0x3c7c9f28, desc=0x7ffea94010d0, phEvent=0x3c818a68)
<LEVEL_ZERO>[DEBUG]: ze_event_pool_desc_t flags set to: 1
[2026-10-08 12:19:03.218] [thread-id: 123410861513920] [trace] zexCounterBasedEventCreate2(hContext, hDevice, desc, phEvent)
[2026-10-08 12:19:03.218] [thread-id: 123410861513920] [trace] SUCCESS (ZE_RESULT_SUCCESS) in zexCounterBasedEventCreate2(hContext=0x3c7e0738, hDevice=0x3c7c9f28, desc=0x7ffea94010d0, phEvent=0x3c818e08)
<LEVEL_ZERO>[DEBUG]: ze_event_pool_desc_t flags set to: 1
[2026-10-08 12:19:03.218] [thread-id: 123410861513920] [trace] zexCounterBasedEventCreate2(hContext, hDevice, desc, phEvent)
[2026-10-08 12:19:03.218] [thread-id: 123410861513920] [trace] SUCCESS (ZE_RESULT_SUCCESS) in zexCounterBasedEventCreate2(hContext=0x3c7e0738, hDevice=0x3c7c9f28, desc=0x7ffea94010d0, phEvent=0x3c819528)
<LEVEL_ZERO>[DEBUG]: ze_event_pool_desc_t flags set to: 1
[2026-10-08 12:19:03.218] [thread-id: 123410861513920] [trace] zexCounterBasedEventCreate2(hContext, hDevice, desc, phEvent)
[2026-10-08 12:19:03.218] [thread-id: 123410861513920] [trace] SUCCESS (ZE_RESULT_SUCCESS) in zexCounterBasedEventCreate2(hContext=0x3c7e0738, hDevice=0x3c7c9f28, desc=0x7ffea94010d0, phEvent=0x3c819a68)
<LEVEL_ZERO>[DEBUG]: ze_event_pool_desc_t flags set to: 1
[2026-10-08 12:19:03.218] [thread-id: 123410861513920] [trace] zexCounterBasedEventCreate2(hContext, hDevice, desc, phEvent)
[2026-10-08 12:19:03.218] [thread-id: 123410861513920] [trace] SUCCESS (ZE_RESULT_SUCCESS) in zexCounterBasedEventCreate2(hContext=0x3c7e0738, hDevice=0x3c7c9f28, desc=0x7ffea94010d0, phEvent=0x3c81a168)
<LEVEL_ZERO>[DEBUG]: ze_event_pool_desc_t flags set to: 1
[2026-10-08 12:19:03.218] [thread-id: 123410861513920] [trace] zexCounterBasedEventCreate2(hContext, hDevice, desc, phEvent)
[2026-10-08 12:19:03.218] [thread-id: 123410861513920] [trace] SUCCESS (ZE_RESULT_SUCCESS) in zexCounterBasedEventCreate2(hContext=0x3c7e0738, hDevice=0x3c7c9f28, desc=0x7ffea94010d0, phEvent=0x3c81a6c8)
<LEVEL_ZERO>[DEBUG]: ze_event_pool_desc_t flags set to: 1
[2026-10-08 12:19:03.219] [thread-id: 123410861513920] [trace] zexCounterBasedEventCreate2(hContext, hDevice, desc, phEvent)
[2026-10-08 12:19:03.219] [thread-id: 123410861513920] [trace] SUCCESS (ZE_RESULT_SUCCESS) in zexCounterBasedEventCreate2(hContext=0x3c7e0738, hDevice=0x3c7c9f28, desc=0x7ffea94010d0, phEvent=0x3c81adc8)
<LEVEL_ZERO>[DEBUG]: ze_event_pool_desc_t flags set to: 1
[2026-10-08 12:19:03.219] [thread-id: 123410861513920] [trace] zexCounterBasedEventCreate2(hContext, hDevice, desc, phEvent)
[2026-10-08 12:19:03.219] [thread-id: 123410861513920] [trace] SUCCESS (ZE_RESULT_SUCCESS) in zexCounterBasedEventCreate2(hContext=0x3c7e0738, hDevice=0x3c7c9f28, desc=0x7ffea94010d0, phEvent=0x3c81b2d8)
<LEVEL_ZERO>[DEBUG]: ze_event_pool_desc_t flags set to: 1
[2026-10-08 12:19:03.219] [thread-id: 123410861513920] [trace] zexCounterBasedEventCreate2(hContext, hDevice, desc, phEvent)
[2026-10-08 12:19:03.219] [thread-id: 123410861513920] [trace] SUCCESS (ZE_RESULT_SUCCESS) in zexCounterBasedEventCreate2(hContext=0x3c7e0738, hDevice=0x3c7c9f28, desc=0x7ffea94010d0, phEvent=0x3c81b9d8)
<LEVEL_ZERO>[DEBUG]: ze_event_pool_desc_t flags set to: 1
[2026-10-08 12:19:03.219] [thread-id: 123410861513920] [trace] zexCounterBasedEventCreate2(hContext, hDevice, desc, phEvent)
[2026-10-08 12:19:03.219] [thread-id: 123410861513920] [trace] SUCCESS (ZE_RESULT_SUCCESS) in zexCounterBasedEventCreate2(hContext=0x3c7e0738, hDevice=0x3c7c9f28, desc=0x7ffea94010d0, phEvent=0x3c81bee8)
<LEVEL_ZERO>[DEBUG]: ze_event_pool_desc_t flags set to: 1
[2026-10-08 12:19:03.219] [thread-id: 123410861513920] [trace] zexCounterBasedEventCreate2(hContext, hDevice, desc, phEvent)
[2026-10-08 12:19:03.219] [thread-id: 123410861513920] [trace] SUCCESS (ZE_RESULT_SUCCESS) in zexCounterBasedEventCreate2(hContext=0x3c7e0738, hDevice=0x3c7c9f28, desc=0x7ffea94010d0, phEvent=0x3c81c5e8)
<LEVEL_ZERO>[DEBUG]: ze_event_pool_desc_t flags set to: 1
[2026-10-08 12:19:03.219] [thread-id: 123410861513920] [trace] zexCounterBasedEventCreate2(hContext, hDevice, desc, phEvent)
[2026-10-08 12:19:03.219] [thread-id: 123410861513920] [trace] SUCCESS (ZE_RESULT_SUCCESS) in zexCounterBasedEventCreate2(hContext=0x3c7e0738, hDevice=0x3c7c9f28, desc=0x7ffea94010d0, phEvent=0x3c81cb98)
<LEVEL_ZERO>[DEBUG]: ze_event_pool_desc_t flags set to: 1
[2026-10-08 12:19:03.219] [thread-id: 123410861513920] [trace] zexCounterBasedEventCreate2(hContext, hDevice, desc, phEvent)
[2026-10-08 12:19:03.219] [thread-id: 123410861513920] [trace] SUCCESS (ZE_RESULT_SUCCESS) in zexCounterBasedEventCreate2(hContext=0x3c7e0738, hDevice=0x3c7c9f28, desc=0x7ffea94010d0, phEvent=0x3c81d298)
<LEVEL_ZERO>[DEBUG]: ze_event_pool_desc_t flags set to: 1
[2026-10-08 12:19:03.219] [thread-id: 123410861513920] [trace] zexCounterBasedEventCreate2(hContext, hDevice, desc, phEvent)
[2026-10-08 12:19:03.219] [thread-id: 123410861513920] [trace] SUCCESS (ZE_RESULT_SUCCESS) in zexCounterBasedEventCreate2(hContext=0x3c7e0738, hDevice=0x3c7c9f28, desc=0x7ffea94010d0, phEvent=0x3c81d7a8)
<LEVEL_ZERO>[DEBUG]: ze_event_pool_desc_t flags set to: 1
[2026-10-08 12:19:03.219] [thread-id: 123410861513920] [trace] zexCounterBasedEventCreate2(hContext, hDevice, desc, phEvent)
[2026-10-08 12:19:03.219] [thread-id: 123410861513920] [trace] SUCCESS (ZE_RESULT_SUCCESS) in zexCounterBasedEventCreate2(hContext=0x3c7e0738, hDevice=0x3c7c9f28, desc=0x7ffea94010d0, phEvent=0x3c81dea8)
<LEVEL_ZERO>[DEBUG]: ze_event_pool_desc_t flags set to: 1
[2026-10-08 12:19:03.219] [thread-id: 123410861513920] [trace] zexCounterBasedEventCreate2(hContext, hDevice, desc, phEvent)
[2026-10-08 12:19:03.219] [thread-id: 123410861513920] [trace] SUCCESS (ZE_RESULT_SUCCESS) in zexCounterBasedEventCreate2(hContext=0x3c7e0738, hDevice=0x3c7c9f28, desc=0x7ffea94010d0, phEvent=0x3c81e3b8)
<LEVEL_ZERO>[DEBUG]: ze_event_pool_desc_t flags set to: 1
[2026-10-08 12:19:03.219] [thread-id: 123410861513920] [trace] zexCounterBasedEventCreate2(hContext, hDevice, desc, phEvent)
[2026-10-08 12:19:03.219] [thread-id: 123410861513920] [trace] SUCCESS (ZE_RESULT_SUCCESS) in zexCounterBasedEventCreate2(hContext=0x3c7e0738, hDevice=0x3c7c9f28, desc=0x7ffea94010d0, phEvent=0x3c81eab8)
<LEVEL_ZERO>[DEBUG]: ze_event_pool_desc_t flags set to: 1
[2026-10-08 12:19:03.219] [thread-id: 123410861513920] [trace] zexCounterBasedEventCreate2(hContext, hDevice, desc, phEvent)
[2026-10-08 12:19:03.219] [thread-id: 123410861513920] [trace] SUCCESS (ZE_RESULT_SUCCESS) in zexCounterBasedEventCreate2(hContext=0x3c7e0738, hDevice=0x3c7c9f28, desc=0x7ffea94010d0, phEvent=0x3c81f0d8)
<LEVEL_ZERO>[DEBUG]: ze_event_pool_desc_t flags set to: 1
[2026-10-08 12:19:03.219] [thread-id: 123410861513920] [trace] zexCounterBasedEventCreate2(hContext, hDevice, desc, phEvent)
[2026-10-08 12:19:03.219] [thread-id: 123410861513920] [trace] SUCCESS (ZE_RESULT_SUCCESS) in zexCounterBasedEventCreate2(hContext=0x3c7e0738, hDevice=0x3c7c9f28, desc=0x7ffea94010d0, phEvent=0x3c81f7d8)
<LEVEL_ZERO>[DEBUG]: ze_event_pool_desc_t flags set to: 1
[2026-10-08 12:19:03.219] [thread-id: 123410861513920] [trace] zexCounterBasedEventCreate2(hContext, hDevice, desc, phEvent)
[2026-10-08 12:19:03.219] [thread-id: 123410861513920] [trace] SUCCESS (ZE_RESULT_SUCCESS) in zexCounterBasedEventCreate2(hContext=0x3c7e0738, hDevice=0x3c7c9f28, desc=0x7ffea94010d0, phEvent=0x3c81fce8)
<LEVEL_ZERO>[DEBUG]: ze_event_pool_desc_t flags set to: 1
[2026-10-08 12:19:03.219] [thread-id: 123410861513920] [trace] zexCounterBasedEventCreate2(hContext, hDevice, desc, phEvent)
[2026-10-08 12:19:03.219] [thread-id: 123410861513920] [trace] SUCCESS (ZE_RESULT_SUCCESS) in zexCounterBasedEventCreate2(hContext=0x3c7e0738, hDevice=0x3c7c9f28, desc=0x7ffea94010d0, phEvent=0x3c8203e8)
<LEVEL_ZERO>[DEBUG]: ze_event_pool_desc_t flags set to: 1
[2026-10-08 12:19:03.219] [thread-id: 123410861513920] [trace] zexCounterBasedEventCreate2(hContext, hDevice, desc, phEvent)
[2026-10-08 12:19:03.219] [thread-id: 123410861513920] [trace] SUCCESS (ZE_RESULT_SUCCESS) in zexCounterBasedEventCreate2(hContext=0x3c7e0738, hDevice=0x3c7c9f28, desc=0x7ffea94010d0, phEvent=0x3c8208f8)
<LEVEL_ZERO>[DEBUG]: ze_event_pool_desc_t flags set to: 1
[2026-10-08 12:19:03.219] [thread-id: 123410861513920] [trace] zexCounterBasedEventCreate2(hContext, hDevice, desc, phEvent)
[2026-10-08 12:19:03.219] [thread-id: 123410861513920] [trace] SUCCESS (ZE_RESULT_SUCCESS) in zexCounterBasedEventCreate2(hContext=0x3c7e0738, hDevice=0x3c7c9f28, desc=0x7ffea94010d0, phEvent=0x3c820ff8)
<LEVEL_ZERO>[DEBUG]: ze_event_pool_desc_t flags set to: 1
[2026-10-08 12:19:03.219] [thread-id: 123410861513920] [trace] zexCounterBasedEventCreate2(hContext, hDevice, desc, phEvent)
[2026-10-08 12:19:03.219] [thread-id: 123410861513920] [trace] SUCCESS (ZE_RESULT_SUCCESS) in zexCounterBasedEventCreate2(hContext=0x3c7e0738, hDevice=0x3c7c9f28, desc=0x7ffea94010d0, phEvent=0x3c821508)
<LEVEL_ZERO>[DEBUG]: ze_event_pool_desc_t flags set to: 1
[2026-10-08 12:19:03.219] [thread-id: 123410861513920] [trace] zexCounterBasedEventCreate2(hContext, hDevice, desc, phEvent)
[2026-10-08 12:19:03.219] [thread-id: 123410861513920] [trace] SUCCESS (ZE_RESULT_SUCCESS) in zexCounterBasedEventCreate2(hContext=0x3c7e0738, hDevice=0x3c7c9f28, desc=0x7ffea94010d0, phEvent=0x3c821d48)
<LEVEL_ZERO>[DEBUG]: ze_event_pool_desc_t flags set to: 1
[2026-10-08 12:19:03.219] [thread-id: 123410861513920] [trace] zexCounterBasedEventCreate2(hContext, hDevice, desc, phEvent)
[2026-10-08 12:19:03.219] [thread-id: 123410861513920] [trace] SUCCESS (ZE_RESULT_SUCCESS) in zexCounterBasedEventCreate2(hContext=0x3c7e0738, hDevice=0x3c7c9f28, desc=0x7ffea94010d0, phEvent=0x3c822258)
<LEVEL_ZERO>[DEBUG]: ze_event_pool_desc_t flags set to: 1
[2026-10-08 12:19:03.219] [thread-id: 123410861513920] [trace] zexCounterBasedEventCreate2(hContext, hDevice, desc, phEvent)
[2026-10-08 12:19:03.219] [thread-id: 123410861513920] [trace] SUCCESS (ZE_RESULT_SUCCESS) in zexCounterBasedEventCreate2(hContext=0x3c7e0738, hDevice=0x3c7c9f28, desc=0x7ffea94010d0, phEvent=0x3c822958)
<LEVEL_ZERO>[DEBUG]: ze_event_pool_desc_t flags set to: 1
[2026-10-08 12:19:03.219] [thread-id: 123410861513920] [trace] zexCounterBasedEventCreate2(hContext, hDevice, desc, phEvent)
[2026-10-08 12:19:03.219] [thread-id: 123410861513920] [trace] SUCCESS (ZE_RESULT_SUCCESS) in zexCounterBasedEventCreate2(hContext=0x3c7e0738, hDevice=0x3c7c9f28, desc=0x7ffea94010d0, phEvent=0x3c822e68)
<LEVEL_ZERO>[DEBUG]: ze_event_pool_desc_t flags set to: 1
[2026-10-08 12:19:03.219] [thread-id: 123410861513920] [trace] zexCounterBasedEventCreate2(hContext, hDevice, desc, phEvent)
[2026-10-08 12:19:03.219] [thread-id: 123410861513920] [trace] SUCCESS (ZE_RESULT_SUCCESS) in zexCounterBasedEventCreate2(hContext=0x3c7e0738, hDevice=0x3c7c9f28, desc=0x7ffea94010d0, phEvent=0x3c823568)
<LEVEL_ZERO>[DEBUG]: ze_event_pool_desc_t flags set to: 1
[2026-10-08 12:19:03.219] [thread-id: 123410861513920] [trace] zexCounterBasedEventCreate2(hContext, hDevice, desc, phEvent)
[2026-10-08 12:19:03.219] [thread-id: 123410861513920] [trace] SUCCESS (ZE_RESULT_SUCCESS) in zexCounterBasedEventCreate2(hContext=0x3c7e0738, hDevice=0x3c7c9f28, desc=0x7ffea94010d0, phEvent=0x3c823a78)
<LEVEL_ZERO>[DEBUG]: ze_event_pool_desc_t flags set to: 1
[2026-10-08 12:19:03.219] [thread-id: 123410861513920] [trace] zexCounterBasedEventCreate2(hContext, hDevice, desc, phEvent)
[2026-10-08 12:19:03.219] [thread-id: 123410861513920] [trace] SUCCESS (ZE_RESULT_SUCCESS) in zexCounterBasedEventCreate2(hContext=0x3c7e0738, hDevice=0x3c7c9f28, desc=0x7ffea94010d0, phEvent=0x3c824178)
<LEVEL_ZERO>[DEBUG]: ze_event_pool_desc_t flags set to: 1
[2026-10-08 12:19:03.219] [thread-id: 123410861513920] [trace] zexCounterBasedEventCreate2(hContext, hDevice, desc, phEvent)
[2026-10-08 12:19:03.219] [thread-id: 123410861513920] [trace] SUCCESS (ZE_RESULT_SUCCESS) in zexCounterBasedEventCreate2(hContext=0x3c7e0738, hDevice=0x3c7c9f28, desc=0x7ffea94010d0, phEvent=0x3c824688)
<LEVEL_ZERO>[DEBUG]: ze_event_pool_desc_t flags set to: 1
[2026-10-08 12:19:03.219] [thread-id: 123410861513920] [trace] zexCounterBasedEventCreate2(hContext, hDevice, desc, phEvent)
[2026-10-08 12:19:03.219] [thread-id: 123410861513920] [trace] SUCCESS (ZE_RESULT_SUCCESS) in zexCounterBasedEventCreate2(hContext=0x3c7e0738, hDevice=0x3c7c9f28, desc=0x7ffea94010d0, phEvent=0x3c824d88)
<LEVEL_ZERO>[DEBUG]: ze_event_pool_desc_t flags set to: 1
[2026-10-08 12:19:03.219] [thread-id: 123410861513920] [trace] zexCounterBasedEventCreate2(hContext, hDevice, desc, phEvent)
[2026-10-08 12:19:03.219] [thread-id: 123410861513920] [trace] SUCCESS (ZE_RESULT_SUCCESS) in zexCounterBasedEventCreate2(hContext=0x3c7e0738, hDevice=0x3c7c9f28, desc=0x7ffea94010d0, phEvent=0x3c8254a8)
<LEVEL_ZERO>[DEBUG]: ze_event_pool_desc_t flags set to: 1
[2026-10-08 12:19:03.219] [thread-id: 123410861513920] [trace] zexCounterBasedEventCreate2(hContext, hDevice, desc, phEvent)
[2026-10-08 12:19:03.219] [thread-id: 123410861513920] [trace] SUCCESS (ZE_RESULT_SUCCESS) in zexCounterBasedEventCreate2(hContext=0x3c7e0738, hDevice=0x3c7c9f28, desc=0x7ffea94010d0, phEvent=0x3c825ba8)
<LEVEL_ZERO>[DEBUG]: ze_event_pool_desc_t flags set to: 1
[2026-10-08 12:19:03.219] [thread-id: 123410861513920] [trace] zexCounterBasedEventCreate2(hContext, hDevice, desc, phEvent)
[2026-10-08 12:19:03.219] [thread-id: 123410861513920] [trace] SUCCESS (ZE_RESULT_SUCCESS) in zexCounterBasedEventCreate2(hContext=0x3c7e0738, hDevice=0x3c7c9f28, desc=0x7ffea94010d0, phEvent=0x3c8260b8)
<LEVEL_ZERO>[DEBUG]: ze_event_pool_desc_t flags set to: 1
[2026-10-08 12:19:03.220] [thread-id: 123410861513920] [trace] zexCounterBasedEventCreate2(hContext, hDevice, desc, phEvent)
[2026-10-08 12:19:03.220] [thread-id: 123410861513920] [trace] SUCCESS (ZE_RESULT_SUCCESS) in zexCounterBasedEventCreate2(hContext=0x3c7e0738, hDevice=0x3c7c9f28, desc=0x7ffea94010d0, phEvent=0x3c8267b8)
<LEVEL_ZERO>[DEBUG]: ze_event_pool_desc_t flags set to: 1
[2026-10-08 12:19:03.220] [thread-id: 123410861513920] [trace] zexCounterBasedEventCreate2(hContext, hDevice, desc, phEvent)
[2026-10-08 12:19:03.220] [thread-id: 123410861513920] [trace] SUCCESS (ZE_RESULT_SUCCESS) in zexCounterBasedEventCreate2(hContext=0x3c7e0738, hDevice=0x3c7c9f28, desc=0x7ffea94010d0, phEvent=0x3c826cc8)
<LEVEL_ZERO>[DEBUG]: ze_event_pool_desc_t flags set to: 1
[2026-10-08 12:19:03.220] [thread-id: 123410861513920] [trace] zexCounterBasedEventCreate2(hContext, hDevice, desc, phEvent)
[2026-10-08 12:19:03.220] [thread-id: 123410861513920] [trace] SUCCESS (ZE_RESULT_SUCCESS) in zexCounterBasedEventCreate2(hContext=0x3c7e0738, hDevice=0x3c7c9f28, desc=0x7ffea94010d0, phEvent=0x3c8273c8)
<LEVEL_ZERO>[DEBUG]: ze_event_pool_desc_t flags set to: 1
[2026-10-08 12:19:03.220] [thread-id: 123410861513920] [trace] zexCounterBasedEventCreate2(hContext, hDevice, desc, phEvent)
[2026-10-08 12:19:03.220] [thread-id: 123410861513920] [trace] SUCCESS (ZE_RESULT_SUCCESS) in zexCounterBasedEventCreate2(hContext=0x3c7e0738, hDevice=0x3c7c9f28, desc=0x7ffea94010d0, phEvent=0x3c8278d8)
<LEVEL_ZERO>[DEBUG]: ze_event_pool_desc_t flags set to: 1
[2026-10-08 12:19:03.220] [thread-id: 123410861513920] [trace] zexCounterBasedEventCreate2(hContext, hDevice, desc, phEvent)
[2026-10-08 12:19:03.220] [thread-id: 123410861513920] [trace] SUCCESS (ZE_RESULT_SUCCESS) in zexCounterBasedEventCreate2(hContext=0x3c7e0738, hDevice=0x3c7c9f28, desc=0x7ffea94010d0, phEvent=0x3c827fd8)
<LEVEL_ZERO>[DEBUG]: ze_event_pool_desc_t flags set to: 1
[2026-10-08 12:19:03.220] [thread-id: 123410861513920] [trace] zexCounterBasedEventCreate2(hContext, hDevice, desc, phEvent)
[2026-10-08 12:19:03.220] [thread-id: 123410861513920] [trace] SUCCESS (ZE_RESULT_SUCCESS) in zexCounterBasedEventCreate2(hContext=0x3c7e0738, hDevice=0x3c7c9f28, desc=0x7ffea94010d0, phEvent=0x3c8284e8)
<LEVEL_ZERO>[DEBUG]: ze_event_pool_desc_t flags set to: 1
[2026-10-08 12:19:03.220] [thread-id: 123410861513920] [trace] zexCounterBasedEventCreate2(hContext, hDevice, desc, phEvent)
[2026-10-08 12:19:03.220] [thread-id: 123410861513920] [trace] SUCCESS (ZE_RESULT_SUCCESS) in zexCounterBasedEventCreate2(hContext=0x3c7e0738, hDevice=0x3c7c9f28, desc=0x7ffea94010d0, phEvent=0x3c828be8)
<LEVEL_ZERO>[DEBUG]: ze_event_pool_desc_t flags set to: 1
[2026-10-08 12:19:03.220] [thread-id: 123410861513920] [trace] zexCounterBasedEventCreate2(hContext, hDevice, desc, phEvent)
[2026-10-08 12:19:03.220] [thread-id: 123410861513920] [trace] SUCCESS (ZE_RESULT_SUCCESS) in zexCounterBasedEventCreate2(hContext=0x3c7e0738, hDevice=0x3c7c9f28, desc=0x7ffea94010d0, phEvent=0x3c8290f8)
<LEVEL_ZERO>[DEBUG]: ze_event_pool_desc_t flags set to: 1
[2026-10-08 12:19:03.220] [thread-id: 123410861513920] [trace] zexCounterBasedEventCreate2(hContext, hDevice, desc, phEvent)
[2026-10-08 12:19:03.220] [thread-id: 123410861513920] [trace] SUCCESS (ZE_RESULT_SUCCESS) in zexCounterBasedEventCreate2(hContext=0x3c7e0738, hDevice=0x3c7c9f28, desc=0x7ffea94010d0, phEvent=0x3c8297f8)
<LEVEL_ZERO>[DEBUG]: ze_event_pool_desc_t flags set to: 1
[2026-10-08 12:19:03.220] [thread-id: 123410861513920] [trace] zexCounterBasedEventCreate2(hContext, hDevice, desc, phEvent)
[2026-10-08 12:19:03.220] [thread-id: 123410861513920] [trace] SUCCESS (ZE_RESULT_SUCCESS) in zexCounterBasedEventCreate2(hContext=0x3c7e0738, hDevice=0x3c7c9f28, desc=0x7ffea94010d0, phEvent=0x3c829d08)
<LEVEL_ZERO>[DEBUG]: ze_event_pool_desc_t flags set to: 1
[2026-10-08 12:19:03.220] [thread-id: 123410861513920] [trace] zexCounterBasedEventCreate2(hContext, hDevice, desc, phEvent)
[2026-10-08 12:19:03.220] [thread-id: 123410861513920] [trace] SUCCESS (ZE_RESULT_SUCCESS) in zexCounterBasedEventCreate2(hContext=0x3c7e0738, hDevice=0x3c7c9f28, desc=0x7ffea94010d0, phEvent=0x3c82a408)
<LEVEL_ZERO>[DEBUG]: ze_event_pool_desc_t flags set to: 1
[2026-10-08 12:19:03.220] [thread-id: 123410861513920] [trace] zexCounterBasedEventCreate2(hContext, hDevice, desc, phEvent)
[2026-10-08 12:19:03.220] [thread-id: 123410861513920] [trace] SUCCESS (ZE_RESULT_SUCCESS) in zexCounterBasedEventCreate2(hContext=0x3c7e0738, hDevice=0x3c7c9f28, desc=0x7ffea94010d0, phEvent=0x3c82a918)
<LEVEL_ZERO>[DEBUG]: ze_event_pool_desc_t flags set to: 1
[2026-10-08 12:19:03.220] [thread-id: 123410861513920] [trace] zexCounterBasedEventCreate2(hContext, hDevice, desc, phEvent)
[2026-10-08 12:19:03.220] [thread-id: 123410861513920] [trace] SUCCESS (ZE_RESULT_SUCCESS) in zexCounterBasedEventCreate2(hContext=0x3c7e0738, hDevice=0x3c7c9f28, desc=0x7ffea94010d0, phEvent=0x3c82b018)
<LEVEL_ZERO>[DEBUG]: ze_event_pool_desc_t flags set to: 1
[2026-10-08 12:19:03.220] [thread-id: 123410861513920] [trace] zexCounterBasedEventCreate2(hContext, hDevice, desc, phEvent)
[2026-10-08 12:19:03.220] [thread-id: 123410861513920] [trace] SUCCESS (ZE_RESULT_SUCCESS) in zexCounterBasedEventCreate2(hContext=0x3c7e0738, hDevice=0x3c7c9f28, desc=0x7ffea94010d0, phEvent=0x3c82b528)
<LEVEL_ZERO>[DEBUG]: ze_event_pool_desc_t flags set to: 1
[2026-10-08 12:19:03.220] [thread-id: 123410861513920] [trace] zexCounterBasedEventCreate2(hContext, hDevice, desc, phEvent)
[2026-10-08 12:19:03.220] [thread-id: 123410861513920] [trace] SUCCESS (ZE_RESULT_SUCCESS) in zexCounterBasedEventCreate2(hContext=0x3c7e0738, hDevice=0x3c7c9f28, desc=0x7ffea94010d0, phEvent=0x3c82bc28)
<LEVEL_ZERO>[DEBUG]: ze_event_pool_desc_t flags set to: 1
[2026-10-08 12:19:03.220] [thread-id: 123410861513920] [trace] zexCounterBasedEventCreate2(hContext, hDevice, desc, phEvent)
[2026-10-08 12:19:03.220] [thread-id: 123410861513920] [trace] SUCCESS (ZE_RESULT_SUCCESS) in zexCounterBasedEventCreate2(hContext=0x3c7e0738, hDevice=0x3c7c9f28, desc=0x7ffea94010d0, phEvent=0x3c82c138)
<LEVEL_ZERO>[DEBUG]: ze_event_pool_desc_t flags set to: 1
[2026-10-08 12:19:03.220] [thread-id: 123410861513920] [trace] zexCounterBasedEventCreate2(hContext, hDevice, desc, phEvent)
[2026-10-08 12:19:03.220] [thread-id: 123410861513920] [trace] SUCCESS (ZE_RESULT_SUCCESS) in zexCounterBasedEventCreate2(hContext=0x3c7e0738, hDevice=0x3c7c9f28, desc=0x7ffea94010d0, phEvent=0x3c82cab8)
<LEVEL_ZERO>[DEBUG]: ze_event_pool_desc_t flags set to: 1
[2026-10-08 12:19:03.220] [thread-id: 123410861513920] [trace] zexCounterBasedEventCreate2(hContext, hDevice, desc, phEvent)
[2026-10-08 12:19:03.220] [thread-id: 123410861513920] [trace] SUCCESS (ZE_RESULT_SUCCESS) in zexCounterBasedEventCreate2(hContext=0x3c7e0738, hDevice=0x3c7c9f28, desc=0x7ffea94010d0, phEvent=0x3c82cfc8)
<LEVEL_ZERO>[DEBUG]: ze_event_pool_desc_t flags set to: 1
[2026-10-08 12:19:03.220] [thread-id: 123410861513920] [trace] zexCounterBasedEventCreate2(hContext, hDevice, desc, phEvent)
[2026-10-08 12:19:03.220] [thread-id: 123410861513920] [trace] SUCCESS (ZE_RESULT_SUCCESS) in zexCounterBasedEventCreate2(hContext=0x3c7e0738, hDevice=0x3c7c9f28, desc=0x7ffea94010d0, phEvent=0x3c82d6c8)
<LEVEL_ZERO>[DEBUG]: ze_event_pool_desc_t flags set to: 1
[2026-10-08 12:19:03.220] [thread-id: 123410861513920] [trace] zexCounterBasedEventCreate2(hContext, hDevice, desc, phEvent)
[2026-10-08 12:19:03.220] [thread-id: 123410861513920] [trace] SUCCESS (ZE_RESULT_SUCCESS) in zexCounterBasedEventCreate2(hContext=0x3c7e0738, hDevice=0x3c7c9f28, desc=0x7ffea94010d0, phEvent=0x3c82dbd8)
<LEVEL_ZERO>[DEBUG]: ze_event_pool_desc_t flags set to: 1
[2026-10-08 12:19:03.220] [thread-id: 123410861513920] [trace] zexCounterBasedEventCreate2(hContext, hDevice, desc, phEvent)
[2026-10-08 12:19:03.220] [thread-id: 123410861513920] [trace] SUCCESS (ZE_RESULT_SUCCESS) in zexCounterBasedEventCreate2(hContext=0x3c7e0738, hDevice=0x3c7c9f28, desc=0x7ffea94010d0, phEvent=0x3c82e2d8)
<LEVEL_ZERO>[DEBUG]: ze_event_pool_desc_t flags set to: 1
[2026-10-08 12:19:03.220] [thread-id: 123410861513920] [trace] zexCounterBasedEventCreate2(hContext, hDevice, desc, phEvent)
[2026-10-08 12:19:03.220] [thread-id: 123410861513920] [trace] SUCCESS (ZE_RESULT_SUCCESS) in zexCounterBasedEventCreate2(hContext=0x3c7e0738, hDevice=0x3c7c9f28, desc=0x7ffea94010d0, phEvent=0x3c82e7e8)
<LEVEL_ZERO>[DEBUG]: ze_event_pool_desc_t flags set to: 1
[2026-10-08 12:19:03.220] [thread-id: 123410861513920] [trace] zexCounterBasedEventCreate2(hContext, hDevice, desc, phEvent)
[2026-10-08 12:19:03.220] [thread-id: 123410861513920] [trace] SUCCESS (ZE_RESULT_SUCCESS) in zexCounterBasedEventCreate2(hContext=0x3c7e0738, hDevice=0x3c7c9f28, desc=0x7ffea94010d0, phEvent=0x3c82eee8)
<LEVEL_ZERO>[DEBUG]: ze_event_pool_desc_t flags set to: 1
[2026-10-08 12:19:03.220] [thread-id: 123410861513920] [trace] zexCounterBasedEventCreate2(hContext, hDevice, desc, phEvent)
[2026-10-08 12:19:03.220] [thread-id: 123410861513920] [trace] SUCCESS (ZE_RESULT_SUCCESS) in zexCounterBasedEventCreate2(hContext=0x3c7e0738, hDevice=0x3c7c9f28, desc=0x7ffea94010d0, phEvent=0x3c82f3f8)
<LEVEL_ZERO>[DEBUG]: ze_event_pool_desc_t flags set to: 1
[2026-10-08 12:19:03.220] [thread-id: 123410861513920] [trace] zexCounterBasedEventCreate2(hContext, hDevice, desc, phEvent)
[2026-10-08 12:19:03.220] [thread-id: 123410861513920] [trace] SUCCESS (ZE_RESULT_SUCCESS) in zexCounterBasedEventCreate2(hContext=0x3c7e0738, hDevice=0x3c7c9f28, desc=0x7ffea94010d0, phEvent=0x3c82faf8)
<LEVEL_ZERO>[DEBUG]: ze_event_pool_desc_t flags set to: 1
[2026-10-08 12:19:03.220] [thread-id: 123410861513920] [trace] zexCounterBasedEventCreate2(hContext, hDevice, desc, phEvent)
[2026-10-08 12:19:03.220] [thread-id: 123410861513920] [trace] SUCCESS (ZE_RESULT_SUCCESS) in zexCounterBasedEventCreate2(hContext=0x3c7e0738, hDevice=0x3c7c9f28, desc=0x7ffea94010d0, phEvent=0x3c830008)
<LEVEL_ZERO>[DEBUG]: ze_event_pool_desc_t flags set to: 1
[2026-10-08 12:19:03.220] [thread-id: 123410861513920] [trace] zexCounterBasedEventCreate2(hContext, hDevice, desc, phEvent)
[2026-10-08 12:19:03.220] [thread-id: 123410861513920] [trace] SUCCESS (ZE_RESULT_SUCCESS) in zexCounterBasedEventCreate2(hContext=0x3c7e0738, hDevice=0x3c7c9f28, desc=0x7ffea94010d0, phEvent=0x3c830708)
<LEVEL_ZERO>[DEBUG]: ze_event_pool_desc_t flags set to: 1
[2026-10-08 12:19:03.220] [thread-id: 123410861513920] [trace] zexCounterBasedEventCreate2(hContext, hDevice, desc, phEvent)
[2026-10-08 12:19:03.220] [thread-id: 123410861513920] [trace] SUCCESS (ZE_RESULT_SUCCESS) in zexCounterBasedEventCreate2(hContext=0x3c7e0738, hDevice=0x3c7c9f28, desc=0x7ffea94010d0, phEvent=0x3c830c18)
[2026-10-08 12:19:03.220] [thread-id: 123410861513920] [trace] zeCommandListAppendMemoryCopy(hCommandList, dstptr, srcptr, size, hSignalEvent, numWaitEvents, phWaitEventsLocal)
[2026-10-08 12:19:03.224] [thread-id: 123410861513920] [trace] SUCCESS (ZE_RESULT_SUCCESS) in zeCommandListAppendMemoryCopy(hCommandList=0x3c7e7d88, dstptr=0xffffffffff600000, srcptr=0x3c7f88a0, size=65536, hSignalEvent=0x3c830c18, numWaitEvents=0, phWaitEvents=nullptr)
   <--- urEnqueueUSMMemcpy(.hQueue = 0x3c7e70a0, .blocking = 0, .pDst = 0xffffffffff600000, .pSrc = 0x3c7f88a0, .size = 65536, .numEventsInWaitList = 0, .phEventWaitList = nullptr, .phEvent = 0x7ffea94016d0 (0x3c830600)) -> UR_RESULT_SUCCESS;
   ---> urEventWait
[2026-10-08 12:19:03.224] [thread-id: 123410861513920] [trace] zeEventHostSynchronize(hEvent, timeout)
[2026-10-08 12:19:03.224] [thread-id: 123410861513920] [trace] SUCCESS (ZE_RESULT_SUCCESS) in zeEventHostSynchronize(hEvent=0x3c830c18, timeout=18446744073709551615)
   <--- urEventWait(.numEvents = 1, .phEventWaitList = 0x7ffea9401720 {0x3c830600}) -> UR_RESULT_SUCCESS;
   ---> urEventRelease
   <--- urEventRelease(.hEvent = 0x3c830600) -> UR_RESULT_SUCCESS;
   ---> urDeviceGetInfo
[2026-10-08 12:19:03.224] [thread-id: 123410861513920] [trace] zeDeviceGetComputeProperties(hDevice, pComputeProperties)
[2026-10-08 12:19:03.224] [thread-id: 123410861513920] [trace] SUCCESS (ZE_RESULT_SUCCESS) in zeDeviceGetComputeProperties(hDevice=0x3c7c9f28, pComputeProperties={stype=0x3c7df280, maxTotalGroupSize=1024, maxGroupSizeX=1024, maxGroupSizeY=1024, maxGroupSizeZ=1024, maxGroupCountX=4294967295, maxGroupCountY=4294967295, maxGroupCountZ=4294967295, maxSharedLocalMemory=131072, numSubGroupSizes=2, subGroupSizes=16})
   <--- urDeviceGetInfo(.hDevice = 0x3c7df040, .propName = UR_DEVICE_INFO_MAX_WORK_GROUPS_3D, .propSize = 24, .pPropValue = {4294967295, 4294967295, 4294967295}, .pPropSizeRet = nullptr) -> UR_RESULT_SUCCESS;
   ---> urDeviceSelectBinary
   <--- urDeviceSelectBinary(.hDevice = 0x3c7df040, .pBinaries = 0x3c859a50 ((struct ur_device_binary_t){.stype = UR_STRUCTURE_TYPE_CONTEXT_PROPERTIES, .pNext = nullptr, .pDeviceTargetSpec = 0x703dd76fa3c0 (spir64)}), .NumBinaries = 1, .pSelectedBinary = 0x7ffea9400c2c (0)) -> UR_RESULT_SUCCESS;
   ---> urPlatformGetBackendOption
   <--- urPlatformGetBackendOption(.hPlatform = 0x3c7dd810, .pFrontendOption = 0x7ffea9400738 (-O2), .ppPlatformOption = 0x7ffea9400708 (0x703dd4768975 (-ze-opt-level=2))) -> UR_RESULT_SUCCESS;
   ---> urDeviceGetInfo
   <--- urDeviceGetInfo(.hDevice = 0x3c7df040, .propName = UR_DEVICE_INFO_VENDOR_ID, .propSize = 4, .pPropValue = 0x7ffea9400688 (32902), .pPropSizeRet = nullptr) -> UR_RESULT_SUCCESS;
   ---> urDeviceGetInfo
   <--- urDeviceGetInfo(.hDevice = 0x3c7df040, .propName = UR_DEVICE_INFO_DEVICE_ID, .propSize = 0, .pPropValue = nullptr, .pPropSizeRet = 0x7ffea9400510 (4)) -> UR_RESULT_SUCCESS;
   ---> urDeviceGetInfo
   <--- urDeviceGetInfo(.hDevice = 0x3c7df040, .propName = UR_DEVICE_INFO_DEVICE_ID, .propSize = 4, .pPropValue = 0x7ffea9400658 (57868), .pPropSizeRet = nullptr) -> UR_RESULT_SUCCESS;
   ---> urDeviceGetInfo
   <--- urDeviceGetInfo(.hDevice = 0x3c7df040, .propName = UR_DEVICE_INFO_COMPILER_AVAILABLE, .propSize = 1, .pPropValue = 0x7ffea94006f0 (true), .pPropSizeRet = nullptr) -> UR_RESULT_SUCCESS;
   ---> urProgramCreateWithIL
   <--- urProgramCreateWithIL(.hContext = 0x3c7e3b90, .pIL = 0x415b20, .length = 2080, .pProperties = nullptr, .phProgram = 0x7ffea9400810 (0x3c821a10)) -> UR_RESULT_SUCCESS;
   ---> urProgramBuildExp
[2026-10-08 12:19:03.224] [thread-id: 123410861513920] [trace] zeModuleCreate(hContext, hDevice, desc, phModule, phBuildLog)
[2026-10-08 12:19:03.225] [thread-id: 123410861513920] [trace] SUCCESS (ZE_RESULT_SUCCESS) in zeModuleCreate(hContext=0x3c7e0738, hDevice=0x3c7c9f28, desc={stype=0x7ffea9400490, format=0x7ffea94004a0, inputSize=2080, pInputModule=3, pBuildFlags=" -ze-opt-level=2", pConstants={numConstants=0, pConstantIds=nullptr, pConstantValues=nullptr}}, phModule=0x3c834d18, phBuildLog=0x3c85a818)
[2026-10-08 12:19:03.225] [thread-id: 123410861513920] [trace] zeModuleGetProperties(hModule, pModuleProperties)
[2026-10-08 12:19:03.225] [thread-id: 123410861513920] [trace] SUCCESS (ZE_RESULT_SUCCESS) in zeModuleGetProperties(hModule=0x3c834d18, pModuleProperties={stype=0x7ffea9400400, flags=0})
   <--- urProgramBuildExp(.hProgram = 0x3c821a10, .numDevices = 1, .phDevices = 0x3c859a50 {0x3c7df040}, .flags = 0, .pOptions = 0x3c859a70 ( -ze-opt-level=2)) -> UR_RESULT_SUCCESS;
   ---> urProgramRetain
   <--- urProgramRetain(.hProgram = 0x3c821a10) -> UR_RESULT_SUCCESS;
   ---> urKernelCreate
[2026-10-08 12:19:03.225] [thread-id: 123410861513920] [trace] zeKernelCreate(hModule, desc, phKernel)
[2026-10-08 12:19:03.225] [thread-id: 123410861513920] [trace] SUCCESS (ZE_RESULT_SUCCESS) in zeKernelCreate(hModule=0x3c834d18, desc={stype=0x7ffea9400b20, flags=0, pKernelName="_ZTSZ4mainEUlN4sycl3_V12idILi1EEEE_"}, phKernel=0x3c871748)
[2026-10-08 12:19:03.225] [thread-id: 123410861513920] [trace] zeKernelGetName(hKernel, pSize, pName)
[2026-10-08 12:19:03.225] [thread-id: 123410861513920] [trace] SUCCESS (ZE_RESULT_SUCCESS) in zeKernelGetName(hKernel=0x3c871748, pSize=36, pName=nullptr)
[2026-10-08 12:19:03.225] [thread-id: 123410861513920] [trace] zeKernelGetName(hKernel, pSize, pName)
[2026-10-08 12:19:03.225] [thread-id: 123410861513920] [trace] SUCCESS (ZE_RESULT_SUCCESS) in zeKernelGetName(hKernel=0x3c871748, pSize=36, pName="_ZTSZ4mainEUlN4sycl3_V12idILi1EEEE_")
[2026-10-08 12:19:03.225] [thread-id: 123410861513920] [trace] zeKernelGetProperties(hKernel, pKernelProperties)
[2026-10-08 12:19:03.225] [thread-id: 123410861513920] [trace] SUCCESS (ZE_RESULT_SUCCESS) in zeKernelGetProperties(hKernel=0x3c871748, pKernelProperties={stype=0x3c852b48, numKernelArgs=1, requiredGroupSizeX=0, requiredGroupSizeY=0, requiredGroupSizeZ=0, requiredNumSubGroups=0, requiredSubgroupSize=0, maxSubgroupSize=32, maxNumSubgroups=32, localMemSize=0, privateMemSize=0, spillMemSize=0, uuid={kid=0, mid=0}})
   <--- urKernelCreate(.hProgram = 0x3c821a10, .pKernelName = 0x4131d2 (_ZTSZ4mainEUlN4sycl3_V12idILi1EEEE_), .phKernel = 0x7ffea9400e40 (0x3c86cd40)) -> UR_RESULT_SUCCESS;
   ---> urKernelSetExecInfo
[2026-10-08 12:19:03.225] [thread-id: 123410861513920] [trace] zeKernelSetIndirectAccess(hKernel, flags)
[2026-10-08 12:19:03.225] [thread-id: 123410861513920] [trace] SUCCESS (ZE_RESULT_SUCCESS) in zeKernelSetIndirectAccess(hKernel=0x3c871748, flags=7)
   <--- urKernelSetExecInfo(.hKernel = 0x3c86cd40, .propName = UR_KERNEL_EXEC_INFO_USM_INDIRECT_ACCESS, .propSize = 1, .pProperties = nullptr, .pPropValue = 0x7ffea9400e3f (true)) -> UR_RESULT_SUCCESS;
   ---> urKernelRetain
   <--- urKernelRetain(.hKernel = 0x3c86cd40) -> UR_RESULT_SUCCESS;
   ---> urKernelGetGroupInfo
   <--- urKernelGetGroupInfo(.hKernel = 0x3c86cd40, .hDevice = 0x3c7df040, .propName = UR_KERNEL_GROUP_INFO_COMPILE_WORK_GROUP_SIZE, .propSize = 24, .pPropValue = {0, 0, 0}, .pPropSizeRet = nullptr) -> UR_RESULT_SUCCESS;
   ---> urEnqueueKernelLaunchWithArgsExp
[2026-10-08 12:19:03.225] [thread-id: 123410861513920] [trace] zeKernelSuggestGroupSize(hKernel, globalSizeX, globalSizeY, globalSizeZ, groupSizeX, groupSizeY, groupSizeZ)
[2026-10-08 12:19:03.225] [thread-id: 123410861513920] [trace] SUCCESS (ZE_RESULT_SUCCESS) in zeKernelSuggestGroupSize(hKernel=0x3c871748, globalSizeX=16384, globalSizeY=1, globalSizeZ=1, groupSizeX=1024, groupSizeY=1, groupSizeZ=1)
[2026-10-08 12:19:03.225] [thread-id: 123410861513920] [trace] zeKernelSetGroupSize(hKernel, groupSizeX, groupSizeY, groupSizeZ)
[2026-10-08 12:19:03.225] [thread-id: 123410861513920] [trace] SUCCESS (ZE_RESULT_SUCCESS) in zeKernelSetGroupSize(hKernel=0x3c871748, groupSizeX=1024, groupSizeY=1, groupSizeZ=1)
[2026-10-08 12:19:03.225] [thread-id: 123410861513920] [trace] zeCommandListAppendLaunchKernelWithArguments(hCommandList, hKernel, groupCounts, groupSizes, pArguments, pNext, hSignalEvent, numWaitEvents, phWaitEventsLocal)
[2026-10-08 12:19:03.226] [thread-id: 123410861513920] [trace] SUCCESS (ZE_RESULT_SUCCESS) in zeCommandListAppendLaunchKernelWithArguments(hCommandList=0x3c7e7d88, hKernel=0x3c871748, groupCounts={groupCountX=16, groupCountY=1, groupCountZ=1}, groupSizes={groupSizeX=1024, groupSizeY=1, groupSizeZ=1}, pArguments=0x3c871e90, pNext=nullptr, hSignalEvent=0x3c830c18, numWaitEvents=0, phWaitEvents=nullptr)
   <--- urEnqueueKernelLaunchWithArgsExp(.hQueue = 0x3c7e70a0, .hKernel = 0x3c86cd40, .workDim = 1, .pGlobalWorkOffset = nullptr, .pGlobalWorkSize = 0x7ffea9401600 (16384), .pLocalWorkSize = nullptr, .numArgs = 1, .pArgs = 0x3c86d8d0 {(struct ur_exp_kernel_arg_properties_t){.stype = UR_STRUCTURE_TYPE_EXP_KERNEL_ARG_PROPERTIES, .pNext = nullptr, .type = UR_EXP_KERNEL_ARG_TYPE_POINTER, .index = 0, .size = 8, .value = (union ur_exp_kernel_arg_value_t){.pointer = 0xffffffffff600000}}}, .launchPropList = nullptr, .numEventsInWaitList = 0, .phEventWaitList = nullptr, .phEvent = 0x7ffea9401020 (0x3c830600)) -> UR_RESULT_SUCCESS;
   ---> urEventWait
[2026-10-08 12:19:03.226] [thread-id: 123410861513920] [trace] zeEventHostSynchronize(hEvent, timeout)
[2026-10-08 12:19:03.226] [thread-id: 123410861513920] [trace] SUCCESS (ZE_RESULT_SUCCESS) in zeEventHostSynchronize(hEvent=0x3c830c18, timeout=18446744073709551615)
   <--- urEventWait(.numEvents = 1, .phEventWaitList = 0x7ffea9401720 {0x3c830600}) -> UR_RESULT_SUCCESS;
   ---> urEventRelease
   <--- urEventRelease(.hEvent = 0x3c830600) -> UR_RESULT_SUCCESS;
   ---> urEnqueueUSMMemcpy
[2026-10-08 12:19:03.226] [thread-id: 123410861513920] [trace] zeCommandListAppendMemoryCopy(hCommandList, dstptr, srcptr, size, hSignalEvent, numWaitEvents, phWaitEventsLocal)
[2026-10-08 12:19:03.226] [thread-id: 123410861513920] [trace] SUCCESS (ZE_RESULT_SUCCESS) in zeCommandListAppendMemoryCopy(hCommandList=0x3c7e7d88, dstptr=0x3c8088b0, srcptr=0xffffffffff600000, size=65536, hSignalEvent=0x3c830c18, numWaitEvents=0, phWaitEvents=nullptr)
   <--- urEnqueueUSMMemcpy(.hQueue = 0x3c7e70a0, .blocking = 0, .pDst = 0x3c8088b0, .pSrc = 0xffffffffff600000, .size = 65536, .numEventsInWaitList = 0, .phEventWaitList = nullptr, .phEvent = 0x7ffea94016d0 (0x3c830600)) -> UR_RESULT_SUCCESS;
   ---> urEventWait
[2026-10-08 12:19:03.226] [thread-id: 123410861513920] [trace] zeEventHostSynchronize(hEvent, timeout)
[2026-10-08 12:19:03.226] [thread-id: 123410861513920] [trace] SUCCESS (ZE_RESULT_SUCCESS) in zeEventHostSynchronize(hEvent=0x3c830c18, timeout=18446744073709551615)
   <--- urEventWait(.numEvents = 1, .phEventWaitList = 0x7ffea9401720 {0x3c830600}) -> UR_RESULT_SUCCESS;
   ---> urEventRelease
   <--- urEventRelease(.hEvent = 0x3c830600) -> UR_RESULT_SUCCESS;
   ---> urEnqueueUSMMemcpy
[2026-10-08 12:19:03.226] [thread-id: 123410861513920] [trace] zeCommandListAppendMemoryCopy(hCommandList, dstptr, srcptr, size, hSignalEvent, numWaitEvents, phWaitEventsLocal)
[2026-10-08 12:19:03.226] [thread-id: 123410861513920] [trace] SUCCESS (ZE_RESULT_SUCCESS) in zeCommandListAppendMemoryCopy(hCommandList=0x3c7e7d88, dstptr=0xffffffffff600000, srcptr=0x3c7f88a0, size=65536, hSignalEvent=0x3c830c18, numWaitEvents=0, phWaitEvents=nullptr)
   <--- urEnqueueUSMMemcpy(.hQueue = 0x3c7e70a0, .blocking = 0, .pDst = 0xffffffffff600000, .pSrc = 0x3c7f88a0, .size = 65536, .numEventsInWaitList = 0, .phEventWaitList = nullptr, .phEvent = 0x7ffea94016d0 (0x3c830600)) -> UR_RESULT_SUCCESS;
   ---> urEventWait
[2026-10-08 12:19:03.227] [thread-id: 123410861513920] [trace] zeEventHostSynchronize(hEvent, timeout)
[2026-10-08 12:19:03.227] [thread-id: 123410861513920] [trace] SUCCESS (ZE_RESULT_SUCCESS) in zeEventHostSynchronize(hEvent=0x3c830c18, timeout=18446744073709551615)
   <--- urEventWait(.numEvents = 1, .phEventWaitList = 0x7ffea9401720 {0x3c830600}) -> UR_RESULT_SUCCESS;
   ---> urEventRelease
   <--- urEventRelease(.hEvent = 0x3c830600) -> UR_RESULT_SUCCESS;
   ---> urDeviceGetInfo
   <--- urDeviceGetInfo(.hDevice = 0x3c7df040, .propName = UR_DEVICE_INFO_MAX_WORK_GROUPS_3D, .propSize = 24, .pPropValue = {4294967295, 4294967295, 4294967295}, .pPropSizeRet = nullptr) -> UR_RESULT_SUCCESS;
   ---> urKernelGetGroupInfo
   <--- urKernelGetGroupInfo(.hKernel = 0x3c86cd40, .hDevice = 0x3c7df040, .propName = UR_KERNEL_GROUP_INFO_COMPILE_WORK_GROUP_SIZE, .propSize = 24, .pPropValue = {0, 0, 0}, .pPropSizeRet = nullptr) -> UR_RESULT_SUCCESS;
   ---> urEnqueueKernelLaunchWithArgsExp
[2026-10-08 12:19:03.227] [thread-id: 123410861513920] [trace] zeKernelSuggestGroupSize(hKernel, globalSizeX, globalSizeY, globalSizeZ, groupSizeX, groupSizeY, groupSizeZ)
[2026-10-08 12:19:03.227] [thread-id: 123410861513920] [trace] SUCCESS (ZE_RESULT_SUCCESS) in zeKernelSuggestGroupSize(hKernel=0x3c871748, globalSizeX=16384, globalSizeY=1, globalSizeZ=1, groupSizeX=1024, groupSizeY=1, groupSizeZ=1)
[2026-10-08 12:19:03.227] [thread-id: 123410861513920] [trace] zeKernelSetGroupSize(hKernel, groupSizeX, groupSizeY, groupSizeZ)
[2026-10-08 12:19:03.227] [thread-id: 123410861513920] [trace] SUCCESS (ZE_RESULT_SUCCESS) in zeKernelSetGroupSize(hKernel=0x3c871748, groupSizeX=1024, groupSizeY=1, groupSizeZ=1)
[2026-10-08 12:19:03.227] [thread-id: 123410861513920] [trace] zeCommandListAppendLaunchKernelWithArguments(hCommandList, hKernel, groupCounts, groupSizes, pArguments, pNext, hSignalEvent, numWaitEvents, phWaitEventsLocal)
[2026-10-08 12:19:03.227] [thread-id: 123410861513920] [trace] SUCCESS (ZE_RESULT_SUCCESS) in zeCommandListAppendLaunchKernelWithArguments(hCommandList=0x3c7e7d88, hKernel=0x3c871748, groupCounts={groupCountX=16, groupCountY=1, groupCountZ=1}, groupSizes={groupSizeX=1024, groupSizeY=1, groupSizeZ=1}, pArguments=0x3c871e90, pNext=nullptr, hSignalEvent=0x3c830c18, numWaitEvents=0, phWaitEvents=nullptr)
   <--- urEnqueueKernelLaunchWithArgsExp(.hQueue = 0x3c7e70a0, .hKernel = 0x3c86cd40, .workDim = 1, .pGlobalWorkOffset = nullptr, .pGlobalWorkSize = 0x7ffea9401600 (16384), .pLocalWorkSize = nullptr, .numArgs = 1, .pArgs = 0x3c86d8d0 {(struct ur_exp_kernel_arg_properties_t){.stype = UR_STRUCTURE_TYPE_EXP_KERNEL_ARG_PROPERTIES, .pNext = nullptr, .type = UR_EXP_KERNEL_ARG_TYPE_POINTER, .index = 0, .size = 8, .value = (union ur_exp_kernel_arg_value_t){.pointer = 0xffffffffff600000}}}, .launchPropList = nullptr, .numEventsInWaitList = 0, .phEventWaitList = nullptr, .phEvent = 0x7ffea9401020 (0x3c830600)) -> UR_RESULT_SUCCESS;
   ---> urEventWait
[2026-10-08 12:19:03.227] [thread-id: 123410861513920] [trace] zeEventHostSynchronize(hEvent, timeout)
[2026-10-08 12:19:03.227] [thread-id: 123410861513920] [trace] SUCCESS (ZE_RESULT_SUCCESS) in zeEventHostSynchronize(hEvent=0x3c830c18, timeout=18446744073709551615)
   <--- urEventWait(.numEvents = 1, .phEventWaitList = 0x7ffea9401720 {0x3c830600}) -> UR_RESULT_SUCCESS;
   ---> urEventRelease
   <--- urEventRelease(.hEvent = 0x3c830600) -> UR_RESULT_SUCCESS;
   ---> urEnqueueUSMMemcpy
[2026-10-08 12:19:03.227] [thread-id: 123410861513920] [trace] zeCommandListAppendMemoryCopy(hCommandList, dstptr, srcptr, size, hSignalEvent, numWaitEvents, phWaitEventsLocal)
[2026-10-08 12:19:03.227] [thread-id: 123410861513920] [trace] SUCCESS (ZE_RESULT_SUCCESS) in zeCommandListAppendMemoryCopy(hCommandList=0x3c7e7d88, dstptr=0x3c8088b0, srcptr=0xffffffffff600000, size=65536, hSignalEvent=0x3c830c18, numWaitEvents=0, phWaitEvents=nullptr)
   <--- urEnqueueUSMMemcpy(.hQueue = 0x3c7e70a0, .blocking = 0, .pDst = 0x3c8088b0, .pSrc = 0xffffffffff600000, .size = 65536, .numEventsInWaitList = 0, .phEventWaitList = nullptr, .phEvent = 0x7ffea94016d0 (0x3c830600)) -> UR_RESULT_SUCCESS;
   ---> urEventWait
[2026-10-08 12:19:03.227] [thread-id: 123410861513920] [trace] zeEventHostSynchronize(hEvent, timeout)
[2026-10-08 12:19:03.227] [thread-id: 123410861513920] [trace] SUCCESS (ZE_RESULT_SUCCESS) in zeEventHostSynchronize(hEvent=0x3c830c18, timeout=18446744073709551615)
   <--- urEventWait(.numEvents = 1, .phEventWaitList = 0x7ffea9401720 {0x3c830600}) -> UR_RESULT_SUCCESS;
   ---> urEventRelease
   <--- urEventRelease(.hEvent = 0x3c830600) -> UR_RESULT_SUCCESS;
   ---> urEnqueueUSMMemcpy
[2026-10-08 12:19:03.227] [thread-id: 123410861513920] [trace] zeCommandListAppendMemoryCopy(hCommandList, dstptr, srcptr, size, hSignalEvent, numWaitEvents, phWaitEventsLocal)
[2026-10-08 12:19:03.227] [thread-id: 123410861513920] [trace] SUCCESS (ZE_RESULT_SUCCESS) in zeCommandListAppendMemoryCopy(hCommandList=0x3c7e7d88, dstptr=0xffffffffff600000, srcptr=0x3c7f88a0, size=65536, hSignalEvent=0x3c830c18, numWaitEvents=0, phWaitEvents=nullptr)
   <--- urEnqueueUSMMemcpy(.hQueue = 0x3c7e70a0, .blocking = 0, .pDst = 0xffffffffff600000, .pSrc = 0x3c7f88a0, .size = 65536, .numEventsInWaitList = 0, .phEventWaitList = nullptr, .phEvent = 0x7ffea94016d0 (0x3c830600)) -> UR_RESULT_SUCCESS;
   ---> urEventWait
[2026-10-08 12:19:03.227] [thread-id: 123410861513920] [trace] zeEventHostSynchronize(hEvent, timeout)
[2026-10-08 12:19:03.227] [thread-id: 123410861513920] [trace] SUCCESS (ZE_RESULT_SUCCESS) in zeEventHostSynchronize(hEvent=0x3c830c18, timeout=18446744073709551615)
   <--- urEventWait(.numEvents = 1, .phEventWaitList = 0x7ffea9401720 {0x3c830600}) -> UR_RESULT_SUCCESS;
   ---> urEventRelease
   <--- urEventRelease(.hEvent = 0x3c830600) -> UR_RESULT_SUCCESS;
   ---> urDeviceGetInfo
   <--- urDeviceGetInfo(.hDevice = 0x3c7df040, .propName = UR_DEVICE_INFO_MAX_WORK_GROUPS_3D, .propSize = 24, .pPropValue = {4294967295, 4294967295, 4294967295}, .pPropSizeRet = nullptr) -> UR_RESULT_SUCCESS;
   ---> urKernelGetGroupInfo
   <--- urKernelGetGroupInfo(.hKernel = 0x3c86cd40, .hDevice = 0x3c7df040, .propName = UR_KERNEL_GROUP_INFO_COMPILE_WORK_GROUP_SIZE, .propSize = 24, .pPropValue = {0, 0, 0}, .pPropSizeRet = nullptr) -> UR_RESULT_SUCCESS;
   ---> urEnqueueKernelLaunchWithArgsExp
[2026-10-08 12:19:03.227] [thread-id: 123410861513920] [trace] zeKernelSuggestGroupSize(hKernel, globalSizeX, globalSizeY, globalSizeZ, groupSizeX, groupSizeY, groupSizeZ)
[2026-10-08 12:19:03.227] [thread-id: 123410861513920] [trace] SUCCESS (ZE_RESULT_SUCCESS) in zeKernelSuggestGroupSize(hKernel=0x3c871748, globalSizeX=16384, globalSizeY=1, globalSizeZ=1, groupSizeX=1024, groupSizeY=1, groupSizeZ=1)
[2026-10-08 12:19:03.227] [thread-id: 123410861513920] [trace] zeKernelSetGroupSize(hKernel, groupSizeX, groupSizeY, groupSizeZ)
[2026-10-08 12:19:03.227] [thread-id: 123410861513920] [trace] SUCCESS (ZE_RESULT_SUCCESS) in zeKernelSetGroupSize(hKernel=0x3c871748, groupSizeX=1024, groupSizeY=1, groupSizeZ=1)
[2026-10-08 12:19:03.227] [thread-id: 123410861513920] [trace] zeCommandListAppendLaunchKernelWithArguments(hCommandList, hKernel, groupCounts, groupSizes, pArguments, pNext, hSignalEvent, numWaitEvents, phWaitEventsLocal)
[2026-10-08 12:19:03.227] [thread-id: 123410861513920] [trace] SUCCESS (ZE_RESULT_SUCCESS) in zeCommandListAppendLaunchKernelWithArguments(hCommandList=0x3c7e7d88, hKernel=0x3c871748, groupCounts={groupCountX=16, groupCountY=1, groupCountZ=1}, groupSizes={groupSizeX=1024, groupSizeY=1, groupSizeZ=1}, pArguments=0x3c871e90, pNext=nullptr, hSignalEvent=0x3c830c18, numWaitEvents=0, phWaitEvents=nullptr)
   <--- urEnqueueKernelLaunchWithArgsExp(.hQueue = 0x3c7e70a0, .hKernel = 0x3c86cd40, .workDim = 1, .pGlobalWorkOffset = nullptr, .pGlobalWorkSize = 0x7ffea9401600 (16384), .pLocalWorkSize = nullptr, .numArgs = 1, .pArgs = 0x3c86d8d0 {(struct ur_exp_kernel_arg_properties_t){.stype = UR_STRUCTURE_TYPE_EXP_KERNEL_ARG_PROPERTIES, .pNext = nullptr, .type = UR_EXP_KERNEL_ARG_TYPE_POINTER, .index = 0, .size = 8, .value = (union ur_exp_kernel_arg_value_t){.pointer = 0xffffffffff600000}}}, .launchPropList = nullptr, .numEventsInWaitList = 0, .phEventWaitList = nullptr, .phEvent = 0x7ffea9401020 (0x3c830600)) -> UR_RESULT_SUCCESS;
   ---> urEventWait
[2026-10-08 12:19:03.228] [thread-id: 123410861513920] [trace] zeEventHostSynchronize(hEvent, timeout)
[2026-10-08 12:19:03.228] [thread-id: 123410861513920] [trace] SUCCESS (ZE_RESULT_SUCCESS) in zeEventHostSynchronize(hEvent=0x3c830c18, timeout=18446744073709551615)
   <--- urEventWait(.numEvents = 1, .phEventWaitList = 0x7ffea9401720 {0x3c830600}) -> UR_RESULT_SUCCESS;
   ---> urEventRelease
   <--- urEventRelease(.hEvent = 0x3c830600) -> UR_RESULT_SUCCESS;
   ---> urEnqueueUSMMemcpy
[2026-10-08 12:19:03.228] [thread-id: 123410861513920] [trace] zeCommandListAppendMemoryCopy(hCommandList, dstptr, srcptr, size, hSignalEvent, numWaitEvents, phWaitEventsLocal)
[2026-10-08 12:19:03.228] [thread-id: 123410861513920] [trace] SUCCESS (ZE_RESULT_SUCCESS) in zeCommandListAppendMemoryCopy(hCommandList=0x3c7e7d88, dstptr=0x3c8088b0, srcptr=0xffffffffff600000, size=65536, hSignalEvent=0x3c830c18, numWaitEvents=0, phWaitEvents=nullptr)
   <--- urEnqueueUSMMemcpy(.hQueue = 0x3c7e70a0, .blocking = 0, .pDst = 0x3c8088b0, .pSrc = 0xffffffffff600000, .size = 65536, .numEventsInWaitList = 0, .phEventWaitList = nullptr, .phEvent = 0x7ffea94016d0 (0x3c830600)) -> UR_RESULT_SUCCESS;
   ---> urEventWait
[2026-10-08 12:19:03.228] [thread-id: 123410861513920] [trace] zeEventHostSynchronize(hEvent, timeout)
[2026-10-08 12:19:03.228] [thread-id: 123410861513920] [trace] SUCCESS (ZE_RESULT_SUCCESS) in zeEventHostSynchronize(hEvent=0x3c830c18, timeout=18446744073709551615)
   <--- urEventWait(.numEvents = 1, .phEventWaitList = 0x7ffea9401720 {0x3c830600}) -> UR_RESULT_SUCCESS;
   ---> urEventRelease
   <--- urEventRelease(.hEvent = 0x3c830600) -> UR_RESULT_SUCCESS;
   ---> urQueueFinish
[2026-10-08 12:19:03.228] [thread-id: 123410861513920] [trace] zeCommandListHostSynchronize(hCommandList, timeout)
[2026-10-08 12:19:03.228] [thread-id: 123410861513920] [trace] SUCCESS (ZE_RESULT_SUCCESS) in zeCommandListHostSynchronize(hCommandList=0x3c7e7d88, timeout=18446744073709551615)
   <--- urQueueFinish(.hQueue = 0x3c7e70a0) -> UR_RESULT_SUCCESS;
   ---> urUSMFree
   <--- urUSMFree(.hContext = 0x3c7e3b90, .pMem = 0xffffffffff600000) -> UR_RESULT_SUCCESS;
   ---> urQueueRelease
[2026-10-08 12:19:03.228] [thread-id: 123410861513920] [trace] zeCommandListHostSynchronize(hCommandList, timeout)
[2026-10-08 12:19:03.228] [thread-id: 123410861513920] [trace] SUCCESS (ZE_RESULT_SUCCESS) in zeCommandListHostSynchronize(hCommandList=0x3c7e7d88, timeout=18446744073709551615)
   <--- urQueueRelease(.hQueue = 0x3c7e70a0) -> UR_RESULT_SUCCESS;
   ---> urProgramRelease
   <--- urProgramRelease(.hProgram = 0x3c821a10) -> UR_RESULT_SUCCESS;
   ---> urKernelRelease
   <--- urKernelRelease(.hKernel = 0x3c86cd40) -> UR_RESULT_SUCCESS;
   ---> urProgramRelease
   <--- urProgramRelease(.hProgram = 0x3c821a10) -> UR_RESULT_SUCCESS;
   ---> urKernelRelease
[2026-10-08 12:19:03.228] [thread-id: 123410861513920] [trace] zeKernelDestroy(hKernel)
[2026-10-08 12:19:03.228] [thread-id: 123410861513920] [trace] SUCCESS (ZE_RESULT_SUCCESS) in zeKernelDestroy(hKernel=0x3c871748)
[2026-10-08 12:19:03.228] [thread-id: 123410861513920] [trace] zeModuleBuildLogDestroy(hModuleBuildLog)
[2026-10-08 12:19:03.228] [thread-id: 123410861513920] [trace] SUCCESS (ZE_RESULT_SUCCESS) in zeModuleBuildLogDestroy(hModuleBuildLog=0x3c85a818)
[2026-10-08 12:19:03.228] [thread-id: 123410861513920] [trace] zeModuleDestroy(hModule)
[2026-10-08 12:19:03.228] [thread-id: 123410861513920] [trace] SUCCESS (ZE_RESULT_SUCCESS) in zeModuleDestroy(hModule=0x3c834d18)
   <--- urKernelRelease(.hKernel = 0x3c86cd40) -> UR_RESULT_SUCCESS;
   ---> urContextRelease
[2026-10-08 12:19:03.228] [thread-id: 123410861513920] [trace] zeMemFreeExt(hContext, pMemFreeDesc, ptr)
[2026-10-08 12:19:03.228] [thread-id: 123410861513920] [trace] SUCCESS (ZE_RESULT_SUCCESS) in zeMemFreeExt(hContext=0x3c7e0738, pMemFreeDesc={stype=0x7ffea9401460, freePolicy=1}, ptr=0xffffffffff600000)
[2026-10-08 12:19:03.228] [thread-id: 123410861513920] [trace] zeEventDestroy(hEvent)
[2026-10-08 12:19:03.228] [thread-id: 123410861513920] [trace] SUCCESS (ZE_RESULT_SUCCESS) in zeEventDestroy(hEvent=0x3c819528)
[2026-10-08 12:19:03.228] [thread-id: 123410861513920] [trace] zeEventDestroy(hEvent)
[2026-10-08 12:19:03.228] [thread-id: 123410861513920] [trace] SUCCESS (ZE_RESULT_SUCCESS) in zeEventDestroy(hEvent=0x3c819a68)
[2026-10-08 12:19:03.229] [thread-id: 123410861513920] [trace] zeEventDestroy(hEvent)
[2026-10-08 12:19:03.229] [thread-id: 123410861513920] [trace] SUCCESS (ZE_RESULT_SUCCESS) in zeEventDestroy(hEvent=0x3c81a168)
[2026-10-08 12:19:03.229] [thread-id: 123410861513920] [trace] zeEventDestroy(hEvent)
[2026-10-08 12:19:03.229] [thread-id: 123410861513920] [trace] SUCCESS (ZE_RESULT_SUCCESS) in zeEventDestroy(hEvent=0x3c81a6c8)
[2026-10-08 12:19:03.229] [thread-id: 123410861513920] [trace] zeEventDestroy(hEvent)
[2026-10-08 12:19:03.229] [thread-id: 123410861513920] [trace] SUCCESS (ZE_RESULT_SUCCESS) in zeEventDestroy(hEvent=0x3c81adc8)
[2026-10-08 12:19:03.229] [thread-id: 123410861513920] [trace] zeEventDestroy(hEvent)
[2026-10-08 12:19:03.229] [thread-id: 123410861513920] [trace] SUCCESS (ZE_RESULT_SUCCESS) in zeEventDestroy(hEvent=0x3c81b2d8)
[2026-10-08 12:19:03.229] [thread-id: 123410861513920] [trace] zeEventDestroy(hEvent)
[2026-10-08 12:19:03.229] [thread-id: 123410861513920] [trace] SUCCESS (ZE_RESULT_SUCCESS) in zeEventDestroy(hEvent=0x3c81b9d8)
[2026-10-08 12:19:03.229] [thread-id: 123410861513920] [trace] zeEventDestroy(hEvent)
[2026-10-08 12:19:03.229] [thread-id: 123410861513920] [trace] SUCCESS (ZE_RESULT_SUCCESS) in zeEventDestroy(hEvent=0x3c81bee8)
[2026-10-08 12:19:03.229] [thread-id: 123410861513920] [trace] zeEventDestroy(hEvent)
[2026-10-08 12:19:03.229] [thread-id: 123410861513920] [trace] SUCCESS (ZE_RESULT_SUCCESS) in zeEventDestroy(hEvent=0x3c81c5e8)
[2026-10-08 12:19:03.229] [thread-id: 123410861513920] [trace] zeEventDestroy(hEvent)
[2026-10-08 12:19:03.229] [thread-id: 123410861513920] [trace] SUCCESS (ZE_RESULT_SUCCESS) in zeEventDestroy(hEvent=0x3c81cb98)
[2026-10-08 12:19:03.229] [thread-id: 123410861513920] [trace] zeEventDestroy(hEvent)
[2026-10-08 12:19:03.229] [thread-id: 123410861513920] [trace] SUCCESS (ZE_RESULT_SUCCESS) in zeEventDestroy(hEvent=0x3c81d298)
[2026-10-08 12:19:03.229] [thread-id: 123410861513920] [trace] zeEventDestroy(hEvent)
[2026-10-08 12:19:03.229] [thread-id: 123410861513920] [trace] SUCCESS (ZE_RESULT_SUCCESS) in zeEventDestroy(hEvent=0x3c81d7a8)
[2026-10-08 12:19:03.229] [thread-id: 123410861513920] [trace] zeEventDestroy(hEvent)
[2026-10-08 12:19:03.229] [thread-id: 123410861513920] [trace] SUCCESS (ZE_RESULT_SUCCESS) in zeEventDestroy(hEvent=0x3c81dea8)
[2026-10-08 12:19:03.229] [thread-id: 123410861513920] [trace] zeEventDestroy(hEvent)
[2026-10-08 12:19:03.229] [thread-id: 123410861513920] [trace] SUCCESS (ZE_RESULT_SUCCESS) in zeEventDestroy(hEvent=0x3c81e3b8)
[2026-10-08 12:19:03.229] [thread-id: 123410861513920] [trace] zeEventDestroy(hEvent)
[2026-10-08 12:19:03.229] [thread-id: 123410861513920] [trace] SUCCESS (ZE_RESULT_SUCCESS) in zeEventDestroy(hEvent=0x3c81eab8)
[2026-10-08 12:19:03.229] [thread-id: 123410861513920] [trace] zeEventDestroy(hEvent)
[2026-10-08 12:19:03.229] [thread-id: 123410861513920] [trace] SUCCESS (ZE_RESULT_SUCCESS) in zeEventDestroy(hEvent=0x3c81f0d8)
[2026-10-08 12:19:03.229] [thread-id: 123410861513920] [trace] zeEventDestroy(hEvent)
[2026-10-08 12:19:03.229] [thread-id: 123410861513920] [trace] SUCCESS (ZE_RESULT_SUCCESS) in zeEventDestroy(hEvent=0x3c81f7d8)
[2026-10-08 12:19:03.229] [thread-id: 123410861513920] [trace] zeEventDestroy(hEvent)
[2026-10-08 12:19:03.229] [thread-id: 123410861513920] [trace] SUCCESS (ZE_RESULT_SUCCESS) in zeEventDestroy(hEvent=0x3c81fce8)
[2026-10-08 12:19:03.229] [thread-id: 123410861513920] [trace] zeEventDestroy(hEvent)
[2026-10-08 12:19:03.229] [thread-id: 123410861513920] [trace] SUCCESS (ZE_RESULT_SUCCESS) in zeEventDestroy(hEvent=0x3c8203e8)
[2026-10-08 12:19:03.229] [thread-id: 123410861513920] [trace] zeEventDestroy(hEvent)
[2026-10-08 12:19:03.229] [thread-id: 123410861513920] [trace] SUCCESS (ZE_RESULT_SUCCESS) in zeEventDestroy(hEvent=0x3c8208f8)
[2026-10-08 12:19:03.229] [thread-id: 123410861513920] [trace] zeEventDestroy(hEvent)
[2026-10-08 12:19:03.229] [thread-id: 123410861513920] [trace] SUCCESS (ZE_RESULT_SUCCESS) in zeEventDestroy(hEvent=0x3c820ff8)
[2026-10-08 12:19:03.229] [thread-id: 123410861513920] [trace] zeEventDestroy(hEvent)
[2026-10-08 12:19:03.229] [thread-id: 123410861513920] [trace] SUCCESS (ZE_RESULT_SUCCESS) in zeEventDestroy(hEvent=0x3c821508)
[2026-10-08 12:19:03.229] [thread-id: 123410861513920] [trace] zeEventDestroy(hEvent)
[2026-10-08 12:19:03.229] [thread-id: 123410861513920] [trace] SUCCESS (ZE_RESULT_SUCCESS) in zeEventDestroy(hEvent=0x3c821d48)
[2026-10-08 12:19:03.229] [thread-id: 123410861513920] [trace] zeEventDestroy(hEvent)
[2026-10-08 12:19:03.229] [thread-id: 123410861513920] [trace] SUCCESS (ZE_RESULT_SUCCESS) in zeEventDestroy(hEvent=0x3c822258)
[2026-10-08 12:19:03.229] [thread-id: 123410861513920] [trace] zeEventDestroy(hEvent)
[2026-10-08 12:19:03.229] [thread-id: 123410861513920] [trace] SUCCESS (ZE_RESULT_SUCCESS) in zeEventDestroy(hEvent=0x3c822958)
[2026-10-08 12:19:03.229] [thread-id: 123410861513920] [trace] zeEventDestroy(hEvent)
[2026-10-08 12:19:03.229] [thread-id: 123410861513920] [trace] SUCCESS (ZE_RESULT_SUCCESS) in zeEventDestroy(hEvent=0x3c822e68)
[2026-10-08 12:19:03.229] [thread-id: 123410861513920] [trace] zeEventDestroy(hEvent)
[2026-10-08 12:19:03.229] [thread-id: 123410861513920] [trace] SUCCESS (ZE_RESULT_SUCCESS) in zeEventDestroy(hEvent=0x3c823568)
[2026-10-08 12:19:03.229] [thread-id: 123410861513920] [trace] zeEventDestroy(hEvent)
[2026-10-08 12:19:03.229] [thread-id: 123410861513920] [trace] SUCCESS (ZE_RESULT_SUCCESS) in zeEventDestroy(hEvent=0x3c823a78)
[2026-10-08 12:19:03.229] [thread-id: 123410861513920] [trace] zeEventDestroy(hEvent)
[2026-10-08 12:19:03.229] [thread-id: 123410861513920] [trace] SUCCESS (ZE_RESULT_SUCCESS) in zeEventDestroy(hEvent=0x3c824178)
[2026-10-08 12:19:03.229] [thread-id: 123410861513920] [trace] zeEventDestroy(hEvent)
[2026-10-08 12:19:03.229] [thread-id: 123410861513920] [trace] SUCCESS (ZE_RESULT_SUCCESS) in zeEventDestroy(hEvent=0x3c824688)
[2026-10-08 12:19:03.229] [thread-id: 123410861513920] [trace] zeEventDestroy(hEvent)
[2026-10-08 12:19:03.229] [thread-id: 123410861513920] [trace] SUCCESS (ZE_RESULT_SUCCESS) in zeEventDestroy(hEvent=0x3c824d88)
[2026-10-08 12:19:03.229] [thread-id: 123410861513920] [trace] zeEventDestroy(hEvent)
[2026-10-08 12:19:03.229] [thread-id: 123410861513920] [trace] SUCCESS (ZE_RESULT_SUCCESS) in zeEventDestroy(hEvent=0x3c8254a8)
[2026-10-08 12:19:03.229] [thread-id: 123410861513920] [trace] zeEventDestroy(hEvent)
[2026-10-08 12:19:03.229] [thread-id: 123410861513920] [trace] SUCCESS (ZE_RESULT_SUCCESS) in zeEventDestroy(hEvent=0x3c825ba8)
[2026-10-08 12:19:03.229] [thread-id: 123410861513920] [trace] zeEventDestroy(hEvent)
[2026-10-08 12:19:03.229] [thread-id: 123410861513920] [trace] SUCCESS (ZE_RESULT_SUCCESS) in zeEventDestroy(hEvent=0x3c8260b8)
[2026-10-08 12:19:03.229] [thread-id: 123410861513920] [trace] zeEventDestroy(hEvent)
[2026-10-08 12:19:03.229] [thread-id: 123410861513920] [trace] SUCCESS (ZE_RESULT_SUCCESS) in zeEventDestroy(hEvent=0x3c8267b8)
[2026-10-08 12:19:03.229] [thread-id: 123410861513920] [trace] zeEventDestroy(hEvent)
[2026-10-08 12:19:03.229] [thread-id: 123410861513920] [trace] SUCCESS (ZE_RESULT_SUCCESS) in zeEventDestroy(hEvent=0x3c826cc8)
[2026-10-08 12:19:03.229] [thread-id: 123410861513920] [trace] zeEventDestroy(hEvent)
[2026-10-08 12:19:03.229] [thread-id: 123410861513920] [trace] SUCCESS (ZE_RESULT_SUCCESS) in zeEventDestroy(hEvent=0x3c8273c8)
[2026-10-08 12:19:03.229] [thread-id: 123410861513920] [trace] zeEventDestroy(hEvent)
[2026-10-08 12:19:03.229] [thread-id: 123410861513920] [trace] SUCCESS (ZE_RESULT_SUCCESS) in zeEventDestroy(hEvent=0x3c8278d8)
[2026-10-08 12:19:03.229] [thread-id: 123410861513920] [trace] zeEventDestroy(hEvent)
[2026-10-08 12:19:03.229] [thread-id: 123410861513920] [trace] SUCCESS (ZE_RESULT_SUCCESS) in zeEventDestroy(hEvent=0x3c827fd8)
[2026-10-08 12:19:03.229] [thread-id: 123410861513920] [trace] zeEventDestroy(hEvent)
[2026-10-08 12:19:03.229] [thread-id: 123410861513920] [trace] SUCCESS (ZE_RESULT_SUCCESS) in zeEventDestroy(hEvent=0x3c8284e8)
[2026-10-08 12:19:03.229] [thread-id: 123410861513920] [trace] zeEventDestroy(hEvent)
[2026-10-08 12:19:03.229] [thread-id: 123410861513920] [trace] SUCCESS (ZE_RESULT_SUCCESS) in zeEventDestroy(hEvent=0x3c828be8)
[2026-10-08 12:19:03.229] [thread-id: 123410861513920] [trace] zeEventDestroy(hEvent)
[2026-10-08 12:19:03.229] [thread-id: 123410861513920] [trace] SUCCESS (ZE_RESULT_SUCCESS) in zeEventDestroy(hEvent=0x3c8290f8)
[2026-10-08 12:19:03.229] [thread-id: 123410861513920] [trace] zeEventDestroy(hEvent)
[2026-10-08 12:19:03.229] [thread-id: 123410861513920] [trace] SUCCESS (ZE_RESULT_SUCCESS) in zeEventDestroy(hEvent=0x3c8297f8)
[2026-10-08 12:19:03.229] [thread-id: 123410861513920] [trace] zeEventDestroy(hEvent)
[2026-10-08 12:19:03.229] [thread-id: 123410861513920] [trace] SUCCESS (ZE_RESULT_SUCCESS) in zeEventDestroy(hEvent=0x3c829d08)
[2026-10-08 12:19:03.229] [thread-id: 123410861513920] [trace] zeEventDestroy(hEvent)
[2026-10-08 12:19:03.230] [thread-id: 123410861513920] [trace] SUCCESS (ZE_RESULT_SUCCESS) in zeEventDestroy(hEvent=0x3c82a408)
[2026-10-08 12:19:03.230] [thread-id: 123410861513920] [trace] zeEventDestroy(hEvent)
[2026-10-08 12:19:03.230] [thread-id: 123410861513920] [trace] SUCCESS (ZE_RESULT_SUCCESS) in zeEventDestroy(hEvent=0x3c82a918)
[2026-10-08 12:19:03.230] [thread-id: 123410861513920] [trace] zeEventDestroy(hEvent)
[2026-10-08 12:19:03.230] [thread-id: 123410861513920] [trace] SUCCESS (ZE_RESULT_SUCCESS) in zeEventDestroy(hEvent=0x3c82b018)
[2026-10-08 12:19:03.230] [thread-id: 123410861513920] [trace] zeEventDestroy(hEvent)
[2026-10-08 12:19:03.230] [thread-id: 123410861513920] [trace] SUCCESS (ZE_RESULT_SUCCESS) in zeEventDestroy(hEvent=0x3c82b528)
[2026-10-08 12:19:03.230] [thread-id: 123410861513920] [trace] zeEventDestroy(hEvent)
[2026-10-08 12:19:03.230] [thread-id: 123410861513920] [trace] SUCCESS (ZE_RESULT_SUCCESS) in zeEventDestroy(hEvent=0x3c82bc28)
[2026-10-08 12:19:03.230] [thread-id: 123410861513920] [trace] zeEventDestroy(hEvent)
[2026-10-08 12:19:03.230] [thread-id: 123410861513920] [trace] SUCCESS (ZE_RESULT_SUCCESS) in zeEventDestroy(hEvent=0x3c82c138)
[2026-10-08 12:19:03.230] [thread-id: 123410861513920] [trace] zeEventDestroy(hEvent)
[2026-10-08 12:19:03.230] [thread-id: 123410861513920] [trace] SUCCESS (ZE_RESULT_SUCCESS) in zeEventDestroy(hEvent=0x3c82cab8)
[2026-10-08 12:19:03.230] [thread-id: 123410861513920] [trace] zeEventDestroy(hEvent)
[2026-10-08 12:19:03.230] [thread-id: 123410861513920] [trace] SUCCESS (ZE_RESULT_SUCCESS) in zeEventDestroy(hEvent=0x3c82cfc8)
[2026-10-08 12:19:03.230] [thread-id: 123410861513920] [trace] zeEventDestroy(hEvent)
[2026-10-08 12:19:03.230] [thread-id: 123410861513920] [trace] SUCCESS (ZE_RESULT_SUCCESS) in zeEventDestroy(hEvent=0x3c82d6c8)
[2026-10-08 12:19:03.230] [thread-id: 123410861513920] [trace] zeEventDestroy(hEvent)
[2026-10-08 12:19:03.230] [thread-id: 123410861513920] [trace] SUCCESS (ZE_RESULT_SUCCESS) in zeEventDestroy(hEvent=0x3c82dbd8)
[2026-10-08 12:19:03.230] [thread-id: 123410861513920] [trace] zeEventDestroy(hEvent)
[2026-10-08 12:19:03.230] [thread-id: 123410861513920] [trace] SUCCESS (ZE_RESULT_SUCCESS) in zeEventDestroy(hEvent=0x3c82e2d8)
[2026-10-08 12:19:03.230] [thread-id: 123410861513920] [trace] zeEventDestroy(hEvent)
[2026-10-08 12:19:03.230] [thread-id: 123410861513920] [trace] SUCCESS (ZE_RESULT_SUCCESS) in zeEventDestroy(hEvent=0x3c82e7e8)
[2026-10-08 12:19:03.230] [thread-id: 123410861513920] [trace] zeEventDestroy(hEvent)
[2026-10-08 12:19:03.230] [thread-id: 123410861513920] [trace] SUCCESS (ZE_RESULT_SUCCESS) in zeEventDestroy(hEvent=0x3c82eee8)
[2026-10-08 12:19:03.230] [thread-id: 123410861513920] [trace] zeEventDestroy(hEvent)
[2026-10-08 12:19:03.230] [thread-id: 123410861513920] [trace] SUCCESS (ZE_RESULT_SUCCESS) in zeEventDestroy(hEvent=0x3c82f3f8)
[2026-10-08 12:19:03.230] [thread-id: 123410861513920] [trace] zeEventDestroy(hEvent)
[2026-10-08 12:19:03.230] [thread-id: 123410861513920] [trace] SUCCESS (ZE_RESULT_SUCCESS) in zeEventDestroy(hEvent=0x3c82faf8)
[2026-10-08 12:19:03.230] [thread-id: 123410861513920] [trace] zeEventDestroy(hEvent)
[2026-10-08 12:19:03.230] [thread-id: 123410861513920] [trace] SUCCESS (ZE_RESULT_SUCCESS) in zeEventDestroy(hEvent=0x3c830008)
[2026-10-08 12:19:03.230] [thread-id: 123410861513920] [trace] zeEventDestroy(hEvent)
[2026-10-08 12:19:03.230] [thread-id: 123410861513920] [trace] SUCCESS (ZE_RESULT_SUCCESS) in zeEventDestroy(hEvent=0x3c830708)
[2026-10-08 12:19:03.230] [thread-id: 123410861513920] [trace] zeEventDestroy(hEvent)
[2026-10-08 12:19:03.230] [thread-id: 123410861513920] [trace] SUCCESS (ZE_RESULT_SUCCESS) in zeEventDestroy(hEvent=0x3c830c18)
[2026-10-08 12:19:03.230] [thread-id: 123410861513920] [trace] zeEventDestroy(hEvent)
[2026-10-08 12:19:03.230] [thread-id: 123410861513920] [trace] SUCCESS (ZE_RESULT_SUCCESS) in zeEventDestroy(hEvent=0x3c818a68)
[2026-10-08 12:19:03.230] [thread-id: 123410861513920] [trace] zeEventDestroy(hEvent)
[2026-10-08 12:19:03.230] [thread-id: 123410861513920] [trace] SUCCESS (ZE_RESULT_SUCCESS) in zeEventDestroy(hEvent=0x3c818e08)
[2026-10-08 12:19:03.230] [thread-id: 123410861513920] [trace] zeCommandListDestroy(hCommandList)
[2026-10-08 12:19:03.230] [thread-id: 123410861513920] [trace] SUCCESS (ZE_RESULT_SUCCESS) in zeCommandListDestroy(hCommandList=0x3c7e7d88)
[2026-10-08 12:19:03.230] [thread-id: 123410861513920] [trace] zeContextDestroy(hContext)
[2026-10-08 12:19:03.230] [thread-id: 123410861513920] [trace] SUCCESS (ZE_RESULT_SUCCESS) in zeContextDestroy(hContext=0x3c7e0738)
   <--- urContextRelease(.hContext = 0x3c7e3b90) -> UR_RESULT_SUCCESS;
   ---> urDeviceRelease
   <--- urDeviceRelease(.hDevice = 0x3c7df040) -> UR_RESULT_SUCCESS;
   ---> urAdapterRelease
   <--- urAdapterRelease(.hAdapter = 0x3c5e3700) -> UR_RESULT_SUCCESS;
