<LOADER>[DEBUG]: Logger loader initialized successfully!
<LOADER>[INFO]: loaded adapter 0x0x27987980 (/opt/intel/oneapi/compiler/2026.1/lib/libur_adapter_level_zero_v2.so.0) from /opt/intel/oneapi/compiler/2026.1/lib/libur_adapter_level_zero_v2.so.0
   ---> urAdapterGet
<LEVEL_ZERO>[DEBUG]: zeInit with flags value of 1
[2026-10-07 10:32:51.612] [thread-id: 124801241783488] [info] Loader Version 1.32.0  - No git SHA found, compiled outside git folder.
[2026-10-07 10:32:51.615] [thread-id: 124801241783488] [info] Validation Layer Enabled
[2026-10-07 10:32:51.615] [thread-id: 124801241783488] [info] zeInit succeeded
[2026-10-07 10:32:51.616] [thread-id: 124801241783488] [trace] zeInit(flags)
[2026-10-07 10:32:51.644] [thread-id: 124801241783488] [trace] SUCCESS (ZE_RESULT_SUCCESS) in zeInit(flags=1)
<LEVEL_ZERO>[DEBUG]: Level Zero Loader version: 1.32.0
<LEVEL_ZERO>[DEBUG]: zeInitDrivers with flags value of 1
[2026-10-07 10:32:51.644] [thread-id: 124801241783488] [trace] zeInitDrivers(pCount, phDrivers, desc)
[2026-10-07 10:32:51.644] [thread-id: 124801241783488] [trace] SUCCESS (ZE_RESULT_SUCCESS) in zeInitDrivers(pCount=1, phDrivers=nullptr, desc={stype=0x27986728, flags=1})
[2026-10-07 10:32:51.644] [thread-id: 124801241783488] [trace] zeInitDrivers(pCount, phDrivers, desc)
[2026-10-07 10:32:51.644] [thread-id: 124801241783488] [trace] SUCCESS (ZE_RESULT_SUCCESS) in zeInitDrivers(pCount=1, phDrivers=nullptr, desc={stype=0x27986728, flags=1})
[2026-10-07 10:32:51.644] [thread-id: 124801241783488] [trace] zeDriverGet(pCount, phDrivers)
[2026-10-07 10:32:51.644] [thread-id: 124801241783488] [trace] SUCCESS (ZE_RESULT_SUCCESS) in zeDriverGet(pCount=1, phDrivers=nullptr)
[2026-10-07 10:32:51.644] [thread-id: 124801241783488] [trace] zeDriverGet(pCount, phDrivers)
[2026-10-07 10:32:51.644] [thread-id: 124801241783488] [trace] SUCCESS (ZE_RESULT_SUCCESS) in zeDriverGet(pCount=1, phDrivers=0x27b6c980)
[2026-10-07 10:32:51.644] [thread-id: 124801241783488] [trace] zeDeviceGet(hDriver, pCount, phDevices)
[2026-10-07 10:32:51.644] [thread-id: 124801241783488] [trace] SUCCESS (ZE_RESULT_SUCCESS) in zeDeviceGet(hDriver=0x27b6c9c8, pCount=1, phDevices=nullptr)
[2026-10-07 10:32:51.644] [thread-id: 124801241783488] [trace] zeDeviceGet(hDriver, pCount, phDevices)
[2026-10-07 10:32:51.644] [thread-id: 124801241783488] [trace] SUCCESS (ZE_RESULT_SUCCESS) in zeDeviceGet(hDriver=0x27b6c9c8, pCount=1, phDevices=0x27b792b0)
[2026-10-07 10:32:51.644] [thread-id: 124801241783488] [trace] zeDeviceGetProperties(hDevice, pDeviceProperties)
[2026-10-07 10:32:51.644] [thread-id: 124801241783488] [trace] SUCCESS (ZE_RESULT_SUCCESS) in zeDeviceGetProperties(hDevice=0x27b6cf28, pDeviceProperties={stype=0x7ffd02be8970, type=0x7ffd02be8980, vendorId=32902, deviceId=57868, flags=8, subdeviceId=0, coreClockRate=2750, maxMemAllocSize=10132807680, maxHardwareContexts=65536, maxCommandQueuePriority=0, numThreadsPerEU=8, physicalEUSimdWidth=16, numEUsPerSubslice=8, numSubslicesPerSlice=4, numSlices=5, timerResolution=52, timestampValidBits=64, kernelTimestampValidBits=64, uuid={id=134}, name="Intel(R) Arc(TM) B570 Graphics"})
<LEVEL_ZERO>[DEBUG]: 
zesInit with flags value of 0

[2026-10-07 10:32:51.644] [thread-id: 124801241783488] [trace] zesInit(flags)
[2026-10-07 10:32:51.646] [thread-id: 124801241783488] [trace] SUCCESS (ZE_RESULT_SUCCESS) in zesInit(flags=0)
[2026-10-07 10:32:51.646] [thread-id: 124801241783488] [trace] zeDriverGet(pCount, phDrivers)
[2026-10-07 10:32:51.646] [thread-id: 124801241783488] [trace] SUCCESS (ZE_RESULT_SUCCESS) in zeDriverGet(pCount=1, phDrivers=nullptr)
[2026-10-07 10:32:51.646] [thread-id: 124801241783488] [trace] zeDriverGet(pCount, phDrivers)
[2026-10-07 10:32:51.646] [thread-id: 124801241783488] [trace] SUCCESS (ZE_RESULT_SUCCESS) in zeDriverGet(pCount=1, phDrivers=0x27b80340)
[2026-10-07 10:32:51.646] [thread-id: 124801241783488] [trace] zeInitDrivers(pCount, phDrivers, desc)
[2026-10-07 10:32:51.646] [thread-id: 124801241783488] [trace] SUCCESS (ZE_RESULT_SUCCESS) in zeInitDrivers(pCount=1, phDrivers=0x27b80410, desc={stype=0x27986728, flags=1})
[2026-10-07 10:32:51.646] [thread-id: 124801241783488] [trace] zeDriverGetProperties(hDriver, pDriverProperties)
[2026-10-07 10:32:51.646] [thread-id: 124801241783488] [trace] SUCCESS (ZE_RESULT_SUCCESS) in zeDriverGetProperties(hDriver=0x27b6c9c8, pDriverProperties={stype=0x7ffd02be88c0, uuid={id=227}, driverVersion=17013219})
[2026-10-07 10:32:51.646] [thread-id: 124801241783488] [trace] zeDriverGetProperties(hDriver, pDriverProperties)
[2026-10-07 10:32:51.646] [thread-id: 124801241783488] [trace] SUCCESS (ZE_RESULT_SUCCESS) in zeDriverGetProperties(hDriver=0x27b6c9c8, pDriverProperties={stype=0x7ffd02be8a90, uuid={id=227}, driverVersion=17013219})
<LEVEL_ZERO>[DEBUG]: zeDriverHandle 0x27b6c9c8 matched between zeDriverGet and zeInitDrivers. Not adding duplicate driver to list
<LEVEL_ZERO>[DEBUG]: 1 L0 Drivers found.
[2026-10-07 10:32:51.646] [thread-id: 124801241783488] [trace] zeDeviceGet(hDriver, pCount, phDevices)
[2026-10-07 10:32:51.646] [thread-id: 124801241783488] [trace] SUCCESS (ZE_RESULT_SUCCESS) in zeDeviceGet(hDriver=0x27b6c9c8, pCount=1, phDevices=nullptr)
[2026-10-07 10:32:51.646] [thread-id: 124801241783488] [trace] zeDeviceGet(hDriver, pCount, phDevices)
[2026-10-07 10:32:51.646] [thread-id: 124801241783488] [trace] SUCCESS (ZE_RESULT_SUCCESS) in zeDeviceGet(hDriver=0x27b6c9c8, pCount=1, phDevices=0x27b806b0)
[2026-10-07 10:32:51.646] [thread-id: 124801241783488] [trace] zeDeviceGetProperties(hDevice, pDeviceProperties)
[2026-10-07 10:32:51.646] [thread-id: 124801241783488] [trace] SUCCESS (ZE_RESULT_SUCCESS) in zeDeviceGetProperties(hDevice=0x27b6cf28, pDeviceProperties={stype=0x7ffd02be88c0, type=0x7ffd02be88d0, vendorId=32902, deviceId=57868, flags=8, subdeviceId=0, coreClockRate=2750, maxMemAllocSize=10132807680, maxHardwareContexts=65536, maxCommandQueuePriority=0, numThreadsPerEU=8, physicalEUSimdWidth=16, numEUsPerSubslice=8, numSubslicesPerSlice=4, numSlices=5, timerResolution=52, timestampValidBits=64, kernelTimestampValidBits=64, uuid={id=134}, name="Intel(R) Arc(TM) B570 Graphics"})
[2026-10-07 10:32:51.646] [thread-id: 124801241783488] [trace] zeDriverGetApiVersion(hDriver, version)
[2026-10-07 10:32:51.646] [thread-id: 124801241783488] [trace] SUCCESS (ZE_RESULT_SUCCESS) in zeDriverGetApiVersion(hDriver=0x27b6c9c8, version=65553)
[2026-10-07 10:32:51.646] [thread-id: 124801241783488] [trace] zeDriverGetExtensionProperties(hDriver, pCount, pExtensionProperties)
[2026-10-07 10:32:51.646] [thread-id: 124801241783488] [trace] SUCCESS (ZE_RESULT_SUCCESS) in zeDriverGetExtensionProperties(hDriver=0x27b6c9c8, pCount=63, pExtensionProperties=nullptr)
[2026-10-07 10:32:51.646] [thread-id: 124801241783488] [trace] zeDriverGetExtensionProperties(hDriver, pCount, pExtensionProperties)
[2026-10-07 10:32:51.646] [thread-id: 124801241783488] [trace] SUCCESS (ZE_RESULT_SUCCESS) in zeDriverGetExtensionProperties(hDriver=0x27b6c9c8, pCount=63, pExtensionProperties={name="ZE_extension_device_cache_line_size", version=65536})
[2026-10-07 10:32:51.646] [thread-id: 124801241783488] [trace] zeDriverGetExtensionFunctionAddress(hDriver, name, ppFunctionAddress)
[2026-10-07 10:32:51.647] [thread-id: 124801241783488] [trace] SUCCESS (ZE_RESULT_SUCCESS) in zeDriverGetExtensionFunctionAddress(hDriver=0x27b6c9c8, name="zeIntelGetDriverVersionString", ppFunctionAddress=0x718189d91c00)
[2026-10-07 10:32:51.647] [thread-id: 124801241783488] [trace] zeDriverGetProperties(hDriver, pDriverProperties)
[2026-10-07 10:32:51.647] [thread-id: 124801241783488] [trace] SUCCESS (ZE_RESULT_SUCCESS) in zeDriverGetProperties(hDriver=0x27b6c9c8, pDriverProperties={stype=0x7ffd02be8780, uuid={id=227}, driverVersion=17013219})
<LEVEL_ZERO>[DEBUG]: Level Zero Driver version: 1.17.39395+14
[2026-10-07 10:32:51.647] [thread-id: 124801241783488] [trace] zeDriverGetExtensionFunctionAddress(hDriver, name, ppFunctionAddress)
[2026-10-07 10:32:51.647] [thread-id: 124801241783488] [trace] SUCCESS (ZE_RESULT_SUCCESS) in zeDriverGetExtensionFunctionAddress(hDriver=0x27b6c9c8, name="zexDriverImportExternalPointer", ppFunctionAddress=0x718189d8ca40)
[2026-10-07 10:32:51.647] [thread-id: 124801241783488] [trace] zeDriverGetExtensionFunctionAddress(hDriver, name, ppFunctionAddress)
[2026-10-07 10:32:51.647] [thread-id: 124801241783488] [trace] SUCCESS (ZE_RESULT_SUCCESS) in zeDriverGetExtensionFunctionAddress(hDriver=0x27b6c9c8, name="zexDriverReleaseImportedPointer", ppFunctionAddress=0x718189d94e30)
[2026-10-07 10:32:51.647] [thread-id: 124801241783488] [trace] zeDriverGetExtensionFunctionAddress(hDriver, name, ppFunctionAddress)
[2026-10-07 10:32:51.647] [thread-id: 124801241783488] [trace] SUCCESS (ZE_RESULT_SUCCESS) in zeDriverGetExtensionFunctionAddress(hDriver=0x27b6c9c8, name="zeImageGetDeviceOffsetExp", ppFunctionAddress=0x718189d96190)
[2026-10-07 10:32:51.647] [thread-id: 124801241783488] [trace] zeDriverGetExtensionFunctionAddress(hDriver, name, ppFunctionAddress)
[2026-10-07 10:32:51.647] [thread-id: 124801241783488] [trace] SUCCESS (ZE_RESULT_SUCCESS) in zeDriverGetExtensionFunctionAddress(hDriver=0x27b6c9c8, name="zeMemGetPitchFor2dImage", ppFunctionAddress=0x718189d98550)
[2026-10-07 10:32:51.647] [thread-id: 124801241783488] [trace] zeDriverGetExtensionFunctionAddress(hDriver, name, ppFunctionAddress)
[2026-10-07 10:32:51.647] [thread-id: 124801241783488] [trace] SUCCESS (ZE_RESULT_SUCCESS) in zeDriverGetExtensionFunctionAddress(hDriver=0x27b6c9c8, name="zeGraphGetIdExt", ppFunctionAddress=0x718189d86dd0)
[2026-10-07 10:32:51.647] [thread-id: 124801241783488] [trace] zeDriverGetExtensionFunctionAddress(hDriver, name, ppFunctionAddress)
[2026-10-07 10:32:51.647] [thread-id: 124801241783488] [trace] SUCCESS (ZE_RESULT_SUCCESS) in zeDriverGetExtensionFunctionAddress(hDriver=0x27b6c9c8, name="zeCommandListAppendHostFunction", ppFunctionAddress=0x718189d6a140)
[2026-10-07 10:32:51.647] [thread-id: 124801241783488] [trace] zesDriverGet(pCount, phDrivers)
[2026-10-07 10:32:51.647] [thread-id: 124801241783488] [trace] SUCCESS (ZE_RESULT_SUCCESS) in zesDriverGet(pCount=1, phDrivers=nullptr)
[2026-10-07 10:32:51.647] [thread-id: 124801241783488] [trace] zesDriverGet(pCount, phDrivers)
[2026-10-07 10:32:51.647] [thread-id: 124801241783488] [trace] SUCCESS (ZE_RESULT_SUCCESS) in zesDriverGet(pCount=1, phDrivers=0x27b815b0)
[2026-10-07 10:32:51.647] [thread-id: 124801241783488] [trace] zesDriverGetDeviceByUuidExp(hDriver, uuid, phDevice, onSubdevice, subdeviceId)
[2026-10-07 10:32:51.647] [thread-id: 124801241783488] [trace] SUCCESS (ZE_RESULT_SUCCESS) in zesDriverGetDeviceByUuidExp(hDriver=0x27b7d1c8, uuid={id=134}, phDevice=0x279ad058, onSubdevice=0, subdeviceId=0)
<LEVEL_ZERO>[DEBUG]: Initialized 1 platforms
   <--- urAdapterGet(.NumEntries = 0, .phAdapters = nullptr, .pNumAdapters = 0x7ffd02be9198 (1)) -> UR_RESULT_SUCCESS;
   ---> urAdapterGet
   <--- urAdapterGet(.NumEntries = 1, .phAdapters = 0x27b80690 {0x27986700}, .pNumAdapters = nullptr) -> UR_RESULT_SUCCESS;
   ---> urAdapterGetInfo
   <--- urAdapterGetInfo(.hAdapter = 0x27986700, .propName = UR_ADAPTER_INFO_BACKEND, .propSize = 4, .pPropValue = 0x7ffd02be918c (UR_BACKEND_LEVEL_ZERO), .pPropSizeRet = nullptr) -> UR_RESULT_SUCCESS;
   ---> urAdapterSetLoggerCallback
   <--- urAdapterSetLoggerCallback(.hAdapter = 0x27986700, .pfnLoggerCallback = 0x718190b6d420, .pUserData = nullptr, .level = UR_LOGGER_LEVEL_WARN) -> UR_RESULT_SUCCESS;
   ---> urPlatformGet
   <--- urPlatformGet(.hAdapter = 0x27986700, .NumEntries = 0, .phPlatforms = nullptr, .pNumPlatforms = 0x7ffd02be90cc (1)) -> UR_RESULT_SUCCESS;
   ---> urPlatformGet
   <--- urPlatformGet(.hAdapter = 0x27986700, .NumEntries = 1, .phPlatforms = 0x27b80690 {0x27b80810}, .pNumPlatforms = nullptr) -> UR_RESULT_SUCCESS;
   ---> urPlatformGetInfo
   <--- urPlatformGetInfo(.hPlatform = 0x27b80810, .propName = UR_PLATFORM_INFO_BACKEND, .propSize = 4, .pPropValue = 0x7ffd02be90dc (UR_BACKEND_LEVEL_ZERO), .pPropSizeRet = nullptr) -> UR_RESULT_SUCCESS;
   ---> urDeviceGet
[2026-10-07 10:32:51.647] [thread-id: 124801241783488] [trace] zeDeviceGet(hDriver, pCount, phDevices)
[2026-10-07 10:32:51.647] [thread-id: 124801241783488] [trace] SUCCESS (ZE_RESULT_SUCCESS) in zeDeviceGet(hDriver=0x27b6c9c8, pCount=1, phDevices=nullptr)
[2026-10-07 10:32:51.647] [thread-id: 124801241783488] [trace] zeDeviceGet(hDriver, pCount, phDevices)
[2026-10-07 10:32:51.647] [thread-id: 124801241783488] [trace] SUCCESS (ZE_RESULT_SUCCESS) in zeDeviceGet(hDriver=0x27b6c9c8, pCount=1, phDevices=0x27b82000)
[2026-10-07 10:32:51.647] [thread-id: 124801241783488] [trace] zeDeviceGetProperties(hDevice, pDeviceProperties)
[2026-10-07 10:32:51.647] [thread-id: 124801241783488] [trace] SUCCESS (ZE_RESULT_SUCCESS) in zeDeviceGetProperties(hDevice=0x27b6cf28, pDeviceProperties={stype=0x27b820e8, type=0x27b820f8, vendorId=32902, deviceId=57868, flags=8, subdeviceId=0, coreClockRate=2750, maxMemAllocSize=10132807680, maxHardwareContexts=65536, maxCommandQueuePriority=0, numThreadsPerEU=8, physicalEUSimdWidth=16, numEUsPerSubslice=8, numSubslicesPerSlice=4, numSlices=5, timerResolution=19200000, timestampValidBits=64, kernelTimestampValidBits=64, uuid={id=134}, name="Intel(R) Arc(TM) B570 Graphics"})
[2026-10-07 10:32:51.647] [thread-id: 124801241783488] [trace] zeDeviceGetProperties(hDevice, pDeviceProperties)
[2026-10-07 10:32:51.647] [thread-id: 124801241783488] [trace] SUCCESS (ZE_RESULT_SUCCESS) in zeDeviceGetProperties(hDevice=0x27b6cf28, pDeviceProperties={stype=0x7ffd02be86d8, type=0x7ffd02be86e8, vendorId=32902, deviceId=57868, flags=8, subdeviceId=0, coreClockRate=2750, maxMemAllocSize=10132807680, maxHardwareContexts=65536, maxCommandQueuePriority=0, numThreadsPerEU=8, physicalEUSimdWidth=16, numEUsPerSubslice=8, numSubslicesPerSlice=4, numSlices=5, timerResolution=52, timestampValidBits=64, kernelTimestampValidBits=64, uuid={id=134}, name="Intel(R) Arc(TM) B570 Graphics"})
[2026-10-07 10:32:51.647] [thread-id: 124801241783488] [trace] zeDeviceGetCommandQueueGroupProperties(hDevice, pCount, pCommandQueueGroupProperties)
[2026-10-07 10:32:51.647] [thread-id: 124801241783488] [trace] SUCCESS (ZE_RESULT_SUCCESS) in zeDeviceGetCommandQueueGroupProperties(hDevice=0x27b6cf28, pCount=2, pCommandQueueGroupProperties=nullptr)
<LEVEL_ZERO>[INFO]: Number of queue groups = 2
[2026-10-07 10:32:51.647] [thread-id: 124801241783488] [trace] zeDeviceGetCommandQueueGroupProperties(hDevice, pCount, pCommandQueueGroupProperties)
[2026-10-07 10:32:51.647] [thread-id: 124801241783488] [trace] SUCCESS (ZE_RESULT_SUCCESS) in zeDeviceGetCommandQueueGroupProperties(hDevice=0x27b6cf28, pCount=2, pCommandQueueGroupProperties={stype=0x27986610, flags=7, maxMemoryFillPatternSize=18446744073709551615, numQueues=1})
<LEVEL_ZERO>[INFO]: main blitter/copy engine is available
<LEVEL_ZERO>[INFO]: link blitter/copy engines are not available
[2026-10-07 10:32:51.647] [thread-id: 124801241783488] [trace] zeDeviceGetSubDevices(hDevice, pCount, phSubdevices)
[2026-10-07 10:32:51.647] [thread-id: 124801241783488] [trace] SUCCESS (ZE_RESULT_SUCCESS) in zeDeviceGetSubDevices(hDevice=0x27b6cf28, pCount=0, phSubdevices=nullptr)
[2026-10-07 10:32:51.647] [thread-id: 124801241783488] [trace] zeDeviceGetSubDevices(hDevice, pCount, phSubdevices)
[2026-10-07 10:32:51.647] [thread-id: 124801241783488] [trace] SUCCESS (ZE_RESULT_SUCCESS) in zeDeviceGetSubDevices(hDevice=0x27b6cf28, pCount=0, phSubdevices=0x27b82020)
[2026-10-07 10:32:51.647] [thread-id: 124801241783488] [trace] zeDeviceGetRootDevice(hDevice, phRootDevice)
[2026-10-07 10:32:51.647] [thread-id: 124801241783488] [trace] SUCCESS (ZE_RESULT_SUCCESS) in zeDeviceGetRootDevice(hDevice=0x27b6cf28, phRootDevice=0x7ffd02be8b30)
[2026-10-07 10:32:51.647] [thread-id: 124801241783488] [trace] zeDeviceSynchronize(hDevice)
[2026-10-07 10:32:51.647] [thread-id: 124801241783488] [trace] SUCCESS (ZE_RESULT_SUCCESS) in zeDeviceSynchronize(hDevice=0x27b6cf28)
[2026-10-07 10:32:51.647] [thread-id: 124801241783488] [trace] zeDeviceGetRootDevice(hDevice, phRootDevice)
[2026-10-07 10:32:51.647] [thread-id: 124801241783488] [trace] SUCCESS (ZE_RESULT_SUCCESS) in zeDeviceGetRootDevice(hDevice=0x27b6cf28, phRootDevice=0x7ffd02be8c20)
   <--- urDeviceGet(.hPlatform = 0x27b80810, .DeviceType = UR_DEVICE_TYPE_ALL, .NumEntries = 0, .phDevices = nullptr, .pNumDevices = 0x7ffd02be904c (1)) -> UR_RESULT_SUCCESS;
   ---> urDeviceGet
[2026-10-07 10:32:51.647] [thread-id: 124801241783488] [trace] zeDeviceGetRootDevice(hDevice, phRootDevice)
[2026-10-07 10:32:51.647] [thread-id: 124801241783488] [trace] SUCCESS (ZE_RESULT_SUCCESS) in zeDeviceGetRootDevice(hDevice=0x27b6cf28, phRootDevice=0x7ffd02be8c20)
   <--- urDeviceGet(.hPlatform = 0x27b80810, .DeviceType = UR_DEVICE_TYPE_ALL, .NumEntries = 1, .phDevices = 0x27b82000 {0x27b82040}, .pNumDevices = nullptr) -> UR_RESULT_SUCCESS;
   ---> urPlatformGetInfo
   <--- urPlatformGetInfo(.hPlatform = 0x27b80810, .propName = UR_PLATFORM_INFO_VERSION, .propSize = 0, .pPropValue = nullptr, .pPropSizeRet = 0x7ffd02be8c20 (5)) -> UR_RESULT_SUCCESS;
   ---> urPlatformGetInfo
   <--- urPlatformGetInfo(.hPlatform = 0x27b80810, .propName = UR_PLATFORM_INFO_VERSION, .propSize = 5, .pPropValue = 0x7ffd02be8d88 (1.17), .pPropSizeRet = nullptr) -> UR_RESULT_SUCCESS;
   ---> urPlatformGetInfo
   <--- urPlatformGetInfo(.hPlatform = 0x27b80810, .propName = UR_PLATFORM_INFO_NAME, .propSize = 0, .pPropValue = nullptr, .pPropSizeRet = 0x7ffd02be8c20 (51)) -> UR_RESULT_SUCCESS;
   ---> urPlatformGetInfo
   <--- urPlatformGetInfo(.hPlatform = 0x27b80810, .propName = UR_PLATFORM_INFO_NAME, .propSize = 51, .pPropValue = 0x27b82710 (Intel(R) oneAPI Unified Runtime over Level-Zero V2), .pPropSizeRet = nullptr) -> UR_RESULT_SUCCESS;
   ---> urDeviceGetInfo
   <--- urDeviceGetInfo(.hDevice = 0x27b82040, .propName = UR_DEVICE_INFO_PARENT_DEVICE, .propSize = 8, .pPropValue = 0x7ffd02be8be0 (nullptr), .pPropSizeRet = nullptr) -> UR_RESULT_SUCCESS;
   ---> urDeviceGetInfo
   <--- urDeviceGetInfo(.hDevice = 0x27b82040, .propName = UR_DEVICE_INFO_TYPE, .propSize = 4, .pPropValue = 0x7ffd02be8b80 (UR_DEVICE_TYPE_GPU), .pPropSizeRet = nullptr) -> UR_RESULT_SUCCESS;
   ---> urDeviceGetInfo
   <--- urDeviceGetInfo(.hDevice = 0x27b82040, .propName = UR_DEVICE_INFO_USE_NATIVE_ASSERT, .propSize = 1, .pPropValue = 0x7ffd02be8b80 (true), .pPropSizeRet = nullptr) -> UR_RESULT_SUCCESS;
   ---> urDeviceGetInfo
[2026-10-07 10:32:51.647] [thread-id: 124801241783488] [trace] zeDeviceGetModuleProperties(hDevice, pModuleProperties)
[2026-10-07 10:32:51.647] [thread-id: 124801241783488] [trace] SUCCESS (ZE_RESULT_SUCCESS) in zeDeviceGetModuleProperties(hDevice=0x27b6cf28, pModuleProperties={stype=0x27b82360, spirvVersionSupported=65541, flags=15, fp16flags=63, fp32flags=127, fp64flags=127, maxArgumentsSize=2048, printfBufferSize=4194304, nativeKernelSupported={id=0}})
[2026-10-07 10:32:51.648] [thread-id: 124801241783488] [trace] zeDeviceGetImageProperties(hDevice, pImageProperties)
[2026-10-07 10:32:51.648] [thread-id: 124801241783488] [trace] SUCCESS (ZE_RESULT_SUCCESS) in zeDeviceGetImageProperties(hDevice=0x27b6cf28, pImageProperties={stype=0x27b82300, maxImageDims1D=16384, maxImageDims2D=16384, maxImageDims3D=2048, maxImageBufferSize=633300480, maxImageArraySlices=2048, maxSamplers=16, maxReadImageArgs=128, maxWriteImageArgs=128})
   <--- urDeviceGetInfo(.hDevice = 0x27b82040, .propName = UR_DEVICE_INFO_EXTENSIONS, .propSize = 0, .pPropValue = nullptr, .pPropSizeRet = 0x7ffd02be8b08 (245)) -> UR_RESULT_SUCCESS;
   ---> urDeviceGetInfo
   <--- urDeviceGetInfo(.hDevice = 0x27b82040, .propName = UR_DEVICE_INFO_EXTENSIONS, .propSize = 245, .pPropValue = 0x27a3c740 (cl_khr_il_program cl_khr_subgroups cl_intel_subgroups cl_intel_subgroups_short cl_intel_required_subgroup_size cl_khr_fp16 cl_khr_fp64 cl_khr_int64_base_atomics cl_khr_int64_extended_atomics cl_khr_3d_image_writes cl_intel_bfloat16_conversions ), .pPropSizeRet = nullptr) -> UR_RESULT_SUCCESS;
   ---> urDeviceRetain
   <--- urDeviceRetain(.hDevice = 0x27b82040) -> UR_RESULT_SUCCESS;
   ---> urDeviceGetInfo
   <--- urDeviceGetInfo(.hDevice = 0x27b82040, .propName = UR_DEVICE_INFO_TYPE, .propSize = 4, .pPropValue = 0x7ffd02be8cfc (UR_DEVICE_TYPE_GPU), .pPropSizeRet = nullptr) -> UR_RESULT_SUCCESS;
   ---> urDeviceGetInfo
   <--- urDeviceGetInfo(.hDevice = 0x27b82040, .propName = UR_DEVICE_INFO_VENDOR_ID, .propSize = 4, .pPropValue = 0x7ffd02be8d78 (32902), .pPropSizeRet = nullptr) -> UR_RESULT_SUCCESS;
   ---> urDeviceGetInfo
   <--- urDeviceGetInfo(.hDevice = 0x27b82040, .propName = UR_DEVICE_INFO_DRIVER_VERSION, .propSize = 0, .pPropValue = nullptr, .pPropSizeRet = 0x7ffd02be8c20 (14)) -> UR_RESULT_SUCCESS;
   ---> urDeviceGetInfo
   <--- urDeviceGetInfo(.hDevice = 0x27b82040, .propName = UR_DEVICE_INFO_DRIVER_VERSION, .propSize = 14, .pPropValue = 0x7ffd02be8d48 (1.17.39395+14), .pPropSizeRet = nullptr) -> UR_RESULT_SUCCESS;
   ---> urDeviceGetInfo
   <--- urDeviceGetInfo(.hDevice = 0x27b82040, .propName = UR_DEVICE_INFO_NAME, .propSize = 0, .pPropValue = nullptr, .pPropSizeRet = 0x7ffd02be8b60 (31)) -> UR_RESULT_SUCCESS;
   ---> urDeviceGetInfo
   <--- urDeviceGetInfo(.hDevice = 0x27b82040, .propName = UR_DEVICE_INFO_NAME, .propSize = 31, .pPropValue = 0x27b81fd0 (Intel(R) Arc(TM) B570 Graphics), .pPropSizeRet = nullptr) -> UR_RESULT_SUCCESS;
   ---> urPlatformGetInfo
   <--- urPlatformGetInfo(.hPlatform = 0x27b80810, .propName = UR_PLATFORM_INFO_BACKEND, .propSize = 4, .pPropValue = 0x7ffd02be8f3c (UR_BACKEND_LEVEL_ZERO), .pPropSizeRet = nullptr) -> UR_RESULT_SUCCESS;
   ---> urDeviceGetInfo
   <--- urDeviceGetInfo(.hDevice = 0x27b82040, .propName = UR_DEVICE_INFO_TYPE, .propSize = 4, .pPropValue = 0x7ffd02be8f34 (UR_DEVICE_TYPE_GPU), .pPropSizeRet = nullptr) -> UR_RESULT_SUCCESS;
   ---> urDeviceRelease
   <--- urDeviceRelease(.hDevice = 0x27b82040) -> UR_RESULT_SUCCESS;
   ---> urDeviceGetInfo
   <--- urDeviceGetInfo(.hDevice = 0x27b82040, .propName = UR_DEVICE_INFO_SUPPORTED_PARTITIONS, .propSize = 0, .pPropValue = nullptr, .pPropSizeRet = 0x7ffd02be8f28 (0)) -> UR_RESULT_SUCCESS;
   ---> urDeviceGet
[2026-10-07 10:32:51.648] [thread-id: 124801241783488] [trace] zeDeviceGetRootDevice(hDevice, phRootDevice)
[2026-10-07 10:32:51.648] [thread-id: 124801241783488] [trace] SUCCESS (ZE_RESULT_SUCCESS) in zeDeviceGetRootDevice(hDevice=0x27b6cf28, phRootDevice=0x7ffd02be8d30)
   <--- urDeviceGet(.hPlatform = 0x27b80810, .DeviceType = UR_DEVICE_TYPE_ALL, .NumEntries = 0, .phDevices = nullptr, .pNumDevices = 0x7ffd02be915c (1)) -> UR_RESULT_SUCCESS;
   ---> urDeviceGet
[2026-10-07 10:32:51.648] [thread-id: 124801241783488] [trace] zeDeviceGetRootDevice(hDevice, phRootDevice)
[2026-10-07 10:32:51.648] [thread-id: 124801241783488] [trace] SUCCESS (ZE_RESULT_SUCCESS) in zeDeviceGetRootDevice(hDevice=0x27b6cf28, phRootDevice=0x7ffd02be8d30)
   <--- urDeviceGet(.hPlatform = 0x27b80810, .DeviceType = UR_DEVICE_TYPE_ALL, .NumEntries = 1, .phDevices = 0x27b806b0 {0x27b82040}, .pNumDevices = nullptr) -> UR_RESULT_SUCCESS;
   ---> urPlatformGetInfo
   <--- urPlatformGetInfo(.hPlatform = 0x27b80810, .propName = UR_PLATFORM_INFO_VERSION, .propSize = 0, .pPropValue = nullptr, .pPropSizeRet = 0x7ffd02be8d30 (5)) -> UR_RESULT_SUCCESS;
   ---> urPlatformGetInfo
   <--- urPlatformGetInfo(.hPlatform = 0x27b80810, .propName = UR_PLATFORM_INFO_VERSION, .propSize = 5, .pPropValue = 0x7ffd02be8e98 (1.17), .pPropSizeRet = nullptr) -> UR_RESULT_SUCCESS;
   ---> urPlatformGetInfo
   <--- urPlatformGetInfo(.hPlatform = 0x27b80810, .propName = UR_PLATFORM_INFO_NAME, .propSize = 0, .pPropValue = nullptr, .pPropSizeRet = 0x7ffd02be8d30 (51)) -> UR_RESULT_SUCCESS;
   ---> urPlatformGetInfo
   <--- urPlatformGetInfo(.hPlatform = 0x27b80810, .propName = UR_PLATFORM_INFO_NAME, .propSize = 51, .pPropValue = 0x27b82c30 (Intel(R) oneAPI Unified Runtime over Level-Zero V2), .pPropSizeRet = nullptr) -> UR_RESULT_SUCCESS;
   ---> urDeviceGetInfo
   <--- urDeviceGetInfo(.hDevice = 0x27b82040, .propName = UR_DEVICE_INFO_TYPE, .propSize = 4, .pPropValue = 0x7ffd02be8e0c (UR_DEVICE_TYPE_GPU), .pPropSizeRet = nullptr) -> UR_RESULT_SUCCESS;
   ---> urDeviceGetInfo
   <--- urDeviceGetInfo(.hDevice = 0x27b82040, .propName = UR_DEVICE_INFO_VENDOR_ID, .propSize = 4, .pPropValue = 0x7ffd02be8e88 (32902), .pPropSizeRet = nullptr) -> UR_RESULT_SUCCESS;
   ---> urDeviceGetInfo
   <--- urDeviceGetInfo(.hDevice = 0x27b82040, .propName = UR_DEVICE_INFO_DRIVER_VERSION, .propSize = 0, .pPropValue = nullptr, .pPropSizeRet = 0x7ffd02be8d30 (14)) -> UR_RESULT_SUCCESS;
   ---> urDeviceGetInfo
   <--- urDeviceGetInfo(.hDevice = 0x27b82040, .propName = UR_DEVICE_INFO_DRIVER_VERSION, .propSize = 14, .pPropValue = 0x7ffd02be8e58 (1.17.39395+14), .pPropSizeRet = nullptr) -> UR_RESULT_SUCCESS;
   ---> urPlatformGetInfo
   <--- urPlatformGetInfo(.hPlatform = 0x27b80810, .propName = UR_PLATFORM_INFO_BACKEND, .propSize = 4, .pPropValue = 0x7ffd02be904c (UR_BACKEND_LEVEL_ZERO), .pPropSizeRet = nullptr) -> UR_RESULT_SUCCESS;
   ---> urDeviceGetInfo
   <--- urDeviceGetInfo(.hDevice = 0x27b82040, .propName = UR_DEVICE_INFO_TYPE, .propSize = 4, .pPropValue = 0x7ffd02be9044 (UR_DEVICE_TYPE_GPU), .pPropSizeRet = nullptr) -> UR_RESULT_SUCCESS;
   ---> urDeviceRelease
   <--- urDeviceRelease(.hDevice = 0x27b82040) -> UR_RESULT_SUCCESS;
   ---> urDeviceGetInfo
   <--- urDeviceGetInfo(.hDevice = 0x27b82040, .propName = UR_DEVICE_INFO_SUPPORTED_PARTITIONS, .propSize = 0, .pPropValue = nullptr, .pPropSizeRet = 0x7ffd02be9038 (0)) -> UR_RESULT_SUCCESS;
   ---> urDeviceSelectBinary
   <--- urDeviceSelectBinary(.hDevice = 0x27b82040, .pBinaries = 0x7ffd02be9080 ((struct ur_device_binary_t){.stype = UR_STRUCTURE_TYPE_CONTEXT_PROPERTIES, .pNext = nullptr, .pDeviceTargetSpec = 0x7181908ee3c0 (spir64)}), .NumBinaries = 1, .pSelectedBinary = 0x7ffd02be90a4 (0)) -> UR_RESULT_SUCCESS;
   ---> urDeviceGet
[2026-10-07 10:32:51.648] [thread-id: 124801241783488] [trace] zeDeviceGetRootDevice(hDevice, phRootDevice)
[2026-10-07 10:32:51.648] [thread-id: 124801241783488] [trace] SUCCESS (ZE_RESULT_SUCCESS) in zeDeviceGetRootDevice(hDevice=0x27b6cf28, phRootDevice=0x7ffd02be8cc0)
   <--- urDeviceGet(.hPlatform = 0x27b80810, .DeviceType = UR_DEVICE_TYPE_ALL, .NumEntries = 0, .phDevices = nullptr, .pNumDevices = 0x7ffd02be90ec (1)) -> UR_RESULT_SUCCESS;
   ---> urDeviceGet
[2026-10-07 10:32:51.648] [thread-id: 124801241783488] [trace] zeDeviceGetRootDevice(hDevice, phRootDevice)
[2026-10-07 10:32:51.648] [thread-id: 124801241783488] [trace] SUCCESS (ZE_RESULT_SUCCESS) in zeDeviceGetRootDevice(hDevice=0x27b6cf28, phRootDevice=0x7ffd02be8cc0)
   <--- urDeviceGet(.hPlatform = 0x27b80810, .DeviceType = UR_DEVICE_TYPE_ALL, .NumEntries = 1, .phDevices = 0x27b82d00 {0x27b82040}, .pNumDevices = nullptr) -> UR_RESULT_SUCCESS;
   ---> urPlatformGetInfo
   <--- urPlatformGetInfo(.hPlatform = 0x27b80810, .propName = UR_PLATFORM_INFO_VERSION, .propSize = 0, .pPropValue = nullptr, .pPropSizeRet = 0x7ffd02be8cc0 (5)) -> UR_RESULT_SUCCESS;
   ---> urPlatformGetInfo
   <--- urPlatformGetInfo(.hPlatform = 0x27b80810, .propName = UR_PLATFORM_INFO_VERSION, .propSize = 5, .pPropValue = 0x7ffd02be8e28 (1.17), .pPropSizeRet = nullptr) -> UR_RESULT_SUCCESS;
   ---> urPlatformGetInfo
   <--- urPlatformGetInfo(.hPlatform = 0x27b80810, .propName = UR_PLATFORM_INFO_NAME, .propSize = 0, .pPropValue = nullptr, .pPropSizeRet = 0x7ffd02be8cc0 (51)) -> UR_RESULT_SUCCESS;
   ---> urPlatformGetInfo
   <--- urPlatformGetInfo(.hPlatform = 0x27b80810, .propName = UR_PLATFORM_INFO_NAME, .propSize = 51, .pPropValue = 0x27b82710 (Intel(R) oneAPI Unified Runtime over Level-Zero V2), .pPropSizeRet = nullptr) -> UR_RESULT_SUCCESS;
   ---> urDeviceGetInfo
   <--- urDeviceGetInfo(.hDevice = 0x27b82040, .propName = UR_DEVICE_INFO_TYPE, .propSize = 4, .pPropValue = 0x7ffd02be8d9c (UR_DEVICE_TYPE_GPU), .pPropSizeRet = nullptr) -> UR_RESULT_SUCCESS;
   ---> urDeviceGetInfo
   <--- urDeviceGetInfo(.hDevice = 0x27b82040, .propName = UR_DEVICE_INFO_VENDOR_ID, .propSize = 4, .pPropValue = 0x7ffd02be8e18 (32902), .pPropSizeRet = nullptr) -> UR_RESULT_SUCCESS;
   ---> urDeviceGetInfo
   <--- urDeviceGetInfo(.hDevice = 0x27b82040, .propName = UR_DEVICE_INFO_DRIVER_VERSION, .propSize = 0, .pPropValue = nullptr, .pPropSizeRet = 0x7ffd02be8cc0 (14)) -> UR_RESULT_SUCCESS;
   ---> urDeviceGetInfo
   <--- urDeviceGetInfo(.hDevice = 0x27b82040, .propName = UR_DEVICE_INFO_DRIVER_VERSION, .propSize = 14, .pPropValue = 0x7ffd02be8de8 (1.17.39395+14), .pPropSizeRet = nullptr) -> UR_RESULT_SUCCESS;
   ---> urPlatformGetInfo
   <--- urPlatformGetInfo(.hPlatform = 0x27b80810, .propName = UR_PLATFORM_INFO_BACKEND, .propSize = 4, .pPropValue = 0x7ffd02be8fdc (UR_BACKEND_LEVEL_ZERO), .pPropSizeRet = nullptr) -> UR_RESULT_SUCCESS;
   ---> urDeviceGetInfo
   <--- urDeviceGetInfo(.hDevice = 0x27b82040, .propName = UR_DEVICE_INFO_TYPE, .propSize = 4, .pPropValue = 0x7ffd02be8fd4 (UR_DEVICE_TYPE_GPU), .pPropSizeRet = nullptr) -> UR_RESULT_SUCCESS;
   ---> urDeviceRelease
   <--- urDeviceRelease(.hDevice = 0x27b82040) -> UR_RESULT_SUCCESS;
   ---> urDeviceGetInfo
   <--- urDeviceGetInfo(.hDevice = 0x27b82040, .propName = UR_DEVICE_INFO_SUPPORTED_PARTITIONS, .propSize = 0, .pPropValue = nullptr, .pPropSizeRet = 0x7ffd02be8fc8 (0)) -> UR_RESULT_SUCCESS;
   ---> urDeviceGet
[2026-10-07 10:32:51.648] [thread-id: 124801241783488] [trace] zeDeviceGetRootDevice(hDevice, phRootDevice)
[2026-10-07 10:32:51.648] [thread-id: 124801241783488] [trace] SUCCESS (ZE_RESULT_SUCCESS) in zeDeviceGetRootDevice(hDevice=0x27b6cf28, phRootDevice=0x7ffd02be8dd0)
   <--- urDeviceGet(.hPlatform = 0x27b80810, .DeviceType = UR_DEVICE_TYPE_GPU, .NumEntries = 0, .phDevices = nullptr, .pNumDevices = 0x7ffd02be91fc (1)) -> UR_RESULT_SUCCESS;
   ---> urDeviceGet
[2026-10-07 10:32:51.648] [thread-id: 124801241783488] [trace] zeDeviceGetRootDevice(hDevice, phRootDevice)
[2026-10-07 10:32:51.648] [thread-id: 124801241783488] [trace] SUCCESS (ZE_RESULT_SUCCESS) in zeDeviceGetRootDevice(hDevice=0x27b6cf28, phRootDevice=0x7ffd02be8dd0)
   <--- urDeviceGet(.hPlatform = 0x27b80810, .DeviceType = UR_DEVICE_TYPE_GPU, .NumEntries = 1, .phDevices = 0x27b82d20 {0x27b82040}, .pNumDevices = nullptr) -> UR_RESULT_SUCCESS;
   ---> urPlatformGetInfo
   <--- urPlatformGetInfo(.hPlatform = 0x27b80810, .propName = UR_PLATFORM_INFO_VERSION, .propSize = 0, .pPropValue = nullptr, .pPropSizeRet = 0x7ffd02be8dd0 (5)) -> UR_RESULT_SUCCESS;
   ---> urPlatformGetInfo
   <--- urPlatformGetInfo(.hPlatform = 0x27b80810, .propName = UR_PLATFORM_INFO_VERSION, .propSize = 5, .pPropValue = 0x7ffd02be8f38 (1.17), .pPropSizeRet = nullptr) -> UR_RESULT_SUCCESS;
   ---> urPlatformGetInfo
   <--- urPlatformGetInfo(.hPlatform = 0x27b80810, .propName = UR_PLATFORM_INFO_NAME, .propSize = 0, .pPropValue = nullptr, .pPropSizeRet = 0x7ffd02be8dd0 (51)) -> UR_RESULT_SUCCESS;
   ---> urPlatformGetInfo
   <--- urPlatformGetInfo(.hPlatform = 0x27b80810, .propName = UR_PLATFORM_INFO_NAME, .propSize = 51, .pPropValue = 0x27b82c30 (Intel(R) oneAPI Unified Runtime over Level-Zero V2), .pPropSizeRet = nullptr) -> UR_RESULT_SUCCESS;
   ---> urDeviceGetInfo
   <--- urDeviceGetInfo(.hDevice = 0x27b82040, .propName = UR_DEVICE_INFO_TYPE, .propSize = 4, .pPropValue = 0x7ffd02be8eac (UR_DEVICE_TYPE_GPU), .pPropSizeRet = nullptr) -> UR_RESULT_SUCCESS;
   ---> urDeviceGetInfo
   <--- urDeviceGetInfo(.hDevice = 0x27b82040, .propName = UR_DEVICE_INFO_VENDOR_ID, .propSize = 4, .pPropValue = 0x7ffd02be8f28 (32902), .pPropSizeRet = nullptr) -> UR_RESULT_SUCCESS;
   ---> urDeviceGetInfo
   <--- urDeviceGetInfo(.hDevice = 0x27b82040, .propName = UR_DEVICE_INFO_DRIVER_VERSION, .propSize = 0, .pPropValue = nullptr, .pPropSizeRet = 0x7ffd02be8dd0 (14)) -> UR_RESULT_SUCCESS;
   ---> urDeviceGetInfo
   <--- urDeviceGetInfo(.hDevice = 0x27b82040, .propName = UR_DEVICE_INFO_DRIVER_VERSION, .propSize = 14, .pPropValue = 0x7ffd02be8ef8 (1.17.39395+14), .pPropSizeRet = nullptr) -> UR_RESULT_SUCCESS;
   ---> urPlatformGetInfo
   <--- urPlatformGetInfo(.hPlatform = 0x27b80810, .propName = UR_PLATFORM_INFO_BACKEND, .propSize = 4, .pPropValue = 0x7ffd02be90ec (UR_BACKEND_LEVEL_ZERO), .pPropSizeRet = nullptr) -> UR_RESULT_SUCCESS;
   ---> urDeviceGetInfo
   <--- urDeviceGetInfo(.hDevice = 0x27b82040, .propName = UR_DEVICE_INFO_TYPE, .propSize = 4, .pPropValue = 0x7ffd02be90e4 (UR_DEVICE_TYPE_GPU), .pPropSizeRet = nullptr) -> UR_RESULT_SUCCESS;
   ---> urDeviceRelease
   <--- urDeviceRelease(.hDevice = 0x27b82040) -> UR_RESULT_SUCCESS;
   ---> urDeviceGetInfo
   <--- urDeviceGetInfo(.hDevice = 0x27b82040, .propName = UR_DEVICE_INFO_SUPPORTED_PARTITIONS, .propSize = 0, .pPropValue = nullptr, .pPropSizeRet = 0x7ffd02be90d8 (0)) -> UR_RESULT_SUCCESS;
   ---> urDeviceGetInfo
[2026-10-07 10:32:51.649] [thread-id: 124801241783488] [trace] zeDevicePciGetPropertiesExt(hDevice, pPciProperties)
[2026-10-07 10:32:51.649] [thread-id: 124801241783488] [trace] SUCCESS (ZE_RESULT_SUCCESS) in zeDevicePciGetPropertiesExt(hDevice=0x27b6cf28, pPciProperties={stype=0x7ffd02be8da0, address={domain=0, bus=5, device=0, function=0}, maxSpeed={genVersion=4, width=8, maxBandwidth=15753846153}})
   <--- urDeviceGetInfo(.hDevice = 0x27b82040, .propName = UR_DEVICE_INFO_PCI_ADDRESS, .propSize = 0, .pPropValue = nullptr, .pPropSizeRet = 0x7ffd02be9218 (13)) -> UR_RESULT_SUCCESS;
   ---> urDeviceGetInfo
[2026-10-07 10:32:51.649] [thread-id: 124801241783488] [trace] zeDevicePciGetPropertiesExt(hDevice, pPciProperties)
[2026-10-07 10:32:51.649] [thread-id: 124801241783488] [trace] SUCCESS (ZE_RESULT_SUCCESS) in zeDevicePciGetPropertiesExt(hDevice=0x27b6cf28, pPciProperties={stype=0x7ffd02be8eb0, address={domain=0, bus=5, device=0, function=0}, maxSpeed={genVersion=4, width=8, maxBandwidth=15753846153}})
   <--- urDeviceGetInfo(.hDevice = 0x27b82040, .propName = UR_DEVICE_INFO_PCI_ADDRESS, .propSize = 0, .pPropValue = nullptr, .pPropSizeRet = 0x7ffd02be9320 (13)) -> UR_RESULT_SUCCESS;
   ---> urDeviceGetInfo
[2026-10-07 10:32:51.649] [thread-id: 124801241783488] [trace] zeDevicePciGetPropertiesExt(hDevice, pPciProperties)
[2026-10-07 10:32:51.649] [thread-id: 124801241783488] [trace] SUCCESS (ZE_RESULT_SUCCESS) in zeDevicePciGetPropertiesExt(hDevice=0x27b6cf28, pPciProperties={stype=0x7ffd02be8eb0, address={domain=0, bus=5, device=0, function=0}, maxSpeed={genVersion=4, width=8, maxBandwidth=15753846153}})
   <--- urDeviceGetInfo(.hDevice = 0x27b82040, .propName = UR_DEVICE_INFO_PCI_ADDRESS, .propSize = 13, .pPropValue = 0x7ffd02be9370 (0000:05:00.0), .pPropSizeRet = nullptr) -> UR_RESULT_SUCCESS;
   ---> urDeviceGet
[2026-10-07 10:32:51.649] [thread-id: 124801241783488] [trace] zeDeviceGetRootDevice(hDevice, phRootDevice)
[2026-10-07 10:32:51.649] [thread-id: 124801241783488] [trace] SUCCESS (ZE_RESULT_SUCCESS) in zeDeviceGetRootDevice(hDevice=0x27b6cf28, phRootDevice=0x7ffd02be8cd0)
   <--- urDeviceGet(.hPlatform = 0x27b80810, .DeviceType = UR_DEVICE_TYPE_ALL, .NumEntries = 0, .phDevices = nullptr, .pNumDevices = 0x7ffd02be90fc (1)) -> UR_RESULT_SUCCESS;
   ---> urDeviceGet
[2026-10-07 10:32:51.649] [thread-id: 124801241783488] [trace] zeDeviceGetRootDevice(hDevice, phRootDevice)
[2026-10-07 10:32:51.649] [thread-id: 124801241783488] [trace] SUCCESS (ZE_RESULT_SUCCESS) in zeDeviceGetRootDevice(hDevice=0x27b6cf28, phRootDevice=0x7ffd02be8cd0)
   <--- urDeviceGet(.hPlatform = 0x27b80810, .DeviceType = UR_DEVICE_TYPE_ALL, .NumEntries = 1, .phDevices = 0x27b82d40 {0x27b82040}, .pNumDevices = nullptr) -> UR_RESULT_SUCCESS;
   ---> urPlatformGetInfo
   <--- urPlatformGetInfo(.hPlatform = 0x27b80810, .propName = UR_PLATFORM_INFO_VERSION, .propSize = 0, .pPropValue = nullptr, .pPropSizeRet = 0x7ffd02be8cd0 (5)) -> UR_RESULT_SUCCESS;
   ---> urPlatformGetInfo
   <--- urPlatformGetInfo(.hPlatform = 0x27b80810, .propName = UR_PLATFORM_INFO_VERSION, .propSize = 5, .pPropValue = 0x7ffd02be8e38 (1.17), .pPropSizeRet = nullptr) -> UR_RESULT_SUCCESS;
   ---> urPlatformGetInfo
   <--- urPlatformGetInfo(.hPlatform = 0x27b80810, .propName = UR_PLATFORM_INFO_NAME, .propSize = 0, .pPropValue = nullptr, .pPropSizeRet = 0x7ffd02be8cd0 (51)) -> UR_RESULT_SUCCESS;
   ---> urPlatformGetInfo
   <--- urPlatformGetInfo(.hPlatform = 0x27b80810, .propName = UR_PLATFORM_INFO_NAME, .propSize = 51, .pPropValue = 0x27b82c30 (Intel(R) oneAPI Unified Runtime over Level-Zero V2), .pPropSizeRet = nullptr) -> UR_RESULT_SUCCESS;
   ---> urDeviceGetInfo
   <--- urDeviceGetInfo(.hDevice = 0x27b82040, .propName = UR_DEVICE_INFO_TYPE, .propSize = 4, .pPropValue = 0x7ffd02be8dac (UR_DEVICE_TYPE_GPU), .pPropSizeRet = nullptr) -> UR_RESULT_SUCCESS;
   ---> urDeviceGetInfo
   <--- urDeviceGetInfo(.hDevice = 0x27b82040, .propName = UR_DEVICE_INFO_VENDOR_ID, .propSize = 4, .pPropValue = 0x7ffd02be8e28 (32902), .pPropSizeRet = nullptr) -> UR_RESULT_SUCCESS;
   ---> urDeviceGetInfo
   <--- urDeviceGetInfo(.hDevice = 0x27b82040, .propName = UR_DEVICE_INFO_DRIVER_VERSION, .propSize = 0, .pPropValue = nullptr, .pPropSizeRet = 0x7ffd02be8cd0 (14)) -> UR_RESULT_SUCCESS;
   ---> urDeviceGetInfo
   <--- urDeviceGetInfo(.hDevice = 0x27b82040, .propName = UR_DEVICE_INFO_DRIVER_VERSION, .propSize = 14, .pPropValue = 0x7ffd02be8df8 (1.17.39395+14), .pPropSizeRet = nullptr) -> UR_RESULT_SUCCESS;
   ---> urPlatformGetInfo
   <--- urPlatformGetInfo(.hPlatform = 0x27b80810, .propName = UR_PLATFORM_INFO_BACKEND, .propSize = 4, .pPropValue = 0x7ffd02be8fec (UR_BACKEND_LEVEL_ZERO), .pPropSizeRet = nullptr) -> UR_RESULT_SUCCESS;
   ---> urDeviceGetInfo
   <--- urDeviceGetInfo(.hDevice = 0x27b82040, .propName = UR_DEVICE_INFO_TYPE, .propSize = 4, .pPropValue = 0x7ffd02be8fe4 (UR_DEVICE_TYPE_GPU), .pPropSizeRet = nullptr) -> UR_RESULT_SUCCESS;
   ---> urDeviceRelease
   <--- urDeviceRelease(.hDevice = 0x27b82040) -> UR_RESULT_SUCCESS;
   ---> urDeviceGetInfo
   <--- urDeviceGetInfo(.hDevice = 0x27b82040, .propName = UR_DEVICE_INFO_SUPPORTED_PARTITIONS, .propSize = 0, .pPropValue = nullptr, .pPropSizeRet = 0x7ffd02be8fd8 (0)) -> UR_RESULT_SUCCESS;
   ---> urDeviceGetInfo
[2026-10-07 10:32:51.649] [thread-id: 124801241783488] [trace] zeDeviceGetSubDevices(hDevice, pCount, phSubdevices)
[2026-10-07 10:32:51.649] [thread-id: 124801241783488] [trace] SUCCESS (ZE_RESULT_SUCCESS) in zeDeviceGetSubDevices(hDevice=0x27b6cf28, pCount=0, phSubdevices=nullptr)
   <--- urDeviceGetInfo(.hDevice = 0x27b82040, .propName = UR_DEVICE_INFO_COMPONENT_DEVICES, .propSize = 0, .pPropValue = nullptr, .pPropSizeRet = 0x7ffd02be8df0 (0)) -> UR_RESULT_SUCCESS;
   ---> urContextCreate
[2026-10-07 10:32:51.649] [thread-id: 124801241783488] [trace] zeContextCreate(hDriver, desc, phContext)
[2026-10-07 10:32:51.649] [thread-id: 124801241783488] [trace] SUCCESS (ZE_RESULT_SUCCESS) in zeContextCreate(hDriver=0x27b6c9c8, desc={stype=0x7ffd02be8d20, flags=0}, phContext=0x27b83738)
[2026-10-07 10:32:51.649] [thread-id: 124801241783488] [trace] zeMemAllocHost(hContext, host_desc, size, alignment, pptr)
[2026-10-07 10:32:51.650] [thread-id: 124801241783488] [trace] SUCCESS (ZE_RESULT_SUCCESS) in zeMemAllocHost(hContext=0x27b83738, host_desc={stype=0x7ffd02be87a0, flags=0}, size=1, alignment=0, pptr=0x71817b3ffe00)
[2026-10-07 10:32:51.650] [thread-id: 124801241783488] [trace] zeMemGetAllocProperties(hContext, ptr, pMemAllocProperties, phDevice)
[2026-10-07 10:32:51.650] [thread-id: 124801241783488] [trace] SUCCESS (ZE_RESULT_SUCCESS) in zeMemGetAllocProperties(hContext=0x27b83738, ptr=0x71817b3ffe00, pMemAllocProperties={stype=0x7ffd02be87a0, type=0x7ffd02be87b0, id=1, pageSize=2097152}, phDevice=nullptr)
[2026-10-07 10:32:51.650] [thread-id: 124801241783488] [trace] zeMemFreeExt(hContext, pMemFreeDesc, ptr)
[2026-10-07 10:32:51.650] [thread-id: 124801241783488] [trace] SUCCESS (ZE_RESULT_SUCCESS) in zeMemFreeExt(hContext=0x27b83738, pMemFreeDesc={stype=0x7ffd02be8780, freePolicy=1}, ptr=0x71817b3ffe00)
[2026-10-07 10:32:51.650] [thread-id: 124801241783488] [trace] zeDeviceGetProperties(hDevice, pDeviceProperties)
[2026-10-07 10:32:51.650] [thread-id: 124801241783488] [trace] SUCCESS (ZE_RESULT_SUCCESS) in zeDeviceGetProperties(hDevice=0x27b6cf28, pDeviceProperties={stype=0x71817b823068, type=0x71817b823078, vendorId=32902, deviceId=57868, flags=8, subdeviceId=0, coreClockRate=2750, maxMemAllocSize=10132807680, maxHardwareContexts=65536, maxCommandQueuePriority=0, numThreadsPerEU=8, physicalEUSimdWidth=16, numEUsPerSubslice=8, numSubslicesPerSlice=4, numSlices=5, timerResolution=52, timestampValidBits=64, kernelTimestampValidBits=64, uuid={id=134}, name="Intel(R) Arc(TM) B570 Graphics"})
[2026-10-07 10:32:51.650] [thread-id: 124801241783488] [trace] zeMemAllocDevice(hContext, device_desc, size, alignment, hDevice, pptr)
[2026-10-07 10:32:51.650] [thread-id: 124801241783488] [trace] SUCCESS (ZE_RESULT_SUCCESS) in zeMemAllocDevice(hContext=0x27b83738, device_desc={stype=0x7ffd02be8760, flags=0, ordinal=0}, size=1, alignment=0, hDevice=0x27b6cf28, pptr=0xffffffffff9ffe00)
[2026-10-07 10:32:51.650] [thread-id: 124801241783488] [trace] zeContextMakeMemoryResident(hContext, hDevice, ptr, size)
[2026-10-07 10:32:51.650] [thread-id: 124801241783488] [trace] SUCCESS (ZE_RESULT_SUCCESS) in zeContextMakeMemoryResident(hContext=0x27b83738, hDevice=0x27b6cf28, ptr=0xffffffffff9ffe00, size=1)
[2026-10-07 10:32:51.650] [thread-id: 124801241783488] [trace] zeMemGetAllocProperties(hContext, ptr, pMemAllocProperties, phDevice)
[2026-10-07 10:32:51.650] [thread-id: 124801241783488] [trace] SUCCESS (ZE_RESULT_SUCCESS) in zeMemGetAllocProperties(hContext=0x27b83738, ptr=0xffffffffff9ffe00, pMemAllocProperties={stype=0x7ffd02be87a0, type=0x7ffd02be87b0, id=3, pageSize=65536}, phDevice=nullptr)
[2026-10-07 10:32:51.650] [thread-id: 124801241783488] [trace] zeMemFreeExt(hContext, pMemFreeDesc, ptr)
[2026-10-07 10:32:51.651] [thread-id: 124801241783488] [trace] SUCCESS (ZE_RESULT_SUCCESS) in zeMemFreeExt(hContext=0x27b83738, pMemFreeDesc={stype=0x7ffd02be8780, freePolicy=1}, ptr=0xffffffffff9ffe00)
[2026-10-07 10:32:51.651] [thread-id: 124801241783488] [trace] zeDeviceGetProperties(hDevice, pDeviceProperties)
[2026-10-07 10:32:51.651] [thread-id: 124801241783488] [trace] SUCCESS (ZE_RESULT_SUCCESS) in zeDeviceGetProperties(hDevice=0x27b6cf28, pDeviceProperties={stype=0x71817b81b068, type=0x71817b81b078, vendorId=32902, deviceId=57868, flags=8, subdeviceId=0, coreClockRate=2750, maxMemAllocSize=10132807680, maxHardwareContexts=65536, maxCommandQueuePriority=0, numThreadsPerEU=8, physicalEUSimdWidth=16, numEUsPerSubslice=8, numSubslicesPerSlice=4, numSlices=5, timerResolution=52, timestampValidBits=64, kernelTimestampValidBits=64, uuid={id=134}, name="Intel(R) Arc(TM) B570 Graphics"})
[2026-10-07 10:32:51.651] [thread-id: 124801241783488] [trace] zeMemAllocShared(hContext, device_desc, host_desc, size, alignment, hDevice, pptr)
[2026-10-07 10:32:51.651] [thread-id: 124801241783488] [trace] SUCCESS (ZE_RESULT_SUCCESS) in zeMemAllocShared(hContext=0x27b83738, device_desc={stype=0x7ffd02be87a0, flags=0, ordinal=0}, host_desc={stype=0x7ffd02be8780, flags=0}, size=1, alignment=0, hDevice=0x27b6cf28, pptr=0x71817b4a0000)
[2026-10-07 10:32:51.651] [thread-id: 124801241783488] [trace] zeMemGetAllocProperties(hContext, ptr, pMemAllocProperties, phDevice)
[2026-10-07 10:32:51.651] [thread-id: 124801241783488] [trace] SUCCESS (ZE_RESULT_SUCCESS) in zeMemGetAllocProperties(hContext=0x27b83738, ptr=0x71817b4a0000, pMemAllocProperties={stype=0x7ffd02be87a0, type=0x7ffd02be87b0, id=5, pageSize=65536}, phDevice=nullptr)
[2026-10-07 10:32:51.651] [thread-id: 124801241783488] [trace] zeMemFreeExt(hContext, pMemFreeDesc, ptr)
[2026-10-07 10:32:51.652] [thread-id: 124801241783488] [trace] SUCCESS (ZE_RESULT_SUCCESS) in zeMemFreeExt(hContext=0x27b83738, pMemFreeDesc={stype=0x7ffd02be8780, freePolicy=1}, ptr=0x71817b4a0000)
[2026-10-07 10:32:51.652] [thread-id: 124801241783488] [trace] zeDeviceGetProperties(hDevice, pDeviceProperties)
[2026-10-07 10:32:51.652] [thread-id: 124801241783488] [trace] SUCCESS (ZE_RESULT_SUCCESS) in zeDeviceGetProperties(hDevice=0x27b6cf28, pDeviceProperties={stype=0x71817b4ad068, type=0x71817b4ad078, vendorId=32902, deviceId=57868, flags=8, subdeviceId=0, coreClockRate=2750, maxMemAllocSize=10132807680, maxHardwareContexts=65536, maxCommandQueuePriority=0, numThreadsPerEU=8, physicalEUSimdWidth=16, numEUsPerSubslice=8, numSubslicesPerSlice=4, numSlices=5, timerResolution=52, timestampValidBits=64, kernelTimestampValidBits=64, uuid={id=134}, name="Intel(R) Arc(TM) B570 Graphics"})
[2026-10-07 10:32:51.652] [thread-id: 124801241783488] [trace] zeMemAllocShared(hContext, device_desc, host_desc, size, alignment, hDevice, pptr)
[2026-10-07 10:32:51.652] [thread-id: 124801241783488] [trace] SUCCESS (ZE_RESULT_SUCCESS) in zeMemAllocShared(hContext=0x27b83738, device_desc={stype=0x7ffd02be87a0, flags=0, ordinal=0}, host_desc={stype=0x7ffd02be8780, flags=0}, size=1, alignment=0, hDevice=0x27b6cf28, pptr=0x71817b490000)
[2026-10-07 10:32:51.652] [thread-id: 124801241783488] [trace] zeMemGetAllocProperties(hContext, ptr, pMemAllocProperties, phDevice)
[2026-10-07 10:32:51.652] [thread-id: 124801241783488] [trace] SUCCESS (ZE_RESULT_SUCCESS) in zeMemGetAllocProperties(hContext=0x27b83738, ptr=0x71817b490000, pMemAllocProperties={stype=0x7ffd02be87a0, type=0x7ffd02be87b0, id=6, pageSize=65536}, phDevice=nullptr)
[2026-10-07 10:32:51.652] [thread-id: 124801241783488] [trace] zeMemFreeExt(hContext, pMemFreeDesc, ptr)
[2026-10-07 10:32:51.652] [thread-id: 124801241783488] [trace] SUCCESS (ZE_RESULT_SUCCESS) in zeMemFreeExt(hContext=0x27b83738, pMemFreeDesc={stype=0x7ffd02be8780, freePolicy=1}, ptr=0x71817b490000)
[2026-10-07 10:32:51.652] [thread-id: 124801241783488] [trace] zeMemAllocHost(hContext, host_desc, size, alignment, pptr)
[2026-10-07 10:32:51.652] [thread-id: 124801241783488] [trace] SUCCESS (ZE_RESULT_SUCCESS) in zeMemAllocHost(hContext=0x27b83738, host_desc={stype=0x7ffd02be87a0, flags=0}, size=1, alignment=0, pptr=0x71817b3ffe00)
[2026-10-07 10:32:51.652] [thread-id: 124801241783488] [trace] zeMemGetAllocProperties(hContext, ptr, pMemAllocProperties, phDevice)
[2026-10-07 10:32:51.652] [thread-id: 124801241783488] [trace] SUCCESS (ZE_RESULT_SUCCESS) in zeMemGetAllocProperties(hContext=0x27b83738, ptr=0x71817b3ffe00, pMemAllocProperties={stype=0x7ffd02be87a0, type=0x7ffd02be87b0, id=1, pageSize=2097152}, phDevice=nullptr)
[2026-10-07 10:32:51.652] [thread-id: 124801241783488] [trace] zeMemFreeExt(hContext, pMemFreeDesc, ptr)
[2026-10-07 10:32:51.652] [thread-id: 124801241783488] [trace] SUCCESS (ZE_RESULT_SUCCESS) in zeMemFreeExt(hContext=0x27b83738, pMemFreeDesc={stype=0x7ffd02be8780, freePolicy=1}, ptr=0x71817b3ffe00)
[2026-10-07 10:32:51.652] [thread-id: 124801241783488] [trace] zeDeviceGetProperties(hDevice, pDeviceProperties)
[2026-10-07 10:32:51.652] [thread-id: 124801241783488] [trace] SUCCESS (ZE_RESULT_SUCCESS) in zeDeviceGetProperties(hDevice=0x27b6cf28, pDeviceProperties={stype=0x71817b4a5068, type=0x71817b4a5078, vendorId=32902, deviceId=57868, flags=8, subdeviceId=0, coreClockRate=2750, maxMemAllocSize=10132807680, maxHardwareContexts=65536, maxCommandQueuePriority=0, numThreadsPerEU=8, physicalEUSimdWidth=16, numEUsPerSubslice=8, numSubslicesPerSlice=4, numSlices=5, timerResolution=52, timestampValidBits=64, kernelTimestampValidBits=64, uuid={id=134}, name="Intel(R) Arc(TM) B570 Graphics"})
[2026-10-07 10:32:51.652] [thread-id: 124801241783488] [trace] zeMemAllocDevice(hContext, device_desc, size, alignment, hDevice, pptr)
[2026-10-07 10:32:51.652] [thread-id: 124801241783488] [trace] SUCCESS (ZE_RESULT_SUCCESS) in zeMemAllocDevice(hContext=0x27b83738, device_desc={stype=0x7ffd02be8760, flags=0, ordinal=0}, size=1, alignment=0, hDevice=0x27b6cf28, pptr=0xffffffffff9ffe00)
[2026-10-07 10:32:51.652] [thread-id: 124801241783488] [trace] zeContextMakeMemoryResident(hContext, hDevice, ptr, size)
[2026-10-07 10:32:51.652] [thread-id: 124801241783488] [trace] SUCCESS (ZE_RESULT_SUCCESS) in zeContextMakeMemoryResident(hContext=0x27b83738, hDevice=0x27b6cf28, ptr=0xffffffffff9ffe00, size=1)
[2026-10-07 10:32:51.652] [thread-id: 124801241783488] [trace] zeMemGetAllocProperties(hContext, ptr, pMemAllocProperties, phDevice)
[2026-10-07 10:32:51.652] [thread-id: 124801241783488] [trace] SUCCESS (ZE_RESULT_SUCCESS) in zeMemGetAllocProperties(hContext=0x27b83738, ptr=0xffffffffff9ffe00, pMemAllocProperties={stype=0x7ffd02be87a0, type=0x7ffd02be87b0, id=3, pageSize=65536}, phDevice=nullptr)
[2026-10-07 10:32:51.652] [thread-id: 124801241783488] [trace] zeMemFreeExt(hContext, pMemFreeDesc, ptr)
[2026-10-07 10:32:51.653] [thread-id: 124801241783488] [trace] SUCCESS (ZE_RESULT_SUCCESS) in zeMemFreeExt(hContext=0x27b83738, pMemFreeDesc={stype=0x7ffd02be8780, freePolicy=1}, ptr=0xffffffffff9ffe00)
[2026-10-07 10:32:51.653] [thread-id: 124801241783488] [trace] zeDeviceGetProperties(hDevice, pDeviceProperties)
[2026-10-07 10:32:51.653] [thread-id: 124801241783488] [trace] SUCCESS (ZE_RESULT_SUCCESS) in zeDeviceGetProperties(hDevice=0x27b6cf28, pDeviceProperties={stype=0x71817b498068, type=0x71817b498078, vendorId=32902, deviceId=57868, flags=8, subdeviceId=0, coreClockRate=2750, maxMemAllocSize=10132807680, maxHardwareContexts=65536, maxCommandQueuePriority=0, numThreadsPerEU=8, physicalEUSimdWidth=16, numEUsPerSubslice=8, numSubslicesPerSlice=4, numSlices=5, timerResolution=52, timestampValidBits=64, kernelTimestampValidBits=64, uuid={id=134}, name="Intel(R) Arc(TM) B570 Graphics"})
[2026-10-07 10:32:51.653] [thread-id: 124801241783488] [trace] zeMemAllocShared(hContext, device_desc, host_desc, size, alignment, hDevice, pptr)
[2026-10-07 10:32:51.653] [thread-id: 124801241783488] [trace] SUCCESS (ZE_RESULT_SUCCESS) in zeMemAllocShared(hContext=0x27b83738, device_desc={stype=0x7ffd02be87a0, flags=0, ordinal=0}, host_desc={stype=0x7ffd02be8780, flags=0}, size=1, alignment=0, hDevice=0x27b6cf28, pptr=0x71817b480000)
[2026-10-07 10:32:51.653] [thread-id: 124801241783488] [trace] zeMemGetAllocProperties(hContext, ptr, pMemAllocProperties, phDevice)
[2026-10-07 10:32:51.653] [thread-id: 124801241783488] [trace] SUCCESS (ZE_RESULT_SUCCESS) in zeMemGetAllocProperties(hContext=0x27b83738, ptr=0x71817b480000, pMemAllocProperties={stype=0x7ffd02be87a0, type=0x7ffd02be87b0, id=9, pageSize=65536}, phDevice=nullptr)
[2026-10-07 10:32:51.653] [thread-id: 124801241783488] [trace] zeMemFreeExt(hContext, pMemFreeDesc, ptr)
[2026-10-07 10:32:51.653] [thread-id: 124801241783488] [trace] SUCCESS (ZE_RESULT_SUCCESS) in zeMemFreeExt(hContext=0x27b83738, pMemFreeDesc={stype=0x7ffd02be8780, freePolicy=1}, ptr=0x71817b480000)
[2026-10-07 10:32:51.653] [thread-id: 124801241783488] [trace] zeDeviceGetProperties(hDevice, pDeviceProperties)
[2026-10-07 10:32:51.653] [thread-id: 124801241783488] [trace] SUCCESS (ZE_RESULT_SUCCESS) in zeDeviceGetProperties(hDevice=0x27b6cf28, pDeviceProperties={stype=0x71817b494068, type=0x71817b494078, vendorId=32902, deviceId=57868, flags=8, subdeviceId=0, coreClockRate=2750, maxMemAllocSize=10132807680, maxHardwareContexts=65536, maxCommandQueuePriority=0, numThreadsPerEU=8, physicalEUSimdWidth=16, numEUsPerSubslice=8, numSubslicesPerSlice=4, numSlices=5, timerResolution=52, timestampValidBits=64, kernelTimestampValidBits=64, uuid={id=134}, name="Intel(R) Arc(TM) B570 Graphics"})
[2026-10-07 10:32:51.653] [thread-id: 124801241783488] [trace] zeMemAllocShared(hContext, device_desc, host_desc, size, alignment, hDevice, pptr)
[2026-10-07 10:32:51.653] [thread-id: 124801241783488] [trace] SUCCESS (ZE_RESULT_SUCCESS) in zeMemAllocShared(hContext=0x27b83738, device_desc={stype=0x7ffd02be87a0, flags=0, ordinal=0}, host_desc={stype=0x7ffd02be8780, flags=0}, size=1, alignment=0, hDevice=0x27b6cf28, pptr=0x71817b480000)
[2026-10-07 10:32:51.653] [thread-id: 124801241783488] [trace] zeMemGetAllocProperties(hContext, ptr, pMemAllocProperties, phDevice)
[2026-10-07 10:32:51.653] [thread-id: 124801241783488] [trace] SUCCESS (ZE_RESULT_SUCCESS) in zeMemGetAllocProperties(hContext=0x27b83738, ptr=0x71817b480000, pMemAllocProperties={stype=0x7ffd02be87a0, type=0x7ffd02be87b0, id=10, pageSize=65536}, phDevice=nullptr)
[2026-10-07 10:32:51.653] [thread-id: 124801241783488] [trace] zeMemFreeExt(hContext, pMemFreeDesc, ptr)
[2026-10-07 10:32:51.653] [thread-id: 124801241783488] [trace] SUCCESS (ZE_RESULT_SUCCESS) in zeMemFreeExt(hContext=0x27b83738, pMemFreeDesc={stype=0x7ffd02be8780, freePolicy=1}, ptr=0x71817b480000)
   <--- urContextCreate(.DeviceCount = 1, .phDevices = 0x27b82ce0 {0x27b82040}, .pProperties = nullptr, .phContext = 0x27b84c40 (0x27b86b90)) -> UR_RESULT_SUCCESS;
   ---> urQueueCreate
<LEVEL_ZERO>[INFO]: Copy offload is disabled by the environment variable.
<LEVEL_ZERO>[DEBUG]: create command list ordinal: 0, type: immediate, device: 0x27b6cf28, inOrder: 1
[2026-10-07 10:32:51.654] [thread-id: 124801241783488] [trace] zeCommandListCreateImmediate(hContext, hDevice, altdesc, phCommandList)
[2026-10-07 10:32:51.655] [thread-id: 124801241783488] [trace] SUCCESS (ZE_RESULT_SUCCESS) in zeCommandListCreateImmediate(hContext=0x27b83738, hDevice=0x27b6cf28, altdesc={stype=0x7ffd02be8ca0, ordinal=0, index=0, flags=2, mode=0x7ffd02be8cbc, priority=0x7ffd02be8cc0}, phCommandList=0x27b8ad88)
[2026-10-07 10:32:51.655] [thread-id: 124801241783488] [trace] zeDriverGetExtensionFunctionAddress(hDriver, name, ppFunctionAddress)
[2026-10-07 10:32:51.655] [thread-id: 124801241783488] [trace] SUCCESS (ZE_RESULT_SUCCESS) in zeDriverGetExtensionFunctionAddress(hDriver=0x27b6c9c8, name="zexCounterBasedEventCreate2", ppFunctionAddress=0x71818996ec00)
   <--- urQueueCreate(.hContext = 0x27b86b90, .hDevice = 0x27b82040, .pProperties = 0x7ffd02be9280 ((struct ur_queue_properties_t){.stype = UR_STRUCTURE_TYPE_QUEUE_PROPERTIES, .pNext = nullptr, .flags = 0}), .phQueue = 0x7ffd02be9298 (0x27b8a0a0)) -> UR_RESULT_SUCCESS;
   ---> urDeviceGetInfo
[2026-10-07 10:32:51.655] [thread-id: 124801241783488] [trace] zeDeviceGetMemoryAccessProperties(hDevice, pMemAccessProperties)
[2026-10-07 10:32:51.656] [thread-id: 124801241783488] [trace] SUCCESS (ZE_RESULT_SUCCESS) in zeDeviceGetMemoryAccessProperties(hDevice=0x27b6cf28, pMemAccessProperties={stype=0x27b82420, hostAllocCapabilities=3, deviceAllocCapabilities=3, sharedSingleDeviceAllocCapabilities=3, sharedCrossDeviceAllocCapabilities=0, sharedSystemAllocCapabilities=15})
   <--- urDeviceGetInfo(.hDevice = 0x27b82040, .propName = UR_DEVICE_INFO_USM_DEVICE_SUPPORT, .propSize = 4, .pPropValue = 0x7ffd02be90e4 (UR_DEVICE_USM_ACCESS_CAPABILITY_FLAG_ACCESS | UR_DEVICE_USM_ACCESS_CAPABILITY_FLAG_ATOMIC_ACCESS), .pPropSizeRet = nullptr) -> UR_RESULT_SUCCESS;
   ---> urUSMDeviceAlloc
[2026-10-07 10:32:51.656] [thread-id: 124801241783488] [trace] zeMemAllocDevice(hContext, device_desc, size, alignment, hDevice, pptr)
[2026-10-07 10:32:51.656] [thread-id: 124801241783488] [trace] SUCCESS (ZE_RESULT_SUCCESS) in zeMemAllocDevice(hContext=0x27b83738, device_desc={stype=0x7ffd02be8cf0, flags=0, ordinal=0}, size=65536, alignment=0, hDevice=0x27b6cf28, pptr=0xffffffffff600000)
[2026-10-07 10:32:51.656] [thread-id: 124801241783488] [trace] zeContextMakeMemoryResident(hContext, hDevice, ptr, size)
[2026-10-07 10:32:51.656] [thread-id: 124801241783488] [trace] SUCCESS (ZE_RESULT_SUCCESS) in zeContextMakeMemoryResident(hContext=0x27b83738, hDevice=0x27b6cf28, ptr=0xffffffffff600000, size=65536)
   <--- urUSMDeviceAlloc(.hContext = 0x27b86b90, .hDevice = 0x27b82040, .pUSMDesc = 0x7ffd02be9250 ((struct ur_usm_desc_t){.stype = UR_STRUCTURE_TYPE_CONTEXT_PROPERTIES, .pNext = nullptr, .hints = 0, .align = 4}), .pool = nullptr, .size = 65536, .ppMem = 0x7ffd02be9268 (0xffffffffff600000)) -> UR_RESULT_SUCCESS;
   ---> urEnqueueUSMMemcpy
<LEVEL_ZERO>[DEBUG]: ze_event_pool_desc_t flags set to: 1
[2026-10-07 10:32:51.656] [thread-id: 124801241783488] [trace] zexCounterBasedEventCreate2(hContext, hDevice, desc, phEvent)
[2026-10-07 10:32:51.656] [thread-id: 124801241783488] [trace] SUCCESS (ZE_RESULT_SUCCESS) in zexCounterBasedEventCreate2(hContext=0x27b83738, hDevice=0x27b6cf28, desc=0x7ffd02be8ca0, phEvent=0x27bbba68)
<LEVEL_ZERO>[DEBUG]: ze_event_pool_desc_t flags set to: 1
[2026-10-07 10:32:51.656] [thread-id: 124801241783488] [trace] zexCounterBasedEventCreate2(hContext, hDevice, desc, phEvent)
[2026-10-07 10:32:51.656] [thread-id: 124801241783488] [trace] SUCCESS (ZE_RESULT_SUCCESS) in zexCounterBasedEventCreate2(hContext=0x27b83738, hDevice=0x27b6cf28, desc=0x7ffd02be8ca0, phEvent=0x27bbbe08)
<LEVEL_ZERO>[DEBUG]: ze_event_pool_desc_t flags set to: 1
[2026-10-07 10:32:51.656] [thread-id: 124801241783488] [trace] zexCounterBasedEventCreate2(hContext, hDevice, desc, phEvent)
[2026-10-07 10:32:51.656] [thread-id: 124801241783488] [trace] SUCCESS (ZE_RESULT_SUCCESS) in zexCounterBasedEventCreate2(hContext=0x27b83738, hDevice=0x27b6cf28, desc=0x7ffd02be8ca0, phEvent=0x27bbc528)
<LEVEL_ZERO>[DEBUG]: ze_event_pool_desc_t flags set to: 1
[2026-10-07 10:32:51.656] [thread-id: 124801241783488] [trace] zexCounterBasedEventCreate2(hContext, hDevice, desc, phEvent)
[2026-10-07 10:32:51.656] [thread-id: 124801241783488] [trace] SUCCESS (ZE_RESULT_SUCCESS) in zexCounterBasedEventCreate2(hContext=0x27b83738, hDevice=0x27b6cf28, desc=0x7ffd02be8ca0, phEvent=0x27bbca68)
<LEVEL_ZERO>[DEBUG]: ze_event_pool_desc_t flags set to: 1
[2026-10-07 10:32:51.656] [thread-id: 124801241783488] [trace] zexCounterBasedEventCreate2(hContext, hDevice, desc, phEvent)
[2026-10-07 10:32:51.656] [thread-id: 124801241783488] [trace] SUCCESS (ZE_RESULT_SUCCESS) in zexCounterBasedEventCreate2(hContext=0x27b83738, hDevice=0x27b6cf28, desc=0x7ffd02be8ca0, phEvent=0x27bbd168)
<LEVEL_ZERO>[DEBUG]: ze_event_pool_desc_t flags set to: 1
[2026-10-07 10:32:51.656] [thread-id: 124801241783488] [trace] zexCounterBasedEventCreate2(hContext, hDevice, desc, phEvent)
[2026-10-07 10:32:51.656] [thread-id: 124801241783488] [trace] SUCCESS (ZE_RESULT_SUCCESS) in zexCounterBasedEventCreate2(hContext=0x27b83738, hDevice=0x27b6cf28, desc=0x7ffd02be8ca0, phEvent=0x27bbd6c8)
<LEVEL_ZERO>[DEBUG]: ze_event_pool_desc_t flags set to: 1
[2026-10-07 10:32:51.656] [thread-id: 124801241783488] [trace] zexCounterBasedEventCreate2(hContext, hDevice, desc, phEvent)
[2026-10-07 10:32:51.656] [thread-id: 124801241783488] [trace] SUCCESS (ZE_RESULT_SUCCESS) in zexCounterBasedEventCreate2(hContext=0x27b83738, hDevice=0x27b6cf28, desc=0x7ffd02be8ca0, phEvent=0x27bbddc8)
<LEVEL_ZERO>[DEBUG]: ze_event_pool_desc_t flags set to: 1
[2026-10-07 10:32:51.656] [thread-id: 124801241783488] [trace] zexCounterBasedEventCreate2(hContext, hDevice, desc, phEvent)
[2026-10-07 10:32:51.656] [thread-id: 124801241783488] [trace] SUCCESS (ZE_RESULT_SUCCESS) in zexCounterBasedEventCreate2(hContext=0x27b83738, hDevice=0x27b6cf28, desc=0x7ffd02be8ca0, phEvent=0x27bbe2d8)
<LEVEL_ZERO>[DEBUG]: ze_event_pool_desc_t flags set to: 1
[2026-10-07 10:32:51.656] [thread-id: 124801241783488] [trace] zexCounterBasedEventCreate2(hContext, hDevice, desc, phEvent)
[2026-10-07 10:32:51.656] [thread-id: 124801241783488] [trace] SUCCESS (ZE_RESULT_SUCCESS) in zexCounterBasedEventCreate2(hContext=0x27b83738, hDevice=0x27b6cf28, desc=0x7ffd02be8ca0, phEvent=0x27bbe9d8)
<LEVEL_ZERO>[DEBUG]: ze_event_pool_desc_t flags set to: 1
[2026-10-07 10:32:51.656] [thread-id: 124801241783488] [trace] zexCounterBasedEventCreate2(hContext, hDevice, desc, phEvent)
[2026-10-07 10:32:51.656] [thread-id: 124801241783488] [trace] SUCCESS (ZE_RESULT_SUCCESS) in zexCounterBasedEventCreate2(hContext=0x27b83738, hDevice=0x27b6cf28, desc=0x7ffd02be8ca0, phEvent=0x27bbeee8)
<LEVEL_ZERO>[DEBUG]: ze_event_pool_desc_t flags set to: 1
[2026-10-07 10:32:51.656] [thread-id: 124801241783488] [trace] zexCounterBasedEventCreate2(hContext, hDevice, desc, phEvent)
[2026-10-07 10:32:51.656] [thread-id: 124801241783488] [trace] SUCCESS (ZE_RESULT_SUCCESS) in zexCounterBasedEventCreate2(hContext=0x27b83738, hDevice=0x27b6cf28, desc=0x7ffd02be8ca0, phEvent=0x27bbf5e8)
<LEVEL_ZERO>[DEBUG]: ze_event_pool_desc_t flags set to: 1
[2026-10-07 10:32:51.656] [thread-id: 124801241783488] [trace] zexCounterBasedEventCreate2(hContext, hDevice, desc, phEvent)
[2026-10-07 10:32:51.656] [thread-id: 124801241783488] [trace] SUCCESS (ZE_RESULT_SUCCESS) in zexCounterBasedEventCreate2(hContext=0x27b83738, hDevice=0x27b6cf28, desc=0x7ffd02be8ca0, phEvent=0x27bbfb98)
<LEVEL_ZERO>[DEBUG]: ze_event_pool_desc_t flags set to: 1
[2026-10-07 10:32:51.656] [thread-id: 124801241783488] [trace] zexCounterBasedEventCreate2(hContext, hDevice, desc, phEvent)
[2026-10-07 10:32:51.656] [thread-id: 124801241783488] [trace] SUCCESS (ZE_RESULT_SUCCESS) in zexCounterBasedEventCreate2(hContext=0x27b83738, hDevice=0x27b6cf28, desc=0x7ffd02be8ca0, phEvent=0x27bc0298)
<LEVEL_ZERO>[DEBUG]: ze_event_pool_desc_t flags set to: 1
[2026-10-07 10:32:51.656] [thread-id: 124801241783488] [trace] zexCounterBasedEventCreate2(hContext, hDevice, desc, phEvent)
[2026-10-07 10:32:51.656] [thread-id: 124801241783488] [trace] SUCCESS (ZE_RESULT_SUCCESS) in zexCounterBasedEventCreate2(hContext=0x27b83738, hDevice=0x27b6cf28, desc=0x7ffd02be8ca0, phEvent=0x27bc07a8)
<LEVEL_ZERO>[DEBUG]: ze_event_pool_desc_t flags set to: 1
[2026-10-07 10:32:51.656] [thread-id: 124801241783488] [trace] zexCounterBasedEventCreate2(hContext, hDevice, desc, phEvent)
[2026-10-07 10:32:51.656] [thread-id: 124801241783488] [trace] SUCCESS (ZE_RESULT_SUCCESS) in zexCounterBasedEventCreate2(hContext=0x27b83738, hDevice=0x27b6cf28, desc=0x7ffd02be8ca0, phEvent=0x27bc0ea8)
<LEVEL_ZERO>[DEBUG]: ze_event_pool_desc_t flags set to: 1
[2026-10-07 10:32:51.656] [thread-id: 124801241783488] [trace] zexCounterBasedEventCreate2(hContext, hDevice, desc, phEvent)
[2026-10-07 10:32:51.656] [thread-id: 124801241783488] [trace] SUCCESS (ZE_RESULT_SUCCESS) in zexCounterBasedEventCreate2(hContext=0x27b83738, hDevice=0x27b6cf28, desc=0x7ffd02be8ca0, phEvent=0x27bc13b8)
<LEVEL_ZERO>[DEBUG]: ze_event_pool_desc_t flags set to: 1
[2026-10-07 10:32:51.656] [thread-id: 124801241783488] [trace] zexCounterBasedEventCreate2(hContext, hDevice, desc, phEvent)
[2026-10-07 10:32:51.656] [thread-id: 124801241783488] [trace] SUCCESS (ZE_RESULT_SUCCESS) in zexCounterBasedEventCreate2(hContext=0x27b83738, hDevice=0x27b6cf28, desc=0x7ffd02be8ca0, phEvent=0x27bc1ab8)
<LEVEL_ZERO>[DEBUG]: ze_event_pool_desc_t flags set to: 1
[2026-10-07 10:32:51.656] [thread-id: 124801241783488] [trace] zexCounterBasedEventCreate2(hContext, hDevice, desc, phEvent)
[2026-10-07 10:32:51.656] [thread-id: 124801241783488] [trace] SUCCESS (ZE_RESULT_SUCCESS) in zexCounterBasedEventCreate2(hContext=0x27b83738, hDevice=0x27b6cf28, desc=0x7ffd02be8ca0, phEvent=0x27bc20d8)
<LEVEL_ZERO>[DEBUG]: ze_event_pool_desc_t flags set to: 1
[2026-10-07 10:32:51.657] [thread-id: 124801241783488] [trace] zexCounterBasedEventCreate2(hContext, hDevice, desc, phEvent)
[2026-10-07 10:32:51.657] [thread-id: 124801241783488] [trace] SUCCESS (ZE_RESULT_SUCCESS) in zexCounterBasedEventCreate2(hContext=0x27b83738, hDevice=0x27b6cf28, desc=0x7ffd02be8ca0, phEvent=0x27bc27d8)
<LEVEL_ZERO>[DEBUG]: ze_event_pool_desc_t flags set to: 1
[2026-10-07 10:32:51.657] [thread-id: 124801241783488] [trace] zexCounterBasedEventCreate2(hContext, hDevice, desc, phEvent)
[2026-10-07 10:32:51.657] [thread-id: 124801241783488] [trace] SUCCESS (ZE_RESULT_SUCCESS) in zexCounterBasedEventCreate2(hContext=0x27b83738, hDevice=0x27b6cf28, desc=0x7ffd02be8ca0, phEvent=0x27bc2ce8)
<LEVEL_ZERO>[DEBUG]: ze_event_pool_desc_t flags set to: 1
[2026-10-07 10:32:51.657] [thread-id: 124801241783488] [trace] zexCounterBasedEventCreate2(hContext, hDevice, desc, phEvent)
[2026-10-07 10:32:51.657] [thread-id: 124801241783488] [trace] SUCCESS (ZE_RESULT_SUCCESS) in zexCounterBasedEventCreate2(hContext=0x27b83738, hDevice=0x27b6cf28, desc=0x7ffd02be8ca0, phEvent=0x27bc33e8)
<LEVEL_ZERO>[DEBUG]: ze_event_pool_desc_t flags set to: 1
[2026-10-07 10:32:51.657] [thread-id: 124801241783488] [trace] zexCounterBasedEventCreate2(hContext, hDevice, desc, phEvent)
[2026-10-07 10:32:51.657] [thread-id: 124801241783488] [trace] SUCCESS (ZE_RESULT_SUCCESS) in zexCounterBasedEventCreate2(hContext=0x27b83738, hDevice=0x27b6cf28, desc=0x7ffd02be8ca0, phEvent=0x27bc38f8)
<LEVEL_ZERO>[DEBUG]: ze_event_pool_desc_t flags set to: 1
[2026-10-07 10:32:51.657] [thread-id: 124801241783488] [trace] zexCounterBasedEventCreate2(hContext, hDevice, desc, phEvent)
[2026-10-07 10:32:51.657] [thread-id: 124801241783488] [trace] SUCCESS (ZE_RESULT_SUCCESS) in zexCounterBasedEventCreate2(hContext=0x27b83738, hDevice=0x27b6cf28, desc=0x7ffd02be8ca0, phEvent=0x27bc3ff8)
<LEVEL_ZERO>[DEBUG]: ze_event_pool_desc_t flags set to: 1
[2026-10-07 10:32:51.657] [thread-id: 124801241783488] [trace] zexCounterBasedEventCreate2(hContext, hDevice, desc, phEvent)
[2026-10-07 10:32:51.657] [thread-id: 124801241783488] [trace] SUCCESS (ZE_RESULT_SUCCESS) in zexCounterBasedEventCreate2(hContext=0x27b83738, hDevice=0x27b6cf28, desc=0x7ffd02be8ca0, phEvent=0x27bc4508)
<LEVEL_ZERO>[DEBUG]: ze_event_pool_desc_t flags set to: 1
[2026-10-07 10:32:51.657] [thread-id: 124801241783488] [trace] zexCounterBasedEventCreate2(hContext, hDevice, desc, phEvent)
[2026-10-07 10:32:51.657] [thread-id: 124801241783488] [trace] SUCCESS (ZE_RESULT_SUCCESS) in zexCounterBasedEventCreate2(hContext=0x27b83738, hDevice=0x27b6cf28, desc=0x7ffd02be8ca0, phEvent=0x27bc4d48)
<LEVEL_ZERO>[DEBUG]: ze_event_pool_desc_t flags set to: 1
[2026-10-07 10:32:51.657] [thread-id: 124801241783488] [trace] zexCounterBasedEventCreate2(hContext, hDevice, desc, phEvent)
[2026-10-07 10:32:51.657] [thread-id: 124801241783488] [trace] SUCCESS (ZE_RESULT_SUCCESS) in zexCounterBasedEventCreate2(hContext=0x27b83738, hDevice=0x27b6cf28, desc=0x7ffd02be8ca0, phEvent=0x27bc5258)
<LEVEL_ZERO>[DEBUG]: ze_event_pool_desc_t flags set to: 1
[2026-10-07 10:32:51.657] [thread-id: 124801241783488] [trace] zexCounterBasedEventCreate2(hContext, hDevice, desc, phEvent)
[2026-10-07 10:32:51.657] [thread-id: 124801241783488] [trace] SUCCESS (ZE_RESULT_SUCCESS) in zexCounterBasedEventCreate2(hContext=0x27b83738, hDevice=0x27b6cf28, desc=0x7ffd02be8ca0, phEvent=0x27bc5958)
<LEVEL_ZERO>[DEBUG]: ze_event_pool_desc_t flags set to: 1
[2026-10-07 10:32:51.657] [thread-id: 124801241783488] [trace] zexCounterBasedEventCreate2(hContext, hDevice, desc, phEvent)
[2026-10-07 10:32:51.657] [thread-id: 124801241783488] [trace] SUCCESS (ZE_RESULT_SUCCESS) in zexCounterBasedEventCreate2(hContext=0x27b83738, hDevice=0x27b6cf28, desc=0x7ffd02be8ca0, phEvent=0x27bc5e68)
<LEVEL_ZERO>[DEBUG]: ze_event_pool_desc_t flags set to: 1
[2026-10-07 10:32:51.657] [thread-id: 124801241783488] [trace] zexCounterBasedEventCreate2(hContext, hDevice, desc, phEvent)
[2026-10-07 10:32:51.657] [thread-id: 124801241783488] [trace] SUCCESS (ZE_RESULT_SUCCESS) in zexCounterBasedEventCreate2(hContext=0x27b83738, hDevice=0x27b6cf28, desc=0x7ffd02be8ca0, phEvent=0x27bc6568)
<LEVEL_ZERO>[DEBUG]: ze_event_pool_desc_t flags set to: 1
[2026-10-07 10:32:51.657] [thread-id: 124801241783488] [trace] zexCounterBasedEventCreate2(hContext, hDevice, desc, phEvent)
[2026-10-07 10:32:51.657] [thread-id: 124801241783488] [trace] SUCCESS (ZE_RESULT_SUCCESS) in zexCounterBasedEventCreate2(hContext=0x27b83738, hDevice=0x27b6cf28, desc=0x7ffd02be8ca0, phEvent=0x27bc6a78)
<LEVEL_ZERO>[DEBUG]: ze_event_pool_desc_t flags set to: 1
[2026-10-07 10:32:51.657] [thread-id: 124801241783488] [trace] zexCounterBasedEventCreate2(hContext, hDevice, desc, phEvent)
[2026-10-07 10:32:51.657] [thread-id: 124801241783488] [trace] SUCCESS (ZE_RESULT_SUCCESS) in zexCounterBasedEventCreate2(hContext=0x27b83738, hDevice=0x27b6cf28, desc=0x7ffd02be8ca0, phEvent=0x27bc7178)
<LEVEL_ZERO>[DEBUG]: ze_event_pool_desc_t flags set to: 1
[2026-10-07 10:32:51.657] [thread-id: 124801241783488] [trace] zexCounterBasedEventCreate2(hContext, hDevice, desc, phEvent)
[2026-10-07 10:32:51.657] [thread-id: 124801241783488] [trace] SUCCESS (ZE_RESULT_SUCCESS) in zexCounterBasedEventCreate2(hContext=0x27b83738, hDevice=0x27b6cf28, desc=0x7ffd02be8ca0, phEvent=0x27bc7688)
<LEVEL_ZERO>[DEBUG]: ze_event_pool_desc_t flags set to: 1
[2026-10-07 10:32:51.657] [thread-id: 124801241783488] [trace] zexCounterBasedEventCreate2(hContext, hDevice, desc, phEvent)
[2026-10-07 10:32:51.657] [thread-id: 124801241783488] [trace] SUCCESS (ZE_RESULT_SUCCESS) in zexCounterBasedEventCreate2(hContext=0x27b83738, hDevice=0x27b6cf28, desc=0x7ffd02be8ca0, phEvent=0x27bc7d88)
<LEVEL_ZERO>[DEBUG]: ze_event_pool_desc_t flags set to: 1
[2026-10-07 10:32:51.657] [thread-id: 124801241783488] [trace] zexCounterBasedEventCreate2(hContext, hDevice, desc, phEvent)
[2026-10-07 10:32:51.657] [thread-id: 124801241783488] [trace] SUCCESS (ZE_RESULT_SUCCESS) in zexCounterBasedEventCreate2(hContext=0x27b83738, hDevice=0x27b6cf28, desc=0x7ffd02be8ca0, phEvent=0x27bc84a8)
<LEVEL_ZERO>[DEBUG]: ze_event_pool_desc_t flags set to: 1
[2026-10-07 10:32:51.657] [thread-id: 124801241783488] [trace] zexCounterBasedEventCreate2(hContext, hDevice, desc, phEvent)
[2026-10-07 10:32:51.657] [thread-id: 124801241783488] [trace] SUCCESS (ZE_RESULT_SUCCESS) in zexCounterBasedEventCreate2(hContext=0x27b83738, hDevice=0x27b6cf28, desc=0x7ffd02be8ca0, phEvent=0x27bc8ba8)
<LEVEL_ZERO>[DEBUG]: ze_event_pool_desc_t flags set to: 1
[2026-10-07 10:32:51.657] [thread-id: 124801241783488] [trace] zexCounterBasedEventCreate2(hContext, hDevice, desc, phEvent)
[2026-10-07 10:32:51.657] [thread-id: 124801241783488] [trace] SUCCESS (ZE_RESULT_SUCCESS) in zexCounterBasedEventCreate2(hContext=0x27b83738, hDevice=0x27b6cf28, desc=0x7ffd02be8ca0, phEvent=0x27bc90b8)
<LEVEL_ZERO>[DEBUG]: ze_event_pool_desc_t flags set to: 1
[2026-10-07 10:32:51.657] [thread-id: 124801241783488] [trace] zexCounterBasedEventCreate2(hContext, hDevice, desc, phEvent)
[2026-10-07 10:32:51.657] [thread-id: 124801241783488] [trace] SUCCESS (ZE_RESULT_SUCCESS) in zexCounterBasedEventCreate2(hContext=0x27b83738, hDevice=0x27b6cf28, desc=0x7ffd02be8ca0, phEvent=0x27bc97b8)
<LEVEL_ZERO>[DEBUG]: ze_event_pool_desc_t flags set to: 1
[2026-10-07 10:32:51.657] [thread-id: 124801241783488] [trace] zexCounterBasedEventCreate2(hContext, hDevice, desc, phEvent)
[2026-10-07 10:32:51.657] [thread-id: 124801241783488] [trace] SUCCESS (ZE_RESULT_SUCCESS) in zexCounterBasedEventCreate2(hContext=0x27b83738, hDevice=0x27b6cf28, desc=0x7ffd02be8ca0, phEvent=0x27bc9cc8)
<LEVEL_ZERO>[DEBUG]: ze_event_pool_desc_t flags set to: 1
[2026-10-07 10:32:51.657] [thread-id: 124801241783488] [trace] zexCounterBasedEventCreate2(hContext, hDevice, desc, phEvent)
[2026-10-07 10:32:51.657] [thread-id: 124801241783488] [trace] SUCCESS (ZE_RESULT_SUCCESS) in zexCounterBasedEventCreate2(hContext=0x27b83738, hDevice=0x27b6cf28, desc=0x7ffd02be8ca0, phEvent=0x27bca3c8)
<LEVEL_ZERO>[DEBUG]: ze_event_pool_desc_t flags set to: 1
[2026-10-07 10:32:51.657] [thread-id: 124801241783488] [trace] zexCounterBasedEventCreate2(hContext, hDevice, desc, phEvent)
[2026-10-07 10:32:51.657] [thread-id: 124801241783488] [trace] SUCCESS (ZE_RESULT_SUCCESS) in zexCounterBasedEventCreate2(hContext=0x27b83738, hDevice=0x27b6cf28, desc=0x7ffd02be8ca0, phEvent=0x27bca8d8)
<LEVEL_ZERO>[DEBUG]: ze_event_pool_desc_t flags set to: 1
[2026-10-07 10:32:51.657] [thread-id: 124801241783488] [trace] zexCounterBasedEventCreate2(hContext, hDevice, desc, phEvent)
[2026-10-07 10:32:51.657] [thread-id: 124801241783488] [trace] SUCCESS (ZE_RESULT_SUCCESS) in zexCounterBasedEventCreate2(hContext=0x27b83738, hDevice=0x27b6cf28, desc=0x7ffd02be8ca0, phEvent=0x27bcafd8)
<LEVEL_ZERO>[DEBUG]: ze_event_pool_desc_t flags set to: 1
[2026-10-07 10:32:51.657] [thread-id: 124801241783488] [trace] zexCounterBasedEventCreate2(hContext, hDevice, desc, phEvent)
[2026-10-07 10:32:51.657] [thread-id: 124801241783488] [trace] SUCCESS (ZE_RESULT_SUCCESS) in zexCounterBasedEventCreate2(hContext=0x27b83738, hDevice=0x27b6cf28, desc=0x7ffd02be8ca0, phEvent=0x27bcb4e8)
<LEVEL_ZERO>[DEBUG]: ze_event_pool_desc_t flags set to: 1
[2026-10-07 10:32:51.657] [thread-id: 124801241783488] [trace] zexCounterBasedEventCreate2(hContext, hDevice, desc, phEvent)
[2026-10-07 10:32:51.657] [thread-id: 124801241783488] [trace] SUCCESS (ZE_RESULT_SUCCESS) in zexCounterBasedEventCreate2(hContext=0x27b83738, hDevice=0x27b6cf28, desc=0x7ffd02be8ca0, phEvent=0x27bcbbe8)
<LEVEL_ZERO>[DEBUG]: ze_event_pool_desc_t flags set to: 1
[2026-10-07 10:32:51.657] [thread-id: 124801241783488] [trace] zexCounterBasedEventCreate2(hContext, hDevice, desc, phEvent)
[2026-10-07 10:32:51.657] [thread-id: 124801241783488] [trace] SUCCESS (ZE_RESULT_SUCCESS) in zexCounterBasedEventCreate2(hContext=0x27b83738, hDevice=0x27b6cf28, desc=0x7ffd02be8ca0, phEvent=0x27bcc0f8)
<LEVEL_ZERO>[DEBUG]: ze_event_pool_desc_t flags set to: 1
[2026-10-07 10:32:51.657] [thread-id: 124801241783488] [trace] zexCounterBasedEventCreate2(hContext, hDevice, desc, phEvent)
[2026-10-07 10:32:51.657] [thread-id: 124801241783488] [trace] SUCCESS (ZE_RESULT_SUCCESS) in zexCounterBasedEventCreate2(hContext=0x27b83738, hDevice=0x27b6cf28, desc=0x7ffd02be8ca0, phEvent=0x27bcc7f8)
<LEVEL_ZERO>[DEBUG]: ze_event_pool_desc_t flags set to: 1
[2026-10-07 10:32:51.657] [thread-id: 124801241783488] [trace] zexCounterBasedEventCreate2(hContext, hDevice, desc, phEvent)
[2026-10-07 10:32:51.657] [thread-id: 124801241783488] [trace] SUCCESS (ZE_RESULT_SUCCESS) in zexCounterBasedEventCreate2(hContext=0x27b83738, hDevice=0x27b6cf28, desc=0x7ffd02be8ca0, phEvent=0x27bccd08)
<LEVEL_ZERO>[DEBUG]: ze_event_pool_desc_t flags set to: 1
[2026-10-07 10:32:51.657] [thread-id: 124801241783488] [trace] zexCounterBasedEventCreate2(hContext, hDevice, desc, phEvent)
[2026-10-07 10:32:51.657] [thread-id: 124801241783488] [trace] SUCCESS (ZE_RESULT_SUCCESS) in zexCounterBasedEventCreate2(hContext=0x27b83738, hDevice=0x27b6cf28, desc=0x7ffd02be8ca0, phEvent=0x27bcd408)
<LEVEL_ZERO>[DEBUG]: ze_event_pool_desc_t flags set to: 1
[2026-10-07 10:32:51.657] [thread-id: 124801241783488] [trace] zexCounterBasedEventCreate2(hContext, hDevice, desc, phEvent)
[2026-10-07 10:32:51.657] [thread-id: 124801241783488] [trace] SUCCESS (ZE_RESULT_SUCCESS) in zexCounterBasedEventCreate2(hContext=0x27b83738, hDevice=0x27b6cf28, desc=0x7ffd02be8ca0, phEvent=0x27bcd918)
<LEVEL_ZERO>[DEBUG]: ze_event_pool_desc_t flags set to: 1
[2026-10-07 10:32:51.657] [thread-id: 124801241783488] [trace] zexCounterBasedEventCreate2(hContext, hDevice, desc, phEvent)
[2026-10-07 10:32:51.657] [thread-id: 124801241783488] [trace] SUCCESS (ZE_RESULT_SUCCESS) in zexCounterBasedEventCreate2(hContext=0x27b83738, hDevice=0x27b6cf28, desc=0x7ffd02be8ca0, phEvent=0x27bce018)
<LEVEL_ZERO>[DEBUG]: ze_event_pool_desc_t flags set to: 1
[2026-10-07 10:32:51.658] [thread-id: 124801241783488] [trace] zexCounterBasedEventCreate2(hContext, hDevice, desc, phEvent)
[2026-10-07 10:32:51.658] [thread-id: 124801241783488] [trace] SUCCESS (ZE_RESULT_SUCCESS) in zexCounterBasedEventCreate2(hContext=0x27b83738, hDevice=0x27b6cf28, desc=0x7ffd02be8ca0, phEvent=0x27bce528)
<LEVEL_ZERO>[DEBUG]: ze_event_pool_desc_t flags set to: 1
[2026-10-07 10:32:51.658] [thread-id: 124801241783488] [trace] zexCounterBasedEventCreate2(hContext, hDevice, desc, phEvent)
[2026-10-07 10:32:51.658] [thread-id: 124801241783488] [trace] SUCCESS (ZE_RESULT_SUCCESS) in zexCounterBasedEventCreate2(hContext=0x27b83738, hDevice=0x27b6cf28, desc=0x7ffd02be8ca0, phEvent=0x27bcec28)
<LEVEL_ZERO>[DEBUG]: ze_event_pool_desc_t flags set to: 1
[2026-10-07 10:32:51.658] [thread-id: 124801241783488] [trace] zexCounterBasedEventCreate2(hContext, hDevice, desc, phEvent)
[2026-10-07 10:32:51.658] [thread-id: 124801241783488] [trace] SUCCESS (ZE_RESULT_SUCCESS) in zexCounterBasedEventCreate2(hContext=0x27b83738, hDevice=0x27b6cf28, desc=0x7ffd02be8ca0, phEvent=0x27bcf138)
<LEVEL_ZERO>[DEBUG]: ze_event_pool_desc_t flags set to: 1
[2026-10-07 10:32:51.658] [thread-id: 124801241783488] [trace] zexCounterBasedEventCreate2(hContext, hDevice, desc, phEvent)
[2026-10-07 10:32:51.658] [thread-id: 124801241783488] [trace] SUCCESS (ZE_RESULT_SUCCESS) in zexCounterBasedEventCreate2(hContext=0x27b83738, hDevice=0x27b6cf28, desc=0x7ffd02be8ca0, phEvent=0x27bcfab8)
<LEVEL_ZERO>[DEBUG]: ze_event_pool_desc_t flags set to: 1
[2026-10-07 10:32:51.658] [thread-id: 124801241783488] [trace] zexCounterBasedEventCreate2(hContext, hDevice, desc, phEvent)
[2026-10-07 10:32:51.658] [thread-id: 124801241783488] [trace] SUCCESS (ZE_RESULT_SUCCESS) in zexCounterBasedEventCreate2(hContext=0x27b83738, hDevice=0x27b6cf28, desc=0x7ffd02be8ca0, phEvent=0x27bcffc8)
<LEVEL_ZERO>[DEBUG]: ze_event_pool_desc_t flags set to: 1
[2026-10-07 10:32:51.658] [thread-id: 124801241783488] [trace] zexCounterBasedEventCreate2(hContext, hDevice, desc, phEvent)
[2026-10-07 10:32:51.658] [thread-id: 124801241783488] [trace] SUCCESS (ZE_RESULT_SUCCESS) in zexCounterBasedEventCreate2(hContext=0x27b83738, hDevice=0x27b6cf28, desc=0x7ffd02be8ca0, phEvent=0x27bd06c8)
<LEVEL_ZERO>[DEBUG]: ze_event_pool_desc_t flags set to: 1
[2026-10-07 10:32:51.658] [thread-id: 124801241783488] [trace] zexCounterBasedEventCreate2(hContext, hDevice, desc, phEvent)
[2026-10-07 10:32:51.658] [thread-id: 124801241783488] [trace] SUCCESS (ZE_RESULT_SUCCESS) in zexCounterBasedEventCreate2(hContext=0x27b83738, hDevice=0x27b6cf28, desc=0x7ffd02be8ca0, phEvent=0x27bd0bd8)
<LEVEL_ZERO>[DEBUG]: ze_event_pool_desc_t flags set to: 1
[2026-10-07 10:32:51.658] [thread-id: 124801241783488] [trace] zexCounterBasedEventCreate2(hContext, hDevice, desc, phEvent)
[2026-10-07 10:32:51.658] [thread-id: 124801241783488] [trace] SUCCESS (ZE_RESULT_SUCCESS) in zexCounterBasedEventCreate2(hContext=0x27b83738, hDevice=0x27b6cf28, desc=0x7ffd02be8ca0, phEvent=0x27bd12d8)
<LEVEL_ZERO>[DEBUG]: ze_event_pool_desc_t flags set to: 1
[2026-10-07 10:32:51.658] [thread-id: 124801241783488] [trace] zexCounterBasedEventCreate2(hContext, hDevice, desc, phEvent)
[2026-10-07 10:32:51.658] [thread-id: 124801241783488] [trace] SUCCESS (ZE_RESULT_SUCCESS) in zexCounterBasedEventCreate2(hContext=0x27b83738, hDevice=0x27b6cf28, desc=0x7ffd02be8ca0, phEvent=0x27bd17e8)
<LEVEL_ZERO>[DEBUG]: ze_event_pool_desc_t flags set to: 1
[2026-10-07 10:32:51.658] [thread-id: 124801241783488] [trace] zexCounterBasedEventCreate2(hContext, hDevice, desc, phEvent)
[2026-10-07 10:32:51.658] [thread-id: 124801241783488] [trace] SUCCESS (ZE_RESULT_SUCCESS) in zexCounterBasedEventCreate2(hContext=0x27b83738, hDevice=0x27b6cf28, desc=0x7ffd02be8ca0, phEvent=0x27bd1ee8)
<LEVEL_ZERO>[DEBUG]: ze_event_pool_desc_t flags set to: 1
[2026-10-07 10:32:51.658] [thread-id: 124801241783488] [trace] zexCounterBasedEventCreate2(hContext, hDevice, desc, phEvent)
[2026-10-07 10:32:51.658] [thread-id: 124801241783488] [trace] SUCCESS (ZE_RESULT_SUCCESS) in zexCounterBasedEventCreate2(hContext=0x27b83738, hDevice=0x27b6cf28, desc=0x7ffd02be8ca0, phEvent=0x27bd23f8)
<LEVEL_ZERO>[DEBUG]: ze_event_pool_desc_t flags set to: 1
[2026-10-07 10:32:51.658] [thread-id: 124801241783488] [trace] zexCounterBasedEventCreate2(hContext, hDevice, desc, phEvent)
[2026-10-07 10:32:51.658] [thread-id: 124801241783488] [trace] SUCCESS (ZE_RESULT_SUCCESS) in zexCounterBasedEventCreate2(hContext=0x27b83738, hDevice=0x27b6cf28, desc=0x7ffd02be8ca0, phEvent=0x27bd2af8)
<LEVEL_ZERO>[DEBUG]: ze_event_pool_desc_t flags set to: 1
[2026-10-07 10:32:51.658] [thread-id: 124801241783488] [trace] zexCounterBasedEventCreate2(hContext, hDevice, desc, phEvent)
[2026-10-07 10:32:51.658] [thread-id: 124801241783488] [trace] SUCCESS (ZE_RESULT_SUCCESS) in zexCounterBasedEventCreate2(hContext=0x27b83738, hDevice=0x27b6cf28, desc=0x7ffd02be8ca0, phEvent=0x27bd3008)
<LEVEL_ZERO>[DEBUG]: ze_event_pool_desc_t flags set to: 1
[2026-10-07 10:32:51.658] [thread-id: 124801241783488] [trace] zexCounterBasedEventCreate2(hContext, hDevice, desc, phEvent)
[2026-10-07 10:32:51.658] [thread-id: 124801241783488] [trace] SUCCESS (ZE_RESULT_SUCCESS) in zexCounterBasedEventCreate2(hContext=0x27b83738, hDevice=0x27b6cf28, desc=0x7ffd02be8ca0, phEvent=0x27bd3708)
<LEVEL_ZERO>[DEBUG]: ze_event_pool_desc_t flags set to: 1
[2026-10-07 10:32:51.658] [thread-id: 124801241783488] [trace] zexCounterBasedEventCreate2(hContext, hDevice, desc, phEvent)
[2026-10-07 10:32:51.658] [thread-id: 124801241783488] [trace] SUCCESS (ZE_RESULT_SUCCESS) in zexCounterBasedEventCreate2(hContext=0x27b83738, hDevice=0x27b6cf28, desc=0x7ffd02be8ca0, phEvent=0x27bd3c18)
[2026-10-07 10:32:51.658] [thread-id: 124801241783488] [trace] zeCommandListAppendMemoryCopy(hCommandList, dstptr, srcptr, size, hSignalEvent, numWaitEvents, phWaitEventsLocal)
[2026-10-07 10:32:51.661] [thread-id: 124801241783488] [trace] SUCCESS (ZE_RESULT_SUCCESS) in zeCommandListAppendMemoryCopy(hCommandList=0x27b8ad88, dstptr=0xffffffffff600000, srcptr=0x27b9b8a0, size=65536, hSignalEvent=0x27bd3c18, numWaitEvents=0, phWaitEvents=nullptr)
   <--- urEnqueueUSMMemcpy(.hQueue = 0x27b8a0a0, .blocking = 0, .pDst = 0xffffffffff600000, .pSrc = 0x27b9b8a0, .size = 65536, .numEventsInWaitList = 0, .phEventWaitList = nullptr, .phEvent = 0x7ffd02be92a0 (0x27bd3600)) -> UR_RESULT_SUCCESS;
   ---> urEventWait
[2026-10-07 10:32:51.661] [thread-id: 124801241783488] [trace] zeEventHostSynchronize(hEvent, timeout)
[2026-10-07 10:32:51.661] [thread-id: 124801241783488] [trace] SUCCESS (ZE_RESULT_SUCCESS) in zeEventHostSynchronize(hEvent=0x27bd3c18, timeout=18446744073709551615)
   <--- urEventWait(.numEvents = 1, .phEventWaitList = 0x7ffd02be92f0 {0x27bd3600}) -> UR_RESULT_SUCCESS;
   ---> urEventRelease
   <--- urEventRelease(.hEvent = 0x27bd3600) -> UR_RESULT_SUCCESS;
   ---> urDeviceGetInfo
[2026-10-07 10:32:51.661] [thread-id: 124801241783488] [trace] zeDeviceGetComputeProperties(hDevice, pComputeProperties)
[2026-10-07 10:32:51.661] [thread-id: 124801241783488] [trace] SUCCESS (ZE_RESULT_SUCCESS) in zeDeviceGetComputeProperties(hDevice=0x27b6cf28, pComputeProperties={stype=0x27b82280, maxTotalGroupSize=1024, maxGroupSizeX=1024, maxGroupSizeY=1024, maxGroupSizeZ=1024, maxGroupCountX=4294967295, maxGroupCountY=4294967295, maxGroupCountZ=4294967295, maxSharedLocalMemory=131072, numSubGroupSizes=2, subGroupSizes=16})
   <--- urDeviceGetInfo(.hDevice = 0x27b82040, .propName = UR_DEVICE_INFO_MAX_WORK_GROUPS_3D, .propSize = 24, .pPropValue = {4294967295, 4294967295, 4294967295}, .pPropSizeRet = nullptr) -> UR_RESULT_SUCCESS;
   ---> urDeviceSelectBinary
   <--- urDeviceSelectBinary(.hDevice = 0x27b82040, .pBinaries = 0x27bfca50 ((struct ur_device_binary_t){.stype = UR_STRUCTURE_TYPE_CONTEXT_PROPERTIES, .pNext = nullptr, .pDeviceTargetSpec = 0x7181908ee3c0 (spir64)}), .NumBinaries = 1, .pSelectedBinary = 0x7ffd02be87fc (0)) -> UR_RESULT_SUCCESS;
   ---> urPlatformGetBackendOption
   <--- urPlatformGetBackendOption(.hPlatform = 0x27b80810, .pFrontendOption = 0x7ffd02be8308 (-O2), .ppPlatformOption = 0x7ffd02be82d8 (0x71818d95c975 (-ze-opt-level=2))) -> UR_RESULT_SUCCESS;
   ---> urDeviceGetInfo
   <--- urDeviceGetInfo(.hDevice = 0x27b82040, .propName = UR_DEVICE_INFO_VENDOR_ID, .propSize = 4, .pPropValue = 0x7ffd02be8258 (32902), .pPropSizeRet = nullptr) -> UR_RESULT_SUCCESS;
   ---> urDeviceGetInfo
   <--- urDeviceGetInfo(.hDevice = 0x27b82040, .propName = UR_DEVICE_INFO_DEVICE_ID, .propSize = 0, .pPropValue = nullptr, .pPropSizeRet = 0x7ffd02be80e0 (4)) -> UR_RESULT_SUCCESS;
   ---> urDeviceGetInfo
   <--- urDeviceGetInfo(.hDevice = 0x27b82040, .propName = UR_DEVICE_INFO_DEVICE_ID, .propSize = 4, .pPropValue = 0x7ffd02be8228 (57868), .pPropSizeRet = nullptr) -> UR_RESULT_SUCCESS;
   ---> urDeviceGetInfo
   <--- urDeviceGetInfo(.hDevice = 0x27b82040, .propName = UR_DEVICE_INFO_COMPILER_AVAILABLE, .propSize = 1, .pPropValue = 0x7ffd02be82c0 (true), .pPropSizeRet = nullptr) -> UR_RESULT_SUCCESS;
   ---> urProgramCreateWithIL
   <--- urProgramCreateWithIL(.hContext = 0x27b86b90, .pIL = 0x415b20, .length = 2080, .pProperties = nullptr, .phProgram = 0x7ffd02be83e0 (0x27bc4a10)) -> UR_RESULT_SUCCESS;
   ---> urProgramBuildExp
[2026-10-07 10:32:51.662] [thread-id: 124801241783488] [trace] zeModuleCreate(hContext, hDevice, desc, phModule, phBuildLog)
[2026-10-07 10:32:51.662] [thread-id: 124801241783488] [trace] SUCCESS (ZE_RESULT_SUCCESS) in zeModuleCreate(hContext=0x27b83738, hDevice=0x27b6cf28, desc={stype=0x7ffd02be8060, format=0x7ffd02be8070, inputSize=2080, pInputModule=3, pBuildFlags=" -ze-opt-level=2", pConstants={numConstants=0, pConstantIds=nullptr, pConstantValues=nullptr}}, phModule=0x27bd7d18, phBuildLog=0x27bfd818)
[2026-10-07 10:32:51.663] [thread-id: 124801241783488] [trace] zeModuleGetProperties(hModule, pModuleProperties)
[2026-10-07 10:32:51.663] [thread-id: 124801241783488] [trace] SUCCESS (ZE_RESULT_SUCCESS) in zeModuleGetProperties(hModule=0x27bd7d18, pModuleProperties={stype=0x7ffd02be7fd0, flags=0})
   <--- urProgramBuildExp(.hProgram = 0x27bc4a10, .numDevices = 1, .phDevices = 0x27bfca50 {0x27b82040}, .flags = 0, .pOptions = 0x27bfca70 ( -ze-opt-level=2)) -> UR_RESULT_SUCCESS;
   ---> urProgramRetain
   <--- urProgramRetain(.hProgram = 0x27bc4a10) -> UR_RESULT_SUCCESS;
   ---> urKernelCreate
[2026-10-07 10:32:51.663] [thread-id: 124801241783488] [trace] zeKernelCreate(hModule, desc, phKernel)
[2026-10-07 10:32:51.663] [thread-id: 124801241783488] [trace] SUCCESS (ZE_RESULT_SUCCESS) in zeKernelCreate(hModule=0x27bd7d18, desc={stype=0x7ffd02be86f0, flags=0, pKernelName="_ZTSZ4mainEUlN4sycl3_V12idILi1EEEE_"}, phKernel=0x27c14748)
[2026-10-07 10:32:51.663] [thread-id: 124801241783488] [trace] zeKernelGetName(hKernel, pSize, pName)
[2026-10-07 10:32:51.663] [thread-id: 124801241783488] [trace] SUCCESS (ZE_RESULT_SUCCESS) in zeKernelGetName(hKernel=0x27c14748, pSize=36, pName=nullptr)
[2026-10-07 10:32:51.663] [thread-id: 124801241783488] [trace] zeKernelGetName(hKernel, pSize, pName)
[2026-10-07 10:32:51.663] [thread-id: 124801241783488] [trace] SUCCESS (ZE_RESULT_SUCCESS) in zeKernelGetName(hKernel=0x27c14748, pSize=36, pName="_ZTSZ4mainEUlN4sycl3_V12idILi1EEEE_")
[2026-10-07 10:32:51.663] [thread-id: 124801241783488] [trace] zeKernelGetProperties(hKernel, pKernelProperties)
[2026-10-07 10:32:51.663] [thread-id: 124801241783488] [trace] SUCCESS (ZE_RESULT_SUCCESS) in zeKernelGetProperties(hKernel=0x27c14748, pKernelProperties={stype=0x27bf5b48, numKernelArgs=1, requiredGroupSizeX=0, requiredGroupSizeY=0, requiredGroupSizeZ=0, requiredNumSubGroups=0, requiredSubgroupSize=0, maxSubgroupSize=32, maxNumSubgroups=32, localMemSize=0, privateMemSize=0, spillMemSize=0, uuid={kid=0, mid=0}})
   <--- urKernelCreate(.hProgram = 0x27bc4a10, .pKernelName = 0x4131d2 (_ZTSZ4mainEUlN4sycl3_V12idILi1EEEE_), .phKernel = 0x7ffd02be8a10 (0x27c0fd40)) -> UR_RESULT_SUCCESS;
   ---> urKernelSetExecInfo
[2026-10-07 10:32:51.663] [thread-id: 124801241783488] [trace] zeKernelSetIndirectAccess(hKernel, flags)
[2026-10-07 10:32:51.663] [thread-id: 124801241783488] [trace] SUCCESS (ZE_RESULT_SUCCESS) in zeKernelSetIndirectAccess(hKernel=0x27c14748, flags=7)
   <--- urKernelSetExecInfo(.hKernel = 0x27c0fd40, .propName = UR_KERNEL_EXEC_INFO_USM_INDIRECT_ACCESS, .propSize = 1, .pProperties = nullptr, .pPropValue = 0x7ffd02be8a0f (true)) -> UR_RESULT_SUCCESS;
   ---> urKernelRetain
   <--- urKernelRetain(.hKernel = 0x27c0fd40) -> UR_RESULT_SUCCESS;
   ---> urKernelGetGroupInfo
   <--- urKernelGetGroupInfo(.hKernel = 0x27c0fd40, .hDevice = 0x27b82040, .propName = UR_KERNEL_GROUP_INFO_COMPILE_WORK_GROUP_SIZE, .propSize = 24, .pPropValue = {0, 0, 0}, .pPropSizeRet = nullptr) -> UR_RESULT_SUCCESS;
   ---> urEnqueueKernelLaunchWithArgsExp
[2026-10-07 10:32:51.663] [thread-id: 124801241783488] [trace] zeKernelSuggestGroupSize(hKernel, globalSizeX, globalSizeY, globalSizeZ, groupSizeX, groupSizeY, groupSizeZ)
[2026-10-07 10:32:51.663] [thread-id: 124801241783488] [trace] SUCCESS (ZE_RESULT_SUCCESS) in zeKernelSuggestGroupSize(hKernel=0x27c14748, globalSizeX=16384, globalSizeY=1, globalSizeZ=1, groupSizeX=1024, groupSizeY=1, groupSizeZ=1)
[2026-10-07 10:32:51.663] [thread-id: 124801241783488] [trace] zeKernelSetGroupSize(hKernel, groupSizeX, groupSizeY, groupSizeZ)
[2026-10-07 10:32:51.663] [thread-id: 124801241783488] [trace] SUCCESS (ZE_RESULT_SUCCESS) in zeKernelSetGroupSize(hKernel=0x27c14748, groupSizeX=1024, groupSizeY=1, groupSizeZ=1)
[2026-10-07 10:32:51.663] [thread-id: 124801241783488] [trace] zeCommandListAppendLaunchKernelWithArguments(hCommandList, hKernel, groupCounts, groupSizes, pArguments, pNext, hSignalEvent, numWaitEvents, phWaitEventsLocal)
[2026-10-07 10:32:51.664] [thread-id: 124801241783488] [trace] SUCCESS (ZE_RESULT_SUCCESS) in zeCommandListAppendLaunchKernelWithArguments(hCommandList=0x27b8ad88, hKernel=0x27c14748, groupCounts={groupCountX=16, groupCountY=1, groupCountZ=1}, groupSizes={groupSizeX=1024, groupSizeY=1, groupSizeZ=1}, pArguments=0x27c14e90, pNext=nullptr, hSignalEvent=0x27bd3c18, numWaitEvents=0, phWaitEvents=nullptr)
   <--- urEnqueueKernelLaunchWithArgsExp(.hQueue = 0x27b8a0a0, .hKernel = 0x27c0fd40, .workDim = 1, .pGlobalWorkOffset = nullptr, .pGlobalWorkSize = 0x7ffd02be91d0 (16384), .pLocalWorkSize = nullptr, .numArgs = 1, .pArgs = 0x27c108d0 {(struct ur_exp_kernel_arg_properties_t){.stype = UR_STRUCTURE_TYPE_EXP_KERNEL_ARG_PROPERTIES, .pNext = nullptr, .type = UR_EXP_KERNEL_ARG_TYPE_POINTER, .index = 0, .size = 8, .value = (union ur_exp_kernel_arg_value_t){.pointer = 0xffffffffff600000}}}, .launchPropList = nullptr, .numEventsInWaitList = 0, .phEventWaitList = nullptr, .phEvent = 0x7ffd02be8bf0 (0x27bd3600)) -> UR_RESULT_SUCCESS;
   ---> urEventWait
[2026-10-07 10:32:51.664] [thread-id: 124801241783488] [trace] zeEventHostSynchronize(hEvent, timeout)
[2026-10-07 10:32:51.664] [thread-id: 124801241783488] [trace] SUCCESS (ZE_RESULT_SUCCESS) in zeEventHostSynchronize(hEvent=0x27bd3c18, timeout=18446744073709551615)
   <--- urEventWait(.numEvents = 1, .phEventWaitList = 0x7ffd02be92f0 {0x27bd3600}) -> UR_RESULT_SUCCESS;
   ---> urEventRelease
   <--- urEventRelease(.hEvent = 0x27bd3600) -> UR_RESULT_SUCCESS;
   ---> urEnqueueUSMMemcpy
[2026-10-07 10:32:51.664] [thread-id: 124801241783488] [trace] zeCommandListAppendMemoryCopy(hCommandList, dstptr, srcptr, size, hSignalEvent, numWaitEvents, phWaitEventsLocal)
[2026-10-07 10:32:51.664] [thread-id: 124801241783488] [trace] SUCCESS (ZE_RESULT_SUCCESS) in zeCommandListAppendMemoryCopy(hCommandList=0x27b8ad88, dstptr=0x27bab8b0, srcptr=0xffffffffff600000, size=65536, hSignalEvent=0x27bd3c18, numWaitEvents=0, phWaitEvents=nullptr)
   <--- urEnqueueUSMMemcpy(.hQueue = 0x27b8a0a0, .blocking = 0, .pDst = 0x27bab8b0, .pSrc = 0xffffffffff600000, .size = 65536, .numEventsInWaitList = 0, .phEventWaitList = nullptr, .phEvent = 0x7ffd02be92a0 (0x27bd3600)) -> UR_RESULT_SUCCESS;
   ---> urEventWait
[2026-10-07 10:32:51.664] [thread-id: 124801241783488] [trace] zeEventHostSynchronize(hEvent, timeout)
[2026-10-07 10:32:51.664] [thread-id: 124801241783488] [trace] SUCCESS (ZE_RESULT_SUCCESS) in zeEventHostSynchronize(hEvent=0x27bd3c18, timeout=18446744073709551615)
   <--- urEventWait(.numEvents = 1, .phEventWaitList = 0x7ffd02be92f0 {0x27bd3600}) -> UR_RESULT_SUCCESS;
   ---> urEventRelease
   <--- urEventRelease(.hEvent = 0x27bd3600) -> UR_RESULT_SUCCESS;
   ---> urEnqueueUSMMemcpy
[2026-10-07 10:32:51.664] [thread-id: 124801241783488] [trace] zeCommandListAppendMemoryCopy(hCommandList, dstptr, srcptr, size, hSignalEvent, numWaitEvents, phWaitEventsLocal)
[2026-10-07 10:32:51.664] [thread-id: 124801241783488] [trace] SUCCESS (ZE_RESULT_SUCCESS) in zeCommandListAppendMemoryCopy(hCommandList=0x27b8ad88, dstptr=0xffffffffff600000, srcptr=0x27b9b8a0, size=65536, hSignalEvent=0x27bd3c18, numWaitEvents=0, phWaitEvents=nullptr)
   <--- urEnqueueUSMMemcpy(.hQueue = 0x27b8a0a0, .blocking = 0, .pDst = 0xffffffffff600000, .pSrc = 0x27b9b8a0, .size = 65536, .numEventsInWaitList = 0, .phEventWaitList = nullptr, .phEvent = 0x7ffd02be92a0 (0x27bd3600)) -> UR_RESULT_SUCCESS;
   ---> urEventWait
[2026-10-07 10:32:51.664] [thread-id: 124801241783488] [trace] zeEventHostSynchronize(hEvent, timeout)
[2026-10-07 10:32:51.664] [thread-id: 124801241783488] [trace] SUCCESS (ZE_RESULT_SUCCESS) in zeEventHostSynchronize(hEvent=0x27bd3c18, timeout=18446744073709551615)
   <--- urEventWait(.numEvents = 1, .phEventWaitList = 0x7ffd02be92f0 {0x27bd3600}) -> UR_RESULT_SUCCESS;
   ---> urEventRelease
   <--- urEventRelease(.hEvent = 0x27bd3600) -> UR_RESULT_SUCCESS;
   ---> urDeviceGetInfo
   <--- urDeviceGetInfo(.hDevice = 0x27b82040, .propName = UR_DEVICE_INFO_MAX_WORK_GROUPS_3D, .propSize = 24, .pPropValue = {4294967295, 4294967295, 4294967295}, .pPropSizeRet = nullptr) -> UR_RESULT_SUCCESS;
   ---> urKernelGetGroupInfo
   <--- urKernelGetGroupInfo(.hKernel = 0x27c0fd40, .hDevice = 0x27b82040, .propName = UR_KERNEL_GROUP_INFO_COMPILE_WORK_GROUP_SIZE, .propSize = 24, .pPropValue = {0, 0, 0}, .pPropSizeRet = nullptr) -> UR_RESULT_SUCCESS;
   ---> urEnqueueKernelLaunchWithArgsExp
[2026-10-07 10:32:51.664] [thread-id: 124801241783488] [trace] zeKernelSuggestGroupSize(hKernel, globalSizeX, globalSizeY, globalSizeZ, groupSizeX, groupSizeY, groupSizeZ)
[2026-10-07 10:32:51.664] [thread-id: 124801241783488] [trace] SUCCESS (ZE_RESULT_SUCCESS) in zeKernelSuggestGroupSize(hKernel=0x27c14748, globalSizeX=16384, globalSizeY=1, globalSizeZ=1, groupSizeX=1024, groupSizeY=1, groupSizeZ=1)
[2026-10-07 10:32:51.664] [thread-id: 124801241783488] [trace] zeKernelSetGroupSize(hKernel, groupSizeX, groupSizeY, groupSizeZ)
[2026-10-07 10:32:51.664] [thread-id: 124801241783488] [trace] SUCCESS (ZE_RESULT_SUCCESS) in zeKernelSetGroupSize(hKernel=0x27c14748, groupSizeX=1024, groupSizeY=1, groupSizeZ=1)
[2026-10-07 10:32:51.664] [thread-id: 124801241783488] [trace] zeCommandListAppendLaunchKernelWithArguments(hCommandList, hKernel, groupCounts, groupSizes, pArguments, pNext, hSignalEvent, numWaitEvents, phWaitEventsLocal)
[2026-10-07 10:32:51.665] [thread-id: 124801241783488] [trace] SUCCESS (ZE_RESULT_SUCCESS) in zeCommandListAppendLaunchKernelWithArguments(hCommandList=0x27b8ad88, hKernel=0x27c14748, groupCounts={groupCountX=16, groupCountY=1, groupCountZ=1}, groupSizes={groupSizeX=1024, groupSizeY=1, groupSizeZ=1}, pArguments=0x27c14e90, pNext=nullptr, hSignalEvent=0x27bd3c18, numWaitEvents=0, phWaitEvents=nullptr)
   <--- urEnqueueKernelLaunchWithArgsExp(.hQueue = 0x27b8a0a0, .hKernel = 0x27c0fd40, .workDim = 1, .pGlobalWorkOffset = nullptr, .pGlobalWorkSize = 0x7ffd02be91d0 (16384), .pLocalWorkSize = nullptr, .numArgs = 1, .pArgs = 0x27c108d0 {(struct ur_exp_kernel_arg_properties_t){.stype = UR_STRUCTURE_TYPE_EXP_KERNEL_ARG_PROPERTIES, .pNext = nullptr, .type = UR_EXP_KERNEL_ARG_TYPE_POINTER, .index = 0, .size = 8, .value = (union ur_exp_kernel_arg_value_t){.pointer = 0xffffffffff600000}}}, .launchPropList = nullptr, .numEventsInWaitList = 0, .phEventWaitList = nullptr, .phEvent = 0x7ffd02be8bf0 (0x27bd3600)) -> UR_RESULT_SUCCESS;
   ---> urEventWait
[2026-10-07 10:32:51.665] [thread-id: 124801241783488] [trace] zeEventHostSynchronize(hEvent, timeout)
[2026-10-07 10:32:51.665] [thread-id: 124801241783488] [trace] SUCCESS (ZE_RESULT_SUCCESS) in zeEventHostSynchronize(hEvent=0x27bd3c18, timeout=18446744073709551615)
   <--- urEventWait(.numEvents = 1, .phEventWaitList = 0x7ffd02be92f0 {0x27bd3600}) -> UR_RESULT_SUCCESS;
   ---> urEventRelease
   <--- urEventRelease(.hEvent = 0x27bd3600) -> UR_RESULT_SUCCESS;
   ---> urEnqueueUSMMemcpy
[2026-10-07 10:32:51.665] [thread-id: 124801241783488] [trace] zeCommandListAppendMemoryCopy(hCommandList, dstptr, srcptr, size, hSignalEvent, numWaitEvents, phWaitEventsLocal)
[2026-10-07 10:32:51.665] [thread-id: 124801241783488] [trace] SUCCESS (ZE_RESULT_SUCCESS) in zeCommandListAppendMemoryCopy(hCommandList=0x27b8ad88, dstptr=0x27bab8b0, srcptr=0xffffffffff600000, size=65536, hSignalEvent=0x27bd3c18, numWaitEvents=0, phWaitEvents=nullptr)
   <--- urEnqueueUSMMemcpy(.hQueue = 0x27b8a0a0, .blocking = 0, .pDst = 0x27bab8b0, .pSrc = 0xffffffffff600000, .size = 65536, .numEventsInWaitList = 0, .phEventWaitList = nullptr, .phEvent = 0x7ffd02be92a0 (0x27bd3600)) -> UR_RESULT_SUCCESS;
   ---> urEventWait
[2026-10-07 10:32:51.665] [thread-id: 124801241783488] [trace] zeEventHostSynchronize(hEvent, timeout)
[2026-10-07 10:32:51.665] [thread-id: 124801241783488] [trace] SUCCESS (ZE_RESULT_SUCCESS) in zeEventHostSynchronize(hEvent=0x27bd3c18, timeout=18446744073709551615)
   <--- urEventWait(.numEvents = 1, .phEventWaitList = 0x7ffd02be92f0 {0x27bd3600}) -> UR_RESULT_SUCCESS;
   ---> urEventRelease
   <--- urEventRelease(.hEvent = 0x27bd3600) -> UR_RESULT_SUCCESS;
   ---> urEnqueueUSMMemcpy
[2026-10-07 10:32:51.665] [thread-id: 124801241783488] [trace] zeCommandListAppendMemoryCopy(hCommandList, dstptr, srcptr, size, hSignalEvent, numWaitEvents, phWaitEventsLocal)
[2026-10-07 10:32:51.665] [thread-id: 124801241783488] [trace] SUCCESS (ZE_RESULT_SUCCESS) in zeCommandListAppendMemoryCopy(hCommandList=0x27b8ad88, dstptr=0xffffffffff600000, srcptr=0x27b9b8a0, size=65536, hSignalEvent=0x27bd3c18, numWaitEvents=0, phWaitEvents=nullptr)
   <--- urEnqueueUSMMemcpy(.hQueue = 0x27b8a0a0, .blocking = 0, .pDst = 0xffffffffff600000, .pSrc = 0x27b9b8a0, .size = 65536, .numEventsInWaitList = 0, .phEventWaitList = nullptr, .phEvent = 0x7ffd02be92a0 (0x27bd3600)) -> UR_RESULT_SUCCESS;
   ---> urEventWait
[2026-10-07 10:32:51.665] [thread-id: 124801241783488] [trace] zeEventHostSynchronize(hEvent, timeout)
[2026-10-07 10:32:51.665] [thread-id: 124801241783488] [trace] SUCCESS (ZE_RESULT_SUCCESS) in zeEventHostSynchronize(hEvent=0x27bd3c18, timeout=18446744073709551615)
   <--- urEventWait(.numEvents = 1, .phEventWaitList = 0x7ffd02be92f0 {0x27bd3600}) -> UR_RESULT_SUCCESS;
   ---> urEventRelease
   <--- urEventRelease(.hEvent = 0x27bd3600) -> UR_RESULT_SUCCESS;
   ---> urDeviceGetInfo
   <--- urDeviceGetInfo(.hDevice = 0x27b82040, .propName = UR_DEVICE_INFO_MAX_WORK_GROUPS_3D, .propSize = 24, .pPropValue = {4294967295, 4294967295, 4294967295}, .pPropSizeRet = nullptr) -> UR_RESULT_SUCCESS;
   ---> urKernelGetGroupInfo
   <--- urKernelGetGroupInfo(.hKernel = 0x27c0fd40, .hDevice = 0x27b82040, .propName = UR_KERNEL_GROUP_INFO_COMPILE_WORK_GROUP_SIZE, .propSize = 24, .pPropValue = {0, 0, 0}, .pPropSizeRet = nullptr) -> UR_RESULT_SUCCESS;
   ---> urEnqueueKernelLaunchWithArgsExp
[2026-10-07 10:32:51.665] [thread-id: 124801241783488] [trace] zeKernelSuggestGroupSize(hKernel, globalSizeX, globalSizeY, globalSizeZ, groupSizeX, groupSizeY, groupSizeZ)
[2026-10-07 10:32:51.665] [thread-id: 124801241783488] [trace] SUCCESS (ZE_RESULT_SUCCESS) in zeKernelSuggestGroupSize(hKernel=0x27c14748, globalSizeX=16384, globalSizeY=1, globalSizeZ=1, groupSizeX=1024, groupSizeY=1, groupSizeZ=1)
[2026-10-07 10:32:51.665] [thread-id: 124801241783488] [trace] zeKernelSetGroupSize(hKernel, groupSizeX, groupSizeY, groupSizeZ)
[2026-10-07 10:32:51.665] [thread-id: 124801241783488] [trace] SUCCESS (ZE_RESULT_SUCCESS) in zeKernelSetGroupSize(hKernel=0x27c14748, groupSizeX=1024, groupSizeY=1, groupSizeZ=1)
[2026-10-07 10:32:51.665] [thread-id: 124801241783488] [trace] zeCommandListAppendLaunchKernelWithArguments(hCommandList, hKernel, groupCounts, groupSizes, pArguments, pNext, hSignalEvent, numWaitEvents, phWaitEventsLocal)
[2026-10-07 10:32:51.665] [thread-id: 124801241783488] [trace] SUCCESS (ZE_RESULT_SUCCESS) in zeCommandListAppendLaunchKernelWithArguments(hCommandList=0x27b8ad88, hKernel=0x27c14748, groupCounts={groupCountX=16, groupCountY=1, groupCountZ=1}, groupSizes={groupSizeX=1024, groupSizeY=1, groupSizeZ=1}, pArguments=0x27c14e90, pNext=nullptr, hSignalEvent=0x27bd3c18, numWaitEvents=0, phWaitEvents=nullptr)
   <--- urEnqueueKernelLaunchWithArgsExp(.hQueue = 0x27b8a0a0, .hKernel = 0x27c0fd40, .workDim = 1, .pGlobalWorkOffset = nullptr, .pGlobalWorkSize = 0x7ffd02be91d0 (16384), .pLocalWorkSize = nullptr, .numArgs = 1, .pArgs = 0x27c108d0 {(struct ur_exp_kernel_arg_properties_t){.stype = UR_STRUCTURE_TYPE_EXP_KERNEL_ARG_PROPERTIES, .pNext = nullptr, .type = UR_EXP_KERNEL_ARG_TYPE_POINTER, .index = 0, .size = 8, .value = (union ur_exp_kernel_arg_value_t){.pointer = 0xffffffffff600000}}}, .launchPropList = nullptr, .numEventsInWaitList = 0, .phEventWaitList = nullptr, .phEvent = 0x7ffd02be8bf0 (0x27bd3600)) -> UR_RESULT_SUCCESS;
   ---> urEventWait
[2026-10-07 10:32:51.665] [thread-id: 124801241783488] [trace] zeEventHostSynchronize(hEvent, timeout)
[2026-10-07 10:32:51.665] [thread-id: 124801241783488] [trace] SUCCESS (ZE_RESULT_SUCCESS) in zeEventHostSynchronize(hEvent=0x27bd3c18, timeout=18446744073709551615)
   <--- urEventWait(.numEvents = 1, .phEventWaitList = 0x7ffd02be92f0 {0x27bd3600}) -> UR_RESULT_SUCCESS;
   ---> urEventRelease
   <--- urEventRelease(.hEvent = 0x27bd3600) -> UR_RESULT_SUCCESS;
   ---> urEnqueueUSMMemcpy
[2026-10-07 10:32:51.665] [thread-id: 124801241783488] [trace] zeCommandListAppendMemoryCopy(hCommandList, dstptr, srcptr, size, hSignalEvent, numWaitEvents, phWaitEventsLocal)
[2026-10-07 10:32:51.665] [thread-id: 124801241783488] [trace] SUCCESS (ZE_RESULT_SUCCESS) in zeCommandListAppendMemoryCopy(hCommandList=0x27b8ad88, dstptr=0x27bab8b0, srcptr=0xffffffffff600000, size=65536, hSignalEvent=0x27bd3c18, numWaitEvents=0, phWaitEvents=nullptr)
   <--- urEnqueueUSMMemcpy(.hQueue = 0x27b8a0a0, .blocking = 0, .pDst = 0x27bab8b0, .pSrc = 0xffffffffff600000, .size = 65536, .numEventsInWaitList = 0, .phEventWaitList = nullptr, .phEvent = 0x7ffd02be92a0 (0x27bd3600)) -> UR_RESULT_SUCCESS;
   ---> urEventWait
[2026-10-07 10:32:51.665] [thread-id: 124801241783488] [trace] zeEventHostSynchronize(hEvent, timeout)
[2026-10-07 10:32:51.665] [thread-id: 124801241783488] [trace] SUCCESS (ZE_RESULT_SUCCESS) in zeEventHostSynchronize(hEvent=0x27bd3c18, timeout=18446744073709551615)
   <--- urEventWait(.numEvents = 1, .phEventWaitList = 0x7ffd02be92f0 {0x27bd3600}) -> UR_RESULT_SUCCESS;
   ---> urEventRelease
   <--- urEventRelease(.hEvent = 0x27bd3600) -> UR_RESULT_SUCCESS;
   ---> urQueueFinish
[2026-10-07 10:32:51.665] [thread-id: 124801241783488] [trace] zeCommandListHostSynchronize(hCommandList, timeout)
[2026-10-07 10:32:51.665] [thread-id: 124801241783488] [trace] SUCCESS (ZE_RESULT_SUCCESS) in zeCommandListHostSynchronize(hCommandList=0x27b8ad88, timeout=18446744073709551615)
   <--- urQueueFinish(.hQueue = 0x27b8a0a0) -> UR_RESULT_SUCCESS;
   ---> urUSMFree
   <--- urUSMFree(.hContext = 0x27b86b90, .pMem = 0xffffffffff600000) -> UR_RESULT_SUCCESS;
   ---> urQueueRelease
[2026-10-07 10:32:51.665] [thread-id: 124801241783488] [trace] zeCommandListHostSynchronize(hCommandList, timeout)
[2026-10-07 10:32:51.665] [thread-id: 124801241783488] [trace] SUCCESS (ZE_RESULT_SUCCESS) in zeCommandListHostSynchronize(hCommandList=0x27b8ad88, timeout=18446744073709551615)
   <--- urQueueRelease(.hQueue = 0x27b8a0a0) -> UR_RESULT_SUCCESS;
   ---> urProgramRelease
   <--- urProgramRelease(.hProgram = 0x27bc4a10) -> UR_RESULT_SUCCESS;
   ---> urKernelRelease
   <--- urKernelRelease(.hKernel = 0x27c0fd40) -> UR_RESULT_SUCCESS;
   ---> urProgramRelease
   <--- urProgramRelease(.hProgram = 0x27bc4a10) -> UR_RESULT_SUCCESS;
   ---> urKernelRelease
[2026-10-07 10:32:51.666] [thread-id: 124801241783488] [trace] zeKernelDestroy(hKernel)
[2026-10-07 10:32:51.666] [thread-id: 124801241783488] [trace] SUCCESS (ZE_RESULT_SUCCESS) in zeKernelDestroy(hKernel=0x27c14748)
[2026-10-07 10:32:51.666] [thread-id: 124801241783488] [trace] zeModuleBuildLogDestroy(hModuleBuildLog)
[2026-10-07 10:32:51.666] [thread-id: 124801241783488] [trace] SUCCESS (ZE_RESULT_SUCCESS) in zeModuleBuildLogDestroy(hModuleBuildLog=0x27bfd818)
[2026-10-07 10:32:51.666] [thread-id: 124801241783488] [trace] zeModuleDestroy(hModule)
[2026-10-07 10:32:51.666] [thread-id: 124801241783488] [trace] SUCCESS (ZE_RESULT_SUCCESS) in zeModuleDestroy(hModule=0x27bd7d18)
   <--- urKernelRelease(.hKernel = 0x27c0fd40) -> UR_RESULT_SUCCESS;
   ---> urContextRelease
[2026-10-07 10:32:51.666] [thread-id: 124801241783488] [trace] zeMemFreeExt(hContext, pMemFreeDesc, ptr)
[2026-10-07 10:32:51.666] [thread-id: 124801241783488] [trace] SUCCESS (ZE_RESULT_SUCCESS) in zeMemFreeExt(hContext=0x27b83738, pMemFreeDesc={stype=0x7ffd02be9030, freePolicy=1}, ptr=0xffffffffff600000)
[2026-10-07 10:32:51.666] [thread-id: 124801241783488] [trace] zeEventDestroy(hEvent)
[2026-10-07 10:32:51.666] [thread-id: 124801241783488] [trace] SUCCESS (ZE_RESULT_SUCCESS) in zeEventDestroy(hEvent=0x27bbc528)
[2026-10-07 10:32:51.666] [thread-id: 124801241783488] [trace] zeEventDestroy(hEvent)
[2026-10-07 10:32:51.666] [thread-id: 124801241783488] [trace] SUCCESS (ZE_RESULT_SUCCESS) in zeEventDestroy(hEvent=0x27bbca68)
[2026-10-07 10:32:51.666] [thread-id: 124801241783488] [trace] zeEventDestroy(hEvent)
[2026-10-07 10:32:51.666] [thread-id: 124801241783488] [trace] SUCCESS (ZE_RESULT_SUCCESS) in zeEventDestroy(hEvent=0x27bbd168)
[2026-10-07 10:32:51.666] [thread-id: 124801241783488] [trace] zeEventDestroy(hEvent)
[2026-10-07 10:32:51.666] [thread-id: 124801241783488] [trace] SUCCESS (ZE_RESULT_SUCCESS) in zeEventDestroy(hEvent=0x27bbd6c8)
[2026-10-07 10:32:51.666] [thread-id: 124801241783488] [trace] zeEventDestroy(hEvent)
[2026-10-07 10:32:51.666] [thread-id: 124801241783488] [trace] SUCCESS (ZE_RESULT_SUCCESS) in zeEventDestroy(hEvent=0x27bbddc8)
[2026-10-07 10:32:51.666] [thread-id: 124801241783488] [trace] zeEventDestroy(hEvent)
[2026-10-07 10:32:51.666] [thread-id: 124801241783488] [trace] SUCCESS (ZE_RESULT_SUCCESS) in zeEventDestroy(hEvent=0x27bbe2d8)
[2026-10-07 10:32:51.666] [thread-id: 124801241783488] [trace] zeEventDestroy(hEvent)
[2026-10-07 10:32:51.666] [thread-id: 124801241783488] [trace] SUCCESS (ZE_RESULT_SUCCESS) in zeEventDestroy(hEvent=0x27bbe9d8)
[2026-10-07 10:32:51.666] [thread-id: 124801241783488] [trace] zeEventDestroy(hEvent)
[2026-10-07 10:32:51.666] [thread-id: 124801241783488] [trace] SUCCESS (ZE_RESULT_SUCCESS) in zeEventDestroy(hEvent=0x27bbeee8)
[2026-10-07 10:32:51.666] [thread-id: 124801241783488] [trace] zeEventDestroy(hEvent)
[2026-10-07 10:32:51.666] [thread-id: 124801241783488] [trace] SUCCESS (ZE_RESULT_SUCCESS) in zeEventDestroy(hEvent=0x27bbf5e8)
[2026-10-07 10:32:51.666] [thread-id: 124801241783488] [trace] zeEventDestroy(hEvent)
[2026-10-07 10:32:51.666] [thread-id: 124801241783488] [trace] SUCCESS (ZE_RESULT_SUCCESS) in zeEventDestroy(hEvent=0x27bbfb98)
[2026-10-07 10:32:51.666] [thread-id: 124801241783488] [trace] zeEventDestroy(hEvent)
[2026-10-07 10:32:51.666] [thread-id: 124801241783488] [trace] SUCCESS (ZE_RESULT_SUCCESS) in zeEventDestroy(hEvent=0x27bc0298)
[2026-10-07 10:32:51.666] [thread-id: 124801241783488] [trace] zeEventDestroy(hEvent)
[2026-10-07 10:32:51.666] [thread-id: 124801241783488] [trace] SUCCESS (ZE_RESULT_SUCCESS) in zeEventDestroy(hEvent=0x27bc07a8)
[2026-10-07 10:32:51.666] [thread-id: 124801241783488] [trace] zeEventDestroy(hEvent)
[2026-10-07 10:32:51.666] [thread-id: 124801241783488] [trace] SUCCESS (ZE_RESULT_SUCCESS) in zeEventDestroy(hEvent=0x27bc0ea8)
[2026-10-07 10:32:51.666] [thread-id: 124801241783488] [trace] zeEventDestroy(hEvent)
[2026-10-07 10:32:51.666] [thread-id: 124801241783488] [trace] SUCCESS (ZE_RESULT_SUCCESS) in zeEventDestroy(hEvent=0x27bc13b8)
[2026-10-07 10:32:51.666] [thread-id: 124801241783488] [trace] zeEventDestroy(hEvent)
[2026-10-07 10:32:51.666] [thread-id: 124801241783488] [trace] SUCCESS (ZE_RESULT_SUCCESS) in zeEventDestroy(hEvent=0x27bc1ab8)
[2026-10-07 10:32:51.666] [thread-id: 124801241783488] [trace] zeEventDestroy(hEvent)
[2026-10-07 10:32:51.666] [thread-id: 124801241783488] [trace] SUCCESS (ZE_RESULT_SUCCESS) in zeEventDestroy(hEvent=0x27bc20d8)
[2026-10-07 10:32:51.666] [thread-id: 124801241783488] [trace] zeEventDestroy(hEvent)
[2026-10-07 10:32:51.666] [thread-id: 124801241783488] [trace] SUCCESS (ZE_RESULT_SUCCESS) in zeEventDestroy(hEvent=0x27bc27d8)
[2026-10-07 10:32:51.666] [thread-id: 124801241783488] [trace] zeEventDestroy(hEvent)
[2026-10-07 10:32:51.666] [thread-id: 124801241783488] [trace] SUCCESS (ZE_RESULT_SUCCESS) in zeEventDestroy(hEvent=0x27bc2ce8)
[2026-10-07 10:32:51.666] [thread-id: 124801241783488] [trace] zeEventDestroy(hEvent)
[2026-10-07 10:32:51.667] [thread-id: 124801241783488] [trace] SUCCESS (ZE_RESULT_SUCCESS) in zeEventDestroy(hEvent=0x27bc33e8)
[2026-10-07 10:32:51.667] [thread-id: 124801241783488] [trace] zeEventDestroy(hEvent)
[2026-10-07 10:32:51.667] [thread-id: 124801241783488] [trace] SUCCESS (ZE_RESULT_SUCCESS) in zeEventDestroy(hEvent=0x27bc38f8)
[2026-10-07 10:32:51.667] [thread-id: 124801241783488] [trace] zeEventDestroy(hEvent)
[2026-10-07 10:32:51.667] [thread-id: 124801241783488] [trace] SUCCESS (ZE_RESULT_SUCCESS) in zeEventDestroy(hEvent=0x27bc3ff8)
[2026-10-07 10:32:51.667] [thread-id: 124801241783488] [trace] zeEventDestroy(hEvent)
[2026-10-07 10:32:51.667] [thread-id: 124801241783488] [trace] SUCCESS (ZE_RESULT_SUCCESS) in zeEventDestroy(hEvent=0x27bc4508)
[2026-10-07 10:32:51.667] [thread-id: 124801241783488] [trace] zeEventDestroy(hEvent)
[2026-10-07 10:32:51.667] [thread-id: 124801241783488] [trace] SUCCESS (ZE_RESULT_SUCCESS) in zeEventDestroy(hEvent=0x27bc4d48)
[2026-10-07 10:32:51.667] [thread-id: 124801241783488] [trace] zeEventDestroy(hEvent)
[2026-10-07 10:32:51.667] [thread-id: 124801241783488] [trace] SUCCESS (ZE_RESULT_SUCCESS) in zeEventDestroy(hEvent=0x27bc5258)
[2026-10-07 10:32:51.667] [thread-id: 124801241783488] [trace] zeEventDestroy(hEvent)
[2026-10-07 10:32:51.667] [thread-id: 124801241783488] [trace] SUCCESS (ZE_RESULT_SUCCESS) in zeEventDestroy(hEvent=0x27bc5958)
[2026-10-07 10:32:51.667] [thread-id: 124801241783488] [trace] zeEventDestroy(hEvent)
[2026-10-07 10:32:51.667] [thread-id: 124801241783488] [trace] SUCCESS (ZE_RESULT_SUCCESS) in zeEventDestroy(hEvent=0x27bc5e68)
[2026-10-07 10:32:51.667] [thread-id: 124801241783488] [trace] zeEventDestroy(hEvent)
[2026-10-07 10:32:51.667] [thread-id: 124801241783488] [trace] SUCCESS (ZE_RESULT_SUCCESS) in zeEventDestroy(hEvent=0x27bc6568)
[2026-10-07 10:32:51.667] [thread-id: 124801241783488] [trace] zeEventDestroy(hEvent)
[2026-10-07 10:32:51.667] [thread-id: 124801241783488] [trace] SUCCESS (ZE_RESULT_SUCCESS) in zeEventDestroy(hEvent=0x27bc6a78)
[2026-10-07 10:32:51.667] [thread-id: 124801241783488] [trace] zeEventDestroy(hEvent)
[2026-10-07 10:32:51.667] [thread-id: 124801241783488] [trace] SUCCESS (ZE_RESULT_SUCCESS) in zeEventDestroy(hEvent=0x27bc7178)
[2026-10-07 10:32:51.667] [thread-id: 124801241783488] [trace] zeEventDestroy(hEvent)
[2026-10-07 10:32:51.667] [thread-id: 124801241783488] [trace] SUCCESS (ZE_RESULT_SUCCESS) in zeEventDestroy(hEvent=0x27bc7688)
[2026-10-07 10:32:51.667] [thread-id: 124801241783488] [trace] zeEventDestroy(hEvent)
[2026-10-07 10:32:51.667] [thread-id: 124801241783488] [trace] SUCCESS (ZE_RESULT_SUCCESS) in zeEventDestroy(hEvent=0x27bc7d88)
[2026-10-07 10:32:51.667] [thread-id: 124801241783488] [trace] zeEventDestroy(hEvent)
[2026-10-07 10:32:51.667] [thread-id: 124801241783488] [trace] SUCCESS (ZE_RESULT_SUCCESS) in zeEventDestroy(hEvent=0x27bc84a8)
[2026-10-07 10:32:51.667] [thread-id: 124801241783488] [trace] zeEventDestroy(hEvent)
[2026-10-07 10:32:51.667] [thread-id: 124801241783488] [trace] SUCCESS (ZE_RESULT_SUCCESS) in zeEventDestroy(hEvent=0x27bc8ba8)
[2026-10-07 10:32:51.667] [thread-id: 124801241783488] [trace] zeEventDestroy(hEvent)
[2026-10-07 10:32:51.667] [thread-id: 124801241783488] [trace] SUCCESS (ZE_RESULT_SUCCESS) in zeEventDestroy(hEvent=0x27bc90b8)
[2026-10-07 10:32:51.667] [thread-id: 124801241783488] [trace] zeEventDestroy(hEvent)
[2026-10-07 10:32:51.667] [thread-id: 124801241783488] [trace] SUCCESS (ZE_RESULT_SUCCESS) in zeEventDestroy(hEvent=0x27bc97b8)
[2026-10-07 10:32:51.667] [thread-id: 124801241783488] [trace] zeEventDestroy(hEvent)
[2026-10-07 10:32:51.667] [thread-id: 124801241783488] [trace] SUCCESS (ZE_RESULT_SUCCESS) in zeEventDestroy(hEvent=0x27bc9cc8)
[2026-10-07 10:32:51.667] [thread-id: 124801241783488] [trace] zeEventDestroy(hEvent)
[2026-10-07 10:32:51.667] [thread-id: 124801241783488] [trace] SUCCESS (ZE_RESULT_SUCCESS) in zeEventDestroy(hEvent=0x27bca3c8)
[2026-10-07 10:32:51.667] [thread-id: 124801241783488] [trace] zeEventDestroy(hEvent)
[2026-10-07 10:32:51.667] [thread-id: 124801241783488] [trace] SUCCESS (ZE_RESULT_SUCCESS) in zeEventDestroy(hEvent=0x27bca8d8)
[2026-10-07 10:32:51.667] [thread-id: 124801241783488] [trace] zeEventDestroy(hEvent)
[2026-10-07 10:32:51.667] [thread-id: 124801241783488] [trace] SUCCESS (ZE_RESULT_SUCCESS) in zeEventDestroy(hEvent=0x27bcafd8)
[2026-10-07 10:32:51.667] [thread-id: 124801241783488] [trace] zeEventDestroy(hEvent)
[2026-10-07 10:32:51.667] [thread-id: 124801241783488] [trace] SUCCESS (ZE_RESULT_SUCCESS) in zeEventDestroy(hEvent=0x27bcb4e8)
[2026-10-07 10:32:51.667] [thread-id: 124801241783488] [trace] zeEventDestroy(hEvent)
[2026-10-07 10:32:51.667] [thread-id: 124801241783488] [trace] SUCCESS (ZE_RESULT_SUCCESS) in zeEventDestroy(hEvent=0x27bcbbe8)
[2026-10-07 10:32:51.667] [thread-id: 124801241783488] [trace] zeEventDestroy(hEvent)
[2026-10-07 10:32:51.667] [thread-id: 124801241783488] [trace] SUCCESS (ZE_RESULT_SUCCESS) in zeEventDestroy(hEvent=0x27bcc0f8)
[2026-10-07 10:32:51.667] [thread-id: 124801241783488] [trace] zeEventDestroy(hEvent)
[2026-10-07 10:32:51.667] [thread-id: 124801241783488] [trace] SUCCESS (ZE_RESULT_SUCCESS) in zeEventDestroy(hEvent=0x27bcc7f8)
[2026-10-07 10:32:51.667] [thread-id: 124801241783488] [trace] zeEventDestroy(hEvent)
[2026-10-07 10:32:51.667] [thread-id: 124801241783488] [trace] SUCCESS (ZE_RESULT_SUCCESS) in zeEventDestroy(hEvent=0x27bccd08)
[2026-10-07 10:32:51.667] [thread-id: 124801241783488] [trace] zeEventDestroy(hEvent)
[2026-10-07 10:32:51.667] [thread-id: 124801241783488] [trace] SUCCESS (ZE_RESULT_SUCCESS) in zeEventDestroy(hEvent=0x27bcd408)
[2026-10-07 10:32:51.667] [thread-id: 124801241783488] [trace] zeEventDestroy(hEvent)
[2026-10-07 10:32:51.667] [thread-id: 124801241783488] [trace] SUCCESS (ZE_RESULT_SUCCESS) in zeEventDestroy(hEvent=0x27bcd918)
[2026-10-07 10:32:51.667] [thread-id: 124801241783488] [trace] zeEventDestroy(hEvent)
[2026-10-07 10:32:51.667] [thread-id: 124801241783488] [trace] SUCCESS (ZE_RESULT_SUCCESS) in zeEventDestroy(hEvent=0x27bce018)
[2026-10-07 10:32:51.667] [thread-id: 124801241783488] [trace] zeEventDestroy(hEvent)
[2026-10-07 10:32:51.667] [thread-id: 124801241783488] [trace] SUCCESS (ZE_RESULT_SUCCESS) in zeEventDestroy(hEvent=0x27bce528)
[2026-10-07 10:32:51.667] [thread-id: 124801241783488] [trace] zeEventDestroy(hEvent)
[2026-10-07 10:32:51.667] [thread-id: 124801241783488] [trace] SUCCESS (ZE_RESULT_SUCCESS) in zeEventDestroy(hEvent=0x27bcec28)
[2026-10-07 10:32:51.667] [thread-id: 124801241783488] [trace] zeEventDestroy(hEvent)
[2026-10-07 10:32:51.667] [thread-id: 124801241783488] [trace] SUCCESS (ZE_RESULT_SUCCESS) in zeEventDestroy(hEvent=0x27bcf138)
[2026-10-07 10:32:51.667] [thread-id: 124801241783488] [trace] zeEventDestroy(hEvent)
[2026-10-07 10:32:51.667] [thread-id: 124801241783488] [trace] SUCCESS (ZE_RESULT_SUCCESS) in zeEventDestroy(hEvent=0x27bcfab8)
[2026-10-07 10:32:51.667] [thread-id: 124801241783488] [trace] zeEventDestroy(hEvent)
[2026-10-07 10:32:51.667] [thread-id: 124801241783488] [trace] SUCCESS (ZE_RESULT_SUCCESS) in zeEventDestroy(hEvent=0x27bcffc8)
[2026-10-07 10:32:51.667] [thread-id: 124801241783488] [trace] zeEventDestroy(hEvent)
[2026-10-07 10:32:51.667] [thread-id: 124801241783488] [trace] SUCCESS (ZE_RESULT_SUCCESS) in zeEventDestroy(hEvent=0x27bd06c8)
[2026-10-07 10:32:51.667] [thread-id: 124801241783488] [trace] zeEventDestroy(hEvent)
[2026-10-07 10:32:51.667] [thread-id: 124801241783488] [trace] SUCCESS (ZE_RESULT_SUCCESS) in zeEventDestroy(hEvent=0x27bd0bd8)
[2026-10-07 10:32:51.667] [thread-id: 124801241783488] [trace] zeEventDestroy(hEvent)
[2026-10-07 10:32:51.667] [thread-id: 124801241783488] [trace] SUCCESS (ZE_RESULT_SUCCESS) in zeEventDestroy(hEvent=0x27bd12d8)
[2026-10-07 10:32:51.667] [thread-id: 124801241783488] [trace] zeEventDestroy(hEvent)
[2026-10-07 10:32:51.667] [thread-id: 124801241783488] [trace] SUCCESS (ZE_RESULT_SUCCESS) in zeEventDestroy(hEvent=0x27bd17e8)
[2026-10-07 10:32:51.667] [thread-id: 124801241783488] [trace] zeEventDestroy(hEvent)
[2026-10-07 10:32:51.667] [thread-id: 124801241783488] [trace] SUCCESS (ZE_RESULT_SUCCESS) in zeEventDestroy(hEvent=0x27bd1ee8)
[2026-10-07 10:32:51.667] [thread-id: 124801241783488] [trace] zeEventDestroy(hEvent)
[2026-10-07 10:32:51.667] [thread-id: 124801241783488] [trace] SUCCESS (ZE_RESULT_SUCCESS) in zeEventDestroy(hEvent=0x27bd23f8)
[2026-10-07 10:32:51.667] [thread-id: 124801241783488] [trace] zeEventDestroy(hEvent)
[2026-10-07 10:32:51.667] [thread-id: 124801241783488] [trace] SUCCESS (ZE_RESULT_SUCCESS) in zeEventDestroy(hEvent=0x27bd2af8)
[2026-10-07 10:32:51.667] [thread-id: 124801241783488] [trace] zeEventDestroy(hEvent)
[2026-10-07 10:32:51.668] [thread-id: 124801241783488] [trace] SUCCESS (ZE_RESULT_SUCCESS) in zeEventDestroy(hEvent=0x27bd3008)
[2026-10-07 10:32:51.668] [thread-id: 124801241783488] [trace] zeEventDestroy(hEvent)
[2026-10-07 10:32:51.668] [thread-id: 124801241783488] [trace] SUCCESS (ZE_RESULT_SUCCESS) in zeEventDestroy(hEvent=0x27bd3708)
[2026-10-07 10:32:51.668] [thread-id: 124801241783488] [trace] zeEventDestroy(hEvent)
[2026-10-07 10:32:51.668] [thread-id: 124801241783488] [trace] SUCCESS (ZE_RESULT_SUCCESS) in zeEventDestroy(hEvent=0x27bd3c18)
[2026-10-07 10:32:51.668] [thread-id: 124801241783488] [trace] zeEventDestroy(hEvent)
[2026-10-07 10:32:51.668] [thread-id: 124801241783488] [trace] SUCCESS (ZE_RESULT_SUCCESS) in zeEventDestroy(hEvent=0x27bbba68)
[2026-10-07 10:32:51.668] [thread-id: 124801241783488] [trace] zeEventDestroy(hEvent)
[2026-10-07 10:32:51.668] [thread-id: 124801241783488] [trace] SUCCESS (ZE_RESULT_SUCCESS) in zeEventDestroy(hEvent=0x27bbbe08)
[2026-10-07 10:32:51.668] [thread-id: 124801241783488] [trace] zeCommandListDestroy(hCommandList)
[2026-10-07 10:32:51.668] [thread-id: 124801241783488] [trace] SUCCESS (ZE_RESULT_SUCCESS) in zeCommandListDestroy(hCommandList=0x27b8ad88)
[2026-10-07 10:32:51.668] [thread-id: 124801241783488] [trace] zeContextDestroy(hContext)
[2026-10-07 10:32:51.668] [thread-id: 124801241783488] [trace] SUCCESS (ZE_RESULT_SUCCESS) in zeContextDestroy(hContext=0x27b83738)
   <--- urContextRelease(.hContext = 0x27b86b90) -> UR_RESULT_SUCCESS;
   ---> urDeviceRelease
   <--- urDeviceRelease(.hDevice = 0x27b82040) -> UR_RESULT_SUCCESS;
   ---> urAdapterRelease
   <--- urAdapterRelease(.hAdapter = 0x27986700) -> UR_RESULT_SUCCESS;
