<LOADER>[DEBUG]: Logger loader initialized successfully!
<LOADER>[INFO]: loaded adapter 0x0x12425980 (/opt/intel/oneapi/compiler/2026.1/lib/libur_adapter_level_zero_v2.so.0) from /opt/intel/oneapi/compiler/2026.1/lib/libur_adapter_level_zero_v2.so.0
   ---> urAdapterGet
<LEVEL_ZERO>[DEBUG]: zeInit with flags value of 1
[2026-10-08 00:22:10.030] [thread-id: 124367440256192] [info] Loader Version 1.32.0  - No git SHA found, compiled outside git folder.
[2026-10-08 00:22:10.033] [thread-id: 124367440256192] [info] Validation Layer Enabled
[2026-10-08 00:22:10.033] [thread-id: 124367440256192] [info] zeInit succeeded
[2026-10-08 00:22:10.034] [thread-id: 124367440256192] [trace] zeInit(flags)
[2026-10-08 00:22:10.109] [thread-id: 124367440256192] [trace] SUCCESS (ZE_RESULT_SUCCESS) in zeInit(flags=1)
<LEVEL_ZERO>[DEBUG]: Level Zero Loader version: 1.32.0
<LEVEL_ZERO>[DEBUG]: zeInitDrivers with flags value of 1
[2026-10-08 00:22:10.110] [thread-id: 124367440256192] [trace] zeInitDrivers(pCount, phDrivers, desc)
[2026-10-08 00:22:10.110] [thread-id: 124367440256192] [trace] SUCCESS (ZE_RESULT_SUCCESS) in zeInitDrivers(pCount=1, phDrivers=nullptr, desc={stype=0x12424728, flags=1})
[2026-10-08 00:22:10.110] [thread-id: 124367440256192] [trace] zeInitDrivers(pCount, phDrivers, desc)
[2026-10-08 00:22:10.110] [thread-id: 124367440256192] [trace] SUCCESS (ZE_RESULT_SUCCESS) in zeInitDrivers(pCount=1, phDrivers=nullptr, desc={stype=0x12424728, flags=1})
[2026-10-08 00:22:10.110] [thread-id: 124367440256192] [trace] zeDriverGet(pCount, phDrivers)
[2026-10-08 00:22:10.110] [thread-id: 124367440256192] [trace] SUCCESS (ZE_RESULT_SUCCESS) in zeDriverGet(pCount=1, phDrivers=nullptr)
[2026-10-08 00:22:10.110] [thread-id: 124367440256192] [trace] zeDriverGet(pCount, phDrivers)
[2026-10-08 00:22:10.110] [thread-id: 124367440256192] [trace] SUCCESS (ZE_RESULT_SUCCESS) in zeDriverGet(pCount=1, phDrivers=0x1260a980)
[2026-10-08 00:22:10.110] [thread-id: 124367440256192] [trace] zeDeviceGet(hDriver, pCount, phDevices)
[2026-10-08 00:22:10.110] [thread-id: 124367440256192] [trace] SUCCESS (ZE_RESULT_SUCCESS) in zeDeviceGet(hDriver=0x1260a9c8, pCount=1, phDevices=nullptr)
[2026-10-08 00:22:10.110] [thread-id: 124367440256192] [trace] zeDeviceGet(hDriver, pCount, phDevices)
[2026-10-08 00:22:10.110] [thread-id: 124367440256192] [trace] SUCCESS (ZE_RESULT_SUCCESS) in zeDeviceGet(hDriver=0x1260a9c8, pCount=1, phDevices=0x126172b0)
[2026-10-08 00:22:10.110] [thread-id: 124367440256192] [trace] zeDeviceGetProperties(hDevice, pDeviceProperties)
[2026-10-08 00:22:10.110] [thread-id: 124367440256192] [trace] SUCCESS (ZE_RESULT_SUCCESS) in zeDeviceGetProperties(hDevice=0x1260af28, pDeviceProperties={stype=0x7ffea4de9fd0, type=0x7ffea4de9fe0, vendorId=32902, deviceId=57868, flags=8, subdeviceId=0, coreClockRate=2750, maxMemAllocSize=10132807680, maxHardwareContexts=65536, maxCommandQueuePriority=0, numThreadsPerEU=8, physicalEUSimdWidth=16, numEUsPerSubslice=8, numSubslicesPerSlice=4, numSlices=5, timerResolution=52, timestampValidBits=64, kernelTimestampValidBits=64, uuid={id=134}, name="Intel(R) Arc(TM) B570 Graphics"})
<LEVEL_ZERO>[DEBUG]: 
zesInit with flags value of 0

[2026-10-08 00:22:10.110] [thread-id: 124367440256192] [trace] zesInit(flags)
[2026-10-08 00:22:10.112] [thread-id: 124367440256192] [trace] SUCCESS (ZE_RESULT_SUCCESS) in zesInit(flags=0)
[2026-10-08 00:22:10.112] [thread-id: 124367440256192] [trace] zeDriverGet(pCount, phDrivers)
[2026-10-08 00:22:10.112] [thread-id: 124367440256192] [trace] SUCCESS (ZE_RESULT_SUCCESS) in zeDriverGet(pCount=1, phDrivers=nullptr)
[2026-10-08 00:22:10.112] [thread-id: 124367440256192] [trace] zeDriverGet(pCount, phDrivers)
[2026-10-08 00:22:10.112] [thread-id: 124367440256192] [trace] SUCCESS (ZE_RESULT_SUCCESS) in zeDriverGet(pCount=1, phDrivers=0x1261e340)
[2026-10-08 00:22:10.112] [thread-id: 124367440256192] [trace] zeInitDrivers(pCount, phDrivers, desc)
[2026-10-08 00:22:10.112] [thread-id: 124367440256192] [trace] SUCCESS (ZE_RESULT_SUCCESS) in zeInitDrivers(pCount=1, phDrivers=0x1261e410, desc={stype=0x12424728, flags=1})
[2026-10-08 00:22:10.112] [thread-id: 124367440256192] [trace] zeDriverGetProperties(hDriver, pDriverProperties)
[2026-10-08 00:22:10.112] [thread-id: 124367440256192] [trace] SUCCESS (ZE_RESULT_SUCCESS) in zeDriverGetProperties(hDriver=0x1260a9c8, pDriverProperties={stype=0x7ffea4de9f20, uuid={id=227}, driverVersion=17013219})
[2026-10-08 00:22:10.112] [thread-id: 124367440256192] [trace] zeDriverGetProperties(hDriver, pDriverProperties)
[2026-10-08 00:22:10.112] [thread-id: 124367440256192] [trace] SUCCESS (ZE_RESULT_SUCCESS) in zeDriverGetProperties(hDriver=0x1260a9c8, pDriverProperties={stype=0x7ffea4dea0f0, uuid={id=227}, driverVersion=17013219})
<LEVEL_ZERO>[DEBUG]: zeDriverHandle 0x1260a9c8 matched between zeDriverGet and zeInitDrivers. Not adding duplicate driver to list
<LEVEL_ZERO>[DEBUG]: 1 L0 Drivers found.
[2026-10-08 00:22:10.112] [thread-id: 124367440256192] [trace] zeDeviceGet(hDriver, pCount, phDevices)
[2026-10-08 00:22:10.112] [thread-id: 124367440256192] [trace] SUCCESS (ZE_RESULT_SUCCESS) in zeDeviceGet(hDriver=0x1260a9c8, pCount=1, phDevices=nullptr)
[2026-10-08 00:22:10.112] [thread-id: 124367440256192] [trace] zeDeviceGet(hDriver, pCount, phDevices)
[2026-10-08 00:22:10.112] [thread-id: 124367440256192] [trace] SUCCESS (ZE_RESULT_SUCCESS) in zeDeviceGet(hDriver=0x1260a9c8, pCount=1, phDevices=0x1261e6b0)
[2026-10-08 00:22:10.112] [thread-id: 124367440256192] [trace] zeDeviceGetProperties(hDevice, pDeviceProperties)
[2026-10-08 00:22:10.112] [thread-id: 124367440256192] [trace] SUCCESS (ZE_RESULT_SUCCESS) in zeDeviceGetProperties(hDevice=0x1260af28, pDeviceProperties={stype=0x7ffea4de9f20, type=0x7ffea4de9f30, vendorId=32902, deviceId=57868, flags=8, subdeviceId=0, coreClockRate=2750, maxMemAllocSize=10132807680, maxHardwareContexts=65536, maxCommandQueuePriority=0, numThreadsPerEU=8, physicalEUSimdWidth=16, numEUsPerSubslice=8, numSubslicesPerSlice=4, numSlices=5, timerResolution=52, timestampValidBits=64, kernelTimestampValidBits=64, uuid={id=134}, name="Intel(R) Arc(TM) B570 Graphics"})
[2026-10-08 00:22:10.112] [thread-id: 124367440256192] [trace] zeDriverGetApiVersion(hDriver, version)
[2026-10-08 00:22:10.112] [thread-id: 124367440256192] [trace] SUCCESS (ZE_RESULT_SUCCESS) in zeDriverGetApiVersion(hDriver=0x1260a9c8, version=65553)
[2026-10-08 00:22:10.113] [thread-id: 124367440256192] [trace] zeDriverGetExtensionProperties(hDriver, pCount, pExtensionProperties)
[2026-10-08 00:22:10.113] [thread-id: 124367440256192] [trace] SUCCESS (ZE_RESULT_SUCCESS) in zeDriverGetExtensionProperties(hDriver=0x1260a9c8, pCount=63, pExtensionProperties=nullptr)
[2026-10-08 00:22:10.113] [thread-id: 124367440256192] [trace] zeDriverGetExtensionProperties(hDriver, pCount, pExtensionProperties)
[2026-10-08 00:22:10.113] [thread-id: 124367440256192] [trace] SUCCESS (ZE_RESULT_SUCCESS) in zeDriverGetExtensionProperties(hDriver=0x1260a9c8, pCount=63, pExtensionProperties={name="ZE_extension_device_cache_line_size", version=65536})
[2026-10-08 00:22:10.113] [thread-id: 124367440256192] [trace] zeDriverGetExtensionFunctionAddress(hDriver, name, ppFunctionAddress)
[2026-10-08 00:22:10.113] [thread-id: 124367440256192] [trace] SUCCESS (ZE_RESULT_SUCCESS) in zeDriverGetExtensionFunctionAddress(hDriver=0x1260a9c8, name="zeIntelGetDriverVersionString", ppFunctionAddress=0x711c89431c00)
[2026-10-08 00:22:10.113] [thread-id: 124367440256192] [trace] zeDriverGetProperties(hDriver, pDriverProperties)
[2026-10-08 00:22:10.113] [thread-id: 124367440256192] [trace] SUCCESS (ZE_RESULT_SUCCESS) in zeDriverGetProperties(hDriver=0x1260a9c8, pDriverProperties={stype=0x7ffea4de9de0, uuid={id=227}, driverVersion=17013219})
<LEVEL_ZERO>[DEBUG]: Level Zero Driver version: 1.17.39395+14
[2026-10-08 00:22:10.113] [thread-id: 124367440256192] [trace] zeDriverGetExtensionFunctionAddress(hDriver, name, ppFunctionAddress)
[2026-10-08 00:22:10.113] [thread-id: 124367440256192] [trace] SUCCESS (ZE_RESULT_SUCCESS) in zeDriverGetExtensionFunctionAddress(hDriver=0x1260a9c8, name="zexDriverImportExternalPointer", ppFunctionAddress=0x711c8942ca40)
[2026-10-08 00:22:10.113] [thread-id: 124367440256192] [trace] zeDriverGetExtensionFunctionAddress(hDriver, name, ppFunctionAddress)
[2026-10-08 00:22:10.113] [thread-id: 124367440256192] [trace] SUCCESS (ZE_RESULT_SUCCESS) in zeDriverGetExtensionFunctionAddress(hDriver=0x1260a9c8, name="zexDriverReleaseImportedPointer", ppFunctionAddress=0x711c89434e30)
[2026-10-08 00:22:10.113] [thread-id: 124367440256192] [trace] zeDriverGetExtensionFunctionAddress(hDriver, name, ppFunctionAddress)
[2026-10-08 00:22:10.113] [thread-id: 124367440256192] [trace] SUCCESS (ZE_RESULT_SUCCESS) in zeDriverGetExtensionFunctionAddress(hDriver=0x1260a9c8, name="zeImageGetDeviceOffsetExp", ppFunctionAddress=0x711c89436190)
[2026-10-08 00:22:10.113] [thread-id: 124367440256192] [trace] zeDriverGetExtensionFunctionAddress(hDriver, name, ppFunctionAddress)
[2026-10-08 00:22:10.113] [thread-id: 124367440256192] [trace] SUCCESS (ZE_RESULT_SUCCESS) in zeDriverGetExtensionFunctionAddress(hDriver=0x1260a9c8, name="zeMemGetPitchFor2dImage", ppFunctionAddress=0x711c89438550)
[2026-10-08 00:22:10.113] [thread-id: 124367440256192] [trace] zeDriverGetExtensionFunctionAddress(hDriver, name, ppFunctionAddress)
[2026-10-08 00:22:10.113] [thread-id: 124367440256192] [trace] SUCCESS (ZE_RESULT_SUCCESS) in zeDriverGetExtensionFunctionAddress(hDriver=0x1260a9c8, name="zeGraphGetIdExt", ppFunctionAddress=0x711c89426dd0)
[2026-10-08 00:22:10.113] [thread-id: 124367440256192] [trace] zeDriverGetExtensionFunctionAddress(hDriver, name, ppFunctionAddress)
[2026-10-08 00:22:10.113] [thread-id: 124367440256192] [trace] SUCCESS (ZE_RESULT_SUCCESS) in zeDriverGetExtensionFunctionAddress(hDriver=0x1260a9c8, name="zeCommandListAppendHostFunction", ppFunctionAddress=0x711c8940a140)
[2026-10-08 00:22:10.113] [thread-id: 124367440256192] [trace] zesDriverGet(pCount, phDrivers)
[2026-10-08 00:22:10.113] [thread-id: 124367440256192] [trace] SUCCESS (ZE_RESULT_SUCCESS) in zesDriverGet(pCount=1, phDrivers=nullptr)
[2026-10-08 00:22:10.113] [thread-id: 124367440256192] [trace] zesDriverGet(pCount, phDrivers)
[2026-10-08 00:22:10.113] [thread-id: 124367440256192] [trace] SUCCESS (ZE_RESULT_SUCCESS) in zesDriverGet(pCount=1, phDrivers=0x1261f5b0)
[2026-10-08 00:22:10.113] [thread-id: 124367440256192] [trace] zesDriverGetDeviceByUuidExp(hDriver, uuid, phDevice, onSubdevice, subdeviceId)
[2026-10-08 00:22:10.113] [thread-id: 124367440256192] [trace] SUCCESS (ZE_RESULT_SUCCESS) in zesDriverGetDeviceByUuidExp(hDriver=0x1261b1c8, uuid={id=134}, phDevice=0x1244b058, onSubdevice=0, subdeviceId=0)
<LEVEL_ZERO>[DEBUG]: Initialized 1 platforms
   <--- urAdapterGet(.NumEntries = 0, .phAdapters = nullptr, .pNumAdapters = 0x7ffea4dea7f8 (1)) -> UR_RESULT_SUCCESS;
   ---> urAdapterGet
   <--- urAdapterGet(.NumEntries = 1, .phAdapters = 0x1261e690 {0x12424700}, .pNumAdapters = nullptr) -> UR_RESULT_SUCCESS;
   ---> urAdapterGetInfo
   <--- urAdapterGetInfo(.hAdapter = 0x12424700, .propName = UR_ADAPTER_INFO_BACKEND, .propSize = 4, .pPropValue = 0x7ffea4dea7ec (UR_BACKEND_LEVEL_ZERO), .pPropSizeRet = nullptr) -> UR_RESULT_SUCCESS;
   ---> urAdapterSetLoggerCallback
   <--- urAdapterSetLoggerCallback(.hAdapter = 0x12424700, .pfnLoggerCallback = 0x711c9020d420, .pUserData = nullptr, .level = UR_LOGGER_LEVEL_WARN) -> UR_RESULT_SUCCESS;
   ---> urPlatformGet
   <--- urPlatformGet(.hAdapter = 0x12424700, .NumEntries = 0, .phPlatforms = nullptr, .pNumPlatforms = 0x7ffea4dea72c (1)) -> UR_RESULT_SUCCESS;
   ---> urPlatformGet
   <--- urPlatformGet(.hAdapter = 0x12424700, .NumEntries = 1, .phPlatforms = 0x1261e690 {0x1261e810}, .pNumPlatforms = nullptr) -> UR_RESULT_SUCCESS;
   ---> urPlatformGetInfo
   <--- urPlatformGetInfo(.hPlatform = 0x1261e810, .propName = UR_PLATFORM_INFO_BACKEND, .propSize = 4, .pPropValue = 0x7ffea4dea73c (UR_BACKEND_LEVEL_ZERO), .pPropSizeRet = nullptr) -> UR_RESULT_SUCCESS;
   ---> urDeviceGet
[2026-10-08 00:22:10.113] [thread-id: 124367440256192] [trace] zeDeviceGet(hDriver, pCount, phDevices)
[2026-10-08 00:22:10.113] [thread-id: 124367440256192] [trace] SUCCESS (ZE_RESULT_SUCCESS) in zeDeviceGet(hDriver=0x1260a9c8, pCount=1, phDevices=nullptr)
[2026-10-08 00:22:10.113] [thread-id: 124367440256192] [trace] zeDeviceGet(hDriver, pCount, phDevices)
[2026-10-08 00:22:10.113] [thread-id: 124367440256192] [trace] SUCCESS (ZE_RESULT_SUCCESS) in zeDeviceGet(hDriver=0x1260a9c8, pCount=1, phDevices=0x12620000)
[2026-10-08 00:22:10.113] [thread-id: 124367440256192] [trace] zeDeviceGetProperties(hDevice, pDeviceProperties)
[2026-10-08 00:22:10.113] [thread-id: 124367440256192] [trace] SUCCESS (ZE_RESULT_SUCCESS) in zeDeviceGetProperties(hDevice=0x1260af28, pDeviceProperties={stype=0x126200e8, type=0x126200f8, vendorId=32902, deviceId=57868, flags=8, subdeviceId=0, coreClockRate=2750, maxMemAllocSize=10132807680, maxHardwareContexts=65536, maxCommandQueuePriority=0, numThreadsPerEU=8, physicalEUSimdWidth=16, numEUsPerSubslice=8, numSubslicesPerSlice=4, numSlices=5, timerResolution=19200000, timestampValidBits=64, kernelTimestampValidBits=64, uuid={id=134}, name="Intel(R) Arc(TM) B570 Graphics"})
[2026-10-08 00:22:10.113] [thread-id: 124367440256192] [trace] zeDeviceGetProperties(hDevice, pDeviceProperties)
[2026-10-08 00:22:10.113] [thread-id: 124367440256192] [trace] SUCCESS (ZE_RESULT_SUCCESS) in zeDeviceGetProperties(hDevice=0x1260af28, pDeviceProperties={stype=0x7ffea4de9d38, type=0x7ffea4de9d48, vendorId=32902, deviceId=57868, flags=8, subdeviceId=0, coreClockRate=2750, maxMemAllocSize=10132807680, maxHardwareContexts=65536, maxCommandQueuePriority=0, numThreadsPerEU=8, physicalEUSimdWidth=16, numEUsPerSubslice=8, numSubslicesPerSlice=4, numSlices=5, timerResolution=52, timestampValidBits=64, kernelTimestampValidBits=64, uuid={id=134}, name="Intel(R) Arc(TM) B570 Graphics"})
[2026-10-08 00:22:10.113] [thread-id: 124367440256192] [trace] zeDeviceGetCommandQueueGroupProperties(hDevice, pCount, pCommandQueueGroupProperties)
[2026-10-08 00:22:10.113] [thread-id: 124367440256192] [trace] SUCCESS (ZE_RESULT_SUCCESS) in zeDeviceGetCommandQueueGroupProperties(hDevice=0x1260af28, pCount=2, pCommandQueueGroupProperties=nullptr)
<LEVEL_ZERO>[INFO]: Number of queue groups = 2
[2026-10-08 00:22:10.113] [thread-id: 124367440256192] [trace] zeDeviceGetCommandQueueGroupProperties(hDevice, pCount, pCommandQueueGroupProperties)
[2026-10-08 00:22:10.113] [thread-id: 124367440256192] [trace] SUCCESS (ZE_RESULT_SUCCESS) in zeDeviceGetCommandQueueGroupProperties(hDevice=0x1260af28, pCount=2, pCommandQueueGroupProperties={stype=0x12424610, flags=7, maxMemoryFillPatternSize=18446744073709551615, numQueues=1})
<LEVEL_ZERO>[INFO]: main blitter/copy engine is available
<LEVEL_ZERO>[INFO]: link blitter/copy engines are not available
[2026-10-08 00:22:10.113] [thread-id: 124367440256192] [trace] zeDeviceGetSubDevices(hDevice, pCount, phSubdevices)
[2026-10-08 00:22:10.113] [thread-id: 124367440256192] [trace] SUCCESS (ZE_RESULT_SUCCESS) in zeDeviceGetSubDevices(hDevice=0x1260af28, pCount=0, phSubdevices=nullptr)
[2026-10-08 00:22:10.113] [thread-id: 124367440256192] [trace] zeDeviceGetSubDevices(hDevice, pCount, phSubdevices)
[2026-10-08 00:22:10.113] [thread-id: 124367440256192] [trace] SUCCESS (ZE_RESULT_SUCCESS) in zeDeviceGetSubDevices(hDevice=0x1260af28, pCount=0, phSubdevices=0x12620020)
[2026-10-08 00:22:10.113] [thread-id: 124367440256192] [trace] zeDeviceGetRootDevice(hDevice, phRootDevice)
[2026-10-08 00:22:10.113] [thread-id: 124367440256192] [trace] SUCCESS (ZE_RESULT_SUCCESS) in zeDeviceGetRootDevice(hDevice=0x1260af28, phRootDevice=0x7ffea4dea190)
[2026-10-08 00:22:10.113] [thread-id: 124367440256192] [trace] zeDeviceSynchronize(hDevice)
[2026-10-08 00:22:10.113] [thread-id: 124367440256192] [trace] SUCCESS (ZE_RESULT_SUCCESS) in zeDeviceSynchronize(hDevice=0x1260af28)
[2026-10-08 00:22:10.113] [thread-id: 124367440256192] [trace] zeDeviceGetRootDevice(hDevice, phRootDevice)
[2026-10-08 00:22:10.113] [thread-id: 124367440256192] [trace] SUCCESS (ZE_RESULT_SUCCESS) in zeDeviceGetRootDevice(hDevice=0x1260af28, phRootDevice=0x7ffea4dea280)
   <--- urDeviceGet(.hPlatform = 0x1261e810, .DeviceType = UR_DEVICE_TYPE_ALL, .NumEntries = 0, .phDevices = nullptr, .pNumDevices = 0x7ffea4dea6ac (1)) -> UR_RESULT_SUCCESS;
   ---> urDeviceGet
[2026-10-08 00:22:10.113] [thread-id: 124367440256192] [trace] zeDeviceGetRootDevice(hDevice, phRootDevice)
[2026-10-08 00:22:10.113] [thread-id: 124367440256192] [trace] SUCCESS (ZE_RESULT_SUCCESS) in zeDeviceGetRootDevice(hDevice=0x1260af28, phRootDevice=0x7ffea4dea280)
   <--- urDeviceGet(.hPlatform = 0x1261e810, .DeviceType = UR_DEVICE_TYPE_ALL, .NumEntries = 1, .phDevices = 0x12620000 {0x12620040}, .pNumDevices = nullptr) -> UR_RESULT_SUCCESS;
   ---> urPlatformGetInfo
   <--- urPlatformGetInfo(.hPlatform = 0x1261e810, .propName = UR_PLATFORM_INFO_VERSION, .propSize = 0, .pPropValue = nullptr, .pPropSizeRet = 0x7ffea4dea280 (5)) -> UR_RESULT_SUCCESS;
   ---> urPlatformGetInfo
   <--- urPlatformGetInfo(.hPlatform = 0x1261e810, .propName = UR_PLATFORM_INFO_VERSION, .propSize = 5, .pPropValue = 0x7ffea4dea3e8 (1.17), .pPropSizeRet = nullptr) -> UR_RESULT_SUCCESS;
   ---> urPlatformGetInfo
   <--- urPlatformGetInfo(.hPlatform = 0x1261e810, .propName = UR_PLATFORM_INFO_NAME, .propSize = 0, .pPropValue = nullptr, .pPropSizeRet = 0x7ffea4dea280 (51)) -> UR_RESULT_SUCCESS;
   ---> urPlatformGetInfo
   <--- urPlatformGetInfo(.hPlatform = 0x1261e810, .propName = UR_PLATFORM_INFO_NAME, .propSize = 51, .pPropValue = 0x12620710 (Intel(R) oneAPI Unified Runtime over Level-Zero V2), .pPropSizeRet = nullptr) -> UR_RESULT_SUCCESS;
   ---> urDeviceGetInfo
   <--- urDeviceGetInfo(.hDevice = 0x12620040, .propName = UR_DEVICE_INFO_PARENT_DEVICE, .propSize = 8, .pPropValue = 0x7ffea4dea240 (nullptr), .pPropSizeRet = nullptr) -> UR_RESULT_SUCCESS;
   ---> urDeviceGetInfo
   <--- urDeviceGetInfo(.hDevice = 0x12620040, .propName = UR_DEVICE_INFO_TYPE, .propSize = 4, .pPropValue = 0x7ffea4dea1e0 (UR_DEVICE_TYPE_GPU), .pPropSizeRet = nullptr) -> UR_RESULT_SUCCESS;
   ---> urDeviceGetInfo
   <--- urDeviceGetInfo(.hDevice = 0x12620040, .propName = UR_DEVICE_INFO_USE_NATIVE_ASSERT, .propSize = 1, .pPropValue = 0x7ffea4dea1e0 (true), .pPropSizeRet = nullptr) -> UR_RESULT_SUCCESS;
   ---> urDeviceGetInfo
[2026-10-08 00:22:10.114] [thread-id: 124367440256192] [trace] zeDeviceGetModuleProperties(hDevice, pModuleProperties)
[2026-10-08 00:22:10.114] [thread-id: 124367440256192] [trace] SUCCESS (ZE_RESULT_SUCCESS) in zeDeviceGetModuleProperties(hDevice=0x1260af28, pModuleProperties={stype=0x12620360, spirvVersionSupported=65541, flags=15, fp16flags=63, fp32flags=127, fp64flags=127, maxArgumentsSize=2048, printfBufferSize=4194304, nativeKernelSupported={id=0}})
[2026-10-08 00:22:10.114] [thread-id: 124367440256192] [trace] zeDeviceGetImageProperties(hDevice, pImageProperties)
[2026-10-08 00:22:10.114] [thread-id: 124367440256192] [trace] SUCCESS (ZE_RESULT_SUCCESS) in zeDeviceGetImageProperties(hDevice=0x1260af28, pImageProperties={stype=0x12620300, maxImageDims1D=16384, maxImageDims2D=16384, maxImageDims3D=2048, maxImageBufferSize=633300480, maxImageArraySlices=2048, maxSamplers=16, maxReadImageArgs=128, maxWriteImageArgs=128})
   <--- urDeviceGetInfo(.hDevice = 0x12620040, .propName = UR_DEVICE_INFO_EXTENSIONS, .propSize = 0, .pPropValue = nullptr, .pPropSizeRet = 0x7ffea4dea168 (245)) -> UR_RESULT_SUCCESS;
   ---> urDeviceGetInfo
   <--- urDeviceGetInfo(.hDevice = 0x12620040, .propName = UR_DEVICE_INFO_EXTENSIONS, .propSize = 245, .pPropValue = 0x124da740 (cl_khr_il_program cl_khr_subgroups cl_intel_subgroups cl_intel_subgroups_short cl_intel_required_subgroup_size cl_khr_fp16 cl_khr_fp64 cl_khr_int64_base_atomics cl_khr_int64_extended_atomics cl_khr_3d_image_writes cl_intel_bfloat16_conversions ), .pPropSizeRet = nullptr) -> UR_RESULT_SUCCESS;
   ---> urDeviceRetain
   <--- urDeviceRetain(.hDevice = 0x12620040) -> UR_RESULT_SUCCESS;
   ---> urDeviceGetInfo
   <--- urDeviceGetInfo(.hDevice = 0x12620040, .propName = UR_DEVICE_INFO_TYPE, .propSize = 4, .pPropValue = 0x7ffea4dea35c (UR_DEVICE_TYPE_GPU), .pPropSizeRet = nullptr) -> UR_RESULT_SUCCESS;
   ---> urDeviceGetInfo
   <--- urDeviceGetInfo(.hDevice = 0x12620040, .propName = UR_DEVICE_INFO_VENDOR_ID, .propSize = 4, .pPropValue = 0x7ffea4dea3d8 (32902), .pPropSizeRet = nullptr) -> UR_RESULT_SUCCESS;
   ---> urDeviceGetInfo
   <--- urDeviceGetInfo(.hDevice = 0x12620040, .propName = UR_DEVICE_INFO_DRIVER_VERSION, .propSize = 0, .pPropValue = nullptr, .pPropSizeRet = 0x7ffea4dea280 (14)) -> UR_RESULT_SUCCESS;
   ---> urDeviceGetInfo
   <--- urDeviceGetInfo(.hDevice = 0x12620040, .propName = UR_DEVICE_INFO_DRIVER_VERSION, .propSize = 14, .pPropValue = 0x7ffea4dea3a8 (1.17.39395+14), .pPropSizeRet = nullptr) -> UR_RESULT_SUCCESS;
   ---> urDeviceGetInfo
   <--- urDeviceGetInfo(.hDevice = 0x12620040, .propName = UR_DEVICE_INFO_NAME, .propSize = 0, .pPropValue = nullptr, .pPropSizeRet = 0x7ffea4dea1c0 (31)) -> UR_RESULT_SUCCESS;
   ---> urDeviceGetInfo
   <--- urDeviceGetInfo(.hDevice = 0x12620040, .propName = UR_DEVICE_INFO_NAME, .propSize = 31, .pPropValue = 0x1261ffd0 (Intel(R) Arc(TM) B570 Graphics), .pPropSizeRet = nullptr) -> UR_RESULT_SUCCESS;
   ---> urPlatformGetInfo
   <--- urPlatformGetInfo(.hPlatform = 0x1261e810, .propName = UR_PLATFORM_INFO_BACKEND, .propSize = 4, .pPropValue = 0x7ffea4dea59c (UR_BACKEND_LEVEL_ZERO), .pPropSizeRet = nullptr) -> UR_RESULT_SUCCESS;
   ---> urDeviceGetInfo
   <--- urDeviceGetInfo(.hDevice = 0x12620040, .propName = UR_DEVICE_INFO_TYPE, .propSize = 4, .pPropValue = 0x7ffea4dea594 (UR_DEVICE_TYPE_GPU), .pPropSizeRet = nullptr) -> UR_RESULT_SUCCESS;
   ---> urDeviceRelease
   <--- urDeviceRelease(.hDevice = 0x12620040) -> UR_RESULT_SUCCESS;
   ---> urDeviceGetInfo
   <--- urDeviceGetInfo(.hDevice = 0x12620040, .propName = UR_DEVICE_INFO_SUPPORTED_PARTITIONS, .propSize = 0, .pPropValue = nullptr, .pPropSizeRet = 0x7ffea4dea588 (0)) -> UR_RESULT_SUCCESS;
   ---> urDeviceGet
[2026-10-08 00:22:10.114] [thread-id: 124367440256192] [trace] zeDeviceGetRootDevice(hDevice, phRootDevice)
[2026-10-08 00:22:10.114] [thread-id: 124367440256192] [trace] SUCCESS (ZE_RESULT_SUCCESS) in zeDeviceGetRootDevice(hDevice=0x1260af28, phRootDevice=0x7ffea4dea390)
   <--- urDeviceGet(.hPlatform = 0x1261e810, .DeviceType = UR_DEVICE_TYPE_ALL, .NumEntries = 0, .phDevices = nullptr, .pNumDevices = 0x7ffea4dea7bc (1)) -> UR_RESULT_SUCCESS;
   ---> urDeviceGet
[2026-10-08 00:22:10.114] [thread-id: 124367440256192] [trace] zeDeviceGetRootDevice(hDevice, phRootDevice)
[2026-10-08 00:22:10.114] [thread-id: 124367440256192] [trace] SUCCESS (ZE_RESULT_SUCCESS) in zeDeviceGetRootDevice(hDevice=0x1260af28, phRootDevice=0x7ffea4dea390)
   <--- urDeviceGet(.hPlatform = 0x1261e810, .DeviceType = UR_DEVICE_TYPE_ALL, .NumEntries = 1, .phDevices = 0x1261e6b0 {0x12620040}, .pNumDevices = nullptr) -> UR_RESULT_SUCCESS;
   ---> urPlatformGetInfo
   <--- urPlatformGetInfo(.hPlatform = 0x1261e810, .propName = UR_PLATFORM_INFO_VERSION, .propSize = 0, .pPropValue = nullptr, .pPropSizeRet = 0x7ffea4dea390 (5)) -> UR_RESULT_SUCCESS;
   ---> urPlatformGetInfo
   <--- urPlatformGetInfo(.hPlatform = 0x1261e810, .propName = UR_PLATFORM_INFO_VERSION, .propSize = 5, .pPropValue = 0x7ffea4dea4f8 (1.17), .pPropSizeRet = nullptr) -> UR_RESULT_SUCCESS;
   ---> urPlatformGetInfo
   <--- urPlatformGetInfo(.hPlatform = 0x1261e810, .propName = UR_PLATFORM_INFO_NAME, .propSize = 0, .pPropValue = nullptr, .pPropSizeRet = 0x7ffea4dea390 (51)) -> UR_RESULT_SUCCESS;
   ---> urPlatformGetInfo
   <--- urPlatformGetInfo(.hPlatform = 0x1261e810, .propName = UR_PLATFORM_INFO_NAME, .propSize = 51, .pPropValue = 0x12620c30 (Intel(R) oneAPI Unified Runtime over Level-Zero V2), .pPropSizeRet = nullptr) -> UR_RESULT_SUCCESS;
   ---> urDeviceGetInfo
   <--- urDeviceGetInfo(.hDevice = 0x12620040, .propName = UR_DEVICE_INFO_TYPE, .propSize = 4, .pPropValue = 0x7ffea4dea46c (UR_DEVICE_TYPE_GPU), .pPropSizeRet = nullptr) -> UR_RESULT_SUCCESS;
   ---> urDeviceGetInfo
   <--- urDeviceGetInfo(.hDevice = 0x12620040, .propName = UR_DEVICE_INFO_VENDOR_ID, .propSize = 4, .pPropValue = 0x7ffea4dea4e8 (32902), .pPropSizeRet = nullptr) -> UR_RESULT_SUCCESS;
   ---> urDeviceGetInfo
   <--- urDeviceGetInfo(.hDevice = 0x12620040, .propName = UR_DEVICE_INFO_DRIVER_VERSION, .propSize = 0, .pPropValue = nullptr, .pPropSizeRet = 0x7ffea4dea390 (14)) -> UR_RESULT_SUCCESS;
   ---> urDeviceGetInfo
   <--- urDeviceGetInfo(.hDevice = 0x12620040, .propName = UR_DEVICE_INFO_DRIVER_VERSION, .propSize = 14, .pPropValue = 0x7ffea4dea4b8 (1.17.39395+14), .pPropSizeRet = nullptr) -> UR_RESULT_SUCCESS;
   ---> urPlatformGetInfo
   <--- urPlatformGetInfo(.hPlatform = 0x1261e810, .propName = UR_PLATFORM_INFO_BACKEND, .propSize = 4, .pPropValue = 0x7ffea4dea6ac (UR_BACKEND_LEVEL_ZERO), .pPropSizeRet = nullptr) -> UR_RESULT_SUCCESS;
   ---> urDeviceGetInfo
   <--- urDeviceGetInfo(.hDevice = 0x12620040, .propName = UR_DEVICE_INFO_TYPE, .propSize = 4, .pPropValue = 0x7ffea4dea6a4 (UR_DEVICE_TYPE_GPU), .pPropSizeRet = nullptr) -> UR_RESULT_SUCCESS;
   ---> urDeviceRelease
   <--- urDeviceRelease(.hDevice = 0x12620040) -> UR_RESULT_SUCCESS;
   ---> urDeviceGetInfo
   <--- urDeviceGetInfo(.hDevice = 0x12620040, .propName = UR_DEVICE_INFO_SUPPORTED_PARTITIONS, .propSize = 0, .pPropValue = nullptr, .pPropSizeRet = 0x7ffea4dea698 (0)) -> UR_RESULT_SUCCESS;
   ---> urDeviceSelectBinary
   <--- urDeviceSelectBinary(.hDevice = 0x12620040, .pBinaries = 0x7ffea4dea6e0 ((struct ur_device_binary_t){.stype = UR_STRUCTURE_TYPE_CONTEXT_PROPERTIES, .pNext = nullptr, .pDeviceTargetSpec = 0x711c8ff8e3c0 (spir64)}), .NumBinaries = 1, .pSelectedBinary = 0x7ffea4dea704 (0)) -> UR_RESULT_SUCCESS;
   ---> urDeviceGet
[2026-10-08 00:22:10.114] [thread-id: 124367440256192] [trace] zeDeviceGetRootDevice(hDevice, phRootDevice)
[2026-10-08 00:22:10.114] [thread-id: 124367440256192] [trace] SUCCESS (ZE_RESULT_SUCCESS) in zeDeviceGetRootDevice(hDevice=0x1260af28, phRootDevice=0x7ffea4dea320)
   <--- urDeviceGet(.hPlatform = 0x1261e810, .DeviceType = UR_DEVICE_TYPE_ALL, .NumEntries = 0, .phDevices = nullptr, .pNumDevices = 0x7ffea4dea74c (1)) -> UR_RESULT_SUCCESS;
   ---> urDeviceGet
[2026-10-08 00:22:10.114] [thread-id: 124367440256192] [trace] zeDeviceGetRootDevice(hDevice, phRootDevice)
[2026-10-08 00:22:10.114] [thread-id: 124367440256192] [trace] SUCCESS (ZE_RESULT_SUCCESS) in zeDeviceGetRootDevice(hDevice=0x1260af28, phRootDevice=0x7ffea4dea320)
   <--- urDeviceGet(.hPlatform = 0x1261e810, .DeviceType = UR_DEVICE_TYPE_ALL, .NumEntries = 1, .phDevices = 0x12620d00 {0x12620040}, .pNumDevices = nullptr) -> UR_RESULT_SUCCESS;
   ---> urPlatformGetInfo
   <--- urPlatformGetInfo(.hPlatform = 0x1261e810, .propName = UR_PLATFORM_INFO_VERSION, .propSize = 0, .pPropValue = nullptr, .pPropSizeRet = 0x7ffea4dea320 (5)) -> UR_RESULT_SUCCESS;
   ---> urPlatformGetInfo
   <--- urPlatformGetInfo(.hPlatform = 0x1261e810, .propName = UR_PLATFORM_INFO_VERSION, .propSize = 5, .pPropValue = 0x7ffea4dea488 (1.17), .pPropSizeRet = nullptr) -> UR_RESULT_SUCCESS;
   ---> urPlatformGetInfo
   <--- urPlatformGetInfo(.hPlatform = 0x1261e810, .propName = UR_PLATFORM_INFO_NAME, .propSize = 0, .pPropValue = nullptr, .pPropSizeRet = 0x7ffea4dea320 (51)) -> UR_RESULT_SUCCESS;
   ---> urPlatformGetInfo
   <--- urPlatformGetInfo(.hPlatform = 0x1261e810, .propName = UR_PLATFORM_INFO_NAME, .propSize = 51, .pPropValue = 0x12620710 (Intel(R) oneAPI Unified Runtime over Level-Zero V2), .pPropSizeRet = nullptr) -> UR_RESULT_SUCCESS;
   ---> urDeviceGetInfo
   <--- urDeviceGetInfo(.hDevice = 0x12620040, .propName = UR_DEVICE_INFO_TYPE, .propSize = 4, .pPropValue = 0x7ffea4dea3fc (UR_DEVICE_TYPE_GPU), .pPropSizeRet = nullptr) -> UR_RESULT_SUCCESS;
   ---> urDeviceGetInfo
   <--- urDeviceGetInfo(.hDevice = 0x12620040, .propName = UR_DEVICE_INFO_VENDOR_ID, .propSize = 4, .pPropValue = 0x7ffea4dea478 (32902), .pPropSizeRet = nullptr) -> UR_RESULT_SUCCESS;
   ---> urDeviceGetInfo
   <--- urDeviceGetInfo(.hDevice = 0x12620040, .propName = UR_DEVICE_INFO_DRIVER_VERSION, .propSize = 0, .pPropValue = nullptr, .pPropSizeRet = 0x7ffea4dea320 (14)) -> UR_RESULT_SUCCESS;
   ---> urDeviceGetInfo
   <--- urDeviceGetInfo(.hDevice = 0x12620040, .propName = UR_DEVICE_INFO_DRIVER_VERSION, .propSize = 14, .pPropValue = 0x7ffea4dea448 (1.17.39395+14), .pPropSizeRet = nullptr) -> UR_RESULT_SUCCESS;
   ---> urPlatformGetInfo
   <--- urPlatformGetInfo(.hPlatform = 0x1261e810, .propName = UR_PLATFORM_INFO_BACKEND, .propSize = 4, .pPropValue = 0x7ffea4dea63c (UR_BACKEND_LEVEL_ZERO), .pPropSizeRet = nullptr) -> UR_RESULT_SUCCESS;
   ---> urDeviceGetInfo
   <--- urDeviceGetInfo(.hDevice = 0x12620040, .propName = UR_DEVICE_INFO_TYPE, .propSize = 4, .pPropValue = 0x7ffea4dea634 (UR_DEVICE_TYPE_GPU), .pPropSizeRet = nullptr) -> UR_RESULT_SUCCESS;
   ---> urDeviceRelease
   <--- urDeviceRelease(.hDevice = 0x12620040) -> UR_RESULT_SUCCESS;
   ---> urDeviceGetInfo
   <--- urDeviceGetInfo(.hDevice = 0x12620040, .propName = UR_DEVICE_INFO_SUPPORTED_PARTITIONS, .propSize = 0, .pPropValue = nullptr, .pPropSizeRet = 0x7ffea4dea628 (0)) -> UR_RESULT_SUCCESS;
   ---> urDeviceGet
[2026-10-08 00:22:10.115] [thread-id: 124367440256192] [trace] zeDeviceGetRootDevice(hDevice, phRootDevice)
[2026-10-08 00:22:10.115] [thread-id: 124367440256192] [trace] SUCCESS (ZE_RESULT_SUCCESS) in zeDeviceGetRootDevice(hDevice=0x1260af28, phRootDevice=0x7ffea4dea430)
   <--- urDeviceGet(.hPlatform = 0x1261e810, .DeviceType = UR_DEVICE_TYPE_GPU, .NumEntries = 0, .phDevices = nullptr, .pNumDevices = 0x7ffea4dea85c (1)) -> UR_RESULT_SUCCESS;
   ---> urDeviceGet
[2026-10-08 00:22:10.115] [thread-id: 124367440256192] [trace] zeDeviceGetRootDevice(hDevice, phRootDevice)
[2026-10-08 00:22:10.115] [thread-id: 124367440256192] [trace] SUCCESS (ZE_RESULT_SUCCESS) in zeDeviceGetRootDevice(hDevice=0x1260af28, phRootDevice=0x7ffea4dea430)
   <--- urDeviceGet(.hPlatform = 0x1261e810, .DeviceType = UR_DEVICE_TYPE_GPU, .NumEntries = 1, .phDevices = 0x12620d20 {0x12620040}, .pNumDevices = nullptr) -> UR_RESULT_SUCCESS;
   ---> urPlatformGetInfo
   <--- urPlatformGetInfo(.hPlatform = 0x1261e810, .propName = UR_PLATFORM_INFO_VERSION, .propSize = 0, .pPropValue = nullptr, .pPropSizeRet = 0x7ffea4dea430 (5)) -> UR_RESULT_SUCCESS;
   ---> urPlatformGetInfo
   <--- urPlatformGetInfo(.hPlatform = 0x1261e810, .propName = UR_PLATFORM_INFO_VERSION, .propSize = 5, .pPropValue = 0x7ffea4dea598 (1.17), .pPropSizeRet = nullptr) -> UR_RESULT_SUCCESS;
   ---> urPlatformGetInfo
   <--- urPlatformGetInfo(.hPlatform = 0x1261e810, .propName = UR_PLATFORM_INFO_NAME, .propSize = 0, .pPropValue = nullptr, .pPropSizeRet = 0x7ffea4dea430 (51)) -> UR_RESULT_SUCCESS;
   ---> urPlatformGetInfo
   <--- urPlatformGetInfo(.hPlatform = 0x1261e810, .propName = UR_PLATFORM_INFO_NAME, .propSize = 51, .pPropValue = 0x12620c30 (Intel(R) oneAPI Unified Runtime over Level-Zero V2), .pPropSizeRet = nullptr) -> UR_RESULT_SUCCESS;
   ---> urDeviceGetInfo
   <--- urDeviceGetInfo(.hDevice = 0x12620040, .propName = UR_DEVICE_INFO_TYPE, .propSize = 4, .pPropValue = 0x7ffea4dea50c (UR_DEVICE_TYPE_GPU), .pPropSizeRet = nullptr) -> UR_RESULT_SUCCESS;
   ---> urDeviceGetInfo
   <--- urDeviceGetInfo(.hDevice = 0x12620040, .propName = UR_DEVICE_INFO_VENDOR_ID, .propSize = 4, .pPropValue = 0x7ffea4dea588 (32902), .pPropSizeRet = nullptr) -> UR_RESULT_SUCCESS;
   ---> urDeviceGetInfo
   <--- urDeviceGetInfo(.hDevice = 0x12620040, .propName = UR_DEVICE_INFO_DRIVER_VERSION, .propSize = 0, .pPropValue = nullptr, .pPropSizeRet = 0x7ffea4dea430 (14)) -> UR_RESULT_SUCCESS;
   ---> urDeviceGetInfo
   <--- urDeviceGetInfo(.hDevice = 0x12620040, .propName = UR_DEVICE_INFO_DRIVER_VERSION, .propSize = 14, .pPropValue = 0x7ffea4dea558 (1.17.39395+14), .pPropSizeRet = nullptr) -> UR_RESULT_SUCCESS;
   ---> urPlatformGetInfo
   <--- urPlatformGetInfo(.hPlatform = 0x1261e810, .propName = UR_PLATFORM_INFO_BACKEND, .propSize = 4, .pPropValue = 0x7ffea4dea74c (UR_BACKEND_LEVEL_ZERO), .pPropSizeRet = nullptr) -> UR_RESULT_SUCCESS;
   ---> urDeviceGetInfo
   <--- urDeviceGetInfo(.hDevice = 0x12620040, .propName = UR_DEVICE_INFO_TYPE, .propSize = 4, .pPropValue = 0x7ffea4dea744 (UR_DEVICE_TYPE_GPU), .pPropSizeRet = nullptr) -> UR_RESULT_SUCCESS;
   ---> urDeviceRelease
   <--- urDeviceRelease(.hDevice = 0x12620040) -> UR_RESULT_SUCCESS;
   ---> urDeviceGetInfo
   <--- urDeviceGetInfo(.hDevice = 0x12620040, .propName = UR_DEVICE_INFO_SUPPORTED_PARTITIONS, .propSize = 0, .pPropValue = nullptr, .pPropSizeRet = 0x7ffea4dea738 (0)) -> UR_RESULT_SUCCESS;
   ---> urDeviceGetInfo
[2026-10-08 00:22:10.115] [thread-id: 124367440256192] [trace] zeDevicePciGetPropertiesExt(hDevice, pPciProperties)
[2026-10-08 00:22:10.115] [thread-id: 124367440256192] [trace] SUCCESS (ZE_RESULT_SUCCESS) in zeDevicePciGetPropertiesExt(hDevice=0x1260af28, pPciProperties={stype=0x7ffea4dea400, address={domain=0, bus=5, device=0, function=0}, maxSpeed={genVersion=4, width=8, maxBandwidth=15753846153}})
   <--- urDeviceGetInfo(.hDevice = 0x12620040, .propName = UR_DEVICE_INFO_PCI_ADDRESS, .propSize = 0, .pPropValue = nullptr, .pPropSizeRet = 0x7ffea4dea878 (13)) -> UR_RESULT_SUCCESS;
   ---> urDeviceGetInfo
[2026-10-08 00:22:10.115] [thread-id: 124367440256192] [trace] zeDevicePciGetPropertiesExt(hDevice, pPciProperties)
[2026-10-08 00:22:10.115] [thread-id: 124367440256192] [trace] SUCCESS (ZE_RESULT_SUCCESS) in zeDevicePciGetPropertiesExt(hDevice=0x1260af28, pPciProperties={stype=0x7ffea4dea510, address={domain=0, bus=5, device=0, function=0}, maxSpeed={genVersion=4, width=8, maxBandwidth=15753846153}})
   <--- urDeviceGetInfo(.hDevice = 0x12620040, .propName = UR_DEVICE_INFO_PCI_ADDRESS, .propSize = 0, .pPropValue = nullptr, .pPropSizeRet = 0x7ffea4dea980 (13)) -> UR_RESULT_SUCCESS;
   ---> urDeviceGetInfo
[2026-10-08 00:22:10.115] [thread-id: 124367440256192] [trace] zeDevicePciGetPropertiesExt(hDevice, pPciProperties)
[2026-10-08 00:22:10.115] [thread-id: 124367440256192] [trace] SUCCESS (ZE_RESULT_SUCCESS) in zeDevicePciGetPropertiesExt(hDevice=0x1260af28, pPciProperties={stype=0x7ffea4dea510, address={domain=0, bus=5, device=0, function=0}, maxSpeed={genVersion=4, width=8, maxBandwidth=15753846153}})
   <--- urDeviceGetInfo(.hDevice = 0x12620040, .propName = UR_DEVICE_INFO_PCI_ADDRESS, .propSize = 13, .pPropValue = 0x7ffea4dea9d0 (0000:05:00.0), .pPropSizeRet = nullptr) -> UR_RESULT_SUCCESS;
   ---> urDeviceGet
[2026-10-08 00:22:10.115] [thread-id: 124367440256192] [trace] zeDeviceGetRootDevice(hDevice, phRootDevice)
[2026-10-08 00:22:10.115] [thread-id: 124367440256192] [trace] SUCCESS (ZE_RESULT_SUCCESS) in zeDeviceGetRootDevice(hDevice=0x1260af28, phRootDevice=0x7ffea4dea330)
   <--- urDeviceGet(.hPlatform = 0x1261e810, .DeviceType = UR_DEVICE_TYPE_ALL, .NumEntries = 0, .phDevices = nullptr, .pNumDevices = 0x7ffea4dea75c (1)) -> UR_RESULT_SUCCESS;
   ---> urDeviceGet
[2026-10-08 00:22:10.115] [thread-id: 124367440256192] [trace] zeDeviceGetRootDevice(hDevice, phRootDevice)
[2026-10-08 00:22:10.116] [thread-id: 124367440256192] [trace] SUCCESS (ZE_RESULT_SUCCESS) in zeDeviceGetRootDevice(hDevice=0x1260af28, phRootDevice=0x7ffea4dea330)
   <--- urDeviceGet(.hPlatform = 0x1261e810, .DeviceType = UR_DEVICE_TYPE_ALL, .NumEntries = 1, .phDevices = 0x12620d40 {0x12620040}, .pNumDevices = nullptr) -> UR_RESULT_SUCCESS;
   ---> urPlatformGetInfo
   <--- urPlatformGetInfo(.hPlatform = 0x1261e810, .propName = UR_PLATFORM_INFO_VERSION, .propSize = 0, .pPropValue = nullptr, .pPropSizeRet = 0x7ffea4dea330 (5)) -> UR_RESULT_SUCCESS;
   ---> urPlatformGetInfo
   <--- urPlatformGetInfo(.hPlatform = 0x1261e810, .propName = UR_PLATFORM_INFO_VERSION, .propSize = 5, .pPropValue = 0x7ffea4dea498 (1.17), .pPropSizeRet = nullptr) -> UR_RESULT_SUCCESS;
   ---> urPlatformGetInfo
   <--- urPlatformGetInfo(.hPlatform = 0x1261e810, .propName = UR_PLATFORM_INFO_NAME, .propSize = 0, .pPropValue = nullptr, .pPropSizeRet = 0x7ffea4dea330 (51)) -> UR_RESULT_SUCCESS;
   ---> urPlatformGetInfo
   <--- urPlatformGetInfo(.hPlatform = 0x1261e810, .propName = UR_PLATFORM_INFO_NAME, .propSize = 51, .pPropValue = 0x12620c30 (Intel(R) oneAPI Unified Runtime over Level-Zero V2), .pPropSizeRet = nullptr) -> UR_RESULT_SUCCESS;
   ---> urDeviceGetInfo
   <--- urDeviceGetInfo(.hDevice = 0x12620040, .propName = UR_DEVICE_INFO_TYPE, .propSize = 4, .pPropValue = 0x7ffea4dea40c (UR_DEVICE_TYPE_GPU), .pPropSizeRet = nullptr) -> UR_RESULT_SUCCESS;
   ---> urDeviceGetInfo
   <--- urDeviceGetInfo(.hDevice = 0x12620040, .propName = UR_DEVICE_INFO_VENDOR_ID, .propSize = 4, .pPropValue = 0x7ffea4dea488 (32902), .pPropSizeRet = nullptr) -> UR_RESULT_SUCCESS;
   ---> urDeviceGetInfo
   <--- urDeviceGetInfo(.hDevice = 0x12620040, .propName = UR_DEVICE_INFO_DRIVER_VERSION, .propSize = 0, .pPropValue = nullptr, .pPropSizeRet = 0x7ffea4dea330 (14)) -> UR_RESULT_SUCCESS;
   ---> urDeviceGetInfo
   <--- urDeviceGetInfo(.hDevice = 0x12620040, .propName = UR_DEVICE_INFO_DRIVER_VERSION, .propSize = 14, .pPropValue = 0x7ffea4dea458 (1.17.39395+14), .pPropSizeRet = nullptr) -> UR_RESULT_SUCCESS;
   ---> urPlatformGetInfo
   <--- urPlatformGetInfo(.hPlatform = 0x1261e810, .propName = UR_PLATFORM_INFO_BACKEND, .propSize = 4, .pPropValue = 0x7ffea4dea64c (UR_BACKEND_LEVEL_ZERO), .pPropSizeRet = nullptr) -> UR_RESULT_SUCCESS;
   ---> urDeviceGetInfo
   <--- urDeviceGetInfo(.hDevice = 0x12620040, .propName = UR_DEVICE_INFO_TYPE, .propSize = 4, .pPropValue = 0x7ffea4dea644 (UR_DEVICE_TYPE_GPU), .pPropSizeRet = nullptr) -> UR_RESULT_SUCCESS;
   ---> urDeviceRelease
   <--- urDeviceRelease(.hDevice = 0x12620040) -> UR_RESULT_SUCCESS;
   ---> urDeviceGetInfo
   <--- urDeviceGetInfo(.hDevice = 0x12620040, .propName = UR_DEVICE_INFO_SUPPORTED_PARTITIONS, .propSize = 0, .pPropValue = nullptr, .pPropSizeRet = 0x7ffea4dea638 (0)) -> UR_RESULT_SUCCESS;
   ---> urDeviceGetInfo
[2026-10-08 00:22:10.116] [thread-id: 124367440256192] [trace] zeDeviceGetSubDevices(hDevice, pCount, phSubdevices)
[2026-10-08 00:22:10.116] [thread-id: 124367440256192] [trace] SUCCESS (ZE_RESULT_SUCCESS) in zeDeviceGetSubDevices(hDevice=0x1260af28, pCount=0, phSubdevices=nullptr)
   <--- urDeviceGetInfo(.hDevice = 0x12620040, .propName = UR_DEVICE_INFO_COMPONENT_DEVICES, .propSize = 0, .pPropValue = nullptr, .pPropSizeRet = 0x7ffea4dea450 (0)) -> UR_RESULT_SUCCESS;
   ---> urContextCreate
[2026-10-08 00:22:10.116] [thread-id: 124367440256192] [trace] zeContextCreate(hDriver, desc, phContext)
[2026-10-08 00:22:10.116] [thread-id: 124367440256192] [trace] SUCCESS (ZE_RESULT_SUCCESS) in zeContextCreate(hDriver=0x1260a9c8, desc={stype=0x7ffea4dea380, flags=0}, phContext=0x12621738)
[2026-10-08 00:22:10.116] [thread-id: 124367440256192] [trace] zeMemAllocHost(hContext, host_desc, size, alignment, pptr)
[2026-10-08 00:22:10.116] [thread-id: 124367440256192] [trace] SUCCESS (ZE_RESULT_SUCCESS) in zeMemAllocHost(hContext=0x12621738, host_desc={stype=0x7ffea4de9e00, flags=0}, size=1, alignment=0, pptr=0x711c7a9ffe00)
[2026-10-08 00:22:10.116] [thread-id: 124367440256192] [trace] zeMemGetAllocProperties(hContext, ptr, pMemAllocProperties, phDevice)
[2026-10-08 00:22:10.116] [thread-id: 124367440256192] [trace] SUCCESS (ZE_RESULT_SUCCESS) in zeMemGetAllocProperties(hContext=0x12621738, ptr=0x711c7a9ffe00, pMemAllocProperties={stype=0x7ffea4de9e00, type=0x7ffea4de9e10, id=1, pageSize=2097152}, phDevice=nullptr)
[2026-10-08 00:22:10.116] [thread-id: 124367440256192] [trace] zeMemFreeExt(hContext, pMemFreeDesc, ptr)
[2026-10-08 00:22:10.116] [thread-id: 124367440256192] [trace] SUCCESS (ZE_RESULT_SUCCESS) in zeMemFreeExt(hContext=0x12621738, pMemFreeDesc={stype=0x7ffea4de9de0, freePolicy=1}, ptr=0x711c7a9ffe00)
[2026-10-08 00:22:10.116] [thread-id: 124367440256192] [trace] zeDeviceGetProperties(hDevice, pDeviceProperties)
[2026-10-08 00:22:10.116] [thread-id: 124367440256192] [trace] SUCCESS (ZE_RESULT_SUCCESS) in zeDeviceGetProperties(hDevice=0x1260af28, pDeviceProperties={stype=0x711c7aec3068, type=0x711c7aec3078, vendorId=32902, deviceId=57868, flags=8, subdeviceId=0, coreClockRate=2750, maxMemAllocSize=10132807680, maxHardwareContexts=65536, maxCommandQueuePriority=0, numThreadsPerEU=8, physicalEUSimdWidth=16, numEUsPerSubslice=8, numSubslicesPerSlice=4, numSlices=5, timerResolution=52, timestampValidBits=64, kernelTimestampValidBits=64, uuid={id=134}, name="Intel(R) Arc(TM) B570 Graphics"})
[2026-10-08 00:22:10.116] [thread-id: 124367440256192] [trace] zeMemAllocDevice(hContext, device_desc, size, alignment, hDevice, pptr)
[2026-10-08 00:22:10.116] [thread-id: 124367440256192] [trace] SUCCESS (ZE_RESULT_SUCCESS) in zeMemAllocDevice(hContext=0x12621738, device_desc={stype=0x7ffea4de9dc0, flags=0, ordinal=0}, size=1, alignment=0, hDevice=0x1260af28, pptr=0xffffffffff9ffe00)
[2026-10-08 00:22:10.116] [thread-id: 124367440256192] [trace] zeContextMakeMemoryResident(hContext, hDevice, ptr, size)
[2026-10-08 00:22:10.117] [thread-id: 124367440256192] [trace] SUCCESS (ZE_RESULT_SUCCESS) in zeContextMakeMemoryResident(hContext=0x12621738, hDevice=0x1260af28, ptr=0xffffffffff9ffe00, size=1)
[2026-10-08 00:22:10.117] [thread-id: 124367440256192] [trace] zeMemGetAllocProperties(hContext, ptr, pMemAllocProperties, phDevice)
[2026-10-08 00:22:10.117] [thread-id: 124367440256192] [trace] SUCCESS (ZE_RESULT_SUCCESS) in zeMemGetAllocProperties(hContext=0x12621738, ptr=0xffffffffff9ffe00, pMemAllocProperties={stype=0x7ffea4de9e00, type=0x7ffea4de9e10, id=3, pageSize=65536}, phDevice=nullptr)
[2026-10-08 00:22:10.117] [thread-id: 124367440256192] [trace] zeMemFreeExt(hContext, pMemFreeDesc, ptr)
[2026-10-08 00:22:10.117] [thread-id: 124367440256192] [trace] SUCCESS (ZE_RESULT_SUCCESS) in zeMemFreeExt(hContext=0x12621738, pMemFreeDesc={stype=0x7ffea4de9de0, freePolicy=1}, ptr=0xffffffffff9ffe00)
[2026-10-08 00:22:10.117] [thread-id: 124367440256192] [trace] zeDeviceGetProperties(hDevice, pDeviceProperties)
[2026-10-08 00:22:10.117] [thread-id: 124367440256192] [trace] SUCCESS (ZE_RESULT_SUCCESS) in zeDeviceGetProperties(hDevice=0x1260af28, pDeviceProperties={stype=0x711c7aebb068, type=0x711c7aebb078, vendorId=32902, deviceId=57868, flags=8, subdeviceId=0, coreClockRate=2750, maxMemAllocSize=10132807680, maxHardwareContexts=65536, maxCommandQueuePriority=0, numThreadsPerEU=8, physicalEUSimdWidth=16, numEUsPerSubslice=8, numSubslicesPerSlice=4, numSlices=5, timerResolution=52, timestampValidBits=64, kernelTimestampValidBits=64, uuid={id=134}, name="Intel(R) Arc(TM) B570 Graphics"})
[2026-10-08 00:22:10.117] [thread-id: 124367440256192] [trace] zeMemAllocShared(hContext, device_desc, host_desc, size, alignment, hDevice, pptr)
[2026-10-08 00:22:10.117] [thread-id: 124367440256192] [trace] SUCCESS (ZE_RESULT_SUCCESS) in zeMemAllocShared(hContext=0x12621738, device_desc={stype=0x7ffea4de9e00, flags=0, ordinal=0}, host_desc={stype=0x7ffea4de9de0, flags=0}, size=1, alignment=0, hDevice=0x1260af28, pptr=0x711c7ab40000)
[2026-10-08 00:22:10.118] [thread-id: 124367440256192] [trace] zeMemGetAllocProperties(hContext, ptr, pMemAllocProperties, phDevice)
[2026-10-08 00:22:10.118] [thread-id: 124367440256192] [trace] SUCCESS (ZE_RESULT_SUCCESS) in zeMemGetAllocProperties(hContext=0x12621738, ptr=0x711c7ab40000, pMemAllocProperties={stype=0x7ffea4de9e00, type=0x7ffea4de9e10, id=5, pageSize=65536}, phDevice=nullptr)
[2026-10-08 00:22:10.118] [thread-id: 124367440256192] [trace] zeMemFreeExt(hContext, pMemFreeDesc, ptr)
[2026-10-08 00:22:10.118] [thread-id: 124367440256192] [trace] SUCCESS (ZE_RESULT_SUCCESS) in zeMemFreeExt(hContext=0x12621738, pMemFreeDesc={stype=0x7ffea4de9de0, freePolicy=1}, ptr=0x711c7ab40000)
[2026-10-08 00:22:10.118] [thread-id: 124367440256192] [trace] zeDeviceGetProperties(hDevice, pDeviceProperties)
[2026-10-08 00:22:10.118] [thread-id: 124367440256192] [trace] SUCCESS (ZE_RESULT_SUCCESS) in zeDeviceGetProperties(hDevice=0x1260af28, pDeviceProperties={stype=0x711c7ab4d068, type=0x711c7ab4d078, vendorId=32902, deviceId=57868, flags=8, subdeviceId=0, coreClockRate=2750, maxMemAllocSize=10132807680, maxHardwareContexts=65536, maxCommandQueuePriority=0, numThreadsPerEU=8, physicalEUSimdWidth=16, numEUsPerSubslice=8, numSubslicesPerSlice=4, numSlices=5, timerResolution=52, timestampValidBits=64, kernelTimestampValidBits=64, uuid={id=134}, name="Intel(R) Arc(TM) B570 Graphics"})
[2026-10-08 00:22:10.118] [thread-id: 124367440256192] [trace] zeMemAllocShared(hContext, device_desc, host_desc, size, alignment, hDevice, pptr)
[2026-10-08 00:22:10.118] [thread-id: 124367440256192] [trace] SUCCESS (ZE_RESULT_SUCCESS) in zeMemAllocShared(hContext=0x12621738, device_desc={stype=0x7ffea4de9e00, flags=0, ordinal=0}, host_desc={stype=0x7ffea4de9de0, flags=0}, size=1, alignment=0, hDevice=0x1260af28, pptr=0x711c7ab30000)
[2026-10-08 00:22:10.118] [thread-id: 124367440256192] [trace] zeMemGetAllocProperties(hContext, ptr, pMemAllocProperties, phDevice)
[2026-10-08 00:22:10.118] [thread-id: 124367440256192] [trace] SUCCESS (ZE_RESULT_SUCCESS) in zeMemGetAllocProperties(hContext=0x12621738, ptr=0x711c7ab30000, pMemAllocProperties={stype=0x7ffea4de9e00, type=0x7ffea4de9e10, id=6, pageSize=65536}, phDevice=nullptr)
[2026-10-08 00:22:10.118] [thread-id: 124367440256192] [trace] zeMemFreeExt(hContext, pMemFreeDesc, ptr)
[2026-10-08 00:22:10.118] [thread-id: 124367440256192] [trace] SUCCESS (ZE_RESULT_SUCCESS) in zeMemFreeExt(hContext=0x12621738, pMemFreeDesc={stype=0x7ffea4de9de0, freePolicy=1}, ptr=0x711c7ab30000)
[2026-10-08 00:22:10.118] [thread-id: 124367440256192] [trace] zeMemAllocHost(hContext, host_desc, size, alignment, pptr)
[2026-10-08 00:22:10.118] [thread-id: 124367440256192] [trace] SUCCESS (ZE_RESULT_SUCCESS) in zeMemAllocHost(hContext=0x12621738, host_desc={stype=0x7ffea4de9e00, flags=0}, size=1, alignment=0, pptr=0x711c7a9ffe00)
[2026-10-08 00:22:10.118] [thread-id: 124367440256192] [trace] zeMemGetAllocProperties(hContext, ptr, pMemAllocProperties, phDevice)
[2026-10-08 00:22:10.118] [thread-id: 124367440256192] [trace] SUCCESS (ZE_RESULT_SUCCESS) in zeMemGetAllocProperties(hContext=0x12621738, ptr=0x711c7a9ffe00, pMemAllocProperties={stype=0x7ffea4de9e00, type=0x7ffea4de9e10, id=1, pageSize=2097152}, phDevice=nullptr)
[2026-10-08 00:22:10.118] [thread-id: 124367440256192] [trace] zeMemFreeExt(hContext, pMemFreeDesc, ptr)
[2026-10-08 00:22:10.118] [thread-id: 124367440256192] [trace] SUCCESS (ZE_RESULT_SUCCESS) in zeMemFreeExt(hContext=0x12621738, pMemFreeDesc={stype=0x7ffea4de9de0, freePolicy=1}, ptr=0x711c7a9ffe00)
[2026-10-08 00:22:10.118] [thread-id: 124367440256192] [trace] zeDeviceGetProperties(hDevice, pDeviceProperties)
[2026-10-08 00:22:10.118] [thread-id: 124367440256192] [trace] SUCCESS (ZE_RESULT_SUCCESS) in zeDeviceGetProperties(hDevice=0x1260af28, pDeviceProperties={stype=0x711c7ab45068, type=0x711c7ab45078, vendorId=32902, deviceId=57868, flags=8, subdeviceId=0, coreClockRate=2750, maxMemAllocSize=10132807680, maxHardwareContexts=65536, maxCommandQueuePriority=0, numThreadsPerEU=8, physicalEUSimdWidth=16, numEUsPerSubslice=8, numSubslicesPerSlice=4, numSlices=5, timerResolution=52, timestampValidBits=64, kernelTimestampValidBits=64, uuid={id=134}, name="Intel(R) Arc(TM) B570 Graphics"})
[2026-10-08 00:22:10.118] [thread-id: 124367440256192] [trace] zeMemAllocDevice(hContext, device_desc, size, alignment, hDevice, pptr)
[2026-10-08 00:22:10.118] [thread-id: 124367440256192] [trace] SUCCESS (ZE_RESULT_SUCCESS) in zeMemAllocDevice(hContext=0x12621738, device_desc={stype=0x7ffea4de9dc0, flags=0, ordinal=0}, size=1, alignment=0, hDevice=0x1260af28, pptr=0xffffffffff9ffe00)
[2026-10-08 00:22:10.118] [thread-id: 124367440256192] [trace] zeContextMakeMemoryResident(hContext, hDevice, ptr, size)
[2026-10-08 00:22:10.118] [thread-id: 124367440256192] [trace] SUCCESS (ZE_RESULT_SUCCESS) in zeContextMakeMemoryResident(hContext=0x12621738, hDevice=0x1260af28, ptr=0xffffffffff9ffe00, size=1)
[2026-10-08 00:22:10.119] [thread-id: 124367440256192] [trace] zeMemGetAllocProperties(hContext, ptr, pMemAllocProperties, phDevice)
[2026-10-08 00:22:10.119] [thread-id: 124367440256192] [trace] SUCCESS (ZE_RESULT_SUCCESS) in zeMemGetAllocProperties(hContext=0x12621738, ptr=0xffffffffff9ffe00, pMemAllocProperties={stype=0x7ffea4de9e00, type=0x7ffea4de9e10, id=3, pageSize=65536}, phDevice=nullptr)
[2026-10-08 00:22:10.119] [thread-id: 124367440256192] [trace] zeMemFreeExt(hContext, pMemFreeDesc, ptr)
[2026-10-08 00:22:10.119] [thread-id: 124367440256192] [trace] SUCCESS (ZE_RESULT_SUCCESS) in zeMemFreeExt(hContext=0x12621738, pMemFreeDesc={stype=0x7ffea4de9de0, freePolicy=1}, ptr=0xffffffffff9ffe00)
[2026-10-08 00:22:10.119] [thread-id: 124367440256192] [trace] zeDeviceGetProperties(hDevice, pDeviceProperties)
[2026-10-08 00:22:10.119] [thread-id: 124367440256192] [trace] SUCCESS (ZE_RESULT_SUCCESS) in zeDeviceGetProperties(hDevice=0x1260af28, pDeviceProperties={stype=0x711c7ab38068, type=0x711c7ab38078, vendorId=32902, deviceId=57868, flags=8, subdeviceId=0, coreClockRate=2750, maxMemAllocSize=10132807680, maxHardwareContexts=65536, maxCommandQueuePriority=0, numThreadsPerEU=8, physicalEUSimdWidth=16, numEUsPerSubslice=8, numSubslicesPerSlice=4, numSlices=5, timerResolution=52, timestampValidBits=64, kernelTimestampValidBits=64, uuid={id=134}, name="Intel(R) Arc(TM) B570 Graphics"})
[2026-10-08 00:22:10.119] [thread-id: 124367440256192] [trace] zeMemAllocShared(hContext, device_desc, host_desc, size, alignment, hDevice, pptr)
[2026-10-08 00:22:10.119] [thread-id: 124367440256192] [trace] SUCCESS (ZE_RESULT_SUCCESS) in zeMemAllocShared(hContext=0x12621738, device_desc={stype=0x7ffea4de9e00, flags=0, ordinal=0}, host_desc={stype=0x7ffea4de9de0, flags=0}, size=1, alignment=0, hDevice=0x1260af28, pptr=0x711c7ab20000)
[2026-10-08 00:22:10.119] [thread-id: 124367440256192] [trace] zeMemGetAllocProperties(hContext, ptr, pMemAllocProperties, phDevice)
[2026-10-08 00:22:10.119] [thread-id: 124367440256192] [trace] SUCCESS (ZE_RESULT_SUCCESS) in zeMemGetAllocProperties(hContext=0x12621738, ptr=0x711c7ab20000, pMemAllocProperties={stype=0x7ffea4de9e00, type=0x7ffea4de9e10, id=9, pageSize=65536}, phDevice=nullptr)
[2026-10-08 00:22:10.119] [thread-id: 124367440256192] [trace] zeMemFreeExt(hContext, pMemFreeDesc, ptr)
[2026-10-08 00:22:10.119] [thread-id: 124367440256192] [trace] SUCCESS (ZE_RESULT_SUCCESS) in zeMemFreeExt(hContext=0x12621738, pMemFreeDesc={stype=0x7ffea4de9de0, freePolicy=1}, ptr=0x711c7ab20000)
[2026-10-08 00:22:10.119] [thread-id: 124367440256192] [trace] zeDeviceGetProperties(hDevice, pDeviceProperties)
[2026-10-08 00:22:10.119] [thread-id: 124367440256192] [trace] SUCCESS (ZE_RESULT_SUCCESS) in zeDeviceGetProperties(hDevice=0x1260af28, pDeviceProperties={stype=0x711c7ab34068, type=0x711c7ab34078, vendorId=32902, deviceId=57868, flags=8, subdeviceId=0, coreClockRate=2750, maxMemAllocSize=10132807680, maxHardwareContexts=65536, maxCommandQueuePriority=0, numThreadsPerEU=8, physicalEUSimdWidth=16, numEUsPerSubslice=8, numSubslicesPerSlice=4, numSlices=5, timerResolution=52, timestampValidBits=64, kernelTimestampValidBits=64, uuid={id=134}, name="Intel(R) Arc(TM) B570 Graphics"})
[2026-10-08 00:22:10.119] [thread-id: 124367440256192] [trace] zeMemAllocShared(hContext, device_desc, host_desc, size, alignment, hDevice, pptr)
[2026-10-08 00:22:10.119] [thread-id: 124367440256192] [trace] SUCCESS (ZE_RESULT_SUCCESS) in zeMemAllocShared(hContext=0x12621738, device_desc={stype=0x7ffea4de9e00, flags=0, ordinal=0}, host_desc={stype=0x7ffea4de9de0, flags=0}, size=1, alignment=0, hDevice=0x1260af28, pptr=0x711c7ab20000)
[2026-10-08 00:22:10.119] [thread-id: 124367440256192] [trace] zeMemGetAllocProperties(hContext, ptr, pMemAllocProperties, phDevice)
[2026-10-08 00:22:10.119] [thread-id: 124367440256192] [trace] SUCCESS (ZE_RESULT_SUCCESS) in zeMemGetAllocProperties(hContext=0x12621738, ptr=0x711c7ab20000, pMemAllocProperties={stype=0x7ffea4de9e00, type=0x7ffea4de9e10, id=10, pageSize=65536}, phDevice=nullptr)
[2026-10-08 00:22:10.119] [thread-id: 124367440256192] [trace] zeMemFreeExt(hContext, pMemFreeDesc, ptr)
[2026-10-08 00:22:10.120] [thread-id: 124367440256192] [trace] SUCCESS (ZE_RESULT_SUCCESS) in zeMemFreeExt(hContext=0x12621738, pMemFreeDesc={stype=0x7ffea4de9de0, freePolicy=1}, ptr=0x711c7ab20000)
   <--- urContextCreate(.DeviceCount = 1, .phDevices = 0x12620ce0 {0x12620040}, .pProperties = nullptr, .phContext = 0x12622c40 (0x12624b90)) -> UR_RESULT_SUCCESS;
   ---> urQueueCreate
<LEVEL_ZERO>[INFO]: Copy offload is disabled by the environment variable.
<LEVEL_ZERO>[DEBUG]: create command list ordinal: 0, type: immediate, device: 0x1260af28, inOrder: 1
[2026-10-08 00:22:10.120] [thread-id: 124367440256192] [trace] zeCommandListCreateImmediate(hContext, hDevice, altdesc, phCommandList)
[2026-10-08 00:22:10.121] [thread-id: 124367440256192] [trace] SUCCESS (ZE_RESULT_SUCCESS) in zeCommandListCreateImmediate(hContext=0x12621738, hDevice=0x1260af28, altdesc={stype=0x7ffea4dea300, ordinal=0, index=0, flags=2, mode=0x7ffea4dea31c, priority=0x7ffea4dea320}, phCommandList=0x12628d88)
[2026-10-08 00:22:10.121] [thread-id: 124367440256192] [trace] zeDriverGetExtensionFunctionAddress(hDriver, name, ppFunctionAddress)
[2026-10-08 00:22:10.121] [thread-id: 124367440256192] [trace] SUCCESS (ZE_RESULT_SUCCESS) in zeDriverGetExtensionFunctionAddress(hDriver=0x1260a9c8, name="zexCounterBasedEventCreate2", ppFunctionAddress=0x711c8900ec00)
   <--- urQueueCreate(.hContext = 0x12624b90, .hDevice = 0x12620040, .pProperties = 0x7ffea4dea8e0 ((struct ur_queue_properties_t){.stype = UR_STRUCTURE_TYPE_QUEUE_PROPERTIES, .pNext = nullptr, .flags = 0}), .phQueue = 0x7ffea4dea8f8 (0x126280a0)) -> UR_RESULT_SUCCESS;
   ---> urDeviceGetInfo
[2026-10-08 00:22:10.122] [thread-id: 124367440256192] [trace] zeDeviceGetMemoryAccessProperties(hDevice, pMemAccessProperties)
[2026-10-08 00:22:10.122] [thread-id: 124367440256192] [trace] SUCCESS (ZE_RESULT_SUCCESS) in zeDeviceGetMemoryAccessProperties(hDevice=0x1260af28, pMemAccessProperties={stype=0x12620420, hostAllocCapabilities=3, deviceAllocCapabilities=3, sharedSingleDeviceAllocCapabilities=3, sharedCrossDeviceAllocCapabilities=0, sharedSystemAllocCapabilities=15})
   <--- urDeviceGetInfo(.hDevice = 0x12620040, .propName = UR_DEVICE_INFO_USM_DEVICE_SUPPORT, .propSize = 4, .pPropValue = 0x7ffea4dea744 (UR_DEVICE_USM_ACCESS_CAPABILITY_FLAG_ACCESS | UR_DEVICE_USM_ACCESS_CAPABILITY_FLAG_ATOMIC_ACCESS), .pPropSizeRet = nullptr) -> UR_RESULT_SUCCESS;
   ---> urUSMDeviceAlloc
[2026-10-08 00:22:10.122] [thread-id: 124367440256192] [trace] zeMemAllocDevice(hContext, device_desc, size, alignment, hDevice, pptr)
[2026-10-08 00:22:10.122] [thread-id: 124367440256192] [trace] SUCCESS (ZE_RESULT_SUCCESS) in zeMemAllocDevice(hContext=0x12621738, device_desc={stype=0x7ffea4dea350, flags=0, ordinal=0}, size=65536, alignment=0, hDevice=0x1260af28, pptr=0xffffffffff600000)
[2026-10-08 00:22:10.122] [thread-id: 124367440256192] [trace] zeContextMakeMemoryResident(hContext, hDevice, ptr, size)
[2026-10-08 00:22:10.122] [thread-id: 124367440256192] [trace] SUCCESS (ZE_RESULT_SUCCESS) in zeContextMakeMemoryResident(hContext=0x12621738, hDevice=0x1260af28, ptr=0xffffffffff600000, size=65536)
   <--- urUSMDeviceAlloc(.hContext = 0x12624b90, .hDevice = 0x12620040, .pUSMDesc = 0x7ffea4dea8b0 ((struct ur_usm_desc_t){.stype = UR_STRUCTURE_TYPE_CONTEXT_PROPERTIES, .pNext = nullptr, .hints = 0, .align = 4}), .pool = nullptr, .size = 65536, .ppMem = 0x7ffea4dea8c8 (0xffffffffff600000)) -> UR_RESULT_SUCCESS;
   ---> urEnqueueUSMMemcpy
<LEVEL_ZERO>[DEBUG]: ze_event_pool_desc_t flags set to: 1
[2026-10-08 00:22:10.122] [thread-id: 124367440256192] [trace] zexCounterBasedEventCreate2(hContext, hDevice, desc, phEvent)
[2026-10-08 00:22:10.122] [thread-id: 124367440256192] [trace] SUCCESS (ZE_RESULT_SUCCESS) in zexCounterBasedEventCreate2(hContext=0x12621738, hDevice=0x1260af28, desc=0x7ffea4dea300, phEvent=0x12659a68)
<LEVEL_ZERO>[DEBUG]: ze_event_pool_desc_t flags set to: 1
[2026-10-08 00:22:10.122] [thread-id: 124367440256192] [trace] zexCounterBasedEventCreate2(hContext, hDevice, desc, phEvent)
[2026-10-08 00:22:10.122] [thread-id: 124367440256192] [trace] SUCCESS (ZE_RESULT_SUCCESS) in zexCounterBasedEventCreate2(hContext=0x12621738, hDevice=0x1260af28, desc=0x7ffea4dea300, phEvent=0x12659e08)
<LEVEL_ZERO>[DEBUG]: ze_event_pool_desc_t flags set to: 1
[2026-10-08 00:22:10.122] [thread-id: 124367440256192] [trace] zexCounterBasedEventCreate2(hContext, hDevice, desc, phEvent)
[2026-10-08 00:22:10.122] [thread-id: 124367440256192] [trace] SUCCESS (ZE_RESULT_SUCCESS) in zexCounterBasedEventCreate2(hContext=0x12621738, hDevice=0x1260af28, desc=0x7ffea4dea300, phEvent=0x1265a528)
<LEVEL_ZERO>[DEBUG]: ze_event_pool_desc_t flags set to: 1
[2026-10-08 00:22:10.122] [thread-id: 124367440256192] [trace] zexCounterBasedEventCreate2(hContext, hDevice, desc, phEvent)
[2026-10-08 00:22:10.122] [thread-id: 124367440256192] [trace] SUCCESS (ZE_RESULT_SUCCESS) in zexCounterBasedEventCreate2(hContext=0x12621738, hDevice=0x1260af28, desc=0x7ffea4dea300, phEvent=0x1265aa68)
<LEVEL_ZERO>[DEBUG]: ze_event_pool_desc_t flags set to: 1
[2026-10-08 00:22:10.122] [thread-id: 124367440256192] [trace] zexCounterBasedEventCreate2(hContext, hDevice, desc, phEvent)
[2026-10-08 00:22:10.122] [thread-id: 124367440256192] [trace] SUCCESS (ZE_RESULT_SUCCESS) in zexCounterBasedEventCreate2(hContext=0x12621738, hDevice=0x1260af28, desc=0x7ffea4dea300, phEvent=0x1265b168)
<LEVEL_ZERO>[DEBUG]: ze_event_pool_desc_t flags set to: 1
[2026-10-08 00:22:10.122] [thread-id: 124367440256192] [trace] zexCounterBasedEventCreate2(hContext, hDevice, desc, phEvent)
[2026-10-08 00:22:10.122] [thread-id: 124367440256192] [trace] SUCCESS (ZE_RESULT_SUCCESS) in zexCounterBasedEventCreate2(hContext=0x12621738, hDevice=0x1260af28, desc=0x7ffea4dea300, phEvent=0x1265b6c8)
<LEVEL_ZERO>[DEBUG]: ze_event_pool_desc_t flags set to: 1
[2026-10-08 00:22:10.122] [thread-id: 124367440256192] [trace] zexCounterBasedEventCreate2(hContext, hDevice, desc, phEvent)
[2026-10-08 00:22:10.122] [thread-id: 124367440256192] [trace] SUCCESS (ZE_RESULT_SUCCESS) in zexCounterBasedEventCreate2(hContext=0x12621738, hDevice=0x1260af28, desc=0x7ffea4dea300, phEvent=0x1265bdc8)
<LEVEL_ZERO>[DEBUG]: ze_event_pool_desc_t flags set to: 1
[2026-10-08 00:22:10.122] [thread-id: 124367440256192] [trace] zexCounterBasedEventCreate2(hContext, hDevice, desc, phEvent)
[2026-10-08 00:22:10.122] [thread-id: 124367440256192] [trace] SUCCESS (ZE_RESULT_SUCCESS) in zexCounterBasedEventCreate2(hContext=0x12621738, hDevice=0x1260af28, desc=0x7ffea4dea300, phEvent=0x1265c2d8)
<LEVEL_ZERO>[DEBUG]: ze_event_pool_desc_t flags set to: 1
[2026-10-08 00:22:10.122] [thread-id: 124367440256192] [trace] zexCounterBasedEventCreate2(hContext, hDevice, desc, phEvent)
[2026-10-08 00:22:10.122] [thread-id: 124367440256192] [trace] SUCCESS (ZE_RESULT_SUCCESS) in zexCounterBasedEventCreate2(hContext=0x12621738, hDevice=0x1260af28, desc=0x7ffea4dea300, phEvent=0x1265c9d8)
<LEVEL_ZERO>[DEBUG]: ze_event_pool_desc_t flags set to: 1
[2026-10-08 00:22:10.122] [thread-id: 124367440256192] [trace] zexCounterBasedEventCreate2(hContext, hDevice, desc, phEvent)
[2026-10-08 00:22:10.122] [thread-id: 124367440256192] [trace] SUCCESS (ZE_RESULT_SUCCESS) in zexCounterBasedEventCreate2(hContext=0x12621738, hDevice=0x1260af28, desc=0x7ffea4dea300, phEvent=0x1265cee8)
<LEVEL_ZERO>[DEBUG]: ze_event_pool_desc_t flags set to: 1
[2026-10-08 00:22:10.122] [thread-id: 124367440256192] [trace] zexCounterBasedEventCreate2(hContext, hDevice, desc, phEvent)
[2026-10-08 00:22:10.122] [thread-id: 124367440256192] [trace] SUCCESS (ZE_RESULT_SUCCESS) in zexCounterBasedEventCreate2(hContext=0x12621738, hDevice=0x1260af28, desc=0x7ffea4dea300, phEvent=0x1265d5e8)
<LEVEL_ZERO>[DEBUG]: ze_event_pool_desc_t flags set to: 1
[2026-10-08 00:22:10.122] [thread-id: 124367440256192] [trace] zexCounterBasedEventCreate2(hContext, hDevice, desc, phEvent)
[2026-10-08 00:22:10.122] [thread-id: 124367440256192] [trace] SUCCESS (ZE_RESULT_SUCCESS) in zexCounterBasedEventCreate2(hContext=0x12621738, hDevice=0x1260af28, desc=0x7ffea4dea300, phEvent=0x1265db98)
<LEVEL_ZERO>[DEBUG]: ze_event_pool_desc_t flags set to: 1
[2026-10-08 00:22:10.122] [thread-id: 124367440256192] [trace] zexCounterBasedEventCreate2(hContext, hDevice, desc, phEvent)
[2026-10-08 00:22:10.122] [thread-id: 124367440256192] [trace] SUCCESS (ZE_RESULT_SUCCESS) in zexCounterBasedEventCreate2(hContext=0x12621738, hDevice=0x1260af28, desc=0x7ffea4dea300, phEvent=0x1265e298)
<LEVEL_ZERO>[DEBUG]: ze_event_pool_desc_t flags set to: 1
[2026-10-08 00:22:10.122] [thread-id: 124367440256192] [trace] zexCounterBasedEventCreate2(hContext, hDevice, desc, phEvent)
[2026-10-08 00:22:10.122] [thread-id: 124367440256192] [trace] SUCCESS (ZE_RESULT_SUCCESS) in zexCounterBasedEventCreate2(hContext=0x12621738, hDevice=0x1260af28, desc=0x7ffea4dea300, phEvent=0x1265e7a8)
<LEVEL_ZERO>[DEBUG]: ze_event_pool_desc_t flags set to: 1
[2026-10-08 00:22:10.122] [thread-id: 124367440256192] [trace] zexCounterBasedEventCreate2(hContext, hDevice, desc, phEvent)
[2026-10-08 00:22:10.122] [thread-id: 124367440256192] [trace] SUCCESS (ZE_RESULT_SUCCESS) in zexCounterBasedEventCreate2(hContext=0x12621738, hDevice=0x1260af28, desc=0x7ffea4dea300, phEvent=0x1265eea8)
<LEVEL_ZERO>[DEBUG]: ze_event_pool_desc_t flags set to: 1
[2026-10-08 00:22:10.122] [thread-id: 124367440256192] [trace] zexCounterBasedEventCreate2(hContext, hDevice, desc, phEvent)
[2026-10-08 00:22:10.122] [thread-id: 124367440256192] [trace] SUCCESS (ZE_RESULT_SUCCESS) in zexCounterBasedEventCreate2(hContext=0x12621738, hDevice=0x1260af28, desc=0x7ffea4dea300, phEvent=0x1265f3b8)
<LEVEL_ZERO>[DEBUG]: ze_event_pool_desc_t flags set to: 1
[2026-10-08 00:22:10.122] [thread-id: 124367440256192] [trace] zexCounterBasedEventCreate2(hContext, hDevice, desc, phEvent)
[2026-10-08 00:22:10.122] [thread-id: 124367440256192] [trace] SUCCESS (ZE_RESULT_SUCCESS) in zexCounterBasedEventCreate2(hContext=0x12621738, hDevice=0x1260af28, desc=0x7ffea4dea300, phEvent=0x1265fab8)
<LEVEL_ZERO>[DEBUG]: ze_event_pool_desc_t flags set to: 1
[2026-10-08 00:22:10.122] [thread-id: 124367440256192] [trace] zexCounterBasedEventCreate2(hContext, hDevice, desc, phEvent)
[2026-10-08 00:22:10.122] [thread-id: 124367440256192] [trace] SUCCESS (ZE_RESULT_SUCCESS) in zexCounterBasedEventCreate2(hContext=0x12621738, hDevice=0x1260af28, desc=0x7ffea4dea300, phEvent=0x126600d8)
<LEVEL_ZERO>[DEBUG]: ze_event_pool_desc_t flags set to: 1
[2026-10-08 00:22:10.122] [thread-id: 124367440256192] [trace] zexCounterBasedEventCreate2(hContext, hDevice, desc, phEvent)
[2026-10-08 00:22:10.123] [thread-id: 124367440256192] [trace] SUCCESS (ZE_RESULT_SUCCESS) in zexCounterBasedEventCreate2(hContext=0x12621738, hDevice=0x1260af28, desc=0x7ffea4dea300, phEvent=0x126607d8)
<LEVEL_ZERO>[DEBUG]: ze_event_pool_desc_t flags set to: 1
[2026-10-08 00:22:10.123] [thread-id: 124367440256192] [trace] zexCounterBasedEventCreate2(hContext, hDevice, desc, phEvent)
[2026-10-08 00:22:10.123] [thread-id: 124367440256192] [trace] SUCCESS (ZE_RESULT_SUCCESS) in zexCounterBasedEventCreate2(hContext=0x12621738, hDevice=0x1260af28, desc=0x7ffea4dea300, phEvent=0x12660ce8)
<LEVEL_ZERO>[DEBUG]: ze_event_pool_desc_t flags set to: 1
[2026-10-08 00:22:10.123] [thread-id: 124367440256192] [trace] zexCounterBasedEventCreate2(hContext, hDevice, desc, phEvent)
[2026-10-08 00:22:10.123] [thread-id: 124367440256192] [trace] SUCCESS (ZE_RESULT_SUCCESS) in zexCounterBasedEventCreate2(hContext=0x12621738, hDevice=0x1260af28, desc=0x7ffea4dea300, phEvent=0x126613e8)
<LEVEL_ZERO>[DEBUG]: ze_event_pool_desc_t flags set to: 1
[2026-10-08 00:22:10.123] [thread-id: 124367440256192] [trace] zexCounterBasedEventCreate2(hContext, hDevice, desc, phEvent)
[2026-10-08 00:22:10.123] [thread-id: 124367440256192] [trace] SUCCESS (ZE_RESULT_SUCCESS) in zexCounterBasedEventCreate2(hContext=0x12621738, hDevice=0x1260af28, desc=0x7ffea4dea300, phEvent=0x126618f8)
<LEVEL_ZERO>[DEBUG]: ze_event_pool_desc_t flags set to: 1
[2026-10-08 00:22:10.123] [thread-id: 124367440256192] [trace] zexCounterBasedEventCreate2(hContext, hDevice, desc, phEvent)
[2026-10-08 00:22:10.123] [thread-id: 124367440256192] [trace] SUCCESS (ZE_RESULT_SUCCESS) in zexCounterBasedEventCreate2(hContext=0x12621738, hDevice=0x1260af28, desc=0x7ffea4dea300, phEvent=0x12661ff8)
<LEVEL_ZERO>[DEBUG]: ze_event_pool_desc_t flags set to: 1
[2026-10-08 00:22:10.123] [thread-id: 124367440256192] [trace] zexCounterBasedEventCreate2(hContext, hDevice, desc, phEvent)
[2026-10-08 00:22:10.123] [thread-id: 124367440256192] [trace] SUCCESS (ZE_RESULT_SUCCESS) in zexCounterBasedEventCreate2(hContext=0x12621738, hDevice=0x1260af28, desc=0x7ffea4dea300, phEvent=0x12662508)
<LEVEL_ZERO>[DEBUG]: ze_event_pool_desc_t flags set to: 1
[2026-10-08 00:22:10.123] [thread-id: 124367440256192] [trace] zexCounterBasedEventCreate2(hContext, hDevice, desc, phEvent)
[2026-10-08 00:22:10.123] [thread-id: 124367440256192] [trace] SUCCESS (ZE_RESULT_SUCCESS) in zexCounterBasedEventCreate2(hContext=0x12621738, hDevice=0x1260af28, desc=0x7ffea4dea300, phEvent=0x12662d48)
<LEVEL_ZERO>[DEBUG]: ze_event_pool_desc_t flags set to: 1
[2026-10-08 00:22:10.123] [thread-id: 124367440256192] [trace] zexCounterBasedEventCreate2(hContext, hDevice, desc, phEvent)
[2026-10-08 00:22:10.123] [thread-id: 124367440256192] [trace] SUCCESS (ZE_RESULT_SUCCESS) in zexCounterBasedEventCreate2(hContext=0x12621738, hDevice=0x1260af28, desc=0x7ffea4dea300, phEvent=0x12663258)
<LEVEL_ZERO>[DEBUG]: ze_event_pool_desc_t flags set to: 1
[2026-10-08 00:22:10.123] [thread-id: 124367440256192] [trace] zexCounterBasedEventCreate2(hContext, hDevice, desc, phEvent)
[2026-10-08 00:22:10.123] [thread-id: 124367440256192] [trace] SUCCESS (ZE_RESULT_SUCCESS) in zexCounterBasedEventCreate2(hContext=0x12621738, hDevice=0x1260af28, desc=0x7ffea4dea300, phEvent=0x12663958)
<LEVEL_ZERO>[DEBUG]: ze_event_pool_desc_t flags set to: 1
[2026-10-08 00:22:10.123] [thread-id: 124367440256192] [trace] zexCounterBasedEventCreate2(hContext, hDevice, desc, phEvent)
[2026-10-08 00:22:10.123] [thread-id: 124367440256192] [trace] SUCCESS (ZE_RESULT_SUCCESS) in zexCounterBasedEventCreate2(hContext=0x12621738, hDevice=0x1260af28, desc=0x7ffea4dea300, phEvent=0x12663e68)
<LEVEL_ZERO>[DEBUG]: ze_event_pool_desc_t flags set to: 1
[2026-10-08 00:22:10.123] [thread-id: 124367440256192] [trace] zexCounterBasedEventCreate2(hContext, hDevice, desc, phEvent)
[2026-10-08 00:22:10.123] [thread-id: 124367440256192] [trace] SUCCESS (ZE_RESULT_SUCCESS) in zexCounterBasedEventCreate2(hContext=0x12621738, hDevice=0x1260af28, desc=0x7ffea4dea300, phEvent=0x12664568)
<LEVEL_ZERO>[DEBUG]: ze_event_pool_desc_t flags set to: 1
[2026-10-08 00:22:10.123] [thread-id: 124367440256192] [trace] zexCounterBasedEventCreate2(hContext, hDevice, desc, phEvent)
[2026-10-08 00:22:10.123] [thread-id: 124367440256192] [trace] SUCCESS (ZE_RESULT_SUCCESS) in zexCounterBasedEventCreate2(hContext=0x12621738, hDevice=0x1260af28, desc=0x7ffea4dea300, phEvent=0x12664a78)
<LEVEL_ZERO>[DEBUG]: ze_event_pool_desc_t flags set to: 1
[2026-10-08 00:22:10.123] [thread-id: 124367440256192] [trace] zexCounterBasedEventCreate2(hContext, hDevice, desc, phEvent)
[2026-10-08 00:22:10.123] [thread-id: 124367440256192] [trace] SUCCESS (ZE_RESULT_SUCCESS) in zexCounterBasedEventCreate2(hContext=0x12621738, hDevice=0x1260af28, desc=0x7ffea4dea300, phEvent=0x12665178)
<LEVEL_ZERO>[DEBUG]: ze_event_pool_desc_t flags set to: 1
[2026-10-08 00:22:10.123] [thread-id: 124367440256192] [trace] zexCounterBasedEventCreate2(hContext, hDevice, desc, phEvent)
[2026-10-08 00:22:10.123] [thread-id: 124367440256192] [trace] SUCCESS (ZE_RESULT_SUCCESS) in zexCounterBasedEventCreate2(hContext=0x12621738, hDevice=0x1260af28, desc=0x7ffea4dea300, phEvent=0x12665688)
<LEVEL_ZERO>[DEBUG]: ze_event_pool_desc_t flags set to: 1
[2026-10-08 00:22:10.123] [thread-id: 124367440256192] [trace] zexCounterBasedEventCreate2(hContext, hDevice, desc, phEvent)
[2026-10-08 00:22:10.123] [thread-id: 124367440256192] [trace] SUCCESS (ZE_RESULT_SUCCESS) in zexCounterBasedEventCreate2(hContext=0x12621738, hDevice=0x1260af28, desc=0x7ffea4dea300, phEvent=0x12665d88)
<LEVEL_ZERO>[DEBUG]: ze_event_pool_desc_t flags set to: 1
[2026-10-08 00:22:10.123] [thread-id: 124367440256192] [trace] zexCounterBasedEventCreate2(hContext, hDevice, desc, phEvent)
[2026-10-08 00:22:10.123] [thread-id: 124367440256192] [trace] SUCCESS (ZE_RESULT_SUCCESS) in zexCounterBasedEventCreate2(hContext=0x12621738, hDevice=0x1260af28, desc=0x7ffea4dea300, phEvent=0x126664a8)
<LEVEL_ZERO>[DEBUG]: ze_event_pool_desc_t flags set to: 1
[2026-10-08 00:22:10.123] [thread-id: 124367440256192] [trace] zexCounterBasedEventCreate2(hContext, hDevice, desc, phEvent)
[2026-10-08 00:22:10.123] [thread-id: 124367440256192] [trace] SUCCESS (ZE_RESULT_SUCCESS) in zexCounterBasedEventCreate2(hContext=0x12621738, hDevice=0x1260af28, desc=0x7ffea4dea300, phEvent=0x12666ba8)
<LEVEL_ZERO>[DEBUG]: ze_event_pool_desc_t flags set to: 1
[2026-10-08 00:22:10.123] [thread-id: 124367440256192] [trace] zexCounterBasedEventCreate2(hContext, hDevice, desc, phEvent)
[2026-10-08 00:22:10.123] [thread-id: 124367440256192] [trace] SUCCESS (ZE_RESULT_SUCCESS) in zexCounterBasedEventCreate2(hContext=0x12621738, hDevice=0x1260af28, desc=0x7ffea4dea300, phEvent=0x126670b8)
<LEVEL_ZERO>[DEBUG]: ze_event_pool_desc_t flags set to: 1
[2026-10-08 00:22:10.123] [thread-id: 124367440256192] [trace] zexCounterBasedEventCreate2(hContext, hDevice, desc, phEvent)
[2026-10-08 00:22:10.123] [thread-id: 124367440256192] [trace] SUCCESS (ZE_RESULT_SUCCESS) in zexCounterBasedEventCreate2(hContext=0x12621738, hDevice=0x1260af28, desc=0x7ffea4dea300, phEvent=0x126677b8)
<LEVEL_ZERO>[DEBUG]: ze_event_pool_desc_t flags set to: 1
[2026-10-08 00:22:10.123] [thread-id: 124367440256192] [trace] zexCounterBasedEventCreate2(hContext, hDevice, desc, phEvent)
[2026-10-08 00:22:10.123] [thread-id: 124367440256192] [trace] SUCCESS (ZE_RESULT_SUCCESS) in zexCounterBasedEventCreate2(hContext=0x12621738, hDevice=0x1260af28, desc=0x7ffea4dea300, phEvent=0x12667cc8)
<LEVEL_ZERO>[DEBUG]: ze_event_pool_desc_t flags set to: 1
[2026-10-08 00:22:10.123] [thread-id: 124367440256192] [trace] zexCounterBasedEventCreate2(hContext, hDevice, desc, phEvent)
[2026-10-08 00:22:10.123] [thread-id: 124367440256192] [trace] SUCCESS (ZE_RESULT_SUCCESS) in zexCounterBasedEventCreate2(hContext=0x12621738, hDevice=0x1260af28, desc=0x7ffea4dea300, phEvent=0x126683c8)
<LEVEL_ZERO>[DEBUG]: ze_event_pool_desc_t flags set to: 1
[2026-10-08 00:22:10.123] [thread-id: 124367440256192] [trace] zexCounterBasedEventCreate2(hContext, hDevice, desc, phEvent)
[2026-10-08 00:22:10.123] [thread-id: 124367440256192] [trace] SUCCESS (ZE_RESULT_SUCCESS) in zexCounterBasedEventCreate2(hContext=0x12621738, hDevice=0x1260af28, desc=0x7ffea4dea300, phEvent=0x126688d8)
<LEVEL_ZERO>[DEBUG]: ze_event_pool_desc_t flags set to: 1
[2026-10-08 00:22:10.123] [thread-id: 124367440256192] [trace] zexCounterBasedEventCreate2(hContext, hDevice, desc, phEvent)
[2026-10-08 00:22:10.123] [thread-id: 124367440256192] [trace] SUCCESS (ZE_RESULT_SUCCESS) in zexCounterBasedEventCreate2(hContext=0x12621738, hDevice=0x1260af28, desc=0x7ffea4dea300, phEvent=0x12668fd8)
<LEVEL_ZERO>[DEBUG]: ze_event_pool_desc_t flags set to: 1
[2026-10-08 00:22:10.123] [thread-id: 124367440256192] [trace] zexCounterBasedEventCreate2(hContext, hDevice, desc, phEvent)
[2026-10-08 00:22:10.123] [thread-id: 124367440256192] [trace] SUCCESS (ZE_RESULT_SUCCESS) in zexCounterBasedEventCreate2(hContext=0x12621738, hDevice=0x1260af28, desc=0x7ffea4dea300, phEvent=0x126694e8)
<LEVEL_ZERO>[DEBUG]: ze_event_pool_desc_t flags set to: 1
[2026-10-08 00:22:10.123] [thread-id: 124367440256192] [trace] zexCounterBasedEventCreate2(hContext, hDevice, desc, phEvent)
[2026-10-08 00:22:10.123] [thread-id: 124367440256192] [trace] SUCCESS (ZE_RESULT_SUCCESS) in zexCounterBasedEventCreate2(hContext=0x12621738, hDevice=0x1260af28, desc=0x7ffea4dea300, phEvent=0x12669be8)
<LEVEL_ZERO>[DEBUG]: ze_event_pool_desc_t flags set to: 1
[2026-10-08 00:22:10.123] [thread-id: 124367440256192] [trace] zexCounterBasedEventCreate2(hContext, hDevice, desc, phEvent)
[2026-10-08 00:22:10.123] [thread-id: 124367440256192] [trace] SUCCESS (ZE_RESULT_SUCCESS) in zexCounterBasedEventCreate2(hContext=0x12621738, hDevice=0x1260af28, desc=0x7ffea4dea300, phEvent=0x1266a0f8)
<LEVEL_ZERO>[DEBUG]: ze_event_pool_desc_t flags set to: 1
[2026-10-08 00:22:10.123] [thread-id: 124367440256192] [trace] zexCounterBasedEventCreate2(hContext, hDevice, desc, phEvent)
[2026-10-08 00:22:10.123] [thread-id: 124367440256192] [trace] SUCCESS (ZE_RESULT_SUCCESS) in zexCounterBasedEventCreate2(hContext=0x12621738, hDevice=0x1260af28, desc=0x7ffea4dea300, phEvent=0x1266a7f8)
<LEVEL_ZERO>[DEBUG]: ze_event_pool_desc_t flags set to: 1
[2026-10-08 00:22:10.123] [thread-id: 124367440256192] [trace] zexCounterBasedEventCreate2(hContext, hDevice, desc, phEvent)
[2026-10-08 00:22:10.123] [thread-id: 124367440256192] [trace] SUCCESS (ZE_RESULT_SUCCESS) in zexCounterBasedEventCreate2(hContext=0x12621738, hDevice=0x1260af28, desc=0x7ffea4dea300, phEvent=0x1266ad08)
<LEVEL_ZERO>[DEBUG]: ze_event_pool_desc_t flags set to: 1
[2026-10-08 00:22:10.123] [thread-id: 124367440256192] [trace] zexCounterBasedEventCreate2(hContext, hDevice, desc, phEvent)
[2026-10-08 00:22:10.123] [thread-id: 124367440256192] [trace] SUCCESS (ZE_RESULT_SUCCESS) in zexCounterBasedEventCreate2(hContext=0x12621738, hDevice=0x1260af28, desc=0x7ffea4dea300, phEvent=0x1266b408)
<LEVEL_ZERO>[DEBUG]: ze_event_pool_desc_t flags set to: 1
[2026-10-08 00:22:10.123] [thread-id: 124367440256192] [trace] zexCounterBasedEventCreate2(hContext, hDevice, desc, phEvent)
[2026-10-08 00:22:10.123] [thread-id: 124367440256192] [trace] SUCCESS (ZE_RESULT_SUCCESS) in zexCounterBasedEventCreate2(hContext=0x12621738, hDevice=0x1260af28, desc=0x7ffea4dea300, phEvent=0x1266b918)
<LEVEL_ZERO>[DEBUG]: ze_event_pool_desc_t flags set to: 1
[2026-10-08 00:22:10.123] [thread-id: 124367440256192] [trace] zexCounterBasedEventCreate2(hContext, hDevice, desc, phEvent)
[2026-10-08 00:22:10.123] [thread-id: 124367440256192] [trace] SUCCESS (ZE_RESULT_SUCCESS) in zexCounterBasedEventCreate2(hContext=0x12621738, hDevice=0x1260af28, desc=0x7ffea4dea300, phEvent=0x1266c018)
<LEVEL_ZERO>[DEBUG]: ze_event_pool_desc_t flags set to: 1
[2026-10-08 00:22:10.123] [thread-id: 124367440256192] [trace] zexCounterBasedEventCreate2(hContext, hDevice, desc, phEvent)
[2026-10-08 00:22:10.123] [thread-id: 124367440256192] [trace] SUCCESS (ZE_RESULT_SUCCESS) in zexCounterBasedEventCreate2(hContext=0x12621738, hDevice=0x1260af28, desc=0x7ffea4dea300, phEvent=0x1266c528)
<LEVEL_ZERO>[DEBUG]: ze_event_pool_desc_t flags set to: 1
[2026-10-08 00:22:10.124] [thread-id: 124367440256192] [trace] zexCounterBasedEventCreate2(hContext, hDevice, desc, phEvent)
[2026-10-08 00:22:10.124] [thread-id: 124367440256192] [trace] SUCCESS (ZE_RESULT_SUCCESS) in zexCounterBasedEventCreate2(hContext=0x12621738, hDevice=0x1260af28, desc=0x7ffea4dea300, phEvent=0x1266cc28)
<LEVEL_ZERO>[DEBUG]: ze_event_pool_desc_t flags set to: 1
[2026-10-08 00:22:10.124] [thread-id: 124367440256192] [trace] zexCounterBasedEventCreate2(hContext, hDevice, desc, phEvent)
[2026-10-08 00:22:10.124] [thread-id: 124367440256192] [trace] SUCCESS (ZE_RESULT_SUCCESS) in zexCounterBasedEventCreate2(hContext=0x12621738, hDevice=0x1260af28, desc=0x7ffea4dea300, phEvent=0x1266d138)
<LEVEL_ZERO>[DEBUG]: ze_event_pool_desc_t flags set to: 1
[2026-10-08 00:22:10.124] [thread-id: 124367440256192] [trace] zexCounterBasedEventCreate2(hContext, hDevice, desc, phEvent)
[2026-10-08 00:22:10.124] [thread-id: 124367440256192] [trace] SUCCESS (ZE_RESULT_SUCCESS) in zexCounterBasedEventCreate2(hContext=0x12621738, hDevice=0x1260af28, desc=0x7ffea4dea300, phEvent=0x1266dab8)
<LEVEL_ZERO>[DEBUG]: ze_event_pool_desc_t flags set to: 1
[2026-10-08 00:22:10.124] [thread-id: 124367440256192] [trace] zexCounterBasedEventCreate2(hContext, hDevice, desc, phEvent)
[2026-10-08 00:22:10.124] [thread-id: 124367440256192] [trace] SUCCESS (ZE_RESULT_SUCCESS) in zexCounterBasedEventCreate2(hContext=0x12621738, hDevice=0x1260af28, desc=0x7ffea4dea300, phEvent=0x1266dfc8)
<LEVEL_ZERO>[DEBUG]: ze_event_pool_desc_t flags set to: 1
[2026-10-08 00:22:10.124] [thread-id: 124367440256192] [trace] zexCounterBasedEventCreate2(hContext, hDevice, desc, phEvent)
[2026-10-08 00:22:10.124] [thread-id: 124367440256192] [trace] SUCCESS (ZE_RESULT_SUCCESS) in zexCounterBasedEventCreate2(hContext=0x12621738, hDevice=0x1260af28, desc=0x7ffea4dea300, phEvent=0x1266e6c8)
<LEVEL_ZERO>[DEBUG]: ze_event_pool_desc_t flags set to: 1
[2026-10-08 00:22:10.124] [thread-id: 124367440256192] [trace] zexCounterBasedEventCreate2(hContext, hDevice, desc, phEvent)
[2026-10-08 00:22:10.124] [thread-id: 124367440256192] [trace] SUCCESS (ZE_RESULT_SUCCESS) in zexCounterBasedEventCreate2(hContext=0x12621738, hDevice=0x1260af28, desc=0x7ffea4dea300, phEvent=0x1266ebd8)
<LEVEL_ZERO>[DEBUG]: ze_event_pool_desc_t flags set to: 1
[2026-10-08 00:22:10.124] [thread-id: 124367440256192] [trace] zexCounterBasedEventCreate2(hContext, hDevice, desc, phEvent)
[2026-10-08 00:22:10.124] [thread-id: 124367440256192] [trace] SUCCESS (ZE_RESULT_SUCCESS) in zexCounterBasedEventCreate2(hContext=0x12621738, hDevice=0x1260af28, desc=0x7ffea4dea300, phEvent=0x1266f2d8)
<LEVEL_ZERO>[DEBUG]: ze_event_pool_desc_t flags set to: 1
[2026-10-08 00:22:10.124] [thread-id: 124367440256192] [trace] zexCounterBasedEventCreate2(hContext, hDevice, desc, phEvent)
[2026-10-08 00:22:10.124] [thread-id: 124367440256192] [trace] SUCCESS (ZE_RESULT_SUCCESS) in zexCounterBasedEventCreate2(hContext=0x12621738, hDevice=0x1260af28, desc=0x7ffea4dea300, phEvent=0x1266f7e8)
<LEVEL_ZERO>[DEBUG]: ze_event_pool_desc_t flags set to: 1
[2026-10-08 00:22:10.124] [thread-id: 124367440256192] [trace] zexCounterBasedEventCreate2(hContext, hDevice, desc, phEvent)
[2026-10-08 00:22:10.124] [thread-id: 124367440256192] [trace] SUCCESS (ZE_RESULT_SUCCESS) in zexCounterBasedEventCreate2(hContext=0x12621738, hDevice=0x1260af28, desc=0x7ffea4dea300, phEvent=0x1266fee8)
<LEVEL_ZERO>[DEBUG]: ze_event_pool_desc_t flags set to: 1
[2026-10-08 00:22:10.124] [thread-id: 124367440256192] [trace] zexCounterBasedEventCreate2(hContext, hDevice, desc, phEvent)
[2026-10-08 00:22:10.124] [thread-id: 124367440256192] [trace] SUCCESS (ZE_RESULT_SUCCESS) in zexCounterBasedEventCreate2(hContext=0x12621738, hDevice=0x1260af28, desc=0x7ffea4dea300, phEvent=0x126703f8)
<LEVEL_ZERO>[DEBUG]: ze_event_pool_desc_t flags set to: 1
[2026-10-08 00:22:10.124] [thread-id: 124367440256192] [trace] zexCounterBasedEventCreate2(hContext, hDevice, desc, phEvent)
[2026-10-08 00:22:10.124] [thread-id: 124367440256192] [trace] SUCCESS (ZE_RESULT_SUCCESS) in zexCounterBasedEventCreate2(hContext=0x12621738, hDevice=0x1260af28, desc=0x7ffea4dea300, phEvent=0x12670af8)
<LEVEL_ZERO>[DEBUG]: ze_event_pool_desc_t flags set to: 1
[2026-10-08 00:22:10.124] [thread-id: 124367440256192] [trace] zexCounterBasedEventCreate2(hContext, hDevice, desc, phEvent)
[2026-10-08 00:22:10.124] [thread-id: 124367440256192] [trace] SUCCESS (ZE_RESULT_SUCCESS) in zexCounterBasedEventCreate2(hContext=0x12621738, hDevice=0x1260af28, desc=0x7ffea4dea300, phEvent=0x12671008)
<LEVEL_ZERO>[DEBUG]: ze_event_pool_desc_t flags set to: 1
[2026-10-08 00:22:10.124] [thread-id: 124367440256192] [trace] zexCounterBasedEventCreate2(hContext, hDevice, desc, phEvent)
[2026-10-08 00:22:10.124] [thread-id: 124367440256192] [trace] SUCCESS (ZE_RESULT_SUCCESS) in zexCounterBasedEventCreate2(hContext=0x12621738, hDevice=0x1260af28, desc=0x7ffea4dea300, phEvent=0x12671708)
<LEVEL_ZERO>[DEBUG]: ze_event_pool_desc_t flags set to: 1
[2026-10-08 00:22:10.124] [thread-id: 124367440256192] [trace] zexCounterBasedEventCreate2(hContext, hDevice, desc, phEvent)
[2026-10-08 00:22:10.124] [thread-id: 124367440256192] [trace] SUCCESS (ZE_RESULT_SUCCESS) in zexCounterBasedEventCreate2(hContext=0x12621738, hDevice=0x1260af28, desc=0x7ffea4dea300, phEvent=0x12671c18)
[2026-10-08 00:22:10.124] [thread-id: 124367440256192] [trace] zeCommandListAppendMemoryCopy(hCommandList, dstptr, srcptr, size, hSignalEvent, numWaitEvents, phWaitEventsLocal)
[2026-10-08 00:22:10.127] [thread-id: 124367440256192] [trace] SUCCESS (ZE_RESULT_SUCCESS) in zeCommandListAppendMemoryCopy(hCommandList=0x12628d88, dstptr=0xffffffffff600000, srcptr=0x126398a0, size=65536, hSignalEvent=0x12671c18, numWaitEvents=0, phWaitEvents=nullptr)
   <--- urEnqueueUSMMemcpy(.hQueue = 0x126280a0, .blocking = 0, .pDst = 0xffffffffff600000, .pSrc = 0x126398a0, .size = 65536, .numEventsInWaitList = 0, .phEventWaitList = nullptr, .phEvent = 0x7ffea4dea900 (0x12671600)) -> UR_RESULT_SUCCESS;
   ---> urEventWait
[2026-10-08 00:22:10.127] [thread-id: 124367440256192] [trace] zeEventHostSynchronize(hEvent, timeout)
[2026-10-08 00:22:10.127] [thread-id: 124367440256192] [trace] SUCCESS (ZE_RESULT_SUCCESS) in zeEventHostSynchronize(hEvent=0x12671c18, timeout=18446744073709551615)
   <--- urEventWait(.numEvents = 1, .phEventWaitList = 0x7ffea4dea950 {0x12671600}) -> UR_RESULT_SUCCESS;
   ---> urEventRelease
   <--- urEventRelease(.hEvent = 0x12671600) -> UR_RESULT_SUCCESS;
   ---> urDeviceGetInfo
[2026-10-08 00:22:10.127] [thread-id: 124367440256192] [trace] zeDeviceGetComputeProperties(hDevice, pComputeProperties)
[2026-10-08 00:22:10.127] [thread-id: 124367440256192] [trace] SUCCESS (ZE_RESULT_SUCCESS) in zeDeviceGetComputeProperties(hDevice=0x1260af28, pComputeProperties={stype=0x12620280, maxTotalGroupSize=1024, maxGroupSizeX=1024, maxGroupSizeY=1024, maxGroupSizeZ=1024, maxGroupCountX=4294967295, maxGroupCountY=4294967295, maxGroupCountZ=4294967295, maxSharedLocalMemory=131072, numSubGroupSizes=2, subGroupSizes=16})
   <--- urDeviceGetInfo(.hDevice = 0x12620040, .propName = UR_DEVICE_INFO_MAX_WORK_GROUPS_3D, .propSize = 24, .pPropValue = {4294967295, 4294967295, 4294967295}, .pPropSizeRet = nullptr) -> UR_RESULT_SUCCESS;
   ---> urDeviceSelectBinary
   <--- urDeviceSelectBinary(.hDevice = 0x12620040, .pBinaries = 0x1269aa50 ((struct ur_device_binary_t){.stype = UR_STRUCTURE_TYPE_CONTEXT_PROPERTIES, .pNext = nullptr, .pDeviceTargetSpec = 0x711c8ff8e3c0 (spir64)}), .NumBinaries = 1, .pSelectedBinary = 0x7ffea4de9e5c (0)) -> UR_RESULT_SUCCESS;
   ---> urPlatformGetBackendOption
   <--- urPlatformGetBackendOption(.hPlatform = 0x1261e810, .pFrontendOption = 0x7ffea4de9968 (-O2), .ppPlatformOption = 0x7ffea4de9938 (0x711c8cffc975 (-ze-opt-level=2))) -> UR_RESULT_SUCCESS;
   ---> urDeviceGetInfo
   <--- urDeviceGetInfo(.hDevice = 0x12620040, .propName = UR_DEVICE_INFO_VENDOR_ID, .propSize = 4, .pPropValue = 0x7ffea4de98b8 (32902), .pPropSizeRet = nullptr) -> UR_RESULT_SUCCESS;
   ---> urDeviceGetInfo
   <--- urDeviceGetInfo(.hDevice = 0x12620040, .propName = UR_DEVICE_INFO_DEVICE_ID, .propSize = 0, .pPropValue = nullptr, .pPropSizeRet = 0x7ffea4de9740 (4)) -> UR_RESULT_SUCCESS;
   ---> urDeviceGetInfo
   <--- urDeviceGetInfo(.hDevice = 0x12620040, .propName = UR_DEVICE_INFO_DEVICE_ID, .propSize = 4, .pPropValue = 0x7ffea4de9888 (57868), .pPropSizeRet = nullptr) -> UR_RESULT_SUCCESS;
   ---> urDeviceGetInfo
   <--- urDeviceGetInfo(.hDevice = 0x12620040, .propName = UR_DEVICE_INFO_COMPILER_AVAILABLE, .propSize = 1, .pPropValue = 0x7ffea4de9920 (true), .pPropSizeRet = nullptr) -> UR_RESULT_SUCCESS;
   ---> urProgramCreateWithIL
   <--- urProgramCreateWithIL(.hContext = 0x12624b90, .pIL = 0x415b20, .length = 2080, .pProperties = nullptr, .phProgram = 0x7ffea4de9a40 (0x12662a10)) -> UR_RESULT_SUCCESS;
   ---> urProgramBuildExp
[2026-10-08 00:22:10.128] [thread-id: 124367440256192] [trace] zeModuleCreate(hContext, hDevice, desc, phModule, phBuildLog)
[2026-10-08 00:22:10.128] [thread-id: 124367440256192] [trace] SUCCESS (ZE_RESULT_SUCCESS) in zeModuleCreate(hContext=0x12621738, hDevice=0x1260af28, desc={stype=0x7ffea4de96c0, format=0x7ffea4de96d0, inputSize=2080, pInputModule=3, pBuildFlags=" -ze-opt-level=2", pConstants={numConstants=0, pConstantIds=nullptr, pConstantValues=nullptr}}, phModule=0x12675d18, phBuildLog=0x1269b818)
[2026-10-08 00:22:10.128] [thread-id: 124367440256192] [trace] zeModuleGetProperties(hModule, pModuleProperties)
[2026-10-08 00:22:10.128] [thread-id: 124367440256192] [trace] SUCCESS (ZE_RESULT_SUCCESS) in zeModuleGetProperties(hModule=0x12675d18, pModuleProperties={stype=0x7ffea4de9630, flags=0})
   <--- urProgramBuildExp(.hProgram = 0x12662a10, .numDevices = 1, .phDevices = 0x1269aa50 {0x12620040}, .flags = 0, .pOptions = 0x1269aa70 ( -ze-opt-level=2)) -> UR_RESULT_SUCCESS;
   ---> urProgramRetain
   <--- urProgramRetain(.hProgram = 0x12662a10) -> UR_RESULT_SUCCESS;
   ---> urKernelCreate
[2026-10-08 00:22:10.129] [thread-id: 124367440256192] [trace] zeKernelCreate(hModule, desc, phKernel)
[2026-10-08 00:22:10.129] [thread-id: 124367440256192] [trace] SUCCESS (ZE_RESULT_SUCCESS) in zeKernelCreate(hModule=0x12675d18, desc={stype=0x7ffea4de9d50, flags=0, pKernelName="_ZTSZ4mainEUlN4sycl3_V12idILi1EEEE_"}, phKernel=0x126b2748)
[2026-10-08 00:22:10.129] [thread-id: 124367440256192] [trace] zeKernelGetName(hKernel, pSize, pName)
[2026-10-08 00:22:10.129] [thread-id: 124367440256192] [trace] SUCCESS (ZE_RESULT_SUCCESS) in zeKernelGetName(hKernel=0x126b2748, pSize=36, pName=nullptr)
[2026-10-08 00:22:10.129] [thread-id: 124367440256192] [trace] zeKernelGetName(hKernel, pSize, pName)
[2026-10-08 00:22:10.129] [thread-id: 124367440256192] [trace] SUCCESS (ZE_RESULT_SUCCESS) in zeKernelGetName(hKernel=0x126b2748, pSize=36, pName="_ZTSZ4mainEUlN4sycl3_V12idILi1EEEE_")
[2026-10-08 00:22:10.129] [thread-id: 124367440256192] [trace] zeKernelGetProperties(hKernel, pKernelProperties)
[2026-10-08 00:22:10.129] [thread-id: 124367440256192] [trace] SUCCESS (ZE_RESULT_SUCCESS) in zeKernelGetProperties(hKernel=0x126b2748, pKernelProperties={stype=0x12693b48, numKernelArgs=1, requiredGroupSizeX=0, requiredGroupSizeY=0, requiredGroupSizeZ=0, requiredNumSubGroups=0, requiredSubgroupSize=0, maxSubgroupSize=32, maxNumSubgroups=32, localMemSize=0, privateMemSize=0, spillMemSize=0, uuid={kid=0, mid=0}})
   <--- urKernelCreate(.hProgram = 0x12662a10, .pKernelName = 0x4131d2 (_ZTSZ4mainEUlN4sycl3_V12idILi1EEEE_), .phKernel = 0x7ffea4dea070 (0x126add40)) -> UR_RESULT_SUCCESS;
   ---> urKernelSetExecInfo
[2026-10-08 00:22:10.129] [thread-id: 124367440256192] [trace] zeKernelSetIndirectAccess(hKernel, flags)
[2026-10-08 00:22:10.129] [thread-id: 124367440256192] [trace] SUCCESS (ZE_RESULT_SUCCESS) in zeKernelSetIndirectAccess(hKernel=0x126b2748, flags=7)
   <--- urKernelSetExecInfo(.hKernel = 0x126add40, .propName = UR_KERNEL_EXEC_INFO_USM_INDIRECT_ACCESS, .propSize = 1, .pProperties = nullptr, .pPropValue = 0x7ffea4dea06f (true)) -> UR_RESULT_SUCCESS;
   ---> urKernelRetain
   <--- urKernelRetain(.hKernel = 0x126add40) -> UR_RESULT_SUCCESS;
   ---> urKernelGetGroupInfo
   <--- urKernelGetGroupInfo(.hKernel = 0x126add40, .hDevice = 0x12620040, .propName = UR_KERNEL_GROUP_INFO_COMPILE_WORK_GROUP_SIZE, .propSize = 24, .pPropValue = {0, 0, 0}, .pPropSizeRet = nullptr) -> UR_RESULT_SUCCESS;
   ---> urEnqueueKernelLaunchWithArgsExp
[2026-10-08 00:22:10.129] [thread-id: 124367440256192] [trace] zeKernelSuggestGroupSize(hKernel, globalSizeX, globalSizeY, globalSizeZ, groupSizeX, groupSizeY, groupSizeZ)
[2026-10-08 00:22:10.129] [thread-id: 124367440256192] [trace] SUCCESS (ZE_RESULT_SUCCESS) in zeKernelSuggestGroupSize(hKernel=0x126b2748, globalSizeX=16384, globalSizeY=1, globalSizeZ=1, groupSizeX=1024, groupSizeY=1, groupSizeZ=1)
[2026-10-08 00:22:10.129] [thread-id: 124367440256192] [trace] zeKernelSetGroupSize(hKernel, groupSizeX, groupSizeY, groupSizeZ)
[2026-10-08 00:22:10.129] [thread-id: 124367440256192] [trace] SUCCESS (ZE_RESULT_SUCCESS) in zeKernelSetGroupSize(hKernel=0x126b2748, groupSizeX=1024, groupSizeY=1, groupSizeZ=1)
[2026-10-08 00:22:10.129] [thread-id: 124367440256192] [trace] zeCommandListAppendLaunchKernelWithArguments(hCommandList, hKernel, groupCounts, groupSizes, pArguments, pNext, hSignalEvent, numWaitEvents, phWaitEventsLocal)
[2026-10-08 00:22:10.130] [thread-id: 124367440256192] [trace] SUCCESS (ZE_RESULT_SUCCESS) in zeCommandListAppendLaunchKernelWithArguments(hCommandList=0x12628d88, hKernel=0x126b2748, groupCounts={groupCountX=16, groupCountY=1, groupCountZ=1}, groupSizes={groupSizeX=1024, groupSizeY=1, groupSizeZ=1}, pArguments=0x126b2e90, pNext=nullptr, hSignalEvent=0x12671c18, numWaitEvents=0, phWaitEvents=nullptr)
   <--- urEnqueueKernelLaunchWithArgsExp(.hQueue = 0x126280a0, .hKernel = 0x126add40, .workDim = 1, .pGlobalWorkOffset = nullptr, .pGlobalWorkSize = 0x7ffea4dea830 (16384), .pLocalWorkSize = nullptr, .numArgs = 1, .pArgs = 0x126ae8d0 {(struct ur_exp_kernel_arg_properties_t){.stype = UR_STRUCTURE_TYPE_EXP_KERNEL_ARG_PROPERTIES, .pNext = nullptr, .type = UR_EXP_KERNEL_ARG_TYPE_POINTER, .index = 0, .size = 8, .value = (union ur_exp_kernel_arg_value_t){.pointer = 0xffffffffff600000}}}, .launchPropList = nullptr, .numEventsInWaitList = 0, .phEventWaitList = nullptr, .phEvent = 0x7ffea4dea250 (0x12671600)) -> UR_RESULT_SUCCESS;
   ---> urEventWait
[2026-10-08 00:22:10.130] [thread-id: 124367440256192] [trace] zeEventHostSynchronize(hEvent, timeout)
[2026-10-08 00:22:10.130] [thread-id: 124367440256192] [trace] SUCCESS (ZE_RESULT_SUCCESS) in zeEventHostSynchronize(hEvent=0x12671c18, timeout=18446744073709551615)
   <--- urEventWait(.numEvents = 1, .phEventWaitList = 0x7ffea4dea950 {0x12671600}) -> UR_RESULT_SUCCESS;
   ---> urEventRelease
   <--- urEventRelease(.hEvent = 0x12671600) -> UR_RESULT_SUCCESS;
   ---> urEnqueueUSMMemcpy
[2026-10-08 00:22:10.130] [thread-id: 124367440256192] [trace] zeCommandListAppendMemoryCopy(hCommandList, dstptr, srcptr, size, hSignalEvent, numWaitEvents, phWaitEventsLocal)
[2026-10-08 00:22:10.130] [thread-id: 124367440256192] [trace] SUCCESS (ZE_RESULT_SUCCESS) in zeCommandListAppendMemoryCopy(hCommandList=0x12628d88, dstptr=0x126498b0, srcptr=0xffffffffff600000, size=65536, hSignalEvent=0x12671c18, numWaitEvents=0, phWaitEvents=nullptr)
   <--- urEnqueueUSMMemcpy(.hQueue = 0x126280a0, .blocking = 0, .pDst = 0x126498b0, .pSrc = 0xffffffffff600000, .size = 65536, .numEventsInWaitList = 0, .phEventWaitList = nullptr, .phEvent = 0x7ffea4dea900 (0x12671600)) -> UR_RESULT_SUCCESS;
   ---> urEventWait
[2026-10-08 00:22:10.130] [thread-id: 124367440256192] [trace] zeEventHostSynchronize(hEvent, timeout)
[2026-10-08 00:22:10.130] [thread-id: 124367440256192] [trace] SUCCESS (ZE_RESULT_SUCCESS) in zeEventHostSynchronize(hEvent=0x12671c18, timeout=18446744073709551615)
   <--- urEventWait(.numEvents = 1, .phEventWaitList = 0x7ffea4dea950 {0x12671600}) -> UR_RESULT_SUCCESS;
   ---> urEventRelease
   <--- urEventRelease(.hEvent = 0x12671600) -> UR_RESULT_SUCCESS;
   ---> urEnqueueUSMMemcpy
[2026-10-08 00:22:10.130] [thread-id: 124367440256192] [trace] zeCommandListAppendMemoryCopy(hCommandList, dstptr, srcptr, size, hSignalEvent, numWaitEvents, phWaitEventsLocal)
[2026-10-08 00:22:10.130] [thread-id: 124367440256192] [trace] SUCCESS (ZE_RESULT_SUCCESS) in zeCommandListAppendMemoryCopy(hCommandList=0x12628d88, dstptr=0xffffffffff600000, srcptr=0x126398a0, size=65536, hSignalEvent=0x12671c18, numWaitEvents=0, phWaitEvents=nullptr)
   <--- urEnqueueUSMMemcpy(.hQueue = 0x126280a0, .blocking = 0, .pDst = 0xffffffffff600000, .pSrc = 0x126398a0, .size = 65536, .numEventsInWaitList = 0, .phEventWaitList = nullptr, .phEvent = 0x7ffea4dea900 (0x12671600)) -> UR_RESULT_SUCCESS;
   ---> urEventWait
[2026-10-08 00:22:10.130] [thread-id: 124367440256192] [trace] zeEventHostSynchronize(hEvent, timeout)
[2026-10-08 00:22:10.130] [thread-id: 124367440256192] [trace] SUCCESS (ZE_RESULT_SUCCESS) in zeEventHostSynchronize(hEvent=0x12671c18, timeout=18446744073709551615)
   <--- urEventWait(.numEvents = 1, .phEventWaitList = 0x7ffea4dea950 {0x12671600}) -> UR_RESULT_SUCCESS;
   ---> urEventRelease
   <--- urEventRelease(.hEvent = 0x12671600) -> UR_RESULT_SUCCESS;
   ---> urDeviceGetInfo
   <--- urDeviceGetInfo(.hDevice = 0x12620040, .propName = UR_DEVICE_INFO_MAX_WORK_GROUPS_3D, .propSize = 24, .pPropValue = {4294967295, 4294967295, 4294967295}, .pPropSizeRet = nullptr) -> UR_RESULT_SUCCESS;
   ---> urKernelGetGroupInfo
   <--- urKernelGetGroupInfo(.hKernel = 0x126add40, .hDevice = 0x12620040, .propName = UR_KERNEL_GROUP_INFO_COMPILE_WORK_GROUP_SIZE, .propSize = 24, .pPropValue = {0, 0, 0}, .pPropSizeRet = nullptr) -> UR_RESULT_SUCCESS;
   ---> urEnqueueKernelLaunchWithArgsExp
[2026-10-08 00:22:10.130] [thread-id: 124367440256192] [trace] zeKernelSuggestGroupSize(hKernel, globalSizeX, globalSizeY, globalSizeZ, groupSizeX, groupSizeY, groupSizeZ)
[2026-10-08 00:22:10.130] [thread-id: 124367440256192] [trace] SUCCESS (ZE_RESULT_SUCCESS) in zeKernelSuggestGroupSize(hKernel=0x126b2748, globalSizeX=16384, globalSizeY=1, globalSizeZ=1, groupSizeX=1024, groupSizeY=1, groupSizeZ=1)
[2026-10-08 00:22:10.130] [thread-id: 124367440256192] [trace] zeKernelSetGroupSize(hKernel, groupSizeX, groupSizeY, groupSizeZ)
[2026-10-08 00:22:10.130] [thread-id: 124367440256192] [trace] SUCCESS (ZE_RESULT_SUCCESS) in zeKernelSetGroupSize(hKernel=0x126b2748, groupSizeX=1024, groupSizeY=1, groupSizeZ=1)
[2026-10-08 00:22:10.130] [thread-id: 124367440256192] [trace] zeCommandListAppendLaunchKernelWithArguments(hCommandList, hKernel, groupCounts, groupSizes, pArguments, pNext, hSignalEvent, numWaitEvents, phWaitEventsLocal)
[2026-10-08 00:22:10.130] [thread-id: 124367440256192] [trace] SUCCESS (ZE_RESULT_SUCCESS) in zeCommandListAppendLaunchKernelWithArguments(hCommandList=0x12628d88, hKernel=0x126b2748, groupCounts={groupCountX=16, groupCountY=1, groupCountZ=1}, groupSizes={groupSizeX=1024, groupSizeY=1, groupSizeZ=1}, pArguments=0x126b2e90, pNext=nullptr, hSignalEvent=0x12671c18, numWaitEvents=0, phWaitEvents=nullptr)
   <--- urEnqueueKernelLaunchWithArgsExp(.hQueue = 0x126280a0, .hKernel = 0x126add40, .workDim = 1, .pGlobalWorkOffset = nullptr, .pGlobalWorkSize = 0x7ffea4dea830 (16384), .pLocalWorkSize = nullptr, .numArgs = 1, .pArgs = 0x126ae8d0 {(struct ur_exp_kernel_arg_properties_t){.stype = UR_STRUCTURE_TYPE_EXP_KERNEL_ARG_PROPERTIES, .pNext = nullptr, .type = UR_EXP_KERNEL_ARG_TYPE_POINTER, .index = 0, .size = 8, .value = (union ur_exp_kernel_arg_value_t){.pointer = 0xffffffffff600000}}}, .launchPropList = nullptr, .numEventsInWaitList = 0, .phEventWaitList = nullptr, .phEvent = 0x7ffea4dea250 (0x12671600)) -> UR_RESULT_SUCCESS;
   ---> urEventWait
[2026-10-08 00:22:10.130] [thread-id: 124367440256192] [trace] zeEventHostSynchronize(hEvent, timeout)
[2026-10-08 00:22:10.130] [thread-id: 124367440256192] [trace] SUCCESS (ZE_RESULT_SUCCESS) in zeEventHostSynchronize(hEvent=0x12671c18, timeout=18446744073709551615)
   <--- urEventWait(.numEvents = 1, .phEventWaitList = 0x7ffea4dea950 {0x12671600}) -> UR_RESULT_SUCCESS;
   ---> urEventRelease
   <--- urEventRelease(.hEvent = 0x12671600) -> UR_RESULT_SUCCESS;
   ---> urEnqueueUSMMemcpy
[2026-10-08 00:22:10.130] [thread-id: 124367440256192] [trace] zeCommandListAppendMemoryCopy(hCommandList, dstptr, srcptr, size, hSignalEvent, numWaitEvents, phWaitEventsLocal)
[2026-10-08 00:22:10.131] [thread-id: 124367440256192] [trace] SUCCESS (ZE_RESULT_SUCCESS) in zeCommandListAppendMemoryCopy(hCommandList=0x12628d88, dstptr=0x126498b0, srcptr=0xffffffffff600000, size=65536, hSignalEvent=0x12671c18, numWaitEvents=0, phWaitEvents=nullptr)
   <--- urEnqueueUSMMemcpy(.hQueue = 0x126280a0, .blocking = 0, .pDst = 0x126498b0, .pSrc = 0xffffffffff600000, .size = 65536, .numEventsInWaitList = 0, .phEventWaitList = nullptr, .phEvent = 0x7ffea4dea900 (0x12671600)) -> UR_RESULT_SUCCESS;
   ---> urEventWait
[2026-10-08 00:22:10.131] [thread-id: 124367440256192] [trace] zeEventHostSynchronize(hEvent, timeout)
[2026-10-08 00:22:10.131] [thread-id: 124367440256192] [trace] SUCCESS (ZE_RESULT_SUCCESS) in zeEventHostSynchronize(hEvent=0x12671c18, timeout=18446744073709551615)
   <--- urEventWait(.numEvents = 1, .phEventWaitList = 0x7ffea4dea950 {0x12671600}) -> UR_RESULT_SUCCESS;
   ---> urEventRelease
   <--- urEventRelease(.hEvent = 0x12671600) -> UR_RESULT_SUCCESS;
   ---> urEnqueueUSMMemcpy
[2026-10-08 00:22:10.131] [thread-id: 124367440256192] [trace] zeCommandListAppendMemoryCopy(hCommandList, dstptr, srcptr, size, hSignalEvent, numWaitEvents, phWaitEventsLocal)
[2026-10-08 00:22:10.131] [thread-id: 124367440256192] [trace] SUCCESS (ZE_RESULT_SUCCESS) in zeCommandListAppendMemoryCopy(hCommandList=0x12628d88, dstptr=0xffffffffff600000, srcptr=0x126398a0, size=65536, hSignalEvent=0x12671c18, numWaitEvents=0, phWaitEvents=nullptr)
   <--- urEnqueueUSMMemcpy(.hQueue = 0x126280a0, .blocking = 0, .pDst = 0xffffffffff600000, .pSrc = 0x126398a0, .size = 65536, .numEventsInWaitList = 0, .phEventWaitList = nullptr, .phEvent = 0x7ffea4dea900 (0x12671600)) -> UR_RESULT_SUCCESS;
   ---> urEventWait
[2026-10-08 00:22:10.131] [thread-id: 124367440256192] [trace] zeEventHostSynchronize(hEvent, timeout)
[2026-10-08 00:22:10.131] [thread-id: 124367440256192] [trace] SUCCESS (ZE_RESULT_SUCCESS) in zeEventHostSynchronize(hEvent=0x12671c18, timeout=18446744073709551615)
   <--- urEventWait(.numEvents = 1, .phEventWaitList = 0x7ffea4dea950 {0x12671600}) -> UR_RESULT_SUCCESS;
   ---> urEventRelease
   <--- urEventRelease(.hEvent = 0x12671600) -> UR_RESULT_SUCCESS;
   ---> urDeviceGetInfo
   <--- urDeviceGetInfo(.hDevice = 0x12620040, .propName = UR_DEVICE_INFO_MAX_WORK_GROUPS_3D, .propSize = 24, .pPropValue = {4294967295, 4294967295, 4294967295}, .pPropSizeRet = nullptr) -> UR_RESULT_SUCCESS;
   ---> urKernelGetGroupInfo
   <--- urKernelGetGroupInfo(.hKernel = 0x126add40, .hDevice = 0x12620040, .propName = UR_KERNEL_GROUP_INFO_COMPILE_WORK_GROUP_SIZE, .propSize = 24, .pPropValue = {0, 0, 0}, .pPropSizeRet = nullptr) -> UR_RESULT_SUCCESS;
   ---> urEnqueueKernelLaunchWithArgsExp
[2026-10-08 00:22:10.131] [thread-id: 124367440256192] [trace] zeKernelSuggestGroupSize(hKernel, globalSizeX, globalSizeY, globalSizeZ, groupSizeX, groupSizeY, groupSizeZ)
[2026-10-08 00:22:10.131] [thread-id: 124367440256192] [trace] SUCCESS (ZE_RESULT_SUCCESS) in zeKernelSuggestGroupSize(hKernel=0x126b2748, globalSizeX=16384, globalSizeY=1, globalSizeZ=1, groupSizeX=1024, groupSizeY=1, groupSizeZ=1)
[2026-10-08 00:22:10.131] [thread-id: 124367440256192] [trace] zeKernelSetGroupSize(hKernel, groupSizeX, groupSizeY, groupSizeZ)
[2026-10-08 00:22:10.131] [thread-id: 124367440256192] [trace] SUCCESS (ZE_RESULT_SUCCESS) in zeKernelSetGroupSize(hKernel=0x126b2748, groupSizeX=1024, groupSizeY=1, groupSizeZ=1)
[2026-10-08 00:22:10.131] [thread-id: 124367440256192] [trace] zeCommandListAppendLaunchKernelWithArguments(hCommandList, hKernel, groupCounts, groupSizes, pArguments, pNext, hSignalEvent, numWaitEvents, phWaitEventsLocal)
[2026-10-08 00:22:10.131] [thread-id: 124367440256192] [trace] SUCCESS (ZE_RESULT_SUCCESS) in zeCommandListAppendLaunchKernelWithArguments(hCommandList=0x12628d88, hKernel=0x126b2748, groupCounts={groupCountX=16, groupCountY=1, groupCountZ=1}, groupSizes={groupSizeX=1024, groupSizeY=1, groupSizeZ=1}, pArguments=0x126b2e90, pNext=nullptr, hSignalEvent=0x12671c18, numWaitEvents=0, phWaitEvents=nullptr)
   <--- urEnqueueKernelLaunchWithArgsExp(.hQueue = 0x126280a0, .hKernel = 0x126add40, .workDim = 1, .pGlobalWorkOffset = nullptr, .pGlobalWorkSize = 0x7ffea4dea830 (16384), .pLocalWorkSize = nullptr, .numArgs = 1, .pArgs = 0x126ae8d0 {(struct ur_exp_kernel_arg_properties_t){.stype = UR_STRUCTURE_TYPE_EXP_KERNEL_ARG_PROPERTIES, .pNext = nullptr, .type = UR_EXP_KERNEL_ARG_TYPE_POINTER, .index = 0, .size = 8, .value = (union ur_exp_kernel_arg_value_t){.pointer = 0xffffffffff600000}}}, .launchPropList = nullptr, .numEventsInWaitList = 0, .phEventWaitList = nullptr, .phEvent = 0x7ffea4dea250 (0x12671600)) -> UR_RESULT_SUCCESS;
   ---> urEventWait
[2026-10-08 00:22:10.131] [thread-id: 124367440256192] [trace] zeEventHostSynchronize(hEvent, timeout)
[2026-10-08 00:22:10.131] [thread-id: 124367440256192] [trace] SUCCESS (ZE_RESULT_SUCCESS) in zeEventHostSynchronize(hEvent=0x12671c18, timeout=18446744073709551615)
   <--- urEventWait(.numEvents = 1, .phEventWaitList = 0x7ffea4dea950 {0x12671600}) -> UR_RESULT_SUCCESS;
   ---> urEventRelease
   <--- urEventRelease(.hEvent = 0x12671600) -> UR_RESULT_SUCCESS;
   ---> urEnqueueUSMMemcpy
[2026-10-08 00:22:10.131] [thread-id: 124367440256192] [trace] zeCommandListAppendMemoryCopy(hCommandList, dstptr, srcptr, size, hSignalEvent, numWaitEvents, phWaitEventsLocal)
[2026-10-08 00:22:10.131] [thread-id: 124367440256192] [trace] SUCCESS (ZE_RESULT_SUCCESS) in zeCommandListAppendMemoryCopy(hCommandList=0x12628d88, dstptr=0x126498b0, srcptr=0xffffffffff600000, size=65536, hSignalEvent=0x12671c18, numWaitEvents=0, phWaitEvents=nullptr)
   <--- urEnqueueUSMMemcpy(.hQueue = 0x126280a0, .blocking = 0, .pDst = 0x126498b0, .pSrc = 0xffffffffff600000, .size = 65536, .numEventsInWaitList = 0, .phEventWaitList = nullptr, .phEvent = 0x7ffea4dea900 (0x12671600)) -> UR_RESULT_SUCCESS;
   ---> urEventWait
[2026-10-08 00:22:10.131] [thread-id: 124367440256192] [trace] zeEventHostSynchronize(hEvent, timeout)
[2026-10-08 00:22:10.131] [thread-id: 124367440256192] [trace] SUCCESS (ZE_RESULT_SUCCESS) in zeEventHostSynchronize(hEvent=0x12671c18, timeout=18446744073709551615)
   <--- urEventWait(.numEvents = 1, .phEventWaitList = 0x7ffea4dea950 {0x12671600}) -> UR_RESULT_SUCCESS;
   ---> urEventRelease
   <--- urEventRelease(.hEvent = 0x12671600) -> UR_RESULT_SUCCESS;
   ---> urQueueFinish
[2026-10-08 00:22:10.131] [thread-id: 124367440256192] [trace] zeCommandListHostSynchronize(hCommandList, timeout)
[2026-10-08 00:22:10.131] [thread-id: 124367440256192] [trace] SUCCESS (ZE_RESULT_SUCCESS) in zeCommandListHostSynchronize(hCommandList=0x12628d88, timeout=18446744073709551615)
   <--- urQueueFinish(.hQueue = 0x126280a0) -> UR_RESULT_SUCCESS;
   ---> urUSMFree
   <--- urUSMFree(.hContext = 0x12624b90, .pMem = 0xffffffffff600000) -> UR_RESULT_SUCCESS;
   ---> urQueueRelease
[2026-10-08 00:22:10.131] [thread-id: 124367440256192] [trace] zeCommandListHostSynchronize(hCommandList, timeout)
[2026-10-08 00:22:10.131] [thread-id: 124367440256192] [trace] SUCCESS (ZE_RESULT_SUCCESS) in zeCommandListHostSynchronize(hCommandList=0x12628d88, timeout=18446744073709551615)
   <--- urQueueRelease(.hQueue = 0x126280a0) -> UR_RESULT_SUCCESS;
   ---> urProgramRelease
   <--- urProgramRelease(.hProgram = 0x12662a10) -> UR_RESULT_SUCCESS;
   ---> urKernelRelease
   <--- urKernelRelease(.hKernel = 0x126add40) -> UR_RESULT_SUCCESS;
   ---> urProgramRelease
   <--- urProgramRelease(.hProgram = 0x12662a10) -> UR_RESULT_SUCCESS;
   ---> urKernelRelease
[2026-10-08 00:22:10.131] [thread-id: 124367440256192] [trace] zeKernelDestroy(hKernel)
[2026-10-08 00:22:10.131] [thread-id: 124367440256192] [trace] SUCCESS (ZE_RESULT_SUCCESS) in zeKernelDestroy(hKernel=0x126b2748)
[2026-10-08 00:22:10.131] [thread-id: 124367440256192] [trace] zeModuleBuildLogDestroy(hModuleBuildLog)
[2026-10-08 00:22:10.132] [thread-id: 124367440256192] [trace] SUCCESS (ZE_RESULT_SUCCESS) in zeModuleBuildLogDestroy(hModuleBuildLog=0x1269b818)
[2026-10-08 00:22:10.132] [thread-id: 124367440256192] [trace] zeModuleDestroy(hModule)
[2026-10-08 00:22:10.132] [thread-id: 124367440256192] [trace] SUCCESS (ZE_RESULT_SUCCESS) in zeModuleDestroy(hModule=0x12675d18)
   <--- urKernelRelease(.hKernel = 0x126add40) -> UR_RESULT_SUCCESS;
   ---> urContextRelease
[2026-10-08 00:22:10.132] [thread-id: 124367440256192] [trace] zeMemFreeExt(hContext, pMemFreeDesc, ptr)
[2026-10-08 00:22:10.132] [thread-id: 124367440256192] [trace] SUCCESS (ZE_RESULT_SUCCESS) in zeMemFreeExt(hContext=0x12621738, pMemFreeDesc={stype=0x7ffea4dea690, freePolicy=1}, ptr=0xffffffffff600000)
[2026-10-08 00:22:10.132] [thread-id: 124367440256192] [trace] zeEventDestroy(hEvent)
[2026-10-08 00:22:10.132] [thread-id: 124367440256192] [trace] SUCCESS (ZE_RESULT_SUCCESS) in zeEventDestroy(hEvent=0x1265a528)
[2026-10-08 00:22:10.132] [thread-id: 124367440256192] [trace] zeEventDestroy(hEvent)
[2026-10-08 00:22:10.132] [thread-id: 124367440256192] [trace] SUCCESS (ZE_RESULT_SUCCESS) in zeEventDestroy(hEvent=0x1265aa68)
[2026-10-08 00:22:10.132] [thread-id: 124367440256192] [trace] zeEventDestroy(hEvent)
[2026-10-08 00:22:10.132] [thread-id: 124367440256192] [trace] SUCCESS (ZE_RESULT_SUCCESS) in zeEventDestroy(hEvent=0x1265b168)
[2026-10-08 00:22:10.132] [thread-id: 124367440256192] [trace] zeEventDestroy(hEvent)
[2026-10-08 00:22:10.132] [thread-id: 124367440256192] [trace] SUCCESS (ZE_RESULT_SUCCESS) in zeEventDestroy(hEvent=0x1265b6c8)
[2026-10-08 00:22:10.132] [thread-id: 124367440256192] [trace] zeEventDestroy(hEvent)
[2026-10-08 00:22:10.132] [thread-id: 124367440256192] [trace] SUCCESS (ZE_RESULT_SUCCESS) in zeEventDestroy(hEvent=0x1265bdc8)
[2026-10-08 00:22:10.132] [thread-id: 124367440256192] [trace] zeEventDestroy(hEvent)
[2026-10-08 00:22:10.132] [thread-id: 124367440256192] [trace] SUCCESS (ZE_RESULT_SUCCESS) in zeEventDestroy(hEvent=0x1265c2d8)
[2026-10-08 00:22:10.132] [thread-id: 124367440256192] [trace] zeEventDestroy(hEvent)
[2026-10-08 00:22:10.132] [thread-id: 124367440256192] [trace] SUCCESS (ZE_RESULT_SUCCESS) in zeEventDestroy(hEvent=0x1265c9d8)
[2026-10-08 00:22:10.132] [thread-id: 124367440256192] [trace] zeEventDestroy(hEvent)
[2026-10-08 00:22:10.132] [thread-id: 124367440256192] [trace] SUCCESS (ZE_RESULT_SUCCESS) in zeEventDestroy(hEvent=0x1265cee8)
[2026-10-08 00:22:10.132] [thread-id: 124367440256192] [trace] zeEventDestroy(hEvent)
[2026-10-08 00:22:10.132] [thread-id: 124367440256192] [trace] SUCCESS (ZE_RESULT_SUCCESS) in zeEventDestroy(hEvent=0x1265d5e8)
[2026-10-08 00:22:10.132] [thread-id: 124367440256192] [trace] zeEventDestroy(hEvent)
[2026-10-08 00:22:10.132] [thread-id: 124367440256192] [trace] SUCCESS (ZE_RESULT_SUCCESS) in zeEventDestroy(hEvent=0x1265db98)
[2026-10-08 00:22:10.132] [thread-id: 124367440256192] [trace] zeEventDestroy(hEvent)
[2026-10-08 00:22:10.132] [thread-id: 124367440256192] [trace] SUCCESS (ZE_RESULT_SUCCESS) in zeEventDestroy(hEvent=0x1265e298)
[2026-10-08 00:22:10.132] [thread-id: 124367440256192] [trace] zeEventDestroy(hEvent)
[2026-10-08 00:22:10.132] [thread-id: 124367440256192] [trace] SUCCESS (ZE_RESULT_SUCCESS) in zeEventDestroy(hEvent=0x1265e7a8)
[2026-10-08 00:22:10.132] [thread-id: 124367440256192] [trace] zeEventDestroy(hEvent)
[2026-10-08 00:22:10.132] [thread-id: 124367440256192] [trace] SUCCESS (ZE_RESULT_SUCCESS) in zeEventDestroy(hEvent=0x1265eea8)
[2026-10-08 00:22:10.132] [thread-id: 124367440256192] [trace] zeEventDestroy(hEvent)
[2026-10-08 00:22:10.132] [thread-id: 124367440256192] [trace] SUCCESS (ZE_RESULT_SUCCESS) in zeEventDestroy(hEvent=0x1265f3b8)
[2026-10-08 00:22:10.133] [thread-id: 124367440256192] [trace] zeEventDestroy(hEvent)
[2026-10-08 00:22:10.133] [thread-id: 124367440256192] [trace] SUCCESS (ZE_RESULT_SUCCESS) in zeEventDestroy(hEvent=0x1265fab8)
[2026-10-08 00:22:10.133] [thread-id: 124367440256192] [trace] zeEventDestroy(hEvent)
[2026-10-08 00:22:10.133] [thread-id: 124367440256192] [trace] SUCCESS (ZE_RESULT_SUCCESS) in zeEventDestroy(hEvent=0x126600d8)
[2026-10-08 00:22:10.133] [thread-id: 124367440256192] [trace] zeEventDestroy(hEvent)
[2026-10-08 00:22:10.133] [thread-id: 124367440256192] [trace] SUCCESS (ZE_RESULT_SUCCESS) in zeEventDestroy(hEvent=0x126607d8)
[2026-10-08 00:22:10.133] [thread-id: 124367440256192] [trace] zeEventDestroy(hEvent)
[2026-10-08 00:22:10.133] [thread-id: 124367440256192] [trace] SUCCESS (ZE_RESULT_SUCCESS) in zeEventDestroy(hEvent=0x12660ce8)
[2026-10-08 00:22:10.133] [thread-id: 124367440256192] [trace] zeEventDestroy(hEvent)
[2026-10-08 00:22:10.133] [thread-id: 124367440256192] [trace] SUCCESS (ZE_RESULT_SUCCESS) in zeEventDestroy(hEvent=0x126613e8)
[2026-10-08 00:22:10.133] [thread-id: 124367440256192] [trace] zeEventDestroy(hEvent)
[2026-10-08 00:22:10.133] [thread-id: 124367440256192] [trace] SUCCESS (ZE_RESULT_SUCCESS) in zeEventDestroy(hEvent=0x126618f8)
[2026-10-08 00:22:10.133] [thread-id: 124367440256192] [trace] zeEventDestroy(hEvent)
[2026-10-08 00:22:10.133] [thread-id: 124367440256192] [trace] SUCCESS (ZE_RESULT_SUCCESS) in zeEventDestroy(hEvent=0x12661ff8)
[2026-10-08 00:22:10.133] [thread-id: 124367440256192] [trace] zeEventDestroy(hEvent)
[2026-10-08 00:22:10.133] [thread-id: 124367440256192] [trace] SUCCESS (ZE_RESULT_SUCCESS) in zeEventDestroy(hEvent=0x12662508)
[2026-10-08 00:22:10.133] [thread-id: 124367440256192] [trace] zeEventDestroy(hEvent)
[2026-10-08 00:22:10.133] [thread-id: 124367440256192] [trace] SUCCESS (ZE_RESULT_SUCCESS) in zeEventDestroy(hEvent=0x12662d48)
[2026-10-08 00:22:10.133] [thread-id: 124367440256192] [trace] zeEventDestroy(hEvent)
[2026-10-08 00:22:10.133] [thread-id: 124367440256192] [trace] SUCCESS (ZE_RESULT_SUCCESS) in zeEventDestroy(hEvent=0x12663258)
[2026-10-08 00:22:10.133] [thread-id: 124367440256192] [trace] zeEventDestroy(hEvent)
[2026-10-08 00:22:10.133] [thread-id: 124367440256192] [trace] SUCCESS (ZE_RESULT_SUCCESS) in zeEventDestroy(hEvent=0x12663958)
[2026-10-08 00:22:10.133] [thread-id: 124367440256192] [trace] zeEventDestroy(hEvent)
[2026-10-08 00:22:10.133] [thread-id: 124367440256192] [trace] SUCCESS (ZE_RESULT_SUCCESS) in zeEventDestroy(hEvent=0x12663e68)
[2026-10-08 00:22:10.133] [thread-id: 124367440256192] [trace] zeEventDestroy(hEvent)
[2026-10-08 00:22:10.133] [thread-id: 124367440256192] [trace] SUCCESS (ZE_RESULT_SUCCESS) in zeEventDestroy(hEvent=0x12664568)
[2026-10-08 00:22:10.133] [thread-id: 124367440256192] [trace] zeEventDestroy(hEvent)
[2026-10-08 00:22:10.133] [thread-id: 124367440256192] [trace] SUCCESS (ZE_RESULT_SUCCESS) in zeEventDestroy(hEvent=0x12664a78)
[2026-10-08 00:22:10.133] [thread-id: 124367440256192] [trace] zeEventDestroy(hEvent)
[2026-10-08 00:22:10.133] [thread-id: 124367440256192] [trace] SUCCESS (ZE_RESULT_SUCCESS) in zeEventDestroy(hEvent=0x12665178)
[2026-10-08 00:22:10.133] [thread-id: 124367440256192] [trace] zeEventDestroy(hEvent)
[2026-10-08 00:22:10.133] [thread-id: 124367440256192] [trace] SUCCESS (ZE_RESULT_SUCCESS) in zeEventDestroy(hEvent=0x12665688)
[2026-10-08 00:22:10.133] [thread-id: 124367440256192] [trace] zeEventDestroy(hEvent)
[2026-10-08 00:22:10.133] [thread-id: 124367440256192] [trace] SUCCESS (ZE_RESULT_SUCCESS) in zeEventDestroy(hEvent=0x12665d88)
[2026-10-08 00:22:10.133] [thread-id: 124367440256192] [trace] zeEventDestroy(hEvent)
[2026-10-08 00:22:10.133] [thread-id: 124367440256192] [trace] SUCCESS (ZE_RESULT_SUCCESS) in zeEventDestroy(hEvent=0x126664a8)
[2026-10-08 00:22:10.133] [thread-id: 124367440256192] [trace] zeEventDestroy(hEvent)
[2026-10-08 00:22:10.133] [thread-id: 124367440256192] [trace] SUCCESS (ZE_RESULT_SUCCESS) in zeEventDestroy(hEvent=0x12666ba8)
[2026-10-08 00:22:10.133] [thread-id: 124367440256192] [trace] zeEventDestroy(hEvent)
[2026-10-08 00:22:10.133] [thread-id: 124367440256192] [trace] SUCCESS (ZE_RESULT_SUCCESS) in zeEventDestroy(hEvent=0x126670b8)
[2026-10-08 00:22:10.133] [thread-id: 124367440256192] [trace] zeEventDestroy(hEvent)
[2026-10-08 00:22:10.133] [thread-id: 124367440256192] [trace] SUCCESS (ZE_RESULT_SUCCESS) in zeEventDestroy(hEvent=0x126677b8)
[2026-10-08 00:22:10.133] [thread-id: 124367440256192] [trace] zeEventDestroy(hEvent)
[2026-10-08 00:22:10.133] [thread-id: 124367440256192] [trace] SUCCESS (ZE_RESULT_SUCCESS) in zeEventDestroy(hEvent=0x12667cc8)
[2026-10-08 00:22:10.133] [thread-id: 124367440256192] [trace] zeEventDestroy(hEvent)
[2026-10-08 00:22:10.133] [thread-id: 124367440256192] [trace] SUCCESS (ZE_RESULT_SUCCESS) in zeEventDestroy(hEvent=0x126683c8)
[2026-10-08 00:22:10.133] [thread-id: 124367440256192] [trace] zeEventDestroy(hEvent)
[2026-10-08 00:22:10.133] [thread-id: 124367440256192] [trace] SUCCESS (ZE_RESULT_SUCCESS) in zeEventDestroy(hEvent=0x126688d8)
[2026-10-08 00:22:10.133] [thread-id: 124367440256192] [trace] zeEventDestroy(hEvent)
[2026-10-08 00:22:10.133] [thread-id: 124367440256192] [trace] SUCCESS (ZE_RESULT_SUCCESS) in zeEventDestroy(hEvent=0x12668fd8)
[2026-10-08 00:22:10.133] [thread-id: 124367440256192] [trace] zeEventDestroy(hEvent)
[2026-10-08 00:22:10.133] [thread-id: 124367440256192] [trace] SUCCESS (ZE_RESULT_SUCCESS) in zeEventDestroy(hEvent=0x126694e8)
[2026-10-08 00:22:10.133] [thread-id: 124367440256192] [trace] zeEventDestroy(hEvent)
[2026-10-08 00:22:10.133] [thread-id: 124367440256192] [trace] SUCCESS (ZE_RESULT_SUCCESS) in zeEventDestroy(hEvent=0x12669be8)
[2026-10-08 00:22:10.133] [thread-id: 124367440256192] [trace] zeEventDestroy(hEvent)
[2026-10-08 00:22:10.133] [thread-id: 124367440256192] [trace] SUCCESS (ZE_RESULT_SUCCESS) in zeEventDestroy(hEvent=0x1266a0f8)
[2026-10-08 00:22:10.133] [thread-id: 124367440256192] [trace] zeEventDestroy(hEvent)
[2026-10-08 00:22:10.133] [thread-id: 124367440256192] [trace] SUCCESS (ZE_RESULT_SUCCESS) in zeEventDestroy(hEvent=0x1266a7f8)
[2026-10-08 00:22:10.133] [thread-id: 124367440256192] [trace] zeEventDestroy(hEvent)
[2026-10-08 00:22:10.133] [thread-id: 124367440256192] [trace] SUCCESS (ZE_RESULT_SUCCESS) in zeEventDestroy(hEvent=0x1266ad08)
[2026-10-08 00:22:10.133] [thread-id: 124367440256192] [trace] zeEventDestroy(hEvent)
[2026-10-08 00:22:10.133] [thread-id: 124367440256192] [trace] SUCCESS (ZE_RESULT_SUCCESS) in zeEventDestroy(hEvent=0x1266b408)
[2026-10-08 00:22:10.133] [thread-id: 124367440256192] [trace] zeEventDestroy(hEvent)
[2026-10-08 00:22:10.133] [thread-id: 124367440256192] [trace] SUCCESS (ZE_RESULT_SUCCESS) in zeEventDestroy(hEvent=0x1266b918)
[2026-10-08 00:22:10.133] [thread-id: 124367440256192] [trace] zeEventDestroy(hEvent)
[2026-10-08 00:22:10.133] [thread-id: 124367440256192] [trace] SUCCESS (ZE_RESULT_SUCCESS) in zeEventDestroy(hEvent=0x1266c018)
[2026-10-08 00:22:10.134] [thread-id: 124367440256192] [trace] zeEventDestroy(hEvent)
[2026-10-08 00:22:10.134] [thread-id: 124367440256192] [trace] SUCCESS (ZE_RESULT_SUCCESS) in zeEventDestroy(hEvent=0x1266c528)
[2026-10-08 00:22:10.134] [thread-id: 124367440256192] [trace] zeEventDestroy(hEvent)
[2026-10-08 00:22:10.134] [thread-id: 124367440256192] [trace] SUCCESS (ZE_RESULT_SUCCESS) in zeEventDestroy(hEvent=0x1266cc28)
[2026-10-08 00:22:10.134] [thread-id: 124367440256192] [trace] zeEventDestroy(hEvent)
[2026-10-08 00:22:10.134] [thread-id: 124367440256192] [trace] SUCCESS (ZE_RESULT_SUCCESS) in zeEventDestroy(hEvent=0x1266d138)
[2026-10-08 00:22:10.134] [thread-id: 124367440256192] [trace] zeEventDestroy(hEvent)
[2026-10-08 00:22:10.134] [thread-id: 124367440256192] [trace] SUCCESS (ZE_RESULT_SUCCESS) in zeEventDestroy(hEvent=0x1266dab8)
[2026-10-08 00:22:10.134] [thread-id: 124367440256192] [trace] zeEventDestroy(hEvent)
[2026-10-08 00:22:10.134] [thread-id: 124367440256192] [trace] SUCCESS (ZE_RESULT_SUCCESS) in zeEventDestroy(hEvent=0x1266dfc8)
[2026-10-08 00:22:10.134] [thread-id: 124367440256192] [trace] zeEventDestroy(hEvent)
[2026-10-08 00:22:10.134] [thread-id: 124367440256192] [trace] SUCCESS (ZE_RESULT_SUCCESS) in zeEventDestroy(hEvent=0x1266e6c8)
[2026-10-08 00:22:10.134] [thread-id: 124367440256192] [trace] zeEventDestroy(hEvent)
[2026-10-08 00:22:10.134] [thread-id: 124367440256192] [trace] SUCCESS (ZE_RESULT_SUCCESS) in zeEventDestroy(hEvent=0x1266ebd8)
[2026-10-08 00:22:10.134] [thread-id: 124367440256192] [trace] zeEventDestroy(hEvent)
[2026-10-08 00:22:10.134] [thread-id: 124367440256192] [trace] SUCCESS (ZE_RESULT_SUCCESS) in zeEventDestroy(hEvent=0x1266f2d8)
[2026-10-08 00:22:10.134] [thread-id: 124367440256192] [trace] zeEventDestroy(hEvent)
[2026-10-08 00:22:10.134] [thread-id: 124367440256192] [trace] SUCCESS (ZE_RESULT_SUCCESS) in zeEventDestroy(hEvent=0x1266f7e8)
[2026-10-08 00:22:10.134] [thread-id: 124367440256192] [trace] zeEventDestroy(hEvent)
[2026-10-08 00:22:10.134] [thread-id: 124367440256192] [trace] SUCCESS (ZE_RESULT_SUCCESS) in zeEventDestroy(hEvent=0x1266fee8)
[2026-10-08 00:22:10.134] [thread-id: 124367440256192] [trace] zeEventDestroy(hEvent)
[2026-10-08 00:22:10.134] [thread-id: 124367440256192] [trace] SUCCESS (ZE_RESULT_SUCCESS) in zeEventDestroy(hEvent=0x126703f8)
[2026-10-08 00:22:10.134] [thread-id: 124367440256192] [trace] zeEventDestroy(hEvent)
[2026-10-08 00:22:10.134] [thread-id: 124367440256192] [trace] SUCCESS (ZE_RESULT_SUCCESS) in zeEventDestroy(hEvent=0x12670af8)
[2026-10-08 00:22:10.134] [thread-id: 124367440256192] [trace] zeEventDestroy(hEvent)
[2026-10-08 00:22:10.134] [thread-id: 124367440256192] [trace] SUCCESS (ZE_RESULT_SUCCESS) in zeEventDestroy(hEvent=0x12671008)
[2026-10-08 00:22:10.134] [thread-id: 124367440256192] [trace] zeEventDestroy(hEvent)
[2026-10-08 00:22:10.134] [thread-id: 124367440256192] [trace] SUCCESS (ZE_RESULT_SUCCESS) in zeEventDestroy(hEvent=0x12671708)
[2026-10-08 00:22:10.134] [thread-id: 124367440256192] [trace] zeEventDestroy(hEvent)
[2026-10-08 00:22:10.134] [thread-id: 124367440256192] [trace] SUCCESS (ZE_RESULT_SUCCESS) in zeEventDestroy(hEvent=0x12671c18)
[2026-10-08 00:22:10.134] [thread-id: 124367440256192] [trace] zeEventDestroy(hEvent)
[2026-10-08 00:22:10.134] [thread-id: 124367440256192] [trace] SUCCESS (ZE_RESULT_SUCCESS) in zeEventDestroy(hEvent=0x12659a68)
[2026-10-08 00:22:10.134] [thread-id: 124367440256192] [trace] zeEventDestroy(hEvent)
[2026-10-08 00:22:10.134] [thread-id: 124367440256192] [trace] SUCCESS (ZE_RESULT_SUCCESS) in zeEventDestroy(hEvent=0x12659e08)
[2026-10-08 00:22:10.134] [thread-id: 124367440256192] [trace] zeCommandListDestroy(hCommandList)
[2026-10-08 00:22:10.134] [thread-id: 124367440256192] [trace] SUCCESS (ZE_RESULT_SUCCESS) in zeCommandListDestroy(hCommandList=0x12628d88)
[2026-10-08 00:22:10.134] [thread-id: 124367440256192] [trace] zeContextDestroy(hContext)
[2026-10-08 00:22:10.134] [thread-id: 124367440256192] [trace] SUCCESS (ZE_RESULT_SUCCESS) in zeContextDestroy(hContext=0x12621738)
   <--- urContextRelease(.hContext = 0x12624b90) -> UR_RESULT_SUCCESS;
   ---> urDeviceRelease
   <--- urDeviceRelease(.hDevice = 0x12620040) -> UR_RESULT_SUCCESS;
   ---> urAdapterRelease
   <--- urAdapterRelease(.hAdapter = 0x12424700) -> UR_RESULT_SUCCESS;
