=thread-group-added,id="i1"
(gdb) 
1^done
(gdb) 
2^done
(gdb) 
3^done
(gdb) 
4^done
(gdb) 
5^done
(gdb) 
6^done
(gdb) 
7^done
(gdb) 
8^done
(gdb) 
9^done
(gdb) 
10^done
(gdb) 
=thread-group-started,id="i1",pid="2986903"
=thread-created,id="1",group-id="i1"
=library-loaded,id="/lib64/ld-linux-x86-64.so.2",target-name="/lib64/ld-linux-x86-64.so.2",host-name="/lib64/ld-linux-x86-64.so.2",symbols-loaded="0",thread-group="i1",ranges=[{from="0x00007ffff7fc6000",to="0x00007ffff7ff0195"}]
11^running
*running,thread-id="all"
(gdb) 
=library-loaded,id="/usr/lib/x86_64-linux-gnu/libm.so.6",target-name="/usr/lib/x86_64-linux-gnu/libm.so.6",host-name="/usr/lib/x86_64-linux-gnu/libm.so.6",symbols-loaded="0",thread-group="i1",ranges=[{from="0x00007ffff7ee2420",to="0x00007ffff7f603a6"}]
=library-loaded,id="/usr/lib/x86_64-linux-gnu/libz.so.1",target-name="/usr/lib/x86_64-linux-gnu/libz.so.1",host-name="/usr/lib/x86_64-linux-gnu/libz.so.1",symbols-loaded="0",thread-group="i1",ranges=[{from="0x00007ffff7eb8260",to="0x00007ffff7ec9c60"}]
=library-loaded,id="/usr/lib/x86_64-linux-gnu/libexpat.so.1",target-name="/usr/lib/x86_64-linux-gnu/libexpat.so.1",host-name="/usr/lib/x86_64-linux-gnu/libexpat.so.1",symbols-loaded="0",thread-group="i1",ranges=[{from="0x00007ffff7e8c210",to="0x00007ffff7eaa473"}]
=library-loaded,id="/usr/lib/x86_64-linux-gnu/libc.so.6",target-name="/usr/lib/x86_64-linux-gnu/libc.so.6",host-name="/usr/lib/x86_64-linux-gnu/libc.so.6",symbols-loaded="0",thread-group="i1",ranges=[{from="0x00007ffff7c9d800",to="0x00007ffff7e25039"}]
~"[Thread debugging using libthread_db enabled]\n"
~"Using host libthread_db library \"/usr/lib/x86_64-linux-gnu/libthread_db.so.1\".\n"
=library-loaded,id="/usr/lib/python3.12/lib-dynload/_json.cpython-312-x86_64-linux-gnu.so",target-name="/usr/lib/python3.12/lib-dynload/_json.cpython-312-x86_64-linux-gnu.so",host-name="/usr/lib/python3.12/lib-dynload/_json.cpython-312-x86_64-linux-gnu.so",symbols-loaded="0",thread-group="i1",ranges=[{from="0x00007ffff75b06a0",to="0x00007ffff75b660d"}]
~"process 2986903 is executing new program: /home/yayoi/.local/state/strata-sycl/post-reboot-tuning-20261007/strata-prefill-workspace-reclaim-candidate\n"
=library-unloaded,id="/lib64/ld-linux-x86-64.so.2",target-name="/lib64/ld-linux-x86-64.so.2",host-name="/lib64/ld-linux-x86-64.so.2",thread-group="i1"
=library-unloaded,id="/usr/lib/x86_64-linux-gnu/libm.so.6",target-name="/usr/lib/x86_64-linux-gnu/libm.so.6",host-name="/usr/lib/x86_64-linux-gnu/libm.so.6",thread-group="i1"
=library-unloaded,id="/usr/lib/x86_64-linux-gnu/libz.so.1",target-name="/usr/lib/x86_64-linux-gnu/libz.so.1",host-name="/usr/lib/x86_64-linux-gnu/libz.so.1",thread-group="i1"
=library-unloaded,id="/usr/lib/x86_64-linux-gnu/libexpat.so.1",target-name="/usr/lib/x86_64-linux-gnu/libexpat.so.1",host-name="/usr/lib/x86_64-linux-gnu/libexpat.so.1",thread-group="i1"
=library-unloaded,id="/usr/lib/x86_64-linux-gnu/libc.so.6",target-name="/usr/lib/x86_64-linux-gnu/libc.so.6",host-name="/usr/lib/x86_64-linux-gnu/libc.so.6",thread-group="i1"
=library-unloaded,id="/usr/lib/python3.12/lib-dynload/_json.cpython-312-x86_64-linux-gnu.so",target-name="/usr/lib/python3.12/lib-dynload/_json.cpython-312-x86_64-linux-gnu.so",host-name="/usr/lib/python3.12/lib-dynload/_json.cpython-312-x86_64-linux-gnu.so",thread-group="i1"
=library-loaded,id="/lib64/ld-linux-x86-64.so.2",target-name="/lib64/ld-linux-x86-64.so.2",host-name="/lib64/ld-linux-x86-64.so.2",symbols-loaded="0",thread-group="i1",ranges=[{from="0x00007ffff7fc6000",to="0x00007ffff7ff0195"}]
=library-loaded,id="/usr/lib/x86_64-linux-gnu/libm.so.6",target-name="/usr/lib/x86_64-linux-gnu/libm.so.6",host-name="/usr/lib/x86_64-linux-gnu/libm.so.6",symbols-loaded="0",thread-group="i1",ranges=[{from="0x00007ffff7ee2420",to="0x00007ffff7f603a6"}]
=library-loaded,id="/opt/intel/oneapi/mkl/2026.1/lib/libmkl_sycl_blas.so.6",target-name="/opt/intel/oneapi/mkl/2026.1/lib/libmkl_sycl_blas.so.6",host-name="/opt/intel/oneapi/mkl/2026.1/lib/libmkl_sycl_blas.so.6",symbols-loaded="0",thread-group="i1",ranges=[{from="0x00007ffff4db66a0",to="0x00007ffff6b3a502"}]
=library-loaded,id="/opt/intel/oneapi/mkl/2026.1/lib/libmkl_sycl_lapack.so.6",target-name="/opt/intel/oneapi/mkl/2026.1/lib/libmkl_sycl_lapack.so.6",host-name="/opt/intel/oneapi/mkl/2026.1/lib/libmkl_sycl_lapack.so.6",symbols-loaded="0",thread-group="i1",ranges=[{from="0x00007ffff2cd12b0",to="0x00007ffff3b0fc00"}]
=library-loaded,id="/opt/intel/oneapi/mkl/2026.1/lib/libmkl_sycl_dft.so.6",target-name="/opt/intel/oneapi/mkl/2026.1/lib/libmkl_sycl_dft.so.6",host-name="/opt/intel/oneapi/mkl/2026.1/lib/libmkl_sycl_dft.so.6",symbols-loaded="0",thread-group="i1",ranges=[{from="0x00007ffff04df2c0",to="0x00007ffff0846392"}]
=library-loaded,id="/opt/intel/oneapi/mkl/2026.1/lib/libmkl_sycl_sparse.so.6",target-name="/opt/intel/oneapi/mkl/2026.1/lib/libmkl_sycl_sparse.so.6",host-name="/opt/intel/oneapi/mkl/2026.1/lib/libmkl_sycl_sparse.so.6",symbols-loaded="0",thread-group="i1",ranges=[{from="0x00007fffedab8ce0",to="0x00007fffef0b80e3"}]
=library-loaded,id="/opt/intel/oneapi/mkl/2026.1/lib/libmkl_sycl_rng.so.6",target-name="/opt/intel/oneapi/mkl/2026.1/lib/libmkl_sycl_rng.so.6",host-name="/opt/intel/oneapi/mkl/2026.1/lib/libmkl_sycl_rng.so.6",symbols-loaded="0",thread-group="i1",ranges=[{from="0x00007fffe9f18f40",to="0x00007fffeb5dee42"}]
=library-loaded,id="/opt/intel/oneapi/mkl/2026.1/lib/libmkl_sycl_stats.so.6",target-name="/opt/intel/oneapi/mkl/2026.1/lib/libmkl_sycl_stats.so.6",host-name="/opt/intel/oneapi/mkl/2026.1/lib/libmkl_sycl_stats.so.6",symbols-loaded="0",thread-group="i1",ranges=[{from="0x00007fffe876c720",to="0x00007fffe8b778d0"}]
=library-loaded,id="/opt/intel/oneapi/mkl/2026.1/lib/libmkl_sycl_vm.so.6",target-name="/opt/intel/oneapi/mkl/2026.1/lib/libmkl_sycl_vm.so.6",host-name="/opt/intel/oneapi/mkl/2026.1/lib/libmkl_sycl_vm.so.6",symbols-loaded="0",thread-group="i1",ranges=[{from="0x00007fffe540eca0",to="0x00007fffe6bd2eb4"}]
=library-loaded,id="/opt/intel/oneapi/mkl/2026.1/lib/libmkl_sycl_data_fitting.so.6",target-name="/opt/intel/oneapi/mkl/2026.1/lib/libmkl_sycl_data_fitting.so.6",host-name="/opt/intel/oneapi/mkl/2026.1/lib/libmkl_sycl_data_fitting.so.6",symbols-loaded="0",thread-group="i1",ranges=[{from="0x00007fffe3f152e0",to="0x00007fffe3fbdac3"}]
=library-loaded,id="/opt/intel/oneapi/mkl/2026.1/lib/libmkl_intel_lp64.so.3",target-name="/opt/intel/oneapi/mkl/2026.1/lib/libmkl_intel_lp64.so.3",host-name="/opt/intel/oneapi/mkl/2026.1/lib/libmkl_intel_lp64.so.3",symbols-loaded="0",thread-group="i1",ranges=[{from="0x00007fffe2e0f430",to="0x00007fffe38d343f"}]
=library-loaded,id="/opt/intel/oneapi/mkl/2026.1/lib/libmkl_sequential.so.3",target-name="/opt/intel/oneapi/mkl/2026.1/lib/libmkl_sequential.so.3",host-name="/opt/intel/oneapi/mkl/2026.1/lib/libmkl_sequential.so.3",symbols-loaded="0",thread-group="i1",ranges=[{from="0x00007fffe1635b70",to="0x00007fffe29abdca"}]
=library-loaded,id="/opt/intel/oneapi/mkl/2026.1/lib/libmkl_core.so.3",target-name="/opt/intel/oneapi/mkl/2026.1/lib/libmkl_core.so.3",host-name="/opt/intel/oneapi/mkl/2026.1/lib/libmkl_core.so.3",symbols-loaded="0",thread-group="i1",ranges=[{from="0x00007fffdd07ce00",to="0x00007fffe0f5a03c"}]
=library-loaded,id="/usr/lib/x86_64-linux-gnu/libstdc++.so.6",target-name="/usr/lib/x86_64-linux-gnu/libstdc++.so.6",host-name="/usr/lib/x86_64-linux-gnu/libstdc++.so.6",symbols-loaded="0",thread-group="i1",ranges=[{from="0x00007fffdcc935c0",to="0x00007fffdcdd2ce2"}]
=library-loaded,id="/usr/lib/x86_64-linux-gnu/libgcc_s.so.1",target-name="/usr/lib/x86_64-linux-gnu/libgcc_s.so.1",host-name="/usr/lib/x86_64-linux-gnu/libgcc_s.so.1",symbols-loaded="0",thread-group="i1",ranges=[{from="0x00007fffdcbc4780",to="0x00007fffdcbe7745"}]
=library-loaded,id="/opt/intel/oneapi/compiler/2026.1/lib/libsycl.so.9",target-name="/opt/intel/oneapi/compiler/2026.1/lib/libsycl.so.9",host-name="/opt/intel/oneapi/compiler/2026.1/lib/libsycl.so.9",symbols-loaded="0",thread-group="i1",ranges=[{from="0x00007fffdc8e1900",to="0x00007fffdcbb1aae"}]
=library-loaded,id="/opt/intel/oneapi/compiler/2026.1/lib/libOpenCL.so.1",target-name="/opt/intel/oneapi/compiler/2026.1/lib/libOpenCL.so.1",host-name="/opt/intel/oneapi/compiler/2026.1/lib/libOpenCL.so.1",symbols-loaded="0",thread-group="i1",ranges=[{from="0x00007fffdc7d6b10",to="0x00007fffdc7dee05"}]
=library-loaded,id="/usr/lib/x86_64-linux-gnu/libc.so.6",target-name="/usr/lib/x86_64-linux-gnu/libc.so.6",host-name="/usr/lib/x86_64-linux-gnu/libc.so.6",symbols-loaded="0",thread-group="i1",ranges=[{from="0x00007fffdc5e3800",to="0x00007fffdc76b039"}]
=library-loaded,id="/usr/lib/x86_64-linux-gnu/libdl.so.2",target-name="/usr/lib/x86_64-linux-gnu/libdl.so.2",host-name="/usr/lib/x86_64-linux-gnu/libdl.so.2",symbols-loaded="0",thread-group="i1",ranges=[{from="0x00007fffdc5b7040",to="0x00007fffdc5b7105"}]
=library-loaded,id="/usr/lib/x86_64-linux-gnu/libpthread.so.0",target-name="/usr/lib/x86_64-linux-gnu/libpthread.so.0",host-name="/usr/lib/x86_64-linux-gnu/libpthread.so.0",symbols-loaded="0",thread-group="i1",ranges=[{from="0x00007fffdc5b2040",to="0x00007fffdc5b2105"}]
=library-loaded,id="/opt/intel/oneapi/compiler/2026.1/lib/libur_loader.so.0",target-name="/opt/intel/oneapi/compiler/2026.1/lib/libur_loader.so.0",host-name="/opt/intel/oneapi/compiler/2026.1/lib/libur_loader.so.0",symbols-loaded="0",thread-group="i1",ranges=[{from="0x00007fffdbbe4840",to="0x00007fffdc55ed24"}]
=library-loaded,id="/opt/intel/oneapi/compiler/2026.1/lib/libsvml.so",target-name="/opt/intel/oneapi/compiler/2026.1/lib/libsvml.so",host-name="/opt/intel/oneapi/compiler/2026.1/lib/libsvml.so",symbols-loaded="0",thread-group="i1",ranges=[{from="0x00007fffdac445c0",to="0x00007fffdb6eca7f"}]
=library-loaded,id="/opt/intel/oneapi/compiler/2026.1/lib/libirng.so",target-name="/opt/intel/oneapi/compiler/2026.1/lib/libirng.so",host-name="/opt/intel/oneapi/compiler/2026.1/lib/libirng.so",symbols-loaded="0",thread-group="i1",ranges=[{from="0x00007fffd9fe1c80",to="0x00007fffda024f16"}]
=library-loaded,id="/opt/intel/oneapi/compiler/2026.1/lib/libimf.so",target-name="/opt/intel/oneapi/compiler/2026.1/lib/libimf.so",host-name="/opt/intel/oneapi/compiler/2026.1/lib/libimf.so",symbols-loaded="0",thread-group="i1",ranges=[{from="0x00007fffd9d61170",to="0x00007fffd9eef292"}]
=library-loaded,id="/opt/intel/oneapi/compiler/2026.1/lib/libintlc.so.5",target-name="/opt/intel/oneapi/compiler/2026.1/lib/libintlc.so.5",host-name="/opt/intel/oneapi/compiler/2026.1/lib/libintlc.so.5",symbols-loaded="0",thread-group="i1",ranges=[{from="0x00007fffd9aa0240",to="0x00007fffd9aeb1f0"}]
=library-loaded,id="/usr/lib/x86_64-linux-gnu/librt.so.1",target-name="/usr/lib/x86_64-linux-gnu/librt.so.1",host-name="/usr/lib/x86_64-linux-gnu/librt.so.1",symbols-loaded="0",thread-group="i1",ranges=[{from="0x00007fffd9a8b080",to="0x00007fffd9a8b2b1"}]
=library-loaded,id="/usr/lib/x86_64-linux-gnu/libz.so.1",target-name="/usr/lib/x86_64-linux-gnu/libz.so.1",host-name="/usr/lib/x86_64-linux-gnu/libz.so.1",symbols-loaded="0",thread-group="i1",ranges=[{from="0x00007fffd9a70260",to="0x00007fffd9a81c60"}]
&"warning: File \"/opt/intel/oneapi/compiler/2026.1/lib/libsycl.so.9.0.0-gdb.py\" auto-loading has been declined by your `auto-load safe-path' set to \"$debugdir:$datadir/auto-load\".\n"
~"To enable execution of this file add\n\tadd-auto-load-safe-path "
~"/opt/intel/oneapi/compiler/2026.1/lib/libsycl.so.9.0.0-gdb.py\nline to your configuration file \""
~"/home/yayoi/.config/gdb/gdbinit\".\nTo completely disable this security protection add\n\tset auto-load safe-path /\nline to your configuration file \""
~"/home/yayoi/.config/gdb/gdbinit\".\nFor more information about this security protection see the\n\"Auto-loading safe path\" section in the GDB manual.  E.g., run from the shell:\n\tinfo \"(gdb)Auto-loading safe path\"\n"
~"[Thread debugging using libthread_db enabled]\n"
~"Using host libthread_db library \"/usr/lib/x86_64-linux-gnu/libthread_db.so.1\".\n"
=library-loaded,id="/opt/intel/oneapi/compiler/2026.1/lib/libur_adapter_level_zero_v2.so.0",target-name="/opt/intel/oneapi/compiler/2026.1/lib/libur_adapter_level_zero_v2.so.0",host-name="/opt/intel/oneapi/compiler/2026.1/lib/libur_adapter_level_zero_v2.so.0",symbols-loaded="0",thread-group="i1",ranges=[{from="0x00007fec616af750",to="0x00007fec6180b822"}]
=library-loaded,id="/opt/intel/oneapi/umf/1.1/lib/libumf.so.1",target-name="/opt/intel/oneapi/umf/1.1/lib/libumf.so.1",host-name="/opt/intel/oneapi/umf/1.1/lib/libumf.so.1",symbols-loaded="0",thread-group="i1",ranges=[{from="0x00007fffd9a108f0",to="0x00007fffd9a33470"}]
=library-loaded,id="/usr/lib/x86_64-linux-gnu/libhwloc.so.15",target-name="/usr/lib/x86_64-linux-gnu/libhwloc.so.15",host-name="/usr/lib/x86_64-linux-gnu/libhwloc.so.15",symbols-loaded="0",thread-group="i1",ranges=[{from="0x00007fec615fed90",to="0x00007fec61644d2e"}]
=library-loaded,id="/usr/lib/x86_64-linux-gnu/libudev.so.1",target-name="/usr/lib/x86_64-linux-gnu/libudev.so.1",host-name="/usr/lib/x86_64-linux-gnu/libudev.so.1",symbols-loaded="0",thread-group="i1",ranges=[{from="0x00007fffd99dc0f0",to="0x00007fffd99fc4c0"}]
=library-loaded,id="/usr/lib/x86_64-linux-gnu/libcap.so.2",target-name="/usr/lib/x86_64-linux-gnu/libcap.so.2",host-name="/usr/lib/x86_64-linux-gnu/libcap.so.2",symbols-loaded="0",thread-group="i1",ranges=[{from="0x00007fffd99cc9c0",to="0x00007fffd99d1607"}]
=library-loaded,id="/usr/lib/x86_64-linux-gnu/libze_loader.so.1",target-name="/usr/lib/x86_64-linux-gnu/libze_loader.so.1",host-name="/usr/lib/x86_64-linux-gnu/libze_loader.so.1",symbols-loaded="0",thread-group="i1",ranges=[{from="0x00007fec6153bd00",to="0x00007fec615c0795"}]
=library-loaded,id="/usr/lib/x86_64-linux-gnu/libze_intel_gpu.so.1",target-name="/usr/lib/x86_64-linux-gnu/libze_intel_gpu.so.1",host-name="/usr/lib/x86_64-linux-gnu/libze_intel_gpu.so.1",symbols-loaded="0",thread-group="i1",ranges=[{from="0x00007fec5d9f4570",to="0x00007fec5e2ffa32"}]
=library-loaded,id="/usr/lib/x86_64-linux-gnu/libigdgmm.so.12",target-name="/usr/lib/x86_64-linux-gnu/libigdgmm.so.12",host-name="/usr/lib/x86_64-linux-gnu/libigdgmm.so.12",symbols-loaded="0",thread-group="i1",ranges=[{from="0x00007fec5d8692c0",to="0x00007fec5d92ca89"}]
=library-loaded,id="/usr/lib/x86_64-linux-gnu/libze_validation_layer.so.1",target-name="/usr/lib/x86_64-linux-gnu/libze_validation_layer.so.1",host-name="/usr/lib/x86_64-linux-gnu/libze_validation_layer.so.1",symbols-loaded="0",thread-group="i1",ranges=[{from="0x00007fec5d6afc80",to="0x00007fec5d7fe5f5"}]
=library-loaded,id="/usr/lib/x86_64-linux-gnu/libze_tracing_layer.so.1",target-name="/usr/lib/x86_64-linux-gnu/libze_tracing_layer.so.1",host-name="/usr/lib/x86_64-linux-gnu/libze_tracing_layer.so.1",symbols-loaded="0",thread-group="i1",ranges=[{from="0x00007fec5d5b3410",to="0x00007fec5d664570"}]
=library-loaded,id="/usr/lib/x86_64-linux-gnu/libigdfcl.so.2",target-name="/usr/lib/x86_64-linux-gnu/libigdfcl.so.2",host-name="/usr/lib/x86_64-linux-gnu/libigdfcl.so.2",symbols-loaded="0",thread-group="i1",ranges=[{from="0x00007fec5d29ced0",to="0x00007fec5d3fe62d"}]
=library-loaded,id="/usr/lib/x86_64-linux-gnu/libopencl-clang.so.17",target-name="/usr/lib/x86_64-linux-gnu/libopencl-clang.so.17",host-name="/usr/lib/x86_64-linux-gnu/libopencl-clang.so.17",symbols-loaded="0",thread-group="i1",ranges=[{from="0x00007fec55767400",to="0x00007fec59740b62"}]
=library-loaded,id="/usr/lib/x86_64-linux-gnu/libigc.so.2",target-name="/usr/lib/x86_64-linux-gnu/libigc.so.2",host-name="/usr/lib/x86_64-linux-gnu/libigc.so.2",symbols-loaded="0",thread-group="i1",ranges=[{from="0x00007fec4f8e8c00",to="0x00007fec52c85895"}]
=library-loaded,id="/usr/lib/x86_64-linux-gnu/libigdml.so.1",target-name="/usr/lib/x86_64-linux-gnu/libigdml.so.1",host-name="/usr/lib/x86_64-linux-gnu/libigdml.so.1",symbols-loaded="0",thread-group="i1",ranges=[{from="0x00007fec4f4ade20",to="0x00007fec4f5a8888"}]
=library-loaded,id="/usr/lib/x86_64-linux-gnu/libdrm.so.2",target-name="/usr/lib/x86_64-linux-gnu/libdrm.so.2",host-name="/usr/lib/x86_64-linux-gnu/libdrm.so.2",symbols-loaded="0",thread-group="i1",ranges=[{from="0x00007fec4f482780",to="0x00007fec4f48d931"}]
=library-loaded,id="/usr/lib/x86_64-linux-gnu/libnl-genl-3.so.200",target-name="/usr/lib/x86_64-linux-gnu/libnl-genl-3.so.200",host-name="/usr/lib/x86_64-linux-gnu/libnl-genl-3.so.200",symbols-loaded="0",thread-group="i1",ranges=[{from="0x00007fec4f2a7680",to="0x00007fec4f2a920c"}]
=library-loaded,id="/usr/lib/x86_64-linux-gnu/libnl-3.so.200",target-name="/usr/lib/x86_64-linux-gnu/libnl-3.so.200",host-name="/usr/lib/x86_64-linux-gnu/libnl-3.so.200",symbols-loaded="0",thread-group="i1",ranges=[{from="0x00007fec4f28b8c0",to="0x00007fec4f299cb9"}]
=library-unloaded,id="/usr/lib/x86_64-linux-gnu/libnl-genl-3.so.200",target-name="/usr/lib/x86_64-linux-gnu/libnl-genl-3.so.200",host-name="/usr/lib/x86_64-linux-gnu/libnl-genl-3.so.200",thread-group="i1"
=library-unloaded,id="/usr/lib/x86_64-linux-gnu/libnl-3.so.200",target-name="/usr/lib/x86_64-linux-gnu/libnl-3.so.200",host-name="/usr/lib/x86_64-linux-gnu/libnl-3.so.200",thread-group="i1"
=library-loaded,id="/usr/lib/x86_64-linux-gnu/libnl-genl-3.so.200",target-name="/usr/lib/x86_64-linux-gnu/libnl-genl-3.so.200",host-name="/usr/lib/x86_64-linux-gnu/libnl-genl-3.so.200",symbols-loaded="0",thread-group="i1",ranges=[{from="0x00007fec4f2a7680",to="0x00007fec4f2a920c"}]
=library-loaded,id="/usr/lib/x86_64-linux-gnu/libnl-3.so.200",target-name="/usr/lib/x86_64-linux-gnu/libnl-3.so.200",host-name="/usr/lib/x86_64-linux-gnu/libnl-3.so.200",symbols-loaded="0",thread-group="i1",ranges=[{from="0x00007fec4f28b8c0",to="0x00007fec4f299cb9"}]
=thread-created,id="2",group-id="i1"
~"[New Thread 0x7fffd79cb6c0 (LWP 2987232)]\n"
*running,thread-id="2"
=thread-created,id="3",group-id="i1"
~"[New Thread 0x7fffd6cba6c0 (LWP 2987249)]\n"
*running,thread-id="3"
=thread-created,id="4",group-id="i1"
~"[New Thread 0x7fffd64b96c0 (LWP 2987250)]\n"
*running,thread-id="4"
=thread-created,id="5",group-id="i1"
~"[New Thread 0x7fffd5cb86c0 (LWP 2987251)]\n"
*running,thread-id="5"
=thread-created,id="6",group-id="i1"
~"[New Thread 0x7fffd54b76c0 (LWP 2987252)]\n"
*running,thread-id="6"
=thread-created,id="7",group-id="i1"
~"[New Thread 0x7fffd4cb66c0 (LWP 2987253)]\n"
*running,thread-id="7"
=thread-created,id="8",group-id="i1"
~"[New Thread 0x7fffd44b56c0 (LWP 2987254)]\n"
*running,thread-id="8"
=thread-created,id="9",group-id="i1"
~"[New Thread 0x7fffd3cb46c0 (LWP 2987255)]\n"
*running,thread-id="9"
=thread-created,id="10",group-id="i1"
~"[New Thread 0x7fffd34b36c0 (LWP 2987256)]\n"
*running,thread-id="10"
=thread-created,id="11",group-id="i1"
~"[New Thread 0x7fffd2cb26c0 (LWP 2987257)]\n"
*running,thread-id="11"
=thread-created,id="12",group-id="i1"
~"[New Thread 0x7fffd24b16c0 (LWP 2987258)]\n"
*running,thread-id="12"
=thread-created,id="13",group-id="i1"
~"[New Thread 0x7fffd1cb06c0 (LWP 2987259)]\n"
*running,thread-id="13"
=thread-created,id="14",group-id="i1"
~"[New Thread 0x7fffd14af6c0 (LWP 2987260)]\n"
*running,thread-id="14"
=thread-created,id="15",group-id="i1"
~"[New Thread 0x7fffd0cae6c0 (LWP 2987261)]\n"
*running,thread-id="15"
=thread-created,id="16",group-id="i1"
~"[New Thread 0x7fffd04ad6c0 (LWP 2987262)]\n"
*running,thread-id="16"
=thread-created,id="17",group-id="i1"
~"[New Thread 0x7fffcfcac6c0 (LWP 2987263)]\n"
*running,thread-id="17"
=thread-created,id="18",group-id="i1"
~"[New Thread 0x7fffcf4ab6c0 (LWP 2987264)]\n"
*running,thread-id="18"
=thread-created,id="19",group-id="i1"
~"[New Thread 0x7fffc8ca66c0 (LWP 2987266)]\n"
*running,thread-id="19"
=thread-created,id="20",group-id="i1"
~"[New Thread 0x7fff6e6fe6c0 (LWP 2987341)]\n"
*running,thread-id="20"
=thread-created,id="21",group-id="i1"
~"[New Thread 0x7fff67fff6c0 (LWP 2987342)]\n"
*running,thread-id="21"
=thread-created,id="22",group-id="i1"
~"[New Thread 0x7fff6d56a6c0 (LWP 2987343)]\n"
*running,thread-id="22"
=thread-created,id="23",group-id="i1"
~"[New Thread 0x7fff677fe6c0 (LWP 2987344)]\n"
*running,thread-id="23"
=thread-created,id="24",group-id="i1"
~"[New Thread 0x7fff667fa6c0 (LWP 2987345)]\n"
*running,thread-id="24"
~"[Thread 0x7fff67fff6c0 (LWP 2987342) exited]\n"
=thread-exited,id="21",group-id="i1"
~"[Thread 0x7fff6d56a6c0 (LWP 2987343) exited]\n"
=thread-exited,id="22",group-id="i1"
~"[Thread 0x7fff677fe6c0 (LWP 2987344) exited]\n"
=thread-exited,id="23",group-id="i1"
~"[Thread 0x7fff6e6fe6c0 (LWP 2987341) exited]\n"
=thread-exited,id="20",group-id="i1"
~"[Thread 0x7fff667fa6c0 (LWP 2987345) exited]\n"
=thread-exited,id="24",group-id="i1"
=thread-created,id="25",group-id="i1"
~"[New Thread 0x7fff667fa6c0 (LWP 2988163)]\n"
*running,thread-id="25"
=thread-created,id="26",group-id="i1"
~"[New Thread 0x7fff677fe6c0 (LWP 2988164)]\n"
*running,thread-id="26"
=thread-created,id="27",group-id="i1"
~"[New Thread 0x7fff6d56a6c0 (LWP 2988165)]\n"
*running,thread-id="27"
=thread-created,id="28",group-id="i1"
~"[New Thread 0x7fff67fff6c0 (LWP 2988166)]\n"
*running,thread-id="28"
=thread-created,id="29",group-id="i1"
~"[New Thread 0x7fffd962b6c0 (LWP 2988167)]\n"
*running,thread-id="29"
=thread-created,id="30",group-id="i1"
~"[New Thread 0x7fff555ff6c0 (LWP 2988170)]\n"
*running,thread-id="30"
=thread-created,id="31",group-id="i1"
~"[New Thread 0x7fff54dfe6c0 (LWP 2988171)]\n"
*running,thread-id="31"
=thread-created,id="32",group-id="i1"
~"[New Thread 0x7fff4ffff6c0 (LWP 2988172)]\n"
*running,thread-id="32"
=thread-created,id="33",group-id="i1"
~"[New Thread 0x7fff4dffe6c0 (LWP 2988176)]\n"
*running,thread-id="33"
=thread-created,id="34",group-id="i1"
~"[New Thread 0x7fff4d7fd6c0 (LWP 2988177)]\n"
*running,thread-id="34"
=thread-created,id="35",group-id="i1"
~"[New Thread 0x7fff4cffc6c0 (LWP 2988593)]\n"
*running,thread-id="35"
=thread-created,id="36",group-id="i1"
~"[New Thread 0x7fff2d1ff6c0 (LWP 2991762)]\n"
*running,thread-id="36"
~"[Thread 0x7fff2d1ff6c0 (LWP 2991762) exited]\n"
=thread-exited,id="36",group-id="i1"
=thread-created,id="37",group-id="i1"
~"[New Thread 0x7fff2d1ff6c0 (LWP 2991815)]\n"
*running,thread-id="37"
~"[Thread 0x7fff2d1ff6c0 (LWP 2991815) exited]\n"
=thread-exited,id="37",group-id="i1"
=thread-created,id="38",group-id="i1"
~"[New Thread 0x7fff2d1ff6c0 (LWP 2991853)]\n"
*running,thread-id="38"
~"[Thread 0x7fff2d1ff6c0 (LWP 2991853) exited]\n"
=thread-exited,id="38",group-id="i1"
=thread-created,id="39",group-id="i1"
~"[New Thread 0x7fff2d1ff6c0 (LWP 2991898)]\n"
*running,thread-id="39"
~"[Thread 0x7fff2d1ff6c0 (LWP 2991898) exited]\n"
=thread-exited,id="39",group-id="i1"
=thread-created,id="40",group-id="i1"
~"[New Thread 0x7fff2d1ff6c0 (LWP 2991954)]\n"
*running,thread-id="40"
~"[Thread 0x7fff2d1ff6c0 (LWP 2991954) exited]\n"
=thread-exited,id="40",group-id="i1"
=thread-created,id="41",group-id="i1"
~"[New Thread 0x7fff2d1ff6c0 (LWP 2991979)]\n"
*running,thread-id="41"
~"[Thread 0x7fff2d1ff6c0 (LWP 2991979) exited]\n"
=thread-exited,id="41",group-id="i1"
=thread-created,id="42",group-id="i1"
~"[New Thread 0x7fff2d1ff6c0 (LWP 2992023)]\n"
*running,thread-id="42"
~"[Thread 0x7fff2d1ff6c0 (LWP 2992023) exited]\n"
=thread-exited,id="42",group-id="i1"
=thread-created,id="43",group-id="i1"
~"[New Thread 0x7fff2d1ff6c0 (LWP 2992073)]\n"
*running,thread-id="43"
~"[Thread 0x7fff2d1ff6c0 (LWP 2992073) exited]\n"
=thread-exited,id="43",group-id="i1"
=thread-created,id="44",group-id="i1"
~"[New Thread 0x7fff2d1ff6c0 (LWP 2992112)]\n"
*running,thread-id="44"
~"[Thread 0x7fff2d1ff6c0 (LWP 2992112) exited]\n"
=thread-exited,id="44",group-id="i1"
=thread-created,id="45",group-id="i1"
~"[New Thread 0x7fff2d1ff6c0 (LWP 2992169)]\n"
*running,thread-id="45"
~"[Thread 0x7fff2d1ff6c0 (LWP 2992169) exited]\n"
=thread-exited,id="45",group-id="i1"
=thread-created,id="46",group-id="i1"
~"[New Thread 0x7fff2d1ff6c0 (LWP 2992267)]\n"
*running,thread-id="46"
~"[Thread 0x7fff2d1ff6c0 (LWP 2992267) exited]\n"
=thread-exited,id="46",group-id="i1"
=thread-created,id="47",group-id="i1"
~"[New Thread 0x7fff2d1ff6c0 (LWP 2992297)]\n"
*running,thread-id="47"
~"[Thread 0x7fff2d1ff6c0 (LWP 2992297) exited]\n"
=thread-exited,id="47",group-id="i1"
=thread-created,id="48",group-id="i1"
~"[New Thread 0x7fff2d1ff6c0 (LWP 2992326)]\n"
*running,thread-id="48"
~"[Thread 0x7fff2d1ff6c0 (LWP 2992326) exited]\n"
=thread-exited,id="48",group-id="i1"
=thread-created,id="49",group-id="i1"
~"[New Thread 0x7fff2d1ff6c0 (LWP 2992336)]\n"
*running,thread-id="49"
~"[Thread 0x7fff2d1ff6c0 (LWP 2992336) exited]\n"
=thread-exited,id="49",group-id="i1"
=thread-created,id="50",group-id="i1"
~"[New Thread 0x7fff2d1ff6c0 (LWP 2992386)]\n"
*running,thread-id="50"
~"[Thread 0x7fff2d1ff6c0 (LWP 2992386) exited]\n"
=thread-exited,id="50",group-id="i1"
=thread-created,id="51",group-id="i1"
~"[New Thread 0x7fff2d1ff6c0 (LWP 2992408)]\n"
*running,thread-id="51"
~"[Thread 0x7fff2d1ff6c0 (LWP 2992408) exited]\n"
=thread-exited,id="51",group-id="i1"
=thread-created,id="52",group-id="i1"
~"[New Thread 0x7fff2d1ff6c0 (LWP 2992426)]\n"
*running,thread-id="52"
~"[Thread 0x7fff2d1ff6c0 (LWP 2992426) exited]\n"
=thread-exited,id="52",group-id="i1"
=thread-created,id="53",group-id="i1"
~"[New Thread 0x7fff2d1ff6c0 (LWP 2992468)]\n"
*running,thread-id="53"
~"[Thread 0x7fff2d1ff6c0 (LWP 2992468) exited]\n"
=thread-exited,id="53",group-id="i1"
=thread-created,id="54",group-id="i1"
~"[New Thread 0x7fff2d1ff6c0 (LWP 2992503)]\n"
*running,thread-id="54"
~"[Thread 0x7fff2d1ff6c0 (LWP 2992503) exited]\n"
=thread-exited,id="54",group-id="i1"
=thread-created,id="55",group-id="i1"
~"[New Thread 0x7fff2d1ff6c0 (LWP 2992522)]\n"
*running,thread-id="55"
~"[Thread 0x7fff2d1ff6c0 (LWP 2992522) exited]\n"
=thread-exited,id="55",group-id="i1"
=thread-created,id="56",group-id="i1"
~"[New Thread 0x7fff2d1ff6c0 (LWP 2992542)]\n"
*running,thread-id="56"
~"[Thread 0x7fff2d1ff6c0 (LWP 2992542) exited]\n"
=thread-exited,id="56",group-id="i1"
=thread-created,id="57",group-id="i1"
~"[New Thread 0x7fff2d1ff6c0 (LWP 2992675)]\n"
*running,thread-id="57"
~"[Thread 0x7fff2d1ff6c0 (LWP 2992675) exited]\n"
=thread-exited,id="57",group-id="i1"
=thread-created,id="58",group-id="i1"
~"[New Thread 0x7fff2d1ff6c0 (LWP 2992695)]\n"
*running,thread-id="58"
~"[Thread 0x7fff2d1ff6c0 (LWP 2992695) exited]\n"
=thread-exited,id="58",group-id="i1"
=thread-created,id="59",group-id="i1"
~"[New Thread 0x7fff2d1ff6c0 (LWP 2992716)]\n"
*running,thread-id="59"
~"[Thread 0x7fff2d1ff6c0 (LWP 2992716) exited]\n"
=thread-exited,id="59",group-id="i1"
=thread-created,id="60",group-id="i1"
~"[New Thread 0x7fff2d1ff6c0 (LWP 2992738)]\n"
*running,thread-id="60"
~"[Thread 0x7fff2d1ff6c0 (LWP 2992738) exited]\n"
=thread-exited,id="60",group-id="i1"
=thread-created,id="61",group-id="i1"
~"[New Thread 0x7fff2d1ff6c0 (LWP 2992777)]\n"
*running,thread-id="61"
~"[Thread 0x7fff2d1ff6c0 (LWP 2992777) exited]\n"
=thread-exited,id="61",group-id="i1"
=thread-created,id="62",group-id="i1"
~"[New Thread 0x7fff2d1ff6c0 (LWP 2992799)]\n"
*running,thread-id="62"
~"[Thread 0x7fff2d1ff6c0 (LWP 2992799) exited]\n"
=thread-exited,id="62",group-id="i1"
=thread-created,id="63",group-id="i1"
~"[New Thread 0x7fff2d1ff6c0 (LWP 2992819)]\n"
*running,thread-id="63"
~"[Thread 0x7fff2d1ff6c0 (LWP 2992819) exited]\n"
=thread-exited,id="63",group-id="i1"
=thread-created,id="64",group-id="i1"
~"[New Thread 0x7fff2d1ff6c0 (LWP 2992846)]\n"
*running,thread-id="64"
~"[Thread 0x7fff2d1ff6c0 (LWP 2992846) exited]\n"
=thread-exited,id="64",group-id="i1"
=thread-created,id="65",group-id="i1"
~"[New Thread 0x7fff2d1ff6c0 (LWP 2992892)]\n"
*running,thread-id="65"
~"[Thread 0x7fff2d1ff6c0 (LWP 2992892) exited]\n"
=thread-exited,id="65",group-id="i1"
=thread-created,id="66",group-id="i1"
~"[New Thread 0x7fff2d1ff6c0 (LWP 2992925)]\n"
*running,thread-id="66"
~"[Thread 0x7fff2d1ff6c0 (LWP 2992925) exited]\n"
=thread-exited,id="66",group-id="i1"
=thread-created,id="67",group-id="i1"
~"[New Thread 0x7fff2d1ff6c0 (LWP 2992949)]\n"
*running,thread-id="67"
~"[Thread 0x7fff2d1ff6c0 (LWP 2992949) exited]\n"
=thread-exited,id="67",group-id="i1"
=thread-created,id="68",group-id="i1"
~"[New Thread 0x7fff2d1ff6c0 (LWP 2992970)]\n"
*running,thread-id="68"
~"[Thread 0x7fff2d1ff6c0 (LWP 2992970) exited]\n"
=thread-exited,id="68",group-id="i1"
=thread-created,id="69",group-id="i1"
~"[New Thread 0x7fff2d1ff6c0 (LWP 2992990)]\n"
*running,thread-id="69"
~"[Thread 0x7fff2d1ff6c0 (LWP 2992990) exited]\n"
=thread-exited,id="69",group-id="i1"
=thread-created,id="70",group-id="i1"
~"[New Thread 0x7fff2d1ff6c0 (LWP 2993047)]\n"
*running,thread-id="70"
~"[Thread 0x7fff2d1ff6c0 (LWP 2993047) exited]\n"
=thread-exited,id="70",group-id="i1"
=thread-created,id="71",group-id="i1"
~"[New Thread 0x7fff2d1ff6c0 (LWP 2993065)]\n"
*running,thread-id="71"
~"[Thread 0x7fff2d1ff6c0 (LWP 2993065) exited]\n"
=thread-exited,id="71",group-id="i1"
=thread-created,id="72",group-id="i1"
~"[New Thread 0x7fff2d1ff6c0 (LWP 2993080)]\n"
*running,thread-id="72"
~"[Thread 0x7fff2d1ff6c0 (LWP 2993080) exited]\n"
=thread-exited,id="72",group-id="i1"
=thread-created,id="73",group-id="i1"
~"[New Thread 0x7fff2d1ff6c0 (LWP 2993137)]\n"
*running,thread-id="73"
~"[Thread 0x7fff2d1ff6c0 (LWP 2993137) exited]\n"
=thread-exited,id="73",group-id="i1"
=thread-created,id="74",group-id="i1"
~"[New Thread 0x7fff2d1ff6c0 (LWP 2993155)]\n"
*running,thread-id="74"
~"[Thread 0x7fff2d1ff6c0 (LWP 2993155) exited]\n"
=thread-exited,id="74",group-id="i1"
=thread-created,id="75",group-id="i1"
~"[New Thread 0x7fff2d1ff6c0 (LWP 2993168)]\n"
*running,thread-id="75"
~"[Thread 0x7fff2d1ff6c0 (LWP 2993168) exited]\n"
=thread-exited,id="75",group-id="i1"
=thread-created,id="76",group-id="i1"
~"[New Thread 0x7fff2d1ff6c0 (LWP 2993179)]\n"
*running,thread-id="76"
~"[Thread 0x7fff2d1ff6c0 (LWP 2993179) exited]\n"
=thread-exited,id="76",group-id="i1"
=thread-created,id="77",group-id="i1"
~"[New Thread 0x7fff2d1ff6c0 (LWP 2993192)]\n"
*running,thread-id="77"
~"[Thread 0x7fff2d1ff6c0 (LWP 2993192) exited]\n"
=thread-exited,id="77",group-id="i1"
=thread-created,id="78",group-id="i1"
~"[New Thread 0x7fff2d1ff6c0 (LWP 2993211)]\n"
*running,thread-id="78"
~"[Thread 0x7fff2d1ff6c0 (LWP 2993211) exited]\n"
=thread-exited,id="78",group-id="i1"
=thread-created,id="79",group-id="i1"
~"[New Thread 0x7fff2d1ff6c0 (LWP 2993246)]\n"
*running,thread-id="79"
~"[Thread 0x7fff2d1ff6c0 (LWP 2993246) exited]\n"
=thread-exited,id="79",group-id="i1"
=thread-created,id="80",group-id="i1"
~"[New Thread 0x7fff2d1ff6c0 (LWP 2993278)]\n"
*running,thread-id="80"
~"[Thread 0x7fff2d1ff6c0 (LWP 2993278) exited]\n"
=thread-exited,id="80",group-id="i1"
=thread-created,id="81",group-id="i1"
~"[New Thread 0x7fff2d1ff6c0 (LWP 2993292)]\n"
*running,thread-id="81"
~"[Thread 0x7fff2d1ff6c0 (LWP 2993292) exited]\n"
=thread-exited,id="81",group-id="i1"
=thread-created,id="82",group-id="i1"
~"[New Thread 0x7fff2d1ff6c0 (LWP 2993301)]\n"
*running,thread-id="82"
~"[Thread 0x7fff2d1ff6c0 (LWP 2993301) exited]\n"
=thread-exited,id="82",group-id="i1"
=thread-created,id="83",group-id="i1"
~"[New Thread 0x7fff2d1ff6c0 (LWP 2993335)]\n"
*running,thread-id="83"
~"[Thread 0x7fff2d1ff6c0 (LWP 2993335) exited]\n"
=thread-exited,id="83",group-id="i1"
=thread-created,id="84",group-id="i1"
~"[New Thread 0x7fff2d1ff6c0 (LWP 2993371)]\n"
*running,thread-id="84"
~"[Thread 0x7fff2d1ff6c0 (LWP 2993371) exited]\n"
=thread-exited,id="84",group-id="i1"
=thread-created,id="85",group-id="i1"
~"[New Thread 0x7fff2d1ff6c0 (LWP 2993399)]\n"
*running,thread-id="85"
~"[Thread 0x7fff2d1ff6c0 (LWP 2993399) exited]\n"
=thread-exited,id="85",group-id="i1"
=thread-created,id="86",group-id="i1"
~"[New Thread 0x7fff2d1ff6c0 (LWP 2993415)]\n"
*running,thread-id="86"
~"[Thread 0x7fff2d1ff6c0 (LWP 2993415) exited]\n"
=thread-exited,id="86",group-id="i1"
=thread-created,id="87",group-id="i1"
~"[New Thread 0x7fff2d1ff6c0 (LWP 2993458)]\n"
*running,thread-id="87"
~"[Thread 0x7fff2d1ff6c0 (LWP 2993458) exited]\n"
=thread-exited,id="87",group-id="i1"
=thread-created,id="88",group-id="i1"
~"[New Thread 0x7fff2d1ff6c0 (LWP 2993473)]\n"
*running,thread-id="88"
~"[Thread 0x7fff2d1ff6c0 (LWP 2993473) exited]\n"
=thread-exited,id="88",group-id="i1"
=thread-created,id="89",group-id="i1"
~"[New Thread 0x7fff2d1ff6c0 (LWP 2993483)]\n"
*running,thread-id="89"
~"[Thread 0x7fff2d1ff6c0 (LWP 2993483) exited]\n"
=thread-exited,id="89",group-id="i1"
=thread-created,id="90",group-id="i1"
~"[New Thread 0x7fff2d1ff6c0 (LWP 2993501)]\n"
*running,thread-id="90"
~"[Thread 0x7fff2d1ff6c0 (LWP 2993501) exited]\n"
=thread-exited,id="90",group-id="i1"
=thread-created,id="91",group-id="i1"
~"[New Thread 0x7fff2d1ff6c0 (LWP 2993518)]\n"
*running,thread-id="91"
~"[Thread 0x7fff2d1ff6c0 (LWP 2993518) exited]\n"
=thread-exited,id="91",group-id="i1"
=thread-created,id="92",group-id="i1"
~"[New Thread 0x7fff2d1ff6c0 (LWP 2993535)]\n"
*running,thread-id="92"
~"[Thread 0x7fff2d1ff6c0 (LWP 2993535) exited]\n"
=thread-exited,id="92",group-id="i1"
=thread-created,id="93",group-id="i1"
~"[New Thread 0x7fff2d1ff6c0 (LWP 2993551)]\n"
*running,thread-id="93"
~"[Thread 0x7fff2d1ff6c0 (LWP 2993551) exited]\n"
=thread-exited,id="93",group-id="i1"
=thread-created,id="94",group-id="i1"
~"[New Thread 0x7fff2d1ff6c0 (LWP 2993583)]\n"
*running,thread-id="94"
~"[Thread 0x7fff2d1ff6c0 (LWP 2993583) exited]\n"
=thread-exited,id="94",group-id="i1"
=thread-created,id="95",group-id="i1"
~"[New Thread 0x7fff2d1ff6c0 (LWP 2993601)]\n"
*running,thread-id="95"
~"[Thread 0x7fff2d1ff6c0 (LWP 2993601) exited]\n"
=thread-exited,id="95",group-id="i1"
=thread-created,id="96",group-id="i1"
~"[New Thread 0x7fff2d1ff6c0 (LWP 2993617)]\n"
*running,thread-id="96"
~"[Thread 0x7fff2d1ff6c0 (LWP 2993617) exited]\n"
=thread-exited,id="96",group-id="i1"
=thread-created,id="97",group-id="i1"
~"[New Thread 0x7fff2d1ff6c0 (LWP 2993625)]\n"
*running,thread-id="97"
~"[Thread 0x7fff2d1ff6c0 (LWP 2993625) exited]\n"
=thread-exited,id="97",group-id="i1"
=thread-created,id="98",group-id="i1"
~"[New Thread 0x7fff2d1ff6c0 (LWP 2993654)]\n"
*running,thread-id="98"
~"[Thread 0x7fff2d1ff6c0 (LWP 2993654) exited]\n"
=thread-exited,id="98",group-id="i1"
=thread-created,id="99",group-id="i1"
~"[New Thread 0x7fff2d1ff6c0 (LWP 2993681)]\n"
*running,thread-id="99"
~"[Thread 0x7fff2d1ff6c0 (LWP 2993681) exited]\n"
=thread-exited,id="99",group-id="i1"
=thread-created,id="100",group-id="i1"
~"[New Thread 0x7fff2d1ff6c0 (LWP 2993717)]\n"
*running,thread-id="100"
~"[Thread 0x7fff2d1ff6c0 (LWP 2993717) exited]\n"
=thread-exited,id="100",group-id="i1"
=thread-created,id="101",group-id="i1"
~"[New Thread 0x7fff2d1ff6c0 (LWP 2993731)]\n"
*running,thread-id="101"
~"[Thread 0x7fff2d1ff6c0 (LWP 2993731) exited]\n"
=thread-exited,id="101",group-id="i1"
=thread-created,id="102",group-id="i1"
~"[New Thread 0x7fff2d1ff6c0 (LWP 2993748)]\n"
*running,thread-id="102"
~"[Thread 0x7fff2d1ff6c0 (LWP 2993748) exited]\n"
=thread-exited,id="102",group-id="i1"
=thread-created,id="103",group-id="i1"
~"[New Thread 0x7fff2d1ff6c0 (LWP 2993761)]\n"
*running,thread-id="103"
~"[Thread 0x7fff2d1ff6c0 (LWP 2993761) exited]\n"
=thread-exited,id="103",group-id="i1"
=thread-created,id="104",group-id="i1"
~"[New Thread 0x7fff2d1ff6c0 (LWP 2993796)]\n"
*running,thread-id="104"
~"[Thread 0x7fff2d1ff6c0 (LWP 2993796) exited]\n"
=thread-exited,id="104",group-id="i1"
=thread-created,id="105",group-id="i1"
~"[New Thread 0x7fff2d1ff6c0 (LWP 2993857)]\n"
*running,thread-id="105"
~"[Thread 0x7fff2d1ff6c0 (LWP 2993857) exited]\n"
=thread-exited,id="105",group-id="i1"
=thread-created,id="106",group-id="i1"
~"[New Thread 0x7fff2d1ff6c0 (LWP 2993897)]\n"
*running,thread-id="106"
~"[Thread 0x7fff2d1ff6c0 (LWP 2993897) exited]\n"
=thread-exited,id="106",group-id="i1"
=thread-created,id="107",group-id="i1"
~"[New Thread 0x7fff2d1ff6c0 (LWP 2993919)]\n"
*running,thread-id="107"
~"[Thread 0x7fff2d1ff6c0 (LWP 2993919) exited]\n"
=thread-exited,id="107",group-id="i1"
=thread-created,id="108",group-id="i1"
~"[New Thread 0x7fff2d1ff6c0 (LWP 2993938)]\n"
*running,thread-id="108"
~"[Thread 0x7fff2d1ff6c0 (LWP 2993938) exited]\n"
=thread-exited,id="108",group-id="i1"
=thread-created,id="109",group-id="i1"
~"[New Thread 0x7fff2d1ff6c0 (LWP 2993958)]\n"
*running,thread-id="109"
~"[Thread 0x7fff2d1ff6c0 (LWP 2993958) exited]\n"
=thread-exited,id="109",group-id="i1"
=thread-created,id="110",group-id="i1"
~"[New Thread 0x7fff2d1ff6c0 (LWP 2993965)]\n"
*running,thread-id="110"
~"[Thread 0x7fff2d1ff6c0 (LWP 2993965) exited]\n"
=thread-exited,id="110",group-id="i1"
=thread-created,id="111",group-id="i1"
~"[New Thread 0x7fff2d1ff6c0 (LWP 2993978)]\n"
*running,thread-id="111"
~"[Thread 0x7fff2d1ff6c0 (LWP 2993978) exited]\n"
=thread-exited,id="111",group-id="i1"
=thread-created,id="112",group-id="i1"
~"[New Thread 0x7fff2d1ff6c0 (LWP 2993988)]\n"
*running,thread-id="112"
~"[Thread 0x7fff2d1ff6c0 (LWP 2993988) exited]\n"
=thread-exited,id="112",group-id="i1"
=thread-created,id="113",group-id="i1"
~"[New Thread 0x7fff2d1ff6c0 (LWP 2994007)]\n"
*running,thread-id="113"
~"[Thread 0x7fff2d1ff6c0 (LWP 2994007) exited]\n"
=thread-exited,id="113",group-id="i1"
=thread-created,id="114",group-id="i1"
~"[New Thread 0x7fff2d1ff6c0 (LWP 2994021)]\n"
*running,thread-id="114"
~"[Thread 0x7fff2d1ff6c0 (LWP 2994021) exited]\n"
=thread-exited,id="114",group-id="i1"
=thread-created,id="115",group-id="i1"
~"[New Thread 0x7fff2d1ff6c0 (LWP 2994027)]\n"
*running,thread-id="115"
~"[Thread 0x7fff2d1ff6c0 (LWP 2994027) exited]\n"
=thread-exited,id="115",group-id="i1"
=thread-created,id="116",group-id="i1"
~"[New Thread 0x7fff2d1ff6c0 (LWP 2994054)]\n"
*running,thread-id="116"
~"[Thread 0x7fff2d1ff6c0 (LWP 2994054) exited]\n"
=thread-exited,id="116",group-id="i1"
=thread-created,id="117",group-id="i1"
~"[New Thread 0x7fff2d1ff6c0 (LWP 2994089)]\n"
*running,thread-id="117"
~"[Thread 0x7fff2d1ff6c0 (LWP 2994089) exited]\n"
=thread-exited,id="117",group-id="i1"
=thread-created,id="118",group-id="i1"
~"[New Thread 0x7fff2d1ff6c0 (LWP 2994099)]\n"
*running,thread-id="118"
~"[Thread 0x7fff2d1ff6c0 (LWP 2994099) exited]\n"
=thread-exited,id="118",group-id="i1"
=thread-created,id="119",group-id="i1"
~"[New Thread 0x7fff2d1ff6c0 (LWP 2994129)]\n"
*running,thread-id="119"
~"[Thread 0x7fff2d1ff6c0 (LWP 2994129) exited]\n"
=thread-exited,id="119",group-id="i1"
=thread-created,id="120",group-id="i1"
~"[New Thread 0x7fff2d1ff6c0 (LWP 2994148)]\n"
*running,thread-id="120"
~"[Thread 0x7fff2d1ff6c0 (LWP 2994148) exited]\n"
=thread-exited,id="120",group-id="i1"
=thread-created,id="121",group-id="i1"
~"[New Thread 0x7fff2d1ff6c0 (LWP 2994165)]\n"
*running,thread-id="121"
~"[Thread 0x7fff2d1ff6c0 (LWP 2994165) exited]\n"
=thread-exited,id="121",group-id="i1"
=thread-created,id="122",group-id="i1"
~"[New Thread 0x7fff2d1ff6c0 (LWP 2994186)]\n"
*running,thread-id="122"
~"[Thread 0x7fff2d1ff6c0 (LWP 2994186) exited]\n"
=thread-exited,id="122",group-id="i1"
=thread-created,id="123",group-id="i1"
~"[New Thread 0x7fff2d1ff6c0 (LWP 2994228)]\n"
*running,thread-id="123"
~"[Thread 0x7fff2d1ff6c0 (LWP 2994228) exited]\n"
=thread-exited,id="123",group-id="i1"
=thread-created,id="124",group-id="i1"
~"[New Thread 0x7fff2d1ff6c0 (LWP 2994245)]\n"
*running,thread-id="124"
~"[Thread 0x7fff2d1ff6c0 (LWP 2994245) exited]\n"
=thread-exited,id="124",group-id="i1"
=thread-created,id="125",group-id="i1"
~"[New Thread 0x7fff2d1ff6c0 (LWP 2994260)]\n"
*running,thread-id="125"
~"[Thread 0x7fff2d1ff6c0 (LWP 2994260) exited]\n"
=thread-exited,id="125",group-id="i1"
=thread-created,id="126",group-id="i1"
~"[New Thread 0x7fff2d1ff6c0 (LWP 2994268)]\n"
*running,thread-id="126"
~"[Thread 0x7fff2d1ff6c0 (LWP 2994268) exited]\n"
=thread-exited,id="126",group-id="i1"
=thread-created,id="127",group-id="i1"
~"[New Thread 0x7fff2d1ff6c0 (LWP 2994282)]\n"
*running,thread-id="127"
~"[Thread 0x7fff2d1ff6c0 (LWP 2994282) exited]\n"
=thread-exited,id="127",group-id="i1"
=thread-created,id="128",group-id="i1"
~"[New Thread 0x7fff2d1ff6c0 (LWP 2994314)]\n"
*running,thread-id="128"
~"[Thread 0x7fff2d1ff6c0 (LWP 2994314) exited]\n"
=thread-exited,id="128",group-id="i1"
=thread-created,id="129",group-id="i1"
~"[New Thread 0x7fff2d1ff6c0 (LWP 2994343)]\n"
*running,thread-id="129"
~"[Thread 0x7fff2d1ff6c0 (LWP 2994343) exited]\n"
=thread-exited,id="129",group-id="i1"
=thread-created,id="130",group-id="i1"
~"[New Thread 0x7fff2d1ff6c0 (LWP 2994356)]\n"
*running,thread-id="130"
~"[Thread 0x7fff2d1ff6c0 (LWP 2994356) exited]\n"
=thread-exited,id="130",group-id="i1"
=thread-created,id="131",group-id="i1"
~"[New Thread 0x7fff2d1ff6c0 (LWP 2994371)]\n"
*running,thread-id="131"
~"[Thread 0x7fff2d1ff6c0 (LWP 2994371) exited]\n"
=thread-exited,id="131",group-id="i1"
=thread-created,id="132",group-id="i1"
~"[New Thread 0x7fff2d1ff6c0 (LWP 2994393)]\n"
*running,thread-id="132"
~"[Thread 0x7fff2d1ff6c0 (LWP 2994393) exited]\n"
=thread-exited,id="132",group-id="i1"
=thread-created,id="133",group-id="i1"
~"[New Thread 0x7fff2d1ff6c0 (LWP 2994406)]\n"
*running,thread-id="133"
~"[Thread 0x7fff2d1ff6c0 (LWP 2994406) exited]\n"
=thread-exited,id="133",group-id="i1"
=thread-created,id="134",group-id="i1"
~"[New Thread 0x7fff2d1ff6c0 (LWP 2994429)]\n"
*running,thread-id="134"
~"[Thread 0x7fff2d1ff6c0 (LWP 2994429) exited]\n"
=thread-exited,id="134",group-id="i1"
=thread-created,id="135",group-id="i1"
~"[New Thread 0x7fff2d1ff6c0 (LWP 2994445)]\n"
*running,thread-id="135"
~"[Thread 0x7fff2d1ff6c0 (LWP 2994445) exited]\n"
=thread-exited,id="135",group-id="i1"
=thread-created,id="136",group-id="i1"
~"[New Thread 0x7fff2d1ff6c0 (LWP 2994461)]\n"
*running,thread-id="136"
~"[Thread 0x7fff2d1ff6c0 (LWP 2994461) exited]\n"
=thread-exited,id="136",group-id="i1"
=thread-created,id="137",group-id="i1"
~"[New Thread 0x7fff2d1ff6c0 (LWP 2994480)]\n"
*running,thread-id="137"
~"[Thread 0x7fff2d1ff6c0 (LWP 2994480) exited]\n"
=thread-exited,id="137",group-id="i1"
=thread-created,id="138",group-id="i1"
~"[New Thread 0x7fff2d1ff6c0 (LWP 2994494)]\n"
*running,thread-id="138"
~"[Thread 0x7fff2d1ff6c0 (LWP 2994494) exited]\n"
=thread-exited,id="138",group-id="i1"
=thread-created,id="139",group-id="i1"
~"[New Thread 0x7fff2d1ff6c0 (LWP 2994525)]\n"
*running,thread-id="139"
~"[Thread 0x7fff2d1ff6c0 (LWP 2994525) exited]\n"
=thread-exited,id="139",group-id="i1"
=thread-created,id="140",group-id="i1"
~"[New Thread 0x7fff2d1ff6c0 (LWP 2994537)]\n"
*running,thread-id="140"
~"[Thread 0x7fff2d1ff6c0 (LWP 2994537) exited]\n"
=thread-exited,id="140",group-id="i1"
=thread-created,id="141",group-id="i1"
~"[New Thread 0x7fff2d1ff6c0 (LWP 2994547)]\n"
*running,thread-id="141"
~"[Thread 0x7fff2d1ff6c0 (LWP 2994547) exited]\n"
=thread-exited,id="141",group-id="i1"
=thread-created,id="142",group-id="i1"
~"[New Thread 0x7fff2d1ff6c0 (LWP 2994564)]\n"
*running,thread-id="142"
~"[Thread 0x7fff2d1ff6c0 (LWP 2994564) exited]\n"
=thread-exited,id="142",group-id="i1"
=thread-created,id="143",group-id="i1"
~"[New Thread 0x7fff2d1ff6c0 (LWP 2994609)]\n"
*running,thread-id="143"
~"[Thread 0x7fff2d1ff6c0 (LWP 2994609) exited]\n"
=thread-exited,id="143",group-id="i1"
=thread-created,id="144",group-id="i1"
~"[New Thread 0x7fff2d1ff6c0 (LWP 2994623)]\n"
*running,thread-id="144"
~"[Thread 0x7fff2d1ff6c0 (LWP 2994623) exited]\n"
=thread-exited,id="144",group-id="i1"
=thread-created,id="145",group-id="i1"
~"[New Thread 0x7fff2d1ff6c0 (LWP 2994638)]\n"
*running,thread-id="145"
~"[Thread 0x7fff2d1ff6c0 (LWP 2994638) exited]\n"
=thread-exited,id="145",group-id="i1"
=thread-created,id="146",group-id="i1"
~"[New Thread 0x7fff2d1ff6c0 (LWP 2994652)]\n"
*running,thread-id="146"
~"[Thread 0x7fff2d1ff6c0 (LWP 2994652) exited]\n"
=thread-exited,id="146",group-id="i1"
=thread-created,id="147",group-id="i1"
~"[New Thread 0x7fff2d1ff6c0 (LWP 2994669)]\n"
*running,thread-id="147"
~"[Thread 0x7fff2d1ff6c0 (LWP 2994669) exited]\n"
=thread-exited,id="147",group-id="i1"
=thread-created,id="148",group-id="i1"
~"[New Thread 0x7fff2d1ff6c0 (LWP 2994690)]\n"
*running,thread-id="148"
~"[Thread 0x7fff2d1ff6c0 (LWP 2994690) exited]\n"
=thread-exited,id="148",group-id="i1"
=thread-created,id="149",group-id="i1"
~"[New Thread 0x7fff2d1ff6c0 (LWP 2994701)]\n"
*running,thread-id="149"
~"[Thread 0x7fff2d1ff6c0 (LWP 2994701) exited]\n"
=thread-exited,id="149",group-id="i1"
=thread-created,id="150",group-id="i1"
~"[New Thread 0x7fff2d1ff6c0 (LWP 2994714)]\n"
*running,thread-id="150"
~"[Thread 0x7fff2d1ff6c0 (LWP 2994714) exited]\n"
=thread-exited,id="150",group-id="i1"
=thread-created,id="151",group-id="i1"
~"[New Thread 0x7fff2d1ff6c0 (LWP 2994751)]\n"
*running,thread-id="151"
~"[Thread 0x7fff2d1ff6c0 (LWP 2994751) exited]\n"
=thread-exited,id="151",group-id="i1"
=thread-created,id="152",group-id="i1"
~"[New Thread 0x7fff2d1ff6c0 (LWP 2994761)]\n"
*running,thread-id="152"
~"[Thread 0x7fff2d1ff6c0 (LWP 2994761) exited]\n"
=thread-exited,id="152",group-id="i1"
=thread-created,id="153",group-id="i1"
~"[New Thread 0x7fff2d1ff6c0 (LWP 2994779)]\n"
*running,thread-id="153"
~"[Thread 0x7fff2d1ff6c0 (LWP 2994779) exited]\n"
=thread-exited,id="153",group-id="i1"
=thread-created,id="154",group-id="i1"
~"[New Thread 0x7fff2d1ff6c0 (LWP 2994808)]\n"
*running,thread-id="154"
~"[Thread 0x7fff2d1ff6c0 (LWP 2994808) exited]\n"
=thread-exited,id="154",group-id="i1"
=thread-created,id="155",group-id="i1"
~"[New Thread 0x7fff2d1ff6c0 (LWP 2994825)]\n"
*running,thread-id="155"
~"[Thread 0x7fff2d1ff6c0 (LWP 2994825) exited]\n"
=thread-exited,id="155",group-id="i1"
=thread-created,id="156",group-id="i1"
~"[New Thread 0x7fff2d1ff6c0 (LWP 2994849)]\n"
*running,thread-id="156"
~"[Thread 0x7fff2d1ff6c0 (LWP 2994849) exited]\n"
=thread-exited,id="156",group-id="i1"
=thread-created,id="157",group-id="i1"
~"[New Thread 0x7fff2d1ff6c0 (LWP 2994862)]\n"
*running,thread-id="157"
~"[Thread 0x7fff2d1ff6c0 (LWP 2994862) exited]\n"
=thread-exited,id="157",group-id="i1"
=thread-created,id="158",group-id="i1"
~"[New Thread 0x7fff2d1ff6c0 (LWP 2994870)]\n"
*running,thread-id="158"
~"[Thread 0x7fff2d1ff6c0 (LWP 2994870) exited]\n"
=thread-exited,id="158",group-id="i1"
=thread-created,id="159",group-id="i1"
~"[New Thread 0x7fff2d1ff6c0 (LWP 2994887)]\n"
*running,thread-id="159"
~"[Thread 0x7fff2d1ff6c0 (LWP 2994887) exited]\n"
=thread-exited,id="159",group-id="i1"
=thread-created,id="160",group-id="i1"
~"[New Thread 0x7fff2d1ff6c0 (LWP 2994894)]\n"
*running,thread-id="160"
~"[Thread 0x7fff2d1ff6c0 (LWP 2994894) exited]\n"
=thread-exited,id="160",group-id="i1"
=thread-created,id="161",group-id="i1"
~"[New Thread 0x7fff2d1ff6c0 (LWP 2994935)]\n"
*running,thread-id="161"
~"[Thread 0x7fff2d1ff6c0 (LWP 2994935) exited]\n"
=thread-exited,id="161",group-id="i1"
=thread-created,id="162",group-id="i1"
~"[New Thread 0x7fff2d1ff6c0 (LWP 2995002)]\n"
*running,thread-id="162"
~"[Thread 0x7fff2d1ff6c0 (LWP 2995002) exited]\n"
=thread-exited,id="162",group-id="i1"
=thread-created,id="163",group-id="i1"
~"[New Thread 0x7fff2d1ff6c0 (LWP 2995011)]\n"
*running,thread-id="163"
~"[Thread 0x7fff2d1ff6c0 (LWP 2995011) exited]\n"
=thread-exited,id="163",group-id="i1"
=thread-created,id="164",group-id="i1"
~"[New Thread 0x7fff2d1ff6c0 (LWP 2995049)]\n"
*running,thread-id="164"
~"[Thread 0x7fff2d1ff6c0 (LWP 2995049) exited]\n"
=thread-exited,id="164",group-id="i1"
=thread-created,id="165",group-id="i1"
~"[New Thread 0x7fff2d1ff6c0 (LWP 2995064)]\n"
*running,thread-id="165"
~"[Thread 0x7fff2d1ff6c0 (LWP 2995064) exited]\n"
=thread-exited,id="165",group-id="i1"
=thread-created,id="166",group-id="i1"
~"[New Thread 0x7fff2d1ff6c0 (LWP 2995076)]\n"
*running,thread-id="166"
~"[Thread 0x7fff2d1ff6c0 (LWP 2995076) exited]\n"
=thread-exited,id="166",group-id="i1"
=thread-created,id="167",group-id="i1"
~"[New Thread 0x7fff2d1ff6c0 (LWP 2995089)]\n"
*running,thread-id="167"
~"[Thread 0x7fff2d1ff6c0 (LWP 2995089) exited]\n"
=thread-exited,id="167",group-id="i1"
=thread-created,id="168",group-id="i1"
~"[New Thread 0x7fff2d1ff6c0 (LWP 2995106)]\n"
*running,thread-id="168"
~"[Thread 0x7fff2d1ff6c0 (LWP 2995106) exited]\n"
=thread-exited,id="168",group-id="i1"
=thread-created,id="169",group-id="i1"
~"[New Thread 0x7fff2d1ff6c0 (LWP 2995120)]\n"
*running,thread-id="169"
~"[Thread 0x7fff2d1ff6c0 (LWP 2995120) exited]\n"
=thread-exited,id="169",group-id="i1"
=thread-created,id="170",group-id="i1"
~"[New Thread 0x7fff2d1ff6c0 (LWP 2995132)]\n"
*running,thread-id="170"
~"[Thread 0x7fff2d1ff6c0 (LWP 2995132) exited]\n"
=thread-exited,id="170",group-id="i1"
=thread-created,id="171",group-id="i1"
~"[New Thread 0x7fff2d1ff6c0 (LWP 2995140)]\n"
*running,thread-id="171"
~"[Thread 0x7fff2d1ff6c0 (LWP 2995140) exited]\n"
=thread-exited,id="171",group-id="i1"
=thread-created,id="172",group-id="i1"
~"[New Thread 0x7fff2d1ff6c0 (LWP 2995182)]\n"
*running,thread-id="172"
~"[Thread 0x7fff2d1ff6c0 (LWP 2995182) exited]\n"
=thread-exited,id="172",group-id="i1"
=thread-created,id="173",group-id="i1"
~"[New Thread 0x7fff2d1ff6c0 (LWP 2995199)]\n"
*running,thread-id="173"
~"[Thread 0x7fff2d1ff6c0 (LWP 2995199) exited]\n"
=thread-exited,id="173",group-id="i1"
=thread-created,id="174",group-id="i1"
~"[New Thread 0x7fff2d1ff6c0 (LWP 2995209)]\n"
*running,thread-id="174"
~"[Thread 0x7fff2d1ff6c0 (LWP 2995209) exited]\n"
=thread-exited,id="174",group-id="i1"
=thread-created,id="175",group-id="i1"
~"[New Thread 0x7fff2d1ff6c0 (LWP 2995237)]\n"
*running,thread-id="175"
~"[Thread 0x7fff2d1ff6c0 (LWP 2995237) exited]\n"
=thread-exited,id="175",group-id="i1"
=thread-created,id="176",group-id="i1"
~"[New Thread 0x7fff2d1ff6c0 (LWP 2995312)]\n"
*running,thread-id="176"
~"[Thread 0x7fff2d1ff6c0 (LWP 2995312) exited]\n"
=thread-exited,id="176",group-id="i1"
=thread-created,id="177",group-id="i1"
~"[New Thread 0x7fff2d1ff6c0 (LWP 2995349)]\n"
*running,thread-id="177"
~"[Thread 0x7fff2d1ff6c0 (LWP 2995349) exited]\n"
=thread-exited,id="177",group-id="i1"
=thread-created,id="178",group-id="i1"
~"[New Thread 0x7fff2d1ff6c0 (LWP 2995375)]\n"
*running,thread-id="178"
~"[Thread 0x7fff2d1ff6c0 (LWP 2995375) exited]\n"
=thread-exited,id="178",group-id="i1"
=thread-created,id="179",group-id="i1"
~"[New Thread 0x7fff2d1ff6c0 (LWP 2995404)]\n"
*running,thread-id="179"
~"[Thread 0x7fff2d1ff6c0 (LWP 2995404) exited]\n"
=thread-exited,id="179",group-id="i1"
=thread-created,id="180",group-id="i1"
~"[New Thread 0x7fff2d1ff6c0 (LWP 2995422)]\n"
*running,thread-id="180"
~"[Thread 0x7fff2d1ff6c0 (LWP 2995422) exited]\n"
=thread-exited,id="180",group-id="i1"
=thread-created,id="181",group-id="i1"
~"[New Thread 0x7fff2d1ff6c0 (LWP 2995433)]\n"
*running,thread-id="181"
~"[Thread 0x7fff2d1ff6c0 (LWP 2995433) exited]\n"
=thread-exited,id="181",group-id="i1"
=thread-created,id="182",group-id="i1"
~"[New Thread 0x7fff2d1ff6c0 (LWP 2995476)]\n"
*running,thread-id="182"
~"[Thread 0x7fff2d1ff6c0 (LWP 2995476) exited]\n"
=thread-exited,id="182",group-id="i1"
=thread-created,id="183",group-id="i1"
~"[New Thread 0x7fff2d1ff6c0 (LWP 2995481)]\n"
*running,thread-id="183"
~"[Thread 0x7fff2d1ff6c0 (LWP 2995481) exited]\n"
=thread-exited,id="183",group-id="i1"
=thread-created,id="184",group-id="i1"
~"[New Thread 0x7fff2d1ff6c0 (LWP 2995491)]\n"
*running,thread-id="184"
~"[Thread 0x7fff2d1ff6c0 (LWP 2995491) exited]\n"
=thread-exited,id="184",group-id="i1"
=thread-created,id="185",group-id="i1"
~"[New Thread 0x7fff2d1ff6c0 (LWP 2995501)]\n"
*running,thread-id="185"
~"[Thread 0x7fff2d1ff6c0 (LWP 2995501) exited]\n"
=thread-exited,id="185",group-id="i1"
=thread-created,id="186",group-id="i1"
~"[New Thread 0x7fff2d1ff6c0 (LWP 2995516)]\n"
*running,thread-id="186"
~"[Thread 0x7fff2d1ff6c0 (LWP 2995516) exited]\n"
=thread-exited,id="186",group-id="i1"
=thread-created,id="187",group-id="i1"
~"[New Thread 0x7fff2d1ff6c0 (LWP 2995531)]\n"
*running,thread-id="187"
~"[Thread 0x7fff2d1ff6c0 (LWP 2995531) exited]\n"
=thread-exited,id="187",group-id="i1"
=thread-created,id="188",group-id="i1"
~"[New Thread 0x7fff2d1ff6c0 (LWP 2995563)]\n"
*running,thread-id="188"
~"[Thread 0x7fff2d1ff6c0 (LWP 2995563) exited]\n"
=thread-exited,id="188",group-id="i1"
=thread-created,id="189",group-id="i1"
~"[New Thread 0x7fff2d1ff6c0 (LWP 2995573)]\n"
*running,thread-id="189"
~"[Thread 0x7fff2d1ff6c0 (LWP 2995573) exited]\n"
=thread-exited,id="189",group-id="i1"
=thread-created,id="190",group-id="i1"
~"[New Thread 0x7fff2d1ff6c0 (LWP 2995578)]\n"
*running,thread-id="190"
~"[Thread 0x7fff2d1ff6c0 (LWP 2995578) exited]\n"
=thread-exited,id="190",group-id="i1"
=thread-created,id="191",group-id="i1"
~"[New Thread 0x7fff2d1ff6c0 (LWP 2995583)]\n"
*running,thread-id="191"
~"[Thread 0x7fff2d1ff6c0 (LWP 2995583) exited]\n"
=thread-exited,id="191",group-id="i1"
=thread-created,id="192",group-id="i1"
~"[New Thread 0x7fff2d1ff6c0 (LWP 2995593)]\n"
*running,thread-id="192"
~"[Thread 0x7fff2d1ff6c0 (LWP 2995593) exited]\n"
=thread-exited,id="192",group-id="i1"
=thread-created,id="193",group-id="i1"
~"[New Thread 0x7fff2d1ff6c0 (LWP 2995614)]\n"
*running,thread-id="193"
~"[Thread 0x7fff2d1ff6c0 (LWP 2995614) exited]\n"
=thread-exited,id="193",group-id="i1"
=thread-created,id="194",group-id="i1"
~"[New Thread 0x7fff2d1ff6c0 (LWP 2995661)]\n"
*running,thread-id="194"
~"[Thread 0x7fff2d1ff6c0 (LWP 2995661) exited]\n"
=thread-exited,id="194",group-id="i1"
=thread-created,id="195",group-id="i1"
~"[New Thread 0x7fff2d1ff6c0 (LWP 2995694)]\n"
*running,thread-id="195"
~"[Thread 0x7fff2d1ff6c0 (LWP 2995694) exited]\n"
=thread-exited,id="195",group-id="i1"
=thread-created,id="196",group-id="i1"
~"[New Thread 0x7fff2d1ff6c0 (LWP 2995742)]\n"
*running,thread-id="196"
~"[Thread 0x7fff2d1ff6c0 (LWP 2995742) exited]\n"
=thread-exited,id="196",group-id="i1"
=thread-created,id="197",group-id="i1"
~"[New Thread 0x7fff2d1ff6c0 (LWP 2995771)]\n"
*running,thread-id="197"
~"[Thread 0x7fff2d1ff6c0 (LWP 2995771) exited]\n"
=thread-exited,id="197",group-id="i1"
=thread-created,id="198",group-id="i1"
~"[New Thread 0x7fff2d1ff6c0 (LWP 2995815)]\n"
*running,thread-id="198"
~"[Thread 0x7fff2d1ff6c0 (LWP 2995815) exited]\n"
=thread-exited,id="198",group-id="i1"
=thread-created,id="199",group-id="i1"
~"[New Thread 0x7fff2d1ff6c0 (LWP 2995852)]\n"
*running,thread-id="199"
~"[Thread 0x7fff2d1ff6c0 (LWP 2995852) exited]\n"
=thread-exited,id="199",group-id="i1"
=thread-created,id="200",group-id="i1"
~"[New Thread 0x7fff2d1ff6c0 (LWP 2995878)]\n"
*running,thread-id="200"
~"[Thread 0x7fff2d1ff6c0 (LWP 2995878) exited]\n"
=thread-exited,id="200",group-id="i1"
=thread-created,id="201",group-id="i1"
~"[New Thread 0x7fff2d1ff6c0 (LWP 2995900)]\n"
*running,thread-id="201"
~"[Thread 0x7fff2d1ff6c0 (LWP 2995900) exited]\n"
=thread-exited,id="201",group-id="i1"
=thread-created,id="202",group-id="i1"
~"[New Thread 0x7fff2d1ff6c0 (LWP 2995916)]\n"
*running,thread-id="202"
~"[Thread 0x7fff2d1ff6c0 (LWP 2995916) exited]\n"
=thread-exited,id="202",group-id="i1"
=thread-created,id="203",group-id="i1"
~"[New Thread 0x7fff2d1ff6c0 (LWP 2995981)]\n"
*running,thread-id="203"
~"[Thread 0x7fff2d1ff6c0 (LWP 2995981) exited]\n"
=thread-exited,id="203",group-id="i1"
=thread-created,id="204",group-id="i1"
~"[New Thread 0x7fff2d1ff6c0 (LWP 2995999)]\n"
*running,thread-id="204"
~"[Thread 0x7fff2d1ff6c0 (LWP 2995999) exited]\n"
=thread-exited,id="204",group-id="i1"
=thread-created,id="205",group-id="i1"
~"[New Thread 0x7fff2d1ff6c0 (LWP 2996029)]\n"
*running,thread-id="205"
~"[Thread 0x7fff2d1ff6c0 (LWP 2996029) exited]\n"
=thread-exited,id="205",group-id="i1"
=thread-created,id="206",group-id="i1"
~"[New Thread 0x7fff2d1ff6c0 (LWP 2996045)]\n"
*running,thread-id="206"
~"[Thread 0x7fff2d1ff6c0 (LWP 2996045) exited]\n"
=thread-exited,id="206",group-id="i1"
=thread-created,id="207",group-id="i1"
~"[New Thread 0x7fff2d1ff6c0 (LWP 2996063)]\n"
*running,thread-id="207"
~"[Thread 0x7fff2d1ff6c0 (LWP 2996063) exited]\n"
=thread-exited,id="207",group-id="i1"
=thread-created,id="208",group-id="i1"
~"[New Thread 0x7fff2d1ff6c0 (LWP 2996078)]\n"
*running,thread-id="208"
~"[Thread 0x7fff2d1ff6c0 (LWP 2996078) exited]\n"
=thread-exited,id="208",group-id="i1"
=thread-created,id="209",group-id="i1"
~"[New Thread 0x7fff2d1ff6c0 (LWP 2996096)]\n"
*running,thread-id="209"
~"[Thread 0x7fff2d1ff6c0 (LWP 2996096) exited]\n"
=thread-exited,id="209",group-id="i1"
=thread-created,id="210",group-id="i1"
~"[New Thread 0x7fff2d1ff6c0 (LWP 2996119)]\n"
*running,thread-id="210"
~"[Thread 0x7fff2d1ff6c0 (LWP 2996119) exited]\n"
=thread-exited,id="210",group-id="i1"
=thread-created,id="211",group-id="i1"
~"[New Thread 0x7fff2d1ff6c0 (LWP 2996140)]\n"
*running,thread-id="211"
~"[Thread 0x7fff2d1ff6c0 (LWP 2996140) exited]\n"
=thread-exited,id="211",group-id="i1"
=thread-created,id="212",group-id="i1"
~"[New Thread 0x7fff2d1ff6c0 (LWP 2996192)]\n"
*running,thread-id="212"
~"[Thread 0x7fff2d1ff6c0 (LWP 2996192) exited]\n"
=thread-exited,id="212",group-id="i1"
=thread-created,id="213",group-id="i1"
~"[New Thread 0x7fff2d1ff6c0 (LWP 2996225)]\n"
*running,thread-id="213"
~"[Thread 0x7fff2d1ff6c0 (LWP 2996225) exited]\n"
=thread-exited,id="213",group-id="i1"
=thread-created,id="214",group-id="i1"
~"[New Thread 0x7fff2d1ff6c0 (LWP 2996254)]\n"
*running,thread-id="214"
~"[Thread 0x7fff2d1ff6c0 (LWP 2996254) exited]\n"
=thread-exited,id="214",group-id="i1"
=thread-created,id="215",group-id="i1"
~"[New Thread 0x7fff2d1ff6c0 (LWP 2996284)]\n"
*running,thread-id="215"
~"[Thread 0x7fff2d1ff6c0 (LWP 2996284) exited]\n"
=thread-exited,id="215",group-id="i1"
=thread-created,id="216",group-id="i1"
~"[New Thread 0x7fff2d1ff6c0 (LWP 2996379)]\n"
*running,thread-id="216"
~"[Thread 0x7fff2d1ff6c0 (LWP 2996379) exited]\n"
=thread-exited,id="216",group-id="i1"
=thread-created,id="217",group-id="i1"
~"[New Thread 0x7fff2d1ff6c0 (LWP 2996392)]\n"
*running,thread-id="217"
~"[Thread 0x7fff2d1ff6c0 (LWP 2996392) exited]\n"
=thread-exited,id="217",group-id="i1"
=thread-created,id="218",group-id="i1"
~"[New Thread 0x7fff2d1ff6c0 (LWP 2996408)]\n"
*running,thread-id="218"
~"[Thread 0x7fff2d1ff6c0 (LWP 2996408) exited]\n"
=thread-exited,id="218",group-id="i1"
=thread-created,id="219",group-id="i1"
~"[New Thread 0x7fff2d1ff6c0 (LWP 2996426)]\n"
*running,thread-id="219"
~"[Thread 0x7fff2d1ff6c0 (LWP 2996426) exited]\n"
=thread-exited,id="219",group-id="i1"
=thread-created,id="220",group-id="i1"
~"[New Thread 0x7fff2d1ff6c0 (LWP 2996470)]\n"
*running,thread-id="220"
~"[Thread 0x7fff2d1ff6c0 (LWP 2996470) exited]\n"
=thread-exited,id="220",group-id="i1"
=thread-created,id="221",group-id="i1"
~"[New Thread 0x7fff2d1ff6c0 (LWP 2996490)]\n"
*running,thread-id="221"
~"[Thread 0x7fff2d1ff6c0 (LWP 2996490) exited]\n"
=thread-exited,id="221",group-id="i1"
=thread-created,id="222",group-id="i1"
~"[New Thread 0x7fff2d1ff6c0 (LWP 2996516)]\n"
*running,thread-id="222"
~"[Thread 0x7fff2d1ff6c0 (LWP 2996516) exited]\n"
=thread-exited,id="222",group-id="i1"
=thread-created,id="223",group-id="i1"
~"[New Thread 0x7fff2d1ff6c0 (LWP 2996534)]\n"
*running,thread-id="223"
~"[Thread 0x7fff2d1ff6c0 (LWP 2996534) exited]\n"
=thread-exited,id="223",group-id="i1"
=thread-created,id="224",group-id="i1"
~"[New Thread 0x7fff2d1ff6c0 (LWP 2996554)]\n"
*running,thread-id="224"
~"[Thread 0x7fff2d1ff6c0 (LWP 2996554) exited]\n"
=thread-exited,id="224",group-id="i1"
=thread-created,id="225",group-id="i1"
~"[New Thread 0x7fff2d1ff6c0 (LWP 2996588)]\n"
*running,thread-id="225"
~"[Thread 0x7fff2d1ff6c0 (LWP 2996588) exited]\n"
=thread-exited,id="225",group-id="i1"
=thread-created,id="226",group-id="i1"
~"[New Thread 0x7fff2d1ff6c0 (LWP 2996604)]\n"
*running,thread-id="226"
~"[Thread 0x7fff2d1ff6c0 (LWP 2996604) exited]\n"
=thread-exited,id="226",group-id="i1"
=thread-created,id="227",group-id="i1"
~"[New Thread 0x7fff2d1ff6c0 (LWP 2996634)]\n"
*running,thread-id="227"
~"[Thread 0x7fff2d1ff6c0 (LWP 2996634) exited]\n"
=thread-exited,id="227",group-id="i1"
=thread-created,id="228",group-id="i1"
~"[New Thread 0x7fff2d1ff6c0 (LWP 2996677)]\n"
*running,thread-id="228"
~"[Thread 0x7fff2d1ff6c0 (LWP 2996677) exited]\n"
=thread-exited,id="228",group-id="i1"
=thread-created,id="229",group-id="i1"
~"[New Thread 0x7fff2d1ff6c0 (LWP 2996707)]\n"
*running,thread-id="229"
~"[Thread 0x7fff2d1ff6c0 (LWP 2996707) exited]\n"
=thread-exited,id="229",group-id="i1"
=thread-created,id="230",group-id="i1"
~"[New Thread 0x7fff2d1ff6c0 (LWP 2996720)]\n"
*running,thread-id="230"
~"[Thread 0x7fff2d1ff6c0 (LWP 2996720) exited]\n"
=thread-exited,id="230",group-id="i1"
=thread-created,id="231",group-id="i1"
~"[New Thread 0x7fff2d1ff6c0 (LWP 2996779)]\n"
*running,thread-id="231"
~"[Thread 0x7fff2d1ff6c0 (LWP 2996779) exited]\n"
=thread-exited,id="231",group-id="i1"
=thread-created,id="232",group-id="i1"
~"[New Thread 0x7fff2d1ff6c0 (LWP 2996800)]\n"
*running,thread-id="232"
~"[Thread 0x7fff2d1ff6c0 (LWP 2996800) exited]\n"
=thread-exited,id="232",group-id="i1"
=thread-created,id="233",group-id="i1"
~"[New Thread 0x7fff2d1ff6c0 (LWP 2996815)]\n"
*running,thread-id="233"
~"[Thread 0x7fff2d1ff6c0 (LWP 2996815) exited]\n"
=thread-exited,id="233",group-id="i1"
=thread-created,id="234",group-id="i1"
~"[New Thread 0x7fff2d1ff6c0 (LWP 2996826)]\n"
*running,thread-id="234"
~"[Thread 0x7fff2d1ff6c0 (LWP 2996826) exited]\n"
=thread-exited,id="234",group-id="i1"
=thread-created,id="235",group-id="i1"
~"[New Thread 0x7fff2d1ff6c0 (LWP 2996839)]\n"
*running,thread-id="235"
~"[Thread 0x7fff2d1ff6c0 (LWP 2996839) exited]\n"
=thread-exited,id="235",group-id="i1"
=thread-created,id="236",group-id="i1"
~"[New Thread 0x7fff2d1ff6c0 (LWP 2996854)]\n"
*running,thread-id="236"
~"[Thread 0x7fff2d1ff6c0 (LWP 2996854) exited]\n"
=thread-exited,id="236",group-id="i1"
=thread-created,id="237",group-id="i1"
~"[New Thread 0x7fff2d1ff6c0 (LWP 2996866)]\n"
*running,thread-id="237"
~"[Thread 0x7fff2d1ff6c0 (LWP 2996866) exited]\n"
=thread-exited,id="237",group-id="i1"
=thread-created,id="238",group-id="i1"
~"[New Thread 0x7fff2d1ff6c0 (LWP 2996902)]\n"
*running,thread-id="238"
~"[Thread 0x7fff2d1ff6c0 (LWP 2996902) exited]\n"
=thread-exited,id="238",group-id="i1"
=thread-created,id="239",group-id="i1"
~"[New Thread 0x7fff2d1ff6c0 (LWP 2996910)]\n"
*running,thread-id="239"
~"[Thread 0x7fff2d1ff6c0 (LWP 2996910) exited]\n"
=thread-exited,id="239",group-id="i1"
=thread-created,id="240",group-id="i1"
~"[New Thread 0x7fff2d1ff6c0 (LWP 2996923)]\n"
*running,thread-id="240"
~"[Thread 0x7fff2d1ff6c0 (LWP 2996923) exited]\n"
=thread-exited,id="240",group-id="i1"
=thread-created,id="241",group-id="i1"
~"[New Thread 0x7fff2d1ff6c0 (LWP 2996952)]\n"
*running,thread-id="241"
~"[Thread 0x7fff2d1ff6c0 (LWP 2996952) exited]\n"
=thread-exited,id="241",group-id="i1"
=thread-created,id="242",group-id="i1"
~"[New Thread 0x7fff2d1ff6c0 (LWP 2996980)]\n"
*running,thread-id="242"
~"[Thread 0x7fff2d1ff6c0 (LWP 2996980) exited]\n"
=thread-exited,id="242",group-id="i1"
=thread-created,id="243",group-id="i1"
~"[New Thread 0x7fff2d1ff6c0 (LWP 2997012)]\n"
*running,thread-id="243"
~"[Thread 0x7fff2d1ff6c0 (LWP 2997012) exited]\n"
=thread-exited,id="243",group-id="i1"
=thread-created,id="244",group-id="i1"
~"[New Thread 0x7fff2d1ff6c0 (LWP 2997028)]\n"
*running,thread-id="244"
~"[Thread 0x7fff2d1ff6c0 (LWP 2997028) exited]\n"
=thread-exited,id="244",group-id="i1"
=thread-created,id="245",group-id="i1"
~"[New Thread 0x7fff2d1ff6c0 (LWP 2997044)]\n"
*running,thread-id="245"
~"[Thread 0x7fff2d1ff6c0 (LWP 2997044) exited]\n"
=thread-exited,id="245",group-id="i1"
=thread-created,id="246",group-id="i1"
~"[New Thread 0x7fff2d1ff6c0 (LWP 2997064)]\n"
*running,thread-id="246"
~"[Thread 0x7fff2d1ff6c0 (LWP 2997064) exited]\n"
=thread-exited,id="246",group-id="i1"
=thread-created,id="247",group-id="i1"
~"[New Thread 0x7fff2d1ff6c0 (LWP 2997110)]\n"
*running,thread-id="247"
~"[Thread 0x7fff2d1ff6c0 (LWP 2997110) exited]\n"
=thread-exited,id="247",group-id="i1"
=thread-created,id="248",group-id="i1"
~"[New Thread 0x7fff2d1ff6c0 (LWP 2997143)]\n"
*running,thread-id="248"
~"[Thread 0x7fff2d1ff6c0 (LWP 2997143) exited]\n"
=thread-exited,id="248",group-id="i1"
=thread-created,id="249",group-id="i1"
~"[New Thread 0x7fff2d1ff6c0 (LWP 2997190)]\n"
*running,thread-id="249"
~"[Thread 0x7fff2d1ff6c0 (LWP 2997190) exited]\n"
=thread-exited,id="249",group-id="i1"
=thread-created,id="250",group-id="i1"
~"[New Thread 0x7fff2d1ff6c0 (LWP 2997209)]\n"
*running,thread-id="250"
~"[Thread 0x7fff2d1ff6c0 (LWP 2997209) exited]\n"
=thread-exited,id="250",group-id="i1"
=thread-created,id="251",group-id="i1"
~"[New Thread 0x7fff2d1ff6c0 (LWP 2997232)]\n"
*running,thread-id="251"
~"[Thread 0x7fff2d1ff6c0 (LWP 2997232) exited]\n"
=thread-exited,id="251",group-id="i1"
=thread-created,id="252",group-id="i1"
~"[New Thread 0x7fff2d1ff6c0 (LWP 2997250)]\n"
*running,thread-id="252"
~"[Thread 0x7fff2d1ff6c0 (LWP 2997250) exited]\n"
=thread-exited,id="252",group-id="i1"
=thread-created,id="253",group-id="i1"
~"[New Thread 0x7fff2d1ff6c0 (LWP 2997264)]\n"
*running,thread-id="253"
~"[Thread 0x7fff2d1ff6c0 (LWP 2997264) exited]\n"
=thread-exited,id="253",group-id="i1"
=thread-created,id="254",group-id="i1"
~"[New Thread 0x7fff2d1ff6c0 (LWP 2997280)]\n"
*running,thread-id="254"
~"[Thread 0x7fff2d1ff6c0 (LWP 2997280) exited]\n"
=thread-exited,id="254",group-id="i1"
=thread-created,id="255",group-id="i1"
~"[New Thread 0x7fff2d1ff6c0 (LWP 2997291)]\n"
*running,thread-id="255"
~"[Thread 0x7fff2d1ff6c0 (LWP 2997291) exited]\n"
=thread-exited,id="255",group-id="i1"
=thread-created,id="256",group-id="i1"
~"[New Thread 0x7fff2d1ff6c0 (LWP 2997341)]\n"
*running,thread-id="256"
~"[Thread 0x7fff2d1ff6c0 (LWP 2997341) exited]\n"
=thread-exited,id="256",group-id="i1"
=thread-created,id="257",group-id="i1"
~"[New Thread 0x7fff2d1ff6c0 (LWP 2997362)]\n"
*running,thread-id="257"
~"[Thread 0x7fff2d1ff6c0 (LWP 2997362) exited]\n"
=thread-exited,id="257",group-id="i1"
=thread-created,id="258",group-id="i1"
~"[New Thread 0x7fff2d1ff6c0 (LWP 2997381)]\n"
*running,thread-id="258"
~"[Thread 0x7fff2d1ff6c0 (LWP 2997381) exited]\n"
=thread-exited,id="258",group-id="i1"
=thread-created,id="259",group-id="i1"
~"[New Thread 0x7fff2d1ff6c0 (LWP 2997395)]\n"
*running,thread-id="259"
~"[Thread 0x7fff2d1ff6c0 (LWP 2997395) exited]\n"
=thread-exited,id="259",group-id="i1"
=thread-created,id="260",group-id="i1"
~"[New Thread 0x7fff2d1ff6c0 (LWP 2997415)]\n"
*running,thread-id="260"
~"[Thread 0x7fff2d1ff6c0 (LWP 2997415) exited]\n"
=thread-exited,id="260",group-id="i1"
=thread-created,id="261",group-id="i1"
~"[New Thread 0x7fff2d1ff6c0 (LWP 2997423)]\n"
*running,thread-id="261"
~"[Thread 0x7fff2d1ff6c0 (LWP 2997423) exited]\n"
=thread-exited,id="261",group-id="i1"
=thread-created,id="262",group-id="i1"
~"[New Thread 0x7fff2d1ff6c0 (LWP 2997443)]\n"
*running,thread-id="262"
~"[Thread 0x7fff2d1ff6c0 (LWP 2997443) exited]\n"
=thread-exited,id="262",group-id="i1"
=thread-created,id="263",group-id="i1"
~"[New Thread 0x7fff2d1ff6c0 (LWP 2997510)]\n"
*running,thread-id="263"
~"[Thread 0x7fff2d1ff6c0 (LWP 2997510) exited]\n"
=thread-exited,id="263",group-id="i1"
=thread-created,id="264",group-id="i1"
~"[New Thread 0x7fff2d1ff6c0 (LWP 2997544)]\n"
*running,thread-id="264"
~"[Thread 0x7fff2d1ff6c0 (LWP 2997544) exited]\n"
=thread-exited,id="264",group-id="i1"
=thread-created,id="265",group-id="i1"
~"[New Thread 0x7fff2d1ff6c0 (LWP 2997562)]\n"
*running,thread-id="265"
~"[Thread 0x7fff2d1ff6c0 (LWP 2997562) exited]\n"
=thread-exited,id="265",group-id="i1"
=thread-created,id="266",group-id="i1"
~"[New Thread 0x7fff2d1ff6c0 (LWP 2997571)]\n"
*running,thread-id="266"
~"[Thread 0x7fff2d1ff6c0 (LWP 2997571) exited]\n"
=thread-exited,id="266",group-id="i1"
=thread-created,id="267",group-id="i1"
~"[New Thread 0x7fff2d1ff6c0 (LWP 2997579)]\n"
*running,thread-id="267"
~"[Thread 0x7fff2d1ff6c0 (LWP 2997579) exited]\n"
=thread-exited,id="267",group-id="i1"
=thread-created,id="268",group-id="i1"
~"[New Thread 0x7fff2d1ff6c0 (LWP 2997594)]\n"
*running,thread-id="268"
~"[Thread 0x7fff2d1ff6c0 (LWP 2997594) exited]\n"
=thread-exited,id="268",group-id="i1"
=thread-created,id="269",group-id="i1"
~"[New Thread 0x7fff2d1ff6c0 (LWP 2997621)]\n"
*running,thread-id="269"
~"[Thread 0x7fff2d1ff6c0 (LWP 2997621) exited]\n"
=thread-exited,id="269",group-id="i1"
=thread-created,id="270",group-id="i1"
~"[New Thread 0x7fff2d1ff6c0 (LWP 2997638)]\n"
*running,thread-id="270"
~"[Thread 0x7fff2d1ff6c0 (LWP 2997638) exited]\n"
=thread-exited,id="270",group-id="i1"
=thread-created,id="271",group-id="i1"
~"[New Thread 0x7fff2d1ff6c0 (LWP 2997651)]\n"
*running,thread-id="271"
~"[Thread 0x7fff2d1ff6c0 (LWP 2997651) exited]\n"
=thread-exited,id="271",group-id="i1"
=thread-created,id="272",group-id="i1"
~"[New Thread 0x7fff2d1ff6c0 (LWP 2997683)]\n"
*running,thread-id="272"
~"[Thread 0x7fff2d1ff6c0 (LWP 2997683) exited]\n"
=thread-exited,id="272",group-id="i1"
=thread-created,id="273",group-id="i1"
~"[New Thread 0x7fff2d1ff6c0 (LWP 2997734)]\n"
*running,thread-id="273"
~"[Thread 0x7fff2d1ff6c0 (LWP 2997734) exited]\n"
=thread-exited,id="273",group-id="i1"
=thread-created,id="274",group-id="i1"
~"[New Thread 0x7fff2d1ff6c0 (LWP 2997771)]\n"
*running,thread-id="274"
~"[Thread 0x7fff2d1ff6c0 (LWP 2997771) exited]\n"
=thread-exited,id="274",group-id="i1"
=thread-created,id="275",group-id="i1"
~"[New Thread 0x7fff2d1ff6c0 (LWP 2997805)]\n"
*running,thread-id="275"
~"[Thread 0x7fff2d1ff6c0 (LWP 2997805) exited]\n"
=thread-exited,id="275",group-id="i1"
=thread-created,id="276",group-id="i1"
~"[New Thread 0x7fff2d1ff6c0 (LWP 2997815)]\n"
*running,thread-id="276"
~"[Thread 0x7fff2d1ff6c0 (LWP 2997815) exited]\n"
=thread-exited,id="276",group-id="i1"
=thread-created,id="277",group-id="i1"
~"[New Thread 0x7fff2d1ff6c0 (LWP 2997840)]\n"
*running,thread-id="277"
~"[Thread 0x7fff2d1ff6c0 (LWP 2997840) exited]\n"
=thread-exited,id="277",group-id="i1"
=thread-created,id="278",group-id="i1"
~"[New Thread 0x7fff2d1ff6c0 (LWP 2997854)]\n"
*running,thread-id="278"
~"[Thread 0x7fff2d1ff6c0 (LWP 2997854) exited]\n"
=thread-exited,id="278",group-id="i1"
=thread-created,id="279",group-id="i1"
~"[New Thread 0x7fff2d1ff6c0 (LWP 2997867)]\n"
*running,thread-id="279"
~"[Thread 0x7fff2d1ff6c0 (LWP 2997867) exited]\n"
=thread-exited,id="279",group-id="i1"
=thread-created,id="280",group-id="i1"
~"[New Thread 0x7fff2d1ff6c0 (LWP 2997896)]\n"
*running,thread-id="280"
~"[Thread 0x7fff2d1ff6c0 (LWP 2997896) exited]\n"
=thread-exited,id="280",group-id="i1"
=thread-created,id="281",group-id="i1"
~"[New Thread 0x7fff2d1ff6c0 (LWP 2997904)]\n"
*running,thread-id="281"
~"[Thread 0x7fff2d1ff6c0 (LWP 2997904) exited]\n"
=thread-exited,id="281",group-id="i1"
=thread-created,id="282",group-id="i1"
~"[New Thread 0x7fff2d1ff6c0 (LWP 2997924)]\n"
*running,thread-id="282"
~"[Thread 0x7fff2d1ff6c0 (LWP 2997924) exited]\n"
=thread-exited,id="282",group-id="i1"
=thread-created,id="283",group-id="i1"
~"[New Thread 0x7fff2d1ff6c0 (LWP 2997938)]\n"
*running,thread-id="283"
~"[Thread 0x7fff2d1ff6c0 (LWP 2997938) exited]\n"
=thread-exited,id="283",group-id="i1"
=thread-created,id="284",group-id="i1"
~"[New Thread 0x7fff2d1ff6c0 (LWP 2997951)]\n"
*running,thread-id="284"
~"[Thread 0x7fff2d1ff6c0 (LWP 2997951) exited]\n"
=thread-exited,id="284",group-id="i1"
=thread-created,id="285",group-id="i1"
~"[New Thread 0x7fff2d1ff6c0 (LWP 2997965)]\n"
*running,thread-id="285"
~"[Thread 0x7fff2d1ff6c0 (LWP 2997965) exited]\n"
=thread-exited,id="285",group-id="i1"
=thread-created,id="286",group-id="i1"
~"[New Thread 0x7fff2d1ff6c0 (LWP 2998003)]\n"
*running,thread-id="286"
~"[Thread 0x7fff2d1ff6c0 (LWP 2998003) exited]\n"
=thread-exited,id="286",group-id="i1"
=thread-created,id="287",group-id="i1"
~"[New Thread 0x7fff2d1ff6c0 (LWP 2998014)]\n"
*running,thread-id="287"
~"[Thread 0x7fff2d1ff6c0 (LWP 2998014) exited]\n"
=thread-exited,id="287",group-id="i1"
=thread-created,id="288",group-id="i1"
~"[New Thread 0x7fff2d1ff6c0 (LWP 2998025)]\n"
*running,thread-id="288"
~"[Thread 0x7fff2d1ff6c0 (LWP 2998025) exited]\n"
=thread-exited,id="288",group-id="i1"
=thread-created,id="289",group-id="i1"
~"[New Thread 0x7fff2d1ff6c0 (LWP 2998058)]\n"
*running,thread-id="289"
~"[Thread 0x7fff2d1ff6c0 (LWP 2998058) exited]\n"
=thread-exited,id="289",group-id="i1"
=thread-created,id="290",group-id="i1"
~"[New Thread 0x7fff2d1ff6c0 (LWP 2998063)]\n"
*running,thread-id="290"
~"[Thread 0x7fff2d1ff6c0 (LWP 2998063) exited]\n"
=thread-exited,id="290",group-id="i1"
=thread-created,id="291",group-id="i1"
~"[New Thread 0x7fff2d1ff6c0 (LWP 2998070)]\n"
*running,thread-id="291"
~"[Thread 0x7fff2d1ff6c0 (LWP 2998070) exited]\n"
=thread-exited,id="291",group-id="i1"
12^done
(gdb) 
~"\nThread "
~"1 \"strata-prefill-\" received signal SIGINT, Interrupt.\n"
~"0x00007fffdc653e51 in __futex_abstimed_wait_common64 (private=32767, cancel=true, abstime=0x0, op=393, expected=0, futex_word=0x7ffffffe5484) at ./nptl/futex-internal.c:57\n"
&"warning: 57\t./nptl/futex-internal.c: No such file or directory\n"
*stopped,reason="signal-received",signal-name="SIGINT",signal-meaning="Interrupt",frame={addr="0x00007fffdc653e51",func="__futex_abstimed_wait_common64",args=[{name="private",value="32767"},{name="cancel",value="true"},{name="abstime",value="0x0"},{name="op",value="393"},{name="expected",value="0"},{name="futex_word",value="0x7ffffffe5484"}],file="./nptl/futex-internal.c",fullname="./nptl/./nptl/futex-internal.c",line="57",arch="i386:x86-64"},thread-id="1",stopped-threads="all",core="0"
13^done,threads=[{id="1",target-id="Thread 0x7fffd9a67ac0 (LWP 2986903)",name="strata-prefill-",frame={level="0",addr="0x00007fffdc653e51",func="__futex_abstimed_wait_common64",args=[{name="private",value="32767"},{name="cancel",value="true"},{name="abstime",value="0x0"},{name="op",value="393"},{name="expected",value="0"},{name="futex_word",value="0x7ffffffe5484"}],file="./nptl/futex-internal.c",fullname="./nptl/./nptl/futex-internal.c",line="57",arch="i386:x86-64"},state="stopped",core="0"},{id="2",target-id="Thread 0x7fffd79cb6c0 (LWP 2987232)",name="strata-prefill-",frame={level="0",addr="0x00007fffdc653e51",func="__futex_abstimed_wait_common64",args=[{name="private",value="0"},{name="cancel",value="true"},{name="abstime",value="0x0"},{name="op",value="393"},{name="expected",value="0"},{name="futex_word",value="0x3e04658"}],file="./nptl/futex-internal.c",fullname="./nptl/./nptl/futex-internal.c",line="57",arch="i386:x86-64"},state="stopped",core="0"},{id="3",target-id="Thread 0x7fffd6cba6c0 (LWP 2987249)",name="strata-prefill-",frame={level="0",addr="0x00007fffdc653e51",func="__futex_abstimed_wait_common64",args=[{name="private",value="0"},{name="cancel",value="true"},{name="abstime",value="0x0"},{name="op",value="393"},{name="expected",value="0"},{name="futex_word",value="0x3dff1b0"}],file="./nptl/futex-internal.c",fullname="./nptl/./nptl/futex-internal.c",line="57",arch="i386:x86-64"},state="stopped",core="4"},{id="4",target-id="Thread 0x7fffd64b96c0 (LWP 2987250)",name="strata-prefill-",frame={level="0",addr="0x00007fffdc653e51",func="__futex_abstimed_wait_common64",args=[{name="private",value="0"},{name="cancel",value="true"},{name="abstime",value="0x0"},{name="op",value="393"},{name="expected",value="0"},{name="futex_word",value="0x3dff1b0"}],file="./nptl/futex-internal.c",fullname="./nptl/./nptl/futex-internal.c",line="57",arch="i386:x86-64"},state="stopped",core="10"},{id="5",target-id="Thread 0x7fffd5cb86c0 (LWP 2987251)",name="strata-prefill-",frame={level="0",addr="0x00007fffdc653e51",func="__futex_abstimed_wait_common64",args=[{name="private",value="0"},{name="cancel",value="true"},{name="abstime",value="0x0"},{name="op",value="393"},{name="expected",value="0"},{name="futex_word",value="0x3dff1b0"}],file="./nptl/futex-internal.c",fullname="./nptl/./nptl/futex-internal.c",line="57",arch="i386:x86-64"},state="stopped",core="9"},{id="6",target-id="Thread 0x7fffd54b76c0 (LWP 2987252)",name="strata-prefill-",frame={level="0",addr="0x00007fffdc653e51",func="__futex_abstimed_wait_common64",args=[{name="private",value="0"},{name="cancel",value="true"},{name="abstime",value="0x0"},{name="op",value="393"},{name="expected",value="0"},{name="futex_word",value="0x3dff1b0"}],file="./nptl/futex-internal.c",fullname="./nptl/./nptl/futex-internal.c",line="57",arch="i386:x86-64"},state="stopped",core="1"},{id="7",target-id="Thread 0x7fffd4cb66c0 (LWP 2987253)",name="strata-prefill-",frame={level="0",addr="0x00007fffdc653e51",func="__futex_abstimed_wait_common64",args=[{name="private",value="32764"},{name="cancel",value="true"},{name="abstime",value="0x0"},{name="op",value="393"},{name="expected",value="0"},{name="futex_word",value="0x3dff1b0"}],file="./nptl/futex-internal.c",fullname="./nptl/./nptl/futex-internal.c",line="57",arch="i386:x86-64"},state="stopped",core="11"},{id="8",target-id="Thread 0x7fffd44b56c0 (LWP 2987254)",name="strata-prefill-",frame={level="0",addr="0x00007fffdc653e51",func="__futex_abstimed_wait_common64",args=[{name="private",value="0"},{name="cancel",value="true"},{name="abstime",value="0x0"},{name="op",value="393"},{name="expected",value="0"},{name="futex_word",value="0x3dff1b4"}],file="./nptl/futex-internal.c",fullname="./nptl/./nptl/futex-internal.c",line="57",arch="i386:x86-64"},state="stopped",core="8"},{id="9",target-id="Thread 0x7fffd3cb46c0 (LWP 2987255)",name="strata-prefill-",frame={level="0",addr="0x00007fffdc653e51",func="__futex_abstimed_wait_common64",args=[{name="private",value="0"},{name="cancel",value="true"},{name="abstime",value="0x0"},{name="op",value="393"},{name="expected",value="0"},{name="futex_word",value="0x3dff1b0"}],file="./nptl/futex-internal.c",fullname="./nptl/./nptl/futex-internal.c",line="57",arch="i386:x86-64"},state="stopped",core="8"},{id="10",target-id="Thread 0x7fffd34b36c0 (LWP 2987256)",name="strata-prefill-",frame={level="0",addr="0x00007fffdc653e51",func="__futex_abstimed_wait_common64",args=[{name="private",value="0"},{name="cancel",value="true"},{name="abstime",value="0x0"},{name="op",value="393"},{name="expected",value="0"},{name="futex_word",value="0x3dff1b0"}],file="./nptl/futex-internal.c",fullname="./nptl/./nptl/futex-internal.c",line="57",arch="i386:x86-64"},state="stopped",core="3"},{id="11",target-id="Thread 0x7fffd2cb26c0 (LWP 2987257)",name="strata-prefill-",frame={level="0",addr="0x00007fffdc653e51",func="__futex_abstimed_wait_common64",args=[{name="private",value="0"},{name="cancel",value="true"},{name="abstime",value="0x0"},{name="op",value="393"},{name="expected",value="0"},{name="futex_word",value="0x3dff1b4"}],file="./nptl/futex-internal.c",fullname="./nptl/./nptl/futex-internal.c",line="57",arch="i386:x86-64"},state="stopped",core="7"},{id="12",target-id="Thread 0x7fffd24b16c0 (LWP 2987258)",name="strata-prefill-",frame={level="0",addr="0x00007fffdc653e51",func="__futex_abstimed_wait_common64",args=[{name="private",value="0"},{name="cancel",value="true"},{name="abstime",value="0x0"},{name="op",value="393"},{name="expected",value="0"},{name="futex_word",value="0x3dff1b0"}],file="./nptl/futex-internal.c",fullname="./nptl/./nptl/futex-internal.c",line="57",arch="i386:x86-64"},state="stopped",core="10"},{id="13",target-id="Thread 0x7fffd1cb06c0 (LWP 2987259)",name="strata-prefill-",frame={level="0",addr="0x00007fffdc653e51",func="__futex_abstimed_wait_common64",args=[{name="private",value="0"},{name="cancel",value="true"},{name="abstime",value="0x0"},{name="op",value="393"},{name="expected",value="0"},{name="futex_word",value="0x3dff1b0"}],file="./nptl/futex-internal.c",fullname="./nptl/./nptl/futex-internal.c",line="57",arch="i386:x86-64"},state="stopped",core="0"},{id="14",target-id="Thread 0x7fffd14af6c0 (LWP 2987260)",name="strata-prefill-",frame={level="0",addr="0x00007fffdc653e51",func="__futex_abstimed_wait_common64",args=[{name="private",value="32764"},{name="cancel",value="true"},{name="abstime",value="0x0"},{name="op",value="393"},{name="expected",value="0"},{name="futex_word",value="0x3dff1b0"}],file="./nptl/futex-internal.c",fullname="./nptl/./nptl/futex-internal.c",line="57",arch="i386:x86-64"},state="stopped",core="9"},{id="15",target-id="Thread 0x7fffd0cae6c0 (LWP 2987261)",name="strata-prefill-",frame={level="0",addr="0x00007fffdc653e51",func="__futex_abstimed_wait_common64",args=[{name="private",value="0"},{name="cancel",value="true"},{name="abstime",value="0x0"},{name="op",value="393"},{name="expected",value="0"},{name="futex_word",value="0x3dff1b0"}],file="./nptl/futex-internal.c",fullname="./nptl/./nptl/futex-internal.c",line="57",arch="i386:x86-64"},state="stopped",core="3"},{id="16",target-id="Thread 0x7fffd04ad6c0 (LWP 2987262)",name="strata-prefill-",frame={level="0",addr="0x00007fffdc653e51",func="__futex_abstimed_wait_common64",args=[{name="private",value="0"},{name="cancel",value="true"},{name="abstime",value="0x0"},{name="op",value="393"},{name="expected",value="0"},{name="futex_word",value="0x3dff1b0"}],file="./nptl/futex-internal.c",fullname="./nptl/./nptl/futex-internal.c",line="57",arch="i386:x86-64"},state="stopped",core="7"},{id="17",target-id="Thread 0x7fffcfcac6c0 (LWP 2987263)",name="strata-prefill-",frame={level="0",addr="0x00007fffdc653e51",func="__futex_abstimed_wait_common64",args=[{name="private",value="0"},{name="cancel",value="true"},{name="abstime",value="0x0"},{name="op",value="393"},{name="expected",value="0"},{name="futex_word",value="0x3dff1b0"}],file="./nptl/futex-internal.c",fullname="./nptl/./nptl/futex-internal.c",line="57",arch="i386:x86-64"},state="stopped",core="9"},{id="18",target-id="Thread 0x7fffcf4ab6c0 (LWP 2987264)",name="strata-prefill-",frame={level="0",addr="0x00007fffdc653e51",func="__futex_abstimed_wait_common64",args=[{name="private",value="0"},{name="cancel",value="true"},{name="abstime",value="0x0"},{name="op",value="393"},{name="expected",value="0"},{name="futex_word",value="0x3dff1b0"}],file="./nptl/futex-internal.c",fullname="./nptl/./nptl/futex-internal.c",line="57",arch="i386:x86-64"},state="stopped",core="10"},{id="19",target-id="Thread 0x7fffc8ca66c0 (LWP 2987266)",name="strata-prefill-",frame={level="0",addr="0x00007fffdc653e51",func="__futex_abstimed_wait_common64",args=[{name="private",value="65008096"},{name="cancel",value="true"},{name="abstime",value="0x7fffc8c9b6f0"},{name="op",value="137"},{name="expected",value="0"},{name="futex_word",value="0x3e00d44"}],file="./nptl/futex-internal.c",fullname="./nptl/./nptl/futex-internal.c",line="57",arch="i386:x86-64"},state="stopped",core="11"},{id="25",target-id="Thread 0x7fff667fa6c0 (LWP 2988163)",name="strata-prefill-",frame={level="0",addr="0x00007fffdc653e51",func="__futex_abstimed_wait_common64",args=[{name="private",value="0"},{name="cancel",value="true"},{name="abstime",value="0x0"},{name="op",value="393"},{name="expected",value="0"},{name="futex_word",value="0x7ffffffec5dc"}],file="./nptl/futex-internal.c",fullname="./nptl/./nptl/futex-internal.c",line="57",arch="i386:x86-64"},state="stopped",core="1"},{id="26",target-id="Thread 0x7fff677fe6c0 (LWP 2988164)",name="strata-prefill-",frame={level="0",addr="0x00007fffdc653e51",func="__futex_abstimed_wait_common64",args=[{name="private",value="0"},{name="cancel",value="true"},{name="abstime",value="0x0"},{name="op",value="393"},{name="expected",value="0"},{name="futex_word",value="0x7ffffffec5dc"}],file="./nptl/futex-internal.c",fullname="./nptl/./nptl/futex-internal.c",line="57",arch="i386:x86-64"},state="stopped",core="2"},{id="27",target-id="Thread 0x7fff6d56a6c0 (LWP 2988165)",name="strata-prefill-",frame={level="0",addr="0x00007fffdc653e51",func="__futex_abstimed_wait_common64",args=[{name="private",value="0"},{name="cancel",value="true"},{name="abstime",value="0x0"},{name="op",value="393"},{name="expected",value="0"},{name="futex_word",value="0x7ffffffec5dc"}],file="./nptl/futex-internal.c",fullname="./nptl/./nptl/futex-internal.c",line="57",arch="i386:x86-64"},state="stopped",core="3"},{id="28",target-id="Thread 0x7fff67fff6c0 (LWP 2988166)",name="strata-prefill-",frame={level="0",addr="0x00007fffdc653e51",func="__futex_abstimed_wait_common64",args=[{name="private",value="0"},{name="cancel",value="true"},{name="abstime",value="0x0"},{name="op",value="393"},{name="expected",value="0"},{name="futex_word",value="0x7ffffffec5dc"}],file="./nptl/futex-internal.c",fullname="./nptl/./nptl/futex-internal.c",line="57",arch="i386:x86-64"},state="stopped",core="4"},{id="29",target-id="Thread 0x7fffd962b6c0 (LWP 2988167)",name="strata-prefill-",frame={level="0",addr="0x00007fffdc653e51",func="__futex_abstimed_wait_common64",args=[{name="private",value="0"},{name="cancel",value="true"},{name="abstime",value="0x0"},{name="op",value="393"},{name="expected",value="0"},{name="futex_word",value="0x7ffffffec5dc"}],file="./nptl/futex-internal.c",fullname="./nptl/./nptl/futex-internal.c",line="57",arch="i386:x86-64"},state="stopped",core="5"},{id="30",target-id="Thread 0x7fff555ff6c0 (LWP 2988170)",name="strata-prefill-",frame={level="0",addr="0x00007fffdc653e51",func="__futex_abstimed_wait_common64",args=[{name="private",value="32767"},{name="cancel",value="true"},{name="abstime",value="0x0"},{name="op",value="393"},{name="expected",value="0"},{name="futex_word",value="0x42b42e0"}],file="./nptl/futex-internal.c",fullname="./nptl/./nptl/futex-internal.c",line="57",arch="i386:x86-64"},state="stopped",core="0"},{id="31",target-id="Thread 0x7fff54dfe6c0 (LWP 2988171)",name="strata-prefill-",frame={level="0",addr="0x00007fffdc653e51",func="__futex_abstimed_wait_common64",args=[{name="private",value="32767"},{name="cancel",value="true"},{name="abstime",value="0x0"},{name="op",value="393"},{name="expected",value="0"},{name="futex_word",value="0x42b42e0"}],file="./nptl/futex-internal.c",fullname="./nptl/./nptl/futex-internal.c",line="57",arch="i386:x86-64"},state="stopped",core="0"},{id="32",target-id="Thread 0x7fff4ffff6c0 (LWP 2988172)",name="strata-prefill-",frame={level="0",addr="0x00007fffdc653e51",func="__futex_abstimed_wait_common64",args=[{name="private",value="0"},{name="cancel",value="true"},{name="abstime",value="0x0"},{name="op",value="393"},{name="expected",value="0"},{name="futex_word",value="0x42b42e0"}],file="./nptl/futex-internal.c",fullname="./nptl/./nptl/futex-internal.c",line="57",arch="i386:x86-64"},state="stopped",core="0"},{id="33",target-id="Thread 0x7fff4dffe6c0 (LWP 2988176)",name="strata-prefill-",frame={level="0",addr="0x00007fffdc6d679d",func="__GI___poll",args=[{name="fds",value="0x7fff4dff2ab0"},{name="nfds",value="1"},{name="timeout",value="100"}],file="../sysdeps/unix/sysv/linux/poll.c",fullname="./io/../sysdeps/unix/sysv/linux/poll.c",line="29",arch="i386:x86-64"},state="stopped",core="0"},{id="34",target-id="Thread 0x7fff4d7fd6c0 (LWP 2988177)",name="strata-prefill-",frame={level="0",addr="0x00007fffdc6a7bdf",func="__GI___clock_nanosleep",args=[{name="clock_id",value="0"},{name="clock_id@entry",value="0"},{name="flags",value="0"},{name="flags@entry",value="0"},{name="req",value="0x7fff4d7f1af0"},{name="rem",value="0x7fff4d7f1af0"}],file="../sysdeps/unix/sysv/linux/clock_nanosleep.c",fullname="./time/../sysdeps/unix/sysv/linux/clock_nanosleep.c",line="78",arch="i386:x86-64"},state="stopped",core="0"},{id="35",target-id="Thread 0x7fff4cffc6c0 (LWP 2988593)",name="strata-prefill-",frame={level="0",addr="0x00007fffdc653e51",func="__futex_abstimed_wait_common64",args=[{name="private",value="0"},{name="cancel",value="true"},{name="abstime",value="0x0"},{name="op",value="393"},{name="expected",value="0"},{name="futex_word",value="0x4145b84"}],file="./nptl/futex-internal.c",fullname="./nptl/./nptl/futex-internal.c",line="57",arch="i386:x86-64"},state="stopped",core="0"}],current-thread-id="1"
(gdb) 
~"\nThread 35 (Thread 0x7fff4cffc6c0 (LWP 2988593) \"strata-prefill-\"):\n"
~"#0  0x00007fffdc653e51 in __futex_abstimed_wait_common64 (private=0, cancel=true, abstime=0x0, op=393, expected=0, futex_word=0x4145b84) at ./nptl/futex-internal.c:57\n#1  __futex_abstimed_wait_common (cancel=true, private=0, abstime=0x0, clockid=0, expected=0, futex_word=0x4145b84) at ./nptl/futex-internal.c:87\n#2  __GI___futex_abstimed_wait_cancelable64 (futex_word=futex_word@entry=0x4145b84, expected=expected@entry=0, clockid=clockid@entry=0, abstime=abstime@entry=0x0, private=private@entry=0) at ./nptl/futex-internal.c:139\n#3  0x00007fffdc6568cd in __pthread_cond_wait_common (abstime=0x0, clockid=0, mutex=0x4145b30, cond=0x4145b58) at ./nptl/pthread_cond_wait.c:503\n#4  ___pthread_cond_wait (cond=0x4145b58, mutex=0x4145b30) at ./nptl/pthread_cond_wait.c:627\n#5  0x00007fffdcca7047 in std::condition_variable::wait(std::unique_lock<std::mutex>&) () from /usr/lib/x86_64-linux-gnu/libstdc++.so.6\n#6  0x00007fffdc9fc605 in sycl::_V1::detail::ThreadPool::worker() () from /opt/intel/oneapi/compiler/2026.1/lib/libsycl.so.9\n#7  0x00007fffdccdadb4 in ?? () from /usr/lib/x86_64-linux-gnu/libstdc++.so.6\n#8  0x00007fffdc657b84 in start_thread (arg=<optimized out>) at ./nptl/pthread_create.c:447\n#9  0x00007fffdc6e4ecc in clone3 () at ../sysdeps/unix/sysv/linux/x86_64/clone3.S:78\n"
~"\nThread 34 (Thread 0x7fff4d7fd6c0 (LWP 2988177) \"strata-prefill-\"):\n"
~"#0  0x00007fffdc6a7bdf in __GI___clock_nanosleep (clock_id=clock_id@entry=0, flags=flags@entry=0, req=0x7fff4d7f1af0, rem=0x7fff4d7f1af0) at ../sysdeps/unix/sysv/linux/clock_nanosleep.c:78\n#1  0x00007fffdc6b4b27 in __GI___nanosleep (req=<optimized out>, rem=<optimized out>) at ../sysdeps/unix/sysv/linux/nanosleep.c:25\n#2  0x0000000000454b1b in std::thread::_State_impl<std::thread::_Invoker<std::tuple<main::{lambda(std::stop_token)#1}, std::stop_token> > >::_M_run() ()\n#3  0x00007fffdccdadb4 in ?? () from /usr/lib/x86_64-linux-gnu/libstdc++.so.6\n#4  0x00007fffdc657b84 in start_thread (arg=<optimized out>) at ./nptl/pthread_create.c:447\n#5  0x00007fffdc6e4ecc in clone3 () at ../sysdeps/unix/sysv/linux/x86_64/clone3.S:78\n"
~"\nThread 33 (Thread 0x7fff4dffe6c0 (LWP 2988176) \"strata-prefill-\"):\n"
~"#0  0x00007fffdc6d679d in __GI___poll (fds=0x7fff4dff2ab0, nfds=1, timeout=100) at ../sysdeps/unix/sysv/linux/poll.c:29\n#1  0x0000000000473842 in std::thread::_State_impl<std::thread::_Invoker<std::tuple<strata::ServeInput::ServeInput(int)::{lambda(std::stop_token)#1}, std::stop_token> > >::_M_run() ()\n#2  0x00007fffdccdadb4 in ?? () from /usr/lib/x86_64-linux-gnu/libstdc++.so.6\n#3  0x00007fffdc657b84 in start_thread (arg=<optimized out>) at ./nptl/pthread_create.c:447\n#4  0x00007fffdc6e4ecc in clone3 () at ../sysdeps/unix/sysv/linux/x86_64/clone3.S:78\n"
~"\nThread 32 (Thread 0x7fff4ffff6c0 (LWP 2988172) \"strata-prefill-\"):\n"
~"#0  0x00007fffdc653e51 in __futex_abstimed_wait_common64 (private=0, cancel=true, abstime=0x0, op=393, expected=0, futex_word=0x42b42e0) at ./nptl/futex-internal.c:57\n#1  __futex_abstimed_wait_common (cancel=true, private=0, abstime=0x0, clockid=0, expected=0, futex_word=0x42b42e0) at ./nptl/futex-internal.c:87\n#2  __GI___futex_abstimed_wait_cancelable64 (futex_word=futex_word@entry=0x42b42e0, expected=expected@entry=0, clockid=clockid@entry=0, abstime=abstime@entry=0x0, private=private@entry=0) at ./nptl/futex-internal.c:139\n#3  0x00007fffdc6568cd in __pthread_cond_wait_common (abstime=0x0, clockid=0, mutex=0x42b4290, cond=0x42b42b8) at ./nptl/pthread_cond_wait.c:503\n#4  ___pthread_cond_wait (cond=0x42b42b8, mutex=0x42b4290) at ./nptl/pthread_cond_wait.c:627\n#5  0x0000000000535477 in std::thread::_State_impl<std::thread::_Invoker<std::tuple<strata::prefill::Stager::init(unsigned long, int)::{lambda()#2}> > >::_M_run() ()\n#6  0x00007fffdccdadb4 in ?? () from /usr/lib/x86_64-linux-gnu/libstdc++.so.6\n#7  0x00007fffdc657b84 in start_thread (arg=<optimized out>) at ./nptl/pthread_create.c:447\n#8  0x00007fffdc6e4ecc in clone3 () at ../sysdeps/unix/sysv/linux/x86_64/clone3.S:78\n"
~"\nThread 31 (Thread 0x7fff54dfe6c0 (LWP 2988171) \"strata-prefill-\"):\n"
~"#0  0x00007fffdc653e51 in __futex_abstimed_wait_common64 (private=32767, cancel=true, abstime=0x0, op=393, expected=0, futex_word=0x42b42e0) at ./nptl/futex-internal.c:57\n#1  __futex_abstimed_wait_common (cancel=true, private=32767, abstime=0x0, clockid=0, expected=0, futex_word=0x42b42e0) at ./nptl/futex-internal.c:87\n#2  __GI___futex_abstimed_wait_cancelable64 (futex_word=futex_word@entry=0x42b42e0, expected=expected@entry=0, clockid=clockid@entry=0, abstime=abstime@entry=0x0, private=private@entry=0) at ./nptl/futex-internal.c:139\n#3  0x00007fffdc6568cd in __pthread_cond_wait_common (abstime=0x0, clockid=0, mutex=0x42b4290, cond=0x42b42b8) at ./nptl/pthread_cond_wait.c:503\n#4  ___pthread_cond_wait (cond=0x42b42b8, mutex=0x42b4290) at ./nptl/pthread_cond_wait.c:627\n#5  0x0000000000535477 in std::thread::_State_impl<std::thread::_Invoker<std::tuple<strata::prefill::Stager::init(unsigned long, int)::{lambda()#2}> > >::_M_run() ()\n#6  0x00007fffdccdadb4 in ?? () from /usr/lib/x86_64-linux-gnu/libstdc++.so.6\n#7  0x00007fffdc657b84 in start_thread (arg=<optimized out>) at ./nptl/pthread_create.c:447\n#8  0x00007fffdc6e4ecc in clone3 () at ../sysdeps/unix/sysv/linux/x86_64/clone3.S:78\n"
~"\nThread 30 (Thread 0x7fff555ff6c0 (LWP 2988170) \"strata-prefill-\"):\n"
~"#0  0x00007fffdc653e51 in __futex_abstimed_wait_common64 (private=32767, cancel=true, abstime=0x0, op=393, expected=0, futex_word=0x42b42e0) at ./nptl/futex-internal.c:57\n#1  __futex_abstimed_wait_common (cancel=true, private=32767, abstime=0x0, clockid=0, expected=0, futex_word=0x42b42e0) at ./nptl/futex-internal.c:87\n#2  __GI___futex_abstimed_wait_cancelable64 (futex_word=futex_word@entry=0x42b42e0, expected=expected@entry=0, clockid=clockid@entry=0, abstime=abstime@entry=0x0, private=private@entry=0) at ./nptl/futex-internal.c:139\n#3  0x00007fffdc6568cd in __pthread_cond_wait_common (abstime=0x0, clockid=0, mutex=0x42b4290, cond=0x42b42b8) at ./nptl/pthread_cond_wait.c:503\n#4  ___pthread_cond_wait (cond=0x42b42b8, mutex=0x42b4290) at ./nptl/pthread_cond_wait.c:627\n#5  0x0000000000535477 in std::thread::_State_impl<std::thread::_Invoker<std::tuple<strata::prefill::Stager::init(unsigned long, int)::{lambda()#2}> > >::_M_run() ()\n#6  0x00007fffdccdadb4 in ?? () from /usr/lib/x86_64-linux-gnu/libstdc++.so.6\n#7  0x00007fffdc657b84 in start_thread (arg=<optimized out>) at ./nptl/pthread_create.c:447\n#8  0x00007fffdc6e4ecc in clone3 () at ../sysdeps/unix/sysv/linux/x86_64/clone3.S:78\n"
~"\nThread 29 (Thread 0x7fffd962b6c0 (LWP 2988167) \"strata-prefill-\"):\n"
~"#0  0x00007fffdc653e51 in __futex_abstimed_wait_common64 (private=0, cancel=true, abstime=0x0, op=393, expected=0, futex_word=0x7ffffffec5dc) at ./nptl/futex-internal.c:57\n#1  __futex_abstimed_wait_common (cancel=true, private=0, abstime=0x0, clockid=0, expected=0, futex_word=0x7ffffffec5dc) at ./nptl/futex-internal.c:87\n#2  __GI___futex_abstimed_wait_cancelable64 (futex_word=futex_word@entry=0x7ffffffec5dc, expected=expected@entry=0, clockid=clockid@entry=0, abstime=abstime@entry=0x0, private=private@entry=0) at ./nptl/futex-internal.c:139\n#3  0x00007fffdc6568cd in __pthread_cond_wait_common (abstime=0x0, clockid=0, mutex=0x7ffffffec588, cond=0x7ffffffec5b0) at ./nptl/pthread_cond_wait.c:503\n#4  ___pthread_cond_wait (cond=0x7ffffffec5b0, mutex=0x7ffffffec588) at ./nptl/pthread_cond_wait.c:627\n#5  0x0000000000692cf0 in strata::kernels::cpu::ExpertPool::worker(int) ()\n#6  0x00007fffdccdadb4 in ?? () from /usr/lib/x86_64-linux-gnu/libstdc++.so.6\n#7  0x00007fffdc657b84 in start_thread (arg=<optimized out>) at ./nptl/pthread_create.c:447\n#8  0x00007fffdc6e4ecc in clone3 () at ../sysdeps/unix/sysv/linux/x86_64/clone3.S:78\n"
~"\nThread 28 (Thread 0x7fff67fff6c0 (LWP 2988166) \"strata-prefill-\"):\n"
~"#0  0x00007fffdc653e51 in __futex_abstimed_wait_common64 (private=0, cancel=true, abstime=0x0, op=393, expected=0, futex_word=0x7ffffffec5dc) at ./nptl/futex-internal.c:57\n#1  __futex_abstimed_wait_common (cancel=true, private=0, abstime=0x0, clockid=0, expected=0, futex_word=0x7ffffffec5dc) at ./nptl/futex-internal.c:87\n#2  __GI___futex_abstimed_wait_cancelable64 (futex_word=futex_word@entry=0x7ffffffec5dc, expected=expected@entry=0, clockid=clockid@entry=0, abstime=abstime@entry=0x0, private=private@entry=0) at ./nptl/futex-internal.c:139\n#3  0x00007fffdc6568cd in __pthread_cond_wait_common (abstime=0x0, clockid=0, mutex=0x7ffffffec588, cond=0x7ffffffec5b0) at ./nptl/pthread_cond_wait.c:503\n#4  ___pthread_cond_wait (cond=0x7ffffffec5b0, mutex=0x7ffffffec588) at ./nptl/pthread_cond_wait.c:627\n#5  0x0000000000692cf0 in strata::kernels::cpu::ExpertPool::worker(int) ()\n#6  0x00007fffdccdadb4 in ?? () from /usr/lib/x86_64-linux-gnu/libstdc++.so.6\n#7  0x00007fffdc657b84 in start_thread (arg=<optimized out>) at ./nptl/pthread_create.c:447\n#8  0x00007fffdc6e4ecc in clone3 () at ../sysdeps/unix/sysv/linux/x86_64/clone3.S:78\n"
~"\nThread 27 (Thread 0x7fff6d56a6c0 (LWP 2988165) \"strata-prefill-\"):\n"
~"#0  0x00007fffdc653e51 in __futex_abstimed_wait_common64 (private=0, cancel=true, abstime=0x0, op=393, expected=0, futex_word=0x7ffffffec5dc) at ./nptl/futex-internal.c:57\n#1  __futex_abstimed_wait_common (cancel=true, private=0, abstime=0x0, clockid=0, expected=0, futex_word=0x7ffffffec5dc) at ./nptl/futex-internal.c:87\n#2  __GI___futex_abstimed_wait_cancelable64 (futex_word=futex_word@entry=0x7ffffffec5dc, expected=expected@entry=0, clockid=clockid@entry=0, abstime=abstime@entry=0x0, private=private@entry=0) at ./nptl/futex-internal.c:139\n#3  0x00007fffdc6568cd in __pthread_cond_wait_common (abstime=0x0, clockid=0, mutex=0x7ffffffec588, cond=0x7ffffffec5b0) at ./nptl/pthread_cond_wait.c:503\n#4  ___pthread_cond_wait (cond=0x7ffffffec5b0, mutex=0x7ffffffec588) at ./nptl/pthread_cond_wait.c:627\n#5  0x0000000000692cf0 in strata::kernels::cpu::ExpertPool::worker(int) ()\n#6  0x00007fffdccdadb4 in ?? () from /usr/lib/x86_64-linux-gnu/libstdc++.so.6\n#7  0x00007fffdc657b84 in start_thread (arg=<optimized out>) at ./nptl/pthread_create.c:447\n#8  0x00007fffdc6e4ecc in clone3 () at ../sysdeps/unix/sysv/linux/x86_64/clone3.S:78\n"
~"\nThread 26 (Thread 0x7fff677fe6c0 (LWP 2988164) \"strata-prefill-\"):\n"
~"#0  0x00007fffdc653e51 in __futex_abstimed_wait_common64 (private=0, cancel=true, abstime=0x0, op=393, expected=0, futex_word=0x7ffffffec5dc) at ./nptl/futex-internal.c:57\n#1  __futex_abstimed_wait_common (cancel=true, private=0, abstime=0x0, clockid=0, expected=0, futex_word=0x7ffffffec5dc) at ./nptl/futex-internal.c:87\n#2  __GI___futex_abstimed_wait_cancelable64 (futex_word=futex_word@entry=0x7ffffffec5dc, expected=expected@entry=0, clockid=clockid@entry=0, abstime=abstime@entry=0x0, private=private@entry=0) at ./nptl/futex-internal.c:139\n#3  0x00007fffdc6568cd in __pthread_cond_wait_common (abstime=0x0, clockid=0, mutex=0x7ffffffec588, cond=0x7ffffffec5b0) at ./nptl/pthread_cond_wait.c:503\n#4  ___pthread_cond_wait (cond=0x7ffffffec5b0, mutex=0x7ffffffec588) at ./nptl/pthread_cond_wait.c:627\n#5  0x0000000000692cf0 in strata::kernels::cpu::ExpertPool::worker(int) ()\n#6  0x00007fffdccdadb4 in ?? () from /usr/lib/x86_64-linux-gnu/libstdc++.so.6\n#7  0x00007fffdc657b84 in start_thread (arg=<optimized out>) at ./nptl/pthread_create.c:447\n#8  0x00007fffdc6e4ecc in clone3 () at ../sysdeps/unix/sysv/linux/x86_64/clone3.S:78\n"
~"\nThread 25 (Thread 0x7fff667fa6c0 (LWP 2988163) \"strata-prefill-\"):\n"
~"#0  0x00007fffdc653e51 in __futex_abstimed_wait_common64 (private=0, cancel=true, abstime=0x0, op=393, expected=0, futex_word=0x7ffffffec5dc) at ./nptl/futex-internal.c:57\n#1  __futex_abstimed_wait_common (cancel=true, private=0, abstime=0x0, clockid=0, expected=0, futex_word=0x7ffffffec5dc) at ./nptl/futex-internal.c:87\n#2  __GI___futex_abstimed_wait_cancelable64 (futex_word=futex_word@entry=0x7ffffffec5dc, expected=expected@entry=0, clockid=clockid@entry=0, abstime=abstime@entry=0x0, private=private@entry=0) at ./nptl/futex-internal.c:139\n#3  0x00007fffdc6568cd in __pthread_cond_wait_common (abstime=0x0, clockid=0, mutex=0x7ffffffec588, cond=0x7ffffffec5b0) at ./nptl/pthread_cond_wait.c:503\n#4  ___pthread_cond_wait (cond=0x7ffffffec5b0, mutex=0x7ffffffec588) at ./nptl/pthread_cond_wait.c:627\n#5  0x0000000000692cf0 in strata::kernels::cpu::ExpertPool::worker(int) ()\n#6  0x00007fffdccdadb4 in ?? () from /usr/lib/x86_64-linux-gnu/libstdc++.so.6\n#7  0x00007fffdc657b84 in start_thread (arg=<optimized out>) at ./nptl/pthread_create.c:447\n#8  0x00007fffdc6e4ecc in clone3 () at ../sysdeps/unix/sysv/linux/x86_64/clone3.S:78\n"
~"\nThread 19 (Thread 0x7fffc8ca66c0 (LWP 2987266) \"strata-prefill-\"):\n"
~"#0  0x00007fffdc653e51 in __futex_abstimed_wait_common64 (private=65008096, cancel=true, abstime=0x7fffc8c9b6f0, op=137, expected=0, futex_word=0x3e00d44) at ./nptl/futex-internal.c:57\n#1  __futex_abstimed_wait_common (cancel=true, private=65008096, abstime=0x7fffc8c9b6f0, clockid=0, expected=0, futex_word=0x3e00d44) at ./nptl/futex-internal.c:87\n#2  __GI___futex_abstimed_wait_cancelable64 (futex_word=futex_word@entry=0x3e00d44, expected=expected@entry=0, clockid=clockid@entry=1, abstime=abstime@entry=0x7fffc8c9b6f0, private=private@entry=0) at ./nptl/futex-internal.c:139\n#3  0x00007fffdc6571f6 in __pthread_cond_wait_common (abstime=<optimized out>, clockid=<optimized out>, mutex=0x3e00cf0, cond=0x3e00d18) at ./nptl/pthread_cond_wait.c:503\n#4  ___pthread_cond_clockwait64 (abstime=<optimized out>, clockid=<optimized out>, mutex=0x3e00cf0, cond=0x3e00d18) at ./nptl/pthread_cond_wait.c:691\n#5  ___pthread_cond_clockwait64 (cond=0x3e00d18, mutex=0x3e00cf0, clockid=<optimized out>, abstime=<optimized out>) at ./nptl/pthread_cond_wait.c:679\n#6  0x00000000006637a0 in std::thread::_State_impl<std::thread::_Invoker<std::tuple<strata::ngram::PleReader::open(std::__cxx11::basic_string<char, std::char_traits<char>, std::allocator<char> > const&, unsigned long, unsigned long, unsigned int, unsigned long, std::__cxx11::basic_string<char, std::char_traits<char>, std::allocator<char> >&, bool, unsigned int)::{lambda()#1}> > >::_M_run() ()\n#7  0x00007fffdccdadb4 in ?? () from /usr/lib/x86_64-linux-gnu/libstdc++.so.6\n#8  0x00007fffdc657b84 in start_thread (arg=<optimized out>) at ./nptl/pthread_create.c:447\n#9  0x00007fffdc6e4ecc in clone3 () at ../sysdeps/unix/sysv/linux/x86_64/clone3.S:78\n"
~"\nThread 18 (Thread 0x7fffcf4ab6c0 (LWP 2987264) \"strata-prefill-\"):\n"
~"#0  0x00007fffdc653e51 in __futex_abstimed_wait_common64 (private=0, cancel=true, abstime=0x0, op=393, expected=0, futex_word=0x3dff1b0) at ./nptl/futex-internal.c:57\n#1  __futex_abstimed_wait_common (cancel=true, private=0, abstime=0x0, clockid=0, expected=0, futex_word=0x3dff1b0) at ./nptl/futex-internal.c:87\n#2  __GI___futex_abstimed_wait_cancelable64 (futex_word=futex_word@entry=0x3dff1b0, expected=expected@entry=0, clockid=clockid@entry=0, abstime=abstime@entry=0x0, private=private@entry=0) at ./nptl/futex-internal.c:139\n#3  0x00007fffdc6568cd in __pthread_cond_wait_common (abstime=0x0, clockid=0, mutex=0x3dff160, cond=0x3dff188) at ./nptl/pthread_cond_wait.c:503\n#4  ___pthread_cond_wait (cond=0x3dff188, mutex=0x3dff160) at ./nptl/pthread_cond_wait.c:627\n#5  0x000000000066673b in std::thread::_State_impl<std::thread::_Invoker<std::tuple<strata::platform::DirectFile::open(std::__cxx11::basic_string<char, std::char_traits<char>, std::allocator<char> > const&, std::__cxx11::basic_string<char, std::char_traits<char>, std::allocator<char> >&)::{lambda()#1}> > >::_M_run() ()\n#6  0x00007fffdccdadb4 in ?? () from /usr/lib/x86_64-linux-gnu/libstdc++.so.6\n#7  0x00007fffdc657b84 in start_thread (arg=<optimized out>) at ./nptl/pthread_create.c:447\n#8  0x00007fffdc6e4ecc in clone3 () at ../sysdeps/unix/sysv/linux/x86_64/clone3.S:78\n"
~"\nThread 17 (Thread 0x7fffcfcac6c0 (LWP 2987263) \"strata-prefill-\"):\n"
~"#0  0x00007fffdc653e51 in __futex_abstimed_wait_common64 (private=0, cancel=true, abstime=0x0, op=393, expected=0, futex_word=0x3dff1b0) at ./nptl/futex-internal.c:57\n#1  __futex_abstimed_wait_common (cancel=true, private=0, abstime=0x0, clockid=0, expected=0, futex_word=0x3dff1b0) at ./nptl/futex-internal.c:87\n#2  __GI___futex_abstimed_wait_cancelable64 (futex_word=futex_word@entry=0x3dff1b0, expected=expected@entry=0, clockid=clockid@entry=0, abstime=abstime@entry=0x0, private=private@entry=0) at ./nptl/futex-internal.c:139\n#3  0x00007fffdc6568cd in __pthread_cond_wait_common (abstime=0x0, clockid=0, mutex=0x3dff160, cond=0x3dff188) at ./nptl/pthread_cond_wait.c:503\n#4  ___pthread_cond_wait (cond=0x3dff188, mutex=0x3dff160) at ./nptl/pthread_cond_wait.c:627\n#5  0x000000000066673b in std::thread::_State_impl<std::thread::_Invoker<std::tuple<strata::platform::DirectFile::open(std::__cxx11::basic_string<char, std::char_traits<char>, std::allocator<char> > const&, std::__cxx11::basic_string<char, std::char_traits<char>, std::allocator<char> >&)::{lambda()#1}> > >::_M_run() ()\n#6  0x00007fffdccdadb4 in ?? () from /usr/lib/x86_64-linux-gnu/libstdc++.so.6\n#7  0x00007fffdc657b84 in start_thread (arg=<optimized out>) at ./nptl/pthread_create.c:447\n#8  0x00007fffdc6e4ecc in clone3 () at ../sysdeps/unix/sysv/linux/x86_64/clone3.S:78\n"
~"\nThread 16 (Thread 0x7fffd04ad6c0 (LWP 2987262) \"strata-prefill-\"):\n"
~"#0  0x00007fffdc653e51 in __futex_abstimed_wait_common64 (private=0, cancel=true, abstime=0x0, op=393, expected=0, futex_word=0x3dff1b0) at ./nptl/futex-internal.c:57\n#1  __futex_abstimed_wait_common (cancel=true, private=0, abstime=0x0, clockid=0, expected=0, futex_word=0x3dff1b0) at ./nptl/futex-internal.c:87\n#2  __GI___futex_abstimed_wait_cancelable64 (futex_word=futex_word@entry=0x3dff1b0, expected=expected@entry=0, clockid=clockid@entry=0, abstime=abstime@entry=0x0, private=private@entry=0) at ./nptl/futex-internal.c:139\n#3  0x00007fffdc6568cd in __pthread_cond_wait_common (abstime=0x0, clockid=0, mutex=0x3dff160, cond=0x3dff188) at ./nptl/pthread_cond_wait.c:503\n#4  ___pthread_cond_wait (cond=0x3dff188, mutex=0x3dff160) at ./nptl/pthread_cond_wait.c:627\n#5  0x000000000066673b in std::thread::_State_impl<std::thread::_Invoker<std::tuple<strata::platform::DirectFile::open(std::__cxx11::basic_string<char, std::char_traits<char>, std::allocator<char> > const&, std::__cxx11::basic_string<char, std::char_traits<char>, std::allocator<char> >&)::{lambda()#1}> > >::_M_run() ()\n#6  0x00007fffdccdadb4 in ?? () from /usr/lib/x86_64-linux-gnu/libstdc++.so.6\n#7  0x00007fffdc657b84 in start_thread (arg=<optimized out>) at ./nptl/pthread_create.c:447\n#8  0x00007fffdc6e4ecc in clone3 () at ../sysdeps/unix/sysv/linux/x86_64/clone3.S:78\n"
~"\nThread 15 (Thread 0x7fffd0cae6c0 (LWP 2987261) \"strata-prefill-\"):\n"
~"#0  0x00007fffdc653e51 in __futex_abstimed_wait_common64 (private=0, cancel=true, abstime=0x0, op=393, expected=0, futex_word=0x3dff1b0) at ./nptl/futex-internal.c:57\n#1  __futex_abstimed_wait_common (cancel=true, private=0, abstime=0x0, clockid=0, expected=0, futex_word=0x3dff1b0) at ./nptl/futex-internal.c:87\n#2  __GI___futex_abstimed_wait_cancelable64 (futex_word=futex_word@entry=0x3dff1b0, expected=expected@entry=0, clockid=clockid@entry=0, abstime=abstime@entry=0x0, private=private@entry=0) at ./nptl/futex-internal.c:139\n#3  0x00007fffdc6568cd in __pthread_cond_wait_common (abstime=0x0, clockid=0, mutex=0x3dff160, cond=0x3dff188) at ./nptl/pthread_cond_wait.c:503\n#4  ___pthread_cond_wait (cond=0x3dff188, mutex=0x3dff160) at ./nptl/pthread_cond_wait.c:627\n#5  0x000000000066673b in std::thread::_State_impl<std::thread::_Invoker<std::tuple<strata::platform::DirectFile::open(std::__cxx11::basic_string<char, std::char_traits<char>, std::allocator<char> > const&, std::__cxx11::basic_string<char, std::char_traits<char>, std::allocator<char> >&)::{lambda()#1}> > >::_M_run() ()\n#6  0x00007fffdccdadb4 in ?? () from /usr/lib/x86_64-linux-gnu/libstdc++.so.6\n#7  0x00007fffdc657b84 in start_thread (arg=<optimized out>) at ./nptl/pthread_create.c:447\n#8  0x00007fffdc6e4ecc in clone3 () at ../sysdeps/unix/sysv/linux/x86_64/clone3.S:78\n"
~"\nThread 14 (Thread 0x7fffd14af6c0 (LWP 2987260) \"strata-prefill-\"):\n"
~"#0  0x00007fffdc653e51 in __futex_abstimed_wait_common64 (private=32764, cancel=true, abstime=0x0, op=393, expected=0, futex_word=0x3dff1b0) at ./nptl/futex-internal.c:57\n#1  __futex_abstimed_wait_common (cancel=true, private=32764, abstime=0x0, clockid=0, expected=0, futex_word=0x3dff1b0) at ./nptl/futex-internal.c:87\n#2  __GI___futex_abstimed_wait_cancelable64 (futex_word=futex_word@entry=0x3dff1b0, expected=expected@entry=0, clockid=clockid@entry=0, abstime=abstime@entry=0x0, private=private@entry=0) at ./nptl/futex-internal.c:139\n#3  0x00007fffdc6568cd in __pthread_cond_wait_common (abstime=0x0, clockid=0, mutex=0x3dff160, cond=0x3dff188) at ./nptl/pthread_cond_wait.c:503\n#4  ___pthread_cond_wait (cond=0x3dff188, mutex=0x3dff160) at ./nptl/pthread_cond_wait.c:627\n#5  0x000000000066673b in std::thread::_State_impl<std::thread::_Invoker<std::tuple<strata::platform::DirectFile::open(std::__cxx11::basic_string<char, std::char_traits<char>, std::allocator<char> > const&, std::__cxx11::basic_string<char, std::char_traits<char>, std::allocator<char> >&)::{lambda()#1}> > >::_M_run() ()\n#6  0x00007fffdccdadb4 in ?? () from /usr/lib/x86_64-linux-gnu/libstdc++.so.6\n#7  0x00007fffdc657b84 in start_thread (arg=<optimized out>) at ./nptl/pthread_create.c:447\n#8  0x00007fffdc6e4ecc in clone3 () at ../sysdeps/unix/sysv/linux/x86_64/clone3.S:78\n"
~"\nThread 13 (Thread 0x7fffd1cb06c0 (LWP 2987259) \"strata-prefill-\"):\n"
~"#0  0x00007fffdc653e51 in __futex_abstimed_wait_common64 (private=0, cancel=true, abstime=0x0, op=393, expected=0, futex_word=0x3dff1b0) at ./nptl/futex-internal.c:57\n#1  __futex_abstimed_wait_common (cancel=true, private=0, abstime=0x0, clockid=0, expected=0, futex_word=0x3dff1b0) at ./nptl/futex-internal.c:87\n#2  __GI___futex_abstimed_wait_cancelable64 (futex_word=futex_word@entry=0x3dff1b0, expected=expected@entry=0, clockid=clockid@entry=0, abstime=abstime@entry=0x0, private=private@entry=0) at ./nptl/futex-internal.c:139\n#3  0x00007fffdc6568cd in __pthread_cond_wait_common (abstime=0x0, clockid=0, mutex=0x3dff160, cond=0x3dff188) at ./nptl/pthread_cond_wait.c:503\n#4  ___pthread_cond_wait (cond=0x3dff188, mutex=0x3dff160) at ./nptl/pthread_cond_wait.c:627\n#5  0x000000000066673b in std::thread::_State_impl<std::thread::_Invoker<std::tuple<strata::platform::DirectFile::open(std::__cxx11::basic_string<char, std::char_traits<char>, std::allocator<char> > const&, std::__cxx11::basic_string<char, std::char_traits<char>, std::allocator<char> >&)::{lambda()#1}> > >::_M_run() ()\n#6  0x00007fffdccdadb4 in ?? () from /usr/lib/x86_64-linux-gnu/libstdc++.so.6\n#7  0x00007fffdc657b84 in start_thread (arg=<optimized out>) at ./nptl/pthread_create.c:447\n#8  0x00007fffdc6e4ecc in clone3 () at ../sysdeps/unix/sysv/linux/x86_64/clone3.S:78\n"
~"\nThread 12 (Thread 0x7fffd24b16c0 (LWP 2987258) \"strata-prefill-\"):\n"
~"#0  0x00007fffdc653e51 in __futex_abstimed_wait_common64 (private=0, cancel=true, abstime=0x0, op=393, expected=0, futex_word=0x3dff1b0) at ./nptl/futex-internal.c:57\n#1  __futex_abstimed_wait_common (cancel=true, private=0, abstime=0x0, clockid=0, expected=0, futex_word=0x3dff1b0) at ./nptl/futex-internal.c:87\n#2  __GI___futex_abstimed_wait_cancelable64 (futex_word=futex_word@entry=0x3dff1b0, expected=expected@entry=0, clockid=clockid@entry=0, abstime=abstime@entry=0x0, private=private@entry=0) at ./nptl/futex-internal.c:139\n#3  0x00007fffdc6568cd in __pthread_cond_wait_common (abstime=0x0, clockid=0, mutex=0x3dff160, cond=0x3dff188) at ./nptl/pthread_cond_wait.c:503\n#4  ___pthread_cond_wait (cond=0x3dff188, mutex=0x3dff160) at ./nptl/pthread_cond_wait.c:627\n#5  0x000000000066673b in std::thread::_State_impl<std::thread::_Invoker<std::tuple<strata::platform::DirectFile::open(std::__cxx11::basic_string<char, std::char_traits<char>, std::allocator<char> > const&, std::__cxx11::basic_string<char, std::char_traits<char>, std::allocator<char> >&)::{lambda()#1}> > >::_M_run() ()\n#6  0x00007fffdccdadb4 in ?? () from /usr/lib/x86_64-linux-gnu/libstdc++.so.6\n#7  0x00007fffdc657b84 in start_thread (arg=<optimized out>) at ./nptl/pthread_create.c:447\n#8  0x00007fffdc6e4ecc in clone3 () at ../sysdeps/unix/sysv/linux/x86_64/clone3.S:78\n"
~"\nThread 11 (Thread 0x7fffd2cb26c0 (LWP 2987257) \"strata-prefill-\"):\n"
~"#0  0x00007fffdc653e51 in __futex_abstimed_wait_common64 (private=0, cancel=true, abstime=0x0, op=393, expected=0, futex_word=0x3dff1b4) at ./nptl/futex-internal.c:57\n#1  __futex_abstimed_wait_common (cancel=true, private=0, abstime=0x0, clockid=0, expected=0, futex_word=0x3dff1b4) at ./nptl/futex-internal.c:87\n#2  __GI___futex_abstimed_wait_cancelable64 (futex_word=futex_word@entry=0x3dff1b4, expected=expected@entry=0, clockid=clockid@entry=0, abstime=abstime@entry=0x0, private=private@entry=0) at ./nptl/futex-internal.c:139\n#3  0x00007fffdc6568cd in __pthread_cond_wait_common (abstime=0x0, clockid=0, mutex=0x3dff160, cond=0x3dff188) at ./nptl/pthread_cond_wait.c:503\n#4  ___pthread_cond_wait (cond=0x3dff188, mutex=0x3dff160) at ./nptl/pthread_cond_wait.c:627\n#5  0x000000000066673b in std::thread::_State_impl<std::thread::_Invoker<std::tuple<strata::platform::DirectFile::open(std::__cxx11::basic_string<char, std::char_traits<char>, std::allocator<char> > const&, std::__cxx11::basic_string<char, std::char_traits<char>, std::allocator<char> >&)::{lambda()#1}> > >::_M_run() ()\n#6  0x00007fffdccdadb4 in ?? () from /usr/lib/x86_64-linux-gnu/libstdc++.so.6\n#7  0x00007fffdc657b84 in start_thread (arg=<optimized out>) at ./nptl/pthread_create.c:447\n#8  0x00007fffdc6e4ecc in clone3 () at ../sysdeps/unix/sysv/linux/x86_64/clone3.S:78\n"
~"\nThread 10 (Thread 0x7fffd34b36c0 (LWP 2987256) \"strata-prefill-\"):\n"
~"#0  0x00007fffdc653e51 in __futex_abstimed_wait_common64 (private=0, cancel=true, abstime=0x0, op=393, expected=0, futex_word=0x3dff1b0) at ./nptl/futex-internal.c:57\n#1  __futex_abstimed_wait_common (cancel=true, private=0, abstime=0x0, clockid=0, expected=0, futex_word=0x3dff1b0) at ./nptl/futex-internal.c:87\n#2  __GI___futex_abstimed_wait_cancelable64 (futex_word=futex_word@entry=0x3dff1b0, expected=expected@entry=0, clockid=clockid@entry=0, abstime=abstime@entry=0x0, private=private@entry=0) at ./nptl/futex-internal.c:139\n#3  0x00007fffdc6568cd in __pthread_cond_wait_common (abstime=0x0, clockid=0, mutex=0x3dff160, cond=0x3dff188) at ./nptl/pthread_cond_wait.c:503\n#4  ___pthread_cond_wait (cond=0x3dff188, mutex=0x3dff160) at ./nptl/pthread_cond_wait.c:627\n#5  0x000000000066673b in std::thread::_State_impl<std::thread::_Invoker<std::tuple<strata::platform::DirectFile::open(std::__cxx11::basic_string<char, std::char_traits<char>, std::allocator<char> > const&, std::__cxx11::basic_string<char, std::char_traits<char>, std::allocator<char> >&)::{lambda()#1}> > >::_M_run() ()\n#6  0x00007fffdccdadb4 in ?? () from /usr/lib/x86_64-linux-gnu/libstdc++.so.6\n#7  0x00007fffdc657b84 in start_thread (arg=<optimized out>) at ./nptl/pthread_create.c:447\n#8  0x00007fffdc6e4ecc in clone3 () at ../sysdeps/unix/sysv/linux/x86_64/clone3.S:78\n"
~"\nThread 9 (Thread 0x7fffd3cb46c0 (LWP 2987255) \"strata-prefill-\"):\n"
~"#0  0x00007fffdc653e51 in __futex_abstimed_wait_common64 (private=0, cancel=true, abstime=0x0, op=393, expected=0, futex_word=0x3dff1b0) at ./nptl/futex-internal.c:57\n#1  __futex_abstimed_wait_common (cancel=true, private=0, abstime=0x0, clockid=0, expected=0, futex_word=0x3dff1b0) at ./nptl/futex-internal.c:87\n#2  __GI___futex_abstimed_wait_cancelable64 (futex_word=futex_word@entry=0x3dff1b0, expected=expected@entry=0, clockid=clockid@entry=0, abstime=abstime@entry=0x0, private=private@entry=0) at ./nptl/futex-internal.c:139\n#3  0x00007fffdc6568cd in __pthread_cond_wait_common (abstime=0x0, clockid=0, mutex=0x3dff160, cond=0x3dff188) at ./nptl/pthread_cond_wait.c:503\n#4  ___pthread_cond_wait (cond=0x3dff188, mutex=0x3dff160) at ./nptl/pthread_cond_wait.c:627\n#5  0x000000000066673b in std::thread::_State_impl<std::thread::_Invoker<std::tuple<strata::platform::DirectFile::open(std::__cxx11::basic_string<char, std::char_traits<char>, std::allocator<char> > const&, std::__cxx11::basic_string<char, std::char_traits<char>, std::allocator<char> >&)::{lambda()#1}> > >::_M_run() ()\n#6  0x00007fffdccdadb4 in ?? () from /usr/lib/x86_64-linux-gnu/libstdc++.so.6\n#7  0x00007fffdc657b84 in start_thread (arg=<optimized out>) at ./nptl/pthread_create.c:447\n#8  0x00007fffdc6e4ecc in clone3 () at ../sysdeps/unix/sysv/linux/x86_64/clone3.S:78\n"
~"\nThread 8 (Thread 0x7fffd44b56c0 (LWP 2987254) \"strata-prefill-\"):\n"
~"#0  0x00007fffdc653e51 in __futex_abstimed_wait_common64 (private=0, cancel=true, abstime=0x0, op=393, expected=0, futex_word=0x3dff1b4) at ./nptl/futex-internal.c:57\n#1  __futex_abstimed_wait_common (cancel=true, private=0, abstime=0x0, clockid=0, expected=0, futex_word=0x3dff1b4) at ./nptl/futex-internal.c:87\n#2  __GI___futex_abstimed_wait_cancelable64 (futex_word=futex_word@entry=0x3dff1b4, expected=expected@entry=0, clockid=clockid@entry=0, abstime=abstime@entry=0x0, private=private@entry=0) at ./nptl/futex-internal.c:139\n#3  0x00007fffdc6568cd in __pthread_cond_wait_common (abstime=0x0, clockid=0, mutex=0x3dff160, cond=0x3dff188) at ./nptl/pthread_cond_wait.c:503\n#4  ___pthread_cond_wait (cond=0x3dff188, mutex=0x3dff160) at ./nptl/pthread_cond_wait.c:627\n#5  0x000000000066673b in std::thread::_State_impl<std::thread::_Invoker<std::tuple<strata::platform::DirectFile::open(std::__cxx11::basic_string<char, std::char_traits<char>, std::allocator<char> > const&, std::__cxx11::basic_string<char, std::char_traits<char>, std::allocator<char> >&)::{lambda()#1}> > >::_M_run() ()\n#6  0x00007fffdccdadb4 in ?? () from /usr/lib/x86_64-linux-gnu/libstdc++.so.6\n#7  0x00007fffdc657b84 in start_thread (arg=<optimized out>) at ./nptl/pthread_create.c:447\n#8  0x00007fffdc6e4ecc in clone3 () at ../sysdeps/unix/sysv/linux/x86_64/clone3.S:78\n"
~"\nThread 7 (Thread 0x7fffd4cb66c0 (LWP 2987253) \"strata-prefill-\"):\n"
~"#0  0x00007fffdc653e51 in __futex_abstimed_wait_common64 (private=32764, cancel=true, abstime=0x0, op=393, expected=0, futex_word=0x3dff1b0) at ./nptl/futex-internal.c:57\n#1  __futex_abstimed_wait_common (cancel=true, private=32764, abstime=0x0, clockid=0, expected=0, futex_word=0x3dff1b0) at ./nptl/futex-internal.c:87\n#2  __GI___futex_abstimed_wait_cancelable64 (futex_word=futex_word@entry=0x3dff1b0, expected=expected@entry=0, clockid=clockid@entry=0, abstime=abstime@entry=0x0, private=private@entry=0) at ./nptl/futex-internal.c:139\n#3  0x00007fffdc6568cd in __pthread_cond_wait_common (abstime=0x0, clockid=0, mutex=0x3dff160, cond=0x3dff188) at ./nptl/pthread_cond_wait.c:503\n#4  ___pthread_cond_wait (cond=0x3dff188, mutex=0x3dff160) at ./nptl/pthread_cond_wait.c:627\n#5  0x000000000066673b in std::thread::_State_impl<std::thread::_Invoker<std::tuple<strata::platform::DirectFile::open(std::__cxx11::basic_string<char, std::char_traits<char>, std::allocator<char> > const&, std::__cxx11::basic_string<char, std::char_traits<char>, std::allocator<char> >&)::{lambda()#1}> > >::_M_run() ()\n#6  0x00007fffdccdadb4 in ?? () from /usr/lib/x86_64-linux-gnu/libstdc++.so.6\n#7  0x00007fffdc657b84 in start_thread (arg=<optimized out>) at ./nptl/pthread_create.c:447\n#8  0x00007fffdc6e4ecc in clone3 () at ../sysdeps/unix/sysv/linux/x86_64/clone3.S:78\n"
~"\nThread 6 (Thread 0x7fffd54b76c0 (LWP 2987252) \"strata-prefill-\"):\n"
~"#0  0x00007fffdc653e51 in __futex_abstimed_wait_common64 (private=0, cancel=true, abstime=0x0, op=393, expected=0, futex_word=0x3dff1b0) at ./nptl/futex-internal.c:57\n#1  __futex_abstimed_wait_common (cancel=true, private=0, abstime=0x0, clockid=0, expected=0, futex_word=0x3dff1b0) at ./nptl/futex-internal.c:87\n#2  __GI___futex_abstimed_wait_cancelable64 (futex_word=futex_word@entry=0x3dff1b0, expected=expected@entry=0, clockid=clockid@entry=0, abstime=abstime@entry=0x0, private=private@entry=0) at ./nptl/futex-internal.c:139\n#3  0x00007fffdc6568cd in __pthread_cond_wait_common (abstime=0x0, clockid=0, mutex=0x3dff160, cond=0x3dff188) at ./nptl/pthread_cond_wait.c:503\n#4  ___pthread_cond_wait (cond=0x3dff188, mutex=0x3dff160) at ./nptl/pthread_cond_wait.c:627\n#5  0x000000000066673b in std::thread::_State_impl<std::thread::_Invoker<std::tuple<strata::platform::DirectFile::open(std::__cxx11::basic_string<char, std::char_traits<char>, std::allocator<char> > const&, std::__cxx11::basic_string<char, std::char_traits<char>, std::allocator<char> >&)::{lambda()#1}> > >::_M_run() ()\n#6  0x00007fffdccdadb4 in ?? () from /usr/lib/x86_64-linux-gnu/libstdc++.so.6\n#7  0x00007fffdc657b84 in start_thread (arg=<optimized out>) at ./nptl/pthread_create.c:447\n#8  0x00007fffdc6e4ecc in clone3 () at ../sysdeps/unix/sysv/linux/x86_64/clone3.S:78\n"
~"\nThread 5 (Thread 0x7fffd5cb86c0 (LWP 2987251) \"strata-prefill-\"):\n"
~"#0  0x00007fffdc653e51 in __futex_abstimed_wait_common64 (private=0, cancel=true, abstime=0x0, op=393, expected=0, futex_word=0x3dff1b0) at ./nptl/futex-internal.c:57\n#1  __futex_abstimed_wait_common (cancel=true, private=0, abstime=0x0, clockid=0, expected=0, futex_word=0x3dff1b0) at ./nptl/futex-internal.c:87\n#2  __GI___futex_abstimed_wait_cancelable64 (futex_word=futex_word@entry=0x3dff1b0, expected=expected@entry=0, clockid=clockid@entry=0, abstime=abstime@entry=0x0, private=private@entry=0) at ./nptl/futex-internal.c:139\n#3  0x00007fffdc6568cd in __pthread_cond_wait_common (abstime=0x0, clockid=0, mutex=0x3dff160, cond=0x3dff188) at ./nptl/pthread_cond_wait.c:503\n#4  ___pthread_cond_wait (cond=0x3dff188, mutex=0x3dff160) at ./nptl/pthread_cond_wait.c:627\n#5  0x000000000066673b in std::thread::_State_impl<std::thread::_Invoker<std::tuple<strata::platform::DirectFile::open(std::__cxx11::basic_string<char, std::char_traits<char>, std::allocator<char> > const&, std::__cxx11::basic_string<char, std::char_traits<char>, std::allocator<char> >&)::{lambda()#1}> > >::_M_run() ()\n#6  0x00007fffdccdadb4 in ?? () from /usr/lib/x86_64-linux-gnu/libstdc++.so.6\n#7  0x00007fffdc657b84 in start_thread (arg=<optimized out>) at ./nptl/pthread_create.c:447\n#8  0x00007fffdc6e4ecc in clone3 () at ../sysdeps/unix/sysv/linux/x86_64/clone3.S:78\n"
~"\nThread 4 (Thread 0x7fffd64b96c0 (LWP 2987250) \"strata-prefill-\"):\n"
~"#0  0x00007fffdc653e51 in __futex_abstimed_wait_common64 (private=0, cancel=true, abstime=0x0, op=393, expected=0, futex_word=0x3dff1b0) at ./nptl/futex-internal.c:57\n#1  __futex_abstimed_wait_common (cancel=true, private=0, abstime=0x0, clockid=0, expected=0, futex_word=0x3dff1b0) at ./nptl/futex-internal.c:87\n#2  __GI___futex_abstimed_wait_cancelable64 (futex_word=futex_word@entry=0x3dff1b0, expected=expected@entry=0, clockid=clockid@entry=0, abstime=abstime@entry=0x0, private=private@entry=0) at ./nptl/futex-internal.c:139\n#3  0x00007fffdc6568cd in __pthread_cond_wait_common (abstime=0x0, clockid=0, mutex=0x3dff160, cond=0x3dff188) at ./nptl/pthread_cond_wait.c:503\n#4  ___pthread_cond_wait (cond=0x3dff188, mutex=0x3dff160) at ./nptl/pthread_cond_wait.c:627\n#5  0x000000000066673b in std::thread::_State_impl<std::thread::_Invoker<std::tuple<strata::platform::DirectFile::open(std::__cxx11::basic_string<char, std::char_traits<char>, std::allocator<char> > const&, std::__cxx11::basic_string<char, std::char_traits<char>, std::allocator<char> >&)::{lambda()#1}> > >::_M_run() ()\n#6  0x00007fffdccdadb4 in ?? () from /usr/lib/x86_64-linux-gnu/libstdc++.so.6\n#7  0x00007fffdc657b84 in start_thread (arg=<optimized out>) at ./nptl/pthread_create.c:447\n#8  0x00007fffdc6e4ecc in clone3 () at ../sysdeps/unix/sysv/linux/x86_64/clone3.S:78\n"
~"\nThread 3 (Thread 0x7fffd6cba6c0 (LWP 2987249) \"strata-prefill-\"):\n"
~"#0  0x00007fffdc653e51 in __futex_abstimed_wait_common64 (private=0, cancel=true, abstime=0x0, op=393, expected=0, futex_word=0x3dff1b0) at ./nptl/futex-internal.c:57\n#1  __futex_abstimed_wait_common (cancel=true, private=0, abstime=0x0, clockid=0, expected=0, futex_word=0x3dff1b0) at ./nptl/futex-internal.c:87\n#2  __GI___futex_abstimed_wait_cancelable64 (futex_word=futex_word@entry=0x3dff1b0, expected=expected@entry=0, clockid=clockid@entry=0, abstime=abstime@entry=0x0, private=private@entry=0) at ./nptl/futex-internal.c:139\n#3  0x00007fffdc6568cd in __pthread_cond_wait_common (abstime=0x0, clockid=0, mutex=0x3dff160, cond=0x3dff188) at ./nptl/pthread_cond_wait.c:503\n#4  ___pthread_cond_wait (cond=0x3dff188, mutex=0x3dff160) at ./nptl/pthread_cond_wait.c:627\n#5  0x000000000066673b in std::thread::_State_impl<std::thread::_Invoker<std::tuple<strata::platform::DirectFile::open(std::__cxx11::basic_string<char, std::char_traits<char>, std::allocator<char> > const&, std::__cxx11::basic_string<char, std::char_traits<char>, std::allocator<char> >&)::{lambda()#1}> > >::_M_run() ()\n#6  0x00007fffdccdadb4 in ?? () from /usr/lib/x86_64-linux-gnu/libstdc++.so.6\n#7  0x00007fffdc657b84 in start_thread (arg=<optimized out>) at ./nptl/pthread_create.c:447\n#8  0x00007fffdc6e4ecc in clone3 () at ../sysdeps/unix/sysv/linux/x86_64/clone3.S:78\n"
~"\nThread 2 (Thread 0x7fffd79cb6c0 (LWP 2987232) \"strata-prefill-\"):\n"
~"#0  0x00007fffdc653e51 in __futex_abstimed_wait_common64 (private=0, cancel=true, abstime=0x0, op=393, expected=0, futex_word=0x3e04658) at ./nptl/futex-internal.c:57\n#1  __futex_abstimed_wait_common (cancel=true, private=0, abstime=0x0, clockid=0, expected=0, futex_word=0x3e04658) at ./nptl/futex-internal.c:87\n#2  __GI___futex_abstimed_wait_cancelable64 (futex_word=futex_word@entry=0x3e04658, expected=expected@entry=0, clockid=clockid@entry=0, abstime=abstime@entry=0x0, private=private@entry=0) at ./nptl/futex-internal.c:139\n#3  0x00007fffdc6568cd in __pthread_cond_wait_common (abstime=0x0, clockid=0, mutex=0x3e04608, cond=0x3e04630) at ./nptl/pthread_cond_wait.c:503\n#4  ___pthread_cond_wait (cond=0x3e04630, mutex=0x3e04608) at ./nptl/pthread_cond_wait.c:627\n#5  0x00007fec5e119f0e in std::condition_variable::wait<NEO::UnifiedMemoryReuseCleaner::wait(std::unique_lock<std::mutex>&)::{lambda()#1}>(std::unique_lock<std::mutex>&, NEO::UnifiedMemoryReuseCleaner::wait(std::unique_lock<std::mutex>&)::{lambda()#1}) (__p=..., __lock=..., this=0x3e04630) at /usr/include/c++/13/condition_variable:105\n#6  NEO::UnifiedMemoryReuseCleaner::wait (lock=..., this=0x3e045b0) at /usr/src/intel-compute-runtime-26.31.39395.14-1~24.04~ppa1/shared/source/memory_manager/unified_memory_reuse_cleaner.h:39\n#7  NEO::UnifiedMemoryReuseCleaner::cleanUnifiedMemoryReuse (self=<optimized out>) at /usr/src/intel-compute-runtime-26.31.39395.14-1~24.04~ppa1/shared/source/memory_manager/unified_memory_reuse_cleaner.cpp:41\n#8  0x00007fffdc657b84 in start_thread (arg=<optimized out>) at ./nptl/pthread_create.c:447\n#9  0x00007fffdc6e4ecc in clone3 () at ../sysdeps/unix/sysv/linux/x86_64/clone3.S:78\n"
~"\nThread 1 (Thread 0x7fffd9a67ac0 (LWP 2986903) \"strata-prefill-\"):\n"
~"#0  0x00007fffdc653e51 in __futex_abstimed_wait_common64 (private=32767, cancel=true, abstime=0x0, op=393, expected=0, futex_word=0x7ffffffe5484) at ./nptl/futex-internal.c:57\n#1  __futex_abstimed_wait_common (cancel=true, private=32767, abstime=0x0, clockid=0, expected=0, futex_word=0x7ffffffe5484) at ./nptl/futex-internal.c:87\n#2  __GI___futex_abstimed_wait_cancelable64 (futex_word=futex_word@entry=0x7ffffffe5484, expected=expected@entry=0, clockid=clockid@entry=0, abstime=abstime@entry=0x0, private=private@entry=0) at ./nptl/futex-internal.c:139\n#3  0x00007fffdc6568cd in __pthread_cond_wait_common (abstime=0x0, clockid=0, mutex=0x7ffffffe5430, cond=0x7ffffffe5458) at ./nptl/pthread_cond_wait.c:503\n#4  ___pthread_cond_wait (cond=0x7ffffffe5458, mutex=0x7ffffffe5430) at ./nptl/pthread_cond_wait.c:627\n#5  0x00000000004480cb in main::{lambda(std::__cxx11::basic_string<char, std::char_traits<char>, std::allocator<char> >&)#4}::operator()(std::__cxx11::basic_string<char, std::char_traits<char>, std::allocator<char> >&) const ()\n#6  0x000000000042f91b in main ()\n"
14^done
(gdb) 
~"rax            0xfffffffffffffe00  -512\n"
~"rbx            0x7ffffffe5458      140737488245848\n"
~"rcx            0x7fffdc653e51      140736891010641\n"
~"rdx            0x0                 0\n"
~"rsi            0x189               393\n"
~"rdi            0x7ffffffe5484      140737488245892\n"
~"rbp            0x7ffffffe3710      0x7ffffffe3710\n"
~"rsp            0x7ffffffe36d0      0x7ffffffe36d0\n"
~"r8             0x0                 0\n"
~"r9             0xffffffff          4294967295\n"
~"r10            0x0                 0\n"
~"r11            0x246               582\n"
~"r12            0x0                 0\n"
~"r13            0x0                 0\n"
~"r14            0x7ffffffe5430      140737488245808\n"
~"r15            0x7ffffffe5484      140737488245892\n"
~"rip            0x7fffdc653e51      0x7fffdc653e51 <__GI___futex_abstimed_wait_cancelable64+225>\n"
~"eflags         0x246               [ PF ZF IF ]\n"
~"cs             0x33                51\n"
~"ss             0x2b                43\n"
~"ds             0x0                 0\n"
~"es             0x0                 0\n"
~"fs             0x0                 0\n"
~"gs             0x0                 0\n"
~"fs_base        0x7fffd9a67ac0      140736844954304\n"
~"gs_base        0x0                 0\n"
15^done
(gdb) 
~"From                To                  Syms Read   Shared Object Library\n"
~"0x00007ffff7fc6000  0x00007ffff7ff0195  Yes         /lib64/ld-linux-x86-64.so.2\n"
~"0x00007ffff7ee2420  0x00007ffff7f603a6  Yes         /usr/lib/x86_64-linux-gnu/libm.so.6\n"
~"0x00007ffff4db66a0  0x00007ffff6b3a502  Yes         /opt/intel/oneapi/mkl/2026.1/lib/libmkl_sycl_blas.so.6\n"
~"0x00007ffff2cd12b0  0x00007ffff3b0fc00  Yes         /opt/intel/oneapi/mkl/2026.1/lib/libmkl_sycl_lapack.so.6\n"
~"0x00007ffff04df2c0  0x00007ffff0846392  Yes         /opt/intel/oneapi/mkl/2026.1/lib/libmkl_sycl_dft.so.6\n"
~"0x00007fffedab8ce0  0x00007fffef0b80e3  Yes         /opt/intel/oneapi/mkl/2026.1/lib/libmkl_sycl_sparse.so.6\n"
~"0x00007fffe9f18f40  0x00007fffeb5dee42  Yes         /opt/intel/oneapi/mkl/2026.1/lib/libmkl_sycl_rng.so.6\n"
~"0x00007fffe876c720  0x00007fffe8b778d0  Yes         /opt/intel/oneapi/mkl/2026.1/lib/libmkl_sycl_stats.so.6\n"
~"0x00007fffe540eca0  0x00007fffe6bd2eb4  Yes         /opt/intel/oneapi/mkl/2026.1/lib/libmkl_sycl_vm.so.6\n"
~"0x00007fffe3f152e0  0x00007fffe3fbdac3  Yes         /opt/intel/oneapi/mkl/2026.1/lib/libmkl_sycl_data_fitting.so.6\n"
~"0x00007fffe2e0f430  0x00007fffe38d343f  Yes         /opt/intel/oneapi/mkl/2026.1/lib/libmkl_intel_lp64.so.3\n"
~"0x00007fffe1635b70  0x00007fffe29abdca  Yes         /opt/intel/oneapi/mkl/2026.1/lib/libmkl_sequential.so.3\n"
~"0x00007fffdd07ce00  0x00007fffe0f5a03c  Yes         /opt/intel/oneapi/mkl/2026.1/lib/libmkl_core.so.3\n"
~"0x00007fffdcc935c0  0x00007fffdcdd2ce2  Yes         /usr/lib/x86_64-linux-gnu/libstdc++.so.6\n"
~"0x00007fffdcbc4780  0x00007fffdcbe7745  Yes         /usr/lib/x86_64-linux-gnu/libgcc_s.so.1\n"
~"0x00007fffdc8e1900  0x00007fffdcbb1aae  Yes         /opt/intel/oneapi/compiler/2026.1/lib/libsycl.so.9\n"
~"0x00007fffdc7d6b10  0x00007fffdc7dee05  Yes         /opt/intel/oneapi/compiler/2026.1/lib/libOpenCL.so.1\n"
~"0x00007fffdc5e3800  0x00007fffdc76b039  Yes         /usr/lib/x86_64-linux-gnu/libc.so.6\n"
~"0x00007fffdc5b7040  0x00007fffdc5b7105  Yes         /usr/lib/x86_64-linux-gnu/libdl.so.2\n"
~"0x00007fffdc5b2040  0x00007fffdc5b2105  Yes         /usr/lib/x86_64-linux-gnu/libpthread.so.0\n"
~"0x00007fffdbbe4840  0x00007fffdc55ed24  Yes         /opt/intel/oneapi/compiler/2026.1/lib/libur_loader.so.0\n"
~"0x00007fffdac445c0  0x00007fffdb6eca7f  Yes         /opt/intel/oneapi/compiler/2026.1/lib/libsvml.so\n"
~"0x00007fffd9fe1c80  0x00007fffda024f16  Yes         /opt/intel/oneapi/compiler/2026.1/lib/libirng.so\n"
~"0x00007fffd9d61170  0x00007fffd9eef292  Yes         /opt/intel/oneapi/compiler/2026.1/lib/libimf.so\n"
~"0x00007fffd9aa0240  0x00007fffd9aeb1f0  Yes         /opt/intel/oneapi/compiler/2026.1/lib/libintlc.so.5\n"
~"0x00007fffd9a8b080  0x00007fffd9a8b2b1  Yes         /usr/lib/x86_64-linux-gnu/librt.so.1\n"
~"0x00007fffd9a70260  0x00007fffd9a81c60  Yes         /usr/lib/x86_64-linux-gnu/libz.so.1\n"
~"0x00007fec616af750  0x00007fec6180b822  Yes         /opt/intel/oneapi/compiler/2026.1/lib/libur_adapter_level_zero_v2.so.0\n"
~"0x00007fffd9a108f0  0x00007fffd9a33470  Yes         /opt/intel/oneapi/umf/1.1/lib/libumf.so.1\n"
~"0x00007fec615fed90  0x00007fec61644d2e  Yes         /usr/lib/x86_64-linux-gnu/libhwloc.so.15\n"
~"0x00007fffd99dc0f0  0x00007fffd99fc4c0  Yes         /usr/lib/x86_64-linux-gnu/libudev.so.1\n"
~"0x00007fffd99cc9c0  0x00007fffd99d1607  Yes         /usr/lib/x86_64-linux-gnu/libcap.so.2\n"
~"0x00007fec6153bd00  0x00007fec615c0795  Yes         /usr/lib/x86_64-linux-gnu/libze_loader.so.1\n"
~"0x00007fec5d9f4570  0x00007fec5e2ffa32  Yes         /usr/lib/x86_64-linux-gnu/libze_intel_gpu.so.1\n"
~"0x00007fec5d8692c0  0x00007fec5d92ca89  Yes         /usr/lib/x86_64-linux-gnu/libigdgmm.so.12\n"
~"0x00007fec5d6afc80  0x00007fec5d7fe5f5  Yes         /usr/lib/x86_64-linux-gnu/libze_validation_layer.so.1\n"
~"0x00007fec5d5b3410  0x00007fec5d664570  Yes         /usr/lib/x86_64-linux-gnu/libze_tracing_layer.so.1\n"
~"0x00007fec5d29ced0  0x00007fec5d3fe62d  Yes         /usr/lib/x86_64-linux-gnu/libigdfcl.so.2\n"
~"0x00007fec55767400  0x00007fec59740b62  Yes         /usr/lib/x86_64-linux-gnu/libopencl-clang.so.17\n"
~"0x00007fec4f8e8c00  0x00007fec52c85895  Yes         /usr/lib/x86_64-linux-gnu/libigc.so.2\n"
~"0x00007fec4f4ade20  0x00007fec4f5a8888  Yes         /usr/lib/x86_64-linux-gnu/libigdml.so.1\n"
~"0x00007fec4f482780  0x00007fec4f48d931  Yes         /usr/lib/x86_64-linux-gnu/libdrm.so.2\n"
~"0x00007fec4f2a7680  0x00007fec4f2a920c  Yes         /usr/lib/x86_64-linux-gnu/libnl-genl-3.so.200\n"
~"0x00007fec4f28b8c0  0x00007fec4f299cb9  Yes         /usr/lib/x86_64-linux-gnu/libnl-3.so.200\n"
16^done
(gdb) 
17^done,new-thread-id="1",frame={level="0",addr="0x00007fffdc653e51",func="__futex_abstimed_wait_common64",args=[{name="private",value="32767"},{name="cancel",value="true"},{name="abstime",value="0x0"},{name="op",value="393"},{name="expected",value="0"},{name="futex_word",value="0x7ffffffe5484"}],file="./nptl/futex-internal.c",fullname="./nptl/./nptl/futex-internal.c",line="57",arch="i386:x86-64"}
(gdb) 
~"strata diagnostic: main thread 1\n"
18^done
(gdb) 
~"rax            0xfffffffffffffe00  -512\n"
~"rbx            0x7ffffffe5458      140737488245848\n"
~"rcx            0x7fffdc653e51      140736891010641\n"
~"rdx            0x0                 0\n"
~"rsi            0x189               393\n"
~"rdi            0x7ffffffe5484      140737488245892\n"
~"rbp            0x7ffffffe3710      0x7ffffffe3710\n"
~"rsp            0x7ffffffe36d0      0x7ffffffe36d0\n"
~"r8             0x0                 0\n"
~"r9             0xffffffff          4294967295\n"
~"r10            0x0                 0\n"
~"r11            0x246               582\n"
~"r12            0x0                 0\n"
~"r13            0x0                 0\n"
~"r14            0x7ffffffe5430      140737488245808\n"
~"r15            0x7ffffffe5484      140737488245892\n"
~"rip            0x7fffdc653e51      0x7fffdc653e51 <__GI___futex_abstimed_wait_cancelable64+225>\n"
~"eflags         0x246               [ PF ZF IF ]\n"
~"cs             0x33                51\n"
~"ss             0x2b                43\n"
~"ds             0x0                 0\n"
~"es             0x0                 0\n"
~"fs             0x0                 0\n"
~"gs             0x0                 0\n"
~"fs_base        0x7fffd9a67ac0      140736844954304\n"
~"gs_base        0x0                 0\n"
19^done
(gdb) 
~"0x7ffffffe36d0:\t0x70756b6f6f6c2030\t0x0000000000000000\n"
~"0x7ffffffe36e0:\t0x00007ffffffe5484\t0x00000189202c2973\n"
~"0x7ffffffe36f0:\t0x000000000003fffc\t0x00007ffffffe5458\n"
~"0x7ffffffe3700:\t0x00007ffffffe547c\t0x0000000000000000\n"
~"0x7ffffffe3710:\t0x00007ffffffe37e0\t0x00007fffdc6568cd\n"
~"0x7ffffffe3720:\t0x0000000000000001\t0x00007ffffffe546c\n"
~"0x7ffffffe3730:\t0x00007ffffffe3760\t0x00007fffdc665e85\n"
~"0x7ffffffe3740:\t0x0000000000000004\t0x0000000000000003\n"
~"0x7ffffffe3750:\t0x0000000000000001\t0x0000000000000001\n"
~"0x7ffffffe3760:\t0x00007fffdc656590\t0x00007ffffffe3780\n"
~"0x7ffffffe3770:\t0x00007ffffffe3780\t0x0000000000000000\n"
~"0x7ffffffe3780:\t0x0000000000000003\t0x00007ffffffe5458\n"
20^done
(gdb) 
~"=> 0x7fffdc653e51 <__GI___futex_abstimed_wait_cancelable64+225>:\tmov    %r13d,%edi\n"
~"   0x7fffdc653e54 <__GI___futex_abstimed_wait_cancelable64+228>:\tmov    %rax,%rbx\n"
~"   0x7fffdc653e57 <__GI___futex_abstimed_wait_cancelable64+231>:\tcall   0x7fffdc6536b0 <__GI___pthread_disable_asynccancel>\n"
~"   0x7fffdc653e5c <__GI___futex_abstimed_wait_cancelable64+236>:\tjmp    0x7fffdc653dc6 <__GI___futex_abstimed_wait_cancelable64+86>\n"
~"   0x7fffdc653e61 <__GI___futex_abstimed_wait_cancelable64+241>:\tnopl   0x0(%rax)\n"
~"   0x7fffdc653e68 <__GI___futex_abstimed_wait_cancelable64+248>:\tcmpq   $0x0,(%rcx)\n"
~"   0x7fffdc653e6c <__GI___futex_abstimed_wait_cancelable64+252>:\tjns    0x7fffdc653d8d <__GI___futex_abstimed_wait_cancelable64+29>\n"
~"   0x7fffdc653e72 <__GI___futex_abstimed_wait_cancelable64+258>:\tmov    $0x6e,%eax\n"
~"   0x7fffdc653e77 <__GI___futex_abstimed_wait_cancelable64+263>:\tjmp    0x7fffdc653de1 <__GI___futex_abstimed_wait_cancelable64+113>\n"
~"   0x7fffdc653e7c:\tnopl   0x0(%rax)\n"
~"   0x7fffdc653e80 <__futex_lock_pi64>:\tendbr64\n"
~"   0x7fffdc653e84 <__futex_lock_pi64+4>:\tmov    %esi,%eax\n"
~"   0x7fffdc653e86 <__futex_lock_pi64+6>:\tmov    %ecx,%esi\n"
~"   0x7fffdc653e88 <__futex_lock_pi64+8>:\tmov    %rdx,%r10\n"
~"   0x7fffdc653e8b <__futex_lock_pi64+11>:\txor    $0x86,%sil\n"
~"   0x7fffdc653e8f <__futex_lock_pi64+15>:\ttest   %eax,%eax\n"
21^done
(gdb) 
22^done,new-thread-id="1",frame={level="0",addr="0x00007fffdc653e51",func="__futex_abstimed_wait_common64",args=[{name="private",value="32767"},{name="cancel",value="true"},{name="abstime",value="0x0"},{name="op",value="393"},{name="expected",value="0"},{name="futex_word",value="0x7ffffffe5484"}],file="./nptl/futex-internal.c",fullname="./nptl/./nptl/futex-internal.c",line="57",arch="i386:x86-64"}
(gdb) 
~"NO CSR FRAME: preserve backtrace; do not infer zero counters\n"
23^done
(gdb) 
24^running
*running,thread-id="all"
(gdb) 
25^exit
