<LOADER>[DEBUG]: Logger loader initialized successfully!
<LOADER>[INFO]: loaded adapter 0x0x222d9980 (/opt/intel/oneapi/compiler/2026.1/lib/libur_adapter_level_zero_v2.so.0) from /opt/intel/oneapi/compiler/2026.1/lib/libur_adapter_level_zero_v2.so.0
   ---> urAdapterGet
<LEVEL_ZERO>[DEBUG]: zeInit with flags value of 1
[2026-10-08 05:42:25.385] [thread-id: 133525589187776] [info] Loader Version 1.32.0  - No git SHA found, compiled outside git folder.
[2026-10-08 05:42:25.390] [thread-id: 133525589187776] [info] Validation Layer Enabled
[2026-10-08 05:42:25.390] [thread-id: 133525589187776] [info] zeInit succeeded
[2026-10-08 05:42:25.391] [thread-id: 133525589187776] [trace] zeInit(flags)
[2026-10-08 05:42:25.503] [thread-id: 133525589187776] [trace] SUCCESS (ZE_RESULT_SUCCESS) in zeInit(flags=1)
<LEVEL_ZERO>[DEBUG]: Level Zero Loader version: 1.32.0
<LEVEL_ZERO>[DEBUG]: zeInitDrivers with flags value of 1
[2026-10-08 05:42:25.504] [thread-id: 133525589187776] [trace] zeInitDrivers(pCount, phDrivers, desc)
[2026-10-08 05:42:25.504] [thread-id: 133525589187776] [trace] SUCCESS (ZE_RESULT_SUCCESS) in zeInitDrivers(pCount=1, phDrivers=nullptr, desc={stype=0x222d8728, flags=1})
[2026-10-08 05:42:25.504] [thread-id: 133525589187776] [trace] zeInitDrivers(pCount, phDrivers, desc)
[2026-10-08 05:42:25.504] [thread-id: 133525589187776] [trace] SUCCESS (ZE_RESULT_SUCCESS) in zeInitDrivers(pCount=1, phDrivers=nullptr, desc={stype=0x222d8728, flags=1})
[2026-10-08 05:42:25.504] [thread-id: 133525589187776] [trace] zeDriverGet(pCount, phDrivers)
[2026-10-08 05:42:25.504] [thread-id: 133525589187776] [trace] SUCCESS (ZE_RESULT_SUCCESS) in zeDriverGet(pCount=1, phDrivers=nullptr)
[2026-10-08 05:42:25.504] [thread-id: 133525589187776] [trace] zeDriverGet(pCount, phDrivers)
[2026-10-08 05:42:25.504] [thread-id: 133525589187776] [trace] SUCCESS (ZE_RESULT_SUCCESS) in zeDriverGet(pCount=1, phDrivers=0x224be980)
[2026-10-08 05:42:25.504] [thread-id: 133525589187776] [trace] zeDeviceGet(hDriver, pCount, phDevices)
[2026-10-08 05:42:25.504] [thread-id: 133525589187776] [trace] SUCCESS (ZE_RESULT_SUCCESS) in zeDeviceGet(hDriver=0x224be9c8, pCount=1, phDevices=nullptr)
[2026-10-08 05:42:25.504] [thread-id: 133525589187776] [trace] zeDeviceGet(hDriver, pCount, phDevices)
[2026-10-08 05:42:25.504] [thread-id: 133525589187776] [trace] SUCCESS (ZE_RESULT_SUCCESS) in zeDeviceGet(hDriver=0x224be9c8, pCount=1, phDevices=0x224cb2b0)
[2026-10-08 05:42:25.504] [thread-id: 133525589187776] [trace] zeDeviceGetProperties(hDevice, pDeviceProperties)
[2026-10-08 05:42:25.504] [thread-id: 133525589187776] [trace] SUCCESS (ZE_RESULT_SUCCESS) in zeDeviceGetProperties(hDevice=0x224bef28, pDeviceProperties={stype=0x7ffe3d96a6f0, type=0x7ffe3d96a700, vendorId=32902, deviceId=57868, flags=8, subdeviceId=0, coreClockRate=2750, maxMemAllocSize=10132807680, maxHardwareContexts=65536, maxCommandQueuePriority=0, numThreadsPerEU=8, physicalEUSimdWidth=16, numEUsPerSubslice=8, numSubslicesPerSlice=4, numSlices=5, timerResolution=52, timestampValidBits=64, kernelTimestampValidBits=64, uuid={id=134}, name="Intel(R) Arc(TM) B570 Graphics"})
<LEVEL_ZERO>[DEBUG]: 
zesInit with flags value of 0

[2026-10-08 05:42:25.504] [thread-id: 133525589187776] [trace] zesInit(flags)
[2026-10-08 05:42:25.506] [thread-id: 133525589187776] [trace] SUCCESS (ZE_RESULT_SUCCESS) in zesInit(flags=0)
[2026-10-08 05:42:25.506] [thread-id: 133525589187776] [trace] zeDriverGet(pCount, phDrivers)
[2026-10-08 05:42:25.506] [thread-id: 133525589187776] [trace] SUCCESS (ZE_RESULT_SUCCESS) in zeDriverGet(pCount=1, phDrivers=nullptr)
[2026-10-08 05:42:25.506] [thread-id: 133525589187776] [trace] zeDriverGet(pCount, phDrivers)
[2026-10-08 05:42:25.506] [thread-id: 133525589187776] [trace] SUCCESS (ZE_RESULT_SUCCESS) in zeDriverGet(pCount=1, phDrivers=0x224d2340)
[2026-10-08 05:42:25.506] [thread-id: 133525589187776] [trace] zeInitDrivers(pCount, phDrivers, desc)
[2026-10-08 05:42:25.506] [thread-id: 133525589187776] [trace] SUCCESS (ZE_RESULT_SUCCESS) in zeInitDrivers(pCount=1, phDrivers=0x224d2410, desc={stype=0x222d8728, flags=1})
[2026-10-08 05:42:25.506] [thread-id: 133525589187776] [trace] zeDriverGetProperties(hDriver, pDriverProperties)
[2026-10-08 05:42:25.506] [thread-id: 133525589187776] [trace] SUCCESS (ZE_RESULT_SUCCESS) in zeDriverGetProperties(hDriver=0x224be9c8, pDriverProperties={stype=0x7ffe3d96a640, uuid={id=227}, driverVersion=17013219})
[2026-10-08 05:42:25.506] [thread-id: 133525589187776] [trace] zeDriverGetProperties(hDriver, pDriverProperties)
[2026-10-08 05:42:25.506] [thread-id: 133525589187776] [trace] SUCCESS (ZE_RESULT_SUCCESS) in zeDriverGetProperties(hDriver=0x224be9c8, pDriverProperties={stype=0x7ffe3d96a810, uuid={id=227}, driverVersion=17013219})
<LEVEL_ZERO>[DEBUG]: zeDriverHandle 0x224be9c8 matched between zeDriverGet and zeInitDrivers. Not adding duplicate driver to list
<LEVEL_ZERO>[DEBUG]: 1 L0 Drivers found.
[2026-10-08 05:42:25.506] [thread-id: 133525589187776] [trace] zeDeviceGet(hDriver, pCount, phDevices)
[2026-10-08 05:42:25.506] [thread-id: 133525589187776] [trace] SUCCESS (ZE_RESULT_SUCCESS) in zeDeviceGet(hDriver=0x224be9c8, pCount=1, phDevices=nullptr)
[2026-10-08 05:42:25.506] [thread-id: 133525589187776] [trace] zeDeviceGet(hDriver, pCount, phDevices)
[2026-10-08 05:42:25.506] [thread-id: 133525589187776] [trace] SUCCESS (ZE_RESULT_SUCCESS) in zeDeviceGet(hDriver=0x224be9c8, pCount=1, phDevices=0x224d26b0)
[2026-10-08 05:42:25.506] [thread-id: 133525589187776] [trace] zeDeviceGetProperties(hDevice, pDeviceProperties)
[2026-10-08 05:42:25.506] [thread-id: 133525589187776] [trace] SUCCESS (ZE_RESULT_SUCCESS) in zeDeviceGetProperties(hDevice=0x224bef28, pDeviceProperties={stype=0x7ffe3d96a640, type=0x7ffe3d96a650, vendorId=32902, deviceId=57868, flags=8, subdeviceId=0, coreClockRate=2750, maxMemAllocSize=10132807680, maxHardwareContexts=65536, maxCommandQueuePriority=0, numThreadsPerEU=8, physicalEUSimdWidth=16, numEUsPerSubslice=8, numSubslicesPerSlice=4, numSlices=5, timerResolution=52, timestampValidBits=64, kernelTimestampValidBits=64, uuid={id=134}, name="Intel(R) Arc(TM) B570 Graphics"})
[2026-10-08 05:42:25.506] [thread-id: 133525589187776] [trace] zeDriverGetApiVersion(hDriver, version)
[2026-10-08 05:42:25.506] [thread-id: 133525589187776] [trace] SUCCESS (ZE_RESULT_SUCCESS) in zeDriverGetApiVersion(hDriver=0x224be9c8, version=65553)
[2026-10-08 05:42:25.506] [thread-id: 133525589187776] [trace] zeDriverGetExtensionProperties(hDriver, pCount, pExtensionProperties)
[2026-10-08 05:42:25.506] [thread-id: 133525589187776] [trace] SUCCESS (ZE_RESULT_SUCCESS) in zeDriverGetExtensionProperties(hDriver=0x224be9c8, pCount=63, pExtensionProperties=nullptr)
[2026-10-08 05:42:25.506] [thread-id: 133525589187776] [trace] zeDriverGetExtensionProperties(hDriver, pCount, pExtensionProperties)
[2026-10-08 05:42:25.506] [thread-id: 133525589187776] [trace] SUCCESS (ZE_RESULT_SUCCESS) in zeDriverGetExtensionProperties(hDriver=0x224be9c8, pCount=63, pExtensionProperties={name="ZE_extension_device_cache_line_size", version=65536})
[2026-10-08 05:42:25.506] [thread-id: 133525589187776] [trace] zeDriverGetExtensionFunctionAddress(hDriver, name, ppFunctionAddress)
[2026-10-08 05:42:25.506] [thread-id: 133525589187776] [trace] SUCCESS (ZE_RESULT_SUCCESS) in zeDriverGetExtensionFunctionAddress(hDriver=0x224be9c8, name="zeIntelGetDriverVersionString", ppFunctionAddress=0x7970d579dc00)
[2026-10-08 05:42:25.506] [thread-id: 133525589187776] [trace] zeDriverGetProperties(hDriver, pDriverProperties)
[2026-10-08 05:42:25.506] [thread-id: 133525589187776] [trace] SUCCESS (ZE_RESULT_SUCCESS) in zeDriverGetProperties(hDriver=0x224be9c8, pDriverProperties={stype=0x7ffe3d96a500, uuid={id=227}, driverVersion=17013219})
<LEVEL_ZERO>[DEBUG]: Level Zero Driver version: 1.17.39395+14
[2026-10-08 05:42:25.506] [thread-id: 133525589187776] [trace] zeDriverGetExtensionFunctionAddress(hDriver, name, ppFunctionAddress)
[2026-10-08 05:42:25.506] [thread-id: 133525589187776] [trace] SUCCESS (ZE_RESULT_SUCCESS) in zeDriverGetExtensionFunctionAddress(hDriver=0x224be9c8, name="zexDriverImportExternalPointer", ppFunctionAddress=0x7970d5798a40)
[2026-10-08 05:42:25.506] [thread-id: 133525589187776] [trace] zeDriverGetExtensionFunctionAddress(hDriver, name, ppFunctionAddress)
[2026-10-08 05:42:25.506] [thread-id: 133525589187776] [trace] SUCCESS (ZE_RESULT_SUCCESS) in zeDriverGetExtensionFunctionAddress(hDriver=0x224be9c8, name="zexDriverReleaseImportedPointer", ppFunctionAddress=0x7970d57a0e30)
[2026-10-08 05:42:25.506] [thread-id: 133525589187776] [trace] zeDriverGetExtensionFunctionAddress(hDriver, name, ppFunctionAddress)
[2026-10-08 05:42:25.506] [thread-id: 133525589187776] [trace] SUCCESS (ZE_RESULT_SUCCESS) in zeDriverGetExtensionFunctionAddress(hDriver=0x224be9c8, name="zeImageGetDeviceOffsetExp", ppFunctionAddress=0x7970d57a2190)
[2026-10-08 05:42:25.506] [thread-id: 133525589187776] [trace] zeDriverGetExtensionFunctionAddress(hDriver, name, ppFunctionAddress)
[2026-10-08 05:42:25.506] [thread-id: 133525589187776] [trace] SUCCESS (ZE_RESULT_SUCCESS) in zeDriverGetExtensionFunctionAddress(hDriver=0x224be9c8, name="zeMemGetPitchFor2dImage", ppFunctionAddress=0x7970d57a4550)
[2026-10-08 05:42:25.506] [thread-id: 133525589187776] [trace] zeDriverGetExtensionFunctionAddress(hDriver, name, ppFunctionAddress)
[2026-10-08 05:42:25.506] [thread-id: 133525589187776] [trace] SUCCESS (ZE_RESULT_SUCCESS) in zeDriverGetExtensionFunctionAddress(hDriver=0x224be9c8, name="zeGraphGetIdExt", ppFunctionAddress=0x7970d5792dd0)
[2026-10-08 05:42:25.506] [thread-id: 133525589187776] [trace] zeDriverGetExtensionFunctionAddress(hDriver, name, ppFunctionAddress)
[2026-10-08 05:42:25.506] [thread-id: 133525589187776] [trace] SUCCESS (ZE_RESULT_SUCCESS) in zeDriverGetExtensionFunctionAddress(hDriver=0x224be9c8, name="zeCommandListAppendHostFunction", ppFunctionAddress=0x7970d5776140)
[2026-10-08 05:42:25.506] [thread-id: 133525589187776] [trace] zesDriverGet(pCount, phDrivers)
[2026-10-08 05:42:25.506] [thread-id: 133525589187776] [trace] SUCCESS (ZE_RESULT_SUCCESS) in zesDriverGet(pCount=1, phDrivers=nullptr)
[2026-10-08 05:42:25.506] [thread-id: 133525589187776] [trace] zesDriverGet(pCount, phDrivers)
[2026-10-08 05:42:25.506] [thread-id: 133525589187776] [trace] SUCCESS (ZE_RESULT_SUCCESS) in zesDriverGet(pCount=1, phDrivers=0x224d35b0)
[2026-10-08 05:42:25.506] [thread-id: 133525589187776] [trace] zesDriverGetDeviceByUuidExp(hDriver, uuid, phDevice, onSubdevice, subdeviceId)
[2026-10-08 05:42:25.506] [thread-id: 133525589187776] [trace] SUCCESS (ZE_RESULT_SUCCESS) in zesDriverGetDeviceByUuidExp(hDriver=0x224cf1c8, uuid={id=134}, phDevice=0x222ff058, onSubdevice=0, subdeviceId=0)
<LEVEL_ZERO>[DEBUG]: Initialized 1 platforms
   <--- urAdapterGet(.NumEntries = 0, .phAdapters = nullptr, .pNumAdapters = 0x7ffe3d96af18 (1)) -> UR_RESULT_SUCCESS;
   ---> urAdapterGet
   <--- urAdapterGet(.NumEntries = 1, .phAdapters = 0x224d2690 {0x222d8700}, .pNumAdapters = nullptr) -> UR_RESULT_SUCCESS;
   ---> urAdapterGetInfo
   <--- urAdapterGetInfo(.hAdapter = 0x222d8700, .propName = UR_ADAPTER_INFO_BACKEND, .propSize = 4, .pPropValue = 0x7ffe3d96af0c (UR_BACKEND_LEVEL_ZERO), .pPropSizeRet = nullptr) -> UR_RESULT_SUCCESS;
   ---> urAdapterSetLoggerCallback
   <--- urAdapterSetLoggerCallback(.hAdapter = 0x222d8700, .pfnLoggerCallback = 0x7970dc579420, .pUserData = nullptr, .level = UR_LOGGER_LEVEL_WARN) -> UR_RESULT_SUCCESS;
   ---> urPlatformGet
   <--- urPlatformGet(.hAdapter = 0x222d8700, .NumEntries = 0, .phPlatforms = nullptr, .pNumPlatforms = 0x7ffe3d96ae4c (1)) -> UR_RESULT_SUCCESS;
   ---> urPlatformGet
   <--- urPlatformGet(.hAdapter = 0x222d8700, .NumEntries = 1, .phPlatforms = 0x224d2690 {0x224d2810}, .pNumPlatforms = nullptr) -> UR_RESULT_SUCCESS;
   ---> urPlatformGetInfo
   <--- urPlatformGetInfo(.hPlatform = 0x224d2810, .propName = UR_PLATFORM_INFO_BACKEND, .propSize = 4, .pPropValue = 0x7ffe3d96ae5c (UR_BACKEND_LEVEL_ZERO), .pPropSizeRet = nullptr) -> UR_RESULT_SUCCESS;
   ---> urDeviceGet
[2026-10-08 05:42:25.506] [thread-id: 133525589187776] [trace] zeDeviceGet(hDriver, pCount, phDevices)
[2026-10-08 05:42:25.506] [thread-id: 133525589187776] [trace] SUCCESS (ZE_RESULT_SUCCESS) in zeDeviceGet(hDriver=0x224be9c8, pCount=1, phDevices=nullptr)
[2026-10-08 05:42:25.506] [thread-id: 133525589187776] [trace] zeDeviceGet(hDriver, pCount, phDevices)
[2026-10-08 05:42:25.506] [thread-id: 133525589187776] [trace] SUCCESS (ZE_RESULT_SUCCESS) in zeDeviceGet(hDriver=0x224be9c8, pCount=1, phDevices=0x224d4000)
[2026-10-08 05:42:25.506] [thread-id: 133525589187776] [trace] zeDeviceGetProperties(hDevice, pDeviceProperties)
[2026-10-08 05:42:25.506] [thread-id: 133525589187776] [trace] SUCCESS (ZE_RESULT_SUCCESS) in zeDeviceGetProperties(hDevice=0x224bef28, pDeviceProperties={stype=0x224d40e8, type=0x224d40f8, vendorId=32902, deviceId=57868, flags=8, subdeviceId=0, coreClockRate=2750, maxMemAllocSize=10132807680, maxHardwareContexts=65536, maxCommandQueuePriority=0, numThreadsPerEU=8, physicalEUSimdWidth=16, numEUsPerSubslice=8, numSubslicesPerSlice=4, numSlices=5, timerResolution=19200000, timestampValidBits=64, kernelTimestampValidBits=64, uuid={id=134}, name="Intel(R) Arc(TM) B570 Graphics"})
[2026-10-08 05:42:25.506] [thread-id: 133525589187776] [trace] zeDeviceGetProperties(hDevice, pDeviceProperties)
[2026-10-08 05:42:25.506] [thread-id: 133525589187776] [trace] SUCCESS (ZE_RESULT_SUCCESS) in zeDeviceGetProperties(hDevice=0x224bef28, pDeviceProperties={stype=0x7ffe3d96a458, type=0x7ffe3d96a468, vendorId=32902, deviceId=57868, flags=8, subdeviceId=0, coreClockRate=2750, maxMemAllocSize=10132807680, maxHardwareContexts=65536, maxCommandQueuePriority=0, numThreadsPerEU=8, physicalEUSimdWidth=16, numEUsPerSubslice=8, numSubslicesPerSlice=4, numSlices=5, timerResolution=52, timestampValidBits=64, kernelTimestampValidBits=64, uuid={id=134}, name="Intel(R) Arc(TM) B570 Graphics"})
[2026-10-08 05:42:25.506] [thread-id: 133525589187776] [trace] zeDeviceGetCommandQueueGroupProperties(hDevice, pCount, pCommandQueueGroupProperties)
[2026-10-08 05:42:25.506] [thread-id: 133525589187776] [trace] SUCCESS (ZE_RESULT_SUCCESS) in zeDeviceGetCommandQueueGroupProperties(hDevice=0x224bef28, pCount=2, pCommandQueueGroupProperties=nullptr)
<LEVEL_ZERO>[INFO]: Number of queue groups = 2
[2026-10-08 05:42:25.506] [thread-id: 133525589187776] [trace] zeDeviceGetCommandQueueGroupProperties(hDevice, pCount, pCommandQueueGroupProperties)
[2026-10-08 05:42:25.506] [thread-id: 133525589187776] [trace] SUCCESS (ZE_RESULT_SUCCESS) in zeDeviceGetCommandQueueGroupProperties(hDevice=0x224bef28, pCount=2, pCommandQueueGroupProperties={stype=0x222d8610, flags=7, maxMemoryFillPatternSize=18446744073709551615, numQueues=1})
<LEVEL_ZERO>[INFO]: main blitter/copy engine is available
<LEVEL_ZERO>[INFO]: link blitter/copy engines are not available
[2026-10-08 05:42:25.506] [thread-id: 133525589187776] [trace] zeDeviceGetSubDevices(hDevice, pCount, phSubdevices)
[2026-10-08 05:42:25.506] [thread-id: 133525589187776] [trace] SUCCESS (ZE_RESULT_SUCCESS) in zeDeviceGetSubDevices(hDevice=0x224bef28, pCount=0, phSubdevices=nullptr)
[2026-10-08 05:42:25.506] [thread-id: 133525589187776] [trace] zeDeviceGetSubDevices(hDevice, pCount, phSubdevices)
[2026-10-08 05:42:25.506] [thread-id: 133525589187776] [trace] SUCCESS (ZE_RESULT_SUCCESS) in zeDeviceGetSubDevices(hDevice=0x224bef28, pCount=0, phSubdevices=0x224d4020)
[2026-10-08 05:42:25.506] [thread-id: 133525589187776] [trace] zeDeviceGetRootDevice(hDevice, phRootDevice)
[2026-10-08 05:42:25.506] [thread-id: 133525589187776] [trace] SUCCESS (ZE_RESULT_SUCCESS) in zeDeviceGetRootDevice(hDevice=0x224bef28, phRootDevice=0x7ffe3d96a8b0)
[2026-10-08 05:42:25.507] [thread-id: 133525589187776] [trace] zeDeviceSynchronize(hDevice)
[2026-10-08 05:42:25.507] [thread-id: 133525589187776] [trace] SUCCESS (ZE_RESULT_SUCCESS) in zeDeviceSynchronize(hDevice=0x224bef28)
[2026-10-08 05:42:25.507] [thread-id: 133525589187776] [trace] zeDeviceGetRootDevice(hDevice, phRootDevice)
[2026-10-08 05:42:25.507] [thread-id: 133525589187776] [trace] SUCCESS (ZE_RESULT_SUCCESS) in zeDeviceGetRootDevice(hDevice=0x224bef28, phRootDevice=0x7ffe3d96a9a0)
   <--- urDeviceGet(.hPlatform = 0x224d2810, .DeviceType = UR_DEVICE_TYPE_ALL, .NumEntries = 0, .phDevices = nullptr, .pNumDevices = 0x7ffe3d96adcc (1)) -> UR_RESULT_SUCCESS;
   ---> urDeviceGet
[2026-10-08 05:42:25.507] [thread-id: 133525589187776] [trace] zeDeviceGetRootDevice(hDevice, phRootDevice)
[2026-10-08 05:42:25.507] [thread-id: 133525589187776] [trace] SUCCESS (ZE_RESULT_SUCCESS) in zeDeviceGetRootDevice(hDevice=0x224bef28, phRootDevice=0x7ffe3d96a9a0)
   <--- urDeviceGet(.hPlatform = 0x224d2810, .DeviceType = UR_DEVICE_TYPE_ALL, .NumEntries = 1, .phDevices = 0x224d4000 {0x224d4040}, .pNumDevices = nullptr) -> UR_RESULT_SUCCESS;
   ---> urPlatformGetInfo
   <--- urPlatformGetInfo(.hPlatform = 0x224d2810, .propName = UR_PLATFORM_INFO_VERSION, .propSize = 0, .pPropValue = nullptr, .pPropSizeRet = 0x7ffe3d96a9a0 (5)) -> UR_RESULT_SUCCESS;
   ---> urPlatformGetInfo
   <--- urPlatformGetInfo(.hPlatform = 0x224d2810, .propName = UR_PLATFORM_INFO_VERSION, .propSize = 5, .pPropValue = 0x7ffe3d96ab08 (1.17), .pPropSizeRet = nullptr) -> UR_RESULT_SUCCESS;
   ---> urPlatformGetInfo
   <--- urPlatformGetInfo(.hPlatform = 0x224d2810, .propName = UR_PLATFORM_INFO_NAME, .propSize = 0, .pPropValue = nullptr, .pPropSizeRet = 0x7ffe3d96a9a0 (51)) -> UR_RESULT_SUCCESS;
   ---> urPlatformGetInfo
   <--- urPlatformGetInfo(.hPlatform = 0x224d2810, .propName = UR_PLATFORM_INFO_NAME, .propSize = 51, .pPropValue = 0x224d4710 (Intel(R) oneAPI Unified Runtime over Level-Zero V2), .pPropSizeRet = nullptr) -> UR_RESULT_SUCCESS;
   ---> urDeviceGetInfo
   <--- urDeviceGetInfo(.hDevice = 0x224d4040, .propName = UR_DEVICE_INFO_PARENT_DEVICE, .propSize = 8, .pPropValue = 0x7ffe3d96a960 (nullptr), .pPropSizeRet = nullptr) -> UR_RESULT_SUCCESS;
   ---> urDeviceGetInfo
   <--- urDeviceGetInfo(.hDevice = 0x224d4040, .propName = UR_DEVICE_INFO_TYPE, .propSize = 4, .pPropValue = 0x7ffe3d96a900 (UR_DEVICE_TYPE_GPU), .pPropSizeRet = nullptr) -> UR_RESULT_SUCCESS;
   ---> urDeviceGetInfo
   <--- urDeviceGetInfo(.hDevice = 0x224d4040, .propName = UR_DEVICE_INFO_USE_NATIVE_ASSERT, .propSize = 1, .pPropValue = 0x7ffe3d96a900 (true), .pPropSizeRet = nullptr) -> UR_RESULT_SUCCESS;
   ---> urDeviceGetInfo
[2026-10-08 05:42:25.507] [thread-id: 133525589187776] [trace] zeDeviceGetModuleProperties(hDevice, pModuleProperties)
[2026-10-08 05:42:25.507] [thread-id: 133525589187776] [trace] SUCCESS (ZE_RESULT_SUCCESS) in zeDeviceGetModuleProperties(hDevice=0x224bef28, pModuleProperties={stype=0x224d4360, spirvVersionSupported=65541, flags=15, fp16flags=63, fp32flags=127, fp64flags=127, maxArgumentsSize=2048, printfBufferSize=4194304, nativeKernelSupported={id=0}})
[2026-10-08 05:42:25.507] [thread-id: 133525589187776] [trace] zeDeviceGetImageProperties(hDevice, pImageProperties)
[2026-10-08 05:42:25.507] [thread-id: 133525589187776] [trace] SUCCESS (ZE_RESULT_SUCCESS) in zeDeviceGetImageProperties(hDevice=0x224bef28, pImageProperties={stype=0x224d4300, maxImageDims1D=16384, maxImageDims2D=16384, maxImageDims3D=2048, maxImageBufferSize=633300480, maxImageArraySlices=2048, maxSamplers=16, maxReadImageArgs=128, maxWriteImageArgs=128})
   <--- urDeviceGetInfo(.hDevice = 0x224d4040, .propName = UR_DEVICE_INFO_EXTENSIONS, .propSize = 0, .pPropValue = nullptr, .pPropSizeRet = 0x7ffe3d96a888 (245)) -> UR_RESULT_SUCCESS;
   ---> urDeviceGetInfo
   <--- urDeviceGetInfo(.hDevice = 0x224d4040, .propName = UR_DEVICE_INFO_EXTENSIONS, .propSize = 245, .pPropValue = 0x2238e740 (cl_khr_il_program cl_khr_subgroups cl_intel_subgroups cl_intel_subgroups_short cl_intel_required_subgroup_size cl_khr_fp16 cl_khr_fp64 cl_khr_int64_base_atomics cl_khr_int64_extended_atomics cl_khr_3d_image_writes cl_intel_bfloat16_conversions ), .pPropSizeRet = nullptr) -> UR_RESULT_SUCCESS;
   ---> urDeviceRetain
   <--- urDeviceRetain(.hDevice = 0x224d4040) -> UR_RESULT_SUCCESS;
   ---> urDeviceGetInfo
   <--- urDeviceGetInfo(.hDevice = 0x224d4040, .propName = UR_DEVICE_INFO_TYPE, .propSize = 4, .pPropValue = 0x7ffe3d96aa7c (UR_DEVICE_TYPE_GPU), .pPropSizeRet = nullptr) -> UR_RESULT_SUCCESS;
   ---> urDeviceGetInfo
   <--- urDeviceGetInfo(.hDevice = 0x224d4040, .propName = UR_DEVICE_INFO_VENDOR_ID, .propSize = 4, .pPropValue = 0x7ffe3d96aaf8 (32902), .pPropSizeRet = nullptr) -> UR_RESULT_SUCCESS;
   ---> urDeviceGetInfo
   <--- urDeviceGetInfo(.hDevice = 0x224d4040, .propName = UR_DEVICE_INFO_DRIVER_VERSION, .propSize = 0, .pPropValue = nullptr, .pPropSizeRet = 0x7ffe3d96a9a0 (14)) -> UR_RESULT_SUCCESS;
   ---> urDeviceGetInfo
   <--- urDeviceGetInfo(.hDevice = 0x224d4040, .propName = UR_DEVICE_INFO_DRIVER_VERSION, .propSize = 14, .pPropValue = 0x7ffe3d96aac8 (1.17.39395+14), .pPropSizeRet = nullptr) -> UR_RESULT_SUCCESS;
   ---> urDeviceGetInfo
   <--- urDeviceGetInfo(.hDevice = 0x224d4040, .propName = UR_DEVICE_INFO_NAME, .propSize = 0, .pPropValue = nullptr, .pPropSizeRet = 0x7ffe3d96a8e0 (31)) -> UR_RESULT_SUCCESS;
   ---> urDeviceGetInfo
   <--- urDeviceGetInfo(.hDevice = 0x224d4040, .propName = UR_DEVICE_INFO_NAME, .propSize = 31, .pPropValue = 0x224d3fd0 (Intel(R) Arc(TM) B570 Graphics), .pPropSizeRet = nullptr) -> UR_RESULT_SUCCESS;
   ---> urPlatformGetInfo
   <--- urPlatformGetInfo(.hPlatform = 0x224d2810, .propName = UR_PLATFORM_INFO_BACKEND, .propSize = 4, .pPropValue = 0x7ffe3d96acbc (UR_BACKEND_LEVEL_ZERO), .pPropSizeRet = nullptr) -> UR_RESULT_SUCCESS;
   ---> urDeviceGetInfo
   <--- urDeviceGetInfo(.hDevice = 0x224d4040, .propName = UR_DEVICE_INFO_TYPE, .propSize = 4, .pPropValue = 0x7ffe3d96acb4 (UR_DEVICE_TYPE_GPU), .pPropSizeRet = nullptr) -> UR_RESULT_SUCCESS;
   ---> urDeviceRelease
   <--- urDeviceRelease(.hDevice = 0x224d4040) -> UR_RESULT_SUCCESS;
   ---> urDeviceGetInfo
   <--- urDeviceGetInfo(.hDevice = 0x224d4040, .propName = UR_DEVICE_INFO_SUPPORTED_PARTITIONS, .propSize = 0, .pPropValue = nullptr, .pPropSizeRet = 0x7ffe3d96aca8 (0)) -> UR_RESULT_SUCCESS;
   ---> urDeviceGet
[2026-10-08 05:42:25.507] [thread-id: 133525589187776] [trace] zeDeviceGetRootDevice(hDevice, phRootDevice)
[2026-10-08 05:42:25.507] [thread-id: 133525589187776] [trace] SUCCESS (ZE_RESULT_SUCCESS) in zeDeviceGetRootDevice(hDevice=0x224bef28, phRootDevice=0x7ffe3d96aab0)
   <--- urDeviceGet(.hPlatform = 0x224d2810, .DeviceType = UR_DEVICE_TYPE_ALL, .NumEntries = 0, .phDevices = nullptr, .pNumDevices = 0x7ffe3d96aedc (1)) -> UR_RESULT_SUCCESS;
   ---> urDeviceGet
[2026-10-08 05:42:25.507] [thread-id: 133525589187776] [trace] zeDeviceGetRootDevice(hDevice, phRootDevice)
[2026-10-08 05:42:25.507] [thread-id: 133525589187776] [trace] SUCCESS (ZE_RESULT_SUCCESS) in zeDeviceGetRootDevice(hDevice=0x224bef28, phRootDevice=0x7ffe3d96aab0)
   <--- urDeviceGet(.hPlatform = 0x224d2810, .DeviceType = UR_DEVICE_TYPE_ALL, .NumEntries = 1, .phDevices = 0x224d26b0 {0x224d4040}, .pNumDevices = nullptr) -> UR_RESULT_SUCCESS;
   ---> urPlatformGetInfo
   <--- urPlatformGetInfo(.hPlatform = 0x224d2810, .propName = UR_PLATFORM_INFO_VERSION, .propSize = 0, .pPropValue = nullptr, .pPropSizeRet = 0x7ffe3d96aab0 (5)) -> UR_RESULT_SUCCESS;
   ---> urPlatformGetInfo
   <--- urPlatformGetInfo(.hPlatform = 0x224d2810, .propName = UR_PLATFORM_INFO_VERSION, .propSize = 5, .pPropValue = 0x7ffe3d96ac18 (1.17), .pPropSizeRet = nullptr) -> UR_RESULT_SUCCESS;
   ---> urPlatformGetInfo
   <--- urPlatformGetInfo(.hPlatform = 0x224d2810, .propName = UR_PLATFORM_INFO_NAME, .propSize = 0, .pPropValue = nullptr, .pPropSizeRet = 0x7ffe3d96aab0 (51)) -> UR_RESULT_SUCCESS;
   ---> urPlatformGetInfo
   <--- urPlatformGetInfo(.hPlatform = 0x224d2810, .propName = UR_PLATFORM_INFO_NAME, .propSize = 51, .pPropValue = 0x224d4c30 (Intel(R) oneAPI Unified Runtime over Level-Zero V2), .pPropSizeRet = nullptr) -> UR_RESULT_SUCCESS;
   ---> urDeviceGetInfo
   <--- urDeviceGetInfo(.hDevice = 0x224d4040, .propName = UR_DEVICE_INFO_TYPE, .propSize = 4, .pPropValue = 0x7ffe3d96ab8c (UR_DEVICE_TYPE_GPU), .pPropSizeRet = nullptr) -> UR_RESULT_SUCCESS;
   ---> urDeviceGetInfo
   <--- urDeviceGetInfo(.hDevice = 0x224d4040, .propName = UR_DEVICE_INFO_VENDOR_ID, .propSize = 4, .pPropValue = 0x7ffe3d96ac08 (32902), .pPropSizeRet = nullptr) -> UR_RESULT_SUCCESS;
   ---> urDeviceGetInfo
   <--- urDeviceGetInfo(.hDevice = 0x224d4040, .propName = UR_DEVICE_INFO_DRIVER_VERSION, .propSize = 0, .pPropValue = nullptr, .pPropSizeRet = 0x7ffe3d96aab0 (14)) -> UR_RESULT_SUCCESS;
   ---> urDeviceGetInfo
   <--- urDeviceGetInfo(.hDevice = 0x224d4040, .propName = UR_DEVICE_INFO_DRIVER_VERSION, .propSize = 14, .pPropValue = 0x7ffe3d96abd8 (1.17.39395+14), .pPropSizeRet = nullptr) -> UR_RESULT_SUCCESS;
   ---> urPlatformGetInfo
   <--- urPlatformGetInfo(.hPlatform = 0x224d2810, .propName = UR_PLATFORM_INFO_BACKEND, .propSize = 4, .pPropValue = 0x7ffe3d96adcc (UR_BACKEND_LEVEL_ZERO), .pPropSizeRet = nullptr) -> UR_RESULT_SUCCESS;
   ---> urDeviceGetInfo
   <--- urDeviceGetInfo(.hDevice = 0x224d4040, .propName = UR_DEVICE_INFO_TYPE, .propSize = 4, .pPropValue = 0x7ffe3d96adc4 (UR_DEVICE_TYPE_GPU), .pPropSizeRet = nullptr) -> UR_RESULT_SUCCESS;
   ---> urDeviceRelease
   <--- urDeviceRelease(.hDevice = 0x224d4040) -> UR_RESULT_SUCCESS;
   ---> urDeviceGetInfo
   <--- urDeviceGetInfo(.hDevice = 0x224d4040, .propName = UR_DEVICE_INFO_SUPPORTED_PARTITIONS, .propSize = 0, .pPropValue = nullptr, .pPropSizeRet = 0x7ffe3d96adb8 (0)) -> UR_RESULT_SUCCESS;
   ---> urDeviceSelectBinary
   <--- urDeviceSelectBinary(.hDevice = 0x224d4040, .pBinaries = 0x7ffe3d96ae00 ((struct ur_device_binary_t){.stype = UR_STRUCTURE_TYPE_CONTEXT_PROPERTIES, .pNext = nullptr, .pDeviceTargetSpec = 0x7970dc2fa3c0 (spir64)}), .NumBinaries = 1, .pSelectedBinary = 0x7ffe3d96ae24 (0)) -> UR_RESULT_SUCCESS;
   ---> urDeviceGet
[2026-10-08 05:42:25.507] [thread-id: 133525589187776] [trace] zeDeviceGetRootDevice(hDevice, phRootDevice)
[2026-10-08 05:42:25.507] [thread-id: 133525589187776] [trace] SUCCESS (ZE_RESULT_SUCCESS) in zeDeviceGetRootDevice(hDevice=0x224bef28, phRootDevice=0x7ffe3d96aa40)
   <--- urDeviceGet(.hPlatform = 0x224d2810, .DeviceType = UR_DEVICE_TYPE_ALL, .NumEntries = 0, .phDevices = nullptr, .pNumDevices = 0x7ffe3d96ae6c (1)) -> UR_RESULT_SUCCESS;
   ---> urDeviceGet
[2026-10-08 05:42:25.507] [thread-id: 133525589187776] [trace] zeDeviceGetRootDevice(hDevice, phRootDevice)
[2026-10-08 05:42:25.507] [thread-id: 133525589187776] [trace] SUCCESS (ZE_RESULT_SUCCESS) in zeDeviceGetRootDevice(hDevice=0x224bef28, phRootDevice=0x7ffe3d96aa40)
   <--- urDeviceGet(.hPlatform = 0x224d2810, .DeviceType = UR_DEVICE_TYPE_ALL, .NumEntries = 1, .phDevices = 0x224d4d00 {0x224d4040}, .pNumDevices = nullptr) -> UR_RESULT_SUCCESS;
   ---> urPlatformGetInfo
   <--- urPlatformGetInfo(.hPlatform = 0x224d2810, .propName = UR_PLATFORM_INFO_VERSION, .propSize = 0, .pPropValue = nullptr, .pPropSizeRet = 0x7ffe3d96aa40 (5)) -> UR_RESULT_SUCCESS;
   ---> urPlatformGetInfo
   <--- urPlatformGetInfo(.hPlatform = 0x224d2810, .propName = UR_PLATFORM_INFO_VERSION, .propSize = 5, .pPropValue = 0x7ffe3d96aba8 (1.17), .pPropSizeRet = nullptr) -> UR_RESULT_SUCCESS;
   ---> urPlatformGetInfo
   <--- urPlatformGetInfo(.hPlatform = 0x224d2810, .propName = UR_PLATFORM_INFO_NAME, .propSize = 0, .pPropValue = nullptr, .pPropSizeRet = 0x7ffe3d96aa40 (51)) -> UR_RESULT_SUCCESS;
   ---> urPlatformGetInfo
   <--- urPlatformGetInfo(.hPlatform = 0x224d2810, .propName = UR_PLATFORM_INFO_NAME, .propSize = 51, .pPropValue = 0x224d4710 (Intel(R) oneAPI Unified Runtime over Level-Zero V2), .pPropSizeRet = nullptr) -> UR_RESULT_SUCCESS;
   ---> urDeviceGetInfo
   <--- urDeviceGetInfo(.hDevice = 0x224d4040, .propName = UR_DEVICE_INFO_TYPE, .propSize = 4, .pPropValue = 0x7ffe3d96ab1c (UR_DEVICE_TYPE_GPU), .pPropSizeRet = nullptr) -> UR_RESULT_SUCCESS;
   ---> urDeviceGetInfo
   <--- urDeviceGetInfo(.hDevice = 0x224d4040, .propName = UR_DEVICE_INFO_VENDOR_ID, .propSize = 4, .pPropValue = 0x7ffe3d96ab98 (32902), .pPropSizeRet = nullptr) -> UR_RESULT_SUCCESS;
   ---> urDeviceGetInfo
   <--- urDeviceGetInfo(.hDevice = 0x224d4040, .propName = UR_DEVICE_INFO_DRIVER_VERSION, .propSize = 0, .pPropValue = nullptr, .pPropSizeRet = 0x7ffe3d96aa40 (14)) -> UR_RESULT_SUCCESS;
   ---> urDeviceGetInfo
   <--- urDeviceGetInfo(.hDevice = 0x224d4040, .propName = UR_DEVICE_INFO_DRIVER_VERSION, .propSize = 14, .pPropValue = 0x7ffe3d96ab68 (1.17.39395+14), .pPropSizeRet = nullptr) -> UR_RESULT_SUCCESS;
   ---> urPlatformGetInfo
   <--- urPlatformGetInfo(.hPlatform = 0x224d2810, .propName = UR_PLATFORM_INFO_BACKEND, .propSize = 4, .pPropValue = 0x7ffe3d96ad5c (UR_BACKEND_LEVEL_ZERO), .pPropSizeRet = nullptr) -> UR_RESULT_SUCCESS;
   ---> urDeviceGetInfo
   <--- urDeviceGetInfo(.hDevice = 0x224d4040, .propName = UR_DEVICE_INFO_TYPE, .propSize = 4, .pPropValue = 0x7ffe3d96ad54 (UR_DEVICE_TYPE_GPU), .pPropSizeRet = nullptr) -> UR_RESULT_SUCCESS;
   ---> urDeviceRelease
   <--- urDeviceRelease(.hDevice = 0x224d4040) -> UR_RESULT_SUCCESS;
   ---> urDeviceGetInfo
   <--- urDeviceGetInfo(.hDevice = 0x224d4040, .propName = UR_DEVICE_INFO_SUPPORTED_PARTITIONS, .propSize = 0, .pPropValue = nullptr, .pPropSizeRet = 0x7ffe3d96ad48 (0)) -> UR_RESULT_SUCCESS;
   ---> urDeviceGet
[2026-10-08 05:42:25.508] [thread-id: 133525589187776] [trace] zeDeviceGetRootDevice(hDevice, phRootDevice)
[2026-10-08 05:42:25.508] [thread-id: 133525589187776] [trace] SUCCESS (ZE_RESULT_SUCCESS) in zeDeviceGetRootDevice(hDevice=0x224bef28, phRootDevice=0x7ffe3d96ab50)
   <--- urDeviceGet(.hPlatform = 0x224d2810, .DeviceType = UR_DEVICE_TYPE_GPU, .NumEntries = 0, .phDevices = nullptr, .pNumDevices = 0x7ffe3d96af7c (1)) -> UR_RESULT_SUCCESS;
   ---> urDeviceGet
[2026-10-08 05:42:25.508] [thread-id: 133525589187776] [trace] zeDeviceGetRootDevice(hDevice, phRootDevice)
[2026-10-08 05:42:25.508] [thread-id: 133525589187776] [trace] SUCCESS (ZE_RESULT_SUCCESS) in zeDeviceGetRootDevice(hDevice=0x224bef28, phRootDevice=0x7ffe3d96ab50)
   <--- urDeviceGet(.hPlatform = 0x224d2810, .DeviceType = UR_DEVICE_TYPE_GPU, .NumEntries = 1, .phDevices = 0x224d4d20 {0x224d4040}, .pNumDevices = nullptr) -> UR_RESULT_SUCCESS;
   ---> urPlatformGetInfo
   <--- urPlatformGetInfo(.hPlatform = 0x224d2810, .propName = UR_PLATFORM_INFO_VERSION, .propSize = 0, .pPropValue = nullptr, .pPropSizeRet = 0x7ffe3d96ab50 (5)) -> UR_RESULT_SUCCESS;
   ---> urPlatformGetInfo
   <--- urPlatformGetInfo(.hPlatform = 0x224d2810, .propName = UR_PLATFORM_INFO_VERSION, .propSize = 5, .pPropValue = 0x7ffe3d96acb8 (1.17), .pPropSizeRet = nullptr) -> UR_RESULT_SUCCESS;
   ---> urPlatformGetInfo
   <--- urPlatformGetInfo(.hPlatform = 0x224d2810, .propName = UR_PLATFORM_INFO_NAME, .propSize = 0, .pPropValue = nullptr, .pPropSizeRet = 0x7ffe3d96ab50 (51)) -> UR_RESULT_SUCCESS;
   ---> urPlatformGetInfo
   <--- urPlatformGetInfo(.hPlatform = 0x224d2810, .propName = UR_PLATFORM_INFO_NAME, .propSize = 51, .pPropValue = 0x224d4c30 (Intel(R) oneAPI Unified Runtime over Level-Zero V2), .pPropSizeRet = nullptr) -> UR_RESULT_SUCCESS;
   ---> urDeviceGetInfo
   <--- urDeviceGetInfo(.hDevice = 0x224d4040, .propName = UR_DEVICE_INFO_TYPE, .propSize = 4, .pPropValue = 0x7ffe3d96ac2c (UR_DEVICE_TYPE_GPU), .pPropSizeRet = nullptr) -> UR_RESULT_SUCCESS;
   ---> urDeviceGetInfo
   <--- urDeviceGetInfo(.hDevice = 0x224d4040, .propName = UR_DEVICE_INFO_VENDOR_ID, .propSize = 4, .pPropValue = 0x7ffe3d96aca8 (32902), .pPropSizeRet = nullptr) -> UR_RESULT_SUCCESS;
   ---> urDeviceGetInfo
   <--- urDeviceGetInfo(.hDevice = 0x224d4040, .propName = UR_DEVICE_INFO_DRIVER_VERSION, .propSize = 0, .pPropValue = nullptr, .pPropSizeRet = 0x7ffe3d96ab50 (14)) -> UR_RESULT_SUCCESS;
   ---> urDeviceGetInfo
   <--- urDeviceGetInfo(.hDevice = 0x224d4040, .propName = UR_DEVICE_INFO_DRIVER_VERSION, .propSize = 14, .pPropValue = 0x7ffe3d96ac78 (1.17.39395+14), .pPropSizeRet = nullptr) -> UR_RESULT_SUCCESS;
   ---> urPlatformGetInfo
   <--- urPlatformGetInfo(.hPlatform = 0x224d2810, .propName = UR_PLATFORM_INFO_BACKEND, .propSize = 4, .pPropValue = 0x7ffe3d96ae6c (UR_BACKEND_LEVEL_ZERO), .pPropSizeRet = nullptr) -> UR_RESULT_SUCCESS;
   ---> urDeviceGetInfo
   <--- urDeviceGetInfo(.hDevice = 0x224d4040, .propName = UR_DEVICE_INFO_TYPE, .propSize = 4, .pPropValue = 0x7ffe3d96ae64 (UR_DEVICE_TYPE_GPU), .pPropSizeRet = nullptr) -> UR_RESULT_SUCCESS;
   ---> urDeviceRelease
   <--- urDeviceRelease(.hDevice = 0x224d4040) -> UR_RESULT_SUCCESS;
   ---> urDeviceGetInfo
   <--- urDeviceGetInfo(.hDevice = 0x224d4040, .propName = UR_DEVICE_INFO_SUPPORTED_PARTITIONS, .propSize = 0, .pPropValue = nullptr, .pPropSizeRet = 0x7ffe3d96ae58 (0)) -> UR_RESULT_SUCCESS;
   ---> urDeviceGetInfo
[2026-10-08 05:42:25.508] [thread-id: 133525589187776] [trace] zeDevicePciGetPropertiesExt(hDevice, pPciProperties)
[2026-10-08 05:42:25.508] [thread-id: 133525589187776] [trace] SUCCESS (ZE_RESULT_SUCCESS) in zeDevicePciGetPropertiesExt(hDevice=0x224bef28, pPciProperties={stype=0x7ffe3d96ab20, address={domain=0, bus=5, device=0, function=0}, maxSpeed={genVersion=4, width=8, maxBandwidth=15753846153}})
   <--- urDeviceGetInfo(.hDevice = 0x224d4040, .propName = UR_DEVICE_INFO_PCI_ADDRESS, .propSize = 0, .pPropValue = nullptr, .pPropSizeRet = 0x7ffe3d96af98 (13)) -> UR_RESULT_SUCCESS;
   ---> urDeviceGetInfo
[2026-10-08 05:42:25.508] [thread-id: 133525589187776] [trace] zeDevicePciGetPropertiesExt(hDevice, pPciProperties)
[2026-10-08 05:42:25.508] [thread-id: 133525589187776] [trace] SUCCESS (ZE_RESULT_SUCCESS) in zeDevicePciGetPropertiesExt(hDevice=0x224bef28, pPciProperties={stype=0x7ffe3d96ac30, address={domain=0, bus=5, device=0, function=0}, maxSpeed={genVersion=4, width=8, maxBandwidth=15753846153}})
   <--- urDeviceGetInfo(.hDevice = 0x224d4040, .propName = UR_DEVICE_INFO_PCI_ADDRESS, .propSize = 0, .pPropValue = nullptr, .pPropSizeRet = 0x7ffe3d96b0a0 (13)) -> UR_RESULT_SUCCESS;
   ---> urDeviceGetInfo
[2026-10-08 05:42:25.508] [thread-id: 133525589187776] [trace] zeDevicePciGetPropertiesExt(hDevice, pPciProperties)
[2026-10-08 05:42:25.508] [thread-id: 133525589187776] [trace] SUCCESS (ZE_RESULT_SUCCESS) in zeDevicePciGetPropertiesExt(hDevice=0x224bef28, pPciProperties={stype=0x7ffe3d96ac30, address={domain=0, bus=5, device=0, function=0}, maxSpeed={genVersion=4, width=8, maxBandwidth=15753846153}})
   <--- urDeviceGetInfo(.hDevice = 0x224d4040, .propName = UR_DEVICE_INFO_PCI_ADDRESS, .propSize = 13, .pPropValue = 0x7ffe3d96b0f0 (0000:05:00.0), .pPropSizeRet = nullptr) -> UR_RESULT_SUCCESS;
   ---> urDeviceGet
[2026-10-08 05:42:25.508] [thread-id: 133525589187776] [trace] zeDeviceGetRootDevice(hDevice, phRootDevice)
[2026-10-08 05:42:25.508] [thread-id: 133525589187776] [trace] SUCCESS (ZE_RESULT_SUCCESS) in zeDeviceGetRootDevice(hDevice=0x224bef28, phRootDevice=0x7ffe3d96aa50)
   <--- urDeviceGet(.hPlatform = 0x224d2810, .DeviceType = UR_DEVICE_TYPE_ALL, .NumEntries = 0, .phDevices = nullptr, .pNumDevices = 0x7ffe3d96ae7c (1)) -> UR_RESULT_SUCCESS;
   ---> urDeviceGet
[2026-10-08 05:42:25.508] [thread-id: 133525589187776] [trace] zeDeviceGetRootDevice(hDevice, phRootDevice)
[2026-10-08 05:42:25.508] [thread-id: 133525589187776] [trace] SUCCESS (ZE_RESULT_SUCCESS) in zeDeviceGetRootDevice(hDevice=0x224bef28, phRootDevice=0x7ffe3d96aa50)
   <--- urDeviceGet(.hPlatform = 0x224d2810, .DeviceType = UR_DEVICE_TYPE_ALL, .NumEntries = 1, .phDevices = 0x224d4d40 {0x224d4040}, .pNumDevices = nullptr) -> UR_RESULT_SUCCESS;
   ---> urPlatformGetInfo
   <--- urPlatformGetInfo(.hPlatform = 0x224d2810, .propName = UR_PLATFORM_INFO_VERSION, .propSize = 0, .pPropValue = nullptr, .pPropSizeRet = 0x7ffe3d96aa50 (5)) -> UR_RESULT_SUCCESS;
   ---> urPlatformGetInfo
   <--- urPlatformGetInfo(.hPlatform = 0x224d2810, .propName = UR_PLATFORM_INFO_VERSION, .propSize = 5, .pPropValue = 0x7ffe3d96abb8 (1.17), .pPropSizeRet = nullptr) -> UR_RESULT_SUCCESS;
   ---> urPlatformGetInfo
   <--- urPlatformGetInfo(.hPlatform = 0x224d2810, .propName = UR_PLATFORM_INFO_NAME, .propSize = 0, .pPropValue = nullptr, .pPropSizeRet = 0x7ffe3d96aa50 (51)) -> UR_RESULT_SUCCESS;
   ---> urPlatformGetInfo
   <--- urPlatformGetInfo(.hPlatform = 0x224d2810, .propName = UR_PLATFORM_INFO_NAME, .propSize = 51, .pPropValue = 0x224d4c30 (Intel(R) oneAPI Unified Runtime over Level-Zero V2), .pPropSizeRet = nullptr) -> UR_RESULT_SUCCESS;
   ---> urDeviceGetInfo
   <--- urDeviceGetInfo(.hDevice = 0x224d4040, .propName = UR_DEVICE_INFO_TYPE, .propSize = 4, .pPropValue = 0x7ffe3d96ab2c (UR_DEVICE_TYPE_GPU), .pPropSizeRet = nullptr) -> UR_RESULT_SUCCESS;
   ---> urDeviceGetInfo
   <--- urDeviceGetInfo(.hDevice = 0x224d4040, .propName = UR_DEVICE_INFO_VENDOR_ID, .propSize = 4, .pPropValue = 0x7ffe3d96aba8 (32902), .pPropSizeRet = nullptr) -> UR_RESULT_SUCCESS;
   ---> urDeviceGetInfo
   <--- urDeviceGetInfo(.hDevice = 0x224d4040, .propName = UR_DEVICE_INFO_DRIVER_VERSION, .propSize = 0, .pPropValue = nullptr, .pPropSizeRet = 0x7ffe3d96aa50 (14)) -> UR_RESULT_SUCCESS;
   ---> urDeviceGetInfo
   <--- urDeviceGetInfo(.hDevice = 0x224d4040, .propName = UR_DEVICE_INFO_DRIVER_VERSION, .propSize = 14, .pPropValue = 0x7ffe3d96ab78 (1.17.39395+14), .pPropSizeRet = nullptr) -> UR_RESULT_SUCCESS;
   ---> urPlatformGetInfo
   <--- urPlatformGetInfo(.hPlatform = 0x224d2810, .propName = UR_PLATFORM_INFO_BACKEND, .propSize = 4, .pPropValue = 0x7ffe3d96ad6c (UR_BACKEND_LEVEL_ZERO), .pPropSizeRet = nullptr) -> UR_RESULT_SUCCESS;
   ---> urDeviceGetInfo
   <--- urDeviceGetInfo(.hDevice = 0x224d4040, .propName = UR_DEVICE_INFO_TYPE, .propSize = 4, .pPropValue = 0x7ffe3d96ad64 (UR_DEVICE_TYPE_GPU), .pPropSizeRet = nullptr) -> UR_RESULT_SUCCESS;
   ---> urDeviceRelease
   <--- urDeviceRelease(.hDevice = 0x224d4040) -> UR_RESULT_SUCCESS;
   ---> urDeviceGetInfo
   <--- urDeviceGetInfo(.hDevice = 0x224d4040, .propName = UR_DEVICE_INFO_SUPPORTED_PARTITIONS, .propSize = 0, .pPropValue = nullptr, .pPropSizeRet = 0x7ffe3d96ad58 (0)) -> UR_RESULT_SUCCESS;
   ---> urDeviceGetInfo
[2026-10-08 05:42:25.509] [thread-id: 133525589187776] [trace] zeDeviceGetSubDevices(hDevice, pCount, phSubdevices)
[2026-10-08 05:42:25.509] [thread-id: 133525589187776] [trace] SUCCESS (ZE_RESULT_SUCCESS) in zeDeviceGetSubDevices(hDevice=0x224bef28, pCount=0, phSubdevices=nullptr)
   <--- urDeviceGetInfo(.hDevice = 0x224d4040, .propName = UR_DEVICE_INFO_COMPONENT_DEVICES, .propSize = 0, .pPropValue = nullptr, .pPropSizeRet = 0x7ffe3d96ab70 (0)) -> UR_RESULT_SUCCESS;
   ---> urContextCreate
[2026-10-08 05:42:25.509] [thread-id: 133525589187776] [trace] zeContextCreate(hDriver, desc, phContext)
[2026-10-08 05:42:25.509] [thread-id: 133525589187776] [trace] SUCCESS (ZE_RESULT_SUCCESS) in zeContextCreate(hDriver=0x224be9c8, desc={stype=0x7ffe3d96aaa0, flags=0}, phContext=0x224d5738)
[2026-10-08 05:42:25.509] [thread-id: 133525589187776] [trace] zeMemAllocHost(hContext, host_desc, size, alignment, pptr)
[2026-10-08 05:42:25.509] [thread-id: 133525589187776] [trace] SUCCESS (ZE_RESULT_SUCCESS) in zeMemAllocHost(hContext=0x224d5738, host_desc={stype=0x7ffe3d96a520, flags=0}, size=1, alignment=0, pptr=0x7970c6dffe00)
[2026-10-08 05:42:25.509] [thread-id: 133525589187776] [trace] zeMemGetAllocProperties(hContext, ptr, pMemAllocProperties, phDevice)
[2026-10-08 05:42:25.509] [thread-id: 133525589187776] [trace] SUCCESS (ZE_RESULT_SUCCESS) in zeMemGetAllocProperties(hContext=0x224d5738, ptr=0x7970c6dffe00, pMemAllocProperties={stype=0x7ffe3d96a520, type=0x7ffe3d96a530, id=1, pageSize=2097152}, phDevice=nullptr)
[2026-10-08 05:42:25.509] [thread-id: 133525589187776] [trace] zeMemFreeExt(hContext, pMemFreeDesc, ptr)
[2026-10-08 05:42:25.509] [thread-id: 133525589187776] [trace] SUCCESS (ZE_RESULT_SUCCESS) in zeMemFreeExt(hContext=0x224d5738, pMemFreeDesc={stype=0x7ffe3d96a500, freePolicy=1}, ptr=0x7970c6dffe00)
[2026-10-08 05:42:25.509] [thread-id: 133525589187776] [trace] zeDeviceGetProperties(hDevice, pDeviceProperties)
[2026-10-08 05:42:25.509] [thread-id: 133525589187776] [trace] SUCCESS (ZE_RESULT_SUCCESS) in zeDeviceGetProperties(hDevice=0x224bef28, pDeviceProperties={stype=0x7970c722f068, type=0x7970c722f078, vendorId=32902, deviceId=57868, flags=8, subdeviceId=0, coreClockRate=2750, maxMemAllocSize=10132807680, maxHardwareContexts=65536, maxCommandQueuePriority=0, numThreadsPerEU=8, physicalEUSimdWidth=16, numEUsPerSubslice=8, numSubslicesPerSlice=4, numSlices=5, timerResolution=52, timestampValidBits=64, kernelTimestampValidBits=64, uuid={id=134}, name="Intel(R) Arc(TM) B570 Graphics"})
[2026-10-08 05:42:25.509] [thread-id: 133525589187776] [trace] zeMemAllocDevice(hContext, device_desc, size, alignment, hDevice, pptr)
[2026-10-08 05:42:25.509] [thread-id: 133525589187776] [trace] SUCCESS (ZE_RESULT_SUCCESS) in zeMemAllocDevice(hContext=0x224d5738, device_desc={stype=0x7ffe3d96a4e0, flags=0, ordinal=0}, size=1, alignment=0, hDevice=0x224bef28, pptr=0xffffffffff9ffe00)
[2026-10-08 05:42:25.509] [thread-id: 133525589187776] [trace] zeContextMakeMemoryResident(hContext, hDevice, ptr, size)
[2026-10-08 05:42:25.510] [thread-id: 133525589187776] [trace] SUCCESS (ZE_RESULT_SUCCESS) in zeContextMakeMemoryResident(hContext=0x224d5738, hDevice=0x224bef28, ptr=0xffffffffff9ffe00, size=1)
[2026-10-08 05:42:25.510] [thread-id: 133525589187776] [trace] zeMemGetAllocProperties(hContext, ptr, pMemAllocProperties, phDevice)
[2026-10-08 05:42:25.510] [thread-id: 133525589187776] [trace] SUCCESS (ZE_RESULT_SUCCESS) in zeMemGetAllocProperties(hContext=0x224d5738, ptr=0xffffffffff9ffe00, pMemAllocProperties={stype=0x7ffe3d96a520, type=0x7ffe3d96a530, id=3, pageSize=65536}, phDevice=nullptr)
[2026-10-08 05:42:25.510] [thread-id: 133525589187776] [trace] zeMemFreeExt(hContext, pMemFreeDesc, ptr)
[2026-10-08 05:42:25.510] [thread-id: 133525589187776] [trace] SUCCESS (ZE_RESULT_SUCCESS) in zeMemFreeExt(hContext=0x224d5738, pMemFreeDesc={stype=0x7ffe3d96a500, freePolicy=1}, ptr=0xffffffffff9ffe00)
[2026-10-08 05:42:25.510] [thread-id: 133525589187776] [trace] zeDeviceGetProperties(hDevice, pDeviceProperties)
[2026-10-08 05:42:25.510] [thread-id: 133525589187776] [trace] SUCCESS (ZE_RESULT_SUCCESS) in zeDeviceGetProperties(hDevice=0x224bef28, pDeviceProperties={stype=0x7970c7227068, type=0x7970c7227078, vendorId=32902, deviceId=57868, flags=8, subdeviceId=0, coreClockRate=2750, maxMemAllocSize=10132807680, maxHardwareContexts=65536, maxCommandQueuePriority=0, numThreadsPerEU=8, physicalEUSimdWidth=16, numEUsPerSubslice=8, numSubslicesPerSlice=4, numSlices=5, timerResolution=52, timestampValidBits=64, kernelTimestampValidBits=64, uuid={id=134}, name="Intel(R) Arc(TM) B570 Graphics"})
[2026-10-08 05:42:25.510] [thread-id: 133525589187776] [trace] zeMemAllocShared(hContext, device_desc, host_desc, size, alignment, hDevice, pptr)
[2026-10-08 05:42:25.510] [thread-id: 133525589187776] [trace] SUCCESS (ZE_RESULT_SUCCESS) in zeMemAllocShared(hContext=0x224d5738, device_desc={stype=0x7ffe3d96a520, flags=0, ordinal=0}, host_desc={stype=0x7ffe3d96a500, flags=0}, size=1, alignment=0, hDevice=0x224bef28, pptr=0x7970c6eb0000)
[2026-10-08 05:42:25.510] [thread-id: 133525589187776] [trace] zeMemGetAllocProperties(hContext, ptr, pMemAllocProperties, phDevice)
[2026-10-08 05:42:25.510] [thread-id: 133525589187776] [trace] SUCCESS (ZE_RESULT_SUCCESS) in zeMemGetAllocProperties(hContext=0x224d5738, ptr=0x7970c6eb0000, pMemAllocProperties={stype=0x7ffe3d96a520, type=0x7ffe3d96a530, id=5, pageSize=65536}, phDevice=nullptr)
[2026-10-08 05:42:25.510] [thread-id: 133525589187776] [trace] zeMemFreeExt(hContext, pMemFreeDesc, ptr)
[2026-10-08 05:42:25.510] [thread-id: 133525589187776] [trace] SUCCESS (ZE_RESULT_SUCCESS) in zeMemFreeExt(hContext=0x224d5738, pMemFreeDesc={stype=0x7ffe3d96a500, freePolicy=1}, ptr=0x7970c6eb0000)
[2026-10-08 05:42:25.510] [thread-id: 133525589187776] [trace] zeDeviceGetProperties(hDevice, pDeviceProperties)
[2026-10-08 05:42:25.510] [thread-id: 133525589187776] [trace] SUCCESS (ZE_RESULT_SUCCESS) in zeDeviceGetProperties(hDevice=0x224bef28, pDeviceProperties={stype=0x7970c6eb9068, type=0x7970c6eb9078, vendorId=32902, deviceId=57868, flags=8, subdeviceId=0, coreClockRate=2750, maxMemAllocSize=10132807680, maxHardwareContexts=65536, maxCommandQueuePriority=0, numThreadsPerEU=8, physicalEUSimdWidth=16, numEUsPerSubslice=8, numSubslicesPerSlice=4, numSlices=5, timerResolution=52, timestampValidBits=64, kernelTimestampValidBits=64, uuid={id=134}, name="Intel(R) Arc(TM) B570 Graphics"})
[2026-10-08 05:42:25.510] [thread-id: 133525589187776] [trace] zeMemAllocShared(hContext, device_desc, host_desc, size, alignment, hDevice, pptr)
[2026-10-08 05:42:25.510] [thread-id: 133525589187776] [trace] SUCCESS (ZE_RESULT_SUCCESS) in zeMemAllocShared(hContext=0x224d5738, device_desc={stype=0x7ffe3d96a520, flags=0, ordinal=0}, host_desc={stype=0x7ffe3d96a500, flags=0}, size=1, alignment=0, hDevice=0x224bef28, pptr=0x7970c6ea0000)
[2026-10-08 05:42:25.510] [thread-id: 133525589187776] [trace] zeMemGetAllocProperties(hContext, ptr, pMemAllocProperties, phDevice)
[2026-10-08 05:42:25.510] [thread-id: 133525589187776] [trace] SUCCESS (ZE_RESULT_SUCCESS) in zeMemGetAllocProperties(hContext=0x224d5738, ptr=0x7970c6ea0000, pMemAllocProperties={stype=0x7ffe3d96a520, type=0x7ffe3d96a530, id=6, pageSize=65536}, phDevice=nullptr)
[2026-10-08 05:42:25.510] [thread-id: 133525589187776] [trace] zeMemFreeExt(hContext, pMemFreeDesc, ptr)
[2026-10-08 05:42:25.511] [thread-id: 133525589187776] [trace] SUCCESS (ZE_RESULT_SUCCESS) in zeMemFreeExt(hContext=0x224d5738, pMemFreeDesc={stype=0x7ffe3d96a500, freePolicy=1}, ptr=0x7970c6ea0000)
[2026-10-08 05:42:25.511] [thread-id: 133525589187776] [trace] zeMemAllocHost(hContext, host_desc, size, alignment, pptr)
[2026-10-08 05:42:25.511] [thread-id: 133525589187776] [trace] SUCCESS (ZE_RESULT_SUCCESS) in zeMemAllocHost(hContext=0x224d5738, host_desc={stype=0x7ffe3d96a520, flags=0}, size=1, alignment=0, pptr=0x7970c6dffe00)
[2026-10-08 05:42:25.511] [thread-id: 133525589187776] [trace] zeMemGetAllocProperties(hContext, ptr, pMemAllocProperties, phDevice)
[2026-10-08 05:42:25.511] [thread-id: 133525589187776] [trace] SUCCESS (ZE_RESULT_SUCCESS) in zeMemGetAllocProperties(hContext=0x224d5738, ptr=0x7970c6dffe00, pMemAllocProperties={stype=0x7ffe3d96a520, type=0x7ffe3d96a530, id=1, pageSize=2097152}, phDevice=nullptr)
[2026-10-08 05:42:25.511] [thread-id: 133525589187776] [trace] zeMemFreeExt(hContext, pMemFreeDesc, ptr)
[2026-10-08 05:42:25.511] [thread-id: 133525589187776] [trace] SUCCESS (ZE_RESULT_SUCCESS) in zeMemFreeExt(hContext=0x224d5738, pMemFreeDesc={stype=0x7ffe3d96a500, freePolicy=1}, ptr=0x7970c6dffe00)
[2026-10-08 05:42:25.511] [thread-id: 133525589187776] [trace] zeDeviceGetProperties(hDevice, pDeviceProperties)
[2026-10-08 05:42:25.511] [thread-id: 133525589187776] [trace] SUCCESS (ZE_RESULT_SUCCESS) in zeDeviceGetProperties(hDevice=0x224bef28, pDeviceProperties={stype=0x7970c6eb1068, type=0x7970c6eb1078, vendorId=32902, deviceId=57868, flags=8, subdeviceId=0, coreClockRate=2750, maxMemAllocSize=10132807680, maxHardwareContexts=65536, maxCommandQueuePriority=0, numThreadsPerEU=8, physicalEUSimdWidth=16, numEUsPerSubslice=8, numSubslicesPerSlice=4, numSlices=5, timerResolution=52, timestampValidBits=64, kernelTimestampValidBits=64, uuid={id=134}, name="Intel(R) Arc(TM) B570 Graphics"})
[2026-10-08 05:42:25.511] [thread-id: 133525589187776] [trace] zeMemAllocDevice(hContext, device_desc, size, alignment, hDevice, pptr)
[2026-10-08 05:42:25.511] [thread-id: 133525589187776] [trace] SUCCESS (ZE_RESULT_SUCCESS) in zeMemAllocDevice(hContext=0x224d5738, device_desc={stype=0x7ffe3d96a4e0, flags=0, ordinal=0}, size=1, alignment=0, hDevice=0x224bef28, pptr=0xffffffffff9ffe00)
[2026-10-08 05:42:25.511] [thread-id: 133525589187776] [trace] zeContextMakeMemoryResident(hContext, hDevice, ptr, size)
[2026-10-08 05:42:25.511] [thread-id: 133525589187776] [trace] SUCCESS (ZE_RESULT_SUCCESS) in zeContextMakeMemoryResident(hContext=0x224d5738, hDevice=0x224bef28, ptr=0xffffffffff9ffe00, size=1)
[2026-10-08 05:42:25.511] [thread-id: 133525589187776] [trace] zeMemGetAllocProperties(hContext, ptr, pMemAllocProperties, phDevice)
[2026-10-08 05:42:25.511] [thread-id: 133525589187776] [trace] SUCCESS (ZE_RESULT_SUCCESS) in zeMemGetAllocProperties(hContext=0x224d5738, ptr=0xffffffffff9ffe00, pMemAllocProperties={stype=0x7ffe3d96a520, type=0x7ffe3d96a530, id=3, pageSize=65536}, phDevice=nullptr)
[2026-10-08 05:42:25.511] [thread-id: 133525589187776] [trace] zeMemFreeExt(hContext, pMemFreeDesc, ptr)
[2026-10-08 05:42:25.511] [thread-id: 133525589187776] [trace] SUCCESS (ZE_RESULT_SUCCESS) in zeMemFreeExt(hContext=0x224d5738, pMemFreeDesc={stype=0x7ffe3d96a500, freePolicy=1}, ptr=0xffffffffff9ffe00)
[2026-10-08 05:42:25.511] [thread-id: 133525589187776] [trace] zeDeviceGetProperties(hDevice, pDeviceProperties)
[2026-10-08 05:42:25.511] [thread-id: 133525589187776] [trace] SUCCESS (ZE_RESULT_SUCCESS) in zeDeviceGetProperties(hDevice=0x224bef28, pDeviceProperties={stype=0x7970c6ea4068, type=0x7970c6ea4078, vendorId=32902, deviceId=57868, flags=8, subdeviceId=0, coreClockRate=2750, maxMemAllocSize=10132807680, maxHardwareContexts=65536, maxCommandQueuePriority=0, numThreadsPerEU=8, physicalEUSimdWidth=16, numEUsPerSubslice=8, numSubslicesPerSlice=4, numSlices=5, timerResolution=52, timestampValidBits=64, kernelTimestampValidBits=64, uuid={id=134}, name="Intel(R) Arc(TM) B570 Graphics"})
[2026-10-08 05:42:25.511] [thread-id: 133525589187776] [trace] zeMemAllocShared(hContext, device_desc, host_desc, size, alignment, hDevice, pptr)
[2026-10-08 05:42:25.511] [thread-id: 133525589187776] [trace] SUCCESS (ZE_RESULT_SUCCESS) in zeMemAllocShared(hContext=0x224d5738, device_desc={stype=0x7ffe3d96a520, flags=0, ordinal=0}, host_desc={stype=0x7ffe3d96a500, flags=0}, size=1, alignment=0, hDevice=0x224bef28, pptr=0x7970c6e90000)
[2026-10-08 05:42:25.511] [thread-id: 133525589187776] [trace] zeMemGetAllocProperties(hContext, ptr, pMemAllocProperties, phDevice)
[2026-10-08 05:42:25.511] [thread-id: 133525589187776] [trace] SUCCESS (ZE_RESULT_SUCCESS) in zeMemGetAllocProperties(hContext=0x224d5738, ptr=0x7970c6e90000, pMemAllocProperties={stype=0x7ffe3d96a520, type=0x7ffe3d96a530, id=9, pageSize=65536}, phDevice=nullptr)
[2026-10-08 05:42:25.511] [thread-id: 133525589187776] [trace] zeMemFreeExt(hContext, pMemFreeDesc, ptr)
[2026-10-08 05:42:25.512] [thread-id: 133525589187776] [trace] SUCCESS (ZE_RESULT_SUCCESS) in zeMemFreeExt(hContext=0x224d5738, pMemFreeDesc={stype=0x7ffe3d96a500, freePolicy=1}, ptr=0x7970c6e90000)
[2026-10-08 05:42:25.512] [thread-id: 133525589187776] [trace] zeDeviceGetProperties(hDevice, pDeviceProperties)
[2026-10-08 05:42:25.512] [thread-id: 133525589187776] [trace] SUCCESS (ZE_RESULT_SUCCESS) in zeDeviceGetProperties(hDevice=0x224bef28, pDeviceProperties={stype=0x7970c6ea0068, type=0x7970c6ea0078, vendorId=32902, deviceId=57868, flags=8, subdeviceId=0, coreClockRate=2750, maxMemAllocSize=10132807680, maxHardwareContexts=65536, maxCommandQueuePriority=0, numThreadsPerEU=8, physicalEUSimdWidth=16, numEUsPerSubslice=8, numSubslicesPerSlice=4, numSlices=5, timerResolution=52, timestampValidBits=64, kernelTimestampValidBits=64, uuid={id=134}, name="Intel(R) Arc(TM) B570 Graphics"})
[2026-10-08 05:42:25.512] [thread-id: 133525589187776] [trace] zeMemAllocShared(hContext, device_desc, host_desc, size, alignment, hDevice, pptr)
[2026-10-08 05:42:25.512] [thread-id: 133525589187776] [trace] SUCCESS (ZE_RESULT_SUCCESS) in zeMemAllocShared(hContext=0x224d5738, device_desc={stype=0x7ffe3d96a520, flags=0, ordinal=0}, host_desc={stype=0x7ffe3d96a500, flags=0}, size=1, alignment=0, hDevice=0x224bef28, pptr=0x7970c6e80000)
[2026-10-08 05:42:25.512] [thread-id: 133525589187776] [trace] zeMemGetAllocProperties(hContext, ptr, pMemAllocProperties, phDevice)
[2026-10-08 05:42:25.512] [thread-id: 133525589187776] [trace] SUCCESS (ZE_RESULT_SUCCESS) in zeMemGetAllocProperties(hContext=0x224d5738, ptr=0x7970c6e80000, pMemAllocProperties={stype=0x7ffe3d96a520, type=0x7ffe3d96a530, id=10, pageSize=65536}, phDevice=nullptr)
[2026-10-08 05:42:25.512] [thread-id: 133525589187776] [trace] zeMemFreeExt(hContext, pMemFreeDesc, ptr)
[2026-10-08 05:42:25.512] [thread-id: 133525589187776] [trace] SUCCESS (ZE_RESULT_SUCCESS) in zeMemFreeExt(hContext=0x224d5738, pMemFreeDesc={stype=0x7ffe3d96a500, freePolicy=1}, ptr=0x7970c6e80000)
   <--- urContextCreate(.DeviceCount = 1, .phDevices = 0x224d4ce0 {0x224d4040}, .pProperties = nullptr, .phContext = 0x224d6c40 (0x224d8b90)) -> UR_RESULT_SUCCESS;
   ---> urQueueCreate
<LEVEL_ZERO>[INFO]: Copy offload is disabled by the environment variable.
<LEVEL_ZERO>[DEBUG]: create command list ordinal: 0, type: immediate, device: 0x224bef28, inOrder: 1
[2026-10-08 05:42:25.512] [thread-id: 133525589187776] [trace] zeCommandListCreateImmediate(hContext, hDevice, altdesc, phCommandList)
[2026-10-08 05:42:25.513] [thread-id: 133525589187776] [trace] SUCCESS (ZE_RESULT_SUCCESS) in zeCommandListCreateImmediate(hContext=0x224d5738, hDevice=0x224bef28, altdesc={stype=0x7ffe3d96aa20, ordinal=0, index=0, flags=2, mode=0x7ffe3d96aa3c, priority=0x7ffe3d96aa40}, phCommandList=0x224dcd88)
[2026-10-08 05:42:25.513] [thread-id: 133525589187776] [trace] zeDriverGetExtensionFunctionAddress(hDriver, name, ppFunctionAddress)
[2026-10-08 05:42:25.513] [thread-id: 133525589187776] [trace] SUCCESS (ZE_RESULT_SUCCESS) in zeDriverGetExtensionFunctionAddress(hDriver=0x224be9c8, name="zexCounterBasedEventCreate2", ppFunctionAddress=0x7970d537ac00)
   <--- urQueueCreate(.hContext = 0x224d8b90, .hDevice = 0x224d4040, .pProperties = 0x7ffe3d96b000 ((struct ur_queue_properties_t){.stype = UR_STRUCTURE_TYPE_QUEUE_PROPERTIES, .pNext = nullptr, .flags = 0}), .phQueue = 0x7ffe3d96b018 (0x224dc0a0)) -> UR_RESULT_SUCCESS;
   ---> urDeviceGetInfo
[2026-10-08 05:42:25.514] [thread-id: 133525589187776] [trace] zeDeviceGetMemoryAccessProperties(hDevice, pMemAccessProperties)
[2026-10-08 05:42:25.514] [thread-id: 133525589187776] [trace] SUCCESS (ZE_RESULT_SUCCESS) in zeDeviceGetMemoryAccessProperties(hDevice=0x224bef28, pMemAccessProperties={stype=0x224d4420, hostAllocCapabilities=3, deviceAllocCapabilities=3, sharedSingleDeviceAllocCapabilities=3, sharedCrossDeviceAllocCapabilities=0, sharedSystemAllocCapabilities=15})
   <--- urDeviceGetInfo(.hDevice = 0x224d4040, .propName = UR_DEVICE_INFO_USM_DEVICE_SUPPORT, .propSize = 4, .pPropValue = 0x7ffe3d96ae64 (UR_DEVICE_USM_ACCESS_CAPABILITY_FLAG_ACCESS | UR_DEVICE_USM_ACCESS_CAPABILITY_FLAG_ATOMIC_ACCESS), .pPropSizeRet = nullptr) -> UR_RESULT_SUCCESS;
   ---> urUSMDeviceAlloc
[2026-10-08 05:42:25.514] [thread-id: 133525589187776] [trace] zeMemAllocDevice(hContext, device_desc, size, alignment, hDevice, pptr)
[2026-10-08 05:42:25.514] [thread-id: 133525589187776] [trace] SUCCESS (ZE_RESULT_SUCCESS) in zeMemAllocDevice(hContext=0x224d5738, device_desc={stype=0x7ffe3d96aa70, flags=0, ordinal=0}, size=65536, alignment=0, hDevice=0x224bef28, pptr=0xffffffffff600000)
[2026-10-08 05:42:25.514] [thread-id: 133525589187776] [trace] zeContextMakeMemoryResident(hContext, hDevice, ptr, size)
[2026-10-08 05:42:25.514] [thread-id: 133525589187776] [trace] SUCCESS (ZE_RESULT_SUCCESS) in zeContextMakeMemoryResident(hContext=0x224d5738, hDevice=0x224bef28, ptr=0xffffffffff600000, size=65536)
   <--- urUSMDeviceAlloc(.hContext = 0x224d8b90, .hDevice = 0x224d4040, .pUSMDesc = 0x7ffe3d96afd0 ((struct ur_usm_desc_t){.stype = UR_STRUCTURE_TYPE_CONTEXT_PROPERTIES, .pNext = nullptr, .hints = 0, .align = 4}), .pool = nullptr, .size = 65536, .ppMem = 0x7ffe3d96afe8 (0xffffffffff600000)) -> UR_RESULT_SUCCESS;
   ---> urEnqueueUSMMemcpy
<LEVEL_ZERO>[DEBUG]: ze_event_pool_desc_t flags set to: 1
[2026-10-08 05:42:25.514] [thread-id: 133525589187776] [trace] zexCounterBasedEventCreate2(hContext, hDevice, desc, phEvent)
[2026-10-08 05:42:25.514] [thread-id: 133525589187776] [trace] SUCCESS (ZE_RESULT_SUCCESS) in zexCounterBasedEventCreate2(hContext=0x224d5738, hDevice=0x224bef28, desc=0x7ffe3d96aa20, phEvent=0x2250da68)
<LEVEL_ZERO>[DEBUG]: ze_event_pool_desc_t flags set to: 1
[2026-10-08 05:42:25.514] [thread-id: 133525589187776] [trace] zexCounterBasedEventCreate2(hContext, hDevice, desc, phEvent)
[2026-10-08 05:42:25.514] [thread-id: 133525589187776] [trace] SUCCESS (ZE_RESULT_SUCCESS) in zexCounterBasedEventCreate2(hContext=0x224d5738, hDevice=0x224bef28, desc=0x7ffe3d96aa20, phEvent=0x2250de08)
<LEVEL_ZERO>[DEBUG]: ze_event_pool_desc_t flags set to: 1
[2026-10-08 05:42:25.514] [thread-id: 133525589187776] [trace] zexCounterBasedEventCreate2(hContext, hDevice, desc, phEvent)
[2026-10-08 05:42:25.514] [thread-id: 133525589187776] [trace] SUCCESS (ZE_RESULT_SUCCESS) in zexCounterBasedEventCreate2(hContext=0x224d5738, hDevice=0x224bef28, desc=0x7ffe3d96aa20, phEvent=0x2250e528)
<LEVEL_ZERO>[DEBUG]: ze_event_pool_desc_t flags set to: 1
[2026-10-08 05:42:25.514] [thread-id: 133525589187776] [trace] zexCounterBasedEventCreate2(hContext, hDevice, desc, phEvent)
[2026-10-08 05:42:25.514] [thread-id: 133525589187776] [trace] SUCCESS (ZE_RESULT_SUCCESS) in zexCounterBasedEventCreate2(hContext=0x224d5738, hDevice=0x224bef28, desc=0x7ffe3d96aa20, phEvent=0x2250ea68)
<LEVEL_ZERO>[DEBUG]: ze_event_pool_desc_t flags set to: 1
[2026-10-08 05:42:25.514] [thread-id: 133525589187776] [trace] zexCounterBasedEventCreate2(hContext, hDevice, desc, phEvent)
[2026-10-08 05:42:25.514] [thread-id: 133525589187776] [trace] SUCCESS (ZE_RESULT_SUCCESS) in zexCounterBasedEventCreate2(hContext=0x224d5738, hDevice=0x224bef28, desc=0x7ffe3d96aa20, phEvent=0x2250f168)
<LEVEL_ZERO>[DEBUG]: ze_event_pool_desc_t flags set to: 1
[2026-10-08 05:42:25.514] [thread-id: 133525589187776] [trace] zexCounterBasedEventCreate2(hContext, hDevice, desc, phEvent)
[2026-10-08 05:42:25.514] [thread-id: 133525589187776] [trace] SUCCESS (ZE_RESULT_SUCCESS) in zexCounterBasedEventCreate2(hContext=0x224d5738, hDevice=0x224bef28, desc=0x7ffe3d96aa20, phEvent=0x2250f6c8)
<LEVEL_ZERO>[DEBUG]: ze_event_pool_desc_t flags set to: 1
[2026-10-08 05:42:25.514] [thread-id: 133525589187776] [trace] zexCounterBasedEventCreate2(hContext, hDevice, desc, phEvent)
[2026-10-08 05:42:25.514] [thread-id: 133525589187776] [trace] SUCCESS (ZE_RESULT_SUCCESS) in zexCounterBasedEventCreate2(hContext=0x224d5738, hDevice=0x224bef28, desc=0x7ffe3d96aa20, phEvent=0x2250fdc8)
<LEVEL_ZERO>[DEBUG]: ze_event_pool_desc_t flags set to: 1
[2026-10-08 05:42:25.514] [thread-id: 133525589187776] [trace] zexCounterBasedEventCreate2(hContext, hDevice, desc, phEvent)
[2026-10-08 05:42:25.514] [thread-id: 133525589187776] [trace] SUCCESS (ZE_RESULT_SUCCESS) in zexCounterBasedEventCreate2(hContext=0x224d5738, hDevice=0x224bef28, desc=0x7ffe3d96aa20, phEvent=0x225102d8)
<LEVEL_ZERO>[DEBUG]: ze_event_pool_desc_t flags set to: 1
[2026-10-08 05:42:25.514] [thread-id: 133525589187776] [trace] zexCounterBasedEventCreate2(hContext, hDevice, desc, phEvent)
[2026-10-08 05:42:25.514] [thread-id: 133525589187776] [trace] SUCCESS (ZE_RESULT_SUCCESS) in zexCounterBasedEventCreate2(hContext=0x224d5738, hDevice=0x224bef28, desc=0x7ffe3d96aa20, phEvent=0x225109d8)
<LEVEL_ZERO>[DEBUG]: ze_event_pool_desc_t flags set to: 1
[2026-10-08 05:42:25.514] [thread-id: 133525589187776] [trace] zexCounterBasedEventCreate2(hContext, hDevice, desc, phEvent)
[2026-10-08 05:42:25.514] [thread-id: 133525589187776] [trace] SUCCESS (ZE_RESULT_SUCCESS) in zexCounterBasedEventCreate2(hContext=0x224d5738, hDevice=0x224bef28, desc=0x7ffe3d96aa20, phEvent=0x22510ee8)
<LEVEL_ZERO>[DEBUG]: ze_event_pool_desc_t flags set to: 1
[2026-10-08 05:42:25.514] [thread-id: 133525589187776] [trace] zexCounterBasedEventCreate2(hContext, hDevice, desc, phEvent)
[2026-10-08 05:42:25.514] [thread-id: 133525589187776] [trace] SUCCESS (ZE_RESULT_SUCCESS) in zexCounterBasedEventCreate2(hContext=0x224d5738, hDevice=0x224bef28, desc=0x7ffe3d96aa20, phEvent=0x225115e8)
<LEVEL_ZERO>[DEBUG]: ze_event_pool_desc_t flags set to: 1
[2026-10-08 05:42:25.514] [thread-id: 133525589187776] [trace] zexCounterBasedEventCreate2(hContext, hDevice, desc, phEvent)
[2026-10-08 05:42:25.514] [thread-id: 133525589187776] [trace] SUCCESS (ZE_RESULT_SUCCESS) in zexCounterBasedEventCreate2(hContext=0x224d5738, hDevice=0x224bef28, desc=0x7ffe3d96aa20, phEvent=0x22511b98)
<LEVEL_ZERO>[DEBUG]: ze_event_pool_desc_t flags set to: 1
[2026-10-08 05:42:25.514] [thread-id: 133525589187776] [trace] zexCounterBasedEventCreate2(hContext, hDevice, desc, phEvent)
[2026-10-08 05:42:25.514] [thread-id: 133525589187776] [trace] SUCCESS (ZE_RESULT_SUCCESS) in zexCounterBasedEventCreate2(hContext=0x224d5738, hDevice=0x224bef28, desc=0x7ffe3d96aa20, phEvent=0x22512298)
<LEVEL_ZERO>[DEBUG]: ze_event_pool_desc_t flags set to: 1
[2026-10-08 05:42:25.514] [thread-id: 133525589187776] [trace] zexCounterBasedEventCreate2(hContext, hDevice, desc, phEvent)
[2026-10-08 05:42:25.514] [thread-id: 133525589187776] [trace] SUCCESS (ZE_RESULT_SUCCESS) in zexCounterBasedEventCreate2(hContext=0x224d5738, hDevice=0x224bef28, desc=0x7ffe3d96aa20, phEvent=0x225127a8)
<LEVEL_ZERO>[DEBUG]: ze_event_pool_desc_t flags set to: 1
[2026-10-08 05:42:25.514] [thread-id: 133525589187776] [trace] zexCounterBasedEventCreate2(hContext, hDevice, desc, phEvent)
[2026-10-08 05:42:25.514] [thread-id: 133525589187776] [trace] SUCCESS (ZE_RESULT_SUCCESS) in zexCounterBasedEventCreate2(hContext=0x224d5738, hDevice=0x224bef28, desc=0x7ffe3d96aa20, phEvent=0x22512ea8)
<LEVEL_ZERO>[DEBUG]: ze_event_pool_desc_t flags set to: 1
[2026-10-08 05:42:25.514] [thread-id: 133525589187776] [trace] zexCounterBasedEventCreate2(hContext, hDevice, desc, phEvent)
[2026-10-08 05:42:25.514] [thread-id: 133525589187776] [trace] SUCCESS (ZE_RESULT_SUCCESS) in zexCounterBasedEventCreate2(hContext=0x224d5738, hDevice=0x224bef28, desc=0x7ffe3d96aa20, phEvent=0x225133b8)
<LEVEL_ZERO>[DEBUG]: ze_event_pool_desc_t flags set to: 1
[2026-10-08 05:42:25.514] [thread-id: 133525589187776] [trace] zexCounterBasedEventCreate2(hContext, hDevice, desc, phEvent)
[2026-10-08 05:42:25.514] [thread-id: 133525589187776] [trace] SUCCESS (ZE_RESULT_SUCCESS) in zexCounterBasedEventCreate2(hContext=0x224d5738, hDevice=0x224bef28, desc=0x7ffe3d96aa20, phEvent=0x22513ab8)
<LEVEL_ZERO>[DEBUG]: ze_event_pool_desc_t flags set to: 1
[2026-10-08 05:42:25.514] [thread-id: 133525589187776] [trace] zexCounterBasedEventCreate2(hContext, hDevice, desc, phEvent)
[2026-10-08 05:42:25.515] [thread-id: 133525589187776] [trace] SUCCESS (ZE_RESULT_SUCCESS) in zexCounterBasedEventCreate2(hContext=0x224d5738, hDevice=0x224bef28, desc=0x7ffe3d96aa20, phEvent=0x225140d8)
<LEVEL_ZERO>[DEBUG]: ze_event_pool_desc_t flags set to: 1
[2026-10-08 05:42:25.515] [thread-id: 133525589187776] [trace] zexCounterBasedEventCreate2(hContext, hDevice, desc, phEvent)
[2026-10-08 05:42:25.515] [thread-id: 133525589187776] [trace] SUCCESS (ZE_RESULT_SUCCESS) in zexCounterBasedEventCreate2(hContext=0x224d5738, hDevice=0x224bef28, desc=0x7ffe3d96aa20, phEvent=0x225147d8)
<LEVEL_ZERO>[DEBUG]: ze_event_pool_desc_t flags set to: 1
[2026-10-08 05:42:25.515] [thread-id: 133525589187776] [trace] zexCounterBasedEventCreate2(hContext, hDevice, desc, phEvent)
[2026-10-08 05:42:25.515] [thread-id: 133525589187776] [trace] SUCCESS (ZE_RESULT_SUCCESS) in zexCounterBasedEventCreate2(hContext=0x224d5738, hDevice=0x224bef28, desc=0x7ffe3d96aa20, phEvent=0x22514ce8)
<LEVEL_ZERO>[DEBUG]: ze_event_pool_desc_t flags set to: 1
[2026-10-08 05:42:25.515] [thread-id: 133525589187776] [trace] zexCounterBasedEventCreate2(hContext, hDevice, desc, phEvent)
[2026-10-08 05:42:25.515] [thread-id: 133525589187776] [trace] SUCCESS (ZE_RESULT_SUCCESS) in zexCounterBasedEventCreate2(hContext=0x224d5738, hDevice=0x224bef28, desc=0x7ffe3d96aa20, phEvent=0x225153e8)
<LEVEL_ZERO>[DEBUG]: ze_event_pool_desc_t flags set to: 1
[2026-10-08 05:42:25.515] [thread-id: 133525589187776] [trace] zexCounterBasedEventCreate2(hContext, hDevice, desc, phEvent)
[2026-10-08 05:42:25.515] [thread-id: 133525589187776] [trace] SUCCESS (ZE_RESULT_SUCCESS) in zexCounterBasedEventCreate2(hContext=0x224d5738, hDevice=0x224bef28, desc=0x7ffe3d96aa20, phEvent=0x225158f8)
<LEVEL_ZERO>[DEBUG]: ze_event_pool_desc_t flags set to: 1
[2026-10-08 05:42:25.515] [thread-id: 133525589187776] [trace] zexCounterBasedEventCreate2(hContext, hDevice, desc, phEvent)
[2026-10-08 05:42:25.515] [thread-id: 133525589187776] [trace] SUCCESS (ZE_RESULT_SUCCESS) in zexCounterBasedEventCreate2(hContext=0x224d5738, hDevice=0x224bef28, desc=0x7ffe3d96aa20, phEvent=0x22515ff8)
<LEVEL_ZERO>[DEBUG]: ze_event_pool_desc_t flags set to: 1
[2026-10-08 05:42:25.515] [thread-id: 133525589187776] [trace] zexCounterBasedEventCreate2(hContext, hDevice, desc, phEvent)
[2026-10-08 05:42:25.515] [thread-id: 133525589187776] [trace] SUCCESS (ZE_RESULT_SUCCESS) in zexCounterBasedEventCreate2(hContext=0x224d5738, hDevice=0x224bef28, desc=0x7ffe3d96aa20, phEvent=0x22516508)
<LEVEL_ZERO>[DEBUG]: ze_event_pool_desc_t flags set to: 1
[2026-10-08 05:42:25.515] [thread-id: 133525589187776] [trace] zexCounterBasedEventCreate2(hContext, hDevice, desc, phEvent)
[2026-10-08 05:42:25.515] [thread-id: 133525589187776] [trace] SUCCESS (ZE_RESULT_SUCCESS) in zexCounterBasedEventCreate2(hContext=0x224d5738, hDevice=0x224bef28, desc=0x7ffe3d96aa20, phEvent=0x22516d48)
<LEVEL_ZERO>[DEBUG]: ze_event_pool_desc_t flags set to: 1
[2026-10-08 05:42:25.515] [thread-id: 133525589187776] [trace] zexCounterBasedEventCreate2(hContext, hDevice, desc, phEvent)
[2026-10-08 05:42:25.515] [thread-id: 133525589187776] [trace] SUCCESS (ZE_RESULT_SUCCESS) in zexCounterBasedEventCreate2(hContext=0x224d5738, hDevice=0x224bef28, desc=0x7ffe3d96aa20, phEvent=0x22517258)
<LEVEL_ZERO>[DEBUG]: ze_event_pool_desc_t flags set to: 1
[2026-10-08 05:42:25.515] [thread-id: 133525589187776] [trace] zexCounterBasedEventCreate2(hContext, hDevice, desc, phEvent)
[2026-10-08 05:42:25.515] [thread-id: 133525589187776] [trace] SUCCESS (ZE_RESULT_SUCCESS) in zexCounterBasedEventCreate2(hContext=0x224d5738, hDevice=0x224bef28, desc=0x7ffe3d96aa20, phEvent=0x22517958)
<LEVEL_ZERO>[DEBUG]: ze_event_pool_desc_t flags set to: 1
[2026-10-08 05:42:25.515] [thread-id: 133525589187776] [trace] zexCounterBasedEventCreate2(hContext, hDevice, desc, phEvent)
[2026-10-08 05:42:25.515] [thread-id: 133525589187776] [trace] SUCCESS (ZE_RESULT_SUCCESS) in zexCounterBasedEventCreate2(hContext=0x224d5738, hDevice=0x224bef28, desc=0x7ffe3d96aa20, phEvent=0x22517e68)
<LEVEL_ZERO>[DEBUG]: ze_event_pool_desc_t flags set to: 1
[2026-10-08 05:42:25.515] [thread-id: 133525589187776] [trace] zexCounterBasedEventCreate2(hContext, hDevice, desc, phEvent)
[2026-10-08 05:42:25.515] [thread-id: 133525589187776] [trace] SUCCESS (ZE_RESULT_SUCCESS) in zexCounterBasedEventCreate2(hContext=0x224d5738, hDevice=0x224bef28, desc=0x7ffe3d96aa20, phEvent=0x22518568)
<LEVEL_ZERO>[DEBUG]: ze_event_pool_desc_t flags set to: 1
[2026-10-08 05:42:25.515] [thread-id: 133525589187776] [trace] zexCounterBasedEventCreate2(hContext, hDevice, desc, phEvent)
[2026-10-08 05:42:25.515] [thread-id: 133525589187776] [trace] SUCCESS (ZE_RESULT_SUCCESS) in zexCounterBasedEventCreate2(hContext=0x224d5738, hDevice=0x224bef28, desc=0x7ffe3d96aa20, phEvent=0x22518a78)
<LEVEL_ZERO>[DEBUG]: ze_event_pool_desc_t flags set to: 1
[2026-10-08 05:42:25.515] [thread-id: 133525589187776] [trace] zexCounterBasedEventCreate2(hContext, hDevice, desc, phEvent)
[2026-10-08 05:42:25.515] [thread-id: 133525589187776] [trace] SUCCESS (ZE_RESULT_SUCCESS) in zexCounterBasedEventCreate2(hContext=0x224d5738, hDevice=0x224bef28, desc=0x7ffe3d96aa20, phEvent=0x22519178)
<LEVEL_ZERO>[DEBUG]: ze_event_pool_desc_t flags set to: 1
[2026-10-08 05:42:25.515] [thread-id: 133525589187776] [trace] zexCounterBasedEventCreate2(hContext, hDevice, desc, phEvent)
[2026-10-08 05:42:25.515] [thread-id: 133525589187776] [trace] SUCCESS (ZE_RESULT_SUCCESS) in zexCounterBasedEventCreate2(hContext=0x224d5738, hDevice=0x224bef28, desc=0x7ffe3d96aa20, phEvent=0x22519688)
<LEVEL_ZERO>[DEBUG]: ze_event_pool_desc_t flags set to: 1
[2026-10-08 05:42:25.515] [thread-id: 133525589187776] [trace] zexCounterBasedEventCreate2(hContext, hDevice, desc, phEvent)
[2026-10-08 05:42:25.515] [thread-id: 133525589187776] [trace] SUCCESS (ZE_RESULT_SUCCESS) in zexCounterBasedEventCreate2(hContext=0x224d5738, hDevice=0x224bef28, desc=0x7ffe3d96aa20, phEvent=0x22519d88)
<LEVEL_ZERO>[DEBUG]: ze_event_pool_desc_t flags set to: 1
[2026-10-08 05:42:25.515] [thread-id: 133525589187776] [trace] zexCounterBasedEventCreate2(hContext, hDevice, desc, phEvent)
[2026-10-08 05:42:25.515] [thread-id: 133525589187776] [trace] SUCCESS (ZE_RESULT_SUCCESS) in zexCounterBasedEventCreate2(hContext=0x224d5738, hDevice=0x224bef28, desc=0x7ffe3d96aa20, phEvent=0x2251a4a8)
<LEVEL_ZERO>[DEBUG]: ze_event_pool_desc_t flags set to: 1
[2026-10-08 05:42:25.515] [thread-id: 133525589187776] [trace] zexCounterBasedEventCreate2(hContext, hDevice, desc, phEvent)
[2026-10-08 05:42:25.515] [thread-id: 133525589187776] [trace] SUCCESS (ZE_RESULT_SUCCESS) in zexCounterBasedEventCreate2(hContext=0x224d5738, hDevice=0x224bef28, desc=0x7ffe3d96aa20, phEvent=0x2251aba8)
<LEVEL_ZERO>[DEBUG]: ze_event_pool_desc_t flags set to: 1
[2026-10-08 05:42:25.515] [thread-id: 133525589187776] [trace] zexCounterBasedEventCreate2(hContext, hDevice, desc, phEvent)
[2026-10-08 05:42:25.515] [thread-id: 133525589187776] [trace] SUCCESS (ZE_RESULT_SUCCESS) in zexCounterBasedEventCreate2(hContext=0x224d5738, hDevice=0x224bef28, desc=0x7ffe3d96aa20, phEvent=0x2251b0b8)
<LEVEL_ZERO>[DEBUG]: ze_event_pool_desc_t flags set to: 1
[2026-10-08 05:42:25.515] [thread-id: 133525589187776] [trace] zexCounterBasedEventCreate2(hContext, hDevice, desc, phEvent)
[2026-10-08 05:42:25.515] [thread-id: 133525589187776] [trace] SUCCESS (ZE_RESULT_SUCCESS) in zexCounterBasedEventCreate2(hContext=0x224d5738, hDevice=0x224bef28, desc=0x7ffe3d96aa20, phEvent=0x2251b7b8)
<LEVEL_ZERO>[DEBUG]: ze_event_pool_desc_t flags set to: 1
[2026-10-08 05:42:25.515] [thread-id: 133525589187776] [trace] zexCounterBasedEventCreate2(hContext, hDevice, desc, phEvent)
[2026-10-08 05:42:25.515] [thread-id: 133525589187776] [trace] SUCCESS (ZE_RESULT_SUCCESS) in zexCounterBasedEventCreate2(hContext=0x224d5738, hDevice=0x224bef28, desc=0x7ffe3d96aa20, phEvent=0x2251bcc8)
<LEVEL_ZERO>[DEBUG]: ze_event_pool_desc_t flags set to: 1
[2026-10-08 05:42:25.515] [thread-id: 133525589187776] [trace] zexCounterBasedEventCreate2(hContext, hDevice, desc, phEvent)
[2026-10-08 05:42:25.515] [thread-id: 133525589187776] [trace] SUCCESS (ZE_RESULT_SUCCESS) in zexCounterBasedEventCreate2(hContext=0x224d5738, hDevice=0x224bef28, desc=0x7ffe3d96aa20, phEvent=0x2251c3c8)
<LEVEL_ZERO>[DEBUG]: ze_event_pool_desc_t flags set to: 1
[2026-10-08 05:42:25.515] [thread-id: 133525589187776] [trace] zexCounterBasedEventCreate2(hContext, hDevice, desc, phEvent)
[2026-10-08 05:42:25.515] [thread-id: 133525589187776] [trace] SUCCESS (ZE_RESULT_SUCCESS) in zexCounterBasedEventCreate2(hContext=0x224d5738, hDevice=0x224bef28, desc=0x7ffe3d96aa20, phEvent=0x2251c8d8)
<LEVEL_ZERO>[DEBUG]: ze_event_pool_desc_t flags set to: 1
[2026-10-08 05:42:25.515] [thread-id: 133525589187776] [trace] zexCounterBasedEventCreate2(hContext, hDevice, desc, phEvent)
[2026-10-08 05:42:25.515] [thread-id: 133525589187776] [trace] SUCCESS (ZE_RESULT_SUCCESS) in zexCounterBasedEventCreate2(hContext=0x224d5738, hDevice=0x224bef28, desc=0x7ffe3d96aa20, phEvent=0x2251cfd8)
<LEVEL_ZERO>[DEBUG]: ze_event_pool_desc_t flags set to: 1
[2026-10-08 05:42:25.515] [thread-id: 133525589187776] [trace] zexCounterBasedEventCreate2(hContext, hDevice, desc, phEvent)
[2026-10-08 05:42:25.515] [thread-id: 133525589187776] [trace] SUCCESS (ZE_RESULT_SUCCESS) in zexCounterBasedEventCreate2(hContext=0x224d5738, hDevice=0x224bef28, desc=0x7ffe3d96aa20, phEvent=0x2251d4e8)
<LEVEL_ZERO>[DEBUG]: ze_event_pool_desc_t flags set to: 1
[2026-10-08 05:42:25.515] [thread-id: 133525589187776] [trace] zexCounterBasedEventCreate2(hContext, hDevice, desc, phEvent)
[2026-10-08 05:42:25.515] [thread-id: 133525589187776] [trace] SUCCESS (ZE_RESULT_SUCCESS) in zexCounterBasedEventCreate2(hContext=0x224d5738, hDevice=0x224bef28, desc=0x7ffe3d96aa20, phEvent=0x2251dbe8)
<LEVEL_ZERO>[DEBUG]: ze_event_pool_desc_t flags set to: 1
[2026-10-08 05:42:25.515] [thread-id: 133525589187776] [trace] zexCounterBasedEventCreate2(hContext, hDevice, desc, phEvent)
[2026-10-08 05:42:25.515] [thread-id: 133525589187776] [trace] SUCCESS (ZE_RESULT_SUCCESS) in zexCounterBasedEventCreate2(hContext=0x224d5738, hDevice=0x224bef28, desc=0x7ffe3d96aa20, phEvent=0x2251e0f8)
<LEVEL_ZERO>[DEBUG]: ze_event_pool_desc_t flags set to: 1
[2026-10-08 05:42:25.515] [thread-id: 133525589187776] [trace] zexCounterBasedEventCreate2(hContext, hDevice, desc, phEvent)
[2026-10-08 05:42:25.515] [thread-id: 133525589187776] [trace] SUCCESS (ZE_RESULT_SUCCESS) in zexCounterBasedEventCreate2(hContext=0x224d5738, hDevice=0x224bef28, desc=0x7ffe3d96aa20, phEvent=0x2251e7f8)
<LEVEL_ZERO>[DEBUG]: ze_event_pool_desc_t flags set to: 1
[2026-10-08 05:42:25.515] [thread-id: 133525589187776] [trace] zexCounterBasedEventCreate2(hContext, hDevice, desc, phEvent)
[2026-10-08 05:42:25.516] [thread-id: 133525589187776] [trace] SUCCESS (ZE_RESULT_SUCCESS) in zexCounterBasedEventCreate2(hContext=0x224d5738, hDevice=0x224bef28, desc=0x7ffe3d96aa20, phEvent=0x2251ed08)
<LEVEL_ZERO>[DEBUG]: ze_event_pool_desc_t flags set to: 1
[2026-10-08 05:42:25.516] [thread-id: 133525589187776] [trace] zexCounterBasedEventCreate2(hContext, hDevice, desc, phEvent)
[2026-10-08 05:42:25.516] [thread-id: 133525589187776] [trace] SUCCESS (ZE_RESULT_SUCCESS) in zexCounterBasedEventCreate2(hContext=0x224d5738, hDevice=0x224bef28, desc=0x7ffe3d96aa20, phEvent=0x2251f408)
<LEVEL_ZERO>[DEBUG]: ze_event_pool_desc_t flags set to: 1
[2026-10-08 05:42:25.516] [thread-id: 133525589187776] [trace] zexCounterBasedEventCreate2(hContext, hDevice, desc, phEvent)
[2026-10-08 05:42:25.516] [thread-id: 133525589187776] [trace] SUCCESS (ZE_RESULT_SUCCESS) in zexCounterBasedEventCreate2(hContext=0x224d5738, hDevice=0x224bef28, desc=0x7ffe3d96aa20, phEvent=0x2251f918)
<LEVEL_ZERO>[DEBUG]: ze_event_pool_desc_t flags set to: 1
[2026-10-08 05:42:25.516] [thread-id: 133525589187776] [trace] zexCounterBasedEventCreate2(hContext, hDevice, desc, phEvent)
[2026-10-08 05:42:25.516] [thread-id: 133525589187776] [trace] SUCCESS (ZE_RESULT_SUCCESS) in zexCounterBasedEventCreate2(hContext=0x224d5738, hDevice=0x224bef28, desc=0x7ffe3d96aa20, phEvent=0x22520018)
<LEVEL_ZERO>[DEBUG]: ze_event_pool_desc_t flags set to: 1
[2026-10-08 05:42:25.516] [thread-id: 133525589187776] [trace] zexCounterBasedEventCreate2(hContext, hDevice, desc, phEvent)
[2026-10-08 05:42:25.516] [thread-id: 133525589187776] [trace] SUCCESS (ZE_RESULT_SUCCESS) in zexCounterBasedEventCreate2(hContext=0x224d5738, hDevice=0x224bef28, desc=0x7ffe3d96aa20, phEvent=0x22520528)
<LEVEL_ZERO>[DEBUG]: ze_event_pool_desc_t flags set to: 1
[2026-10-08 05:42:25.516] [thread-id: 133525589187776] [trace] zexCounterBasedEventCreate2(hContext, hDevice, desc, phEvent)
[2026-10-08 05:42:25.516] [thread-id: 133525589187776] [trace] SUCCESS (ZE_RESULT_SUCCESS) in zexCounterBasedEventCreate2(hContext=0x224d5738, hDevice=0x224bef28, desc=0x7ffe3d96aa20, phEvent=0x22520c28)
<LEVEL_ZERO>[DEBUG]: ze_event_pool_desc_t flags set to: 1
[2026-10-08 05:42:25.516] [thread-id: 133525589187776] [trace] zexCounterBasedEventCreate2(hContext, hDevice, desc, phEvent)
[2026-10-08 05:42:25.516] [thread-id: 133525589187776] [trace] SUCCESS (ZE_RESULT_SUCCESS) in zexCounterBasedEventCreate2(hContext=0x224d5738, hDevice=0x224bef28, desc=0x7ffe3d96aa20, phEvent=0x22521138)
<LEVEL_ZERO>[DEBUG]: ze_event_pool_desc_t flags set to: 1
[2026-10-08 05:42:25.516] [thread-id: 133525589187776] [trace] zexCounterBasedEventCreate2(hContext, hDevice, desc, phEvent)
[2026-10-08 05:42:25.516] [thread-id: 133525589187776] [trace] SUCCESS (ZE_RESULT_SUCCESS) in zexCounterBasedEventCreate2(hContext=0x224d5738, hDevice=0x224bef28, desc=0x7ffe3d96aa20, phEvent=0x22521ab8)
<LEVEL_ZERO>[DEBUG]: ze_event_pool_desc_t flags set to: 1
[2026-10-08 05:42:25.516] [thread-id: 133525589187776] [trace] zexCounterBasedEventCreate2(hContext, hDevice, desc, phEvent)
[2026-10-08 05:42:25.516] [thread-id: 133525589187776] [trace] SUCCESS (ZE_RESULT_SUCCESS) in zexCounterBasedEventCreate2(hContext=0x224d5738, hDevice=0x224bef28, desc=0x7ffe3d96aa20, phEvent=0x22521fc8)
<LEVEL_ZERO>[DEBUG]: ze_event_pool_desc_t flags set to: 1
[2026-10-08 05:42:25.516] [thread-id: 133525589187776] [trace] zexCounterBasedEventCreate2(hContext, hDevice, desc, phEvent)
[2026-10-08 05:42:25.516] [thread-id: 133525589187776] [trace] SUCCESS (ZE_RESULT_SUCCESS) in zexCounterBasedEventCreate2(hContext=0x224d5738, hDevice=0x224bef28, desc=0x7ffe3d96aa20, phEvent=0x225226c8)
<LEVEL_ZERO>[DEBUG]: ze_event_pool_desc_t flags set to: 1
[2026-10-08 05:42:25.516] [thread-id: 133525589187776] [trace] zexCounterBasedEventCreate2(hContext, hDevice, desc, phEvent)
[2026-10-08 05:42:25.516] [thread-id: 133525589187776] [trace] SUCCESS (ZE_RESULT_SUCCESS) in zexCounterBasedEventCreate2(hContext=0x224d5738, hDevice=0x224bef28, desc=0x7ffe3d96aa20, phEvent=0x22522bd8)
<LEVEL_ZERO>[DEBUG]: ze_event_pool_desc_t flags set to: 1
[2026-10-08 05:42:25.516] [thread-id: 133525589187776] [trace] zexCounterBasedEventCreate2(hContext, hDevice, desc, phEvent)
[2026-10-08 05:42:25.516] [thread-id: 133525589187776] [trace] SUCCESS (ZE_RESULT_SUCCESS) in zexCounterBasedEventCreate2(hContext=0x224d5738, hDevice=0x224bef28, desc=0x7ffe3d96aa20, phEvent=0x225232d8)
<LEVEL_ZERO>[DEBUG]: ze_event_pool_desc_t flags set to: 1
[2026-10-08 05:42:25.516] [thread-id: 133525589187776] [trace] zexCounterBasedEventCreate2(hContext, hDevice, desc, phEvent)
[2026-10-08 05:42:25.516] [thread-id: 133525589187776] [trace] SUCCESS (ZE_RESULT_SUCCESS) in zexCounterBasedEventCreate2(hContext=0x224d5738, hDevice=0x224bef28, desc=0x7ffe3d96aa20, phEvent=0x225237e8)
<LEVEL_ZERO>[DEBUG]: ze_event_pool_desc_t flags set to: 1
[2026-10-08 05:42:25.516] [thread-id: 133525589187776] [trace] zexCounterBasedEventCreate2(hContext, hDevice, desc, phEvent)
[2026-10-08 05:42:25.516] [thread-id: 133525589187776] [trace] SUCCESS (ZE_RESULT_SUCCESS) in zexCounterBasedEventCreate2(hContext=0x224d5738, hDevice=0x224bef28, desc=0x7ffe3d96aa20, phEvent=0x22523ee8)
<LEVEL_ZERO>[DEBUG]: ze_event_pool_desc_t flags set to: 1
[2026-10-08 05:42:25.516] [thread-id: 133525589187776] [trace] zexCounterBasedEventCreate2(hContext, hDevice, desc, phEvent)
[2026-10-08 05:42:25.516] [thread-id: 133525589187776] [trace] SUCCESS (ZE_RESULT_SUCCESS) in zexCounterBasedEventCreate2(hContext=0x224d5738, hDevice=0x224bef28, desc=0x7ffe3d96aa20, phEvent=0x225243f8)
<LEVEL_ZERO>[DEBUG]: ze_event_pool_desc_t flags set to: 1
[2026-10-08 05:42:25.516] [thread-id: 133525589187776] [trace] zexCounterBasedEventCreate2(hContext, hDevice, desc, phEvent)
[2026-10-08 05:42:25.516] [thread-id: 133525589187776] [trace] SUCCESS (ZE_RESULT_SUCCESS) in zexCounterBasedEventCreate2(hContext=0x224d5738, hDevice=0x224bef28, desc=0x7ffe3d96aa20, phEvent=0x22524af8)
<LEVEL_ZERO>[DEBUG]: ze_event_pool_desc_t flags set to: 1
[2026-10-08 05:42:25.516] [thread-id: 133525589187776] [trace] zexCounterBasedEventCreate2(hContext, hDevice, desc, phEvent)
[2026-10-08 05:42:25.516] [thread-id: 133525589187776] [trace] SUCCESS (ZE_RESULT_SUCCESS) in zexCounterBasedEventCreate2(hContext=0x224d5738, hDevice=0x224bef28, desc=0x7ffe3d96aa20, phEvent=0x22525008)
<LEVEL_ZERO>[DEBUG]: ze_event_pool_desc_t flags set to: 1
[2026-10-08 05:42:25.516] [thread-id: 133525589187776] [trace] zexCounterBasedEventCreate2(hContext, hDevice, desc, phEvent)
[2026-10-08 05:42:25.516] [thread-id: 133525589187776] [trace] SUCCESS (ZE_RESULT_SUCCESS) in zexCounterBasedEventCreate2(hContext=0x224d5738, hDevice=0x224bef28, desc=0x7ffe3d96aa20, phEvent=0x22525708)
<LEVEL_ZERO>[DEBUG]: ze_event_pool_desc_t flags set to: 1
[2026-10-08 05:42:25.516] [thread-id: 133525589187776] [trace] zexCounterBasedEventCreate2(hContext, hDevice, desc, phEvent)
[2026-10-08 05:42:25.516] [thread-id: 133525589187776] [trace] SUCCESS (ZE_RESULT_SUCCESS) in zexCounterBasedEventCreate2(hContext=0x224d5738, hDevice=0x224bef28, desc=0x7ffe3d96aa20, phEvent=0x22525c18)
[2026-10-08 05:42:25.516] [thread-id: 133525589187776] [trace] zeCommandListAppendMemoryCopy(hCommandList, dstptr, srcptr, size, hSignalEvent, numWaitEvents, phWaitEventsLocal)
[2026-10-08 05:42:25.519] [thread-id: 133525589187776] [trace] SUCCESS (ZE_RESULT_SUCCESS) in zeCommandListAppendMemoryCopy(hCommandList=0x224dcd88, dstptr=0xffffffffff600000, srcptr=0x224ed8a0, size=65536, hSignalEvent=0x22525c18, numWaitEvents=0, phWaitEvents=nullptr)
   <--- urEnqueueUSMMemcpy(.hQueue = 0x224dc0a0, .blocking = 0, .pDst = 0xffffffffff600000, .pSrc = 0x224ed8a0, .size = 65536, .numEventsInWaitList = 0, .phEventWaitList = nullptr, .phEvent = 0x7ffe3d96b020 (0x22525600)) -> UR_RESULT_SUCCESS;
   ---> urEventWait
[2026-10-08 05:42:25.519] [thread-id: 133525589187776] [trace] zeEventHostSynchronize(hEvent, timeout)
[2026-10-08 05:42:25.519] [thread-id: 133525589187776] [trace] SUCCESS (ZE_RESULT_SUCCESS) in zeEventHostSynchronize(hEvent=0x22525c18, timeout=18446744073709551615)
   <--- urEventWait(.numEvents = 1, .phEventWaitList = 0x7ffe3d96b070 {0x22525600}) -> UR_RESULT_SUCCESS;
   ---> urEventRelease
   <--- urEventRelease(.hEvent = 0x22525600) -> UR_RESULT_SUCCESS;
   ---> urDeviceGetInfo
[2026-10-08 05:42:25.519] [thread-id: 133525589187776] [trace] zeDeviceGetComputeProperties(hDevice, pComputeProperties)
[2026-10-08 05:42:25.519] [thread-id: 133525589187776] [trace] SUCCESS (ZE_RESULT_SUCCESS) in zeDeviceGetComputeProperties(hDevice=0x224bef28, pComputeProperties={stype=0x224d4280, maxTotalGroupSize=1024, maxGroupSizeX=1024, maxGroupSizeY=1024, maxGroupSizeZ=1024, maxGroupCountX=4294967295, maxGroupCountY=4294967295, maxGroupCountZ=4294967295, maxSharedLocalMemory=131072, numSubGroupSizes=2, subGroupSizes=16})
   <--- urDeviceGetInfo(.hDevice = 0x224d4040, .propName = UR_DEVICE_INFO_MAX_WORK_GROUPS_3D, .propSize = 24, .pPropValue = {4294967295, 4294967295, 4294967295}, .pPropSizeRet = nullptr) -> UR_RESULT_SUCCESS;
   ---> urDeviceSelectBinary
   <--- urDeviceSelectBinary(.hDevice = 0x224d4040, .pBinaries = 0x2254ea50 ((struct ur_device_binary_t){.stype = UR_STRUCTURE_TYPE_CONTEXT_PROPERTIES, .pNext = nullptr, .pDeviceTargetSpec = 0x7970dc2fa3c0 (spir64)}), .NumBinaries = 1, .pSelectedBinary = 0x7ffe3d96a57c (0)) -> UR_RESULT_SUCCESS;
   ---> urPlatformGetBackendOption
   <--- urPlatformGetBackendOption(.hPlatform = 0x224d2810, .pFrontendOption = 0x7ffe3d96a088 (-O2), .ppPlatformOption = 0x7ffe3d96a058 (0x7970d9368975 (-ze-opt-level=2))) -> UR_RESULT_SUCCESS;
   ---> urDeviceGetInfo
   <--- urDeviceGetInfo(.hDevice = 0x224d4040, .propName = UR_DEVICE_INFO_VENDOR_ID, .propSize = 4, .pPropValue = 0x7ffe3d969fd8 (32902), .pPropSizeRet = nullptr) -> UR_RESULT_SUCCESS;
   ---> urDeviceGetInfo
   <--- urDeviceGetInfo(.hDevice = 0x224d4040, .propName = UR_DEVICE_INFO_DEVICE_ID, .propSize = 0, .pPropValue = nullptr, .pPropSizeRet = 0x7ffe3d969e60 (4)) -> UR_RESULT_SUCCESS;
   ---> urDeviceGetInfo
   <--- urDeviceGetInfo(.hDevice = 0x224d4040, .propName = UR_DEVICE_INFO_DEVICE_ID, .propSize = 4, .pPropValue = 0x7ffe3d969fa8 (57868), .pPropSizeRet = nullptr) -> UR_RESULT_SUCCESS;
   ---> urDeviceGetInfo
   <--- urDeviceGetInfo(.hDevice = 0x224d4040, .propName = UR_DEVICE_INFO_COMPILER_AVAILABLE, .propSize = 1, .pPropValue = 0x7ffe3d96a040 (true), .pPropSizeRet = nullptr) -> UR_RESULT_SUCCESS;
   ---> urProgramCreateWithIL
   <--- urProgramCreateWithIL(.hContext = 0x224d8b90, .pIL = 0x415b20, .length = 2080, .pProperties = nullptr, .phProgram = 0x7ffe3d96a160 (0x22516a10)) -> UR_RESULT_SUCCESS;
   ---> urProgramBuildExp
[2026-10-08 05:42:25.519] [thread-id: 133525589187776] [trace] zeModuleCreate(hContext, hDevice, desc, phModule, phBuildLog)
[2026-10-08 05:42:25.525] [thread-id: 133525589187776] [trace] SUCCESS (ZE_RESULT_SUCCESS) in zeModuleCreate(hContext=0x224d5738, hDevice=0x224bef28, desc={stype=0x7ffe3d969de0, format=0x7ffe3d969df0, inputSize=2080, pInputModule=3, pBuildFlags=" -ze-opt-level=2", pConstants={numConstants=0, pConstantIds=nullptr, pConstantValues=nullptr}}, phModule=0x22529d18, phBuildLog=0x2254f818)
[2026-10-08 05:42:25.525] [thread-id: 133525589187776] [trace] zeModuleGetProperties(hModule, pModuleProperties)
[2026-10-08 05:42:25.525] [thread-id: 133525589187776] [trace] SUCCESS (ZE_RESULT_SUCCESS) in zeModuleGetProperties(hModule=0x22529d18, pModuleProperties={stype=0x7ffe3d969d50, flags=0})
   <--- urProgramBuildExp(.hProgram = 0x22516a10, .numDevices = 1, .phDevices = 0x2254ea50 {0x224d4040}, .flags = 0, .pOptions = 0x2254ea70 ( -ze-opt-level=2)) -> UR_RESULT_SUCCESS;
   ---> urProgramRetain
   <--- urProgramRetain(.hProgram = 0x22516a10) -> UR_RESULT_SUCCESS;
   ---> urKernelCreate
[2026-10-08 05:42:25.525] [thread-id: 133525589187776] [trace] zeKernelCreate(hModule, desc, phKernel)
[2026-10-08 05:42:25.525] [thread-id: 133525589187776] [trace] SUCCESS (ZE_RESULT_SUCCESS) in zeKernelCreate(hModule=0x22529d18, desc={stype=0x7ffe3d96a470, flags=0, pKernelName="_ZTSZ4mainEUlN4sycl3_V12idILi1EEEE_"}, phKernel=0x22566748)
[2026-10-08 05:42:25.525] [thread-id: 133525589187776] [trace] zeKernelGetName(hKernel, pSize, pName)
[2026-10-08 05:42:25.525] [thread-id: 133525589187776] [trace] SUCCESS (ZE_RESULT_SUCCESS) in zeKernelGetName(hKernel=0x22566748, pSize=36, pName=nullptr)
[2026-10-08 05:42:25.525] [thread-id: 133525589187776] [trace] zeKernelGetName(hKernel, pSize, pName)
[2026-10-08 05:42:25.525] [thread-id: 133525589187776] [trace] SUCCESS (ZE_RESULT_SUCCESS) in zeKernelGetName(hKernel=0x22566748, pSize=36, pName="_ZTSZ4mainEUlN4sycl3_V12idILi1EEEE_")
[2026-10-08 05:42:25.525] [thread-id: 133525589187776] [trace] zeKernelGetProperties(hKernel, pKernelProperties)
[2026-10-08 05:42:25.525] [thread-id: 133525589187776] [trace] SUCCESS (ZE_RESULT_SUCCESS) in zeKernelGetProperties(hKernel=0x22566748, pKernelProperties={stype=0x22547b48, numKernelArgs=1, requiredGroupSizeX=0, requiredGroupSizeY=0, requiredGroupSizeZ=0, requiredNumSubGroups=0, requiredSubgroupSize=0, maxSubgroupSize=32, maxNumSubgroups=32, localMemSize=0, privateMemSize=0, spillMemSize=0, uuid={kid=0, mid=0}})
   <--- urKernelCreate(.hProgram = 0x22516a10, .pKernelName = 0x4131d2 (_ZTSZ4mainEUlN4sycl3_V12idILi1EEEE_), .phKernel = 0x7ffe3d96a790 (0x22561d40)) -> UR_RESULT_SUCCESS;
   ---> urKernelSetExecInfo
[2026-10-08 05:42:25.525] [thread-id: 133525589187776] [trace] zeKernelSetIndirectAccess(hKernel, flags)
[2026-10-08 05:42:25.525] [thread-id: 133525589187776] [trace] SUCCESS (ZE_RESULT_SUCCESS) in zeKernelSetIndirectAccess(hKernel=0x22566748, flags=7)
   <--- urKernelSetExecInfo(.hKernel = 0x22561d40, .propName = UR_KERNEL_EXEC_INFO_USM_INDIRECT_ACCESS, .propSize = 1, .pProperties = nullptr, .pPropValue = 0x7ffe3d96a78f (true)) -> UR_RESULT_SUCCESS;
   ---> urKernelRetain
   <--- urKernelRetain(.hKernel = 0x22561d40) -> UR_RESULT_SUCCESS;
   ---> urKernelGetGroupInfo
   <--- urKernelGetGroupInfo(.hKernel = 0x22561d40, .hDevice = 0x224d4040, .propName = UR_KERNEL_GROUP_INFO_COMPILE_WORK_GROUP_SIZE, .propSize = 24, .pPropValue = {0, 0, 0}, .pPropSizeRet = nullptr) -> UR_RESULT_SUCCESS;
   ---> urEnqueueKernelLaunchWithArgsExp
[2026-10-08 05:42:25.526] [thread-id: 133525589187776] [trace] zeKernelSuggestGroupSize(hKernel, globalSizeX, globalSizeY, globalSizeZ, groupSizeX, groupSizeY, groupSizeZ)
[2026-10-08 05:42:25.526] [thread-id: 133525589187776] [trace] SUCCESS (ZE_RESULT_SUCCESS) in zeKernelSuggestGroupSize(hKernel=0x22566748, globalSizeX=16384, globalSizeY=1, globalSizeZ=1, groupSizeX=1024, groupSizeY=1, groupSizeZ=1)
[2026-10-08 05:42:25.526] [thread-id: 133525589187776] [trace] zeKernelSetGroupSize(hKernel, groupSizeX, groupSizeY, groupSizeZ)
[2026-10-08 05:42:25.526] [thread-id: 133525589187776] [trace] SUCCESS (ZE_RESULT_SUCCESS) in zeKernelSetGroupSize(hKernel=0x22566748, groupSizeX=1024, groupSizeY=1, groupSizeZ=1)
[2026-10-08 05:42:25.526] [thread-id: 133525589187776] [trace] zeCommandListAppendLaunchKernelWithArguments(hCommandList, hKernel, groupCounts, groupSizes, pArguments, pNext, hSignalEvent, numWaitEvents, phWaitEventsLocal)
[2026-10-08 05:42:25.527] [thread-id: 133525589187776] [trace] SUCCESS (ZE_RESULT_SUCCESS) in zeCommandListAppendLaunchKernelWithArguments(hCommandList=0x224dcd88, hKernel=0x22566748, groupCounts={groupCountX=16, groupCountY=1, groupCountZ=1}, groupSizes={groupSizeX=1024, groupSizeY=1, groupSizeZ=1}, pArguments=0x22566e90, pNext=nullptr, hSignalEvent=0x22525c18, numWaitEvents=0, phWaitEvents=nullptr)
   <--- urEnqueueKernelLaunchWithArgsExp(.hQueue = 0x224dc0a0, .hKernel = 0x22561d40, .workDim = 1, .pGlobalWorkOffset = nullptr, .pGlobalWorkSize = 0x7ffe3d96af50 (16384), .pLocalWorkSize = nullptr, .numArgs = 1, .pArgs = 0x225628d0 {(struct ur_exp_kernel_arg_properties_t){.stype = UR_STRUCTURE_TYPE_EXP_KERNEL_ARG_PROPERTIES, .pNext = nullptr, .type = UR_EXP_KERNEL_ARG_TYPE_POINTER, .index = 0, .size = 8, .value = (union ur_exp_kernel_arg_value_t){.pointer = 0xffffffffff600000}}}, .launchPropList = nullptr, .numEventsInWaitList = 0, .phEventWaitList = nullptr, .phEvent = 0x7ffe3d96a970 (0x22525600)) -> UR_RESULT_SUCCESS;
   ---> urEventWait
[2026-10-08 05:42:25.527] [thread-id: 133525589187776] [trace] zeEventHostSynchronize(hEvent, timeout)
[2026-10-08 05:42:25.527] [thread-id: 133525589187776] [trace] SUCCESS (ZE_RESULT_SUCCESS) in zeEventHostSynchronize(hEvent=0x22525c18, timeout=18446744073709551615)
   <--- urEventWait(.numEvents = 1, .phEventWaitList = 0x7ffe3d96b070 {0x22525600}) -> UR_RESULT_SUCCESS;
   ---> urEventRelease
   <--- urEventRelease(.hEvent = 0x22525600) -> UR_RESULT_SUCCESS;
   ---> urEnqueueUSMMemcpy
[2026-10-08 05:42:25.527] [thread-id: 133525589187776] [trace] zeCommandListAppendMemoryCopy(hCommandList, dstptr, srcptr, size, hSignalEvent, numWaitEvents, phWaitEventsLocal)
[2026-10-08 05:42:25.527] [thread-id: 133525589187776] [trace] SUCCESS (ZE_RESULT_SUCCESS) in zeCommandListAppendMemoryCopy(hCommandList=0x224dcd88, dstptr=0x224fd8b0, srcptr=0xffffffffff600000, size=65536, hSignalEvent=0x22525c18, numWaitEvents=0, phWaitEvents=nullptr)
   <--- urEnqueueUSMMemcpy(.hQueue = 0x224dc0a0, .blocking = 0, .pDst = 0x224fd8b0, .pSrc = 0xffffffffff600000, .size = 65536, .numEventsInWaitList = 0, .phEventWaitList = nullptr, .phEvent = 0x7ffe3d96b020 (0x22525600)) -> UR_RESULT_SUCCESS;
   ---> urEventWait
[2026-10-08 05:42:25.527] [thread-id: 133525589187776] [trace] zeEventHostSynchronize(hEvent, timeout)
[2026-10-08 05:42:25.527] [thread-id: 133525589187776] [trace] SUCCESS (ZE_RESULT_SUCCESS) in zeEventHostSynchronize(hEvent=0x22525c18, timeout=18446744073709551615)
   <--- urEventWait(.numEvents = 1, .phEventWaitList = 0x7ffe3d96b070 {0x22525600}) -> UR_RESULT_SUCCESS;
   ---> urEventRelease
   <--- urEventRelease(.hEvent = 0x22525600) -> UR_RESULT_SUCCESS;
   ---> urEnqueueUSMMemcpy
[2026-10-08 05:42:25.527] [thread-id: 133525589187776] [trace] zeCommandListAppendMemoryCopy(hCommandList, dstptr, srcptr, size, hSignalEvent, numWaitEvents, phWaitEventsLocal)
[2026-10-08 05:42:25.527] [thread-id: 133525589187776] [trace] SUCCESS (ZE_RESULT_SUCCESS) in zeCommandListAppendMemoryCopy(hCommandList=0x224dcd88, dstptr=0xffffffffff600000, srcptr=0x224ed8a0, size=65536, hSignalEvent=0x22525c18, numWaitEvents=0, phWaitEvents=nullptr)
   <--- urEnqueueUSMMemcpy(.hQueue = 0x224dc0a0, .blocking = 0, .pDst = 0xffffffffff600000, .pSrc = 0x224ed8a0, .size = 65536, .numEventsInWaitList = 0, .phEventWaitList = nullptr, .phEvent = 0x7ffe3d96b020 (0x22525600)) -> UR_RESULT_SUCCESS;
   ---> urEventWait
[2026-10-08 05:42:25.527] [thread-id: 133525589187776] [trace] zeEventHostSynchronize(hEvent, timeout)
[2026-10-08 05:42:25.527] [thread-id: 133525589187776] [trace] SUCCESS (ZE_RESULT_SUCCESS) in zeEventHostSynchronize(hEvent=0x22525c18, timeout=18446744073709551615)
   <--- urEventWait(.numEvents = 1, .phEventWaitList = 0x7ffe3d96b070 {0x22525600}) -> UR_RESULT_SUCCESS;
   ---> urEventRelease
   <--- urEventRelease(.hEvent = 0x22525600) -> UR_RESULT_SUCCESS;
   ---> urDeviceGetInfo
   <--- urDeviceGetInfo(.hDevice = 0x224d4040, .propName = UR_DEVICE_INFO_MAX_WORK_GROUPS_3D, .propSize = 24, .pPropValue = {4294967295, 4294967295, 4294967295}, .pPropSizeRet = nullptr) -> UR_RESULT_SUCCESS;
   ---> urKernelGetGroupInfo
   <--- urKernelGetGroupInfo(.hKernel = 0x22561d40, .hDevice = 0x224d4040, .propName = UR_KERNEL_GROUP_INFO_COMPILE_WORK_GROUP_SIZE, .propSize = 24, .pPropValue = {0, 0, 0}, .pPropSizeRet = nullptr) -> UR_RESULT_SUCCESS;
   ---> urEnqueueKernelLaunchWithArgsExp
[2026-10-08 05:42:25.527] [thread-id: 133525589187776] [trace] zeKernelSuggestGroupSize(hKernel, globalSizeX, globalSizeY, globalSizeZ, groupSizeX, groupSizeY, groupSizeZ)
[2026-10-08 05:42:25.527] [thread-id: 133525589187776] [trace] SUCCESS (ZE_RESULT_SUCCESS) in zeKernelSuggestGroupSize(hKernel=0x22566748, globalSizeX=16384, globalSizeY=1, globalSizeZ=1, groupSizeX=1024, groupSizeY=1, groupSizeZ=1)
[2026-10-08 05:42:25.527] [thread-id: 133525589187776] [trace] zeKernelSetGroupSize(hKernel, groupSizeX, groupSizeY, groupSizeZ)
[2026-10-08 05:42:25.527] [thread-id: 133525589187776] [trace] SUCCESS (ZE_RESULT_SUCCESS) in zeKernelSetGroupSize(hKernel=0x22566748, groupSizeX=1024, groupSizeY=1, groupSizeZ=1)
[2026-10-08 05:42:25.527] [thread-id: 133525589187776] [trace] zeCommandListAppendLaunchKernelWithArguments(hCommandList, hKernel, groupCounts, groupSizes, pArguments, pNext, hSignalEvent, numWaitEvents, phWaitEventsLocal)
[2026-10-08 05:42:25.527] [thread-id: 133525589187776] [trace] SUCCESS (ZE_RESULT_SUCCESS) in zeCommandListAppendLaunchKernelWithArguments(hCommandList=0x224dcd88, hKernel=0x22566748, groupCounts={groupCountX=16, groupCountY=1, groupCountZ=1}, groupSizes={groupSizeX=1024, groupSizeY=1, groupSizeZ=1}, pArguments=0x22566e90, pNext=nullptr, hSignalEvent=0x22525c18, numWaitEvents=0, phWaitEvents=nullptr)
   <--- urEnqueueKernelLaunchWithArgsExp(.hQueue = 0x224dc0a0, .hKernel = 0x22561d40, .workDim = 1, .pGlobalWorkOffset = nullptr, .pGlobalWorkSize = 0x7ffe3d96af50 (16384), .pLocalWorkSize = nullptr, .numArgs = 1, .pArgs = 0x225628d0 {(struct ur_exp_kernel_arg_properties_t){.stype = UR_STRUCTURE_TYPE_EXP_KERNEL_ARG_PROPERTIES, .pNext = nullptr, .type = UR_EXP_KERNEL_ARG_TYPE_POINTER, .index = 0, .size = 8, .value = (union ur_exp_kernel_arg_value_t){.pointer = 0xffffffffff600000}}}, .launchPropList = nullptr, .numEventsInWaitList = 0, .phEventWaitList = nullptr, .phEvent = 0x7ffe3d96a970 (0x22525600)) -> UR_RESULT_SUCCESS;
   ---> urEventWait
[2026-10-08 05:42:25.527] [thread-id: 133525589187776] [trace] zeEventHostSynchronize(hEvent, timeout)
[2026-10-08 05:42:25.527] [thread-id: 133525589187776] [trace] SUCCESS (ZE_RESULT_SUCCESS) in zeEventHostSynchronize(hEvent=0x22525c18, timeout=18446744073709551615)
   <--- urEventWait(.numEvents = 1, .phEventWaitList = 0x7ffe3d96b070 {0x22525600}) -> UR_RESULT_SUCCESS;
   ---> urEventRelease
   <--- urEventRelease(.hEvent = 0x22525600) -> UR_RESULT_SUCCESS;
   ---> urEnqueueUSMMemcpy
[2026-10-08 05:42:25.527] [thread-id: 133525589187776] [trace] zeCommandListAppendMemoryCopy(hCommandList, dstptr, srcptr, size, hSignalEvent, numWaitEvents, phWaitEventsLocal)
[2026-10-08 05:42:25.528] [thread-id: 133525589187776] [trace] SUCCESS (ZE_RESULT_SUCCESS) in zeCommandListAppendMemoryCopy(hCommandList=0x224dcd88, dstptr=0x224fd8b0, srcptr=0xffffffffff600000, size=65536, hSignalEvent=0x22525c18, numWaitEvents=0, phWaitEvents=nullptr)
   <--- urEnqueueUSMMemcpy(.hQueue = 0x224dc0a0, .blocking = 0, .pDst = 0x224fd8b0, .pSrc = 0xffffffffff600000, .size = 65536, .numEventsInWaitList = 0, .phEventWaitList = nullptr, .phEvent = 0x7ffe3d96b020 (0x22525600)) -> UR_RESULT_SUCCESS;
   ---> urEventWait
[2026-10-08 05:42:25.528] [thread-id: 133525589187776] [trace] zeEventHostSynchronize(hEvent, timeout)
[2026-10-08 05:42:25.528] [thread-id: 133525589187776] [trace] SUCCESS (ZE_RESULT_SUCCESS) in zeEventHostSynchronize(hEvent=0x22525c18, timeout=18446744073709551615)
   <--- urEventWait(.numEvents = 1, .phEventWaitList = 0x7ffe3d96b070 {0x22525600}) -> UR_RESULT_SUCCESS;
   ---> urEventRelease
   <--- urEventRelease(.hEvent = 0x22525600) -> UR_RESULT_SUCCESS;
   ---> urEnqueueUSMMemcpy
[2026-10-08 05:42:25.528] [thread-id: 133525589187776] [trace] zeCommandListAppendMemoryCopy(hCommandList, dstptr, srcptr, size, hSignalEvent, numWaitEvents, phWaitEventsLocal)
[2026-10-08 05:42:25.528] [thread-id: 133525589187776] [trace] SUCCESS (ZE_RESULT_SUCCESS) in zeCommandListAppendMemoryCopy(hCommandList=0x224dcd88, dstptr=0xffffffffff600000, srcptr=0x224ed8a0, size=65536, hSignalEvent=0x22525c18, numWaitEvents=0, phWaitEvents=nullptr)
   <--- urEnqueueUSMMemcpy(.hQueue = 0x224dc0a0, .blocking = 0, .pDst = 0xffffffffff600000, .pSrc = 0x224ed8a0, .size = 65536, .numEventsInWaitList = 0, .phEventWaitList = nullptr, .phEvent = 0x7ffe3d96b020 (0x22525600)) -> UR_RESULT_SUCCESS;
   ---> urEventWait
[2026-10-08 05:42:25.528] [thread-id: 133525589187776] [trace] zeEventHostSynchronize(hEvent, timeout)
[2026-10-08 05:42:25.528] [thread-id: 133525589187776] [trace] SUCCESS (ZE_RESULT_SUCCESS) in zeEventHostSynchronize(hEvent=0x22525c18, timeout=18446744073709551615)
   <--- urEventWait(.numEvents = 1, .phEventWaitList = 0x7ffe3d96b070 {0x22525600}) -> UR_RESULT_SUCCESS;
   ---> urEventRelease
   <--- urEventRelease(.hEvent = 0x22525600) -> UR_RESULT_SUCCESS;
   ---> urDeviceGetInfo
   <--- urDeviceGetInfo(.hDevice = 0x224d4040, .propName = UR_DEVICE_INFO_MAX_WORK_GROUPS_3D, .propSize = 24, .pPropValue = {4294967295, 4294967295, 4294967295}, .pPropSizeRet = nullptr) -> UR_RESULT_SUCCESS;
   ---> urKernelGetGroupInfo
   <--- urKernelGetGroupInfo(.hKernel = 0x22561d40, .hDevice = 0x224d4040, .propName = UR_KERNEL_GROUP_INFO_COMPILE_WORK_GROUP_SIZE, .propSize = 24, .pPropValue = {0, 0, 0}, .pPropSizeRet = nullptr) -> UR_RESULT_SUCCESS;
   ---> urEnqueueKernelLaunchWithArgsExp
[2026-10-08 05:42:25.528] [thread-id: 133525589187776] [trace] zeKernelSuggestGroupSize(hKernel, globalSizeX, globalSizeY, globalSizeZ, groupSizeX, groupSizeY, groupSizeZ)
[2026-10-08 05:42:25.528] [thread-id: 133525589187776] [trace] SUCCESS (ZE_RESULT_SUCCESS) in zeKernelSuggestGroupSize(hKernel=0x22566748, globalSizeX=16384, globalSizeY=1, globalSizeZ=1, groupSizeX=1024, groupSizeY=1, groupSizeZ=1)
[2026-10-08 05:42:25.528] [thread-id: 133525589187776] [trace] zeKernelSetGroupSize(hKernel, groupSizeX, groupSizeY, groupSizeZ)
[2026-10-08 05:42:25.528] [thread-id: 133525589187776] [trace] SUCCESS (ZE_RESULT_SUCCESS) in zeKernelSetGroupSize(hKernel=0x22566748, groupSizeX=1024, groupSizeY=1, groupSizeZ=1)
[2026-10-08 05:42:25.528] [thread-id: 133525589187776] [trace] zeCommandListAppendLaunchKernelWithArguments(hCommandList, hKernel, groupCounts, groupSizes, pArguments, pNext, hSignalEvent, numWaitEvents, phWaitEventsLocal)
[2026-10-08 05:42:25.528] [thread-id: 133525589187776] [trace] SUCCESS (ZE_RESULT_SUCCESS) in zeCommandListAppendLaunchKernelWithArguments(hCommandList=0x224dcd88, hKernel=0x22566748, groupCounts={groupCountX=16, groupCountY=1, groupCountZ=1}, groupSizes={groupSizeX=1024, groupSizeY=1, groupSizeZ=1}, pArguments=0x22566e90, pNext=nullptr, hSignalEvent=0x22525c18, numWaitEvents=0, phWaitEvents=nullptr)
   <--- urEnqueueKernelLaunchWithArgsExp(.hQueue = 0x224dc0a0, .hKernel = 0x22561d40, .workDim = 1, .pGlobalWorkOffset = nullptr, .pGlobalWorkSize = 0x7ffe3d96af50 (16384), .pLocalWorkSize = nullptr, .numArgs = 1, .pArgs = 0x225628d0 {(struct ur_exp_kernel_arg_properties_t){.stype = UR_STRUCTURE_TYPE_EXP_KERNEL_ARG_PROPERTIES, .pNext = nullptr, .type = UR_EXP_KERNEL_ARG_TYPE_POINTER, .index = 0, .size = 8, .value = (union ur_exp_kernel_arg_value_t){.pointer = 0xffffffffff600000}}}, .launchPropList = nullptr, .numEventsInWaitList = 0, .phEventWaitList = nullptr, .phEvent = 0x7ffe3d96a970 (0x22525600)) -> UR_RESULT_SUCCESS;
   ---> urEventWait
[2026-10-08 05:42:25.528] [thread-id: 133525589187776] [trace] zeEventHostSynchronize(hEvent, timeout)
[2026-10-08 05:42:25.528] [thread-id: 133525589187776] [trace] SUCCESS (ZE_RESULT_SUCCESS) in zeEventHostSynchronize(hEvent=0x22525c18, timeout=18446744073709551615)
   <--- urEventWait(.numEvents = 1, .phEventWaitList = 0x7ffe3d96b070 {0x22525600}) -> UR_RESULT_SUCCESS;
   ---> urEventRelease
   <--- urEventRelease(.hEvent = 0x22525600) -> UR_RESULT_SUCCESS;
   ---> urEnqueueUSMMemcpy
[2026-10-08 05:42:25.528] [thread-id: 133525589187776] [trace] zeCommandListAppendMemoryCopy(hCommandList, dstptr, srcptr, size, hSignalEvent, numWaitEvents, phWaitEventsLocal)
[2026-10-08 05:42:25.528] [thread-id: 133525589187776] [trace] SUCCESS (ZE_RESULT_SUCCESS) in zeCommandListAppendMemoryCopy(hCommandList=0x224dcd88, dstptr=0x224fd8b0, srcptr=0xffffffffff600000, size=65536, hSignalEvent=0x22525c18, numWaitEvents=0, phWaitEvents=nullptr)
   <--- urEnqueueUSMMemcpy(.hQueue = 0x224dc0a0, .blocking = 0, .pDst = 0x224fd8b0, .pSrc = 0xffffffffff600000, .size = 65536, .numEventsInWaitList = 0, .phEventWaitList = nullptr, .phEvent = 0x7ffe3d96b020 (0x22525600)) -> UR_RESULT_SUCCESS;
   ---> urEventWait
[2026-10-08 05:42:25.528] [thread-id: 133525589187776] [trace] zeEventHostSynchronize(hEvent, timeout)
[2026-10-08 05:42:25.528] [thread-id: 133525589187776] [trace] SUCCESS (ZE_RESULT_SUCCESS) in zeEventHostSynchronize(hEvent=0x22525c18, timeout=18446744073709551615)
   <--- urEventWait(.numEvents = 1, .phEventWaitList = 0x7ffe3d96b070 {0x22525600}) -> UR_RESULT_SUCCESS;
   ---> urEventRelease
   <--- urEventRelease(.hEvent = 0x22525600) -> UR_RESULT_SUCCESS;
   ---> urQueueFinish
[2026-10-08 05:42:25.528] [thread-id: 133525589187776] [trace] zeCommandListHostSynchronize(hCommandList, timeout)
[2026-10-08 05:42:25.528] [thread-id: 133525589187776] [trace] SUCCESS (ZE_RESULT_SUCCESS) in zeCommandListHostSynchronize(hCommandList=0x224dcd88, timeout=18446744073709551615)
   <--- urQueueFinish(.hQueue = 0x224dc0a0) -> UR_RESULT_SUCCESS;
   ---> urUSMFree
   <--- urUSMFree(.hContext = 0x224d8b90, .pMem = 0xffffffffff600000) -> UR_RESULT_SUCCESS;
   ---> urQueueRelease
[2026-10-08 05:42:25.528] [thread-id: 133525589187776] [trace] zeCommandListHostSynchronize(hCommandList, timeout)
[2026-10-08 05:42:25.528] [thread-id: 133525589187776] [trace] SUCCESS (ZE_RESULT_SUCCESS) in zeCommandListHostSynchronize(hCommandList=0x224dcd88, timeout=18446744073709551615)
   <--- urQueueRelease(.hQueue = 0x224dc0a0) -> UR_RESULT_SUCCESS;
   ---> urProgramRelease
   <--- urProgramRelease(.hProgram = 0x22516a10) -> UR_RESULT_SUCCESS;
   ---> urKernelRelease
   <--- urKernelRelease(.hKernel = 0x22561d40) -> UR_RESULT_SUCCESS;
   ---> urProgramRelease
   <--- urProgramRelease(.hProgram = 0x22516a10) -> UR_RESULT_SUCCESS;
   ---> urKernelRelease
[2026-10-08 05:42:25.529] [thread-id: 133525589187776] [trace] zeKernelDestroy(hKernel)
[2026-10-08 05:42:25.529] [thread-id: 133525589187776] [trace] SUCCESS (ZE_RESULT_SUCCESS) in zeKernelDestroy(hKernel=0x22566748)
[2026-10-08 05:42:25.529] [thread-id: 133525589187776] [trace] zeModuleBuildLogDestroy(hModuleBuildLog)
[2026-10-08 05:42:25.529] [thread-id: 133525589187776] [trace] SUCCESS (ZE_RESULT_SUCCESS) in zeModuleBuildLogDestroy(hModuleBuildLog=0x2254f818)
[2026-10-08 05:42:25.529] [thread-id: 133525589187776] [trace] zeModuleDestroy(hModule)
[2026-10-08 05:42:25.529] [thread-id: 133525589187776] [trace] SUCCESS (ZE_RESULT_SUCCESS) in zeModuleDestroy(hModule=0x22529d18)
   <--- urKernelRelease(.hKernel = 0x22561d40) -> UR_RESULT_SUCCESS;
   ---> urContextRelease
[2026-10-08 05:42:25.529] [thread-id: 133525589187776] [trace] zeMemFreeExt(hContext, pMemFreeDesc, ptr)
[2026-10-08 05:42:25.529] [thread-id: 133525589187776] [trace] SUCCESS (ZE_RESULT_SUCCESS) in zeMemFreeExt(hContext=0x224d5738, pMemFreeDesc={stype=0x7ffe3d96adb0, freePolicy=1}, ptr=0xffffffffff600000)
[2026-10-08 05:42:25.529] [thread-id: 133525589187776] [trace] zeEventDestroy(hEvent)
[2026-10-08 05:42:25.529] [thread-id: 133525589187776] [trace] SUCCESS (ZE_RESULT_SUCCESS) in zeEventDestroy(hEvent=0x2250e528)
[2026-10-08 05:42:25.529] [thread-id: 133525589187776] [trace] zeEventDestroy(hEvent)
[2026-10-08 05:42:25.529] [thread-id: 133525589187776] [trace] SUCCESS (ZE_RESULT_SUCCESS) in zeEventDestroy(hEvent=0x2250ea68)
[2026-10-08 05:42:25.529] [thread-id: 133525589187776] [trace] zeEventDestroy(hEvent)
[2026-10-08 05:42:25.529] [thread-id: 133525589187776] [trace] SUCCESS (ZE_RESULT_SUCCESS) in zeEventDestroy(hEvent=0x2250f168)
[2026-10-08 05:42:25.529] [thread-id: 133525589187776] [trace] zeEventDestroy(hEvent)
[2026-10-08 05:42:25.529] [thread-id: 133525589187776] [trace] SUCCESS (ZE_RESULT_SUCCESS) in zeEventDestroy(hEvent=0x2250f6c8)
[2026-10-08 05:42:25.529] [thread-id: 133525589187776] [trace] zeEventDestroy(hEvent)
[2026-10-08 05:42:25.529] [thread-id: 133525589187776] [trace] SUCCESS (ZE_RESULT_SUCCESS) in zeEventDestroy(hEvent=0x2250fdc8)
[2026-10-08 05:42:25.529] [thread-id: 133525589187776] [trace] zeEventDestroy(hEvent)
[2026-10-08 05:42:25.529] [thread-id: 133525589187776] [trace] SUCCESS (ZE_RESULT_SUCCESS) in zeEventDestroy(hEvent=0x225102d8)
[2026-10-08 05:42:25.529] [thread-id: 133525589187776] [trace] zeEventDestroy(hEvent)
[2026-10-08 05:42:25.529] [thread-id: 133525589187776] [trace] SUCCESS (ZE_RESULT_SUCCESS) in zeEventDestroy(hEvent=0x225109d8)
[2026-10-08 05:42:25.529] [thread-id: 133525589187776] [trace] zeEventDestroy(hEvent)
[2026-10-08 05:42:25.529] [thread-id: 133525589187776] [trace] SUCCESS (ZE_RESULT_SUCCESS) in zeEventDestroy(hEvent=0x22510ee8)
[2026-10-08 05:42:25.529] [thread-id: 133525589187776] [trace] zeEventDestroy(hEvent)
[2026-10-08 05:42:25.529] [thread-id: 133525589187776] [trace] SUCCESS (ZE_RESULT_SUCCESS) in zeEventDestroy(hEvent=0x225115e8)
[2026-10-08 05:42:25.529] [thread-id: 133525589187776] [trace] zeEventDestroy(hEvent)
[2026-10-08 05:42:25.529] [thread-id: 133525589187776] [trace] SUCCESS (ZE_RESULT_SUCCESS) in zeEventDestroy(hEvent=0x22511b98)
[2026-10-08 05:42:25.529] [thread-id: 133525589187776] [trace] zeEventDestroy(hEvent)
[2026-10-08 05:42:25.529] [thread-id: 133525589187776] [trace] SUCCESS (ZE_RESULT_SUCCESS) in zeEventDestroy(hEvent=0x22512298)
[2026-10-08 05:42:25.529] [thread-id: 133525589187776] [trace] zeEventDestroy(hEvent)
[2026-10-08 05:42:25.529] [thread-id: 133525589187776] [trace] SUCCESS (ZE_RESULT_SUCCESS) in zeEventDestroy(hEvent=0x225127a8)
[2026-10-08 05:42:25.529] [thread-id: 133525589187776] [trace] zeEventDestroy(hEvent)
[2026-10-08 05:42:25.529] [thread-id: 133525589187776] [trace] SUCCESS (ZE_RESULT_SUCCESS) in zeEventDestroy(hEvent=0x22512ea8)
[2026-10-08 05:42:25.529] [thread-id: 133525589187776] [trace] zeEventDestroy(hEvent)
[2026-10-08 05:42:25.530] [thread-id: 133525589187776] [trace] SUCCESS (ZE_RESULT_SUCCESS) in zeEventDestroy(hEvent=0x225133b8)
[2026-10-08 05:42:25.530] [thread-id: 133525589187776] [trace] zeEventDestroy(hEvent)
[2026-10-08 05:42:25.530] [thread-id: 133525589187776] [trace] SUCCESS (ZE_RESULT_SUCCESS) in zeEventDestroy(hEvent=0x22513ab8)
[2026-10-08 05:42:25.530] [thread-id: 133525589187776] [trace] zeEventDestroy(hEvent)
[2026-10-08 05:42:25.530] [thread-id: 133525589187776] [trace] SUCCESS (ZE_RESULT_SUCCESS) in zeEventDestroy(hEvent=0x225140d8)
[2026-10-08 05:42:25.530] [thread-id: 133525589187776] [trace] zeEventDestroy(hEvent)
[2026-10-08 05:42:25.530] [thread-id: 133525589187776] [trace] SUCCESS (ZE_RESULT_SUCCESS) in zeEventDestroy(hEvent=0x225147d8)
[2026-10-08 05:42:25.530] [thread-id: 133525589187776] [trace] zeEventDestroy(hEvent)
[2026-10-08 05:42:25.530] [thread-id: 133525589187776] [trace] SUCCESS (ZE_RESULT_SUCCESS) in zeEventDestroy(hEvent=0x22514ce8)
[2026-10-08 05:42:25.530] [thread-id: 133525589187776] [trace] zeEventDestroy(hEvent)
[2026-10-08 05:42:25.530] [thread-id: 133525589187776] [trace] SUCCESS (ZE_RESULT_SUCCESS) in zeEventDestroy(hEvent=0x225153e8)
[2026-10-08 05:42:25.530] [thread-id: 133525589187776] [trace] zeEventDestroy(hEvent)
[2026-10-08 05:42:25.530] [thread-id: 133525589187776] [trace] SUCCESS (ZE_RESULT_SUCCESS) in zeEventDestroy(hEvent=0x225158f8)
[2026-10-08 05:42:25.530] [thread-id: 133525589187776] [trace] zeEventDestroy(hEvent)
[2026-10-08 05:42:25.530] [thread-id: 133525589187776] [trace] SUCCESS (ZE_RESULT_SUCCESS) in zeEventDestroy(hEvent=0x22515ff8)
[2026-10-08 05:42:25.530] [thread-id: 133525589187776] [trace] zeEventDestroy(hEvent)
[2026-10-08 05:42:25.530] [thread-id: 133525589187776] [trace] SUCCESS (ZE_RESULT_SUCCESS) in zeEventDestroy(hEvent=0x22516508)
[2026-10-08 05:42:25.530] [thread-id: 133525589187776] [trace] zeEventDestroy(hEvent)
[2026-10-08 05:42:25.530] [thread-id: 133525589187776] [trace] SUCCESS (ZE_RESULT_SUCCESS) in zeEventDestroy(hEvent=0x22516d48)
[2026-10-08 05:42:25.530] [thread-id: 133525589187776] [trace] zeEventDestroy(hEvent)
[2026-10-08 05:42:25.530] [thread-id: 133525589187776] [trace] SUCCESS (ZE_RESULT_SUCCESS) in zeEventDestroy(hEvent=0x22517258)
[2026-10-08 05:42:25.530] [thread-id: 133525589187776] [trace] zeEventDestroy(hEvent)
[2026-10-08 05:42:25.530] [thread-id: 133525589187776] [trace] SUCCESS (ZE_RESULT_SUCCESS) in zeEventDestroy(hEvent=0x22517958)
[2026-10-08 05:42:25.530] [thread-id: 133525589187776] [trace] zeEventDestroy(hEvent)
[2026-10-08 05:42:25.530] [thread-id: 133525589187776] [trace] SUCCESS (ZE_RESULT_SUCCESS) in zeEventDestroy(hEvent=0x22517e68)
[2026-10-08 05:42:25.530] [thread-id: 133525589187776] [trace] zeEventDestroy(hEvent)
[2026-10-08 05:42:25.530] [thread-id: 133525589187776] [trace] SUCCESS (ZE_RESULT_SUCCESS) in zeEventDestroy(hEvent=0x22518568)
[2026-10-08 05:42:25.530] [thread-id: 133525589187776] [trace] zeEventDestroy(hEvent)
[2026-10-08 05:42:25.530] [thread-id: 133525589187776] [trace] SUCCESS (ZE_RESULT_SUCCESS) in zeEventDestroy(hEvent=0x22518a78)
[2026-10-08 05:42:25.530] [thread-id: 133525589187776] [trace] zeEventDestroy(hEvent)
[2026-10-08 05:42:25.530] [thread-id: 133525589187776] [trace] SUCCESS (ZE_RESULT_SUCCESS) in zeEventDestroy(hEvent=0x22519178)
[2026-10-08 05:42:25.530] [thread-id: 133525589187776] [trace] zeEventDestroy(hEvent)
[2026-10-08 05:42:25.530] [thread-id: 133525589187776] [trace] SUCCESS (ZE_RESULT_SUCCESS) in zeEventDestroy(hEvent=0x22519688)
[2026-10-08 05:42:25.530] [thread-id: 133525589187776] [trace] zeEventDestroy(hEvent)
[2026-10-08 05:42:25.530] [thread-id: 133525589187776] [trace] SUCCESS (ZE_RESULT_SUCCESS) in zeEventDestroy(hEvent=0x22519d88)
[2026-10-08 05:42:25.530] [thread-id: 133525589187776] [trace] zeEventDestroy(hEvent)
[2026-10-08 05:42:25.530] [thread-id: 133525589187776] [trace] SUCCESS (ZE_RESULT_SUCCESS) in zeEventDestroy(hEvent=0x2251a4a8)
[2026-10-08 05:42:25.530] [thread-id: 133525589187776] [trace] zeEventDestroy(hEvent)
[2026-10-08 05:42:25.530] [thread-id: 133525589187776] [trace] SUCCESS (ZE_RESULT_SUCCESS) in zeEventDestroy(hEvent=0x2251aba8)
[2026-10-08 05:42:25.530] [thread-id: 133525589187776] [trace] zeEventDestroy(hEvent)
[2026-10-08 05:42:25.530] [thread-id: 133525589187776] [trace] SUCCESS (ZE_RESULT_SUCCESS) in zeEventDestroy(hEvent=0x2251b0b8)
[2026-10-08 05:42:25.530] [thread-id: 133525589187776] [trace] zeEventDestroy(hEvent)
[2026-10-08 05:42:25.530] [thread-id: 133525589187776] [trace] SUCCESS (ZE_RESULT_SUCCESS) in zeEventDestroy(hEvent=0x2251b7b8)
[2026-10-08 05:42:25.530] [thread-id: 133525589187776] [trace] zeEventDestroy(hEvent)
[2026-10-08 05:42:25.530] [thread-id: 133525589187776] [trace] SUCCESS (ZE_RESULT_SUCCESS) in zeEventDestroy(hEvent=0x2251bcc8)
[2026-10-08 05:42:25.530] [thread-id: 133525589187776] [trace] zeEventDestroy(hEvent)
[2026-10-08 05:42:25.530] [thread-id: 133525589187776] [trace] SUCCESS (ZE_RESULT_SUCCESS) in zeEventDestroy(hEvent=0x2251c3c8)
[2026-10-08 05:42:25.530] [thread-id: 133525589187776] [trace] zeEventDestroy(hEvent)
[2026-10-08 05:42:25.530] [thread-id: 133525589187776] [trace] SUCCESS (ZE_RESULT_SUCCESS) in zeEventDestroy(hEvent=0x2251c8d8)
[2026-10-08 05:42:25.530] [thread-id: 133525589187776] [trace] zeEventDestroy(hEvent)
[2026-10-08 05:42:25.530] [thread-id: 133525589187776] [trace] SUCCESS (ZE_RESULT_SUCCESS) in zeEventDestroy(hEvent=0x2251cfd8)
[2026-10-08 05:42:25.530] [thread-id: 133525589187776] [trace] zeEventDestroy(hEvent)
[2026-10-08 05:42:25.530] [thread-id: 133525589187776] [trace] SUCCESS (ZE_RESULT_SUCCESS) in zeEventDestroy(hEvent=0x2251d4e8)
[2026-10-08 05:42:25.530] [thread-id: 133525589187776] [trace] zeEventDestroy(hEvent)
[2026-10-08 05:42:25.530] [thread-id: 133525589187776] [trace] SUCCESS (ZE_RESULT_SUCCESS) in zeEventDestroy(hEvent=0x2251dbe8)
[2026-10-08 05:42:25.530] [thread-id: 133525589187776] [trace] zeEventDestroy(hEvent)
[2026-10-08 05:42:25.530] [thread-id: 133525589187776] [trace] SUCCESS (ZE_RESULT_SUCCESS) in zeEventDestroy(hEvent=0x2251e0f8)
[2026-10-08 05:42:25.530] [thread-id: 133525589187776] [trace] zeEventDestroy(hEvent)
[2026-10-08 05:42:25.530] [thread-id: 133525589187776] [trace] SUCCESS (ZE_RESULT_SUCCESS) in zeEventDestroy(hEvent=0x2251e7f8)
[2026-10-08 05:42:25.530] [thread-id: 133525589187776] [trace] zeEventDestroy(hEvent)
[2026-10-08 05:42:25.530] [thread-id: 133525589187776] [trace] SUCCESS (ZE_RESULT_SUCCESS) in zeEventDestroy(hEvent=0x2251ed08)
[2026-10-08 05:42:25.530] [thread-id: 133525589187776] [trace] zeEventDestroy(hEvent)
[2026-10-08 05:42:25.530] [thread-id: 133525589187776] [trace] SUCCESS (ZE_RESULT_SUCCESS) in zeEventDestroy(hEvent=0x2251f408)
[2026-10-08 05:42:25.530] [thread-id: 133525589187776] [trace] zeEventDestroy(hEvent)
[2026-10-08 05:42:25.530] [thread-id: 133525589187776] [trace] SUCCESS (ZE_RESULT_SUCCESS) in zeEventDestroy(hEvent=0x2251f918)
[2026-10-08 05:42:25.530] [thread-id: 133525589187776] [trace] zeEventDestroy(hEvent)
[2026-10-08 05:42:25.530] [thread-id: 133525589187776] [trace] SUCCESS (ZE_RESULT_SUCCESS) in zeEventDestroy(hEvent=0x22520018)
[2026-10-08 05:42:25.530] [thread-id: 133525589187776] [trace] zeEventDestroy(hEvent)
[2026-10-08 05:42:25.530] [thread-id: 133525589187776] [trace] SUCCESS (ZE_RESULT_SUCCESS) in zeEventDestroy(hEvent=0x22520528)
[2026-10-08 05:42:25.530] [thread-id: 133525589187776] [trace] zeEventDestroy(hEvent)
[2026-10-08 05:42:25.530] [thread-id: 133525589187776] [trace] SUCCESS (ZE_RESULT_SUCCESS) in zeEventDestroy(hEvent=0x22520c28)
[2026-10-08 05:42:25.530] [thread-id: 133525589187776] [trace] zeEventDestroy(hEvent)
[2026-10-08 05:42:25.530] [thread-id: 133525589187776] [trace] SUCCESS (ZE_RESULT_SUCCESS) in zeEventDestroy(hEvent=0x22521138)
[2026-10-08 05:42:25.530] [thread-id: 133525589187776] [trace] zeEventDestroy(hEvent)
[2026-10-08 05:42:25.530] [thread-id: 133525589187776] [trace] SUCCESS (ZE_RESULT_SUCCESS) in zeEventDestroy(hEvent=0x22521ab8)
[2026-10-08 05:42:25.531] [thread-id: 133525589187776] [trace] zeEventDestroy(hEvent)
[2026-10-08 05:42:25.531] [thread-id: 133525589187776] [trace] SUCCESS (ZE_RESULT_SUCCESS) in zeEventDestroy(hEvent=0x22521fc8)
[2026-10-08 05:42:25.531] [thread-id: 133525589187776] [trace] zeEventDestroy(hEvent)
[2026-10-08 05:42:25.531] [thread-id: 133525589187776] [trace] SUCCESS (ZE_RESULT_SUCCESS) in zeEventDestroy(hEvent=0x225226c8)
[2026-10-08 05:42:25.531] [thread-id: 133525589187776] [trace] zeEventDestroy(hEvent)
[2026-10-08 05:42:25.531] [thread-id: 133525589187776] [trace] SUCCESS (ZE_RESULT_SUCCESS) in zeEventDestroy(hEvent=0x22522bd8)
[2026-10-08 05:42:25.531] [thread-id: 133525589187776] [trace] zeEventDestroy(hEvent)
[2026-10-08 05:42:25.531] [thread-id: 133525589187776] [trace] SUCCESS (ZE_RESULT_SUCCESS) in zeEventDestroy(hEvent=0x225232d8)
[2026-10-08 05:42:25.531] [thread-id: 133525589187776] [trace] zeEventDestroy(hEvent)
[2026-10-08 05:42:25.531] [thread-id: 133525589187776] [trace] SUCCESS (ZE_RESULT_SUCCESS) in zeEventDestroy(hEvent=0x225237e8)
[2026-10-08 05:42:25.531] [thread-id: 133525589187776] [trace] zeEventDestroy(hEvent)
[2026-10-08 05:42:25.531] [thread-id: 133525589187776] [trace] SUCCESS (ZE_RESULT_SUCCESS) in zeEventDestroy(hEvent=0x22523ee8)
[2026-10-08 05:42:25.531] [thread-id: 133525589187776] [trace] zeEventDestroy(hEvent)
[2026-10-08 05:42:25.531] [thread-id: 133525589187776] [trace] SUCCESS (ZE_RESULT_SUCCESS) in zeEventDestroy(hEvent=0x225243f8)
[2026-10-08 05:42:25.531] [thread-id: 133525589187776] [trace] zeEventDestroy(hEvent)
[2026-10-08 05:42:25.531] [thread-id: 133525589187776] [trace] SUCCESS (ZE_RESULT_SUCCESS) in zeEventDestroy(hEvent=0x22524af8)
[2026-10-08 05:42:25.531] [thread-id: 133525589187776] [trace] zeEventDestroy(hEvent)
[2026-10-08 05:42:25.531] [thread-id: 133525589187776] [trace] SUCCESS (ZE_RESULT_SUCCESS) in zeEventDestroy(hEvent=0x22525008)
[2026-10-08 05:42:25.531] [thread-id: 133525589187776] [trace] zeEventDestroy(hEvent)
[2026-10-08 05:42:25.531] [thread-id: 133525589187776] [trace] SUCCESS (ZE_RESULT_SUCCESS) in zeEventDestroy(hEvent=0x22525708)
[2026-10-08 05:42:25.531] [thread-id: 133525589187776] [trace] zeEventDestroy(hEvent)
[2026-10-08 05:42:25.531] [thread-id: 133525589187776] [trace] SUCCESS (ZE_RESULT_SUCCESS) in zeEventDestroy(hEvent=0x22525c18)
[2026-10-08 05:42:25.531] [thread-id: 133525589187776] [trace] zeEventDestroy(hEvent)
[2026-10-08 05:42:25.531] [thread-id: 133525589187776] [trace] SUCCESS (ZE_RESULT_SUCCESS) in zeEventDestroy(hEvent=0x2250da68)
[2026-10-08 05:42:25.531] [thread-id: 133525589187776] [trace] zeEventDestroy(hEvent)
[2026-10-08 05:42:25.531] [thread-id: 133525589187776] [trace] SUCCESS (ZE_RESULT_SUCCESS) in zeEventDestroy(hEvent=0x2250de08)
[2026-10-08 05:42:25.531] [thread-id: 133525589187776] [trace] zeCommandListDestroy(hCommandList)
[2026-10-08 05:42:25.531] [thread-id: 133525589187776] [trace] SUCCESS (ZE_RESULT_SUCCESS) in zeCommandListDestroy(hCommandList=0x224dcd88)
[2026-10-08 05:42:25.531] [thread-id: 133525589187776] [trace] zeContextDestroy(hContext)
[2026-10-08 05:42:25.531] [thread-id: 133525589187776] [trace] SUCCESS (ZE_RESULT_SUCCESS) in zeContextDestroy(hContext=0x224d5738)
   <--- urContextRelease(.hContext = 0x224d8b90) -> UR_RESULT_SUCCESS;
   ---> urDeviceRelease
   <--- urDeviceRelease(.hDevice = 0x224d4040) -> UR_RESULT_SUCCESS;
   ---> urAdapterRelease
   <--- urAdapterRelease(.hAdapter = 0x222d8700) -> UR_RESULT_SUCCESS;
