=thread-group-added,id="i1"
(gdb) 
1^done
(gdb) 
2^done
(gdb) 
3^done
(gdb) 
4^done
(gdb) 
5^done
(gdb) 
6^done
(gdb) 
7^done
(gdb) 
8^done
(gdb) 
9^done
(gdb) 
10^done
(gdb) 
=thread-group-started,id="i1",pid="1931318"
=thread-created,id="1",group-id="i1"
=library-loaded,id="/lib64/ld-linux-x86-64.so.2",target-name="/lib64/ld-linux-x86-64.so.2",host-name="/lib64/ld-linux-x86-64.so.2",symbols-loaded="0",thread-group="i1",ranges=[{from="0x00007ffff7fc6000",to="0x00007ffff7ff0195"}]
11^running
*running,thread-id="all"
(gdb) 
=library-loaded,id="/usr/lib/x86_64-linux-gnu/libm.so.6",target-name="/usr/lib/x86_64-linux-gnu/libm.so.6",host-name="/usr/lib/x86_64-linux-gnu/libm.so.6",symbols-loaded="0",thread-group="i1",ranges=[{from="0x00007ffff7ee2420",to="0x00007ffff7f603a6"}]
=library-loaded,id="/usr/lib/x86_64-linux-gnu/libz.so.1",target-name="/usr/lib/x86_64-linux-gnu/libz.so.1",host-name="/usr/lib/x86_64-linux-gnu/libz.so.1",symbols-loaded="0",thread-group="i1",ranges=[{from="0x00007ffff7eb8260",to="0x00007ffff7ec9c60"}]
=library-loaded,id="/usr/lib/x86_64-linux-gnu/libexpat.so.1",target-name="/usr/lib/x86_64-linux-gnu/libexpat.so.1",host-name="/usr/lib/x86_64-linux-gnu/libexpat.so.1",symbols-loaded="0",thread-group="i1",ranges=[{from="0x00007ffff7e8c210",to="0x00007ffff7eaa473"}]
=library-loaded,id="/usr/lib/x86_64-linux-gnu/libc.so.6",target-name="/usr/lib/x86_64-linux-gnu/libc.so.6",host-name="/usr/lib/x86_64-linux-gnu/libc.so.6",symbols-loaded="0",thread-group="i1",ranges=[{from="0x00007ffff7c9d800",to="0x00007ffff7e25039"}]
~"[Thread debugging using libthread_db enabled]\n"
~"Using host libthread_db library \"/usr/lib/x86_64-linux-gnu/libthread_db.so.1\".\n"
=library-loaded,id="/usr/lib/python3.12/lib-dynload/_json.cpython-312-x86_64-linux-gnu.so",target-name="/usr/lib/python3.12/lib-dynload/_json.cpython-312-x86_64-linux-gnu.so",host-name="/usr/lib/python3.12/lib-dynload/_json.cpython-312-x86_64-linux-gnu.so",symbols-loaded="0",thread-group="i1",ranges=[{from="0x00007ffff75b06a0",to="0x00007ffff75b660d"}]
~"process 1931318 is executing new program: /home/yayoi/.local/state/strata-sycl/post-reboot-tuning-20261007/strata-prefill-expert-wait-candidate\n"
=library-unloaded,id="/lib64/ld-linux-x86-64.so.2",target-name="/lib64/ld-linux-x86-64.so.2",host-name="/lib64/ld-linux-x86-64.so.2",thread-group="i1"
=library-unloaded,id="/usr/lib/x86_64-linux-gnu/libm.so.6",target-name="/usr/lib/x86_64-linux-gnu/libm.so.6",host-name="/usr/lib/x86_64-linux-gnu/libm.so.6",thread-group="i1"
=library-unloaded,id="/usr/lib/x86_64-linux-gnu/libz.so.1",target-name="/usr/lib/x86_64-linux-gnu/libz.so.1",host-name="/usr/lib/x86_64-linux-gnu/libz.so.1",thread-group="i1"
=library-unloaded,id="/usr/lib/x86_64-linux-gnu/libexpat.so.1",target-name="/usr/lib/x86_64-linux-gnu/libexpat.so.1",host-name="/usr/lib/x86_64-linux-gnu/libexpat.so.1",thread-group="i1"
=library-unloaded,id="/usr/lib/x86_64-linux-gnu/libc.so.6",target-name="/usr/lib/x86_64-linux-gnu/libc.so.6",host-name="/usr/lib/x86_64-linux-gnu/libc.so.6",thread-group="i1"
=library-unloaded,id="/usr/lib/python3.12/lib-dynload/_json.cpython-312-x86_64-linux-gnu.so",target-name="/usr/lib/python3.12/lib-dynload/_json.cpython-312-x86_64-linux-gnu.so",host-name="/usr/lib/python3.12/lib-dynload/_json.cpython-312-x86_64-linux-gnu.so",thread-group="i1"
=library-loaded,id="/lib64/ld-linux-x86-64.so.2",target-name="/lib64/ld-linux-x86-64.so.2",host-name="/lib64/ld-linux-x86-64.so.2",symbols-loaded="0",thread-group="i1",ranges=[{from="0x00007ffff7fc6000",to="0x00007ffff7ff0195"}]
=library-loaded,id="/usr/lib/x86_64-linux-gnu/libm.so.6",target-name="/usr/lib/x86_64-linux-gnu/libm.so.6",host-name="/usr/lib/x86_64-linux-gnu/libm.so.6",symbols-loaded="0",thread-group="i1",ranges=[{from="0x00007ffff7ee2420",to="0x00007ffff7f603a6"}]
=library-loaded,id="/opt/intel/oneapi/mkl/2026.1/lib/libmkl_sycl_blas.so.6",target-name="/opt/intel/oneapi/mkl/2026.1/lib/libmkl_sycl_blas.so.6",host-name="/opt/intel/oneapi/mkl/2026.1/lib/libmkl_sycl_blas.so.6",symbols-loaded="0",thread-group="i1",ranges=[{from="0x00007ffff4db66a0",to="0x00007ffff6b3a502"}]
=library-loaded,id="/opt/intel/oneapi/mkl/2026.1/lib/libmkl_sycl_lapack.so.6",target-name="/opt/intel/oneapi/mkl/2026.1/lib/libmkl_sycl_lapack.so.6",host-name="/opt/intel/oneapi/mkl/2026.1/lib/libmkl_sycl_lapack.so.6",symbols-loaded="0",thread-group="i1",ranges=[{from="0x00007ffff2cd12b0",to="0x00007ffff3b0fc00"}]
=library-loaded,id="/opt/intel/oneapi/mkl/2026.1/lib/libmkl_sycl_dft.so.6",target-name="/opt/intel/oneapi/mkl/2026.1/lib/libmkl_sycl_dft.so.6",host-name="/opt/intel/oneapi/mkl/2026.1/lib/libmkl_sycl_dft.so.6",symbols-loaded="0",thread-group="i1",ranges=[{from="0x00007ffff04df2c0",to="0x00007ffff0846392"}]
=library-loaded,id="/opt/intel/oneapi/mkl/2026.1/lib/libmkl_sycl_sparse.so.6",target-name="/opt/intel/oneapi/mkl/2026.1/lib/libmkl_sycl_sparse.so.6",host-name="/opt/intel/oneapi/mkl/2026.1/lib/libmkl_sycl_sparse.so.6",symbols-loaded="0",thread-group="i1",ranges=[{from="0x00007fffedab8ce0",to="0x00007fffef0b80e3"}]
=library-loaded,id="/opt/intel/oneapi/mkl/2026.1/lib/libmkl_sycl_rng.so.6",target-name="/opt/intel/oneapi/mkl/2026.1/lib/libmkl_sycl_rng.so.6",host-name="/opt/intel/oneapi/mkl/2026.1/lib/libmkl_sycl_rng.so.6",symbols-loaded="0",thread-group="i1",ranges=[{from="0x00007fffe9f18f40",to="0x00007fffeb5dee42"}]
=library-loaded,id="/opt/intel/oneapi/mkl/2026.1/lib/libmkl_sycl_stats.so.6",target-name="/opt/intel/oneapi/mkl/2026.1/lib/libmkl_sycl_stats.so.6",host-name="/opt/intel/oneapi/mkl/2026.1/lib/libmkl_sycl_stats.so.6",symbols-loaded="0",thread-group="i1",ranges=[{from="0x00007fffe876c720",to="0x00007fffe8b778d0"}]
=library-loaded,id="/opt/intel/oneapi/mkl/2026.1/lib/libmkl_sycl_vm.so.6",target-name="/opt/intel/oneapi/mkl/2026.1/lib/libmkl_sycl_vm.so.6",host-name="/opt/intel/oneapi/mkl/2026.1/lib/libmkl_sycl_vm.so.6",symbols-loaded="0",thread-group="i1",ranges=[{from="0x00007fffe540eca0",to="0x00007fffe6bd2eb4"}]
=library-loaded,id="/opt/intel/oneapi/mkl/2026.1/lib/libmkl_sycl_data_fitting.so.6",target-name="/opt/intel/oneapi/mkl/2026.1/lib/libmkl_sycl_data_fitting.so.6",host-name="/opt/intel/oneapi/mkl/2026.1/lib/libmkl_sycl_data_fitting.so.6",symbols-loaded="0",thread-group="i1",ranges=[{from="0x00007fffe3f152e0",to="0x00007fffe3fbdac3"}]
=library-loaded,id="/opt/intel/oneapi/mkl/2026.1/lib/libmkl_intel_lp64.so.3",target-name="/opt/intel/oneapi/mkl/2026.1/lib/libmkl_intel_lp64.so.3",host-name="/opt/intel/oneapi/mkl/2026.1/lib/libmkl_intel_lp64.so.3",symbols-loaded="0",thread-group="i1",ranges=[{from="0x00007fffe2e0f430",to="0x00007fffe38d343f"}]
=library-loaded,id="/opt/intel/oneapi/mkl/2026.1/lib/libmkl_sequential.so.3",target-name="/opt/intel/oneapi/mkl/2026.1/lib/libmkl_sequential.so.3",host-name="/opt/intel/oneapi/mkl/2026.1/lib/libmkl_sequential.so.3",symbols-loaded="0",thread-group="i1",ranges=[{from="0x00007fffe1635b70",to="0x00007fffe29abdca"}]
=library-loaded,id="/opt/intel/oneapi/mkl/2026.1/lib/libmkl_core.so.3",target-name="/opt/intel/oneapi/mkl/2026.1/lib/libmkl_core.so.3",host-name="/opt/intel/oneapi/mkl/2026.1/lib/libmkl_core.so.3",symbols-loaded="0",thread-group="i1",ranges=[{from="0x00007fffdd07ce00",to="0x00007fffe0f5a03c"}]
=library-loaded,id="/usr/lib/x86_64-linux-gnu/libstdc++.so.6",target-name="/usr/lib/x86_64-linux-gnu/libstdc++.so.6",host-name="/usr/lib/x86_64-linux-gnu/libstdc++.so.6",symbols-loaded="0",thread-group="i1",ranges=[{from="0x00007fffdcc935c0",to="0x00007fffdcdd2ce2"}]
=library-loaded,id="/usr/lib/x86_64-linux-gnu/libgcc_s.so.1",target-name="/usr/lib/x86_64-linux-gnu/libgcc_s.so.1",host-name="/usr/lib/x86_64-linux-gnu/libgcc_s.so.1",symbols-loaded="0",thread-group="i1",ranges=[{from="0x00007fffdcbc4780",to="0x00007fffdcbe7745"}]
=library-loaded,id="/opt/intel/oneapi/compiler/2026.1/lib/libsycl.so.9",target-name="/opt/intel/oneapi/compiler/2026.1/lib/libsycl.so.9",host-name="/opt/intel/oneapi/compiler/2026.1/lib/libsycl.so.9",symbols-loaded="0",thread-group="i1",ranges=[{from="0x00007fffdc8e1900",to="0x00007fffdcbb1aae"}]
=library-loaded,id="/opt/intel/oneapi/compiler/2026.1/lib/libOpenCL.so.1",target-name="/opt/intel/oneapi/compiler/2026.1/lib/libOpenCL.so.1",host-name="/opt/intel/oneapi/compiler/2026.1/lib/libOpenCL.so.1",symbols-loaded="0",thread-group="i1",ranges=[{from="0x00007fffdc7d6b10",to="0x00007fffdc7dee05"}]
=library-loaded,id="/usr/lib/x86_64-linux-gnu/libc.so.6",target-name="/usr/lib/x86_64-linux-gnu/libc.so.6",host-name="/usr/lib/x86_64-linux-gnu/libc.so.6",symbols-loaded="0",thread-group="i1",ranges=[{from="0x00007fffdc5e3800",to="0x00007fffdc76b039"}]
=library-loaded,id="/usr/lib/x86_64-linux-gnu/libdl.so.2",target-name="/usr/lib/x86_64-linux-gnu/libdl.so.2",host-name="/usr/lib/x86_64-linux-gnu/libdl.so.2",symbols-loaded="0",thread-group="i1",ranges=[{from="0x00007fffdc5b7040",to="0x00007fffdc5b7105"}]
=library-loaded,id="/usr/lib/x86_64-linux-gnu/libpthread.so.0",target-name="/usr/lib/x86_64-linux-gnu/libpthread.so.0",host-name="/usr/lib/x86_64-linux-gnu/libpthread.so.0",symbols-loaded="0",thread-group="i1",ranges=[{from="0x00007fffdc5b2040",to="0x00007fffdc5b2105"}]
=library-loaded,id="/opt/intel/oneapi/compiler/2026.1/lib/libur_loader.so.0",target-name="/opt/intel/oneapi/compiler/2026.1/lib/libur_loader.so.0",host-name="/opt/intel/oneapi/compiler/2026.1/lib/libur_loader.so.0",symbols-loaded="0",thread-group="i1",ranges=[{from="0x00007fffdbbe4840",to="0x00007fffdc55ed24"}]
=library-loaded,id="/opt/intel/oneapi/compiler/2026.1/lib/libsvml.so",target-name="/opt/intel/oneapi/compiler/2026.1/lib/libsvml.so",host-name="/opt/intel/oneapi/compiler/2026.1/lib/libsvml.so",symbols-loaded="0",thread-group="i1",ranges=[{from="0x00007fffdac445c0",to="0x00007fffdb6eca7f"}]
=library-loaded,id="/opt/intel/oneapi/compiler/2026.1/lib/libirng.so",target-name="/opt/intel/oneapi/compiler/2026.1/lib/libirng.so",host-name="/opt/intel/oneapi/compiler/2026.1/lib/libirng.so",symbols-loaded="0",thread-group="i1",ranges=[{from="0x00007fffd9fe1c80",to="0x00007fffda024f16"}]
=library-loaded,id="/opt/intel/oneapi/compiler/2026.1/lib/libimf.so",target-name="/opt/intel/oneapi/compiler/2026.1/lib/libimf.so",host-name="/opt/intel/oneapi/compiler/2026.1/lib/libimf.so",symbols-loaded="0",thread-group="i1",ranges=[{from="0x00007fffd9d61170",to="0x00007fffd9eef292"}]
=library-loaded,id="/opt/intel/oneapi/compiler/2026.1/lib/libintlc.so.5",target-name="/opt/intel/oneapi/compiler/2026.1/lib/libintlc.so.5",host-name="/opt/intel/oneapi/compiler/2026.1/lib/libintlc.so.5",symbols-loaded="0",thread-group="i1",ranges=[{from="0x00007fffd9aa0240",to="0x00007fffd9aeb1f0"}]
=library-loaded,id="/usr/lib/x86_64-linux-gnu/librt.so.1",target-name="/usr/lib/x86_64-linux-gnu/librt.so.1",host-name="/usr/lib/x86_64-linux-gnu/librt.so.1",symbols-loaded="0",thread-group="i1",ranges=[{from="0x00007fffd9a8b080",to="0x00007fffd9a8b2b1"}]
=library-loaded,id="/usr/lib/x86_64-linux-gnu/libz.so.1",target-name="/usr/lib/x86_64-linux-gnu/libz.so.1",host-name="/usr/lib/x86_64-linux-gnu/libz.so.1",symbols-loaded="0",thread-group="i1",ranges=[{from="0x00007fffd9a70260",to="0x00007fffd9a81c60"}]
&"warning: File \"/opt/intel/oneapi/compiler/2026.1/lib/libsycl.so.9.0.0-gdb.py\" auto-loading has been declined by your `auto-load safe-path' set to \"$debugdir:$datadir/auto-load\".\n"
~"To enable execution of this file add\n\tadd-auto-load-safe-path "
~"/opt/intel/oneapi/compiler/2026.1/lib/libsycl.so.9.0.0-gdb.py\nline to your configuration file \""
~"/home/yayoi/.config/gdb/gdbinit\".\nTo completely disable this security protection add\n\tset auto-load safe-path /\nline to your configuration file \""
~"/home/yayoi/.config/gdb/gdbinit\".\nFor more information about this security protection see the\n\"Auto-loading safe path\" section in the GDB manual.  E.g., run from the shell:\n\tinfo \"(gdb)Auto-loading safe path\"\n"
~"[Thread debugging using libthread_db enabled]\n"
~"Using host libthread_db library \"/usr/lib/x86_64-linux-gnu/libthread_db.so.1\".\n"
=library-loaded,id="/opt/intel/oneapi/compiler/2026.1/lib/libur_adapter_level_zero_v2.so.0",target-name="/opt/intel/oneapi/compiler/2026.1/lib/libur_adapter_level_zero_v2.so.0",host-name="/opt/intel/oneapi/compiler/2026.1/lib/libur_adapter_level_zero_v2.so.0",symbols-loaded="0",thread-group="i1",ranges=[{from="0x00007fec616af750",to="0x00007fec6180b822"}]
=library-loaded,id="/opt/intel/oneapi/umf/1.1/lib/libumf.so.1",target-name="/opt/intel/oneapi/umf/1.1/lib/libumf.so.1",host-name="/opt/intel/oneapi/umf/1.1/lib/libumf.so.1",symbols-loaded="0",thread-group="i1",ranges=[{from="0x00007fffd9a108f0",to="0x00007fffd9a33470"}]
=library-loaded,id="/usr/lib/x86_64-linux-gnu/libhwloc.so.15",target-name="/usr/lib/x86_64-linux-gnu/libhwloc.so.15",host-name="/usr/lib/x86_64-linux-gnu/libhwloc.so.15",symbols-loaded="0",thread-group="i1",ranges=[{from="0x00007fec615fed90",to="0x00007fec61644d2e"}]
=library-loaded,id="/usr/lib/x86_64-linux-gnu/libudev.so.1",target-name="/usr/lib/x86_64-linux-gnu/libudev.so.1",host-name="/usr/lib/x86_64-linux-gnu/libudev.so.1",symbols-loaded="0",thread-group="i1",ranges=[{from="0x00007fffd99dc0f0",to="0x00007fffd99fc4c0"}]
=library-loaded,id="/usr/lib/x86_64-linux-gnu/libcap.so.2",target-name="/usr/lib/x86_64-linux-gnu/libcap.so.2",host-name="/usr/lib/x86_64-linux-gnu/libcap.so.2",symbols-loaded="0",thread-group="i1",ranges=[{from="0x00007fffd99cc9c0",to="0x00007fffd99d1607"}]
=library-loaded,id="/usr/lib/x86_64-linux-gnu/libze_loader.so.1",target-name="/usr/lib/x86_64-linux-gnu/libze_loader.so.1",host-name="/usr/lib/x86_64-linux-gnu/libze_loader.so.1",symbols-loaded="0",thread-group="i1",ranges=[{from="0x00007fec6153bd00",to="0x00007fec615c0795"}]
=library-loaded,id="/usr/lib/x86_64-linux-gnu/libze_intel_gpu.so.1",target-name="/usr/lib/x86_64-linux-gnu/libze_intel_gpu.so.1",host-name="/usr/lib/x86_64-linux-gnu/libze_intel_gpu.so.1",symbols-loaded="0",thread-group="i1",ranges=[{from="0x00007fec5d9f4570",to="0x00007fec5e2ffa32"}]
=library-loaded,id="/usr/lib/x86_64-linux-gnu/libigdgmm.so.12",target-name="/usr/lib/x86_64-linux-gnu/libigdgmm.so.12",host-name="/usr/lib/x86_64-linux-gnu/libigdgmm.so.12",symbols-loaded="0",thread-group="i1",ranges=[{from="0x00007fec5d8692c0",to="0x00007fec5d92ca89"}]
=library-loaded,id="/usr/lib/x86_64-linux-gnu/libze_validation_layer.so.1",target-name="/usr/lib/x86_64-linux-gnu/libze_validation_layer.so.1",host-name="/usr/lib/x86_64-linux-gnu/libze_validation_layer.so.1",symbols-loaded="0",thread-group="i1",ranges=[{from="0x00007fec5d6afc80",to="0x00007fec5d7fe5f5"}]
=library-loaded,id="/usr/lib/x86_64-linux-gnu/libze_tracing_layer.so.1",target-name="/usr/lib/x86_64-linux-gnu/libze_tracing_layer.so.1",host-name="/usr/lib/x86_64-linux-gnu/libze_tracing_layer.so.1",symbols-loaded="0",thread-group="i1",ranges=[{from="0x00007fec5d5b3410",to="0x00007fec5d664570"}]
=library-loaded,id="/usr/lib/x86_64-linux-gnu/libigdfcl.so.2",target-name="/usr/lib/x86_64-linux-gnu/libigdfcl.so.2",host-name="/usr/lib/x86_64-linux-gnu/libigdfcl.so.2",symbols-loaded="0",thread-group="i1",ranges=[{from="0x00007fec5d29ced0",to="0x00007fec5d3fe62d"}]
=library-loaded,id="/usr/lib/x86_64-linux-gnu/libopencl-clang.so.17",target-name="/usr/lib/x86_64-linux-gnu/libopencl-clang.so.17",host-name="/usr/lib/x86_64-linux-gnu/libopencl-clang.so.17",symbols-loaded="0",thread-group="i1",ranges=[{from="0x00007fec55767400",to="0x00007fec59740b62"}]
=library-loaded,id="/usr/lib/x86_64-linux-gnu/libigc.so.2",target-name="/usr/lib/x86_64-linux-gnu/libigc.so.2",host-name="/usr/lib/x86_64-linux-gnu/libigc.so.2",symbols-loaded="0",thread-group="i1",ranges=[{from="0x00007fec4f8e8c00",to="0x00007fec52c85895"}]
=library-loaded,id="/usr/lib/x86_64-linux-gnu/libigdml.so.1",target-name="/usr/lib/x86_64-linux-gnu/libigdml.so.1",host-name="/usr/lib/x86_64-linux-gnu/libigdml.so.1",symbols-loaded="0",thread-group="i1",ranges=[{from="0x00007fec4f4ade20",to="0x00007fec4f5a8888"}]
=library-loaded,id="/usr/lib/x86_64-linux-gnu/libdrm.so.2",target-name="/usr/lib/x86_64-linux-gnu/libdrm.so.2",host-name="/usr/lib/x86_64-linux-gnu/libdrm.so.2",symbols-loaded="0",thread-group="i1",ranges=[{from="0x00007fec4f482780",to="0x00007fec4f48d931"}]
=library-loaded,id="/usr/lib/x86_64-linux-gnu/libnl-genl-3.so.200",target-name="/usr/lib/x86_64-linux-gnu/libnl-genl-3.so.200",host-name="/usr/lib/x86_64-linux-gnu/libnl-genl-3.so.200",symbols-loaded="0",thread-group="i1",ranges=[{from="0x00007fec4f2a7680",to="0x00007fec4f2a920c"}]
=library-loaded,id="/usr/lib/x86_64-linux-gnu/libnl-3.so.200",target-name="/usr/lib/x86_64-linux-gnu/libnl-3.so.200",host-name="/usr/lib/x86_64-linux-gnu/libnl-3.so.200",symbols-loaded="0",thread-group="i1",ranges=[{from="0x00007fec4f28b8c0",to="0x00007fec4f299cb9"}]
=library-unloaded,id="/usr/lib/x86_64-linux-gnu/libnl-genl-3.so.200",target-name="/usr/lib/x86_64-linux-gnu/libnl-genl-3.so.200",host-name="/usr/lib/x86_64-linux-gnu/libnl-genl-3.so.200",thread-group="i1"
=library-unloaded,id="/usr/lib/x86_64-linux-gnu/libnl-3.so.200",target-name="/usr/lib/x86_64-linux-gnu/libnl-3.so.200",host-name="/usr/lib/x86_64-linux-gnu/libnl-3.so.200",thread-group="i1"
=library-loaded,id="/usr/lib/x86_64-linux-gnu/libnl-genl-3.so.200",target-name="/usr/lib/x86_64-linux-gnu/libnl-genl-3.so.200",host-name="/usr/lib/x86_64-linux-gnu/libnl-genl-3.so.200",symbols-loaded="0",thread-group="i1",ranges=[{from="0x00007fec4f2a7680",to="0x00007fec4f2a920c"}]
=library-loaded,id="/usr/lib/x86_64-linux-gnu/libnl-3.so.200",target-name="/usr/lib/x86_64-linux-gnu/libnl-3.so.200",host-name="/usr/lib/x86_64-linux-gnu/libnl-3.so.200",symbols-loaded="0",thread-group="i1",ranges=[{from="0x00007fec4f28b8c0",to="0x00007fec4f299cb9"}]
=thread-created,id="2",group-id="i1"
~"[New Thread 0x7fffd79cb6c0 (LWP 1931683)]\n"
*running,thread-id="2"
=thread-created,id="3",group-id="i1"
~"[New Thread 0x7fffd6cba6c0 (LWP 1931702)]\n"
*running,thread-id="3"
=thread-created,id="4",group-id="i1"
~"[New Thread 0x7fffd64b96c0 (LWP 1931703)]\n"
*running,thread-id="4"
=thread-created,id="5",group-id="i1"
~"[New Thread 0x7fffd5cb86c0 (LWP 1931704)]\n"
*running,thread-id="5"
=thread-created,id="6",group-id="i1"
~"[New Thread 0x7fffd54b76c0 (LWP 1931705)]\n"
*running,thread-id="6"
=thread-created,id="7",group-id="i1"
~"[New Thread 0x7fffd4cb66c0 (LWP 1931706)]\n"
*running,thread-id="7"
=thread-created,id="8",group-id="i1"
~"[New Thread 0x7fffd44b56c0 (LWP 1931707)]\n"
*running,thread-id="8"
=thread-created,id="9",group-id="i1"
~"[New Thread 0x7fffd3cb46c0 (LWP 1931708)]\n"
*running,thread-id="9"
=thread-created,id="10",group-id="i1"
~"[New Thread 0x7fffd34b36c0 (LWP 1931709)]\n"
*running,thread-id="10"
=thread-created,id="11",group-id="i1"
~"[New Thread 0x7fffd2cb26c0 (LWP 1931710)]\n"
*running,thread-id="11"
=thread-created,id="12",group-id="i1"
~"[New Thread 0x7fffd24b16c0 (LWP 1931711)]\n"
*running,thread-id="12"
=thread-created,id="13",group-id="i1"
~"[New Thread 0x7fffd1cb06c0 (LWP 1931712)]\n"
*running,thread-id="13"
=thread-created,id="14",group-id="i1"
~"[New Thread 0x7fffd14af6c0 (LWP 1931713)]\n"
*running,thread-id="14"
=thread-created,id="15",group-id="i1"
~"[New Thread 0x7fffd0cae6c0 (LWP 1931714)]\n"
*running,thread-id="15"
=thread-created,id="16",group-id="i1"
~"[New Thread 0x7fffd04ad6c0 (LWP 1931715)]\n"
*running,thread-id="16"
=thread-created,id="17",group-id="i1"
~"[New Thread 0x7fffcfcac6c0 (LWP 1931716)]\n"
*running,thread-id="17"
=thread-created,id="18",group-id="i1"
~"[New Thread 0x7fffcf4ab6c0 (LWP 1931717)]\n"
*running,thread-id="18"
=thread-created,id="19",group-id="i1"
~"[New Thread 0x7fffc8ca66c0 (LWP 1931719)]\n"
*running,thread-id="19"
=thread-created,id="20",group-id="i1"
~"[New Thread 0x7fff6e6fe6c0 (LWP 1931777)]\n"
*running,thread-id="20"
=thread-created,id="21",group-id="i1"
~"[New Thread 0x7fff6defd6c0 (LWP 1931778)]\n"
*running,thread-id="21"
=thread-created,id="22",group-id="i1"
~"[New Thread 0x7fff6cd696c0 (LWP 1931779)]\n"
*running,thread-id="22"
=thread-created,id="23",group-id="i1"
~"[New Thread 0x7fff677fc6c0 (LWP 1931780)]\n"
*running,thread-id="23"
=thread-created,id="24",group-id="i1"
~"[New Thread 0x7fff667f86c0 (LWP 1931781)]\n"
*running,thread-id="24"
~"[Thread 0x7fff667f86c0 (LWP 1931781) exited]\n"
=thread-exited,id="24",group-id="i1"
~"[Thread 0x7fff6defd6c0 (LWP 1931778) exited]\n"
=thread-exited,id="21",group-id="i1"
~"[Thread 0x7fff6cd696c0 (LWP 1931779) exited]\n"
=thread-exited,id="22",group-id="i1"
~"[Thread 0x7fff677fc6c0 (LWP 1931780) exited]\n"
=thread-exited,id="23",group-id="i1"
~"[Thread 0x7fff6e6fe6c0 (LWP 1931777) exited]\n"
=thread-exited,id="20",group-id="i1"
=thread-created,id="25",group-id="i1"
~"[New Thread 0x7fff667f86c0 (LWP 1932677)]\n"
*running,thread-id="25"
=thread-created,id="26",group-id="i1"
~"[New Thread 0x7fff677fc6c0 (LWP 1932678)]\n"
*running,thread-id="26"
=thread-created,id="27",group-id="i1"
~"[New Thread 0x7fff6cd696c0 (LWP 1932679)]\n"
*running,thread-id="27"
=thread-created,id="28",group-id="i1"
~"[New Thread 0x7fff6defd6c0 (LWP 1932680)]\n"
*running,thread-id="28"
=thread-created,id="29",group-id="i1"
~"[New Thread 0x7fffd962b6c0 (LWP 1932681)]\n"
*running,thread-id="29"
=thread-created,id="30",group-id="i1"
~"[New Thread 0x7fff50fff6c0 (LWP 1932695)]\n"
*running,thread-id="30"
=thread-created,id="31",group-id="i1"
~"[New Thread 0x7fff507fe6c0 (LWP 1932696)]\n"
*running,thread-id="31"
=thread-created,id="32",group-id="i1"
~"[New Thread 0x7fff4fffd6c0 (LWP 1932697)]\n"
*running,thread-id="32"
=thread-created,id="33",group-id="i1"
~"[New Thread 0x7fff4dffc6c0 (LWP 1932702)]\n"
*running,thread-id="33"
=thread-created,id="34",group-id="i1"
~"[New Thread 0x7fff4d7fb6c0 (LWP 1932703)]\n"
*running,thread-id="34"
=thread-created,id="35",group-id="i1"
~"[New Thread 0x7fff4cffa6c0 (LWP 1933166)]\n"
*running,thread-id="35"
=thread-created,id="36",group-id="i1"
~"[New Thread 0x7fff2d1ff6c0 (LWP 1936207)]\n"
*running,thread-id="36"
~"[Thread 0x7fff2d1ff6c0 (LWP 1936207) exited]\n"
=thread-exited,id="36",group-id="i1"
=thread-created,id="37",group-id="i1"
~"[New Thread 0x7fff2d1ff6c0 (LWP 1936248)]\n"
*running,thread-id="37"
~"[Thread 0x7fff2d1ff6c0 (LWP 1936248) exited]\n"
=thread-exited,id="37",group-id="i1"
=thread-created,id="38",group-id="i1"
~"[New Thread 0x7fff2d1ff6c0 (LWP 1936307)]\n"
*running,thread-id="38"
~"[Thread 0x7fff2d1ff6c0 (LWP 1936307) exited]\n"
=thread-exited,id="38",group-id="i1"
=thread-created,id="39",group-id="i1"
~"[New Thread 0x7fff2d1ff6c0 (LWP 1936338)]\n"
*running,thread-id="39"
~"[Thread 0x7fff2d1ff6c0 (LWP 1936338) exited]\n"
=thread-exited,id="39",group-id="i1"
=thread-created,id="40",group-id="i1"
~"[New Thread 0x7fff2d1ff6c0 (LWP 1936398)]\n"
*running,thread-id="40"
~"[Thread 0x7fff2d1ff6c0 (LWP 1936398) exited]\n"
=thread-exited,id="40",group-id="i1"
=thread-created,id="41",group-id="i1"
~"[New Thread 0x7fff2d1ff6c0 (LWP 1936432)]\n"
*running,thread-id="41"
~"[Thread 0x7fff2d1ff6c0 (LWP 1936432) exited]\n"
=thread-exited,id="41",group-id="i1"
=thread-created,id="42",group-id="i1"
~"[New Thread 0x7fff2d1ff6c0 (LWP 1936464)]\n"
*running,thread-id="42"
~"[Thread 0x7fff2d1ff6c0 (LWP 1936464) exited]\n"
=thread-exited,id="42",group-id="i1"
=thread-created,id="43",group-id="i1"
~"[New Thread 0x7fff2d1ff6c0 (LWP 1936520)]\n"
*running,thread-id="43"
~"[Thread 0x7fff2d1ff6c0 (LWP 1936520) exited]\n"
=thread-exited,id="43",group-id="i1"
=thread-created,id="44",group-id="i1"
~"[New Thread 0x7fff2d1ff6c0 (LWP 1936552)]\n"
*running,thread-id="44"
~"[Thread 0x7fff2d1ff6c0 (LWP 1936552) exited]\n"
=thread-exited,id="44",group-id="i1"
=thread-created,id="45",group-id="i1"
~"[New Thread 0x7fff2d1ff6c0 (LWP 1936607)]\n"
*running,thread-id="45"
~"[Thread 0x7fff2d1ff6c0 (LWP 1936607) exited]\n"
=thread-exited,id="45",group-id="i1"
=thread-created,id="46",group-id="i1"
~"[New Thread 0x7fff2d1ff6c0 (LWP 1936761)]\n"
*running,thread-id="46"
~"[Thread 0x7fff2d1ff6c0 (LWP 1936761) exited]\n"
=thread-exited,id="46",group-id="i1"
=thread-created,id="47",group-id="i1"
~"[New Thread 0x7fff2d1ff6c0 (LWP 1936817)]\n"
*running,thread-id="47"
~"[Thread 0x7fff2d1ff6c0 (LWP 1936817) exited]\n"
=thread-exited,id="47",group-id="i1"
=thread-created,id="48",group-id="i1"
~"[New Thread 0x7fff2d1ff6c0 (LWP 1936891)]\n"
*running,thread-id="48"
~"[Thread 0x7fff2d1ff6c0 (LWP 1936891) exited]\n"
=thread-exited,id="48",group-id="i1"
=thread-created,id="49",group-id="i1"
~"[New Thread 0x7fff2d1ff6c0 (LWP 1936903)]\n"
*running,thread-id="49"
~"[Thread 0x7fff2d1ff6c0 (LWP 1936903) exited]\n"
=thread-exited,id="49",group-id="i1"
=thread-created,id="50",group-id="i1"
~"[New Thread 0x7fff2d1ff6c0 (LWP 1936943)]\n"
*running,thread-id="50"
~"[Thread 0x7fff2d1ff6c0 (LWP 1936943) exited]\n"
=thread-exited,id="50",group-id="i1"
=thread-created,id="51",group-id="i1"
~"[New Thread 0x7fff2d1ff6c0 (LWP 1936972)]\n"
*running,thread-id="51"
~"[Thread 0x7fff2d1ff6c0 (LWP 1936972) exited]\n"
=thread-exited,id="51",group-id="i1"
=thread-created,id="52",group-id="i1"
~"[New Thread 0x7fff2d1ff6c0 (LWP 1936996)]\n"
*running,thread-id="52"
~"[Thread 0x7fff2d1ff6c0 (LWP 1936996) exited]\n"
=thread-exited,id="52",group-id="i1"
=thread-created,id="53",group-id="i1"
~"[New Thread 0x7fff2d1ff6c0 (LWP 1937041)]\n"
*running,thread-id="53"
~"[Thread 0x7fff2d1ff6c0 (LWP 1937041) exited]\n"
=thread-exited,id="53",group-id="i1"
=thread-created,id="54",group-id="i1"
~"[New Thread 0x7fff2d1ff6c0 (LWP 1937061)]\n"
*running,thread-id="54"
~"[Thread 0x7fff2d1ff6c0 (LWP 1937061) exited]\n"
=thread-exited,id="54",group-id="i1"
=thread-created,id="55",group-id="i1"
~"[New Thread 0x7fff2d1ff6c0 (LWP 1937092)]\n"
*running,thread-id="55"
~"[Thread 0x7fff2d1ff6c0 (LWP 1937092) exited]\n"
=thread-exited,id="55",group-id="i1"
=thread-created,id="56",group-id="i1"
~"[New Thread 0x7fff2d1ff6c0 (LWP 1937117)]\n"
*running,thread-id="56"
~"[Thread 0x7fff2d1ff6c0 (LWP 1937117) exited]\n"
=thread-exited,id="56",group-id="i1"
=thread-created,id="57",group-id="i1"
~"[New Thread 0x7fff2d1ff6c0 (LWP 1937158)]\n"
*running,thread-id="57"
~"[Thread 0x7fff2d1ff6c0 (LWP 1937158) exited]\n"
=thread-exited,id="57",group-id="i1"
=thread-created,id="58",group-id="i1"
~"[New Thread 0x7fff2d1ff6c0 (LWP 1937241)]\n"
*running,thread-id="58"
~"[Thread 0x7fff2d1ff6c0 (LWP 1937241) exited]\n"
=thread-exited,id="58",group-id="i1"
=thread-created,id="59",group-id="i1"
~"[New Thread 0x7fff2d1ff6c0 (LWP 1937292)]\n"
*running,thread-id="59"
~"[Thread 0x7fff2d1ff6c0 (LWP 1937292) exited]\n"
=thread-exited,id="59",group-id="i1"
=thread-created,id="60",group-id="i1"
~"[New Thread 0x7fff2d1ff6c0 (LWP 1937341)]\n"
*running,thread-id="60"
~"[Thread 0x7fff2d1ff6c0 (LWP 1937341) exited]\n"
=thread-exited,id="60",group-id="i1"
=thread-created,id="61",group-id="i1"
~"[New Thread 0x7fff2d1ff6c0 (LWP 1937358)]\n"
*running,thread-id="61"
~"[Thread 0x7fff2d1ff6c0 (LWP 1937358) exited]\n"
=thread-exited,id="61",group-id="i1"
=thread-created,id="62",group-id="i1"
~"[New Thread 0x7fff2d1ff6c0 (LWP 1937376)]\n"
*running,thread-id="62"
~"[Thread 0x7fff2d1ff6c0 (LWP 1937376) exited]\n"
=thread-exited,id="62",group-id="i1"
=thread-created,id="63",group-id="i1"
~"[New Thread 0x7fff2d1ff6c0 (LWP 1937404)]\n"
*running,thread-id="63"
~"[Thread 0x7fff2d1ff6c0 (LWP 1937404) exited]\n"
=thread-exited,id="63",group-id="i1"
=thread-created,id="64",group-id="i1"
~"[New Thread 0x7fff2d1ff6c0 (LWP 1937423)]\n"
*running,thread-id="64"
~"[Thread 0x7fff2d1ff6c0 (LWP 1937423) exited]\n"
=thread-exited,id="64",group-id="i1"
=thread-created,id="65",group-id="i1"
~"[New Thread 0x7fff2d1ff6c0 (LWP 1937440)]\n"
*running,thread-id="65"
~"[Thread 0x7fff2d1ff6c0 (LWP 1937440) exited]\n"
=thread-exited,id="65",group-id="i1"
=thread-created,id="66",group-id="i1"
~"[New Thread 0x7fff2d1ff6c0 (LWP 1937471)]\n"
*running,thread-id="66"
~"[Thread 0x7fff2d1ff6c0 (LWP 1937471) exited]\n"
=thread-exited,id="66",group-id="i1"
=thread-created,id="67",group-id="i1"
~"[New Thread 0x7fff2d1ff6c0 (LWP 1937516)]\n"
*running,thread-id="67"
~"[Thread 0x7fff2d1ff6c0 (LWP 1937516) exited]\n"
=thread-exited,id="67",group-id="i1"
=thread-created,id="68",group-id="i1"
~"[New Thread 0x7fff2d1ff6c0 (LWP 1937548)]\n"
*running,thread-id="68"
~"[Thread 0x7fff2d1ff6c0 (LWP 1937548) exited]\n"
=thread-exited,id="68",group-id="i1"
=thread-created,id="69",group-id="i1"
~"[New Thread 0x7fff2d1ff6c0 (LWP 1937579)]\n"
*running,thread-id="69"
~"[Thread 0x7fff2d1ff6c0 (LWP 1937579) exited]\n"
=thread-exited,id="69",group-id="i1"
=thread-created,id="70",group-id="i1"
~"[New Thread 0x7fff2d1ff6c0 (LWP 1937600)]\n"
*running,thread-id="70"
~"[Thread 0x7fff2d1ff6c0 (LWP 1937600) exited]\n"
=thread-exited,id="70",group-id="i1"
=thread-created,id="71",group-id="i1"
~"[New Thread 0x7fff2d1ff6c0 (LWP 1937622)]\n"
*running,thread-id="71"
~"[Thread 0x7fff2d1ff6c0 (LWP 1937622) exited]\n"
=thread-exited,id="71",group-id="i1"
=thread-created,id="72",group-id="i1"
~"[New Thread 0x7fff2d1ff6c0 (LWP 1937642)]\n"
*running,thread-id="72"
~"[Thread 0x7fff2d1ff6c0 (LWP 1937642) exited]\n"
=thread-exited,id="72",group-id="i1"
=thread-created,id="73",group-id="i1"
~"[New Thread 0x7fff2d1ff6c0 (LWP 1937684)]\n"
*running,thread-id="73"
~"[Thread 0x7fff2d1ff6c0 (LWP 1937684) exited]\n"
=thread-exited,id="73",group-id="i1"
=thread-created,id="74",group-id="i1"
~"[New Thread 0x7fff2d1ff6c0 (LWP 1937693)]\n"
*running,thread-id="74"
~"[Thread 0x7fff2d1ff6c0 (LWP 1937693) exited]\n"
=thread-exited,id="74",group-id="i1"
=thread-created,id="75",group-id="i1"
~"[New Thread 0x7fff2d1ff6c0 (LWP 1937706)]\n"
*running,thread-id="75"
~"[Thread 0x7fff2d1ff6c0 (LWP 1937706) exited]\n"
=thread-exited,id="75",group-id="i1"
=thread-created,id="76",group-id="i1"
~"[New Thread 0x7fff2d1ff6c0 (LWP 1937725)]\n"
*running,thread-id="76"
~"[Thread 0x7fff2d1ff6c0 (LWP 1937725) exited]\n"
=thread-exited,id="76",group-id="i1"
=thread-created,id="77",group-id="i1"
~"[New Thread 0x7fff2d1ff6c0 (LWP 1937756)]\n"
*running,thread-id="77"
~"[Thread 0x7fff2d1ff6c0 (LWP 1937756) exited]\n"
=thread-exited,id="77",group-id="i1"
=thread-created,id="78",group-id="i1"
~"[New Thread 0x7fff2d1ff6c0 (LWP 1937774)]\n"
*running,thread-id="78"
~"[Thread 0x7fff2d1ff6c0 (LWP 1937774) exited]\n"
=thread-exited,id="78",group-id="i1"
=thread-created,id="79",group-id="i1"
~"[New Thread 0x7fff2d1ff6c0 (LWP 1937793)]\n"
*running,thread-id="79"
~"[Thread 0x7fff2d1ff6c0 (LWP 1937793) exited]\n"
=thread-exited,id="79",group-id="i1"
=thread-created,id="80",group-id="i1"
~"[New Thread 0x7fff2d1ff6c0 (LWP 1937812)]\n"
*running,thread-id="80"
~"[Thread 0x7fff2d1ff6c0 (LWP 1937812) exited]\n"
=thread-exited,id="80",group-id="i1"
=thread-created,id="81",group-id="i1"
~"[New Thread 0x7fff2d1ff6c0 (LWP 1937825)]\n"
*running,thread-id="81"
~"[Thread 0x7fff2d1ff6c0 (LWP 1937825) exited]\n"
=thread-exited,id="81",group-id="i1"
=thread-created,id="82",group-id="i1"
~"[New Thread 0x7fff2d1ff6c0 (LWP 1937837)]\n"
*running,thread-id="82"
~"[Thread 0x7fff2d1ff6c0 (LWP 1937837) exited]\n"
=thread-exited,id="82",group-id="i1"
=thread-created,id="83",group-id="i1"
~"[New Thread 0x7fff2d1ff6c0 (LWP 1937855)]\n"
*running,thread-id="83"
~"[Thread 0x7fff2d1ff6c0 (LWP 1937855) exited]\n"
=thread-exited,id="83",group-id="i1"
=thread-created,id="84",group-id="i1"
~"[New Thread 0x7fff2d1ff6c0 (LWP 1937879)]\n"
*running,thread-id="84"
~"[Thread 0x7fff2d1ff6c0 (LWP 1937879) exited]\n"
=thread-exited,id="84",group-id="i1"
=thread-created,id="85",group-id="i1"
~"[New Thread 0x7fff2d1ff6c0 (LWP 1937893)]\n"
*running,thread-id="85"
~"[Thread 0x7fff2d1ff6c0 (LWP 1937893) exited]\n"
=thread-exited,id="85",group-id="i1"
=thread-created,id="86",group-id="i1"
~"[New Thread 0x7fff2d1ff6c0 (LWP 1937928)]\n"
*running,thread-id="86"
~"[Thread 0x7fff2d1ff6c0 (LWP 1937928) exited]\n"
=thread-exited,id="86",group-id="i1"
=thread-created,id="87",group-id="i1"
~"[New Thread 0x7fff2d1ff6c0 (LWP 1937967)]\n"
*running,thread-id="87"
~"[Thread 0x7fff2d1ff6c0 (LWP 1937967) exited]\n"
=thread-exited,id="87",group-id="i1"
=thread-created,id="88",group-id="i1"
~"[New Thread 0x7fff2d1ff6c0 (LWP 1937979)]\n"
*running,thread-id="88"
~"[Thread 0x7fff2d1ff6c0 (LWP 1937979) exited]\n"
=thread-exited,id="88",group-id="i1"
=thread-created,id="89",group-id="i1"
~"[New Thread 0x7fff2d1ff6c0 (LWP 1938020)]\n"
*running,thread-id="89"
~"[Thread 0x7fff2d1ff6c0 (LWP 1938020) exited]\n"
=thread-exited,id="89",group-id="i1"
=thread-created,id="90",group-id="i1"
~"[New Thread 0x7fff2d1ff6c0 (LWP 1938104)]\n"
*running,thread-id="90"
~"[Thread 0x7fff2d1ff6c0 (LWP 1938104) exited]\n"
=thread-exited,id="90",group-id="i1"
=thread-created,id="91",group-id="i1"
~"[New Thread 0x7fff2d1ff6c0 (LWP 1938116)]\n"
*running,thread-id="91"
~"[Thread 0x7fff2d1ff6c0 (LWP 1938116) exited]\n"
=thread-exited,id="91",group-id="i1"
=thread-created,id="92",group-id="i1"
~"[New Thread 0x7fff2d1ff6c0 (LWP 1938152)]\n"
*running,thread-id="92"
~"[Thread 0x7fff2d1ff6c0 (LWP 1938152) exited]\n"
=thread-exited,id="92",group-id="i1"
=thread-created,id="93",group-id="i1"
~"[New Thread 0x7fff2d1ff6c0 (LWP 1938167)]\n"
*running,thread-id="93"
~"[Thread 0x7fff2d1ff6c0 (LWP 1938167) exited]\n"
=thread-exited,id="93",group-id="i1"
=thread-created,id="94",group-id="i1"
~"[New Thread 0x7fff2d1ff6c0 (LWP 1938183)]\n"
*running,thread-id="94"
~"[Thread 0x7fff2d1ff6c0 (LWP 1938183) exited]\n"
=thread-exited,id="94",group-id="i1"
=thread-created,id="95",group-id="i1"
~"[New Thread 0x7fff2d1ff6c0 (LWP 1938202)]\n"
*running,thread-id="95"
~"[Thread 0x7fff2d1ff6c0 (LWP 1938202) exited]\n"
=thread-exited,id="95",group-id="i1"
=thread-created,id="96",group-id="i1"
~"[New Thread 0x7fff2d1ff6c0 (LWP 1938219)]\n"
*running,thread-id="96"
~"[Thread 0x7fff2d1ff6c0 (LWP 1938219) exited]\n"
=thread-exited,id="96",group-id="i1"
=thread-created,id="97",group-id="i1"
~"[New Thread 0x7fff2d1ff6c0 (LWP 1938247)]\n"
*running,thread-id="97"
~"[Thread 0x7fff2d1ff6c0 (LWP 1938247) exited]\n"
=thread-exited,id="97",group-id="i1"
=thread-created,id="98",group-id="i1"
~"[New Thread 0x7fff2d1ff6c0 (LWP 1938265)]\n"
*running,thread-id="98"
~"[Thread 0x7fff2d1ff6c0 (LWP 1938265) exited]\n"
=thread-exited,id="98",group-id="i1"
=thread-created,id="99",group-id="i1"
~"[New Thread 0x7fff2d1ff6c0 (LWP 1938284)]\n"
*running,thread-id="99"
~"[Thread 0x7fff2d1ff6c0 (LWP 1938284) exited]\n"
=thread-exited,id="99",group-id="i1"
=thread-created,id="100",group-id="i1"
~"[New Thread 0x7fff2d1ff6c0 (LWP 1938298)]\n"
*running,thread-id="100"
~"[Thread 0x7fff2d1ff6c0 (LWP 1938298) exited]\n"
=thread-exited,id="100",group-id="i1"
=thread-created,id="101",group-id="i1"
~"[New Thread 0x7fff2d1ff6c0 (LWP 1938320)]\n"
*running,thread-id="101"
~"[Thread 0x7fff2d1ff6c0 (LWP 1938320) exited]\n"
=thread-exited,id="101",group-id="i1"
=thread-created,id="102",group-id="i1"
~"[New Thread 0x7fff2d1ff6c0 (LWP 1938333)]\n"
*running,thread-id="102"
~"[Thread 0x7fff2d1ff6c0 (LWP 1938333) exited]\n"
=thread-exited,id="102",group-id="i1"
=thread-created,id="103",group-id="i1"
~"[New Thread 0x7fff2d1ff6c0 (LWP 1938361)]\n"
*running,thread-id="103"
~"[Thread 0x7fff2d1ff6c0 (LWP 1938361) exited]\n"
=thread-exited,id="103",group-id="i1"
=thread-created,id="104",group-id="i1"
~"[New Thread 0x7fff2d1ff6c0 (LWP 1938372)]\n"
*running,thread-id="104"
~"[Thread 0x7fff2d1ff6c0 (LWP 1938372) exited]\n"
=thread-exited,id="104",group-id="i1"
=thread-created,id="105",group-id="i1"
~"[New Thread 0x7fff2d1ff6c0 (LWP 1938390)]\n"
*running,thread-id="105"
~"[Thread 0x7fff2d1ff6c0 (LWP 1938390) exited]\n"
=thread-exited,id="105",group-id="i1"
=thread-created,id="106",group-id="i1"
~"[New Thread 0x7fff2d1ff6c0 (LWP 1938413)]\n"
*running,thread-id="106"
~"[Thread 0x7fff2d1ff6c0 (LWP 1938413) exited]\n"
=thread-exited,id="106",group-id="i1"
=thread-created,id="107",group-id="i1"
~"[New Thread 0x7fff2d1ff6c0 (LWP 1938436)]\n"
*running,thread-id="107"
~"[Thread 0x7fff2d1ff6c0 (LWP 1938436) exited]\n"
=thread-exited,id="107",group-id="i1"
=thread-created,id="108",group-id="i1"
~"[New Thread 0x7fff2d1ff6c0 (LWP 1938499)]\n"
*running,thread-id="108"
~"[Thread 0x7fff2d1ff6c0 (LWP 1938499) exited]\n"
=thread-exited,id="108",group-id="i1"
=thread-created,id="109",group-id="i1"
~"[New Thread 0x7fff2d1ff6c0 (LWP 1938550)]\n"
*running,thread-id="109"
~"[Thread 0x7fff2d1ff6c0 (LWP 1938550) exited]\n"
=thread-exited,id="109",group-id="i1"
=thread-created,id="110",group-id="i1"
~"[New Thread 0x7fff2d1ff6c0 (LWP 1938561)]\n"
*running,thread-id="110"
~"[Thread 0x7fff2d1ff6c0 (LWP 1938561) exited]\n"
=thread-exited,id="110",group-id="i1"
=thread-created,id="111",group-id="i1"
~"[New Thread 0x7fff2d1ff6c0 (LWP 1938574)]\n"
*running,thread-id="111"
~"[Thread 0x7fff2d1ff6c0 (LWP 1938574) exited]\n"
=thread-exited,id="111",group-id="i1"
=thread-created,id="112",group-id="i1"
~"[New Thread 0x7fff2d1ff6c0 (LWP 1938589)]\n"
*running,thread-id="112"
~"[Thread 0x7fff2d1ff6c0 (LWP 1938589) exited]\n"
=thread-exited,id="112",group-id="i1"
=thread-created,id="113",group-id="i1"
~"[New Thread 0x7fff2d1ff6c0 (LWP 1938607)]\n"
*running,thread-id="113"
~"[Thread 0x7fff2d1ff6c0 (LWP 1938607) exited]\n"
=thread-exited,id="113",group-id="i1"
=thread-created,id="114",group-id="i1"
~"[New Thread 0x7fff2d1ff6c0 (LWP 1938624)]\n"
*running,thread-id="114"
~"[Thread 0x7fff2d1ff6c0 (LWP 1938624) exited]\n"
=thread-exited,id="114",group-id="i1"
=thread-created,id="115",group-id="i1"
~"[New Thread 0x7fff2d1ff6c0 (LWP 1938630)]\n"
*running,thread-id="115"
~"[Thread 0x7fff2d1ff6c0 (LWP 1938630) exited]\n"
=thread-exited,id="115",group-id="i1"
=thread-created,id="116",group-id="i1"
~"[New Thread 0x7fff2d1ff6c0 (LWP 1938643)]\n"
*running,thread-id="116"
~"[Thread 0x7fff2d1ff6c0 (LWP 1938643) exited]\n"
=thread-exited,id="116",group-id="i1"
=thread-created,id="117",group-id="i1"
~"[New Thread 0x7fff2d1ff6c0 (LWP 1938650)]\n"
*running,thread-id="117"
~"[Thread 0x7fff2d1ff6c0 (LWP 1938650) exited]\n"
=thread-exited,id="117",group-id="i1"
=thread-created,id="118",group-id="i1"
~"[New Thread 0x7fff2d1ff6c0 (LWP 1938670)]\n"
*running,thread-id="118"
~"[Thread 0x7fff2d1ff6c0 (LWP 1938670) exited]\n"
=thread-exited,id="118",group-id="i1"
=thread-created,id="119",group-id="i1"
~"[New Thread 0x7fff2d1ff6c0 (LWP 1938702)]\n"
*running,thread-id="119"
~"[Thread 0x7fff2d1ff6c0 (LWP 1938702) exited]\n"
=thread-exited,id="119",group-id="i1"
=thread-created,id="120",group-id="i1"
~"[New Thread 0x7fff2d1ff6c0 (LWP 1938743)]\n"
*running,thread-id="120"
~"[Thread 0x7fff2d1ff6c0 (LWP 1938743) exited]\n"
=thread-exited,id="120",group-id="i1"
=thread-created,id="121",group-id="i1"
~"[New Thread 0x7fff2d1ff6c0 (LWP 1938766)]\n"
*running,thread-id="121"
~"[Thread 0x7fff2d1ff6c0 (LWP 1938766) exited]\n"
=thread-exited,id="121",group-id="i1"
=thread-created,id="122",group-id="i1"
~"[New Thread 0x7fff2d1ff6c0 (LWP 1938784)]\n"
*running,thread-id="122"
~"[Thread 0x7fff2d1ff6c0 (LWP 1938784) exited]\n"
=thread-exited,id="122",group-id="i1"
=thread-created,id="123",group-id="i1"
~"[New Thread 0x7fff2d1ff6c0 (LWP 1938803)]\n"
*running,thread-id="123"
~"[Thread 0x7fff2d1ff6c0 (LWP 1938803) exited]\n"
=thread-exited,id="123",group-id="i1"
=thread-created,id="124",group-id="i1"
~"[New Thread 0x7fff2d1ff6c0 (LWP 1938822)]\n"
*running,thread-id="124"
~"[Thread 0x7fff2d1ff6c0 (LWP 1938822) exited]\n"
=thread-exited,id="124",group-id="i1"
=thread-created,id="125",group-id="i1"
~"[New Thread 0x7fff2d1ff6c0 (LWP 1938867)]\n"
*running,thread-id="125"
~"[Thread 0x7fff2d1ff6c0 (LWP 1938867) exited]\n"
=thread-exited,id="125",group-id="i1"
=thread-created,id="126",group-id="i1"
~"[New Thread 0x7fff2d1ff6c0 (LWP 1938876)]\n"
*running,thread-id="126"
~"[Thread 0x7fff2d1ff6c0 (LWP 1938876) exited]\n"
=thread-exited,id="126",group-id="i1"
=thread-created,id="127",group-id="i1"
~"[New Thread 0x7fff2d1ff6c0 (LWP 1938898)]\n"
*running,thread-id="127"
~"[Thread 0x7fff2d1ff6c0 (LWP 1938898) exited]\n"
=thread-exited,id="127",group-id="i1"
=thread-created,id="128",group-id="i1"
~"[New Thread 0x7fff2d1ff6c0 (LWP 1938907)]\n"
*running,thread-id="128"
~"[Thread 0x7fff2d1ff6c0 (LWP 1938907) exited]\n"
=thread-exited,id="128",group-id="i1"
=thread-created,id="129",group-id="i1"
~"[New Thread 0x7fff2d1ff6c0 (LWP 1938927)]\n"
*running,thread-id="129"
~"[Thread 0x7fff2d1ff6c0 (LWP 1938927) exited]\n"
=thread-exited,id="129",group-id="i1"
=thread-created,id="130",group-id="i1"
~"[New Thread 0x7fff2d1ff6c0 (LWP 1938965)]\n"
*running,thread-id="130"
~"[Thread 0x7fff2d1ff6c0 (LWP 1938965) exited]\n"
=thread-exited,id="130",group-id="i1"
=thread-created,id="131",group-id="i1"
~"[New Thread 0x7fff2d1ff6c0 (LWP 1938984)]\n"
*running,thread-id="131"
~"[Thread 0x7fff2d1ff6c0 (LWP 1938984) exited]\n"
=thread-exited,id="131",group-id="i1"
=thread-created,id="132",group-id="i1"
~"[New Thread 0x7fff2d1ff6c0 (LWP 1939014)]\n"
*running,thread-id="132"
~"[Thread 0x7fff2d1ff6c0 (LWP 1939014) exited]\n"
=thread-exited,id="132",group-id="i1"
=thread-created,id="133",group-id="i1"
~"[New Thread 0x7fff2d1ff6c0 (LWP 1939023)]\n"
*running,thread-id="133"
~"[Thread 0x7fff2d1ff6c0 (LWP 1939023) exited]\n"
=thread-exited,id="133",group-id="i1"
=thread-created,id="134",group-id="i1"
~"[New Thread 0x7fff2d1ff6c0 (LWP 1939038)]\n"
*running,thread-id="134"
~"[Thread 0x7fff2d1ff6c0 (LWP 1939038) exited]\n"
=thread-exited,id="134",group-id="i1"
=thread-created,id="135",group-id="i1"
~"[New Thread 0x7fff2d1ff6c0 (LWP 1939050)]\n"
*running,thread-id="135"
~"[Thread 0x7fff2d1ff6c0 (LWP 1939050) exited]\n"
=thread-exited,id="135",group-id="i1"
=thread-created,id="136",group-id="i1"
~"[New Thread 0x7fff2d1ff6c0 (LWP 1939066)]\n"
*running,thread-id="136"
~"[Thread 0x7fff2d1ff6c0 (LWP 1939066) exited]\n"
=thread-exited,id="136",group-id="i1"
=thread-created,id="137",group-id="i1"
~"[New Thread 0x7fff2d1ff6c0 (LWP 1939091)]\n"
*running,thread-id="137"
~"[Thread 0x7fff2d1ff6c0 (LWP 1939091) exited]\n"
=thread-exited,id="137",group-id="i1"
=thread-created,id="138",group-id="i1"
~"[New Thread 0x7fff2d1ff6c0 (LWP 1939111)]\n"
*running,thread-id="138"
~"[Thread 0x7fff2d1ff6c0 (LWP 1939111) exited]\n"
=thread-exited,id="138",group-id="i1"
=thread-created,id="139",group-id="i1"
~"[New Thread 0x7fff2d1ff6c0 (LWP 1939140)]\n"
*running,thread-id="139"
~"[Thread 0x7fff2d1ff6c0 (LWP 1939140) exited]\n"
=thread-exited,id="139",group-id="i1"
=thread-created,id="140",group-id="i1"
~"[New Thread 0x7fff2d1ff6c0 (LWP 1939169)]\n"
*running,thread-id="140"
~"[Thread 0x7fff2d1ff6c0 (LWP 1939169) exited]\n"
=thread-exited,id="140",group-id="i1"
=thread-created,id="141",group-id="i1"
~"[New Thread 0x7fff2d1ff6c0 (LWP 1939209)]\n"
*running,thread-id="141"
~"[Thread 0x7fff2d1ff6c0 (LWP 1939209) exited]\n"
=thread-exited,id="141",group-id="i1"
=thread-created,id="142",group-id="i1"
~"[New Thread 0x7fff2d1ff6c0 (LWP 1939223)]\n"
*running,thread-id="142"
~"[Thread 0x7fff2d1ff6c0 (LWP 1939223) exited]\n"
=thread-exited,id="142",group-id="i1"
=thread-created,id="143",group-id="i1"
~"[New Thread 0x7fff2d1ff6c0 (LWP 1939275)]\n"
*running,thread-id="143"
~"[Thread 0x7fff2d1ff6c0 (LWP 1939275) exited]\n"
=thread-exited,id="143",group-id="i1"
=thread-created,id="144",group-id="i1"
~"[New Thread 0x7fff2d1ff6c0 (LWP 1939364)]\n"
*running,thread-id="144"
~"[Thread 0x7fff2d1ff6c0 (LWP 1939364) exited]\n"
=thread-exited,id="144",group-id="i1"
=thread-created,id="145",group-id="i1"
~"[New Thread 0x7fff2d1ff6c0 (LWP 1939392)]\n"
*running,thread-id="145"
~"[Thread 0x7fff2d1ff6c0 (LWP 1939392) exited]\n"
=thread-exited,id="145",group-id="i1"
=thread-created,id="146",group-id="i1"
~"[New Thread 0x7fff2d1ff6c0 (LWP 1939404)]\n"
*running,thread-id="146"
~"[Thread 0x7fff2d1ff6c0 (LWP 1939404) exited]\n"
=thread-exited,id="146",group-id="i1"
=thread-created,id="147",group-id="i1"
~"[New Thread 0x7fff2d1ff6c0 (LWP 1939436)]\n"
*running,thread-id="147"
~"[Thread 0x7fff2d1ff6c0 (LWP 1939436) exited]\n"
=thread-exited,id="147",group-id="i1"
=thread-created,id="148",group-id="i1"
~"[New Thread 0x7fff2d1ff6c0 (LWP 1939451)]\n"
*running,thread-id="148"
~"[Thread 0x7fff2d1ff6c0 (LWP 1939451) exited]\n"
=thread-exited,id="148",group-id="i1"
=thread-created,id="149",group-id="i1"
~"[New Thread 0x7fff2d1ff6c0 (LWP 1939465)]\n"
*running,thread-id="149"
~"[Thread 0x7fff2d1ff6c0 (LWP 1939465) exited]\n"
=thread-exited,id="149",group-id="i1"
=thread-created,id="150",group-id="i1"
~"[New Thread 0x7fff2d1ff6c0 (LWP 1939477)]\n"
*running,thread-id="150"
~"[Thread 0x7fff2d1ff6c0 (LWP 1939477) exited]\n"
=thread-exited,id="150",group-id="i1"
=thread-created,id="151",group-id="i1"
~"[New Thread 0x7fff2d1ff6c0 (LWP 1939495)]\n"
*running,thread-id="151"
~"[Thread 0x7fff2d1ff6c0 (LWP 1939495) exited]\n"
=thread-exited,id="151",group-id="i1"
=thread-created,id="152",group-id="i1"
~"[New Thread 0x7fff2d1ff6c0 (LWP 1939530)]\n"
*running,thread-id="152"
~"[Thread 0x7fff2d1ff6c0 (LWP 1939530) exited]\n"
=thread-exited,id="152",group-id="i1"
=thread-created,id="153",group-id="i1"
~"[New Thread 0x7fff2d1ff6c0 (LWP 1939542)]\n"
*running,thread-id="153"
~"[Thread 0x7fff2d1ff6c0 (LWP 1939542) exited]\n"
=thread-exited,id="153",group-id="i1"
=thread-created,id="154",group-id="i1"
~"[New Thread 0x7fff2d1ff6c0 (LWP 1939558)]\n"
*running,thread-id="154"
~"[Thread 0x7fff2d1ff6c0 (LWP 1939558) exited]\n"
=thread-exited,id="154",group-id="i1"
=thread-created,id="155",group-id="i1"
~"[New Thread 0x7fff2d1ff6c0 (LWP 1939582)]\n"
*running,thread-id="155"
~"[Thread 0x7fff2d1ff6c0 (LWP 1939582) exited]\n"
=thread-exited,id="155",group-id="i1"
=thread-created,id="156",group-id="i1"
~"[New Thread 0x7fff2d1ff6c0 (LWP 1939593)]\n"
*running,thread-id="156"
~"[Thread 0x7fff2d1ff6c0 (LWP 1939593) exited]\n"
=thread-exited,id="156",group-id="i1"
=thread-created,id="157",group-id="i1"
~"[New Thread 0x7fff2d1ff6c0 (LWP 1939609)]\n"
*running,thread-id="157"
~"[Thread 0x7fff2d1ff6c0 (LWP 1939609) exited]\n"
=thread-exited,id="157",group-id="i1"
=thread-created,id="158",group-id="i1"
~"[New Thread 0x7fff2d1ff6c0 (LWP 1939629)]\n"
*running,thread-id="158"
~"[Thread 0x7fff2d1ff6c0 (LWP 1939629) exited]\n"
=thread-exited,id="158",group-id="i1"
=thread-created,id="159",group-id="i1"
~"[New Thread 0x7fff2d1ff6c0 (LWP 1939642)]\n"
*running,thread-id="159"
~"[Thread 0x7fff2d1ff6c0 (LWP 1939642) exited]\n"
=thread-exited,id="159",group-id="i1"
=thread-created,id="160",group-id="i1"
~"[New Thread 0x7fff2d1ff6c0 (LWP 1939660)]\n"
*running,thread-id="160"
~"[Thread 0x7fff2d1ff6c0 (LWP 1939660) exited]\n"
=thread-exited,id="160",group-id="i1"
=thread-created,id="161",group-id="i1"
~"[New Thread 0x7fff2d1ff6c0 (LWP 1939670)]\n"
*running,thread-id="161"
~"[Thread 0x7fff2d1ff6c0 (LWP 1939670) exited]\n"
=thread-exited,id="161",group-id="i1"
=thread-created,id="162",group-id="i1"
~"[New Thread 0x7fff2d1ff6c0 (LWP 1939687)]\n"
*running,thread-id="162"
~"[Thread 0x7fff2d1ff6c0 (LWP 1939687) exited]\n"
=thread-exited,id="162",group-id="i1"
=thread-created,id="163",group-id="i1"
~"[New Thread 0x7fff2d1ff6c0 (LWP 1939719)]\n"
*running,thread-id="163"
~"[Thread 0x7fff2d1ff6c0 (LWP 1939719) exited]\n"
=thread-exited,id="163",group-id="i1"
=thread-created,id="164",group-id="i1"
~"[New Thread 0x7fff2d1ff6c0 (LWP 1939746)]\n"
*running,thread-id="164"
~"[Thread 0x7fff2d1ff6c0 (LWP 1939746) exited]\n"
=thread-exited,id="164",group-id="i1"
=thread-created,id="165",group-id="i1"
~"[New Thread 0x7fff2d1ff6c0 (LWP 1939786)]\n"
*running,thread-id="165"
~"[Thread 0x7fff2d1ff6c0 (LWP 1939786) exited]\n"
=thread-exited,id="165",group-id="i1"
=thread-created,id="166",group-id="i1"
~"[New Thread 0x7fff2d1ff6c0 (LWP 1939797)]\n"
*running,thread-id="166"
~"[Thread 0x7fff2d1ff6c0 (LWP 1939797) exited]\n"
=thread-exited,id="166",group-id="i1"
=thread-created,id="167",group-id="i1"
~"[New Thread 0x7fff2d1ff6c0 (LWP 1939808)]\n"
*running,thread-id="167"
~"[Thread 0x7fff2d1ff6c0 (LWP 1939808) exited]\n"
=thread-exited,id="167",group-id="i1"
=thread-created,id="168",group-id="i1"
~"[New Thread 0x7fff2d1ff6c0 (LWP 1939821)]\n"
*running,thread-id="168"
~"[Thread 0x7fff2d1ff6c0 (LWP 1939821) exited]\n"
=thread-exited,id="168",group-id="i1"
=thread-created,id="169",group-id="i1"
~"[New Thread 0x7fff2d1ff6c0 (LWP 1939833)]\n"
*running,thread-id="169"
~"[Thread 0x7fff2d1ff6c0 (LWP 1939833) exited]\n"
=thread-exited,id="169",group-id="i1"
=thread-created,id="170",group-id="i1"
~"[New Thread 0x7fff2d1ff6c0 (LWP 1939846)]\n"
*running,thread-id="170"
~"[Thread 0x7fff2d1ff6c0 (LWP 1939846) exited]\n"
=thread-exited,id="170",group-id="i1"
=thread-created,id="171",group-id="i1"
~"[New Thread 0x7fff2d1ff6c0 (LWP 1939857)]\n"
*running,thread-id="171"
~"[Thread 0x7fff2d1ff6c0 (LWP 1939857) exited]\n"
=thread-exited,id="171",group-id="i1"
=thread-created,id="172",group-id="i1"
~"[New Thread 0x7fff2d1ff6c0 (LWP 1939869)]\n"
*running,thread-id="172"
~"[Thread 0x7fff2d1ff6c0 (LWP 1939869) exited]\n"
=thread-exited,id="172",group-id="i1"
=thread-created,id="173",group-id="i1"
~"[New Thread 0x7fff2d1ff6c0 (LWP 1939893)]\n"
*running,thread-id="173"
~"[Thread 0x7fff2d1ff6c0 (LWP 1939893) exited]\n"
=thread-exited,id="173",group-id="i1"
=thread-created,id="174",group-id="i1"
~"[New Thread 0x7fff2d1ff6c0 (LWP 1939907)]\n"
*running,thread-id="174"
~"[Thread 0x7fff2d1ff6c0 (LWP 1939907) exited]\n"
=thread-exited,id="174",group-id="i1"
=thread-created,id="175",group-id="i1"
~"[New Thread 0x7fff2d1ff6c0 (LWP 1939919)]\n"
*running,thread-id="175"
~"[Thread 0x7fff2d1ff6c0 (LWP 1939919) exited]\n"
=thread-exited,id="175",group-id="i1"
=thread-created,id="176",group-id="i1"
~"[New Thread 0x7fff2d1ff6c0 (LWP 1939948)]\n"
*running,thread-id="176"
~"[Thread 0x7fff2d1ff6c0 (LWP 1939948) exited]\n"
=thread-exited,id="176",group-id="i1"
=thread-created,id="177",group-id="i1"
~"[New Thread 0x7fff2d1ff6c0 (LWP 1939982)]\n"
*running,thread-id="177"
~"[Thread 0x7fff2d1ff6c0 (LWP 1939982) exited]\n"
=thread-exited,id="177",group-id="i1"
=thread-created,id="178",group-id="i1"
~"[New Thread 0x7fff2d1ff6c0 (LWP 1940004)]\n"
*running,thread-id="178"
~"[Thread 0x7fff2d1ff6c0 (LWP 1940004) exited]\n"
=thread-exited,id="178",group-id="i1"
=thread-created,id="179",group-id="i1"
~"[New Thread 0x7fff2d1ff6c0 (LWP 1940020)]\n"
*running,thread-id="179"
~"[Thread 0x7fff2d1ff6c0 (LWP 1940020) exited]\n"
=thread-exited,id="179",group-id="i1"
=thread-created,id="180",group-id="i1"
~"[New Thread 0x7fff2d1ff6c0 (LWP 1940038)]\n"
*running,thread-id="180"
~"[Thread 0x7fff2d1ff6c0 (LWP 1940038) exited]\n"
=thread-exited,id="180",group-id="i1"
=thread-created,id="181",group-id="i1"
~"[New Thread 0x7fff2d1ff6c0 (LWP 1940046)]\n"
*running,thread-id="181"
~"[Thread 0x7fff2d1ff6c0 (LWP 1940046) exited]\n"
=thread-exited,id="181",group-id="i1"
=thread-created,id="182",group-id="i1"
~"[New Thread 0x7fff2d1ff6c0 (LWP 1940062)]\n"
*running,thread-id="182"
~"[Thread 0x7fff2d1ff6c0 (LWP 1940062) exited]\n"
=thread-exited,id="182",group-id="i1"
=thread-created,id="183",group-id="i1"
~"[New Thread 0x7fff2d1ff6c0 (LWP 1940067)]\n"
*running,thread-id="183"
~"[Thread 0x7fff2d1ff6c0 (LWP 1940067) exited]\n"
=thread-exited,id="183",group-id="i1"
=thread-created,id="184",group-id="i1"
~"[New Thread 0x7fff2d1ff6c0 (LWP 1940076)]\n"
*running,thread-id="184"
~"[Thread 0x7fff2d1ff6c0 (LWP 1940076) exited]\n"
=thread-exited,id="184",group-id="i1"
=thread-created,id="185",group-id="i1"
~"[New Thread 0x7fff2d1ff6c0 (LWP 1940151)]\n"
*running,thread-id="185"
~"[Thread 0x7fff2d1ff6c0 (LWP 1940151) exited]\n"
=thread-exited,id="185",group-id="i1"
=thread-created,id="186",group-id="i1"
~"[New Thread 0x7fff2d1ff6c0 (LWP 1940166)]\n"
*running,thread-id="186"
~"[Thread 0x7fff2d1ff6c0 (LWP 1940166) exited]\n"
=thread-exited,id="186",group-id="i1"
=thread-created,id="187",group-id="i1"
~"[New Thread 0x7fff2d1ff6c0 (LWP 1940181)]\n"
*running,thread-id="187"
~"[Thread 0x7fff2d1ff6c0 (LWP 1940181) exited]\n"
=thread-exited,id="187",group-id="i1"
=thread-created,id="188",group-id="i1"
~"[New Thread 0x7fff2d1ff6c0 (LWP 1940201)]\n"
*running,thread-id="188"
~"[Thread 0x7fff2d1ff6c0 (LWP 1940201) exited]\n"
=thread-exited,id="188",group-id="i1"
=thread-created,id="189",group-id="i1"
~"[New Thread 0x7fff2d1ff6c0 (LWP 1940206)]\n"
*running,thread-id="189"
~"[Thread 0x7fff2d1ff6c0 (LWP 1940206) exited]\n"
=thread-exited,id="189",group-id="i1"
=thread-created,id="190",group-id="i1"
~"[New Thread 0x7fff2d1ff6c0 (LWP 1940212)]\n"
*running,thread-id="190"
~"[Thread 0x7fff2d1ff6c0 (LWP 1940212) exited]\n"
=thread-exited,id="190",group-id="i1"
=thread-created,id="191",group-id="i1"
~"[New Thread 0x7fff2d1ff6c0 (LWP 1940244)]\n"
*running,thread-id="191"
~"[Thread 0x7fff2d1ff6c0 (LWP 1940244) exited]\n"
=thread-exited,id="191",group-id="i1"
=thread-created,id="192",group-id="i1"
~"[New Thread 0x7fff2d1ff6c0 (LWP 1940252)]\n"
*running,thread-id="192"
~"[Thread 0x7fff2d1ff6c0 (LWP 1940252) exited]\n"
=thread-exited,id="192",group-id="i1"
=thread-created,id="193",group-id="i1"
~"[New Thread 0x7fff2d1ff6c0 (LWP 1940257)]\n"
*running,thread-id="193"
~"[Thread 0x7fff2d1ff6c0 (LWP 1940257) exited]\n"
=thread-exited,id="193",group-id="i1"
=thread-created,id="194",group-id="i1"
~"[New Thread 0x7fff2d1ff6c0 (LWP 1940269)]\n"
*running,thread-id="194"
~"[Thread 0x7fff2d1ff6c0 (LWP 1940269) exited]\n"
=thread-exited,id="194",group-id="i1"
=thread-created,id="195",group-id="i1"
~"[New Thread 0x7fff2d1ff6c0 (LWP 1940276)]\n"
*running,thread-id="195"
~"[Thread 0x7fff2d1ff6c0 (LWP 1940276) exited]\n"
=thread-exited,id="195",group-id="i1"
=thread-created,id="196",group-id="i1"
~"[New Thread 0x7fff2d1ff6c0 (LWP 1940288)]\n"
*running,thread-id="196"
~"[Thread 0x7fff2d1ff6c0 (LWP 1940288) exited]\n"
=thread-exited,id="196",group-id="i1"
=thread-created,id="197",group-id="i1"
~"[New Thread 0x7fff2d1ff6c0 (LWP 1940303)]\n"
*running,thread-id="197"
~"[Thread 0x7fff2d1ff6c0 (LWP 1940303) exited]\n"
=thread-exited,id="197",group-id="i1"
=thread-created,id="198",group-id="i1"
~"[New Thread 0x7fff2d1ff6c0 (LWP 1940333)]\n"
*running,thread-id="198"
~"[Thread 0x7fff2d1ff6c0 (LWP 1940333) exited]\n"
=thread-exited,id="198",group-id="i1"
=thread-created,id="199",group-id="i1"
~"[New Thread 0x7fff2d1ff6c0 (LWP 1940383)]\n"
*running,thread-id="199"
~"[Thread 0x7fff2d1ff6c0 (LWP 1940383) exited]\n"
=thread-exited,id="199",group-id="i1"
=thread-created,id="200",group-id="i1"
~"[New Thread 0x7fff2d1ff6c0 (LWP 1940405)]\n"
*running,thread-id="200"
~"[Thread 0x7fff2d1ff6c0 (LWP 1940405) exited]\n"
=thread-exited,id="200",group-id="i1"
=thread-created,id="201",group-id="i1"
~"[New Thread 0x7fff2d1ff6c0 (LWP 1940427)]\n"
*running,thread-id="201"
~"[Thread 0x7fff2d1ff6c0 (LWP 1940427) exited]\n"
=thread-exited,id="201",group-id="i1"
=thread-created,id="202",group-id="i1"
~"[New Thread 0x7fff2d1ff6c0 (LWP 1940531)]\n"
*running,thread-id="202"
~"[Thread 0x7fff2d1ff6c0 (LWP 1940531) exited]\n"
=thread-exited,id="202",group-id="i1"
=thread-created,id="203",group-id="i1"
~"[New Thread 0x7fff2d1ff6c0 (LWP 1940564)]\n"
*running,thread-id="203"
~"[Thread 0x7fff2d1ff6c0 (LWP 1940564) exited]\n"
=thread-exited,id="203",group-id="i1"
=thread-created,id="204",group-id="i1"
~"[New Thread 0x7fff2d1ff6c0 (LWP 1940581)]\n"
*running,thread-id="204"
~"[Thread 0x7fff2d1ff6c0 (LWP 1940581) exited]\n"
=thread-exited,id="204",group-id="i1"
=thread-created,id="205",group-id="i1"
~"[New Thread 0x7fff2d1ff6c0 (LWP 1940597)]\n"
*running,thread-id="205"
~"[Thread 0x7fff2d1ff6c0 (LWP 1940597) exited]\n"
=thread-exited,id="205",group-id="i1"
=thread-created,id="206",group-id="i1"
~"[New Thread 0x7fff2d1ff6c0 (LWP 1940607)]\n"
*running,thread-id="206"
~"[Thread 0x7fff2d1ff6c0 (LWP 1940607) exited]\n"
=thread-exited,id="206",group-id="i1"
=thread-created,id="207",group-id="i1"
~"[New Thread 0x7fff2d1ff6c0 (LWP 1940629)]\n"
*running,thread-id="207"
~"[Thread 0x7fff2d1ff6c0 (LWP 1940629) exited]\n"
=thread-exited,id="207",group-id="i1"
=thread-created,id="208",group-id="i1"
~"[New Thread 0x7fff2d1ff6c0 (LWP 1940688)]\n"
*running,thread-id="208"
~"[Thread 0x7fff2d1ff6c0 (LWP 1940688) exited]\n"
=thread-exited,id="208",group-id="i1"
=thread-created,id="209",group-id="i1"
~"[New Thread 0x7fff2d1ff6c0 (LWP 1940704)]\n"
*running,thread-id="209"
~"[Thread 0x7fff2d1ff6c0 (LWP 1940704) exited]\n"
=thread-exited,id="209",group-id="i1"
=thread-created,id="210",group-id="i1"
~"[New Thread 0x7fff2d1ff6c0 (LWP 1940727)]\n"
*running,thread-id="210"
~"[Thread 0x7fff2d1ff6c0 (LWP 1940727) exited]\n"
=thread-exited,id="210",group-id="i1"
=thread-created,id="211",group-id="i1"
~"[New Thread 0x7fff2d1ff6c0 (LWP 1940767)]\n"
*running,thread-id="211"
~"[Thread 0x7fff2d1ff6c0 (LWP 1940767) exited]\n"
=thread-exited,id="211",group-id="i1"
=thread-created,id="212",group-id="i1"
~"[New Thread 0x7fff2d1ff6c0 (LWP 1940797)]\n"
*running,thread-id="212"
~"[Thread 0x7fff2d1ff6c0 (LWP 1940797) exited]\n"
=thread-exited,id="212",group-id="i1"
=thread-created,id="213",group-id="i1"
~"[New Thread 0x7fff2d1ff6c0 (LWP 1940833)]\n"
*running,thread-id="213"
~"[Thread 0x7fff2d1ff6c0 (LWP 1940833) exited]\n"
=thread-exited,id="213",group-id="i1"
=thread-created,id="214",group-id="i1"
~"[New Thread 0x7fff2d1ff6c0 (LWP 1940855)]\n"
*running,thread-id="214"
~"[Thread 0x7fff2d1ff6c0 (LWP 1940855) exited]\n"
=thread-exited,id="214",group-id="i1"
=thread-created,id="215",group-id="i1"
~"[New Thread 0x7fff2d1ff6c0 (LWP 1940878)]\n"
*running,thread-id="215"
~"[Thread 0x7fff2d1ff6c0 (LWP 1940878) exited]\n"
=thread-exited,id="215",group-id="i1"
=thread-created,id="216",group-id="i1"
~"[New Thread 0x7fff2d1ff6c0 (LWP 1940928)]\n"
*running,thread-id="216"
~"[Thread 0x7fff2d1ff6c0 (LWP 1940928) exited]\n"
=thread-exited,id="216",group-id="i1"
=thread-created,id="217",group-id="i1"
~"[New Thread 0x7fff2d1ff6c0 (LWP 1940950)]\n"
*running,thread-id="217"
~"[Thread 0x7fff2d1ff6c0 (LWP 1940950) exited]\n"
=thread-exited,id="217",group-id="i1"
=thread-created,id="218",group-id="i1"
~"[New Thread 0x7fff2d1ff6c0 (LWP 1940966)]\n"
*running,thread-id="218"
~"[Thread 0x7fff2d1ff6c0 (LWP 1940966) exited]\n"
=thread-exited,id="218",group-id="i1"
=thread-created,id="219",group-id="i1"
~"[New Thread 0x7fff2d1ff6c0 (LWP 1941007)]\n"
*running,thread-id="219"
~"[Thread 0x7fff2d1ff6c0 (LWP 1941007) exited]\n"
=thread-exited,id="219",group-id="i1"
=thread-created,id="220",group-id="i1"
~"[New Thread 0x7fff2d1ff6c0 (LWP 1941024)]\n"
*running,thread-id="220"
~"[Thread 0x7fff2d1ff6c0 (LWP 1941024) exited]\n"
=thread-exited,id="220",group-id="i1"
=thread-created,id="221",group-id="i1"
~"[New Thread 0x7fff2d1ff6c0 (LWP 1941043)]\n"
*running,thread-id="221"
~"[Thread 0x7fff2d1ff6c0 (LWP 1941043) exited]\n"
=thread-exited,id="221",group-id="i1"
=thread-created,id="222",group-id="i1"
~"[New Thread 0x7fff2d1ff6c0 (LWP 1941063)]\n"
*running,thread-id="222"
~"[Thread 0x7fff2d1ff6c0 (LWP 1941063) exited]\n"
=thread-exited,id="222",group-id="i1"
=thread-created,id="223",group-id="i1"
~"[New Thread 0x7fff2d1ff6c0 (LWP 1941081)]\n"
*running,thread-id="223"
~"[Thread 0x7fff2d1ff6c0 (LWP 1941081) exited]\n"
=thread-exited,id="223",group-id="i1"
=thread-created,id="224",group-id="i1"
~"[New Thread 0x7fff2d1ff6c0 (LWP 1941108)]\n"
*running,thread-id="224"
~"[Thread 0x7fff2d1ff6c0 (LWP 1941108) exited]\n"
=thread-exited,id="224",group-id="i1"
=thread-created,id="225",group-id="i1"
~"[New Thread 0x7fff2d1ff6c0 (LWP 1941142)]\n"
*running,thread-id="225"
~"[Thread 0x7fff2d1ff6c0 (LWP 1941142) exited]\n"
=thread-exited,id="225",group-id="i1"
=thread-created,id="226",group-id="i1"
~"[New Thread 0x7fff2d1ff6c0 (LWP 1941160)]\n"
*running,thread-id="226"
~"[Thread 0x7fff2d1ff6c0 (LWP 1941160) exited]\n"
=thread-exited,id="226",group-id="i1"
=thread-created,id="227",group-id="i1"
~"[New Thread 0x7fff2d1ff6c0 (LWP 1941229)]\n"
*running,thread-id="227"
~"[Thread 0x7fff2d1ff6c0 (LWP 1941229) exited]\n"
=thread-exited,id="227",group-id="i1"
=thread-created,id="228",group-id="i1"
~"[New Thread 0x7fff2d1ff6c0 (LWP 1941248)]\n"
*running,thread-id="228"
~"[Thread 0x7fff2d1ff6c0 (LWP 1941248) exited]\n"
=thread-exited,id="228",group-id="i1"
=thread-created,id="229",group-id="i1"
~"[New Thread 0x7fff2d1ff6c0 (LWP 1941265)]\n"
*running,thread-id="229"
~"[Thread 0x7fff2d1ff6c0 (LWP 1941265) exited]\n"
=thread-exited,id="229",group-id="i1"
=thread-created,id="230",group-id="i1"
~"[New Thread 0x7fff2d1ff6c0 (LWP 1941302)]\n"
*running,thread-id="230"
~"[Thread 0x7fff2d1ff6c0 (LWP 1941302) exited]\n"
=thread-exited,id="230",group-id="i1"
=thread-created,id="231",group-id="i1"
~"[New Thread 0x7fff2d1ff6c0 (LWP 1941322)]\n"
*running,thread-id="231"
~"[Thread 0x7fff2d1ff6c0 (LWP 1941322) exited]\n"
=thread-exited,id="231",group-id="i1"
=thread-created,id="232",group-id="i1"
~"[New Thread 0x7fff2d1ff6c0 (LWP 1941346)]\n"
*running,thread-id="232"
~"[Thread 0x7fff2d1ff6c0 (LWP 1941346) exited]\n"
=thread-exited,id="232",group-id="i1"
=thread-created,id="233",group-id="i1"
~"[New Thread 0x7fff2d1ff6c0 (LWP 1941362)]\n"
*running,thread-id="233"
~"[Thread 0x7fff2d1ff6c0 (LWP 1941362) exited]\n"
=thread-exited,id="233",group-id="i1"
=thread-created,id="234",group-id="i1"
~"[New Thread 0x7fff2d1ff6c0 (LWP 1941383)]\n"
*running,thread-id="234"
~"[Thread 0x7fff2d1ff6c0 (LWP 1941383) exited]\n"
=thread-exited,id="234",group-id="i1"
=thread-created,id="235",group-id="i1"
~"[New Thread 0x7fff2d1ff6c0 (LWP 1941394)]\n"
*running,thread-id="235"
~"[Thread 0x7fff2d1ff6c0 (LWP 1941394) exited]\n"
=thread-exited,id="235",group-id="i1"
=thread-created,id="236",group-id="i1"
~"[New Thread 0x7fff2d1ff6c0 (LWP 1941408)]\n"
*running,thread-id="236"
~"[Thread 0x7fff2d1ff6c0 (LWP 1941408) exited]\n"
=thread-exited,id="236",group-id="i1"
=thread-created,id="237",group-id="i1"
~"[New Thread 0x7fff2d1ff6c0 (LWP 1941442)]\n"
*running,thread-id="237"
~"[Thread 0x7fff2d1ff6c0 (LWP 1941442) exited]\n"
=thread-exited,id="237",group-id="i1"
=thread-created,id="238",group-id="i1"
~"[New Thread 0x7fff2d1ff6c0 (LWP 1941457)]\n"
*running,thread-id="238"
~"[Thread 0x7fff2d1ff6c0 (LWP 1941457) exited]\n"
=thread-exited,id="238",group-id="i1"
=thread-created,id="239",group-id="i1"
~"[New Thread 0x7fff2d1ff6c0 (LWP 1941468)]\n"
*running,thread-id="239"
~"[Thread 0x7fff2d1ff6c0 (LWP 1941468) exited]\n"
=thread-exited,id="239",group-id="i1"
=thread-created,id="240",group-id="i1"
~"[New Thread 0x7fff2d1ff6c0 (LWP 1941482)]\n"
*running,thread-id="240"
~"[Thread 0x7fff2d1ff6c0 (LWP 1941482) exited]\n"
=thread-exited,id="240",group-id="i1"
=thread-created,id="241",group-id="i1"
~"[New Thread 0x7fff2d1ff6c0 (LWP 1941513)]\n"
*running,thread-id="241"
~"[Thread 0x7fff2d1ff6c0 (LWP 1941513) exited]\n"
=thread-exited,id="241",group-id="i1"
=thread-created,id="242",group-id="i1"
~"[New Thread 0x7fff2d1ff6c0 (LWP 1941544)]\n"
*running,thread-id="242"
~"[Thread 0x7fff2d1ff6c0 (LWP 1941544) exited]\n"
=thread-exited,id="242",group-id="i1"
=thread-created,id="243",group-id="i1"
~"[New Thread 0x7fff2d1ff6c0 (LWP 1941566)]\n"
*running,thread-id="243"
~"[Thread 0x7fff2d1ff6c0 (LWP 1941566) exited]\n"
=thread-exited,id="243",group-id="i1"
=thread-created,id="244",group-id="i1"
~"[New Thread 0x7fff2d1ff6c0 (LWP 1941589)]\n"
*running,thread-id="244"
~"[Thread 0x7fff2d1ff6c0 (LWP 1941589) exited]\n"
=thread-exited,id="244",group-id="i1"
=thread-created,id="245",group-id="i1"
~"[New Thread 0x7fff2d1ff6c0 (LWP 1941653)]\n"
*running,thread-id="245"
~"[Thread 0x7fff2d1ff6c0 (LWP 1941653) exited]\n"
=thread-exited,id="245",group-id="i1"
=thread-created,id="246",group-id="i1"
~"[New Thread 0x7fff2d1ff6c0 (LWP 1941699)]\n"
*running,thread-id="246"
~"[Thread 0x7fff2d1ff6c0 (LWP 1941699) exited]\n"
=thread-exited,id="246",group-id="i1"
=thread-created,id="247",group-id="i1"
~"[New Thread 0x7fff2d1ff6c0 (LWP 1941740)]\n"
*running,thread-id="247"
~"[Thread 0x7fff2d1ff6c0 (LWP 1941740) exited]\n"
=thread-exited,id="247",group-id="i1"
=thread-created,id="248",group-id="i1"
~"[New Thread 0x7fff2d1ff6c0 (LWP 1941754)]\n"
*running,thread-id="248"
~"[Thread 0x7fff2d1ff6c0 (LWP 1941754) exited]\n"
=thread-exited,id="248",group-id="i1"
=thread-created,id="249",group-id="i1"
~"[New Thread 0x7fff2d1ff6c0 (LWP 1941778)]\n"
*running,thread-id="249"
~"[Thread 0x7fff2d1ff6c0 (LWP 1941778) exited]\n"
=thread-exited,id="249",group-id="i1"
=thread-created,id="250",group-id="i1"
~"[New Thread 0x7fff2d1ff6c0 (LWP 1941799)]\n"
*running,thread-id="250"
~"[Thread 0x7fff2d1ff6c0 (LWP 1941799) exited]\n"
=thread-exited,id="250",group-id="i1"
=thread-created,id="251",group-id="i1"
~"[New Thread 0x7fff2d1ff6c0 (LWP 1941816)]\n"
*running,thread-id="251"
~"[Thread 0x7fff2d1ff6c0 (LWP 1941816) exited]\n"
=thread-exited,id="251",group-id="i1"
=thread-created,id="252",group-id="i1"
~"[New Thread 0x7fff2d1ff6c0 (LWP 1941836)]\n"
*running,thread-id="252"
~"[Thread 0x7fff2d1ff6c0 (LWP 1941836) exited]\n"
=thread-exited,id="252",group-id="i1"
=thread-created,id="253",group-id="i1"
~"[New Thread 0x7fff2d1ff6c0 (LWP 1941858)]\n"
*running,thread-id="253"
~"[Thread 0x7fff2d1ff6c0 (LWP 1941858) exited]\n"
=thread-exited,id="253",group-id="i1"
=thread-created,id="254",group-id="i1"
~"[New Thread 0x7fff2d1ff6c0 (LWP 1941890)]\n"
*running,thread-id="254"
~"[Thread 0x7fff2d1ff6c0 (LWP 1941890) exited]\n"
=thread-exited,id="254",group-id="i1"
=thread-created,id="255",group-id="i1"
~"[New Thread 0x7fff2d1ff6c0 (LWP 1941904)]\n"
*running,thread-id="255"
~"[Thread 0x7fff2d1ff6c0 (LWP 1941904) exited]\n"
=thread-exited,id="255",group-id="i1"
=thread-created,id="256",group-id="i1"
~"[New Thread 0x7fff2d1ff6c0 (LWP 1941953)]\n"
*running,thread-id="256"
~"[Thread 0x7fff2d1ff6c0 (LWP 1941953) exited]\n"
=thread-exited,id="256",group-id="i1"
=thread-created,id="257",group-id="i1"
~"[New Thread 0x7fff2d1ff6c0 (LWP 1941967)]\n"
*running,thread-id="257"
~"[Thread 0x7fff2d1ff6c0 (LWP 1941967) exited]\n"
=thread-exited,id="257",group-id="i1"
=thread-created,id="258",group-id="i1"
~"[New Thread 0x7fff2d1ff6c0 (LWP 1941976)]\n"
*running,thread-id="258"
~"[Thread 0x7fff2d1ff6c0 (LWP 1941976) exited]\n"
=thread-exited,id="258",group-id="i1"
=thread-created,id="259",group-id="i1"
~"[New Thread 0x7fff2d1ff6c0 (LWP 1941987)]\n"
*running,thread-id="259"
~"[Thread 0x7fff2d1ff6c0 (LWP 1941987) exited]\n"
=thread-exited,id="259",group-id="i1"
=thread-created,id="260",group-id="i1"
~"[New Thread 0x7fff2d1ff6c0 (LWP 1942005)]\n"
*running,thread-id="260"
~"[Thread 0x7fff2d1ff6c0 (LWP 1942005) exited]\n"
=thread-exited,id="260",group-id="i1"
=thread-created,id="261",group-id="i1"
~"[New Thread 0x7fff2d1ff6c0 (LWP 1942012)]\n"
*running,thread-id="261"
~"[Thread 0x7fff2d1ff6c0 (LWP 1942012) exited]\n"
=thread-exited,id="261",group-id="i1"
=thread-created,id="262",group-id="i1"
~"[New Thread 0x7fff2d1ff6c0 (LWP 1942056)]\n"
*running,thread-id="262"
~"[Thread 0x7fff2d1ff6c0 (LWP 1942056) exited]\n"
=thread-exited,id="262",group-id="i1"
=thread-created,id="263",group-id="i1"
~"[New Thread 0x7fff2d1ff6c0 (LWP 1942072)]\n"
*running,thread-id="263"
~"[Thread 0x7fff2d1ff6c0 (LWP 1942072) exited]\n"
=thread-exited,id="263",group-id="i1"
=thread-created,id="264",group-id="i1"
~"[New Thread 0x7fff2d1ff6c0 (LWP 1942087)]\n"
*running,thread-id="264"
~"[Thread 0x7fff2d1ff6c0 (LWP 1942087) exited]\n"
=thread-exited,id="264",group-id="i1"
=thread-created,id="265",group-id="i1"
~"[New Thread 0x7fff2d1ff6c0 (LWP 1942107)]\n"
*running,thread-id="265"
~"[Thread 0x7fff2d1ff6c0 (LWP 1942107) exited]\n"
=thread-exited,id="265",group-id="i1"
=thread-created,id="266",group-id="i1"
~"[New Thread 0x7fff2d1ff6c0 (LWP 1942117)]\n"
*running,thread-id="266"
~"[Thread 0x7fff2d1ff6c0 (LWP 1942117) exited]\n"
=thread-exited,id="266",group-id="i1"
=thread-created,id="267",group-id="i1"
~"[New Thread 0x7fff2d1ff6c0 (LWP 1942130)]\n"
*running,thread-id="267"
~"[Thread 0x7fff2d1ff6c0 (LWP 1942130) exited]\n"
=thread-exited,id="267",group-id="i1"
=thread-created,id="268",group-id="i1"
~"[New Thread 0x7fff2d1ff6c0 (LWP 1942136)]\n"
*running,thread-id="268"
~"[Thread 0x7fff2d1ff6c0 (LWP 1942136) exited]\n"
=thread-exited,id="268",group-id="i1"
=thread-created,id="269",group-id="i1"
~"[New Thread 0x7fff2d1ff6c0 (LWP 1942171)]\n"
*running,thread-id="269"
~"[Thread 0x7fff2d1ff6c0 (LWP 1942171) exited]\n"
=thread-exited,id="269",group-id="i1"
=thread-created,id="270",group-id="i1"
~"[New Thread 0x7fff2d1ff6c0 (LWP 1942191)]\n"
*running,thread-id="270"
~"[Thread 0x7fff2d1ff6c0 (LWP 1942191) exited]\n"
=thread-exited,id="270",group-id="i1"
=thread-created,id="271",group-id="i1"
~"[New Thread 0x7fff2d1ff6c0 (LWP 1942203)]\n"
*running,thread-id="271"
~"[Thread 0x7fff2d1ff6c0 (LWP 1942203) exited]\n"
=thread-exited,id="271",group-id="i1"
=thread-created,id="272",group-id="i1"
~"[New Thread 0x7fff2d1ff6c0 (LWP 1942214)]\n"
*running,thread-id="272"
~"[Thread 0x7fff2d1ff6c0 (LWP 1942214) exited]\n"
=thread-exited,id="272",group-id="i1"
=thread-created,id="273",group-id="i1"
~"[New Thread 0x7fff2d1ff6c0 (LWP 1942225)]\n"
*running,thread-id="273"
~"[Thread 0x7fff2d1ff6c0 (LWP 1942225) exited]\n"
=thread-exited,id="273",group-id="i1"
=thread-created,id="274",group-id="i1"
~"[New Thread 0x7fff2d1ff6c0 (LWP 1942248)]\n"
*running,thread-id="274"
~"[Thread 0x7fff2d1ff6c0 (LWP 1942248) exited]\n"
=thread-exited,id="274",group-id="i1"
=thread-created,id="275",group-id="i1"
~"[New Thread 0x7fff2d1ff6c0 (LWP 1942262)]\n"
*running,thread-id="275"
~"[Thread 0x7fff2d1ff6c0 (LWP 1942262) exited]\n"
=thread-exited,id="275",group-id="i1"
=thread-created,id="276",group-id="i1"
~"[New Thread 0x7fff2d1ff6c0 (LWP 1942276)]\n"
*running,thread-id="276"
~"[Thread 0x7fff2d1ff6c0 (LWP 1942276) exited]\n"
=thread-exited,id="276",group-id="i1"
=thread-created,id="277",group-id="i1"
~"[New Thread 0x7fff2d1ff6c0 (LWP 1942296)]\n"
*running,thread-id="277"
~"[Thread 0x7fff2d1ff6c0 (LWP 1942296) exited]\n"
=thread-exited,id="277",group-id="i1"
=thread-created,id="278",group-id="i1"
~"[New Thread 0x7fff2d1ff6c0 (LWP 1942310)]\n"
*running,thread-id="278"
~"[Thread 0x7fff2d1ff6c0 (LWP 1942310) exited]\n"
=thread-exited,id="278",group-id="i1"
=thread-created,id="279",group-id="i1"
~"[New Thread 0x7fff2d1ff6c0 (LWP 1942326)]\n"
*running,thread-id="279"
~"[Thread 0x7fff2d1ff6c0 (LWP 1942326) exited]\n"
=thread-exited,id="279",group-id="i1"
=thread-created,id="280",group-id="i1"
~"[New Thread 0x7fff2d1ff6c0 (LWP 1942338)]\n"
*running,thread-id="280"
~"[Thread 0x7fff2d1ff6c0 (LWP 1942338) exited]\n"
=thread-exited,id="280",group-id="i1"
=thread-created,id="281",group-id="i1"
~"[New Thread 0x7fff2d1ff6c0 (LWP 1942350)]\n"
*running,thread-id="281"
~"[Thread 0x7fff2d1ff6c0 (LWP 1942350) exited]\n"
=thread-exited,id="281",group-id="i1"
=thread-created,id="282",group-id="i1"
~"[New Thread 0x7fff2d1ff6c0 (LWP 1942384)]\n"
*running,thread-id="282"
~"[Thread 0x7fff2d1ff6c0 (LWP 1942384) exited]\n"
=thread-exited,id="282",group-id="i1"
=thread-created,id="283",group-id="i1"
~"[New Thread 0x7fff2d1ff6c0 (LWP 1942425)]\n"
*running,thread-id="283"
~"[Thread 0x7fff2d1ff6c0 (LWP 1942425) exited]\n"
=thread-exited,id="283",group-id="i1"
=thread-created,id="284",group-id="i1"
~"[New Thread 0x7fff2d1ff6c0 (LWP 1942432)]\n"
*running,thread-id="284"
~"[Thread 0x7fff2d1ff6c0 (LWP 1942432) exited]\n"
=thread-exited,id="284",group-id="i1"
=thread-created,id="285",group-id="i1"
~"[New Thread 0x7fff2d1ff6c0 (LWP 1942447)]\n"
*running,thread-id="285"
~"[Thread 0x7fff2d1ff6c0 (LWP 1942447) exited]\n"
=thread-exited,id="285",group-id="i1"
=thread-created,id="286",group-id="i1"
~"[New Thread 0x7fff2d1ff6c0 (LWP 1942459)]\n"
*running,thread-id="286"
~"[Thread 0x7fff2d1ff6c0 (LWP 1942459) exited]\n"
=thread-exited,id="286",group-id="i1"
=thread-created,id="287",group-id="i1"
~"[New Thread 0x7fff2d1ff6c0 (LWP 1942470)]\n"
*running,thread-id="287"
~"[Thread 0x7fff2d1ff6c0 (LWP 1942470) exited]\n"
=thread-exited,id="287",group-id="i1"
=thread-created,id="288",group-id="i1"
~"[New Thread 0x7fff2d1ff6c0 (LWP 1942481)]\n"
*running,thread-id="288"
~"[Thread 0x7fff2d1ff6c0 (LWP 1942481) exited]\n"
=thread-exited,id="288",group-id="i1"
=thread-created,id="289",group-id="i1"
~"[New Thread 0x7fff2d1ff6c0 (LWP 1942492)]\n"
*running,thread-id="289"
~"[Thread 0x7fff2d1ff6c0 (LWP 1942492) exited]\n"
=thread-exited,id="289",group-id="i1"
=thread-created,id="290",group-id="i1"
~"[New Thread 0x7fff2d1ff6c0 (LWP 1942497)]\n"
*running,thread-id="290"
~"[Thread 0x7fff2d1ff6c0 (LWP 1942497) exited]\n"
=thread-exited,id="290",group-id="i1"
=thread-created,id="291",group-id="i1"
~"[New Thread 0x7fff2d1ff6c0 (LWP 1942506)]\n"
*running,thread-id="291"
~"[Thread 0x7fff2d1ff6c0 (LWP 1942506) exited]\n"
=thread-exited,id="291",group-id="i1"
~"\nThread "
~"1 \"strata-prefill-\" received signal SIGABRT, Aborted.\n"
~"__pthread_kill_implementation (no_tid=0, signo=6, threadid=<optimized out>) at ./nptl/pthread_kill.c:44\n"
&"warning: 44\t./nptl/pthread_kill.c: No such file or directory\n"
*stopped,reason="signal-received",signal-name="SIGABRT",signal-meaning="Aborted",frame={addr="0x00007fffdc659c0c",func="__pthread_kill_implementation",args=[{name="no_tid",value="0"},{name="signo",value="6"},{name="threadid",value="<optimized out>"}],file="./nptl/pthread_kill.c",fullname="./nptl/./nptl/pthread_kill.c",line="44",arch="i386:x86-64"},thread-id="1",stopped-threads="all",core="0"
12^done,threads=[{id="1",target-id="Thread 0x7fffd9a67ac0 (LWP 1931318)",name="strata-prefill-",frame={level="0",addr="0x00007fffdc659c0c",func="__pthread_kill_implementation",args=[{name="no_tid",value="0"},{name="signo",value="6"},{name="threadid",value="<optimized out>"}],file="./nptl/pthread_kill.c",fullname="./nptl/./nptl/pthread_kill.c",line="44",arch="i386:x86-64"},state="stopped",core="0"},{id="2",target-id="Thread 0x7fffd79cb6c0 (LWP 1931683)",name="strata-prefill-",frame={level="0",addr="0x00007fffdc653e51",func="__futex_abstimed_wait_common64",args=[{name="private",value="0"},{name="cancel",value="true"},{name="abstime",value="0x0"},{name="op",value="393"},{name="expected",value="0"},{name="futex_word",value="0x3f17778"}],file="./nptl/futex-internal.c",fullname="./nptl/./nptl/futex-internal.c",line="57",arch="i386:x86-64"},state="stopped",core="10"},{id="3",target-id="Thread 0x7fffd6cba6c0 (LWP 1931702)",name="strata-prefill-",frame={level="0",addr="0x00007fffdc653e51",func="__futex_abstimed_wait_common64",args=[{name="private",value="0"},{name="cancel",value="true"},{name="abstime",value="0x0"},{name="op",value="393"},{name="expected",value="0"},{name="futex_word",value="0x3dfa1b0"}],file="./nptl/futex-internal.c",fullname="./nptl/./nptl/futex-internal.c",line="57",arch="i386:x86-64"},state="stopped",core="9"},{id="4",target-id="Thread 0x7fffd64b96c0 (LWP 1931703)",name="strata-prefill-",frame={level="0",addr="0x00007fffdc653e51",func="__futex_abstimed_wait_common64",args=[{name="private",value="0"},{name="cancel",value="true"},{name="abstime",value="0x0"},{name="op",value="393"},{name="expected",value="0"},{name="futex_word",value="0x3dfa1b4"}],file="./nptl/futex-internal.c",fullname="./nptl/./nptl/futex-internal.c",line="57",arch="i386:x86-64"},state="stopped",core="1"},{id="5",target-id="Thread 0x7fffd5cb86c0 (LWP 1931704)",name="strata-prefill-",frame={level="0",addr="0x00007fffdc653e51",func="__futex_abstimed_wait_common64",args=[{name="private",value="32764"},{name="cancel",value="true"},{name="abstime",value="0x0"},{name="op",value="393"},{name="expected",value="0"},{name="futex_word",value="0x3dfa1b0"}],file="./nptl/futex-internal.c",fullname="./nptl/./nptl/futex-internal.c",line="57",arch="i386:x86-64"},state="stopped",core="5"},{id="6",target-id="Thread 0x7fffd54b76c0 (LWP 1931705)",name="strata-prefill-",frame={level="0",addr="0x00007fffdc653e51",func="__futex_abstimed_wait_common64",args=[{name="private",value="0"},{name="cancel",value="true"},{name="abstime",value="0x0"},{name="op",value="393"},{name="expected",value="0"},{name="futex_word",value="0x3dfa1b0"}],file="./nptl/futex-internal.c",fullname="./nptl/./nptl/futex-internal.c",line="57",arch="i386:x86-64"},state="stopped",core="10"},{id="7",target-id="Thread 0x7fffd4cb66c0 (LWP 1931706)",name="strata-prefill-",frame={level="0",addr="0x00007fffdc653e51",func="__futex_abstimed_wait_common64",args=[{name="private",value="0"},{name="cancel",value="true"},{name="abstime",value="0x0"},{name="op",value="393"},{name="expected",value="0"},{name="futex_word",value="0x3dfa1b0"}],file="./nptl/futex-internal.c",fullname="./nptl/./nptl/futex-internal.c",line="57",arch="i386:x86-64"},state="stopped",core="9"},{id="8",target-id="Thread 0x7fffd44b56c0 (LWP 1931707)",name="strata-prefill-",frame={level="0",addr="0x00007fffdc653e51",func="__futex_abstimed_wait_common64",args=[{name="private",value="0"},{name="cancel",value="true"},{name="abstime",value="0x0"},{name="op",value="393"},{name="expected",value="0"},{name="futex_word",value="0x3dfa1b0"}],file="./nptl/futex-internal.c",fullname="./nptl/./nptl/futex-internal.c",line="57",arch="i386:x86-64"},state="stopped",core="7"},{id="9",target-id="Thread 0x7fffd3cb46c0 (LWP 1931708)",name="strata-prefill-",frame={level="0",addr="0x00007fffdc653e51",func="__futex_abstimed_wait_common64",args=[{name="private",value="32764"},{name="cancel",value="true"},{name="abstime",value="0x0"},{name="op",value="393"},{name="expected",value="0"},{name="futex_word",value="0x3dfa1b4"}],file="./nptl/futex-internal.c",fullname="./nptl/./nptl/futex-internal.c",line="57",arch="i386:x86-64"},state="stopped",core="5"},{id="10",target-id="Thread 0x7fffd34b36c0 (LWP 1931709)",name="strata-prefill-",frame={level="0",addr="0x00007fffdc653e51",func="__futex_abstimed_wait_common64",args=[{name="private",value="0"},{name="cancel",value="true"},{name="abstime",value="0x0"},{name="op",value="393"},{name="expected",value="0"},{name="futex_word",value="0x3dfa1b0"}],file="./nptl/futex-internal.c",fullname="./nptl/./nptl/futex-internal.c",line="57",arch="i386:x86-64"},state="stopped",core="6"},{id="11",target-id="Thread 0x7fffd2cb26c0 (LWP 1931710)",name="strata-prefill-",frame={level="0",addr="0x00007fffdc653e51",func="__futex_abstimed_wait_common64",args=[{name="private",value="0"},{name="cancel",value="true"},{name="abstime",value="0x0"},{name="op",value="393"},{name="expected",value="0"},{name="futex_word",value="0x3dfa1b0"}],file="./nptl/futex-internal.c",fullname="./nptl/./nptl/futex-internal.c",line="57",arch="i386:x86-64"},state="stopped",core="9"},{id="12",target-id="Thread 0x7fffd24b16c0 (LWP 1931711)",name="strata-prefill-",frame={level="0",addr="0x00007fffdc653e51",func="__futex_abstimed_wait_common64",args=[{name="private",value="0"},{name="cancel",value="true"},{name="abstime",value="0x0"},{name="op",value="393"},{name="expected",value="0"},{name="futex_word",value="0x3dfa1b4"}],file="./nptl/futex-internal.c",fullname="./nptl/./nptl/futex-internal.c",line="57",arch="i386:x86-64"},state="stopped",core="10"},{id="13",target-id="Thread 0x7fffd1cb06c0 (LWP 1931712)",name="strata-prefill-",frame={level="0",addr="0x00007fffdc653e51",func="__futex_abstimed_wait_common64",args=[{name="private",value="0"},{name="cancel",value="true"},{name="abstime",value="0x0"},{name="op",value="393"},{name="expected",value="0"},{name="futex_word",value="0x3dfa1b0"}],file="./nptl/futex-internal.c",fullname="./nptl/./nptl/futex-internal.c",line="57",arch="i386:x86-64"},state="stopped",core="6"},{id="14",target-id="Thread 0x7fffd14af6c0 (LWP 1931713)",name="strata-prefill-",frame={level="0",addr="0x00007fffdc653e51",func="__futex_abstimed_wait_common64",args=[{name="private",value="0"},{name="cancel",value="true"},{name="abstime",value="0x0"},{name="op",value="393"},{name="expected",value="0"},{name="futex_word",value="0x3dfa1b4"}],file="./nptl/futex-internal.c",fullname="./nptl/./nptl/futex-internal.c",line="57",arch="i386:x86-64"},state="stopped",core="7"},{id="15",target-id="Thread 0x7fffd0cae6c0 (LWP 1931714)",name="strata-prefill-",frame={level="0",addr="0x00007fffdc653e51",func="__futex_abstimed_wait_common64",args=[{name="private",value="0"},{name="cancel",value="true"},{name="abstime",value="0x0"},{name="op",value="393"},{name="expected",value="0"},{name="futex_word",value="0x3dfa1b0"}],file="./nptl/futex-internal.c",fullname="./nptl/./nptl/futex-internal.c",line="57",arch="i386:x86-64"},state="stopped",core="9"},{id="16",target-id="Thread 0x7fffd04ad6c0 (LWP 1931715)",name="strata-prefill-",frame={level="0",addr="0x00007fffdc653e51",func="__futex_abstimed_wait_common64",args=[{name="private",value="0"},{name="cancel",value="true"},{name="abstime",value="0x0"},{name="op",value="393"},{name="expected",value="0"},{name="futex_word",value="0x3dfa1b0"}],file="./nptl/futex-internal.c",fullname="./nptl/./nptl/futex-internal.c",line="57",arch="i386:x86-64"},state="stopped",core="10"},{id="17",target-id="Thread 0x7fffcfcac6c0 (LWP 1931716)",name="strata-prefill-",frame={level="0",addr="0x00007fffdc653e51",func="__futex_abstimed_wait_common64",args=[{name="private",value="0"},{name="cancel",value="true"},{name="abstime",value="0x0"},{name="op",value="393"},{name="expected",value="0"},{name="futex_word",value="0x3dfa1b0"}],file="./nptl/futex-internal.c",fullname="./nptl/./nptl/futex-internal.c",line="57",arch="i386:x86-64"},state="stopped",core="3"},{id="18",target-id="Thread 0x7fffcf4ab6c0 (LWP 1931717)",name="strata-prefill-",frame={level="0",addr="0x00007fffdc653e51",func="__futex_abstimed_wait_common64",args=[{name="private",value="32764"},{name="cancel",value="true"},{name="abstime",value="0x0"},{name="op",value="393"},{name="expected",value="0"},{name="futex_word",value="0x3dfa1b0"}],file="./nptl/futex-internal.c",fullname="./nptl/./nptl/futex-internal.c",line="57",arch="i386:x86-64"},state="stopped",core="1"},{id="19",target-id="Thread 0x7fffc8ca66c0 (LWP 1931719)",name="strata-prefill-",frame={level="0",addr="0x00007fffdc653e51",func="__futex_abstimed_wait_common64",args=[{name="private",value="0"},{name="cancel",value="true"},{name="abstime",value="0x0"},{name="op",value="393"},{name="expected",value="0"},{name="futex_word",value="0x3dfbd44"}],file="./nptl/futex-internal.c",fullname="./nptl/./nptl/futex-internal.c",line="57",arch="i386:x86-64"},state="stopped",core="4"},{id="25",target-id="Thread 0x7fff667f86c0 (LWP 1932677)",name="strata-prefill-",frame={level="0",addr="0x00007fffdc653e51",func="__futex_abstimed_wait_common64",args=[{name="private",value="0"},{name="cancel",value="true"},{name="abstime",value="0x0"},{name="op",value="393"},{name="expected",value="0"},{name="futex_word",value="0x7ffffffec618"}],file="./nptl/futex-internal.c",fullname="./nptl/./nptl/futex-internal.c",line="57",arch="i386:x86-64"},state="stopped",core="1"},{id="26",target-id="Thread 0x7fff677fc6c0 (LWP 1932678)",name="strata-prefill-",frame={level="0",addr="0x00007fffdc653e51",func="__futex_abstimed_wait_common64",args=[{name="private",value="0"},{name="cancel",value="true"},{name="abstime",value="0x0"},{name="op",value="393"},{name="expected",value="0"},{name="futex_word",value="0x7ffffffec618"}],file="./nptl/futex-internal.c",fullname="./nptl/./nptl/futex-internal.c",line="57",arch="i386:x86-64"},state="stopped",core="2"},{id="27",target-id="Thread 0x7fff6cd696c0 (LWP 1932679)",name="strata-prefill-",frame={level="0",addr="0x00007fffdc653e51",func="__futex_abstimed_wait_common64",args=[{name="private",value="0"},{name="cancel",value="true"},{name="abstime",value="0x0"},{name="op",value="393"},{name="expected",value="0"},{name="futex_word",value="0x7ffffffec618"}],file="./nptl/futex-internal.c",fullname="./nptl/./nptl/futex-internal.c",line="57",arch="i386:x86-64"},state="stopped",core="3"},{id="28",target-id="Thread 0x7fff6defd6c0 (LWP 1932680)",name="strata-prefill-",frame={level="0",addr="0x00007fffdc653e51",func="__futex_abstimed_wait_common64",args=[{name="private",value="0"},{name="cancel",value="true"},{name="abstime",value="0x0"},{name="op",value="393"},{name="expected",value="0"},{name="futex_word",value="0x7ffffffec618"}],file="./nptl/futex-internal.c",fullname="./nptl/./nptl/futex-internal.c",line="57",arch="i386:x86-64"},state="stopped",core="4"},{id="29",target-id="Thread 0x7fffd962b6c0 (LWP 1932681)",name="strata-prefill-",frame={level="0",addr="0x00007fffdc653e51",func="__futex_abstimed_wait_common64",args=[{name="private",value="0"},{name="cancel",value="true"},{name="abstime",value="0x0"},{name="op",value="393"},{name="expected",value="0"},{name="futex_word",value="0x7ffffffec618"}],file="./nptl/futex-internal.c",fullname="./nptl/./nptl/futex-internal.c",line="57",arch="i386:x86-64"},state="stopped",core="5"},{id="30",target-id="Thread 0x7fff50fff6c0 (LWP 1932695)",name="strata-prefill-",frame={level="0",addr="0x00007fffdc653e51",func="__futex_abstimed_wait_common64",args=[{name="private",value="0"},{name="cancel",value="true"},{name="abstime",value="0x0"},{name="op",value="393"},{name="expected",value="0"},{name="futex_word",value="0x4126370"}],file="./nptl/futex-internal.c",fullname="./nptl/./nptl/futex-internal.c",line="57",arch="i386:x86-64"},state="stopped",core="0"},{id="31",target-id="Thread 0x7fff507fe6c0 (LWP 1932696)",name="strata-prefill-",frame={level="0",addr="0x00007fffdc653e51",func="__futex_abstimed_wait_common64",args=[{name="private",value="32767"},{name="cancel",value="true"},{name="abstime",value="0x0"},{name="op",value="393"},{name="expected",value="0"},{name="futex_word",value="0x4126370"}],file="./nptl/futex-internal.c",fullname="./nptl/./nptl/futex-internal.c",line="57",arch="i386:x86-64"},state="stopped",core="0"},{id="32",target-id="Thread 0x7fff4fffd6c0 (LWP 1932697)",name="strata-prefill-",frame={level="0",addr="0x00007fffdc653e51",func="__futex_abstimed_wait_common64",args=[{name="private",value="32767"},{name="cancel",value="true"},{name="abstime",value="0x0"},{name="op",value="393"},{name="expected",value="0"},{name="futex_word",value="0x4126370"}],file="./nptl/futex-internal.c",fullname="./nptl/./nptl/futex-internal.c",line="57",arch="i386:x86-64"},state="stopped",core="0"},{id="33",target-id="Thread 0x7fff4dffc6c0 (LWP 1932702)",name="strata-prefill-",frame={level="0",addr="0x00007fffdc6d679d",func="__GI___poll",args=[{name="fds",value="0x7fff4dff0ab0"},{name="nfds",value="1"},{name="timeout",value="100"}],file="../sysdeps/unix/sysv/linux/poll.c",fullname="./io/../sysdeps/unix/sysv/linux/poll.c",line="29",arch="i386:x86-64"},state="stopped",core="0"},{id="34",target-id="Thread 0x7fff4d7fb6c0 (LWP 1932703)",name="strata-prefill-",frame={level="0",addr="0x00007fffdc6a7bdf",func="__GI___clock_nanosleep",args=[{name="clock_id",value="0"},{name="clock_id@entry",value="0"},{name="flags",value="0"},{name="flags@entry",value="0"},{name="req",value="0x7fff4d7efaf0"},{name="rem",value="0x7fff4d7efaf0"}],file="../sysdeps/unix/sysv/linux/clock_nanosleep.c",fullname="./time/../sysdeps/unix/sysv/linux/clock_nanosleep.c",line="78",arch="i386:x86-64"},state="stopped",core="0"},{id="35",target-id="Thread 0x7fff4cffa6c0 (LWP 1933166)",name="strata-prefill-",frame={level="0",addr="0x00007fffdc653e51",func="__futex_abstimed_wait_common64",args=[{name="private",value="0"},{name="cancel",value="true"},{name="abstime",value="0x0"},{name="op",value="393"},{name="expected",value="0"},{name="futex_word",value="0x42529f0"}],file="./nptl/futex-internal.c",fullname="./nptl/./nptl/futex-internal.c",line="57",arch="i386:x86-64"},state="stopped",core="0"}],current-thread-id="1"
(gdb) 
~"\nThread 35 (Thread 0x7fff4cffa6c0 (LWP 1933166) \"strata-prefill-\"):\n"
~"#0  0x00007fffdc653e51 in __futex_abstimed_wait_common64 (private=0, cancel=true, abstime=0x0, op=393, expected=0, futex_word=0x42529f0) at ./nptl/futex-internal.c:57\n#1  __futex_abstimed_wait_common (cancel=true, private=0, abstime=0x0, clockid=0, expected=0, futex_word=0x42529f0) at ./nptl/futex-internal.c:87\n#2  __GI___futex_abstimed_wait_cancelable64 (futex_word=futex_word@entry=0x42529f0, expected=expected@entry=0, clockid=clockid@entry=0, abstime=abstime@entry=0x0, private=private@entry=0) at ./nptl/futex-internal.c:139\n#3  0x00007fffdc6568cd in __pthread_cond_wait_common (abstime=0x0, clockid=0, mutex=0x42529a0, cond=0x42529c8) at ./nptl/pthread_cond_wait.c:503\n#4  ___pthread_cond_wait (cond=0x42529c8, mutex=0x42529a0) at ./nptl/pthread_cond_wait.c:627\n#5  0x00007fffdcca7047 in std::condition_variable::wait(std::unique_lock<std::mutex>&) () from /usr/lib/x86_64-linux-gnu/libstdc++.so.6\n#6  0x00007fffdc9fc605 in sycl::_V1::detail::ThreadPool::worker() () from /opt/intel/oneapi/compiler/2026.1/lib/libsycl.so.9\n#7  0x00007fffdccdadb4 in ?? () from /usr/lib/x86_64-linux-gnu/libstdc++.so.6\n#8  0x00007fffdc657b84 in start_thread (arg=<optimized out>) at ./nptl/pthread_create.c:447\n#9  0x00007fffdc6e4ecc in clone3 () at ../sysdeps/unix/sysv/linux/x86_64/clone3.S:78\n"
~"\nThread 34 (Thread 0x7fff4d7fb6c0 (LWP 1932703) \"strata-prefill-\"):\n"
~"#0  0x00007fffdc6a7bdf in __GI___clock_nanosleep (clock_id=clock_id@entry=0, flags=flags@entry=0, req=0x7fff4d7efaf0, rem=0x7fff4d7efaf0) at ../sysdeps/unix/sysv/linux/clock_nanosleep.c:78\n#1  0x00007fffdc6b4b27 in __GI___nanosleep (req=<optimized out>, rem=<optimized out>) at ../sysdeps/unix/sysv/linux/nanosleep.c:25\n#2  0x0000000000454b1b in std::thread::_State_impl<std::thread::_Invoker<std::tuple<main::{lambda(std::stop_token)#1}, std::stop_token> > >::_M_run() ()\n#3  0x00007fffdccdadb4 in ?? () from /usr/lib/x86_64-linux-gnu/libstdc++.so.6\n#4  0x00007fffdc657b84 in start_thread (arg=<optimized out>) at ./nptl/pthread_create.c:447\n#5  0x00007fffdc6e4ecc in clone3 () at ../sysdeps/unix/sysv/linux/x86_64/clone3.S:78\n"
~"\nThread 33 (Thread 0x7fff4dffc6c0 (LWP 1932702) \"strata-prefill-\"):\n"
~"#0  0x00007fffdc6d679d in __GI___poll (fds=0x7fff4dff0ab0, nfds=1, timeout=100) at ../sysdeps/unix/sysv/linux/poll.c:29\n#1  0x0000000000473842 in std::thread::_State_impl<std::thread::_Invoker<std::tuple<strata::ServeInput::ServeInput(int)::{lambda(std::stop_token)#1}, std::stop_token> > >::_M_run() ()\n#2  0x00007fffdccdadb4 in ?? () from /usr/lib/x86_64-linux-gnu/libstdc++.so.6\n#3  0x00007fffdc657b84 in start_thread (arg=<optimized out>) at ./nptl/pthread_create.c:447\n#4  0x00007fffdc6e4ecc in clone3 () at ../sysdeps/unix/sysv/linux/x86_64/clone3.S:78\n"
~"\nThread 32 (Thread 0x7fff4fffd6c0 (LWP 1932697) \"strata-prefill-\"):\n"
~"#0  0x00007fffdc653e51 in __futex_abstimed_wait_common64 (private=32767, cancel=true, abstime=0x0, op=393, expected=0, futex_word=0x4126370) at ./nptl/futex-internal.c:57\n#1  __futex_abstimed_wait_common (cancel=true, private=32767, abstime=0x0, clockid=0, expected=0, futex_word=0x4126370) at ./nptl/futex-internal.c:87\n#2  __GI___futex_abstimed_wait_cancelable64 (futex_word=futex_word@entry=0x4126370, expected=expected@entry=0, clockid=clockid@entry=0, abstime=abstime@entry=0x0, private=private@entry=0) at ./nptl/futex-internal.c:139\n#3  0x00007fffdc6568cd in __pthread_cond_wait_common (abstime=0x0, clockid=0, mutex=0x4126320, cond=0x4126348) at ./nptl/pthread_cond_wait.c:503\n#4  ___pthread_cond_wait (cond=0x4126348, mutex=0x4126320) at ./nptl/pthread_cond_wait.c:627\n#5  0x00000000005352a7 in std::thread::_State_impl<std::thread::_Invoker<std::tuple<strata::prefill::Stager::init(unsigned long, int)::{lambda()#2}> > >::_M_run() ()\n#6  0x00007fffdccdadb4 in ?? () from /usr/lib/x86_64-linux-gnu/libstdc++.so.6\n#7  0x00007fffdc657b84 in start_thread (arg=<optimized out>) at ./nptl/pthread_create.c:447\n#8  0x00007fffdc6e4ecc in clone3 () at ../sysdeps/unix/sysv/linux/x86_64/clone3.S:78\n"
~"\nThread 31 (Thread 0x7fff507fe6c0 (LWP 1932696) \"strata-prefill-\"):\n"
~"#0  0x00007fffdc653e51 in __futex_abstimed_wait_common64 (private=32767, cancel=true, abstime=0x0, op=393, expected=0, futex_word=0x4126370) at ./nptl/futex-internal.c:57\n#1  __futex_abstimed_wait_common (cancel=true, private=32767, abstime=0x0, clockid=0, expected=0, futex_word=0x4126370) at ./nptl/futex-internal.c:87\n#2  __GI___futex_abstimed_wait_cancelable64 (futex_word=futex_word@entry=0x4126370, expected=expected@entry=0, clockid=clockid@entry=0, abstime=abstime@entry=0x0, private=private@entry=0) at ./nptl/futex-internal.c:139\n#3  0x00007fffdc6568cd in __pthread_cond_wait_common (abstime=0x0, clockid=0, mutex=0x4126320, cond=0x4126348) at ./nptl/pthread_cond_wait.c:503\n#4  ___pthread_cond_wait (cond=0x4126348, mutex=0x4126320) at ./nptl/pthread_cond_wait.c:627\n#5  0x00000000005352a7 in std::thread::_State_impl<std::thread::_Invoker<std::tuple<strata::prefill::Stager::init(unsigned long, int)::{lambda()#2}> > >::_M_run() ()\n#6  0x00007fffdccdadb4 in ?? () from /usr/lib/x86_64-linux-gnu/libstdc++.so.6\n#7  0x00007fffdc657b84 in start_thread (arg=<optimized out>) at ./nptl/pthread_create.c:447\n#8  0x00007fffdc6e4ecc in clone3 () at ../sysdeps/unix/sysv/linux/x86_64/clone3.S:78\n"
~"\nThread 30 (Thread 0x7fff50fff6c0 (LWP 1932695) \"strata-prefill-\"):\n"
~"#0  0x00007fffdc653e51 in __futex_abstimed_wait_common64 (private=0, cancel=true, abstime=0x0, op=393, expected=0, futex_word=0x4126370) at ./nptl/futex-internal.c:57\n#1  __futex_abstimed_wait_common (cancel=true, private=0, abstime=0x0, clockid=0, expected=0, futex_word=0x4126370) at ./nptl/futex-internal.c:87\n#2  __GI___futex_abstimed_wait_cancelable64 (futex_word=futex_word@entry=0x4126370, expected=expected@entry=0, clockid=clockid@entry=0, abstime=abstime@entry=0x0, private=private@entry=0) at ./nptl/futex-internal.c:139\n#3  0x00007fffdc6568cd in __pthread_cond_wait_common (abstime=0x0, clockid=0, mutex=0x4126320, cond=0x4126348) at ./nptl/pthread_cond_wait.c:503\n#4  ___pthread_cond_wait (cond=0x4126348, mutex=0x4126320) at ./nptl/pthread_cond_wait.c:627\n#5  0x00000000005352a7 in std::thread::_State_impl<std::thread::_Invoker<std::tuple<strata::prefill::Stager::init(unsigned long, int)::{lambda()#2}> > >::_M_run() ()\n#6  0x00007fffdccdadb4 in ?? () from /usr/lib/x86_64-linux-gnu/libstdc++.so.6\n#7  0x00007fffdc657b84 in start_thread (arg=<optimized out>) at ./nptl/pthread_create.c:447\n#8  0x00007fffdc6e4ecc in clone3 () at ../sysdeps/unix/sysv/linux/x86_64/clone3.S:78\n"
~"\nThread 29 (Thread 0x7fffd962b6c0 (LWP 1932681) \"strata-prefill-\"):\n"
~"#0  0x00007fffdc653e51 in __futex_abstimed_wait_common64 (private=0, cancel=true, abstime=0x0, op=393, expected=0, futex_word=0x7ffffffec618) at ./nptl/futex-internal.c:57\n#1  __futex_abstimed_wait_common (cancel=true, private=0, abstime=0x0, clockid=0, expected=0, futex_word=0x7ffffffec618) at ./nptl/futex-internal.c:87\n#2  __GI___futex_abstimed_wait_cancelable64 (futex_word=futex_word@entry=0x7ffffffec618, expected=expected@entry=0, clockid=clockid@entry=0, abstime=abstime@entry=0x0, private=private@entry=0) at ./nptl/futex-internal.c:139\n#3  0x00007fffdc6568cd in __pthread_cond_wait_common (abstime=0x0, clockid=0, mutex=0x7ffffffec5c8, cond=0x7ffffffec5f0) at ./nptl/pthread_cond_wait.c:503\n#4  ___pthread_cond_wait (cond=0x7ffffffec5f0, mutex=0x7ffffffec5c8) at ./nptl/pthread_cond_wait.c:627\n#5  0x0000000000692b20 in strata::kernels::cpu::ExpertPool::worker(int) ()\n#6  0x00007fffdccdadb4 in ?? () from /usr/lib/x86_64-linux-gnu/libstdc++.so.6\n#7  0x00007fffdc657b84 in start_thread (arg=<optimized out>) at ./nptl/pthread_create.c:447\n#8  0x00007fffdc6e4ecc in clone3 () at ../sysdeps/unix/sysv/linux/x86_64/clone3.S:78\n"
~"\nThread 28 (Thread 0x7fff6defd6c0 (LWP 1932680) \"strata-prefill-\"):\n"
~"#0  0x00007fffdc653e51 in __futex_abstimed_wait_common64 (private=0, cancel=true, abstime=0x0, op=393, expected=0, futex_word=0x7ffffffec618) at ./nptl/futex-internal.c:57\n#1  __futex_abstimed_wait_common (cancel=true, private=0, abstime=0x0, clockid=0, expected=0, futex_word=0x7ffffffec618) at ./nptl/futex-internal.c:87\n#2  __GI___futex_abstimed_wait_cancelable64 (futex_word=futex_word@entry=0x7ffffffec618, expected=expected@entry=0, clockid=clockid@entry=0, abstime=abstime@entry=0x0, private=private@entry=0) at ./nptl/futex-internal.c:139\n#3  0x00007fffdc6568cd in __pthread_cond_wait_common (abstime=0x0, clockid=0, mutex=0x7ffffffec5c8, cond=0x7ffffffec5f0) at ./nptl/pthread_cond_wait.c:503\n#4  ___pthread_cond_wait (cond=0x7ffffffec5f0, mutex=0x7ffffffec5c8) at ./nptl/pthread_cond_wait.c:627\n#5  0x0000000000692b20 in strata::kernels::cpu::ExpertPool::worker(int) ()\n#6  0x00007fffdccdadb4 in ?? () from /usr/lib/x86_64-linux-gnu/libstdc++.so.6\n#7  0x00007fffdc657b84 in start_thread (arg=<optimized out>) at ./nptl/pthread_create.c:447\n#8  0x00007fffdc6e4ecc in clone3 () at ../sysdeps/unix/sysv/linux/x86_64/clone3.S:78\n"
~"\nThread 27 (Thread 0x7fff6cd696c0 (LWP 1932679) \"strata-prefill-\"):\n"
~"#0  0x00007fffdc653e51 in __futex_abstimed_wait_common64 (private=0, cancel=true, abstime=0x0, op=393, expected=0, futex_word=0x7ffffffec618) at ./nptl/futex-internal.c:57\n#1  __futex_abstimed_wait_common (cancel=true, private=0, abstime=0x0, clockid=0, expected=0, futex_word=0x7ffffffec618) at ./nptl/futex-internal.c:87\n#2  __GI___futex_abstimed_wait_cancelable64 (futex_word=futex_word@entry=0x7ffffffec618, expected=expected@entry=0, clockid=clockid@entry=0, abstime=abstime@entry=0x0, private=private@entry=0) at ./nptl/futex-internal.c:139\n#3  0x00007fffdc6568cd in __pthread_cond_wait_common (abstime=0x0, clockid=0, mutex=0x7ffffffec5c8, cond=0x7ffffffec5f0) at ./nptl/pthread_cond_wait.c:503\n#4  ___pthread_cond_wait (cond=0x7ffffffec5f0, mutex=0x7ffffffec5c8) at ./nptl/pthread_cond_wait.c:627\n#5  0x0000000000692b20 in strata::kernels::cpu::ExpertPool::worker(int) ()\n#6  0x00007fffdccdadb4 in ?? () from /usr/lib/x86_64-linux-gnu/libstdc++.so.6\n#7  0x00007fffdc657b84 in start_thread (arg=<optimized out>) at ./nptl/pthread_create.c:447\n#8  0x00007fffdc6e4ecc in clone3 () at ../sysdeps/unix/sysv/linux/x86_64/clone3.S:78\n"
~"\nThread 26 (Thread 0x7fff677fc6c0 (LWP 1932678) \"strata-prefill-\"):\n"
~"#0  0x00007fffdc653e51 in __futex_abstimed_wait_common64 (private=0, cancel=true, abstime=0x0, op=393, expected=0, futex_word=0x7ffffffec618) at ./nptl/futex-internal.c:57\n#1  __futex_abstimed_wait_common (cancel=true, private=0, abstime=0x0, clockid=0, expected=0, futex_word=0x7ffffffec618) at ./nptl/futex-internal.c:87\n#2  __GI___futex_abstimed_wait_cancelable64 (futex_word=futex_word@entry=0x7ffffffec618, expected=expected@entry=0, clockid=clockid@entry=0, abstime=abstime@entry=0x0, private=private@entry=0) at ./nptl/futex-internal.c:139\n#3  0x00007fffdc6568cd in __pthread_cond_wait_common (abstime=0x0, clockid=0, mutex=0x7ffffffec5c8, cond=0x7ffffffec5f0) at ./nptl/pthread_cond_wait.c:503\n#4  ___pthread_cond_wait (cond=0x7ffffffec5f0, mutex=0x7ffffffec5c8) at ./nptl/pthread_cond_wait.c:627\n#5  0x0000000000692b20 in strata::kernels::cpu::ExpertPool::worker(int) ()\n#6  0x00007fffdccdadb4 in ?? () from /usr/lib/x86_64-linux-gnu/libstdc++.so.6\n#7  0x00007fffdc657b84 in start_thread (arg=<optimized out>) at ./nptl/pthread_create.c:447\n#8  0x00007fffdc6e4ecc in clone3 () at ../sysdeps/unix/sysv/linux/x86_64/clone3.S:78\n"
~"\nThread 25 (Thread 0x7fff667f86c0 (LWP 1932677) \"strata-prefill-\"):\n"
~"#0  0x00007fffdc653e51 in __futex_abstimed_wait_common64 (private=0, cancel=true, abstime=0x0, op=393, expected=0, futex_word=0x7ffffffec618) at ./nptl/futex-internal.c:57\n#1  __futex_abstimed_wait_common (cancel=true, private=0, abstime=0x0, clockid=0, expected=0, futex_word=0x7ffffffec618) at ./nptl/futex-internal.c:87\n#2  __GI___futex_abstimed_wait_cancelable64 (futex_word=futex_word@entry=0x7ffffffec618, expected=expected@entry=0, clockid=clockid@entry=0, abstime=abstime@entry=0x0, private=private@entry=0) at ./nptl/futex-internal.c:139\n#3  0x00007fffdc6568cd in __pthread_cond_wait_common (abstime=0x0, clockid=0, mutex=0x7ffffffec5c8, cond=0x7ffffffec5f0) at ./nptl/pthread_cond_wait.c:503\n#4  ___pthread_cond_wait (cond=0x7ffffffec5f0, mutex=0x7ffffffec5c8) at ./nptl/pthread_cond_wait.c:627\n#5  0x0000000000692b20 in strata::kernels::cpu::ExpertPool::worker(int) ()\n#6  0x00007fffdccdadb4 in ?? () from /usr/lib/x86_64-linux-gnu/libstdc++.so.6\n#7  0x00007fffdc657b84 in start_thread (arg=<optimized out>) at ./nptl/pthread_create.c:447\n#8  0x00007fffdc6e4ecc in clone3 () at ../sysdeps/unix/sysv/linux/x86_64/clone3.S:78\n"
~"\nThread 19 (Thread 0x7fffc8ca66c0 (LWP 1931719) \"strata-prefill-\"):\n"
~"#0  0x00007fffdc653e51 in __futex_abstimed_wait_common64 (private=0, cancel=true, abstime=0x0, op=393, expected=0, futex_word=0x3dfbd44) at ./nptl/futex-internal.c:57\n#1  __futex_abstimed_wait_common (cancel=true, private=0, abstime=0x0, clockid=0, expected=0, futex_word=0x3dfbd44) at ./nptl/futex-internal.c:87\n#2  __GI___futex_abstimed_wait_cancelable64 (futex_word=futex_word@entry=0x3dfbd44, expected=expected@entry=0, clockid=clockid@entry=0, abstime=abstime@entry=0x0, private=private@entry=0) at ./nptl/futex-internal.c:139\n#3  0x00007fffdc6568cd in __pthread_cond_wait_common (abstime=0x0, clockid=0, mutex=0x3dfbcf0, cond=0x3dfbd18) at ./nptl/pthread_cond_wait.c:503\n#4  ___pthread_cond_wait (cond=0x3dfbd18, mutex=0x3dfbcf0) at ./nptl/pthread_cond_wait.c:627\n#5  0x00000000006634ad in std::thread::_State_impl<std::thread::_Invoker<std::tuple<strata::ngram::PleReader::open(std::__cxx11::basic_string<char, std::char_traits<char>, std::allocator<char> > const&, unsigned long, unsigned long, unsigned int, unsigned long, std::__cxx11::basic_string<char, std::char_traits<char>, std::allocator<char> >&, bool, unsigned int)::{lambda()#1}> > >::_M_run() ()\n#6  0x00007fffdccdadb4 in ?? () from /usr/lib/x86_64-linux-gnu/libstdc++.so.6\n#7  0x00007fffdc657b84 in start_thread (arg=<optimized out>) at ./nptl/pthread_create.c:447\n#8  0x00007fffdc6e4ecc in clone3 () at ../sysdeps/unix/sysv/linux/x86_64/clone3.S:78\n"
~"\nThread 18 (Thread 0x7fffcf4ab6c0 (LWP 1931717) \"strata-prefill-\"):\n"
~"#0  0x00007fffdc653e51 in __futex_abstimed_wait_common64 (private=32764, cancel=true, abstime=0x0, op=393, expected=0, futex_word=0x3dfa1b0) at ./nptl/futex-internal.c:57\n#1  __futex_abstimed_wait_common (cancel=true, private=32764, abstime=0x0, clockid=0, expected=0, futex_word=0x3dfa1b0) at ./nptl/futex-internal.c:87\n#2  __GI___futex_abstimed_wait_cancelable64 (futex_word=futex_word@entry=0x3dfa1b0, expected=expected@entry=0, clockid=clockid@entry=0, abstime=abstime@entry=0x0, private=private@entry=0) at ./nptl/futex-internal.c:139\n#3  0x00007fffdc6568cd in __pthread_cond_wait_common (abstime=0x0, clockid=0, mutex=0x3dfa160, cond=0x3dfa188) at ./nptl/pthread_cond_wait.c:503\n#4  ___pthread_cond_wait (cond=0x3dfa188, mutex=0x3dfa160) at ./nptl/pthread_cond_wait.c:627\n#5  0x000000000066656b in std::thread::_State_impl<std::thread::_Invoker<std::tuple<strata::platform::DirectFile::open(std::__cxx11::basic_string<char, std::char_traits<char>, std::allocator<char> > const&, std::__cxx11::basic_string<char, std::char_traits<char>, std::allocator<char> >&)::{lambda()#1}> > >::_M_run() ()\n#6  0x00007fffdccdadb4 in ?? () from /usr/lib/x86_64-linux-gnu/libstdc++.so.6\n#7  0x00007fffdc657b84 in start_thread (arg=<optimized out>) at ./nptl/pthread_create.c:447\n#8  0x00007fffdc6e4ecc in clone3 () at ../sysdeps/unix/sysv/linux/x86_64/clone3.S:78\n"
~"\nThread 17 (Thread 0x7fffcfcac6c0 (LWP 1931716) \"strata-prefill-\"):\n"
~"#0  0x00007fffdc653e51 in __futex_abstimed_wait_common64 (private=0, cancel=true, abstime=0x0, op=393, expected=0, futex_word=0x3dfa1b0) at ./nptl/futex-internal.c:57\n#1  __futex_abstimed_wait_common (cancel=true, private=0, abstime=0x0, clockid=0, expected=0, futex_word=0x3dfa1b0) at ./nptl/futex-internal.c:87\n#2  __GI___futex_abstimed_wait_cancelable64 (futex_word=futex_word@entry=0x3dfa1b0, expected=expected@entry=0, clockid=clockid@entry=0, abstime=abstime@entry=0x0, private=private@entry=0) at ./nptl/futex-internal.c:139\n#3  0x00007fffdc6568cd in __pthread_cond_wait_common (abstime=0x0, clockid=0, mutex=0x3dfa160, cond=0x3dfa188) at ./nptl/pthread_cond_wait.c:503\n#4  ___pthread_cond_wait (cond=0x3dfa188, mutex=0x3dfa160) at ./nptl/pthread_cond_wait.c:627\n#5  0x000000000066656b in std::thread::_State_impl<std::thread::_Invoker<std::tuple<strata::platform::DirectFile::open(std::__cxx11::basic_string<char, std::char_traits<char>, std::allocator<char> > const&, std::__cxx11::basic_string<char, std::char_traits<char>, std::allocator<char> >&)::{lambda()#1}> > >::_M_run() ()\n#6  0x00007fffdccdadb4 in ?? () from /usr/lib/x86_64-linux-gnu/libstdc++.so.6\n#7  0x00007fffdc657b84 in start_thread (arg=<optimized out>) at ./nptl/pthread_create.c:447\n#8  0x00007fffdc6e4ecc in clone3 () at ../sysdeps/unix/sysv/linux/x86_64/clone3.S:78\n"
~"\nThread 16 (Thread 0x7fffd04ad6c0 (LWP 1931715) \"strata-prefill-\"):\n"
~"#0  0x00007fffdc653e51 in __futex_abstimed_wait_common64 (private=0, cancel=true, abstime=0x0, op=393, expected=0, futex_word=0x3dfa1b0) at ./nptl/futex-internal.c:57\n#1  __futex_abstimed_wait_common (cancel=true, private=0, abstime=0x0, clockid=0, expected=0, futex_word=0x3dfa1b0) at ./nptl/futex-internal.c:87\n#2  __GI___futex_abstimed_wait_cancelable64 (futex_word=futex_word@entry=0x3dfa1b0, expected=expected@entry=0, clockid=clockid@entry=0, abstime=abstime@entry=0x0, private=private@entry=0) at ./nptl/futex-internal.c:139\n#3  0x00007fffdc6568cd in __pthread_cond_wait_common (abstime=0x0, clockid=0, mutex=0x3dfa160, cond=0x3dfa188) at ./nptl/pthread_cond_wait.c:503\n#4  ___pthread_cond_wait (cond=0x3dfa188, mutex=0x3dfa160) at ./nptl/pthread_cond_wait.c:627\n#5  0x000000000066656b in std::thread::_State_impl<std::thread::_Invoker<std::tuple<strata::platform::DirectFile::open(std::__cxx11::basic_string<char, std::char_traits<char>, std::allocator<char> > const&, std::__cxx11::basic_string<char, std::char_traits<char>, std::allocator<char> >&)::{lambda()#1}> > >::_M_run() ()\n#6  0x00007fffdccdadb4 in ?? () from /usr/lib/x86_64-linux-gnu/libstdc++.so.6\n#7  0x00007fffdc657b84 in start_thread (arg=<optimized out>) at ./nptl/pthread_create.c:447\n#8  0x00007fffdc6e4ecc in clone3 () at ../sysdeps/unix/sysv/linux/x86_64/clone3.S:78\n"
~"\nThread 15 (Thread 0x7fffd0cae6c0 (LWP 1931714) \"strata-prefill-\"):\n"
~"#0  0x00007fffdc653e51 in __futex_abstimed_wait_common64 (private=0, cancel=true, abstime=0x0, op=393, expected=0, futex_word=0x3dfa1b0) at ./nptl/futex-internal.c:57\n#1  __futex_abstimed_wait_common (cancel=true, private=0, abstime=0x0, clockid=0, expected=0, futex_word=0x3dfa1b0) at ./nptl/futex-internal.c:87\n#2  __GI___futex_abstimed_wait_cancelable64 (futex_word=futex_word@entry=0x3dfa1b0, expected=expected@entry=0, clockid=clockid@entry=0, abstime=abstime@entry=0x0, private=private@entry=0) at ./nptl/futex-internal.c:139\n#3  0x00007fffdc6568cd in __pthread_cond_wait_common (abstime=0x0, clockid=0, mutex=0x3dfa160, cond=0x3dfa188) at ./nptl/pthread_cond_wait.c:503\n#4  ___pthread_cond_wait (cond=0x3dfa188, mutex=0x3dfa160) at ./nptl/pthread_cond_wait.c:627\n#5  0x000000000066656b in std::thread::_State_impl<std::thread::_Invoker<std::tuple<strata::platform::DirectFile::open(std::__cxx11::basic_string<char, std::char_traits<char>, std::allocator<char> > const&, std::__cxx11::basic_string<char, std::char_traits<char>, std::allocator<char> >&)::{lambda()#1}> > >::_M_run() ()\n#6  0x00007fffdccdadb4 in ?? () from /usr/lib/x86_64-linux-gnu/libstdc++.so.6\n#7  0x00007fffdc657b84 in start_thread (arg=<optimized out>) at ./nptl/pthread_create.c:447\n#8  0x00007fffdc6e4ecc in clone3 () at ../sysdeps/unix/sysv/linux/x86_64/clone3.S:78\n"
~"\nThread 14 (Thread 0x7fffd14af6c0 (LWP 1931713) \"strata-prefill-\"):\n"
~"#0  0x00007fffdc653e51 in __futex_abstimed_wait_common64 (private=0, cancel=true, abstime=0x0, op=393, expected=0, futex_word=0x3dfa1b4) at ./nptl/futex-internal.c:57\n#1  __futex_abstimed_wait_common (cancel=true, private=0, abstime=0x0, clockid=0, expected=0, futex_word=0x3dfa1b4) at ./nptl/futex-internal.c:87\n#2  __GI___futex_abstimed_wait_cancelable64 (futex_word=futex_word@entry=0x3dfa1b4, expected=expected@entry=0, clockid=clockid@entry=0, abstime=abstime@entry=0x0, private=private@entry=0) at ./nptl/futex-internal.c:139\n#3  0x00007fffdc6568cd in __pthread_cond_wait_common (abstime=0x0, clockid=0, mutex=0x3dfa160, cond=0x3dfa188) at ./nptl/pthread_cond_wait.c:503\n#4  ___pthread_cond_wait (cond=0x3dfa188, mutex=0x3dfa160) at ./nptl/pthread_cond_wait.c:627\n#5  0x000000000066656b in std::thread::_State_impl<std::thread::_Invoker<std::tuple<strata::platform::DirectFile::open(std::__cxx11::basic_string<char, std::char_traits<char>, std::allocator<char> > const&, std::__cxx11::basic_string<char, std::char_traits<char>, std::allocator<char> >&)::{lambda()#1}> > >::_M_run() ()\n#6  0x00007fffdccdadb4 in ?? () from /usr/lib/x86_64-linux-gnu/libstdc++.so.6\n#7  0x00007fffdc657b84 in start_thread (arg=<optimized out>) at ./nptl/pthread_create.c:447\n#8  0x00007fffdc6e4ecc in clone3 () at ../sysdeps/unix/sysv/linux/x86_64/clone3.S:78\n"
~"\nThread 13 (Thread 0x7fffd1cb06c0 (LWP 1931712) \"strata-prefill-\"):\n"
~"#0  0x00007fffdc653e51 in __futex_abstimed_wait_common64 (private=0, cancel=true, abstime=0x0, op=393, expected=0, futex_word=0x3dfa1b0) at ./nptl/futex-internal.c:57\n#1  __futex_abstimed_wait_common (cancel=true, private=0, abstime=0x0, clockid=0, expected=0, futex_word=0x3dfa1b0) at ./nptl/futex-internal.c:87\n#2  __GI___futex_abstimed_wait_cancelable64 (futex_word=futex_word@entry=0x3dfa1b0, expected=expected@entry=0, clockid=clockid@entry=0, abstime=abstime@entry=0x0, private=private@entry=0) at ./nptl/futex-internal.c:139\n#3  0x00007fffdc6568cd in __pthread_cond_wait_common (abstime=0x0, clockid=0, mutex=0x3dfa160, cond=0x3dfa188) at ./nptl/pthread_cond_wait.c:503\n#4  ___pthread_cond_wait (cond=0x3dfa188, mutex=0x3dfa160) at ./nptl/pthread_cond_wait.c:627\n#5  0x000000000066656b in std::thread::_State_impl<std::thread::_Invoker<std::tuple<strata::platform::DirectFile::open(std::__cxx11::basic_string<char, std::char_traits<char>, std::allocator<char> > const&, std::__cxx11::basic_string<char, std::char_traits<char>, std::allocator<char> >&)::{lambda()#1}> > >::_M_run() ()\n#6  0x00007fffdccdadb4 in ?? () from /usr/lib/x86_64-linux-gnu/libstdc++.so.6\n#7  0x00007fffdc657b84 in start_thread (arg=<optimized out>) at ./nptl/pthread_create.c:447\n#8  0x00007fffdc6e4ecc in clone3 () at ../sysdeps/unix/sysv/linux/x86_64/clone3.S:78\n"
~"\nThread 12 (Thread 0x7fffd24b16c0 (LWP 1931711) \"strata-prefill-\"):\n"
~"#0  0x00007fffdc653e51 in __futex_abstimed_wait_common64 (private=0, cancel=true, abstime=0x0, op=393, expected=0, futex_word=0x3dfa1b4) at ./nptl/futex-internal.c:57\n#1  __futex_abstimed_wait_common (cancel=true, private=0, abstime=0x0, clockid=0, expected=0, futex_word=0x3dfa1b4) at ./nptl/futex-internal.c:87\n#2  __GI___futex_abstimed_wait_cancelable64 (futex_word=futex_word@entry=0x3dfa1b4, expected=expected@entry=0, clockid=clockid@entry=0, abstime=abstime@entry=0x0, private=private@entry=0) at ./nptl/futex-internal.c:139\n#3  0x00007fffdc6568cd in __pthread_cond_wait_common (abstime=0x0, clockid=0, mutex=0x3dfa160, cond=0x3dfa188) at ./nptl/pthread_cond_wait.c:503\n#4  ___pthread_cond_wait (cond=0x3dfa188, mutex=0x3dfa160) at ./nptl/pthread_cond_wait.c:627\n#5  0x000000000066656b in std::thread::_State_impl<std::thread::_Invoker<std::tuple<strata::platform::DirectFile::open(std::__cxx11::basic_string<char, std::char_traits<char>, std::allocator<char> > const&, std::__cxx11::basic_string<char, std::char_traits<char>, std::allocator<char> >&)::{lambda()#1}> > >::_M_run() ()\n#6  0x00007fffdccdadb4 in ?? () from /usr/lib/x86_64-linux-gnu/libstdc++.so.6\n#7  0x00007fffdc657b84 in start_thread (arg=<optimized out>) at ./nptl/pthread_create.c:447\n#8  0x00007fffdc6e4ecc in clone3 () at ../sysdeps/unix/sysv/linux/x86_64/clone3.S:78\n"
~"\nThread 11 (Thread 0x7fffd2cb26c0 (LWP 1931710) \"strata-prefill-\"):\n"
~"#0  0x00007fffdc653e51 in __futex_abstimed_wait_common64 (private=0, cancel=true, abstime=0x0, op=393, expected=0, futex_word=0x3dfa1b0) at ./nptl/futex-internal.c:57\n#1  __futex_abstimed_wait_common (cancel=true, private=0, abstime=0x0, clockid=0, expected=0, futex_word=0x3dfa1b0) at ./nptl/futex-internal.c:87\n#2  __GI___futex_abstimed_wait_cancelable64 (futex_word=futex_word@entry=0x3dfa1b0, expected=expected@entry=0, clockid=clockid@entry=0, abstime=abstime@entry=0x0, private=private@entry=0) at ./nptl/futex-internal.c:139\n#3  0x00007fffdc6568cd in __pthread_cond_wait_common (abstime=0x0, clockid=0, mutex=0x3dfa160, cond=0x3dfa188) at ./nptl/pthread_cond_wait.c:503\n#4  ___pthread_cond_wait (cond=0x3dfa188, mutex=0x3dfa160) at ./nptl/pthread_cond_wait.c:627\n#5  0x000000000066656b in std::thread::_State_impl<std::thread::_Invoker<std::tuple<strata::platform::DirectFile::open(std::__cxx11::basic_string<char, std::char_traits<char>, std::allocator<char> > const&, std::__cxx11::basic_string<char, std::char_traits<char>, std::allocator<char> >&)::{lambda()#1}> > >::_M_run() ()\n#6  0x00007fffdccdadb4 in ?? () from /usr/lib/x86_64-linux-gnu/libstdc++.so.6\n#7  0x00007fffdc657b84 in start_thread (arg=<optimized out>) at ./nptl/pthread_create.c:447\n#8  0x00007fffdc6e4ecc in clone3 () at ../sysdeps/unix/sysv/linux/x86_64/clone3.S:78\n"
~"\nThread 10 (Thread 0x7fffd34b36c0 (LWP 1931709) \"strata-prefill-\"):\n"
~"#0  0x00007fffdc653e51 in __futex_abstimed_wait_common64 (private=0, cancel=true, abstime=0x0, op=393, expected=0, futex_word=0x3dfa1b0) at ./nptl/futex-internal.c:57\n#1  __futex_abstimed_wait_common (cancel=true, private=0, abstime=0x0, clockid=0, expected=0, futex_word=0x3dfa1b0) at ./nptl/futex-internal.c:87\n#2  __GI___futex_abstimed_wait_cancelable64 (futex_word=futex_word@entry=0x3dfa1b0, expected=expected@entry=0, clockid=clockid@entry=0, abstime=abstime@entry=0x0, private=private@entry=0) at ./nptl/futex-internal.c:139\n#3  0x00007fffdc6568cd in __pthread_cond_wait_common (abstime=0x0, clockid=0, mutex=0x3dfa160, cond=0x3dfa188) at ./nptl/pthread_cond_wait.c:503\n#4  ___pthread_cond_wait (cond=0x3dfa188, mutex=0x3dfa160) at ./nptl/pthread_cond_wait.c:627\n#5  0x000000000066656b in std::thread::_State_impl<std::thread::_Invoker<std::tuple<strata::platform::DirectFile::open(std::__cxx11::basic_string<char, std::char_traits<char>, std::allocator<char> > const&, std::__cxx11::basic_string<char, std::char_traits<char>, std::allocator<char> >&)::{lambda()#1}> > >::_M_run() ()\n#6  0x00007fffdccdadb4 in ?? () from /usr/lib/x86_64-linux-gnu/libstdc++.so.6\n#7  0x00007fffdc657b84 in start_thread (arg=<optimized out>) at ./nptl/pthread_create.c:447\n#8  0x00007fffdc6e4ecc in clone3 () at ../sysdeps/unix/sysv/linux/x86_64/clone3.S:78\n"
~"\nThread 9 (Thread 0x7fffd3cb46c0 (LWP 1931708) \"strata-prefill-\"):\n"
~"#0  0x00007fffdc653e51 in __futex_abstimed_wait_common64 (private=32764, cancel=true, abstime=0x0, op=393, expected=0, futex_word=0x3dfa1b4) at ./nptl/futex-internal.c:57\n#1  __futex_abstimed_wait_common (cancel=true, private=32764, abstime=0x0, clockid=0, expected=0, futex_word=0x3dfa1b4) at ./nptl/futex-internal.c:87\n#2  __GI___futex_abstimed_wait_cancelable64 (futex_word=futex_word@entry=0x3dfa1b4, expected=expected@entry=0, clockid=clockid@entry=0, abstime=abstime@entry=0x0, private=private@entry=0) at ./nptl/futex-internal.c:139\n#3  0x00007fffdc6568cd in __pthread_cond_wait_common (abstime=0x0, clockid=0, mutex=0x3dfa160, cond=0x3dfa188) at ./nptl/pthread_cond_wait.c:503\n#4  ___pthread_cond_wait (cond=0x3dfa188, mutex=0x3dfa160) at ./nptl/pthread_cond_wait.c:627\n#5  0x000000000066656b in std::thread::_State_impl<std::thread::_Invoker<std::tuple<strata::platform::DirectFile::open(std::__cxx11::basic_string<char, std::char_traits<char>, std::allocator<char> > const&, std::__cxx11::basic_string<char, std::char_traits<char>, std::allocator<char> >&)::{lambda()#1}> > >::_M_run() ()\n#6  0x00007fffdccdadb4 in ?? () from /usr/lib/x86_64-linux-gnu/libstdc++.so.6\n#7  0x00007fffdc657b84 in start_thread (arg=<optimized out>) at ./nptl/pthread_create.c:447\n#8  0x00007fffdc6e4ecc in clone3 () at ../sysdeps/unix/sysv/linux/x86_64/clone3.S:78\n"
~"\nThread 8 (Thread 0x7fffd44b56c0 (LWP 1931707) \"strata-prefill-\"):\n"
~"#0  0x00007fffdc653e51 in __futex_abstimed_wait_common64 (private=0, cancel=true, abstime=0x0, op=393, expected=0, futex_word=0x3dfa1b0) at ./nptl/futex-internal.c:57\n#1  __futex_abstimed_wait_common (cancel=true, private=0, abstime=0x0, clockid=0, expected=0, futex_word=0x3dfa1b0) at ./nptl/futex-internal.c:87\n#2  __GI___futex_abstimed_wait_cancelable64 (futex_word=futex_word@entry=0x3dfa1b0, expected=expected@entry=0, clockid=clockid@entry=0, abstime=abstime@entry=0x0, private=private@entry=0) at ./nptl/futex-internal.c:139\n#3  0x00007fffdc6568cd in __pthread_cond_wait_common (abstime=0x0, clockid=0, mutex=0x3dfa160, cond=0x3dfa188) at ./nptl/pthread_cond_wait.c:503\n#4  ___pthread_cond_wait (cond=0x3dfa188, mutex=0x3dfa160) at ./nptl/pthread_cond_wait.c:627\n#5  0x000000000066656b in std::thread::_State_impl<std::thread::_Invoker<std::tuple<strata::platform::DirectFile::open(std::__cxx11::basic_string<char, std::char_traits<char>, std::allocator<char> > const&, std::__cxx11::basic_string<char, std::char_traits<char>, std::allocator<char> >&)::{lambda()#1}> > >::_M_run() ()\n#6  0x00007fffdccdadb4 in ?? () from /usr/lib/x86_64-linux-gnu/libstdc++.so.6\n#7  0x00007fffdc657b84 in start_thread (arg=<optimized out>) at ./nptl/pthread_create.c:447\n#8  0x00007fffdc6e4ecc in clone3 () at ../sysdeps/unix/sysv/linux/x86_64/clone3.S:78\n"
~"\nThread 7 (Thread 0x7fffd4cb66c0 (LWP 1931706) \"strata-prefill-\"):\n"
~"#0  0x00007fffdc653e51 in __futex_abstimed_wait_common64 (private=0, cancel=true, abstime=0x0, op=393, expected=0, futex_word=0x3dfa1b0) at ./nptl/futex-internal.c:57\n#1  __futex_abstimed_wait_common (cancel=true, private=0, abstime=0x0, clockid=0, expected=0, futex_word=0x3dfa1b0) at ./nptl/futex-internal.c:87\n#2  __GI___futex_abstimed_wait_cancelable64 (futex_word=futex_word@entry=0x3dfa1b0, expected=expected@entry=0, clockid=clockid@entry=0, abstime=abstime@entry=0x0, private=private@entry=0) at ./nptl/futex-internal.c:139\n#3  0x00007fffdc6568cd in __pthread_cond_wait_common (abstime=0x0, clockid=0, mutex=0x3dfa160, cond=0x3dfa188) at ./nptl/pthread_cond_wait.c:503\n#4  ___pthread_cond_wait (cond=0x3dfa188, mutex=0x3dfa160) at ./nptl/pthread_cond_wait.c:627\n#5  0x000000000066656b in std::thread::_State_impl<std::thread::_Invoker<std::tuple<strata::platform::DirectFile::open(std::__cxx11::basic_string<char, std::char_traits<char>, std::allocator<char> > const&, std::__cxx11::basic_string<char, std::char_traits<char>, std::allocator<char> >&)::{lambda()#1}> > >::_M_run() ()\n#6  0x00007fffdccdadb4 in ?? () from /usr/lib/x86_64-linux-gnu/libstdc++.so.6\n#7  0x00007fffdc657b84 in start_thread (arg=<optimized out>) at ./nptl/pthread_create.c:447\n#8  0x00007fffdc6e4ecc in clone3 () at ../sysdeps/unix/sysv/linux/x86_64/clone3.S:78\n"
~"\nThread 6 (Thread 0x7fffd54b76c0 (LWP 1931705) \"strata-prefill-\"):\n"
~"#0  0x00007fffdc653e51 in __futex_abstimed_wait_common64 (private=0, cancel=true, abstime=0x0, op=393, expected=0, futex_word=0x3dfa1b0) at ./nptl/futex-internal.c:57\n#1  __futex_abstimed_wait_common (cancel=true, private=0, abstime=0x0, clockid=0, expected=0, futex_word=0x3dfa1b0) at ./nptl/futex-internal.c:87\n#2  __GI___futex_abstimed_wait_cancelable64 (futex_word=futex_word@entry=0x3dfa1b0, expected=expected@entry=0, clockid=clockid@entry=0, abstime=abstime@entry=0x0, private=private@entry=0) at ./nptl/futex-internal.c:139\n#3  0x00007fffdc6568cd in __pthread_cond_wait_common (abstime=0x0, clockid=0, mutex=0x3dfa160, cond=0x3dfa188) at ./nptl/pthread_cond_wait.c:503\n#4  ___pthread_cond_wait (cond=0x3dfa188, mutex=0x3dfa160) at ./nptl/pthread_cond_wait.c:627\n#5  0x000000000066656b in std::thread::_State_impl<std::thread::_Invoker<std::tuple<strata::platform::DirectFile::open(std::__cxx11::basic_string<char, std::char_traits<char>, std::allocator<char> > const&, std::__cxx11::basic_string<char, std::char_traits<char>, std::allocator<char> >&)::{lambda()#1}> > >::_M_run() ()\n#6  0x00007fffdccdadb4 in ?? () from /usr/lib/x86_64-linux-gnu/libstdc++.so.6\n#7  0x00007fffdc657b84 in start_thread (arg=<optimized out>) at ./nptl/pthread_create.c:447\n#8  0x00007fffdc6e4ecc in clone3 () at ../sysdeps/unix/sysv/linux/x86_64/clone3.S:78\n"
~"\nThread 5 (Thread 0x7fffd5cb86c0 (LWP 1931704) \"strata-prefill-\"):\n"
~"#0  0x00007fffdc653e51 in __futex_abstimed_wait_common64 (private=32764, cancel=true, abstime=0x0, op=393, expected=0, futex_word=0x3dfa1b0) at ./nptl/futex-internal.c:57\n#1  __futex_abstimed_wait_common (cancel=true, private=32764, abstime=0x0, clockid=0, expected=0, futex_word=0x3dfa1b0) at ./nptl/futex-internal.c:87\n#2  __GI___futex_abstimed_wait_cancelable64 (futex_word=futex_word@entry=0x3dfa1b0, expected=expected@entry=0, clockid=clockid@entry=0, abstime=abstime@entry=0x0, private=private@entry=0) at ./nptl/futex-internal.c:139\n#3  0x00007fffdc6568cd in __pthread_cond_wait_common (abstime=0x0, clockid=0, mutex=0x3dfa160, cond=0x3dfa188) at ./nptl/pthread_cond_wait.c:503\n#4  ___pthread_cond_wait (cond=0x3dfa188, mutex=0x3dfa160) at ./nptl/pthread_cond_wait.c:627\n#5  0x000000000066656b in std::thread::_State_impl<std::thread::_Invoker<std::tuple<strata::platform::DirectFile::open(std::__cxx11::basic_string<char, std::char_traits<char>, std::allocator<char> > const&, std::__cxx11::basic_string<char, std::char_traits<char>, std::allocator<char> >&)::{lambda()#1}> > >::_M_run() ()\n#6  0x00007fffdccdadb4 in ?? () from /usr/lib/x86_64-linux-gnu/libstdc++.so.6\n#7  0x00007fffdc657b84 in start_thread (arg=<optimized out>) at ./nptl/pthread_create.c:447\n#8  0x00007fffdc6e4ecc in clone3 () at ../sysdeps/unix/sysv/linux/x86_64/clone3.S:78\n"
~"\nThread 4 (Thread 0x7fffd64b96c0 (LWP 1931703) \"strata-prefill-\"):\n"
~"#0  0x00007fffdc653e51 in __futex_abstimed_wait_common64 (private=0, cancel=true, abstime=0x0, op=393, expected=0, futex_word=0x3dfa1b4) at ./nptl/futex-internal.c:57\n#1  __futex_abstimed_wait_common (cancel=true, private=0, abstime=0x0, clockid=0, expected=0, futex_word=0x3dfa1b4) at ./nptl/futex-internal.c:87\n#2  __GI___futex_abstimed_wait_cancelable64 (futex_word=futex_word@entry=0x3dfa1b4, expected=expected@entry=0, clockid=clockid@entry=0, abstime=abstime@entry=0x0, private=private@entry=0) at ./nptl/futex-internal.c:139\n#3  0x00007fffdc6568cd in __pthread_cond_wait_common (abstime=0x0, clockid=0, mutex=0x3dfa160, cond=0x3dfa188) at ./nptl/pthread_cond_wait.c:503\n#4  ___pthread_cond_wait (cond=0x3dfa188, mutex=0x3dfa160) at ./nptl/pthread_cond_wait.c:627\n#5  0x000000000066656b in std::thread::_State_impl<std::thread::_Invoker<std::tuple<strata::platform::DirectFile::open(std::__cxx11::basic_string<char, std::char_traits<char>, std::allocator<char> > const&, std::__cxx11::basic_string<char, std::char_traits<char>, std::allocator<char> >&)::{lambda()#1}> > >::_M_run() ()\n#6  0x00007fffdccdadb4 in ?? () from /usr/lib/x86_64-linux-gnu/libstdc++.so.6\n#7  0x00007fffdc657b84 in start_thread (arg=<optimized out>) at ./nptl/pthread_create.c:447\n#8  0x00007fffdc6e4ecc in clone3 () at ../sysdeps/unix/sysv/linux/x86_64/clone3.S:78\n"
~"\nThread 3 (Thread 0x7fffd6cba6c0 (LWP 1931702) \"strata-prefill-\"):\n"
~"#0  0x00007fffdc653e51 in __futex_abstimed_wait_common64 (private=0, cancel=true, abstime=0x0, op=393, expected=0, futex_word=0x3dfa1b0) at ./nptl/futex-internal.c:57\n#1  __futex_abstimed_wait_common (cancel=true, private=0, abstime=0x0, clockid=0, expected=0, futex_word=0x3dfa1b0) at ./nptl/futex-internal.c:87\n#2  __GI___futex_abstimed_wait_cancelable64 (futex_word=futex_word@entry=0x3dfa1b0, expected=expected@entry=0, clockid=clockid@entry=0, abstime=abstime@entry=0x0, private=private@entry=0) at ./nptl/futex-internal.c:139\n#3  0x00007fffdc6568cd in __pthread_cond_wait_common (abstime=0x0, clockid=0, mutex=0x3dfa160, cond=0x3dfa188) at ./nptl/pthread_cond_wait.c:503\n#4  ___pthread_cond_wait (cond=0x3dfa188, mutex=0x3dfa160) at ./nptl/pthread_cond_wait.c:627\n#5  0x000000000066656b in std::thread::_State_impl<std::thread::_Invoker<std::tuple<strata::platform::DirectFile::open(std::__cxx11::basic_string<char, std::char_traits<char>, std::allocator<char> > const&, std::__cxx11::basic_string<char, std::char_traits<char>, std::allocator<char> >&)::{lambda()#1}> > >::_M_run() ()\n#6  0x00007fffdccdadb4 in ?? () from /usr/lib/x86_64-linux-gnu/libstdc++.so.6\n#7  0x00007fffdc657b84 in start_thread (arg=<optimized out>) at ./nptl/pthread_create.c:447\n#8  0x00007fffdc6e4ecc in clone3 () at ../sysdeps/unix/sysv/linux/x86_64/clone3.S:78\n"
~"\nThread 2 (Thread 0x7fffd79cb6c0 (LWP 1931683) \"strata-prefill-\"):\n"
~"#0  0x00007fffdc653e51 in __futex_abstimed_wait_common64 (private=0, cancel=true, abstime=0x0, op=393, expected=0, futex_word=0x3f17778) at ./nptl/futex-internal.c:57\n#1  __futex_abstimed_wait_common (cancel=true, private=0, abstime=0x0, clockid=0, expected=0, futex_word=0x3f17778) at ./nptl/futex-internal.c:87\n#2  __GI___futex_abstimed_wait_cancelable64 (futex_word=futex_word@entry=0x3f17778, expected=expected@entry=0, clockid=clockid@entry=0, abstime=abstime@entry=0x0, private=private@entry=0) at ./nptl/futex-internal.c:139\n#3  0x00007fffdc6568cd in __pthread_cond_wait_common (abstime=0x0, clockid=0, mutex=0x3f17728, cond=0x3f17750) at ./nptl/pthread_cond_wait.c:503\n#4  ___pthread_cond_wait (cond=0x3f17750, mutex=0x3f17728) at ./nptl/pthread_cond_wait.c:627\n#5  0x00007fec5e119f0e in std::condition_variable::wait<NEO::UnifiedMemoryReuseCleaner::wait(std::unique_lock<std::mutex>&)::{lambda()#1}>(std::unique_lock<std::mutex>&, NEO::UnifiedMemoryReuseCleaner::wait(std::unique_lock<std::mutex>&)::{lambda()#1}) (__p=..., __lock=..., this=0x3f17750) at /usr/include/c++/13/condition_variable:105\n#6  NEO::UnifiedMemoryReuseCleaner::wait (lock=..., this=0x3f176d0) at /usr/src/intel-compute-runtime-26.31.39395.14-1~24.04~ppa1/shared/source/memory_manager/unified_memory_reuse_cleaner.h:39\n#7  NEO::UnifiedMemoryReuseCleaner::cleanUnifiedMemoryReuse (self=<optimized out>) at /usr/src/intel-compute-runtime-26.31.39395.14-1~24.04~ppa1/shared/source/memory_manager/unified_memory_reuse_cleaner.cpp:41\n#8  0x00007fffdc657b84 in start_thread (arg=<optimized out>) at ./nptl/pthread_create.c:447\n#9  0x00007fffdc6e4ecc in clone3 () at ../sysdeps/unix/sysv/linux/x86_64/clone3.S:78\n"
~"\nThread 1 (Thread 0x7fffd9a67ac0 (LWP 1931318) \"strata-prefill-\"):\n"
~"#0  __pthread_kill_implementation (no_tid=0, signo=6, threadid=<optimized out>) at ./nptl/pthread_kill.c:44\n#1  __pthread_kill_internal (signo=6, threadid=<optimized out>) at ./nptl/pthread_kill.c:78\n#2  __GI___pthread_kill (threadid=<optimized out>, signo=signo@entry=6) at ./nptl/pthread_kill.c:89\n#3  0x00007fffdc60027e in __GI_raise (sig=sig@entry=6) at ../sysdeps/posix/raise.c:26\n#4  0x00007fffdc5e38ff in __GI_abort () at ./stdlib/abort.c:79\n#5  0x00007fffdcc93ff5 in ?? () from /usr/lib/x86_64-linux-gnu/libstdc++.so.6\n#6  0x00007fffdcca90da in ?? () from /usr/lib/x86_64-linux-gnu/libstdc++.so.6\n#7  0x00007fffdcc93a55 in std::terminate() () from /usr/lib/x86_64-linux-gnu/libstdc++.so.6\n#8  0x000000000052951e in strata::prefill::Prefill::run_layer_major(long const*, long, long, std::__cxx11::basic_string<char, std::char_traits<char>, std::allocator<char> >&)::DecodeLease::~DecodeLease() ()\n#9  0x0000000000517d17 in strata::prefill::Prefill::run_layer_major(long const*, long, long, std::__cxx11::basic_string<char, std::char_traits<char>, std::allocator<char> >&) ()\n#10 0x000000000051744c in strata::prefill::Prefill::run(long const*, long, long, std::__cxx11::basic_string<char, std::char_traits<char>, std::allocator<char> >&) ()\n#11 0x0000000000432f91 in main ()\n"
13^done
(gdb) 
~"rax            0x0                 0\n"
~"rbx            0x1d7836            1931318\n"
~"rcx            0x7fffdc659c0c      140736891034636\n"
~"rdx            0x6                 6\n"
~"rsi            0x1d7836            1931318\n"
~"rdi            0x1d7836            1931318\n"
~"rbp            0x7ffffffe2e90      0x7ffffffe2e90\n"
~"rsp            0x7ffffffe2e50      0x7ffffffe2e50\n"
~"r8             0x2d                45\n"
~"r9             0x7                 7\n"
~"r10            0x8                 8\n"
~"r11            0x246               582\n"
~"r12            0x6                 6\n"
~"r13            0x7ffffffe3ad0      140737488239312\n"
~"r14            0x16                22\n"
~"r15            0x7ffffffe2ff0      140737488236528\n"
~"rip            0x7fffdc659c0c      0x7fffdc659c0c <__GI___pthread_kill+284>\n"
~"eflags         0x246               [ PF ZF IF ]\n"
~"cs             0x33                51\n"
~"ss             0x2b                43\n"
~"ds             0x0                 0\n"
~"es             0x0                 0\n"
~"fs             0x0                 0\n"
~"gs             0x0                 0\n"
~"fs_base        0x7fffd9a67ac0      140736844954304\n"
~"gs_base        0x0                 0\n"
14^done
(gdb) 
~"From                To                  Syms Read   Shared Object Library\n"
~"0x00007ffff7fc6000  0x00007ffff7ff0195  Yes         /lib64/ld-linux-x86-64.so.2\n"
~"0x00007ffff7ee2420  0x00007ffff7f603a6  Yes         /usr/lib/x86_64-linux-gnu/libm.so.6\n"
~"0x00007ffff4db66a0  0x00007ffff6b3a502  Yes         /opt/intel/oneapi/mkl/2026.1/lib/libmkl_sycl_blas.so.6\n"
~"0x00007ffff2cd12b0  0x00007ffff3b0fc00  Yes         /opt/intel/oneapi/mkl/2026.1/lib/libmkl_sycl_lapack.so.6\n"
~"0x00007ffff04df2c0  0x00007ffff0846392  Yes         /opt/intel/oneapi/mkl/2026.1/lib/libmkl_sycl_dft.so.6\n"
~"0x00007fffedab8ce0  0x00007fffef0b80e3  Yes         /opt/intel/oneapi/mkl/2026.1/lib/libmkl_sycl_sparse.so.6\n"
~"0x00007fffe9f18f40  0x00007fffeb5dee42  Yes         /opt/intel/oneapi/mkl/2026.1/lib/libmkl_sycl_rng.so.6\n"
~"0x00007fffe876c720  0x00007fffe8b778d0  Yes         /opt/intel/oneapi/mkl/2026.1/lib/libmkl_sycl_stats.so.6\n"
~"0x00007fffe540eca0  0x00007fffe6bd2eb4  Yes         /opt/intel/oneapi/mkl/2026.1/lib/libmkl_sycl_vm.so.6\n"
~"0x00007fffe3f152e0  0x00007fffe3fbdac3  Yes         /opt/intel/oneapi/mkl/2026.1/lib/libmkl_sycl_data_fitting.so.6\n"
~"0x00007fffe2e0f430  0x00007fffe38d343f  Yes         /opt/intel/oneapi/mkl/2026.1/lib/libmkl_intel_lp64.so.3\n"
~"0x00007fffe1635b70  0x00007fffe29abdca  Yes         /opt/intel/oneapi/mkl/2026.1/lib/libmkl_sequential.so.3\n"
~"0x00007fffdd07ce00  0x00007fffe0f5a03c  Yes         /opt/intel/oneapi/mkl/2026.1/lib/libmkl_core.so.3\n"
~"0x00007fffdcc935c0  0x00007fffdcdd2ce2  Yes         /usr/lib/x86_64-linux-gnu/libstdc++.so.6\n"
~"0x00007fffdcbc4780  0x00007fffdcbe7745  Yes         /usr/lib/x86_64-linux-gnu/libgcc_s.so.1\n"
~"0x00007fffdc8e1900  0x00007fffdcbb1aae  Yes         /opt/intel/oneapi/compiler/2026.1/lib/libsycl.so.9\n"
~"0x00007fffdc7d6b10  0x00007fffdc7dee05  Yes         /opt/intel/oneapi/compiler/2026.1/lib/libOpenCL.so.1\n"
~"0x00007fffdc5e3800  0x00007fffdc76b039  Yes         /usr/lib/x86_64-linux-gnu/libc.so.6\n"
~"0x00007fffdc5b7040  0x00007fffdc5b7105  Yes         /usr/lib/x86_64-linux-gnu/libdl.so.2\n"
~"0x00007fffdc5b2040  0x00007fffdc5b2105  Yes         /usr/lib/x86_64-linux-gnu/libpthread.so.0\n"
~"0x00007fffdbbe4840  0x00007fffdc55ed24  Yes         /opt/intel/oneapi/compiler/2026.1/lib/libur_loader.so.0\n"
~"0x00007fffdac445c0  0x00007fffdb6eca7f  Yes         /opt/intel/oneapi/compiler/2026.1/lib/libsvml.so\n"
~"0x00007fffd9fe1c80  0x00007fffda024f16  Yes         /opt/intel/oneapi/compiler/2026.1/lib/libirng.so\n"
~"0x00007fffd9d61170  0x00007fffd9eef292  Yes         /opt/intel/oneapi/compiler/2026.1/lib/libimf.so\n"
~"0x00007fffd9aa0240  0x00007fffd9aeb1f0  Yes         /opt/intel/oneapi/compiler/2026.1/lib/libintlc.so.5\n"
~"0x00007fffd9a8b080  0x00007fffd9a8b2b1  Yes         /usr/lib/x86_64-linux-gnu/librt.so.1\n"
~"0x00007fffd9a70260  0x00007fffd9a81c60  Yes         /usr/lib/x86_64-linux-gnu/libz.so.1\n"
~"0x00007fec616af750  0x00007fec6180b822  Yes         /opt/intel/oneapi/compiler/2026.1/lib/libur_adapter_level_zero_v2.so.0\n"
~"0x00007fffd9a108f0  0x00007fffd9a33470  Yes         /opt/intel/oneapi/umf/1.1/lib/libumf.so.1\n"
~"0x00007fec615fed90  0x00007fec61644d2e  Yes         /usr/lib/x86_64-linux-gnu/libhwloc.so.15\n"
~"0x00007fffd99dc0f0  0x00007fffd99fc4c0  Yes         /usr/lib/x86_64-linux-gnu/libudev.so.1\n"
~"0x00007fffd99cc9c0  0x00007fffd99d1607  Yes         /usr/lib/x86_64-linux-gnu/libcap.so.2\n"
~"0x00007fec6153bd00  0x00007fec615c0795  Yes         /usr/lib/x86_64-linux-gnu/libze_loader.so.1\n"
~"0x00007fec5d9f4570  0x00007fec5e2ffa32  Yes         /usr/lib/x86_64-linux-gnu/libze_intel_gpu.so.1\n"
~"0x00007fec5d8692c0  0x00007fec5d92ca89  Yes         /usr/lib/x86_64-linux-gnu/libigdgmm.so.12\n"
~"0x00007fec5d6afc80  0x00007fec5d7fe5f5  Yes         /usr/lib/x86_64-linux-gnu/libze_validation_layer.so.1\n"
~"0x00007fec5d5b3410  0x00007fec5d664570  Yes         /usr/lib/x86_64-linux-gnu/libze_tracing_layer.so.1\n"
~"0x00007fec5d29ced0  0x00007fec5d3fe62d  Yes         /usr/lib/x86_64-linux-gnu/libigdfcl.so.2\n"
~"0x00007fec55767400  0x00007fec59740b62  Yes         /usr/lib/x86_64-linux-gnu/libopencl-clang.so.17\n"
~"0x00007fec4f8e8c00  0x00007fec52c85895  Yes         /usr/lib/x86_64-linux-gnu/libigc.so.2\n"
~"0x00007fec4f4ade20  0x00007fec4f5a8888  Yes         /usr/lib/x86_64-linux-gnu/libigdml.so.1\n"
~"0x00007fec4f482780  0x00007fec4f48d931  Yes         /usr/lib/x86_64-linux-gnu/libdrm.so.2\n"
~"0x00007fec4f2a7680  0x00007fec4f2a920c  Yes         /usr/lib/x86_64-linux-gnu/libnl-genl-3.so.200\n"
~"0x00007fec4f28b8c0  0x00007fec4f299cb9  Yes         /usr/lib/x86_64-linux-gnu/libnl-3.so.200\n"
15^done
(gdb) 
16^done,new-thread-id="1",frame={level="0",addr="0x00007fffdc659c0c",func="__pthread_kill_implementation",args=[{name="no_tid",value="0"},{name="signo",value="6"},{name="threadid",value="<optimized out>"}],file="./nptl/pthread_kill.c",fullname="./nptl/./nptl/pthread_kill.c",line="44",arch="i386:x86-64"}
(gdb) 
~"strata diagnostic: main thread 1\n"
17^done
(gdb) 
~"rax            0x0                 0\n"
~"rbx            0x1d7836            1931318\n"
~"rcx            0x7fffdc659c0c      140736891034636\n"
~"rdx            0x6                 6\n"
~"rsi            0x1d7836            1931318\n"
~"rdi            0x1d7836            1931318\n"
~"rbp            0x7ffffffe2e90      0x7ffffffe2e90\n"
~"rsp            0x7ffffffe2e50      0x7ffffffe2e50\n"
~"r8             0x2d                45\n"
~"r9             0x7                 7\n"
~"r10            0x8                 8\n"
~"r11            0x246               582\n"
~"r12            0x6                 6\n"
~"r13            0x7ffffffe3ad0      140737488239312\n"
~"r14            0x16                22\n"
~"r15            0x7ffffffe2ff0      140737488236528\n"
~"rip            0x7fffdc659c0c      0x7fffdc659c0c <__GI___pthread_kill+284>\n"
~"eflags         0x246               [ PF ZF IF ]\n"
~"cs             0x33                51\n"
~"ss             0x2b                43\n"
~"ds             0x0                 0\n"
~"es             0x0                 0\n"
~"fs             0x0                 0\n"
~"gs             0x0                 0\n"
~"fs_base        0x7fffd9a67ac0      140736844954304\n"
~"gs_base        0x0                 0\n"
18^done
(gdb) 
~"0x7ffffffe2e50:\t0x6d206c6163697379\t0x81ebc339f31b0b00\n"
~"0x7ffffffe2e60:\t0x647563203a656863\t0x0000000000000006\n"
~"0x7ffffffe2e70:\t0x00007fffd9a67ac0\t0x00007ffffffe3ad0\n"
~"0x7ffffffe2e80:\t0x0000000000000000\t0x00007ffffffe2ff0\n"
~"0x7ffffffe2e90:\t0x00007ffffffe2eb0\t0x00007fffdc60027e\n"
~"0x7ffffffe2ea0:\t0x00007ffffffe2ed0\t0x00007fffdc7c0b50\n"
~"0x7ffffffe2eb0:\t0x00007ffffffe2f70\t0x00007fffdc5e38ff\n"
~"0x7ffffffe2ec0:\t0x0000000000000020\t0x00007fffdcdd4508\n"
~"0x7ffffffe2ed0:\t0x00007ffffffe2f20\t0x00007fffdc64ecba\n"
~"0x7ffffffe2ee0:\t0x0000000000000000\t0x000000000000002d\n"
~"0x7ffffffe2ef0:\t0x00007ffffffe2fd0\t0x00007fffdc7c04e0\n"
~"0x7ffffffe2f00:\t0x000000000000002d\t0x000000000000002d\n"
19^done
(gdb) 
~"=> 0x7fffdc659c0c <__GI___pthread_kill+284>:\tmov    %eax,%r14d\n"
~"   0x7fffdc659c0f <__GI___pthread_kill+287>:\tneg    %r14d\n"
~"   0x7fffdc659c12 <__GI___pthread_kill+290>:\tcmp    $0xfffff000,%eax\n"
~"   0x7fffdc659c17 <__GI___pthread_kill+295>:\tmov    $0x0,%eax\n"
~"   0x7fffdc659c1c <__GI___pthread_kill+300>:\tcmovbe %eax,%r14d\n"
~"   0x7fffdc659c20 <__GI___pthread_kill+304>:\tjmp    0x7fffdc659ba0 <__GI___pthread_kill+176>\n"
~"   0x7fffdc659c25 <__GI___pthread_kill+309>:\tnopl   (%rax)\n"
~"   0x7fffdc659c28 <__GI___pthread_kill+312>:\tmov    %r13,%rdi\n"
~"   0x7fffdc659c2b <__GI___pthread_kill+315>:\tcall   0x7fffdc653fc0 <__GI___lll_lock_wait_private>\n"
~"   0x7fffdc659c30 <__GI___pthread_kill+320>:\tjmp    0x7fffdc659b6e <__GI___pthread_kill+126>\n"
~"   0x7fffdc659c35 <__GI___pthread_kill+325>:\tnopl   (%rax)\n"
~"   0x7fffdc659c38 <__GI___pthread_kill+328>:\tmov    %r13,%rdi\n"
~"   0x7fffdc659c3b <__GI___pthread_kill+331>:\tcall   0x7fffdc654080 <__GI___lll_lock_wake_private>\n"
~"   0x7fffdc659c40 <__GI___pthread_kill+336>:\tjmp    0x7fffdc659b89 <__GI___pthread_kill+153>\n"
~"   0x7fffdc659c45 <__GI___pthread_kill+341>:\tcall   0x7fffdc6f3120 <__stack_chk_fail>\n"
~"   0x7fffdc659c4a:\tnopw   0x0(%rax,%rax,1)\n"
20^done
(gdb) 
21^done,new-thread-id="1",frame={level="0",addr="0x00007fffdc659c0c",func="__pthread_kill_implementation",args=[{name="no_tid",value="0"},{name="signo",value="6"},{name="threadid",value="<optimized out>"}],file="./nptl/pthread_kill.c",fullname="./nptl/./nptl/pthread_kill.c",line="44",arch="i386:x86-64"}
(gdb) 
~"NO CSR FRAME: preserve backtrace; do not infer zero counters\n"
22^done
(gdb) 
23^exit
