{
  "scope": "Actual 262144-cell CLI correctness run with owned GDB, Level Zero warnings/parameter validation and layer progress; 7200-second deadline and read-only stalled-submission inspection; original tuning; not a throughput run",
  "started_utc": "2026-10-07T00:12:40.297068+00:00",
  "boot_id": "0a908c16-e292-4299-80ff-082da39f4bb9",
  "healthy": true,
  "completed": true,
  "active": false,
  "diagnostic_deadline_seconds": 7200,
  "log_limit_bytes": 536870912,
  "snapshots": [],
  "steps": [
    {
      "label": "embedding-state",
      "argv": [
        "/usr/bin/systemctl",
        "--user",
        "show",
        "llama-server-qwen3embed.service",
        "-p",
        "ActiveState"
      ],
      "pid": 1327059,
      "exit_code": 0,
      "timed_out": false,
      "still_alive": false,
      "elapsed_seconds": 0.05074978400079999
    },
    {
      "label": "kernel-gap",
      "argv": [
        "/usr/bin/journalctl",
        "-k",
        "--after-cursor",
        "s=3ad31c4e321d43ad949846afdb43877a;i=befd2d2;b=0a908c16e292429980ff082da39f4bb9;m=4cbbdf404;t=65d34bb19dac1;x=9d37dce217887254",
        "--no-pager",
        "-o",
        "json"
      ],
      "pid": 1327061,
      "exit_code": 0,
      "timed_out": false,
      "still_alive": false,
      "elapsed_seconds": 0.05064235300233122
    },
    {
      "label": "kernel-before",
      "argv": [
        "/usr/bin/journalctl",
        "-k",
        "-n",
        "0",
        "--show-cursor",
        "--no-pager"
      ],
      "pid": 1327063,
      "exit_code": 0,
      "timed_out": false,
      "still_alive": false,
      "elapsed_seconds": 0.050624979998247
    },
    {
      "label": "metrics-3",
      "argv": [
        "/usr/bin/python3",
        "/home/yayoi/.local/state/strata-sycl/post-reboot-tuning-20261007/full-context-layer-trace-csr/read_metrics.py",
        "1327077",
        "2163989"
      ],
      "pid": 1327080,
      "exit_code": 0,
      "timed_out": false,
      "still_alive": false,
      "elapsed_seconds": 0.05056526699991082
    },
    {
      "label": "metrics-4",
      "argv": [
        "/usr/bin/python3",
        "/home/yayoi/.local/state/strata-sycl/post-reboot-tuning-20261007/full-context-layer-trace-csr/read_metrics.py",
        "1327077",
        "2163989"
      ],
      "pid": 1327404,
      "exit_code": 0,
      "timed_out": false,
      "still_alive": false,
      "elapsed_seconds": 0.05064157000015257
    },
    {
      "label": "metrics-5",
      "argv": [
        "/usr/bin/python3",
        "/home/yayoi/.local/state/strata-sycl/post-reboot-tuning-20261007/full-context-layer-trace-csr/read_metrics.py",
        "1327077",
        "2163989"
      ],
      "pid": 1327622,
      "exit_code": 0,
      "timed_out": false,
      "still_alive": false,
      "elapsed_seconds": 0.501495671000157
    },
    {
      "label": "metrics-6",
      "argv": [
        "/usr/bin/python3",
        "/home/yayoi/.local/state/strata-sycl/post-reboot-tuning-20261007/full-context-layer-trace-csr/read_metrics.py",
        "1327077",
        "2163989"
      ],
      "pid": 1327892,
      "exit_code": 0,
      "timed_out": false,
      "still_alive": false,
      "elapsed_seconds": 0.20092706399736926
    },
    {
      "label": "metrics-7",
      "argv": [
        "/usr/bin/python3",
        "/home/yayoi/.local/state/strata-sycl/post-reboot-tuning-20261007/full-context-layer-trace-csr/read_metrics.py",
        "1327077",
        "2163989"
      ],
      "pid": 1328091,
      "exit_code": 0,
      "timed_out": false,
      "still_alive": false,
      "elapsed_seconds": 0.30109127600007923
    },
    {
      "label": "metrics-8",
      "argv": [
        "/usr/bin/python3",
        "/home/yayoi/.local/state/strata-sycl/post-reboot-tuning-20261007/full-context-layer-trace-csr/read_metrics.py",
        "1327077",
        "2163989"
      ],
      "pid": 1328338,
      "exit_code": 0,
      "timed_out": false,
      "still_alive": false,
      "elapsed_seconds": 0.5013374919981288
    },
    {
      "label": "metrics-9",
      "argv": [
        "/usr/bin/python3",
        "/home/yayoi/.local/state/strata-sycl/post-reboot-tuning-20261007/full-context-layer-trace-csr/read_metrics.py",
        "1327077",
        "2163989"
      ],
      "pid": 1328672,
      "exit_code": 0,
      "timed_out": false,
      "still_alive": false,
      "elapsed_seconds": 0.10068927999964217
    },
    {
      "label": "metrics-10",
      "argv": [
        "/usr/bin/python3",
        "/home/yayoi/.local/state/strata-sycl/post-reboot-tuning-20261007/full-context-layer-trace-csr/read_metrics.py",
        "1327077",
        "2163989"
      ],
      "pid": 1329001,
      "exit_code": 0,
      "timed_out": false,
      "still_alive": false,
      "elapsed_seconds": 0.05060064200006309
    },
    {
      "label": "metrics-11",
      "argv": [
        "/usr/bin/python3",
        "/home/yayoi/.local/state/strata-sycl/post-reboot-tuning-20261007/full-context-layer-trace-csr/read_metrics.py",
        "1327077",
        "2163989"
      ],
      "pid": 1329323,
      "exit_code": 0,
      "timed_out": false,
      "still_alive": false,
      "elapsed_seconds": 0.05060558999684872
    },
    {
      "label": "metrics-12",
      "argv": [
        "/usr/bin/python3",
        "/home/yayoi/.local/state/strata-sycl/post-reboot-tuning-20261007/full-context-layer-trace-csr/read_metrics.py",
        "1327077",
        "2163989"
      ],
      "pid": 1329593,
      "exit_code": 0,
      "timed_out": false,
      "still_alive": false,
      "elapsed_seconds": 0.05060514899741975
    },
    {
      "label": "metrics-13",
      "argv": [
        "/usr/bin/python3",
        "/home/yayoi/.local/state/strata-sycl/post-reboot-tuning-20261007/full-context-layer-trace-csr/read_metrics.py",
        "1327077",
        "2163989"
      ],
      "pid": 1329969,
      "exit_code": 0,
      "timed_out": false,
      "still_alive": false,
      "elapsed_seconds": 0.05084192499998608
    },
    {
      "label": "metrics-14",
      "argv": [
        "/usr/bin/python3",
        "/home/yayoi/.local/state/strata-sycl/post-reboot-tuning-20261007/full-context-layer-trace-csr/read_metrics.py",
        "1327077",
        "2163989"
      ],
      "pid": 1330218,
      "exit_code": 0,
      "timed_out": false,
      "still_alive": false,
      "elapsed_seconds": 0.0506067409987736
    },
    {
      "label": "metrics-15",
      "argv": [
        "/usr/bin/python3",
        "/home/yayoi/.local/state/strata-sycl/post-reboot-tuning-20261007/full-context-layer-trace-csr/read_metrics.py",
        "1327077",
        "2163989"
      ],
      "pid": 1330541,
      "exit_code": 0,
      "timed_out": false,
      "still_alive": false,
      "elapsed_seconds": 0.10073568399820942
    },
    {
      "label": "metrics-16",
      "argv": [
        "/usr/bin/python3",
        "/home/yayoi/.local/state/strata-sycl/post-reboot-tuning-20261007/full-context-layer-trace-csr/read_metrics.py",
        "1327077",
        "2163989"
      ],
      "pid": 1330834,
      "exit_code": 0,
      "timed_out": false,
      "still_alive": false,
      "elapsed_seconds": 0.10074179399816785
    },
    {
      "label": "metrics-17",
      "argv": [
        "/usr/bin/python3",
        "/home/yayoi/.local/state/strata-sycl/post-reboot-tuning-20261007/full-context-layer-trace-csr/read_metrics.py",
        "1327077",
        "2163989"
      ],
      "pid": 1331050,
      "exit_code": 0,
      "timed_out": false,
      "still_alive": false,
      "elapsed_seconds": 0.10078137799791875
    },
    {
      "label": "metrics-18",
      "argv": [
        "/usr/bin/python3",
        "/home/yayoi/.local/state/strata-sycl/post-reboot-tuning-20261007/full-context-layer-trace-csr/read_metrics.py",
        "1327077",
        "2163989"
      ],
      "pid": 1331261,
      "exit_code": 0,
      "timed_out": false,
      "still_alive": false,
      "elapsed_seconds": 0.10072212599698105
    },
    {
      "label": "metrics-19",
      "argv": [
        "/usr/bin/python3",
        "/home/yayoi/.local/state/strata-sycl/post-reboot-tuning-20261007/full-context-layer-trace-csr/read_metrics.py",
        "1327077",
        "2163989"
      ],
      "pid": 1331516,
      "exit_code": 0,
      "timed_out": false,
      "still_alive": false,
      "elapsed_seconds": 0.10072150400083046
    },
    {
      "label": "metrics-20",
      "argv": [
        "/usr/bin/python3",
        "/home/yayoi/.local/state/strata-sycl/post-reboot-tuning-20261007/full-context-layer-trace-csr/read_metrics.py",
        "1327077",
        "2163989"
      ],
      "pid": 1331731,
      "exit_code": 0,
      "timed_out": false,
      "still_alive": false,
      "elapsed_seconds": 0.10080517100141151
    },
    {
      "label": "metrics-21",
      "argv": [
        "/usr/bin/python3",
        "/home/yayoi/.local/state/strata-sycl/post-reboot-tuning-20261007/full-context-layer-trace-csr/read_metrics.py",
        "1327077",
        "2163989"
      ],
      "pid": 1332013,
      "exit_code": 0,
      "timed_out": false,
      "still_alive": false,
      "elapsed_seconds": 0.10070959100266919
    },
    {
      "label": "metrics-22",
      "argv": [
        "/usr/bin/python3",
        "/home/yayoi/.local/state/strata-sycl/post-reboot-tuning-20261007/full-context-layer-trace-csr/read_metrics.py",
        "1327077",
        "2163989"
      ],
      "pid": 1332255,
      "exit_code": 0,
      "timed_out": false,
      "still_alive": false,
      "elapsed_seconds": 0.10072577100072522
    },
    {
      "label": "metrics-23",
      "argv": [
        "/usr/bin/python3",
        "/home/yayoi/.local/state/strata-sycl/post-reboot-tuning-20261007/full-context-layer-trace-csr/read_metrics.py",
        "1327077",
        "2163989"
      ],
      "pid": 1332460,
      "exit_code": 0,
      "timed_out": false,
      "still_alive": false,
      "elapsed_seconds": 0.10160117799750878
    },
    {
      "label": "metrics-24",
      "argv": [
        "/usr/bin/python3",
        "/home/yayoi/.local/state/strata-sycl/post-reboot-tuning-20261007/full-context-layer-trace-csr/read_metrics.py",
        "1327077",
        "2163989"
      ],
      "pid": 1332695,
      "exit_code": 0,
      "timed_out": false,
      "still_alive": false,
      "elapsed_seconds": 0.10080809400096769
    },
    {
      "label": "metrics-25",
      "argv": [
        "/usr/bin/python3",
        "/home/yayoi/.local/state/strata-sycl/post-reboot-tuning-20261007/full-context-layer-trace-csr/read_metrics.py",
        "1327077",
        "2163989"
      ],
      "pid": 1333010,
      "exit_code": 0,
      "timed_out": false,
      "still_alive": false,
      "elapsed_seconds": 0.10075010500077042
    },
    {
      "label": "metrics-26",
      "argv": [
        "/usr/bin/python3",
        "/home/yayoi/.local/state/strata-sycl/post-reboot-tuning-20261007/full-context-layer-trace-csr/read_metrics.py",
        "1327077",
        "2163989"
      ],
      "pid": 1333224,
      "exit_code": 0,
      "timed_out": false,
      "still_alive": false,
      "elapsed_seconds": 0.10076960099831922
    },
    {
      "label": "metrics-27",
      "argv": [
        "/usr/bin/python3",
        "/home/yayoi/.local/state/strata-sycl/post-reboot-tuning-20261007/full-context-layer-trace-csr/read_metrics.py",
        "1327077",
        "2163989"
      ],
      "pid": 1333471,
      "exit_code": 0,
      "timed_out": false,
      "still_alive": false,
      "elapsed_seconds": 0.10074298000108683
    },
    {
      "label": "metrics-28",
      "argv": [
        "/usr/bin/python3",
        "/home/yayoi/.local/state/strata-sycl/post-reboot-tuning-20261007/full-context-layer-trace-csr/read_metrics.py",
        "1327077",
        "2163989"
      ],
      "pid": 1333716,
      "exit_code": 0,
      "timed_out": false,
      "still_alive": false,
      "elapsed_seconds": 0.10062202199696912
    },
    {
      "label": "metrics-29",
      "argv": [
        "/usr/bin/python3",
        "/home/yayoi/.local/state/strata-sycl/post-reboot-tuning-20261007/full-context-layer-trace-csr/read_metrics.py",
        "1327077",
        "2163989"
      ],
      "pid": 1333953,
      "exit_code": 0,
      "timed_out": false,
      "still_alive": false,
      "elapsed_seconds": 0.10075194599994575
    },
    {
      "label": "metrics-30",
      "argv": [
        "/usr/bin/python3",
        "/home/yayoi/.local/state/strata-sycl/post-reboot-tuning-20261007/full-context-layer-trace-csr/read_metrics.py",
        "1327077",
        "2163989"
      ],
      "pid": 1334240,
      "exit_code": 0,
      "timed_out": false,
      "still_alive": false,
      "elapsed_seconds": 0.10070374499991885
    },
    {
      "label": "metrics-31",
      "argv": [
        "/usr/bin/python3",
        "/home/yayoi/.local/state/strata-sycl/post-reboot-tuning-20261007/full-context-layer-trace-csr/read_metrics.py",
        "1327077",
        "2163989"
      ],
      "pid": 1334545,
      "exit_code": 0,
      "timed_out": false,
      "still_alive": false,
      "elapsed_seconds": 0.10074563200032571
    },
    {
      "label": "metrics-32",
      "argv": [
        "/usr/bin/python3",
        "/home/yayoi/.local/state/strata-sycl/post-reboot-tuning-20261007/full-context-layer-trace-csr/read_metrics.py",
        "1327077",
        "2163989"
      ],
      "pid": 1334759,
      "exit_code": 0,
      "timed_out": false,
      "still_alive": false,
      "elapsed_seconds": 0.10068091100038146
    },
    {
      "label": "metrics-33",
      "argv": [
        "/usr/bin/python3",
        "/home/yayoi/.local/state/strata-sycl/post-reboot-tuning-20261007/full-context-layer-trace-csr/read_metrics.py",
        "1327077",
        "2163989"
      ],
      "pid": 1335012,
      "exit_code": 0,
      "timed_out": false,
      "still_alive": false,
      "elapsed_seconds": 0.1007113070008927
    },
    {
      "label": "metrics-34",
      "argv": [
        "/usr/bin/python3",
        "/home/yayoi/.local/state/strata-sycl/post-reboot-tuning-20261007/full-context-layer-trace-csr/read_metrics.py",
        "1327077",
        "2163989"
      ],
      "pid": 1335231,
      "exit_code": 0,
      "timed_out": false,
      "still_alive": false,
      "elapsed_seconds": 0.10069469600057346
    },
    {
      "label": "metrics-35",
      "argv": [
        "/usr/bin/python3",
        "/home/yayoi/.local/state/strata-sycl/post-reboot-tuning-20261007/full-context-layer-trace-csr/read_metrics.py",
        "1327077",
        "2163989"
      ],
      "pid": 1335531,
      "exit_code": 0,
      "timed_out": false,
      "still_alive": false,
      "elapsed_seconds": 0.10072489099911763
    },
    {
      "label": "metrics-36",
      "argv": [
        "/usr/bin/python3",
        "/home/yayoi/.local/state/strata-sycl/post-reboot-tuning-20261007/full-context-layer-trace-csr/read_metrics.py",
        "1327077",
        "2163989"
      ],
      "pid": 1335776,
      "exit_code": 0,
      "timed_out": false,
      "still_alive": false,
      "elapsed_seconds": 0.10073028099941439
    },
    {
      "label": "metrics-37",
      "argv": [
        "/usr/bin/python3",
        "/home/yayoi/.local/state/strata-sycl/post-reboot-tuning-20261007/full-context-layer-trace-csr/read_metrics.py",
        "1327077",
        "2163989"
      ],
      "pid": 1335993,
      "exit_code": 0,
      "timed_out": false,
      "still_alive": false,
      "elapsed_seconds": 0.3009624110018194
    },
    {
      "label": "metrics-38",
      "argv": [
        "/usr/bin/python3",
        "/home/yayoi/.local/state/strata-sycl/post-reboot-tuning-20261007/full-context-layer-trace-csr/read_metrics.py",
        "1327077",
        "2163989"
      ],
      "pid": 1336236,
      "exit_code": 0,
      "timed_out": false,
      "still_alive": false,
      "elapsed_seconds": 0.10074248300225008
    },
    {
      "label": "metrics-39",
      "argv": [
        "/usr/bin/python3",
        "/home/yayoi/.local/state/strata-sycl/post-reboot-tuning-20261007/full-context-layer-trace-csr/read_metrics.py",
        "1327077",
        "2163989"
      ],
      "pid": 1336467,
      "exit_code": 0,
      "timed_out": false,
      "still_alive": false,
      "elapsed_seconds": 0.10204451399840764
    },
    {
      "label": "metrics-40",
      "argv": [
        "/usr/bin/python3",
        "/home/yayoi/.local/state/strata-sycl/post-reboot-tuning-20261007/full-context-layer-trace-csr/read_metrics.py",
        "1327077",
        "2163989"
      ],
      "pid": 1336749,
      "exit_code": 0,
      "timed_out": false,
      "still_alive": false,
      "elapsed_seconds": 0.05061956899953657
    },
    {
      "label": "metrics-41",
      "argv": [
        "/usr/bin/python3",
        "/home/yayoi/.local/state/strata-sycl/post-reboot-tuning-20261007/full-context-layer-trace-csr/read_metrics.py",
        "1327077",
        "2163989"
      ],
      "pid": 1337027,
      "exit_code": 0,
      "timed_out": false,
      "still_alive": false,
      "elapsed_seconds": 0.051019100999837974
    },
    {
      "label": "metrics-42",
      "argv": [
        "/usr/bin/python3",
        "/home/yayoi/.local/state/strata-sycl/post-reboot-tuning-20261007/full-context-layer-trace-csr/read_metrics.py",
        "1327077",
        "2163989"
      ],
      "pid": 1337326,
      "exit_code": 0,
      "timed_out": false,
      "still_alive": false,
      "elapsed_seconds": 0.15077166799892439
    },
    {
      "label": "metrics-43",
      "argv": [
        "/usr/bin/python3",
        "/home/yayoi/.local/state/strata-sycl/post-reboot-tuning-20261007/full-context-layer-trace-csr/read_metrics.py",
        "1327077",
        "2163989"
      ],
      "pid": 1337579,
      "exit_code": 0,
      "timed_out": false,
      "still_alive": false,
      "elapsed_seconds": 0.05067149599926779
    },
    {
      "label": "metrics-44",
      "argv": [
        "/usr/bin/python3",
        "/home/yayoi/.local/state/strata-sycl/post-reboot-tuning-20261007/full-context-layer-trace-csr/read_metrics.py",
        "1327077",
        "2163989"
      ],
      "pid": 1337922,
      "exit_code": 0,
      "timed_out": false,
      "still_alive": false,
      "elapsed_seconds": 0.050591564999194816
    },
    {
      "label": "metrics-45",
      "argv": [
        "/usr/bin/python3",
        "/home/yayoi/.local/state/strata-sycl/post-reboot-tuning-20261007/full-context-layer-trace-csr/read_metrics.py",
        "1327077",
        "2163989"
      ],
      "pid": 1338180,
      "exit_code": 0,
      "timed_out": false,
      "still_alive": false,
      "elapsed_seconds": 0.05062988599820528
    },
    {
      "label": "metrics-46",
      "argv": [
        "/usr/bin/python3",
        "/home/yayoi/.local/state/strata-sycl/post-reboot-tuning-20261007/full-context-layer-trace-csr/read_metrics.py",
        "1327077",
        "2163989"
      ],
      "pid": 1338511,
      "exit_code": 0,
      "timed_out": false,
      "still_alive": false,
      "elapsed_seconds": 0.0508933529999922
    },
    {
      "label": "metrics-47",
      "argv": [
        "/usr/bin/python3",
        "/home/yayoi/.local/state/strata-sycl/post-reboot-tuning-20261007/full-context-layer-trace-csr/read_metrics.py",
        "1327077",
        "2163989"
      ],
      "pid": 1338802,
      "exit_code": 0,
      "timed_out": false,
      "still_alive": false,
      "elapsed_seconds": 0.050612543996976456
    },
    {
      "label": "metrics-48",
      "argv": [
        "/usr/bin/python3",
        "/home/yayoi/.local/state/strata-sycl/post-reboot-tuning-20261007/full-context-layer-trace-csr/read_metrics.py",
        "1327077",
        "2163989"
      ],
      "pid": 1339120,
      "exit_code": 0,
      "timed_out": false,
      "still_alive": false,
      "elapsed_seconds": 0.05086313500214601
    },
    {
      "label": "metrics-49",
      "argv": [
        "/usr/bin/python3",
        "/home/yayoi/.local/state/strata-sycl/post-reboot-tuning-20261007/full-context-layer-trace-csr/read_metrics.py",
        "1327077",
        "2163989"
      ],
      "pid": 1339383,
      "exit_code": 0,
      "timed_out": false,
      "still_alive": false,
      "elapsed_seconds": 0.05059003099813708
    },
    {
      "label": "metrics-50",
      "argv": [
        "/usr/bin/python3",
        "/home/yayoi/.local/state/strata-sycl/post-reboot-tuning-20261007/full-context-layer-trace-csr/read_metrics.py",
        "1327077",
        "2163989"
      ],
      "pid": 1339741,
      "exit_code": 0,
      "timed_out": false,
      "still_alive": false,
      "elapsed_seconds": 0.0506996980002441
    },
    {
      "label": "metrics-51",
      "argv": [
        "/usr/bin/python3",
        "/home/yayoi/.local/state/strata-sycl/post-reboot-tuning-20261007/full-context-layer-trace-csr/read_metrics.py",
        "1327077",
        "2163989"
      ],
      "pid": 1340006,
      "exit_code": 0,
      "timed_out": false,
      "still_alive": false,
      "elapsed_seconds": 0.05064812999989954
    },
    {
      "label": "metrics-52",
      "argv": [
        "/usr/bin/python3",
        "/home/yayoi/.local/state/strata-sycl/post-reboot-tuning-20261007/full-context-layer-trace-csr/read_metrics.py",
        "1327077",
        "2163989"
      ],
      "pid": 1340316,
      "exit_code": 0,
      "timed_out": false,
      "still_alive": false,
      "elapsed_seconds": 0.05061562899936689
    },
    {
      "label": "metrics-53",
      "argv": [
        "/usr/bin/python3",
        "/home/yayoi/.local/state/strata-sycl/post-reboot-tuning-20261007/full-context-layer-trace-csr/read_metrics.py",
        "1327077",
        "2163989"
      ],
      "pid": 1340642,
      "exit_code": 0,
      "timed_out": false,
      "still_alive": false,
      "elapsed_seconds": 0.05061766200014972
    },
    {
      "label": "metrics-54",
      "argv": [
        "/usr/bin/python3",
        "/home/yayoi/.local/state/strata-sycl/post-reboot-tuning-20261007/full-context-layer-trace-csr/read_metrics.py",
        "1327077",
        "2163989"
      ],
      "pid": 1340961,
      "exit_code": 0,
      "timed_out": false,
      "still_alive": false,
      "elapsed_seconds": 0.05069410600117408
    },
    {
      "label": "metrics-55",
      "argv": [
        "/usr/bin/python3",
        "/home/yayoi/.local/state/strata-sycl/post-reboot-tuning-20261007/full-context-layer-trace-csr/read_metrics.py",
        "1327077",
        "2163989"
      ],
      "pid": 1341349,
      "exit_code": 0,
      "timed_out": false,
      "still_alive": false,
      "elapsed_seconds": 0.05063489399981336
    },
    {
      "label": "metrics-56",
      "argv": [
        "/usr/bin/python3",
        "/home/yayoi/.local/state/strata-sycl/post-reboot-tuning-20261007/full-context-layer-trace-csr/read_metrics.py",
        "1327077",
        "2163989"
      ],
      "pid": 1341608,
      "exit_code": 0,
      "timed_out": false,
      "still_alive": false,
      "elapsed_seconds": 0.050694467001449084
    },
    {
      "label": "metrics-57",
      "argv": [
        "/usr/bin/python3",
        "/home/yayoi/.local/state/strata-sycl/post-reboot-tuning-20261007/full-context-layer-trace-csr/read_metrics.py",
        "1327077",
        "2163989"
      ],
      "pid": 1341951,
      "exit_code": 0,
      "timed_out": false,
      "still_alive": false,
      "elapsed_seconds": 0.05072318000020459
    },
    {
      "label": "metrics-58",
      "argv": [
        "/usr/bin/python3",
        "/home/yayoi/.local/state/strata-sycl/post-reboot-tuning-20261007/full-context-layer-trace-csr/read_metrics.py",
        "1327077",
        "2163989"
      ],
      "pid": 1342214,
      "exit_code": 0,
      "timed_out": false,
      "still_alive": false,
      "elapsed_seconds": 0.05063432300084969
    },
    {
      "label": "metrics-59",
      "argv": [
        "/usr/bin/python3",
        "/home/yayoi/.local/state/strata-sycl/post-reboot-tuning-20261007/full-context-layer-trace-csr/read_metrics.py",
        "1327077",
        "2163989"
      ],
      "pid": 1342526,
      "exit_code": 0,
      "timed_out": false,
      "still_alive": false,
      "elapsed_seconds": 0.050623020997591084
    },
    {
      "label": "metrics-60",
      "argv": [
        "/usr/bin/python3",
        "/home/yayoi/.local/state/strata-sycl/post-reboot-tuning-20261007/full-context-layer-trace-csr/read_metrics.py",
        "1327077",
        "2163989"
      ],
      "pid": 1342786,
      "exit_code": 0,
      "timed_out": false,
      "still_alive": false,
      "elapsed_seconds": 0.05071355200198013
    },
    {
      "label": "metrics-61",
      "argv": [
        "/usr/bin/python3",
        "/home/yayoi/.local/state/strata-sycl/post-reboot-tuning-20261007/full-context-layer-trace-csr/read_metrics.py",
        "1327077",
        "2163989"
      ],
      "pid": 1343098,
      "exit_code": 0,
      "timed_out": false,
      "still_alive": false,
      "elapsed_seconds": 0.0505887960025575
    },
    {
      "label": "metrics-62",
      "argv": [
        "/usr/bin/python3",
        "/home/yayoi/.local/state/strata-sycl/post-reboot-tuning-20261007/full-context-layer-trace-csr/read_metrics.py",
        "1327077",
        "2163989"
      ],
      "pid": 1343391,
      "exit_code": 0,
      "timed_out": false,
      "still_alive": false,
      "elapsed_seconds": 0.15074808099961956
    },
    {
      "label": "metrics-63",
      "argv": [
        "/usr/bin/python3",
        "/home/yayoi/.local/state/strata-sycl/post-reboot-tuning-20261007/full-context-layer-trace-csr/read_metrics.py",
        "1327077",
        "2163989"
      ],
      "pid": 1343701,
      "exit_code": 0,
      "timed_out": false,
      "still_alive": false,
      "elapsed_seconds": 0.05066559999977471
    },
    {
      "label": "metrics-64",
      "argv": [
        "/usr/bin/python3",
        "/home/yayoi/.local/state/strata-sycl/post-reboot-tuning-20261007/full-context-layer-trace-csr/read_metrics.py",
        "1327077",
        "2163989"
      ],
      "pid": 1343994,
      "exit_code": 0,
      "timed_out": false,
      "still_alive": false,
      "elapsed_seconds": 0.050603392999619246
    },
    {
      "label": "metrics-65",
      "argv": [
        "/usr/bin/python3",
        "/home/yayoi/.local/state/strata-sycl/post-reboot-tuning-20261007/full-context-layer-trace-csr/read_metrics.py",
        "1327077",
        "2163989"
      ],
      "pid": 1344304,
      "exit_code": 0,
      "timed_out": false,
      "still_alive": false,
      "elapsed_seconds": 0.050642947000596905
    },
    {
      "label": "metrics-66",
      "argv": [
        "/usr/bin/python3",
        "/home/yayoi/.local/state/strata-sycl/post-reboot-tuning-20261007/full-context-layer-trace-csr/read_metrics.py",
        "1327077",
        "2163989"
      ],
      "pid": 1344607,
      "exit_code": 0,
      "timed_out": false,
      "still_alive": false,
      "elapsed_seconds": 0.0507641149997653
    },
    {
      "label": "metrics-67",
      "argv": [
        "/usr/bin/python3",
        "/home/yayoi/.local/state/strata-sycl/post-reboot-tuning-20261007/full-context-layer-trace-csr/read_metrics.py",
        "1327077",
        "2163989"
      ],
      "pid": 1344914,
      "exit_code": 0,
      "timed_out": false,
      "still_alive": false,
      "elapsed_seconds": 0.05088339899884886
    },
    {
      "label": "metrics-68",
      "argv": [
        "/usr/bin/python3",
        "/home/yayoi/.local/state/strata-sycl/post-reboot-tuning-20261007/full-context-layer-trace-csr/read_metrics.py",
        "1327077",
        "2163989"
      ],
      "pid": 1345178,
      "exit_code": 0,
      "timed_out": false,
      "still_alive": false,
      "elapsed_seconds": 0.050615334999747574
    },
    {
      "label": "metrics-69",
      "argv": [
        "/usr/bin/python3",
        "/home/yayoi/.local/state/strata-sycl/post-reboot-tuning-20261007/full-context-layer-trace-csr/read_metrics.py",
        "1327077",
        "2163989"
      ],
      "pid": 1345505,
      "exit_code": 0,
      "timed_out": false,
      "still_alive": false,
      "elapsed_seconds": 0.05054812799789943
    },
    {
      "label": "metrics-70",
      "argv": [
        "/usr/bin/python3",
        "/home/yayoi/.local/state/strata-sycl/post-reboot-tuning-20261007/full-context-layer-trace-csr/read_metrics.py",
        "1327077",
        "2163989"
      ],
      "pid": 1345780,
      "exit_code": 0,
      "timed_out": false,
      "still_alive": false,
      "elapsed_seconds": 0.05084513700057869
    },
    {
      "label": "metrics-71",
      "argv": [
        "/usr/bin/python3",
        "/home/yayoi/.local/state/strata-sycl/post-reboot-tuning-20261007/full-context-layer-trace-csr/read_metrics.py",
        "1327077",
        "2163989"
      ],
      "pid": 1346115,
      "exit_code": 0,
      "timed_out": false,
      "still_alive": false,
      "elapsed_seconds": 0.05087196699969354
    },
    {
      "label": "metrics-72",
      "argv": [
        "/usr/bin/python3",
        "/home/yayoi/.local/state/strata-sycl/post-reboot-tuning-20261007/full-context-layer-trace-csr/read_metrics.py",
        "1327077",
        "2163989"
      ],
      "pid": 1346369,
      "exit_code": 0,
      "timed_out": false,
      "still_alive": false,
      "elapsed_seconds": 0.050648376000026474
    },
    {
      "label": "metrics-73",
      "argv": [
        "/usr/bin/python3",
        "/home/yayoi/.local/state/strata-sycl/post-reboot-tuning-20261007/full-context-layer-trace-csr/read_metrics.py",
        "1327077",
        "2163989"
      ],
      "pid": 1346699,
      "exit_code": 0,
      "timed_out": false,
      "still_alive": false,
      "elapsed_seconds": 0.05086777900214656
    },
    {
      "label": "metrics-74",
      "argv": [
        "/usr/bin/python3",
        "/home/yayoi/.local/state/strata-sycl/post-reboot-tuning-20261007/full-context-layer-trace-csr/read_metrics.py",
        "1327077",
        "2163989"
      ],
      "pid": 1347038,
      "exit_code": 0,
      "timed_out": false,
      "still_alive": false,
      "elapsed_seconds": 0.05061920099979034
    },
    {
      "label": "metrics-75",
      "argv": [
        "/usr/bin/python3",
        "/home/yayoi/.local/state/strata-sycl/post-reboot-tuning-20261007/full-context-layer-trace-csr/read_metrics.py",
        "1327077",
        "2163989"
      ],
      "pid": 1347316,
      "exit_code": 0,
      "timed_out": false,
      "still_alive": false,
      "elapsed_seconds": 0.05071467000016128
    },
    {
      "label": "metrics-76",
      "argv": [
        "/usr/bin/python3",
        "/home/yayoi/.local/state/strata-sycl/post-reboot-tuning-20261007/full-context-layer-trace-csr/read_metrics.py",
        "1327077",
        "2163989"
      ],
      "pid": 1347632,
      "exit_code": 0,
      "timed_out": false,
      "still_alive": false,
      "elapsed_seconds": 0.05052903100295225
    },
    {
      "label": "metrics-77",
      "argv": [
        "/usr/bin/python3",
        "/home/yayoi/.local/state/strata-sycl/post-reboot-tuning-20261007/full-context-layer-trace-csr/read_metrics.py",
        "1327077",
        "2163989"
      ],
      "pid": 1347944,
      "exit_code": 0,
      "timed_out": false,
      "still_alive": false,
      "elapsed_seconds": 0.05060528499961947
    },
    {
      "label": "metrics-78",
      "argv": [
        "/usr/bin/python3",
        "/home/yayoi/.local/state/strata-sycl/post-reboot-tuning-20261007/full-context-layer-trace-csr/read_metrics.py",
        "1327077",
        "2163989"
      ],
      "pid": 1348254,
      "exit_code": 0,
      "timed_out": false,
      "still_alive": false,
      "elapsed_seconds": 0.050650728997425176
    },
    {
      "label": "metrics-79",
      "argv": [
        "/usr/bin/python3",
        "/home/yayoi/.local/state/strata-sycl/post-reboot-tuning-20261007/full-context-layer-trace-csr/read_metrics.py",
        "1327077",
        "2163989"
      ],
      "pid": 1348535,
      "exit_code": 0,
      "timed_out": false,
      "still_alive": false,
      "elapsed_seconds": 0.051025004002440255
    },
    {
      "label": "metrics-80",
      "argv": [
        "/usr/bin/python3",
        "/home/yayoi/.local/state/strata-sycl/post-reboot-tuning-20261007/full-context-layer-trace-csr/read_metrics.py",
        "1327077",
        "2163989"
      ],
      "pid": 1348888,
      "exit_code": 0,
      "timed_out": false,
      "still_alive": false,
      "elapsed_seconds": 0.05068067499814788
    },
    {
      "label": "metrics-81",
      "argv": [
        "/usr/bin/python3",
        "/home/yayoi/.local/state/strata-sycl/post-reboot-tuning-20261007/full-context-layer-trace-csr/read_metrics.py",
        "1327077",
        "2163989"
      ],
      "pid": 1349140,
      "exit_code": 0,
      "timed_out": false,
      "still_alive": false,
      "elapsed_seconds": 0.050806582999939565
    },
    {
      "label": "metrics-82",
      "argv": [
        "/usr/bin/python3",
        "/home/yayoi/.local/state/strata-sycl/post-reboot-tuning-20261007/full-context-layer-trace-csr/read_metrics.py",
        "1327077",
        "2163989"
      ],
      "pid": 1349468,
      "exit_code": 0,
      "timed_out": false,
      "still_alive": false,
      "elapsed_seconds": 0.15073890399798984
    },
    {
      "label": "metrics-83",
      "argv": [
        "/usr/bin/python3",
        "/home/yayoi/.local/state/strata-sycl/post-reboot-tuning-20261007/full-context-layer-trace-csr/read_metrics.py",
        "1327077",
        "2163989"
      ],
      "pid": 1349728,
      "exit_code": 0,
      "timed_out": false,
      "still_alive": false,
      "elapsed_seconds": 0.05085729799975525
    },
    {
      "label": "metrics-84",
      "argv": [
        "/usr/bin/python3",
        "/home/yayoi/.local/state/strata-sycl/post-reboot-tuning-20261007/full-context-layer-trace-csr/read_metrics.py",
        "1327077",
        "2163989"
      ],
      "pid": 1350039,
      "exit_code": 0,
      "timed_out": false,
      "still_alive": false,
      "elapsed_seconds": 0.050636261999898124
    },
    {
      "label": "metrics-85",
      "argv": [
        "/usr/bin/python3",
        "/home/yayoi/.local/state/strata-sycl/post-reboot-tuning-20261007/full-context-layer-trace-csr/read_metrics.py",
        "1327077",
        "2163989"
      ],
      "pid": 1350296,
      "exit_code": 0,
      "timed_out": false,
      "still_alive": false,
      "elapsed_seconds": 0.05077827900095144
    },
    {
      "label": "metrics-86",
      "argv": [
        "/usr/bin/python3",
        "/home/yayoi/.local/state/strata-sycl/post-reboot-tuning-20261007/full-context-layer-trace-csr/read_metrics.py",
        "1327077",
        "2163989"
      ],
      "pid": 1350610,
      "exit_code": 0,
      "timed_out": false,
      "still_alive": false,
      "elapsed_seconds": 0.050616294000064954
    },
    {
      "label": "metrics-87",
      "argv": [
        "/usr/bin/python3",
        "/home/yayoi/.local/state/strata-sycl/post-reboot-tuning-20261007/full-context-layer-trace-csr/read_metrics.py",
        "1327077",
        "2163989"
      ],
      "pid": 1350882,
      "exit_code": 0,
      "timed_out": false,
      "still_alive": false,
      "elapsed_seconds": 0.050611896000191336
    },
    {
      "label": "metrics-88",
      "argv": [
        "/usr/bin/python3",
        "/home/yayoi/.local/state/strata-sycl/post-reboot-tuning-20261007/full-context-layer-trace-csr/read_metrics.py",
        "1327077",
        "2163989"
      ],
      "pid": 1351246,
      "exit_code": 0,
      "timed_out": false,
      "still_alive": false,
      "elapsed_seconds": 0.1507380090006336
    },
    {
      "label": "metrics-89",
      "argv": [
        "/usr/bin/python3",
        "/home/yayoi/.local/state/strata-sycl/post-reboot-tuning-20261007/full-context-layer-trace-csr/read_metrics.py",
        "1327077",
        "2163989"
      ],
      "pid": 1351512,
      "exit_code": 0,
      "timed_out": false,
      "still_alive": false,
      "elapsed_seconds": 0.050621743001102004
    },
    {
      "label": "metrics-90",
      "argv": [
        "/usr/bin/python3",
        "/home/yayoi/.local/state/strata-sycl/post-reboot-tuning-20261007/full-context-layer-trace-csr/read_metrics.py",
        "1327077",
        "2163989"
      ],
      "pid": 1351938,
      "exit_code": 0,
      "timed_out": false,
      "still_alive": false,
      "elapsed_seconds": 0.050654945996939205
    },
    {
      "label": "metrics-91",
      "argv": [
        "/usr/bin/python3",
        "/home/yayoi/.local/state/strata-sycl/post-reboot-tuning-20261007/full-context-layer-trace-csr/read_metrics.py",
        "1327077",
        "2163989"
      ],
      "pid": 1352278,
      "exit_code": 0,
      "timed_out": false,
      "still_alive": false,
      "elapsed_seconds": 0.05058083600306418
    },
    {
      "label": "metrics-92",
      "argv": [
        "/usr/bin/python3",
        "/home/yayoi/.local/state/strata-sycl/post-reboot-tuning-20261007/full-context-layer-trace-csr/read_metrics.py",
        "1327077",
        "2163989"
      ],
      "pid": 1352545,
      "exit_code": 0,
      "timed_out": false,
      "still_alive": false,
      "elapsed_seconds": 0.050604281001142226
    },
    {
      "label": "metrics-93",
      "argv": [
        "/usr/bin/python3",
        "/home/yayoi/.local/state/strata-sycl/post-reboot-tuning-20261007/full-context-layer-trace-csr/read_metrics.py",
        "1327077",
        "2163989"
      ],
      "pid": 1352874,
      "exit_code": 0,
      "timed_out": false,
      "still_alive": false,
      "elapsed_seconds": 0.05094730600103503
    },
    {
      "label": "metrics-94",
      "argv": [
        "/usr/bin/python3",
        "/home/yayoi/.local/state/strata-sycl/post-reboot-tuning-20261007/full-context-layer-trace-csr/read_metrics.py",
        "1327077",
        "2163989"
      ],
      "pid": 1353165,
      "exit_code": 0,
      "timed_out": false,
      "still_alive": false,
      "elapsed_seconds": 0.05068164499971317
    },
    {
      "label": "metrics-95",
      "argv": [
        "/usr/bin/python3",
        "/home/yayoi/.local/state/strata-sycl/post-reboot-tuning-20261007/full-context-layer-trace-csr/read_metrics.py",
        "1327077",
        "2163989"
      ],
      "pid": 1353494,
      "exit_code": 0,
      "timed_out": false,
      "still_alive": false,
      "elapsed_seconds": 0.05091219899986754
    },
    {
      "label": "metrics-96",
      "argv": [
        "/usr/bin/python3",
        "/home/yayoi/.local/state/strata-sycl/post-reboot-tuning-20261007/full-context-layer-trace-csr/read_metrics.py",
        "1327077",
        "2163989"
      ],
      "pid": 1353751,
      "exit_code": 0,
      "timed_out": false,
      "still_alive": false,
      "elapsed_seconds": 0.05070850499760127
    },
    {
      "label": "metrics-97",
      "argv": [
        "/usr/bin/python3",
        "/home/yayoi/.local/state/strata-sycl/post-reboot-tuning-20261007/full-context-layer-trace-csr/read_metrics.py",
        "1327077",
        "2163989"
      ],
      "pid": 1354100,
      "exit_code": 0,
      "timed_out": false,
      "still_alive": false,
      "elapsed_seconds": 0.050781051999365445
    },
    {
      "label": "metrics-98",
      "argv": [
        "/usr/bin/python3",
        "/home/yayoi/.local/state/strata-sycl/post-reboot-tuning-20261007/full-context-layer-trace-csr/read_metrics.py",
        "1327077",
        "2163989"
      ],
      "pid": 1354342,
      "exit_code": 0,
      "timed_out": false,
      "still_alive": false,
      "elapsed_seconds": 0.050628805001906585
    },
    {
      "label": "metrics-99",
      "argv": [
        "/usr/bin/python3",
        "/home/yayoi/.local/state/strata-sycl/post-reboot-tuning-20261007/full-context-layer-trace-csr/read_metrics.py",
        "1327077",
        "2163989"
      ],
      "pid": 1354720,
      "exit_code": 0,
      "timed_out": false,
      "still_alive": false,
      "elapsed_seconds": 0.10093892100121593
    },
    {
      "label": "metrics-100",
      "argv": [
        "/usr/bin/python3",
        "/home/yayoi/.local/state/strata-sycl/post-reboot-tuning-20261007/full-context-layer-trace-csr/read_metrics.py",
        "1327077",
        "2163989"
      ],
      "pid": 1354994,
      "exit_code": 0,
      "timed_out": false,
      "still_alive": false,
      "elapsed_seconds": 0.050718032998702256
    },
    {
      "label": "metrics-101",
      "argv": [
        "/usr/bin/python3",
        "/home/yayoi/.local/state/strata-sycl/post-reboot-tuning-20261007/full-context-layer-trace-csr/read_metrics.py",
        "1327077",
        "2163989"
      ],
      "pid": 1355336,
      "exit_code": 0,
      "timed_out": false,
      "still_alive": false,
      "elapsed_seconds": 0.050763588998961495
    },
    {
      "label": "metrics-102",
      "argv": [
        "/usr/bin/python3",
        "/home/yayoi/.local/state/strata-sycl/post-reboot-tuning-20261007/full-context-layer-trace-csr/read_metrics.py",
        "1327077",
        "2163989"
      ],
      "pid": 1355624,
      "exit_code": 0,
      "timed_out": false,
      "still_alive": false,
      "elapsed_seconds": 0.05055374400035362
    },
    {
      "label": "metrics-103",
      "argv": [
        "/usr/bin/python3",
        "/home/yayoi/.local/state/strata-sycl/post-reboot-tuning-20261007/full-context-layer-trace-csr/read_metrics.py",
        "1327077",
        "2163989"
      ],
      "pid": 1355916,
      "exit_code": 0,
      "timed_out": false,
      "still_alive": false,
      "elapsed_seconds": 0.050619967998500215
    },
    {
      "label": "metrics-104",
      "argv": [
        "/usr/bin/python3",
        "/home/yayoi/.local/state/strata-sycl/post-reboot-tuning-20261007/full-context-layer-trace-csr/read_metrics.py",
        "1327077",
        "2163989"
      ],
      "pid": 1356265,
      "exit_code": 0,
      "timed_out": false,
      "still_alive": false,
      "elapsed_seconds": 0.050529939002444735
    },
    {
      "label": "metrics-105",
      "argv": [
        "/usr/bin/python3",
        "/home/yayoi/.local/state/strata-sycl/post-reboot-tuning-20261007/full-context-layer-trace-csr/read_metrics.py",
        "1327077",
        "2163989"
      ],
      "pid": 1356513,
      "exit_code": 0,
      "timed_out": false,
      "still_alive": false,
      "elapsed_seconds": 0.05081656699985615
    },
    {
      "label": "metrics-106",
      "argv": [
        "/usr/bin/python3",
        "/home/yayoi/.local/state/strata-sycl/post-reboot-tuning-20261007/full-context-layer-trace-csr/read_metrics.py",
        "1327077",
        "2163989"
      ],
      "pid": 1356859,
      "exit_code": 0,
      "timed_out": false,
      "still_alive": false,
      "elapsed_seconds": 0.05060317599782138
    },
    {
      "label": "metrics-107",
      "argv": [
        "/usr/bin/python3",
        "/home/yayoi/.local/state/strata-sycl/post-reboot-tuning-20261007/full-context-layer-trace-csr/read_metrics.py",
        "1327077",
        "2163989"
      ],
      "pid": 1357134,
      "exit_code": 0,
      "timed_out": false,
      "still_alive": false,
      "elapsed_seconds": 0.050641347999771824
    },
    {
      "label": "metrics-108",
      "argv": [
        "/usr/bin/python3",
        "/home/yayoi/.local/state/strata-sycl/post-reboot-tuning-20261007/full-context-layer-trace-csr/read_metrics.py",
        "1327077",
        "2163989"
      ],
      "pid": 1357449,
      "exit_code": 0,
      "timed_out": false,
      "still_alive": false,
      "elapsed_seconds": 0.050597505000041565
    },
    {
      "label": "metrics-109",
      "argv": [
        "/usr/bin/python3",
        "/home/yayoi/.local/state/strata-sycl/post-reboot-tuning-20261007/full-context-layer-trace-csr/read_metrics.py",
        "1327077",
        "2163989"
      ],
      "pid": 1357744,
      "exit_code": 0,
      "timed_out": false,
      "still_alive": false,
      "elapsed_seconds": 0.05068556100013666
    },
    {
      "label": "metrics-110",
      "argv": [
        "/usr/bin/python3",
        "/home/yayoi/.local/state/strata-sycl/post-reboot-tuning-20261007/full-context-layer-trace-csr/read_metrics.py",
        "1327077",
        "2163989"
      ],
      "pid": 1358055,
      "exit_code": 0,
      "timed_out": false,
      "still_alive": false,
      "elapsed_seconds": 0.10066699699746096
    },
    {
      "label": "metrics-111",
      "argv": [
        "/usr/bin/python3",
        "/home/yayoi/.local/state/strata-sycl/post-reboot-tuning-20261007/full-context-layer-trace-csr/read_metrics.py",
        "1327077",
        "2163989"
      ],
      "pid": 1358360,
      "exit_code": 0,
      "timed_out": false,
      "still_alive": false,
      "elapsed_seconds": 0.0506701919985062
    },
    {
      "label": "metrics-112",
      "argv": [
        "/usr/bin/python3",
        "/home/yayoi/.local/state/strata-sycl/post-reboot-tuning-20261007/full-context-layer-trace-csr/read_metrics.py",
        "1327077",
        "2163989"
      ],
      "pid": 1358707,
      "exit_code": 0,
      "timed_out": false,
      "still_alive": false,
      "elapsed_seconds": 0.05088187100045616
    },
    {
      "label": "metrics-113",
      "argv": [
        "/usr/bin/python3",
        "/home/yayoi/.local/state/strata-sycl/post-reboot-tuning-20261007/full-context-layer-trace-csr/read_metrics.py",
        "1327077",
        "2163989"
      ],
      "pid": 1358987,
      "exit_code": 0,
      "timed_out": false,
      "still_alive": false,
      "elapsed_seconds": 0.05079793100230745
    },
    {
      "label": "metrics-114",
      "argv": [
        "/usr/bin/python3",
        "/home/yayoi/.local/state/strata-sycl/post-reboot-tuning-20261007/full-context-layer-trace-csr/read_metrics.py",
        "1327077",
        "2163989"
      ],
      "pid": 1359302,
      "exit_code": 0,
      "timed_out": false,
      "still_alive": false,
      "elapsed_seconds": 0.05063332200006698
    },
    {
      "label": "metrics-115",
      "argv": [
        "/usr/bin/python3",
        "/home/yayoi/.local/state/strata-sycl/post-reboot-tuning-20261007/full-context-layer-trace-csr/read_metrics.py",
        "1327077",
        "2163989"
      ],
      "pid": 1359643,
      "exit_code": 0,
      "timed_out": false,
      "still_alive": false,
      "elapsed_seconds": 0.050625245999981416
    },
    {
      "label": "metrics-116",
      "argv": [
        "/usr/bin/python3",
        "/home/yayoi/.local/state/strata-sycl/post-reboot-tuning-20261007/full-context-layer-trace-csr/read_metrics.py",
        "1327077",
        "2163989"
      ],
      "pid": 1359929,
      "exit_code": 0,
      "timed_out": false,
      "still_alive": false,
      "elapsed_seconds": 0.05054325300079654
    },
    {
      "label": "metrics-117",
      "argv": [
        "/usr/bin/python3",
        "/home/yayoi/.local/state/strata-sycl/post-reboot-tuning-20261007/full-context-layer-trace-csr/read_metrics.py",
        "1327077",
        "2163989"
      ],
      "pid": 1360178,
      "exit_code": 0,
      "timed_out": false,
      "still_alive": false,
      "elapsed_seconds": 0.050848867002059706
    },
    {
      "label": "metrics-118",
      "argv": [
        "/usr/bin/python3",
        "/home/yayoi/.local/state/strata-sycl/post-reboot-tuning-20261007/full-context-layer-trace-csr/read_metrics.py",
        "1327077",
        "2163989"
      ],
      "pid": 1360522,
      "exit_code": 0,
      "timed_out": false,
      "still_alive": false,
      "elapsed_seconds": 0.050741445000312524
    },
    {
      "label": "metrics-119",
      "argv": [
        "/usr/bin/python3",
        "/home/yayoi/.local/state/strata-sycl/post-reboot-tuning-20261007/full-context-layer-trace-csr/read_metrics.py",
        "1327077",
        "2163989"
      ],
      "pid": 1360787,
      "exit_code": 0,
      "timed_out": false,
      "still_alive": false,
      "elapsed_seconds": 0.1006488109997008
    },
    {
      "label": "metrics-120",
      "argv": [
        "/usr/bin/python3",
        "/home/yayoi/.local/state/strata-sycl/post-reboot-tuning-20261007/full-context-layer-trace-csr/read_metrics.py",
        "1327077",
        "2163989"
      ],
      "pid": 1361135,
      "exit_code": 0,
      "timed_out": false,
      "still_alive": false,
      "elapsed_seconds": 0.050772373000654625
    },
    {
      "label": "metrics-121",
      "argv": [
        "/usr/bin/python3",
        "/home/yayoi/.local/state/strata-sycl/post-reboot-tuning-20261007/full-context-layer-trace-csr/read_metrics.py",
        "1327077",
        "2163989"
      ],
      "pid": 1361395,
      "exit_code": 0,
      "timed_out": false,
      "still_alive": false,
      "elapsed_seconds": 0.08264040799986105
    },
    {
      "label": "metrics-122",
      "argv": [
        "/usr/bin/python3",
        "/home/yayoi/.local/state/strata-sycl/post-reboot-tuning-20261007/full-context-layer-trace-csr/read_metrics.py",
        "1327077",
        "2163989"
      ],
      "pid": 1361713,
      "exit_code": 0,
      "timed_out": false,
      "still_alive": false,
      "elapsed_seconds": 0.051017685000260826
    },
    {
      "label": "metrics-123",
      "argv": [
        "/usr/bin/python3",
        "/home/yayoi/.local/state/strata-sycl/post-reboot-tuning-20261007/full-context-layer-trace-csr/read_metrics.py",
        "1327077",
        "2163989"
      ],
      "pid": 1362066,
      "exit_code": 0,
      "timed_out": false,
      "still_alive": false,
      "elapsed_seconds": 0.05103361399960704
    },
    {
      "label": "metrics-124",
      "argv": [
        "/usr/bin/python3",
        "/home/yayoi/.local/state/strata-sycl/post-reboot-tuning-20261007/full-context-layer-trace-csr/read_metrics.py",
        "1327077",
        "2163989"
      ],
      "pid": 1362323,
      "exit_code": 0,
      "timed_out": false,
      "still_alive": false,
      "elapsed_seconds": 0.05062728899793001
    },
    {
      "label": "metrics-125",
      "argv": [
        "/usr/bin/python3",
        "/home/yayoi/.local/state/strata-sycl/post-reboot-tuning-20261007/full-context-layer-trace-csr/read_metrics.py",
        "1327077",
        "2163989"
      ],
      "pid": 1362670,
      "exit_code": 0,
      "timed_out": false,
      "still_alive": false,
      "elapsed_seconds": 0.050563019001856446
    },
    {
      "label": "metrics-126",
      "argv": [
        "/usr/bin/python3",
        "/home/yayoi/.local/state/strata-sycl/post-reboot-tuning-20261007/full-context-layer-trace-csr/read_metrics.py",
        "1327077",
        "2163989"
      ],
      "pid": 1362918,
      "exit_code": 0,
      "timed_out": false,
      "still_alive": false,
      "elapsed_seconds": 0.050663977999647614
    },
    {
      "label": "metrics-127",
      "argv": [
        "/usr/bin/python3",
        "/home/yayoi/.local/state/strata-sycl/post-reboot-tuning-20261007/full-context-layer-trace-csr/read_metrics.py",
        "1327077",
        "2163989"
      ],
      "pid": 1363272,
      "exit_code": 0,
      "timed_out": false,
      "still_alive": false,
      "elapsed_seconds": 0.05060970599879511
    },
    {
      "label": "metrics-128",
      "argv": [
        "/usr/bin/python3",
        "/home/yayoi/.local/state/strata-sycl/post-reboot-tuning-20261007/full-context-layer-trace-csr/read_metrics.py",
        "1327077",
        "2163989"
      ],
      "pid": 1363528,
      "exit_code": 0,
      "timed_out": false,
      "still_alive": false,
      "elapsed_seconds": 0.05087514600018039
    },
    {
      "label": "metrics-129",
      "argv": [
        "/usr/bin/python3",
        "/home/yayoi/.local/state/strata-sycl/post-reboot-tuning-20261007/full-context-layer-trace-csr/read_metrics.py",
        "1327077",
        "2163989"
      ],
      "pid": 1363870,
      "exit_code": 0,
      "timed_out": false,
      "still_alive": false,
      "elapsed_seconds": 0.05059928599803243
    },
    {
      "label": "metrics-130",
      "argv": [
        "/usr/bin/python3",
        "/home/yayoi/.local/state/strata-sycl/post-reboot-tuning-20261007/full-context-layer-trace-csr/read_metrics.py",
        "1327077",
        "2163989"
      ],
      "pid": 1364154,
      "exit_code": 0,
      "timed_out": false,
      "still_alive": false,
      "elapsed_seconds": 0.0508741329977056
    },
    {
      "label": "metrics-131",
      "argv": [
        "/usr/bin/python3",
        "/home/yayoi/.local/state/strata-sycl/post-reboot-tuning-20261007/full-context-layer-trace-csr/read_metrics.py",
        "1327077",
        "2163989"
      ],
      "pid": 1364480,
      "exit_code": 0,
      "timed_out": false,
      "still_alive": false,
      "elapsed_seconds": 0.05066235499907634
    },
    {
      "label": "metrics-132",
      "argv": [
        "/usr/bin/python3",
        "/home/yayoi/.local/state/strata-sycl/post-reboot-tuning-20261007/full-context-layer-trace-csr/read_metrics.py",
        "1327077",
        "2163989"
      ],
      "pid": 1364760,
      "exit_code": 0,
      "timed_out": false,
      "still_alive": false,
      "elapsed_seconds": 0.05062329100110219
    },
    {
      "label": "metrics-133",
      "argv": [
        "/usr/bin/python3",
        "/home/yayoi/.local/state/strata-sycl/post-reboot-tuning-20261007/full-context-layer-trace-csr/read_metrics.py",
        "1327077",
        "2163989"
      ],
      "pid": 1365116,
      "exit_code": 0,
      "timed_out": false,
      "still_alive": false,
      "elapsed_seconds": 0.05060713000057149
    },
    {
      "label": "metrics-134",
      "argv": [
        "/usr/bin/python3",
        "/home/yayoi/.local/state/strata-sycl/post-reboot-tuning-20261007/full-context-layer-trace-csr/read_metrics.py",
        "1327077",
        "2163989"
      ],
      "pid": 1365370,
      "exit_code": 0,
      "timed_out": false,
      "still_alive": false,
      "elapsed_seconds": 0.050669748001382686
    },
    {
      "label": "metrics-135",
      "argv": [
        "/usr/bin/python3",
        "/home/yayoi/.local/state/strata-sycl/post-reboot-tuning-20261007/full-context-layer-trace-csr/read_metrics.py",
        "1327077",
        "2163989"
      ],
      "pid": 1365683,
      "exit_code": 0,
      "timed_out": false,
      "still_alive": false,
      "elapsed_seconds": 0.05064670499996282
    },
    {
      "label": "metrics-136",
      "argv": [
        "/usr/bin/python3",
        "/home/yayoi/.local/state/strata-sycl/post-reboot-tuning-20261007/full-context-layer-trace-csr/read_metrics.py",
        "1327077",
        "2163989"
      ],
      "pid": 1365926,
      "exit_code": 0,
      "timed_out": false,
      "still_alive": false,
      "elapsed_seconds": 0.05058216299948981
    },
    {
      "label": "metrics-137",
      "argv": [
        "/usr/bin/python3",
        "/home/yayoi/.local/state/strata-sycl/post-reboot-tuning-20261007/full-context-layer-trace-csr/read_metrics.py",
        "1327077",
        "2163989"
      ],
      "pid": 1366238,
      "exit_code": 0,
      "timed_out": false,
      "still_alive": false,
      "elapsed_seconds": 0.05061426300017047
    },
    {
      "label": "metrics-138",
      "argv": [
        "/usr/bin/python3",
        "/home/yayoi/.local/state/strata-sycl/post-reboot-tuning-20261007/full-context-layer-trace-csr/read_metrics.py",
        "1327077",
        "2163989"
      ],
      "pid": 1366517,
      "exit_code": 0,
      "timed_out": false,
      "still_alive": false,
      "elapsed_seconds": 0.05081891900044866
    },
    {
      "label": "metrics-139",
      "argv": [
        "/usr/bin/python3",
        "/home/yayoi/.local/state/strata-sycl/post-reboot-tuning-20261007/full-context-layer-trace-csr/read_metrics.py",
        "1327077",
        "2163989"
      ],
      "pid": 1366857,
      "exit_code": 0,
      "timed_out": false,
      "still_alive": false,
      "elapsed_seconds": 0.05077796200203011
    },
    {
      "label": "metrics-140",
      "argv": [
        "/usr/bin/python3",
        "/home/yayoi/.local/state/strata-sycl/post-reboot-tuning-20261007/full-context-layer-trace-csr/read_metrics.py",
        "1327077",
        "2163989"
      ],
      "pid": 1367158,
      "exit_code": 0,
      "timed_out": false,
      "still_alive": false,
      "elapsed_seconds": 0.051026148998062126
    },
    {
      "label": "metrics-141",
      "argv": [
        "/usr/bin/python3",
        "/home/yayoi/.local/state/strata-sycl/post-reboot-tuning-20261007/full-context-layer-trace-csr/read_metrics.py",
        "1327077",
        "2163989"
      ],
      "pid": 1367439,
      "exit_code": 0,
      "timed_out": false,
      "still_alive": false,
      "elapsed_seconds": 0.050627178003196605
    },
    {
      "label": "metrics-142",
      "argv": [
        "/usr/bin/python3",
        "/home/yayoi/.local/state/strata-sycl/post-reboot-tuning-20261007/full-context-layer-trace-csr/read_metrics.py",
        "1327077",
        "2163989"
      ],
      "pid": 1367708,
      "exit_code": 0,
      "timed_out": false,
      "still_alive": false,
      "elapsed_seconds": 0.05078001500078244
    },
    {
      "label": "metrics-143",
      "argv": [
        "/usr/bin/python3",
        "/home/yayoi/.local/state/strata-sycl/post-reboot-tuning-20261007/full-context-layer-trace-csr/read_metrics.py",
        "1327077",
        "2163989"
      ],
      "pid": 1368019,
      "exit_code": 0,
      "timed_out": false,
      "still_alive": false,
      "elapsed_seconds": 0.050599384998349706
    },
    {
      "label": "metrics-144",
      "argv": [
        "/usr/bin/python3",
        "/home/yayoi/.local/state/strata-sycl/post-reboot-tuning-20261007/full-context-layer-trace-csr/read_metrics.py",
        "1327077",
        "2163989"
      ],
      "pid": 1368277,
      "exit_code": 0,
      "timed_out": false,
      "still_alive": false,
      "elapsed_seconds": 0.050777239997842116
    },
    {
      "label": "metrics-145",
      "argv": [
        "/usr/bin/python3",
        "/home/yayoi/.local/state/strata-sycl/post-reboot-tuning-20261007/full-context-layer-trace-csr/read_metrics.py",
        "1327077",
        "2163989"
      ],
      "pid": 1368620,
      "exit_code": 0,
      "timed_out": false,
      "still_alive": false,
      "elapsed_seconds": 0.05083256400030223
    },
    {
      "label": "metrics-146",
      "argv": [
        "/usr/bin/python3",
        "/home/yayoi/.local/state/strata-sycl/post-reboot-tuning-20261007/full-context-layer-trace-csr/read_metrics.py",
        "1327077",
        "2163989"
      ],
      "pid": 1368867,
      "exit_code": 0,
      "timed_out": false,
      "still_alive": false,
      "elapsed_seconds": 0.05066206300034537
    },
    {
      "label": "metrics-147",
      "argv": [
        "/usr/bin/python3",
        "/home/yayoi/.local/state/strata-sycl/post-reboot-tuning-20261007/full-context-layer-trace-csr/read_metrics.py",
        "1327077",
        "2163989"
      ],
      "pid": 1369227,
      "exit_code": 0,
      "timed_out": false,
      "still_alive": false,
      "elapsed_seconds": 0.05067581899857032
    },
    {
      "label": "metrics-148",
      "argv": [
        "/usr/bin/python3",
        "/home/yayoi/.local/state/strata-sycl/post-reboot-tuning-20261007/full-context-layer-trace-csr/read_metrics.py",
        "1327077",
        "2163989"
      ],
      "pid": 1369841,
      "exit_code": 0,
      "timed_out": false,
      "still_alive": false,
      "elapsed_seconds": 0.050650681001570774
    },
    {
      "label": "metrics-149",
      "argv": [
        "/usr/bin/python3",
        "/home/yayoi/.local/state/strata-sycl/post-reboot-tuning-20261007/full-context-layer-trace-csr/read_metrics.py",
        "1327077",
        "2163989"
      ],
      "pid": 1370457,
      "exit_code": 0,
      "timed_out": false,
      "still_alive": false,
      "elapsed_seconds": 0.050815682003303664
    },
    {
      "label": "metrics-150",
      "argv": [
        "/usr/bin/python3",
        "/home/yayoi/.local/state/strata-sycl/post-reboot-tuning-20261007/full-context-layer-trace-csr/read_metrics.py",
        "1327077",
        "2163989"
      ],
      "pid": 1370840,
      "exit_code": 0,
      "timed_out": false,
      "still_alive": false,
      "elapsed_seconds": 0.05064804599896888
    },
    {
      "label": "metrics-151",
      "argv": [
        "/usr/bin/python3",
        "/home/yayoi/.local/state/strata-sycl/post-reboot-tuning-20261007/full-context-layer-trace-csr/read_metrics.py",
        "1327077",
        "2163989"
      ],
      "pid": 1371181,
      "exit_code": 0,
      "timed_out": false,
      "still_alive": false,
      "elapsed_seconds": 0.05080915800135699
    },
    {
      "label": "metrics-152",
      "argv": [
        "/usr/bin/python3",
        "/home/yayoi/.local/state/strata-sycl/post-reboot-tuning-20261007/full-context-layer-trace-csr/read_metrics.py",
        "1327077",
        "2163989"
      ],
      "pid": 1371515,
      "exit_code": 0,
      "timed_out": false,
      "still_alive": false,
      "elapsed_seconds": 0.05068552699958673
    },
    {
      "label": "metrics-153",
      "argv": [
        "/usr/bin/python3",
        "/home/yayoi/.local/state/strata-sycl/post-reboot-tuning-20261007/full-context-layer-trace-csr/read_metrics.py",
        "1327077",
        "2163989"
      ],
      "pid": 1371789,
      "exit_code": 0,
      "timed_out": false,
      "still_alive": false,
      "elapsed_seconds": 0.050589335998665774
    },
    {
      "label": "metrics-154",
      "argv": [
        "/usr/bin/python3",
        "/home/yayoi/.local/state/strata-sycl/post-reboot-tuning-20261007/full-context-layer-trace-csr/read_metrics.py",
        "1327077",
        "2163989"
      ],
      "pid": 1372106,
      "exit_code": 0,
      "timed_out": false,
      "still_alive": false,
      "elapsed_seconds": 0.05102832199918339
    },
    {
      "label": "metrics-155",
      "argv": [
        "/usr/bin/python3",
        "/home/yayoi/.local/state/strata-sycl/post-reboot-tuning-20261007/full-context-layer-trace-csr/read_metrics.py",
        "1327077",
        "2163989"
      ],
      "pid": 1372326,
      "exit_code": 0,
      "timed_out": false,
      "still_alive": false,
      "elapsed_seconds": 0.15076445799786597
    },
    {
      "label": "metrics-156",
      "argv": [
        "/usr/bin/python3",
        "/home/yayoi/.local/state/strata-sycl/post-reboot-tuning-20261007/full-context-layer-trace-csr/read_metrics.py",
        "1327077",
        "2163989"
      ],
      "pid": 1372594,
      "exit_code": 0,
      "timed_out": false,
      "still_alive": false,
      "elapsed_seconds": 0.05301827699804562
    },
    {
      "label": "metrics-157",
      "argv": [
        "/usr/bin/python3",
        "/home/yayoi/.local/state/strata-sycl/post-reboot-tuning-20261007/full-context-layer-trace-csr/read_metrics.py",
        "1327077",
        "2163989"
      ],
      "pid": 1372902,
      "exit_code": 0,
      "timed_out": false,
      "still_alive": false,
      "elapsed_seconds": 0.05061329000091064
    },
    {
      "label": "metrics-158",
      "argv": [
        "/usr/bin/python3",
        "/home/yayoi/.local/state/strata-sycl/post-reboot-tuning-20261007/full-context-layer-trace-csr/read_metrics.py",
        "1327077",
        "2163989"
      ],
      "pid": 1373216,
      "exit_code": 0,
      "timed_out": false,
      "still_alive": false,
      "elapsed_seconds": 0.050654217000555946
    },
    {
      "label": "metrics-159",
      "argv": [
        "/usr/bin/python3",
        "/home/yayoi/.local/state/strata-sycl/post-reboot-tuning-20261007/full-context-layer-trace-csr/read_metrics.py",
        "1327077",
        "2163989"
      ],
      "pid": 1373534,
      "exit_code": 0,
      "timed_out": false,
      "still_alive": false,
      "elapsed_seconds": 0.05066539800100145
    },
    {
      "label": "metrics-160",
      "argv": [
        "/usr/bin/python3",
        "/home/yayoi/.local/state/strata-sycl/post-reboot-tuning-20261007/full-context-layer-trace-csr/read_metrics.py",
        "1327077",
        "2163989"
      ],
      "pid": 1373891,
      "exit_code": 0,
      "timed_out": false,
      "still_alive": false,
      "elapsed_seconds": 0.05109808199995314
    },
    {
      "label": "metrics-161",
      "argv": [
        "/usr/bin/python3",
        "/home/yayoi/.local/state/strata-sycl/post-reboot-tuning-20261007/full-context-layer-trace-csr/read_metrics.py",
        "1327077",
        "2163989"
      ],
      "pid": 1374201,
      "exit_code": 0,
      "timed_out": false,
      "still_alive": false,
      "elapsed_seconds": 0.05062836800061632
    },
    {
      "label": "metrics-162",
      "argv": [
        "/usr/bin/python3",
        "/home/yayoi/.local/state/strata-sycl/post-reboot-tuning-20261007/full-context-layer-trace-csr/read_metrics.py",
        "1327077",
        "2163989"
      ],
      "pid": 1374473,
      "exit_code": 0,
      "timed_out": false,
      "still_alive": false,
      "elapsed_seconds": 0.09704550099922926
    },
    {
      "label": "metrics-163",
      "argv": [
        "/usr/bin/python3",
        "/home/yayoi/.local/state/strata-sycl/post-reboot-tuning-20261007/full-context-layer-trace-csr/read_metrics.py",
        "1327077",
        "2163989"
      ],
      "pid": 1374785,
      "exit_code": 0,
      "timed_out": false,
      "still_alive": false,
      "elapsed_seconds": 0.05059372199684731
    },
    {
      "label": "metrics-164",
      "argv": [
        "/usr/bin/python3",
        "/home/yayoi/.local/state/strata-sycl/post-reboot-tuning-20261007/full-context-layer-trace-csr/read_metrics.py",
        "1327077",
        "2163989"
      ],
      "pid": 1375038,
      "exit_code": 0,
      "timed_out": false,
      "still_alive": false,
      "elapsed_seconds": 0.1507355709982221
    },
    {
      "label": "metrics-165",
      "argv": [
        "/usr/bin/python3",
        "/home/yayoi/.local/state/strata-sycl/post-reboot-tuning-20261007/full-context-layer-trace-csr/read_metrics.py",
        "1327077",
        "2163989"
      ],
      "pid": 1375407,
      "exit_code": 0,
      "timed_out": false,
      "still_alive": false,
      "elapsed_seconds": 0.05067743000108749
    },
    {
      "label": "metrics-166",
      "argv": [
        "/usr/bin/python3",
        "/home/yayoi/.local/state/strata-sycl/post-reboot-tuning-20261007/full-context-layer-trace-csr/read_metrics.py",
        "1327077",
        "2163989"
      ],
      "pid": 1375757,
      "exit_code": 0,
      "timed_out": false,
      "still_alive": false,
      "elapsed_seconds": 0.05069452299721888
    },
    {
      "label": "metrics-167",
      "argv": [
        "/usr/bin/python3",
        "/home/yayoi/.local/state/strata-sycl/post-reboot-tuning-20261007/full-context-layer-trace-csr/read_metrics.py",
        "1327077",
        "2163989"
      ],
      "pid": 1376076,
      "exit_code": 0,
      "timed_out": false,
      "still_alive": false,
      "elapsed_seconds": 0.05073476799952914
    },
    {
      "label": "metrics-168",
      "argv": [
        "/usr/bin/python3",
        "/home/yayoi/.local/state/strata-sycl/post-reboot-tuning-20261007/full-context-layer-trace-csr/read_metrics.py",
        "1327077",
        "2163989"
      ],
      "pid": 1376400,
      "exit_code": 0,
      "timed_out": false,
      "still_alive": false,
      "elapsed_seconds": 0.05062595300114481
    },
    {
      "label": "metrics-169",
      "argv": [
        "/usr/bin/python3",
        "/home/yayoi/.local/state/strata-sycl/post-reboot-tuning-20261007/full-context-layer-trace-csr/read_metrics.py",
        "1327077",
        "2163989"
      ],
      "pid": 1376674,
      "exit_code": 0,
      "timed_out": false,
      "still_alive": false,
      "elapsed_seconds": 0.050618889999896055
    },
    {
      "label": "metrics-170",
      "argv": [
        "/usr/bin/python3",
        "/home/yayoi/.local/state/strata-sycl/post-reboot-tuning-20261007/full-context-layer-trace-csr/read_metrics.py",
        "1327077",
        "2163989"
      ],
      "pid": 1376980,
      "exit_code": 0,
      "timed_out": false,
      "still_alive": false,
      "elapsed_seconds": 0.050705022000329336
    },
    {
      "label": "metrics-171",
      "argv": [
        "/usr/bin/python3",
        "/home/yayoi/.local/state/strata-sycl/post-reboot-tuning-20261007/full-context-layer-trace-csr/read_metrics.py",
        "1327077",
        "2163989"
      ],
      "pid": 1377284,
      "exit_code": 0,
      "timed_out": false,
      "still_alive": false,
      "elapsed_seconds": 0.05066221199740539
    },
    {
      "label": "metrics-172",
      "argv": [
        "/usr/bin/python3",
        "/home/yayoi/.local/state/strata-sycl/post-reboot-tuning-20261007/full-context-layer-trace-csr/read_metrics.py",
        "1327077",
        "2163989"
      ],
      "pid": 1377603,
      "exit_code": 0,
      "timed_out": false,
      "still_alive": false,
      "elapsed_seconds": 0.05066698999871733
    },
    {
      "label": "metrics-173",
      "argv": [
        "/usr/bin/python3",
        "/home/yayoi/.local/state/strata-sycl/post-reboot-tuning-20261007/full-context-layer-trace-csr/read_metrics.py",
        "1327077",
        "2163989"
      ],
      "pid": 1377867,
      "exit_code": 0,
      "timed_out": false,
      "still_alive": false,
      "elapsed_seconds": 0.050801262997993035
    },
    {
      "label": "metrics-174",
      "argv": [
        "/usr/bin/python3",
        "/home/yayoi/.local/state/strata-sycl/post-reboot-tuning-20261007/full-context-layer-trace-csr/read_metrics.py",
        "1327077",
        "2163989"
      ],
      "pid": 1378210,
      "exit_code": 0,
      "timed_out": false,
      "still_alive": false,
      "elapsed_seconds": 0.05061023300004308
    },
    {
      "label": "metrics-175",
      "argv": [
        "/usr/bin/python3",
        "/home/yayoi/.local/state/strata-sycl/post-reboot-tuning-20261007/full-context-layer-trace-csr/read_metrics.py",
        "1327077",
        "2163989"
      ],
      "pid": 1378441,
      "exit_code": 0,
      "timed_out": false,
      "still_alive": false,
      "elapsed_seconds": 0.050643286002014065
    },
    {
      "label": "metrics-176",
      "argv": [
        "/usr/bin/python3",
        "/home/yayoi/.local/state/strata-sycl/post-reboot-tuning-20261007/full-context-layer-trace-csr/read_metrics.py",
        "1327077",
        "2163989"
      ],
      "pid": 1378783,
      "exit_code": 0,
      "timed_out": false,
      "still_alive": false,
      "elapsed_seconds": 0.05063420800070162
    },
    {
      "label": "metrics-177",
      "argv": [
        "/usr/bin/python3",
        "/home/yayoi/.local/state/strata-sycl/post-reboot-tuning-20261007/full-context-layer-trace-csr/read_metrics.py",
        "1327077",
        "2163989"
      ],
      "pid": 1379070,
      "exit_code": 0,
      "timed_out": false,
      "still_alive": false,
      "elapsed_seconds": 0.05063570700076525
    },
    {
      "label": "metrics-178",
      "argv": [
        "/usr/bin/python3",
        "/home/yayoi/.local/state/strata-sycl/post-reboot-tuning-20261007/full-context-layer-trace-csr/read_metrics.py",
        "1327077",
        "2163989"
      ],
      "pid": 1379383,
      "exit_code": 0,
      "timed_out": false,
      "still_alive": false,
      "elapsed_seconds": 0.050626341999304714
    },
    {
      "label": "metrics-179",
      "argv": [
        "/usr/bin/python3",
        "/home/yayoi/.local/state/strata-sycl/post-reboot-tuning-20261007/full-context-layer-trace-csr/read_metrics.py",
        "1327077",
        "2163989"
      ],
      "pid": 1379706,
      "exit_code": 0,
      "timed_out": false,
      "still_alive": false,
      "elapsed_seconds": 0.05084587099918281
    },
    {
      "label": "metrics-180",
      "argv": [
        "/usr/bin/python3",
        "/home/yayoi/.local/state/strata-sycl/post-reboot-tuning-20261007/full-context-layer-trace-csr/read_metrics.py",
        "1327077",
        "2163989"
      ],
      "pid": 1380021,
      "exit_code": 0,
      "timed_out": false,
      "still_alive": false,
      "elapsed_seconds": 0.050691820000793086
    },
    {
      "label": "metrics-181",
      "argv": [
        "/usr/bin/python3",
        "/home/yayoi/.local/state/strata-sycl/post-reboot-tuning-20261007/full-context-layer-trace-csr/read_metrics.py",
        "1327077",
        "2163989"
      ],
      "pid": 1380290,
      "exit_code": 0,
      "timed_out": false,
      "still_alive": false,
      "elapsed_seconds": 0.10068505999879562
    },
    {
      "label": "metrics-182",
      "argv": [
        "/usr/bin/python3",
        "/home/yayoi/.local/state/strata-sycl/post-reboot-tuning-20261007/full-context-layer-trace-csr/read_metrics.py",
        "1327077",
        "2163989"
      ],
      "pid": 1380605,
      "exit_code": 0,
      "timed_out": false,
      "still_alive": false,
      "elapsed_seconds": 0.05053041900100652
    },
    {
      "label": "metrics-183",
      "argv": [
        "/usr/bin/python3",
        "/home/yayoi/.local/state/strata-sycl/post-reboot-tuning-20261007/full-context-layer-trace-csr/read_metrics.py",
        "1327077",
        "2163989"
      ],
      "pid": 1380941,
      "exit_code": 0,
      "timed_out": false,
      "still_alive": false,
      "elapsed_seconds": 0.050683222001680406
    },
    {
      "label": "metrics-184",
      "argv": [
        "/usr/bin/python3",
        "/home/yayoi/.local/state/strata-sycl/post-reboot-tuning-20261007/full-context-layer-trace-csr/read_metrics.py",
        "1327077",
        "2163989"
      ],
      "pid": 1381297,
      "exit_code": 0,
      "timed_out": false,
      "still_alive": false,
      "elapsed_seconds": 0.05068049900000915
    },
    {
      "label": "metrics-185",
      "argv": [
        "/usr/bin/python3",
        "/home/yayoi/.local/state/strata-sycl/post-reboot-tuning-20261007/full-context-layer-trace-csr/read_metrics.py",
        "1327077",
        "2163989"
      ],
      "pid": 1381620,
      "exit_code": 0,
      "timed_out": false,
      "still_alive": false,
      "elapsed_seconds": 0.05076199700124562
    },
    {
      "label": "metrics-186",
      "argv": [
        "/usr/bin/python3",
        "/home/yayoi/.local/state/strata-sycl/post-reboot-tuning-20261007/full-context-layer-trace-csr/read_metrics.py",
        "1327077",
        "2163989"
      ],
      "pid": 1381986,
      "exit_code": 0,
      "timed_out": false,
      "still_alive": false,
      "elapsed_seconds": 0.05073627999809105
    },
    {
      "label": "metrics-187",
      "argv": [
        "/usr/bin/python3",
        "/home/yayoi/.local/state/strata-sycl/post-reboot-tuning-20261007/full-context-layer-trace-csr/read_metrics.py",
        "1327077",
        "2163989"
      ],
      "pid": 1382307,
      "exit_code": 0,
      "timed_out": false,
      "still_alive": false,
      "elapsed_seconds": 0.05080604499744368
    },
    {
      "label": "metrics-188",
      "argv": [
        "/usr/bin/python3",
        "/home/yayoi/.local/state/strata-sycl/post-reboot-tuning-20261007/full-context-layer-trace-csr/read_metrics.py",
        "1327077",
        "2163989"
      ],
      "pid": 1382591,
      "exit_code": 0,
      "timed_out": false,
      "still_alive": false,
      "elapsed_seconds": 0.05062000399993849
    },
    {
      "label": "metrics-189",
      "argv": [
        "/usr/bin/python3",
        "/home/yayoi/.local/state/strata-sycl/post-reboot-tuning-20261007/full-context-layer-trace-csr/read_metrics.py",
        "1327077",
        "2163989"
      ],
      "pid": 1382923,
      "exit_code": 0,
      "timed_out": false,
      "still_alive": false,
      "elapsed_seconds": 0.05141748000096413
    },
    {
      "label": "metrics-190",
      "argv": [
        "/usr/bin/python3",
        "/home/yayoi/.local/state/strata-sycl/post-reboot-tuning-20261007/full-context-layer-trace-csr/read_metrics.py",
        "1327077",
        "2163989"
      ],
      "pid": 1383155,
      "exit_code": 0,
      "timed_out": false,
      "still_alive": false,
      "elapsed_seconds": 0.08465259899821831
    },
    {
      "label": "metrics-191",
      "argv": [
        "/usr/bin/python3",
        "/home/yayoi/.local/state/strata-sycl/post-reboot-tuning-20261007/full-context-layer-trace-csr/read_metrics.py",
        "1327077",
        "2163989"
      ],
      "pid": 1383493,
      "exit_code": 0,
      "timed_out": false,
      "still_alive": false,
      "elapsed_seconds": 0.05063087300004554
    },
    {
      "label": "metrics-192",
      "argv": [
        "/usr/bin/python3",
        "/home/yayoi/.local/state/strata-sycl/post-reboot-tuning-20261007/full-context-layer-trace-csr/read_metrics.py",
        "1327077",
        "2163989"
      ],
      "pid": 1383766,
      "exit_code": 0,
      "timed_out": false,
      "still_alive": false,
      "elapsed_seconds": 0.050625445997866336
    },
    {
      "label": "metrics-193",
      "argv": [
        "/usr/bin/python3",
        "/home/yayoi/.local/state/strata-sycl/post-reboot-tuning-20261007/full-context-layer-trace-csr/read_metrics.py",
        "1327077",
        "2163989"
      ],
      "pid": 1384080,
      "exit_code": 0,
      "timed_out": false,
      "still_alive": false,
      "elapsed_seconds": 0.05059358899961808
    },
    {
      "label": "metrics-194",
      "argv": [
        "/usr/bin/python3",
        "/home/yayoi/.local/state/strata-sycl/post-reboot-tuning-20261007/full-context-layer-trace-csr/read_metrics.py",
        "1327077",
        "2163989"
      ],
      "pid": 1384367,
      "exit_code": 0,
      "timed_out": false,
      "still_alive": false,
      "elapsed_seconds": 0.10088535199975013
    },
    {
      "label": "metrics-195",
      "argv": [
        "/usr/bin/python3",
        "/home/yayoi/.local/state/strata-sycl/post-reboot-tuning-20261007/full-context-layer-trace-csr/read_metrics.py",
        "1327077",
        "2163989"
      ],
      "pid": 1384707,
      "exit_code": 0,
      "timed_out": false,
      "still_alive": false,
      "elapsed_seconds": 0.05074438199881115
    },
    {
      "label": "metrics-196",
      "argv": [
        "/usr/bin/python3",
        "/home/yayoi/.local/state/strata-sycl/post-reboot-tuning-20261007/full-context-layer-trace-csr/read_metrics.py",
        "1327077",
        "2163989"
      ],
      "pid": 1385013,
      "exit_code": 0,
      "timed_out": false,
      "still_alive": false,
      "elapsed_seconds": 0.050552611999592045
    },
    {
      "label": "metrics-197",
      "argv": [
        "/usr/bin/python3",
        "/home/yayoi/.local/state/strata-sycl/post-reboot-tuning-20261007/full-context-layer-trace-csr/read_metrics.py",
        "1327077",
        "2163989"
      ],
      "pid": 1385317,
      "exit_code": 0,
      "timed_out": false,
      "still_alive": false,
      "elapsed_seconds": 0.05064821599808056
    },
    {
      "label": "metrics-198",
      "argv": [
        "/usr/bin/python3",
        "/home/yayoi/.local/state/strata-sycl/post-reboot-tuning-20261007/full-context-layer-trace-csr/read_metrics.py",
        "1327077",
        "2163989"
      ],
      "pid": 1385647,
      "exit_code": 0,
      "timed_out": false,
      "still_alive": false,
      "elapsed_seconds": 0.05125295600009849
    },
    {
      "label": "metrics-199",
      "argv": [
        "/usr/bin/python3",
        "/home/yayoi/.local/state/strata-sycl/post-reboot-tuning-20261007/full-context-layer-trace-csr/read_metrics.py",
        "1327077",
        "2163989"
      ],
      "pid": 1385905,
      "exit_code": 0,
      "timed_out": false,
      "still_alive": false,
      "elapsed_seconds": 0.05064351300097769
    },
    {
      "label": "metrics-200",
      "argv": [
        "/usr/bin/python3",
        "/home/yayoi/.local/state/strata-sycl/post-reboot-tuning-20261007/full-context-layer-trace-csr/read_metrics.py",
        "1327077",
        "2163989"
      ],
      "pid": 1386237,
      "exit_code": 0,
      "timed_out": false,
      "still_alive": false,
      "elapsed_seconds": 0.05073527000058675
    },
    {
      "label": "metrics-201",
      "argv": [
        "/usr/bin/python3",
        "/home/yayoi/.local/state/strata-sycl/post-reboot-tuning-20261007/full-context-layer-trace-csr/read_metrics.py",
        "1327077",
        "2163989"
      ],
      "pid": 1386775,
      "exit_code": 0,
      "timed_out": false,
      "still_alive": false,
      "elapsed_seconds": 0.050616900000022724
    },
    {
      "label": "metrics-202",
      "argv": [
        "/usr/bin/python3",
        "/home/yayoi/.local/state/strata-sycl/post-reboot-tuning-20261007/full-context-layer-trace-csr/read_metrics.py",
        "1327077",
        "2163989"
      ],
      "pid": 1387660,
      "exit_code": 0,
      "timed_out": false,
      "still_alive": false,
      "elapsed_seconds": 0.050730227998428745
    },
    {
      "label": "metrics-203",
      "argv": [
        "/usr/bin/python3",
        "/home/yayoi/.local/state/strata-sycl/post-reboot-tuning-20261007/full-context-layer-trace-csr/read_metrics.py",
        "1327077",
        "2163989"
      ],
      "pid": 1388272,
      "exit_code": 0,
      "timed_out": false,
      "still_alive": false,
      "elapsed_seconds": 0.05078911400050856
    },
    {
      "label": "metrics-204",
      "argv": [
        "/usr/bin/python3",
        "/home/yayoi/.local/state/strata-sycl/post-reboot-tuning-20261007/full-context-layer-trace-csr/read_metrics.py",
        "1327077",
        "2163989"
      ],
      "pid": 1388853,
      "exit_code": 0,
      "timed_out": false,
      "still_alive": false,
      "elapsed_seconds": 0.05067833799694199
    },
    {
      "label": "metrics-205",
      "argv": [
        "/usr/bin/python3",
        "/home/yayoi/.local/state/strata-sycl/post-reboot-tuning-20261007/full-context-layer-trace-csr/read_metrics.py",
        "1327077",
        "2163989"
      ],
      "pid": 1389682,
      "exit_code": 0,
      "timed_out": false,
      "still_alive": false,
      "elapsed_seconds": 0.05118477199721383
    },
    {
      "label": "metrics-206",
      "argv": [
        "/usr/bin/python3",
        "/home/yayoi/.local/state/strata-sycl/post-reboot-tuning-20261007/full-context-layer-trace-csr/read_metrics.py",
        "1327077",
        "2163989"
      ],
      "pid": 1390384,
      "exit_code": 0,
      "timed_out": false,
      "still_alive": false,
      "elapsed_seconds": 0.05068230300094001
    },
    {
      "label": "metrics-207",
      "argv": [
        "/usr/bin/python3",
        "/home/yayoi/.local/state/strata-sycl/post-reboot-tuning-20261007/full-context-layer-trace-csr/read_metrics.py",
        "1327077",
        "2163989"
      ],
      "pid": 1390623,
      "exit_code": 0,
      "timed_out": false,
      "still_alive": false,
      "elapsed_seconds": 0.05066162900038762
    },
    {
      "label": "metrics-208",
      "argv": [
        "/usr/bin/python3",
        "/home/yayoi/.local/state/strata-sycl/post-reboot-tuning-20261007/full-context-layer-trace-csr/read_metrics.py",
        "1327077",
        "2163989"
      ],
      "pid": 1391069,
      "exit_code": 0,
      "timed_out": false,
      "still_alive": false,
      "elapsed_seconds": 0.05069558700051857
    },
    {
      "label": "metrics-209",
      "argv": [
        "/usr/bin/python3",
        "/home/yayoi/.local/state/strata-sycl/post-reboot-tuning-20261007/full-context-layer-trace-csr/read_metrics.py",
        "1327077",
        "2163989"
      ],
      "pid": 1391306,
      "exit_code": 0,
      "timed_out": false,
      "still_alive": false,
      "elapsed_seconds": 0.05068853799821227
    },
    {
      "label": "metrics-210",
      "argv": [
        "/usr/bin/python3",
        "/home/yayoi/.local/state/strata-sycl/post-reboot-tuning-20261007/full-context-layer-trace-csr/read_metrics.py",
        "1327077",
        "2163989"
      ],
      "pid": 1391648,
      "exit_code": 0,
      "timed_out": false,
      "still_alive": false,
      "elapsed_seconds": 0.05065458699755254
    },
    {
      "label": "metrics-211",
      "argv": [
        "/usr/bin/python3",
        "/home/yayoi/.local/state/strata-sycl/post-reboot-tuning-20261007/full-context-layer-trace-csr/read_metrics.py",
        "1327077",
        "2163989"
      ],
      "pid": 1391912,
      "exit_code": 0,
      "timed_out": false,
      "still_alive": false,
      "elapsed_seconds": 0.050753489002090646
    },
    {
      "label": "metrics-212",
      "argv": [
        "/usr/bin/python3",
        "/home/yayoi/.local/state/strata-sycl/post-reboot-tuning-20261007/full-context-layer-trace-csr/read_metrics.py",
        "1327077",
        "2163989"
      ],
      "pid": 1392250,
      "exit_code": 0,
      "timed_out": false,
      "still_alive": false,
      "elapsed_seconds": 0.05054171099982341
    },
    {
      "label": "metrics-213",
      "argv": [
        "/usr/bin/python3",
        "/home/yayoi/.local/state/strata-sycl/post-reboot-tuning-20261007/full-context-layer-trace-csr/read_metrics.py",
        "1327077",
        "2163989"
      ],
      "pid": 1392533,
      "exit_code": 0,
      "timed_out": false,
      "still_alive": false,
      "elapsed_seconds": 0.05088171999886981
    },
    {
      "label": "metrics-214",
      "argv": [
        "/usr/bin/python3",
        "/home/yayoi/.local/state/strata-sycl/post-reboot-tuning-20261007/full-context-layer-trace-csr/read_metrics.py",
        "1327077",
        "2163989"
      ],
      "pid": 1392840,
      "exit_code": 0,
      "timed_out": false,
      "still_alive": false,
      "elapsed_seconds": 0.0506213110020326
    },
    {
      "label": "metrics-215",
      "argv": [
        "/usr/bin/python3",
        "/home/yayoi/.local/state/strata-sycl/post-reboot-tuning-20261007/full-context-layer-trace-csr/read_metrics.py",
        "1327077",
        "2163989"
      ],
      "pid": 1393159,
      "exit_code": 0,
      "timed_out": false,
      "still_alive": false,
      "elapsed_seconds": 0.05080105600063689
    },
    {
      "label": "metrics-216",
      "argv": [
        "/usr/bin/python3",
        "/home/yayoi/.local/state/strata-sycl/post-reboot-tuning-20261007/full-context-layer-trace-csr/read_metrics.py",
        "1327077",
        "2163989"
      ],
      "pid": 1393487,
      "exit_code": 0,
      "timed_out": false,
      "still_alive": false,
      "elapsed_seconds": 0.05061862500224379
    },
    {
      "label": "metrics-217",
      "argv": [
        "/usr/bin/python3",
        "/home/yayoi/.local/state/strata-sycl/post-reboot-tuning-20261007/full-context-layer-trace-csr/read_metrics.py",
        "1327077",
        "2163989"
      ],
      "pid": 1393789,
      "exit_code": 0,
      "timed_out": false,
      "still_alive": false,
      "elapsed_seconds": 0.05076048900082242
    },
    {
      "label": "metrics-218",
      "argv": [
        "/usr/bin/python3",
        "/home/yayoi/.local/state/strata-sycl/post-reboot-tuning-20261007/full-context-layer-trace-csr/read_metrics.py",
        "1327077",
        "2163989"
      ],
      "pid": 1394138,
      "exit_code": 0,
      "timed_out": false,
      "still_alive": false,
      "elapsed_seconds": 0.05057808700075839
    },
    {
      "label": "metrics-219",
      "argv": [
        "/usr/bin/python3",
        "/home/yayoi/.local/state/strata-sycl/post-reboot-tuning-20261007/full-context-layer-trace-csr/read_metrics.py",
        "1327077",
        "2163989"
      ],
      "pid": 1394418,
      "exit_code": 0,
      "timed_out": false,
      "still_alive": false,
      "elapsed_seconds": 0.05057018699881155
    },
    {
      "label": "metrics-220",
      "argv": [
        "/usr/bin/python3",
        "/home/yayoi/.local/state/strata-sycl/post-reboot-tuning-20261007/full-context-layer-trace-csr/read_metrics.py",
        "1327077",
        "2163989"
      ],
      "pid": 1394724,
      "exit_code": 0,
      "timed_out": false,
      "still_alive": false,
      "elapsed_seconds": 0.050613292998605175
    },
    {
      "label": "metrics-221",
      "argv": [
        "/usr/bin/python3",
        "/home/yayoi/.local/state/strata-sycl/post-reboot-tuning-20261007/full-context-layer-trace-csr/read_metrics.py",
        "1327077",
        "2163989"
      ],
      "pid": 1395063,
      "exit_code": 0,
      "timed_out": false,
      "still_alive": false,
      "elapsed_seconds": 0.05062320700017153
    },
    {
      "label": "metrics-222",
      "argv": [
        "/usr/bin/python3",
        "/home/yayoi/.local/state/strata-sycl/post-reboot-tuning-20261007/full-context-layer-trace-csr/read_metrics.py",
        "1327077",
        "2163989"
      ],
      "pid": 1395326,
      "exit_code": 0,
      "timed_out": false,
      "still_alive": false,
      "elapsed_seconds": 0.05066389000057825
    },
    {
      "label": "metrics-223",
      "argv": [
        "/usr/bin/python3",
        "/home/yayoi/.local/state/strata-sycl/post-reboot-tuning-20261007/full-context-layer-trace-csr/read_metrics.py",
        "1327077",
        "2163989"
      ],
      "pid": 1395639,
      "exit_code": 0,
      "timed_out": false,
      "still_alive": false,
      "elapsed_seconds": 0.1008425090003584
    },
    {
      "label": "metrics-224",
      "argv": [
        "/usr/bin/python3",
        "/home/yayoi/.local/state/strata-sycl/post-reboot-tuning-20261007/full-context-layer-trace-csr/read_metrics.py",
        "1327077",
        "2163989"
      ],
      "pid": 1395898,
      "exit_code": 0,
      "timed_out": false,
      "still_alive": false,
      "elapsed_seconds": 0.05070459600028698
    },
    {
      "label": "metrics-225",
      "argv": [
        "/usr/bin/python3",
        "/home/yayoi/.local/state/strata-sycl/post-reboot-tuning-20261007/full-context-layer-trace-csr/read_metrics.py",
        "1327077",
        "2163989"
      ],
      "pid": 1396227,
      "exit_code": 0,
      "timed_out": false,
      "still_alive": false,
      "elapsed_seconds": 0.10291192700242391
    },
    {
      "label": "metrics-226",
      "argv": [
        "/usr/bin/python3",
        "/home/yayoi/.local/state/strata-sycl/post-reboot-tuning-20261007/full-context-layer-trace-csr/read_metrics.py",
        "1327077",
        "2163989"
      ],
      "pid": 1396484,
      "exit_code": 0,
      "timed_out": false,
      "still_alive": false,
      "elapsed_seconds": 0.05058284499682486
    },
    {
      "label": "metrics-227",
      "argv": [
        "/usr/bin/python3",
        "/home/yayoi/.local/state/strata-sycl/post-reboot-tuning-20261007/full-context-layer-trace-csr/read_metrics.py",
        "1327077",
        "2163989"
      ],
      "pid": 1396801,
      "exit_code": 0,
      "timed_out": false,
      "still_alive": false,
      "elapsed_seconds": 0.050625320996914525
    },
    {
      "label": "metrics-228",
      "argv": [
        "/usr/bin/python3",
        "/home/yayoi/.local/state/strata-sycl/post-reboot-tuning-20261007/full-context-layer-trace-csr/read_metrics.py",
        "1327077",
        "2163989"
      ],
      "pid": 1397087,
      "exit_code": 0,
      "timed_out": false,
      "still_alive": false,
      "elapsed_seconds": 0.05060801299987361
    },
    {
      "label": "metrics-229",
      "argv": [
        "/usr/bin/python3",
        "/home/yayoi/.local/state/strata-sycl/post-reboot-tuning-20261007/full-context-layer-trace-csr/read_metrics.py",
        "1327077",
        "2163989"
      ],
      "pid": 1397396,
      "exit_code": 0,
      "timed_out": false,
      "still_alive": false,
      "elapsed_seconds": 0.050946037998073734
    },
    {
      "label": "metrics-230",
      "argv": [
        "/usr/bin/python3",
        "/home/yayoi/.local/state/strata-sycl/post-reboot-tuning-20261007/full-context-layer-trace-csr/read_metrics.py",
        "1327077",
        "2163989"
      ],
      "pid": 1397671,
      "exit_code": 0,
      "timed_out": false,
      "still_alive": false,
      "elapsed_seconds": 0.05079023900179891
    },
    {
      "label": "metrics-231",
      "argv": [
        "/usr/bin/python3",
        "/home/yayoi/.local/state/strata-sycl/post-reboot-tuning-20261007/full-context-layer-trace-csr/read_metrics.py",
        "1327077",
        "2163989"
      ],
      "pid": 1397978,
      "exit_code": 0,
      "timed_out": false,
      "still_alive": false,
      "elapsed_seconds": 0.05075324299832573
    },
    {
      "label": "metrics-232",
      "argv": [
        "/usr/bin/python3",
        "/home/yayoi/.local/state/strata-sycl/post-reboot-tuning-20261007/full-context-layer-trace-csr/read_metrics.py",
        "1327077",
        "2163989"
      ],
      "pid": 1398244,
      "exit_code": 0,
      "timed_out": false,
      "still_alive": false,
      "elapsed_seconds": 0.05061523800031864
    },
    {
      "label": "metrics-233",
      "argv": [
        "/usr/bin/python3",
        "/home/yayoi/.local/state/strata-sycl/post-reboot-tuning-20261007/full-context-layer-trace-csr/read_metrics.py",
        "1327077",
        "2163989"
      ],
      "pid": 1398581,
      "exit_code": 0,
      "timed_out": false,
      "still_alive": false,
      "elapsed_seconds": 0.05076114999974379
    },
    {
      "label": "metrics-234",
      "argv": [
        "/usr/bin/python3",
        "/home/yayoi/.local/state/strata-sycl/post-reboot-tuning-20261007/full-context-layer-trace-csr/read_metrics.py",
        "1327077",
        "2163989"
      ],
      "pid": 1398834,
      "exit_code": 0,
      "timed_out": false,
      "still_alive": false,
      "elapsed_seconds": 0.15072569499898236
    },
    {
      "label": "metrics-235",
      "argv": [
        "/usr/bin/python3",
        "/home/yayoi/.local/state/strata-sycl/post-reboot-tuning-20261007/full-context-layer-trace-csr/read_metrics.py",
        "1327077",
        "2163989"
      ],
      "pid": 1399178,
      "exit_code": 0,
      "timed_out": false,
      "still_alive": false,
      "elapsed_seconds": 0.050846350997744594
    },
    {
      "label": "metrics-236",
      "argv": [
        "/usr/bin/python3",
        "/home/yayoi/.local/state/strata-sycl/post-reboot-tuning-20261007/full-context-layer-trace-csr/read_metrics.py",
        "1327077",
        "2163989"
      ],
      "pid": 1399437,
      "exit_code": 0,
      "timed_out": false,
      "still_alive": false,
      "elapsed_seconds": 0.10068588799913414
    },
    {
      "label": "metrics-237",
      "argv": [
        "/usr/bin/python3",
        "/home/yayoi/.local/state/strata-sycl/post-reboot-tuning-20261007/full-context-layer-trace-csr/read_metrics.py",
        "1327077",
        "2163989"
      ],
      "pid": 1399763,
      "exit_code": 0,
      "timed_out": false,
      "still_alive": false,
      "elapsed_seconds": 0.0506600199987588
    },
    {
      "label": "metrics-238",
      "argv": [
        "/usr/bin/python3",
        "/home/yayoi/.local/state/strata-sycl/post-reboot-tuning-20261007/full-context-layer-trace-csr/read_metrics.py",
        "1327077",
        "2163989"
      ],
      "pid": 1400091,
      "exit_code": 0,
      "timed_out": false,
      "still_alive": false,
      "elapsed_seconds": 0.05068021300030523
    },
    {
      "label": "metrics-239",
      "argv": [
        "/usr/bin/python3",
        "/home/yayoi/.local/state/strata-sycl/post-reboot-tuning-20261007/full-context-layer-trace-csr/read_metrics.py",
        "1327077",
        "2163989"
      ],
      "pid": 1400352,
      "exit_code": 0,
      "timed_out": false,
      "still_alive": false,
      "elapsed_seconds": 0.1007068809994962
    },
    {
      "label": "metrics-240",
      "argv": [
        "/usr/bin/python3",
        "/home/yayoi/.local/state/strata-sycl/post-reboot-tuning-20261007/full-context-layer-trace-csr/read_metrics.py",
        "1327077",
        "2163989"
      ],
      "pid": 1400680,
      "exit_code": 0,
      "timed_out": false,
      "still_alive": false,
      "elapsed_seconds": 0.05060248800145928
    },
    {
      "label": "metrics-241",
      "argv": [
        "/usr/bin/python3",
        "/home/yayoi/.local/state/strata-sycl/post-reboot-tuning-20261007/full-context-layer-trace-csr/read_metrics.py",
        "1327077",
        "2163989"
      ],
      "pid": 1400958,
      "exit_code": 0,
      "timed_out": false,
      "still_alive": false,
      "elapsed_seconds": 0.05074667599910754
    },
    {
      "label": "metrics-242",
      "argv": [
        "/usr/bin/python3",
        "/home/yayoi/.local/state/strata-sycl/post-reboot-tuning-20261007/full-context-layer-trace-csr/read_metrics.py",
        "1327077",
        "2163989"
      ],
      "pid": 1401261,
      "exit_code": 0,
      "timed_out": false,
      "still_alive": false,
      "elapsed_seconds": 0.05081558299934841
    },
    {
      "label": "metrics-243",
      "argv": [
        "/usr/bin/python3",
        "/home/yayoi/.local/state/strata-sycl/post-reboot-tuning-20261007/full-context-layer-trace-csr/read_metrics.py",
        "1327077",
        "2163989"
      ],
      "pid": 1401539,
      "exit_code": 0,
      "timed_out": false,
      "still_alive": false,
      "elapsed_seconds": 0.050823854999180185
    },
    {
      "label": "metrics-244",
      "argv": [
        "/usr/bin/python3",
        "/home/yayoi/.local/state/strata-sycl/post-reboot-tuning-20261007/full-context-layer-trace-csr/read_metrics.py",
        "1327077",
        "2163989"
      ],
      "pid": 1401827,
      "exit_code": 0,
      "timed_out": false,
      "still_alive": false,
      "elapsed_seconds": 0.05072614600067027
    },
    {
      "label": "metrics-245",
      "argv": [
        "/usr/bin/python3",
        "/home/yayoi/.local/state/strata-sycl/post-reboot-tuning-20261007/full-context-layer-trace-csr/read_metrics.py",
        "1327077",
        "2163989"
      ],
      "pid": 1402109,
      "exit_code": 0,
      "timed_out": false,
      "still_alive": false,
      "elapsed_seconds": 0.050676646998908836
    },
    {
      "label": "metrics-246",
      "argv": [
        "/usr/bin/python3",
        "/home/yayoi/.local/state/strata-sycl/post-reboot-tuning-20261007/full-context-layer-trace-csr/read_metrics.py",
        "1327077",
        "2163989"
      ],
      "pid": 1402414,
      "exit_code": 0,
      "timed_out": false,
      "still_alive": false,
      "elapsed_seconds": 0.05062772000019322
    },
    {
      "label": "metrics-247",
      "argv": [
        "/usr/bin/python3",
        "/home/yayoi/.local/state/strata-sycl/post-reboot-tuning-20261007/full-context-layer-trace-csr/read_metrics.py",
        "1327077",
        "2163989"
      ],
      "pid": 1402711,
      "exit_code": 0,
      "timed_out": false,
      "still_alive": false,
      "elapsed_seconds": 0.050795033002941636
    },
    {
      "label": "metrics-248",
      "argv": [
        "/usr/bin/python3",
        "/home/yayoi/.local/state/strata-sycl/post-reboot-tuning-20261007/full-context-layer-trace-csr/read_metrics.py",
        "1327077",
        "2163989"
      ],
      "pid": 1403007,
      "exit_code": 0,
      "timed_out": false,
      "still_alive": false,
      "elapsed_seconds": 0.050842347998695914
    },
    {
      "label": "metrics-249",
      "argv": [
        "/usr/bin/python3",
        "/home/yayoi/.local/state/strata-sycl/post-reboot-tuning-20261007/full-context-layer-trace-csr/read_metrics.py",
        "1327077",
        "2163989"
      ],
      "pid": 1403297,
      "exit_code": 0,
      "timed_out": false,
      "still_alive": false,
      "elapsed_seconds": 0.05059559799701674
    },
    {
      "label": "metrics-250",
      "argv": [
        "/usr/bin/python3",
        "/home/yayoi/.local/state/strata-sycl/post-reboot-tuning-20261007/full-context-layer-trace-csr/read_metrics.py",
        "1327077",
        "2163989"
      ],
      "pid": 1403588,
      "exit_code": 0,
      "timed_out": false,
      "still_alive": false,
      "elapsed_seconds": 0.05059577399879345
    },
    {
      "label": "metrics-251",
      "argv": [
        "/usr/bin/python3",
        "/home/yayoi/.local/state/strata-sycl/post-reboot-tuning-20261007/full-context-layer-trace-csr/read_metrics.py",
        "1327077",
        "2163989"
      ],
      "pid": 1403887,
      "exit_code": 0,
      "timed_out": false,
      "still_alive": false,
      "elapsed_seconds": 0.05066876799901365
    },
    {
      "label": "metrics-252",
      "argv": [
        "/usr/bin/python3",
        "/home/yayoi/.local/state/strata-sycl/post-reboot-tuning-20261007/full-context-layer-trace-csr/read_metrics.py",
        "1327077",
        "2163989"
      ],
      "pid": 1404190,
      "exit_code": 0,
      "timed_out": false,
      "still_alive": false,
      "elapsed_seconds": 0.05064358699746663
    },
    {
      "label": "metrics-253",
      "argv": [
        "/usr/bin/python3",
        "/home/yayoi/.local/state/strata-sycl/post-reboot-tuning-20261007/full-context-layer-trace-csr/read_metrics.py",
        "1327077",
        "2163989"
      ],
      "pid": 1404480,
      "exit_code": 0,
      "timed_out": false,
      "still_alive": false,
      "elapsed_seconds": 0.05070167300073081
    },
    {
      "label": "metrics-254",
      "argv": [
        "/usr/bin/python3",
        "/home/yayoi/.local/state/strata-sycl/post-reboot-tuning-20261007/full-context-layer-trace-csr/read_metrics.py",
        "1327077",
        "2163989"
      ],
      "pid": 1404778,
      "exit_code": 0,
      "timed_out": false,
      "still_alive": false,
      "elapsed_seconds": 0.050757515000441344
    },
    {
      "label": "metrics-255",
      "argv": [
        "/usr/bin/python3",
        "/home/yayoi/.local/state/strata-sycl/post-reboot-tuning-20261007/full-context-layer-trace-csr/read_metrics.py",
        "1327077",
        "2163989"
      ],
      "pid": 1405046,
      "exit_code": 0,
      "timed_out": false,
      "still_alive": false,
      "elapsed_seconds": 0.05083901500256616
    },
    {
      "label": "metrics-256",
      "argv": [
        "/usr/bin/python3",
        "/home/yayoi/.local/state/strata-sycl/post-reboot-tuning-20261007/full-context-layer-trace-csr/read_metrics.py",
        "1327077",
        "2163989"
      ],
      "pid": 1405356,
      "exit_code": 0,
      "timed_out": false,
      "still_alive": false,
      "elapsed_seconds": 0.0506169209984364
    },
    {
      "label": "metrics-257",
      "argv": [
        "/usr/bin/python3",
        "/home/yayoi/.local/state/strata-sycl/post-reboot-tuning-20261007/full-context-layer-trace-csr/read_metrics.py",
        "1327077",
        "2163989"
      ],
      "pid": 1405616,
      "exit_code": 0,
      "timed_out": false,
      "still_alive": false,
      "elapsed_seconds": 0.05062105499746394
    },
    {
      "label": "metrics-258",
      "argv": [
        "/usr/bin/python3",
        "/home/yayoi/.local/state/strata-sycl/post-reboot-tuning-20261007/full-context-layer-trace-csr/read_metrics.py",
        "1327077",
        "2163989"
      ],
      "pid": 1405934,
      "exit_code": 0,
      "timed_out": false,
      "still_alive": false,
      "elapsed_seconds": 0.050586817000294104
    },
    {
      "label": "metrics-259",
      "argv": [
        "/usr/bin/python3",
        "/home/yayoi/.local/state/strata-sycl/post-reboot-tuning-20261007/full-context-layer-trace-csr/read_metrics.py",
        "1327077",
        "2163989"
      ],
      "pid": 1406171,
      "exit_code": 0,
      "timed_out": false,
      "still_alive": false,
      "elapsed_seconds": 0.1507676420005737
    },
    {
      "label": "metrics-260",
      "argv": [
        "/usr/bin/python3",
        "/home/yayoi/.local/state/strata-sycl/post-reboot-tuning-20261007/full-context-layer-trace-csr/read_metrics.py",
        "1327077",
        "2163989"
      ],
      "pid": 1406525,
      "exit_code": 0,
      "timed_out": false,
      "still_alive": false,
      "elapsed_seconds": 0.05059130799781997
    },
    {
      "label": "metrics-261",
      "argv": [
        "/usr/bin/python3",
        "/home/yayoi/.local/state/strata-sycl/post-reboot-tuning-20261007/full-context-layer-trace-csr/read_metrics.py",
        "1327077",
        "2163989"
      ],
      "pid": 1406784,
      "exit_code": 0,
      "timed_out": false,
      "still_alive": false,
      "elapsed_seconds": 0.05069587300022249
    },
    {
      "label": "metrics-262",
      "argv": [
        "/usr/bin/python3",
        "/home/yayoi/.local/state/strata-sycl/post-reboot-tuning-20261007/full-context-layer-trace-csr/read_metrics.py",
        "1327077",
        "2163989"
      ],
      "pid": 1407096,
      "exit_code": 0,
      "timed_out": false,
      "still_alive": false,
      "elapsed_seconds": 0.05060176199913258
    },
    {
      "label": "metrics-263",
      "argv": [
        "/usr/bin/python3",
        "/home/yayoi/.local/state/strata-sycl/post-reboot-tuning-20261007/full-context-layer-trace-csr/read_metrics.py",
        "1327077",
        "2163989"
      ],
      "pid": 1407393,
      "exit_code": 0,
      "timed_out": false,
      "still_alive": false,
      "elapsed_seconds": 0.05067902399969171
    },
    {
      "label": "metrics-264",
      "argv": [
        "/usr/bin/python3",
        "/home/yayoi/.local/state/strata-sycl/post-reboot-tuning-20261007/full-context-layer-trace-csr/read_metrics.py",
        "1327077",
        "2163989"
      ],
      "pid": 1407707,
      "exit_code": 0,
      "timed_out": false,
      "still_alive": false,
      "elapsed_seconds": 0.05062222299966379
    },
    {
      "label": "metrics-265",
      "argv": [
        "/usr/bin/python3",
        "/home/yayoi/.local/state/strata-sycl/post-reboot-tuning-20261007/full-context-layer-trace-csr/read_metrics.py",
        "1327077",
        "2163989"
      ],
      "pid": 1408051,
      "exit_code": 0,
      "timed_out": false,
      "still_alive": false,
      "elapsed_seconds": 0.050624743998923805
    },
    {
      "label": "metrics-266",
      "argv": [
        "/usr/bin/python3",
        "/home/yayoi/.local/state/strata-sycl/post-reboot-tuning-20261007/full-context-layer-trace-csr/read_metrics.py",
        "1327077",
        "2163989"
      ],
      "pid": 1408355,
      "exit_code": 0,
      "timed_out": false,
      "still_alive": false,
      "elapsed_seconds": 0.05064500899970881
    },
    {
      "label": "metrics-267",
      "argv": [
        "/usr/bin/python3",
        "/home/yayoi/.local/state/strata-sycl/post-reboot-tuning-20261007/full-context-layer-trace-csr/read_metrics.py",
        "1327077",
        "2163989"
      ],
      "pid": 1408694,
      "exit_code": 0,
      "timed_out": false,
      "still_alive": false,
      "elapsed_seconds": 0.050760964997607516
    },
    {
      "label": "metrics-268",
      "argv": [
        "/usr/bin/python3",
        "/home/yayoi/.local/state/strata-sycl/post-reboot-tuning-20261007/full-context-layer-trace-csr/read_metrics.py",
        "1327077",
        "2163989"
      ],
      "pid": 1408990,
      "exit_code": 0,
      "timed_out": false,
      "still_alive": false,
      "elapsed_seconds": 0.050658758998906706
    },
    {
      "label": "metrics-269",
      "argv": [
        "/usr/bin/python3",
        "/home/yayoi/.local/state/strata-sycl/post-reboot-tuning-20261007/full-context-layer-trace-csr/read_metrics.py",
        "1327077",
        "2163989"
      ],
      "pid": 1409264,
      "exit_code": 0,
      "timed_out": false,
      "still_alive": false,
      "elapsed_seconds": 0.050643147002119804
    },
    {
      "label": "metrics-270",
      "argv": [
        "/usr/bin/python3",
        "/home/yayoi/.local/state/strata-sycl/post-reboot-tuning-20261007/full-context-layer-trace-csr/read_metrics.py",
        "1327077",
        "2163989"
      ],
      "pid": 1409557,
      "exit_code": 0,
      "timed_out": false,
      "still_alive": false,
      "elapsed_seconds": 0.05065837099755299
    },
    {
      "label": "metrics-271",
      "argv": [
        "/usr/bin/python3",
        "/home/yayoi/.local/state/strata-sycl/post-reboot-tuning-20261007/full-context-layer-trace-csr/read_metrics.py",
        "1327077",
        "2163989"
      ],
      "pid": 1409837,
      "exit_code": 0,
      "timed_out": false,
      "still_alive": false,
      "elapsed_seconds": 0.050652227000682615
    },
    {
      "label": "metrics-272",
      "argv": [
        "/usr/bin/python3",
        "/home/yayoi/.local/state/strata-sycl/post-reboot-tuning-20261007/full-context-layer-trace-csr/read_metrics.py",
        "1327077",
        "2163989"
      ],
      "pid": 1410142,
      "exit_code": 0,
      "timed_out": false,
      "still_alive": false,
      "elapsed_seconds": 0.05073704299866222
    },
    {
      "label": "metrics-273",
      "argv": [
        "/usr/bin/python3",
        "/home/yayoi/.local/state/strata-sycl/post-reboot-tuning-20261007/full-context-layer-trace-csr/read_metrics.py",
        "1327077",
        "2163989"
      ],
      "pid": 1410381,
      "exit_code": 0,
      "timed_out": false,
      "still_alive": false,
      "elapsed_seconds": 0.05086112600110937
    },
    {
      "label": "metrics-274",
      "argv": [
        "/usr/bin/python3",
        "/home/yayoi/.local/state/strata-sycl/post-reboot-tuning-20261007/full-context-layer-trace-csr/read_metrics.py",
        "1327077",
        "2163989"
      ],
      "pid": 1410705,
      "exit_code": 0,
      "timed_out": false,
      "still_alive": false,
      "elapsed_seconds": 0.05061955600103829
    },
    {
      "label": "metrics-275",
      "argv": [
        "/usr/bin/python3",
        "/home/yayoi/.local/state/strata-sycl/post-reboot-tuning-20261007/full-context-layer-trace-csr/read_metrics.py",
        "1327077",
        "2163989"
      ],
      "pid": 1410991,
      "exit_code": 0,
      "timed_out": false,
      "still_alive": false,
      "elapsed_seconds": 0.050614152001799084
    },
    {
      "label": "metrics-276",
      "argv": [
        "/usr/bin/python3",
        "/home/yayoi/.local/state/strata-sycl/post-reboot-tuning-20261007/full-context-layer-trace-csr/read_metrics.py",
        "1327077",
        "2163989"
      ],
      "pid": 1411297,
      "exit_code": 0,
      "timed_out": false,
      "still_alive": false,
      "elapsed_seconds": 0.05064324499835493
    },
    {
      "label": "metrics-277",
      "argv": [
        "/usr/bin/python3",
        "/home/yayoi/.local/state/strata-sycl/post-reboot-tuning-20261007/full-context-layer-trace-csr/read_metrics.py",
        "1327077",
        "2163989"
      ],
      "pid": 1411565,
      "exit_code": 0,
      "timed_out": false,
      "still_alive": false,
      "elapsed_seconds": 0.05091410300155985
    },
    {
      "label": "metrics-278",
      "argv": [
        "/usr/bin/python3",
        "/home/yayoi/.local/state/strata-sycl/post-reboot-tuning-20261007/full-context-layer-trace-csr/read_metrics.py",
        "1327077",
        "2163989"
      ],
      "pid": 1411849,
      "exit_code": 0,
      "timed_out": false,
      "still_alive": false,
      "elapsed_seconds": 0.05062847000226611
    },
    {
      "label": "metrics-279",
      "argv": [
        "/usr/bin/python3",
        "/home/yayoi/.local/state/strata-sycl/post-reboot-tuning-20261007/full-context-layer-trace-csr/read_metrics.py",
        "1327077",
        "2163989"
      ],
      "pid": 1412139,
      "exit_code": 0,
      "timed_out": false,
      "still_alive": false,
      "elapsed_seconds": 0.050724397999147186
    },
    {
      "label": "metrics-280",
      "argv": [
        "/usr/bin/python3",
        "/home/yayoi/.local/state/strata-sycl/post-reboot-tuning-20261007/full-context-layer-trace-csr/read_metrics.py",
        "1327077",
        "2163989"
      ],
      "pid": 1412454,
      "exit_code": 0,
      "timed_out": false,
      "still_alive": false,
      "elapsed_seconds": 0.050629067001864314
    },
    {
      "label": "metrics-281",
      "argv": [
        "/usr/bin/python3",
        "/home/yayoi/.local/state/strata-sycl/post-reboot-tuning-20261007/full-context-layer-trace-csr/read_metrics.py",
        "1327077",
        "2163989"
      ],
      "pid": 1412729,
      "exit_code": 0,
      "timed_out": false,
      "still_alive": false,
      "elapsed_seconds": 0.05069192200244288
    },
    {
      "label": "metrics-282",
      "argv": [
        "/usr/bin/python3",
        "/home/yayoi/.local/state/strata-sycl/post-reboot-tuning-20261007/full-context-layer-trace-csr/read_metrics.py",
        "1327077",
        "2163989"
      ],
      "pid": 1413059,
      "exit_code": 0,
      "timed_out": false,
      "still_alive": false,
      "elapsed_seconds": 0.05074278499887441
    },
    {
      "label": "metrics-283",
      "argv": [
        "/usr/bin/python3",
        "/home/yayoi/.local/state/strata-sycl/post-reboot-tuning-20261007/full-context-layer-trace-csr/read_metrics.py",
        "1327077",
        "2163989"
      ],
      "pid": 1413347,
      "exit_code": 0,
      "timed_out": false,
      "still_alive": false,
      "elapsed_seconds": 0.05056680900088395
    },
    {
      "label": "kernel-after",
      "argv": [
        "/usr/bin/journalctl",
        "-k",
        "--after-cursor",
        "s=3ad31c4e321d43ad949846afdb43877a;i=befe607;b=0a908c16e292429980ff082da39f4bb9;m=5088c745d;t=65d34f7e85b1a;x=4093e13ffb285bb2",
        "--no-pager",
        "-o",
        "json"
      ],
      "pid": 1413443,
      "exit_code": 0,
      "timed_out": false,
      "still_alive": false,
      "elapsed_seconds": 0.05057753999790293
    }
  ],
  "binary_sha256": "b81a7d6fbc1c6d524cf3b64e196f5866c91ec56c76e460a66b63b28ce3aed461",
  "fixture_sha256": "abe9aec864f8bb457701ff994bcc9da390bc131d3c386bbc3a3d6fdc26a9ee1e",
  "diagnostic_profile": "Level Zero warning/error logging with parameter validation and Strata layer/chunk progress; verbose API-entry tracing already checked on this exact binary in real short normal-MTP comparison; parent metrics retain elapsed time; not a throughput run",
  "capacity_deadline_seconds": 7200,
  "diagnostic_only_deadline_seconds": 7200,
  "original_tuning_environment_matches": true,
  "environment": {
    "LD_LIBRARY_PATH": "/opt/intel/oneapi/compiler/2026.1/lib:/opt/intel/oneapi/compiler/2026.1/opt/compiler/lib:/opt/intel/oneapi/umf/1.1/lib:/usr/lib/x86_64-linux-gnu:/opt/intel/oneapi/mkl/2026.1/lib",
    "SYCL_CACHE_PERSISTENT": "0",
    "UR_ADAPTERS_FORCE_LOAD": "/opt/intel/oneapi/compiler/2026.1/lib/libur_adapter_level_zero_v2.so.0",
    "UR_L0_V2_FORCE_DISABLE_COPY_OFFLOAD": "1",
    "ONEAPI_DEVICE_SELECTOR": "level_zero:gpu",
    "NEOReadDebugKeys": "1",
    "EnableDirectSubmission": "0",
    "STRATA_IO_THREADS": "16",
    "STRATA_PREFILL_RING": "8",
    "STRATA_PREFILL_FIRST": "0",
    "STRATA_PREFILL_ATTN_BATCH": "128",
    "STRATA_PREFILL_ATTN_LAYOUT": "4",
    "STRATA_PREFILL_TOPK_TUNED": "1",
    "STRATA_GDN_KEYHEAD": "0",
    "STRATA_GDN_KEYHEAD_TUNED": "1",
    "STRATA_PREFILL_COMPACT": "2",
    "STRATA_PREFILL_LAYER_MAJOR": "1",
    "STRATA_PREFILL_LAYER_MAJOR_R_INPLACE": "1",
    "STRATA_PREFILL_LAYER_MAJOR_R_GPU": "0",
    "STRATA_PREFILL_RELEASE_CACHE": "1",
    "STRATA_PREFILL_CACHE_ALLOC": "vmm",
    "STRATA_PREFILL_CACHE_RESTORE": "ram",
    "STRATA_PREFILL_RELEASE_DRAFT": "1",
    "STRATA_PREFILL_DRAFT_VERIFY": "1",
    "ZEL_ENABLE_LOADER_LOGGING": "1",
    "ZEL_LOADER_LOG_CONSOLE": "1",
    "ZEL_LOADER_LOGGING_LEVEL": "warn",
    "ZEL_LOADER_LOGGING_ENABLE_SUCCESS_PRINT": "0",
    "ZE_ENABLE_VALIDATION_LAYER": "1",
    "ZE_ENABLE_PARAMETER_VALIDATION": "1",
    "UR_LOG_LOADER": "level:warning;flush:warning;output:stderr",
    "UR_LOG_LEVEL_ZERO": "level:warning;flush:warning;output:stderr",
    "UR_LOG_TRACING": "level:warning;flush:warning;output:stderr",
    "STRATA_TRACE": "1",
    "UR_ENABLE_LAYERS": "",
    "ZEL_LOADER_LOG_PATTERN": "[thread-id:%t] [%l] %v",
    "STRATA_DUMP_FIRST_LOGITS": "/home/yayoi/.local/state/strata-sycl/post-reboot-tuning-20261007/full-context-layer-trace-csr/first-head.bin"
  },
  "source_sha256": {
    "/home/yayoi/.local/state/strata-sycl/post-reboot-tuning-20261007/run_full_layer_trace.py": "5ab5cca8aea39ba6baabb0068fee33a367ab1b5b0bfbbd2cec55d5a62d669208",
    "/home/yayoi/.local/state/strata-sycl/post-reboot-tuning-20261007/read-csr.gdb": "e288d9fd4b3f11ca192b9e6097cb9820bb0d912489d5635852356a85f408e651",
    "/home/yayoi/ghq/github.com/yqYo1/Strata/.worktree/sync-upstream-2026-10-05/sycl/tools/recover-xe.sh": "2f90005f79d2309747d917cff51dc53d8ee6192d68cb1feca074f84af8b0796c",
    "/home/yayoi/ghq/github.com/yqYo1/Strata/.worktree/sync-upstream-2026-10-05/sycl/tools/owned_gdb.py": "547838e423525c824b7c033f7490153f8174d772e7c8f736c2f9255b50de758c",
    "/home/yayoi/ghq/github.com/yqYo1/Strata/.worktree/sync-upstream-2026-10-05/sycl/src/program/generate.cpp": "4e170cf0c06d6100debd3b447991291fb42431afc43fa0c240fe6559dcb1b4fd",
    "/home/yayoi/ghq/github.com/yqYo1/Strata/.worktree/sync-upstream-2026-10-05/sycl/src/prefill/prefill.cpp": "ebfdf26d292759698b85aa6f219d43345a33b4325b1ba3fcec78171d4b715f51"
  },
  "argv": [
    "/home/yayoi/.local/state/strata-sycl/post-reboot-tuning-20261007/strata-prefill-layer-trace-candidate",
    "--pack",
    "/home/yayoi/.local/share/strata-sycl/packs/qwen3.8-flash-next-iq3_s",
    "--native",
    "/home/yayoi/.local/share/strata-sycl/models/qwen3.8-flash-next-iq3_s/IQ3_S/Qwen3.8-Flash-Next-GSQ-RCO-IQ3_S-00001-of-00002.gguf",
    "--max-context",
    "262144",
    "--kv",
    "int8",
    "--spec",
    "4",
    "--spec-min-p",
    "0",
    "--suffix-draft",
    "0",
    "--no-prefill-borrow",
    "--expert-cache",
    "128",
    "--expert-profile",
    "/home/yayoi/ghq/github.com/yqYo1/Strata/.worktree/sync-upstream-2026-10-05/data/expert-profile.bin",
    "--expert-cache-per-layer",
    "--pool-workers",
    "5",
    "--pcie-frac",
    "0",
    "--adapt-swaps",
    "0",
    "--ple-io",
    "direct",
    "--greedy",
    "--tokens-file",
    "/home/yayoi/.local/state/strata-sycl/post-reboot-tuning-20261007/full-context-layer-trace-csr/fills-context.tokens.txt",
    "--max-new",
    "2",
    "--prefill",
    "1024",
    "--stats"
  ],
  "preceding_fault_messages": [],
  "inferior": {
    "pid": 1327077,
    "start_ticks": 2163989,
    "state": "t"
  },
  "debugger": {
    "pid": 1327065,
    "start_ticks": 2163979,
    "state": "R"
  },
  "elapsed_seconds": 1426.6458288890026,
  "latest_metrics": {
    "pid": 1327077,
    "start_ticks": 2163989,
    "state": "R",
    "minor_faults": 15097237,
    "major_faults": 167,
    "user_ticks": 104520,
    "system_ticks": 26772,
    "io": {
      "rchar": 58199605415,
      "wchar": 3173733,
      "syscr": 1528140,
      "syscw": 274530,
      "read_bytes": 256710211072,
      "write_bytes": 2032453,
      "cancelled_write_bytes": 0
    },
    "gpu": [
      {
        "fd": "5",
        "busy_cycles": {
          "rcs": 0,
          "vcs": 0,
          "vecs": 0,
          "bcs": 0,
          "ccs": 24100969061
        },
        "raw": "pos:\t0\nflags:\t02100002\nmnt_id:\t30\nino:\t1161\ndrm-driver:\txe\ndrm-client-id:\t472\ndrm-pdev:\t0000:05:00.0\ndrm-total-system:\t125824 KiB\ndrm-shared-system:\t0\ndrm-active-system:\t0\ndrm-resident-system:\t0\ndrm-purgeable-system:\t0\ndrm-total-gtt:\t553000 KiB\ndrm-shared-gtt:\t0\ndrm-active-gtt:\t0\ndrm-resident-gtt:\t553000 KiB\ndrm-total-vram0:\t3522816 KiB\ndrm-shared-vram0:\t0\ndrm-active-vram0:\t0\ndrm-resident-vram0:\t3522816 KiB\ndrm-total-stolen:\t0\ndrm-shared-stolen:\t0\ndrm-active-stolen:\t0\ndrm-resident-stolen:\t0\ndrm-cycles-rcs:\t0\ndrm-total-cycles-rcs:\t443329249722\ndrm-cycles-vcs:\t0\ndrm-total-cycles-vcs:\t443329249722\ndrm-engine-capacity-vcs:\t2\ndrm-cycles-vecs:\t0\ndrm-total-cycles-vecs:\t443329249722\ndrm-engine-capacity-vecs:\t2\ndrm-cycles-bcs:\t0\ndrm-total-cycles-bcs:\t443329249722\ndrm-cycles-ccs:\t24100969061\ndrm-total-cycles-ccs:\t443329249722\n"
      }
    ],
    "elapsed_seconds": 1426.3046057430001
  },
  "unchanged_progress_seconds": 6.410009518731385e-07,
  "exit_code": 0,
  "exit_signal": null,
  "ids": [
    40,
    3172
  ],
  "head_sha256": "8050c1e0655924cd013229dde06343632208d12a25c9b82ae1d35c72c93f33b9",
  "verify_windows": [
    [
      262141,
      1
    ],
    [
      262142,
      2
    ]
  ],
  "prefill_layer_ranges": [
    [
      0,
      1
    ],
    [
      0,
      1
    ],
    [
      0,
      1
    ],
    [
      0,
      1
    ],
    [
      0,
      1
    ],
    [
      0,
      1
    ],
    [
      0,
      1
    ],
    [
      0,
      1
    ],
    [
      0,
      1
    ],
    [
      0,
      1
    ],
    [
      0,
      1
    ],
    [
      0,
      1
    ],
    [
      0,
      1
    ],
    [
      0,
      1
    ],
    [
      0,
      1
    ],
    [
      0,
      1
    ],
    [
      0,
      1
    ],
    [
      0,
      1
    ],
    [
      0,
      1
    ],
    [
      0,
      1
    ],
    [
      0,
      1
    ],
    [
      0,
      1
    ],
    [
      0,
      1
    ],
    [
      0,
      1
    ],
    [
      0,
      1
    ],
    [
      0,
      1
    ],
    [
      0,
      1
    ],
    [
      0,
      1
    ],
    [
      0,
      1
    ],
    [
      0,
      1
    ],
    [
      0,
      1
    ],
    [
      0,
      1
    ],
    [
      0,
      1
    ],
    [
      0,
      1
    ],
    [
      0,
      1
    ],
    [
      0,
      1
    ],
    [
      0,
      1
    ],
    [
      0,
      1
    ],
    [
      0,
      1
    ],
    [
      0,
      1
    ],
    [
      0,
      1
    ],
    [
      0,
      1
    ],
    [
      0,
      1
    ],
    [
      0,
      1
    ],
    [
      0,
      1
    ],
    [
      0,
      1
    ],
    [
      0,
      1
    ],
    [
      0,
      1
    ],
    [
      0,
      1
    ],
    [
      0,
      1
    ],
    [
      0,
      1
    ],
    [
      0,
      1
    ],
    [
      0,
      1
    ],
    [
      0,
      1
    ],
    [
      0,
      1
    ],
    [
      0,
      1
    ],
    [
      0,
      1
    ],
    [
      0,
      1
    ],
    [
      0,
      1
    ],
    [
      0,
      1
    ],
    [
      0,
      1
    ],
    [
      0,
      1
    ],
    [
      0,
      1
    ],
    [
      0,
      1
    ],
    [
      0,
      1
    ],
    [
      0,
      1
    ],
    [
      0,
      1
    ],
    [
      0,
      1
    ],
    [
      0,
      1
    ],
    [
      0,
      1
    ],
    [
      0,
      1
    ],
    [
      0,
      1
    ],
    [
      0,
      1
    ],
    [
      0,
      1
    ],
    [
      0,
      1
    ],
    [
      0,
      1
    ],
    [
      0,
      1
    ],
    [
      0,
      1
    ],
    [
      0,
      1
    ],
    [
      0,
      1
    ],
    [
      0,
      1
    ],
    [
      0,
      1
    ],
    [
      0,
      1
    ],
    [
      0,
      1
    ],
    [
      0,
      1
    ],
    [
      0,
      1
    ],
    [
      0,
      1
    ],
    [
      0,
      1
    ],
    [
      0,
      1
    ],
    [
      0,
      1
    ],
    [
      0,
      1
    ],
    [
      0,
      1
    ],
    [
      0,
      1
    ],
    [
      0,
      1
    ],
    [
      0,
      1
    ],
    [
      0,
      1
    ],
    [
      0,
      1
    ],
    [
      0,
      1
    ],
    [
      0,
      1
    ],
    [
      0,
      1
    ],
    [
      0,
      1
    ],
    [
      0,
      1
    ],
    [
      0,
      1
    ],
    [
      0,
      1
    ],
    [
      0,
      1
    ],
    [
      0,
      1
    ],
    [
      0,
      1
    ],
    [
      0,
      1
    ],
    [
      0,
      1
    ],
    [
      0,
      1
    ],
    [
      0,
      1
    ],
    [
      0,
      1
    ],
    [
      0,
      1
    ],
    [
      0,
      1
    ],
    [
      0,
      1
    ],
    [
      0,
      1
    ],
    [
      0,
      1
    ],
    [
      0,
      1
    ],
    [
      0,
      1
    ],
    [
      0,
      1
    ],
    [
      0,
      1
    ],
    [
      0,
      1
    ],
    [
      0,
      1
    ],
    [
      0,
      1
    ],
    [
      0,
      1
    ],
    [
      0,
      1
    ],
    [
      0,
      1
    ],
    [
      0,
      1
    ],
    [
      0,
      1
    ],
    [
      0,
      1
    ],
    [
      0,
      1
    ],
    [
      0,
      1
    ],
    [
      0,
      1
    ],
    [
      0,
      1
    ],
    [
      0,
      1
    ],
    [
      0,
      1
    ],
    [
      0,
      1
    ],
    [
      0,
      1
    ],
    [
      0,
      1
    ],
    [
      0,
      1
    ],
    [
      0,
      1
    ],
    [
      0,
      1
    ],
    [
      0,
      1
    ],
    [
      0,
      1
    ],
    [
      0,
      1
    ],
    [
      0,
      1
    ],
    [
      0,
      1
    ],
    [
      0,
      1
    ],
    [
      0,
      1
    ],
    [
      0,
      1
    ],
    [
      0,
      1
    ],
    [
      0,
      1
    ],
    [
      0,
      1
    ],
    [
      0,
      1
    ],
    [
      0,
      1
    ],
    [
      0,
      1
    ],
    [
      0,
      1
    ],
    [
      0,
      1
    ],
    [
      0,
      1
    ],
    [
      0,
      1
    ],
    [
      0,
      1
    ],
    [
      0,
      1
    ],
    [
      0,
      1
    ],
    [
      0,
      1
    ],
    [
      0,
      1
    ],
    [
      0,
      1
    ],
    [
      0,
      1
    ],
    [
      0,
      1
    ],
    [
      0,
      1
    ],
    [
      0,
      1
    ],
    [
      0,
      1
    ],
    [
      0,
      1
    ],
    [
      0,
      1
    ],
    [
      0,
      1
    ],
    [
      0,
      1
    ],
    [
      0,
      1
    ],
    [
      0,
      1
    ],
    [
      0,
      1
    ],
    [
      0,
      1
    ],
    [
      0,
      1
    ],
    [
      0,
      1
    ],
    [
      0,
      1
    ],
    [
      0,
      1
    ],
    [
      0,
      1
    ],
    [
      0,
      1
    ],
    [
      0,
      1
    ],
    [
      0,
      1
    ],
    [
      0,
      1
    ],
    [
      0,
      1
    ],
    [
      0,
      1
    ],
    [
      0,
      1
    ],
    [
      0,
      1
    ],
    [
      0,
      1
    ],
    [
      0,
      1
    ],
    [
      0,
      1
    ],
    [
      0,
      1
    ],
    [
      0,
      1
    ],
    [
      0,
      1
    ],
    [
      0,
      1
    ],
    [
      0,
      1
    ],
    [
      0,
      1
    ],
    [
      0,
      1
    ],
    [
      0,
      1
    ],
    [
      0,
      1
    ],
    [
      0,
      1
    ],
    [
      0,
      1
    ],
    [
      0,
      1
    ],
    [
      0,
      1
    ],
    [
      0,
      1
    ],
    [
      0,
      1
    ],
    [
      0,
      1
    ],
    [
      0,
      1
    ],
    [
      0,
      1
    ],
    [
      0,
      1
    ],
    [
      0,
      1
    ],
    [
      0,
      1
    ],
    [
      0,
      1
    ],
    [
      0,
      1
    ],
    [
      0,
      1
    ],
    [
      0,
      1
    ],
    [
      0,
      1
    ],
    [
      0,
      1
    ],
    [
      0,
      1
    ],
    [
      0,
      1
    ],
    [
      0,
      1
    ],
    [
      0,
      1
    ],
    [
      0,
      1
    ],
    [
      0,
      1
    ],
    [
      0,
      1
    ],
    [
      0,
      1
    ],
    [
      0,
      1
    ],
    [
      0,
      1
    ],
    [
      0,
      1
    ],
    [
      0,
      1
    ],
    [
      0,
      1
    ],
    [
      0,
      1
    ],
    [
      0,
      1
    ],
    [
      0,
      1
    ],
    [
      0,
      1
    ],
    [
      0,
      1
    ],
    [
      0,
      1
    ],
    [
      0,
      1
    ],
    [
      0,
      1
    ],
    [
      0,
      1
    ],
    [
      0,
      1
    ],
    [
      0,
      1
    ],
    [
      0,
      1
    ],
    [
      0,
      1
    ],
    [
      0,
      1
    ],
    [
      0,
      1
    ],
    [
      0,
      1
    ],
    [
      0,
      1
    ],
    [
      0,
      1
    ],
    [
      0,
      1
    ],
    [
      0,
      1
    ],
    [
      0,
      1
    ],
    [
      1,
      2
    ],
    [
      1,
      2
    ],
    [
      1,
      2
    ],
    [
      1,
      2
    ],
    [
      1,
      2
    ],
    [
      1,
      2
    ],
    [
      1,
      2
    ],
    [
      1,
      2
    ],
    [
      1,
      2
    ],
    [
      1,
      2
    ],
    [
      1,
      2
    ],
    [
      1,
      2
    ],
    [
      1,
      2
    ],
    [
      1,
      2
    ],
    [
      1,
      2
    ],
    [
      1,
      2
    ],
    [
      1,
      2
    ],
    [
      1,
      2
    ],
    [
      1,
      2
    ],
    [
      1,
      2
    ],
    [
      1,
      2
    ],
    [
      1,
      2
    ],
    [
      1,
      2
    ],
    [
      1,
      2
    ],
    [
      1,
      2
    ],
    [
      1,
      2
    ],
    [
      1,
      2
    ],
    [
      1,
      2
    ],
    [
      1,
      2
    ],
    [
      1,
      2
    ],
    [
      1,
      2
    ],
    [
      1,
      2
    ],
    [
      1,
      2
    ],
    [
      1,
      2
    ],
    [
      1,
      2
    ],
    [
      1,
      2
    ],
    [
      1,
      2
    ],
    [
      1,
      2
    ],
    [
      1,
      2
    ],
    [
      1,
      2
    ],
    [
      1,
      2
    ],
    [
      1,
      2
    ],
    [
      1,
      2
    ],
    [
      1,
      2
    ],
    [
      1,
      2
    ],
    [
      1,
      2
    ],
    [
      1,
      2
    ],
    [
      1,
      2
    ],
    [
      1,
      2
    ],
    [
      1,
      2
    ],
    [
      1,
      2
    ],
    [
      1,
      2
    ],
    [
      1,
      2
    ],
    [
      1,
      2
    ],
    [
      1,
      2
    ],
    [
      1,
      2
    ],
    [
      1,
      2
    ],
    [
      1,
      2
    ],
    [
      1,
      2
    ],
    [
      1,
      2
    ],
    [
      1,
      2
    ],
    [
      1,
      2
    ],
    [
      1,
      2
    ],
    [
      1,
      2
    ],
    [
      1,
      2
    ],
    [
      1,
      2
    ],
    [
      1,
      2
    ],
    [
      1,
      2
    ],
    [
      1,
      2
    ],
    [
      1,
      2
    ],
    [
      1,
      2
    ],
    [
      1,
      2
    ],
    [
      1,
      2
    ],
    [
      1,
      2
    ],
    [
      1,
      2
    ],
    [
      1,
      2
    ],
    [
      1,
      2
    ],
    [
      1,
      2
    ],
    [
      1,
      2
    ],
    [
      1,
      2
    ],
    [
      1,
      2
    ],
    [
      1,
      2
    ],
    [
      1,
      2
    ],
    [
      1,
      2
    ],
    [
      1,
      2
    ],
    [
      1,
      2
    ],
    [
      1,
      2
    ],
    [
      1,
      2
    ],
    [
      1,
      2
    ],
    [
      1,
      2
    ],
    [
      1,
      2
    ],
    [
      1,
      2
    ],
    [
      1,
      2
    ],
    [
      1,
      2
    ],
    [
      1,
      2
    ],
    [
      1,
      2
    ],
    [
      1,
      2
    ],
    [
      1,
      2
    ],
    [
      1,
      2
    ],
    [
      1,
      2
    ],
    [
      1,
      2
    ],
    [
      1,
      2
    ],
    [
      1,
      2
    ],
    [
      1,
      2
    ],
    [
      1,
      2
    ],
    [
      1,
      2
    ],
    [
      1,
      2
    ],
    [
      1,
      2
    ],
    [
      1,
      2
    ],
    [
      1,
      2
    ],
    [
      1,
      2
    ],
    [
      1,
      2
    ],
    [
      1,
      2
    ],
    [
      1,
      2
    ],
    [
      1,
      2
    ],
    [
      1,
      2
    ],
    [
      1,
      2
    ],
    [
      1,
      2
    ],
    [
      1,
      2
    ],
    [
      1,
      2
    ],
    [
      1,
      2
    ],
    [
      1,
      2
    ],
    [
      1,
      2
    ],
    [
      1,
      2
    ],
    [
      1,
      2
    ],
    [
      1,
      2
    ],
    [
      1,
      2
    ],
    [
      1,
      2
    ],
    [
      1,
      2
    ],
    [
      1,
      2
    ],
    [
      1,
      2
    ],
    [
      1,
      2
    ],
    [
      1,
      2
    ],
    [
      1,
      2
    ],
    [
      1,
      2
    ],
    [
      1,
      2
    ],
    [
      1,
      2
    ],
    [
      1,
      2
    ],
    [
      1,
      2
    ],
    [
      1,
      2
    ],
    [
      1,
      2
    ],
    [
      1,
      2
    ],
    [
      1,
      2
    ],
    [
      1,
      2
    ],
    [
      1,
      2
    ],
    [
      1,
      2
    ],
    [
      1,
      2
    ],
    [
      1,
      2
    ],
    [
      1,
      2
    ],
    [
      1,
      2
    ],
    [
      1,
      2
    ],
    [
      1,
      2
    ],
    [
      1,
      2
    ],
    [
      1,
      2
    ],
    [
      1,
      2
    ],
    [
      1,
      2
    ],
    [
      1,
      2
    ],
    [
      1,
      2
    ],
    [
      1,
      2
    ],
    [
      1,
      2
    ],
    [
      1,
      2
    ],
    [
      1,
      2
    ],
    [
      1,
      2
    ],
    [
      1,
      2
    ],
    [
      1,
      2
    ],
    [
      1,
      2
    ],
    [
      1,
      2
    ],
    [
      1,
      2
    ],
    [
      1,
      2
    ],
    [
      1,
      2
    ],
    [
      1,
      2
    ],
    [
      1,
      2
    ],
    [
      1,
      2
    ],
    [
      1,
      2
    ],
    [
      1,
      2
    ],
    [
      1,
      2
    ],
    [
      1,
      2
    ],
    [
      1,
      2
    ],
    [
      1,
      2
    ],
    [
      1,
      2
    ],
    [
      1,
      2
    ],
    [
      1,
      2
    ],
    [
      1,
      2
    ],
    [
      1,
      2
    ],
    [
      1,
      2
    ],
    [
      1,
      2
    ],
    [
      1,
      2
    ],
    [
      1,
      2
    ],
    [
      1,
      2
    ],
    [
      1,
      2
    ],
    [
      1,
      2
    ],
    [
      1,
      2
    ],
    [
      1,
      2
    ],
    [
      1,
      2
    ],
    [
      1,
      2
    ],
    [
      1,
      2
    ],
    [
      1,
      2
    ],
    [
      1,
      2
    ],
    [
      1,
      2
    ],
    [
      1,
      2
    ],
    [
      1,
      2
    ],
    [
      1,
      2
    ],
    [
      1,
      2
    ],
    [
      1,
      2
    ],
    [
      1,
      2
    ],
    [
      1,
      2
    ],
    [
      1,
      2
    ],
    [
      1,
      2
    ],
    [
      1,
      2
    ],
    [
      1,
      2
    ],
    [
      1,
      2
    ],
    [
      1,
      2
    ],
    [
      1,
      2
    ],
    [
      1,
      2
    ],
    [
      1,
      2
    ],
    [
      1,
      2
    ],
    [
      1,
      2
    ],
    [
      1,
      2
    ],
    [
      1,
      2
    ],
    [
      1,
      2
    ],
    [
      1,
      2
    ],
    [
      1,
      2
    ],
    [
      1,
      2
    ],
    [
      1,
      2
    ],
    [
      1,
      2
    ],
    [
      1,
      2
    ],
    [
      1,
      2
    ],
    [
      1,
      2
    ],
    [
      1,
      2
    ],
    [
      1,
      2
    ],
    [
      1,
      2
    ],
    [
      1,
      2
    ],
    [
      1,
      2
    ],
    [
      1,
      2
    ],
    [
      1,
      2
    ],
    [
      1,
      2
    ],
    [
      1,
      2
    ],
    [
      1,
      2
    ],
    [
      1,
      2
    ],
    [
      1,
      2
    ],
    [
      1,
      2
    ],
    [
      1,
      2
    ],
    [
      1,
      2
    ],
    [
      1,
      2
    ],
    [
      1,
      2
    ],
    [
      1,
      2
    ],
    [
      1,
      2
    ],
    [
      1,
      2
    ],
    [
      1,
      2
    ],
    [
      1,
      2
    ],
    [
      1,
      2
    ],
    [
      1,
      2
    ],
    [
      1,
      2
    ],
    [
      1,
      2
    ],
    [
      1,
      2
    ],
    [
      1,
      2
    ],
    [
      2,
      3
    ],
    [
      2,
      3
    ],
    [
      2,
      3
    ],
    [
      2,
      3
    ],
    [
      2,
      3
    ],
    [
      2,
      3
    ],
    [
      2,
      3
    ],
    [
      2,
      3
    ],
    [
      2,
      3
    ],
    [
      2,
      3
    ],
    [
      2,
      3
    ],
    [
      2,
      3
    ],
    [
      2,
      3
    ],
    [
      2,
      3
    ],
    [
      2,
      3
    ],
    [
      2,
      3
    ],
    [
      2,
      3
    ],
    [
      2,
      3
    ],
    [
      2,
      3
    ],
    [
      2,
      3
    ],
    [
      2,
      3
    ],
    [
      2,
      3
    ],
    [
      2,
      3
    ],
    [
      2,
      3
    ],
    [
      2,
      3
    ],
    [
      2,
      3
    ],
    [
      2,
      3
    ],
    [
      2,
      3
    ],
    [
      2,
      3
    ],
    [
      2,
      3
    ],
    [
      2,
      3
    ],
    [
      2,
      3
    ],
    [
      2,
      3
    ],
    [
      2,
      3
    ],
    [
      2,
      3
    ],
    [
      2,
      3
    ],
    [
      2,
      3
    ],
    [
      2,
      3
    ],
    [
      2,
      3
    ],
    [
      2,
      3
    ],
    [
      2,
      3
    ],
    [
      2,
      3
    ],
    [
      2,
      3
    ],
    [
      2,
      3
    ],
    [
      2,
      3
    ],
    [
      2,
      3
    ],
    [
      2,
      3
    ],
    [
      2,
      3
    ],
    [
      2,
      3
    ],
    [
      2,
      3
    ],
    [
      2,
      3
    ],
    [
      2,
      3
    ],
    [
      2,
      3
    ],
    [
      2,
      3
    ],
    [
      2,
      3
    ],
    [
      2,
      3
    ],
    [
      2,
      3
    ],
    [
      2,
      3
    ],
    [
      2,
      3
    ],
    [
      2,
      3
    ],
    [
      2,
      3
    ],
    [
      2,
      3
    ],
    [
      2,
      3
    ],
    [
      2,
      3
    ],
    [
      2,
      3
    ],
    [
      2,
      3
    ],
    [
      2,
      3
    ],
    [
      2,
      3
    ],
    [
      2,
      3
    ],
    [
      2,
      3
    ],
    [
      2,
      3
    ],
    [
      2,
      3
    ],
    [
      2,
      3
    ],
    [
      2,
      3
    ],
    [
      2,
      3
    ],
    [
      2,
      3
    ],
    [
      2,
      3
    ],
    [
      2,
      3
    ],
    [
      2,
      3
    ],
    [
      2,
      3
    ],
    [
      2,
      3
    ],
    [
      2,
      3
    ],
    [
      2,
      3
    ],
    [
      2,
      3
    ],
    [
      2,
      3
    ],
    [
      2,
      3
    ],
    [
      2,
      3
    ],
    [
      2,
      3
    ],
    [
      2,
      3
    ],
    [
      2,
      3
    ],
    [
      2,
      3
    ],
    [
      2,
      3
    ],
    [
      2,
      3
    ],
    [
      2,
      3
    ],
    [
      2,
      3
    ],
    [
      2,
      3
    ],
    [
      2,
      3
    ],
    [
      2,
      3
    ],
    [
      2,
      3
    ],
    [
      2,
      3
    ],
    [
      2,
      3
    ],
    [
      2,
      3
    ],
    [
      2,
      3
    ],
    [
      2,
      3
    ],
    [
      2,
      3
    ],
    [
      2,
      3
    ],
    [
      2,
      3
    ],
    [
      2,
      3
    ],
    [
      2,
      3
    ],
    [
      2,
      3
    ],
    [
      2,
      3
    ],
    [
      2,
      3
    ],
    [
      2,
      3
    ],
    [
      2,
      3
    ],
    [
      2,
      3
    ],
    [
      2,
      3
    ],
    [
      2,
      3
    ],
    [
      2,
      3
    ],
    [
      2,
      3
    ],
    [
      2,
      3
    ],
    [
      2,
      3
    ],
    [
      2,
      3
    ],
    [
      2,
      3
    ],
    [
      2,
      3
    ],
    [
      2,
      3
    ],
    [
      2,
      3
    ],
    [
      2,
      3
    ],
    [
      2,
      3
    ],
    [
      2,
      3
    ],
    [
      2,
      3
    ],
    [
      2,
      3
    ],
    [
      2,
      3
    ],
    [
      2,
      3
    ],
    [
      2,
      3
    ],
    [
      2,
      3
    ],
    [
      2,
      3
    ],
    [
      2,
      3
    ],
    [
      2,
      3
    ],
    [
      2,
      3
    ],
    [
      2,
      3
    ],
    [
      2,
      3
    ],
    [
      2,
      3
    ],
    [
      2,
      3
    ],
    [
      2,
      3
    ],
    [
      2,
      3
    ],
    [
      2,
      3
    ],
    [
      2,
      3
    ],
    [
      2,
      3
    ],
    [
      2,
      3
    ],
    [
      2,
      3
    ],
    [
      2,
      3
    ],
    [
      2,
      3
    ],
    [
      2,
      3
    ],
    [
      2,
      3
    ],
    [
      2,
      3
    ],
    [
      2,
      3
    ],
    [
      2,
      3
    ],
    [
      2,
      3
    ],
    [
      2,
      3
    ],
    [
      2,
      3
    ],
    [
      2,
      3
    ],
    [
      2,
      3
    ],
    [
      2,
      3
    ],
    [
      2,
      3
    ],
    [
      2,
      3
    ],
    [
      2,
      3
    ],
    [
      2,
      3
    ],
    [
      2,
      3
    ],
    [
      2,
      3
    ],
    [
      2,
      3
    ],
    [
      2,
      3
    ],
    [
      2,
      3
    ],
    [
      2,
      3
    ],
    [
      2,
      3
    ],
    [
      2,
      3
    ],
    [
      2,
      3
    ],
    [
      2,
      3
    ],
    [
      2,
      3
    ],
    [
      2,
      3
    ],
    [
      2,
      3
    ],
    [
      2,
      3
    ],
    [
      2,
      3
    ],
    [
      2,
      3
    ],
    [
      2,
      3
    ],
    [
      2,
      3
    ],
    [
      2,
      3
    ],
    [
      2,
      3
    ],
    [
      2,
      3
    ],
    [
      2,
      3
    ],
    [
      2,
      3
    ],
    [
      2,
      3
    ],
    [
      2,
      3
    ],
    [
      2,
      3
    ],
    [
      2,
      3
    ],
    [
      2,
      3
    ],
    [
      2,
      3
    ],
    [
      2,
      3
    ],
    [
      2,
      3
    ],
    [
      2,
      3
    ],
    [
      2,
      3
    ],
    [
      2,
      3
    ],
    [
      2,
      3
    ],
    [
      2,
      3
    ],
    [
      2,
      3
    ],
    [
      2,
      3
    ],
    [
      2,
      3
    ],
    [
      2,
      3
    ],
    [
      2,
      3
    ],
    [
      2,
      3
    ],
    [
      2,
      3
    ],
    [
      2,
      3
    ],
    [
      2,
      3
    ],
    [
      2,
      3
    ],
    [
      2,
      3
    ],
    [
      2,
      3
    ],
    [
      2,
      3
    ],
    [
      2,
      3
    ],
    [
      2,
      3
    ],
    [
      2,
      3
    ],
    [
      2,
      3
    ],
    [
      2,
      3
    ],
    [
      2,
      3
    ],
    [
      2,
      3
    ],
    [
      2,
      3
    ],
    [
      2,
      3
    ],
    [
      2,
      3
    ],
    [
      2,
      3
    ],
    [
      2,
      3
    ],
    [
      2,
      3
    ],
    [
      2,
      3
    ],
    [
      2,
      3
    ],
    [
      2,
      3
    ],
    [
      2,
      3
    ],
    [
      2,
      3
    ],
    [
      2,
      3
    ],
    [
      2,
      3
    ],
    [
      2,
      3
    ],
    [
      2,
      3
    ],
    [
      2,
      3
    ],
    [
      2,
      3
    ],
    [
      2,
      3
    ],
    [
      2,
      3
    ],
    [
      2,
      3
    ],
    [
      2,
      3
    ],
    [
      2,
      3
    ],
    [
      2,
      3
    ],
    [
      2,
      3
    ],
    [
      2,
      3
    ],
    [
      2,
      3
    ],
    [
      2,
      3
    ],
    [
      2,
      3
    ],
    [
      2,
      3
    ],
    [
      2,
      3
    ],
    [
      2,
      3
    ],
    [
      2,
      3
    ],
    [
      2,
      3
    ],
    [
      3,
      4
    ],
    [
      3,
      4
    ],
    [
      3,
      4
    ],
    [
      3,
      4
    ],
    [
      3,
      4
    ],
    [
      3,
      4
    ],
    [
      3,
      4
    ],
    [
      3,
      4
    ],
    [
      3,
      4
    ],
    [
      3,
      4
    ],
    [
      3,
      4
    ],
    [
      3,
      4
    ],
    [
      3,
      4
    ],
    [
      3,
      4
    ],
    [
      3,
      4
    ],
    [
      3,
      4
    ],
    [
      3,
      4
    ],
    [
      3,
      4
    ],
    [
      3,
      4
    ],
    [
      3,
      4
    ],
    [
      3,
      4
    ],
    [
      3,
      4
    ],
    [
      3,
      4
    ],
    [
      3,
      4
    ],
    [
      3,
      4
    ],
    [
      3,
      4
    ],
    [
      3,
      4
    ],
    [
      3,
      4
    ],
    [
      3,
      4
    ],
    [
      3,
      4
    ],
    [
      3,
      4
    ],
    [
      3,
      4
    ],
    [
      3,
      4
    ],
    [
      3,
      4
    ],
    [
      3,
      4
    ],
    [
      3,
      4
    ],
    [
      3,
      4
    ],
    [
      3,
      4
    ],
    [
      3,
      4
    ],
    [
      3,
      4
    ],
    [
      3,
      4
    ],
    [
      3,
      4
    ],
    [
      3,
      4
    ],
    [
      3,
      4
    ],
    [
      3,
      4
    ],
    [
      3,
      4
    ],
    [
      3,
      4
    ],
    [
      3,
      4
    ],
    [
      3,
      4
    ],
    [
      3,
      4
    ],
    [
      3,
      4
    ],
    [
      3,
      4
    ],
    [
      3,
      4
    ],
    [
      3,
      4
    ],
    [
      3,
      4
    ],
    [
      3,
      4
    ],
    [
      3,
      4
    ],
    [
      3,
      4
    ],
    [
      3,
      4
    ],
    [
      3,
      4
    ],
    [
      3,
      4
    ],
    [
      3,
      4
    ],
    [
      3,
      4
    ],
    [
      3,
      4
    ],
    [
      3,
      4
    ],
    [
      3,
      4
    ],
    [
      3,
      4
    ],
    [
      3,
      4
    ],
    [
      3,
      4
    ],
    [
      3,
      4
    ],
    [
      3,
      4
    ],
    [
      3,
      4
    ],
    [
      3,
      4
    ],
    [
      3,
      4
    ],
    [
      3,
      4
    ],
    [
      3,
      4
    ],
    [
      3,
      4
    ],
    [
      3,
      4
    ],
    [
      3,
      4
    ],
    [
      3,
      4
    ],
    [
      3,
      4
    ],
    [
      3,
      4
    ],
    [
      3,
      4
    ],
    [
      3,
      4
    ],
    [
      3,
      4
    ],
    [
      3,
      4
    ],
    [
      3,
      4
    ],
    [
      3,
      4
    ],
    [
      3,
      4
    ],
    [
      3,
      4
    ],
    [
      3,
      4
    ],
    [
      3,
      4
    ],
    [
      3,
      4
    ],
    [
      3,
      4
    ],
    [
      3,
      4
    ],
    [
      3,
      4
    ],
    [
      3,
      4
    ],
    [
      3,
      4
    ],
    [
      3,
      4
    ],
    [
      3,
      4
    ],
    [
      3,
      4
    ],
    [
      3,
      4
    ],
    [
      3,
      4
    ],
    [
      3,
      4
    ],
    [
      3,
      4
    ],
    [
      3,
      4
    ],
    [
      3,
      4
    ],
    [
      3,
      4
    ],
    [
      3,
      4
    ],
    [
      3,
      4
    ],
    [
      3,
      4
    ],
    [
      3,
      4
    ],
    [
      3,
      4
    ],
    [
      3,
      4
    ],
    [
      3,
      4
    ],
    [
      3,
      4
    ],
    [
      3,
      4
    ],
    [
      3,
      4
    ],
    [
      3,
      4
    ],
    [
      3,
      4
    ],
    [
      3,
      4
    ],
    [
      3,
      4
    ],
    [
      3,
      4
    ],
    [
      3,
      4
    ],
    [
      3,
      4
    ],
    [
      3,
      4
    ],
    [
      3,
      4
    ],
    [
      3,
      4
    ],
    [
      3,
      4
    ],
    [
      3,
      4
    ],
    [
      3,
      4
    ],
    [
      3,
      4
    ],
    [
      3,
      4
    ],
    [
      3,
      4
    ],
    [
      3,
      4
    ],
    [
      3,
      4
    ],
    [
      3,
      4
    ],
    [
      3,
      4
    ],
    [
      3,
      4
    ],
    [
      3,
      4
    ],
    [
      3,
      4
    ],
    [
      3,
      4
    ],
    [
      3,
      4
    ],
    [
      3,
      4
    ],
    [
      3,
      4
    ],
    [
      3,
      4
    ],
    [
      3,
      4
    ],
    [
      3,
      4
    ],
    [
      3,
      4
    ],
    [
      3,
      4
    ],
    [
      3,
      4
    ],
    [
      3,
      4
    ],
    [
      3,
      4
    ],
    [
      3,
      4
    ],
    [
      3,
      4
    ],
    [
      3,
      4
    ],
    [
      3,
      4
    ],
    [
      3,
      4
    ],
    [
      3,
      4
    ],
    [
      3,
      4
    ],
    [
      3,
      4
    ],
    [
      3,
      4
    ],
    [
      3,
      4
    ],
    [
      3,
      4
    ],
    [
      3,
      4
    ],
    [
      3,
      4
    ],
    [
      3,
      4
    ],
    [
      3,
      4
    ],
    [
      3,
      4
    ],
    [
      3,
      4
    ],
    [
      3,
      4
    ],
    [
      3,
      4
    ],
    [
      3,
      4
    ],
    [
      3,
      4
    ],
    [
      3,
      4
    ],
    [
      3,
      4
    ],
    [
      3,
      4
    ],
    [
      3,
      4
    ],
    [
      3,
      4
    ],
    [
      3,
      4
    ],
    [
      3,
      4
    ],
    [
      3,
      4
    ],
    [
      3,
      4
    ],
    [
      3,
      4
    ],
    [
      3,
      4
    ],
    [
      3,
      4
    ],
    [
      3,
      4
    ],
    [
      3,
      4
    ],
    [
      3,
      4
    ],
    [
      3,
      4
    ],
    [
      3,
      4
    ],
    [
      3,
      4
    ],
    [
      3,
      4
    ],
    [
      3,
      4
    ],
    [
      3,
      4
    ],
    [
      3,
      4
    ],
    [
      3,
      4
    ],
    [
      3,
      4
    ],
    [
      3,
      4
    ],
    [
      3,
      4
    ],
    [
      3,
      4
    ],
    [
      3,
      4
    ],
    [
      3,
      4
    ],
    [
      3,
      4
    ],
    [
      3,
      4
    ],
    [
      3,
      4
    ],
    [
      3,
      4
    ],
    [
      3,
      4
    ],
    [
      3,
      4
    ],
    [
      3,
      4
    ],
    [
      3,
      4
    ],
    [
      3,
      4
    ],
    [
      3,
      4
    ],
    [
      3,
      4
    ],
    [
      3,
      4
    ],
    [
      3,
      4
    ],
    [
      3,
      4
    ],
    [
      3,
      4
    ],
    [
      3,
      4
    ],
    [
      3,
      4
    ],
    [
      3,
      4
    ],
    [
      3,
      4
    ],
    [
      3,
      4
    ],
    [
      3,
      4
    ],
    [
      3,
      4
    ],
    [
      3,
      4
    ],
    [
      3,
      4
    ],
    [
      3,
      4
    ],
    [
      3,
      4
    ],
    [
      3,
      4
    ],
    [
      3,
      4
    ],
    [
      3,
      4
    ],
    [
      3,
      4
    ],
    [
      3,
      4
    ],
    [
      3,
      4
    ],
    [
      3,
      4
    ],
    [
      3,
      4
    ],
    [
      3,
      4
    ],
    [
      3,
      4
    ],
    [
      3,
      4
    ],
    [
      3,
      4
    ],
    [
      3,
      4
    ],
    [
      3,
      4
    ],
    [
      3,
      4
    ],
    [
      3,
      4
    ],
    [
      3,
      4
    ],
    [
      3,
      4
    ],
    [
      3,
      4
    ],
    [
      3,
      4
    ],
    [
      3,
      4
    ],
    [
      3,
      4
    ],
    [
      3,
      4
    ],
    [
      3,
      4
    ],
    [
      3,
      4
    ],
    [
      3,
      4
    ],
    [
      3,
      4
    ],
    [
      4,
      5
    ],
    [
      4,
      5
    ],
    [
      4,
      5
    ],
    [
      4,
      5
    ],
    [
      4,
      5
    ],
    [
      4,
      5
    ],
    [
      4,
      5
    ],
    [
      4,
      5
    ],
    [
      4,
      5
    ],
    [
      4,
      5
    ],
    [
      4,
      5
    ],
    [
      4,
      5
    ],
    [
      4,
      5
    ],
    [
      4,
      5
    ],
    [
      4,
      5
    ],
    [
      4,
      5
    ],
    [
      4,
      5
    ],
    [
      4,
      5
    ],
    [
      4,
      5
    ],
    [
      4,
      5
    ],
    [
      4,
      5
    ],
    [
      4,
      5
    ],
    [
      4,
      5
    ],
    [
      4,
      5
    ],
    [
      4,
      5
    ],
    [
      4,
      5
    ],
    [
      4,
      5
    ],
    [
      4,
      5
    ],
    [
      4,
      5
    ],
    [
      4,
      5
    ],
    [
      4,
      5
    ],
    [
      4,
      5
    ],
    [
      4,
      5
    ],
    [
      4,
      5
    ],
    [
      4,
      5
    ],
    [
      4,
      5
    ],
    [
      4,
      5
    ],
    [
      4,
      5
    ],
    [
      4,
      5
    ],
    [
      4,
      5
    ],
    [
      4,
      5
    ],
    [
      4,
      5
    ],
    [
      4,
      5
    ],
    [
      4,
      5
    ],
    [
      4,
      5
    ],
    [
      4,
      5
    ],
    [
      4,
      5
    ],
    [
      4,
      5
    ],
    [
      4,
      5
    ],
    [
      4,
      5
    ],
    [
      4,
      5
    ],
    [
      4,
      5
    ],
    [
      4,
      5
    ],
    [
      4,
      5
    ],
    [
      4,
      5
    ],
    [
      4,
      5
    ],
    [
      4,
      5
    ],
    [
      4,
      5
    ],
    [
      4,
      5
    ],
    [
      4,
      5
    ],
    [
      4,
      5
    ],
    [
      4,
      5
    ],
    [
      4,
      5
    ],
    [
      4,
      5
    ],
    [
      4,
      5
    ],
    [
      4,
      5
    ],
    [
      4,
      5
    ],
    [
      4,
      5
    ],
    [
      4,
      5
    ],
    [
      4,
      5
    ],
    [
      4,
      5
    ],
    [
      4,
      5
    ],
    [
      4,
      5
    ],
    [
      4,
      5
    ],
    [
      4,
      5
    ],
    [
      4,
      5
    ],
    [
      4,
      5
    ],
    [
      4,
      5
    ],
    [
      4,
      5
    ],
    [
      4,
      5
    ],
    [
      4,
      5
    ],
    [
      4,
      5
    ],
    [
      4,
      5
    ],
    [
      4,
      5
    ],
    [
      4,
      5
    ],
    [
      4,
      5
    ],
    [
      4,
      5
    ],
    [
      4,
      5
    ],
    [
      4,
      5
    ],
    [
      4,
      5
    ],
    [
      4,
      5
    ],
    [
      4,
      5
    ],
    [
      4,
      5
    ],
    [
      4,
      5
    ],
    [
      4,
      5
    ],
    [
      4,
      5
    ],
    [
      4,
      5
    ],
    [
      4,
      5
    ],
    [
      4,
      5
    ],
    [
      4,
      5
    ],
    [
      4,
      5
    ],
    [
      4,
      5
    ],
    [
      4,
      5
    ],
    [
      4,
      5
    ],
    [
      4,
      5
    ],
    [
      4,
      5
    ],
    [
      4,
      5
    ],
    [
      4,
      5
    ],
    [
      4,
      5
    ],
    [
      4,
      5
    ],
    [
      4,
      5
    ],
    [
      4,
      5
    ],
    [
      4,
      5
    ],
    [
      4,
      5
    ],
    [
      4,
      5
    ],
    [
      4,
      5
    ],
    [
      4,
      5
    ],
    [
      4,
      5
    ],
    [
      4,
      5
    ],
    [
      4,
      5
    ],
    [
      4,
      5
    ],
    [
      4,
      5
    ],
    [
      4,
      5
    ],
    [
      4,
      5
    ],
    [
      4,
      5
    ],
    [
      4,
      5
    ],
    [
      4,
      5
    ],
    [
      4,
      5
    ],
    [
      4,
      5
    ],
    [
      4,
      5
    ],
    [
      4,
      5
    ],
    [
      4,
      5
    ],
    [
      4,
      5
    ],
    [
      4,
      5
    ],
    [
      4,
      5
    ],
    [
      4,
      5
    ],
    [
      4,
      5
    ],
    [
      4,
      5
    ],
    [
      4,
      5
    ],
    [
      4,
      5
    ],
    [
      4,
      5
    ],
    [
      4,
      5
    ],
    [
      4,
      5
    ],
    [
      4,
      5
    ],
    [
      4,
      5
    ],
    [
      4,
      5
    ],
    [
      4,
      5
    ],
    [
      4,
      5
    ],
    [
      4,
      5
    ],
    [
      4,
      5
    ],
    [
      4,
      5
    ],
    [
      4,
      5
    ],
    [
      4,
      5
    ],
    [
      4,
      5
    ],
    [
      4,
      5
    ],
    [
      4,
      5
    ],
    [
      4,
      5
    ],
    [
      4,
      5
    ],
    [
      4,
      5
    ],
    [
      4,
      5
    ],
    [
      4,
      5
    ],
    [
      4,
      5
    ],
    [
      4,
      5
    ],
    [
      4,
      5
    ],
    [
      4,
      5
    ],
    [
      4,
      5
    ],
    [
      4,
      5
    ],
    [
      4,
      5
    ],
    [
      4,
      5
    ],
    [
      4,
      5
    ],
    [
      4,
      5
    ],
    [
      4,
      5
    ],
    [
      4,
      5
    ],
    [
      4,
      5
    ],
    [
      4,
      5
    ],
    [
      4,
      5
    ],
    [
      4,
      5
    ],
    [
      4,
      5
    ],
    [
      4,
      5
    ],
    [
      4,
      5
    ],
    [
      4,
      5
    ],
    [
      4,
      5
    ],
    [
      4,
      5
    ],
    [
      4,
      5
    ],
    [
      4,
      5
    ],
    [
      4,
      5
    ],
    [
      4,
      5
    ],
    [
      4,
      5
    ],
    [
      4,
      5
    ],
    [
      4,
      5
    ],
    [
      4,
      5
    ],
    [
      4,
      5
    ],
    [
      4,
      5
    ],
    [
      4,
      5
    ],
    [
      4,
      5
    ],
    [
      4,
      5
    ],
    [
      4,
      5
    ],
    [
      4,
      5
    ],
    [
      4,
      5
    ],
    [
      4,
      5
    ],
    [
      4,
      5
    ],
    [
      4,
      5
    ],
    [
      4,
      5
    ],
    [
      4,
      5
    ],
    [
      4,
      5
    ],
    [
      4,
      5
    ],
    [
      4,
      5
    ],
    [
      4,
      5
    ],
    [
      4,
      5
    ],
    [
      4,
      5
    ],
    [
      4,
      5
    ],
    [
      4,
      5
    ],
    [
      4,
      5
    ],
    [
      4,
      5
    ],
    [
      4,
      5
    ],
    [
      4,
      5
    ],
    [
      4,
      5
    ],
    [
      4,
      5
    ],
    [
      4,
      5
    ],
    [
      4,
      5
    ],
    [
      4,
      5
    ],
    [
      4,
      5
    ],
    [
      4,
      5
    ],
    [
      4,
      5
    ],
    [
      4,
      5
    ],
    [
      4,
      5
    ],
    [
      4,
      5
    ],
    [
      4,
      5
    ],
    [
      4,
      5
    ],
    [
      4,
      5
    ],
    [
      4,
      5
    ],
    [
      4,
      5
    ],
    [
      4,
      5
    ],
    [
      4,
      5
    ],
    [
      4,
      5
    ],
    [
      4,
      5
    ],
    [
      4,
      5
    ],
    [
      4,
      5
    ],
    [
      4,
      5
    ],
    [
      4,
      5
    ],
    [
      4,
      5
    ],
    [
      4,
      5
    ],
    [
      4,
      5
    ],
    [
      4,
      5
    ],
    [
      4,
      5
    ],
    [
      4,
      5
    ],
    [
      4,
      5
    ],
    [
      4,
      5
    ],
    [
      4,
      5
    ],
    [
      4,
      5
    ],
    [
      4,
      5
    ],
    [
      4,
      5
    ],
    [
      4,
      5
    ],
    [
      4,
      5
    ],
    [
      4,
      5
    ],
    [
      4,
      5
    ],
    [
      5,
      6
    ],
    [
      5,
      6
    ],
    [
      5,
      6
    ],
    [
      5,
      6
    ],
    [
      5,
      6
    ],
    [
      5,
      6
    ],
    [
      5,
      6
    ],
    [
      5,
      6
    ],
    [
      5,
      6
    ],
    [
      5,
      6
    ],
    [
      5,
      6
    ],
    [
      5,
      6
    ],
    [
      5,
      6
    ],
    [
      5,
      6
    ],
    [
      5,
      6
    ],
    [
      5,
      6
    ],
    [
      5,
      6
    ],
    [
      5,
      6
    ],
    [
      5,
      6
    ],
    [
      5,
      6
    ],
    [
      5,
      6
    ],
    [
      5,
      6
    ],
    [
      5,
      6
    ],
    [
      5,
      6
    ],
    [
      5,
      6
    ],
    [
      5,
      6
    ],
    [
      5,
      6
    ],
    [
      5,
      6
    ],
    [
      5,
      6
    ],
    [
      5,
      6
    ],
    [
      5,
      6
    ],
    [
      5,
      6
    ],
    [
      5,
      6
    ],
    [
      5,
      6
    ],
    [
      5,
      6
    ],
    [
      5,
      6
    ],
    [
      5,
      6
    ],
    [
      5,
      6
    ],
    [
      5,
      6
    ],
    [
      5,
      6
    ],
    [
      5,
      6
    ],
    [
      5,
      6
    ],
    [
      5,
      6
    ],
    [
      5,
      6
    ],
    [
      5,
      6
    ],
    [
      5,
      6
    ],
    [
      5,
      6
    ],
    [
      5,
      6
    ],
    [
      5,
      6
    ],
    [
      5,
      6
    ],
    [
      5,
      6
    ],
    [
      5,
      6
    ],
    [
      5,
      6
    ],
    [
      5,
      6
    ],
    [
      5,
      6
    ],
    [
      5,
      6
    ],
    [
      5,
      6
    ],
    [
      5,
      6
    ],
    [
      5,
      6
    ],
    [
      5,
      6
    ],
    [
      5,
      6
    ],
    [
      5,
      6
    ],
    [
      5,
      6
    ],
    [
      5,
      6
    ],
    [
      5,
      6
    ],
    [
      5,
      6
    ],
    [
      5,
      6
    ],
    [
      5,
      6
    ],
    [
      5,
      6
    ],
    [
      5,
      6
    ],
    [
      5,
      6
    ],
    [
      5,
      6
    ],
    [
      5,
      6
    ],
    [
      5,
      6
    ],
    [
      5,
      6
    ],
    [
      5,
      6
    ],
    [
      5,
      6
    ],
    [
      5,
      6
    ],
    [
      5,
      6
    ],
    [
      5,
      6
    ],
    [
      5,
      6
    ],
    [
      5,
      6
    ],
    [
      5,
      6
    ],
    [
      5,
      6
    ],
    [
      5,
      6
    ],
    [
      5,
      6
    ],
    [
      5,
      6
    ],
    [
      5,
      6
    ],
    [
      5,
      6
    ],
    [
      5,
      6
    ],
    [
      5,
      6
    ],
    [
      5,
      6
    ],
    [
      5,
      6
    ],
    [
      5,
      6
    ],
    [
      5,
      6
    ],
    [
      5,
      6
    ],
    [
      5,
      6
    ],
    [
      5,
      6
    ],
    [
      5,
      6
    ],
    [
      5,
      6
    ],
    [
      5,
      6
    ],
    [
      5,
      6
    ],
    [
      5,
      6
    ],
    [
      5,
      6
    ],
    [
      5,
      6
    ],
    [
      5,
      6
    ],
    [
      5,
      6
    ],
    [
      5,
      6
    ],
    [
      5,
      6
    ],
    [
      5,
      6
    ],
    [
      5,
      6
    ],
    [
      5,
      6
    ],
    [
      5,
      6
    ],
    [
      5,
      6
    ],
    [
      5,
      6
    ],
    [
      5,
      6
    ],
    [
      5,
      6
    ],
    [
      5,
      6
    ],
    [
      5,
      6
    ],
    [
      5,
      6
    ],
    [
      5,
      6
    ],
    [
      5,
      6
    ],
    [
      5,
      6
    ],
    [
      5,
      6
    ],
    [
      5,
      6
    ],
    [
      5,
      6
    ],
    [
      5,
      6
    ],
    [
      5,
      6
    ],
    [
      5,
      6
    ],
    [
      5,
      6
    ],
    [
      5,
      6
    ],
    [
      5,
      6
    ],
    [
      5,
      6
    ],
    [
      5,
      6
    ],
    [
      5,
      6
    ],
    [
      5,
      6
    ],
    [
      5,
      6
    ],
    [
      5,
      6
    ],
    [
      5,
      6
    ],
    [
      5,
      6
    ],
    [
      5,
      6
    ],
    [
      5,
      6
    ],
    [
      5,
      6
    ],
    [
      5,
      6
    ],
    [
      5,
      6
    ],
    [
      5,
      6
    ],
    [
      5,
      6
    ],
    [
      5,
      6
    ],
    [
      5,
      6
    ],
    [
      5,
      6
    ],
    [
      5,
      6
    ],
    [
      5,
      6
    ],
    [
      5,
      6
    ],
    [
      5,
      6
    ],
    [
      5,
      6
    ],
    [
      5,
      6
    ],
    [
      5,
      6
    ],
    [
      5,
      6
    ],
    [
      5,
      6
    ],
    [
      5,
      6
    ],
    [
      5,
      6
    ],
    [
      5,
      6
    ],
    [
      5,
      6
    ],
    [
      5,
      6
    ],
    [
      5,
      6
    ],
    [
      5,
      6
    ],
    [
      5,
      6
    ],
    [
      5,
      6
    ],
    [
      5,
      6
    ],
    [
      5,
      6
    ],
    [
      5,
      6
    ],
    [
      5,
      6
    ],
    [
      5,
      6
    ],
    [
      5,
      6
    ],
    [
      5,
      6
    ],
    [
      5,
      6
    ],
    [
      5,
      6
    ],
    [
      5,
      6
    ],
    [
      5,
      6
    ],
    [
      5,
      6
    ],
    [
      5,
      6
    ],
    [
      5,
      6
    ],
    [
      5,
      6
    ],
    [
      5,
      6
    ],
    [
      5,
      6
    ],
    [
      5,
      6
    ],
    [
      5,
      6
    ],
    [
      5,
      6
    ],
    [
      5,
      6
    ],
    [
      5,
      6
    ],
    [
      5,
      6
    ],
    [
      5,
      6
    ],
    [
      5,
      6
    ],
    [
      5,
      6
    ],
    [
      5,
      6
    ],
    [
      5,
      6
    ],
    [
      5,
      6
    ],
    [
      5,
      6
    ],
    [
      5,
      6
    ],
    [
      5,
      6
    ],
    [
      5,
      6
    ],
    [
      5,
      6
    ],
    [
      5,
      6
    ],
    [
      5,
      6
    ],
    [
      5,
      6
    ],
    [
      5,
      6
    ],
    [
      5,
      6
    ],
    [
      5,
      6
    ],
    [
      5,
      6
    ],
    [
      5,
      6
    ],
    [
      5,
      6
    ],
    [
      5,
      6
    ],
    [
      5,
      6
    ],
    [
      5,
      6
    ],
    [
      5,
      6
    ],
    [
      5,
      6
    ],
    [
      5,
      6
    ],
    [
      5,
      6
    ],
    [
      5,
      6
    ],
    [
      5,
      6
    ],
    [
      5,
      6
    ],
    [
      5,
      6
    ],
    [
      5,
      6
    ],
    [
      5,
      6
    ],
    [
      5,
      6
    ],
    [
      5,
      6
    ],
    [
      5,
      6
    ],
    [
      5,
      6
    ],
    [
      5,
      6
    ],
    [
      5,
      6
    ],
    [
      5,
      6
    ],
    [
      5,
      6
    ],
    [
      5,
      6
    ],
    [
      5,
      6
    ],
    [
      5,
      6
    ],
    [
      5,
      6
    ],
    [
      5,
      6
    ],
    [
      5,
      6
    ],
    [
      5,
      6
    ],
    [
      5,
      6
    ],
    [
      5,
      6
    ],
    [
      5,
      6
    ],
    [
      5,
      6
    ],
    [
      5,
      6
    ],
    [
      5,
      6
    ],
    [
      5,
      6
    ],
    [
      5,
      6
    ],
    [
      5,
      6
    ],
    [
      5,
      6
    ],
    [
      5,
      6
    ],
    [
      5,
      6
    ],
    [
      5,
      6
    ],
    [
      5,
      6
    ],
    [
      5,
      6
    ],
    [
      5,
      6
    ],
    [
      5,
      6
    ],
    [
      6,
      7
    ],
    [
      6,
      7
    ],
    [
      6,
      7
    ],
    [
      6,
      7
    ],
    [
      6,
      7
    ],
    [
      6,
      7
    ],
    [
      6,
      7
    ],
    [
      6,
      7
    ],
    [
      6,
      7
    ],
    [
      6,
      7
    ],
    [
      6,
      7
    ],
    [
      6,
      7
    ],
    [
      6,
      7
    ],
    [
      6,
      7
    ],
    [
      6,
      7
    ],
    [
      6,
      7
    ],
    [
      6,
      7
    ],
    [
      6,
      7
    ],
    [
      6,
      7
    ],
    [
      6,
      7
    ],
    [
      6,
      7
    ],
    [
      6,
      7
    ],
    [
      6,
      7
    ],
    [
      6,
      7
    ],
    [
      6,
      7
    ],
    [
      6,
      7
    ],
    [
      6,
      7
    ],
    [
      6,
      7
    ],
    [
      6,
      7
    ],
    [
      6,
      7
    ],
    [
      6,
      7
    ],
    [
      6,
      7
    ],
    [
      6,
      7
    ],
    [
      6,
      7
    ],
    [
      6,
      7
    ],
    [
      6,
      7
    ],
    [
      6,
      7
    ],
    [
      6,
      7
    ],
    [
      6,
      7
    ],
    [
      6,
      7
    ],
    [
      6,
      7
    ],
    [
      6,
      7
    ],
    [
      6,
      7
    ],
    [
      6,
      7
    ],
    [
      6,
      7
    ],
    [
      6,
      7
    ],
    [
      6,
      7
    ],
    [
      6,
      7
    ],
    [
      6,
      7
    ],
    [
      6,
      7
    ],
    [
      6,
      7
    ],
    [
      6,
      7
    ],
    [
      6,
      7
    ],
    [
      6,
      7
    ],
    [
      6,
      7
    ],
    [
      6,
      7
    ],
    [
      6,
      7
    ],
    [
      6,
      7
    ],
    [
      6,
      7
    ],
    [
      6,
      7
    ],
    [
      6,
      7
    ],
    [
      6,
      7
    ],
    [
      6,
      7
    ],
    [
      6,
      7
    ],
    [
      6,
      7
    ],
    [
      6,
      7
    ],
    [
      6,
      7
    ],
    [
      6,
      7
    ],
    [
      6,
      7
    ],
    [
      6,
      7
    ],
    [
      6,
      7
    ],
    [
      6,
      7
    ],
    [
      6,
      7
    ],
    [
      6,
      7
    ],
    [
      6,
      7
    ],
    [
      6,
      7
    ],
    [
      6,
      7
    ],
    [
      6,
      7
    ],
    [
      6,
      7
    ],
    [
      6,
      7
    ],
    [
      6,
      7
    ],
    [
      6,
      7
    ],
    [
      6,
      7
    ],
    [
      6,
      7
    ],
    [
      6,
      7
    ],
    [
      6,
      7
    ],
    [
      6,
      7
    ],
    [
      6,
      7
    ],
    [
      6,
      7
    ],
    [
      6,
      7
    ],
    [
      6,
      7
    ],
    [
      6,
      7
    ],
    [
      6,
      7
    ],
    [
      6,
      7
    ],
    [
      6,
      7
    ],
    [
      6,
      7
    ],
    [
      6,
      7
    ],
    [
      6,
      7
    ],
    [
      6,
      7
    ],
    [
      6,
      7
    ],
    [
      6,
      7
    ],
    [
      6,
      7
    ],
    [
      6,
      7
    ],
    [
      6,
      7
    ],
    [
      6,
      7
    ],
    [
      6,
      7
    ],
    [
      6,
      7
    ],
    [
      6,
      7
    ],
    [
      6,
      7
    ],
    [
      6,
      7
    ],
    [
      6,
      7
    ],
    [
      6,
      7
    ],
    [
      6,
      7
    ],
    [
      6,
      7
    ],
    [
      6,
      7
    ],
    [
      6,
      7
    ],
    [
      6,
      7
    ],
    [
      6,
      7
    ],
    [
      6,
      7
    ],
    [
      6,
      7
    ],
    [
      6,
      7
    ],
    [
      6,
      7
    ],
    [
      6,
      7
    ],
    [
      6,
      7
    ],
    [
      6,
      7
    ],
    [
      6,
      7
    ],
    [
      6,
      7
    ],
    [
      6,
      7
    ],
    [
      6,
      7
    ],
    [
      6,
      7
    ],
    [
      6,
      7
    ],
    [
      6,
      7
    ],
    [
      6,
      7
    ],
    [
      6,
      7
    ],
    [
      6,
      7
    ],
    [
      6,
      7
    ],
    [
      6,
      7
    ],
    [
      6,
      7
    ],
    [
      6,
      7
    ],
    [
      6,
      7
    ],
    [
      6,
      7
    ],
    [
      6,
      7
    ],
    [
      6,
      7
    ],
    [
      6,
      7
    ],
    [
      6,
      7
    ],
    [
      6,
      7
    ],
    [
      6,
      7
    ],
    [
      6,
      7
    ],
    [
      6,
      7
    ],
    [
      6,
      7
    ],
    [
      6,
      7
    ],
    [
      6,
      7
    ],
    [
      6,
      7
    ],
    [
      6,
      7
    ],
    [
      6,
      7
    ],
    [
      6,
      7
    ],
    [
      6,
      7
    ],
    [
      6,
      7
    ],
    [
      6,
      7
    ],
    [
      6,
      7
    ],
    [
      6,
      7
    ],
    [
      6,
      7
    ],
    [
      6,
      7
    ],
    [
      6,
      7
    ],
    [
      6,
      7
    ],
    [
      6,
      7
    ],
    [
      6,
      7
    ],
    [
      6,
      7
    ],
    [
      6,
      7
    ],
    [
      6,
      7
    ],
    [
      6,
      7
    ],
    [
      6,
      7
    ],
    [
      6,
      7
    ],
    [
      6,
      7
    ],
    [
      6,
      7
    ],
    [
      6,
      7
    ],
    [
      6,
      7
    ],
    [
      6,
      7
    ],
    [
      6,
      7
    ],
    [
      6,
      7
    ],
    [
      6,
      7
    ],
    [
      6,
      7
    ],
    [
      6,
      7
    ],
    [
      6,
      7
    ],
    [
      6,
      7
    ],
    [
      6,
      7
    ],
    [
      6,
      7
    ],
    [
      6,
      7
    ],
    [
      6,
      7
    ],
    [
      6,
      7
    ],
    [
      6,
      7
    ],
    [
      6,
      7
    ],
    [
      6,
      7
    ],
    [
      6,
      7
    ],
    [
      6,
      7
    ],
    [
      6,
      7
    ],
    [
      6,
      7
    ],
    [
      6,
      7
    ],
    [
      6,
      7
    ],
    [
      6,
      7
    ],
    [
      6,
      7
    ],
    [
      6,
      7
    ],
    [
      6,
      7
    ],
    [
      6,
      7
    ],
    [
      6,
      7
    ],
    [
      6,
      7
    ],
    [
      6,
      7
    ],
    [
      6,
      7
    ],
    [
      6,
      7
    ],
    [
      6,
      7
    ],
    [
      6,
      7
    ],
    [
      6,
      7
    ],
    [
      6,
      7
    ],
    [
      6,
      7
    ],
    [
      6,
      7
    ],
    [
      6,
      7
    ],
    [
      6,
      7
    ],
    [
      6,
      7
    ],
    [
      6,
      7
    ],
    [
      6,
      7
    ],
    [
      6,
      7
    ],
    [
      6,
      7
    ],
    [
      6,
      7
    ],
    [
      6,
      7
    ],
    [
      6,
      7
    ],
    [
      6,
      7
    ],
    [
      6,
      7
    ],
    [
      6,
      7
    ],
    [
      6,
      7
    ],
    [
      6,
      7
    ],
    [
      6,
      7
    ],
    [
      6,
      7
    ],
    [
      6,
      7
    ],
    [
      6,
      7
    ],
    [
      6,
      7
    ],
    [
      6,
      7
    ],
    [
      6,
      7
    ],
    [
      6,
      7
    ],
    [
      6,
      7
    ],
    [
      6,
      7
    ],
    [
      6,
      7
    ],
    [
      6,
      7
    ],
    [
      6,
      7
    ],
    [
      6,
      7
    ],
    [
      6,
      7
    ],
    [
      6,
      7
    ],
    [
      6,
      7
    ],
    [
      6,
      7
    ],
    [
      6,
      7
    ],
    [
      6,
      7
    ],
    [
      6,
      7
    ],
    [
      6,
      7
    ],
    [
      6,
      7
    ],
    [
      6,
      7
    ],
    [
      6,
      7
    ],
    [
      6,
      7
    ],
    [
      7,
      8
    ],
    [
      7,
      8
    ],
    [
      7,
      8
    ],
    [
      7,
      8
    ],
    [
      7,
      8
    ],
    [
      7,
      8
    ],
    [
      7,
      8
    ],
    [
      7,
      8
    ],
    [
      7,
      8
    ],
    [
      7,
      8
    ],
    [
      7,
      8
    ],
    [
      7,
      8
    ],
    [
      7,
      8
    ],
    [
      7,
      8
    ],
    [
      7,
      8
    ],
    [
      7,
      8
    ],
    [
      7,
      8
    ],
    [
      7,
      8
    ],
    [
      7,
      8
    ],
    [
      7,
      8
    ],
    [
      7,
      8
    ],
    [
      7,
      8
    ],
    [
      7,
      8
    ],
    [
      7,
      8
    ],
    [
      7,
      8
    ],
    [
      7,
      8
    ],
    [
      7,
      8
    ],
    [
      7,
      8
    ],
    [
      7,
      8
    ],
    [
      7,
      8
    ],
    [
      7,
      8
    ],
    [
      7,
      8
    ],
    [
      7,
      8
    ],
    [
      7,
      8
    ],
    [
      7,
      8
    ],
    [
      7,
      8
    ],
    [
      7,
      8
    ],
    [
      7,
      8
    ],
    [
      7,
      8
    ],
    [
      7,
      8
    ],
    [
      7,
      8
    ],
    [
      7,
      8
    ],
    [
      7,
      8
    ],
    [
      7,
      8
    ],
    [
      7,
      8
    ],
    [
      7,
      8
    ],
    [
      7,
      8
    ],
    [
      7,
      8
    ],
    [
      7,
      8
    ],
    [
      7,
      8
    ],
    [
      7,
      8
    ],
    [
      7,
      8
    ],
    [
      7,
      8
    ],
    [
      7,
      8
    ],
    [
      7,
      8
    ],
    [
      7,
      8
    ],
    [
      7,
      8
    ],
    [
      7,
      8
    ],
    [
      7,
      8
    ],
    [
      7,
      8
    ],
    [
      7,
      8
    ],
    [
      7,
      8
    ],
    [
      7,
      8
    ],
    [
      7,
      8
    ],
    [
      7,
      8
    ],
    [
      7,
      8
    ],
    [
      7,
      8
    ],
    [
      7,
      8
    ],
    [
      7,
      8
    ],
    [
      7,
      8
    ],
    [
      7,
      8
    ],
    [
      7,
      8
    ],
    [
      7,
      8
    ],
    [
      7,
      8
    ],
    [
      7,
      8
    ],
    [
      7,
      8
    ],
    [
      7,
      8
    ],
    [
      7,
      8
    ],
    [
      7,
      8
    ],
    [
      7,
      8
    ],
    [
      7,
      8
    ],
    [
      7,
      8
    ],
    [
      7,
      8
    ],
    [
      7,
      8
    ],
    [
      7,
      8
    ],
    [
      7,
      8
    ],
    [
      7,
      8
    ],
    [
      7,
      8
    ],
    [
      7,
      8
    ],
    [
      7,
      8
    ],
    [
      7,
      8
    ],
    [
      7,
      8
    ],
    [
      7,
      8
    ],
    [
      7,
      8
    ],
    [
      7,
      8
    ],
    [
      7,
      8
    ],
    [
      7,
      8
    ],
    [
      7,
      8
    ],
    [
      7,
      8
    ],
    [
      7,
      8
    ],
    [
      7,
      8
    ],
    [
      7,
      8
    ],
    [
      7,
      8
    ],
    [
      7,
      8
    ],
    [
      7,
      8
    ],
    [
      7,
      8
    ],
    [
      7,
      8
    ],
    [
      7,
      8
    ],
    [
      7,
      8
    ],
    [
      7,
      8
    ],
    [
      7,
      8
    ],
    [
      7,
      8
    ],
    [
      7,
      8
    ],
    [
      7,
      8
    ],
    [
      7,
      8
    ],
    [
      7,
      8
    ],
    [
      7,
      8
    ],
    [
      7,
      8
    ],
    [
      7,
      8
    ],
    [
      7,
      8
    ],
    [
      7,
      8
    ],
    [
      7,
      8
    ],
    [
      7,
      8
    ],
    [
      7,
      8
    ],
    [
      7,
      8
    ],
    [
      7,
      8
    ],
    [
      7,
      8
    ],
    [
      7,
      8
    ],
    [
      7,
      8
    ],
    [
      7,
      8
    ],
    [
      7,
      8
    ],
    [
      7,
      8
    ],
    [
      7,
      8
    ],
    [
      7,
      8
    ],
    [
      7,
      8
    ],
    [
      7,
      8
    ],
    [
      7,
      8
    ],
    [
      7,
      8
    ],
    [
      7,
      8
    ],
    [
      7,
      8
    ],
    [
      7,
      8
    ],
    [
      7,
      8
    ],
    [
      7,
      8
    ],
    [
      7,
      8
    ],
    [
      7,
      8
    ],
    [
      7,
      8
    ],
    [
      7,
      8
    ],
    [
      7,
      8
    ],
    [
      7,
      8
    ],
    [
      7,
      8
    ],
    [
      7,
      8
    ],
    [
      7,
      8
    ],
    [
      7,
      8
    ],
    [
      7,
      8
    ],
    [
      7,
      8
    ],
    [
      7,
      8
    ],
    [
      7,
      8
    ],
    [
      7,
      8
    ],
    [
      7,
      8
    ],
    [
      7,
      8
    ],
    [
      7,
      8
    ],
    [
      7,
      8
    ],
    [
      7,
      8
    ],
    [
      7,
      8
    ],
    [
      7,
      8
    ],
    [
      7,
      8
    ],
    [
      7,
      8
    ],
    [
      7,
      8
    ],
    [
      7,
      8
    ],
    [
      7,
      8
    ],
    [
      7,
      8
    ],
    [
      7,
      8
    ],
    [
      7,
      8
    ],
    [
      7,
      8
    ],
    [
      7,
      8
    ],
    [
      7,
      8
    ],
    [
      7,
      8
    ],
    [
      7,
      8
    ],
    [
      7,
      8
    ],
    [
      7,
      8
    ],
    [
      7,
      8
    ],
    [
      7,
      8
    ],
    [
      7,
      8
    ],
    [
      7,
      8
    ],
    [
      7,
      8
    ],
    [
      7,
      8
    ],
    [
      7,
      8
    ],
    [
      7,
      8
    ],
    [
      7,
      8
    ],
    [
      7,
      8
    ],
    [
      7,
      8
    ],
    [
      7,
      8
    ],
    [
      7,
      8
    ],
    [
      7,
      8
    ],
    [
      7,
      8
    ],
    [
      7,
      8
    ],
    [
      7,
      8
    ],
    [
      7,
      8
    ],
    [
      7,
      8
    ],
    [
      7,
      8
    ],
    [
      7,
      8
    ],
    [
      7,
      8
    ],
    [
      7,
      8
    ],
    [
      7,
      8
    ],
    [
      7,
      8
    ],
    [
      7,
      8
    ],
    [
      7,
      8
    ],
    [
      7,
      8
    ],
    [
      7,
      8
    ],
    [
      7,
      8
    ],
    [
      7,
      8
    ],
    [
      7,
      8
    ],
    [
      7,
      8
    ],
    [
      7,
      8
    ],
    [
      7,
      8
    ],
    [
      7,
      8
    ],
    [
      7,
      8
    ],
    [
      7,
      8
    ],
    [
      7,
      8
    ],
    [
      7,
      8
    ],
    [
      7,
      8
    ],
    [
      7,
      8
    ],
    [
      7,
      8
    ],
    [
      7,
      8
    ],
    [
      7,
      8
    ],
    [
      7,
      8
    ],
    [
      7,
      8
    ],
    [
      7,
      8
    ],
    [
      7,
      8
    ],
    [
      7,
      8
    ],
    [
      7,
      8
    ],
    [
      7,
      8
    ],
    [
      7,
      8
    ],
    [
      7,
      8
    ],
    [
      7,
      8
    ],
    [
      7,
      8
    ],
    [
      7,
      8
    ],
    [
      7,
      8
    ],
    [
      7,
      8
    ],
    [
      7,
      8
    ],
    [
      7,
      8
    ],
    [
      7,
      8
    ],
    [
      7,
      8
    ],
    [
      7,
      8
    ],
    [
      7,
      8
    ],
    [
      7,
      8
    ],
    [
      7,
      8
    ],
    [
      7,
      8
    ],
    [
      7,
      8
    ],
    [
      7,
      8
    ],
    [
      7,
      8
    ],
    [
      7,
      8
    ],
    [
      7,
      8
    ],
    [
      7,
      8
    ],
    [
      7,
      8
    ],
    [
      7,
      8
    ],
    [
      8,
      9
    ],
    [
      8,
      9
    ],
    [
      8,
      9
    ],
    [
      8,
      9
    ],
    [
      8,
      9
    ],
    [
      8,
      9
    ],
    [
      8,
      9
    ],
    [
      8,
      9
    ],
    [
      8,
      9
    ],
    [
      8,
      9
    ],
    [
      8,
      9
    ],
    [
      8,
      9
    ],
    [
      8,
      9
    ],
    [
      8,
      9
    ],
    [
      8,
      9
    ],
    [
      8,
      9
    ],
    [
      8,
      9
    ],
    [
      8,
      9
    ],
    [
      8,
      9
    ],
    [
      8,
      9
    ],
    [
      8,
      9
    ],
    [
      8,
      9
    ],
    [
      8,
      9
    ],
    [
      8,
      9
    ],
    [
      8,
      9
    ],
    [
      8,
      9
    ],
    [
      8,
      9
    ],
    [
      8,
      9
    ],
    [
      8,
      9
    ],
    [
      8,
      9
    ],
    [
      8,
      9
    ],
    [
      8,
      9
    ],
    [
      8,
      9
    ],
    [
      8,
      9
    ],
    [
      8,
      9
    ],
    [
      8,
      9
    ],
    [
      8,
      9
    ],
    [
      8,
      9
    ],
    [
      8,
      9
    ],
    [
      8,
      9
    ],
    [
      8,
      9
    ],
    [
      8,
      9
    ],
    [
      8,
      9
    ],
    [
      8,
      9
    ],
    [
      8,
      9
    ],
    [
      8,
      9
    ],
    [
      8,
      9
    ],
    [
      8,
      9
    ],
    [
      8,
      9
    ],
    [
      8,
      9
    ],
    [
      8,
      9
    ],
    [
      8,
      9
    ],
    [
      8,
      9
    ],
    [
      8,
      9
    ],
    [
      8,
      9
    ],
    [
      8,
      9
    ],
    [
      8,
      9
    ],
    [
      8,
      9
    ],
    [
      8,
      9
    ],
    [
      8,
      9
    ],
    [
      8,
      9
    ],
    [
      8,
      9
    ],
    [
      8,
      9
    ],
    [
      8,
      9
    ],
    [
      8,
      9
    ],
    [
      8,
      9
    ],
    [
      8,
      9
    ],
    [
      8,
      9
    ],
    [
      8,
      9
    ],
    [
      8,
      9
    ],
    [
      8,
      9
    ],
    [
      8,
      9
    ],
    [
      8,
      9
    ],
    [
      8,
      9
    ],
    [
      8,
      9
    ],
    [
      8,
      9
    ],
    [
      8,
      9
    ],
    [
      8,
      9
    ],
    [
      8,
      9
    ],
    [
      8,
      9
    ],
    [
      8,
      9
    ],
    [
      8,
      9
    ],
    [
      8,
      9
    ],
    [
      8,
      9
    ],
    [
      8,
      9
    ],
    [
      8,
      9
    ],
    [
      8,
      9
    ],
    [
      8,
      9
    ],
    [
      8,
      9
    ],
    [
      8,
      9
    ],
    [
      8,
      9
    ],
    [
      8,
      9
    ],
    [
      8,
      9
    ],
    [
      8,
      9
    ],
    [
      8,
      9
    ],
    [
      8,
      9
    ],
    [
      8,
      9
    ],
    [
      8,
      9
    ],
    [
      8,
      9
    ],
    [
      8,
      9
    ],
    [
      8,
      9
    ],
    [
      8,
      9
    ],
    [
      8,
      9
    ],
    [
      8,
      9
    ],
    [
      8,
      9
    ],
    [
      8,
      9
    ],
    [
      8,
      9
    ],
    [
      8,
      9
    ],
    [
      8,
      9
    ],
    [
      8,
      9
    ],
    [
      8,
      9
    ],
    [
      8,
      9
    ],
    [
      8,
      9
    ],
    [
      8,
      9
    ],
    [
      8,
      9
    ],
    [
      8,
      9
    ],
    [
      8,
      9
    ],
    [
      8,
      9
    ],
    [
      8,
      9
    ],
    [
      8,
      9
    ],
    [
      8,
      9
    ],
    [
      8,
      9
    ],
    [
      8,
      9
    ],
    [
      8,
      9
    ],
    [
      8,
      9
    ],
    [
      8,
      9
    ],
    [
      8,
      9
    ],
    [
      8,
      9
    ],
    [
      8,
      9
    ],
    [
      8,
      9
    ],
    [
      8,
      9
    ],
    [
      8,
      9
    ],
    [
      8,
      9
    ],
    [
      8,
      9
    ],
    [
      8,
      9
    ],
    [
      8,
      9
    ],
    [
      8,
      9
    ],
    [
      8,
      9
    ],
    [
      8,
      9
    ],
    [
      8,
      9
    ],
    [
      8,
      9
    ],
    [
      8,
      9
    ],
    [
      8,
      9
    ],
    [
      8,
      9
    ],
    [
      8,
      9
    ],
    [
      8,
      9
    ],
    [
      8,
      9
    ],
    [
      8,
      9
    ],
    [
      8,
      9
    ],
    [
      8,
      9
    ],
    [
      8,
      9
    ],
    [
      8,
      9
    ],
    [
      8,
      9
    ],
    [
      8,
      9
    ],
    [
      8,
      9
    ],
    [
      8,
      9
    ],
    [
      8,
      9
    ],
    [
      8,
      9
    ],
    [
      8,
      9
    ],
    [
      8,
      9
    ],
    [
      8,
      9
    ],
    [
      8,
      9
    ],
    [
      8,
      9
    ],
    [
      8,
      9
    ],
    [
      8,
      9
    ],
    [
      8,
      9
    ],
    [
      8,
      9
    ],
    [
      8,
      9
    ],
    [
      8,
      9
    ],
    [
      8,
      9
    ],
    [
      8,
      9
    ],
    [
      8,
      9
    ],
    [
      8,
      9
    ],
    [
      8,
      9
    ],
    [
      8,
      9
    ],
    [
      8,
      9
    ],
    [
      8,
      9
    ],
    [
      8,
      9
    ],
    [
      8,
      9
    ],
    [
      8,
      9
    ],
    [
      8,
      9
    ],
    [
      8,
      9
    ],
    [
      8,
      9
    ],
    [
      8,
      9
    ],
    [
      8,
      9
    ],
    [
      8,
      9
    ],
    [
      8,
      9
    ],
    [
      8,
      9
    ],
    [
      8,
      9
    ],
    [
      8,
      9
    ],
    [
      8,
      9
    ],
    [
      8,
      9
    ],
    [
      8,
      9
    ],
    [
      8,
      9
    ],
    [
      8,
      9
    ],
    [
      8,
      9
    ],
    [
      8,
      9
    ],
    [
      8,
      9
    ],
    [
      8,
      9
    ],
    [
      8,
      9
    ],
    [
      8,
      9
    ],
    [
      8,
      9
    ],
    [
      8,
      9
    ],
    [
      8,
      9
    ],
    [
      8,
      9
    ],
    [
      8,
      9
    ],
    [
      8,
      9
    ],
    [
      8,
      9
    ],
    [
      8,
      9
    ],
    [
      8,
      9
    ],
    [
      8,
      9
    ],
    [
      8,
      9
    ],
    [
      8,
      9
    ],
    [
      8,
      9
    ],
    [
      8,
      9
    ],
    [
      8,
      9
    ],
    [
      8,
      9
    ],
    [
      8,
      9
    ],
    [
      8,
      9
    ],
    [
      8,
      9
    ],
    [
      8,
      9
    ],
    [
      8,
      9
    ],
    [
      8,
      9
    ],
    [
      8,
      9
    ],
    [
      8,
      9
    ],
    [
      8,
      9
    ],
    [
      8,
      9
    ],
    [
      8,
      9
    ],
    [
      8,
      9
    ],
    [
      8,
      9
    ],
    [
      8,
      9
    ],
    [
      8,
      9
    ],
    [
      8,
      9
    ],
    [
      8,
      9
    ],
    [
      8,
      9
    ],
    [
      8,
      9
    ],
    [
      8,
      9
    ],
    [
      8,
      9
    ],
    [
      8,
      9
    ],
    [
      8,
      9
    ],
    [
      8,
      9
    ],
    [
      8,
      9
    ],
    [
      8,
      9
    ],
    [
      8,
      9
    ],
    [
      8,
      9
    ],
    [
      8,
      9
    ],
    [
      8,
      9
    ],
    [
      8,
      9
    ],
    [
      8,
      9
    ],
    [
      8,
      9
    ],
    [
      8,
      9
    ],
    [
      8,
      9
    ],
    [
      8,
      9
    ],
    [
      8,
      9
    ],
    [
      8,
      9
    ],
    [
      8,
      9
    ],
    [
      9,
      10
    ],
    [
      9,
      10
    ],
    [
      9,
      10
    ],
    [
      9,
      10
    ],
    [
      9,
      10
    ],
    [
      9,
      10
    ],
    [
      9,
      10
    ],
    [
      9,
      10
    ],
    [
      9,
      10
    ],
    [
      9,
      10
    ],
    [
      9,
      10
    ],
    [
      9,
      10
    ],
    [
      9,
      10
    ],
    [
      9,
      10
    ],
    [
      9,
      10
    ],
    [
      9,
      10
    ],
    [
      9,
      10
    ],
    [
      9,
      10
    ],
    [
      9,
      10
    ],
    [
      9,
      10
    ],
    [
      9,
      10
    ],
    [
      9,
      10
    ],
    [
      9,
      10
    ],
    [
      9,
      10
    ],
    [
      9,
      10
    ],
    [
      9,
      10
    ],
    [
      9,
      10
    ],
    [
      9,
      10
    ],
    [
      9,
      10
    ],
    [
      9,
      10
    ],
    [
      9,
      10
    ],
    [
      9,
      10
    ],
    [
      9,
      10
    ],
    [
      9,
      10
    ],
    [
      9,
      10
    ],
    [
      9,
      10
    ],
    [
      9,
      10
    ],
    [
      9,
      10
    ],
    [
      9,
      10
    ],
    [
      9,
      10
    ],
    [
      9,
      10
    ],
    [
      9,
      10
    ],
    [
      9,
      10
    ],
    [
      9,
      10
    ],
    [
      9,
      10
    ],
    [
      9,
      10
    ],
    [
      9,
      10
    ],
    [
      9,
      10
    ],
    [
      9,
      10
    ],
    [
      9,
      10
    ],
    [
      9,
      10
    ],
    [
      9,
      10
    ],
    [
      9,
      10
    ],
    [
      9,
      10
    ],
    [
      9,
      10
    ],
    [
      9,
      10
    ],
    [
      9,
      10
    ],
    [
      9,
      10
    ],
    [
      9,
      10
    ],
    [
      9,
      10
    ],
    [
      9,
      10
    ],
    [
      9,
      10
    ],
    [
      9,
      10
    ],
    [
      9,
      10
    ],
    [
      9,
      10
    ],
    [
      9,
      10
    ],
    [
      9,
      10
    ],
    [
      9,
      10
    ],
    [
      9,
      10
    ],
    [
      9,
      10
    ],
    [
      9,
      10
    ],
    [
      9,
      10
    ],
    [
      9,
      10
    ],
    [
      9,
      10
    ],
    [
      9,
      10
    ],
    [
      9,
      10
    ],
    [
      9,
      10
    ],
    [
      9,
      10
    ],
    [
      9,
      10
    ],
    [
      9,
      10
    ],
    [
      9,
      10
    ],
    [
      9,
      10
    ],
    [
      9,
      10
    ],
    [
      9,
      10
    ],
    [
      9,
      10
    ],
    [
      9,
      10
    ],
    [
      9,
      10
    ],
    [
      9,
      10
    ],
    [
      9,
      10
    ],
    [
      9,
      10
    ],
    [
      9,
      10
    ],
    [
      9,
      10
    ],
    [
      9,
      10
    ],
    [
      9,
      10
    ],
    [
      9,
      10
    ],
    [
      9,
      10
    ],
    [
      9,
      10
    ],
    [
      9,
      10
    ],
    [
      9,
      10
    ],
    [
      9,
      10
    ],
    [
      9,
      10
    ],
    [
      9,
      10
    ],
    [
      9,
      10
    ],
    [
      9,
      10
    ],
    [
      9,
      10
    ],
    [
      9,
      10
    ],
    [
      9,
      10
    ],
    [
      9,
      10
    ],
    [
      9,
      10
    ],
    [
      9,
      10
    ],
    [
      9,
      10
    ],
    [
      9,
      10
    ],
    [
      9,
      10
    ],
    [
      9,
      10
    ],
    [
      9,
      10
    ],
    [
      9,
      10
    ],
    [
      9,
      10
    ],
    [
      9,
      10
    ],
    [
      9,
      10
    ],
    [
      9,
      10
    ],
    [
      9,
      10
    ],
    [
      9,
      10
    ],
    [
      9,
      10
    ],
    [
      9,
      10
    ],
    [
      9,
      10
    ],
    [
      9,
      10
    ],
    [
      9,
      10
    ],
    [
      9,
      10
    ],
    [
      9,
      10
    ],
    [
      9,
      10
    ],
    [
      9,
      10
    ],
    [
      9,
      10
    ],
    [
      9,
      10
    ],
    [
      9,
      10
    ],
    [
      9,
      10
    ],
    [
      9,
      10
    ],
    [
      9,
      10
    ],
    [
      9,
      10
    ],
    [
      9,
      10
    ],
    [
      9,
      10
    ],
    [
      9,
      10
    ],
    [
      9,
      10
    ],
    [
      9,
      10
    ],
    [
      9,
      10
    ],
    [
      9,
      10
    ],
    [
      9,
      10
    ],
    [
      9,
      10
    ],
    [
      9,
      10
    ],
    [
      9,
      10
    ],
    [
      9,
      10
    ],
    [
      9,
      10
    ],
    [
      9,
      10
    ],
    [
      9,
      10
    ],
    [
      9,
      10
    ],
    [
      9,
      10
    ],
    [
      9,
      10
    ],
    [
      9,
      10
    ],
    [
      9,
      10
    ],
    [
      9,
      10
    ],
    [
      9,
      10
    ],
    [
      9,
      10
    ],
    [
      9,
      10
    ],
    [
      9,
      10
    ],
    [
      9,
      10
    ],
    [
      9,
      10
    ],
    [
      9,
      10
    ],
    [
      9,
      10
    ],
    [
      9,
      10
    ],
    [
      9,
      10
    ],
    [
      9,
      10
    ],
    [
      9,
      10
    ],
    [
      9,
      10
    ],
    [
      9,
      10
    ],
    [
      9,
      10
    ],
    [
      9,
      10
    ],
    [
      9,
      10
    ],
    [
      9,
      10
    ],
    [
      9,
      10
    ],
    [
      9,
      10
    ],
    [
      9,
      10
    ],
    [
      9,
      10
    ],
    [
      9,
      10
    ],
    [
      9,
      10
    ],
    [
      9,
      10
    ],
    [
      9,
      10
    ],
    [
      9,
      10
    ],
    [
      9,
      10
    ],
    [
      9,
      10
    ],
    [
      9,
      10
    ],
    [
      9,
      10
    ],
    [
      9,
      10
    ],
    [
      9,
      10
    ],
    [
      9,
      10
    ],
    [
      9,
      10
    ],
    [
      9,
      10
    ],
    [
      9,
      10
    ],
    [
      9,
      10
    ],
    [
      9,
      10
    ],
    [
      9,
      10
    ],
    [
      9,
      10
    ],
    [
      9,
      10
    ],
    [
      9,
      10
    ],
    [
      9,
      10
    ],
    [
      9,
      10
    ],
    [
      9,
      10
    ],
    [
      9,
      10
    ],
    [
      9,
      10
    ],
    [
      9,
      10
    ],
    [
      9,
      10
    ],
    [
      9,
      10
    ],
    [
      9,
      10
    ],
    [
      9,
      10
    ],
    [
      9,
      10
    ],
    [
      9,
      10
    ],
    [
      9,
      10
    ],
    [
      9,
      10
    ],
    [
      9,
      10
    ],
    [
      9,
      10
    ],
    [
      9,
      10
    ],
    [
      9,
      10
    ],
    [
      9,
      10
    ],
    [
      9,
      10
    ],
    [
      9,
      10
    ],
    [
      9,
      10
    ],
    [
      9,
      10
    ],
    [
      9,
      10
    ],
    [
      9,
      10
    ],
    [
      9,
      10
    ],
    [
      9,
      10
    ],
    [
      9,
      10
    ],
    [
      9,
      10
    ],
    [
      9,
      10
    ],
    [
      9,
      10
    ],
    [
      9,
      10
    ],
    [
      9,
      10
    ],
    [
      9,
      10
    ],
    [
      9,
      10
    ],
    [
      9,
      10
    ],
    [
      9,
      10
    ],
    [
      9,
      10
    ],
    [
      9,
      10
    ],
    [
      9,
      10
    ],
    [
      9,
      10
    ],
    [
      9,
      10
    ],
    [
      9,
      10
    ],
    [
      9,
      10
    ],
    [
      9,
      10
    ],
    [
      9,
      10
    ],
    [
      9,
      10
    ],
    [
      9,
      10
    ],
    [
      9,
      10
    ],
    [
      9,
      10
    ],
    [
      9,
      10
    ],
    [
      9,
      10
    ],
    [
      9,
      10
    ],
    [
      9,
      10
    ],
    [
      10,
      11
    ],
    [
      10,
      11
    ],
    [
      10,
      11
    ],
    [
      10,
      11
    ],
    [
      10,
      11
    ],
    [
      10,
      11
    ],
    [
      10,
      11
    ],
    [
      10,
      11
    ],
    [
      10,
      11
    ],
    [
      10,
      11
    ],
    [
      10,
      11
    ],
    [
      10,
      11
    ],
    [
      10,
      11
    ],
    [
      10,
      11
    ],
    [
      10,
      11
    ],
    [
      10,
      11
    ],
    [
      10,
      11
    ],
    [
      10,
      11
    ],
    [
      10,
      11
    ],
    [
      10,
      11
    ],
    [
      10,
      11
    ],
    [
      10,
      11
    ],
    [
      10,
      11
    ],
    [
      10,
      11
    ],
    [
      10,
      11
    ],
    [
      10,
      11
    ],
    [
      10,
      11
    ],
    [
      10,
      11
    ],
    [
      10,
      11
    ],
    [
      10,
      11
    ],
    [
      10,
      11
    ],
    [
      10,
      11
    ],
    [
      10,
      11
    ],
    [
      10,
      11
    ],
    [
      10,
      11
    ],
    [
      10,
      11
    ],
    [
      10,
      11
    ],
    [
      10,
      11
    ],
    [
      10,
      11
    ],
    [
      10,
      11
    ],
    [
      10,
      11
    ],
    [
      10,
      11
    ],
    [
      10,
      11
    ],
    [
      10,
      11
    ],
    [
      10,
      11
    ],
    [
      10,
      11
    ],
    [
      10,
      11
    ],
    [
      10,
      11
    ],
    [
      10,
      11
    ],
    [
      10,
      11
    ],
    [
      10,
      11
    ],
    [
      10,
      11
    ],
    [
      10,
      11
    ],
    [
      10,
      11
    ],
    [
      10,
      11
    ],
    [
      10,
      11
    ],
    [
      10,
      11
    ],
    [
      10,
      11
    ],
    [
      10,
      11
    ],
    [
      10,
      11
    ],
    [
      10,
      11
    ],
    [
      10,
      11
    ],
    [
      10,
      11
    ],
    [
      10,
      11
    ],
    [
      10,
      11
    ],
    [
      10,
      11
    ],
    [
      10,
      11
    ],
    [
      10,
      11
    ],
    [
      10,
      11
    ],
    [
      10,
      11
    ],
    [
      10,
      11
    ],
    [
      10,
      11
    ],
    [
      10,
      11
    ],
    [
      10,
      11
    ],
    [
      10,
      11
    ],
    [
      10,
      11
    ],
    [
      10,
      11
    ],
    [
      10,
      11
    ],
    [
      10,
      11
    ],
    [
      10,
      11
    ],
    [
      10,
      11
    ],
    [
      10,
      11
    ],
    [
      10,
      11
    ],
    [
      10,
      11
    ],
    [
      10,
      11
    ],
    [
      10,
      11
    ],
    [
      10,
      11
    ],
    [
      10,
      11
    ],
    [
      10,
      11
    ],
    [
      10,
      11
    ],
    [
      10,
      11
    ],
    [
      10,
      11
    ],
    [
      10,
      11
    ],
    [
      10,
      11
    ],
    [
      10,
      11
    ],
    [
      10,
      11
    ],
    [
      10,
      11
    ],
    [
      10,
      11
    ],
    [
      10,
      11
    ],
    [
      10,
      11
    ],
    [
      10,
      11
    ],
    [
      10,
      11
    ],
    [
      10,
      11
    ],
    [
      10,
      11
    ],
    [
      10,
      11
    ],
    [
      10,
      11
    ],
    [
      10,
      11
    ],
    [
      10,
      11
    ],
    [
      10,
      11
    ],
    [
      10,
      11
    ],
    [
      10,
      11
    ],
    [
      10,
      11
    ],
    [
      10,
      11
    ],
    [
      10,
      11
    ],
    [
      10,
      11
    ],
    [
      10,
      11
    ],
    [
      10,
      11
    ],
    [
      10,
      11
    ],
    [
      10,
      11
    ],
    [
      10,
      11
    ],
    [
      10,
      11
    ],
    [
      10,
      11
    ],
    [
      10,
      11
    ],
    [
      10,
      11
    ],
    [
      10,
      11
    ],
    [
      10,
      11
    ],
    [
      10,
      11
    ],
    [
      10,
      11
    ],
    [
      10,
      11
    ],
    [
      10,
      11
    ],
    [
      10,
      11
    ],
    [
      10,
      11
    ],
    [
      10,
      11
    ],
    [
      10,
      11
    ],
    [
      10,
      11
    ],
    [
      10,
      11
    ],
    [
      10,
      11
    ],
    [
      10,
      11
    ],
    [
      10,
      11
    ],
    [
      10,
      11
    ],
    [
      10,
      11
    ],
    [
      10,
      11
    ],
    [
      10,
      11
    ],
    [
      10,
      11
    ],
    [
      10,
      11
    ],
    [
      10,
      11
    ],
    [
      10,
      11
    ],
    [
      10,
      11
    ],
    [
      10,
      11
    ],
    [
      10,
      11
    ],
    [
      10,
      11
    ],
    [
      10,
      11
    ],
    [
      10,
      11
    ],
    [
      10,
      11
    ],
    [
      10,
      11
    ],
    [
      10,
      11
    ],
    [
      10,
      11
    ],
    [
      10,
      11
    ],
    [
      10,
      11
    ],
    [
      10,
      11
    ],
    [
      10,
      11
    ],
    [
      10,
      11
    ],
    [
      10,
      11
    ],
    [
      10,
      11
    ],
    [
      10,
      11
    ],
    [
      10,
      11
    ],
    [
      10,
      11
    ],
    [
      10,
      11
    ],
    [
      10,
      11
    ],
    [
      10,
      11
    ],
    [
      10,
      11
    ],
    [
      10,
      11
    ],
    [
      10,
      11
    ],
    [
      10,
      11
    ],
    [
      10,
      11
    ],
    [
      10,
      11
    ],
    [
      10,
      11
    ],
    [
      10,
      11
    ],
    [
      10,
      11
    ],
    [
      10,
      11
    ],
    [
      10,
      11
    ],
    [
      10,
      11
    ],
    [
      10,
      11
    ],
    [
      10,
      11
    ],
    [
      10,
      11
    ],
    [
      10,
      11
    ],
    [
      10,
      11
    ],
    [
      10,
      11
    ],
    [
      10,
      11
    ],
    [
      10,
      11
    ],
    [
      10,
      11
    ],
    [
      10,
      11
    ],
    [
      10,
      11
    ],
    [
      10,
      11
    ],
    [
      10,
      11
    ],
    [
      10,
      11
    ],
    [
      10,
      11
    ],
    [
      10,
      11
    ],
    [
      10,
      11
    ],
    [
      10,
      11
    ],
    [
      10,
      11
    ],
    [
      10,
      11
    ],
    [
      10,
      11
    ],
    [
      10,
      11
    ],
    [
      10,
      11
    ],
    [
      10,
      11
    ],
    [
      10,
      11
    ],
    [
      10,
      11
    ],
    [
      10,
      11
    ],
    [
      10,
      11
    ],
    [
      10,
      11
    ],
    [
      10,
      11
    ],
    [
      10,
      11
    ],
    [
      10,
      11
    ],
    [
      10,
      11
    ],
    [
      10,
      11
    ],
    [
      10,
      11
    ],
    [
      10,
      11
    ],
    [
      10,
      11
    ],
    [
      10,
      11
    ],
    [
      10,
      11
    ],
    [
      10,
      11
    ],
    [
      10,
      11
    ],
    [
      10,
      11
    ],
    [
      10,
      11
    ],
    [
      10,
      11
    ],
    [
      10,
      11
    ],
    [
      10,
      11
    ],
    [
      10,
      11
    ],
    [
      10,
      11
    ],
    [
      10,
      11
    ],
    [
      10,
      11
    ],
    [
      10,
      11
    ],
    [
      10,
      11
    ],
    [
      10,
      11
    ],
    [
      10,
      11
    ],
    [
      10,
      11
    ],
    [
      10,
      11
    ],
    [
      10,
      11
    ],
    [
      10,
      11
    ],
    [
      10,
      11
    ],
    [
      10,
      11
    ],
    [
      10,
      11
    ],
    [
      10,
      11
    ],
    [
      10,
      11
    ],
    [
      10,
      11
    ],
    [
      10,
      11
    ],
    [
      10,
      11
    ],
    [
      10,
      11
    ],
    [
      10,
      11
    ],
    [
      10,
      11
    ],
    [
      10,
      11
    ],
    [
      10,
      11
    ],
    [
      10,
      11
    ],
    [
      10,
      11
    ],
    [
      10,
      11
    ],
    [
      11,
      12
    ],
    [
      11,
      12
    ],
    [
      11,
      12
    ],
    [
      11,
      12
    ],
    [
      11,
      12
    ],
    [
      11,
      12
    ],
    [
      11,
      12
    ],
    [
      11,
      12
    ],
    [
      11,
      12
    ],
    [
      11,
      12
    ],
    [
      11,
      12
    ],
    [
      11,
      12
    ],
    [
      11,
      12
    ],
    [
      11,
      12
    ],
    [
      11,
      12
    ],
    [
      11,
      12
    ],
    [
      11,
      12
    ],
    [
      11,
      12
    ],
    [
      11,
      12
    ],
    [
      11,
      12
    ],
    [
      11,
      12
    ],
    [
      11,
      12
    ],
    [
      11,
      12
    ],
    [
      11,
      12
    ],
    [
      11,
      12
    ],
    [
      11,
      12
    ],
    [
      11,
      12
    ],
    [
      11,
      12
    ],
    [
      11,
      12
    ],
    [
      11,
      12
    ],
    [
      11,
      12
    ],
    [
      11,
      12
    ],
    [
      11,
      12
    ],
    [
      11,
      12
    ],
    [
      11,
      12
    ],
    [
      11,
      12
    ],
    [
      11,
      12
    ],
    [
      11,
      12
    ],
    [
      11,
      12
    ],
    [
      11,
      12
    ],
    [
      11,
      12
    ],
    [
      11,
      12
    ],
    [
      11,
      12
    ],
    [
      11,
      12
    ],
    [
      11,
      12
    ],
    [
      11,
      12
    ],
    [
      11,
      12
    ],
    [
      11,
      12
    ],
    [
      11,
      12
    ],
    [
      11,
      12
    ],
    [
      11,
      12
    ],
    [
      11,
      12
    ],
    [
      11,
      12
    ],
    [
      11,
      12
    ],
    [
      11,
      12
    ],
    [
      11,
      12
    ],
    [
      11,
      12
    ],
    [
      11,
      12
    ],
    [
      11,
      12
    ],
    [
      11,
      12
    ],
    [
      11,
      12
    ],
    [
      11,
      12
    ],
    [
      11,
      12
    ],
    [
      11,
      12
    ],
    [
      11,
      12
    ],
    [
      11,
      12
    ],
    [
      11,
      12
    ],
    [
      11,
      12
    ],
    [
      11,
      12
    ],
    [
      11,
      12
    ],
    [
      11,
      12
    ],
    [
      11,
      12
    ],
    [
      11,
      12
    ],
    [
      11,
      12
    ],
    [
      11,
      12
    ],
    [
      11,
      12
    ],
    [
      11,
      12
    ],
    [
      11,
      12
    ],
    [
      11,
      12
    ],
    [
      11,
      12
    ],
    [
      11,
      12
    ],
    [
      11,
      12
    ],
    [
      11,
      12
    ],
    [
      11,
      12
    ],
    [
      11,
      12
    ],
    [
      11,
      12
    ],
    [
      11,
      12
    ],
    [
      11,
      12
    ],
    [
      11,
      12
    ],
    [
      11,
      12
    ],
    [
      11,
      12
    ],
    [
      11,
      12
    ],
    [
      11,
      12
    ],
    [
      11,
      12
    ],
    [
      11,
      12
    ],
    [
      11,
      12
    ],
    [
      11,
      12
    ],
    [
      11,
      12
    ],
    [
      11,
      12
    ],
    [
      11,
      12
    ],
    [
      11,
      12
    ],
    [
      11,
      12
    ],
    [
      11,
      12
    ],
    [
      11,
      12
    ],
    [
      11,
      12
    ],
    [
      11,
      12
    ],
    [
      11,
      12
    ],
    [
      11,
      12
    ],
    [
      11,
      12
    ],
    [
      11,
      12
    ],
    [
      11,
      12
    ],
    [
      11,
      12
    ],
    [
      11,
      12
    ],
    [
      11,
      12
    ],
    [
      11,
      12
    ],
    [
      11,
      12
    ],
    [
      11,
      12
    ],
    [
      11,
      12
    ],
    [
      11,
      12
    ],
    [
      11,
      12
    ],
    [
      11,
      12
    ],
    [
      11,
      12
    ],
    [
      11,
      12
    ],
    [
      11,
      12
    ],
    [
      11,
      12
    ],
    [
      11,
      12
    ],
    [
      11,
      12
    ],
    [
      11,
      12
    ],
    [
      11,
      12
    ],
    [
      11,
      12
    ],
    [
      11,
      12
    ],
    [
      11,
      12
    ],
    [
      11,
      12
    ],
    [
      11,
      12
    ],
    [
      11,
      12
    ],
    [
      11,
      12
    ],
    [
      11,
      12
    ],
    [
      11,
      12
    ],
    [
      11,
      12
    ],
    [
      11,
      12
    ],
    [
      11,
      12
    ],
    [
      11,
      12
    ],
    [
      11,
      12
    ],
    [
      11,
      12
    ],
    [
      11,
      12
    ],
    [
      11,
      12
    ],
    [
      11,
      12
    ],
    [
      11,
      12
    ],
    [
      11,
      12
    ],
    [
      11,
      12
    ],
    [
      11,
      12
    ],
    [
      11,
      12
    ],
    [
      11,
      12
    ],
    [
      11,
      12
    ],
    [
      11,
      12
    ],
    [
      11,
      12
    ],
    [
      11,
      12
    ],
    [
      11,
      12
    ],
    [
      11,
      12
    ],
    [
      11,
      12
    ],
    [
      11,
      12
    ],
    [
      11,
      12
    ],
    [
      11,
      12
    ],
    [
      11,
      12
    ],
    [
      11,
      12
    ],
    [
      11,
      12
    ],
    [
      11,
      12
    ],
    [
      11,
      12
    ],
    [
      11,
      12
    ],
    [
      11,
      12
    ],
    [
      11,
      12
    ],
    [
      11,
      12
    ],
    [
      11,
      12
    ],
    [
      11,
      12
    ],
    [
      11,
      12
    ],
    [
      11,
      12
    ],
    [
      11,
      12
    ],
    [
      11,
      12
    ],
    [
      11,
      12
    ],
    [
      11,
      12
    ],
    [
      11,
      12
    ],
    [
      11,
      12
    ],
    [
      11,
      12
    ],
    [
      11,
      12
    ],
    [
      11,
      12
    ],
    [
      11,
      12
    ],
    [
      11,
      12
    ],
    [
      11,
      12
    ],
    [
      11,
      12
    ],
    [
      11,
      12
    ],
    [
      11,
      12
    ],
    [
      11,
      12
    ],
    [
      11,
      12
    ],
    [
      11,
      12
    ],
    [
      11,
      12
    ],
    [
      11,
      12
    ],
    [
      11,
      12
    ],
    [
      11,
      12
    ],
    [
      11,
      12
    ],
    [
      11,
      12
    ],
    [
      11,
      12
    ],
    [
      11,
      12
    ],
    [
      11,
      12
    ],
    [
      11,
      12
    ],
    [
      11,
      12
    ],
    [
      11,
      12
    ],
    [
      11,
      12
    ],
    [
      11,
      12
    ],
    [
      11,
      12
    ],
    [
      11,
      12
    ],
    [
      11,
      12
    ],
    [
      11,
      12
    ],
    [
      11,
      12
    ],
    [
      11,
      12
    ],
    [
      11,
      12
    ],
    [
      11,
      12
    ],
    [
      11,
      12
    ],
    [
      11,
      12
    ],
    [
      11,
      12
    ],
    [
      11,
      12
    ],
    [
      11,
      12
    ],
    [
      11,
      12
    ],
    [
      11,
      12
    ],
    [
      11,
      12
    ],
    [
      11,
      12
    ],
    [
      11,
      12
    ],
    [
      11,
      12
    ],
    [
      11,
      12
    ],
    [
      11,
      12
    ],
    [
      11,
      12
    ],
    [
      11,
      12
    ],
    [
      11,
      12
    ],
    [
      11,
      12
    ],
    [
      11,
      12
    ],
    [
      11,
      12
    ],
    [
      11,
      12
    ],
    [
      11,
      12
    ],
    [
      11,
      12
    ],
    [
      11,
      12
    ],
    [
      11,
      12
    ],
    [
      11,
      12
    ],
    [
      11,
      12
    ],
    [
      11,
      12
    ],
    [
      11,
      12
    ],
    [
      11,
      12
    ],
    [
      11,
      12
    ],
    [
      11,
      12
    ],
    [
      11,
      12
    ],
    [
      11,
      12
    ],
    [
      11,
      12
    ],
    [
      11,
      12
    ],
    [
      11,
      12
    ],
    [
      11,
      12
    ],
    [
      11,
      12
    ],
    [
      11,
      12
    ],
    [
      11,
      12
    ],
    [
      12,
      13
    ],
    [
      12,
      13
    ],
    [
      12,
      13
    ],
    [
      12,
      13
    ],
    [
      12,
      13
    ],
    [
      12,
      13
    ],
    [
      12,
      13
    ],
    [
      12,
      13
    ],
    [
      12,
      13
    ],
    [
      12,
      13
    ],
    [
      12,
      13
    ],
    [
      12,
      13
    ],
    [
      12,
      13
    ],
    [
      12,
      13
    ],
    [
      12,
      13
    ],
    [
      12,
      13
    ],
    [
      12,
      13
    ],
    [
      12,
      13
    ],
    [
      12,
      13
    ],
    [
      12,
      13
    ],
    [
      12,
      13
    ],
    [
      12,
      13
    ],
    [
      12,
      13
    ],
    [
      12,
      13
    ],
    [
      12,
      13
    ],
    [
      12,
      13
    ],
    [
      12,
      13
    ],
    [
      12,
      13
    ],
    [
      12,
      13
    ],
    [
      12,
      13
    ],
    [
      12,
      13
    ],
    [
      12,
      13
    ],
    [
      12,
      13
    ],
    [
      12,
      13
    ],
    [
      12,
      13
    ],
    [
      12,
      13
    ],
    [
      12,
      13
    ],
    [
      12,
      13
    ],
    [
      12,
      13
    ],
    [
      12,
      13
    ],
    [
      12,
      13
    ],
    [
      12,
      13
    ],
    [
      12,
      13
    ],
    [
      12,
      13
    ],
    [
      12,
      13
    ],
    [
      12,
      13
    ],
    [
      12,
      13
    ],
    [
      12,
      13
    ],
    [
      12,
      13
    ],
    [
      12,
      13
    ],
    [
      12,
      13
    ],
    [
      12,
      13
    ],
    [
      12,
      13
    ],
    [
      12,
      13
    ],
    [
      12,
      13
    ],
    [
      12,
      13
    ],
    [
      12,
      13
    ],
    [
      12,
      13
    ],
    [
      12,
      13
    ],
    [
      12,
      13
    ],
    [
      12,
      13
    ],
    [
      12,
      13
    ],
    [
      12,
      13
    ],
    [
      12,
      13
    ],
    [
      12,
      13
    ],
    [
      12,
      13
    ],
    [
      12,
      13
    ],
    [
      12,
      13
    ],
    [
      12,
      13
    ],
    [
      12,
      13
    ],
    [
      12,
      13
    ],
    [
      12,
      13
    ],
    [
      12,
      13
    ],
    [
      12,
      13
    ],
    [
      12,
      13
    ],
    [
      12,
      13
    ],
    [
      12,
      13
    ],
    [
      12,
      13
    ],
    [
      12,
      13
    ],
    [
      12,
      13
    ],
    [
      12,
      13
    ],
    [
      12,
      13
    ],
    [
      12,
      13
    ],
    [
      12,
      13
    ],
    [
      12,
      13
    ],
    [
      12,
      13
    ],
    [
      12,
      13
    ],
    [
      12,
      13
    ],
    [
      12,
      13
    ],
    [
      12,
      13
    ],
    [
      12,
      13
    ],
    [
      12,
      13
    ],
    [
      12,
      13
    ],
    [
      12,
      13
    ],
    [
      12,
      13
    ],
    [
      12,
      13
    ],
    [
      12,
      13
    ],
    [
      12,
      13
    ],
    [
      12,
      13
    ],
    [
      12,
      13
    ],
    [
      12,
      13
    ],
    [
      12,
      13
    ],
    [
      12,
      13
    ],
    [
      12,
      13
    ],
    [
      12,
      13
    ],
    [
      12,
      13
    ],
    [
      12,
      13
    ],
    [
      12,
      13
    ],
    [
      12,
      13
    ],
    [
      12,
      13
    ],
    [
      12,
      13
    ],
    [
      12,
      13
    ],
    [
      12,
      13
    ],
    [
      12,
      13
    ],
    [
      12,
      13
    ],
    [
      12,
      13
    ],
    [
      12,
      13
    ],
    [
      12,
      13
    ],
    [
      12,
      13
    ],
    [
      12,
      13
    ],
    [
      12,
      13
    ],
    [
      12,
      13
    ],
    [
      12,
      13
    ],
    [
      12,
      13
    ],
    [
      12,
      13
    ],
    [
      12,
      13
    ],
    [
      12,
      13
    ],
    [
      12,
      13
    ],
    [
      12,
      13
    ],
    [
      12,
      13
    ],
    [
      12,
      13
    ],
    [
      12,
      13
    ],
    [
      12,
      13
    ],
    [
      12,
      13
    ],
    [
      12,
      13
    ],
    [
      12,
      13
    ],
    [
      12,
      13
    ],
    [
      12,
      13
    ],
    [
      12,
      13
    ],
    [
      12,
      13
    ],
    [
      12,
      13
    ],
    [
      12,
      13
    ],
    [
      12,
      13
    ],
    [
      12,
      13
    ],
    [
      12,
      13
    ],
    [
      12,
      13
    ],
    [
      12,
      13
    ],
    [
      12,
      13
    ],
    [
      12,
      13
    ],
    [
      12,
      13
    ],
    [
      12,
      13
    ],
    [
      12,
      13
    ],
    [
      12,
      13
    ],
    [
      12,
      13
    ],
    [
      12,
      13
    ],
    [
      12,
      13
    ],
    [
      12,
      13
    ],
    [
      12,
      13
    ],
    [
      12,
      13
    ],
    [
      12,
      13
    ],
    [
      12,
      13
    ],
    [
      12,
      13
    ],
    [
      12,
      13
    ],
    [
      12,
      13
    ],
    [
      12,
      13
    ],
    [
      12,
      13
    ],
    [
      12,
      13
    ],
    [
      12,
      13
    ],
    [
      12,
      13
    ],
    [
      12,
      13
    ],
    [
      12,
      13
    ],
    [
      12,
      13
    ],
    [
      12,
      13
    ],
    [
      12,
      13
    ],
    [
      12,
      13
    ],
    [
      12,
      13
    ],
    [
      12,
      13
    ],
    [
      12,
      13
    ],
    [
      12,
      13
    ],
    [
      12,
      13
    ],
    [
      12,
      13
    ],
    [
      12,
      13
    ],
    [
      12,
      13
    ],
    [
      12,
      13
    ],
    [
      12,
      13
    ],
    [
      12,
      13
    ],
    [
      12,
      13
    ],
    [
      12,
      13
    ],
    [
      12,
      13
    ],
    [
      12,
      13
    ],
    [
      12,
      13
    ],
    [
      12,
      13
    ],
    [
      12,
      13
    ],
    [
      12,
      13
    ],
    [
      12,
      13
    ],
    [
      12,
      13
    ],
    [
      12,
      13
    ],
    [
      12,
      13
    ],
    [
      12,
      13
    ],
    [
      12,
      13
    ],
    [
      12,
      13
    ],
    [
      12,
      13
    ],
    [
      12,
      13
    ],
    [
      12,
      13
    ],
    [
      12,
      13
    ],
    [
      12,
      13
    ],
    [
      12,
      13
    ],
    [
      12,
      13
    ],
    [
      12,
      13
    ],
    [
      12,
      13
    ],
    [
      12,
      13
    ],
    [
      12,
      13
    ],
    [
      12,
      13
    ],
    [
      12,
      13
    ],
    [
      12,
      13
    ],
    [
      12,
      13
    ],
    [
      12,
      13
    ],
    [
      12,
      13
    ],
    [
      12,
      13
    ],
    [
      12,
      13
    ],
    [
      12,
      13
    ],
    [
      12,
      13
    ],
    [
      12,
      13
    ],
    [
      12,
      13
    ],
    [
      12,
      13
    ],
    [
      12,
      13
    ],
    [
      12,
      13
    ],
    [
      12,
      13
    ],
    [
      12,
      13
    ],
    [
      12,
      13
    ],
    [
      12,
      13
    ],
    [
      12,
      13
    ],
    [
      12,
      13
    ],
    [
      12,
      13
    ],
    [
      12,
      13
    ],
    [
      12,
      13
    ],
    [
      12,
      13
    ],
    [
      12,
      13
    ],
    [
      12,
      13
    ],
    [
      12,
      13
    ],
    [
      12,
      13
    ],
    [
      12,
      13
    ],
    [
      12,
      13
    ],
    [
      12,
      13
    ],
    [
      12,
      13
    ],
    [
      12,
      13
    ],
    [
      12,
      13
    ],
    [
      12,
      13
    ],
    [
      12,
      13
    ],
    [
      12,
      13
    ],
    [
      12,
      13
    ],
    [
      12,
      13
    ],
    [
      12,
      13
    ],
    [
      12,
      13
    ],
    [
      12,
      13
    ],
    [
      12,
      13
    ],
    [
      13,
      14
    ],
    [
      13,
      14
    ],
    [
      13,
      14
    ],
    [
      13,
      14
    ],
    [
      13,
      14
    ],
    [
      13,
      14
    ],
    [
      13,
      14
    ],
    [
      13,
      14
    ],
    [
      13,
      14
    ],
    [
      13,
      14
    ],
    [
      13,
      14
    ],
    [
      13,
      14
    ],
    [
      13,
      14
    ],
    [
      13,
      14
    ],
    [
      13,
      14
    ],
    [
      13,
      14
    ],
    [
      13,
      14
    ],
    [
      13,
      14
    ],
    [
      13,
      14
    ],
    [
      13,
      14
    ],
    [
      13,
      14
    ],
    [
      13,
      14
    ],
    [
      13,
      14
    ],
    [
      13,
      14
    ],
    [
      13,
      14
    ],
    [
      13,
      14
    ],
    [
      13,
      14
    ],
    [
      13,
      14
    ],
    [
      13,
      14
    ],
    [
      13,
      14
    ],
    [
      13,
      14
    ],
    [
      13,
      14
    ],
    [
      13,
      14
    ],
    [
      13,
      14
    ],
    [
      13,
      14
    ],
    [
      13,
      14
    ],
    [
      13,
      14
    ],
    [
      13,
      14
    ],
    [
      13,
      14
    ],
    [
      13,
      14
    ],
    [
      13,
      14
    ],
    [
      13,
      14
    ],
    [
      13,
      14
    ],
    [
      13,
      14
    ],
    [
      13,
      14
    ],
    [
      13,
      14
    ],
    [
      13,
      14
    ],
    [
      13,
      14
    ],
    [
      13,
      14
    ],
    [
      13,
      14
    ],
    [
      13,
      14
    ],
    [
      13,
      14
    ],
    [
      13,
      14
    ],
    [
      13,
      14
    ],
    [
      13,
      14
    ],
    [
      13,
      14
    ],
    [
      13,
      14
    ],
    [
      13,
      14
    ],
    [
      13,
      14
    ],
    [
      13,
      14
    ],
    [
      13,
      14
    ],
    [
      13,
      14
    ],
    [
      13,
      14
    ],
    [
      13,
      14
    ],
    [
      13,
      14
    ],
    [
      13,
      14
    ],
    [
      13,
      14
    ],
    [
      13,
      14
    ],
    [
      13,
      14
    ],
    [
      13,
      14
    ],
    [
      13,
      14
    ],
    [
      13,
      14
    ],
    [
      13,
      14
    ],
    [
      13,
      14
    ],
    [
      13,
      14
    ],
    [
      13,
      14
    ],
    [
      13,
      14
    ],
    [
      13,
      14
    ],
    [
      13,
      14
    ],
    [
      13,
      14
    ],
    [
      13,
      14
    ],
    [
      13,
      14
    ],
    [
      13,
      14
    ],
    [
      13,
      14
    ],
    [
      13,
      14
    ],
    [
      13,
      14
    ],
    [
      13,
      14
    ],
    [
      13,
      14
    ],
    [
      13,
      14
    ],
    [
      13,
      14
    ],
    [
      13,
      14
    ],
    [
      13,
      14
    ],
    [
      13,
      14
    ],
    [
      13,
      14
    ],
    [
      13,
      14
    ],
    [
      13,
      14
    ],
    [
      13,
      14
    ],
    [
      13,
      14
    ],
    [
      13,
      14
    ],
    [
      13,
      14
    ],
    [
      13,
      14
    ],
    [
      13,
      14
    ],
    [
      13,
      14
    ],
    [
      13,
      14
    ],
    [
      13,
      14
    ],
    [
      13,
      14
    ],
    [
      13,
      14
    ],
    [
      13,
      14
    ],
    [
      13,
      14
    ],
    [
      13,
      14
    ],
    [
      13,
      14
    ],
    [
      13,
      14
    ],
    [
      13,
      14
    ],
    [
      13,
      14
    ],
    [
      13,
      14
    ],
    [
      13,
      14
    ],
    [
      13,
      14
    ],
    [
      13,
      14
    ],
    [
      13,
      14
    ],
    [
      13,
      14
    ],
    [
      13,
      14
    ],
    [
      13,
      14
    ],
    [
      13,
      14
    ],
    [
      13,
      14
    ],
    [
      13,
      14
    ],
    [
      13,
      14
    ],
    [
      13,
      14
    ],
    [
      13,
      14
    ],
    [
      13,
      14
    ],
    [
      13,
      14
    ],
    [
      13,
      14
    ],
    [
      13,
      14
    ],
    [
      13,
      14
    ],
    [
      13,
      14
    ],
    [
      13,
      14
    ],
    [
      13,
      14
    ],
    [
      13,
      14
    ],
    [
      13,
      14
    ],
    [
      13,
      14
    ],
    [
      13,
      14
    ],
    [
      13,
      14
    ],
    [
      13,
      14
    ],
    [
      13,
      14
    ],
    [
      13,
      14
    ],
    [
      13,
      14
    ],
    [
      13,
      14
    ],
    [
      13,
      14
    ],
    [
      13,
      14
    ],
    [
      13,
      14
    ],
    [
      13,
      14
    ],
    [
      13,
      14
    ],
    [
      13,
      14
    ],
    [
      13,
      14
    ],
    [
      13,
      14
    ],
    [
      13,
      14
    ],
    [
      13,
      14
    ],
    [
      13,
      14
    ],
    [
      13,
      14
    ],
    [
      13,
      14
    ],
    [
      13,
      14
    ],
    [
      13,
      14
    ],
    [
      13,
      14
    ],
    [
      13,
      14
    ],
    [
      13,
      14
    ],
    [
      13,
      14
    ],
    [
      13,
      14
    ],
    [
      13,
      14
    ],
    [
      13,
      14
    ],
    [
      13,
      14
    ],
    [
      13,
      14
    ],
    [
      13,
      14
    ],
    [
      13,
      14
    ],
    [
      13,
      14
    ],
    [
      13,
      14
    ],
    [
      13,
      14
    ],
    [
      13,
      14
    ],
    [
      13,
      14
    ],
    [
      13,
      14
    ],
    [
      13,
      14
    ],
    [
      13,
      14
    ],
    [
      13,
      14
    ],
    [
      13,
      14
    ],
    [
      13,
      14
    ],
    [
      13,
      14
    ],
    [
      13,
      14
    ],
    [
      13,
      14
    ],
    [
      13,
      14
    ],
    [
      13,
      14
    ],
    [
      13,
      14
    ],
    [
      13,
      14
    ],
    [
      13,
      14
    ],
    [
      13,
      14
    ],
    [
      13,
      14
    ],
    [
      13,
      14
    ],
    [
      13,
      14
    ],
    [
      13,
      14
    ],
    [
      13,
      14
    ],
    [
      13,
      14
    ],
    [
      13,
      14
    ],
    [
      13,
      14
    ],
    [
      13,
      14
    ],
    [
      13,
      14
    ],
    [
      13,
      14
    ],
    [
      13,
      14
    ],
    [
      13,
      14
    ],
    [
      13,
      14
    ],
    [
      13,
      14
    ],
    [
      13,
      14
    ],
    [
      13,
      14
    ],
    [
      13,
      14
    ],
    [
      13,
      14
    ],
    [
      13,
      14
    ],
    [
      13,
      14
    ],
    [
      13,
      14
    ],
    [
      13,
      14
    ],
    [
      13,
      14
    ],
    [
      13,
      14
    ],
    [
      13,
      14
    ],
    [
      13,
      14
    ],
    [
      13,
      14
    ],
    [
      13,
      14
    ],
    [
      13,
      14
    ],
    [
      13,
      14
    ],
    [
      13,
      14
    ],
    [
      13,
      14
    ],
    [
      13,
      14
    ],
    [
      13,
      14
    ],
    [
      13,
      14
    ],
    [
      13,
      14
    ],
    [
      13,
      14
    ],
    [
      13,
      14
    ],
    [
      13,
      14
    ],
    [
      13,
      14
    ],
    [
      13,
      14
    ],
    [
      13,
      14
    ],
    [
      13,
      14
    ],
    [
      13,
      14
    ],
    [
      13,
      14
    ],
    [
      13,
      14
    ],
    [
      13,
      14
    ],
    [
      13,
      14
    ],
    [
      13,
      14
    ],
    [
      13,
      14
    ],
    [
      13,
      14
    ],
    [
      13,
      14
    ],
    [
      13,
      14
    ],
    [
      13,
      14
    ],
    [
      13,
      14
    ],
    [
      13,
      14
    ],
    [
      13,
      14
    ],
    [
      13,
      14
    ],
    [
      13,
      14
    ],
    [
      13,
      14
    ],
    [
      13,
      14
    ],
    [
      13,
      14
    ],
    [
      13,
      14
    ],
    [
      14,
      15
    ],
    [
      14,
      15
    ],
    [
      14,
      15
    ],
    [
      14,
      15
    ],
    [
      14,
      15
    ],
    [
      14,
      15
    ],
    [
      14,
      15
    ],
    [
      14,
      15
    ],
    [
      14,
      15
    ],
    [
      14,
      15
    ],
    [
      14,
      15
    ],
    [
      14,
      15
    ],
    [
      14,
      15
    ],
    [
      14,
      15
    ],
    [
      14,
      15
    ],
    [
      14,
      15
    ],
    [
      14,
      15
    ],
    [
      14,
      15
    ],
    [
      14,
      15
    ],
    [
      14,
      15
    ],
    [
      14,
      15
    ],
    [
      14,
      15
    ],
    [
      14,
      15
    ],
    [
      14,
      15
    ],
    [
      14,
      15
    ],
    [
      14,
      15
    ],
    [
      14,
      15
    ],
    [
      14,
      15
    ],
    [
      14,
      15
    ],
    [
      14,
      15
    ],
    [
      14,
      15
    ],
    [
      14,
      15
    ],
    [
      14,
      15
    ],
    [
      14,
      15
    ],
    [
      14,
      15
    ],
    [
      14,
      15
    ],
    [
      14,
      15
    ],
    [
      14,
      15
    ],
    [
      14,
      15
    ],
    [
      14,
      15
    ],
    [
      14,
      15
    ],
    [
      14,
      15
    ],
    [
      14,
      15
    ],
    [
      14,
      15
    ],
    [
      14,
      15
    ],
    [
      14,
      15
    ],
    [
      14,
      15
    ],
    [
      14,
      15
    ],
    [
      14,
      15
    ],
    [
      14,
      15
    ],
    [
      14,
      15
    ],
    [
      14,
      15
    ],
    [
      14,
      15
    ],
    [
      14,
      15
    ],
    [
      14,
      15
    ],
    [
      14,
      15
    ],
    [
      14,
      15
    ],
    [
      14,
      15
    ],
    [
      14,
      15
    ],
    [
      14,
      15
    ],
    [
      14,
      15
    ],
    [
      14,
      15
    ],
    [
      14,
      15
    ],
    [
      14,
      15
    ],
    [
      14,
      15
    ],
    [
      14,
      15
    ],
    [
      14,
      15
    ],
    [
      14,
      15
    ],
    [
      14,
      15
    ],
    [
      14,
      15
    ],
    [
      14,
      15
    ],
    [
      14,
      15
    ],
    [
      14,
      15
    ],
    [
      14,
      15
    ],
    [
      14,
      15
    ],
    [
      14,
      15
    ],
    [
      14,
      15
    ],
    [
      14,
      15
    ],
    [
      14,
      15
    ],
    [
      14,
      15
    ],
    [
      14,
      15
    ],
    [
      14,
      15
    ],
    [
      14,
      15
    ],
    [
      14,
      15
    ],
    [
      14,
      15
    ],
    [
      14,
      15
    ],
    [
      14,
      15
    ],
    [
      14,
      15
    ],
    [
      14,
      15
    ],
    [
      14,
      15
    ],
    [
      14,
      15
    ],
    [
      14,
      15
    ],
    [
      14,
      15
    ],
    [
      14,
      15
    ],
    [
      14,
      15
    ],
    [
      14,
      15
    ],
    [
      14,
      15
    ],
    [
      14,
      15
    ],
    [
      14,
      15
    ],
    [
      14,
      15
    ],
    [
      14,
      15
    ],
    [
      14,
      15
    ],
    [
      14,
      15
    ],
    [
      14,
      15
    ],
    [
      14,
      15
    ],
    [
      14,
      15
    ],
    [
      14,
      15
    ],
    [
      14,
      15
    ],
    [
      14,
      15
    ],
    [
      14,
      15
    ],
    [
      14,
      15
    ],
    [
      14,
      15
    ],
    [
      14,
      15
    ],
    [
      14,
      15
    ],
    [
      14,
      15
    ],
    [
      14,
      15
    ],
    [
      14,
      15
    ],
    [
      14,
      15
    ],
    [
      14,
      15
    ],
    [
      14,
      15
    ],
    [
      14,
      15
    ],
    [
      14,
      15
    ],
    [
      14,
      15
    ],
    [
      14,
      15
    ],
    [
      14,
      15
    ],
    [
      14,
      15
    ],
    [
      14,
      15
    ],
    [
      14,
      15
    ],
    [
      14,
      15
    ],
    [
      14,
      15
    ],
    [
      14,
      15
    ],
    [
      14,
      15
    ],
    [
      14,
      15
    ],
    [
      14,
      15
    ],
    [
      14,
      15
    ],
    [
      14,
      15
    ],
    [
      14,
      15
    ],
    [
      14,
      15
    ],
    [
      14,
      15
    ],
    [
      14,
      15
    ],
    [
      14,
      15
    ],
    [
      14,
      15
    ],
    [
      14,
      15
    ],
    [
      14,
      15
    ],
    [
      14,
      15
    ],
    [
      14,
      15
    ],
    [
      14,
      15
    ],
    [
      14,
      15
    ],
    [
      14,
      15
    ],
    [
      14,
      15
    ],
    [
      14,
      15
    ],
    [
      14,
      15
    ],
    [
      14,
      15
    ],
    [
      14,
      15
    ],
    [
      14,
      15
    ],
    [
      14,
      15
    ],
    [
      14,
      15
    ],
    [
      14,
      15
    ],
    [
      14,
      15
    ],
    [
      14,
      15
    ],
    [
      14,
      15
    ],
    [
      14,
      15
    ],
    [
      14,
      15
    ],
    [
      14,
      15
    ],
    [
      14,
      15
    ],
    [
      14,
      15
    ],
    [
      14,
      15
    ],
    [
      14,
      15
    ],
    [
      14,
      15
    ],
    [
      14,
      15
    ],
    [
      14,
      15
    ],
    [
      14,
      15
    ],
    [
      14,
      15
    ],
    [
      14,
      15
    ],
    [
      14,
      15
    ],
    [
      14,
      15
    ],
    [
      14,
      15
    ],
    [
      14,
      15
    ],
    [
      14,
      15
    ],
    [
      14,
      15
    ],
    [
      14,
      15
    ],
    [
      14,
      15
    ],
    [
      14,
      15
    ],
    [
      14,
      15
    ],
    [
      14,
      15
    ],
    [
      14,
      15
    ],
    [
      14,
      15
    ],
    [
      14,
      15
    ],
    [
      14,
      15
    ],
    [
      14,
      15
    ],
    [
      14,
      15
    ],
    [
      14,
      15
    ],
    [
      14,
      15
    ],
    [
      14,
      15
    ],
    [
      14,
      15
    ],
    [
      14,
      15
    ],
    [
      14,
      15
    ],
    [
      14,
      15
    ],
    [
      14,
      15
    ],
    [
      14,
      15
    ],
    [
      14,
      15
    ],
    [
      14,
      15
    ],
    [
      14,
      15
    ],
    [
      14,
      15
    ],
    [
      14,
      15
    ],
    [
      14,
      15
    ],
    [
      14,
      15
    ],
    [
      14,
      15
    ],
    [
      14,
      15
    ],
    [
      14,
      15
    ],
    [
      14,
      15
    ],
    [
      14,
      15
    ],
    [
      14,
      15
    ],
    [
      14,
      15
    ],
    [
      14,
      15
    ],
    [
      14,
      15
    ],
    [
      14,
      15
    ],
    [
      14,
      15
    ],
    [
      14,
      15
    ],
    [
      14,
      15
    ],
    [
      14,
      15
    ],
    [
      14,
      15
    ],
    [
      14,
      15
    ],
    [
      14,
      15
    ],
    [
      14,
      15
    ],
    [
      14,
      15
    ],
    [
      14,
      15
    ],
    [
      14,
      15
    ],
    [
      14,
      15
    ],
    [
      14,
      15
    ],
    [
      14,
      15
    ],
    [
      14,
      15
    ],
    [
      14,
      15
    ],
    [
      14,
      15
    ],
    [
      14,
      15
    ],
    [
      14,
      15
    ],
    [
      14,
      15
    ],
    [
      14,
      15
    ],
    [
      14,
      15
    ],
    [
      14,
      15
    ],
    [
      14,
      15
    ],
    [
      14,
      15
    ],
    [
      14,
      15
    ],
    [
      14,
      15
    ],
    [
      14,
      15
    ],
    [
      14,
      15
    ],
    [
      14,
      15
    ],
    [
      14,
      15
    ],
    [
      14,
      15
    ],
    [
      14,
      15
    ],
    [
      14,
      15
    ],
    [
      14,
      15
    ],
    [
      14,
      15
    ],
    [
      14,
      15
    ],
    [
      14,
      15
    ],
    [
      14,
      15
    ],
    [
      15,
      16
    ],
    [
      15,
      16
    ],
    [
      15,
      16
    ],
    [
      15,
      16
    ],
    [
      15,
      16
    ],
    [
      15,
      16
    ],
    [
      15,
      16
    ],
    [
      15,
      16
    ],
    [
      15,
      16
    ],
    [
      15,
      16
    ],
    [
      15,
      16
    ],
    [
      15,
      16
    ],
    [
      15,
      16
    ],
    [
      15,
      16
    ],
    [
      15,
      16
    ],
    [
      15,
      16
    ],
    [
      15,
      16
    ],
    [
      15,
      16
    ],
    [
      15,
      16
    ],
    [
      15,
      16
    ],
    [
      15,
      16
    ],
    [
      15,
      16
    ],
    [
      15,
      16
    ],
    [
      15,
      16
    ],
    [
      15,
      16
    ],
    [
      15,
      16
    ],
    [
      15,
      16
    ],
    [
      15,
      16
    ],
    [
      15,
      16
    ],
    [
      15,
      16
    ],
    [
      15,
      16
    ],
    [
      15,
      16
    ],
    [
      15,
      16
    ],
    [
      15,
      16
    ],
    [
      15,
      16
    ],
    [
      15,
      16
    ],
    [
      15,
      16
    ],
    [
      15,
      16
    ],
    [
      15,
      16
    ],
    [
      15,
      16
    ],
    [
      15,
      16
    ],
    [
      15,
      16
    ],
    [
      15,
      16
    ],
    [
      15,
      16
    ],
    [
      15,
      16
    ],
    [
      15,
      16
    ],
    [
      15,
      16
    ],
    [
      15,
      16
    ],
    [
      15,
      16
    ],
    [
      15,
      16
    ],
    [
      15,
      16
    ],
    [
      15,
      16
    ],
    [
      15,
      16
    ],
    [
      15,
      16
    ],
    [
      15,
      16
    ],
    [
      15,
      16
    ],
    [
      15,
      16
    ],
    [
      15,
      16
    ],
    [
      15,
      16
    ],
    [
      15,
      16
    ],
    [
      15,
      16
    ],
    [
      15,
      16
    ],
    [
      15,
      16
    ],
    [
      15,
      16
    ],
    [
      15,
      16
    ],
    [
      15,
      16
    ],
    [
      15,
      16
    ],
    [
      15,
      16
    ],
    [
      15,
      16
    ],
    [
      15,
      16
    ],
    [
      15,
      16
    ],
    [
      15,
      16
    ],
    [
      15,
      16
    ],
    [
      15,
      16
    ],
    [
      15,
      16
    ],
    [
      15,
      16
    ],
    [
      15,
      16
    ],
    [
      15,
      16
    ],
    [
      15,
      16
    ],
    [
      15,
      16
    ],
    [
      15,
      16
    ],
    [
      15,
      16
    ],
    [
      15,
      16
    ],
    [
      15,
      16
    ],
    [
      15,
      16
    ],
    [
      15,
      16
    ],
    [
      15,
      16
    ],
    [
      15,
      16
    ],
    [
      15,
      16
    ],
    [
      15,
      16
    ],
    [
      15,
      16
    ],
    [
      15,
      16
    ],
    [
      15,
      16
    ],
    [
      15,
      16
    ],
    [
      15,
      16
    ],
    [
      15,
      16
    ],
    [
      15,
      16
    ],
    [
      15,
      16
    ],
    [
      15,
      16
    ],
    [
      15,
      16
    ],
    [
      15,
      16
    ],
    [
      15,
      16
    ],
    [
      15,
      16
    ],
    [
      15,
      16
    ],
    [
      15,
      16
    ],
    [
      15,
      16
    ],
    [
      15,
      16
    ],
    [
      15,
      16
    ],
    [
      15,
      16
    ],
    [
      15,
      16
    ],
    [
      15,
      16
    ],
    [
      15,
      16
    ],
    [
      15,
      16
    ],
    [
      15,
      16
    ],
    [
      15,
      16
    ],
    [
      15,
      16
    ],
    [
      15,
      16
    ],
    [
      15,
      16
    ],
    [
      15,
      16
    ],
    [
      15,
      16
    ],
    [
      15,
      16
    ],
    [
      15,
      16
    ],
    [
      15,
      16
    ],
    [
      15,
      16
    ],
    [
      15,
      16
    ],
    [
      15,
      16
    ],
    [
      15,
      16
    ],
    [
      15,
      16
    ],
    [
      15,
      16
    ],
    [
      15,
      16
    ],
    [
      15,
      16
    ],
    [
      15,
      16
    ],
    [
      15,
      16
    ],
    [
      15,
      16
    ],
    [
      15,
      16
    ],
    [
      15,
      16
    ],
    [
      15,
      16
    ],
    [
      15,
      16
    ],
    [
      15,
      16
    ],
    [
      15,
      16
    ],
    [
      15,
      16
    ],
    [
      15,
      16
    ],
    [
      15,
      16
    ],
    [
      15,
      16
    ],
    [
      15,
      16
    ],
    [
      15,
      16
    ],
    [
      15,
      16
    ],
    [
      15,
      16
    ],
    [
      15,
      16
    ],
    [
      15,
      16
    ],
    [
      15,
      16
    ],
    [
      15,
      16
    ],
    [
      15,
      16
    ],
    [
      15,
      16
    ],
    [
      15,
      16
    ],
    [
      15,
      16
    ],
    [
      15,
      16
    ],
    [
      15,
      16
    ],
    [
      15,
      16
    ],
    [
      15,
      16
    ],
    [
      15,
      16
    ],
    [
      15,
      16
    ],
    [
      15,
      16
    ],
    [
      15,
      16
    ],
    [
      15,
      16
    ],
    [
      15,
      16
    ],
    [
      15,
      16
    ],
    [
      15,
      16
    ],
    [
      15,
      16
    ],
    [
      15,
      16
    ],
    [
      15,
      16
    ],
    [
      15,
      16
    ],
    [
      15,
      16
    ],
    [
      15,
      16
    ],
    [
      15,
      16
    ],
    [
      15,
      16
    ],
    [
      15,
      16
    ],
    [
      15,
      16
    ],
    [
      15,
      16
    ],
    [
      15,
      16
    ],
    [
      15,
      16
    ],
    [
      15,
      16
    ],
    [
      15,
      16
    ],
    [
      15,
      16
    ],
    [
      15,
      16
    ],
    [
      15,
      16
    ],
    [
      15,
      16
    ],
    [
      15,
      16
    ],
    [
      15,
      16
    ],
    [
      15,
      16
    ],
    [
      15,
      16
    ],
    [
      15,
      16
    ],
    [
      15,
      16
    ],
    [
      15,
      16
    ],
    [
      15,
      16
    ],
    [
      15,
      16
    ],
    [
      15,
      16
    ],
    [
      15,
      16
    ],
    [
      15,
      16
    ],
    [
      15,
      16
    ],
    [
      15,
      16
    ],
    [
      15,
      16
    ],
    [
      15,
      16
    ],
    [
      15,
      16
    ],
    [
      15,
      16
    ],
    [
      15,
      16
    ],
    [
      15,
      16
    ],
    [
      15,
      16
    ],
    [
      15,
      16
    ],
    [
      15,
      16
    ],
    [
      15,
      16
    ],
    [
      15,
      16
    ],
    [
      15,
      16
    ],
    [
      15,
      16
    ],
    [
      15,
      16
    ],
    [
      15,
      16
    ],
    [
      15,
      16
    ],
    [
      15,
      16
    ],
    [
      15,
      16
    ],
    [
      15,
      16
    ],
    [
      15,
      16
    ],
    [
      15,
      16
    ],
    [
      15,
      16
    ],
    [
      15,
      16
    ],
    [
      15,
      16
    ],
    [
      15,
      16
    ],
    [
      15,
      16
    ],
    [
      15,
      16
    ],
    [
      15,
      16
    ],
    [
      15,
      16
    ],
    [
      15,
      16
    ],
    [
      15,
      16
    ],
    [
      15,
      16
    ],
    [
      15,
      16
    ],
    [
      15,
      16
    ],
    [
      15,
      16
    ],
    [
      15,
      16
    ],
    [
      15,
      16
    ],
    [
      15,
      16
    ],
    [
      15,
      16
    ],
    [
      15,
      16
    ],
    [
      15,
      16
    ],
    [
      15,
      16
    ],
    [
      15,
      16
    ],
    [
      15,
      16
    ],
    [
      15,
      16
    ],
    [
      15,
      16
    ],
    [
      15,
      16
    ],
    [
      15,
      16
    ],
    [
      15,
      16
    ],
    [
      15,
      16
    ],
    [
      15,
      16
    ],
    [
      15,
      16
    ],
    [
      15,
      16
    ],
    [
      15,
      16
    ],
    [
      15,
      16
    ],
    [
      16,
      17
    ],
    [
      16,
      17
    ],
    [
      16,
      17
    ],
    [
      16,
      17
    ],
    [
      16,
      17
    ],
    [
      16,
      17
    ],
    [
      16,
      17
    ],
    [
      16,
      17
    ],
    [
      16,
      17
    ],
    [
      16,
      17
    ],
    [
      16,
      17
    ],
    [
      16,
      17
    ],
    [
      16,
      17
    ],
    [
      16,
      17
    ],
    [
      16,
      17
    ],
    [
      16,
      17
    ],
    [
      16,
      17
    ],
    [
      16,
      17
    ],
    [
      16,
      17
    ],
    [
      16,
      17
    ],
    [
      16,
      17
    ],
    [
      16,
      17
    ],
    [
      16,
      17
    ],
    [
      16,
      17
    ],
    [
      16,
      17
    ],
    [
      16,
      17
    ],
    [
      16,
      17
    ],
    [
      16,
      17
    ],
    [
      16,
      17
    ],
    [
      16,
      17
    ],
    [
      16,
      17
    ],
    [
      16,
      17
    ],
    [
      16,
      17
    ],
    [
      16,
      17
    ],
    [
      16,
      17
    ],
    [
      16,
      17
    ],
    [
      16,
      17
    ],
    [
      16,
      17
    ],
    [
      16,
      17
    ],
    [
      16,
      17
    ],
    [
      16,
      17
    ],
    [
      16,
      17
    ],
    [
      16,
      17
    ],
    [
      16,
      17
    ],
    [
      16,
      17
    ],
    [
      16,
      17
    ],
    [
      16,
      17
    ],
    [
      16,
      17
    ],
    [
      16,
      17
    ],
    [
      16,
      17
    ],
    [
      16,
      17
    ],
    [
      16,
      17
    ],
    [
      16,
      17
    ],
    [
      16,
      17
    ],
    [
      16,
      17
    ],
    [
      16,
      17
    ],
    [
      16,
      17
    ],
    [
      16,
      17
    ],
    [
      16,
      17
    ],
    [
      16,
      17
    ],
    [
      16,
      17
    ],
    [
      16,
      17
    ],
    [
      16,
      17
    ],
    [
      16,
      17
    ],
    [
      16,
      17
    ],
    [
      16,
      17
    ],
    [
      16,
      17
    ],
    [
      16,
      17
    ],
    [
      16,
      17
    ],
    [
      16,
      17
    ],
    [
      16,
      17
    ],
    [
      16,
      17
    ],
    [
      16,
      17
    ],
    [
      16,
      17
    ],
    [
      16,
      17
    ],
    [
      16,
      17
    ],
    [
      16,
      17
    ],
    [
      16,
      17
    ],
    [
      16,
      17
    ],
    [
      16,
      17
    ],
    [
      16,
      17
    ],
    [
      16,
      17
    ],
    [
      16,
      17
    ],
    [
      16,
      17
    ],
    [
      16,
      17
    ],
    [
      16,
      17
    ],
    [
      16,
      17
    ],
    [
      16,
      17
    ],
    [
      16,
      17
    ],
    [
      16,
      17
    ],
    [
      16,
      17
    ],
    [
      16,
      17
    ],
    [
      16,
      17
    ],
    [
      16,
      17
    ],
    [
      16,
      17
    ],
    [
      16,
      17
    ],
    [
      16,
      17
    ],
    [
      16,
      17
    ],
    [
      16,
      17
    ],
    [
      16,
      17
    ],
    [
      16,
      17
    ],
    [
      16,
      17
    ],
    [
      16,
      17
    ],
    [
      16,
      17
    ],
    [
      16,
      17
    ],
    [
      16,
      17
    ],
    [
      16,
      17
    ],
    [
      16,
      17
    ],
    [
      16,
      17
    ],
    [
      16,
      17
    ],
    [
      16,
      17
    ],
    [
      16,
      17
    ],
    [
      16,
      17
    ],
    [
      16,
      17
    ],
    [
      16,
      17
    ],
    [
      16,
      17
    ],
    [
      16,
      17
    ],
    [
      16,
      17
    ],
    [
      16,
      17
    ],
    [
      16,
      17
    ],
    [
      16,
      17
    ],
    [
      16,
      17
    ],
    [
      16,
      17
    ],
    [
      16,
      17
    ],
    [
      16,
      17
    ],
    [
      16,
      17
    ],
    [
      16,
      17
    ],
    [
      16,
      17
    ],
    [
      16,
      17
    ],
    [
      16,
      17
    ],
    [
      16,
      17
    ],
    [
      16,
      17
    ],
    [
      16,
      17
    ],
    [
      16,
      17
    ],
    [
      16,
      17
    ],
    [
      16,
      17
    ],
    [
      16,
      17
    ],
    [
      16,
      17
    ],
    [
      16,
      17
    ],
    [
      16,
      17
    ],
    [
      16,
      17
    ],
    [
      16,
      17
    ],
    [
      16,
      17
    ],
    [
      16,
      17
    ],
    [
      16,
      17
    ],
    [
      16,
      17
    ],
    [
      16,
      17
    ],
    [
      16,
      17
    ],
    [
      16,
      17
    ],
    [
      16,
      17
    ],
    [
      16,
      17
    ],
    [
      16,
      17
    ],
    [
      16,
      17
    ],
    [
      16,
      17
    ],
    [
      16,
      17
    ],
    [
      16,
      17
    ],
    [
      16,
      17
    ],
    [
      16,
      17
    ],
    [
      16,
      17
    ],
    [
      16,
      17
    ],
    [
      16,
      17
    ],
    [
      16,
      17
    ],
    [
      16,
      17
    ],
    [
      16,
      17
    ],
    [
      16,
      17
    ],
    [
      16,
      17
    ],
    [
      16,
      17
    ],
    [
      16,
      17
    ],
    [
      16,
      17
    ],
    [
      16,
      17
    ],
    [
      16,
      17
    ],
    [
      16,
      17
    ],
    [
      16,
      17
    ],
    [
      16,
      17
    ],
    [
      16,
      17
    ],
    [
      16,
      17
    ],
    [
      16,
      17
    ],
    [
      16,
      17
    ],
    [
      16,
      17
    ],
    [
      16,
      17
    ],
    [
      16,
      17
    ],
    [
      16,
      17
    ],
    [
      16,
      17
    ],
    [
      16,
      17
    ],
    [
      16,
      17
    ],
    [
      16,
      17
    ],
    [
      16,
      17
    ],
    [
      16,
      17
    ],
    [
      16,
      17
    ],
    [
      16,
      17
    ],
    [
      16,
      17
    ],
    [
      16,
      17
    ],
    [
      16,
      17
    ],
    [
      16,
      17
    ],
    [
      16,
      17
    ],
    [
      16,
      17
    ],
    [
      16,
      17
    ],
    [
      16,
      17
    ],
    [
      16,
      17
    ],
    [
      16,
      17
    ],
    [
      16,
      17
    ],
    [
      16,
      17
    ],
    [
      16,
      17
    ],
    [
      16,
      17
    ],
    [
      16,
      17
    ],
    [
      16,
      17
    ],
    [
      16,
      17
    ],
    [
      16,
      17
    ],
    [
      16,
      17
    ],
    [
      16,
      17
    ],
    [
      16,
      17
    ],
    [
      16,
      17
    ],
    [
      16,
      17
    ],
    [
      16,
      17
    ],
    [
      16,
      17
    ],
    [
      16,
      17
    ],
    [
      16,
      17
    ],
    [
      16,
      17
    ],
    [
      16,
      17
    ],
    [
      16,
      17
    ],
    [
      16,
      17
    ],
    [
      16,
      17
    ],
    [
      16,
      17
    ],
    [
      16,
      17
    ],
    [
      16,
      17
    ],
    [
      16,
      17
    ],
    [
      16,
      17
    ],
    [
      16,
      17
    ],
    [
      16,
      17
    ],
    [
      16,
      17
    ],
    [
      16,
      17
    ],
    [
      16,
      17
    ],
    [
      16,
      17
    ],
    [
      16,
      17
    ],
    [
      16,
      17
    ],
    [
      16,
      17
    ],
    [
      16,
      17
    ],
    [
      16,
      17
    ],
    [
      16,
      17
    ],
    [
      16,
      17
    ],
    [
      16,
      17
    ],
    [
      16,
      17
    ],
    [
      16,
      17
    ],
    [
      16,
      17
    ],
    [
      16,
      17
    ],
    [
      16,
      17
    ],
    [
      16,
      17
    ],
    [
      16,
      17
    ],
    [
      16,
      17
    ],
    [
      16,
      17
    ],
    [
      16,
      17
    ],
    [
      16,
      17
    ],
    [
      16,
      17
    ],
    [
      16,
      17
    ],
    [
      16,
      17
    ],
    [
      16,
      17
    ],
    [
      17,
      18
    ],
    [
      17,
      18
    ],
    [
      17,
      18
    ],
    [
      17,
      18
    ],
    [
      17,
      18
    ],
    [
      17,
      18
    ],
    [
      17,
      18
    ],
    [
      17,
      18
    ],
    [
      17,
      18
    ],
    [
      17,
      18
    ],
    [
      17,
      18
    ],
    [
      17,
      18
    ],
    [
      17,
      18
    ],
    [
      17,
      18
    ],
    [
      17,
      18
    ],
    [
      17,
      18
    ],
    [
      17,
      18
    ],
    [
      17,
      18
    ],
    [
      17,
      18
    ],
    [
      17,
      18
    ],
    [
      17,
      18
    ],
    [
      17,
      18
    ],
    [
      17,
      18
    ],
    [
      17,
      18
    ],
    [
      17,
      18
    ],
    [
      17,
      18
    ],
    [
      17,
      18
    ],
    [
      17,
      18
    ],
    [
      17,
      18
    ],
    [
      17,
      18
    ],
    [
      17,
      18
    ],
    [
      17,
      18
    ],
    [
      17,
      18
    ],
    [
      17,
      18
    ],
    [
      17,
      18
    ],
    [
      17,
      18
    ],
    [
      17,
      18
    ],
    [
      17,
      18
    ],
    [
      17,
      18
    ],
    [
      17,
      18
    ],
    [
      17,
      18
    ],
    [
      17,
      18
    ],
    [
      17,
      18
    ],
    [
      17,
      18
    ],
    [
      17,
      18
    ],
    [
      17,
      18
    ],
    [
      17,
      18
    ],
    [
      17,
      18
    ],
    [
      17,
      18
    ],
    [
      17,
      18
    ],
    [
      17,
      18
    ],
    [
      17,
      18
    ],
    [
      17,
      18
    ],
    [
      17,
      18
    ],
    [
      17,
      18
    ],
    [
      17,
      18
    ],
    [
      17,
      18
    ],
    [
      17,
      18
    ],
    [
      17,
      18
    ],
    [
      17,
      18
    ],
    [
      17,
      18
    ],
    [
      17,
      18
    ],
    [
      17,
      18
    ],
    [
      17,
      18
    ],
    [
      17,
      18
    ],
    [
      17,
      18
    ],
    [
      17,
      18
    ],
    [
      17,
      18
    ],
    [
      17,
      18
    ],
    [
      17,
      18
    ],
    [
      17,
      18
    ],
    [
      17,
      18
    ],
    [
      17,
      18
    ],
    [
      17,
      18
    ],
    [
      17,
      18
    ],
    [
      17,
      18
    ],
    [
      17,
      18
    ],
    [
      17,
      18
    ],
    [
      17,
      18
    ],
    [
      17,
      18
    ],
    [
      17,
      18
    ],
    [
      17,
      18
    ],
    [
      17,
      18
    ],
    [
      17,
      18
    ],
    [
      17,
      18
    ],
    [
      17,
      18
    ],
    [
      17,
      18
    ],
    [
      17,
      18
    ],
    [
      17,
      18
    ],
    [
      17,
      18
    ],
    [
      17,
      18
    ],
    [
      17,
      18
    ],
    [
      17,
      18
    ],
    [
      17,
      18
    ],
    [
      17,
      18
    ],
    [
      17,
      18
    ],
    [
      17,
      18
    ],
    [
      17,
      18
    ],
    [
      17,
      18
    ],
    [
      17,
      18
    ],
    [
      17,
      18
    ],
    [
      17,
      18
    ],
    [
      17,
      18
    ],
    [
      17,
      18
    ],
    [
      17,
      18
    ],
    [
      17,
      18
    ],
    [
      17,
      18
    ],
    [
      17,
      18
    ],
    [
      17,
      18
    ],
    [
      17,
      18
    ],
    [
      17,
      18
    ],
    [
      17,
      18
    ],
    [
      17,
      18
    ],
    [
      17,
      18
    ],
    [
      17,
      18
    ],
    [
      17,
      18
    ],
    [
      17,
      18
    ],
    [
      17,
      18
    ],
    [
      17,
      18
    ],
    [
      17,
      18
    ],
    [
      17,
      18
    ],
    [
      17,
      18
    ],
    [
      17,
      18
    ],
    [
      17,
      18
    ],
    [
      17,
      18
    ],
    [
      17,
      18
    ],
    [
      17,
      18
    ],
    [
      17,
      18
    ],
    [
      17,
      18
    ],
    [
      17,
      18
    ],
    [
      17,
      18
    ],
    [
      17,
      18
    ],
    [
      17,
      18
    ],
    [
      17,
      18
    ],
    [
      17,
      18
    ],
    [
      17,
      18
    ],
    [
      17,
      18
    ],
    [
      17,
      18
    ],
    [
      17,
      18
    ],
    [
      17,
      18
    ],
    [
      17,
      18
    ],
    [
      17,
      18
    ],
    [
      17,
      18
    ],
    [
      17,
      18
    ],
    [
      17,
      18
    ],
    [
      17,
      18
    ],
    [
      17,
      18
    ],
    [
      17,
      18
    ],
    [
      17,
      18
    ],
    [
      17,
      18
    ],
    [
      17,
      18
    ],
    [
      17,
      18
    ],
    [
      17,
      18
    ],
    [
      17,
      18
    ],
    [
      17,
      18
    ],
    [
      17,
      18
    ],
    [
      17,
      18
    ],
    [
      17,
      18
    ],
    [
      17,
      18
    ],
    [
      17,
      18
    ],
    [
      17,
      18
    ],
    [
      17,
      18
    ],
    [
      17,
      18
    ],
    [
      17,
      18
    ],
    [
      17,
      18
    ],
    [
      17,
      18
    ],
    [
      17,
      18
    ],
    [
      17,
      18
    ],
    [
      17,
      18
    ],
    [
      17,
      18
    ],
    [
      17,
      18
    ],
    [
      17,
      18
    ],
    [
      17,
      18
    ],
    [
      17,
      18
    ],
    [
      17,
      18
    ],
    [
      17,
      18
    ],
    [
      17,
      18
    ],
    [
      17,
      18
    ],
    [
      17,
      18
    ],
    [
      17,
      18
    ],
    [
      17,
      18
    ],
    [
      17,
      18
    ],
    [
      17,
      18
    ],
    [
      17,
      18
    ],
    [
      17,
      18
    ],
    [
      17,
      18
    ],
    [
      17,
      18
    ],
    [
      17,
      18
    ],
    [
      17,
      18
    ],
    [
      17,
      18
    ],
    [
      17,
      18
    ],
    [
      17,
      18
    ],
    [
      17,
      18
    ],
    [
      17,
      18
    ],
    [
      17,
      18
    ],
    [
      17,
      18
    ],
    [
      17,
      18
    ],
    [
      17,
      18
    ],
    [
      17,
      18
    ],
    [
      17,
      18
    ],
    [
      17,
      18
    ],
    [
      17,
      18
    ],
    [
      17,
      18
    ],
    [
      17,
      18
    ],
    [
      17,
      18
    ],
    [
      17,
      18
    ],
    [
      17,
      18
    ],
    [
      17,
      18
    ],
    [
      17,
      18
    ],
    [
      17,
      18
    ],
    [
      17,
      18
    ],
    [
      17,
      18
    ],
    [
      17,
      18
    ],
    [
      17,
      18
    ],
    [
      17,
      18
    ],
    [
      17,
      18
    ],
    [
      17,
      18
    ],
    [
      17,
      18
    ],
    [
      17,
      18
    ],
    [
      17,
      18
    ],
    [
      17,
      18
    ],
    [
      17,
      18
    ],
    [
      17,
      18
    ],
    [
      17,
      18
    ],
    [
      17,
      18
    ],
    [
      17,
      18
    ],
    [
      17,
      18
    ],
    [
      17,
      18
    ],
    [
      17,
      18
    ],
    [
      17,
      18
    ],
    [
      17,
      18
    ],
    [
      17,
      18
    ],
    [
      17,
      18
    ],
    [
      17,
      18
    ],
    [
      17,
      18
    ],
    [
      17,
      18
    ],
    [
      17,
      18
    ],
    [
      17,
      18
    ],
    [
      17,
      18
    ],
    [
      17,
      18
    ],
    [
      17,
      18
    ],
    [
      17,
      18
    ],
    [
      17,
      18
    ],
    [
      17,
      18
    ],
    [
      17,
      18
    ],
    [
      17,
      18
    ],
    [
      17,
      18
    ],
    [
      17,
      18
    ],
    [
      17,
      18
    ],
    [
      17,
      18
    ],
    [
      17,
      18
    ],
    [
      17,
      18
    ],
    [
      17,
      18
    ],
    [
      17,
      18
    ],
    [
      17,
      18
    ],
    [
      17,
      18
    ],
    [
      18,
      19
    ],
    [
      18,
      19
    ],
    [
      18,
      19
    ],
    [
      18,
      19
    ],
    [
      18,
      19
    ],
    [
      18,
      19
    ],
    [
      18,
      19
    ],
    [
      18,
      19
    ],
    [
      18,
      19
    ],
    [
      18,
      19
    ],
    [
      18,
      19
    ],
    [
      18,
      19
    ],
    [
      18,
      19
    ],
    [
      18,
      19
    ],
    [
      18,
      19
    ],
    [
      18,
      19
    ],
    [
      18,
      19
    ],
    [
      18,
      19
    ],
    [
      18,
      19
    ],
    [
      18,
      19
    ],
    [
      18,
      19
    ],
    [
      18,
      19
    ],
    [
      18,
      19
    ],
    [
      18,
      19
    ],
    [
      18,
      19
    ],
    [
      18,
      19
    ],
    [
      18,
      19
    ],
    [
      18,
      19
    ],
    [
      18,
      19
    ],
    [
      18,
      19
    ],
    [
      18,
      19
    ],
    [
      18,
      19
    ],
    [
      18,
      19
    ],
    [
      18,
      19
    ],
    [
      18,
      19
    ],
    [
      18,
      19
    ],
    [
      18,
      19
    ],
    [
      18,
      19
    ],
    [
      18,
      19
    ],
    [
      18,
      19
    ],
    [
      18,
      19
    ],
    [
      18,
      19
    ],
    [
      18,
      19
    ],
    [
      18,
      19
    ],
    [
      18,
      19
    ],
    [
      18,
      19
    ],
    [
      18,
      19
    ],
    [
      18,
      19
    ],
    [
      18,
      19
    ],
    [
      18,
      19
    ],
    [
      18,
      19
    ],
    [
      18,
      19
    ],
    [
      18,
      19
    ],
    [
      18,
      19
    ],
    [
      18,
      19
    ],
    [
      18,
      19
    ],
    [
      18,
      19
    ],
    [
      18,
      19
    ],
    [
      18,
      19
    ],
    [
      18,
      19
    ],
    [
      18,
      19
    ],
    [
      18,
      19
    ],
    [
      18,
      19
    ],
    [
      18,
      19
    ],
    [
      18,
      19
    ],
    [
      18,
      19
    ],
    [
      18,
      19
    ],
    [
      18,
      19
    ],
    [
      18,
      19
    ],
    [
      18,
      19
    ],
    [
      18,
      19
    ],
    [
      18,
      19
    ],
    [
      18,
      19
    ],
    [
      18,
      19
    ],
    [
      18,
      19
    ],
    [
      18,
      19
    ],
    [
      18,
      19
    ],
    [
      18,
      19
    ],
    [
      18,
      19
    ],
    [
      18,
      19
    ],
    [
      18,
      19
    ],
    [
      18,
      19
    ],
    [
      18,
      19
    ],
    [
      18,
      19
    ],
    [
      18,
      19
    ],
    [
      18,
      19
    ],
    [
      18,
      19
    ],
    [
      18,
      19
    ],
    [
      18,
      19
    ],
    [
      18,
      19
    ],
    [
      18,
      19
    ],
    [
      18,
      19
    ],
    [
      18,
      19
    ],
    [
      18,
      19
    ],
    [
      18,
      19
    ],
    [
      18,
      19
    ],
    [
      18,
      19
    ],
    [
      18,
      19
    ],
    [
      18,
      19
    ],
    [
      18,
      19
    ],
    [
      18,
      19
    ],
    [
      18,
      19
    ],
    [
      18,
      19
    ],
    [
      18,
      19
    ],
    [
      18,
      19
    ],
    [
      18,
      19
    ],
    [
      18,
      19
    ],
    [
      18,
      19
    ],
    [
      18,
      19
    ],
    [
      18,
      19
    ],
    [
      18,
      19
    ],
    [
      18,
      19
    ],
    [
      18,
      19
    ],
    [
      18,
      19
    ],
    [
      18,
      19
    ],
    [
      18,
      19
    ],
    [
      18,
      19
    ],
    [
      18,
      19
    ],
    [
      18,
      19
    ],
    [
      18,
      19
    ],
    [
      18,
      19
    ],
    [
      18,
      19
    ],
    [
      18,
      19
    ],
    [
      18,
      19
    ],
    [
      18,
      19
    ],
    [
      18,
      19
    ],
    [
      18,
      19
    ],
    [
      18,
      19
    ],
    [
      18,
      19
    ],
    [
      18,
      19
    ],
    [
      18,
      19
    ],
    [
      18,
      19
    ],
    [
      18,
      19
    ],
    [
      18,
      19
    ],
    [
      18,
      19
    ],
    [
      18,
      19
    ],
    [
      18,
      19
    ],
    [
      18,
      19
    ],
    [
      18,
      19
    ],
    [
      18,
      19
    ],
    [
      18,
      19
    ],
    [
      18,
      19
    ],
    [
      18,
      19
    ],
    [
      18,
      19
    ],
    [
      18,
      19
    ],
    [
      18,
      19
    ],
    [
      18,
      19
    ],
    [
      18,
      19
    ],
    [
      18,
      19
    ],
    [
      18,
      19
    ],
    [
      18,
      19
    ],
    [
      18,
      19
    ],
    [
      18,
      19
    ],
    [
      18,
      19
    ],
    [
      18,
      19
    ],
    [
      18,
      19
    ],
    [
      18,
      19
    ],
    [
      18,
      19
    ],
    [
      18,
      19
    ],
    [
      18,
      19
    ],
    [
      18,
      19
    ],
    [
      18,
      19
    ],
    [
      18,
      19
    ],
    [
      18,
      19
    ],
    [
      18,
      19
    ],
    [
      18,
      19
    ],
    [
      18,
      19
    ],
    [
      18,
      19
    ],
    [
      18,
      19
    ],
    [
      18,
      19
    ],
    [
      18,
      19
    ],
    [
      18,
      19
    ],
    [
      18,
      19
    ],
    [
      18,
      19
    ],
    [
      18,
      19
    ],
    [
      18,
      19
    ],
    [
      18,
      19
    ],
    [
      18,
      19
    ],
    [
      18,
      19
    ],
    [
      18,
      19
    ],
    [
      18,
      19
    ],
    [
      18,
      19
    ],
    [
      18,
      19
    ],
    [
      18,
      19
    ],
    [
      18,
      19
    ],
    [
      18,
      19
    ],
    [
      18,
      19
    ],
    [
      18,
      19
    ],
    [
      18,
      19
    ],
    [
      18,
      19
    ],
    [
      18,
      19
    ],
    [
      18,
      19
    ],
    [
      18,
      19
    ],
    [
      18,
      19
    ],
    [
      18,
      19
    ],
    [
      18,
      19
    ],
    [
      18,
      19
    ],
    [
      18,
      19
    ],
    [
      18,
      19
    ],
    [
      18,
      19
    ],
    [
      18,
      19
    ],
    [
      18,
      19
    ],
    [
      18,
      19
    ],
    [
      18,
      19
    ],
    [
      18,
      19
    ],
    [
      18,
      19
    ],
    [
      18,
      19
    ],
    [
      18,
      19
    ],
    [
      18,
      19
    ],
    [
      18,
      19
    ],
    [
      18,
      19
    ],
    [
      18,
      19
    ],
    [
      18,
      19
    ],
    [
      18,
      19
    ],
    [
      18,
      19
    ],
    [
      18,
      19
    ],
    [
      18,
      19
    ],
    [
      18,
      19
    ],
    [
      18,
      19
    ],
    [
      18,
      19
    ],
    [
      18,
      19
    ],
    [
      18,
      19
    ],
    [
      18,
      19
    ],
    [
      18,
      19
    ],
    [
      18,
      19
    ],
    [
      18,
      19
    ],
    [
      18,
      19
    ],
    [
      18,
      19
    ],
    [
      18,
      19
    ],
    [
      18,
      19
    ],
    [
      18,
      19
    ],
    [
      18,
      19
    ],
    [
      18,
      19
    ],
    [
      18,
      19
    ],
    [
      18,
      19
    ],
    [
      18,
      19
    ],
    [
      18,
      19
    ],
    [
      18,
      19
    ],
    [
      18,
      19
    ],
    [
      18,
      19
    ],
    [
      18,
      19
    ],
    [
      18,
      19
    ],
    [
      18,
      19
    ],
    [
      18,
      19
    ],
    [
      18,
      19
    ],
    [
      18,
      19
    ],
    [
      18,
      19
    ],
    [
      18,
      19
    ],
    [
      18,
      19
    ],
    [
      18,
      19
    ],
    [
      18,
      19
    ],
    [
      18,
      19
    ],
    [
      18,
      19
    ],
    [
      18,
      19
    ],
    [
      18,
      19
    ],
    [
      18,
      19
    ],
    [
      19,
      20
    ],
    [
      19,
      20
    ],
    [
      19,
      20
    ],
    [
      19,
      20
    ],
    [
      19,
      20
    ],
    [
      19,
      20
    ],
    [
      19,
      20
    ],
    [
      19,
      20
    ],
    [
      19,
      20
    ],
    [
      19,
      20
    ],
    [
      19,
      20
    ],
    [
      19,
      20
    ],
    [
      19,
      20
    ],
    [
      19,
      20
    ],
    [
      19,
      20
    ],
    [
      19,
      20
    ],
    [
      19,
      20
    ],
    [
      19,
      20
    ],
    [
      19,
      20
    ],
    [
      19,
      20
    ],
    [
      19,
      20
    ],
    [
      19,
      20
    ],
    [
      19,
      20
    ],
    [
      19,
      20
    ],
    [
      19,
      20
    ],
    [
      19,
      20
    ],
    [
      19,
      20
    ],
    [
      19,
      20
    ],
    [
      19,
      20
    ],
    [
      19,
      20
    ],
    [
      19,
      20
    ],
    [
      19,
      20
    ],
    [
      19,
      20
    ],
    [
      19,
      20
    ],
    [
      19,
      20
    ],
    [
      19,
      20
    ],
    [
      19,
      20
    ],
    [
      19,
      20
    ],
    [
      19,
      20
    ],
    [
      19,
      20
    ],
    [
      19,
      20
    ],
    [
      19,
      20
    ],
    [
      19,
      20
    ],
    [
      19,
      20
    ],
    [
      19,
      20
    ],
    [
      19,
      20
    ],
    [
      19,
      20
    ],
    [
      19,
      20
    ],
    [
      19,
      20
    ],
    [
      19,
      20
    ],
    [
      19,
      20
    ],
    [
      19,
      20
    ],
    [
      19,
      20
    ],
    [
      19,
      20
    ],
    [
      19,
      20
    ],
    [
      19,
      20
    ],
    [
      19,
      20
    ],
    [
      19,
      20
    ],
    [
      19,
      20
    ],
    [
      19,
      20
    ],
    [
      19,
      20
    ],
    [
      19,
      20
    ],
    [
      19,
      20
    ],
    [
      19,
      20
    ],
    [
      19,
      20
    ],
    [
      19,
      20
    ],
    [
      19,
      20
    ],
    [
      19,
      20
    ],
    [
      19,
      20
    ],
    [
      19,
      20
    ],
    [
      19,
      20
    ],
    [
      19,
      20
    ],
    [
      19,
      20
    ],
    [
      19,
      20
    ],
    [
      19,
      20
    ],
    [
      19,
      20
    ],
    [
      19,
      20
    ],
    [
      19,
      20
    ],
    [
      19,
      20
    ],
    [
      19,
      20
    ],
    [
      19,
      20
    ],
    [
      19,
      20
    ],
    [
      19,
      20
    ],
    [
      19,
      20
    ],
    [
      19,
      20
    ],
    [
      19,
      20
    ],
    [
      19,
      20
    ],
    [
      19,
      20
    ],
    [
      19,
      20
    ],
    [
      19,
      20
    ],
    [
      19,
      20
    ],
    [
      19,
      20
    ],
    [
      19,
      20
    ],
    [
      19,
      20
    ],
    [
      19,
      20
    ],
    [
      19,
      20
    ],
    [
      19,
      20
    ],
    [
      19,
      20
    ],
    [
      19,
      20
    ],
    [
      19,
      20
    ],
    [
      19,
      20
    ],
    [
      19,
      20
    ],
    [
      19,
      20
    ],
    [
      19,
      20
    ],
    [
      19,
      20
    ],
    [
      19,
      20
    ],
    [
      19,
      20
    ],
    [
      19,
      20
    ],
    [
      19,
      20
    ],
    [
      19,
      20
    ],
    [
      19,
      20
    ],
    [
      19,
      20
    ],
    [
      19,
      20
    ],
    [
      19,
      20
    ],
    [
      19,
      20
    ],
    [
      19,
      20
    ],
    [
      19,
      20
    ],
    [
      19,
      20
    ],
    [
      19,
      20
    ],
    [
      19,
      20
    ],
    [
      19,
      20
    ],
    [
      19,
      20
    ],
    [
      19,
      20
    ],
    [
      19,
      20
    ],
    [
      19,
      20
    ],
    [
      19,
      20
    ],
    [
      19,
      20
    ],
    [
      19,
      20
    ],
    [
      19,
      20
    ],
    [
      19,
      20
    ],
    [
      19,
      20
    ],
    [
      19,
      20
    ],
    [
      19,
      20
    ],
    [
      19,
      20
    ],
    [
      19,
      20
    ],
    [
      19,
      20
    ],
    [
      19,
      20
    ],
    [
      19,
      20
    ],
    [
      19,
      20
    ],
    [
      19,
      20
    ],
    [
      19,
      20
    ],
    [
      19,
      20
    ],
    [
      19,
      20
    ],
    [
      19,
      20
    ],
    [
      19,
      20
    ],
    [
      19,
      20
    ],
    [
      19,
      20
    ],
    [
      19,
      20
    ],
    [
      19,
      20
    ],
    [
      19,
      20
    ],
    [
      19,
      20
    ],
    [
      19,
      20
    ],
    [
      19,
      20
    ],
    [
      19,
      20
    ],
    [
      19,
      20
    ],
    [
      19,
      20
    ],
    [
      19,
      20
    ],
    [
      19,
      20
    ],
    [
      19,
      20
    ],
    [
      19,
      20
    ],
    [
      19,
      20
    ],
    [
      19,
      20
    ],
    [
      19,
      20
    ],
    [
      19,
      20
    ],
    [
      19,
      20
    ],
    [
      19,
      20
    ],
    [
      19,
      20
    ],
    [
      19,
      20
    ],
    [
      19,
      20
    ],
    [
      19,
      20
    ],
    [
      19,
      20
    ],
    [
      19,
      20
    ],
    [
      19,
      20
    ],
    [
      19,
      20
    ],
    [
      19,
      20
    ],
    [
      19,
      20
    ],
    [
      19,
      20
    ],
    [
      19,
      20
    ],
    [
      19,
      20
    ],
    [
      19,
      20
    ],
    [
      19,
      20
    ],
    [
      19,
      20
    ],
    [
      19,
      20
    ],
    [
      19,
      20
    ],
    [
      19,
      20
    ],
    [
      19,
      20
    ],
    [
      19,
      20
    ],
    [
      19,
      20
    ],
    [
      19,
      20
    ],
    [
      19,
      20
    ],
    [
      19,
      20
    ],
    [
      19,
      20
    ],
    [
      19,
      20
    ],
    [
      19,
      20
    ],
    [
      19,
      20
    ],
    [
      19,
      20
    ],
    [
      19,
      20
    ],
    [
      19,
      20
    ],
    [
      19,
      20
    ],
    [
      19,
      20
    ],
    [
      19,
      20
    ],
    [
      19,
      20
    ],
    [
      19,
      20
    ],
    [
      19,
      20
    ],
    [
      19,
      20
    ],
    [
      19,
      20
    ],
    [
      19,
      20
    ],
    [
      19,
      20
    ],
    [
      19,
      20
    ],
    [
      19,
      20
    ],
    [
      19,
      20
    ],
    [
      19,
      20
    ],
    [
      19,
      20
    ],
    [
      19,
      20
    ],
    [
      19,
      20
    ],
    [
      19,
      20
    ],
    [
      19,
      20
    ],
    [
      19,
      20
    ],
    [
      19,
      20
    ],
    [
      19,
      20
    ],
    [
      19,
      20
    ],
    [
      19,
      20
    ],
    [
      19,
      20
    ],
    [
      19,
      20
    ],
    [
      19,
      20
    ],
    [
      19,
      20
    ],
    [
      19,
      20
    ],
    [
      19,
      20
    ],
    [
      19,
      20
    ],
    [
      19,
      20
    ],
    [
      19,
      20
    ],
    [
      19,
      20
    ],
    [
      19,
      20
    ],
    [
      19,
      20
    ],
    [
      19,
      20
    ],
    [
      19,
      20
    ],
    [
      19,
      20
    ],
    [
      19,
      20
    ],
    [
      19,
      20
    ],
    [
      19,
      20
    ],
    [
      19,
      20
    ],
    [
      19,
      20
    ],
    [
      19,
      20
    ],
    [
      19,
      20
    ],
    [
      19,
      20
    ],
    [
      19,
      20
    ],
    [
      19,
      20
    ],
    [
      19,
      20
    ],
    [
      19,
      20
    ],
    [
      19,
      20
    ],
    [
      19,
      20
    ],
    [
      19,
      20
    ],
    [
      19,
      20
    ],
    [
      19,
      20
    ],
    [
      19,
      20
    ],
    [
      19,
      20
    ],
    [
      20,
      21
    ],
    [
      20,
      21
    ],
    [
      20,
      21
    ],
    [
      20,
      21
    ],
    [
      20,
      21
    ],
    [
      20,
      21
    ],
    [
      20,
      21
    ],
    [
      20,
      21
    ],
    [
      20,
      21
    ],
    [
      20,
      21
    ],
    [
      20,
      21
    ],
    [
      20,
      21
    ],
    [
      20,
      21
    ],
    [
      20,
      21
    ],
    [
      20,
      21
    ],
    [
      20,
      21
    ],
    [
      20,
      21
    ],
    [
      20,
      21
    ],
    [
      20,
      21
    ],
    [
      20,
      21
    ],
    [
      20,
      21
    ],
    [
      20,
      21
    ],
    [
      20,
      21
    ],
    [
      20,
      21
    ],
    [
      20,
      21
    ],
    [
      20,
      21
    ],
    [
      20,
      21
    ],
    [
      20,
      21
    ],
    [
      20,
      21
    ],
    [
      20,
      21
    ],
    [
      20,
      21
    ],
    [
      20,
      21
    ],
    [
      20,
      21
    ],
    [
      20,
      21
    ],
    [
      20,
      21
    ],
    [
      20,
      21
    ],
    [
      20,
      21
    ],
    [
      20,
      21
    ],
    [
      20,
      21
    ],
    [
      20,
      21
    ],
    [
      20,
      21
    ],
    [
      20,
      21
    ],
    [
      20,
      21
    ],
    [
      20,
      21
    ],
    [
      20,
      21
    ],
    [
      20,
      21
    ],
    [
      20,
      21
    ],
    [
      20,
      21
    ],
    [
      20,
      21
    ],
    [
      20,
      21
    ],
    [
      20,
      21
    ],
    [
      20,
      21
    ],
    [
      20,
      21
    ],
    [
      20,
      21
    ],
    [
      20,
      21
    ],
    [
      20,
      21
    ],
    [
      20,
      21
    ],
    [
      20,
      21
    ],
    [
      20,
      21
    ],
    [
      20,
      21
    ],
    [
      20,
      21
    ],
    [
      20,
      21
    ],
    [
      20,
      21
    ],
    [
      20,
      21
    ],
    [
      20,
      21
    ],
    [
      20,
      21
    ],
    [
      20,
      21
    ],
    [
      20,
      21
    ],
    [
      20,
      21
    ],
    [
      20,
      21
    ],
    [
      20,
      21
    ],
    [
      20,
      21
    ],
    [
      20,
      21
    ],
    [
      20,
      21
    ],
    [
      20,
      21
    ],
    [
      20,
      21
    ],
    [
      20,
      21
    ],
    [
      20,
      21
    ],
    [
      20,
      21
    ],
    [
      20,
      21
    ],
    [
      20,
      21
    ],
    [
      20,
      21
    ],
    [
      20,
      21
    ],
    [
      20,
      21
    ],
    [
      20,
      21
    ],
    [
      20,
      21
    ],
    [
      20,
      21
    ],
    [
      20,
      21
    ],
    [
      20,
      21
    ],
    [
      20,
      21
    ],
    [
      20,
      21
    ],
    [
      20,
      21
    ],
    [
      20,
      21
    ],
    [
      20,
      21
    ],
    [
      20,
      21
    ],
    [
      20,
      21
    ],
    [
      20,
      21
    ],
    [
      20,
      21
    ],
    [
      20,
      21
    ],
    [
      20,
      21
    ],
    [
      20,
      21
    ],
    [
      20,
      21
    ],
    [
      20,
      21
    ],
    [
      20,
      21
    ],
    [
      20,
      21
    ],
    [
      20,
      21
    ],
    [
      20,
      21
    ],
    [
      20,
      21
    ],
    [
      20,
      21
    ],
    [
      20,
      21
    ],
    [
      20,
      21
    ],
    [
      20,
      21
    ],
    [
      20,
      21
    ],
    [
      20,
      21
    ],
    [
      20,
      21
    ],
    [
      20,
      21
    ],
    [
      20,
      21
    ],
    [
      20,
      21
    ],
    [
      20,
      21
    ],
    [
      20,
      21
    ],
    [
      20,
      21
    ],
    [
      20,
      21
    ],
    [
      20,
      21
    ],
    [
      20,
      21
    ],
    [
      20,
      21
    ],
    [
      20,
      21
    ],
    [
      20,
      21
    ],
    [
      20,
      21
    ],
    [
      20,
      21
    ],
    [
      20,
      21
    ],
    [
      20,
      21
    ],
    [
      20,
      21
    ],
    [
      20,
      21
    ],
    [
      20,
      21
    ],
    [
      20,
      21
    ],
    [
      20,
      21
    ],
    [
      20,
      21
    ],
    [
      20,
      21
    ],
    [
      20,
      21
    ],
    [
      20,
      21
    ],
    [
      20,
      21
    ],
    [
      20,
      21
    ],
    [
      20,
      21
    ],
    [
      20,
      21
    ],
    [
      20,
      21
    ],
    [
      20,
      21
    ],
    [
      20,
      21
    ],
    [
      20,
      21
    ],
    [
      20,
      21
    ],
    [
      20,
      21
    ],
    [
      20,
      21
    ],
    [
      20,
      21
    ],
    [
      20,
      21
    ],
    [
      20,
      21
    ],
    [
      20,
      21
    ],
    [
      20,
      21
    ],
    [
      20,
      21
    ],
    [
      20,
      21
    ],
    [
      20,
      21
    ],
    [
      20,
      21
    ],
    [
      20,
      21
    ],
    [
      20,
      21
    ],
    [
      20,
      21
    ],
    [
      20,
      21
    ],
    [
      20,
      21
    ],
    [
      20,
      21
    ],
    [
      20,
      21
    ],
    [
      20,
      21
    ],
    [
      20,
      21
    ],
    [
      20,
      21
    ],
    [
      20,
      21
    ],
    [
      20,
      21
    ],
    [
      20,
      21
    ],
    [
      20,
      21
    ],
    [
      20,
      21
    ],
    [
      20,
      21
    ],
    [
      20,
      21
    ],
    [
      20,
      21
    ],
    [
      20,
      21
    ],
    [
      20,
      21
    ],
    [
      20,
      21
    ],
    [
      20,
      21
    ],
    [
      20,
      21
    ],
    [
      20,
      21
    ],
    [
      20,
      21
    ],
    [
      20,
      21
    ],
    [
      20,
      21
    ],
    [
      20,
      21
    ],
    [
      20,
      21
    ],
    [
      20,
      21
    ],
    [
      20,
      21
    ],
    [
      20,
      21
    ],
    [
      20,
      21
    ],
    [
      20,
      21
    ],
    [
      20,
      21
    ],
    [
      20,
      21
    ],
    [
      20,
      21
    ],
    [
      20,
      21
    ],
    [
      20,
      21
    ],
    [
      20,
      21
    ],
    [
      20,
      21
    ],
    [
      20,
      21
    ],
    [
      20,
      21
    ],
    [
      20,
      21
    ],
    [
      20,
      21
    ],
    [
      20,
      21
    ],
    [
      20,
      21
    ],
    [
      20,
      21
    ],
    [
      20,
      21
    ],
    [
      20,
      21
    ],
    [
      20,
      21
    ],
    [
      20,
      21
    ],
    [
      20,
      21
    ],
    [
      20,
      21
    ],
    [
      20,
      21
    ],
    [
      20,
      21
    ],
    [
      20,
      21
    ],
    [
      20,
      21
    ],
    [
      20,
      21
    ],
    [
      20,
      21
    ],
    [
      20,
      21
    ],
    [
      20,
      21
    ],
    [
      20,
      21
    ],
    [
      20,
      21
    ],
    [
      20,
      21
    ],
    [
      20,
      21
    ],
    [
      20,
      21
    ],
    [
      20,
      21
    ],
    [
      20,
      21
    ],
    [
      20,
      21
    ],
    [
      20,
      21
    ],
    [
      20,
      21
    ],
    [
      20,
      21
    ],
    [
      20,
      21
    ],
    [
      20,
      21
    ],
    [
      20,
      21
    ],
    [
      20,
      21
    ],
    [
      20,
      21
    ],
    [
      20,
      21
    ],
    [
      20,
      21
    ],
    [
      20,
      21
    ],
    [
      20,
      21
    ],
    [
      20,
      21
    ],
    [
      20,
      21
    ],
    [
      20,
      21
    ],
    [
      20,
      21
    ],
    [
      20,
      21
    ],
    [
      20,
      21
    ],
    [
      20,
      21
    ],
    [
      20,
      21
    ],
    [
      20,
      21
    ],
    [
      20,
      21
    ],
    [
      20,
      21
    ],
    [
      20,
      21
    ],
    [
      20,
      21
    ],
    [
      20,
      21
    ],
    [
      21,
      22
    ],
    [
      21,
      22
    ],
    [
      21,
      22
    ],
    [
      21,
      22
    ],
    [
      21,
      22
    ],
    [
      21,
      22
    ],
    [
      21,
      22
    ],
    [
      21,
      22
    ],
    [
      21,
      22
    ],
    [
      21,
      22
    ],
    [
      21,
      22
    ],
    [
      21,
      22
    ],
    [
      21,
      22
    ],
    [
      21,
      22
    ],
    [
      21,
      22
    ],
    [
      21,
      22
    ],
    [
      21,
      22
    ],
    [
      21,
      22
    ],
    [
      21,
      22
    ],
    [
      21,
      22
    ],
    [
      21,
      22
    ],
    [
      21,
      22
    ],
    [
      21,
      22
    ],
    [
      21,
      22
    ],
    [
      21,
      22
    ],
    [
      21,
      22
    ],
    [
      21,
      22
    ],
    [
      21,
      22
    ],
    [
      21,
      22
    ],
    [
      21,
      22
    ],
    [
      21,
      22
    ],
    [
      21,
      22
    ],
    [
      21,
      22
    ],
    [
      21,
      22
    ],
    [
      21,
      22
    ],
    [
      21,
      22
    ],
    [
      21,
      22
    ],
    [
      21,
      22
    ],
    [
      21,
      22
    ],
    [
      21,
      22
    ],
    [
      21,
      22
    ],
    [
      21,
      22
    ],
    [
      21,
      22
    ],
    [
      21,
      22
    ],
    [
      21,
      22
    ],
    [
      21,
      22
    ],
    [
      21,
      22
    ],
    [
      21,
      22
    ],
    [
      21,
      22
    ],
    [
      21,
      22
    ],
    [
      21,
      22
    ],
    [
      21,
      22
    ],
    [
      21,
      22
    ],
    [
      21,
      22
    ],
    [
      21,
      22
    ],
    [
      21,
      22
    ],
    [
      21,
      22
    ],
    [
      21,
      22
    ],
    [
      21,
      22
    ],
    [
      21,
      22
    ],
    [
      21,
      22
    ],
    [
      21,
      22
    ],
    [
      21,
      22
    ],
    [
      21,
      22
    ],
    [
      21,
      22
    ],
    [
      21,
      22
    ],
    [
      21,
      22
    ],
    [
      21,
      22
    ],
    [
      21,
      22
    ],
    [
      21,
      22
    ],
    [
      21,
      22
    ],
    [
      21,
      22
    ],
    [
      21,
      22
    ],
    [
      21,
      22
    ],
    [
      21,
      22
    ],
    [
      21,
      22
    ],
    [
      21,
      22
    ],
    [
      21,
      22
    ],
    [
      21,
      22
    ],
    [
      21,
      22
    ],
    [
      21,
      22
    ],
    [
      21,
      22
    ],
    [
      21,
      22
    ],
    [
      21,
      22
    ],
    [
      21,
      22
    ],
    [
      21,
      22
    ],
    [
      21,
      22
    ],
    [
      21,
      22
    ],
    [
      21,
      22
    ],
    [
      21,
      22
    ],
    [
      21,
      22
    ],
    [
      21,
      22
    ],
    [
      21,
      22
    ],
    [
      21,
      22
    ],
    [
      21,
      22
    ],
    [
      21,
      22
    ],
    [
      21,
      22
    ],
    [
      21,
      22
    ],
    [
      21,
      22
    ],
    [
      21,
      22
    ],
    [
      21,
      22
    ],
    [
      21,
      22
    ],
    [
      21,
      22
    ],
    [
      21,
      22
    ],
    [
      21,
      22
    ],
    [
      21,
      22
    ],
    [
      21,
      22
    ],
    [
      21,
      22
    ],
    [
      21,
      22
    ],
    [
      21,
      22
    ],
    [
      21,
      22
    ],
    [
      21,
      22
    ],
    [
      21,
      22
    ],
    [
      21,
      22
    ],
    [
      21,
      22
    ],
    [
      21,
      22
    ],
    [
      21,
      22
    ],
    [
      21,
      22
    ],
    [
      21,
      22
    ],
    [
      21,
      22
    ],
    [
      21,
      22
    ],
    [
      21,
      22
    ],
    [
      21,
      22
    ],
    [
      21,
      22
    ],
    [
      21,
      22
    ],
    [
      21,
      22
    ],
    [
      21,
      22
    ],
    [
      21,
      22
    ],
    [
      21,
      22
    ],
    [
      21,
      22
    ],
    [
      21,
      22
    ],
    [
      21,
      22
    ],
    [
      21,
      22
    ],
    [
      21,
      22
    ],
    [
      21,
      22
    ],
    [
      21,
      22
    ],
    [
      21,
      22
    ],
    [
      21,
      22
    ],
    [
      21,
      22
    ],
    [
      21,
      22
    ],
    [
      21,
      22
    ],
    [
      21,
      22
    ],
    [
      21,
      22
    ],
    [
      21,
      22
    ],
    [
      21,
      22
    ],
    [
      21,
      22
    ],
    [
      21,
      22
    ],
    [
      21,
      22
    ],
    [
      21,
      22
    ],
    [
      21,
      22
    ],
    [
      21,
      22
    ],
    [
      21,
      22
    ],
    [
      21,
      22
    ],
    [
      21,
      22
    ],
    [
      21,
      22
    ],
    [
      21,
      22
    ],
    [
      21,
      22
    ],
    [
      21,
      22
    ],
    [
      21,
      22
    ],
    [
      21,
      22
    ],
    [
      21,
      22
    ],
    [
      21,
      22
    ],
    [
      21,
      22
    ],
    [
      21,
      22
    ],
    [
      21,
      22
    ],
    [
      21,
      22
    ],
    [
      21,
      22
    ],
    [
      21,
      22
    ],
    [
      21,
      22
    ],
    [
      21,
      22
    ],
    [
      21,
      22
    ],
    [
      21,
      22
    ],
    [
      21,
      22
    ],
    [
      21,
      22
    ],
    [
      21,
      22
    ],
    [
      21,
      22
    ],
    [
      21,
      22
    ],
    [
      21,
      22
    ],
    [
      21,
      22
    ],
    [
      21,
      22
    ],
    [
      21,
      22
    ],
    [
      21,
      22
    ],
    [
      21,
      22
    ],
    [
      21,
      22
    ],
    [
      21,
      22
    ],
    [
      21,
      22
    ],
    [
      21,
      22
    ],
    [
      21,
      22
    ],
    [
      21,
      22
    ],
    [
      21,
      22
    ],
    [
      21,
      22
    ],
    [
      21,
      22
    ],
    [
      21,
      22
    ],
    [
      21,
      22
    ],
    [
      21,
      22
    ],
    [
      21,
      22
    ],
    [
      21,
      22
    ],
    [
      21,
      22
    ],
    [
      21,
      22
    ],
    [
      21,
      22
    ],
    [
      21,
      22
    ],
    [
      21,
      22
    ],
    [
      21,
      22
    ],
    [
      21,
      22
    ],
    [
      21,
      22
    ],
    [
      21,
      22
    ],
    [
      21,
      22
    ],
    [
      21,
      22
    ],
    [
      21,
      22
    ],
    [
      21,
      22
    ],
    [
      21,
      22
    ],
    [
      21,
      22
    ],
    [
      21,
      22
    ],
    [
      21,
      22
    ],
    [
      21,
      22
    ],
    [
      21,
      22
    ],
    [
      21,
      22
    ],
    [
      21,
      22
    ],
    [
      21,
      22
    ],
    [
      21,
      22
    ],
    [
      21,
      22
    ],
    [
      21,
      22
    ],
    [
      21,
      22
    ],
    [
      21,
      22
    ],
    [
      21,
      22
    ],
    [
      21,
      22
    ],
    [
      21,
      22
    ],
    [
      21,
      22
    ],
    [
      21,
      22
    ],
    [
      21,
      22
    ],
    [
      21,
      22
    ],
    [
      21,
      22
    ],
    [
      21,
      22
    ],
    [
      21,
      22
    ],
    [
      21,
      22
    ],
    [
      21,
      22
    ],
    [
      21,
      22
    ],
    [
      21,
      22
    ],
    [
      21,
      22
    ],
    [
      21,
      22
    ],
    [
      21,
      22
    ],
    [
      21,
      22
    ],
    [
      21,
      22
    ],
    [
      21,
      22
    ],
    [
      21,
      22
    ],
    [
      21,
      22
    ],
    [
      21,
      22
    ],
    [
      21,
      22
    ],
    [
      21,
      22
    ],
    [
      21,
      22
    ],
    [
      21,
      22
    ],
    [
      21,
      22
    ],
    [
      21,
      22
    ],
    [
      21,
      22
    ],
    [
      21,
      22
    ],
    [
      21,
      22
    ],
    [
      22,
      23
    ],
    [
      22,
      23
    ],
    [
      22,
      23
    ],
    [
      22,
      23
    ],
    [
      22,
      23
    ],
    [
      22,
      23
    ],
    [
      22,
      23
    ],
    [
      22,
      23
    ],
    [
      22,
      23
    ],
    [
      22,
      23
    ],
    [
      22,
      23
    ],
    [
      22,
      23
    ],
    [
      22,
      23
    ],
    [
      22,
      23
    ],
    [
      22,
      23
    ],
    [
      22,
      23
    ],
    [
      22,
      23
    ],
    [
      22,
      23
    ],
    [
      22,
      23
    ],
    [
      22,
      23
    ],
    [
      22,
      23
    ],
    [
      22,
      23
    ],
    [
      22,
      23
    ],
    [
      22,
      23
    ],
    [
      22,
      23
    ],
    [
      22,
      23
    ],
    [
      22,
      23
    ],
    [
      22,
      23
    ],
    [
      22,
      23
    ],
    [
      22,
      23
    ],
    [
      22,
      23
    ],
    [
      22,
      23
    ],
    [
      22,
      23
    ],
    [
      22,
      23
    ],
    [
      22,
      23
    ],
    [
      22,
      23
    ],
    [
      22,
      23
    ],
    [
      22,
      23
    ],
    [
      22,
      23
    ],
    [
      22,
      23
    ],
    [
      22,
      23
    ],
    [
      22,
      23
    ],
    [
      22,
      23
    ],
    [
      22,
      23
    ],
    [
      22,
      23
    ],
    [
      22,
      23
    ],
    [
      22,
      23
    ],
    [
      22,
      23
    ],
    [
      22,
      23
    ],
    [
      22,
      23
    ],
    [
      22,
      23
    ],
    [
      22,
      23
    ],
    [
      22,
      23
    ],
    [
      22,
      23
    ],
    [
      22,
      23
    ],
    [
      22,
      23
    ],
    [
      22,
      23
    ],
    [
      22,
      23
    ],
    [
      22,
      23
    ],
    [
      22,
      23
    ],
    [
      22,
      23
    ],
    [
      22,
      23
    ],
    [
      22,
      23
    ],
    [
      22,
      23
    ],
    [
      22,
      23
    ],
    [
      22,
      23
    ],
    [
      22,
      23
    ],
    [
      22,
      23
    ],
    [
      22,
      23
    ],
    [
      22,
      23
    ],
    [
      22,
      23
    ],
    [
      22,
      23
    ],
    [
      22,
      23
    ],
    [
      22,
      23
    ],
    [
      22,
      23
    ],
    [
      22,
      23
    ],
    [
      22,
      23
    ],
    [
      22,
      23
    ],
    [
      22,
      23
    ],
    [
      22,
      23
    ],
    [
      22,
      23
    ],
    [
      22,
      23
    ],
    [
      22,
      23
    ],
    [
      22,
      23
    ],
    [
      22,
      23
    ],
    [
      22,
      23
    ],
    [
      22,
      23
    ],
    [
      22,
      23
    ],
    [
      22,
      23
    ],
    [
      22,
      23
    ],
    [
      22,
      23
    ],
    [
      22,
      23
    ],
    [
      22,
      23
    ],
    [
      22,
      23
    ],
    [
      22,
      23
    ],
    [
      22,
      23
    ],
    [
      22,
      23
    ],
    [
      22,
      23
    ],
    [
      22,
      23
    ],
    [
      22,
      23
    ],
    [
      22,
      23
    ],
    [
      22,
      23
    ],
    [
      22,
      23
    ],
    [
      22,
      23
    ],
    [
      22,
      23
    ],
    [
      22,
      23
    ],
    [
      22,
      23
    ],
    [
      22,
      23
    ],
    [
      22,
      23
    ],
    [
      22,
      23
    ],
    [
      22,
      23
    ],
    [
      22,
      23
    ],
    [
      22,
      23
    ],
    [
      22,
      23
    ],
    [
      22,
      23
    ],
    [
      22,
      23
    ],
    [
      22,
      23
    ],
    [
      22,
      23
    ],
    [
      22,
      23
    ],
    [
      22,
      23
    ],
    [
      22,
      23
    ],
    [
      22,
      23
    ],
    [
      22,
      23
    ],
    [
      22,
      23
    ],
    [
      22,
      23
    ],
    [
      22,
      23
    ],
    [
      22,
      23
    ],
    [
      22,
      23
    ],
    [
      22,
      23
    ],
    [
      22,
      23
    ],
    [
      22,
      23
    ],
    [
      22,
      23
    ],
    [
      22,
      23
    ],
    [
      22,
      23
    ],
    [
      22,
      23
    ],
    [
      22,
      23
    ],
    [
      22,
      23
    ],
    [
      22,
      23
    ],
    [
      22,
      23
    ],
    [
      22,
      23
    ],
    [
      22,
      23
    ],
    [
      22,
      23
    ],
    [
      22,
      23
    ],
    [
      22,
      23
    ],
    [
      22,
      23
    ],
    [
      22,
      23
    ],
    [
      22,
      23
    ],
    [
      22,
      23
    ],
    [
      22,
      23
    ],
    [
      22,
      23
    ],
    [
      22,
      23
    ],
    [
      22,
      23
    ],
    [
      22,
      23
    ],
    [
      22,
      23
    ],
    [
      22,
      23
    ],
    [
      22,
      23
    ],
    [
      22,
      23
    ],
    [
      22,
      23
    ],
    [
      22,
      23
    ],
    [
      22,
      23
    ],
    [
      22,
      23
    ],
    [
      22,
      23
    ],
    [
      22,
      23
    ],
    [
      22,
      23
    ],
    [
      22,
      23
    ],
    [
      22,
      23
    ],
    [
      22,
      23
    ],
    [
      22,
      23
    ],
    [
      22,
      23
    ],
    [
      22,
      23
    ],
    [
      22,
      23
    ],
    [
      22,
      23
    ],
    [
      22,
      23
    ],
    [
      22,
      23
    ],
    [
      22,
      23
    ],
    [
      22,
      23
    ],
    [
      22,
      23
    ],
    [
      22,
      23
    ],
    [
      22,
      23
    ],
    [
      22,
      23
    ],
    [
      22,
      23
    ],
    [
      22,
      23
    ],
    [
      22,
      23
    ],
    [
      22,
      23
    ],
    [
      22,
      23
    ],
    [
      22,
      23
    ],
    [
      22,
      23
    ],
    [
      22,
      23
    ],
    [
      22,
      23
    ],
    [
      22,
      23
    ],
    [
      22,
      23
    ],
    [
      22,
      23
    ],
    [
      22,
      23
    ],
    [
      22,
      23
    ],
    [
      22,
      23
    ],
    [
      22,
      23
    ],
    [
      22,
      23
    ],
    [
      22,
      23
    ],
    [
      22,
      23
    ],
    [
      22,
      23
    ],
    [
      22,
      23
    ],
    [
      22,
      23
    ],
    [
      22,
      23
    ],
    [
      22,
      23
    ],
    [
      22,
      23
    ],
    [
      22,
      23
    ],
    [
      22,
      23
    ],
    [
      22,
      23
    ],
    [
      22,
      23
    ],
    [
      22,
      23
    ],
    [
      22,
      23
    ],
    [
      22,
      23
    ],
    [
      22,
      23
    ],
    [
      22,
      23
    ],
    [
      22,
      23
    ],
    [
      22,
      23
    ],
    [
      22,
      23
    ],
    [
      22,
      23
    ],
    [
      22,
      23
    ],
    [
      22,
      23
    ],
    [
      22,
      23
    ],
    [
      22,
      23
    ],
    [
      22,
      23
    ],
    [
      22,
      23
    ],
    [
      22,
      23
    ],
    [
      22,
      23
    ],
    [
      22,
      23
    ],
    [
      22,
      23
    ],
    [
      22,
      23
    ],
    [
      22,
      23
    ],
    [
      22,
      23
    ],
    [
      22,
      23
    ],
    [
      22,
      23
    ],
    [
      22,
      23
    ],
    [
      22,
      23
    ],
    [
      22,
      23
    ],
    [
      22,
      23
    ],
    [
      22,
      23
    ],
    [
      22,
      23
    ],
    [
      22,
      23
    ],
    [
      22,
      23
    ],
    [
      22,
      23
    ],
    [
      22,
      23
    ],
    [
      22,
      23
    ],
    [
      22,
      23
    ],
    [
      22,
      23
    ],
    [
      22,
      23
    ],
    [
      22,
      23
    ],
    [
      22,
      23
    ],
    [
      22,
      23
    ],
    [
      22,
      23
    ],
    [
      22,
      23
    ],
    [
      22,
      23
    ],
    [
      22,
      23
    ],
    [
      22,
      23
    ],
    [
      22,
      23
    ],
    [
      23,
      24
    ],
    [
      23,
      24
    ],
    [
      23,
      24
    ],
    [
      23,
      24
    ],
    [
      23,
      24
    ],
    [
      23,
      24
    ],
    [
      23,
      24
    ],
    [
      23,
      24
    ],
    [
      23,
      24
    ],
    [
      23,
      24
    ],
    [
      23,
      24
    ],
    [
      23,
      24
    ],
    [
      23,
      24
    ],
    [
      23,
      24
    ],
    [
      23,
      24
    ],
    [
      23,
      24
    ],
    [
      23,
      24
    ],
    [
      23,
      24
    ],
    [
      23,
      24
    ],
    [
      23,
      24
    ],
    [
      23,
      24
    ],
    [
      23,
      24
    ],
    [
      23,
      24
    ],
    [
      23,
      24
    ],
    [
      23,
      24
    ],
    [
      23,
      24
    ],
    [
      23,
      24
    ],
    [
      23,
      24
    ],
    [
      23,
      24
    ],
    [
      23,
      24
    ],
    [
      23,
      24
    ],
    [
      23,
      24
    ],
    [
      23,
      24
    ],
    [
      23,
      24
    ],
    [
      23,
      24
    ],
    [
      23,
      24
    ],
    [
      23,
      24
    ],
    [
      23,
      24
    ],
    [
      23,
      24
    ],
    [
      23,
      24
    ],
    [
      23,
      24
    ],
    [
      23,
      24
    ],
    [
      23,
      24
    ],
    [
      23,
      24
    ],
    [
      23,
      24
    ],
    [
      23,
      24
    ],
    [
      23,
      24
    ],
    [
      23,
      24
    ],
    [
      23,
      24
    ],
    [
      23,
      24
    ],
    [
      23,
      24
    ],
    [
      23,
      24
    ],
    [
      23,
      24
    ],
    [
      23,
      24
    ],
    [
      23,
      24
    ],
    [
      23,
      24
    ],
    [
      23,
      24
    ],
    [
      23,
      24
    ],
    [
      23,
      24
    ],
    [
      23,
      24
    ],
    [
      23,
      24
    ],
    [
      23,
      24
    ],
    [
      23,
      24
    ],
    [
      23,
      24
    ],
    [
      23,
      24
    ],
    [
      23,
      24
    ],
    [
      23,
      24
    ],
    [
      23,
      24
    ],
    [
      23,
      24
    ],
    [
      23,
      24
    ],
    [
      23,
      24
    ],
    [
      23,
      24
    ],
    [
      23,
      24
    ],
    [
      23,
      24
    ],
    [
      23,
      24
    ],
    [
      23,
      24
    ],
    [
      23,
      24
    ],
    [
      23,
      24
    ],
    [
      23,
      24
    ],
    [
      23,
      24
    ],
    [
      23,
      24
    ],
    [
      23,
      24
    ],
    [
      23,
      24
    ],
    [
      23,
      24
    ],
    [
      23,
      24
    ],
    [
      23,
      24
    ],
    [
      23,
      24
    ],
    [
      23,
      24
    ],
    [
      23,
      24
    ],
    [
      23,
      24
    ],
    [
      23,
      24
    ],
    [
      23,
      24
    ],
    [
      23,
      24
    ],
    [
      23,
      24
    ],
    [
      23,
      24
    ],
    [
      23,
      24
    ],
    [
      23,
      24
    ],
    [
      23,
      24
    ],
    [
      23,
      24
    ],
    [
      23,
      24
    ],
    [
      23,
      24
    ],
    [
      23,
      24
    ],
    [
      23,
      24
    ],
    [
      23,
      24
    ],
    [
      23,
      24
    ],
    [
      23,
      24
    ],
    [
      23,
      24
    ],
    [
      23,
      24
    ],
    [
      23,
      24
    ],
    [
      23,
      24
    ],
    [
      23,
      24
    ],
    [
      23,
      24
    ],
    [
      23,
      24
    ],
    [
      23,
      24
    ],
    [
      23,
      24
    ],
    [
      23,
      24
    ],
    [
      23,
      24
    ],
    [
      23,
      24
    ],
    [
      23,
      24
    ],
    [
      23,
      24
    ],
    [
      23,
      24
    ],
    [
      23,
      24
    ],
    [
      23,
      24
    ],
    [
      23,
      24
    ],
    [
      23,
      24
    ],
    [
      23,
      24
    ],
    [
      23,
      24
    ],
    [
      23,
      24
    ],
    [
      23,
      24
    ],
    [
      23,
      24
    ],
    [
      23,
      24
    ],
    [
      23,
      24
    ],
    [
      23,
      24
    ],
    [
      23,
      24
    ],
    [
      23,
      24
    ],
    [
      23,
      24
    ],
    [
      23,
      24
    ],
    [
      23,
      24
    ],
    [
      23,
      24
    ],
    [
      23,
      24
    ],
    [
      23,
      24
    ],
    [
      23,
      24
    ],
    [
      23,
      24
    ],
    [
      23,
      24
    ],
    [
      23,
      24
    ],
    [
      23,
      24
    ],
    [
      23,
      24
    ],
    [
      23,
      24
    ],
    [
      23,
      24
    ],
    [
      23,
      24
    ],
    [
      23,
      24
    ],
    [
      23,
      24
    ],
    [
      23,
      24
    ],
    [
      23,
      24
    ],
    [
      23,
      24
    ],
    [
      23,
      24
    ],
    [
      23,
      24
    ],
    [
      23,
      24
    ],
    [
      23,
      24
    ],
    [
      23,
      24
    ],
    [
      23,
      24
    ],
    [
      23,
      24
    ],
    [
      23,
      24
    ],
    [
      23,
      24
    ],
    [
      23,
      24
    ],
    [
      23,
      24
    ],
    [
      23,
      24
    ],
    [
      23,
      24
    ],
    [
      23,
      24
    ],
    [
      23,
      24
    ],
    [
      23,
      24
    ],
    [
      23,
      24
    ],
    [
      23,
      24
    ],
    [
      23,
      24
    ],
    [
      23,
      24
    ],
    [
      23,
      24
    ],
    [
      23,
      24
    ],
    [
      23,
      24
    ],
    [
      23,
      24
    ],
    [
      23,
      24
    ],
    [
      23,
      24
    ],
    [
      23,
      24
    ],
    [
      23,
      24
    ],
    [
      23,
      24
    ],
    [
      23,
      24
    ],
    [
      23,
      24
    ],
    [
      23,
      24
    ],
    [
      23,
      24
    ],
    [
      23,
      24
    ],
    [
      23,
      24
    ],
    [
      23,
      24
    ],
    [
      23,
      24
    ],
    [
      23,
      24
    ],
    [
      23,
      24
    ],
    [
      23,
      24
    ],
    [
      23,
      24
    ],
    [
      23,
      24
    ],
    [
      23,
      24
    ],
    [
      23,
      24
    ],
    [
      23,
      24
    ],
    [
      23,
      24
    ],
    [
      23,
      24
    ],
    [
      23,
      24
    ],
    [
      23,
      24
    ],
    [
      23,
      24
    ],
    [
      23,
      24
    ],
    [
      23,
      24
    ],
    [
      23,
      24
    ],
    [
      23,
      24
    ],
    [
      23,
      24
    ],
    [
      23,
      24
    ],
    [
      23,
      24
    ],
    [
      23,
      24
    ],
    [
      23,
      24
    ],
    [
      23,
      24
    ],
    [
      23,
      24
    ],
    [
      23,
      24
    ],
    [
      23,
      24
    ],
    [
      23,
      24
    ],
    [
      23,
      24
    ],
    [
      23,
      24
    ],
    [
      23,
      24
    ],
    [
      23,
      24
    ],
    [
      23,
      24
    ],
    [
      23,
      24
    ],
    [
      23,
      24
    ],
    [
      23,
      24
    ],
    [
      23,
      24
    ],
    [
      23,
      24
    ],
    [
      23,
      24
    ],
    [
      23,
      24
    ],
    [
      23,
      24
    ],
    [
      23,
      24
    ],
    [
      23,
      24
    ],
    [
      23,
      24
    ],
    [
      23,
      24
    ],
    [
      23,
      24
    ],
    [
      23,
      24
    ],
    [
      23,
      24
    ],
    [
      23,
      24
    ],
    [
      23,
      24
    ],
    [
      23,
      24
    ],
    [
      23,
      24
    ],
    [
      23,
      24
    ],
    [
      23,
      24
    ],
    [
      23,
      24
    ],
    [
      23,
      24
    ],
    [
      23,
      24
    ],
    [
      23,
      24
    ],
    [
      23,
      24
    ],
    [
      23,
      24
    ],
    [
      23,
      24
    ],
    [
      23,
      24
    ],
    [
      23,
      24
    ],
    [
      23,
      24
    ],
    [
      23,
      24
    ],
    [
      24,
      25
    ],
    [
      24,
      25
    ],
    [
      24,
      25
    ],
    [
      24,
      25
    ],
    [
      24,
      25
    ],
    [
      24,
      25
    ],
    [
      24,
      25
    ],
    [
      24,
      25
    ],
    [
      24,
      25
    ],
    [
      24,
      25
    ],
    [
      24,
      25
    ],
    [
      24,
      25
    ],
    [
      24,
      25
    ],
    [
      24,
      25
    ],
    [
      24,
      25
    ],
    [
      24,
      25
    ],
    [
      24,
      25
    ],
    [
      24,
      25
    ],
    [
      24,
      25
    ],
    [
      24,
      25
    ],
    [
      24,
      25
    ],
    [
      24,
      25
    ],
    [
      24,
      25
    ],
    [
      24,
      25
    ],
    [
      24,
      25
    ],
    [
      24,
      25
    ],
    [
      24,
      25
    ],
    [
      24,
      25
    ],
    [
      24,
      25
    ],
    [
      24,
      25
    ],
    [
      24,
      25
    ],
    [
      24,
      25
    ],
    [
      24,
      25
    ],
    [
      24,
      25
    ],
    [
      24,
      25
    ],
    [
      24,
      25
    ],
    [
      24,
      25
    ],
    [
      24,
      25
    ],
    [
      24,
      25
    ],
    [
      24,
      25
    ],
    [
      24,
      25
    ],
    [
      24,
      25
    ],
    [
      24,
      25
    ],
    [
      24,
      25
    ],
    [
      24,
      25
    ],
    [
      24,
      25
    ],
    [
      24,
      25
    ],
    [
      24,
      25
    ],
    [
      24,
      25
    ],
    [
      24,
      25
    ],
    [
      24,
      25
    ],
    [
      24,
      25
    ],
    [
      24,
      25
    ],
    [
      24,
      25
    ],
    [
      24,
      25
    ],
    [
      24,
      25
    ],
    [
      24,
      25
    ],
    [
      24,
      25
    ],
    [
      24,
      25
    ],
    [
      24,
      25
    ],
    [
      24,
      25
    ],
    [
      24,
      25
    ],
    [
      24,
      25
    ],
    [
      24,
      25
    ],
    [
      24,
      25
    ],
    [
      24,
      25
    ],
    [
      24,
      25
    ],
    [
      24,
      25
    ],
    [
      24,
      25
    ],
    [
      24,
      25
    ],
    [
      24,
      25
    ],
    [
      24,
      25
    ],
    [
      24,
      25
    ],
    [
      24,
      25
    ],
    [
      24,
      25
    ],
    [
      24,
      25
    ],
    [
      24,
      25
    ],
    [
      24,
      25
    ],
    [
      24,
      25
    ],
    [
      24,
      25
    ],
    [
      24,
      25
    ],
    [
      24,
      25
    ],
    [
      24,
      25
    ],
    [
      24,
      25
    ],
    [
      24,
      25
    ],
    [
      24,
      25
    ],
    [
      24,
      25
    ],
    [
      24,
      25
    ],
    [
      24,
      25
    ],
    [
      24,
      25
    ],
    [
      24,
      25
    ],
    [
      24,
      25
    ],
    [
      24,
      25
    ],
    [
      24,
      25
    ],
    [
      24,
      25
    ],
    [
      24,
      25
    ],
    [
      24,
      25
    ],
    [
      24,
      25
    ],
    [
      24,
      25
    ],
    [
      24,
      25
    ],
    [
      24,
      25
    ],
    [
      24,
      25
    ],
    [
      24,
      25
    ],
    [
      24,
      25
    ],
    [
      24,
      25
    ],
    [
      24,
      25
    ],
    [
      24,
      25
    ],
    [
      24,
      25
    ],
    [
      24,
      25
    ],
    [
      24,
      25
    ],
    [
      24,
      25
    ],
    [
      24,
      25
    ],
    [
      24,
      25
    ],
    [
      24,
      25
    ],
    [
      24,
      25
    ],
    [
      24,
      25
    ],
    [
      24,
      25
    ],
    [
      24,
      25
    ],
    [
      24,
      25
    ],
    [
      24,
      25
    ],
    [
      24,
      25
    ],
    [
      24,
      25
    ],
    [
      24,
      25
    ],
    [
      24,
      25
    ],
    [
      24,
      25
    ],
    [
      24,
      25
    ],
    [
      24,
      25
    ],
    [
      24,
      25
    ],
    [
      24,
      25
    ],
    [
      24,
      25
    ],
    [
      24,
      25
    ],
    [
      24,
      25
    ],
    [
      24,
      25
    ],
    [
      24,
      25
    ],
    [
      24,
      25
    ],
    [
      24,
      25
    ],
    [
      24,
      25
    ],
    [
      24,
      25
    ],
    [
      24,
      25
    ],
    [
      24,
      25
    ],
    [
      24,
      25
    ],
    [
      24,
      25
    ],
    [
      24,
      25
    ],
    [
      24,
      25
    ],
    [
      24,
      25
    ],
    [
      24,
      25
    ],
    [
      24,
      25
    ],
    [
      24,
      25
    ],
    [
      24,
      25
    ],
    [
      24,
      25
    ],
    [
      24,
      25
    ],
    [
      24,
      25
    ],
    [
      24,
      25
    ],
    [
      24,
      25
    ],
    [
      24,
      25
    ],
    [
      24,
      25
    ],
    [
      24,
      25
    ],
    [
      24,
      25
    ],
    [
      24,
      25
    ],
    [
      24,
      25
    ],
    [
      24,
      25
    ],
    [
      24,
      25
    ],
    [
      24,
      25
    ],
    [
      24,
      25
    ],
    [
      24,
      25
    ],
    [
      24,
      25
    ],
    [
      24,
      25
    ],
    [
      24,
      25
    ],
    [
      24,
      25
    ],
    [
      24,
      25
    ],
    [
      24,
      25
    ],
    [
      24,
      25
    ],
    [
      24,
      25
    ],
    [
      24,
      25
    ],
    [
      24,
      25
    ],
    [
      24,
      25
    ],
    [
      24,
      25
    ],
    [
      24,
      25
    ],
    [
      24,
      25
    ],
    [
      24,
      25
    ],
    [
      24,
      25
    ],
    [
      24,
      25
    ],
    [
      24,
      25
    ],
    [
      24,
      25
    ],
    [
      24,
      25
    ],
    [
      24,
      25
    ],
    [
      24,
      25
    ],
    [
      24,
      25
    ],
    [
      24,
      25
    ],
    [
      24,
      25
    ],
    [
      24,
      25
    ],
    [
      24,
      25
    ],
    [
      24,
      25
    ],
    [
      24,
      25
    ],
    [
      24,
      25
    ],
    [
      24,
      25
    ],
    [
      24,
      25
    ],
    [
      24,
      25
    ],
    [
      24,
      25
    ],
    [
      24,
      25
    ],
    [
      24,
      25
    ],
    [
      24,
      25
    ],
    [
      24,
      25
    ],
    [
      24,
      25
    ],
    [
      24,
      25
    ],
    [
      24,
      25
    ],
    [
      24,
      25
    ],
    [
      24,
      25
    ],
    [
      24,
      25
    ],
    [
      24,
      25
    ],
    [
      24,
      25
    ],
    [
      24,
      25
    ],
    [
      24,
      25
    ],
    [
      24,
      25
    ],
    [
      24,
      25
    ],
    [
      24,
      25
    ],
    [
      24,
      25
    ],
    [
      24,
      25
    ],
    [
      24,
      25
    ],
    [
      24,
      25
    ],
    [
      24,
      25
    ],
    [
      24,
      25
    ],
    [
      24,
      25
    ],
    [
      24,
      25
    ],
    [
      24,
      25
    ],
    [
      24,
      25
    ],
    [
      24,
      25
    ],
    [
      24,
      25
    ],
    [
      24,
      25
    ],
    [
      24,
      25
    ],
    [
      24,
      25
    ],
    [
      24,
      25
    ],
    [
      24,
      25
    ],
    [
      24,
      25
    ],
    [
      24,
      25
    ],
    [
      24,
      25
    ],
    [
      24,
      25
    ],
    [
      24,
      25
    ],
    [
      24,
      25
    ],
    [
      24,
      25
    ],
    [
      24,
      25
    ],
    [
      24,
      25
    ],
    [
      24,
      25
    ],
    [
      24,
      25
    ],
    [
      24,
      25
    ],
    [
      24,
      25
    ],
    [
      24,
      25
    ],
    [
      24,
      25
    ],
    [
      24,
      25
    ],
    [
      24,
      25
    ],
    [
      24,
      25
    ],
    [
      24,
      25
    ],
    [
      24,
      25
    ],
    [
      24,
      25
    ],
    [
      24,
      25
    ],
    [
      24,
      25
    ],
    [
      25,
      26
    ],
    [
      25,
      26
    ],
    [
      25,
      26
    ],
    [
      25,
      26
    ],
    [
      25,
      26
    ],
    [
      25,
      26
    ],
    [
      25,
      26
    ],
    [
      25,
      26
    ],
    [
      25,
      26
    ],
    [
      25,
      26
    ],
    [
      25,
      26
    ],
    [
      25,
      26
    ],
    [
      25,
      26
    ],
    [
      25,
      26
    ],
    [
      25,
      26
    ],
    [
      25,
      26
    ],
    [
      25,
      26
    ],
    [
      25,
      26
    ],
    [
      25,
      26
    ],
    [
      25,
      26
    ],
    [
      25,
      26
    ],
    [
      25,
      26
    ],
    [
      25,
      26
    ],
    [
      25,
      26
    ],
    [
      25,
      26
    ],
    [
      25,
      26
    ],
    [
      25,
      26
    ],
    [
      25,
      26
    ],
    [
      25,
      26
    ],
    [
      25,
      26
    ],
    [
      25,
      26
    ],
    [
      25,
      26
    ],
    [
      25,
      26
    ],
    [
      25,
      26
    ],
    [
      25,
      26
    ],
    [
      25,
      26
    ],
    [
      25,
      26
    ],
    [
      25,
      26
    ],
    [
      25,
      26
    ],
    [
      25,
      26
    ],
    [
      25,
      26
    ],
    [
      25,
      26
    ],
    [
      25,
      26
    ],
    [
      25,
      26
    ],
    [
      25,
      26
    ],
    [
      25,
      26
    ],
    [
      25,
      26
    ],
    [
      25,
      26
    ],
    [
      25,
      26
    ],
    [
      25,
      26
    ],
    [
      25,
      26
    ],
    [
      25,
      26
    ],
    [
      25,
      26
    ],
    [
      25,
      26
    ],
    [
      25,
      26
    ],
    [
      25,
      26
    ],
    [
      25,
      26
    ],
    [
      25,
      26
    ],
    [
      25,
      26
    ],
    [
      25,
      26
    ],
    [
      25,
      26
    ],
    [
      25,
      26
    ],
    [
      25,
      26
    ],
    [
      25,
      26
    ],
    [
      25,
      26
    ],
    [
      25,
      26
    ],
    [
      25,
      26
    ],
    [
      25,
      26
    ],
    [
      25,
      26
    ],
    [
      25,
      26
    ],
    [
      25,
      26
    ],
    [
      25,
      26
    ],
    [
      25,
      26
    ],
    [
      25,
      26
    ],
    [
      25,
      26
    ],
    [
      25,
      26
    ],
    [
      25,
      26
    ],
    [
      25,
      26
    ],
    [
      25,
      26
    ],
    [
      25,
      26
    ],
    [
      25,
      26
    ],
    [
      25,
      26
    ],
    [
      25,
      26
    ],
    [
      25,
      26
    ],
    [
      25,
      26
    ],
    [
      25,
      26
    ],
    [
      25,
      26
    ],
    [
      25,
      26
    ],
    [
      25,
      26
    ],
    [
      25,
      26
    ],
    [
      25,
      26
    ],
    [
      25,
      26
    ],
    [
      25,
      26
    ],
    [
      25,
      26
    ],
    [
      25,
      26
    ],
    [
      25,
      26
    ],
    [
      25,
      26
    ],
    [
      25,
      26
    ],
    [
      25,
      26
    ],
    [
      25,
      26
    ],
    [
      25,
      26
    ],
    [
      25,
      26
    ],
    [
      25,
      26
    ],
    [
      25,
      26
    ],
    [
      25,
      26
    ],
    [
      25,
      26
    ],
    [
      25,
      26
    ],
    [
      25,
      26
    ],
    [
      25,
      26
    ],
    [
      25,
      26
    ],
    [
      25,
      26
    ],
    [
      25,
      26
    ],
    [
      25,
      26
    ],
    [
      25,
      26
    ],
    [
      25,
      26
    ],
    [
      25,
      26
    ],
    [
      25,
      26
    ],
    [
      25,
      26
    ],
    [
      25,
      26
    ],
    [
      25,
      26
    ],
    [
      25,
      26
    ],
    [
      25,
      26
    ],
    [
      25,
      26
    ],
    [
      25,
      26
    ],
    [
      25,
      26
    ],
    [
      25,
      26
    ],
    [
      25,
      26
    ],
    [
      25,
      26
    ],
    [
      25,
      26
    ],
    [
      25,
      26
    ],
    [
      25,
      26
    ],
    [
      25,
      26
    ],
    [
      25,
      26
    ],
    [
      25,
      26
    ],
    [
      25,
      26
    ],
    [
      25,
      26
    ],
    [
      25,
      26
    ],
    [
      25,
      26
    ],
    [
      25,
      26
    ],
    [
      25,
      26
    ],
    [
      25,
      26
    ],
    [
      25,
      26
    ],
    [
      25,
      26
    ],
    [
      25,
      26
    ],
    [
      25,
      26
    ],
    [
      25,
      26
    ],
    [
      25,
      26
    ],
    [
      25,
      26
    ],
    [
      25,
      26
    ],
    [
      25,
      26
    ],
    [
      25,
      26
    ],
    [
      25,
      26
    ],
    [
      25,
      26
    ],
    [
      25,
      26
    ],
    [
      25,
      26
    ],
    [
      25,
      26
    ],
    [
      25,
      26
    ],
    [
      25,
      26
    ],
    [
      25,
      26
    ],
    [
      25,
      26
    ],
    [
      25,
      26
    ],
    [
      25,
      26
    ],
    [
      25,
      26
    ],
    [
      25,
      26
    ],
    [
      25,
      26
    ],
    [
      25,
      26
    ],
    [
      25,
      26
    ],
    [
      25,
      26
    ],
    [
      25,
      26
    ],
    [
      25,
      26
    ],
    [
      25,
      26
    ],
    [
      25,
      26
    ],
    [
      25,
      26
    ],
    [
      25,
      26
    ],
    [
      25,
      26
    ],
    [
      25,
      26
    ],
    [
      25,
      26
    ],
    [
      25,
      26
    ],
    [
      25,
      26
    ],
    [
      25,
      26
    ],
    [
      25,
      26
    ],
    [
      25,
      26
    ],
    [
      25,
      26
    ],
    [
      25,
      26
    ],
    [
      25,
      26
    ],
    [
      25,
      26
    ],
    [
      25,
      26
    ],
    [
      25,
      26
    ],
    [
      25,
      26
    ],
    [
      25,
      26
    ],
    [
      25,
      26
    ],
    [
      25,
      26
    ],
    [
      25,
      26
    ],
    [
      25,
      26
    ],
    [
      25,
      26
    ],
    [
      25,
      26
    ],
    [
      25,
      26
    ],
    [
      25,
      26
    ],
    [
      25,
      26
    ],
    [
      25,
      26
    ],
    [
      25,
      26
    ],
    [
      25,
      26
    ],
    [
      25,
      26
    ],
    [
      25,
      26
    ],
    [
      25,
      26
    ],
    [
      25,
      26
    ],
    [
      25,
      26
    ],
    [
      25,
      26
    ],
    [
      25,
      26
    ],
    [
      25,
      26
    ],
    [
      25,
      26
    ],
    [
      25,
      26
    ],
    [
      25,
      26
    ],
    [
      25,
      26
    ],
    [
      25,
      26
    ],
    [
      25,
      26
    ],
    [
      25,
      26
    ],
    [
      25,
      26
    ],
    [
      25,
      26
    ],
    [
      25,
      26
    ],
    [
      25,
      26
    ],
    [
      25,
      26
    ],
    [
      25,
      26
    ],
    [
      25,
      26
    ],
    [
      25,
      26
    ],
    [
      25,
      26
    ],
    [
      25,
      26
    ],
    [
      25,
      26
    ],
    [
      25,
      26
    ],
    [
      25,
      26
    ],
    [
      25,
      26
    ],
    [
      25,
      26
    ],
    [
      25,
      26
    ],
    [
      25,
      26
    ],
    [
      25,
      26
    ],
    [
      25,
      26
    ],
    [
      25,
      26
    ],
    [
      25,
      26
    ],
    [
      25,
      26
    ],
    [
      25,
      26
    ],
    [
      25,
      26
    ],
    [
      25,
      26
    ],
    [
      25,
      26
    ],
    [
      25,
      26
    ],
    [
      25,
      26
    ],
    [
      25,
      26
    ],
    [
      25,
      26
    ],
    [
      25,
      26
    ],
    [
      25,
      26
    ],
    [
      25,
      26
    ],
    [
      25,
      26
    ],
    [
      25,
      26
    ],
    [
      25,
      26
    ],
    [
      25,
      26
    ],
    [
      25,
      26
    ],
    [
      25,
      26
    ],
    [
      26,
      27
    ],
    [
      26,
      27
    ],
    [
      26,
      27
    ],
    [
      26,
      27
    ],
    [
      26,
      27
    ],
    [
      26,
      27
    ],
    [
      26,
      27
    ],
    [
      26,
      27
    ],
    [
      26,
      27
    ],
    [
      26,
      27
    ],
    [
      26,
      27
    ],
    [
      26,
      27
    ],
    [
      26,
      27
    ],
    [
      26,
      27
    ],
    [
      26,
      27
    ],
    [
      26,
      27
    ],
    [
      26,
      27
    ],
    [
      26,
      27
    ],
    [
      26,
      27
    ],
    [
      26,
      27
    ],
    [
      26,
      27
    ],
    [
      26,
      27
    ],
    [
      26,
      27
    ],
    [
      26,
      27
    ],
    [
      26,
      27
    ],
    [
      26,
      27
    ],
    [
      26,
      27
    ],
    [
      26,
      27
    ],
    [
      26,
      27
    ],
    [
      26,
      27
    ],
    [
      26,
      27
    ],
    [
      26,
      27
    ],
    [
      26,
      27
    ],
    [
      26,
      27
    ],
    [
      26,
      27
    ],
    [
      26,
      27
    ],
    [
      26,
      27
    ],
    [
      26,
      27
    ],
    [
      26,
      27
    ],
    [
      26,
      27
    ],
    [
      26,
      27
    ],
    [
      26,
      27
    ],
    [
      26,
      27
    ],
    [
      26,
      27
    ],
    [
      26,
      27
    ],
    [
      26,
      27
    ],
    [
      26,
      27
    ],
    [
      26,
      27
    ],
    [
      26,
      27
    ],
    [
      26,
      27
    ],
    [
      26,
      27
    ],
    [
      26,
      27
    ],
    [
      26,
      27
    ],
    [
      26,
      27
    ],
    [
      26,
      27
    ],
    [
      26,
      27
    ],
    [
      26,
      27
    ],
    [
      26,
      27
    ],
    [
      26,
      27
    ],
    [
      26,
      27
    ],
    [
      26,
      27
    ],
    [
      26,
      27
    ],
    [
      26,
      27
    ],
    [
      26,
      27
    ],
    [
      26,
      27
    ],
    [
      26,
      27
    ],
    [
      26,
      27
    ],
    [
      26,
      27
    ],
    [
      26,
      27
    ],
    [
      26,
      27
    ],
    [
      26,
      27
    ],
    [
      26,
      27
    ],
    [
      26,
      27
    ],
    [
      26,
      27
    ],
    [
      26,
      27
    ],
    [
      26,
      27
    ],
    [
      26,
      27
    ],
    [
      26,
      27
    ],
    [
      26,
      27
    ],
    [
      26,
      27
    ],
    [
      26,
      27
    ],
    [
      26,
      27
    ],
    [
      26,
      27
    ],
    [
      26,
      27
    ],
    [
      26,
      27
    ],
    [
      26,
      27
    ],
    [
      26,
      27
    ],
    [
      26,
      27
    ],
    [
      26,
      27
    ],
    [
      26,
      27
    ],
    [
      26,
      27
    ],
    [
      26,
      27
    ],
    [
      26,
      27
    ],
    [
      26,
      27
    ],
    [
      26,
      27
    ],
    [
      26,
      27
    ],
    [
      26,
      27
    ],
    [
      26,
      27
    ],
    [
      26,
      27
    ],
    [
      26,
      27
    ],
    [
      26,
      27
    ],
    [
      26,
      27
    ],
    [
      26,
      27
    ],
    [
      26,
      27
    ],
    [
      26,
      27
    ],
    [
      26,
      27
    ],
    [
      26,
      27
    ],
    [
      26,
      27
    ],
    [
      26,
      27
    ],
    [
      26,
      27
    ],
    [
      26,
      27
    ],
    [
      26,
      27
    ],
    [
      26,
      27
    ],
    [
      26,
      27
    ],
    [
      26,
      27
    ],
    [
      26,
      27
    ],
    [
      26,
      27
    ],
    [
      26,
      27
    ],
    [
      26,
      27
    ],
    [
      26,
      27
    ],
    [
      26,
      27
    ],
    [
      26,
      27
    ],
    [
      26,
      27
    ],
    [
      26,
      27
    ],
    [
      26,
      27
    ],
    [
      26,
      27
    ],
    [
      26,
      27
    ],
    [
      26,
      27
    ],
    [
      26,
      27
    ],
    [
      26,
      27
    ],
    [
      26,
      27
    ],
    [
      26,
      27
    ],
    [
      26,
      27
    ],
    [
      26,
      27
    ],
    [
      26,
      27
    ],
    [
      26,
      27
    ],
    [
      26,
      27
    ],
    [
      26,
      27
    ],
    [
      26,
      27
    ],
    [
      26,
      27
    ],
    [
      26,
      27
    ],
    [
      26,
      27
    ],
    [
      26,
      27
    ],
    [
      26,
      27
    ],
    [
      26,
      27
    ],
    [
      26,
      27
    ],
    [
      26,
      27
    ],
    [
      26,
      27
    ],
    [
      26,
      27
    ],
    [
      26,
      27
    ],
    [
      26,
      27
    ],
    [
      26,
      27
    ],
    [
      26,
      27
    ],
    [
      26,
      27
    ],
    [
      26,
      27
    ],
    [
      26,
      27
    ],
    [
      26,
      27
    ],
    [
      26,
      27
    ],
    [
      26,
      27
    ],
    [
      26,
      27
    ],
    [
      26,
      27
    ],
    [
      26,
      27
    ],
    [
      26,
      27
    ],
    [
      26,
      27
    ],
    [
      26,
      27
    ],
    [
      26,
      27
    ],
    [
      26,
      27
    ],
    [
      26,
      27
    ],
    [
      26,
      27
    ],
    [
      26,
      27
    ],
    [
      26,
      27
    ],
    [
      26,
      27
    ],
    [
      26,
      27
    ],
    [
      26,
      27
    ],
    [
      26,
      27
    ],
    [
      26,
      27
    ],
    [
      26,
      27
    ],
    [
      26,
      27
    ],
    [
      26,
      27
    ],
    [
      26,
      27
    ],
    [
      26,
      27
    ],
    [
      26,
      27
    ],
    [
      26,
      27
    ],
    [
      26,
      27
    ],
    [
      26,
      27
    ],
    [
      26,
      27
    ],
    [
      26,
      27
    ],
    [
      26,
      27
    ],
    [
      26,
      27
    ],
    [
      26,
      27
    ],
    [
      26,
      27
    ],
    [
      26,
      27
    ],
    [
      26,
      27
    ],
    [
      26,
      27
    ],
    [
      26,
      27
    ],
    [
      26,
      27
    ],
    [
      26,
      27
    ],
    [
      26,
      27
    ],
    [
      26,
      27
    ],
    [
      26,
      27
    ],
    [
      26,
      27
    ],
    [
      26,
      27
    ],
    [
      26,
      27
    ],
    [
      26,
      27
    ],
    [
      26,
      27
    ],
    [
      26,
      27
    ],
    [
      26,
      27
    ],
    [
      26,
      27
    ],
    [
      26,
      27
    ],
    [
      26,
      27
    ],
    [
      26,
      27
    ],
    [
      26,
      27
    ],
    [
      26,
      27
    ],
    [
      26,
      27
    ],
    [
      26,
      27
    ],
    [
      26,
      27
    ],
    [
      26,
      27
    ],
    [
      26,
      27
    ],
    [
      26,
      27
    ],
    [
      26,
      27
    ],
    [
      26,
      27
    ],
    [
      26,
      27
    ],
    [
      26,
      27
    ],
    [
      26,
      27
    ],
    [
      26,
      27
    ],
    [
      26,
      27
    ],
    [
      26,
      27
    ],
    [
      26,
      27
    ],
    [
      26,
      27
    ],
    [
      26,
      27
    ],
    [
      26,
      27
    ],
    [
      26,
      27
    ],
    [
      26,
      27
    ],
    [
      26,
      27
    ],
    [
      26,
      27
    ],
    [
      26,
      27
    ],
    [
      26,
      27
    ],
    [
      26,
      27
    ],
    [
      26,
      27
    ],
    [
      26,
      27
    ],
    [
      26,
      27
    ],
    [
      26,
      27
    ],
    [
      26,
      27
    ],
    [
      26,
      27
    ],
    [
      26,
      27
    ],
    [
      26,
      27
    ],
    [
      26,
      27
    ],
    [
      26,
      27
    ],
    [
      26,
      27
    ],
    [
      26,
      27
    ],
    [
      26,
      27
    ],
    [
      26,
      27
    ],
    [
      26,
      27
    ],
    [
      26,
      27
    ],
    [
      26,
      27
    ],
    [
      26,
      27
    ],
    [
      27,
      28
    ],
    [
      27,
      28
    ],
    [
      27,
      28
    ],
    [
      27,
      28
    ],
    [
      27,
      28
    ],
    [
      27,
      28
    ],
    [
      27,
      28
    ],
    [
      27,
      28
    ],
    [
      27,
      28
    ],
    [
      27,
      28
    ],
    [
      27,
      28
    ],
    [
      27,
      28
    ],
    [
      27,
      28
    ],
    [
      27,
      28
    ],
    [
      27,
      28
    ],
    [
      27,
      28
    ],
    [
      27,
      28
    ],
    [
      27,
      28
    ],
    [
      27,
      28
    ],
    [
      27,
      28
    ],
    [
      27,
      28
    ],
    [
      27,
      28
    ],
    [
      27,
      28
    ],
    [
      27,
      28
    ],
    [
      27,
      28
    ],
    [
      27,
      28
    ],
    [
      27,
      28
    ],
    [
      27,
      28
    ],
    [
      27,
      28
    ],
    [
      27,
      28
    ],
    [
      27,
      28
    ],
    [
      27,
      28
    ],
    [
      27,
      28
    ],
    [
      27,
      28
    ],
    [
      27,
      28
    ],
    [
      27,
      28
    ],
    [
      27,
      28
    ],
    [
      27,
      28
    ],
    [
      27,
      28
    ],
    [
      27,
      28
    ],
    [
      27,
      28
    ],
    [
      27,
      28
    ],
    [
      27,
      28
    ],
    [
      27,
      28
    ],
    [
      27,
      28
    ],
    [
      27,
      28
    ],
    [
      27,
      28
    ],
    [
      27,
      28
    ],
    [
      27,
      28
    ],
    [
      27,
      28
    ],
    [
      27,
      28
    ],
    [
      27,
      28
    ],
    [
      27,
      28
    ],
    [
      27,
      28
    ],
    [
      27,
      28
    ],
    [
      27,
      28
    ],
    [
      27,
      28
    ],
    [
      27,
      28
    ],
    [
      27,
      28
    ],
    [
      27,
      28
    ],
    [
      27,
      28
    ],
    [
      27,
      28
    ],
    [
      27,
      28
    ],
    [
      27,
      28
    ],
    [
      27,
      28
    ],
    [
      27,
      28
    ],
    [
      27,
      28
    ],
    [
      27,
      28
    ],
    [
      27,
      28
    ],
    [
      27,
      28
    ],
    [
      27,
      28
    ],
    [
      27,
      28
    ],
    [
      27,
      28
    ],
    [
      27,
      28
    ],
    [
      27,
      28
    ],
    [
      27,
      28
    ],
    [
      27,
      28
    ],
    [
      27,
      28
    ],
    [
      27,
      28
    ],
    [
      27,
      28
    ],
    [
      27,
      28
    ],
    [
      27,
      28
    ],
    [
      27,
      28
    ],
    [
      27,
      28
    ],
    [
      27,
      28
    ],
    [
      27,
      28
    ],
    [
      27,
      28
    ],
    [
      27,
      28
    ],
    [
      27,
      28
    ],
    [
      27,
      28
    ],
    [
      27,
      28
    ],
    [
      27,
      28
    ],
    [
      27,
      28
    ],
    [
      27,
      28
    ],
    [
      27,
      28
    ],
    [
      27,
      28
    ],
    [
      27,
      28
    ],
    [
      27,
      28
    ],
    [
      27,
      28
    ],
    [
      27,
      28
    ],
    [
      27,
      28
    ],
    [
      27,
      28
    ],
    [
      27,
      28
    ],
    [
      27,
      28
    ],
    [
      27,
      28
    ],
    [
      27,
      28
    ],
    [
      27,
      28
    ],
    [
      27,
      28
    ],
    [
      27,
      28
    ],
    [
      27,
      28
    ],
    [
      27,
      28
    ],
    [
      27,
      28
    ],
    [
      27,
      28
    ],
    [
      27,
      28
    ],
    [
      27,
      28
    ],
    [
      27,
      28
    ],
    [
      27,
      28
    ],
    [
      27,
      28
    ],
    [
      27,
      28
    ],
    [
      27,
      28
    ],
    [
      27,
      28
    ],
    [
      27,
      28
    ],
    [
      27,
      28
    ],
    [
      27,
      28
    ],
    [
      27,
      28
    ],
    [
      27,
      28
    ],
    [
      27,
      28
    ],
    [
      27,
      28
    ],
    [
      27,
      28
    ],
    [
      27,
      28
    ],
    [
      27,
      28
    ],
    [
      27,
      28
    ],
    [
      27,
      28
    ],
    [
      27,
      28
    ],
    [
      27,
      28
    ],
    [
      27,
      28
    ],
    [
      27,
      28
    ],
    [
      27,
      28
    ],
    [
      27,
      28
    ],
    [
      27,
      28
    ],
    [
      27,
      28
    ],
    [
      27,
      28
    ],
    [
      27,
      28
    ],
    [
      27,
      28
    ],
    [
      27,
      28
    ],
    [
      27,
      28
    ],
    [
      27,
      28
    ],
    [
      27,
      28
    ],
    [
      27,
      28
    ],
    [
      27,
      28
    ],
    [
      27,
      28
    ],
    [
      27,
      28
    ],
    [
      27,
      28
    ],
    [
      27,
      28
    ],
    [
      27,
      28
    ],
    [
      27,
      28
    ],
    [
      27,
      28
    ],
    [
      27,
      28
    ],
    [
      27,
      28
    ],
    [
      27,
      28
    ],
    [
      27,
      28
    ],
    [
      27,
      28
    ],
    [
      27,
      28
    ],
    [
      27,
      28
    ],
    [
      27,
      28
    ],
    [
      27,
      28
    ],
    [
      27,
      28
    ],
    [
      27,
      28
    ],
    [
      27,
      28
    ],
    [
      27,
      28
    ],
    [
      27,
      28
    ],
    [
      27,
      28
    ],
    [
      27,
      28
    ],
    [
      27,
      28
    ],
    [
      27,
      28
    ],
    [
      27,
      28
    ],
    [
      27,
      28
    ],
    [
      27,
      28
    ],
    [
      27,
      28
    ],
    [
      27,
      28
    ],
    [
      27,
      28
    ],
    [
      27,
      28
    ],
    [
      27,
      28
    ],
    [
      27,
      28
    ],
    [
      27,
      28
    ],
    [
      27,
      28
    ],
    [
      27,
      28
    ],
    [
      27,
      28
    ],
    [
      27,
      28
    ],
    [
      27,
      28
    ],
    [
      27,
      28
    ],
    [
      27,
      28
    ],
    [
      27,
      28
    ],
    [
      27,
      28
    ],
    [
      27,
      28
    ],
    [
      27,
      28
    ],
    [
      27,
      28
    ],
    [
      27,
      28
    ],
    [
      27,
      28
    ],
    [
      27,
      28
    ],
    [
      27,
      28
    ],
    [
      27,
      28
    ],
    [
      27,
      28
    ],
    [
      27,
      28
    ],
    [
      27,
      28
    ],
    [
      27,
      28
    ],
    [
      27,
      28
    ],
    [
      27,
      28
    ],
    [
      27,
      28
    ],
    [
      27,
      28
    ],
    [
      27,
      28
    ],
    [
      27,
      28
    ],
    [
      27,
      28
    ],
    [
      27,
      28
    ],
    [
      27,
      28
    ],
    [
      27,
      28
    ],
    [
      27,
      28
    ],
    [
      27,
      28
    ],
    [
      27,
      28
    ],
    [
      27,
      28
    ],
    [
      27,
      28
    ],
    [
      27,
      28
    ],
    [
      27,
      28
    ],
    [
      27,
      28
    ],
    [
      27,
      28
    ],
    [
      27,
      28
    ],
    [
      27,
      28
    ],
    [
      27,
      28
    ],
    [
      27,
      28
    ],
    [
      27,
      28
    ],
    [
      27,
      28
    ],
    [
      27,
      28
    ],
    [
      27,
      28
    ],
    [
      27,
      28
    ],
    [
      27,
      28
    ],
    [
      27,
      28
    ],
    [
      27,
      28
    ],
    [
      27,
      28
    ],
    [
      27,
      28
    ],
    [
      27,
      28
    ],
    [
      27,
      28
    ],
    [
      27,
      28
    ],
    [
      27,
      28
    ],
    [
      27,
      28
    ],
    [
      27,
      28
    ],
    [
      27,
      28
    ],
    [
      27,
      28
    ],
    [
      27,
      28
    ],
    [
      27,
      28
    ],
    [
      27,
      28
    ],
    [
      27,
      28
    ],
    [
      27,
      28
    ],
    [
      27,
      28
    ],
    [
      27,
      28
    ],
    [
      27,
      28
    ],
    [
      27,
      28
    ],
    [
      28,
      29
    ],
    [
      28,
      29
    ],
    [
      28,
      29
    ],
    [
      28,
      29
    ],
    [
      28,
      29
    ],
    [
      28,
      29
    ],
    [
      28,
      29
    ],
    [
      28,
      29
    ],
    [
      28,
      29
    ],
    [
      28,
      29
    ],
    [
      28,
      29
    ],
    [
      28,
      29
    ],
    [
      28,
      29
    ],
    [
      28,
      29
    ],
    [
      28,
      29
    ],
    [
      28,
      29
    ],
    [
      28,
      29
    ],
    [
      28,
      29
    ],
    [
      28,
      29
    ],
    [
      28,
      29
    ],
    [
      28,
      29
    ],
    [
      28,
      29
    ],
    [
      28,
      29
    ],
    [
      28,
      29
    ],
    [
      28,
      29
    ],
    [
      28,
      29
    ],
    [
      28,
      29
    ],
    [
      28,
      29
    ],
    [
      28,
      29
    ],
    [
      28,
      29
    ],
    [
      28,
      29
    ],
    [
      28,
      29
    ],
    [
      28,
      29
    ],
    [
      28,
      29
    ],
    [
      28,
      29
    ],
    [
      28,
      29
    ],
    [
      28,
      29
    ],
    [
      28,
      29
    ],
    [
      28,
      29
    ],
    [
      28,
      29
    ],
    [
      28,
      29
    ],
    [
      28,
      29
    ],
    [
      28,
      29
    ],
    [
      28,
      29
    ],
    [
      28,
      29
    ],
    [
      28,
      29
    ],
    [
      28,
      29
    ],
    [
      28,
      29
    ],
    [
      28,
      29
    ],
    [
      28,
      29
    ],
    [
      28,
      29
    ],
    [
      28,
      29
    ],
    [
      28,
      29
    ],
    [
      28,
      29
    ],
    [
      28,
      29
    ],
    [
      28,
      29
    ],
    [
      28,
      29
    ],
    [
      28,
      29
    ],
    [
      28,
      29
    ],
    [
      28,
      29
    ],
    [
      28,
      29
    ],
    [
      28,
      29
    ],
    [
      28,
      29
    ],
    [
      28,
      29
    ],
    [
      28,
      29
    ],
    [
      28,
      29
    ],
    [
      28,
      29
    ],
    [
      28,
      29
    ],
    [
      28,
      29
    ],
    [
      28,
      29
    ],
    [
      28,
      29
    ],
    [
      28,
      29
    ],
    [
      28,
      29
    ],
    [
      28,
      29
    ],
    [
      28,
      29
    ],
    [
      28,
      29
    ],
    [
      28,
      29
    ],
    [
      28,
      29
    ],
    [
      28,
      29
    ],
    [
      28,
      29
    ],
    [
      28,
      29
    ],
    [
      28,
      29
    ],
    [
      28,
      29
    ],
    [
      28,
      29
    ],
    [
      28,
      29
    ],
    [
      28,
      29
    ],
    [
      28,
      29
    ],
    [
      28,
      29
    ],
    [
      28,
      29
    ],
    [
      28,
      29
    ],
    [
      28,
      29
    ],
    [
      28,
      29
    ],
    [
      28,
      29
    ],
    [
      28,
      29
    ],
    [
      28,
      29
    ],
    [
      28,
      29
    ],
    [
      28,
      29
    ],
    [
      28,
      29
    ],
    [
      28,
      29
    ],
    [
      28,
      29
    ],
    [
      28,
      29
    ],
    [
      28,
      29
    ],
    [
      28,
      29
    ],
    [
      28,
      29
    ],
    [
      28,
      29
    ],
    [
      28,
      29
    ],
    [
      28,
      29
    ],
    [
      28,
      29
    ],
    [
      28,
      29
    ],
    [
      28,
      29
    ],
    [
      28,
      29
    ],
    [
      28,
      29
    ],
    [
      28,
      29
    ],
    [
      28,
      29
    ],
    [
      28,
      29
    ],
    [
      28,
      29
    ],
    [
      28,
      29
    ],
    [
      28,
      29
    ],
    [
      28,
      29
    ],
    [
      28,
      29
    ],
    [
      28,
      29
    ],
    [
      28,
      29
    ],
    [
      28,
      29
    ],
    [
      28,
      29
    ],
    [
      28,
      29
    ],
    [
      28,
      29
    ],
    [
      28,
      29
    ],
    [
      28,
      29
    ],
    [
      28,
      29
    ],
    [
      28,
      29
    ],
    [
      28,
      29
    ],
    [
      28,
      29
    ],
    [
      28,
      29
    ],
    [
      28,
      29
    ],
    [
      28,
      29
    ],
    [
      28,
      29
    ],
    [
      28,
      29
    ],
    [
      28,
      29
    ],
    [
      28,
      29
    ],
    [
      28,
      29
    ],
    [
      28,
      29
    ],
    [
      28,
      29
    ],
    [
      28,
      29
    ],
    [
      28,
      29
    ],
    [
      28,
      29
    ],
    [
      28,
      29
    ],
    [
      28,
      29
    ],
    [
      28,
      29
    ],
    [
      28,
      29
    ],
    [
      28,
      29
    ],
    [
      28,
      29
    ],
    [
      28,
      29
    ],
    [
      28,
      29
    ],
    [
      28,
      29
    ],
    [
      28,
      29
    ],
    [
      28,
      29
    ],
    [
      28,
      29
    ],
    [
      28,
      29
    ],
    [
      28,
      29
    ],
    [
      28,
      29
    ],
    [
      28,
      29
    ],
    [
      28,
      29
    ],
    [
      28,
      29
    ],
    [
      28,
      29
    ],
    [
      28,
      29
    ],
    [
      28,
      29
    ],
    [
      28,
      29
    ],
    [
      28,
      29
    ],
    [
      28,
      29
    ],
    [
      28,
      29
    ],
    [
      28,
      29
    ],
    [
      28,
      29
    ],
    [
      28,
      29
    ],
    [
      28,
      29
    ],
    [
      28,
      29
    ],
    [
      28,
      29
    ],
    [
      28,
      29
    ],
    [
      28,
      29
    ],
    [
      28,
      29
    ],
    [
      28,
      29
    ],
    [
      28,
      29
    ],
    [
      28,
      29
    ],
    [
      28,
      29
    ],
    [
      28,
      29
    ],
    [
      28,
      29
    ],
    [
      28,
      29
    ],
    [
      28,
      29
    ],
    [
      28,
      29
    ],
    [
      28,
      29
    ],
    [
      28,
      29
    ],
    [
      28,
      29
    ],
    [
      28,
      29
    ],
    [
      28,
      29
    ],
    [
      28,
      29
    ],
    [
      28,
      29
    ],
    [
      28,
      29
    ],
    [
      28,
      29
    ],
    [
      28,
      29
    ],
    [
      28,
      29
    ],
    [
      28,
      29
    ],
    [
      28,
      29
    ],
    [
      28,
      29
    ],
    [
      28,
      29
    ],
    [
      28,
      29
    ],
    [
      28,
      29
    ],
    [
      28,
      29
    ],
    [
      28,
      29
    ],
    [
      28,
      29
    ],
    [
      28,
      29
    ],
    [
      28,
      29
    ],
    [
      28,
      29
    ],
    [
      28,
      29
    ],
    [
      28,
      29
    ],
    [
      28,
      29
    ],
    [
      28,
      29
    ],
    [
      28,
      29
    ],
    [
      28,
      29
    ],
    [
      28,
      29
    ],
    [
      28,
      29
    ],
    [
      28,
      29
    ],
    [
      28,
      29
    ],
    [
      28,
      29
    ],
    [
      28,
      29
    ],
    [
      28,
      29
    ],
    [
      28,
      29
    ],
    [
      28,
      29
    ],
    [
      28,
      29
    ],
    [
      28,
      29
    ],
    [
      28,
      29
    ],
    [
      28,
      29
    ],
    [
      28,
      29
    ],
    [
      28,
      29
    ],
    [
      28,
      29
    ],
    [
      28,
      29
    ],
    [
      28,
      29
    ],
    [
      28,
      29
    ],
    [
      28,
      29
    ],
    [
      28,
      29
    ],
    [
      28,
      29
    ],
    [
      28,
      29
    ],
    [
      28,
      29
    ],
    [
      28,
      29
    ],
    [
      28,
      29
    ],
    [
      28,
      29
    ],
    [
      28,
      29
    ],
    [
      28,
      29
    ],
    [
      28,
      29
    ],
    [
      28,
      29
    ],
    [
      28,
      29
    ],
    [
      28,
      29
    ],
    [
      28,
      29
    ],
    [
      28,
      29
    ],
    [
      28,
      29
    ],
    [
      28,
      29
    ],
    [
      28,
      29
    ],
    [
      28,
      29
    ],
    [
      29,
      30
    ],
    [
      29,
      30
    ],
    [
      29,
      30
    ],
    [
      29,
      30
    ],
    [
      29,
      30
    ],
    [
      29,
      30
    ],
    [
      29,
      30
    ],
    [
      29,
      30
    ],
    [
      29,
      30
    ],
    [
      29,
      30
    ],
    [
      29,
      30
    ],
    [
      29,
      30
    ],
    [
      29,
      30
    ],
    [
      29,
      30
    ],
    [
      29,
      30
    ],
    [
      29,
      30
    ],
    [
      29,
      30
    ],
    [
      29,
      30
    ],
    [
      29,
      30
    ],
    [
      29,
      30
    ],
    [
      29,
      30
    ],
    [
      29,
      30
    ],
    [
      29,
      30
    ],
    [
      29,
      30
    ],
    [
      29,
      30
    ],
    [
      29,
      30
    ],
    [
      29,
      30
    ],
    [
      29,
      30
    ],
    [
      29,
      30
    ],
    [
      29,
      30
    ],
    [
      29,
      30
    ],
    [
      29,
      30
    ],
    [
      29,
      30
    ],
    [
      29,
      30
    ],
    [
      29,
      30
    ],
    [
      29,
      30
    ],
    [
      29,
      30
    ],
    [
      29,
      30
    ],
    [
      29,
      30
    ],
    [
      29,
      30
    ],
    [
      29,
      30
    ],
    [
      29,
      30
    ],
    [
      29,
      30
    ],
    [
      29,
      30
    ],
    [
      29,
      30
    ],
    [
      29,
      30
    ],
    [
      29,
      30
    ],
    [
      29,
      30
    ],
    [
      29,
      30
    ],
    [
      29,
      30
    ],
    [
      29,
      30
    ],
    [
      29,
      30
    ],
    [
      29,
      30
    ],
    [
      29,
      30
    ],
    [
      29,
      30
    ],
    [
      29,
      30
    ],
    [
      29,
      30
    ],
    [
      29,
      30
    ],
    [
      29,
      30
    ],
    [
      29,
      30
    ],
    [
      29,
      30
    ],
    [
      29,
      30
    ],
    [
      29,
      30
    ],
    [
      29,
      30
    ],
    [
      29,
      30
    ],
    [
      29,
      30
    ],
    [
      29,
      30
    ],
    [
      29,
      30
    ],
    [
      29,
      30
    ],
    [
      29,
      30
    ],
    [
      29,
      30
    ],
    [
      29,
      30
    ],
    [
      29,
      30
    ],
    [
      29,
      30
    ],
    [
      29,
      30
    ],
    [
      29,
      30
    ],
    [
      29,
      30
    ],
    [
      29,
      30
    ],
    [
      29,
      30
    ],
    [
      29,
      30
    ],
    [
      29,
      30
    ],
    [
      29,
      30
    ],
    [
      29,
      30
    ],
    [
      29,
      30
    ],
    [
      29,
      30
    ],
    [
      29,
      30
    ],
    [
      29,
      30
    ],
    [
      29,
      30
    ],
    [
      29,
      30
    ],
    [
      29,
      30
    ],
    [
      29,
      30
    ],
    [
      29,
      30
    ],
    [
      29,
      30
    ],
    [
      29,
      30
    ],
    [
      29,
      30
    ],
    [
      29,
      30
    ],
    [
      29,
      30
    ],
    [
      29,
      30
    ],
    [
      29,
      30
    ],
    [
      29,
      30
    ],
    [
      29,
      30
    ],
    [
      29,
      30
    ],
    [
      29,
      30
    ],
    [
      29,
      30
    ],
    [
      29,
      30
    ],
    [
      29,
      30
    ],
    [
      29,
      30
    ],
    [
      29,
      30
    ],
    [
      29,
      30
    ],
    [
      29,
      30
    ],
    [
      29,
      30
    ],
    [
      29,
      30
    ],
    [
      29,
      30
    ],
    [
      29,
      30
    ],
    [
      29,
      30
    ],
    [
      29,
      30
    ],
    [
      29,
      30
    ],
    [
      29,
      30
    ],
    [
      29,
      30
    ],
    [
      29,
      30
    ],
    [
      29,
      30
    ],
    [
      29,
      30
    ],
    [
      29,
      30
    ],
    [
      29,
      30
    ],
    [
      29,
      30
    ],
    [
      29,
      30
    ],
    [
      29,
      30
    ],
    [
      29,
      30
    ],
    [
      29,
      30
    ],
    [
      29,
      30
    ],
    [
      29,
      30
    ],
    [
      29,
      30
    ],
    [
      29,
      30
    ],
    [
      29,
      30
    ],
    [
      29,
      30
    ],
    [
      29,
      30
    ],
    [
      29,
      30
    ],
    [
      29,
      30
    ],
    [
      29,
      30
    ],
    [
      29,
      30
    ],
    [
      29,
      30
    ],
    [
      29,
      30
    ],
    [
      29,
      30
    ],
    [
      29,
      30
    ],
    [
      29,
      30
    ],
    [
      29,
      30
    ],
    [
      29,
      30
    ],
    [
      29,
      30
    ],
    [
      29,
      30
    ],
    [
      29,
      30
    ],
    [
      29,
      30
    ],
    [
      29,
      30
    ],
    [
      29,
      30
    ],
    [
      29,
      30
    ],
    [
      29,
      30
    ],
    [
      29,
      30
    ],
    [
      29,
      30
    ],
    [
      29,
      30
    ],
    [
      29,
      30
    ],
    [
      29,
      30
    ],
    [
      29,
      30
    ],
    [
      29,
      30
    ],
    [
      29,
      30
    ],
    [
      29,
      30
    ],
    [
      29,
      30
    ],
    [
      29,
      30
    ],
    [
      29,
      30
    ],
    [
      29,
      30
    ],
    [
      29,
      30
    ],
    [
      29,
      30
    ],
    [
      29,
      30
    ],
    [
      29,
      30
    ],
    [
      29,
      30
    ],
    [
      29,
      30
    ],
    [
      29,
      30
    ],
    [
      29,
      30
    ],
    [
      29,
      30
    ],
    [
      29,
      30
    ],
    [
      29,
      30
    ],
    [
      29,
      30
    ],
    [
      29,
      30
    ],
    [
      29,
      30
    ],
    [
      29,
      30
    ],
    [
      29,
      30
    ],
    [
      29,
      30
    ],
    [
      29,
      30
    ],
    [
      29,
      30
    ],
    [
      29,
      30
    ],
    [
      29,
      30
    ],
    [
      29,
      30
    ],
    [
      29,
      30
    ],
    [
      29,
      30
    ],
    [
      29,
      30
    ],
    [
      29,
      30
    ],
    [
      29,
      30
    ],
    [
      29,
      30
    ],
    [
      29,
      30
    ],
    [
      29,
      30
    ],
    [
      29,
      30
    ],
    [
      29,
      30
    ],
    [
      29,
      30
    ],
    [
      29,
      30
    ],
    [
      29,
      30
    ],
    [
      29,
      30
    ],
    [
      29,
      30
    ],
    [
      29,
      30
    ],
    [
      29,
      30
    ],
    [
      29,
      30
    ],
    [
      29,
      30
    ],
    [
      29,
      30
    ],
    [
      29,
      30
    ],
    [
      29,
      30
    ],
    [
      29,
      30
    ],
    [
      29,
      30
    ],
    [
      29,
      30
    ],
    [
      29,
      30
    ],
    [
      29,
      30
    ],
    [
      29,
      30
    ],
    [
      29,
      30
    ],
    [
      29,
      30
    ],
    [
      29,
      30
    ],
    [
      29,
      30
    ],
    [
      29,
      30
    ],
    [
      29,
      30
    ],
    [
      29,
      30
    ],
    [
      29,
      30
    ],
    [
      29,
      30
    ],
    [
      29,
      30
    ],
    [
      29,
      30
    ],
    [
      29,
      30
    ],
    [
      29,
      30
    ],
    [
      29,
      30
    ],
    [
      29,
      30
    ],
    [
      29,
      30
    ],
    [
      29,
      30
    ],
    [
      29,
      30
    ],
    [
      29,
      30
    ],
    [
      29,
      30
    ],
    [
      29,
      30
    ],
    [
      29,
      30
    ],
    [
      29,
      30
    ],
    [
      29,
      30
    ],
    [
      29,
      30
    ],
    [
      29,
      30
    ],
    [
      29,
      30
    ],
    [
      29,
      30
    ],
    [
      29,
      30
    ],
    [
      29,
      30
    ],
    [
      29,
      30
    ],
    [
      29,
      30
    ],
    [
      29,
      30
    ],
    [
      29,
      30
    ],
    [
      29,
      30
    ],
    [
      29,
      30
    ],
    [
      29,
      30
    ],
    [
      29,
      30
    ],
    [
      30,
      31
    ],
    [
      30,
      31
    ],
    [
      30,
      31
    ],
    [
      30,
      31
    ],
    [
      30,
      31
    ],
    [
      30,
      31
    ],
    [
      30,
      31
    ],
    [
      30,
      31
    ],
    [
      30,
      31
    ],
    [
      30,
      31
    ],
    [
      30,
      31
    ],
    [
      30,
      31
    ],
    [
      30,
      31
    ],
    [
      30,
      31
    ],
    [
      30,
      31
    ],
    [
      30,
      31
    ],
    [
      30,
      31
    ],
    [
      30,
      31
    ],
    [
      30,
      31
    ],
    [
      30,
      31
    ],
    [
      30,
      31
    ],
    [
      30,
      31
    ],
    [
      30,
      31
    ],
    [
      30,
      31
    ],
    [
      30,
      31
    ],
    [
      30,
      31
    ],
    [
      30,
      31
    ],
    [
      30,
      31
    ],
    [
      30,
      31
    ],
    [
      30,
      31
    ],
    [
      30,
      31
    ],
    [
      30,
      31
    ],
    [
      30,
      31
    ],
    [
      30,
      31
    ],
    [
      30,
      31
    ],
    [
      30,
      31
    ],
    [
      30,
      31
    ],
    [
      30,
      31
    ],
    [
      30,
      31
    ],
    [
      30,
      31
    ],
    [
      30,
      31
    ],
    [
      30,
      31
    ],
    [
      30,
      31
    ],
    [
      30,
      31
    ],
    [
      30,
      31
    ],
    [
      30,
      31
    ],
    [
      30,
      31
    ],
    [
      30,
      31
    ],
    [
      30,
      31
    ],
    [
      30,
      31
    ],
    [
      30,
      31
    ],
    [
      30,
      31
    ],
    [
      30,
      31
    ],
    [
      30,
      31
    ],
    [
      30,
      31
    ],
    [
      30,
      31
    ],
    [
      30,
      31
    ],
    [
      30,
      31
    ],
    [
      30,
      31
    ],
    [
      30,
      31
    ],
    [
      30,
      31
    ],
    [
      30,
      31
    ],
    [
      30,
      31
    ],
    [
      30,
      31
    ],
    [
      30,
      31
    ],
    [
      30,
      31
    ],
    [
      30,
      31
    ],
    [
      30,
      31
    ],
    [
      30,
      31
    ],
    [
      30,
      31
    ],
    [
      30,
      31
    ],
    [
      30,
      31
    ],
    [
      30,
      31
    ],
    [
      30,
      31
    ],
    [
      30,
      31
    ],
    [
      30,
      31
    ],
    [
      30,
      31
    ],
    [
      30,
      31
    ],
    [
      30,
      31
    ],
    [
      30,
      31
    ],
    [
      30,
      31
    ],
    [
      30,
      31
    ],
    [
      30,
      31
    ],
    [
      30,
      31
    ],
    [
      30,
      31
    ],
    [
      30,
      31
    ],
    [
      30,
      31
    ],
    [
      30,
      31
    ],
    [
      30,
      31
    ],
    [
      30,
      31
    ],
    [
      30,
      31
    ],
    [
      30,
      31
    ],
    [
      30,
      31
    ],
    [
      30,
      31
    ],
    [
      30,
      31
    ],
    [
      30,
      31
    ],
    [
      30,
      31
    ],
    [
      30,
      31
    ],
    [
      30,
      31
    ],
    [
      30,
      31
    ],
    [
      30,
      31
    ],
    [
      30,
      31
    ],
    [
      30,
      31
    ],
    [
      30,
      31
    ],
    [
      30,
      31
    ],
    [
      30,
      31
    ],
    [
      30,
      31
    ],
    [
      30,
      31
    ],
    [
      30,
      31
    ],
    [
      30,
      31
    ],
    [
      30,
      31
    ],
    [
      30,
      31
    ],
    [
      30,
      31
    ],
    [
      30,
      31
    ],
    [
      30,
      31
    ],
    [
      30,
      31
    ],
    [
      30,
      31
    ],
    [
      30,
      31
    ],
    [
      30,
      31
    ],
    [
      30,
      31
    ],
    [
      30,
      31
    ],
    [
      30,
      31
    ],
    [
      30,
      31
    ],
    [
      30,
      31
    ],
    [
      30,
      31
    ],
    [
      30,
      31
    ],
    [
      30,
      31
    ],
    [
      30,
      31
    ],
    [
      30,
      31
    ],
    [
      30,
      31
    ],
    [
      30,
      31
    ],
    [
      30,
      31
    ],
    [
      30,
      31
    ],
    [
      30,
      31
    ],
    [
      30,
      31
    ],
    [
      30,
      31
    ],
    [
      30,
      31
    ],
    [
      30,
      31
    ],
    [
      30,
      31
    ],
    [
      30,
      31
    ],
    [
      30,
      31
    ],
    [
      30,
      31
    ],
    [
      30,
      31
    ],
    [
      30,
      31
    ],
    [
      30,
      31
    ],
    [
      30,
      31
    ],
    [
      30,
      31
    ],
    [
      30,
      31
    ],
    [
      30,
      31
    ],
    [
      30,
      31
    ],
    [
      30,
      31
    ],
    [
      30,
      31
    ],
    [
      30,
      31
    ],
    [
      30,
      31
    ],
    [
      30,
      31
    ],
    [
      30,
      31
    ],
    [
      30,
      31
    ],
    [
      30,
      31
    ],
    [
      30,
      31
    ],
    [
      30,
      31
    ],
    [
      30,
      31
    ],
    [
      30,
      31
    ],
    [
      30,
      31
    ],
    [
      30,
      31
    ],
    [
      30,
      31
    ],
    [
      30,
      31
    ],
    [
      30,
      31
    ],
    [
      30,
      31
    ],
    [
      30,
      31
    ],
    [
      30,
      31
    ],
    [
      30,
      31
    ],
    [
      30,
      31
    ],
    [
      30,
      31
    ],
    [
      30,
      31
    ],
    [
      30,
      31
    ],
    [
      30,
      31
    ],
    [
      30,
      31
    ],
    [
      30,
      31
    ],
    [
      30,
      31
    ],
    [
      30,
      31
    ],
    [
      30,
      31
    ],
    [
      30,
      31
    ],
    [
      30,
      31
    ],
    [
      30,
      31
    ],
    [
      30,
      31
    ],
    [
      30,
      31
    ],
    [
      30,
      31
    ],
    [
      30,
      31
    ],
    [
      30,
      31
    ],
    [
      30,
      31
    ],
    [
      30,
      31
    ],
    [
      30,
      31
    ],
    [
      30,
      31
    ],
    [
      30,
      31
    ],
    [
      30,
      31
    ],
    [
      30,
      31
    ],
    [
      30,
      31
    ],
    [
      30,
      31
    ],
    [
      30,
      31
    ],
    [
      30,
      31
    ],
    [
      30,
      31
    ],
    [
      30,
      31
    ],
    [
      30,
      31
    ],
    [
      30,
      31
    ],
    [
      30,
      31
    ],
    [
      30,
      31
    ],
    [
      30,
      31
    ],
    [
      30,
      31
    ],
    [
      30,
      31
    ],
    [
      30,
      31
    ],
    [
      30,
      31
    ],
    [
      30,
      31
    ],
    [
      30,
      31
    ],
    [
      30,
      31
    ],
    [
      30,
      31
    ],
    [
      30,
      31
    ],
    [
      30,
      31
    ],
    [
      30,
      31
    ],
    [
      30,
      31
    ],
    [
      30,
      31
    ],
    [
      30,
      31
    ],
    [
      30,
      31
    ],
    [
      30,
      31
    ],
    [
      30,
      31
    ],
    [
      30,
      31
    ],
    [
      30,
      31
    ],
    [
      30,
      31
    ],
    [
      30,
      31
    ],
    [
      30,
      31
    ],
    [
      30,
      31
    ],
    [
      30,
      31
    ],
    [
      30,
      31
    ],
    [
      30,
      31
    ],
    [
      30,
      31
    ],
    [
      30,
      31
    ],
    [
      30,
      31
    ],
    [
      30,
      31
    ],
    [
      30,
      31
    ],
    [
      30,
      31
    ],
    [
      30,
      31
    ],
    [
      30,
      31
    ],
    [
      30,
      31
    ],
    [
      30,
      31
    ],
    [
      30,
      31
    ],
    [
      30,
      31
    ],
    [
      30,
      31
    ],
    [
      30,
      31
    ],
    [
      30,
      31
    ],
    [
      30,
      31
    ],
    [
      30,
      31
    ],
    [
      30,
      31
    ],
    [
      30,
      31
    ],
    [
      30,
      31
    ],
    [
      30,
      31
    ],
    [
      30,
      31
    ],
    [
      30,
      31
    ],
    [
      31,
      32
    ],
    [
      31,
      32
    ],
    [
      31,
      32
    ],
    [
      31,
      32
    ],
    [
      31,
      32
    ],
    [
      31,
      32
    ],
    [
      31,
      32
    ],
    [
      31,
      32
    ],
    [
      31,
      32
    ],
    [
      31,
      32
    ],
    [
      31,
      32
    ],
    [
      31,
      32
    ],
    [
      31,
      32
    ],
    [
      31,
      32
    ],
    [
      31,
      32
    ],
    [
      31,
      32
    ],
    [
      31,
      32
    ],
    [
      31,
      32
    ],
    [
      31,
      32
    ],
    [
      31,
      32
    ],
    [
      31,
      32
    ],
    [
      31,
      32
    ],
    [
      31,
      32
    ],
    [
      31,
      32
    ],
    [
      31,
      32
    ],
    [
      31,
      32
    ],
    [
      31,
      32
    ],
    [
      31,
      32
    ],
    [
      31,
      32
    ],
    [
      31,
      32
    ],
    [
      31,
      32
    ],
    [
      31,
      32
    ],
    [
      31,
      32
    ],
    [
      31,
      32
    ],
    [
      31,
      32
    ],
    [
      31,
      32
    ],
    [
      31,
      32
    ],
    [
      31,
      32
    ],
    [
      31,
      32
    ],
    [
      31,
      32
    ],
    [
      31,
      32
    ],
    [
      31,
      32
    ],
    [
      31,
      32
    ],
    [
      31,
      32
    ],
    [
      31,
      32
    ],
    [
      31,
      32
    ],
    [
      31,
      32
    ],
    [
      31,
      32
    ],
    [
      31,
      32
    ],
    [
      31,
      32
    ],
    [
      31,
      32
    ],
    [
      31,
      32
    ],
    [
      31,
      32
    ],
    [
      31,
      32
    ],
    [
      31,
      32
    ],
    [
      31,
      32
    ],
    [
      31,
      32
    ],
    [
      31,
      32
    ],
    [
      31,
      32
    ],
    [
      31,
      32
    ],
    [
      31,
      32
    ],
    [
      31,
      32
    ],
    [
      31,
      32
    ],
    [
      31,
      32
    ],
    [
      31,
      32
    ],
    [
      31,
      32
    ],
    [
      31,
      32
    ],
    [
      31,
      32
    ],
    [
      31,
      32
    ],
    [
      31,
      32
    ],
    [
      31,
      32
    ],
    [
      31,
      32
    ],
    [
      31,
      32
    ],
    [
      31,
      32
    ],
    [
      31,
      32
    ],
    [
      31,
      32
    ],
    [
      31,
      32
    ],
    [
      31,
      32
    ],
    [
      31,
      32
    ],
    [
      31,
      32
    ],
    [
      31,
      32
    ],
    [
      31,
      32
    ],
    [
      31,
      32
    ],
    [
      31,
      32
    ],
    [
      31,
      32
    ],
    [
      31,
      32
    ],
    [
      31,
      32
    ],
    [
      31,
      32
    ],
    [
      31,
      32
    ],
    [
      31,
      32
    ],
    [
      31,
      32
    ],
    [
      31,
      32
    ],
    [
      31,
      32
    ],
    [
      31,
      32
    ],
    [
      31,
      32
    ],
    [
      31,
      32
    ],
    [
      31,
      32
    ],
    [
      31,
      32
    ],
    [
      31,
      32
    ],
    [
      31,
      32
    ],
    [
      31,
      32
    ],
    [
      31,
      32
    ],
    [
      31,
      32
    ],
    [
      31,
      32
    ],
    [
      31,
      32
    ],
    [
      31,
      32
    ],
    [
      31,
      32
    ],
    [
      31,
      32
    ],
    [
      31,
      32
    ],
    [
      31,
      32
    ],
    [
      31,
      32
    ],
    [
      31,
      32
    ],
    [
      31,
      32
    ],
    [
      31,
      32
    ],
    [
      31,
      32
    ],
    [
      31,
      32
    ],
    [
      31,
      32
    ],
    [
      31,
      32
    ],
    [
      31,
      32
    ],
    [
      31,
      32
    ],
    [
      31,
      32
    ],
    [
      31,
      32
    ],
    [
      31,
      32
    ],
    [
      31,
      32
    ],
    [
      31,
      32
    ],
    [
      31,
      32
    ],
    [
      31,
      32
    ],
    [
      31,
      32
    ],
    [
      31,
      32
    ],
    [
      31,
      32
    ],
    [
      31,
      32
    ],
    [
      31,
      32
    ],
    [
      31,
      32
    ],
    [
      31,
      32
    ],
    [
      31,
      32
    ],
    [
      31,
      32
    ],
    [
      31,
      32
    ],
    [
      31,
      32
    ],
    [
      31,
      32
    ],
    [
      31,
      32
    ],
    [
      31,
      32
    ],
    [
      31,
      32
    ],
    [
      31,
      32
    ],
    [
      31,
      32
    ],
    [
      31,
      32
    ],
    [
      31,
      32
    ],
    [
      31,
      32
    ],
    [
      31,
      32
    ],
    [
      31,
      32
    ],
    [
      31,
      32
    ],
    [
      31,
      32
    ],
    [
      31,
      32
    ],
    [
      31,
      32
    ],
    [
      31,
      32
    ],
    [
      31,
      32
    ],
    [
      31,
      32
    ],
    [
      31,
      32
    ],
    [
      31,
      32
    ],
    [
      31,
      32
    ],
    [
      31,
      32
    ],
    [
      31,
      32
    ],
    [
      31,
      32
    ],
    [
      31,
      32
    ],
    [
      31,
      32
    ],
    [
      31,
      32
    ],
    [
      31,
      32
    ],
    [
      31,
      32
    ],
    [
      31,
      32
    ],
    [
      31,
      32
    ],
    [
      31,
      32
    ],
    [
      31,
      32
    ],
    [
      31,
      32
    ],
    [
      31,
      32
    ],
    [
      31,
      32
    ],
    [
      31,
      32
    ],
    [
      31,
      32
    ],
    [
      31,
      32
    ],
    [
      31,
      32
    ],
    [
      31,
      32
    ],
    [
      31,
      32
    ],
    [
      31,
      32
    ],
    [
      31,
      32
    ],
    [
      31,
      32
    ],
    [
      31,
      32
    ],
    [
      31,
      32
    ],
    [
      31,
      32
    ],
    [
      31,
      32
    ],
    [
      31,
      32
    ],
    [
      31,
      32
    ],
    [
      31,
      32
    ],
    [
      31,
      32
    ],
    [
      31,
      32
    ],
    [
      31,
      32
    ],
    [
      31,
      32
    ],
    [
      31,
      32
    ],
    [
      31,
      32
    ],
    [
      31,
      32
    ],
    [
      31,
      32
    ],
    [
      31,
      32
    ],
    [
      31,
      32
    ],
    [
      31,
      32
    ],
    [
      31,
      32
    ],
    [
      31,
      32
    ],
    [
      31,
      32
    ],
    [
      31,
      32
    ],
    [
      31,
      32
    ],
    [
      31,
      32
    ],
    [
      31,
      32
    ],
    [
      31,
      32
    ],
    [
      31,
      32
    ],
    [
      31,
      32
    ],
    [
      31,
      32
    ],
    [
      31,
      32
    ],
    [
      31,
      32
    ],
    [
      31,
      32
    ],
    [
      31,
      32
    ],
    [
      31,
      32
    ],
    [
      31,
      32
    ],
    [
      31,
      32
    ],
    [
      31,
      32
    ],
    [
      31,
      32
    ],
    [
      31,
      32
    ],
    [
      31,
      32
    ],
    [
      31,
      32
    ],
    [
      31,
      32
    ],
    [
      31,
      32
    ],
    [
      31,
      32
    ],
    [
      31,
      32
    ],
    [
      31,
      32
    ],
    [
      31,
      32
    ],
    [
      31,
      32
    ],
    [
      31,
      32
    ],
    [
      31,
      32
    ],
    [
      31,
      32
    ],
    [
      31,
      32
    ],
    [
      31,
      32
    ],
    [
      31,
      32
    ],
    [
      31,
      32
    ],
    [
      31,
      32
    ],
    [
      31,
      32
    ],
    [
      31,
      32
    ],
    [
      31,
      32
    ],
    [
      31,
      32
    ],
    [
      31,
      32
    ],
    [
      31,
      32
    ],
    [
      31,
      32
    ],
    [
      31,
      32
    ],
    [
      31,
      32
    ],
    [
      31,
      32
    ],
    [
      31,
      32
    ],
    [
      31,
      32
    ],
    [
      31,
      32
    ],
    [
      31,
      32
    ],
    [
      31,
      32
    ],
    [
      31,
      32
    ],
    [
      31,
      32
    ],
    [
      32,
      33
    ],
    [
      32,
      33
    ],
    [
      32,
      33
    ],
    [
      32,
      33
    ],
    [
      32,
      33
    ],
    [
      32,
      33
    ],
    [
      32,
      33
    ],
    [
      32,
      33
    ],
    [
      32,
      33
    ],
    [
      32,
      33
    ],
    [
      32,
      33
    ],
    [
      32,
      33
    ],
    [
      32,
      33
    ],
    [
      32,
      33
    ],
    [
      32,
      33
    ],
    [
      32,
      33
    ],
    [
      32,
      33
    ],
    [
      32,
      33
    ],
    [
      32,
      33
    ],
    [
      32,
      33
    ],
    [
      32,
      33
    ],
    [
      32,
      33
    ],
    [
      32,
      33
    ],
    [
      32,
      33
    ],
    [
      32,
      33
    ],
    [
      32,
      33
    ],
    [
      32,
      33
    ],
    [
      32,
      33
    ],
    [
      32,
      33
    ],
    [
      32,
      33
    ],
    [
      32,
      33
    ],
    [
      32,
      33
    ],
    [
      32,
      33
    ],
    [
      32,
      33
    ],
    [
      32,
      33
    ],
    [
      32,
      33
    ],
    [
      32,
      33
    ],
    [
      32,
      33
    ],
    [
      32,
      33
    ],
    [
      32,
      33
    ],
    [
      32,
      33
    ],
    [
      32,
      33
    ],
    [
      32,
      33
    ],
    [
      32,
      33
    ],
    [
      32,
      33
    ],
    [
      32,
      33
    ],
    [
      32,
      33
    ],
    [
      32,
      33
    ],
    [
      32,
      33
    ],
    [
      32,
      33
    ],
    [
      32,
      33
    ],
    [
      32,
      33
    ],
    [
      32,
      33
    ],
    [
      32,
      33
    ],
    [
      32,
      33
    ],
    [
      32,
      33
    ],
    [
      32,
      33
    ],
    [
      32,
      33
    ],
    [
      32,
      33
    ],
    [
      32,
      33
    ],
    [
      32,
      33
    ],
    [
      32,
      33
    ],
    [
      32,
      33
    ],
    [
      32,
      33
    ],
    [
      32,
      33
    ],
    [
      32,
      33
    ],
    [
      32,
      33
    ],
    [
      32,
      33
    ],
    [
      32,
      33
    ],
    [
      32,
      33
    ],
    [
      32,
      33
    ],
    [
      32,
      33
    ],
    [
      32,
      33
    ],
    [
      32,
      33
    ],
    [
      32,
      33
    ],
    [
      32,
      33
    ],
    [
      32,
      33
    ],
    [
      32,
      33
    ],
    [
      32,
      33
    ],
    [
      32,
      33
    ],
    [
      32,
      33
    ],
    [
      32,
      33
    ],
    [
      32,
      33
    ],
    [
      32,
      33
    ],
    [
      32,
      33
    ],
    [
      32,
      33
    ],
    [
      32,
      33
    ],
    [
      32,
      33
    ],
    [
      32,
      33
    ],
    [
      32,
      33
    ],
    [
      32,
      33
    ],
    [
      32,
      33
    ],
    [
      32,
      33
    ],
    [
      32,
      33
    ],
    [
      32,
      33
    ],
    [
      32,
      33
    ],
    [
      32,
      33
    ],
    [
      32,
      33
    ],
    [
      32,
      33
    ],
    [
      32,
      33
    ],
    [
      32,
      33
    ],
    [
      32,
      33
    ],
    [
      32,
      33
    ],
    [
      32,
      33
    ],
    [
      32,
      33
    ],
    [
      32,
      33
    ],
    [
      32,
      33
    ],
    [
      32,
      33
    ],
    [
      32,
      33
    ],
    [
      32,
      33
    ],
    [
      32,
      33
    ],
    [
      32,
      33
    ],
    [
      32,
      33
    ],
    [
      32,
      33
    ],
    [
      32,
      33
    ],
    [
      32,
      33
    ],
    [
      32,
      33
    ],
    [
      32,
      33
    ],
    [
      32,
      33
    ],
    [
      32,
      33
    ],
    [
      32,
      33
    ],
    [
      32,
      33
    ],
    [
      32,
      33
    ],
    [
      32,
      33
    ],
    [
      32,
      33
    ],
    [
      32,
      33
    ],
    [
      32,
      33
    ],
    [
      32,
      33
    ],
    [
      32,
      33
    ],
    [
      32,
      33
    ],
    [
      32,
      33
    ],
    [
      32,
      33
    ],
    [
      32,
      33
    ],
    [
      32,
      33
    ],
    [
      32,
      33
    ],
    [
      32,
      33
    ],
    [
      32,
      33
    ],
    [
      32,
      33
    ],
    [
      32,
      33
    ],
    [
      32,
      33
    ],
    [
      32,
      33
    ],
    [
      32,
      33
    ],
    [
      32,
      33
    ],
    [
      32,
      33
    ],
    [
      32,
      33
    ],
    [
      32,
      33
    ],
    [
      32,
      33
    ],
    [
      32,
      33
    ],
    [
      32,
      33
    ],
    [
      32,
      33
    ],
    [
      32,
      33
    ],
    [
      32,
      33
    ],
    [
      32,
      33
    ],
    [
      32,
      33
    ],
    [
      32,
      33
    ],
    [
      32,
      33
    ],
    [
      32,
      33
    ],
    [
      32,
      33
    ],
    [
      32,
      33
    ],
    [
      32,
      33
    ],
    [
      32,
      33
    ],
    [
      32,
      33
    ],
    [
      32,
      33
    ],
    [
      32,
      33
    ],
    [
      32,
      33
    ],
    [
      32,
      33
    ],
    [
      32,
      33
    ],
    [
      32,
      33
    ],
    [
      32,
      33
    ],
    [
      32,
      33
    ],
    [
      32,
      33
    ],
    [
      32,
      33
    ],
    [
      32,
      33
    ],
    [
      32,
      33
    ],
    [
      32,
      33
    ],
    [
      32,
      33
    ],
    [
      32,
      33
    ],
    [
      32,
      33
    ],
    [
      32,
      33
    ],
    [
      32,
      33
    ],
    [
      32,
      33
    ],
    [
      32,
      33
    ],
    [
      32,
      33
    ],
    [
      32,
      33
    ],
    [
      32,
      33
    ],
    [
      32,
      33
    ],
    [
      32,
      33
    ],
    [
      32,
      33
    ],
    [
      32,
      33
    ],
    [
      32,
      33
    ],
    [
      32,
      33
    ],
    [
      32,
      33
    ],
    [
      32,
      33
    ],
    [
      32,
      33
    ],
    [
      32,
      33
    ],
    [
      32,
      33
    ],
    [
      32,
      33
    ],
    [
      32,
      33
    ],
    [
      32,
      33
    ],
    [
      32,
      33
    ],
    [
      32,
      33
    ],
    [
      32,
      33
    ],
    [
      32,
      33
    ],
    [
      32,
      33
    ],
    [
      32,
      33
    ],
    [
      32,
      33
    ],
    [
      32,
      33
    ],
    [
      32,
      33
    ],
    [
      32,
      33
    ],
    [
      32,
      33
    ],
    [
      32,
      33
    ],
    [
      32,
      33
    ],
    [
      32,
      33
    ],
    [
      32,
      33
    ],
    [
      32,
      33
    ],
    [
      32,
      33
    ],
    [
      32,
      33
    ],
    [
      32,
      33
    ],
    [
      32,
      33
    ],
    [
      32,
      33
    ],
    [
      32,
      33
    ],
    [
      32,
      33
    ],
    [
      32,
      33
    ],
    [
      32,
      33
    ],
    [
      32,
      33
    ],
    [
      32,
      33
    ],
    [
      32,
      33
    ],
    [
      32,
      33
    ],
    [
      32,
      33
    ],
    [
      32,
      33
    ],
    [
      32,
      33
    ],
    [
      32,
      33
    ],
    [
      32,
      33
    ],
    [
      32,
      33
    ],
    [
      32,
      33
    ],
    [
      32,
      33
    ],
    [
      32,
      33
    ],
    [
      32,
      33
    ],
    [
      32,
      33
    ],
    [
      32,
      33
    ],
    [
      32,
      33
    ],
    [
      32,
      33
    ],
    [
      32,
      33
    ],
    [
      32,
      33
    ],
    [
      32,
      33
    ],
    [
      32,
      33
    ],
    [
      32,
      33
    ],
    [
      32,
      33
    ],
    [
      32,
      33
    ],
    [
      32,
      33
    ],
    [
      32,
      33
    ],
    [
      32,
      33
    ],
    [
      32,
      33
    ],
    [
      32,
      33
    ],
    [
      32,
      33
    ],
    [
      32,
      33
    ],
    [
      33,
      34
    ],
    [
      33,
      34
    ],
    [
      33,
      34
    ],
    [
      33,
      34
    ],
    [
      33,
      34
    ],
    [
      33,
      34
    ],
    [
      33,
      34
    ],
    [
      33,
      34
    ],
    [
      33,
      34
    ],
    [
      33,
      34
    ],
    [
      33,
      34
    ],
    [
      33,
      34
    ],
    [
      33,
      34
    ],
    [
      33,
      34
    ],
    [
      33,
      34
    ],
    [
      33,
      34
    ],
    [
      33,
      34
    ],
    [
      33,
      34
    ],
    [
      33,
      34
    ],
    [
      33,
      34
    ],
    [
      33,
      34
    ],
    [
      33,
      34
    ],
    [
      33,
      34
    ],
    [
      33,
      34
    ],
    [
      33,
      34
    ],
    [
      33,
      34
    ],
    [
      33,
      34
    ],
    [
      33,
      34
    ],
    [
      33,
      34
    ],
    [
      33,
      34
    ],
    [
      33,
      34
    ],
    [
      33,
      34
    ],
    [
      33,
      34
    ],
    [
      33,
      34
    ],
    [
      33,
      34
    ],
    [
      33,
      34
    ],
    [
      33,
      34
    ],
    [
      33,
      34
    ],
    [
      33,
      34
    ],
    [
      33,
      34
    ],
    [
      33,
      34
    ],
    [
      33,
      34
    ],
    [
      33,
      34
    ],
    [
      33,
      34
    ],
    [
      33,
      34
    ],
    [
      33,
      34
    ],
    [
      33,
      34
    ],
    [
      33,
      34
    ],
    [
      33,
      34
    ],
    [
      33,
      34
    ],
    [
      33,
      34
    ],
    [
      33,
      34
    ],
    [
      33,
      34
    ],
    [
      33,
      34
    ],
    [
      33,
      34
    ],
    [
      33,
      34
    ],
    [
      33,
      34
    ],
    [
      33,
      34
    ],
    [
      33,
      34
    ],
    [
      33,
      34
    ],
    [
      33,
      34
    ],
    [
      33,
      34
    ],
    [
      33,
      34
    ],
    [
      33,
      34
    ],
    [
      33,
      34
    ],
    [
      33,
      34
    ],
    [
      33,
      34
    ],
    [
      33,
      34
    ],
    [
      33,
      34
    ],
    [
      33,
      34
    ],
    [
      33,
      34
    ],
    [
      33,
      34
    ],
    [
      33,
      34
    ],
    [
      33,
      34
    ],
    [
      33,
      34
    ],
    [
      33,
      34
    ],
    [
      33,
      34
    ],
    [
      33,
      34
    ],
    [
      33,
      34
    ],
    [
      33,
      34
    ],
    [
      33,
      34
    ],
    [
      33,
      34
    ],
    [
      33,
      34
    ],
    [
      33,
      34
    ],
    [
      33,
      34
    ],
    [
      33,
      34
    ],
    [
      33,
      34
    ],
    [
      33,
      34
    ],
    [
      33,
      34
    ],
    [
      33,
      34
    ],
    [
      33,
      34
    ],
    [
      33,
      34
    ],
    [
      33,
      34
    ],
    [
      33,
      34
    ],
    [
      33,
      34
    ],
    [
      33,
      34
    ],
    [
      33,
      34
    ],
    [
      33,
      34
    ],
    [
      33,
      34
    ],
    [
      33,
      34
    ],
    [
      33,
      34
    ],
    [
      33,
      34
    ],
    [
      33,
      34
    ],
    [
      33,
      34
    ],
    [
      33,
      34
    ],
    [
      33,
      34
    ],
    [
      33,
      34
    ],
    [
      33,
      34
    ],
    [
      33,
      34
    ],
    [
      33,
      34
    ],
    [
      33,
      34
    ],
    [
      33,
      34
    ],
    [
      33,
      34
    ],
    [
      33,
      34
    ],
    [
      33,
      34
    ],
    [
      33,
      34
    ],
    [
      33,
      34
    ],
    [
      33,
      34
    ],
    [
      33,
      34
    ],
    [
      33,
      34
    ],
    [
      33,
      34
    ],
    [
      33,
      34
    ],
    [
      33,
      34
    ],
    [
      33,
      34
    ],
    [
      33,
      34
    ],
    [
      33,
      34
    ],
    [
      33,
      34
    ],
    [
      33,
      34
    ],
    [
      33,
      34
    ],
    [
      33,
      34
    ],
    [
      33,
      34
    ],
    [
      33,
      34
    ],
    [
      33,
      34
    ],
    [
      33,
      34
    ],
    [
      33,
      34
    ],
    [
      33,
      34
    ],
    [
      33,
      34
    ],
    [
      33,
      34
    ],
    [
      33,
      34
    ],
    [
      33,
      34
    ],
    [
      33,
      34
    ],
    [
      33,
      34
    ],
    [
      33,
      34
    ],
    [
      33,
      34
    ],
    [
      33,
      34
    ],
    [
      33,
      34
    ],
    [
      33,
      34
    ],
    [
      33,
      34
    ],
    [
      33,
      34
    ],
    [
      33,
      34
    ],
    [
      33,
      34
    ],
    [
      33,
      34
    ],
    [
      33,
      34
    ],
    [
      33,
      34
    ],
    [
      33,
      34
    ],
    [
      33,
      34
    ],
    [
      33,
      34
    ],
    [
      33,
      34
    ],
    [
      33,
      34
    ],
    [
      33,
      34
    ],
    [
      33,
      34
    ],
    [
      33,
      34
    ],
    [
      33,
      34
    ],
    [
      33,
      34
    ],
    [
      33,
      34
    ],
    [
      33,
      34
    ],
    [
      33,
      34
    ],
    [
      33,
      34
    ],
    [
      33,
      34
    ],
    [
      33,
      34
    ],
    [
      33,
      34
    ],
    [
      33,
      34
    ],
    [
      33,
      34
    ],
    [
      33,
      34
    ],
    [
      33,
      34
    ],
    [
      33,
      34
    ],
    [
      33,
      34
    ],
    [
      33,
      34
    ],
    [
      33,
      34
    ],
    [
      33,
      34
    ],
    [
      33,
      34
    ],
    [
      33,
      34
    ],
    [
      33,
      34
    ],
    [
      33,
      34
    ],
    [
      33,
      34
    ],
    [
      33,
      34
    ],
    [
      33,
      34
    ],
    [
      33,
      34
    ],
    [
      33,
      34
    ],
    [
      33,
      34
    ],
    [
      33,
      34
    ],
    [
      33,
      34
    ],
    [
      33,
      34
    ],
    [
      33,
      34
    ],
    [
      33,
      34
    ],
    [
      33,
      34
    ],
    [
      33,
      34
    ],
    [
      33,
      34
    ],
    [
      33,
      34
    ],
    [
      33,
      34
    ],
    [
      33,
      34
    ],
    [
      33,
      34
    ],
    [
      33,
      34
    ],
    [
      33,
      34
    ],
    [
      33,
      34
    ],
    [
      33,
      34
    ],
    [
      33,
      34
    ],
    [
      33,
      34
    ],
    [
      33,
      34
    ],
    [
      33,
      34
    ],
    [
      33,
      34
    ],
    [
      33,
      34
    ],
    [
      33,
      34
    ],
    [
      33,
      34
    ],
    [
      33,
      34
    ],
    [
      33,
      34
    ],
    [
      33,
      34
    ],
    [
      33,
      34
    ],
    [
      33,
      34
    ],
    [
      33,
      34
    ],
    [
      33,
      34
    ],
    [
      33,
      34
    ],
    [
      33,
      34
    ],
    [
      33,
      34
    ],
    [
      33,
      34
    ],
    [
      33,
      34
    ],
    [
      33,
      34
    ],
    [
      33,
      34
    ],
    [
      33,
      34
    ],
    [
      33,
      34
    ],
    [
      33,
      34
    ],
    [
      33,
      34
    ],
    [
      33,
      34
    ],
    [
      33,
      34
    ],
    [
      33,
      34
    ],
    [
      33,
      34
    ],
    [
      33,
      34
    ],
    [
      33,
      34
    ],
    [
      33,
      34
    ],
    [
      33,
      34
    ],
    [
      33,
      34
    ],
    [
      33,
      34
    ],
    [
      33,
      34
    ],
    [
      33,
      34
    ],
    [
      33,
      34
    ],
    [
      33,
      34
    ],
    [
      33,
      34
    ],
    [
      33,
      34
    ],
    [
      33,
      34
    ],
    [
      33,
      34
    ],
    [
      33,
      34
    ],
    [
      33,
      34
    ],
    [
      33,
      34
    ],
    [
      33,
      34
    ],
    [
      33,
      34
    ],
    [
      33,
      34
    ],
    [
      34,
      35
    ],
    [
      34,
      35
    ],
    [
      34,
      35
    ],
    [
      34,
      35
    ],
    [
      34,
      35
    ],
    [
      34,
      35
    ],
    [
      34,
      35
    ],
    [
      34,
      35
    ],
    [
      34,
      35
    ],
    [
      34,
      35
    ],
    [
      34,
      35
    ],
    [
      34,
      35
    ],
    [
      34,
      35
    ],
    [
      34,
      35
    ],
    [
      34,
      35
    ],
    [
      34,
      35
    ],
    [
      34,
      35
    ],
    [
      34,
      35
    ],
    [
      34,
      35
    ],
    [
      34,
      35
    ],
    [
      34,
      35
    ],
    [
      34,
      35
    ],
    [
      34,
      35
    ],
    [
      34,
      35
    ],
    [
      34,
      35
    ],
    [
      34,
      35
    ],
    [
      34,
      35
    ],
    [
      34,
      35
    ],
    [
      34,
      35
    ],
    [
      34,
      35
    ],
    [
      34,
      35
    ],
    [
      34,
      35
    ],
    [
      34,
      35
    ],
    [
      34,
      35
    ],
    [
      34,
      35
    ],
    [
      34,
      35
    ],
    [
      34,
      35
    ],
    [
      34,
      35
    ],
    [
      34,
      35
    ],
    [
      34,
      35
    ],
    [
      34,
      35
    ],
    [
      34,
      35
    ],
    [
      34,
      35
    ],
    [
      34,
      35
    ],
    [
      34,
      35
    ],
    [
      34,
      35
    ],
    [
      34,
      35
    ],
    [
      34,
      35
    ],
    [
      34,
      35
    ],
    [
      34,
      35
    ],
    [
      34,
      35
    ],
    [
      34,
      35
    ],
    [
      34,
      35
    ],
    [
      34,
      35
    ],
    [
      34,
      35
    ],
    [
      34,
      35
    ],
    [
      34,
      35
    ],
    [
      34,
      35
    ],
    [
      34,
      35
    ],
    [
      34,
      35
    ],
    [
      34,
      35
    ],
    [
      34,
      35
    ],
    [
      34,
      35
    ],
    [
      34,
      35
    ],
    [
      34,
      35
    ],
    [
      34,
      35
    ],
    [
      34,
      35
    ],
    [
      34,
      35
    ],
    [
      34,
      35
    ],
    [
      34,
      35
    ],
    [
      34,
      35
    ],
    [
      34,
      35
    ],
    [
      34,
      35
    ],
    [
      34,
      35
    ],
    [
      34,
      35
    ],
    [
      34,
      35
    ],
    [
      34,
      35
    ],
    [
      34,
      35
    ],
    [
      34,
      35
    ],
    [
      34,
      35
    ],
    [
      34,
      35
    ],
    [
      34,
      35
    ],
    [
      34,
      35
    ],
    [
      34,
      35
    ],
    [
      34,
      35
    ],
    [
      34,
      35
    ],
    [
      34,
      35
    ],
    [
      34,
      35
    ],
    [
      34,
      35
    ],
    [
      34,
      35
    ],
    [
      34,
      35
    ],
    [
      34,
      35
    ],
    [
      34,
      35
    ],
    [
      34,
      35
    ],
    [
      34,
      35
    ],
    [
      34,
      35
    ],
    [
      34,
      35
    ],
    [
      34,
      35
    ],
    [
      34,
      35
    ],
    [
      34,
      35
    ],
    [
      34,
      35
    ],
    [
      34,
      35
    ],
    [
      34,
      35
    ],
    [
      34,
      35
    ],
    [
      34,
      35
    ],
    [
      34,
      35
    ],
    [
      34,
      35
    ],
    [
      34,
      35
    ],
    [
      34,
      35
    ],
    [
      34,
      35
    ],
    [
      34,
      35
    ],
    [
      34,
      35
    ],
    [
      34,
      35
    ],
    [
      34,
      35
    ],
    [
      34,
      35
    ],
    [
      34,
      35
    ],
    [
      34,
      35
    ],
    [
      34,
      35
    ],
    [
      34,
      35
    ],
    [
      34,
      35
    ],
    [
      34,
      35
    ],
    [
      34,
      35
    ],
    [
      34,
      35
    ],
    [
      34,
      35
    ],
    [
      34,
      35
    ],
    [
      34,
      35
    ],
    [
      34,
      35
    ],
    [
      34,
      35
    ],
    [
      34,
      35
    ],
    [
      34,
      35
    ],
    [
      34,
      35
    ],
    [
      34,
      35
    ],
    [
      34,
      35
    ],
    [
      34,
      35
    ],
    [
      34,
      35
    ],
    [
      34,
      35
    ],
    [
      34,
      35
    ],
    [
      34,
      35
    ],
    [
      34,
      35
    ],
    [
      34,
      35
    ],
    [
      34,
      35
    ],
    [
      34,
      35
    ],
    [
      34,
      35
    ],
    [
      34,
      35
    ],
    [
      34,
      35
    ],
    [
      34,
      35
    ],
    [
      34,
      35
    ],
    [
      34,
      35
    ],
    [
      34,
      35
    ],
    [
      34,
      35
    ],
    [
      34,
      35
    ],
    [
      34,
      35
    ],
    [
      34,
      35
    ],
    [
      34,
      35
    ],
    [
      34,
      35
    ],
    [
      34,
      35
    ],
    [
      34,
      35
    ],
    [
      34,
      35
    ],
    [
      34,
      35
    ],
    [
      34,
      35
    ],
    [
      34,
      35
    ],
    [
      34,
      35
    ],
    [
      34,
      35
    ],
    [
      34,
      35
    ],
    [
      34,
      35
    ],
    [
      34,
      35
    ],
    [
      34,
      35
    ],
    [
      34,
      35
    ],
    [
      34,
      35
    ],
    [
      34,
      35
    ],
    [
      34,
      35
    ],
    [
      34,
      35
    ],
    [
      34,
      35
    ],
    [
      34,
      35
    ],
    [
      34,
      35
    ],
    [
      34,
      35
    ],
    [
      34,
      35
    ],
    [
      34,
      35
    ],
    [
      34,
      35
    ],
    [
      34,
      35
    ],
    [
      34,
      35
    ],
    [
      34,
      35
    ],
    [
      34,
      35
    ],
    [
      34,
      35
    ],
    [
      34,
      35
    ],
    [
      34,
      35
    ],
    [
      34,
      35
    ],
    [
      34,
      35
    ],
    [
      34,
      35
    ],
    [
      34,
      35
    ],
    [
      34,
      35
    ],
    [
      34,
      35
    ],
    [
      34,
      35
    ],
    [
      34,
      35
    ],
    [
      34,
      35
    ],
    [
      34,
      35
    ],
    [
      34,
      35
    ],
    [
      34,
      35
    ],
    [
      34,
      35
    ],
    [
      34,
      35
    ],
    [
      34,
      35
    ],
    [
      34,
      35
    ],
    [
      34,
      35
    ],
    [
      34,
      35
    ],
    [
      34,
      35
    ],
    [
      34,
      35
    ],
    [
      34,
      35
    ],
    [
      34,
      35
    ],
    [
      34,
      35
    ],
    [
      34,
      35
    ],
    [
      34,
      35
    ],
    [
      34,
      35
    ],
    [
      34,
      35
    ],
    [
      34,
      35
    ],
    [
      34,
      35
    ],
    [
      34,
      35
    ],
    [
      34,
      35
    ],
    [
      34,
      35
    ],
    [
      34,
      35
    ],
    [
      34,
      35
    ],
    [
      34,
      35
    ],
    [
      34,
      35
    ],
    [
      34,
      35
    ],
    [
      34,
      35
    ],
    [
      34,
      35
    ],
    [
      34,
      35
    ],
    [
      34,
      35
    ],
    [
      34,
      35
    ],
    [
      34,
      35
    ],
    [
      34,
      35
    ],
    [
      34,
      35
    ],
    [
      34,
      35
    ],
    [
      34,
      35
    ],
    [
      34,
      35
    ],
    [
      34,
      35
    ],
    [
      34,
      35
    ],
    [
      34,
      35
    ],
    [
      34,
      35
    ],
    [
      34,
      35
    ],
    [
      34,
      35
    ],
    [
      34,
      35
    ],
    [
      34,
      35
    ],
    [
      34,
      35
    ],
    [
      34,
      35
    ],
    [
      34,
      35
    ],
    [
      34,
      35
    ],
    [
      34,
      35
    ],
    [
      34,
      35
    ],
    [
      34,
      35
    ],
    [
      34,
      35
    ],
    [
      34,
      35
    ],
    [
      34,
      35
    ],
    [
      34,
      35
    ],
    [
      34,
      35
    ],
    [
      34,
      35
    ],
    [
      34,
      35
    ],
    [
      35,
      36
    ],
    [
      35,
      36
    ],
    [
      35,
      36
    ],
    [
      35,
      36
    ],
    [
      35,
      36
    ],
    [
      35,
      36
    ],
    [
      35,
      36
    ],
    [
      35,
      36
    ],
    [
      35,
      36
    ],
    [
      35,
      36
    ],
    [
      35,
      36
    ],
    [
      35,
      36
    ],
    [
      35,
      36
    ],
    [
      35,
      36
    ],
    [
      35,
      36
    ],
    [
      35,
      36
    ],
    [
      35,
      36
    ],
    [
      35,
      36
    ],
    [
      35,
      36
    ],
    [
      35,
      36
    ],
    [
      35,
      36
    ],
    [
      35,
      36
    ],
    [
      35,
      36
    ],
    [
      35,
      36
    ],
    [
      35,
      36
    ],
    [
      35,
      36
    ],
    [
      35,
      36
    ],
    [
      35,
      36
    ],
    [
      35,
      36
    ],
    [
      35,
      36
    ],
    [
      35,
      36
    ],
    [
      35,
      36
    ],
    [
      35,
      36
    ],
    [
      35,
      36
    ],
    [
      35,
      36
    ],
    [
      35,
      36
    ],
    [
      35,
      36
    ],
    [
      35,
      36
    ],
    [
      35,
      36
    ],
    [
      35,
      36
    ],
    [
      35,
      36
    ],
    [
      35,
      36
    ],
    [
      35,
      36
    ],
    [
      35,
      36
    ],
    [
      35,
      36
    ],
    [
      35,
      36
    ],
    [
      35,
      36
    ],
    [
      35,
      36
    ],
    [
      35,
      36
    ],
    [
      35,
      36
    ],
    [
      35,
      36
    ],
    [
      35,
      36
    ],
    [
      35,
      36
    ],
    [
      35,
      36
    ],
    [
      35,
      36
    ],
    [
      35,
      36
    ],
    [
      35,
      36
    ],
    [
      35,
      36
    ],
    [
      35,
      36
    ],
    [
      35,
      36
    ],
    [
      35,
      36
    ],
    [
      35,
      36
    ],
    [
      35,
      36
    ],
    [
      35,
      36
    ],
    [
      35,
      36
    ],
    [
      35,
      36
    ],
    [
      35,
      36
    ],
    [
      35,
      36
    ],
    [
      35,
      36
    ],
    [
      35,
      36
    ],
    [
      35,
      36
    ],
    [
      35,
      36
    ],
    [
      35,
      36
    ],
    [
      35,
      36
    ],
    [
      35,
      36
    ],
    [
      35,
      36
    ],
    [
      35,
      36
    ],
    [
      35,
      36
    ],
    [
      35,
      36
    ],
    [
      35,
      36
    ],
    [
      35,
      36
    ],
    [
      35,
      36
    ],
    [
      35,
      36
    ],
    [
      35,
      36
    ],
    [
      35,
      36
    ],
    [
      35,
      36
    ],
    [
      35,
      36
    ],
    [
      35,
      36
    ],
    [
      35,
      36
    ],
    [
      35,
      36
    ],
    [
      35,
      36
    ],
    [
      35,
      36
    ],
    [
      35,
      36
    ],
    [
      35,
      36
    ],
    [
      35,
      36
    ],
    [
      35,
      36
    ],
    [
      35,
      36
    ],
    [
      35,
      36
    ],
    [
      35,
      36
    ],
    [
      35,
      36
    ],
    [
      35,
      36
    ],
    [
      35,
      36
    ],
    [
      35,
      36
    ],
    [
      35,
      36
    ],
    [
      35,
      36
    ],
    [
      35,
      36
    ],
    [
      35,
      36
    ],
    [
      35,
      36
    ],
    [
      35,
      36
    ],
    [
      35,
      36
    ],
    [
      35,
      36
    ],
    [
      35,
      36
    ],
    [
      35,
      36
    ],
    [
      35,
      36
    ],
    [
      35,
      36
    ],
    [
      35,
      36
    ],
    [
      35,
      36
    ],
    [
      35,
      36
    ],
    [
      35,
      36
    ],
    [
      35,
      36
    ],
    [
      35,
      36
    ],
    [
      35,
      36
    ],
    [
      35,
      36
    ],
    [
      35,
      36
    ],
    [
      35,
      36
    ],
    [
      35,
      36
    ],
    [
      35,
      36
    ],
    [
      35,
      36
    ],
    [
      35,
      36
    ],
    [
      35,
      36
    ],
    [
      35,
      36
    ],
    [
      35,
      36
    ],
    [
      35,
      36
    ],
    [
      35,
      36
    ],
    [
      35,
      36
    ],
    [
      35,
      36
    ],
    [
      35,
      36
    ],
    [
      35,
      36
    ],
    [
      35,
      36
    ],
    [
      35,
      36
    ],
    [
      35,
      36
    ],
    [
      35,
      36
    ],
    [
      35,
      36
    ],
    [
      35,
      36
    ],
    [
      35,
      36
    ],
    [
      35,
      36
    ],
    [
      35,
      36
    ],
    [
      35,
      36
    ],
    [
      35,
      36
    ],
    [
      35,
      36
    ],
    [
      35,
      36
    ],
    [
      35,
      36
    ],
    [
      35,
      36
    ],
    [
      35,
      36
    ],
    [
      35,
      36
    ],
    [
      35,
      36
    ],
    [
      35,
      36
    ],
    [
      35,
      36
    ],
    [
      35,
      36
    ],
    [
      35,
      36
    ],
    [
      35,
      36
    ],
    [
      35,
      36
    ],
    [
      35,
      36
    ],
    [
      35,
      36
    ],
    [
      35,
      36
    ],
    [
      35,
      36
    ],
    [
      35,
      36
    ],
    [
      35,
      36
    ],
    [
      35,
      36
    ],
    [
      35,
      36
    ],
    [
      35,
      36
    ],
    [
      35,
      36
    ],
    [
      35,
      36
    ],
    [
      35,
      36
    ],
    [
      35,
      36
    ],
    [
      35,
      36
    ],
    [
      35,
      36
    ],
    [
      35,
      36
    ],
    [
      35,
      36
    ],
    [
      35,
      36
    ],
    [
      35,
      36
    ],
    [
      35,
      36
    ],
    [
      35,
      36
    ],
    [
      35,
      36
    ],
    [
      35,
      36
    ],
    [
      35,
      36
    ],
    [
      35,
      36
    ],
    [
      35,
      36
    ],
    [
      35,
      36
    ],
    [
      35,
      36
    ],
    [
      35,
      36
    ],
    [
      35,
      36
    ],
    [
      35,
      36
    ],
    [
      35,
      36
    ],
    [
      35,
      36
    ],
    [
      35,
      36
    ],
    [
      35,
      36
    ],
    [
      35,
      36
    ],
    [
      35,
      36
    ],
    [
      35,
      36
    ],
    [
      35,
      36
    ],
    [
      35,
      36
    ],
    [
      35,
      36
    ],
    [
      35,
      36
    ],
    [
      35,
      36
    ],
    [
      35,
      36
    ],
    [
      35,
      36
    ],
    [
      35,
      36
    ],
    [
      35,
      36
    ],
    [
      35,
      36
    ],
    [
      35,
      36
    ],
    [
      35,
      36
    ],
    [
      35,
      36
    ],
    [
      35,
      36
    ],
    [
      35,
      36
    ],
    [
      35,
      36
    ],
    [
      35,
      36
    ],
    [
      35,
      36
    ],
    [
      35,
      36
    ],
    [
      35,
      36
    ],
    [
      35,
      36
    ],
    [
      35,
      36
    ],
    [
      35,
      36
    ],
    [
      35,
      36
    ],
    [
      35,
      36
    ],
    [
      35,
      36
    ],
    [
      35,
      36
    ],
    [
      35,
      36
    ],
    [
      35,
      36
    ],
    [
      35,
      36
    ],
    [
      35,
      36
    ],
    [
      35,
      36
    ],
    [
      35,
      36
    ],
    [
      35,
      36
    ],
    [
      35,
      36
    ],
    [
      35,
      36
    ],
    [
      35,
      36
    ],
    [
      35,
      36
    ],
    [
      35,
      36
    ],
    [
      35,
      36
    ],
    [
      35,
      36
    ],
    [
      35,
      36
    ],
    [
      35,
      36
    ],
    [
      35,
      36
    ],
    [
      35,
      36
    ],
    [
      35,
      36
    ],
    [
      35,
      36
    ],
    [
      35,
      36
    ],
    [
      35,
      36
    ],
    [
      35,
      36
    ],
    [
      35,
      36
    ],
    [
      35,
      36
    ],
    [
      35,
      36
    ],
    [
      35,
      36
    ],
    [
      35,
      36
    ],
    [
      35,
      36
    ],
    [
      36,
      37
    ],
    [
      36,
      37
    ],
    [
      36,
      37
    ],
    [
      36,
      37
    ],
    [
      36,
      37
    ],
    [
      36,
      37
    ],
    [
      36,
      37
    ],
    [
      36,
      37
    ],
    [
      36,
      37
    ],
    [
      36,
      37
    ],
    [
      36,
      37
    ],
    [
      36,
      37
    ],
    [
      36,
      37
    ],
    [
      36,
      37
    ],
    [
      36,
      37
    ],
    [
      36,
      37
    ],
    [
      36,
      37
    ],
    [
      36,
      37
    ],
    [
      36,
      37
    ],
    [
      36,
      37
    ],
    [
      36,
      37
    ],
    [
      36,
      37
    ],
    [
      36,
      37
    ],
    [
      36,
      37
    ],
    [
      36,
      37
    ],
    [
      36,
      37
    ],
    [
      36,
      37
    ],
    [
      36,
      37
    ],
    [
      36,
      37
    ],
    [
      36,
      37
    ],
    [
      36,
      37
    ],
    [
      36,
      37
    ],
    [
      36,
      37
    ],
    [
      36,
      37
    ],
    [
      36,
      37
    ],
    [
      36,
      37
    ],
    [
      36,
      37
    ],
    [
      36,
      37
    ],
    [
      36,
      37
    ],
    [
      36,
      37
    ],
    [
      36,
      37
    ],
    [
      36,
      37
    ],
    [
      36,
      37
    ],
    [
      36,
      37
    ],
    [
      36,
      37
    ],
    [
      36,
      37
    ],
    [
      36,
      37
    ],
    [
      36,
      37
    ],
    [
      36,
      37
    ],
    [
      36,
      37
    ],
    [
      36,
      37
    ],
    [
      36,
      37
    ],
    [
      36,
      37
    ],
    [
      36,
      37
    ],
    [
      36,
      37
    ],
    [
      36,
      37
    ],
    [
      36,
      37
    ],
    [
      36,
      37
    ],
    [
      36,
      37
    ],
    [
      36,
      37
    ],
    [
      36,
      37
    ],
    [
      36,
      37
    ],
    [
      36,
      37
    ],
    [
      36,
      37
    ],
    [
      36,
      37
    ],
    [
      36,
      37
    ],
    [
      36,
      37
    ],
    [
      36,
      37
    ],
    [
      36,
      37
    ],
    [
      36,
      37
    ],
    [
      36,
      37
    ],
    [
      36,
      37
    ],
    [
      36,
      37
    ],
    [
      36,
      37
    ],
    [
      36,
      37
    ],
    [
      36,
      37
    ],
    [
      36,
      37
    ],
    [
      36,
      37
    ],
    [
      36,
      37
    ],
    [
      36,
      37
    ],
    [
      36,
      37
    ],
    [
      36,
      37
    ],
    [
      36,
      37
    ],
    [
      36,
      37
    ],
    [
      36,
      37
    ],
    [
      36,
      37
    ],
    [
      36,
      37
    ],
    [
      36,
      37
    ],
    [
      36,
      37
    ],
    [
      36,
      37
    ],
    [
      36,
      37
    ],
    [
      36,
      37
    ],
    [
      36,
      37
    ],
    [
      36,
      37
    ],
    [
      36,
      37
    ],
    [
      36,
      37
    ],
    [
      36,
      37
    ],
    [
      36,
      37
    ],
    [
      36,
      37
    ],
    [
      36,
      37
    ],
    [
      36,
      37
    ],
    [
      36,
      37
    ],
    [
      36,
      37
    ],
    [
      36,
      37
    ],
    [
      36,
      37
    ],
    [
      36,
      37
    ],
    [
      36,
      37
    ],
    [
      36,
      37
    ],
    [
      36,
      37
    ],
    [
      36,
      37
    ],
    [
      36,
      37
    ],
    [
      36,
      37
    ],
    [
      36,
      37
    ],
    [
      36,
      37
    ],
    [
      36,
      37
    ],
    [
      36,
      37
    ],
    [
      36,
      37
    ],
    [
      36,
      37
    ],
    [
      36,
      37
    ],
    [
      36,
      37
    ],
    [
      36,
      37
    ],
    [
      36,
      37
    ],
    [
      36,
      37
    ],
    [
      36,
      37
    ],
    [
      36,
      37
    ],
    [
      36,
      37
    ],
    [
      36,
      37
    ],
    [
      36,
      37
    ],
    [
      36,
      37
    ],
    [
      36,
      37
    ],
    [
      36,
      37
    ],
    [
      36,
      37
    ],
    [
      36,
      37
    ],
    [
      36,
      37
    ],
    [
      36,
      37
    ],
    [
      36,
      37
    ],
    [
      36,
      37
    ],
    [
      36,
      37
    ],
    [
      36,
      37
    ],
    [
      36,
      37
    ],
    [
      36,
      37
    ],
    [
      36,
      37
    ],
    [
      36,
      37
    ],
    [
      36,
      37
    ],
    [
      36,
      37
    ],
    [
      36,
      37
    ],
    [
      36,
      37
    ],
    [
      36,
      37
    ],
    [
      36,
      37
    ],
    [
      36,
      37
    ],
    [
      36,
      37
    ],
    [
      36,
      37
    ],
    [
      36,
      37
    ],
    [
      36,
      37
    ],
    [
      36,
      37
    ],
    [
      36,
      37
    ],
    [
      36,
      37
    ],
    [
      36,
      37
    ],
    [
      36,
      37
    ],
    [
      36,
      37
    ],
    [
      36,
      37
    ],
    [
      36,
      37
    ],
    [
      36,
      37
    ],
    [
      36,
      37
    ],
    [
      36,
      37
    ],
    [
      36,
      37
    ],
    [
      36,
      37
    ],
    [
      36,
      37
    ],
    [
      36,
      37
    ],
    [
      36,
      37
    ],
    [
      36,
      37
    ],
    [
      36,
      37
    ],
    [
      36,
      37
    ],
    [
      36,
      37
    ],
    [
      36,
      37
    ],
    [
      36,
      37
    ],
    [
      36,
      37
    ],
    [
      36,
      37
    ],
    [
      36,
      37
    ],
    [
      36,
      37
    ],
    [
      36,
      37
    ],
    [
      36,
      37
    ],
    [
      36,
      37
    ],
    [
      36,
      37
    ],
    [
      36,
      37
    ],
    [
      36,
      37
    ],
    [
      36,
      37
    ],
    [
      36,
      37
    ],
    [
      36,
      37
    ],
    [
      36,
      37
    ],
    [
      36,
      37
    ],
    [
      36,
      37
    ],
    [
      36,
      37
    ],
    [
      36,
      37
    ],
    [
      36,
      37
    ],
    [
      36,
      37
    ],
    [
      36,
      37
    ],
    [
      36,
      37
    ],
    [
      36,
      37
    ],
    [
      36,
      37
    ],
    [
      36,
      37
    ],
    [
      36,
      37
    ],
    [
      36,
      37
    ],
    [
      36,
      37
    ],
    [
      36,
      37
    ],
    [
      36,
      37
    ],
    [
      36,
      37
    ],
    [
      36,
      37
    ],
    [
      36,
      37
    ],
    [
      36,
      37
    ],
    [
      36,
      37
    ],
    [
      36,
      37
    ],
    [
      36,
      37
    ],
    [
      36,
      37
    ],
    [
      36,
      37
    ],
    [
      36,
      37
    ],
    [
      36,
      37
    ],
    [
      36,
      37
    ],
    [
      36,
      37
    ],
    [
      36,
      37
    ],
    [
      36,
      37
    ],
    [
      36,
      37
    ],
    [
      36,
      37
    ],
    [
      36,
      37
    ],
    [
      36,
      37
    ],
    [
      36,
      37
    ],
    [
      36,
      37
    ],
    [
      36,
      37
    ],
    [
      36,
      37
    ],
    [
      36,
      37
    ],
    [
      36,
      37
    ],
    [
      36,
      37
    ],
    [
      36,
      37
    ],
    [
      36,
      37
    ],
    [
      36,
      37
    ],
    [
      36,
      37
    ],
    [
      36,
      37
    ],
    [
      36,
      37
    ],
    [
      36,
      37
    ],
    [
      36,
      37
    ],
    [
      36,
      37
    ],
    [
      36,
      37
    ],
    [
      36,
      37
    ],
    [
      36,
      37
    ],
    [
      36,
      37
    ],
    [
      36,
      37
    ],
    [
      36,
      37
    ],
    [
      36,
      37
    ],
    [
      36,
      37
    ],
    [
      36,
      37
    ],
    [
      36,
      37
    ],
    [
      36,
      37
    ],
    [
      36,
      37
    ],
    [
      36,
      37
    ],
    [
      36,
      37
    ],
    [
      36,
      37
    ],
    [
      37,
      38
    ],
    [
      37,
      38
    ],
    [
      37,
      38
    ],
    [
      37,
      38
    ],
    [
      37,
      38
    ],
    [
      37,
      38
    ],
    [
      37,
      38
    ],
    [
      37,
      38
    ],
    [
      37,
      38
    ],
    [
      37,
      38
    ],
    [
      37,
      38
    ],
    [
      37,
      38
    ],
    [
      37,
      38
    ],
    [
      37,
      38
    ],
    [
      37,
      38
    ],
    [
      37,
      38
    ],
    [
      37,
      38
    ],
    [
      37,
      38
    ],
    [
      37,
      38
    ],
    [
      37,
      38
    ],
    [
      37,
      38
    ],
    [
      37,
      38
    ],
    [
      37,
      38
    ],
    [
      37,
      38
    ],
    [
      37,
      38
    ],
    [
      37,
      38
    ],
    [
      37,
      38
    ],
    [
      37,
      38
    ],
    [
      37,
      38
    ],
    [
      37,
      38
    ],
    [
      37,
      38
    ],
    [
      37,
      38
    ],
    [
      37,
      38
    ],
    [
      37,
      38
    ],
    [
      37,
      38
    ],
    [
      37,
      38
    ],
    [
      37,
      38
    ],
    [
      37,
      38
    ],
    [
      37,
      38
    ],
    [
      37,
      38
    ],
    [
      37,
      38
    ],
    [
      37,
      38
    ],
    [
      37,
      38
    ],
    [
      37,
      38
    ],
    [
      37,
      38
    ],
    [
      37,
      38
    ],
    [
      37,
      38
    ],
    [
      37,
      38
    ],
    [
      37,
      38
    ],
    [
      37,
      38
    ],
    [
      37,
      38
    ],
    [
      37,
      38
    ],
    [
      37,
      38
    ],
    [
      37,
      38
    ],
    [
      37,
      38
    ],
    [
      37,
      38
    ],
    [
      37,
      38
    ],
    [
      37,
      38
    ],
    [
      37,
      38
    ],
    [
      37,
      38
    ],
    [
      37,
      38
    ],
    [
      37,
      38
    ],
    [
      37,
      38
    ],
    [
      37,
      38
    ],
    [
      37,
      38
    ],
    [
      37,
      38
    ],
    [
      37,
      38
    ],
    [
      37,
      38
    ],
    [
      37,
      38
    ],
    [
      37,
      38
    ],
    [
      37,
      38
    ],
    [
      37,
      38
    ],
    [
      37,
      38
    ],
    [
      37,
      38
    ],
    [
      37,
      38
    ],
    [
      37,
      38
    ],
    [
      37,
      38
    ],
    [
      37,
      38
    ],
    [
      37,
      38
    ],
    [
      37,
      38
    ],
    [
      37,
      38
    ],
    [
      37,
      38
    ],
    [
      37,
      38
    ],
    [
      37,
      38
    ],
    [
      37,
      38
    ],
    [
      37,
      38
    ],
    [
      37,
      38
    ],
    [
      37,
      38
    ],
    [
      37,
      38
    ],
    [
      37,
      38
    ],
    [
      37,
      38
    ],
    [
      37,
      38
    ],
    [
      37,
      38
    ],
    [
      37,
      38
    ],
    [
      37,
      38
    ],
    [
      37,
      38
    ],
    [
      37,
      38
    ],
    [
      37,
      38
    ],
    [
      37,
      38
    ],
    [
      37,
      38
    ],
    [
      37,
      38
    ],
    [
      37,
      38
    ],
    [
      37,
      38
    ],
    [
      37,
      38
    ],
    [
      37,
      38
    ],
    [
      37,
      38
    ],
    [
      37,
      38
    ],
    [
      37,
      38
    ],
    [
      37,
      38
    ],
    [
      37,
      38
    ],
    [
      37,
      38
    ],
    [
      37,
      38
    ],
    [
      37,
      38
    ],
    [
      37,
      38
    ],
    [
      37,
      38
    ],
    [
      37,
      38
    ],
    [
      37,
      38
    ],
    [
      37,
      38
    ],
    [
      37,
      38
    ],
    [
      37,
      38
    ],
    [
      37,
      38
    ],
    [
      37,
      38
    ],
    [
      37,
      38
    ],
    [
      37,
      38
    ],
    [
      37,
      38
    ],
    [
      37,
      38
    ],
    [
      37,
      38
    ],
    [
      37,
      38
    ],
    [
      37,
      38
    ],
    [
      37,
      38
    ],
    [
      37,
      38
    ],
    [
      37,
      38
    ],
    [
      37,
      38
    ],
    [
      37,
      38
    ],
    [
      37,
      38
    ],
    [
      37,
      38
    ],
    [
      37,
      38
    ],
    [
      37,
      38
    ],
    [
      37,
      38
    ],
    [
      37,
      38
    ],
    [
      37,
      38
    ],
    [
      37,
      38
    ],
    [
      37,
      38
    ],
    [
      37,
      38
    ],
    [
      37,
      38
    ],
    [
      37,
      38
    ],
    [
      37,
      38
    ],
    [
      37,
      38
    ],
    [
      37,
      38
    ],
    [
      37,
      38
    ],
    [
      37,
      38
    ],
    [
      37,
      38
    ],
    [
      37,
      38
    ],
    [
      37,
      38
    ],
    [
      37,
      38
    ],
    [
      37,
      38
    ],
    [
      37,
      38
    ],
    [
      37,
      38
    ],
    [
      37,
      38
    ],
    [
      37,
      38
    ],
    [
      37,
      38
    ],
    [
      37,
      38
    ],
    [
      37,
      38
    ],
    [
      37,
      38
    ],
    [
      37,
      38
    ],
    [
      37,
      38
    ],
    [
      37,
      38
    ],
    [
      37,
      38
    ],
    [
      37,
      38
    ],
    [
      37,
      38
    ],
    [
      37,
      38
    ],
    [
      37,
      38
    ],
    [
      37,
      38
    ],
    [
      37,
      38
    ],
    [
      37,
      38
    ],
    [
      37,
      38
    ],
    [
      37,
      38
    ],
    [
      37,
      38
    ],
    [
      37,
      38
    ],
    [
      37,
      38
    ],
    [
      37,
      38
    ],
    [
      37,
      38
    ],
    [
      37,
      38
    ],
    [
      37,
      38
    ],
    [
      37,
      38
    ],
    [
      37,
      38
    ],
    [
      37,
      38
    ],
    [
      37,
      38
    ],
    [
      37,
      38
    ],
    [
      37,
      38
    ],
    [
      37,
      38
    ],
    [
      37,
      38
    ],
    [
      37,
      38
    ],
    [
      37,
      38
    ],
    [
      37,
      38
    ],
    [
      37,
      38
    ],
    [
      37,
      38
    ],
    [
      37,
      38
    ],
    [
      37,
      38
    ],
    [
      37,
      38
    ],
    [
      37,
      38
    ],
    [
      37,
      38
    ],
    [
      37,
      38
    ],
    [
      37,
      38
    ],
    [
      37,
      38
    ],
    [
      37,
      38
    ],
    [
      37,
      38
    ],
    [
      37,
      38
    ],
    [
      37,
      38
    ],
    [
      37,
      38
    ],
    [
      37,
      38
    ],
    [
      37,
      38
    ],
    [
      37,
      38
    ],
    [
      37,
      38
    ],
    [
      37,
      38
    ],
    [
      37,
      38
    ],
    [
      37,
      38
    ],
    [
      37,
      38
    ],
    [
      37,
      38
    ],
    [
      37,
      38
    ],
    [
      37,
      38
    ],
    [
      37,
      38
    ],
    [
      37,
      38
    ],
    [
      37,
      38
    ],
    [
      37,
      38
    ],
    [
      37,
      38
    ],
    [
      37,
      38
    ],
    [
      37,
      38
    ],
    [
      37,
      38
    ],
    [
      37,
      38
    ],
    [
      37,
      38
    ],
    [
      37,
      38
    ],
    [
      37,
      38
    ],
    [
      37,
      38
    ],
    [
      37,
      38
    ],
    [
      37,
      38
    ],
    [
      37,
      38
    ],
    [
      37,
      38
    ],
    [
      37,
      38
    ],
    [
      37,
      38
    ],
    [
      37,
      38
    ],
    [
      37,
      38
    ],
    [
      37,
      38
    ],
    [
      37,
      38
    ],
    [
      37,
      38
    ],
    [
      37,
      38
    ],
    [
      37,
      38
    ],
    [
      37,
      38
    ],
    [
      37,
      38
    ],
    [
      37,
      38
    ],
    [
      37,
      38
    ],
    [
      37,
      38
    ],
    [
      37,
      38
    ],
    [
      37,
      38
    ],
    [
      37,
      38
    ],
    [
      37,
      38
    ],
    [
      38,
      39
    ],
    [
      38,
      39
    ],
    [
      38,
      39
    ],
    [
      38,
      39
    ],
    [
      38,
      39
    ],
    [
      38,
      39
    ],
    [
      38,
      39
    ],
    [
      38,
      39
    ],
    [
      38,
      39
    ],
    [
      38,
      39
    ],
    [
      38,
      39
    ],
    [
      38,
      39
    ],
    [
      38,
      39
    ],
    [
      38,
      39
    ],
    [
      38,
      39
    ],
    [
      38,
      39
    ],
    [
      38,
      39
    ],
    [
      38,
      39
    ],
    [
      38,
      39
    ],
    [
      38,
      39
    ],
    [
      38,
      39
    ],
    [
      38,
      39
    ],
    [
      38,
      39
    ],
    [
      38,
      39
    ],
    [
      38,
      39
    ],
    [
      38,
      39
    ],
    [
      38,
      39
    ],
    [
      38,
      39
    ],
    [
      38,
      39
    ],
    [
      38,
      39
    ],
    [
      38,
      39
    ],
    [
      38,
      39
    ],
    [
      38,
      39
    ],
    [
      38,
      39
    ],
    [
      38,
      39
    ],
    [
      38,
      39
    ],
    [
      38,
      39
    ],
    [
      38,
      39
    ],
    [
      38,
      39
    ],
    [
      38,
      39
    ],
    [
      38,
      39
    ],
    [
      38,
      39
    ],
    [
      38,
      39
    ],
    [
      38,
      39
    ],
    [
      38,
      39
    ],
    [
      38,
      39
    ],
    [
      38,
      39
    ],
    [
      38,
      39
    ],
    [
      38,
      39
    ],
    [
      38,
      39
    ],
    [
      38,
      39
    ],
    [
      38,
      39
    ],
    [
      38,
      39
    ],
    [
      38,
      39
    ],
    [
      38,
      39
    ],
    [
      38,
      39
    ],
    [
      38,
      39
    ],
    [
      38,
      39
    ],
    [
      38,
      39
    ],
    [
      38,
      39
    ],
    [
      38,
      39
    ],
    [
      38,
      39
    ],
    [
      38,
      39
    ],
    [
      38,
      39
    ],
    [
      38,
      39
    ],
    [
      38,
      39
    ],
    [
      38,
      39
    ],
    [
      38,
      39
    ],
    [
      38,
      39
    ],
    [
      38,
      39
    ],
    [
      38,
      39
    ],
    [
      38,
      39
    ],
    [
      38,
      39
    ],
    [
      38,
      39
    ],
    [
      38,
      39
    ],
    [
      38,
      39
    ],
    [
      38,
      39
    ],
    [
      38,
      39
    ],
    [
      38,
      39
    ],
    [
      38,
      39
    ],
    [
      38,
      39
    ],
    [
      38,
      39
    ],
    [
      38,
      39
    ],
    [
      38,
      39
    ],
    [
      38,
      39
    ],
    [
      38,
      39
    ],
    [
      38,
      39
    ],
    [
      38,
      39
    ],
    [
      38,
      39
    ],
    [
      38,
      39
    ],
    [
      38,
      39
    ],
    [
      38,
      39
    ],
    [
      38,
      39
    ],
    [
      38,
      39
    ],
    [
      38,
      39
    ],
    [
      38,
      39
    ],
    [
      38,
      39
    ],
    [
      38,
      39
    ],
    [
      38,
      39
    ],
    [
      38,
      39
    ],
    [
      38,
      39
    ],
    [
      38,
      39
    ],
    [
      38,
      39
    ],
    [
      38,
      39
    ],
    [
      38,
      39
    ],
    [
      38,
      39
    ],
    [
      38,
      39
    ],
    [
      38,
      39
    ],
    [
      38,
      39
    ],
    [
      38,
      39
    ],
    [
      38,
      39
    ],
    [
      38,
      39
    ],
    [
      38,
      39
    ],
    [
      38,
      39
    ],
    [
      38,
      39
    ],
    [
      38,
      39
    ],
    [
      38,
      39
    ],
    [
      38,
      39
    ],
    [
      38,
      39
    ],
    [
      38,
      39
    ],
    [
      38,
      39
    ],
    [
      38,
      39
    ],
    [
      38,
      39
    ],
    [
      38,
      39
    ],
    [
      38,
      39
    ],
    [
      38,
      39
    ],
    [
      38,
      39
    ],
    [
      38,
      39
    ],
    [
      38,
      39
    ],
    [
      38,
      39
    ],
    [
      38,
      39
    ],
    [
      38,
      39
    ],
    [
      38,
      39
    ],
    [
      38,
      39
    ],
    [
      38,
      39
    ],
    [
      38,
      39
    ],
    [
      38,
      39
    ],
    [
      38,
      39
    ],
    [
      38,
      39
    ],
    [
      38,
      39
    ],
    [
      38,
      39
    ],
    [
      38,
      39
    ],
    [
      38,
      39
    ],
    [
      38,
      39
    ],
    [
      38,
      39
    ],
    [
      38,
      39
    ],
    [
      38,
      39
    ],
    [
      38,
      39
    ],
    [
      38,
      39
    ],
    [
      38,
      39
    ],
    [
      38,
      39
    ],
    [
      38,
      39
    ],
    [
      38,
      39
    ],
    [
      38,
      39
    ],
    [
      38,
      39
    ],
    [
      38,
      39
    ],
    [
      38,
      39
    ],
    [
      38,
      39
    ],
    [
      38,
      39
    ],
    [
      38,
      39
    ],
    [
      38,
      39
    ],
    [
      38,
      39
    ],
    [
      38,
      39
    ],
    [
      38,
      39
    ],
    [
      38,
      39
    ],
    [
      38,
      39
    ],
    [
      38,
      39
    ],
    [
      38,
      39
    ],
    [
      38,
      39
    ],
    [
      38,
      39
    ],
    [
      38,
      39
    ],
    [
      38,
      39
    ],
    [
      38,
      39
    ],
    [
      38,
      39
    ],
    [
      38,
      39
    ],
    [
      38,
      39
    ],
    [
      38,
      39
    ],
    [
      38,
      39
    ],
    [
      38,
      39
    ],
    [
      38,
      39
    ],
    [
      38,
      39
    ],
    [
      38,
      39
    ],
    [
      38,
      39
    ],
    [
      38,
      39
    ],
    [
      38,
      39
    ],
    [
      38,
      39
    ],
    [
      38,
      39
    ],
    [
      38,
      39
    ],
    [
      38,
      39
    ],
    [
      38,
      39
    ],
    [
      38,
      39
    ],
    [
      38,
      39
    ],
    [
      38,
      39
    ],
    [
      38,
      39
    ],
    [
      38,
      39
    ],
    [
      38,
      39
    ],
    [
      38,
      39
    ],
    [
      38,
      39
    ],
    [
      38,
      39
    ],
    [
      38,
      39
    ],
    [
      38,
      39
    ],
    [
      38,
      39
    ],
    [
      38,
      39
    ],
    [
      38,
      39
    ],
    [
      38,
      39
    ],
    [
      38,
      39
    ],
    [
      38,
      39
    ],
    [
      38,
      39
    ],
    [
      38,
      39
    ],
    [
      38,
      39
    ],
    [
      38,
      39
    ],
    [
      38,
      39
    ],
    [
      38,
      39
    ],
    [
      38,
      39
    ],
    [
      38,
      39
    ],
    [
      38,
      39
    ],
    [
      38,
      39
    ],
    [
      38,
      39
    ],
    [
      38,
      39
    ],
    [
      38,
      39
    ],
    [
      38,
      39
    ],
    [
      38,
      39
    ],
    [
      38,
      39
    ],
    [
      38,
      39
    ],
    [
      38,
      39
    ],
    [
      38,
      39
    ],
    [
      38,
      39
    ],
    [
      38,
      39
    ],
    [
      38,
      39
    ],
    [
      38,
      39
    ],
    [
      38,
      39
    ],
    [
      38,
      39
    ],
    [
      38,
      39
    ],
    [
      38,
      39
    ],
    [
      38,
      39
    ],
    [
      38,
      39
    ],
    [
      38,
      39
    ],
    [
      38,
      39
    ],
    [
      38,
      39
    ],
    [
      38,
      39
    ],
    [
      38,
      39
    ],
    [
      38,
      39
    ],
    [
      38,
      39
    ],
    [
      38,
      39
    ],
    [
      38,
      39
    ],
    [
      38,
      39
    ],
    [
      38,
      39
    ],
    [
      38,
      39
    ],
    [
      38,
      39
    ],
    [
      38,
      39
    ],
    [
      38,
      39
    ],
    [
      38,
      39
    ],
    [
      38,
      39
    ],
    [
      38,
      39
    ],
    [
      38,
      39
    ],
    [
      38,
      39
    ],
    [
      39,
      40
    ],
    [
      39,
      40
    ],
    [
      39,
      40
    ],
    [
      39,
      40
    ],
    [
      39,
      40
    ],
    [
      39,
      40
    ],
    [
      39,
      40
    ],
    [
      39,
      40
    ],
    [
      39,
      40
    ],
    [
      39,
      40
    ],
    [
      39,
      40
    ],
    [
      39,
      40
    ],
    [
      39,
      40
    ],
    [
      39,
      40
    ],
    [
      39,
      40
    ],
    [
      39,
      40
    ],
    [
      39,
      40
    ],
    [
      39,
      40
    ],
    [
      39,
      40
    ],
    [
      39,
      40
    ],
    [
      39,
      40
    ],
    [
      39,
      40
    ],
    [
      39,
      40
    ],
    [
      39,
      40
    ],
    [
      39,
      40
    ],
    [
      39,
      40
    ],
    [
      39,
      40
    ],
    [
      39,
      40
    ],
    [
      39,
      40
    ],
    [
      39,
      40
    ],
    [
      39,
      40
    ],
    [
      39,
      40
    ],
    [
      39,
      40
    ],
    [
      39,
      40
    ],
    [
      39,
      40
    ],
    [
      39,
      40
    ],
    [
      39,
      40
    ],
    [
      39,
      40
    ],
    [
      39,
      40
    ],
    [
      39,
      40
    ],
    [
      39,
      40
    ],
    [
      39,
      40
    ],
    [
      39,
      40
    ],
    [
      39,
      40
    ],
    [
      39,
      40
    ],
    [
      39,
      40
    ],
    [
      39,
      40
    ],
    [
      39,
      40
    ],
    [
      39,
      40
    ],
    [
      39,
      40
    ],
    [
      39,
      40
    ],
    [
      39,
      40
    ],
    [
      39,
      40
    ],
    [
      39,
      40
    ],
    [
      39,
      40
    ],
    [
      39,
      40
    ],
    [
      39,
      40
    ],
    [
      39,
      40
    ],
    [
      39,
      40
    ],
    [
      39,
      40
    ],
    [
      39,
      40
    ],
    [
      39,
      40
    ],
    [
      39,
      40
    ],
    [
      39,
      40
    ],
    [
      39,
      40
    ],
    [
      39,
      40
    ],
    [
      39,
      40
    ],
    [
      39,
      40
    ],
    [
      39,
      40
    ],
    [
      39,
      40
    ],
    [
      39,
      40
    ],
    [
      39,
      40
    ],
    [
      39,
      40
    ],
    [
      39,
      40
    ],
    [
      39,
      40
    ],
    [
      39,
      40
    ],
    [
      39,
      40
    ],
    [
      39,
      40
    ],
    [
      39,
      40
    ],
    [
      39,
      40
    ],
    [
      39,
      40
    ],
    [
      39,
      40
    ],
    [
      39,
      40
    ],
    [
      39,
      40
    ],
    [
      39,
      40
    ],
    [
      39,
      40
    ],
    [
      39,
      40
    ],
    [
      39,
      40
    ],
    [
      39,
      40
    ],
    [
      39,
      40
    ],
    [
      39,
      40
    ],
    [
      39,
      40
    ],
    [
      39,
      40
    ],
    [
      39,
      40
    ],
    [
      39,
      40
    ],
    [
      39,
      40
    ],
    [
      39,
      40
    ],
    [
      39,
      40
    ],
    [
      39,
      40
    ],
    [
      39,
      40
    ],
    [
      39,
      40
    ],
    [
      39,
      40
    ],
    [
      39,
      40
    ],
    [
      39,
      40
    ],
    [
      39,
      40
    ],
    [
      39,
      40
    ],
    [
      39,
      40
    ],
    [
      39,
      40
    ],
    [
      39,
      40
    ],
    [
      39,
      40
    ],
    [
      39,
      40
    ],
    [
      39,
      40
    ],
    [
      39,
      40
    ],
    [
      39,
      40
    ],
    [
      39,
      40
    ],
    [
      39,
      40
    ],
    [
      39,
      40
    ],
    [
      39,
      40
    ],
    [
      39,
      40
    ],
    [
      39,
      40
    ],
    [
      39,
      40
    ],
    [
      39,
      40
    ],
    [
      39,
      40
    ],
    [
      39,
      40
    ],
    [
      39,
      40
    ],
    [
      39,
      40
    ],
    [
      39,
      40
    ],
    [
      39,
      40
    ],
    [
      39,
      40
    ],
    [
      39,
      40
    ],
    [
      39,
      40
    ],
    [
      39,
      40
    ],
    [
      39,
      40
    ],
    [
      39,
      40
    ],
    [
      39,
      40
    ],
    [
      39,
      40
    ],
    [
      39,
      40
    ],
    [
      39,
      40
    ],
    [
      39,
      40
    ],
    [
      39,
      40
    ],
    [
      39,
      40
    ],
    [
      39,
      40
    ],
    [
      39,
      40
    ],
    [
      39,
      40
    ],
    [
      39,
      40
    ],
    [
      39,
      40
    ],
    [
      39,
      40
    ],
    [
      39,
      40
    ],
    [
      39,
      40
    ],
    [
      39,
      40
    ],
    [
      39,
      40
    ],
    [
      39,
      40
    ],
    [
      39,
      40
    ],
    [
      39,
      40
    ],
    [
      39,
      40
    ],
    [
      39,
      40
    ],
    [
      39,
      40
    ],
    [
      39,
      40
    ],
    [
      39,
      40
    ],
    [
      39,
      40
    ],
    [
      39,
      40
    ],
    [
      39,
      40
    ],
    [
      39,
      40
    ],
    [
      39,
      40
    ],
    [
      39,
      40
    ],
    [
      39,
      40
    ],
    [
      39,
      40
    ],
    [
      39,
      40
    ],
    [
      39,
      40
    ],
    [
      39,
      40
    ],
    [
      39,
      40
    ],
    [
      39,
      40
    ],
    [
      39,
      40
    ],
    [
      39,
      40
    ],
    [
      39,
      40
    ],
    [
      39,
      40
    ],
    [
      39,
      40
    ],
    [
      39,
      40
    ],
    [
      39,
      40
    ],
    [
      39,
      40
    ],
    [
      39,
      40
    ],
    [
      39,
      40
    ],
    [
      39,
      40
    ],
    [
      39,
      40
    ],
    [
      39,
      40
    ],
    [
      39,
      40
    ],
    [
      39,
      40
    ],
    [
      39,
      40
    ],
    [
      39,
      40
    ],
    [
      39,
      40
    ],
    [
      39,
      40
    ],
    [
      39,
      40
    ],
    [
      39,
      40
    ],
    [
      39,
      40
    ],
    [
      39,
      40
    ],
    [
      39,
      40
    ],
    [
      39,
      40
    ],
    [
      39,
      40
    ],
    [
      39,
      40
    ],
    [
      39,
      40
    ],
    [
      39,
      40
    ],
    [
      39,
      40
    ],
    [
      39,
      40
    ],
    [
      39,
      40
    ],
    [
      39,
      40
    ],
    [
      39,
      40
    ],
    [
      39,
      40
    ],
    [
      39,
      40
    ],
    [
      39,
      40
    ],
    [
      39,
      40
    ],
    [
      39,
      40
    ],
    [
      39,
      40
    ],
    [
      39,
      40
    ],
    [
      39,
      40
    ],
    [
      39,
      40
    ],
    [
      39,
      40
    ],
    [
      39,
      40
    ],
    [
      39,
      40
    ],
    [
      39,
      40
    ],
    [
      39,
      40
    ],
    [
      39,
      40
    ],
    [
      39,
      40
    ],
    [
      39,
      40
    ],
    [
      39,
      40
    ],
    [
      39,
      40
    ],
    [
      39,
      40
    ],
    [
      39,
      40
    ],
    [
      39,
      40
    ],
    [
      39,
      40
    ],
    [
      39,
      40
    ],
    [
      39,
      40
    ],
    [
      39,
      40
    ],
    [
      39,
      40
    ],
    [
      39,
      40
    ],
    [
      39,
      40
    ],
    [
      39,
      40
    ],
    [
      39,
      40
    ],
    [
      39,
      40
    ],
    [
      39,
      40
    ],
    [
      39,
      40
    ],
    [
      39,
      40
    ],
    [
      39,
      40
    ],
    [
      39,
      40
    ],
    [
      39,
      40
    ],
    [
      39,
      40
    ],
    [
      39,
      40
    ],
    [
      39,
      40
    ],
    [
      39,
      40
    ],
    [
      39,
      40
    ],
    [
      39,
      40
    ],
    [
      39,
      40
    ],
    [
      39,
      40
    ],
    [
      39,
      40
    ],
    [
      39,
      40
    ],
    [
      39,
      40
    ],
    [
      39,
      40
    ],
    [
      40,
      41
    ],
    [
      40,
      41
    ],
    [
      40,
      41
    ],
    [
      40,
      41
    ],
    [
      40,
      41
    ],
    [
      40,
      41
    ],
    [
      40,
      41
    ],
    [
      40,
      41
    ],
    [
      40,
      41
    ],
    [
      40,
      41
    ],
    [
      40,
      41
    ],
    [
      40,
      41
    ],
    [
      40,
      41
    ],
    [
      40,
      41
    ],
    [
      40,
      41
    ],
    [
      40,
      41
    ],
    [
      40,
      41
    ],
    [
      40,
      41
    ],
    [
      40,
      41
    ],
    [
      40,
      41
    ],
    [
      40,
      41
    ],
    [
      40,
      41
    ],
    [
      40,
      41
    ],
    [
      40,
      41
    ],
    [
      40,
      41
    ],
    [
      40,
      41
    ],
    [
      40,
      41
    ],
    [
      40,
      41
    ],
    [
      40,
      41
    ],
    [
      40,
      41
    ],
    [
      40,
      41
    ],
    [
      40,
      41
    ],
    [
      40,
      41
    ],
    [
      40,
      41
    ],
    [
      40,
      41
    ],
    [
      40,
      41
    ],
    [
      40,
      41
    ],
    [
      40,
      41
    ],
    [
      40,
      41
    ],
    [
      40,
      41
    ],
    [
      40,
      41
    ],
    [
      40,
      41
    ],
    [
      40,
      41
    ],
    [
      40,
      41
    ],
    [
      40,
      41
    ],
    [
      40,
      41
    ],
    [
      40,
      41
    ],
    [
      40,
      41
    ],
    [
      40,
      41
    ],
    [
      40,
      41
    ],
    [
      40,
      41
    ],
    [
      40,
      41
    ],
    [
      40,
      41
    ],
    [
      40,
      41
    ],
    [
      40,
      41
    ],
    [
      40,
      41
    ],
    [
      40,
      41
    ],
    [
      40,
      41
    ],
    [
      40,
      41
    ],
    [
      40,
      41
    ],
    [
      40,
      41
    ],
    [
      40,
      41
    ],
    [
      40,
      41
    ],
    [
      40,
      41
    ],
    [
      40,
      41
    ],
    [
      40,
      41
    ],
    [
      40,
      41
    ],
    [
      40,
      41
    ],
    [
      40,
      41
    ],
    [
      40,
      41
    ],
    [
      40,
      41
    ],
    [
      40,
      41
    ],
    [
      40,
      41
    ],
    [
      40,
      41
    ],
    [
      40,
      41
    ],
    [
      40,
      41
    ],
    [
      40,
      41
    ],
    [
      40,
      41
    ],
    [
      40,
      41
    ],
    [
      40,
      41
    ],
    [
      40,
      41
    ],
    [
      40,
      41
    ],
    [
      40,
      41
    ],
    [
      40,
      41
    ],
    [
      40,
      41
    ],
    [
      40,
      41
    ],
    [
      40,
      41
    ],
    [
      40,
      41
    ],
    [
      40,
      41
    ],
    [
      40,
      41
    ],
    [
      40,
      41
    ],
    [
      40,
      41
    ],
    [
      40,
      41
    ],
    [
      40,
      41
    ],
    [
      40,
      41
    ],
    [
      40,
      41
    ],
    [
      40,
      41
    ],
    [
      40,
      41
    ],
    [
      40,
      41
    ],
    [
      40,
      41
    ],
    [
      40,
      41
    ],
    [
      40,
      41
    ],
    [
      40,
      41
    ],
    [
      40,
      41
    ],
    [
      40,
      41
    ],
    [
      40,
      41
    ],
    [
      40,
      41
    ],
    [
      40,
      41
    ],
    [
      40,
      41
    ],
    [
      40,
      41
    ],
    [
      40,
      41
    ],
    [
      40,
      41
    ],
    [
      40,
      41
    ],
    [
      40,
      41
    ],
    [
      40,
      41
    ],
    [
      40,
      41
    ],
    [
      40,
      41
    ],
    [
      40,
      41
    ],
    [
      40,
      41
    ],
    [
      40,
      41
    ],
    [
      40,
      41
    ],
    [
      40,
      41
    ],
    [
      40,
      41
    ],
    [
      40,
      41
    ],
    [
      40,
      41
    ],
    [
      40,
      41
    ],
    [
      40,
      41
    ],
    [
      40,
      41
    ],
    [
      40,
      41
    ],
    [
      40,
      41
    ],
    [
      40,
      41
    ],
    [
      40,
      41
    ],
    [
      40,
      41
    ],
    [
      40,
      41
    ],
    [
      40,
      41
    ],
    [
      40,
      41
    ],
    [
      40,
      41
    ],
    [
      40,
      41
    ],
    [
      40,
      41
    ],
    [
      40,
      41
    ],
    [
      40,
      41
    ],
    [
      40,
      41
    ],
    [
      40,
      41
    ],
    [
      40,
      41
    ],
    [
      40,
      41
    ],
    [
      40,
      41
    ],
    [
      40,
      41
    ],
    [
      40,
      41
    ],
    [
      40,
      41
    ],
    [
      40,
      41
    ],
    [
      40,
      41
    ],
    [
      40,
      41
    ],
    [
      40,
      41
    ],
    [
      40,
      41
    ],
    [
      40,
      41
    ],
    [
      40,
      41
    ],
    [
      40,
      41
    ],
    [
      40,
      41
    ],
    [
      40,
      41
    ],
    [
      40,
      41
    ],
    [
      40,
      41
    ],
    [
      40,
      41
    ],
    [
      40,
      41
    ],
    [
      40,
      41
    ],
    [
      40,
      41
    ],
    [
      40,
      41
    ],
    [
      40,
      41
    ],
    [
      40,
      41
    ],
    [
      40,
      41
    ],
    [
      40,
      41
    ],
    [
      40,
      41
    ],
    [
      40,
      41
    ],
    [
      40,
      41
    ],
    [
      40,
      41
    ],
    [
      40,
      41
    ],
    [
      40,
      41
    ],
    [
      40,
      41
    ],
    [
      40,
      41
    ],
    [
      40,
      41
    ],
    [
      40,
      41
    ],
    [
      40,
      41
    ],
    [
      40,
      41
    ],
    [
      40,
      41
    ],
    [
      40,
      41
    ],
    [
      40,
      41
    ],
    [
      40,
      41
    ],
    [
      40,
      41
    ],
    [
      40,
      41
    ],
    [
      40,
      41
    ],
    [
      40,
      41
    ],
    [
      40,
      41
    ],
    [
      40,
      41
    ],
    [
      40,
      41
    ],
    [
      40,
      41
    ],
    [
      40,
      41
    ],
    [
      40,
      41
    ],
    [
      40,
      41
    ],
    [
      40,
      41
    ],
    [
      40,
      41
    ],
    [
      40,
      41
    ],
    [
      40,
      41
    ],
    [
      40,
      41
    ],
    [
      40,
      41
    ],
    [
      40,
      41
    ],
    [
      40,
      41
    ],
    [
      40,
      41
    ],
    [
      40,
      41
    ],
    [
      40,
      41
    ],
    [
      40,
      41
    ],
    [
      40,
      41
    ],
    [
      40,
      41
    ],
    [
      40,
      41
    ],
    [
      40,
      41
    ],
    [
      40,
      41
    ],
    [
      40,
      41
    ],
    [
      40,
      41
    ],
    [
      40,
      41
    ],
    [
      40,
      41
    ],
    [
      40,
      41
    ],
    [
      40,
      41
    ],
    [
      40,
      41
    ],
    [
      40,
      41
    ],
    [
      40,
      41
    ],
    [
      40,
      41
    ],
    [
      40,
      41
    ],
    [
      40,
      41
    ],
    [
      40,
      41
    ],
    [
      40,
      41
    ],
    [
      40,
      41
    ],
    [
      40,
      41
    ],
    [
      40,
      41
    ],
    [
      40,
      41
    ],
    [
      40,
      41
    ],
    [
      40,
      41
    ],
    [
      40,
      41
    ],
    [
      40,
      41
    ],
    [
      40,
      41
    ],
    [
      40,
      41
    ],
    [
      40,
      41
    ],
    [
      40,
      41
    ],
    [
      40,
      41
    ],
    [
      40,
      41
    ],
    [
      40,
      41
    ],
    [
      40,
      41
    ],
    [
      40,
      41
    ],
    [
      40,
      41
    ],
    [
      40,
      41
    ],
    [
      40,
      41
    ],
    [
      40,
      41
    ],
    [
      40,
      41
    ],
    [
      40,
      41
    ],
    [
      40,
      41
    ],
    [
      40,
      41
    ],
    [
      40,
      41
    ],
    [
      40,
      41
    ],
    [
      40,
      41
    ],
    [
      41,
      42
    ],
    [
      41,
      42
    ],
    [
      41,
      42
    ],
    [
      41,
      42
    ],
    [
      41,
      42
    ],
    [
      41,
      42
    ],
    [
      41,
      42
    ],
    [
      41,
      42
    ],
    [
      41,
      42
    ],
    [
      41,
      42
    ],
    [
      41,
      42
    ],
    [
      41,
      42
    ],
    [
      41,
      42
    ],
    [
      41,
      42
    ],
    [
      41,
      42
    ],
    [
      41,
      42
    ],
    [
      41,
      42
    ],
    [
      41,
      42
    ],
    [
      41,
      42
    ],
    [
      41,
      42
    ],
    [
      41,
      42
    ],
    [
      41,
      42
    ],
    [
      41,
      42
    ],
    [
      41,
      42
    ],
    [
      41,
      42
    ],
    [
      41,
      42
    ],
    [
      41,
      42
    ],
    [
      41,
      42
    ],
    [
      41,
      42
    ],
    [
      41,
      42
    ],
    [
      41,
      42
    ],
    [
      41,
      42
    ],
    [
      41,
      42
    ],
    [
      41,
      42
    ],
    [
      41,
      42
    ],
    [
      41,
      42
    ],
    [
      41,
      42
    ],
    [
      41,
      42
    ],
    [
      41,
      42
    ],
    [
      41,
      42
    ],
    [
      41,
      42
    ],
    [
      41,
      42
    ],
    [
      41,
      42
    ],
    [
      41,
      42
    ],
    [
      41,
      42
    ],
    [
      41,
      42
    ],
    [
      41,
      42
    ],
    [
      41,
      42
    ],
    [
      41,
      42
    ],
    [
      41,
      42
    ],
    [
      41,
      42
    ],
    [
      41,
      42
    ],
    [
      41,
      42
    ],
    [
      41,
      42
    ],
    [
      41,
      42
    ],
    [
      41,
      42
    ],
    [
      41,
      42
    ],
    [
      41,
      42
    ],
    [
      41,
      42
    ],
    [
      41,
      42
    ],
    [
      41,
      42
    ],
    [
      41,
      42
    ],
    [
      41,
      42
    ],
    [
      41,
      42
    ],
    [
      41,
      42
    ],
    [
      41,
      42
    ],
    [
      41,
      42
    ],
    [
      41,
      42
    ],
    [
      41,
      42
    ],
    [
      41,
      42
    ],
    [
      41,
      42
    ],
    [
      41,
      42
    ],
    [
      41,
      42
    ],
    [
      41,
      42
    ],
    [
      41,
      42
    ],
    [
      41,
      42
    ],
    [
      41,
      42
    ],
    [
      41,
      42
    ],
    [
      41,
      42
    ],
    [
      41,
      42
    ],
    [
      41,
      42
    ],
    [
      41,
      42
    ],
    [
      41,
      42
    ],
    [
      41,
      42
    ],
    [
      41,
      42
    ],
    [
      41,
      42
    ],
    [
      41,
      42
    ],
    [
      41,
      42
    ],
    [
      41,
      42
    ],
    [
      41,
      42
    ],
    [
      41,
      42
    ],
    [
      41,
      42
    ],
    [
      41,
      42
    ],
    [
      41,
      42
    ],
    [
      41,
      42
    ],
    [
      41,
      42
    ],
    [
      41,
      42
    ],
    [
      41,
      42
    ],
    [
      41,
      42
    ],
    [
      41,
      42
    ],
    [
      41,
      42
    ],
    [
      41,
      42
    ],
    [
      41,
      42
    ],
    [
      41,
      42
    ],
    [
      41,
      42
    ],
    [
      41,
      42
    ],
    [
      41,
      42
    ],
    [
      41,
      42
    ],
    [
      41,
      42
    ],
    [
      41,
      42
    ],
    [
      41,
      42
    ],
    [
      41,
      42
    ],
    [
      41,
      42
    ],
    [
      41,
      42
    ],
    [
      41,
      42
    ],
    [
      41,
      42
    ],
    [
      41,
      42
    ],
    [
      41,
      42
    ],
    [
      41,
      42
    ],
    [
      41,
      42
    ],
    [
      41,
      42
    ],
    [
      41,
      42
    ],
    [
      41,
      42
    ],
    [
      41,
      42
    ],
    [
      41,
      42
    ],
    [
      41,
      42
    ],
    [
      41,
      42
    ],
    [
      41,
      42
    ],
    [
      41,
      42
    ],
    [
      41,
      42
    ],
    [
      41,
      42
    ],
    [
      41,
      42
    ],
    [
      41,
      42
    ],
    [
      41,
      42
    ],
    [
      41,
      42
    ],
    [
      41,
      42
    ],
    [
      41,
      42
    ],
    [
      41,
      42
    ],
    [
      41,
      42
    ],
    [
      41,
      42
    ],
    [
      41,
      42
    ],
    [
      41,
      42
    ],
    [
      41,
      42
    ],
    [
      41,
      42
    ],
    [
      41,
      42
    ],
    [
      41,
      42
    ],
    [
      41,
      42
    ],
    [
      41,
      42
    ],
    [
      41,
      42
    ],
    [
      41,
      42
    ],
    [
      41,
      42
    ],
    [
      41,
      42
    ],
    [
      41,
      42
    ],
    [
      41,
      42
    ],
    [
      41,
      42
    ],
    [
      41,
      42
    ],
    [
      41,
      42
    ],
    [
      41,
      42
    ],
    [
      41,
      42
    ],
    [
      41,
      42
    ],
    [
      41,
      42
    ],
    [
      41,
      42
    ],
    [
      41,
      42
    ],
    [
      41,
      42
    ],
    [
      41,
      42
    ],
    [
      41,
      42
    ],
    [
      41,
      42
    ],
    [
      41,
      42
    ],
    [
      41,
      42
    ],
    [
      41,
      42
    ],
    [
      41,
      42
    ],
    [
      41,
      42
    ],
    [
      41,
      42
    ],
    [
      41,
      42
    ],
    [
      41,
      42
    ],
    [
      41,
      42
    ],
    [
      41,
      42
    ],
    [
      41,
      42
    ],
    [
      41,
      42
    ],
    [
      41,
      42
    ],
    [
      41,
      42
    ],
    [
      41,
      42
    ],
    [
      41,
      42
    ],
    [
      41,
      42
    ],
    [
      41,
      42
    ],
    [
      41,
      42
    ],
    [
      41,
      42
    ],
    [
      41,
      42
    ],
    [
      41,
      42
    ],
    [
      41,
      42
    ],
    [
      41,
      42
    ],
    [
      41,
      42
    ],
    [
      41,
      42
    ],
    [
      41,
      42
    ],
    [
      41,
      42
    ],
    [
      41,
      42
    ],
    [
      41,
      42
    ],
    [
      41,
      42
    ],
    [
      41,
      42
    ],
    [
      41,
      42
    ],
    [
      41,
      42
    ],
    [
      41,
      42
    ],
    [
      41,
      42
    ],
    [
      41,
      42
    ],
    [
      41,
      42
    ],
    [
      41,
      42
    ],
    [
      41,
      42
    ],
    [
      41,
      42
    ],
    [
      41,
      42
    ],
    [
      41,
      42
    ],
    [
      41,
      42
    ],
    [
      41,
      42
    ],
    [
      41,
      42
    ],
    [
      41,
      42
    ],
    [
      41,
      42
    ],
    [
      41,
      42
    ],
    [
      41,
      42
    ],
    [
      41,
      42
    ],
    [
      41,
      42
    ],
    [
      41,
      42
    ],
    [
      41,
      42
    ],
    [
      41,
      42
    ],
    [
      41,
      42
    ],
    [
      41,
      42
    ],
    [
      41,
      42
    ],
    [
      41,
      42
    ],
    [
      41,
      42
    ],
    [
      41,
      42
    ],
    [
      41,
      42
    ],
    [
      41,
      42
    ],
    [
      41,
      42
    ],
    [
      41,
      42
    ],
    [
      41,
      42
    ],
    [
      41,
      42
    ],
    [
      41,
      42
    ],
    [
      41,
      42
    ],
    [
      41,
      42
    ],
    [
      41,
      42
    ],
    [
      41,
      42
    ],
    [
      41,
      42
    ],
    [
      41,
      42
    ],
    [
      41,
      42
    ],
    [
      41,
      42
    ],
    [
      41,
      42
    ],
    [
      41,
      42
    ],
    [
      41,
      42
    ],
    [
      41,
      42
    ],
    [
      41,
      42
    ],
    [
      41,
      42
    ],
    [
      41,
      42
    ],
    [
      41,
      42
    ],
    [
      41,
      42
    ],
    [
      41,
      42
    ],
    [
      41,
      42
    ],
    [
      41,
      42
    ],
    [
      41,
      42
    ],
    [
      42,
      43
    ],
    [
      42,
      43
    ],
    [
      42,
      43
    ],
    [
      42,
      43
    ],
    [
      42,
      43
    ],
    [
      42,
      43
    ],
    [
      42,
      43
    ],
    [
      42,
      43
    ],
    [
      42,
      43
    ],
    [
      42,
      43
    ],
    [
      42,
      43
    ],
    [
      42,
      43
    ],
    [
      42,
      43
    ],
    [
      42,
      43
    ],
    [
      42,
      43
    ],
    [
      42,
      43
    ],
    [
      42,
      43
    ],
    [
      42,
      43
    ],
    [
      42,
      43
    ],
    [
      42,
      43
    ],
    [
      42,
      43
    ],
    [
      42,
      43
    ],
    [
      42,
      43
    ],
    [
      42,
      43
    ],
    [
      42,
      43
    ],
    [
      42,
      43
    ],
    [
      42,
      43
    ],
    [
      42,
      43
    ],
    [
      42,
      43
    ],
    [
      42,
      43
    ],
    [
      42,
      43
    ],
    [
      42,
      43
    ],
    [
      42,
      43
    ],
    [
      42,
      43
    ],
    [
      42,
      43
    ],
    [
      42,
      43
    ],
    [
      42,
      43
    ],
    [
      42,
      43
    ],
    [
      42,
      43
    ],
    [
      42,
      43
    ],
    [
      42,
      43
    ],
    [
      42,
      43
    ],
    [
      42,
      43
    ],
    [
      42,
      43
    ],
    [
      42,
      43
    ],
    [
      42,
      43
    ],
    [
      42,
      43
    ],
    [
      42,
      43
    ],
    [
      42,
      43
    ],
    [
      42,
      43
    ],
    [
      42,
      43
    ],
    [
      42,
      43
    ],
    [
      42,
      43
    ],
    [
      42,
      43
    ],
    [
      42,
      43
    ],
    [
      42,
      43
    ],
    [
      42,
      43
    ],
    [
      42,
      43
    ],
    [
      42,
      43
    ],
    [
      42,
      43
    ],
    [
      42,
      43
    ],
    [
      42,
      43
    ],
    [
      42,
      43
    ],
    [
      42,
      43
    ],
    [
      42,
      43
    ],
    [
      42,
      43
    ],
    [
      42,
      43
    ],
    [
      42,
      43
    ],
    [
      42,
      43
    ],
    [
      42,
      43
    ],
    [
      42,
      43
    ],
    [
      42,
      43
    ],
    [
      42,
      43
    ],
    [
      42,
      43
    ],
    [
      42,
      43
    ],
    [
      42,
      43
    ],
    [
      42,
      43
    ],
    [
      42,
      43
    ],
    [
      42,
      43
    ],
    [
      42,
      43
    ],
    [
      42,
      43
    ],
    [
      42,
      43
    ],
    [
      42,
      43
    ],
    [
      42,
      43
    ],
    [
      42,
      43
    ],
    [
      42,
      43
    ],
    [
      42,
      43
    ],
    [
      42,
      43
    ],
    [
      42,
      43
    ],
    [
      42,
      43
    ],
    [
      42,
      43
    ],
    [
      42,
      43
    ],
    [
      42,
      43
    ],
    [
      42,
      43
    ],
    [
      42,
      43
    ],
    [
      42,
      43
    ],
    [
      42,
      43
    ],
    [
      42,
      43
    ],
    [
      42,
      43
    ],
    [
      42,
      43
    ],
    [
      42,
      43
    ],
    [
      42,
      43
    ],
    [
      42,
      43
    ],
    [
      42,
      43
    ],
    [
      42,
      43
    ],
    [
      42,
      43
    ],
    [
      42,
      43
    ],
    [
      42,
      43
    ],
    [
      42,
      43
    ],
    [
      42,
      43
    ],
    [
      42,
      43
    ],
    [
      42,
      43
    ],
    [
      42,
      43
    ],
    [
      42,
      43
    ],
    [
      42,
      43
    ],
    [
      42,
      43
    ],
    [
      42,
      43
    ],
    [
      42,
      43
    ],
    [
      42,
      43
    ],
    [
      42,
      43
    ],
    [
      42,
      43
    ],
    [
      42,
      43
    ],
    [
      42,
      43
    ],
    [
      42,
      43
    ],
    [
      42,
      43
    ],
    [
      42,
      43
    ],
    [
      42,
      43
    ],
    [
      42,
      43
    ],
    [
      42,
      43
    ],
    [
      42,
      43
    ],
    [
      42,
      43
    ],
    [
      42,
      43
    ],
    [
      42,
      43
    ],
    [
      42,
      43
    ],
    [
      42,
      43
    ],
    [
      42,
      43
    ],
    [
      42,
      43
    ],
    [
      42,
      43
    ],
    [
      42,
      43
    ],
    [
      42,
      43
    ],
    [
      42,
      43
    ],
    [
      42,
      43
    ],
    [
      42,
      43
    ],
    [
      42,
      43
    ],
    [
      42,
      43
    ],
    [
      42,
      43
    ],
    [
      42,
      43
    ],
    [
      42,
      43
    ],
    [
      42,
      43
    ],
    [
      42,
      43
    ],
    [
      42,
      43
    ],
    [
      42,
      43
    ],
    [
      42,
      43
    ],
    [
      42,
      43
    ],
    [
      42,
      43
    ],
    [
      42,
      43
    ],
    [
      42,
      43
    ],
    [
      42,
      43
    ],
    [
      42,
      43
    ],
    [
      42,
      43
    ],
    [
      42,
      43
    ],
    [
      42,
      43
    ],
    [
      42,
      43
    ],
    [
      42,
      43
    ],
    [
      42,
      43
    ],
    [
      42,
      43
    ],
    [
      42,
      43
    ],
    [
      42,
      43
    ],
    [
      42,
      43
    ],
    [
      42,
      43
    ],
    [
      42,
      43
    ],
    [
      42,
      43
    ],
    [
      42,
      43
    ],
    [
      42,
      43
    ],
    [
      42,
      43
    ],
    [
      42,
      43
    ],
    [
      42,
      43
    ],
    [
      42,
      43
    ],
    [
      42,
      43
    ],
    [
      42,
      43
    ],
    [
      42,
      43
    ],
    [
      42,
      43
    ],
    [
      42,
      43
    ],
    [
      42,
      43
    ],
    [
      42,
      43
    ],
    [
      42,
      43
    ],
    [
      42,
      43
    ],
    [
      42,
      43
    ],
    [
      42,
      43
    ],
    [
      42,
      43
    ],
    [
      42,
      43
    ],
    [
      42,
      43
    ],
    [
      42,
      43
    ],
    [
      42,
      43
    ],
    [
      42,
      43
    ],
    [
      42,
      43
    ],
    [
      42,
      43
    ],
    [
      42,
      43
    ],
    [
      42,
      43
    ],
    [
      42,
      43
    ],
    [
      42,
      43
    ],
    [
      42,
      43
    ],
    [
      42,
      43
    ],
    [
      42,
      43
    ],
    [
      42,
      43
    ],
    [
      42,
      43
    ],
    [
      42,
      43
    ],
    [
      42,
      43
    ],
    [
      42,
      43
    ],
    [
      42,
      43
    ],
    [
      42,
      43
    ],
    [
      42,
      43
    ],
    [
      42,
      43
    ],
    [
      42,
      43
    ],
    [
      42,
      43
    ],
    [
      42,
      43
    ],
    [
      42,
      43
    ],
    [
      42,
      43
    ],
    [
      42,
      43
    ],
    [
      42,
      43
    ],
    [
      42,
      43
    ],
    [
      42,
      43
    ],
    [
      42,
      43
    ],
    [
      42,
      43
    ],
    [
      42,
      43
    ],
    [
      42,
      43
    ],
    [
      42,
      43
    ],
    [
      42,
      43
    ],
    [
      42,
      43
    ],
    [
      42,
      43
    ],
    [
      42,
      43
    ],
    [
      42,
      43
    ],
    [
      42,
      43
    ],
    [
      42,
      43
    ],
    [
      42,
      43
    ],
    [
      42,
      43
    ],
    [
      42,
      43
    ],
    [
      42,
      43
    ],
    [
      42,
      43
    ],
    [
      42,
      43
    ],
    [
      42,
      43
    ],
    [
      42,
      43
    ],
    [
      42,
      43
    ],
    [
      42,
      43
    ],
    [
      42,
      43
    ],
    [
      42,
      43
    ],
    [
      42,
      43
    ],
    [
      42,
      43
    ],
    [
      42,
      43
    ],
    [
      42,
      43
    ],
    [
      42,
      43
    ],
    [
      42,
      43
    ],
    [
      42,
      43
    ],
    [
      42,
      43
    ],
    [
      42,
      43
    ],
    [
      42,
      43
    ],
    [
      43,
      44
    ],
    [
      43,
      44
    ],
    [
      43,
      44
    ],
    [
      43,
      44
    ],
    [
      43,
      44
    ],
    [
      43,
      44
    ],
    [
      43,
      44
    ],
    [
      43,
      44
    ],
    [
      43,
      44
    ],
    [
      43,
      44
    ],
    [
      43,
      44
    ],
    [
      43,
      44
    ],
    [
      43,
      44
    ],
    [
      43,
      44
    ],
    [
      43,
      44
    ],
    [
      43,
      44
    ],
    [
      43,
      44
    ],
    [
      43,
      44
    ],
    [
      43,
      44
    ],
    [
      43,
      44
    ],
    [
      43,
      44
    ],
    [
      43,
      44
    ],
    [
      43,
      44
    ],
    [
      43,
      44
    ],
    [
      43,
      44
    ],
    [
      43,
      44
    ],
    [
      43,
      44
    ],
    [
      43,
      44
    ],
    [
      43,
      44
    ],
    [
      43,
      44
    ],
    [
      43,
      44
    ],
    [
      43,
      44
    ],
    [
      43,
      44
    ],
    [
      43,
      44
    ],
    [
      43,
      44
    ],
    [
      43,
      44
    ],
    [
      43,
      44
    ],
    [
      43,
      44
    ],
    [
      43,
      44
    ],
    [
      43,
      44
    ],
    [
      43,
      44
    ],
    [
      43,
      44
    ],
    [
      43,
      44
    ],
    [
      43,
      44
    ],
    [
      43,
      44
    ],
    [
      43,
      44
    ],
    [
      43,
      44
    ],
    [
      43,
      44
    ],
    [
      43,
      44
    ],
    [
      43,
      44
    ],
    [
      43,
      44
    ],
    [
      43,
      44
    ],
    [
      43,
      44
    ],
    [
      43,
      44
    ],
    [
      43,
      44
    ],
    [
      43,
      44
    ],
    [
      43,
      44
    ],
    [
      43,
      44
    ],
    [
      43,
      44
    ],
    [
      43,
      44
    ],
    [
      43,
      44
    ],
    [
      43,
      44
    ],
    [
      43,
      44
    ],
    [
      43,
      44
    ],
    [
      43,
      44
    ],
    [
      43,
      44
    ],
    [
      43,
      44
    ],
    [
      43,
      44
    ],
    [
      43,
      44
    ],
    [
      43,
      44
    ],
    [
      43,
      44
    ],
    [
      43,
      44
    ],
    [
      43,
      44
    ],
    [
      43,
      44
    ],
    [
      43,
      44
    ],
    [
      43,
      44
    ],
    [
      43,
      44
    ],
    [
      43,
      44
    ],
    [
      43,
      44
    ],
    [
      43,
      44
    ],
    [
      43,
      44
    ],
    [
      43,
      44
    ],
    [
      43,
      44
    ],
    [
      43,
      44
    ],
    [
      43,
      44
    ],
    [
      43,
      44
    ],
    [
      43,
      44
    ],
    [
      43,
      44
    ],
    [
      43,
      44
    ],
    [
      43,
      44
    ],
    [
      43,
      44
    ],
    [
      43,
      44
    ],
    [
      43,
      44
    ],
    [
      43,
      44
    ],
    [
      43,
      44
    ],
    [
      43,
      44
    ],
    [
      43,
      44
    ],
    [
      43,
      44
    ],
    [
      43,
      44
    ],
    [
      43,
      44
    ],
    [
      43,
      44
    ],
    [
      43,
      44
    ],
    [
      43,
      44
    ],
    [
      43,
      44
    ],
    [
      43,
      44
    ],
    [
      43,
      44
    ],
    [
      43,
      44
    ],
    [
      43,
      44
    ],
    [
      43,
      44
    ],
    [
      43,
      44
    ],
    [
      43,
      44
    ],
    [
      43,
      44
    ],
    [
      43,
      44
    ],
    [
      43,
      44
    ],
    [
      43,
      44
    ],
    [
      43,
      44
    ],
    [
      43,
      44
    ],
    [
      43,
      44
    ],
    [
      43,
      44
    ],
    [
      43,
      44
    ],
    [
      43,
      44
    ],
    [
      43,
      44
    ],
    [
      43,
      44
    ],
    [
      43,
      44
    ],
    [
      43,
      44
    ],
    [
      43,
      44
    ],
    [
      43,
      44
    ],
    [
      43,
      44
    ],
    [
      43,
      44
    ],
    [
      43,
      44
    ],
    [
      43,
      44
    ],
    [
      43,
      44
    ],
    [
      43,
      44
    ],
    [
      43,
      44
    ],
    [
      43,
      44
    ],
    [
      43,
      44
    ],
    [
      43,
      44
    ],
    [
      43,
      44
    ],
    [
      43,
      44
    ],
    [
      43,
      44
    ],
    [
      43,
      44
    ],
    [
      43,
      44
    ],
    [
      43,
      44
    ],
    [
      43,
      44
    ],
    [
      43,
      44
    ],
    [
      43,
      44
    ],
    [
      43,
      44
    ],
    [
      43,
      44
    ],
    [
      43,
      44
    ],
    [
      43,
      44
    ],
    [
      43,
      44
    ],
    [
      43,
      44
    ],
    [
      43,
      44
    ],
    [
      43,
      44
    ],
    [
      43,
      44
    ],
    [
      43,
      44
    ],
    [
      43,
      44
    ],
    [
      43,
      44
    ],
    [
      43,
      44
    ],
    [
      43,
      44
    ],
    [
      43,
      44
    ],
    [
      43,
      44
    ],
    [
      43,
      44
    ],
    [
      43,
      44
    ],
    [
      43,
      44
    ],
    [
      43,
      44
    ],
    [
      43,
      44
    ],
    [
      43,
      44
    ],
    [
      43,
      44
    ],
    [
      43,
      44
    ],
    [
      43,
      44
    ],
    [
      43,
      44
    ],
    [
      43,
      44
    ],
    [
      43,
      44
    ],
    [
      43,
      44
    ],
    [
      43,
      44
    ],
    [
      43,
      44
    ],
    [
      43,
      44
    ],
    [
      43,
      44
    ],
    [
      43,
      44
    ],
    [
      43,
      44
    ],
    [
      43,
      44
    ],
    [
      43,
      44
    ],
    [
      43,
      44
    ],
    [
      43,
      44
    ],
    [
      43,
      44
    ],
    [
      43,
      44
    ],
    [
      43,
      44
    ],
    [
      43,
      44
    ],
    [
      43,
      44
    ],
    [
      43,
      44
    ],
    [
      43,
      44
    ],
    [
      43,
      44
    ],
    [
      43,
      44
    ],
    [
      43,
      44
    ],
    [
      43,
      44
    ],
    [
      43,
      44
    ],
    [
      43,
      44
    ],
    [
      43,
      44
    ],
    [
      43,
      44
    ],
    [
      43,
      44
    ],
    [
      43,
      44
    ],
    [
      43,
      44
    ],
    [
      43,
      44
    ],
    [
      43,
      44
    ],
    [
      43,
      44
    ],
    [
      43,
      44
    ],
    [
      43,
      44
    ],
    [
      43,
      44
    ],
    [
      43,
      44
    ],
    [
      43,
      44
    ],
    [
      43,
      44
    ],
    [
      43,
      44
    ],
    [
      43,
      44
    ],
    [
      43,
      44
    ],
    [
      43,
      44
    ],
    [
      43,
      44
    ],
    [
      43,
      44
    ],
    [
      43,
      44
    ],
    [
      43,
      44
    ],
    [
      43,
      44
    ],
    [
      43,
      44
    ],
    [
      43,
      44
    ],
    [
      43,
      44
    ],
    [
      43,
      44
    ],
    [
      43,
      44
    ],
    [
      43,
      44
    ],
    [
      43,
      44
    ],
    [
      43,
      44
    ],
    [
      43,
      44
    ],
    [
      43,
      44
    ],
    [
      43,
      44
    ],
    [
      43,
      44
    ],
    [
      43,
      44
    ],
    [
      43,
      44
    ],
    [
      43,
      44
    ],
    [
      43,
      44
    ],
    [
      43,
      44
    ],
    [
      43,
      44
    ],
    [
      43,
      44
    ],
    [
      43,
      44
    ],
    [
      43,
      44
    ],
    [
      43,
      44
    ],
    [
      43,
      44
    ],
    [
      43,
      44
    ],
    [
      43,
      44
    ],
    [
      43,
      44
    ],
    [
      43,
      44
    ],
    [
      43,
      44
    ],
    [
      43,
      44
    ],
    [
      43,
      44
    ],
    [
      43,
      44
    ],
    [
      43,
      44
    ],
    [
      43,
      44
    ],
    [
      43,
      44
    ],
    [
      43,
      44
    ],
    [
      44,
      45
    ],
    [
      44,
      45
    ],
    [
      44,
      45
    ],
    [
      44,
      45
    ],
    [
      44,
      45
    ],
    [
      44,
      45
    ],
    [
      44,
      45
    ],
    [
      44,
      45
    ],
    [
      44,
      45
    ],
    [
      44,
      45
    ],
    [
      44,
      45
    ],
    [
      44,
      45
    ],
    [
      44,
      45
    ],
    [
      44,
      45
    ],
    [
      44,
      45
    ],
    [
      44,
      45
    ],
    [
      44,
      45
    ],
    [
      44,
      45
    ],
    [
      44,
      45
    ],
    [
      44,
      45
    ],
    [
      44,
      45
    ],
    [
      44,
      45
    ],
    [
      44,
      45
    ],
    [
      44,
      45
    ],
    [
      44,
      45
    ],
    [
      44,
      45
    ],
    [
      44,
      45
    ],
    [
      44,
      45
    ],
    [
      44,
      45
    ],
    [
      44,
      45
    ],
    [
      44,
      45
    ],
    [
      44,
      45
    ],
    [
      44,
      45
    ],
    [
      44,
      45
    ],
    [
      44,
      45
    ],
    [
      44,
      45
    ],
    [
      44,
      45
    ],
    [
      44,
      45
    ],
    [
      44,
      45
    ],
    [
      44,
      45
    ],
    [
      44,
      45
    ],
    [
      44,
      45
    ],
    [
      44,
      45
    ],
    [
      44,
      45
    ],
    [
      44,
      45
    ],
    [
      44,
      45
    ],
    [
      44,
      45
    ],
    [
      44,
      45
    ],
    [
      44,
      45
    ],
    [
      44,
      45
    ],
    [
      44,
      45
    ],
    [
      44,
      45
    ],
    [
      44,
      45
    ],
    [
      44,
      45
    ],
    [
      44,
      45
    ],
    [
      44,
      45
    ],
    [
      44,
      45
    ],
    [
      44,
      45
    ],
    [
      44,
      45
    ],
    [
      44,
      45
    ],
    [
      44,
      45
    ],
    [
      44,
      45
    ],
    [
      44,
      45
    ],
    [
      44,
      45
    ],
    [
      44,
      45
    ],
    [
      44,
      45
    ],
    [
      44,
      45
    ],
    [
      44,
      45
    ],
    [
      44,
      45
    ],
    [
      44,
      45
    ],
    [
      44,
      45
    ],
    [
      44,
      45
    ],
    [
      44,
      45
    ],
    [
      44,
      45
    ],
    [
      44,
      45
    ],
    [
      44,
      45
    ],
    [
      44,
      45
    ],
    [
      44,
      45
    ],
    [
      44,
      45
    ],
    [
      44,
      45
    ],
    [
      44,
      45
    ],
    [
      44,
      45
    ],
    [
      44,
      45
    ],
    [
      44,
      45
    ],
    [
      44,
      45
    ],
    [
      44,
      45
    ],
    [
      44,
      45
    ],
    [
      44,
      45
    ],
    [
      44,
      45
    ],
    [
      44,
      45
    ],
    [
      44,
      45
    ],
    [
      44,
      45
    ],
    [
      44,
      45
    ],
    [
      44,
      45
    ],
    [
      44,
      45
    ],
    [
      44,
      45
    ],
    [
      44,
      45
    ],
    [
      44,
      45
    ],
    [
      44,
      45
    ],
    [
      44,
      45
    ],
    [
      44,
      45
    ],
    [
      44,
      45
    ],
    [
      44,
      45
    ],
    [
      44,
      45
    ],
    [
      44,
      45
    ],
    [
      44,
      45
    ],
    [
      44,
      45
    ],
    [
      44,
      45
    ],
    [
      44,
      45
    ],
    [
      44,
      45
    ],
    [
      44,
      45
    ],
    [
      44,
      45
    ],
    [
      44,
      45
    ],
    [
      44,
      45
    ],
    [
      44,
      45
    ],
    [
      44,
      45
    ],
    [
      44,
      45
    ],
    [
      44,
      45
    ],
    [
      44,
      45
    ],
    [
      44,
      45
    ],
    [
      44,
      45
    ],
    [
      44,
      45
    ],
    [
      44,
      45
    ],
    [
      44,
      45
    ],
    [
      44,
      45
    ],
    [
      44,
      45
    ],
    [
      44,
      45
    ],
    [
      44,
      45
    ],
    [
      44,
      45
    ],
    [
      44,
      45
    ],
    [
      44,
      45
    ],
    [
      44,
      45
    ],
    [
      44,
      45
    ],
    [
      44,
      45
    ],
    [
      44,
      45
    ],
    [
      44,
      45
    ],
    [
      44,
      45
    ],
    [
      44,
      45
    ],
    [
      44,
      45
    ],
    [
      44,
      45
    ],
    [
      44,
      45
    ],
    [
      44,
      45
    ],
    [
      44,
      45
    ],
    [
      44,
      45
    ],
    [
      44,
      45
    ],
    [
      44,
      45
    ],
    [
      44,
      45
    ],
    [
      44,
      45
    ],
    [
      44,
      45
    ],
    [
      44,
      45
    ],
    [
      44,
      45
    ],
    [
      44,
      45
    ],
    [
      44,
      45
    ],
    [
      44,
      45
    ],
    [
      44,
      45
    ],
    [
      44,
      45
    ],
    [
      44,
      45
    ],
    [
      44,
      45
    ],
    [
      44,
      45
    ],
    [
      44,
      45
    ],
    [
      44,
      45
    ],
    [
      44,
      45
    ],
    [
      44,
      45
    ],
    [
      44,
      45
    ],
    [
      44,
      45
    ],
    [
      44,
      45
    ],
    [
      44,
      45
    ],
    [
      44,
      45
    ],
    [
      44,
      45
    ],
    [
      44,
      45
    ],
    [
      44,
      45
    ],
    [
      44,
      45
    ],
    [
      44,
      45
    ],
    [
      44,
      45
    ],
    [
      44,
      45
    ],
    [
      44,
      45
    ],
    [
      44,
      45
    ],
    [
      44,
      45
    ],
    [
      44,
      45
    ],
    [
      44,
      45
    ],
    [
      44,
      45
    ],
    [
      44,
      45
    ],
    [
      44,
      45
    ],
    [
      44,
      45
    ],
    [
      44,
      45
    ],
    [
      44,
      45
    ],
    [
      44,
      45
    ],
    [
      44,
      45
    ],
    [
      44,
      45
    ],
    [
      44,
      45
    ],
    [
      44,
      45
    ],
    [
      44,
      45
    ],
    [
      44,
      45
    ],
    [
      44,
      45
    ],
    [
      44,
      45
    ],
    [
      44,
      45
    ],
    [
      44,
      45
    ],
    [
      44,
      45
    ],
    [
      44,
      45
    ],
    [
      44,
      45
    ],
    [
      44,
      45
    ],
    [
      44,
      45
    ],
    [
      44,
      45
    ],
    [
      44,
      45
    ],
    [
      44,
      45
    ],
    [
      44,
      45
    ],
    [
      44,
      45
    ],
    [
      44,
      45
    ],
    [
      44,
      45
    ],
    [
      44,
      45
    ],
    [
      44,
      45
    ],
    [
      44,
      45
    ],
    [
      44,
      45
    ],
    [
      44,
      45
    ],
    [
      44,
      45
    ],
    [
      44,
      45
    ],
    [
      44,
      45
    ],
    [
      44,
      45
    ],
    [
      44,
      45
    ],
    [
      44,
      45
    ],
    [
      44,
      45
    ],
    [
      44,
      45
    ],
    [
      44,
      45
    ],
    [
      44,
      45
    ],
    [
      44,
      45
    ],
    [
      44,
      45
    ],
    [
      44,
      45
    ],
    [
      44,
      45
    ],
    [
      44,
      45
    ],
    [
      44,
      45
    ],
    [
      44,
      45
    ],
    [
      44,
      45
    ],
    [
      44,
      45
    ],
    [
      44,
      45
    ],
    [
      44,
      45
    ],
    [
      44,
      45
    ],
    [
      44,
      45
    ],
    [
      44,
      45
    ],
    [
      44,
      45
    ],
    [
      44,
      45
    ],
    [
      44,
      45
    ],
    [
      44,
      45
    ],
    [
      44,
      45
    ],
    [
      44,
      45
    ],
    [
      44,
      45
    ],
    [
      44,
      45
    ],
    [
      44,
      45
    ],
    [
      44,
      45
    ],
    [
      44,
      45
    ],
    [
      44,
      45
    ],
    [
      44,
      45
    ],
    [
      44,
      45
    ],
    [
      44,
      45
    ],
    [
      44,
      45
    ],
    [
      44,
      45
    ],
    [
      44,
      45
    ],
    [
      45,
      46
    ],
    [
      45,
      46
    ],
    [
      45,
      46
    ],
    [
      45,
      46
    ],
    [
      45,
      46
    ],
    [
      45,
      46
    ],
    [
      45,
      46
    ],
    [
      45,
      46
    ],
    [
      45,
      46
    ],
    [
      45,
      46
    ],
    [
      45,
      46
    ],
    [
      45,
      46
    ],
    [
      45,
      46
    ],
    [
      45,
      46
    ],
    [
      45,
      46
    ],
    [
      45,
      46
    ],
    [
      45,
      46
    ],
    [
      45,
      46
    ],
    [
      45,
      46
    ],
    [
      45,
      46
    ],
    [
      45,
      46
    ],
    [
      45,
      46
    ],
    [
      45,
      46
    ],
    [
      45,
      46
    ],
    [
      45,
      46
    ],
    [
      45,
      46
    ],
    [
      45,
      46
    ],
    [
      45,
      46
    ],
    [
      45,
      46
    ],
    [
      45,
      46
    ],
    [
      45,
      46
    ],
    [
      45,
      46
    ],
    [
      45,
      46
    ],
    [
      45,
      46
    ],
    [
      45,
      46
    ],
    [
      45,
      46
    ],
    [
      45,
      46
    ],
    [
      45,
      46
    ],
    [
      45,
      46
    ],
    [
      45,
      46
    ],
    [
      45,
      46
    ],
    [
      45,
      46
    ],
    [
      45,
      46
    ],
    [
      45,
      46
    ],
    [
      45,
      46
    ],
    [
      45,
      46
    ],
    [
      45,
      46
    ],
    [
      45,
      46
    ],
    [
      45,
      46
    ],
    [
      45,
      46
    ],
    [
      45,
      46
    ],
    [
      45,
      46
    ],
    [
      45,
      46
    ],
    [
      45,
      46
    ],
    [
      45,
      46
    ],
    [
      45,
      46
    ],
    [
      45,
      46
    ],
    [
      45,
      46
    ],
    [
      45,
      46
    ],
    [
      45,
      46
    ],
    [
      45,
      46
    ],
    [
      45,
      46
    ],
    [
      45,
      46
    ],
    [
      45,
      46
    ],
    [
      45,
      46
    ],
    [
      45,
      46
    ],
    [
      45,
      46
    ],
    [
      45,
      46
    ],
    [
      45,
      46
    ],
    [
      45,
      46
    ],
    [
      45,
      46
    ],
    [
      45,
      46
    ],
    [
      45,
      46
    ],
    [
      45,
      46
    ],
    [
      45,
      46
    ],
    [
      45,
      46
    ],
    [
      45,
      46
    ],
    [
      45,
      46
    ],
    [
      45,
      46
    ],
    [
      45,
      46
    ],
    [
      45,
      46
    ],
    [
      45,
      46
    ],
    [
      45,
      46
    ],
    [
      45,
      46
    ],
    [
      45,
      46
    ],
    [
      45,
      46
    ],
    [
      45,
      46
    ],
    [
      45,
      46
    ],
    [
      45,
      46
    ],
    [
      45,
      46
    ],
    [
      45,
      46
    ],
    [
      45,
      46
    ],
    [
      45,
      46
    ],
    [
      45,
      46
    ],
    [
      45,
      46
    ],
    [
      45,
      46
    ],
    [
      45,
      46
    ],
    [
      45,
      46
    ],
    [
      45,
      46
    ],
    [
      45,
      46
    ],
    [
      45,
      46
    ],
    [
      45,
      46
    ],
    [
      45,
      46
    ],
    [
      45,
      46
    ],
    [
      45,
      46
    ],
    [
      45,
      46
    ],
    [
      45,
      46
    ],
    [
      45,
      46
    ],
    [
      45,
      46
    ],
    [
      45,
      46
    ],
    [
      45,
      46
    ],
    [
      45,
      46
    ],
    [
      45,
      46
    ],
    [
      45,
      46
    ],
    [
      45,
      46
    ],
    [
      45,
      46
    ],
    [
      45,
      46
    ],
    [
      45,
      46
    ],
    [
      45,
      46
    ],
    [
      45,
      46
    ],
    [
      45,
      46
    ],
    [
      45,
      46
    ],
    [
      45,
      46
    ],
    [
      45,
      46
    ],
    [
      45,
      46
    ],
    [
      45,
      46
    ],
    [
      45,
      46
    ],
    [
      45,
      46
    ],
    [
      45,
      46
    ],
    [
      45,
      46
    ],
    [
      45,
      46
    ],
    [
      45,
      46
    ],
    [
      45,
      46
    ],
    [
      45,
      46
    ],
    [
      45,
      46
    ],
    [
      45,
      46
    ],
    [
      45,
      46
    ],
    [
      45,
      46
    ],
    [
      45,
      46
    ],
    [
      45,
      46
    ],
    [
      45,
      46
    ],
    [
      45,
      46
    ],
    [
      45,
      46
    ],
    [
      45,
      46
    ],
    [
      45,
      46
    ],
    [
      45,
      46
    ],
    [
      45,
      46
    ],
    [
      45,
      46
    ],
    [
      45,
      46
    ],
    [
      45,
      46
    ],
    [
      45,
      46
    ],
    [
      45,
      46
    ],
    [
      45,
      46
    ],
    [
      45,
      46
    ],
    [
      45,
      46
    ],
    [
      45,
      46
    ],
    [
      45,
      46
    ],
    [
      45,
      46
    ],
    [
      45,
      46
    ],
    [
      45,
      46
    ],
    [
      45,
      46
    ],
    [
      45,
      46
    ],
    [
      45,
      46
    ],
    [
      45,
      46
    ],
    [
      45,
      46
    ],
    [
      45,
      46
    ],
    [
      45,
      46
    ],
    [
      45,
      46
    ],
    [
      45,
      46
    ],
    [
      45,
      46
    ],
    [
      45,
      46
    ],
    [
      45,
      46
    ],
    [
      45,
      46
    ],
    [
      45,
      46
    ],
    [
      45,
      46
    ],
    [
      45,
      46
    ],
    [
      45,
      46
    ],
    [
      45,
      46
    ],
    [
      45,
      46
    ],
    [
      45,
      46
    ],
    [
      45,
      46
    ],
    [
      45,
      46
    ],
    [
      45,
      46
    ],
    [
      45,
      46
    ],
    [
      45,
      46
    ],
    [
      45,
      46
    ],
    [
      45,
      46
    ],
    [
      45,
      46
    ],
    [
      45,
      46
    ],
    [
      45,
      46
    ],
    [
      45,
      46
    ],
    [
      45,
      46
    ],
    [
      45,
      46
    ],
    [
      45,
      46
    ],
    [
      45,
      46
    ],
    [
      45,
      46
    ],
    [
      45,
      46
    ],
    [
      45,
      46
    ],
    [
      45,
      46
    ],
    [
      45,
      46
    ],
    [
      45,
      46
    ],
    [
      45,
      46
    ],
    [
      45,
      46
    ],
    [
      45,
      46
    ],
    [
      45,
      46
    ],
    [
      45,
      46
    ],
    [
      45,
      46
    ],
    [
      45,
      46
    ],
    [
      45,
      46
    ],
    [
      45,
      46
    ],
    [
      45,
      46
    ],
    [
      45,
      46
    ],
    [
      45,
      46
    ],
    [
      45,
      46
    ],
    [
      45,
      46
    ],
    [
      45,
      46
    ],
    [
      45,
      46
    ],
    [
      45,
      46
    ],
    [
      45,
      46
    ],
    [
      45,
      46
    ],
    [
      45,
      46
    ],
    [
      45,
      46
    ],
    [
      45,
      46
    ],
    [
      45,
      46
    ],
    [
      45,
      46
    ],
    [
      45,
      46
    ],
    [
      45,
      46
    ],
    [
      45,
      46
    ],
    [
      45,
      46
    ],
    [
      45,
      46
    ],
    [
      45,
      46
    ],
    [
      45,
      46
    ],
    [
      45,
      46
    ],
    [
      45,
      46
    ],
    [
      45,
      46
    ],
    [
      45,
      46
    ],
    [
      45,
      46
    ],
    [
      45,
      46
    ],
    [
      45,
      46
    ],
    [
      45,
      46
    ],
    [
      45,
      46
    ],
    [
      45,
      46
    ],
    [
      45,
      46
    ],
    [
      45,
      46
    ],
    [
      45,
      46
    ],
    [
      45,
      46
    ],
    [
      45,
      46
    ],
    [
      45,
      46
    ],
    [
      45,
      46
    ],
    [
      45,
      46
    ],
    [
      45,
      46
    ],
    [
      45,
      46
    ],
    [
      45,
      46
    ],
    [
      45,
      46
    ],
    [
      45,
      46
    ],
    [
      45,
      46
    ],
    [
      46,
      47
    ],
    [
      46,
      47
    ],
    [
      46,
      47
    ],
    [
      46,
      47
    ],
    [
      46,
      47
    ],
    [
      46,
      47
    ],
    [
      46,
      47
    ],
    [
      46,
      47
    ],
    [
      46,
      47
    ],
    [
      46,
      47
    ],
    [
      46,
      47
    ],
    [
      46,
      47
    ],
    [
      46,
      47
    ],
    [
      46,
      47
    ],
    [
      46,
      47
    ],
    [
      46,
      47
    ],
    [
      46,
      47
    ],
    [
      46,
      47
    ],
    [
      46,
      47
    ],
    [
      46,
      47
    ],
    [
      46,
      47
    ],
    [
      46,
      47
    ],
    [
      46,
      47
    ],
    [
      46,
      47
    ],
    [
      46,
      47
    ],
    [
      46,
      47
    ],
    [
      46,
      47
    ],
    [
      46,
      47
    ],
    [
      46,
      47
    ],
    [
      46,
      47
    ],
    [
      46,
      47
    ],
    [
      46,
      47
    ],
    [
      46,
      47
    ],
    [
      46,
      47
    ],
    [
      46,
      47
    ],
    [
      46,
      47
    ],
    [
      46,
      47
    ],
    [
      46,
      47
    ],
    [
      46,
      47
    ],
    [
      46,
      47
    ],
    [
      46,
      47
    ],
    [
      46,
      47
    ],
    [
      46,
      47
    ],
    [
      46,
      47
    ],
    [
      46,
      47
    ],
    [
      46,
      47
    ],
    [
      46,
      47
    ],
    [
      46,
      47
    ],
    [
      46,
      47
    ],
    [
      46,
      47
    ],
    [
      46,
      47
    ],
    [
      46,
      47
    ],
    [
      46,
      47
    ],
    [
      46,
      47
    ],
    [
      46,
      47
    ],
    [
      46,
      47
    ],
    [
      46,
      47
    ],
    [
      46,
      47
    ],
    [
      46,
      47
    ],
    [
      46,
      47
    ],
    [
      46,
      47
    ],
    [
      46,
      47
    ],
    [
      46,
      47
    ],
    [
      46,
      47
    ],
    [
      46,
      47
    ],
    [
      46,
      47
    ],
    [
      46,
      47
    ],
    [
      46,
      47
    ],
    [
      46,
      47
    ],
    [
      46,
      47
    ],
    [
      46,
      47
    ],
    [
      46,
      47
    ],
    [
      46,
      47
    ],
    [
      46,
      47
    ],
    [
      46,
      47
    ],
    [
      46,
      47
    ],
    [
      46,
      47
    ],
    [
      46,
      47
    ],
    [
      46,
      47
    ],
    [
      46,
      47
    ],
    [
      46,
      47
    ],
    [
      46,
      47
    ],
    [
      46,
      47
    ],
    [
      46,
      47
    ],
    [
      46,
      47
    ],
    [
      46,
      47
    ],
    [
      46,
      47
    ],
    [
      46,
      47
    ],
    [
      46,
      47
    ],
    [
      46,
      47
    ],
    [
      46,
      47
    ],
    [
      46,
      47
    ],
    [
      46,
      47
    ],
    [
      46,
      47
    ],
    [
      46,
      47
    ],
    [
      46,
      47
    ],
    [
      46,
      47
    ],
    [
      46,
      47
    ],
    [
      46,
      47
    ],
    [
      46,
      47
    ],
    [
      46,
      47
    ],
    [
      46,
      47
    ],
    [
      46,
      47
    ],
    [
      46,
      47
    ],
    [
      46,
      47
    ],
    [
      46,
      47
    ],
    [
      46,
      47
    ],
    [
      46,
      47
    ],
    [
      46,
      47
    ],
    [
      46,
      47
    ],
    [
      46,
      47
    ],
    [
      46,
      47
    ],
    [
      46,
      47
    ],
    [
      46,
      47
    ],
    [
      46,
      47
    ],
    [
      46,
      47
    ],
    [
      46,
      47
    ],
    [
      46,
      47
    ],
    [
      46,
      47
    ],
    [
      46,
      47
    ],
    [
      46,
      47
    ],
    [
      46,
      47
    ],
    [
      46,
      47
    ],
    [
      46,
      47
    ],
    [
      46,
      47
    ],
    [
      46,
      47
    ],
    [
      46,
      47
    ],
    [
      46,
      47
    ],
    [
      46,
      47
    ],
    [
      46,
      47
    ],
    [
      46,
      47
    ],
    [
      46,
      47
    ],
    [
      46,
      47
    ],
    [
      46,
      47
    ],
    [
      46,
      47
    ],
    [
      46,
      47
    ],
    [
      46,
      47
    ],
    [
      46,
      47
    ],
    [
      46,
      47
    ],
    [
      46,
      47
    ],
    [
      46,
      47
    ],
    [
      46,
      47
    ],
    [
      46,
      47
    ],
    [
      46,
      47
    ],
    [
      46,
      47
    ],
    [
      46,
      47
    ],
    [
      46,
      47
    ],
    [
      46,
      47
    ],
    [
      46,
      47
    ],
    [
      46,
      47
    ],
    [
      46,
      47
    ],
    [
      46,
      47
    ],
    [
      46,
      47
    ],
    [
      46,
      47
    ],
    [
      46,
      47
    ],
    [
      46,
      47
    ],
    [
      46,
      47
    ],
    [
      46,
      47
    ],
    [
      46,
      47
    ],
    [
      46,
      47
    ],
    [
      46,
      47
    ],
    [
      46,
      47
    ],
    [
      46,
      47
    ],
    [
      46,
      47
    ],
    [
      46,
      47
    ],
    [
      46,
      47
    ],
    [
      46,
      47
    ],
    [
      46,
      47
    ],
    [
      46,
      47
    ],
    [
      46,
      47
    ],
    [
      46,
      47
    ],
    [
      46,
      47
    ],
    [
      46,
      47
    ],
    [
      46,
      47
    ],
    [
      46,
      47
    ],
    [
      46,
      47
    ],
    [
      46,
      47
    ],
    [
      46,
      47
    ],
    [
      46,
      47
    ],
    [
      46,
      47
    ],
    [
      46,
      47
    ],
    [
      46,
      47
    ],
    [
      46,
      47
    ],
    [
      46,
      47
    ],
    [
      46,
      47
    ],
    [
      46,
      47
    ],
    [
      46,
      47
    ],
    [
      46,
      47
    ],
    [
      46,
      47
    ],
    [
      46,
      47
    ],
    [
      46,
      47
    ],
    [
      46,
      47
    ],
    [
      46,
      47
    ],
    [
      46,
      47
    ],
    [
      46,
      47
    ],
    [
      46,
      47
    ],
    [
      46,
      47
    ],
    [
      46,
      47
    ],
    [
      46,
      47
    ],
    [
      46,
      47
    ],
    [
      46,
      47
    ],
    [
      46,
      47
    ],
    [
      46,
      47
    ],
    [
      46,
      47
    ],
    [
      46,
      47
    ],
    [
      46,
      47
    ],
    [
      46,
      47
    ],
    [
      46,
      47
    ],
    [
      46,
      47
    ],
    [
      46,
      47
    ],
    [
      46,
      47
    ],
    [
      46,
      47
    ],
    [
      46,
      47
    ],
    [
      46,
      47
    ],
    [
      46,
      47
    ],
    [
      46,
      47
    ],
    [
      46,
      47
    ],
    [
      46,
      47
    ],
    [
      46,
      47
    ],
    [
      46,
      47
    ],
    [
      46,
      47
    ],
    [
      46,
      47
    ],
    [
      46,
      47
    ],
    [
      46,
      47
    ],
    [
      46,
      47
    ],
    [
      46,
      47
    ],
    [
      46,
      47
    ],
    [
      46,
      47
    ],
    [
      46,
      47
    ],
    [
      46,
      47
    ],
    [
      46,
      47
    ],
    [
      46,
      47
    ],
    [
      46,
      47
    ],
    [
      46,
      47
    ],
    [
      46,
      47
    ],
    [
      46,
      47
    ],
    [
      46,
      47
    ],
    [
      46,
      47
    ],
    [
      46,
      47
    ],
    [
      46,
      47
    ],
    [
      46,
      47
    ],
    [
      46,
      47
    ],
    [
      46,
      47
    ],
    [
      46,
      47
    ],
    [
      46,
      47
    ],
    [
      46,
      47
    ],
    [
      46,
      47
    ],
    [
      46,
      47
    ],
    [
      46,
      47
    ],
    [
      46,
      47
    ],
    [
      46,
      47
    ],
    [
      46,
      47
    ],
    [
      46,
      47
    ],
    [
      46,
      47
    ],
    [
      46,
      47
    ],
    [
      46,
      47
    ],
    [
      47,
      48
    ],
    [
      47,
      48
    ],
    [
      47,
      48
    ],
    [
      47,
      48
    ],
    [
      47,
      48
    ],
    [
      47,
      48
    ],
    [
      47,
      48
    ],
    [
      47,
      48
    ],
    [
      47,
      48
    ],
    [
      47,
      48
    ],
    [
      47,
      48
    ],
    [
      47,
      48
    ],
    [
      47,
      48
    ],
    [
      47,
      48
    ],
    [
      47,
      48
    ],
    [
      47,
      48
    ],
    [
      47,
      48
    ],
    [
      47,
      48
    ],
    [
      47,
      48
    ],
    [
      47,
      48
    ],
    [
      47,
      48
    ],
    [
      47,
      48
    ],
    [
      47,
      48
    ],
    [
      47,
      48
    ],
    [
      47,
      48
    ],
    [
      47,
      48
    ],
    [
      47,
      48
    ],
    [
      47,
      48
    ],
    [
      47,
      48
    ],
    [
      47,
      48
    ],
    [
      47,
      48
    ],
    [
      47,
      48
    ],
    [
      47,
      48
    ],
    [
      47,
      48
    ],
    [
      47,
      48
    ],
    [
      47,
      48
    ],
    [
      47,
      48
    ],
    [
      47,
      48
    ],
    [
      47,
      48
    ],
    [
      47,
      48
    ],
    [
      47,
      48
    ],
    [
      47,
      48
    ],
    [
      47,
      48
    ],
    [
      47,
      48
    ],
    [
      47,
      48
    ],
    [
      47,
      48
    ],
    [
      47,
      48
    ],
    [
      47,
      48
    ],
    [
      47,
      48
    ],
    [
      47,
      48
    ],
    [
      47,
      48
    ],
    [
      47,
      48
    ],
    [
      47,
      48
    ],
    [
      47,
      48
    ],
    [
      47,
      48
    ],
    [
      47,
      48
    ],
    [
      47,
      48
    ],
    [
      47,
      48
    ],
    [
      47,
      48
    ],
    [
      47,
      48
    ],
    [
      47,
      48
    ],
    [
      47,
      48
    ],
    [
      47,
      48
    ],
    [
      47,
      48
    ],
    [
      47,
      48
    ],
    [
      47,
      48
    ],
    [
      47,
      48
    ],
    [
      47,
      48
    ],
    [
      47,
      48
    ],
    [
      47,
      48
    ],
    [
      47,
      48
    ],
    [
      47,
      48
    ],
    [
      47,
      48
    ],
    [
      47,
      48
    ],
    [
      47,
      48
    ],
    [
      47,
      48
    ],
    [
      47,
      48
    ],
    [
      47,
      48
    ],
    [
      47,
      48
    ],
    [
      47,
      48
    ],
    [
      47,
      48
    ],
    [
      47,
      48
    ],
    [
      47,
      48
    ],
    [
      47,
      48
    ],
    [
      47,
      48
    ],
    [
      47,
      48
    ],
    [
      47,
      48
    ],
    [
      47,
      48
    ],
    [
      47,
      48
    ],
    [
      47,
      48
    ],
    [
      47,
      48
    ],
    [
      47,
      48
    ],
    [
      47,
      48
    ],
    [
      47,
      48
    ],
    [
      47,
      48
    ],
    [
      47,
      48
    ],
    [
      47,
      48
    ],
    [
      47,
      48
    ],
    [
      47,
      48
    ],
    [
      47,
      48
    ],
    [
      47,
      48
    ],
    [
      47,
      48
    ],
    [
      47,
      48
    ],
    [
      47,
      48
    ],
    [
      47,
      48
    ],
    [
      47,
      48
    ],
    [
      47,
      48
    ],
    [
      47,
      48
    ],
    [
      47,
      48
    ],
    [
      47,
      48
    ],
    [
      47,
      48
    ],
    [
      47,
      48
    ],
    [
      47,
      48
    ],
    [
      47,
      48
    ],
    [
      47,
      48
    ],
    [
      47,
      48
    ],
    [
      47,
      48
    ],
    [
      47,
      48
    ],
    [
      47,
      48
    ],
    [
      47,
      48
    ],
    [
      47,
      48
    ],
    [
      47,
      48
    ],
    [
      47,
      48
    ],
    [
      47,
      48
    ],
    [
      47,
      48
    ],
    [
      47,
      48
    ],
    [
      47,
      48
    ],
    [
      47,
      48
    ],
    [
      47,
      48
    ],
    [
      47,
      48
    ],
    [
      47,
      48
    ],
    [
      47,
      48
    ],
    [
      47,
      48
    ],
    [
      47,
      48
    ],
    [
      47,
      48
    ],
    [
      47,
      48
    ],
    [
      47,
      48
    ],
    [
      47,
      48
    ],
    [
      47,
      48
    ],
    [
      47,
      48
    ],
    [
      47,
      48
    ],
    [
      47,
      48
    ],
    [
      47,
      48
    ],
    [
      47,
      48
    ],
    [
      47,
      48
    ],
    [
      47,
      48
    ],
    [
      47,
      48
    ],
    [
      47,
      48
    ],
    [
      47,
      48
    ],
    [
      47,
      48
    ],
    [
      47,
      48
    ],
    [
      47,
      48
    ],
    [
      47,
      48
    ],
    [
      47,
      48
    ],
    [
      47,
      48
    ],
    [
      47,
      48
    ],
    [
      47,
      48
    ],
    [
      47,
      48
    ],
    [
      47,
      48
    ],
    [
      47,
      48
    ],
    [
      47,
      48
    ],
    [
      47,
      48
    ],
    [
      47,
      48
    ],
    [
      47,
      48
    ],
    [
      47,
      48
    ],
    [
      47,
      48
    ],
    [
      47,
      48
    ],
    [
      47,
      48
    ],
    [
      47,
      48
    ],
    [
      47,
      48
    ],
    [
      47,
      48
    ],
    [
      47,
      48
    ],
    [
      47,
      48
    ],
    [
      47,
      48
    ],
    [
      47,
      48
    ],
    [
      47,
      48
    ],
    [
      47,
      48
    ],
    [
      47,
      48
    ],
    [
      47,
      48
    ],
    [
      47,
      48
    ],
    [
      47,
      48
    ],
    [
      47,
      48
    ],
    [
      47,
      48
    ],
    [
      47,
      48
    ],
    [
      47,
      48
    ],
    [
      47,
      48
    ],
    [
      47,
      48
    ],
    [
      47,
      48
    ],
    [
      47,
      48
    ],
    [
      47,
      48
    ],
    [
      47,
      48
    ],
    [
      47,
      48
    ],
    [
      47,
      48
    ],
    [
      47,
      48
    ],
    [
      47,
      48
    ],
    [
      47,
      48
    ],
    [
      47,
      48
    ],
    [
      47,
      48
    ],
    [
      47,
      48
    ],
    [
      47,
      48
    ],
    [
      47,
      48
    ],
    [
      47,
      48
    ],
    [
      47,
      48
    ],
    [
      47,
      48
    ],
    [
      47,
      48
    ],
    [
      47,
      48
    ],
    [
      47,
      48
    ],
    [
      47,
      48
    ],
    [
      47,
      48
    ],
    [
      47,
      48
    ],
    [
      47,
      48
    ],
    [
      47,
      48
    ],
    [
      47,
      48
    ],
    [
      47,
      48
    ],
    [
      47,
      48
    ],
    [
      47,
      48
    ],
    [
      47,
      48
    ],
    [
      47,
      48
    ],
    [
      47,
      48
    ],
    [
      47,
      48
    ],
    [
      47,
      48
    ],
    [
      47,
      48
    ],
    [
      47,
      48
    ],
    [
      47,
      48
    ],
    [
      47,
      48
    ],
    [
      47,
      48
    ],
    [
      47,
      48
    ],
    [
      47,
      48
    ],
    [
      47,
      48
    ],
    [
      47,
      48
    ],
    [
      47,
      48
    ],
    [
      47,
      48
    ],
    [
      47,
      48
    ],
    [
      47,
      48
    ],
    [
      47,
      48
    ],
    [
      47,
      48
    ],
    [
      47,
      48
    ],
    [
      47,
      48
    ],
    [
      47,
      48
    ],
    [
      47,
      48
    ],
    [
      47,
      48
    ],
    [
      47,
      48
    ],
    [
      47,
      48
    ],
    [
      47,
      48
    ],
    [
      47,
      48
    ],
    [
      47,
      48
    ],
    [
      47,
      48
    ],
    [
      47,
      48
    ],
    [
      47,
      48
    ],
    [
      47,
      48
    ],
    [
      47,
      48
    ],
    [
      47,
      48
    ],
    [
      47,
      48
    ],
    [
      47,
      48
    ],
    [
      47,
      48
    ],
    [
      47,
      48
    ]
  ],
  "last_executed_kv_cell": 262143,
  "cleanup": {
    "forced": false,
    "inferior_survived": false,
    "gdb_survived": false
  },
  "new_fault_messages": [],
  "finished_utc": "2026-10-07T00:36:27.681941+00:00"
}
