<LOADER>[DEBUG]: Logger loader initialized successfully!
<LOADER>[INFO]: loaded adapter 0x0x2b811980 (/opt/intel/oneapi/compiler/2026.1/lib/libur_adapter_level_zero_v2.so.0) from /opt/intel/oneapi/compiler/2026.1/lib/libur_adapter_level_zero_v2.so.0
   ---> urAdapterGet
<LEVEL_ZERO>[DEBUG]: zeInit with flags value of 1
[2026-10-08 00:59:39.227] [thread-id: 129269081074880] [info] Loader Version 1.32.0  - No git SHA found, compiled outside git folder.
[2026-10-08 00:59:39.230] [thread-id: 129269081074880] [info] Validation Layer Enabled
[2026-10-08 00:59:39.230] [thread-id: 129269081074880] [info] zeInit succeeded
[2026-10-08 00:59:39.230] [thread-id: 129269081074880] [trace] zeInit(flags)
[2026-10-08 00:59:39.306] [thread-id: 129269081074880] [trace] SUCCESS (ZE_RESULT_SUCCESS) in zeInit(flags=1)
<LEVEL_ZERO>[DEBUG]: Level Zero Loader version: 1.32.0
<LEVEL_ZERO>[DEBUG]: zeInitDrivers with flags value of 1
[2026-10-08 00:59:39.306] [thread-id: 129269081074880] [trace] zeInitDrivers(pCount, phDrivers, desc)
[2026-10-08 00:59:39.306] [thread-id: 129269081074880] [trace] SUCCESS (ZE_RESULT_SUCCESS) in zeInitDrivers(pCount=1, phDrivers=nullptr, desc={stype=0x2b810728, flags=1})
[2026-10-08 00:59:39.306] [thread-id: 129269081074880] [trace] zeInitDrivers(pCount, phDrivers, desc)
[2026-10-08 00:59:39.306] [thread-id: 129269081074880] [trace] SUCCESS (ZE_RESULT_SUCCESS) in zeInitDrivers(pCount=1, phDrivers=nullptr, desc={stype=0x2b810728, flags=1})
[2026-10-08 00:59:39.306] [thread-id: 129269081074880] [trace] zeDriverGet(pCount, phDrivers)
[2026-10-08 00:59:39.306] [thread-id: 129269081074880] [trace] SUCCESS (ZE_RESULT_SUCCESS) in zeDriverGet(pCount=1, phDrivers=nullptr)
[2026-10-08 00:59:39.306] [thread-id: 129269081074880] [trace] zeDriverGet(pCount, phDrivers)
[2026-10-08 00:59:39.306] [thread-id: 129269081074880] [trace] SUCCESS (ZE_RESULT_SUCCESS) in zeDriverGet(pCount=1, phDrivers=0x2b9f6980)
[2026-10-08 00:59:39.306] [thread-id: 129269081074880] [trace] zeDeviceGet(hDriver, pCount, phDevices)
[2026-10-08 00:59:39.306] [thread-id: 129269081074880] [trace] SUCCESS (ZE_RESULT_SUCCESS) in zeDeviceGet(hDriver=0x2b9f69c8, pCount=1, phDevices=nullptr)
[2026-10-08 00:59:39.306] [thread-id: 129269081074880] [trace] zeDeviceGet(hDriver, pCount, phDevices)
[2026-10-08 00:59:39.306] [thread-id: 129269081074880] [trace] SUCCESS (ZE_RESULT_SUCCESS) in zeDeviceGet(hDriver=0x2b9f69c8, pCount=1, phDevices=0x2ba032b0)
[2026-10-08 00:59:39.306] [thread-id: 129269081074880] [trace] zeDeviceGetProperties(hDevice, pDeviceProperties)
[2026-10-08 00:59:39.306] [thread-id: 129269081074880] [trace] SUCCESS (ZE_RESULT_SUCCESS) in zeDeviceGetProperties(hDevice=0x2b9f6f28, pDeviceProperties={stype=0x7ffd1a49c890, type=0x7ffd1a49c8a0, vendorId=32902, deviceId=57868, flags=8, subdeviceId=0, coreClockRate=2750, maxMemAllocSize=10132807680, maxHardwareContexts=65536, maxCommandQueuePriority=0, numThreadsPerEU=8, physicalEUSimdWidth=16, numEUsPerSubslice=8, numSubslicesPerSlice=4, numSlices=5, timerResolution=52, timestampValidBits=64, kernelTimestampValidBits=64, uuid={id=134}, name="Intel(R) Arc(TM) B570 Graphics"})
<LEVEL_ZERO>[DEBUG]: 
zesInit with flags value of 0

[2026-10-08 00:59:39.306] [thread-id: 129269081074880] [trace] zesInit(flags)
[2026-10-08 00:59:39.308] [thread-id: 129269081074880] [trace] SUCCESS (ZE_RESULT_SUCCESS) in zesInit(flags=0)
[2026-10-08 00:59:39.308] [thread-id: 129269081074880] [trace] zeDriverGet(pCount, phDrivers)
[2026-10-08 00:59:39.308] [thread-id: 129269081074880] [trace] SUCCESS (ZE_RESULT_SUCCESS) in zeDriverGet(pCount=1, phDrivers=nullptr)
[2026-10-08 00:59:39.308] [thread-id: 129269081074880] [trace] zeDriverGet(pCount, phDrivers)
[2026-10-08 00:59:39.308] [thread-id: 129269081074880] [trace] SUCCESS (ZE_RESULT_SUCCESS) in zeDriverGet(pCount=1, phDrivers=0x2ba0a340)
[2026-10-08 00:59:39.308] [thread-id: 129269081074880] [trace] zeInitDrivers(pCount, phDrivers, desc)
[2026-10-08 00:59:39.308] [thread-id: 129269081074880] [trace] SUCCESS (ZE_RESULT_SUCCESS) in zeInitDrivers(pCount=1, phDrivers=0x2ba0a410, desc={stype=0x2b810728, flags=1})
[2026-10-08 00:59:39.308] [thread-id: 129269081074880] [trace] zeDriverGetProperties(hDriver, pDriverProperties)
[2026-10-08 00:59:39.308] [thread-id: 129269081074880] [trace] SUCCESS (ZE_RESULT_SUCCESS) in zeDriverGetProperties(hDriver=0x2b9f69c8, pDriverProperties={stype=0x7ffd1a49c7e0, uuid={id=227}, driverVersion=17013219})
[2026-10-08 00:59:39.308] [thread-id: 129269081074880] [trace] zeDriverGetProperties(hDriver, pDriverProperties)
[2026-10-08 00:59:39.308] [thread-id: 129269081074880] [trace] SUCCESS (ZE_RESULT_SUCCESS) in zeDriverGetProperties(hDriver=0x2b9f69c8, pDriverProperties={stype=0x7ffd1a49c9b0, uuid={id=227}, driverVersion=17013219})
<LEVEL_ZERO>[DEBUG]: zeDriverHandle 0x2b9f69c8 matched between zeDriverGet and zeInitDrivers. Not adding duplicate driver to list
<LEVEL_ZERO>[DEBUG]: 1 L0 Drivers found.
[2026-10-08 00:59:39.308] [thread-id: 129269081074880] [trace] zeDeviceGet(hDriver, pCount, phDevices)
[2026-10-08 00:59:39.308] [thread-id: 129269081074880] [trace] SUCCESS (ZE_RESULT_SUCCESS) in zeDeviceGet(hDriver=0x2b9f69c8, pCount=1, phDevices=nullptr)
[2026-10-08 00:59:39.308] [thread-id: 129269081074880] [trace] zeDeviceGet(hDriver, pCount, phDevices)
[2026-10-08 00:59:39.308] [thread-id: 129269081074880] [trace] SUCCESS (ZE_RESULT_SUCCESS) in zeDeviceGet(hDriver=0x2b9f69c8, pCount=1, phDevices=0x2ba0a6b0)
[2026-10-08 00:59:39.308] [thread-id: 129269081074880] [trace] zeDeviceGetProperties(hDevice, pDeviceProperties)
[2026-10-08 00:59:39.308] [thread-id: 129269081074880] [trace] SUCCESS (ZE_RESULT_SUCCESS) in zeDeviceGetProperties(hDevice=0x2b9f6f28, pDeviceProperties={stype=0x7ffd1a49c7e0, type=0x7ffd1a49c7f0, vendorId=32902, deviceId=57868, flags=8, subdeviceId=0, coreClockRate=2750, maxMemAllocSize=10132807680, maxHardwareContexts=65536, maxCommandQueuePriority=0, numThreadsPerEU=8, physicalEUSimdWidth=16, numEUsPerSubslice=8, numSubslicesPerSlice=4, numSlices=5, timerResolution=52, timestampValidBits=64, kernelTimestampValidBits=64, uuid={id=134}, name="Intel(R) Arc(TM) B570 Graphics"})
[2026-10-08 00:59:39.308] [thread-id: 129269081074880] [trace] zeDriverGetApiVersion(hDriver, version)
[2026-10-08 00:59:39.308] [thread-id: 129269081074880] [trace] SUCCESS (ZE_RESULT_SUCCESS) in zeDriverGetApiVersion(hDriver=0x2b9f69c8, version=65553)
[2026-10-08 00:59:39.308] [thread-id: 129269081074880] [trace] zeDriverGetExtensionProperties(hDriver, pCount, pExtensionProperties)
[2026-10-08 00:59:39.308] [thread-id: 129269081074880] [trace] SUCCESS (ZE_RESULT_SUCCESS) in zeDriverGetExtensionProperties(hDriver=0x2b9f69c8, pCount=63, pExtensionProperties=nullptr)
[2026-10-08 00:59:39.308] [thread-id: 129269081074880] [trace] zeDriverGetExtensionProperties(hDriver, pCount, pExtensionProperties)
[2026-10-08 00:59:39.308] [thread-id: 129269081074880] [trace] SUCCESS (ZE_RESULT_SUCCESS) in zeDriverGetExtensionProperties(hDriver=0x2b9f69c8, pCount=63, pExtensionProperties={name="ZE_extension_device_cache_line_size", version=65536})
[2026-10-08 00:59:39.308] [thread-id: 129269081074880] [trace] zeDriverGetExtensionFunctionAddress(hDriver, name, ppFunctionAddress)
[2026-10-08 00:59:39.308] [thread-id: 129269081074880] [trace] SUCCESS (ZE_RESULT_SUCCESS) in zeDriverGetExtensionFunctionAddress(hDriver=0x2b9f69c8, name="zeIntelGetDriverVersionString", ppFunctionAddress=0x7591c9d26c00)
[2026-10-08 00:59:39.308] [thread-id: 129269081074880] [trace] zeDriverGetProperties(hDriver, pDriverProperties)
[2026-10-08 00:59:39.309] [thread-id: 129269081074880] [trace] SUCCESS (ZE_RESULT_SUCCESS) in zeDriverGetProperties(hDriver=0x2b9f69c8, pDriverProperties={stype=0x7ffd1a49c6a0, uuid={id=227}, driverVersion=17013219})
<LEVEL_ZERO>[DEBUG]: Level Zero Driver version: 1.17.39395+14
[2026-10-08 00:59:39.309] [thread-id: 129269081074880] [trace] zeDriverGetExtensionFunctionAddress(hDriver, name, ppFunctionAddress)
[2026-10-08 00:59:39.309] [thread-id: 129269081074880] [trace] SUCCESS (ZE_RESULT_SUCCESS) in zeDriverGetExtensionFunctionAddress(hDriver=0x2b9f69c8, name="zexDriverImportExternalPointer", ppFunctionAddress=0x7591c9d21a40)
[2026-10-08 00:59:39.309] [thread-id: 129269081074880] [trace] zeDriverGetExtensionFunctionAddress(hDriver, name, ppFunctionAddress)
[2026-10-08 00:59:39.309] [thread-id: 129269081074880] [trace] SUCCESS (ZE_RESULT_SUCCESS) in zeDriverGetExtensionFunctionAddress(hDriver=0x2b9f69c8, name="zexDriverReleaseImportedPointer", ppFunctionAddress=0x7591c9d29e30)
[2026-10-08 00:59:39.309] [thread-id: 129269081074880] [trace] zeDriverGetExtensionFunctionAddress(hDriver, name, ppFunctionAddress)
[2026-10-08 00:59:39.309] [thread-id: 129269081074880] [trace] SUCCESS (ZE_RESULT_SUCCESS) in zeDriverGetExtensionFunctionAddress(hDriver=0x2b9f69c8, name="zeImageGetDeviceOffsetExp", ppFunctionAddress=0x7591c9d2b190)
[2026-10-08 00:59:39.309] [thread-id: 129269081074880] [trace] zeDriverGetExtensionFunctionAddress(hDriver, name, ppFunctionAddress)
[2026-10-08 00:59:39.309] [thread-id: 129269081074880] [trace] SUCCESS (ZE_RESULT_SUCCESS) in zeDriverGetExtensionFunctionAddress(hDriver=0x2b9f69c8, name="zeMemGetPitchFor2dImage", ppFunctionAddress=0x7591c9d2d550)
[2026-10-08 00:59:39.309] [thread-id: 129269081074880] [trace] zeDriverGetExtensionFunctionAddress(hDriver, name, ppFunctionAddress)
[2026-10-08 00:59:39.309] [thread-id: 129269081074880] [trace] SUCCESS (ZE_RESULT_SUCCESS) in zeDriverGetExtensionFunctionAddress(hDriver=0x2b9f69c8, name="zeGraphGetIdExt", ppFunctionAddress=0x7591c9d1bdd0)
[2026-10-08 00:59:39.309] [thread-id: 129269081074880] [trace] zeDriverGetExtensionFunctionAddress(hDriver, name, ppFunctionAddress)
[2026-10-08 00:59:39.309] [thread-id: 129269081074880] [trace] SUCCESS (ZE_RESULT_SUCCESS) in zeDriverGetExtensionFunctionAddress(hDriver=0x2b9f69c8, name="zeCommandListAppendHostFunction", ppFunctionAddress=0x7591c9cff140)
[2026-10-08 00:59:39.309] [thread-id: 129269081074880] [trace] zesDriverGet(pCount, phDrivers)
[2026-10-08 00:59:39.309] [thread-id: 129269081074880] [trace] SUCCESS (ZE_RESULT_SUCCESS) in zesDriverGet(pCount=1, phDrivers=nullptr)
[2026-10-08 00:59:39.309] [thread-id: 129269081074880] [trace] zesDriverGet(pCount, phDrivers)
[2026-10-08 00:59:39.309] [thread-id: 129269081074880] [trace] SUCCESS (ZE_RESULT_SUCCESS) in zesDriverGet(pCount=1, phDrivers=0x2ba0b5b0)
[2026-10-08 00:59:39.309] [thread-id: 129269081074880] [trace] zesDriverGetDeviceByUuidExp(hDriver, uuid, phDevice, onSubdevice, subdeviceId)
[2026-10-08 00:59:39.309] [thread-id: 129269081074880] [trace] SUCCESS (ZE_RESULT_SUCCESS) in zesDriverGetDeviceByUuidExp(hDriver=0x2ba071c8, uuid={id=134}, phDevice=0x2b837058, onSubdevice=0, subdeviceId=0)
<LEVEL_ZERO>[DEBUG]: Initialized 1 platforms
   <--- urAdapterGet(.NumEntries = 0, .phAdapters = nullptr, .pNumAdapters = 0x7ffd1a49d0b8 (1)) -> UR_RESULT_SUCCESS;
   ---> urAdapterGet
   <--- urAdapterGet(.NumEntries = 1, .phAdapters = 0x2ba0a690 {0x2b810700}, .pNumAdapters = nullptr) -> UR_RESULT_SUCCESS;
   ---> urAdapterGetInfo
   <--- urAdapterGetInfo(.hAdapter = 0x2b810700, .propName = UR_ADAPTER_INFO_BACKEND, .propSize = 4, .pPropValue = 0x7ffd1a49d0ac (UR_BACKEND_LEVEL_ZERO), .pPropSizeRet = nullptr) -> UR_RESULT_SUCCESS;
   ---> urAdapterSetLoggerCallback
   <--- urAdapterSetLoggerCallback(.hAdapter = 0x2b810700, .pfnLoggerCallback = 0x7591d0b02420, .pUserData = nullptr, .level = UR_LOGGER_LEVEL_WARN) -> UR_RESULT_SUCCESS;
   ---> urPlatformGet
   <--- urPlatformGet(.hAdapter = 0x2b810700, .NumEntries = 0, .phPlatforms = nullptr, .pNumPlatforms = 0x7ffd1a49cfec (1)) -> UR_RESULT_SUCCESS;
   ---> urPlatformGet
   <--- urPlatformGet(.hAdapter = 0x2b810700, .NumEntries = 1, .phPlatforms = 0x2ba0a690 {0x2ba0a810}, .pNumPlatforms = nullptr) -> UR_RESULT_SUCCESS;
   ---> urPlatformGetInfo
   <--- urPlatformGetInfo(.hPlatform = 0x2ba0a810, .propName = UR_PLATFORM_INFO_BACKEND, .propSize = 4, .pPropValue = 0x7ffd1a49cffc (UR_BACKEND_LEVEL_ZERO), .pPropSizeRet = nullptr) -> UR_RESULT_SUCCESS;
   ---> urDeviceGet
[2026-10-08 00:59:39.309] [thread-id: 129269081074880] [trace] zeDeviceGet(hDriver, pCount, phDevices)
[2026-10-08 00:59:39.309] [thread-id: 129269081074880] [trace] SUCCESS (ZE_RESULT_SUCCESS) in zeDeviceGet(hDriver=0x2b9f69c8, pCount=1, phDevices=nullptr)
[2026-10-08 00:59:39.309] [thread-id: 129269081074880] [trace] zeDeviceGet(hDriver, pCount, phDevices)
[2026-10-08 00:59:39.309] [thread-id: 129269081074880] [trace] SUCCESS (ZE_RESULT_SUCCESS) in zeDeviceGet(hDriver=0x2b9f69c8, pCount=1, phDevices=0x2ba0c000)
[2026-10-08 00:59:39.309] [thread-id: 129269081074880] [trace] zeDeviceGetProperties(hDevice, pDeviceProperties)
[2026-10-08 00:59:39.309] [thread-id: 129269081074880] [trace] SUCCESS (ZE_RESULT_SUCCESS) in zeDeviceGetProperties(hDevice=0x2b9f6f28, pDeviceProperties={stype=0x2ba0c0e8, type=0x2ba0c0f8, vendorId=32902, deviceId=57868, flags=8, subdeviceId=0, coreClockRate=2750, maxMemAllocSize=10132807680, maxHardwareContexts=65536, maxCommandQueuePriority=0, numThreadsPerEU=8, physicalEUSimdWidth=16, numEUsPerSubslice=8, numSubslicesPerSlice=4, numSlices=5, timerResolution=19200000, timestampValidBits=64, kernelTimestampValidBits=64, uuid={id=134}, name="Intel(R) Arc(TM) B570 Graphics"})
[2026-10-08 00:59:39.309] [thread-id: 129269081074880] [trace] zeDeviceGetProperties(hDevice, pDeviceProperties)
[2026-10-08 00:59:39.309] [thread-id: 129269081074880] [trace] SUCCESS (ZE_RESULT_SUCCESS) in zeDeviceGetProperties(hDevice=0x2b9f6f28, pDeviceProperties={stype=0x7ffd1a49c5f8, type=0x7ffd1a49c608, vendorId=32902, deviceId=57868, flags=8, subdeviceId=0, coreClockRate=2750, maxMemAllocSize=10132807680, maxHardwareContexts=65536, maxCommandQueuePriority=0, numThreadsPerEU=8, physicalEUSimdWidth=16, numEUsPerSubslice=8, numSubslicesPerSlice=4, numSlices=5, timerResolution=52, timestampValidBits=64, kernelTimestampValidBits=64, uuid={id=134}, name="Intel(R) Arc(TM) B570 Graphics"})
[2026-10-08 00:59:39.309] [thread-id: 129269081074880] [trace] zeDeviceGetCommandQueueGroupProperties(hDevice, pCount, pCommandQueueGroupProperties)
[2026-10-08 00:59:39.309] [thread-id: 129269081074880] [trace] SUCCESS (ZE_RESULT_SUCCESS) in zeDeviceGetCommandQueueGroupProperties(hDevice=0x2b9f6f28, pCount=2, pCommandQueueGroupProperties=nullptr)
<LEVEL_ZERO>[INFO]: Number of queue groups = 2
[2026-10-08 00:59:39.309] [thread-id: 129269081074880] [trace] zeDeviceGetCommandQueueGroupProperties(hDevice, pCount, pCommandQueueGroupProperties)
[2026-10-08 00:59:39.309] [thread-id: 129269081074880] [trace] SUCCESS (ZE_RESULT_SUCCESS) in zeDeviceGetCommandQueueGroupProperties(hDevice=0x2b9f6f28, pCount=2, pCommandQueueGroupProperties={stype=0x2b810610, flags=7, maxMemoryFillPatternSize=18446744073709551615, numQueues=1})
<LEVEL_ZERO>[INFO]: main blitter/copy engine is available
<LEVEL_ZERO>[INFO]: link blitter/copy engines are not available
[2026-10-08 00:59:39.309] [thread-id: 129269081074880] [trace] zeDeviceGetSubDevices(hDevice, pCount, phSubdevices)
[2026-10-08 00:59:39.309] [thread-id: 129269081074880] [trace] SUCCESS (ZE_RESULT_SUCCESS) in zeDeviceGetSubDevices(hDevice=0x2b9f6f28, pCount=0, phSubdevices=nullptr)
[2026-10-08 00:59:39.309] [thread-id: 129269081074880] [trace] zeDeviceGetSubDevices(hDevice, pCount, phSubdevices)
[2026-10-08 00:59:39.309] [thread-id: 129269081074880] [trace] SUCCESS (ZE_RESULT_SUCCESS) in zeDeviceGetSubDevices(hDevice=0x2b9f6f28, pCount=0, phSubdevices=0x2ba0c020)
[2026-10-08 00:59:39.309] [thread-id: 129269081074880] [trace] zeDeviceGetRootDevice(hDevice, phRootDevice)
[2026-10-08 00:59:39.309] [thread-id: 129269081074880] [trace] SUCCESS (ZE_RESULT_SUCCESS) in zeDeviceGetRootDevice(hDevice=0x2b9f6f28, phRootDevice=0x7ffd1a49ca50)
[2026-10-08 00:59:39.309] [thread-id: 129269081074880] [trace] zeDeviceSynchronize(hDevice)
[2026-10-08 00:59:39.309] [thread-id: 129269081074880] [trace] SUCCESS (ZE_RESULT_SUCCESS) in zeDeviceSynchronize(hDevice=0x2b9f6f28)
[2026-10-08 00:59:39.309] [thread-id: 129269081074880] [trace] zeDeviceGetRootDevice(hDevice, phRootDevice)
[2026-10-08 00:59:39.309] [thread-id: 129269081074880] [trace] SUCCESS (ZE_RESULT_SUCCESS) in zeDeviceGetRootDevice(hDevice=0x2b9f6f28, phRootDevice=0x7ffd1a49cb40)
   <--- urDeviceGet(.hPlatform = 0x2ba0a810, .DeviceType = UR_DEVICE_TYPE_ALL, .NumEntries = 0, .phDevices = nullptr, .pNumDevices = 0x7ffd1a49cf6c (1)) -> UR_RESULT_SUCCESS;
   ---> urDeviceGet
[2026-10-08 00:59:39.309] [thread-id: 129269081074880] [trace] zeDeviceGetRootDevice(hDevice, phRootDevice)
[2026-10-08 00:59:39.309] [thread-id: 129269081074880] [trace] SUCCESS (ZE_RESULT_SUCCESS) in zeDeviceGetRootDevice(hDevice=0x2b9f6f28, phRootDevice=0x7ffd1a49cb40)
   <--- urDeviceGet(.hPlatform = 0x2ba0a810, .DeviceType = UR_DEVICE_TYPE_ALL, .NumEntries = 1, .phDevices = 0x2ba0c000 {0x2ba0c040}, .pNumDevices = nullptr) -> UR_RESULT_SUCCESS;
   ---> urPlatformGetInfo
   <--- urPlatformGetInfo(.hPlatform = 0x2ba0a810, .propName = UR_PLATFORM_INFO_VERSION, .propSize = 0, .pPropValue = nullptr, .pPropSizeRet = 0x7ffd1a49cb40 (5)) -> UR_RESULT_SUCCESS;
   ---> urPlatformGetInfo
   <--- urPlatformGetInfo(.hPlatform = 0x2ba0a810, .propName = UR_PLATFORM_INFO_VERSION, .propSize = 5, .pPropValue = 0x7ffd1a49cca8 (1.17), .pPropSizeRet = nullptr) -> UR_RESULT_SUCCESS;
   ---> urPlatformGetInfo
   <--- urPlatformGetInfo(.hPlatform = 0x2ba0a810, .propName = UR_PLATFORM_INFO_NAME, .propSize = 0, .pPropValue = nullptr, .pPropSizeRet = 0x7ffd1a49cb40 (51)) -> UR_RESULT_SUCCESS;
   ---> urPlatformGetInfo
   <--- urPlatformGetInfo(.hPlatform = 0x2ba0a810, .propName = UR_PLATFORM_INFO_NAME, .propSize = 51, .pPropValue = 0x2ba0c710 (Intel(R) oneAPI Unified Runtime over Level-Zero V2), .pPropSizeRet = nullptr) -> UR_RESULT_SUCCESS;
   ---> urDeviceGetInfo
   <--- urDeviceGetInfo(.hDevice = 0x2ba0c040, .propName = UR_DEVICE_INFO_PARENT_DEVICE, .propSize = 8, .pPropValue = 0x7ffd1a49cb00 (nullptr), .pPropSizeRet = nullptr) -> UR_RESULT_SUCCESS;
   ---> urDeviceGetInfo
   <--- urDeviceGetInfo(.hDevice = 0x2ba0c040, .propName = UR_DEVICE_INFO_TYPE, .propSize = 4, .pPropValue = 0x7ffd1a49caa0 (UR_DEVICE_TYPE_GPU), .pPropSizeRet = nullptr) -> UR_RESULT_SUCCESS;
   ---> urDeviceGetInfo
   <--- urDeviceGetInfo(.hDevice = 0x2ba0c040, .propName = UR_DEVICE_INFO_USE_NATIVE_ASSERT, .propSize = 1, .pPropValue = 0x7ffd1a49caa0 (true), .pPropSizeRet = nullptr) -> UR_RESULT_SUCCESS;
   ---> urDeviceGetInfo
[2026-10-08 00:59:39.309] [thread-id: 129269081074880] [trace] zeDeviceGetModuleProperties(hDevice, pModuleProperties)
[2026-10-08 00:59:39.309] [thread-id: 129269081074880] [trace] SUCCESS (ZE_RESULT_SUCCESS) in zeDeviceGetModuleProperties(hDevice=0x2b9f6f28, pModuleProperties={stype=0x2ba0c360, spirvVersionSupported=65541, flags=15, fp16flags=63, fp32flags=127, fp64flags=127, maxArgumentsSize=2048, printfBufferSize=4194304, nativeKernelSupported={id=0}})
[2026-10-08 00:59:39.309] [thread-id: 129269081074880] [trace] zeDeviceGetImageProperties(hDevice, pImageProperties)
[2026-10-08 00:59:39.309] [thread-id: 129269081074880] [trace] SUCCESS (ZE_RESULT_SUCCESS) in zeDeviceGetImageProperties(hDevice=0x2b9f6f28, pImageProperties={stype=0x2ba0c300, maxImageDims1D=16384, maxImageDims2D=16384, maxImageDims3D=2048, maxImageBufferSize=633300480, maxImageArraySlices=2048, maxSamplers=16, maxReadImageArgs=128, maxWriteImageArgs=128})
   <--- urDeviceGetInfo(.hDevice = 0x2ba0c040, .propName = UR_DEVICE_INFO_EXTENSIONS, .propSize = 0, .pPropValue = nullptr, .pPropSizeRet = 0x7ffd1a49ca28 (245)) -> UR_RESULT_SUCCESS;
   ---> urDeviceGetInfo
   <--- urDeviceGetInfo(.hDevice = 0x2ba0c040, .propName = UR_DEVICE_INFO_EXTENSIONS, .propSize = 245, .pPropValue = 0x2b8c6740 (cl_khr_il_program cl_khr_subgroups cl_intel_subgroups cl_intel_subgroups_short cl_intel_required_subgroup_size cl_khr_fp16 cl_khr_fp64 cl_khr_int64_base_atomics cl_khr_int64_extended_atomics cl_khr_3d_image_writes cl_intel_bfloat16_conversions ), .pPropSizeRet = nullptr) -> UR_RESULT_SUCCESS;
   ---> urDeviceRetain
   <--- urDeviceRetain(.hDevice = 0x2ba0c040) -> UR_RESULT_SUCCESS;
   ---> urDeviceGetInfo
   <--- urDeviceGetInfo(.hDevice = 0x2ba0c040, .propName = UR_DEVICE_INFO_TYPE, .propSize = 4, .pPropValue = 0x7ffd1a49cc1c (UR_DEVICE_TYPE_GPU), .pPropSizeRet = nullptr) -> UR_RESULT_SUCCESS;
   ---> urDeviceGetInfo
   <--- urDeviceGetInfo(.hDevice = 0x2ba0c040, .propName = UR_DEVICE_INFO_VENDOR_ID, .propSize = 4, .pPropValue = 0x7ffd1a49cc98 (32902), .pPropSizeRet = nullptr) -> UR_RESULT_SUCCESS;
   ---> urDeviceGetInfo
   <--- urDeviceGetInfo(.hDevice = 0x2ba0c040, .propName = UR_DEVICE_INFO_DRIVER_VERSION, .propSize = 0, .pPropValue = nullptr, .pPropSizeRet = 0x7ffd1a49cb40 (14)) -> UR_RESULT_SUCCESS;
   ---> urDeviceGetInfo
   <--- urDeviceGetInfo(.hDevice = 0x2ba0c040, .propName = UR_DEVICE_INFO_DRIVER_VERSION, .propSize = 14, .pPropValue = 0x7ffd1a49cc68 (1.17.39395+14), .pPropSizeRet = nullptr) -> UR_RESULT_SUCCESS;
   ---> urDeviceGetInfo
   <--- urDeviceGetInfo(.hDevice = 0x2ba0c040, .propName = UR_DEVICE_INFO_NAME, .propSize = 0, .pPropValue = nullptr, .pPropSizeRet = 0x7ffd1a49ca80 (31)) -> UR_RESULT_SUCCESS;
   ---> urDeviceGetInfo
   <--- urDeviceGetInfo(.hDevice = 0x2ba0c040, .propName = UR_DEVICE_INFO_NAME, .propSize = 31, .pPropValue = 0x2ba0bfd0 (Intel(R) Arc(TM) B570 Graphics), .pPropSizeRet = nullptr) -> UR_RESULT_SUCCESS;
   ---> urPlatformGetInfo
   <--- urPlatformGetInfo(.hPlatform = 0x2ba0a810, .propName = UR_PLATFORM_INFO_BACKEND, .propSize = 4, .pPropValue = 0x7ffd1a49ce5c (UR_BACKEND_LEVEL_ZERO), .pPropSizeRet = nullptr) -> UR_RESULT_SUCCESS;
   ---> urDeviceGetInfo
   <--- urDeviceGetInfo(.hDevice = 0x2ba0c040, .propName = UR_DEVICE_INFO_TYPE, .propSize = 4, .pPropValue = 0x7ffd1a49ce54 (UR_DEVICE_TYPE_GPU), .pPropSizeRet = nullptr) -> UR_RESULT_SUCCESS;
   ---> urDeviceRelease
   <--- urDeviceRelease(.hDevice = 0x2ba0c040) -> UR_RESULT_SUCCESS;
   ---> urDeviceGetInfo
   <--- urDeviceGetInfo(.hDevice = 0x2ba0c040, .propName = UR_DEVICE_INFO_SUPPORTED_PARTITIONS, .propSize = 0, .pPropValue = nullptr, .pPropSizeRet = 0x7ffd1a49ce48 (0)) -> UR_RESULT_SUCCESS;
   ---> urDeviceGet
[2026-10-08 00:59:39.310] [thread-id: 129269081074880] [trace] zeDeviceGetRootDevice(hDevice, phRootDevice)
[2026-10-08 00:59:39.310] [thread-id: 129269081074880] [trace] SUCCESS (ZE_RESULT_SUCCESS) in zeDeviceGetRootDevice(hDevice=0x2b9f6f28, phRootDevice=0x7ffd1a49cc50)
   <--- urDeviceGet(.hPlatform = 0x2ba0a810, .DeviceType = UR_DEVICE_TYPE_ALL, .NumEntries = 0, .phDevices = nullptr, .pNumDevices = 0x7ffd1a49d07c (1)) -> UR_RESULT_SUCCESS;
   ---> urDeviceGet
[2026-10-08 00:59:39.310] [thread-id: 129269081074880] [trace] zeDeviceGetRootDevice(hDevice, phRootDevice)
[2026-10-08 00:59:39.310] [thread-id: 129269081074880] [trace] SUCCESS (ZE_RESULT_SUCCESS) in zeDeviceGetRootDevice(hDevice=0x2b9f6f28, phRootDevice=0x7ffd1a49cc50)
   <--- urDeviceGet(.hPlatform = 0x2ba0a810, .DeviceType = UR_DEVICE_TYPE_ALL, .NumEntries = 1, .phDevices = 0x2ba0a6b0 {0x2ba0c040}, .pNumDevices = nullptr) -> UR_RESULT_SUCCESS;
   ---> urPlatformGetInfo
   <--- urPlatformGetInfo(.hPlatform = 0x2ba0a810, .propName = UR_PLATFORM_INFO_VERSION, .propSize = 0, .pPropValue = nullptr, .pPropSizeRet = 0x7ffd1a49cc50 (5)) -> UR_RESULT_SUCCESS;
   ---> urPlatformGetInfo
   <--- urPlatformGetInfo(.hPlatform = 0x2ba0a810, .propName = UR_PLATFORM_INFO_VERSION, .propSize = 5, .pPropValue = 0x7ffd1a49cdb8 (1.17), .pPropSizeRet = nullptr) -> UR_RESULT_SUCCESS;
   ---> urPlatformGetInfo
   <--- urPlatformGetInfo(.hPlatform = 0x2ba0a810, .propName = UR_PLATFORM_INFO_NAME, .propSize = 0, .pPropValue = nullptr, .pPropSizeRet = 0x7ffd1a49cc50 (51)) -> UR_RESULT_SUCCESS;
   ---> urPlatformGetInfo
   <--- urPlatformGetInfo(.hPlatform = 0x2ba0a810, .propName = UR_PLATFORM_INFO_NAME, .propSize = 51, .pPropValue = 0x2ba0cc30 (Intel(R) oneAPI Unified Runtime over Level-Zero V2), .pPropSizeRet = nullptr) -> UR_RESULT_SUCCESS;
   ---> urDeviceGetInfo
   <--- urDeviceGetInfo(.hDevice = 0x2ba0c040, .propName = UR_DEVICE_INFO_TYPE, .propSize = 4, .pPropValue = 0x7ffd1a49cd2c (UR_DEVICE_TYPE_GPU), .pPropSizeRet = nullptr) -> UR_RESULT_SUCCESS;
   ---> urDeviceGetInfo
   <--- urDeviceGetInfo(.hDevice = 0x2ba0c040, .propName = UR_DEVICE_INFO_VENDOR_ID, .propSize = 4, .pPropValue = 0x7ffd1a49cda8 (32902), .pPropSizeRet = nullptr) -> UR_RESULT_SUCCESS;
   ---> urDeviceGetInfo
   <--- urDeviceGetInfo(.hDevice = 0x2ba0c040, .propName = UR_DEVICE_INFO_DRIVER_VERSION, .propSize = 0, .pPropValue = nullptr, .pPropSizeRet = 0x7ffd1a49cc50 (14)) -> UR_RESULT_SUCCESS;
   ---> urDeviceGetInfo
   <--- urDeviceGetInfo(.hDevice = 0x2ba0c040, .propName = UR_DEVICE_INFO_DRIVER_VERSION, .propSize = 14, .pPropValue = 0x7ffd1a49cd78 (1.17.39395+14), .pPropSizeRet = nullptr) -> UR_RESULT_SUCCESS;
   ---> urPlatformGetInfo
   <--- urPlatformGetInfo(.hPlatform = 0x2ba0a810, .propName = UR_PLATFORM_INFO_BACKEND, .propSize = 4, .pPropValue = 0x7ffd1a49cf6c (UR_BACKEND_LEVEL_ZERO), .pPropSizeRet = nullptr) -> UR_RESULT_SUCCESS;
   ---> urDeviceGetInfo
   <--- urDeviceGetInfo(.hDevice = 0x2ba0c040, .propName = UR_DEVICE_INFO_TYPE, .propSize = 4, .pPropValue = 0x7ffd1a49cf64 (UR_DEVICE_TYPE_GPU), .pPropSizeRet = nullptr) -> UR_RESULT_SUCCESS;
   ---> urDeviceRelease
   <--- urDeviceRelease(.hDevice = 0x2ba0c040) -> UR_RESULT_SUCCESS;
   ---> urDeviceGetInfo
   <--- urDeviceGetInfo(.hDevice = 0x2ba0c040, .propName = UR_DEVICE_INFO_SUPPORTED_PARTITIONS, .propSize = 0, .pPropValue = nullptr, .pPropSizeRet = 0x7ffd1a49cf58 (0)) -> UR_RESULT_SUCCESS;
   ---> urDeviceSelectBinary
   <--- urDeviceSelectBinary(.hDevice = 0x2ba0c040, .pBinaries = 0x7ffd1a49cfa0 ((struct ur_device_binary_t){.stype = UR_STRUCTURE_TYPE_CONTEXT_PROPERTIES, .pNext = nullptr, .pDeviceTargetSpec = 0x7591d08833c0 (spir64)}), .NumBinaries = 1, .pSelectedBinary = 0x7ffd1a49cfc4 (0)) -> UR_RESULT_SUCCESS;
   ---> urDeviceGet
[2026-10-08 00:59:39.310] [thread-id: 129269081074880] [trace] zeDeviceGetRootDevice(hDevice, phRootDevice)
[2026-10-08 00:59:39.310] [thread-id: 129269081074880] [trace] SUCCESS (ZE_RESULT_SUCCESS) in zeDeviceGetRootDevice(hDevice=0x2b9f6f28, phRootDevice=0x7ffd1a49cbe0)
   <--- urDeviceGet(.hPlatform = 0x2ba0a810, .DeviceType = UR_DEVICE_TYPE_ALL, .NumEntries = 0, .phDevices = nullptr, .pNumDevices = 0x7ffd1a49d00c (1)) -> UR_RESULT_SUCCESS;
   ---> urDeviceGet
[2026-10-08 00:59:39.310] [thread-id: 129269081074880] [trace] zeDeviceGetRootDevice(hDevice, phRootDevice)
[2026-10-08 00:59:39.310] [thread-id: 129269081074880] [trace] SUCCESS (ZE_RESULT_SUCCESS) in zeDeviceGetRootDevice(hDevice=0x2b9f6f28, phRootDevice=0x7ffd1a49cbe0)
   <--- urDeviceGet(.hPlatform = 0x2ba0a810, .DeviceType = UR_DEVICE_TYPE_ALL, .NumEntries = 1, .phDevices = 0x2ba0cd00 {0x2ba0c040}, .pNumDevices = nullptr) -> UR_RESULT_SUCCESS;
   ---> urPlatformGetInfo
   <--- urPlatformGetInfo(.hPlatform = 0x2ba0a810, .propName = UR_PLATFORM_INFO_VERSION, .propSize = 0, .pPropValue = nullptr, .pPropSizeRet = 0x7ffd1a49cbe0 (5)) -> UR_RESULT_SUCCESS;
   ---> urPlatformGetInfo
   <--- urPlatformGetInfo(.hPlatform = 0x2ba0a810, .propName = UR_PLATFORM_INFO_VERSION, .propSize = 5, .pPropValue = 0x7ffd1a49cd48 (1.17), .pPropSizeRet = nullptr) -> UR_RESULT_SUCCESS;
   ---> urPlatformGetInfo
   <--- urPlatformGetInfo(.hPlatform = 0x2ba0a810, .propName = UR_PLATFORM_INFO_NAME, .propSize = 0, .pPropValue = nullptr, .pPropSizeRet = 0x7ffd1a49cbe0 (51)) -> UR_RESULT_SUCCESS;
   ---> urPlatformGetInfo
   <--- urPlatformGetInfo(.hPlatform = 0x2ba0a810, .propName = UR_PLATFORM_INFO_NAME, .propSize = 51, .pPropValue = 0x2ba0c710 (Intel(R) oneAPI Unified Runtime over Level-Zero V2), .pPropSizeRet = nullptr) -> UR_RESULT_SUCCESS;
   ---> urDeviceGetInfo
   <--- urDeviceGetInfo(.hDevice = 0x2ba0c040, .propName = UR_DEVICE_INFO_TYPE, .propSize = 4, .pPropValue = 0x7ffd1a49ccbc (UR_DEVICE_TYPE_GPU), .pPropSizeRet = nullptr) -> UR_RESULT_SUCCESS;
   ---> urDeviceGetInfo
   <--- urDeviceGetInfo(.hDevice = 0x2ba0c040, .propName = UR_DEVICE_INFO_VENDOR_ID, .propSize = 4, .pPropValue = 0x7ffd1a49cd38 (32902), .pPropSizeRet = nullptr) -> UR_RESULT_SUCCESS;
   ---> urDeviceGetInfo
   <--- urDeviceGetInfo(.hDevice = 0x2ba0c040, .propName = UR_DEVICE_INFO_DRIVER_VERSION, .propSize = 0, .pPropValue = nullptr, .pPropSizeRet = 0x7ffd1a49cbe0 (14)) -> UR_RESULT_SUCCESS;
   ---> urDeviceGetInfo
   <--- urDeviceGetInfo(.hDevice = 0x2ba0c040, .propName = UR_DEVICE_INFO_DRIVER_VERSION, .propSize = 14, .pPropValue = 0x7ffd1a49cd08 (1.17.39395+14), .pPropSizeRet = nullptr) -> UR_RESULT_SUCCESS;
   ---> urPlatformGetInfo
   <--- urPlatformGetInfo(.hPlatform = 0x2ba0a810, .propName = UR_PLATFORM_INFO_BACKEND, .propSize = 4, .pPropValue = 0x7ffd1a49cefc (UR_BACKEND_LEVEL_ZERO), .pPropSizeRet = nullptr) -> UR_RESULT_SUCCESS;
   ---> urDeviceGetInfo
   <--- urDeviceGetInfo(.hDevice = 0x2ba0c040, .propName = UR_DEVICE_INFO_TYPE, .propSize = 4, .pPropValue = 0x7ffd1a49cef4 (UR_DEVICE_TYPE_GPU), .pPropSizeRet = nullptr) -> UR_RESULT_SUCCESS;
   ---> urDeviceRelease
   <--- urDeviceRelease(.hDevice = 0x2ba0c040) -> UR_RESULT_SUCCESS;
   ---> urDeviceGetInfo
   <--- urDeviceGetInfo(.hDevice = 0x2ba0c040, .propName = UR_DEVICE_INFO_SUPPORTED_PARTITIONS, .propSize = 0, .pPropValue = nullptr, .pPropSizeRet = 0x7ffd1a49cee8 (0)) -> UR_RESULT_SUCCESS;
   ---> urDeviceGet
[2026-10-08 00:59:39.310] [thread-id: 129269081074880] [trace] zeDeviceGetRootDevice(hDevice, phRootDevice)
[2026-10-08 00:59:39.310] [thread-id: 129269081074880] [trace] SUCCESS (ZE_RESULT_SUCCESS) in zeDeviceGetRootDevice(hDevice=0x2b9f6f28, phRootDevice=0x7ffd1a49ccf0)
   <--- urDeviceGet(.hPlatform = 0x2ba0a810, .DeviceType = UR_DEVICE_TYPE_GPU, .NumEntries = 0, .phDevices = nullptr, .pNumDevices = 0x7ffd1a49d11c (1)) -> UR_RESULT_SUCCESS;
   ---> urDeviceGet
[2026-10-08 00:59:39.310] [thread-id: 129269081074880] [trace] zeDeviceGetRootDevice(hDevice, phRootDevice)
[2026-10-08 00:59:39.310] [thread-id: 129269081074880] [trace] SUCCESS (ZE_RESULT_SUCCESS) in zeDeviceGetRootDevice(hDevice=0x2b9f6f28, phRootDevice=0x7ffd1a49ccf0)
   <--- urDeviceGet(.hPlatform = 0x2ba0a810, .DeviceType = UR_DEVICE_TYPE_GPU, .NumEntries = 1, .phDevices = 0x2ba0cd20 {0x2ba0c040}, .pNumDevices = nullptr) -> UR_RESULT_SUCCESS;
   ---> urPlatformGetInfo
   <--- urPlatformGetInfo(.hPlatform = 0x2ba0a810, .propName = UR_PLATFORM_INFO_VERSION, .propSize = 0, .pPropValue = nullptr, .pPropSizeRet = 0x7ffd1a49ccf0 (5)) -> UR_RESULT_SUCCESS;
   ---> urPlatformGetInfo
   <--- urPlatformGetInfo(.hPlatform = 0x2ba0a810, .propName = UR_PLATFORM_INFO_VERSION, .propSize = 5, .pPropValue = 0x7ffd1a49ce58 (1.17), .pPropSizeRet = nullptr) -> UR_RESULT_SUCCESS;
   ---> urPlatformGetInfo
   <--- urPlatformGetInfo(.hPlatform = 0x2ba0a810, .propName = UR_PLATFORM_INFO_NAME, .propSize = 0, .pPropValue = nullptr, .pPropSizeRet = 0x7ffd1a49ccf0 (51)) -> UR_RESULT_SUCCESS;
   ---> urPlatformGetInfo
   <--- urPlatformGetInfo(.hPlatform = 0x2ba0a810, .propName = UR_PLATFORM_INFO_NAME, .propSize = 51, .pPropValue = 0x2ba0cc30 (Intel(R) oneAPI Unified Runtime over Level-Zero V2), .pPropSizeRet = nullptr) -> UR_RESULT_SUCCESS;
   ---> urDeviceGetInfo
   <--- urDeviceGetInfo(.hDevice = 0x2ba0c040, .propName = UR_DEVICE_INFO_TYPE, .propSize = 4, .pPropValue = 0x7ffd1a49cdcc (UR_DEVICE_TYPE_GPU), .pPropSizeRet = nullptr) -> UR_RESULT_SUCCESS;
   ---> urDeviceGetInfo
   <--- urDeviceGetInfo(.hDevice = 0x2ba0c040, .propName = UR_DEVICE_INFO_VENDOR_ID, .propSize = 4, .pPropValue = 0x7ffd1a49ce48 (32902), .pPropSizeRet = nullptr) -> UR_RESULT_SUCCESS;
   ---> urDeviceGetInfo
   <--- urDeviceGetInfo(.hDevice = 0x2ba0c040, .propName = UR_DEVICE_INFO_DRIVER_VERSION, .propSize = 0, .pPropValue = nullptr, .pPropSizeRet = 0x7ffd1a49ccf0 (14)) -> UR_RESULT_SUCCESS;
   ---> urDeviceGetInfo
   <--- urDeviceGetInfo(.hDevice = 0x2ba0c040, .propName = UR_DEVICE_INFO_DRIVER_VERSION, .propSize = 14, .pPropValue = 0x7ffd1a49ce18 (1.17.39395+14), .pPropSizeRet = nullptr) -> UR_RESULT_SUCCESS;
   ---> urPlatformGetInfo
   <--- urPlatformGetInfo(.hPlatform = 0x2ba0a810, .propName = UR_PLATFORM_INFO_BACKEND, .propSize = 4, .pPropValue = 0x7ffd1a49d00c (UR_BACKEND_LEVEL_ZERO), .pPropSizeRet = nullptr) -> UR_RESULT_SUCCESS;
   ---> urDeviceGetInfo
   <--- urDeviceGetInfo(.hDevice = 0x2ba0c040, .propName = UR_DEVICE_INFO_TYPE, .propSize = 4, .pPropValue = 0x7ffd1a49d004 (UR_DEVICE_TYPE_GPU), .pPropSizeRet = nullptr) -> UR_RESULT_SUCCESS;
   ---> urDeviceRelease
   <--- urDeviceRelease(.hDevice = 0x2ba0c040) -> UR_RESULT_SUCCESS;
   ---> urDeviceGetInfo
   <--- urDeviceGetInfo(.hDevice = 0x2ba0c040, .propName = UR_DEVICE_INFO_SUPPORTED_PARTITIONS, .propSize = 0, .pPropValue = nullptr, .pPropSizeRet = 0x7ffd1a49cff8 (0)) -> UR_RESULT_SUCCESS;
   ---> urDeviceGetInfo
[2026-10-08 00:59:39.311] [thread-id: 129269081074880] [trace] zeDevicePciGetPropertiesExt(hDevice, pPciProperties)
[2026-10-08 00:59:39.311] [thread-id: 129269081074880] [trace] SUCCESS (ZE_RESULT_SUCCESS) in zeDevicePciGetPropertiesExt(hDevice=0x2b9f6f28, pPciProperties={stype=0x7ffd1a49ccc0, address={domain=0, bus=5, device=0, function=0}, maxSpeed={genVersion=4, width=8, maxBandwidth=15753846153}})
   <--- urDeviceGetInfo(.hDevice = 0x2ba0c040, .propName = UR_DEVICE_INFO_PCI_ADDRESS, .propSize = 0, .pPropValue = nullptr, .pPropSizeRet = 0x7ffd1a49d138 (13)) -> UR_RESULT_SUCCESS;
   ---> urDeviceGetInfo
[2026-10-08 00:59:39.311] [thread-id: 129269081074880] [trace] zeDevicePciGetPropertiesExt(hDevice, pPciProperties)
[2026-10-08 00:59:39.311] [thread-id: 129269081074880] [trace] SUCCESS (ZE_RESULT_SUCCESS) in zeDevicePciGetPropertiesExt(hDevice=0x2b9f6f28, pPciProperties={stype=0x7ffd1a49cdd0, address={domain=0, bus=5, device=0, function=0}, maxSpeed={genVersion=4, width=8, maxBandwidth=15753846153}})
   <--- urDeviceGetInfo(.hDevice = 0x2ba0c040, .propName = UR_DEVICE_INFO_PCI_ADDRESS, .propSize = 0, .pPropValue = nullptr, .pPropSizeRet = 0x7ffd1a49d240 (13)) -> UR_RESULT_SUCCESS;
   ---> urDeviceGetInfo
[2026-10-08 00:59:39.311] [thread-id: 129269081074880] [trace] zeDevicePciGetPropertiesExt(hDevice, pPciProperties)
[2026-10-08 00:59:39.311] [thread-id: 129269081074880] [trace] SUCCESS (ZE_RESULT_SUCCESS) in zeDevicePciGetPropertiesExt(hDevice=0x2b9f6f28, pPciProperties={stype=0x7ffd1a49cdd0, address={domain=0, bus=5, device=0, function=0}, maxSpeed={genVersion=4, width=8, maxBandwidth=15753846153}})
   <--- urDeviceGetInfo(.hDevice = 0x2ba0c040, .propName = UR_DEVICE_INFO_PCI_ADDRESS, .propSize = 13, .pPropValue = 0x7ffd1a49d290 (0000:05:00.0), .pPropSizeRet = nullptr) -> UR_RESULT_SUCCESS;
   ---> urDeviceGet
[2026-10-08 00:59:39.311] [thread-id: 129269081074880] [trace] zeDeviceGetRootDevice(hDevice, phRootDevice)
[2026-10-08 00:59:39.311] [thread-id: 129269081074880] [trace] SUCCESS (ZE_RESULT_SUCCESS) in zeDeviceGetRootDevice(hDevice=0x2b9f6f28, phRootDevice=0x7ffd1a49cbf0)
   <--- urDeviceGet(.hPlatform = 0x2ba0a810, .DeviceType = UR_DEVICE_TYPE_ALL, .NumEntries = 0, .phDevices = nullptr, .pNumDevices = 0x7ffd1a49d01c (1)) -> UR_RESULT_SUCCESS;
   ---> urDeviceGet
[2026-10-08 00:59:39.311] [thread-id: 129269081074880] [trace] zeDeviceGetRootDevice(hDevice, phRootDevice)
[2026-10-08 00:59:39.311] [thread-id: 129269081074880] [trace] SUCCESS (ZE_RESULT_SUCCESS) in zeDeviceGetRootDevice(hDevice=0x2b9f6f28, phRootDevice=0x7ffd1a49cbf0)
   <--- urDeviceGet(.hPlatform = 0x2ba0a810, .DeviceType = UR_DEVICE_TYPE_ALL, .NumEntries = 1, .phDevices = 0x2ba0cd40 {0x2ba0c040}, .pNumDevices = nullptr) -> UR_RESULT_SUCCESS;
   ---> urPlatformGetInfo
   <--- urPlatformGetInfo(.hPlatform = 0x2ba0a810, .propName = UR_PLATFORM_INFO_VERSION, .propSize = 0, .pPropValue = nullptr, .pPropSizeRet = 0x7ffd1a49cbf0 (5)) -> UR_RESULT_SUCCESS;
   ---> urPlatformGetInfo
   <--- urPlatformGetInfo(.hPlatform = 0x2ba0a810, .propName = UR_PLATFORM_INFO_VERSION, .propSize = 5, .pPropValue = 0x7ffd1a49cd58 (1.17), .pPropSizeRet = nullptr) -> UR_RESULT_SUCCESS;
   ---> urPlatformGetInfo
   <--- urPlatformGetInfo(.hPlatform = 0x2ba0a810, .propName = UR_PLATFORM_INFO_NAME, .propSize = 0, .pPropValue = nullptr, .pPropSizeRet = 0x7ffd1a49cbf0 (51)) -> UR_RESULT_SUCCESS;
   ---> urPlatformGetInfo
   <--- urPlatformGetInfo(.hPlatform = 0x2ba0a810, .propName = UR_PLATFORM_INFO_NAME, .propSize = 51, .pPropValue = 0x2ba0cc30 (Intel(R) oneAPI Unified Runtime over Level-Zero V2), .pPropSizeRet = nullptr) -> UR_RESULT_SUCCESS;
   ---> urDeviceGetInfo
   <--- urDeviceGetInfo(.hDevice = 0x2ba0c040, .propName = UR_DEVICE_INFO_TYPE, .propSize = 4, .pPropValue = 0x7ffd1a49cccc (UR_DEVICE_TYPE_GPU), .pPropSizeRet = nullptr) -> UR_RESULT_SUCCESS;
   ---> urDeviceGetInfo
   <--- urDeviceGetInfo(.hDevice = 0x2ba0c040, .propName = UR_DEVICE_INFO_VENDOR_ID, .propSize = 4, .pPropValue = 0x7ffd1a49cd48 (32902), .pPropSizeRet = nullptr) -> UR_RESULT_SUCCESS;
   ---> urDeviceGetInfo
   <--- urDeviceGetInfo(.hDevice = 0x2ba0c040, .propName = UR_DEVICE_INFO_DRIVER_VERSION, .propSize = 0, .pPropValue = nullptr, .pPropSizeRet = 0x7ffd1a49cbf0 (14)) -> UR_RESULT_SUCCESS;
   ---> urDeviceGetInfo
   <--- urDeviceGetInfo(.hDevice = 0x2ba0c040, .propName = UR_DEVICE_INFO_DRIVER_VERSION, .propSize = 14, .pPropValue = 0x7ffd1a49cd18 (1.17.39395+14), .pPropSizeRet = nullptr) -> UR_RESULT_SUCCESS;
   ---> urPlatformGetInfo
   <--- urPlatformGetInfo(.hPlatform = 0x2ba0a810, .propName = UR_PLATFORM_INFO_BACKEND, .propSize = 4, .pPropValue = 0x7ffd1a49cf0c (UR_BACKEND_LEVEL_ZERO), .pPropSizeRet = nullptr) -> UR_RESULT_SUCCESS;
   ---> urDeviceGetInfo
   <--- urDeviceGetInfo(.hDevice = 0x2ba0c040, .propName = UR_DEVICE_INFO_TYPE, .propSize = 4, .pPropValue = 0x7ffd1a49cf04 (UR_DEVICE_TYPE_GPU), .pPropSizeRet = nullptr) -> UR_RESULT_SUCCESS;
   ---> urDeviceRelease
   <--- urDeviceRelease(.hDevice = 0x2ba0c040) -> UR_RESULT_SUCCESS;
   ---> urDeviceGetInfo
   <--- urDeviceGetInfo(.hDevice = 0x2ba0c040, .propName = UR_DEVICE_INFO_SUPPORTED_PARTITIONS, .propSize = 0, .pPropValue = nullptr, .pPropSizeRet = 0x7ffd1a49cef8 (0)) -> UR_RESULT_SUCCESS;
   ---> urDeviceGetInfo
[2026-10-08 00:59:39.311] [thread-id: 129269081074880] [trace] zeDeviceGetSubDevices(hDevice, pCount, phSubdevices)
[2026-10-08 00:59:39.311] [thread-id: 129269081074880] [trace] SUCCESS (ZE_RESULT_SUCCESS) in zeDeviceGetSubDevices(hDevice=0x2b9f6f28, pCount=0, phSubdevices=nullptr)
   <--- urDeviceGetInfo(.hDevice = 0x2ba0c040, .propName = UR_DEVICE_INFO_COMPONENT_DEVICES, .propSize = 0, .pPropValue = nullptr, .pPropSizeRet = 0x7ffd1a49cd10 (0)) -> UR_RESULT_SUCCESS;
   ---> urContextCreate
[2026-10-08 00:59:39.311] [thread-id: 129269081074880] [trace] zeContextCreate(hDriver, desc, phContext)
[2026-10-08 00:59:39.311] [thread-id: 129269081074880] [trace] SUCCESS (ZE_RESULT_SUCCESS) in zeContextCreate(hDriver=0x2b9f69c8, desc={stype=0x7ffd1a49cc40, flags=0}, phContext=0x2ba0d738)
[2026-10-08 00:59:39.311] [thread-id: 129269081074880] [trace] zeMemAllocHost(hContext, host_desc, size, alignment, pptr)
[2026-10-08 00:59:39.312] [thread-id: 129269081074880] [trace] SUCCESS (ZE_RESULT_SUCCESS) in zeMemAllocHost(hContext=0x2ba0d738, host_desc={stype=0x7ffd1a49c6c0, flags=0}, size=1, alignment=0, pptr=0x7591bb3ffe00)
[2026-10-08 00:59:39.312] [thread-id: 129269081074880] [trace] zeMemGetAllocProperties(hContext, ptr, pMemAllocProperties, phDevice)
[2026-10-08 00:59:39.312] [thread-id: 129269081074880] [trace] SUCCESS (ZE_RESULT_SUCCESS) in zeMemGetAllocProperties(hContext=0x2ba0d738, ptr=0x7591bb3ffe00, pMemAllocProperties={stype=0x7ffd1a49c6c0, type=0x7ffd1a49c6d0, id=1, pageSize=2097152}, phDevice=nullptr)
[2026-10-08 00:59:39.312] [thread-id: 129269081074880] [trace] zeMemFreeExt(hContext, pMemFreeDesc, ptr)
[2026-10-08 00:59:39.312] [thread-id: 129269081074880] [trace] SUCCESS (ZE_RESULT_SUCCESS) in zeMemFreeExt(hContext=0x2ba0d738, pMemFreeDesc={stype=0x7ffd1a49c6a0, freePolicy=1}, ptr=0x7591bb3ffe00)
[2026-10-08 00:59:39.312] [thread-id: 129269081074880] [trace] zeDeviceGetProperties(hDevice, pDeviceProperties)
[2026-10-08 00:59:39.312] [thread-id: 129269081074880] [trace] SUCCESS (ZE_RESULT_SUCCESS) in zeDeviceGetProperties(hDevice=0x2b9f6f28, pDeviceProperties={stype=0x7591bb7b8068, type=0x7591bb7b8078, vendorId=32902, deviceId=57868, flags=8, subdeviceId=0, coreClockRate=2750, maxMemAllocSize=10132807680, maxHardwareContexts=65536, maxCommandQueuePriority=0, numThreadsPerEU=8, physicalEUSimdWidth=16, numEUsPerSubslice=8, numSubslicesPerSlice=4, numSlices=5, timerResolution=52, timestampValidBits=64, kernelTimestampValidBits=64, uuid={id=134}, name="Intel(R) Arc(TM) B570 Graphics"})
[2026-10-08 00:59:39.312] [thread-id: 129269081074880] [trace] zeMemAllocDevice(hContext, device_desc, size, alignment, hDevice, pptr)
[2026-10-08 00:59:39.312] [thread-id: 129269081074880] [trace] SUCCESS (ZE_RESULT_SUCCESS) in zeMemAllocDevice(hContext=0x2ba0d738, device_desc={stype=0x7ffd1a49c680, flags=0, ordinal=0}, size=1, alignment=0, hDevice=0x2b9f6f28, pptr=0xffffffffff9ffe00)
[2026-10-08 00:59:39.312] [thread-id: 129269081074880] [trace] zeContextMakeMemoryResident(hContext, hDevice, ptr, size)
[2026-10-08 00:59:39.312] [thread-id: 129269081074880] [trace] SUCCESS (ZE_RESULT_SUCCESS) in zeContextMakeMemoryResident(hContext=0x2ba0d738, hDevice=0x2b9f6f28, ptr=0xffffffffff9ffe00, size=1)
[2026-10-08 00:59:39.312] [thread-id: 129269081074880] [trace] zeMemGetAllocProperties(hContext, ptr, pMemAllocProperties, phDevice)
[2026-10-08 00:59:39.312] [thread-id: 129269081074880] [trace] SUCCESS (ZE_RESULT_SUCCESS) in zeMemGetAllocProperties(hContext=0x2ba0d738, ptr=0xffffffffff9ffe00, pMemAllocProperties={stype=0x7ffd1a49c6c0, type=0x7ffd1a49c6d0, id=3, pageSize=65536}, phDevice=nullptr)
[2026-10-08 00:59:39.312] [thread-id: 129269081074880] [trace] zeMemFreeExt(hContext, pMemFreeDesc, ptr)
[2026-10-08 00:59:39.313] [thread-id: 129269081074880] [trace] SUCCESS (ZE_RESULT_SUCCESS) in zeMemFreeExt(hContext=0x2ba0d738, pMemFreeDesc={stype=0x7ffd1a49c6a0, freePolicy=1}, ptr=0xffffffffff9ffe00)
[2026-10-08 00:59:39.313] [thread-id: 129269081074880] [trace] zeDeviceGetProperties(hDevice, pDeviceProperties)
[2026-10-08 00:59:39.313] [thread-id: 129269081074880] [trace] SUCCESS (ZE_RESULT_SUCCESS) in zeDeviceGetProperties(hDevice=0x2b9f6f28, pDeviceProperties={stype=0x7591bb7b0068, type=0x7591bb7b0078, vendorId=32902, deviceId=57868, flags=8, subdeviceId=0, coreClockRate=2750, maxMemAllocSize=10132807680, maxHardwareContexts=65536, maxCommandQueuePriority=0, numThreadsPerEU=8, physicalEUSimdWidth=16, numEUsPerSubslice=8, numSubslicesPerSlice=4, numSlices=5, timerResolution=52, timestampValidBits=64, kernelTimestampValidBits=64, uuid={id=134}, name="Intel(R) Arc(TM) B570 Graphics"})
[2026-10-08 00:59:39.313] [thread-id: 129269081074880] [trace] zeMemAllocShared(hContext, device_desc, host_desc, size, alignment, hDevice, pptr)
[2026-10-08 00:59:39.313] [thread-id: 129269081074880] [trace] SUCCESS (ZE_RESULT_SUCCESS) in zeMemAllocShared(hContext=0x2ba0d738, device_desc={stype=0x7ffd1a49c6c0, flags=0, ordinal=0}, host_desc={stype=0x7ffd1a49c6a0, flags=0}, size=1, alignment=0, hDevice=0x2b9f6f28, pptr=0x7591bb430000)
[2026-10-08 00:59:39.313] [thread-id: 129269081074880] [trace] zeMemGetAllocProperties(hContext, ptr, pMemAllocProperties, phDevice)
[2026-10-08 00:59:39.313] [thread-id: 129269081074880] [trace] SUCCESS (ZE_RESULT_SUCCESS) in zeMemGetAllocProperties(hContext=0x2ba0d738, ptr=0x7591bb430000, pMemAllocProperties={stype=0x7ffd1a49c6c0, type=0x7ffd1a49c6d0, id=5, pageSize=65536}, phDevice=nullptr)
[2026-10-08 00:59:39.313] [thread-id: 129269081074880] [trace] zeMemFreeExt(hContext, pMemFreeDesc, ptr)
[2026-10-08 00:59:39.313] [thread-id: 129269081074880] [trace] SUCCESS (ZE_RESULT_SUCCESS) in zeMemFreeExt(hContext=0x2ba0d738, pMemFreeDesc={stype=0x7ffd1a49c6a0, freePolicy=1}, ptr=0x7591bb430000)
[2026-10-08 00:59:39.313] [thread-id: 129269081074880] [trace] zeDeviceGetProperties(hDevice, pDeviceProperties)
[2026-10-08 00:59:39.313] [thread-id: 129269081074880] [trace] SUCCESS (ZE_RESULT_SUCCESS) in zeDeviceGetProperties(hDevice=0x2b9f6f28, pDeviceProperties={stype=0x7591bb442068, type=0x7591bb442078, vendorId=32902, deviceId=57868, flags=8, subdeviceId=0, coreClockRate=2750, maxMemAllocSize=10132807680, maxHardwareContexts=65536, maxCommandQueuePriority=0, numThreadsPerEU=8, physicalEUSimdWidth=16, numEUsPerSubslice=8, numSubslicesPerSlice=4, numSlices=5, timerResolution=52, timestampValidBits=64, kernelTimestampValidBits=64, uuid={id=134}, name="Intel(R) Arc(TM) B570 Graphics"})
[2026-10-08 00:59:39.313] [thread-id: 129269081074880] [trace] zeMemAllocShared(hContext, device_desc, host_desc, size, alignment, hDevice, pptr)
[2026-10-08 00:59:39.313] [thread-id: 129269081074880] [trace] SUCCESS (ZE_RESULT_SUCCESS) in zeMemAllocShared(hContext=0x2ba0d738, device_desc={stype=0x7ffd1a49c6c0, flags=0, ordinal=0}, host_desc={stype=0x7ffd1a49c6a0, flags=0}, size=1, alignment=0, hDevice=0x2b9f6f28, pptr=0x7591bb430000)
[2026-10-08 00:59:39.313] [thread-id: 129269081074880] [trace] zeMemGetAllocProperties(hContext, ptr, pMemAllocProperties, phDevice)
[2026-10-08 00:59:39.313] [thread-id: 129269081074880] [trace] SUCCESS (ZE_RESULT_SUCCESS) in zeMemGetAllocProperties(hContext=0x2ba0d738, ptr=0x7591bb430000, pMemAllocProperties={stype=0x7ffd1a49c6c0, type=0x7ffd1a49c6d0, id=6, pageSize=65536}, phDevice=nullptr)
[2026-10-08 00:59:39.313] [thread-id: 129269081074880] [trace] zeMemFreeExt(hContext, pMemFreeDesc, ptr)
[2026-10-08 00:59:39.314] [thread-id: 129269081074880] [trace] SUCCESS (ZE_RESULT_SUCCESS) in zeMemFreeExt(hContext=0x2ba0d738, pMemFreeDesc={stype=0x7ffd1a49c6a0, freePolicy=1}, ptr=0x7591bb430000)
[2026-10-08 00:59:39.314] [thread-id: 129269081074880] [trace] zeMemAllocHost(hContext, host_desc, size, alignment, pptr)
[2026-10-08 00:59:39.314] [thread-id: 129269081074880] [trace] SUCCESS (ZE_RESULT_SUCCESS) in zeMemAllocHost(hContext=0x2ba0d738, host_desc={stype=0x7ffd1a49c6c0, flags=0}, size=1, alignment=0, pptr=0x7591bb3ffe00)
[2026-10-08 00:59:39.314] [thread-id: 129269081074880] [trace] zeMemGetAllocProperties(hContext, ptr, pMemAllocProperties, phDevice)
[2026-10-08 00:59:39.314] [thread-id: 129269081074880] [trace] SUCCESS (ZE_RESULT_SUCCESS) in zeMemGetAllocProperties(hContext=0x2ba0d738, ptr=0x7591bb3ffe00, pMemAllocProperties={stype=0x7ffd1a49c6c0, type=0x7ffd1a49c6d0, id=1, pageSize=2097152}, phDevice=nullptr)
[2026-10-08 00:59:39.314] [thread-id: 129269081074880] [trace] zeMemFreeExt(hContext, pMemFreeDesc, ptr)
[2026-10-08 00:59:39.314] [thread-id: 129269081074880] [trace] SUCCESS (ZE_RESULT_SUCCESS) in zeMemFreeExt(hContext=0x2ba0d738, pMemFreeDesc={stype=0x7ffd1a49c6a0, freePolicy=1}, ptr=0x7591bb3ffe00)
[2026-10-08 00:59:39.314] [thread-id: 129269081074880] [trace] zeDeviceGetProperties(hDevice, pDeviceProperties)
[2026-10-08 00:59:39.314] [thread-id: 129269081074880] [trace] SUCCESS (ZE_RESULT_SUCCESS) in zeDeviceGetProperties(hDevice=0x2b9f6f28, pDeviceProperties={stype=0x7591bb43a068, type=0x7591bb43a078, vendorId=32902, deviceId=57868, flags=8, subdeviceId=0, coreClockRate=2750, maxMemAllocSize=10132807680, maxHardwareContexts=65536, maxCommandQueuePriority=0, numThreadsPerEU=8, physicalEUSimdWidth=16, numEUsPerSubslice=8, numSubslicesPerSlice=4, numSlices=5, timerResolution=52, timestampValidBits=64, kernelTimestampValidBits=64, uuid={id=134}, name="Intel(R) Arc(TM) B570 Graphics"})
[2026-10-08 00:59:39.314] [thread-id: 129269081074880] [trace] zeMemAllocDevice(hContext, device_desc, size, alignment, hDevice, pptr)
[2026-10-08 00:59:39.314] [thread-id: 129269081074880] [trace] SUCCESS (ZE_RESULT_SUCCESS) in zeMemAllocDevice(hContext=0x2ba0d738, device_desc={stype=0x7ffd1a49c680, flags=0, ordinal=0}, size=1, alignment=0, hDevice=0x2b9f6f28, pptr=0xffffffffff9ffe00)
[2026-10-08 00:59:39.314] [thread-id: 129269081074880] [trace] zeContextMakeMemoryResident(hContext, hDevice, ptr, size)
[2026-10-08 00:59:39.314] [thread-id: 129269081074880] [trace] SUCCESS (ZE_RESULT_SUCCESS) in zeContextMakeMemoryResident(hContext=0x2ba0d738, hDevice=0x2b9f6f28, ptr=0xffffffffff9ffe00, size=1)
[2026-10-08 00:59:39.314] [thread-id: 129269081074880] [trace] zeMemGetAllocProperties(hContext, ptr, pMemAllocProperties, phDevice)
[2026-10-08 00:59:39.314] [thread-id: 129269081074880] [trace] SUCCESS (ZE_RESULT_SUCCESS) in zeMemGetAllocProperties(hContext=0x2ba0d738, ptr=0xffffffffff9ffe00, pMemAllocProperties={stype=0x7ffd1a49c6c0, type=0x7ffd1a49c6d0, id=3, pageSize=65536}, phDevice=nullptr)
[2026-10-08 00:59:39.314] [thread-id: 129269081074880] [trace] zeMemFreeExt(hContext, pMemFreeDesc, ptr)
[2026-10-08 00:59:39.314] [thread-id: 129269081074880] [trace] SUCCESS (ZE_RESULT_SUCCESS) in zeMemFreeExt(hContext=0x2ba0d738, pMemFreeDesc={stype=0x7ffd1a49c6a0, freePolicy=1}, ptr=0xffffffffff9ffe00)
[2026-10-08 00:59:39.314] [thread-id: 129269081074880] [trace] zeDeviceGetProperties(hDevice, pDeviceProperties)
[2026-10-08 00:59:39.314] [thread-id: 129269081074880] [trace] SUCCESS (ZE_RESULT_SUCCESS) in zeDeviceGetProperties(hDevice=0x2b9f6f28, pDeviceProperties={stype=0x7591bb42d068, type=0x7591bb42d078, vendorId=32902, deviceId=57868, flags=8, subdeviceId=0, coreClockRate=2750, maxMemAllocSize=10132807680, maxHardwareContexts=65536, maxCommandQueuePriority=0, numThreadsPerEU=8, physicalEUSimdWidth=16, numEUsPerSubslice=8, numSubslicesPerSlice=4, numSlices=5, timerResolution=52, timestampValidBits=64, kernelTimestampValidBits=64, uuid={id=134}, name="Intel(R) Arc(TM) B570 Graphics"})
[2026-10-08 00:59:39.314] [thread-id: 129269081074880] [trace] zeMemAllocShared(hContext, device_desc, host_desc, size, alignment, hDevice, pptr)
[2026-10-08 00:59:39.314] [thread-id: 129269081074880] [trace] SUCCESS (ZE_RESULT_SUCCESS) in zeMemAllocShared(hContext=0x2ba0d738, device_desc={stype=0x7ffd1a49c6c0, flags=0, ordinal=0}, host_desc={stype=0x7ffd1a49c6a0, flags=0}, size=1, alignment=0, hDevice=0x2b9f6f28, pptr=0x7591bb410000)
[2026-10-08 00:59:39.314] [thread-id: 129269081074880] [trace] zeMemGetAllocProperties(hContext, ptr, pMemAllocProperties, phDevice)
[2026-10-08 00:59:39.314] [thread-id: 129269081074880] [trace] SUCCESS (ZE_RESULT_SUCCESS) in zeMemGetAllocProperties(hContext=0x2ba0d738, ptr=0x7591bb410000, pMemAllocProperties={stype=0x7ffd1a49c6c0, type=0x7ffd1a49c6d0, id=9, pageSize=65536}, phDevice=nullptr)
[2026-10-08 00:59:39.314] [thread-id: 129269081074880] [trace] zeMemFreeExt(hContext, pMemFreeDesc, ptr)
[2026-10-08 00:59:39.315] [thread-id: 129269081074880] [trace] SUCCESS (ZE_RESULT_SUCCESS) in zeMemFreeExt(hContext=0x2ba0d738, pMemFreeDesc={stype=0x7ffd1a49c6a0, freePolicy=1}, ptr=0x7591bb410000)
[2026-10-08 00:59:39.315] [thread-id: 129269081074880] [trace] zeDeviceGetProperties(hDevice, pDeviceProperties)
[2026-10-08 00:59:39.315] [thread-id: 129269081074880] [trace] SUCCESS (ZE_RESULT_SUCCESS) in zeDeviceGetProperties(hDevice=0x2b9f6f28, pDeviceProperties={stype=0x7591bb429068, type=0x7591bb429078, vendorId=32902, deviceId=57868, flags=8, subdeviceId=0, coreClockRate=2750, maxMemAllocSize=10132807680, maxHardwareContexts=65536, maxCommandQueuePriority=0, numThreadsPerEU=8, physicalEUSimdWidth=16, numEUsPerSubslice=8, numSubslicesPerSlice=4, numSlices=5, timerResolution=52, timestampValidBits=64, kernelTimestampValidBits=64, uuid={id=134}, name="Intel(R) Arc(TM) B570 Graphics"})
[2026-10-08 00:59:39.315] [thread-id: 129269081074880] [trace] zeMemAllocShared(hContext, device_desc, host_desc, size, alignment, hDevice, pptr)
[2026-10-08 00:59:39.315] [thread-id: 129269081074880] [trace] SUCCESS (ZE_RESULT_SUCCESS) in zeMemAllocShared(hContext=0x2ba0d738, device_desc={stype=0x7ffd1a49c6c0, flags=0, ordinal=0}, host_desc={stype=0x7ffd1a49c6a0, flags=0}, size=1, alignment=0, hDevice=0x2b9f6f28, pptr=0x7591bb410000)
[2026-10-08 00:59:39.315] [thread-id: 129269081074880] [trace] zeMemGetAllocProperties(hContext, ptr, pMemAllocProperties, phDevice)
[2026-10-08 00:59:39.315] [thread-id: 129269081074880] [trace] SUCCESS (ZE_RESULT_SUCCESS) in zeMemGetAllocProperties(hContext=0x2ba0d738, ptr=0x7591bb410000, pMemAllocProperties={stype=0x7ffd1a49c6c0, type=0x7ffd1a49c6d0, id=10, pageSize=65536}, phDevice=nullptr)
[2026-10-08 00:59:39.315] [thread-id: 129269081074880] [trace] zeMemFreeExt(hContext, pMemFreeDesc, ptr)
[2026-10-08 00:59:39.315] [thread-id: 129269081074880] [trace] SUCCESS (ZE_RESULT_SUCCESS) in zeMemFreeExt(hContext=0x2ba0d738, pMemFreeDesc={stype=0x7ffd1a49c6a0, freePolicy=1}, ptr=0x7591bb410000)
   <--- urContextCreate(.DeviceCount = 1, .phDevices = 0x2ba0cce0 {0x2ba0c040}, .pProperties = nullptr, .phContext = 0x2ba0ec40 (0x2ba10b90)) -> UR_RESULT_SUCCESS;
   ---> urQueueCreate
<LEVEL_ZERO>[INFO]: Copy offload is disabled by the environment variable.
<LEVEL_ZERO>[DEBUG]: create command list ordinal: 0, type: immediate, device: 0x2b9f6f28, inOrder: 1
[2026-10-08 00:59:39.315] [thread-id: 129269081074880] [trace] zeCommandListCreateImmediate(hContext, hDevice, altdesc, phCommandList)
[2026-10-08 00:59:39.317] [thread-id: 129269081074880] [trace] SUCCESS (ZE_RESULT_SUCCESS) in zeCommandListCreateImmediate(hContext=0x2ba0d738, hDevice=0x2b9f6f28, altdesc={stype=0x7ffd1a49cbc0, ordinal=0, index=0, flags=2, mode=0x7ffd1a49cbdc, priority=0x7ffd1a49cbe0}, phCommandList=0x2ba14d88)
[2026-10-08 00:59:39.317] [thread-id: 129269081074880] [trace] zeDriverGetExtensionFunctionAddress(hDriver, name, ppFunctionAddress)
[2026-10-08 00:59:39.317] [thread-id: 129269081074880] [trace] SUCCESS (ZE_RESULT_SUCCESS) in zeDriverGetExtensionFunctionAddress(hDriver=0x2b9f69c8, name="zexCounterBasedEventCreate2", ppFunctionAddress=0x7591c9903c00)
   <--- urQueueCreate(.hContext = 0x2ba10b90, .hDevice = 0x2ba0c040, .pProperties = 0x7ffd1a49d1a0 ((struct ur_queue_properties_t){.stype = UR_STRUCTURE_TYPE_QUEUE_PROPERTIES, .pNext = nullptr, .flags = 0}), .phQueue = 0x7ffd1a49d1b8 (0x2ba140a0)) -> UR_RESULT_SUCCESS;
   ---> urDeviceGetInfo
[2026-10-08 00:59:39.317] [thread-id: 129269081074880] [trace] zeDeviceGetMemoryAccessProperties(hDevice, pMemAccessProperties)
[2026-10-08 00:59:39.317] [thread-id: 129269081074880] [trace] SUCCESS (ZE_RESULT_SUCCESS) in zeDeviceGetMemoryAccessProperties(hDevice=0x2b9f6f28, pMemAccessProperties={stype=0x2ba0c420, hostAllocCapabilities=3, deviceAllocCapabilities=3, sharedSingleDeviceAllocCapabilities=3, sharedCrossDeviceAllocCapabilities=0, sharedSystemAllocCapabilities=15})
   <--- urDeviceGetInfo(.hDevice = 0x2ba0c040, .propName = UR_DEVICE_INFO_USM_DEVICE_SUPPORT, .propSize = 4, .pPropValue = 0x7ffd1a49d004 (UR_DEVICE_USM_ACCESS_CAPABILITY_FLAG_ACCESS | UR_DEVICE_USM_ACCESS_CAPABILITY_FLAG_ATOMIC_ACCESS), .pPropSizeRet = nullptr) -> UR_RESULT_SUCCESS;
   ---> urUSMDeviceAlloc
[2026-10-08 00:59:39.317] [thread-id: 129269081074880] [trace] zeMemAllocDevice(hContext, device_desc, size, alignment, hDevice, pptr)
[2026-10-08 00:59:39.317] [thread-id: 129269081074880] [trace] SUCCESS (ZE_RESULT_SUCCESS) in zeMemAllocDevice(hContext=0x2ba0d738, device_desc={stype=0x7ffd1a49cc10, flags=0, ordinal=0}, size=65536, alignment=0, hDevice=0x2b9f6f28, pptr=0xffffffffff600000)
[2026-10-08 00:59:39.317] [thread-id: 129269081074880] [trace] zeContextMakeMemoryResident(hContext, hDevice, ptr, size)
[2026-10-08 00:59:39.317] [thread-id: 129269081074880] [trace] SUCCESS (ZE_RESULT_SUCCESS) in zeContextMakeMemoryResident(hContext=0x2ba0d738, hDevice=0x2b9f6f28, ptr=0xffffffffff600000, size=65536)
   <--- urUSMDeviceAlloc(.hContext = 0x2ba10b90, .hDevice = 0x2ba0c040, .pUSMDesc = 0x7ffd1a49d170 ((struct ur_usm_desc_t){.stype = UR_STRUCTURE_TYPE_CONTEXT_PROPERTIES, .pNext = nullptr, .hints = 0, .align = 4}), .pool = nullptr, .size = 65536, .ppMem = 0x7ffd1a49d188 (0xffffffffff600000)) -> UR_RESULT_SUCCESS;
   ---> urEnqueueUSMMemcpy
<LEVEL_ZERO>[DEBUG]: ze_event_pool_desc_t flags set to: 1
[2026-10-08 00:59:39.317] [thread-id: 129269081074880] [trace] zexCounterBasedEventCreate2(hContext, hDevice, desc, phEvent)
[2026-10-08 00:59:39.317] [thread-id: 129269081074880] [trace] SUCCESS (ZE_RESULT_SUCCESS) in zexCounterBasedEventCreate2(hContext=0x2ba0d738, hDevice=0x2b9f6f28, desc=0x7ffd1a49cbc0, phEvent=0x2ba45a68)
<LEVEL_ZERO>[DEBUG]: ze_event_pool_desc_t flags set to: 1
[2026-10-08 00:59:39.317] [thread-id: 129269081074880] [trace] zexCounterBasedEventCreate2(hContext, hDevice, desc, phEvent)
[2026-10-08 00:59:39.317] [thread-id: 129269081074880] [trace] SUCCESS (ZE_RESULT_SUCCESS) in zexCounterBasedEventCreate2(hContext=0x2ba0d738, hDevice=0x2b9f6f28, desc=0x7ffd1a49cbc0, phEvent=0x2ba45e08)
<LEVEL_ZERO>[DEBUG]: ze_event_pool_desc_t flags set to: 1
[2026-10-08 00:59:39.317] [thread-id: 129269081074880] [trace] zexCounterBasedEventCreate2(hContext, hDevice, desc, phEvent)
[2026-10-08 00:59:39.317] [thread-id: 129269081074880] [trace] SUCCESS (ZE_RESULT_SUCCESS) in zexCounterBasedEventCreate2(hContext=0x2ba0d738, hDevice=0x2b9f6f28, desc=0x7ffd1a49cbc0, phEvent=0x2ba46528)
<LEVEL_ZERO>[DEBUG]: ze_event_pool_desc_t flags set to: 1
[2026-10-08 00:59:39.317] [thread-id: 129269081074880] [trace] zexCounterBasedEventCreate2(hContext, hDevice, desc, phEvent)
[2026-10-08 00:59:39.317] [thread-id: 129269081074880] [trace] SUCCESS (ZE_RESULT_SUCCESS) in zexCounterBasedEventCreate2(hContext=0x2ba0d738, hDevice=0x2b9f6f28, desc=0x7ffd1a49cbc0, phEvent=0x2ba46a68)
<LEVEL_ZERO>[DEBUG]: ze_event_pool_desc_t flags set to: 1
[2026-10-08 00:59:39.317] [thread-id: 129269081074880] [trace] zexCounterBasedEventCreate2(hContext, hDevice, desc, phEvent)
[2026-10-08 00:59:39.318] [thread-id: 129269081074880] [trace] SUCCESS (ZE_RESULT_SUCCESS) in zexCounterBasedEventCreate2(hContext=0x2ba0d738, hDevice=0x2b9f6f28, desc=0x7ffd1a49cbc0, phEvent=0x2ba47168)
<LEVEL_ZERO>[DEBUG]: ze_event_pool_desc_t flags set to: 1
[2026-10-08 00:59:39.318] [thread-id: 129269081074880] [trace] zexCounterBasedEventCreate2(hContext, hDevice, desc, phEvent)
[2026-10-08 00:59:39.318] [thread-id: 129269081074880] [trace] SUCCESS (ZE_RESULT_SUCCESS) in zexCounterBasedEventCreate2(hContext=0x2ba0d738, hDevice=0x2b9f6f28, desc=0x7ffd1a49cbc0, phEvent=0x2ba476c8)
<LEVEL_ZERO>[DEBUG]: ze_event_pool_desc_t flags set to: 1
[2026-10-08 00:59:39.318] [thread-id: 129269081074880] [trace] zexCounterBasedEventCreate2(hContext, hDevice, desc, phEvent)
[2026-10-08 00:59:39.318] [thread-id: 129269081074880] [trace] SUCCESS (ZE_RESULT_SUCCESS) in zexCounterBasedEventCreate2(hContext=0x2ba0d738, hDevice=0x2b9f6f28, desc=0x7ffd1a49cbc0, phEvent=0x2ba47dc8)
<LEVEL_ZERO>[DEBUG]: ze_event_pool_desc_t flags set to: 1
[2026-10-08 00:59:39.318] [thread-id: 129269081074880] [trace] zexCounterBasedEventCreate2(hContext, hDevice, desc, phEvent)
[2026-10-08 00:59:39.318] [thread-id: 129269081074880] [trace] SUCCESS (ZE_RESULT_SUCCESS) in zexCounterBasedEventCreate2(hContext=0x2ba0d738, hDevice=0x2b9f6f28, desc=0x7ffd1a49cbc0, phEvent=0x2ba482d8)
<LEVEL_ZERO>[DEBUG]: ze_event_pool_desc_t flags set to: 1
[2026-10-08 00:59:39.318] [thread-id: 129269081074880] [trace] zexCounterBasedEventCreate2(hContext, hDevice, desc, phEvent)
[2026-10-08 00:59:39.318] [thread-id: 129269081074880] [trace] SUCCESS (ZE_RESULT_SUCCESS) in zexCounterBasedEventCreate2(hContext=0x2ba0d738, hDevice=0x2b9f6f28, desc=0x7ffd1a49cbc0, phEvent=0x2ba489d8)
<LEVEL_ZERO>[DEBUG]: ze_event_pool_desc_t flags set to: 1
[2026-10-08 00:59:39.318] [thread-id: 129269081074880] [trace] zexCounterBasedEventCreate2(hContext, hDevice, desc, phEvent)
[2026-10-08 00:59:39.318] [thread-id: 129269081074880] [trace] SUCCESS (ZE_RESULT_SUCCESS) in zexCounterBasedEventCreate2(hContext=0x2ba0d738, hDevice=0x2b9f6f28, desc=0x7ffd1a49cbc0, phEvent=0x2ba48ee8)
<LEVEL_ZERO>[DEBUG]: ze_event_pool_desc_t flags set to: 1
[2026-10-08 00:59:39.318] [thread-id: 129269081074880] [trace] zexCounterBasedEventCreate2(hContext, hDevice, desc, phEvent)
[2026-10-08 00:59:39.318] [thread-id: 129269081074880] [trace] SUCCESS (ZE_RESULT_SUCCESS) in zexCounterBasedEventCreate2(hContext=0x2ba0d738, hDevice=0x2b9f6f28, desc=0x7ffd1a49cbc0, phEvent=0x2ba495e8)
<LEVEL_ZERO>[DEBUG]: ze_event_pool_desc_t flags set to: 1
[2026-10-08 00:59:39.318] [thread-id: 129269081074880] [trace] zexCounterBasedEventCreate2(hContext, hDevice, desc, phEvent)
[2026-10-08 00:59:39.318] [thread-id: 129269081074880] [trace] SUCCESS (ZE_RESULT_SUCCESS) in zexCounterBasedEventCreate2(hContext=0x2ba0d738, hDevice=0x2b9f6f28, desc=0x7ffd1a49cbc0, phEvent=0x2ba49b98)
<LEVEL_ZERO>[DEBUG]: ze_event_pool_desc_t flags set to: 1
[2026-10-08 00:59:39.318] [thread-id: 129269081074880] [trace] zexCounterBasedEventCreate2(hContext, hDevice, desc, phEvent)
[2026-10-08 00:59:39.318] [thread-id: 129269081074880] [trace] SUCCESS (ZE_RESULT_SUCCESS) in zexCounterBasedEventCreate2(hContext=0x2ba0d738, hDevice=0x2b9f6f28, desc=0x7ffd1a49cbc0, phEvent=0x2ba4a298)
<LEVEL_ZERO>[DEBUG]: ze_event_pool_desc_t flags set to: 1
[2026-10-08 00:59:39.318] [thread-id: 129269081074880] [trace] zexCounterBasedEventCreate2(hContext, hDevice, desc, phEvent)
[2026-10-08 00:59:39.318] [thread-id: 129269081074880] [trace] SUCCESS (ZE_RESULT_SUCCESS) in zexCounterBasedEventCreate2(hContext=0x2ba0d738, hDevice=0x2b9f6f28, desc=0x7ffd1a49cbc0, phEvent=0x2ba4a7a8)
<LEVEL_ZERO>[DEBUG]: ze_event_pool_desc_t flags set to: 1
[2026-10-08 00:59:39.318] [thread-id: 129269081074880] [trace] zexCounterBasedEventCreate2(hContext, hDevice, desc, phEvent)
[2026-10-08 00:59:39.318] [thread-id: 129269081074880] [trace] SUCCESS (ZE_RESULT_SUCCESS) in zexCounterBasedEventCreate2(hContext=0x2ba0d738, hDevice=0x2b9f6f28, desc=0x7ffd1a49cbc0, phEvent=0x2ba4aea8)
<LEVEL_ZERO>[DEBUG]: ze_event_pool_desc_t flags set to: 1
[2026-10-08 00:59:39.318] [thread-id: 129269081074880] [trace] zexCounterBasedEventCreate2(hContext, hDevice, desc, phEvent)
[2026-10-08 00:59:39.318] [thread-id: 129269081074880] [trace] SUCCESS (ZE_RESULT_SUCCESS) in zexCounterBasedEventCreate2(hContext=0x2ba0d738, hDevice=0x2b9f6f28, desc=0x7ffd1a49cbc0, phEvent=0x2ba4b3b8)
<LEVEL_ZERO>[DEBUG]: ze_event_pool_desc_t flags set to: 1
[2026-10-08 00:59:39.318] [thread-id: 129269081074880] [trace] zexCounterBasedEventCreate2(hContext, hDevice, desc, phEvent)
[2026-10-08 00:59:39.318] [thread-id: 129269081074880] [trace] SUCCESS (ZE_RESULT_SUCCESS) in zexCounterBasedEventCreate2(hContext=0x2ba0d738, hDevice=0x2b9f6f28, desc=0x7ffd1a49cbc0, phEvent=0x2ba4bab8)
<LEVEL_ZERO>[DEBUG]: ze_event_pool_desc_t flags set to: 1
[2026-10-08 00:59:39.318] [thread-id: 129269081074880] [trace] zexCounterBasedEventCreate2(hContext, hDevice, desc, phEvent)
[2026-10-08 00:59:39.318] [thread-id: 129269081074880] [trace] SUCCESS (ZE_RESULT_SUCCESS) in zexCounterBasedEventCreate2(hContext=0x2ba0d738, hDevice=0x2b9f6f28, desc=0x7ffd1a49cbc0, phEvent=0x2ba4c0d8)
<LEVEL_ZERO>[DEBUG]: ze_event_pool_desc_t flags set to: 1
[2026-10-08 00:59:39.318] [thread-id: 129269081074880] [trace] zexCounterBasedEventCreate2(hContext, hDevice, desc, phEvent)
[2026-10-08 00:59:39.318] [thread-id: 129269081074880] [trace] SUCCESS (ZE_RESULT_SUCCESS) in zexCounterBasedEventCreate2(hContext=0x2ba0d738, hDevice=0x2b9f6f28, desc=0x7ffd1a49cbc0, phEvent=0x2ba4c7d8)
<LEVEL_ZERO>[DEBUG]: ze_event_pool_desc_t flags set to: 1
[2026-10-08 00:59:39.318] [thread-id: 129269081074880] [trace] zexCounterBasedEventCreate2(hContext, hDevice, desc, phEvent)
[2026-10-08 00:59:39.318] [thread-id: 129269081074880] [trace] SUCCESS (ZE_RESULT_SUCCESS) in zexCounterBasedEventCreate2(hContext=0x2ba0d738, hDevice=0x2b9f6f28, desc=0x7ffd1a49cbc0, phEvent=0x2ba4cce8)
<LEVEL_ZERO>[DEBUG]: ze_event_pool_desc_t flags set to: 1
[2026-10-08 00:59:39.318] [thread-id: 129269081074880] [trace] zexCounterBasedEventCreate2(hContext, hDevice, desc, phEvent)
[2026-10-08 00:59:39.318] [thread-id: 129269081074880] [trace] SUCCESS (ZE_RESULT_SUCCESS) in zexCounterBasedEventCreate2(hContext=0x2ba0d738, hDevice=0x2b9f6f28, desc=0x7ffd1a49cbc0, phEvent=0x2ba4d3e8)
<LEVEL_ZERO>[DEBUG]: ze_event_pool_desc_t flags set to: 1
[2026-10-08 00:59:39.318] [thread-id: 129269081074880] [trace] zexCounterBasedEventCreate2(hContext, hDevice, desc, phEvent)
[2026-10-08 00:59:39.318] [thread-id: 129269081074880] [trace] SUCCESS (ZE_RESULT_SUCCESS) in zexCounterBasedEventCreate2(hContext=0x2ba0d738, hDevice=0x2b9f6f28, desc=0x7ffd1a49cbc0, phEvent=0x2ba4d8f8)
<LEVEL_ZERO>[DEBUG]: ze_event_pool_desc_t flags set to: 1
[2026-10-08 00:59:39.318] [thread-id: 129269081074880] [trace] zexCounterBasedEventCreate2(hContext, hDevice, desc, phEvent)
[2026-10-08 00:59:39.318] [thread-id: 129269081074880] [trace] SUCCESS (ZE_RESULT_SUCCESS) in zexCounterBasedEventCreate2(hContext=0x2ba0d738, hDevice=0x2b9f6f28, desc=0x7ffd1a49cbc0, phEvent=0x2ba4dff8)
<LEVEL_ZERO>[DEBUG]: ze_event_pool_desc_t flags set to: 1
[2026-10-08 00:59:39.318] [thread-id: 129269081074880] [trace] zexCounterBasedEventCreate2(hContext, hDevice, desc, phEvent)
[2026-10-08 00:59:39.318] [thread-id: 129269081074880] [trace] SUCCESS (ZE_RESULT_SUCCESS) in zexCounterBasedEventCreate2(hContext=0x2ba0d738, hDevice=0x2b9f6f28, desc=0x7ffd1a49cbc0, phEvent=0x2ba4e508)
<LEVEL_ZERO>[DEBUG]: ze_event_pool_desc_t flags set to: 1
[2026-10-08 00:59:39.318] [thread-id: 129269081074880] [trace] zexCounterBasedEventCreate2(hContext, hDevice, desc, phEvent)
[2026-10-08 00:59:39.318] [thread-id: 129269081074880] [trace] SUCCESS (ZE_RESULT_SUCCESS) in zexCounterBasedEventCreate2(hContext=0x2ba0d738, hDevice=0x2b9f6f28, desc=0x7ffd1a49cbc0, phEvent=0x2ba4ed48)
<LEVEL_ZERO>[DEBUG]: ze_event_pool_desc_t flags set to: 1
[2026-10-08 00:59:39.318] [thread-id: 129269081074880] [trace] zexCounterBasedEventCreate2(hContext, hDevice, desc, phEvent)
[2026-10-08 00:59:39.318] [thread-id: 129269081074880] [trace] SUCCESS (ZE_RESULT_SUCCESS) in zexCounterBasedEventCreate2(hContext=0x2ba0d738, hDevice=0x2b9f6f28, desc=0x7ffd1a49cbc0, phEvent=0x2ba4f258)
<LEVEL_ZERO>[DEBUG]: ze_event_pool_desc_t flags set to: 1
[2026-10-08 00:59:39.318] [thread-id: 129269081074880] [trace] zexCounterBasedEventCreate2(hContext, hDevice, desc, phEvent)
[2026-10-08 00:59:39.318] [thread-id: 129269081074880] [trace] SUCCESS (ZE_RESULT_SUCCESS) in zexCounterBasedEventCreate2(hContext=0x2ba0d738, hDevice=0x2b9f6f28, desc=0x7ffd1a49cbc0, phEvent=0x2ba4f958)
<LEVEL_ZERO>[DEBUG]: ze_event_pool_desc_t flags set to: 1
[2026-10-08 00:59:39.318] [thread-id: 129269081074880] [trace] zexCounterBasedEventCreate2(hContext, hDevice, desc, phEvent)
[2026-10-08 00:59:39.318] [thread-id: 129269081074880] [trace] SUCCESS (ZE_RESULT_SUCCESS) in zexCounterBasedEventCreate2(hContext=0x2ba0d738, hDevice=0x2b9f6f28, desc=0x7ffd1a49cbc0, phEvent=0x2ba4fe68)
<LEVEL_ZERO>[DEBUG]: ze_event_pool_desc_t flags set to: 1
[2026-10-08 00:59:39.318] [thread-id: 129269081074880] [trace] zexCounterBasedEventCreate2(hContext, hDevice, desc, phEvent)
[2026-10-08 00:59:39.318] [thread-id: 129269081074880] [trace] SUCCESS (ZE_RESULT_SUCCESS) in zexCounterBasedEventCreate2(hContext=0x2ba0d738, hDevice=0x2b9f6f28, desc=0x7ffd1a49cbc0, phEvent=0x2ba50568)
<LEVEL_ZERO>[DEBUG]: ze_event_pool_desc_t flags set to: 1
[2026-10-08 00:59:39.318] [thread-id: 129269081074880] [trace] zexCounterBasedEventCreate2(hContext, hDevice, desc, phEvent)
[2026-10-08 00:59:39.318] [thread-id: 129269081074880] [trace] SUCCESS (ZE_RESULT_SUCCESS) in zexCounterBasedEventCreate2(hContext=0x2ba0d738, hDevice=0x2b9f6f28, desc=0x7ffd1a49cbc0, phEvent=0x2ba50a78)
<LEVEL_ZERO>[DEBUG]: ze_event_pool_desc_t flags set to: 1
[2026-10-08 00:59:39.318] [thread-id: 129269081074880] [trace] zexCounterBasedEventCreate2(hContext, hDevice, desc, phEvent)
[2026-10-08 00:59:39.318] [thread-id: 129269081074880] [trace] SUCCESS (ZE_RESULT_SUCCESS) in zexCounterBasedEventCreate2(hContext=0x2ba0d738, hDevice=0x2b9f6f28, desc=0x7ffd1a49cbc0, phEvent=0x2ba51178)
<LEVEL_ZERO>[DEBUG]: ze_event_pool_desc_t flags set to: 1
[2026-10-08 00:59:39.318] [thread-id: 129269081074880] [trace] zexCounterBasedEventCreate2(hContext, hDevice, desc, phEvent)
[2026-10-08 00:59:39.318] [thread-id: 129269081074880] [trace] SUCCESS (ZE_RESULT_SUCCESS) in zexCounterBasedEventCreate2(hContext=0x2ba0d738, hDevice=0x2b9f6f28, desc=0x7ffd1a49cbc0, phEvent=0x2ba51688)
<LEVEL_ZERO>[DEBUG]: ze_event_pool_desc_t flags set to: 1
[2026-10-08 00:59:39.318] [thread-id: 129269081074880] [trace] zexCounterBasedEventCreate2(hContext, hDevice, desc, phEvent)
[2026-10-08 00:59:39.318] [thread-id: 129269081074880] [trace] SUCCESS (ZE_RESULT_SUCCESS) in zexCounterBasedEventCreate2(hContext=0x2ba0d738, hDevice=0x2b9f6f28, desc=0x7ffd1a49cbc0, phEvent=0x2ba51d88)
<LEVEL_ZERO>[DEBUG]: ze_event_pool_desc_t flags set to: 1
[2026-10-08 00:59:39.318] [thread-id: 129269081074880] [trace] zexCounterBasedEventCreate2(hContext, hDevice, desc, phEvent)
[2026-10-08 00:59:39.318] [thread-id: 129269081074880] [trace] SUCCESS (ZE_RESULT_SUCCESS) in zexCounterBasedEventCreate2(hContext=0x2ba0d738, hDevice=0x2b9f6f28, desc=0x7ffd1a49cbc0, phEvent=0x2ba524a8)
<LEVEL_ZERO>[DEBUG]: ze_event_pool_desc_t flags set to: 1
[2026-10-08 00:59:39.318] [thread-id: 129269081074880] [trace] zexCounterBasedEventCreate2(hContext, hDevice, desc, phEvent)
[2026-10-08 00:59:39.318] [thread-id: 129269081074880] [trace] SUCCESS (ZE_RESULT_SUCCESS) in zexCounterBasedEventCreate2(hContext=0x2ba0d738, hDevice=0x2b9f6f28, desc=0x7ffd1a49cbc0, phEvent=0x2ba52ba8)
<LEVEL_ZERO>[DEBUG]: ze_event_pool_desc_t flags set to: 1
[2026-10-08 00:59:39.318] [thread-id: 129269081074880] [trace] zexCounterBasedEventCreate2(hContext, hDevice, desc, phEvent)
[2026-10-08 00:59:39.319] [thread-id: 129269081074880] [trace] SUCCESS (ZE_RESULT_SUCCESS) in zexCounterBasedEventCreate2(hContext=0x2ba0d738, hDevice=0x2b9f6f28, desc=0x7ffd1a49cbc0, phEvent=0x2ba530b8)
<LEVEL_ZERO>[DEBUG]: ze_event_pool_desc_t flags set to: 1
[2026-10-08 00:59:39.319] [thread-id: 129269081074880] [trace] zexCounterBasedEventCreate2(hContext, hDevice, desc, phEvent)
[2026-10-08 00:59:39.319] [thread-id: 129269081074880] [trace] SUCCESS (ZE_RESULT_SUCCESS) in zexCounterBasedEventCreate2(hContext=0x2ba0d738, hDevice=0x2b9f6f28, desc=0x7ffd1a49cbc0, phEvent=0x2ba537b8)
<LEVEL_ZERO>[DEBUG]: ze_event_pool_desc_t flags set to: 1
[2026-10-08 00:59:39.319] [thread-id: 129269081074880] [trace] zexCounterBasedEventCreate2(hContext, hDevice, desc, phEvent)
[2026-10-08 00:59:39.319] [thread-id: 129269081074880] [trace] SUCCESS (ZE_RESULT_SUCCESS) in zexCounterBasedEventCreate2(hContext=0x2ba0d738, hDevice=0x2b9f6f28, desc=0x7ffd1a49cbc0, phEvent=0x2ba53cc8)
<LEVEL_ZERO>[DEBUG]: ze_event_pool_desc_t flags set to: 1
[2026-10-08 00:59:39.319] [thread-id: 129269081074880] [trace] zexCounterBasedEventCreate2(hContext, hDevice, desc, phEvent)
[2026-10-08 00:59:39.319] [thread-id: 129269081074880] [trace] SUCCESS (ZE_RESULT_SUCCESS) in zexCounterBasedEventCreate2(hContext=0x2ba0d738, hDevice=0x2b9f6f28, desc=0x7ffd1a49cbc0, phEvent=0x2ba543c8)
<LEVEL_ZERO>[DEBUG]: ze_event_pool_desc_t flags set to: 1
[2026-10-08 00:59:39.319] [thread-id: 129269081074880] [trace] zexCounterBasedEventCreate2(hContext, hDevice, desc, phEvent)
[2026-10-08 00:59:39.319] [thread-id: 129269081074880] [trace] SUCCESS (ZE_RESULT_SUCCESS) in zexCounterBasedEventCreate2(hContext=0x2ba0d738, hDevice=0x2b9f6f28, desc=0x7ffd1a49cbc0, phEvent=0x2ba548d8)
<LEVEL_ZERO>[DEBUG]: ze_event_pool_desc_t flags set to: 1
[2026-10-08 00:59:39.319] [thread-id: 129269081074880] [trace] zexCounterBasedEventCreate2(hContext, hDevice, desc, phEvent)
[2026-10-08 00:59:39.319] [thread-id: 129269081074880] [trace] SUCCESS (ZE_RESULT_SUCCESS) in zexCounterBasedEventCreate2(hContext=0x2ba0d738, hDevice=0x2b9f6f28, desc=0x7ffd1a49cbc0, phEvent=0x2ba54fd8)
<LEVEL_ZERO>[DEBUG]: ze_event_pool_desc_t flags set to: 1
[2026-10-08 00:59:39.319] [thread-id: 129269081074880] [trace] zexCounterBasedEventCreate2(hContext, hDevice, desc, phEvent)
[2026-10-08 00:59:39.319] [thread-id: 129269081074880] [trace] SUCCESS (ZE_RESULT_SUCCESS) in zexCounterBasedEventCreate2(hContext=0x2ba0d738, hDevice=0x2b9f6f28, desc=0x7ffd1a49cbc0, phEvent=0x2ba554e8)
<LEVEL_ZERO>[DEBUG]: ze_event_pool_desc_t flags set to: 1
[2026-10-08 00:59:39.319] [thread-id: 129269081074880] [trace] zexCounterBasedEventCreate2(hContext, hDevice, desc, phEvent)
[2026-10-08 00:59:39.319] [thread-id: 129269081074880] [trace] SUCCESS (ZE_RESULT_SUCCESS) in zexCounterBasedEventCreate2(hContext=0x2ba0d738, hDevice=0x2b9f6f28, desc=0x7ffd1a49cbc0, phEvent=0x2ba55be8)
<LEVEL_ZERO>[DEBUG]: ze_event_pool_desc_t flags set to: 1
[2026-10-08 00:59:39.319] [thread-id: 129269081074880] [trace] zexCounterBasedEventCreate2(hContext, hDevice, desc, phEvent)
[2026-10-08 00:59:39.319] [thread-id: 129269081074880] [trace] SUCCESS (ZE_RESULT_SUCCESS) in zexCounterBasedEventCreate2(hContext=0x2ba0d738, hDevice=0x2b9f6f28, desc=0x7ffd1a49cbc0, phEvent=0x2ba560f8)
<LEVEL_ZERO>[DEBUG]: ze_event_pool_desc_t flags set to: 1
[2026-10-08 00:59:39.319] [thread-id: 129269081074880] [trace] zexCounterBasedEventCreate2(hContext, hDevice, desc, phEvent)
[2026-10-08 00:59:39.319] [thread-id: 129269081074880] [trace] SUCCESS (ZE_RESULT_SUCCESS) in zexCounterBasedEventCreate2(hContext=0x2ba0d738, hDevice=0x2b9f6f28, desc=0x7ffd1a49cbc0, phEvent=0x2ba567f8)
<LEVEL_ZERO>[DEBUG]: ze_event_pool_desc_t flags set to: 1
[2026-10-08 00:59:39.319] [thread-id: 129269081074880] [trace] zexCounterBasedEventCreate2(hContext, hDevice, desc, phEvent)
[2026-10-08 00:59:39.319] [thread-id: 129269081074880] [trace] SUCCESS (ZE_RESULT_SUCCESS) in zexCounterBasedEventCreate2(hContext=0x2ba0d738, hDevice=0x2b9f6f28, desc=0x7ffd1a49cbc0, phEvent=0x2ba56d08)
<LEVEL_ZERO>[DEBUG]: ze_event_pool_desc_t flags set to: 1
[2026-10-08 00:59:39.319] [thread-id: 129269081074880] [trace] zexCounterBasedEventCreate2(hContext, hDevice, desc, phEvent)
[2026-10-08 00:59:39.319] [thread-id: 129269081074880] [trace] SUCCESS (ZE_RESULT_SUCCESS) in zexCounterBasedEventCreate2(hContext=0x2ba0d738, hDevice=0x2b9f6f28, desc=0x7ffd1a49cbc0, phEvent=0x2ba57408)
<LEVEL_ZERO>[DEBUG]: ze_event_pool_desc_t flags set to: 1
[2026-10-08 00:59:39.319] [thread-id: 129269081074880] [trace] zexCounterBasedEventCreate2(hContext, hDevice, desc, phEvent)
[2026-10-08 00:59:39.319] [thread-id: 129269081074880] [trace] SUCCESS (ZE_RESULT_SUCCESS) in zexCounterBasedEventCreate2(hContext=0x2ba0d738, hDevice=0x2b9f6f28, desc=0x7ffd1a49cbc0, phEvent=0x2ba57918)
<LEVEL_ZERO>[DEBUG]: ze_event_pool_desc_t flags set to: 1
[2026-10-08 00:59:39.319] [thread-id: 129269081074880] [trace] zexCounterBasedEventCreate2(hContext, hDevice, desc, phEvent)
[2026-10-08 00:59:39.319] [thread-id: 129269081074880] [trace] SUCCESS (ZE_RESULT_SUCCESS) in zexCounterBasedEventCreate2(hContext=0x2ba0d738, hDevice=0x2b9f6f28, desc=0x7ffd1a49cbc0, phEvent=0x2ba58018)
<LEVEL_ZERO>[DEBUG]: ze_event_pool_desc_t flags set to: 1
[2026-10-08 00:59:39.319] [thread-id: 129269081074880] [trace] zexCounterBasedEventCreate2(hContext, hDevice, desc, phEvent)
[2026-10-08 00:59:39.319] [thread-id: 129269081074880] [trace] SUCCESS (ZE_RESULT_SUCCESS) in zexCounterBasedEventCreate2(hContext=0x2ba0d738, hDevice=0x2b9f6f28, desc=0x7ffd1a49cbc0, phEvent=0x2ba58528)
<LEVEL_ZERO>[DEBUG]: ze_event_pool_desc_t flags set to: 1
[2026-10-08 00:59:39.319] [thread-id: 129269081074880] [trace] zexCounterBasedEventCreate2(hContext, hDevice, desc, phEvent)
[2026-10-08 00:59:39.319] [thread-id: 129269081074880] [trace] SUCCESS (ZE_RESULT_SUCCESS) in zexCounterBasedEventCreate2(hContext=0x2ba0d738, hDevice=0x2b9f6f28, desc=0x7ffd1a49cbc0, phEvent=0x2ba58c28)
<LEVEL_ZERO>[DEBUG]: ze_event_pool_desc_t flags set to: 1
[2026-10-08 00:59:39.319] [thread-id: 129269081074880] [trace] zexCounterBasedEventCreate2(hContext, hDevice, desc, phEvent)
[2026-10-08 00:59:39.319] [thread-id: 129269081074880] [trace] SUCCESS (ZE_RESULT_SUCCESS) in zexCounterBasedEventCreate2(hContext=0x2ba0d738, hDevice=0x2b9f6f28, desc=0x7ffd1a49cbc0, phEvent=0x2ba59138)
<LEVEL_ZERO>[DEBUG]: ze_event_pool_desc_t flags set to: 1
[2026-10-08 00:59:39.319] [thread-id: 129269081074880] [trace] zexCounterBasedEventCreate2(hContext, hDevice, desc, phEvent)
[2026-10-08 00:59:39.319] [thread-id: 129269081074880] [trace] SUCCESS (ZE_RESULT_SUCCESS) in zexCounterBasedEventCreate2(hContext=0x2ba0d738, hDevice=0x2b9f6f28, desc=0x7ffd1a49cbc0, phEvent=0x2ba59ab8)
<LEVEL_ZERO>[DEBUG]: ze_event_pool_desc_t flags set to: 1
[2026-10-08 00:59:39.319] [thread-id: 129269081074880] [trace] zexCounterBasedEventCreate2(hContext, hDevice, desc, phEvent)
[2026-10-08 00:59:39.319] [thread-id: 129269081074880] [trace] SUCCESS (ZE_RESULT_SUCCESS) in zexCounterBasedEventCreate2(hContext=0x2ba0d738, hDevice=0x2b9f6f28, desc=0x7ffd1a49cbc0, phEvent=0x2ba59fc8)
<LEVEL_ZERO>[DEBUG]: ze_event_pool_desc_t flags set to: 1
[2026-10-08 00:59:39.319] [thread-id: 129269081074880] [trace] zexCounterBasedEventCreate2(hContext, hDevice, desc, phEvent)
[2026-10-08 00:59:39.319] [thread-id: 129269081074880] [trace] SUCCESS (ZE_RESULT_SUCCESS) in zexCounterBasedEventCreate2(hContext=0x2ba0d738, hDevice=0x2b9f6f28, desc=0x7ffd1a49cbc0, phEvent=0x2ba5a6c8)
<LEVEL_ZERO>[DEBUG]: ze_event_pool_desc_t flags set to: 1
[2026-10-08 00:59:39.319] [thread-id: 129269081074880] [trace] zexCounterBasedEventCreate2(hContext, hDevice, desc, phEvent)
[2026-10-08 00:59:39.319] [thread-id: 129269081074880] [trace] SUCCESS (ZE_RESULT_SUCCESS) in zexCounterBasedEventCreate2(hContext=0x2ba0d738, hDevice=0x2b9f6f28, desc=0x7ffd1a49cbc0, phEvent=0x2ba5abd8)
<LEVEL_ZERO>[DEBUG]: ze_event_pool_desc_t flags set to: 1
[2026-10-08 00:59:39.319] [thread-id: 129269081074880] [trace] zexCounterBasedEventCreate2(hContext, hDevice, desc, phEvent)
[2026-10-08 00:59:39.319] [thread-id: 129269081074880] [trace] SUCCESS (ZE_RESULT_SUCCESS) in zexCounterBasedEventCreate2(hContext=0x2ba0d738, hDevice=0x2b9f6f28, desc=0x7ffd1a49cbc0, phEvent=0x2ba5b2d8)
<LEVEL_ZERO>[DEBUG]: ze_event_pool_desc_t flags set to: 1
[2026-10-08 00:59:39.319] [thread-id: 129269081074880] [trace] zexCounterBasedEventCreate2(hContext, hDevice, desc, phEvent)
[2026-10-08 00:59:39.319] [thread-id: 129269081074880] [trace] SUCCESS (ZE_RESULT_SUCCESS) in zexCounterBasedEventCreate2(hContext=0x2ba0d738, hDevice=0x2b9f6f28, desc=0x7ffd1a49cbc0, phEvent=0x2ba5b7e8)
<LEVEL_ZERO>[DEBUG]: ze_event_pool_desc_t flags set to: 1
[2026-10-08 00:59:39.319] [thread-id: 129269081074880] [trace] zexCounterBasedEventCreate2(hContext, hDevice, desc, phEvent)
[2026-10-08 00:59:39.319] [thread-id: 129269081074880] [trace] SUCCESS (ZE_RESULT_SUCCESS) in zexCounterBasedEventCreate2(hContext=0x2ba0d738, hDevice=0x2b9f6f28, desc=0x7ffd1a49cbc0, phEvent=0x2ba5bee8)
<LEVEL_ZERO>[DEBUG]: ze_event_pool_desc_t flags set to: 1
[2026-10-08 00:59:39.319] [thread-id: 129269081074880] [trace] zexCounterBasedEventCreate2(hContext, hDevice, desc, phEvent)
[2026-10-08 00:59:39.319] [thread-id: 129269081074880] [trace] SUCCESS (ZE_RESULT_SUCCESS) in zexCounterBasedEventCreate2(hContext=0x2ba0d738, hDevice=0x2b9f6f28, desc=0x7ffd1a49cbc0, phEvent=0x2ba5c3f8)
<LEVEL_ZERO>[DEBUG]: ze_event_pool_desc_t flags set to: 1
[2026-10-08 00:59:39.319] [thread-id: 129269081074880] [trace] zexCounterBasedEventCreate2(hContext, hDevice, desc, phEvent)
[2026-10-08 00:59:39.319] [thread-id: 129269081074880] [trace] SUCCESS (ZE_RESULT_SUCCESS) in zexCounterBasedEventCreate2(hContext=0x2ba0d738, hDevice=0x2b9f6f28, desc=0x7ffd1a49cbc0, phEvent=0x2ba5caf8)
<LEVEL_ZERO>[DEBUG]: ze_event_pool_desc_t flags set to: 1
[2026-10-08 00:59:39.319] [thread-id: 129269081074880] [trace] zexCounterBasedEventCreate2(hContext, hDevice, desc, phEvent)
[2026-10-08 00:59:39.319] [thread-id: 129269081074880] [trace] SUCCESS (ZE_RESULT_SUCCESS) in zexCounterBasedEventCreate2(hContext=0x2ba0d738, hDevice=0x2b9f6f28, desc=0x7ffd1a49cbc0, phEvent=0x2ba5d008)
<LEVEL_ZERO>[DEBUG]: ze_event_pool_desc_t flags set to: 1
[2026-10-08 00:59:39.319] [thread-id: 129269081074880] [trace] zexCounterBasedEventCreate2(hContext, hDevice, desc, phEvent)
[2026-10-08 00:59:39.319] [thread-id: 129269081074880] [trace] SUCCESS (ZE_RESULT_SUCCESS) in zexCounterBasedEventCreate2(hContext=0x2ba0d738, hDevice=0x2b9f6f28, desc=0x7ffd1a49cbc0, phEvent=0x2ba5d708)
<LEVEL_ZERO>[DEBUG]: ze_event_pool_desc_t flags set to: 1
[2026-10-08 00:59:39.319] [thread-id: 129269081074880] [trace] zexCounterBasedEventCreate2(hContext, hDevice, desc, phEvent)
[2026-10-08 00:59:39.319] [thread-id: 129269081074880] [trace] SUCCESS (ZE_RESULT_SUCCESS) in zexCounterBasedEventCreate2(hContext=0x2ba0d738, hDevice=0x2b9f6f28, desc=0x7ffd1a49cbc0, phEvent=0x2ba5dc18)
[2026-10-08 00:59:39.319] [thread-id: 129269081074880] [trace] zeCommandListAppendMemoryCopy(hCommandList, dstptr, srcptr, size, hSignalEvent, numWaitEvents, phWaitEventsLocal)
[2026-10-08 00:59:39.323] [thread-id: 129269081074880] [trace] SUCCESS (ZE_RESULT_SUCCESS) in zeCommandListAppendMemoryCopy(hCommandList=0x2ba14d88, dstptr=0xffffffffff600000, srcptr=0x2ba258a0, size=65536, hSignalEvent=0x2ba5dc18, numWaitEvents=0, phWaitEvents=nullptr)
   <--- urEnqueueUSMMemcpy(.hQueue = 0x2ba140a0, .blocking = 0, .pDst = 0xffffffffff600000, .pSrc = 0x2ba258a0, .size = 65536, .numEventsInWaitList = 0, .phEventWaitList = nullptr, .phEvent = 0x7ffd1a49d1c0 (0x2ba5d600)) -> UR_RESULT_SUCCESS;
   ---> urEventWait
[2026-10-08 00:59:39.323] [thread-id: 129269081074880] [trace] zeEventHostSynchronize(hEvent, timeout)
[2026-10-08 00:59:39.323] [thread-id: 129269081074880] [trace] SUCCESS (ZE_RESULT_SUCCESS) in zeEventHostSynchronize(hEvent=0x2ba5dc18, timeout=18446744073709551615)
   <--- urEventWait(.numEvents = 1, .phEventWaitList = 0x7ffd1a49d210 {0x2ba5d600}) -> UR_RESULT_SUCCESS;
   ---> urEventRelease
   <--- urEventRelease(.hEvent = 0x2ba5d600) -> UR_RESULT_SUCCESS;
   ---> urDeviceGetInfo
[2026-10-08 00:59:39.323] [thread-id: 129269081074880] [trace] zeDeviceGetComputeProperties(hDevice, pComputeProperties)
[2026-10-08 00:59:39.323] [thread-id: 129269081074880] [trace] SUCCESS (ZE_RESULT_SUCCESS) in zeDeviceGetComputeProperties(hDevice=0x2b9f6f28, pComputeProperties={stype=0x2ba0c280, maxTotalGroupSize=1024, maxGroupSizeX=1024, maxGroupSizeY=1024, maxGroupSizeZ=1024, maxGroupCountX=4294967295, maxGroupCountY=4294967295, maxGroupCountZ=4294967295, maxSharedLocalMemory=131072, numSubGroupSizes=2, subGroupSizes=16})
   <--- urDeviceGetInfo(.hDevice = 0x2ba0c040, .propName = UR_DEVICE_INFO_MAX_WORK_GROUPS_3D, .propSize = 24, .pPropValue = {4294967295, 4294967295, 4294967295}, .pPropSizeRet = nullptr) -> UR_RESULT_SUCCESS;
   ---> urDeviceSelectBinary
   <--- urDeviceSelectBinary(.hDevice = 0x2ba0c040, .pBinaries = 0x2ba86a50 ((struct ur_device_binary_t){.stype = UR_STRUCTURE_TYPE_CONTEXT_PROPERTIES, .pNext = nullptr, .pDeviceTargetSpec = 0x7591d08833c0 (spir64)}), .NumBinaries = 1, .pSelectedBinary = 0x7ffd1a49c71c (0)) -> UR_RESULT_SUCCESS;
   ---> urPlatformGetBackendOption
   <--- urPlatformGetBackendOption(.hPlatform = 0x2ba0a810, .pFrontendOption = 0x7ffd1a49c228 (-O2), .ppPlatformOption = 0x7ffd1a49c1f8 (0x7591cd8f1975 (-ze-opt-level=2))) -> UR_RESULT_SUCCESS;
   ---> urDeviceGetInfo
   <--- urDeviceGetInfo(.hDevice = 0x2ba0c040, .propName = UR_DEVICE_INFO_VENDOR_ID, .propSize = 4, .pPropValue = 0x7ffd1a49c178 (32902), .pPropSizeRet = nullptr) -> UR_RESULT_SUCCESS;
   ---> urDeviceGetInfo
   <--- urDeviceGetInfo(.hDevice = 0x2ba0c040, .propName = UR_DEVICE_INFO_DEVICE_ID, .propSize = 0, .pPropValue = nullptr, .pPropSizeRet = 0x7ffd1a49c000 (4)) -> UR_RESULT_SUCCESS;
   ---> urDeviceGetInfo
   <--- urDeviceGetInfo(.hDevice = 0x2ba0c040, .propName = UR_DEVICE_INFO_DEVICE_ID, .propSize = 4, .pPropValue = 0x7ffd1a49c148 (57868), .pPropSizeRet = nullptr) -> UR_RESULT_SUCCESS;
   ---> urDeviceGetInfo
   <--- urDeviceGetInfo(.hDevice = 0x2ba0c040, .propName = UR_DEVICE_INFO_COMPILER_AVAILABLE, .propSize = 1, .pPropValue = 0x7ffd1a49c1e0 (true), .pPropSizeRet = nullptr) -> UR_RESULT_SUCCESS;
   ---> urProgramCreateWithIL
   <--- urProgramCreateWithIL(.hContext = 0x2ba10b90, .pIL = 0x415b20, .length = 2080, .pProperties = nullptr, .phProgram = 0x7ffd1a49c300 (0x2ba4ea10)) -> UR_RESULT_SUCCESS;
   ---> urProgramBuildExp
[2026-10-08 00:59:39.323] [thread-id: 129269081074880] [trace] zeModuleCreate(hContext, hDevice, desc, phModule, phBuildLog)
[2026-10-08 00:59:39.324] [thread-id: 129269081074880] [trace] SUCCESS (ZE_RESULT_SUCCESS) in zeModuleCreate(hContext=0x2ba0d738, hDevice=0x2b9f6f28, desc={stype=0x7ffd1a49bf80, format=0x7ffd1a49bf90, inputSize=2080, pInputModule=3, pBuildFlags=" -ze-opt-level=2", pConstants={numConstants=0, pConstantIds=nullptr, pConstantValues=nullptr}}, phModule=0x2ba61d18, phBuildLog=0x2ba87818)
[2026-10-08 00:59:39.324] [thread-id: 129269081074880] [trace] zeModuleGetProperties(hModule, pModuleProperties)
[2026-10-08 00:59:39.324] [thread-id: 129269081074880] [trace] SUCCESS (ZE_RESULT_SUCCESS) in zeModuleGetProperties(hModule=0x2ba61d18, pModuleProperties={stype=0x7ffd1a49bef0, flags=0})
   <--- urProgramBuildExp(.hProgram = 0x2ba4ea10, .numDevices = 1, .phDevices = 0x2ba86a50 {0x2ba0c040}, .flags = 0, .pOptions = 0x2ba86a70 ( -ze-opt-level=2)) -> UR_RESULT_SUCCESS;
   ---> urProgramRetain
   <--- urProgramRetain(.hProgram = 0x2ba4ea10) -> UR_RESULT_SUCCESS;
   ---> urKernelCreate
[2026-10-08 00:59:39.324] [thread-id: 129269081074880] [trace] zeKernelCreate(hModule, desc, phKernel)
[2026-10-08 00:59:39.324] [thread-id: 129269081074880] [trace] SUCCESS (ZE_RESULT_SUCCESS) in zeKernelCreate(hModule=0x2ba61d18, desc={stype=0x7ffd1a49c610, flags=0, pKernelName="_ZTSZ4mainEUlN4sycl3_V12idILi1EEEE_"}, phKernel=0x2ba9e748)
[2026-10-08 00:59:39.324] [thread-id: 129269081074880] [trace] zeKernelGetName(hKernel, pSize, pName)
[2026-10-08 00:59:39.324] [thread-id: 129269081074880] [trace] SUCCESS (ZE_RESULT_SUCCESS) in zeKernelGetName(hKernel=0x2ba9e748, pSize=36, pName=nullptr)
[2026-10-08 00:59:39.324] [thread-id: 129269081074880] [trace] zeKernelGetName(hKernel, pSize, pName)
[2026-10-08 00:59:39.324] [thread-id: 129269081074880] [trace] SUCCESS (ZE_RESULT_SUCCESS) in zeKernelGetName(hKernel=0x2ba9e748, pSize=36, pName="_ZTSZ4mainEUlN4sycl3_V12idILi1EEEE_")
[2026-10-08 00:59:39.324] [thread-id: 129269081074880] [trace] zeKernelGetProperties(hKernel, pKernelProperties)
[2026-10-08 00:59:39.324] [thread-id: 129269081074880] [trace] SUCCESS (ZE_RESULT_SUCCESS) in zeKernelGetProperties(hKernel=0x2ba9e748, pKernelProperties={stype=0x2ba7fb48, numKernelArgs=1, requiredGroupSizeX=0, requiredGroupSizeY=0, requiredGroupSizeZ=0, requiredNumSubGroups=0, requiredSubgroupSize=0, maxSubgroupSize=32, maxNumSubgroups=32, localMemSize=0, privateMemSize=0, spillMemSize=0, uuid={kid=0, mid=0}})
   <--- urKernelCreate(.hProgram = 0x2ba4ea10, .pKernelName = 0x4131d2 (_ZTSZ4mainEUlN4sycl3_V12idILi1EEEE_), .phKernel = 0x7ffd1a49c930 (0x2ba99d40)) -> UR_RESULT_SUCCESS;
   ---> urKernelSetExecInfo
[2026-10-08 00:59:39.324] [thread-id: 129269081074880] [trace] zeKernelSetIndirectAccess(hKernel, flags)
[2026-10-08 00:59:39.324] [thread-id: 129269081074880] [trace] SUCCESS (ZE_RESULT_SUCCESS) in zeKernelSetIndirectAccess(hKernel=0x2ba9e748, flags=7)
   <--- urKernelSetExecInfo(.hKernel = 0x2ba99d40, .propName = UR_KERNEL_EXEC_INFO_USM_INDIRECT_ACCESS, .propSize = 1, .pProperties = nullptr, .pPropValue = 0x7ffd1a49c92f (true)) -> UR_RESULT_SUCCESS;
   ---> urKernelRetain
   <--- urKernelRetain(.hKernel = 0x2ba99d40) -> UR_RESULT_SUCCESS;
   ---> urKernelGetGroupInfo
   <--- urKernelGetGroupInfo(.hKernel = 0x2ba99d40, .hDevice = 0x2ba0c040, .propName = UR_KERNEL_GROUP_INFO_COMPILE_WORK_GROUP_SIZE, .propSize = 24, .pPropValue = {0, 0, 0}, .pPropSizeRet = nullptr) -> UR_RESULT_SUCCESS;
   ---> urEnqueueKernelLaunchWithArgsExp
[2026-10-08 00:59:39.324] [thread-id: 129269081074880] [trace] zeKernelSuggestGroupSize(hKernel, globalSizeX, globalSizeY, globalSizeZ, groupSizeX, groupSizeY, groupSizeZ)
[2026-10-08 00:59:39.324] [thread-id: 129269081074880] [trace] SUCCESS (ZE_RESULT_SUCCESS) in zeKernelSuggestGroupSize(hKernel=0x2ba9e748, globalSizeX=16384, globalSizeY=1, globalSizeZ=1, groupSizeX=1024, groupSizeY=1, groupSizeZ=1)
[2026-10-08 00:59:39.324] [thread-id: 129269081074880] [trace] zeKernelSetGroupSize(hKernel, groupSizeX, groupSizeY, groupSizeZ)
[2026-10-08 00:59:39.324] [thread-id: 129269081074880] [trace] SUCCESS (ZE_RESULT_SUCCESS) in zeKernelSetGroupSize(hKernel=0x2ba9e748, groupSizeX=1024, groupSizeY=1, groupSizeZ=1)
[2026-10-08 00:59:39.324] [thread-id: 129269081074880] [trace] zeCommandListAppendLaunchKernelWithArguments(hCommandList, hKernel, groupCounts, groupSizes, pArguments, pNext, hSignalEvent, numWaitEvents, phWaitEventsLocal)
[2026-10-08 00:59:39.325] [thread-id: 129269081074880] [trace] SUCCESS (ZE_RESULT_SUCCESS) in zeCommandListAppendLaunchKernelWithArguments(hCommandList=0x2ba14d88, hKernel=0x2ba9e748, groupCounts={groupCountX=16, groupCountY=1, groupCountZ=1}, groupSizes={groupSizeX=1024, groupSizeY=1, groupSizeZ=1}, pArguments=0x2ba9ee90, pNext=nullptr, hSignalEvent=0x2ba5dc18, numWaitEvents=0, phWaitEvents=nullptr)
   <--- urEnqueueKernelLaunchWithArgsExp(.hQueue = 0x2ba140a0, .hKernel = 0x2ba99d40, .workDim = 1, .pGlobalWorkOffset = nullptr, .pGlobalWorkSize = 0x7ffd1a49d0f0 (16384), .pLocalWorkSize = nullptr, .numArgs = 1, .pArgs = 0x2ba9a8d0 {(struct ur_exp_kernel_arg_properties_t){.stype = UR_STRUCTURE_TYPE_EXP_KERNEL_ARG_PROPERTIES, .pNext = nullptr, .type = UR_EXP_KERNEL_ARG_TYPE_POINTER, .index = 0, .size = 8, .value = (union ur_exp_kernel_arg_value_t){.pointer = 0xffffffffff600000}}}, .launchPropList = nullptr, .numEventsInWaitList = 0, .phEventWaitList = nullptr, .phEvent = 0x7ffd1a49cb10 (0x2ba5d600)) -> UR_RESULT_SUCCESS;
   ---> urEventWait
[2026-10-08 00:59:39.325] [thread-id: 129269081074880] [trace] zeEventHostSynchronize(hEvent, timeout)
[2026-10-08 00:59:39.325] [thread-id: 129269081074880] [trace] SUCCESS (ZE_RESULT_SUCCESS) in zeEventHostSynchronize(hEvent=0x2ba5dc18, timeout=18446744073709551615)
   <--- urEventWait(.numEvents = 1, .phEventWaitList = 0x7ffd1a49d210 {0x2ba5d600}) -> UR_RESULT_SUCCESS;
   ---> urEventRelease
   <--- urEventRelease(.hEvent = 0x2ba5d600) -> UR_RESULT_SUCCESS;
   ---> urEnqueueUSMMemcpy
[2026-10-08 00:59:39.325] [thread-id: 129269081074880] [trace] zeCommandListAppendMemoryCopy(hCommandList, dstptr, srcptr, size, hSignalEvent, numWaitEvents, phWaitEventsLocal)
[2026-10-08 00:59:39.325] [thread-id: 129269081074880] [trace] SUCCESS (ZE_RESULT_SUCCESS) in zeCommandListAppendMemoryCopy(hCommandList=0x2ba14d88, dstptr=0x2ba358b0, srcptr=0xffffffffff600000, size=65536, hSignalEvent=0x2ba5dc18, numWaitEvents=0, phWaitEvents=nullptr)
   <--- urEnqueueUSMMemcpy(.hQueue = 0x2ba140a0, .blocking = 0, .pDst = 0x2ba358b0, .pSrc = 0xffffffffff600000, .size = 65536, .numEventsInWaitList = 0, .phEventWaitList = nullptr, .phEvent = 0x7ffd1a49d1c0 (0x2ba5d600)) -> UR_RESULT_SUCCESS;
   ---> urEventWait
[2026-10-08 00:59:39.325] [thread-id: 129269081074880] [trace] zeEventHostSynchronize(hEvent, timeout)
[2026-10-08 00:59:39.325] [thread-id: 129269081074880] [trace] SUCCESS (ZE_RESULT_SUCCESS) in zeEventHostSynchronize(hEvent=0x2ba5dc18, timeout=18446744073709551615)
   <--- urEventWait(.numEvents = 1, .phEventWaitList = 0x7ffd1a49d210 {0x2ba5d600}) -> UR_RESULT_SUCCESS;
   ---> urEventRelease
   <--- urEventRelease(.hEvent = 0x2ba5d600) -> UR_RESULT_SUCCESS;
   ---> urEnqueueUSMMemcpy
[2026-10-08 00:59:39.326] [thread-id: 129269081074880] [trace] zeCommandListAppendMemoryCopy(hCommandList, dstptr, srcptr, size, hSignalEvent, numWaitEvents, phWaitEventsLocal)
[2026-10-08 00:59:39.326] [thread-id: 129269081074880] [trace] SUCCESS (ZE_RESULT_SUCCESS) in zeCommandListAppendMemoryCopy(hCommandList=0x2ba14d88, dstptr=0xffffffffff600000, srcptr=0x2ba258a0, size=65536, hSignalEvent=0x2ba5dc18, numWaitEvents=0, phWaitEvents=nullptr)
   <--- urEnqueueUSMMemcpy(.hQueue = 0x2ba140a0, .blocking = 0, .pDst = 0xffffffffff600000, .pSrc = 0x2ba258a0, .size = 65536, .numEventsInWaitList = 0, .phEventWaitList = nullptr, .phEvent = 0x7ffd1a49d1c0 (0x2ba5d600)) -> UR_RESULT_SUCCESS;
   ---> urEventWait
[2026-10-08 00:59:39.326] [thread-id: 129269081074880] [trace] zeEventHostSynchronize(hEvent, timeout)
[2026-10-08 00:59:39.326] [thread-id: 129269081074880] [trace] SUCCESS (ZE_RESULT_SUCCESS) in zeEventHostSynchronize(hEvent=0x2ba5dc18, timeout=18446744073709551615)
   <--- urEventWait(.numEvents = 1, .phEventWaitList = 0x7ffd1a49d210 {0x2ba5d600}) -> UR_RESULT_SUCCESS;
   ---> urEventRelease
   <--- urEventRelease(.hEvent = 0x2ba5d600) -> UR_RESULT_SUCCESS;
   ---> urDeviceGetInfo
   <--- urDeviceGetInfo(.hDevice = 0x2ba0c040, .propName = UR_DEVICE_INFO_MAX_WORK_GROUPS_3D, .propSize = 24, .pPropValue = {4294967295, 4294967295, 4294967295}, .pPropSizeRet = nullptr) -> UR_RESULT_SUCCESS;
   ---> urKernelGetGroupInfo
   <--- urKernelGetGroupInfo(.hKernel = 0x2ba99d40, .hDevice = 0x2ba0c040, .propName = UR_KERNEL_GROUP_INFO_COMPILE_WORK_GROUP_SIZE, .propSize = 24, .pPropValue = {0, 0, 0}, .pPropSizeRet = nullptr) -> UR_RESULT_SUCCESS;
   ---> urEnqueueKernelLaunchWithArgsExp
[2026-10-08 00:59:39.326] [thread-id: 129269081074880] [trace] zeKernelSuggestGroupSize(hKernel, globalSizeX, globalSizeY, globalSizeZ, groupSizeX, groupSizeY, groupSizeZ)
[2026-10-08 00:59:39.326] [thread-id: 129269081074880] [trace] SUCCESS (ZE_RESULT_SUCCESS) in zeKernelSuggestGroupSize(hKernel=0x2ba9e748, globalSizeX=16384, globalSizeY=1, globalSizeZ=1, groupSizeX=1024, groupSizeY=1, groupSizeZ=1)
[2026-10-08 00:59:39.326] [thread-id: 129269081074880] [trace] zeKernelSetGroupSize(hKernel, groupSizeX, groupSizeY, groupSizeZ)
[2026-10-08 00:59:39.326] [thread-id: 129269081074880] [trace] SUCCESS (ZE_RESULT_SUCCESS) in zeKernelSetGroupSize(hKernel=0x2ba9e748, groupSizeX=1024, groupSizeY=1, groupSizeZ=1)
[2026-10-08 00:59:39.326] [thread-id: 129269081074880] [trace] zeCommandListAppendLaunchKernelWithArguments(hCommandList, hKernel, groupCounts, groupSizes, pArguments, pNext, hSignalEvent, numWaitEvents, phWaitEventsLocal)
[2026-10-08 00:59:39.326] [thread-id: 129269081074880] [trace] SUCCESS (ZE_RESULT_SUCCESS) in zeCommandListAppendLaunchKernelWithArguments(hCommandList=0x2ba14d88, hKernel=0x2ba9e748, groupCounts={groupCountX=16, groupCountY=1, groupCountZ=1}, groupSizes={groupSizeX=1024, groupSizeY=1, groupSizeZ=1}, pArguments=0x2ba9ee90, pNext=nullptr, hSignalEvent=0x2ba5dc18, numWaitEvents=0, phWaitEvents=nullptr)
   <--- urEnqueueKernelLaunchWithArgsExp(.hQueue = 0x2ba140a0, .hKernel = 0x2ba99d40, .workDim = 1, .pGlobalWorkOffset = nullptr, .pGlobalWorkSize = 0x7ffd1a49d0f0 (16384), .pLocalWorkSize = nullptr, .numArgs = 1, .pArgs = 0x2ba9a8d0 {(struct ur_exp_kernel_arg_properties_t){.stype = UR_STRUCTURE_TYPE_EXP_KERNEL_ARG_PROPERTIES, .pNext = nullptr, .type = UR_EXP_KERNEL_ARG_TYPE_POINTER, .index = 0, .size = 8, .value = (union ur_exp_kernel_arg_value_t){.pointer = 0xffffffffff600000}}}, .launchPropList = nullptr, .numEventsInWaitList = 0, .phEventWaitList = nullptr, .phEvent = 0x7ffd1a49cb10 (0x2ba5d600)) -> UR_RESULT_SUCCESS;
   ---> urEventWait
[2026-10-08 00:59:39.326] [thread-id: 129269081074880] [trace] zeEventHostSynchronize(hEvent, timeout)
[2026-10-08 00:59:39.326] [thread-id: 129269081074880] [trace] SUCCESS (ZE_RESULT_SUCCESS) in zeEventHostSynchronize(hEvent=0x2ba5dc18, timeout=18446744073709551615)
   <--- urEventWait(.numEvents = 1, .phEventWaitList = 0x7ffd1a49d210 {0x2ba5d600}) -> UR_RESULT_SUCCESS;
   ---> urEventRelease
   <--- urEventRelease(.hEvent = 0x2ba5d600) -> UR_RESULT_SUCCESS;
   ---> urEnqueueUSMMemcpy
[2026-10-08 00:59:39.326] [thread-id: 129269081074880] [trace] zeCommandListAppendMemoryCopy(hCommandList, dstptr, srcptr, size, hSignalEvent, numWaitEvents, phWaitEventsLocal)
[2026-10-08 00:59:39.326] [thread-id: 129269081074880] [trace] SUCCESS (ZE_RESULT_SUCCESS) in zeCommandListAppendMemoryCopy(hCommandList=0x2ba14d88, dstptr=0x2ba358b0, srcptr=0xffffffffff600000, size=65536, hSignalEvent=0x2ba5dc18, numWaitEvents=0, phWaitEvents=nullptr)
   <--- urEnqueueUSMMemcpy(.hQueue = 0x2ba140a0, .blocking = 0, .pDst = 0x2ba358b0, .pSrc = 0xffffffffff600000, .size = 65536, .numEventsInWaitList = 0, .phEventWaitList = nullptr, .phEvent = 0x7ffd1a49d1c0 (0x2ba5d600)) -> UR_RESULT_SUCCESS;
   ---> urEventWait
[2026-10-08 00:59:39.326] [thread-id: 129269081074880] [trace] zeEventHostSynchronize(hEvent, timeout)
[2026-10-08 00:59:39.326] [thread-id: 129269081074880] [trace] SUCCESS (ZE_RESULT_SUCCESS) in zeEventHostSynchronize(hEvent=0x2ba5dc18, timeout=18446744073709551615)
   <--- urEventWait(.numEvents = 1, .phEventWaitList = 0x7ffd1a49d210 {0x2ba5d600}) -> UR_RESULT_SUCCESS;
   ---> urEventRelease
   <--- urEventRelease(.hEvent = 0x2ba5d600) -> UR_RESULT_SUCCESS;
   ---> urEnqueueUSMMemcpy
[2026-10-08 00:59:39.326] [thread-id: 129269081074880] [trace] zeCommandListAppendMemoryCopy(hCommandList, dstptr, srcptr, size, hSignalEvent, numWaitEvents, phWaitEventsLocal)
[2026-10-08 00:59:39.326] [thread-id: 129269081074880] [trace] SUCCESS (ZE_RESULT_SUCCESS) in zeCommandListAppendMemoryCopy(hCommandList=0x2ba14d88, dstptr=0xffffffffff600000, srcptr=0x2ba258a0, size=65536, hSignalEvent=0x2ba5dc18, numWaitEvents=0, phWaitEvents=nullptr)
   <--- urEnqueueUSMMemcpy(.hQueue = 0x2ba140a0, .blocking = 0, .pDst = 0xffffffffff600000, .pSrc = 0x2ba258a0, .size = 65536, .numEventsInWaitList = 0, .phEventWaitList = nullptr, .phEvent = 0x7ffd1a49d1c0 (0x2ba5d600)) -> UR_RESULT_SUCCESS;
   ---> urEventWait
[2026-10-08 00:59:39.326] [thread-id: 129269081074880] [trace] zeEventHostSynchronize(hEvent, timeout)
[2026-10-08 00:59:39.326] [thread-id: 129269081074880] [trace] SUCCESS (ZE_RESULT_SUCCESS) in zeEventHostSynchronize(hEvent=0x2ba5dc18, timeout=18446744073709551615)
   <--- urEventWait(.numEvents = 1, .phEventWaitList = 0x7ffd1a49d210 {0x2ba5d600}) -> UR_RESULT_SUCCESS;
   ---> urEventRelease
   <--- urEventRelease(.hEvent = 0x2ba5d600) -> UR_RESULT_SUCCESS;
   ---> urDeviceGetInfo
   <--- urDeviceGetInfo(.hDevice = 0x2ba0c040, .propName = UR_DEVICE_INFO_MAX_WORK_GROUPS_3D, .propSize = 24, .pPropValue = {4294967295, 4294967295, 4294967295}, .pPropSizeRet = nullptr) -> UR_RESULT_SUCCESS;
   ---> urKernelGetGroupInfo
   <--- urKernelGetGroupInfo(.hKernel = 0x2ba99d40, .hDevice = 0x2ba0c040, .propName = UR_KERNEL_GROUP_INFO_COMPILE_WORK_GROUP_SIZE, .propSize = 24, .pPropValue = {0, 0, 0}, .pPropSizeRet = nullptr) -> UR_RESULT_SUCCESS;
   ---> urEnqueueKernelLaunchWithArgsExp
[2026-10-08 00:59:39.326] [thread-id: 129269081074880] [trace] zeKernelSuggestGroupSize(hKernel, globalSizeX, globalSizeY, globalSizeZ, groupSizeX, groupSizeY, groupSizeZ)
[2026-10-08 00:59:39.326] [thread-id: 129269081074880] [trace] SUCCESS (ZE_RESULT_SUCCESS) in zeKernelSuggestGroupSize(hKernel=0x2ba9e748, globalSizeX=16384, globalSizeY=1, globalSizeZ=1, groupSizeX=1024, groupSizeY=1, groupSizeZ=1)
[2026-10-08 00:59:39.326] [thread-id: 129269081074880] [trace] zeKernelSetGroupSize(hKernel, groupSizeX, groupSizeY, groupSizeZ)
[2026-10-08 00:59:39.326] [thread-id: 129269081074880] [trace] SUCCESS (ZE_RESULT_SUCCESS) in zeKernelSetGroupSize(hKernel=0x2ba9e748, groupSizeX=1024, groupSizeY=1, groupSizeZ=1)
[2026-10-08 00:59:39.326] [thread-id: 129269081074880] [trace] zeCommandListAppendLaunchKernelWithArguments(hCommandList, hKernel, groupCounts, groupSizes, pArguments, pNext, hSignalEvent, numWaitEvents, phWaitEventsLocal)
[2026-10-08 00:59:39.326] [thread-id: 129269081074880] [trace] SUCCESS (ZE_RESULT_SUCCESS) in zeCommandListAppendLaunchKernelWithArguments(hCommandList=0x2ba14d88, hKernel=0x2ba9e748, groupCounts={groupCountX=16, groupCountY=1, groupCountZ=1}, groupSizes={groupSizeX=1024, groupSizeY=1, groupSizeZ=1}, pArguments=0x2ba9ee90, pNext=nullptr, hSignalEvent=0x2ba5dc18, numWaitEvents=0, phWaitEvents=nullptr)
   <--- urEnqueueKernelLaunchWithArgsExp(.hQueue = 0x2ba140a0, .hKernel = 0x2ba99d40, .workDim = 1, .pGlobalWorkOffset = nullptr, .pGlobalWorkSize = 0x7ffd1a49d0f0 (16384), .pLocalWorkSize = nullptr, .numArgs = 1, .pArgs = 0x2ba9a8d0 {(struct ur_exp_kernel_arg_properties_t){.stype = UR_STRUCTURE_TYPE_EXP_KERNEL_ARG_PROPERTIES, .pNext = nullptr, .type = UR_EXP_KERNEL_ARG_TYPE_POINTER, .index = 0, .size = 8, .value = (union ur_exp_kernel_arg_value_t){.pointer = 0xffffffffff600000}}}, .launchPropList = nullptr, .numEventsInWaitList = 0, .phEventWaitList = nullptr, .phEvent = 0x7ffd1a49cb10 (0x2ba5d600)) -> UR_RESULT_SUCCESS;
   ---> urEventWait
[2026-10-08 00:59:39.327] [thread-id: 129269081074880] [trace] zeEventHostSynchronize(hEvent, timeout)
[2026-10-08 00:59:39.327] [thread-id: 129269081074880] [trace] SUCCESS (ZE_RESULT_SUCCESS) in zeEventHostSynchronize(hEvent=0x2ba5dc18, timeout=18446744073709551615)
   <--- urEventWait(.numEvents = 1, .phEventWaitList = 0x7ffd1a49d210 {0x2ba5d600}) -> UR_RESULT_SUCCESS;
   ---> urEventRelease
   <--- urEventRelease(.hEvent = 0x2ba5d600) -> UR_RESULT_SUCCESS;
   ---> urEnqueueUSMMemcpy
[2026-10-08 00:59:39.327] [thread-id: 129269081074880] [trace] zeCommandListAppendMemoryCopy(hCommandList, dstptr, srcptr, size, hSignalEvent, numWaitEvents, phWaitEventsLocal)
[2026-10-08 00:59:39.327] [thread-id: 129269081074880] [trace] SUCCESS (ZE_RESULT_SUCCESS) in zeCommandListAppendMemoryCopy(hCommandList=0x2ba14d88, dstptr=0x2ba358b0, srcptr=0xffffffffff600000, size=65536, hSignalEvent=0x2ba5dc18, numWaitEvents=0, phWaitEvents=nullptr)
   <--- urEnqueueUSMMemcpy(.hQueue = 0x2ba140a0, .blocking = 0, .pDst = 0x2ba358b0, .pSrc = 0xffffffffff600000, .size = 65536, .numEventsInWaitList = 0, .phEventWaitList = nullptr, .phEvent = 0x7ffd1a49d1c0 (0x2ba5d600)) -> UR_RESULT_SUCCESS;
   ---> urEventWait
[2026-10-08 00:59:39.327] [thread-id: 129269081074880] [trace] zeEventHostSynchronize(hEvent, timeout)
[2026-10-08 00:59:39.327] [thread-id: 129269081074880] [trace] SUCCESS (ZE_RESULT_SUCCESS) in zeEventHostSynchronize(hEvent=0x2ba5dc18, timeout=18446744073709551615)
   <--- urEventWait(.numEvents = 1, .phEventWaitList = 0x7ffd1a49d210 {0x2ba5d600}) -> UR_RESULT_SUCCESS;
   ---> urEventRelease
   <--- urEventRelease(.hEvent = 0x2ba5d600) -> UR_RESULT_SUCCESS;
   ---> urQueueFinish
[2026-10-08 00:59:39.327] [thread-id: 129269081074880] [trace] zeCommandListHostSynchronize(hCommandList, timeout)
[2026-10-08 00:59:39.327] [thread-id: 129269081074880] [trace] SUCCESS (ZE_RESULT_SUCCESS) in zeCommandListHostSynchronize(hCommandList=0x2ba14d88, timeout=18446744073709551615)
   <--- urQueueFinish(.hQueue = 0x2ba140a0) -> UR_RESULT_SUCCESS;
   ---> urUSMFree
   <--- urUSMFree(.hContext = 0x2ba10b90, .pMem = 0xffffffffff600000) -> UR_RESULT_SUCCESS;
   ---> urQueueRelease
[2026-10-08 00:59:39.327] [thread-id: 129269081074880] [trace] zeCommandListHostSynchronize(hCommandList, timeout)
[2026-10-08 00:59:39.327] [thread-id: 129269081074880] [trace] SUCCESS (ZE_RESULT_SUCCESS) in zeCommandListHostSynchronize(hCommandList=0x2ba14d88, timeout=18446744073709551615)
   <--- urQueueRelease(.hQueue = 0x2ba140a0) -> UR_RESULT_SUCCESS;
   ---> urProgramRelease
   <--- urProgramRelease(.hProgram = 0x2ba4ea10) -> UR_RESULT_SUCCESS;
   ---> urKernelRelease
   <--- urKernelRelease(.hKernel = 0x2ba99d40) -> UR_RESULT_SUCCESS;
   ---> urProgramRelease
   <--- urProgramRelease(.hProgram = 0x2ba4ea10) -> UR_RESULT_SUCCESS;
   ---> urKernelRelease
[2026-10-08 00:59:39.327] [thread-id: 129269081074880] [trace] zeKernelDestroy(hKernel)
[2026-10-08 00:59:39.327] [thread-id: 129269081074880] [trace] SUCCESS (ZE_RESULT_SUCCESS) in zeKernelDestroy(hKernel=0x2ba9e748)
[2026-10-08 00:59:39.327] [thread-id: 129269081074880] [trace] zeModuleBuildLogDestroy(hModuleBuildLog)
[2026-10-08 00:59:39.327] [thread-id: 129269081074880] [trace] SUCCESS (ZE_RESULT_SUCCESS) in zeModuleBuildLogDestroy(hModuleBuildLog=0x2ba87818)
[2026-10-08 00:59:39.327] [thread-id: 129269081074880] [trace] zeModuleDestroy(hModule)
[2026-10-08 00:59:39.327] [thread-id: 129269081074880] [trace] SUCCESS (ZE_RESULT_SUCCESS) in zeModuleDestroy(hModule=0x2ba61d18)
   <--- urKernelRelease(.hKernel = 0x2ba99d40) -> UR_RESULT_SUCCESS;
   ---> urContextRelease
[2026-10-08 00:59:39.327] [thread-id: 129269081074880] [trace] zeMemFreeExt(hContext, pMemFreeDesc, ptr)
[2026-10-08 00:59:39.328] [thread-id: 129269081074880] [trace] SUCCESS (ZE_RESULT_SUCCESS) in zeMemFreeExt(hContext=0x2ba0d738, pMemFreeDesc={stype=0x7ffd1a49cf50, freePolicy=1}, ptr=0xffffffffff600000)
[2026-10-08 00:59:39.328] [thread-id: 129269081074880] [trace] zeEventDestroy(hEvent)
[2026-10-08 00:59:39.328] [thread-id: 129269081074880] [trace] SUCCESS (ZE_RESULT_SUCCESS) in zeEventDestroy(hEvent=0x2ba46528)
[2026-10-08 00:59:39.328] [thread-id: 129269081074880] [trace] zeEventDestroy(hEvent)
[2026-10-08 00:59:39.328] [thread-id: 129269081074880] [trace] SUCCESS (ZE_RESULT_SUCCESS) in zeEventDestroy(hEvent=0x2ba46a68)
[2026-10-08 00:59:39.328] [thread-id: 129269081074880] [trace] zeEventDestroy(hEvent)
[2026-10-08 00:59:39.328] [thread-id: 129269081074880] [trace] SUCCESS (ZE_RESULT_SUCCESS) in zeEventDestroy(hEvent=0x2ba47168)
[2026-10-08 00:59:39.328] [thread-id: 129269081074880] [trace] zeEventDestroy(hEvent)
[2026-10-08 00:59:39.328] [thread-id: 129269081074880] [trace] SUCCESS (ZE_RESULT_SUCCESS) in zeEventDestroy(hEvent=0x2ba476c8)
[2026-10-08 00:59:39.328] [thread-id: 129269081074880] [trace] zeEventDestroy(hEvent)
[2026-10-08 00:59:39.328] [thread-id: 129269081074880] [trace] SUCCESS (ZE_RESULT_SUCCESS) in zeEventDestroy(hEvent=0x2ba47dc8)
[2026-10-08 00:59:39.328] [thread-id: 129269081074880] [trace] zeEventDestroy(hEvent)
[2026-10-08 00:59:39.328] [thread-id: 129269081074880] [trace] SUCCESS (ZE_RESULT_SUCCESS) in zeEventDestroy(hEvent=0x2ba482d8)
[2026-10-08 00:59:39.328] [thread-id: 129269081074880] [trace] zeEventDestroy(hEvent)
[2026-10-08 00:59:39.328] [thread-id: 129269081074880] [trace] SUCCESS (ZE_RESULT_SUCCESS) in zeEventDestroy(hEvent=0x2ba489d8)
[2026-10-08 00:59:39.328] [thread-id: 129269081074880] [trace] zeEventDestroy(hEvent)
[2026-10-08 00:59:39.328] [thread-id: 129269081074880] [trace] SUCCESS (ZE_RESULT_SUCCESS) in zeEventDestroy(hEvent=0x2ba48ee8)
[2026-10-08 00:59:39.328] [thread-id: 129269081074880] [trace] zeEventDestroy(hEvent)
[2026-10-08 00:59:39.328] [thread-id: 129269081074880] [trace] SUCCESS (ZE_RESULT_SUCCESS) in zeEventDestroy(hEvent=0x2ba495e8)
[2026-10-08 00:59:39.328] [thread-id: 129269081074880] [trace] zeEventDestroy(hEvent)
[2026-10-08 00:59:39.328] [thread-id: 129269081074880] [trace] SUCCESS (ZE_RESULT_SUCCESS) in zeEventDestroy(hEvent=0x2ba49b98)
[2026-10-08 00:59:39.328] [thread-id: 129269081074880] [trace] zeEventDestroy(hEvent)
[2026-10-08 00:59:39.328] [thread-id: 129269081074880] [trace] SUCCESS (ZE_RESULT_SUCCESS) in zeEventDestroy(hEvent=0x2ba4a298)
[2026-10-08 00:59:39.328] [thread-id: 129269081074880] [trace] zeEventDestroy(hEvent)
[2026-10-08 00:59:39.328] [thread-id: 129269081074880] [trace] SUCCESS (ZE_RESULT_SUCCESS) in zeEventDestroy(hEvent=0x2ba4a7a8)
[2026-10-08 00:59:39.328] [thread-id: 129269081074880] [trace] zeEventDestroy(hEvent)
[2026-10-08 00:59:39.328] [thread-id: 129269081074880] [trace] SUCCESS (ZE_RESULT_SUCCESS) in zeEventDestroy(hEvent=0x2ba4aea8)
[2026-10-08 00:59:39.328] [thread-id: 129269081074880] [trace] zeEventDestroy(hEvent)
[2026-10-08 00:59:39.328] [thread-id: 129269081074880] [trace] SUCCESS (ZE_RESULT_SUCCESS) in zeEventDestroy(hEvent=0x2ba4b3b8)
[2026-10-08 00:59:39.328] [thread-id: 129269081074880] [trace] zeEventDestroy(hEvent)
[2026-10-08 00:59:39.328] [thread-id: 129269081074880] [trace] SUCCESS (ZE_RESULT_SUCCESS) in zeEventDestroy(hEvent=0x2ba4bab8)
[2026-10-08 00:59:39.328] [thread-id: 129269081074880] [trace] zeEventDestroy(hEvent)
[2026-10-08 00:59:39.328] [thread-id: 129269081074880] [trace] SUCCESS (ZE_RESULT_SUCCESS) in zeEventDestroy(hEvent=0x2ba4c0d8)
[2026-10-08 00:59:39.328] [thread-id: 129269081074880] [trace] zeEventDestroy(hEvent)
[2026-10-08 00:59:39.328] [thread-id: 129269081074880] [trace] SUCCESS (ZE_RESULT_SUCCESS) in zeEventDestroy(hEvent=0x2ba4c7d8)
[2026-10-08 00:59:39.328] [thread-id: 129269081074880] [trace] zeEventDestroy(hEvent)
[2026-10-08 00:59:39.328] [thread-id: 129269081074880] [trace] SUCCESS (ZE_RESULT_SUCCESS) in zeEventDestroy(hEvent=0x2ba4cce8)
[2026-10-08 00:59:39.328] [thread-id: 129269081074880] [trace] zeEventDestroy(hEvent)
[2026-10-08 00:59:39.328] [thread-id: 129269081074880] [trace] SUCCESS (ZE_RESULT_SUCCESS) in zeEventDestroy(hEvent=0x2ba4d3e8)
[2026-10-08 00:59:39.328] [thread-id: 129269081074880] [trace] zeEventDestroy(hEvent)
[2026-10-08 00:59:39.328] [thread-id: 129269081074880] [trace] SUCCESS (ZE_RESULT_SUCCESS) in zeEventDestroy(hEvent=0x2ba4d8f8)
[2026-10-08 00:59:39.328] [thread-id: 129269081074880] [trace] zeEventDestroy(hEvent)
[2026-10-08 00:59:39.329] [thread-id: 129269081074880] [trace] SUCCESS (ZE_RESULT_SUCCESS) in zeEventDestroy(hEvent=0x2ba4dff8)
[2026-10-08 00:59:39.329] [thread-id: 129269081074880] [trace] zeEventDestroy(hEvent)
[2026-10-08 00:59:39.329] [thread-id: 129269081074880] [trace] SUCCESS (ZE_RESULT_SUCCESS) in zeEventDestroy(hEvent=0x2ba4e508)
[2026-10-08 00:59:39.329] [thread-id: 129269081074880] [trace] zeEventDestroy(hEvent)
[2026-10-08 00:59:39.329] [thread-id: 129269081074880] [trace] SUCCESS (ZE_RESULT_SUCCESS) in zeEventDestroy(hEvent=0x2ba4ed48)
[2026-10-08 00:59:39.329] [thread-id: 129269081074880] [trace] zeEventDestroy(hEvent)
[2026-10-08 00:59:39.329] [thread-id: 129269081074880] [trace] SUCCESS (ZE_RESULT_SUCCESS) in zeEventDestroy(hEvent=0x2ba4f258)
[2026-10-08 00:59:39.329] [thread-id: 129269081074880] [trace] zeEventDestroy(hEvent)
[2026-10-08 00:59:39.329] [thread-id: 129269081074880] [trace] SUCCESS (ZE_RESULT_SUCCESS) in zeEventDestroy(hEvent=0x2ba4f958)
[2026-10-08 00:59:39.329] [thread-id: 129269081074880] [trace] zeEventDestroy(hEvent)
[2026-10-08 00:59:39.329] [thread-id: 129269081074880] [trace] SUCCESS (ZE_RESULT_SUCCESS) in zeEventDestroy(hEvent=0x2ba4fe68)
[2026-10-08 00:59:39.329] [thread-id: 129269081074880] [trace] zeEventDestroy(hEvent)
[2026-10-08 00:59:39.329] [thread-id: 129269081074880] [trace] SUCCESS (ZE_RESULT_SUCCESS) in zeEventDestroy(hEvent=0x2ba50568)
[2026-10-08 00:59:39.329] [thread-id: 129269081074880] [trace] zeEventDestroy(hEvent)
[2026-10-08 00:59:39.329] [thread-id: 129269081074880] [trace] SUCCESS (ZE_RESULT_SUCCESS) in zeEventDestroy(hEvent=0x2ba50a78)
[2026-10-08 00:59:39.329] [thread-id: 129269081074880] [trace] zeEventDestroy(hEvent)
[2026-10-08 00:59:39.329] [thread-id: 129269081074880] [trace] SUCCESS (ZE_RESULT_SUCCESS) in zeEventDestroy(hEvent=0x2ba51178)
[2026-10-08 00:59:39.329] [thread-id: 129269081074880] [trace] zeEventDestroy(hEvent)
[2026-10-08 00:59:39.329] [thread-id: 129269081074880] [trace] SUCCESS (ZE_RESULT_SUCCESS) in zeEventDestroy(hEvent=0x2ba51688)
[2026-10-08 00:59:39.329] [thread-id: 129269081074880] [trace] zeEventDestroy(hEvent)
[2026-10-08 00:59:39.329] [thread-id: 129269081074880] [trace] SUCCESS (ZE_RESULT_SUCCESS) in zeEventDestroy(hEvent=0x2ba51d88)
[2026-10-08 00:59:39.329] [thread-id: 129269081074880] [trace] zeEventDestroy(hEvent)
[2026-10-08 00:59:39.329] [thread-id: 129269081074880] [trace] SUCCESS (ZE_RESULT_SUCCESS) in zeEventDestroy(hEvent=0x2ba524a8)
[2026-10-08 00:59:39.329] [thread-id: 129269081074880] [trace] zeEventDestroy(hEvent)
[2026-10-08 00:59:39.329] [thread-id: 129269081074880] [trace] SUCCESS (ZE_RESULT_SUCCESS) in zeEventDestroy(hEvent=0x2ba52ba8)
[2026-10-08 00:59:39.329] [thread-id: 129269081074880] [trace] zeEventDestroy(hEvent)
[2026-10-08 00:59:39.329] [thread-id: 129269081074880] [trace] SUCCESS (ZE_RESULT_SUCCESS) in zeEventDestroy(hEvent=0x2ba530b8)
[2026-10-08 00:59:39.329] [thread-id: 129269081074880] [trace] zeEventDestroy(hEvent)
[2026-10-08 00:59:39.329] [thread-id: 129269081074880] [trace] SUCCESS (ZE_RESULT_SUCCESS) in zeEventDestroy(hEvent=0x2ba537b8)
[2026-10-08 00:59:39.329] [thread-id: 129269081074880] [trace] zeEventDestroy(hEvent)
[2026-10-08 00:59:39.329] [thread-id: 129269081074880] [trace] SUCCESS (ZE_RESULT_SUCCESS) in zeEventDestroy(hEvent=0x2ba53cc8)
[2026-10-08 00:59:39.329] [thread-id: 129269081074880] [trace] zeEventDestroy(hEvent)
[2026-10-08 00:59:39.329] [thread-id: 129269081074880] [trace] SUCCESS (ZE_RESULT_SUCCESS) in zeEventDestroy(hEvent=0x2ba543c8)
[2026-10-08 00:59:39.329] [thread-id: 129269081074880] [trace] zeEventDestroy(hEvent)
[2026-10-08 00:59:39.329] [thread-id: 129269081074880] [trace] SUCCESS (ZE_RESULT_SUCCESS) in zeEventDestroy(hEvent=0x2ba548d8)
[2026-10-08 00:59:39.329] [thread-id: 129269081074880] [trace] zeEventDestroy(hEvent)
[2026-10-08 00:59:39.329] [thread-id: 129269081074880] [trace] SUCCESS (ZE_RESULT_SUCCESS) in zeEventDestroy(hEvent=0x2ba54fd8)
[2026-10-08 00:59:39.329] [thread-id: 129269081074880] [trace] zeEventDestroy(hEvent)
[2026-10-08 00:59:39.329] [thread-id: 129269081074880] [trace] SUCCESS (ZE_RESULT_SUCCESS) in zeEventDestroy(hEvent=0x2ba554e8)
[2026-10-08 00:59:39.329] [thread-id: 129269081074880] [trace] zeEventDestroy(hEvent)
[2026-10-08 00:59:39.329] [thread-id: 129269081074880] [trace] SUCCESS (ZE_RESULT_SUCCESS) in zeEventDestroy(hEvent=0x2ba55be8)
[2026-10-08 00:59:39.329] [thread-id: 129269081074880] [trace] zeEventDestroy(hEvent)
[2026-10-08 00:59:39.329] [thread-id: 129269081074880] [trace] SUCCESS (ZE_RESULT_SUCCESS) in zeEventDestroy(hEvent=0x2ba560f8)
[2026-10-08 00:59:39.329] [thread-id: 129269081074880] [trace] zeEventDestroy(hEvent)
[2026-10-08 00:59:39.329] [thread-id: 129269081074880] [trace] SUCCESS (ZE_RESULT_SUCCESS) in zeEventDestroy(hEvent=0x2ba567f8)
[2026-10-08 00:59:39.329] [thread-id: 129269081074880] [trace] zeEventDestroy(hEvent)
[2026-10-08 00:59:39.329] [thread-id: 129269081074880] [trace] SUCCESS (ZE_RESULT_SUCCESS) in zeEventDestroy(hEvent=0x2ba56d08)
[2026-10-08 00:59:39.329] [thread-id: 129269081074880] [trace] zeEventDestroy(hEvent)
[2026-10-08 00:59:39.329] [thread-id: 129269081074880] [trace] SUCCESS (ZE_RESULT_SUCCESS) in zeEventDestroy(hEvent=0x2ba57408)
[2026-10-08 00:59:39.329] [thread-id: 129269081074880] [trace] zeEventDestroy(hEvent)
[2026-10-08 00:59:39.329] [thread-id: 129269081074880] [trace] SUCCESS (ZE_RESULT_SUCCESS) in zeEventDestroy(hEvent=0x2ba57918)
[2026-10-08 00:59:39.329] [thread-id: 129269081074880] [trace] zeEventDestroy(hEvent)
[2026-10-08 00:59:39.329] [thread-id: 129269081074880] [trace] SUCCESS (ZE_RESULT_SUCCESS) in zeEventDestroy(hEvent=0x2ba58018)
[2026-10-08 00:59:39.329] [thread-id: 129269081074880] [trace] zeEventDestroy(hEvent)
[2026-10-08 00:59:39.329] [thread-id: 129269081074880] [trace] SUCCESS (ZE_RESULT_SUCCESS) in zeEventDestroy(hEvent=0x2ba58528)
[2026-10-08 00:59:39.330] [thread-id: 129269081074880] [trace] zeEventDestroy(hEvent)
[2026-10-08 00:59:39.330] [thread-id: 129269081074880] [trace] SUCCESS (ZE_RESULT_SUCCESS) in zeEventDestroy(hEvent=0x2ba58c28)
[2026-10-08 00:59:39.330] [thread-id: 129269081074880] [trace] zeEventDestroy(hEvent)
[2026-10-08 00:59:39.330] [thread-id: 129269081074880] [trace] SUCCESS (ZE_RESULT_SUCCESS) in zeEventDestroy(hEvent=0x2ba59138)
[2026-10-08 00:59:39.330] [thread-id: 129269081074880] [trace] zeEventDestroy(hEvent)
[2026-10-08 00:59:39.330] [thread-id: 129269081074880] [trace] SUCCESS (ZE_RESULT_SUCCESS) in zeEventDestroy(hEvent=0x2ba59ab8)
[2026-10-08 00:59:39.330] [thread-id: 129269081074880] [trace] zeEventDestroy(hEvent)
[2026-10-08 00:59:39.330] [thread-id: 129269081074880] [trace] SUCCESS (ZE_RESULT_SUCCESS) in zeEventDestroy(hEvent=0x2ba59fc8)
[2026-10-08 00:59:39.330] [thread-id: 129269081074880] [trace] zeEventDestroy(hEvent)
[2026-10-08 00:59:39.330] [thread-id: 129269081074880] [trace] SUCCESS (ZE_RESULT_SUCCESS) in zeEventDestroy(hEvent=0x2ba5a6c8)
[2026-10-08 00:59:39.330] [thread-id: 129269081074880] [trace] zeEventDestroy(hEvent)
[2026-10-08 00:59:39.330] [thread-id: 129269081074880] [trace] SUCCESS (ZE_RESULT_SUCCESS) in zeEventDestroy(hEvent=0x2ba5abd8)
[2026-10-08 00:59:39.330] [thread-id: 129269081074880] [trace] zeEventDestroy(hEvent)
[2026-10-08 00:59:39.330] [thread-id: 129269081074880] [trace] SUCCESS (ZE_RESULT_SUCCESS) in zeEventDestroy(hEvent=0x2ba5b2d8)
[2026-10-08 00:59:39.330] [thread-id: 129269081074880] [trace] zeEventDestroy(hEvent)
[2026-10-08 00:59:39.330] [thread-id: 129269081074880] [trace] SUCCESS (ZE_RESULT_SUCCESS) in zeEventDestroy(hEvent=0x2ba5b7e8)
[2026-10-08 00:59:39.330] [thread-id: 129269081074880] [trace] zeEventDestroy(hEvent)
[2026-10-08 00:59:39.330] [thread-id: 129269081074880] [trace] SUCCESS (ZE_RESULT_SUCCESS) in zeEventDestroy(hEvent=0x2ba5bee8)
[2026-10-08 00:59:39.330] [thread-id: 129269081074880] [trace] zeEventDestroy(hEvent)
[2026-10-08 00:59:39.330] [thread-id: 129269081074880] [trace] SUCCESS (ZE_RESULT_SUCCESS) in zeEventDestroy(hEvent=0x2ba5c3f8)
[2026-10-08 00:59:39.330] [thread-id: 129269081074880] [trace] zeEventDestroy(hEvent)
[2026-10-08 00:59:39.330] [thread-id: 129269081074880] [trace] SUCCESS (ZE_RESULT_SUCCESS) in zeEventDestroy(hEvent=0x2ba5caf8)
[2026-10-08 00:59:39.330] [thread-id: 129269081074880] [trace] zeEventDestroy(hEvent)
[2026-10-08 00:59:39.330] [thread-id: 129269081074880] [trace] SUCCESS (ZE_RESULT_SUCCESS) in zeEventDestroy(hEvent=0x2ba5d008)
[2026-10-08 00:59:39.330] [thread-id: 129269081074880] [trace] zeEventDestroy(hEvent)
[2026-10-08 00:59:39.330] [thread-id: 129269081074880] [trace] SUCCESS (ZE_RESULT_SUCCESS) in zeEventDestroy(hEvent=0x2ba5d708)
[2026-10-08 00:59:39.330] [thread-id: 129269081074880] [trace] zeEventDestroy(hEvent)
[2026-10-08 00:59:39.330] [thread-id: 129269081074880] [trace] SUCCESS (ZE_RESULT_SUCCESS) in zeEventDestroy(hEvent=0x2ba5dc18)
[2026-10-08 00:59:39.330] [thread-id: 129269081074880] [trace] zeEventDestroy(hEvent)
[2026-10-08 00:59:39.330] [thread-id: 129269081074880] [trace] SUCCESS (ZE_RESULT_SUCCESS) in zeEventDestroy(hEvent=0x2ba45a68)
[2026-10-08 00:59:39.330] [thread-id: 129269081074880] [trace] zeEventDestroy(hEvent)
[2026-10-08 00:59:39.330] [thread-id: 129269081074880] [trace] SUCCESS (ZE_RESULT_SUCCESS) in zeEventDestroy(hEvent=0x2ba45e08)
[2026-10-08 00:59:39.330] [thread-id: 129269081074880] [trace] zeCommandListDestroy(hCommandList)
[2026-10-08 00:59:39.330] [thread-id: 129269081074880] [trace] SUCCESS (ZE_RESULT_SUCCESS) in zeCommandListDestroy(hCommandList=0x2ba14d88)
[2026-10-08 00:59:39.330] [thread-id: 129269081074880] [trace] zeContextDestroy(hContext)
[2026-10-08 00:59:39.330] [thread-id: 129269081074880] [trace] SUCCESS (ZE_RESULT_SUCCESS) in zeContextDestroy(hContext=0x2ba0d738)
   <--- urContextRelease(.hContext = 0x2ba10b90) -> UR_RESULT_SUCCESS;
   ---> urDeviceRelease
   <--- urDeviceRelease(.hDevice = 0x2ba0c040) -> UR_RESULT_SUCCESS;
   ---> urAdapterRelease
   <--- urAdapterRelease(.hAdapter = 0x2b810700) -> UR_RESULT_SUCCESS;
