<LOADER>[DEBUG]: Logger loader initialized successfully!
<LOADER>[INFO]: loaded adapter 0x0x34be2980 (/opt/intel/oneapi/compiler/2026.1/lib/libur_adapter_level_zero_v2.so.0) from /opt/intel/oneapi/compiler/2026.1/lib/libur_adapter_level_zero_v2.so.0
   ---> urAdapterGet
<LEVEL_ZERO>[DEBUG]: zeInit with flags value of 1
[2026-10-08 05:40:24.206] [thread-id: 133062369324224] [info] Loader Version 1.32.0  - No git SHA found, compiled outside git folder.
[2026-10-08 05:40:24.209] [thread-id: 133062369324224] [info] Validation Layer Enabled
[2026-10-08 05:40:24.209] [thread-id: 133062369324224] [info] zeInit succeeded
[2026-10-08 05:40:24.210] [thread-id: 133062369324224] [trace] zeInit(flags)
[2026-10-08 05:40:24.287] [thread-id: 133062369324224] [trace] SUCCESS (ZE_RESULT_SUCCESS) in zeInit(flags=1)
<LEVEL_ZERO>[DEBUG]: Level Zero Loader version: 1.32.0
<LEVEL_ZERO>[DEBUG]: zeInitDrivers with flags value of 1
[2026-10-08 05:40:24.287] [thread-id: 133062369324224] [trace] zeInitDrivers(pCount, phDrivers, desc)
[2026-10-08 05:40:24.287] [thread-id: 133062369324224] [trace] SUCCESS (ZE_RESULT_SUCCESS) in zeInitDrivers(pCount=1, phDrivers=nullptr, desc={stype=0x34be1728, flags=1})
[2026-10-08 05:40:24.287] [thread-id: 133062369324224] [trace] zeInitDrivers(pCount, phDrivers, desc)
[2026-10-08 05:40:24.287] [thread-id: 133062369324224] [trace] SUCCESS (ZE_RESULT_SUCCESS) in zeInitDrivers(pCount=1, phDrivers=nullptr, desc={stype=0x34be1728, flags=1})
[2026-10-08 05:40:24.287] [thread-id: 133062369324224] [trace] zeDriverGet(pCount, phDrivers)
[2026-10-08 05:40:24.287] [thread-id: 133062369324224] [trace] SUCCESS (ZE_RESULT_SUCCESS) in zeDriverGet(pCount=1, phDrivers=nullptr)
[2026-10-08 05:40:24.287] [thread-id: 133062369324224] [trace] zeDriverGet(pCount, phDrivers)
[2026-10-08 05:40:24.287] [thread-id: 133062369324224] [trace] SUCCESS (ZE_RESULT_SUCCESS) in zeDriverGet(pCount=1, phDrivers=0x34dc7980)
[2026-10-08 05:40:24.287] [thread-id: 133062369324224] [trace] zeDeviceGet(hDriver, pCount, phDevices)
[2026-10-08 05:40:24.287] [thread-id: 133062369324224] [trace] SUCCESS (ZE_RESULT_SUCCESS) in zeDeviceGet(hDriver=0x34dc79c8, pCount=1, phDevices=nullptr)
[2026-10-08 05:40:24.287] [thread-id: 133062369324224] [trace] zeDeviceGet(hDriver, pCount, phDevices)
[2026-10-08 05:40:24.287] [thread-id: 133062369324224] [trace] SUCCESS (ZE_RESULT_SUCCESS) in zeDeviceGet(hDriver=0x34dc79c8, pCount=1, phDevices=0x34dd42b0)
[2026-10-08 05:40:24.287] [thread-id: 133062369324224] [trace] zeDeviceGetProperties(hDevice, pDeviceProperties)
[2026-10-08 05:40:24.287] [thread-id: 133062369324224] [trace] SUCCESS (ZE_RESULT_SUCCESS) in zeDeviceGetProperties(hDevice=0x34dc7f28, pDeviceProperties={stype=0x7ffca0a5d470, type=0x7ffca0a5d480, vendorId=32902, deviceId=57868, flags=8, subdeviceId=0, coreClockRate=2750, maxMemAllocSize=10132807680, maxHardwareContexts=65536, maxCommandQueuePriority=0, numThreadsPerEU=8, physicalEUSimdWidth=16, numEUsPerSubslice=8, numSubslicesPerSlice=4, numSlices=5, timerResolution=52, timestampValidBits=64, kernelTimestampValidBits=64, uuid={id=134}, name="Intel(R) Arc(TM) B570 Graphics"})
<LEVEL_ZERO>[DEBUG]: 
zesInit with flags value of 0

[2026-10-08 05:40:24.287] [thread-id: 133062369324224] [trace] zesInit(flags)
[2026-10-08 05:40:24.289] [thread-id: 133062369324224] [trace] SUCCESS (ZE_RESULT_SUCCESS) in zesInit(flags=0)
[2026-10-08 05:40:24.289] [thread-id: 133062369324224] [trace] zeDriverGet(pCount, phDrivers)
[2026-10-08 05:40:24.289] [thread-id: 133062369324224] [trace] SUCCESS (ZE_RESULT_SUCCESS) in zeDriverGet(pCount=1, phDrivers=nullptr)
[2026-10-08 05:40:24.289] [thread-id: 133062369324224] [trace] zeDriverGet(pCount, phDrivers)
[2026-10-08 05:40:24.289] [thread-id: 133062369324224] [trace] SUCCESS (ZE_RESULT_SUCCESS) in zeDriverGet(pCount=1, phDrivers=0x34ddb340)
[2026-10-08 05:40:24.289] [thread-id: 133062369324224] [trace] zeInitDrivers(pCount, phDrivers, desc)
[2026-10-08 05:40:24.289] [thread-id: 133062369324224] [trace] SUCCESS (ZE_RESULT_SUCCESS) in zeInitDrivers(pCount=1, phDrivers=0x34ddb410, desc={stype=0x34be1728, flags=1})
[2026-10-08 05:40:24.289] [thread-id: 133062369324224] [trace] zeDriverGetProperties(hDriver, pDriverProperties)
[2026-10-08 05:40:24.289] [thread-id: 133062369324224] [trace] SUCCESS (ZE_RESULT_SUCCESS) in zeDriverGetProperties(hDriver=0x34dc79c8, pDriverProperties={stype=0x7ffca0a5d3c0, uuid={id=227}, driverVersion=17013219})
[2026-10-08 05:40:24.289] [thread-id: 133062369324224] [trace] zeDriverGetProperties(hDriver, pDriverProperties)
[2026-10-08 05:40:24.289] [thread-id: 133062369324224] [trace] SUCCESS (ZE_RESULT_SUCCESS) in zeDriverGetProperties(hDriver=0x34dc79c8, pDriverProperties={stype=0x7ffca0a5d590, uuid={id=227}, driverVersion=17013219})
<LEVEL_ZERO>[DEBUG]: zeDriverHandle 0x34dc79c8 matched between zeDriverGet and zeInitDrivers. Not adding duplicate driver to list
<LEVEL_ZERO>[DEBUG]: 1 L0 Drivers found.
[2026-10-08 05:40:24.289] [thread-id: 133062369324224] [trace] zeDeviceGet(hDriver, pCount, phDevices)
[2026-10-08 05:40:24.289] [thread-id: 133062369324224] [trace] SUCCESS (ZE_RESULT_SUCCESS) in zeDeviceGet(hDriver=0x34dc79c8, pCount=1, phDevices=nullptr)
[2026-10-08 05:40:24.289] [thread-id: 133062369324224] [trace] zeDeviceGet(hDriver, pCount, phDevices)
[2026-10-08 05:40:24.289] [thread-id: 133062369324224] [trace] SUCCESS (ZE_RESULT_SUCCESS) in zeDeviceGet(hDriver=0x34dc79c8, pCount=1, phDevices=0x34ddb6b0)
[2026-10-08 05:40:24.289] [thread-id: 133062369324224] [trace] zeDeviceGetProperties(hDevice, pDeviceProperties)
[2026-10-08 05:40:24.289] [thread-id: 133062369324224] [trace] SUCCESS (ZE_RESULT_SUCCESS) in zeDeviceGetProperties(hDevice=0x34dc7f28, pDeviceProperties={stype=0x7ffca0a5d3c0, type=0x7ffca0a5d3d0, vendorId=32902, deviceId=57868, flags=8, subdeviceId=0, coreClockRate=2750, maxMemAllocSize=10132807680, maxHardwareContexts=65536, maxCommandQueuePriority=0, numThreadsPerEU=8, physicalEUSimdWidth=16, numEUsPerSubslice=8, numSubslicesPerSlice=4, numSlices=5, timerResolution=52, timestampValidBits=64, kernelTimestampValidBits=64, uuid={id=134}, name="Intel(R) Arc(TM) B570 Graphics"})
[2026-10-08 05:40:24.289] [thread-id: 133062369324224] [trace] zeDriverGetApiVersion(hDriver, version)
[2026-10-08 05:40:24.289] [thread-id: 133062369324224] [trace] SUCCESS (ZE_RESULT_SUCCESS) in zeDriverGetApiVersion(hDriver=0x34dc79c8, version=65553)
[2026-10-08 05:40:24.289] [thread-id: 133062369324224] [trace] zeDriverGetExtensionProperties(hDriver, pCount, pExtensionProperties)
[2026-10-08 05:40:24.289] [thread-id: 133062369324224] [trace] SUCCESS (ZE_RESULT_SUCCESS) in zeDriverGetExtensionProperties(hDriver=0x34dc79c8, pCount=63, pExtensionProperties=nullptr)
[2026-10-08 05:40:24.289] [thread-id: 133062369324224] [trace] zeDriverGetExtensionProperties(hDriver, pCount, pExtensionProperties)
[2026-10-08 05:40:24.289] [thread-id: 133062369324224] [trace] SUCCESS (ZE_RESULT_SUCCESS) in zeDriverGetExtensionProperties(hDriver=0x34dc79c8, pCount=63, pExtensionProperties={name="ZE_extension_device_cache_line_size", version=65536})
[2026-10-08 05:40:24.289] [thread-id: 133062369324224] [trace] zeDriverGetExtensionFunctionAddress(hDriver, name, ppFunctionAddress)
[2026-10-08 05:40:24.289] [thread-id: 133062369324224] [trace] SUCCESS (ZE_RESULT_SUCCESS) in zeDriverGetExtensionFunctionAddress(hDriver=0x34dc79c8, name="zeIntelGetDriverVersionString", ppFunctionAddress=0x7904fb6bac00)
[2026-10-08 05:40:24.289] [thread-id: 133062369324224] [trace] zeDriverGetProperties(hDriver, pDriverProperties)
[2026-10-08 05:40:24.289] [thread-id: 133062369324224] [trace] SUCCESS (ZE_RESULT_SUCCESS) in zeDriverGetProperties(hDriver=0x34dc79c8, pDriverProperties={stype=0x7ffca0a5d280, uuid={id=227}, driverVersion=17013219})
<LEVEL_ZERO>[DEBUG]: Level Zero Driver version: 1.17.39395+14
[2026-10-08 05:40:24.289] [thread-id: 133062369324224] [trace] zeDriverGetExtensionFunctionAddress(hDriver, name, ppFunctionAddress)
[2026-10-08 05:40:24.289] [thread-id: 133062369324224] [trace] SUCCESS (ZE_RESULT_SUCCESS) in zeDriverGetExtensionFunctionAddress(hDriver=0x34dc79c8, name="zexDriverImportExternalPointer", ppFunctionAddress=0x7904fb6b5a40)
[2026-10-08 05:40:24.289] [thread-id: 133062369324224] [trace] zeDriverGetExtensionFunctionAddress(hDriver, name, ppFunctionAddress)
[2026-10-08 05:40:24.289] [thread-id: 133062369324224] [trace] SUCCESS (ZE_RESULT_SUCCESS) in zeDriverGetExtensionFunctionAddress(hDriver=0x34dc79c8, name="zexDriverReleaseImportedPointer", ppFunctionAddress=0x7904fb6bde30)
[2026-10-08 05:40:24.289] [thread-id: 133062369324224] [trace] zeDriverGetExtensionFunctionAddress(hDriver, name, ppFunctionAddress)
[2026-10-08 05:40:24.289] [thread-id: 133062369324224] [trace] SUCCESS (ZE_RESULT_SUCCESS) in zeDriverGetExtensionFunctionAddress(hDriver=0x34dc79c8, name="zeImageGetDeviceOffsetExp", ppFunctionAddress=0x7904fb6bf190)
[2026-10-08 05:40:24.289] [thread-id: 133062369324224] [trace] zeDriverGetExtensionFunctionAddress(hDriver, name, ppFunctionAddress)
[2026-10-08 05:40:24.289] [thread-id: 133062369324224] [trace] SUCCESS (ZE_RESULT_SUCCESS) in zeDriverGetExtensionFunctionAddress(hDriver=0x34dc79c8, name="zeMemGetPitchFor2dImage", ppFunctionAddress=0x7904fb6c1550)
[2026-10-08 05:40:24.289] [thread-id: 133062369324224] [trace] zeDriverGetExtensionFunctionAddress(hDriver, name, ppFunctionAddress)
[2026-10-08 05:40:24.289] [thread-id: 133062369324224] [trace] SUCCESS (ZE_RESULT_SUCCESS) in zeDriverGetExtensionFunctionAddress(hDriver=0x34dc79c8, name="zeGraphGetIdExt", ppFunctionAddress=0x7904fb6afdd0)
[2026-10-08 05:40:24.289] [thread-id: 133062369324224] [trace] zeDriverGetExtensionFunctionAddress(hDriver, name, ppFunctionAddress)
[2026-10-08 05:40:24.289] [thread-id: 133062369324224] [trace] SUCCESS (ZE_RESULT_SUCCESS) in zeDriverGetExtensionFunctionAddress(hDriver=0x34dc79c8, name="zeCommandListAppendHostFunction", ppFunctionAddress=0x7904fb693140)
[2026-10-08 05:40:24.289] [thread-id: 133062369324224] [trace] zesDriverGet(pCount, phDrivers)
[2026-10-08 05:40:24.289] [thread-id: 133062369324224] [trace] SUCCESS (ZE_RESULT_SUCCESS) in zesDriverGet(pCount=1, phDrivers=nullptr)
[2026-10-08 05:40:24.289] [thread-id: 133062369324224] [trace] zesDriverGet(pCount, phDrivers)
[2026-10-08 05:40:24.289] [thread-id: 133062369324224] [trace] SUCCESS (ZE_RESULT_SUCCESS) in zesDriverGet(pCount=1, phDrivers=0x34ddc5b0)
[2026-10-08 05:40:24.289] [thread-id: 133062369324224] [trace] zesDriverGetDeviceByUuidExp(hDriver, uuid, phDevice, onSubdevice, subdeviceId)
[2026-10-08 05:40:24.290] [thread-id: 133062369324224] [trace] SUCCESS (ZE_RESULT_SUCCESS) in zesDriverGetDeviceByUuidExp(hDriver=0x34dd81c8, uuid={id=134}, phDevice=0x34c08058, onSubdevice=0, subdeviceId=0)
<LEVEL_ZERO>[DEBUG]: Initialized 1 platforms
   <--- urAdapterGet(.NumEntries = 0, .phAdapters = nullptr, .pNumAdapters = 0x7ffca0a5dc98 (1)) -> UR_RESULT_SUCCESS;
   ---> urAdapterGet
   <--- urAdapterGet(.NumEntries = 1, .phAdapters = 0x34ddb690 {0x34be1700}, .pNumAdapters = nullptr) -> UR_RESULT_SUCCESS;
   ---> urAdapterGetInfo
   <--- urAdapterGetInfo(.hAdapter = 0x34be1700, .propName = UR_ADAPTER_INFO_BACKEND, .propSize = 4, .pPropValue = 0x7ffca0a5dc8c (UR_BACKEND_LEVEL_ZERO), .pPropSizeRet = nullptr) -> UR_RESULT_SUCCESS;
   ---> urAdapterSetLoggerCallback
   <--- urAdapterSetLoggerCallback(.hAdapter = 0x34be1700, .pfnLoggerCallback = 0x790502496420, .pUserData = nullptr, .level = UR_LOGGER_LEVEL_WARN) -> UR_RESULT_SUCCESS;
   ---> urPlatformGet
   <--- urPlatformGet(.hAdapter = 0x34be1700, .NumEntries = 0, .phPlatforms = nullptr, .pNumPlatforms = 0x7ffca0a5dbcc (1)) -> UR_RESULT_SUCCESS;
   ---> urPlatformGet
   <--- urPlatformGet(.hAdapter = 0x34be1700, .NumEntries = 1, .phPlatforms = 0x34ddb690 {0x34ddb810}, .pNumPlatforms = nullptr) -> UR_RESULT_SUCCESS;
   ---> urPlatformGetInfo
   <--- urPlatformGetInfo(.hPlatform = 0x34ddb810, .propName = UR_PLATFORM_INFO_BACKEND, .propSize = 4, .pPropValue = 0x7ffca0a5dbdc (UR_BACKEND_LEVEL_ZERO), .pPropSizeRet = nullptr) -> UR_RESULT_SUCCESS;
   ---> urDeviceGet
[2026-10-08 05:40:24.290] [thread-id: 133062369324224] [trace] zeDeviceGet(hDriver, pCount, phDevices)
[2026-10-08 05:40:24.290] [thread-id: 133062369324224] [trace] SUCCESS (ZE_RESULT_SUCCESS) in zeDeviceGet(hDriver=0x34dc79c8, pCount=1, phDevices=nullptr)
[2026-10-08 05:40:24.290] [thread-id: 133062369324224] [trace] zeDeviceGet(hDriver, pCount, phDevices)
[2026-10-08 05:40:24.290] [thread-id: 133062369324224] [trace] SUCCESS (ZE_RESULT_SUCCESS) in zeDeviceGet(hDriver=0x34dc79c8, pCount=1, phDevices=0x34ddd000)
[2026-10-08 05:40:24.290] [thread-id: 133062369324224] [trace] zeDeviceGetProperties(hDevice, pDeviceProperties)
[2026-10-08 05:40:24.290] [thread-id: 133062369324224] [trace] SUCCESS (ZE_RESULT_SUCCESS) in zeDeviceGetProperties(hDevice=0x34dc7f28, pDeviceProperties={stype=0x34ddd0e8, type=0x34ddd0f8, vendorId=32902, deviceId=57868, flags=8, subdeviceId=0, coreClockRate=2750, maxMemAllocSize=10132807680, maxHardwareContexts=65536, maxCommandQueuePriority=0, numThreadsPerEU=8, physicalEUSimdWidth=16, numEUsPerSubslice=8, numSubslicesPerSlice=4, numSlices=5, timerResolution=19200000, timestampValidBits=64, kernelTimestampValidBits=64, uuid={id=134}, name="Intel(R) Arc(TM) B570 Graphics"})
[2026-10-08 05:40:24.290] [thread-id: 133062369324224] [trace] zeDeviceGetProperties(hDevice, pDeviceProperties)
[2026-10-08 05:40:24.290] [thread-id: 133062369324224] [trace] SUCCESS (ZE_RESULT_SUCCESS) in zeDeviceGetProperties(hDevice=0x34dc7f28, pDeviceProperties={stype=0x7ffca0a5d1d8, type=0x7ffca0a5d1e8, vendorId=32902, deviceId=57868, flags=8, subdeviceId=0, coreClockRate=2750, maxMemAllocSize=10132807680, maxHardwareContexts=65536, maxCommandQueuePriority=0, numThreadsPerEU=8, physicalEUSimdWidth=16, numEUsPerSubslice=8, numSubslicesPerSlice=4, numSlices=5, timerResolution=52, timestampValidBits=64, kernelTimestampValidBits=64, uuid={id=134}, name="Intel(R) Arc(TM) B570 Graphics"})
[2026-10-08 05:40:24.290] [thread-id: 133062369324224] [trace] zeDeviceGetCommandQueueGroupProperties(hDevice, pCount, pCommandQueueGroupProperties)
[2026-10-08 05:40:24.290] [thread-id: 133062369324224] [trace] SUCCESS (ZE_RESULT_SUCCESS) in zeDeviceGetCommandQueueGroupProperties(hDevice=0x34dc7f28, pCount=2, pCommandQueueGroupProperties=nullptr)
<LEVEL_ZERO>[INFO]: Number of queue groups = 2
[2026-10-08 05:40:24.290] [thread-id: 133062369324224] [trace] zeDeviceGetCommandQueueGroupProperties(hDevice, pCount, pCommandQueueGroupProperties)
[2026-10-08 05:40:24.290] [thread-id: 133062369324224] [trace] SUCCESS (ZE_RESULT_SUCCESS) in zeDeviceGetCommandQueueGroupProperties(hDevice=0x34dc7f28, pCount=2, pCommandQueueGroupProperties={stype=0x34be1610, flags=7, maxMemoryFillPatternSize=18446744073709551615, numQueues=1})
<LEVEL_ZERO>[INFO]: main blitter/copy engine is available
<LEVEL_ZERO>[INFO]: link blitter/copy engines are not available
[2026-10-08 05:40:24.290] [thread-id: 133062369324224] [trace] zeDeviceGetSubDevices(hDevice, pCount, phSubdevices)
[2026-10-08 05:40:24.290] [thread-id: 133062369324224] [trace] SUCCESS (ZE_RESULT_SUCCESS) in zeDeviceGetSubDevices(hDevice=0x34dc7f28, pCount=0, phSubdevices=nullptr)
[2026-10-08 05:40:24.290] [thread-id: 133062369324224] [trace] zeDeviceGetSubDevices(hDevice, pCount, phSubdevices)
[2026-10-08 05:40:24.290] [thread-id: 133062369324224] [trace] SUCCESS (ZE_RESULT_SUCCESS) in zeDeviceGetSubDevices(hDevice=0x34dc7f28, pCount=0, phSubdevices=0x34ddd020)
[2026-10-08 05:40:24.290] [thread-id: 133062369324224] [trace] zeDeviceGetRootDevice(hDevice, phRootDevice)
[2026-10-08 05:40:24.290] [thread-id: 133062369324224] [trace] SUCCESS (ZE_RESULT_SUCCESS) in zeDeviceGetRootDevice(hDevice=0x34dc7f28, phRootDevice=0x7ffca0a5d630)
[2026-10-08 05:40:24.290] [thread-id: 133062369324224] [trace] zeDeviceSynchronize(hDevice)
[2026-10-08 05:40:24.290] [thread-id: 133062369324224] [trace] SUCCESS (ZE_RESULT_SUCCESS) in zeDeviceSynchronize(hDevice=0x34dc7f28)
[2026-10-08 05:40:24.290] [thread-id: 133062369324224] [trace] zeDeviceGetRootDevice(hDevice, phRootDevice)
[2026-10-08 05:40:24.290] [thread-id: 133062369324224] [trace] SUCCESS (ZE_RESULT_SUCCESS) in zeDeviceGetRootDevice(hDevice=0x34dc7f28, phRootDevice=0x7ffca0a5d720)
   <--- urDeviceGet(.hPlatform = 0x34ddb810, .DeviceType = UR_DEVICE_TYPE_ALL, .NumEntries = 0, .phDevices = nullptr, .pNumDevices = 0x7ffca0a5db4c (1)) -> UR_RESULT_SUCCESS;
   ---> urDeviceGet
[2026-10-08 05:40:24.290] [thread-id: 133062369324224] [trace] zeDeviceGetRootDevice(hDevice, phRootDevice)
[2026-10-08 05:40:24.290] [thread-id: 133062369324224] [trace] SUCCESS (ZE_RESULT_SUCCESS) in zeDeviceGetRootDevice(hDevice=0x34dc7f28, phRootDevice=0x7ffca0a5d720)
   <--- urDeviceGet(.hPlatform = 0x34ddb810, .DeviceType = UR_DEVICE_TYPE_ALL, .NumEntries = 1, .phDevices = 0x34ddd000 {0x34ddd040}, .pNumDevices = nullptr) -> UR_RESULT_SUCCESS;
   ---> urPlatformGetInfo
   <--- urPlatformGetInfo(.hPlatform = 0x34ddb810, .propName = UR_PLATFORM_INFO_VERSION, .propSize = 0, .pPropValue = nullptr, .pPropSizeRet = 0x7ffca0a5d720 (5)) -> UR_RESULT_SUCCESS;
   ---> urPlatformGetInfo
   <--- urPlatformGetInfo(.hPlatform = 0x34ddb810, .propName = UR_PLATFORM_INFO_VERSION, .propSize = 5, .pPropValue = 0x7ffca0a5d888 (1.17), .pPropSizeRet = nullptr) -> UR_RESULT_SUCCESS;
   ---> urPlatformGetInfo
   <--- urPlatformGetInfo(.hPlatform = 0x34ddb810, .propName = UR_PLATFORM_INFO_NAME, .propSize = 0, .pPropValue = nullptr, .pPropSizeRet = 0x7ffca0a5d720 (51)) -> UR_RESULT_SUCCESS;
   ---> urPlatformGetInfo
   <--- urPlatformGetInfo(.hPlatform = 0x34ddb810, .propName = UR_PLATFORM_INFO_NAME, .propSize = 51, .pPropValue = 0x34ddd710 (Intel(R) oneAPI Unified Runtime over Level-Zero V2), .pPropSizeRet = nullptr) -> UR_RESULT_SUCCESS;
   ---> urDeviceGetInfo
   <--- urDeviceGetInfo(.hDevice = 0x34ddd040, .propName = UR_DEVICE_INFO_PARENT_DEVICE, .propSize = 8, .pPropValue = 0x7ffca0a5d6e0 (nullptr), .pPropSizeRet = nullptr) -> UR_RESULT_SUCCESS;
   ---> urDeviceGetInfo
   <--- urDeviceGetInfo(.hDevice = 0x34ddd040, .propName = UR_DEVICE_INFO_TYPE, .propSize = 4, .pPropValue = 0x7ffca0a5d680 (UR_DEVICE_TYPE_GPU), .pPropSizeRet = nullptr) -> UR_RESULT_SUCCESS;
   ---> urDeviceGetInfo
   <--- urDeviceGetInfo(.hDevice = 0x34ddd040, .propName = UR_DEVICE_INFO_USE_NATIVE_ASSERT, .propSize = 1, .pPropValue = 0x7ffca0a5d680 (true), .pPropSizeRet = nullptr) -> UR_RESULT_SUCCESS;
   ---> urDeviceGetInfo
[2026-10-08 05:40:24.290] [thread-id: 133062369324224] [trace] zeDeviceGetModuleProperties(hDevice, pModuleProperties)
[2026-10-08 05:40:24.290] [thread-id: 133062369324224] [trace] SUCCESS (ZE_RESULT_SUCCESS) in zeDeviceGetModuleProperties(hDevice=0x34dc7f28, pModuleProperties={stype=0x34ddd360, spirvVersionSupported=65541, flags=15, fp16flags=63, fp32flags=127, fp64flags=127, maxArgumentsSize=2048, printfBufferSize=4194304, nativeKernelSupported={id=0}})
[2026-10-08 05:40:24.290] [thread-id: 133062369324224] [trace] zeDeviceGetImageProperties(hDevice, pImageProperties)
[2026-10-08 05:40:24.290] [thread-id: 133062369324224] [trace] SUCCESS (ZE_RESULT_SUCCESS) in zeDeviceGetImageProperties(hDevice=0x34dc7f28, pImageProperties={stype=0x34ddd300, maxImageDims1D=16384, maxImageDims2D=16384, maxImageDims3D=2048, maxImageBufferSize=633300480, maxImageArraySlices=2048, maxSamplers=16, maxReadImageArgs=128, maxWriteImageArgs=128})
   <--- urDeviceGetInfo(.hDevice = 0x34ddd040, .propName = UR_DEVICE_INFO_EXTENSIONS, .propSize = 0, .pPropValue = nullptr, .pPropSizeRet = 0x7ffca0a5d608 (245)) -> UR_RESULT_SUCCESS;
   ---> urDeviceGetInfo
   <--- urDeviceGetInfo(.hDevice = 0x34ddd040, .propName = UR_DEVICE_INFO_EXTENSIONS, .propSize = 245, .pPropValue = 0x34c97740 (cl_khr_il_program cl_khr_subgroups cl_intel_subgroups cl_intel_subgroups_short cl_intel_required_subgroup_size cl_khr_fp16 cl_khr_fp64 cl_khr_int64_base_atomics cl_khr_int64_extended_atomics cl_khr_3d_image_writes cl_intel_bfloat16_conversions ), .pPropSizeRet = nullptr) -> UR_RESULT_SUCCESS;
   ---> urDeviceRetain
   <--- urDeviceRetain(.hDevice = 0x34ddd040) -> UR_RESULT_SUCCESS;
   ---> urDeviceGetInfo
   <--- urDeviceGetInfo(.hDevice = 0x34ddd040, .propName = UR_DEVICE_INFO_TYPE, .propSize = 4, .pPropValue = 0x7ffca0a5d7fc (UR_DEVICE_TYPE_GPU), .pPropSizeRet = nullptr) -> UR_RESULT_SUCCESS;
   ---> urDeviceGetInfo
   <--- urDeviceGetInfo(.hDevice = 0x34ddd040, .propName = UR_DEVICE_INFO_VENDOR_ID, .propSize = 4, .pPropValue = 0x7ffca0a5d878 (32902), .pPropSizeRet = nullptr) -> UR_RESULT_SUCCESS;
   ---> urDeviceGetInfo
   <--- urDeviceGetInfo(.hDevice = 0x34ddd040, .propName = UR_DEVICE_INFO_DRIVER_VERSION, .propSize = 0, .pPropValue = nullptr, .pPropSizeRet = 0x7ffca0a5d720 (14)) -> UR_RESULT_SUCCESS;
   ---> urDeviceGetInfo
   <--- urDeviceGetInfo(.hDevice = 0x34ddd040, .propName = UR_DEVICE_INFO_DRIVER_VERSION, .propSize = 14, .pPropValue = 0x7ffca0a5d848 (1.17.39395+14), .pPropSizeRet = nullptr) -> UR_RESULT_SUCCESS;
   ---> urDeviceGetInfo
   <--- urDeviceGetInfo(.hDevice = 0x34ddd040, .propName = UR_DEVICE_INFO_NAME, .propSize = 0, .pPropValue = nullptr, .pPropSizeRet = 0x7ffca0a5d660 (31)) -> UR_RESULT_SUCCESS;
   ---> urDeviceGetInfo
   <--- urDeviceGetInfo(.hDevice = 0x34ddd040, .propName = UR_DEVICE_INFO_NAME, .propSize = 31, .pPropValue = 0x34ddcfd0 (Intel(R) Arc(TM) B570 Graphics), .pPropSizeRet = nullptr) -> UR_RESULT_SUCCESS;
   ---> urPlatformGetInfo
   <--- urPlatformGetInfo(.hPlatform = 0x34ddb810, .propName = UR_PLATFORM_INFO_BACKEND, .propSize = 4, .pPropValue = 0x7ffca0a5da3c (UR_BACKEND_LEVEL_ZERO), .pPropSizeRet = nullptr) -> UR_RESULT_SUCCESS;
   ---> urDeviceGetInfo
   <--- urDeviceGetInfo(.hDevice = 0x34ddd040, .propName = UR_DEVICE_INFO_TYPE, .propSize = 4, .pPropValue = 0x7ffca0a5da34 (UR_DEVICE_TYPE_GPU), .pPropSizeRet = nullptr) -> UR_RESULT_SUCCESS;
   ---> urDeviceRelease
   <--- urDeviceRelease(.hDevice = 0x34ddd040) -> UR_RESULT_SUCCESS;
   ---> urDeviceGetInfo
   <--- urDeviceGetInfo(.hDevice = 0x34ddd040, .propName = UR_DEVICE_INFO_SUPPORTED_PARTITIONS, .propSize = 0, .pPropValue = nullptr, .pPropSizeRet = 0x7ffca0a5da28 (0)) -> UR_RESULT_SUCCESS;
   ---> urDeviceGet
[2026-10-08 05:40:24.290] [thread-id: 133062369324224] [trace] zeDeviceGetRootDevice(hDevice, phRootDevice)
[2026-10-08 05:40:24.290] [thread-id: 133062369324224] [trace] SUCCESS (ZE_RESULT_SUCCESS) in zeDeviceGetRootDevice(hDevice=0x34dc7f28, phRootDevice=0x7ffca0a5d830)
   <--- urDeviceGet(.hPlatform = 0x34ddb810, .DeviceType = UR_DEVICE_TYPE_ALL, .NumEntries = 0, .phDevices = nullptr, .pNumDevices = 0x7ffca0a5dc5c (1)) -> UR_RESULT_SUCCESS;
   ---> urDeviceGet
[2026-10-08 05:40:24.291] [thread-id: 133062369324224] [trace] zeDeviceGetRootDevice(hDevice, phRootDevice)
[2026-10-08 05:40:24.291] [thread-id: 133062369324224] [trace] SUCCESS (ZE_RESULT_SUCCESS) in zeDeviceGetRootDevice(hDevice=0x34dc7f28, phRootDevice=0x7ffca0a5d830)
   <--- urDeviceGet(.hPlatform = 0x34ddb810, .DeviceType = UR_DEVICE_TYPE_ALL, .NumEntries = 1, .phDevices = 0x34ddb6b0 {0x34ddd040}, .pNumDevices = nullptr) -> UR_RESULT_SUCCESS;
   ---> urPlatformGetInfo
   <--- urPlatformGetInfo(.hPlatform = 0x34ddb810, .propName = UR_PLATFORM_INFO_VERSION, .propSize = 0, .pPropValue = nullptr, .pPropSizeRet = 0x7ffca0a5d830 (5)) -> UR_RESULT_SUCCESS;
   ---> urPlatformGetInfo
   <--- urPlatformGetInfo(.hPlatform = 0x34ddb810, .propName = UR_PLATFORM_INFO_VERSION, .propSize = 5, .pPropValue = 0x7ffca0a5d998 (1.17), .pPropSizeRet = nullptr) -> UR_RESULT_SUCCESS;
   ---> urPlatformGetInfo
   <--- urPlatformGetInfo(.hPlatform = 0x34ddb810, .propName = UR_PLATFORM_INFO_NAME, .propSize = 0, .pPropValue = nullptr, .pPropSizeRet = 0x7ffca0a5d830 (51)) -> UR_RESULT_SUCCESS;
   ---> urPlatformGetInfo
   <--- urPlatformGetInfo(.hPlatform = 0x34ddb810, .propName = UR_PLATFORM_INFO_NAME, .propSize = 51, .pPropValue = 0x34dddc30 (Intel(R) oneAPI Unified Runtime over Level-Zero V2), .pPropSizeRet = nullptr) -> UR_RESULT_SUCCESS;
   ---> urDeviceGetInfo
   <--- urDeviceGetInfo(.hDevice = 0x34ddd040, .propName = UR_DEVICE_INFO_TYPE, .propSize = 4, .pPropValue = 0x7ffca0a5d90c (UR_DEVICE_TYPE_GPU), .pPropSizeRet = nullptr) -> UR_RESULT_SUCCESS;
   ---> urDeviceGetInfo
   <--- urDeviceGetInfo(.hDevice = 0x34ddd040, .propName = UR_DEVICE_INFO_VENDOR_ID, .propSize = 4, .pPropValue = 0x7ffca0a5d988 (32902), .pPropSizeRet = nullptr) -> UR_RESULT_SUCCESS;
   ---> urDeviceGetInfo
   <--- urDeviceGetInfo(.hDevice = 0x34ddd040, .propName = UR_DEVICE_INFO_DRIVER_VERSION, .propSize = 0, .pPropValue = nullptr, .pPropSizeRet = 0x7ffca0a5d830 (14)) -> UR_RESULT_SUCCESS;
   ---> urDeviceGetInfo
   <--- urDeviceGetInfo(.hDevice = 0x34ddd040, .propName = UR_DEVICE_INFO_DRIVER_VERSION, .propSize = 14, .pPropValue = 0x7ffca0a5d958 (1.17.39395+14), .pPropSizeRet = nullptr) -> UR_RESULT_SUCCESS;
   ---> urPlatformGetInfo
   <--- urPlatformGetInfo(.hPlatform = 0x34ddb810, .propName = UR_PLATFORM_INFO_BACKEND, .propSize = 4, .pPropValue = 0x7ffca0a5db4c (UR_BACKEND_LEVEL_ZERO), .pPropSizeRet = nullptr) -> UR_RESULT_SUCCESS;
   ---> urDeviceGetInfo
   <--- urDeviceGetInfo(.hDevice = 0x34ddd040, .propName = UR_DEVICE_INFO_TYPE, .propSize = 4, .pPropValue = 0x7ffca0a5db44 (UR_DEVICE_TYPE_GPU), .pPropSizeRet = nullptr) -> UR_RESULT_SUCCESS;
   ---> urDeviceRelease
   <--- urDeviceRelease(.hDevice = 0x34ddd040) -> UR_RESULT_SUCCESS;
   ---> urDeviceGetInfo
   <--- urDeviceGetInfo(.hDevice = 0x34ddd040, .propName = UR_DEVICE_INFO_SUPPORTED_PARTITIONS, .propSize = 0, .pPropValue = nullptr, .pPropSizeRet = 0x7ffca0a5db38 (0)) -> UR_RESULT_SUCCESS;
   ---> urDeviceSelectBinary
   <--- urDeviceSelectBinary(.hDevice = 0x34ddd040, .pBinaries = 0x7ffca0a5db80 ((struct ur_device_binary_t){.stype = UR_STRUCTURE_TYPE_CONTEXT_PROPERTIES, .pNext = nullptr, .pDeviceTargetSpec = 0x7905022173c0 (spir64)}), .NumBinaries = 1, .pSelectedBinary = 0x7ffca0a5dba4 (0)) -> UR_RESULT_SUCCESS;
   ---> urDeviceGet
[2026-10-08 05:40:24.291] [thread-id: 133062369324224] [trace] zeDeviceGetRootDevice(hDevice, phRootDevice)
[2026-10-08 05:40:24.291] [thread-id: 133062369324224] [trace] SUCCESS (ZE_RESULT_SUCCESS) in zeDeviceGetRootDevice(hDevice=0x34dc7f28, phRootDevice=0x7ffca0a5d7c0)
   <--- urDeviceGet(.hPlatform = 0x34ddb810, .DeviceType = UR_DEVICE_TYPE_ALL, .NumEntries = 0, .phDevices = nullptr, .pNumDevices = 0x7ffca0a5dbec (1)) -> UR_RESULT_SUCCESS;
   ---> urDeviceGet
[2026-10-08 05:40:24.291] [thread-id: 133062369324224] [trace] zeDeviceGetRootDevice(hDevice, phRootDevice)
[2026-10-08 05:40:24.291] [thread-id: 133062369324224] [trace] SUCCESS (ZE_RESULT_SUCCESS) in zeDeviceGetRootDevice(hDevice=0x34dc7f28, phRootDevice=0x7ffca0a5d7c0)
   <--- urDeviceGet(.hPlatform = 0x34ddb810, .DeviceType = UR_DEVICE_TYPE_ALL, .NumEntries = 1, .phDevices = 0x34dddd00 {0x34ddd040}, .pNumDevices = nullptr) -> UR_RESULT_SUCCESS;
   ---> urPlatformGetInfo
   <--- urPlatformGetInfo(.hPlatform = 0x34ddb810, .propName = UR_PLATFORM_INFO_VERSION, .propSize = 0, .pPropValue = nullptr, .pPropSizeRet = 0x7ffca0a5d7c0 (5)) -> UR_RESULT_SUCCESS;
   ---> urPlatformGetInfo
   <--- urPlatformGetInfo(.hPlatform = 0x34ddb810, .propName = UR_PLATFORM_INFO_VERSION, .propSize = 5, .pPropValue = 0x7ffca0a5d928 (1.17), .pPropSizeRet = nullptr) -> UR_RESULT_SUCCESS;
   ---> urPlatformGetInfo
   <--- urPlatformGetInfo(.hPlatform = 0x34ddb810, .propName = UR_PLATFORM_INFO_NAME, .propSize = 0, .pPropValue = nullptr, .pPropSizeRet = 0x7ffca0a5d7c0 (51)) -> UR_RESULT_SUCCESS;
   ---> urPlatformGetInfo
   <--- urPlatformGetInfo(.hPlatform = 0x34ddb810, .propName = UR_PLATFORM_INFO_NAME, .propSize = 51, .pPropValue = 0x34ddd710 (Intel(R) oneAPI Unified Runtime over Level-Zero V2), .pPropSizeRet = nullptr) -> UR_RESULT_SUCCESS;
   ---> urDeviceGetInfo
   <--- urDeviceGetInfo(.hDevice = 0x34ddd040, .propName = UR_DEVICE_INFO_TYPE, .propSize = 4, .pPropValue = 0x7ffca0a5d89c (UR_DEVICE_TYPE_GPU), .pPropSizeRet = nullptr) -> UR_RESULT_SUCCESS;
   ---> urDeviceGetInfo
   <--- urDeviceGetInfo(.hDevice = 0x34ddd040, .propName = UR_DEVICE_INFO_VENDOR_ID, .propSize = 4, .pPropValue = 0x7ffca0a5d918 (32902), .pPropSizeRet = nullptr) -> UR_RESULT_SUCCESS;
   ---> urDeviceGetInfo
   <--- urDeviceGetInfo(.hDevice = 0x34ddd040, .propName = UR_DEVICE_INFO_DRIVER_VERSION, .propSize = 0, .pPropValue = nullptr, .pPropSizeRet = 0x7ffca0a5d7c0 (14)) -> UR_RESULT_SUCCESS;
   ---> urDeviceGetInfo
   <--- urDeviceGetInfo(.hDevice = 0x34ddd040, .propName = UR_DEVICE_INFO_DRIVER_VERSION, .propSize = 14, .pPropValue = 0x7ffca0a5d8e8 (1.17.39395+14), .pPropSizeRet = nullptr) -> UR_RESULT_SUCCESS;
   ---> urPlatformGetInfo
   <--- urPlatformGetInfo(.hPlatform = 0x34ddb810, .propName = UR_PLATFORM_INFO_BACKEND, .propSize = 4, .pPropValue = 0x7ffca0a5dadc (UR_BACKEND_LEVEL_ZERO), .pPropSizeRet = nullptr) -> UR_RESULT_SUCCESS;
   ---> urDeviceGetInfo
   <--- urDeviceGetInfo(.hDevice = 0x34ddd040, .propName = UR_DEVICE_INFO_TYPE, .propSize = 4, .pPropValue = 0x7ffca0a5dad4 (UR_DEVICE_TYPE_GPU), .pPropSizeRet = nullptr) -> UR_RESULT_SUCCESS;
   ---> urDeviceRelease
   <--- urDeviceRelease(.hDevice = 0x34ddd040) -> UR_RESULT_SUCCESS;
   ---> urDeviceGetInfo
   <--- urDeviceGetInfo(.hDevice = 0x34ddd040, .propName = UR_DEVICE_INFO_SUPPORTED_PARTITIONS, .propSize = 0, .pPropValue = nullptr, .pPropSizeRet = 0x7ffca0a5dac8 (0)) -> UR_RESULT_SUCCESS;
   ---> urDeviceGet
[2026-10-08 05:40:24.291] [thread-id: 133062369324224] [trace] zeDeviceGetRootDevice(hDevice, phRootDevice)
[2026-10-08 05:40:24.291] [thread-id: 133062369324224] [trace] SUCCESS (ZE_RESULT_SUCCESS) in zeDeviceGetRootDevice(hDevice=0x34dc7f28, phRootDevice=0x7ffca0a5d8d0)
   <--- urDeviceGet(.hPlatform = 0x34ddb810, .DeviceType = UR_DEVICE_TYPE_GPU, .NumEntries = 0, .phDevices = nullptr, .pNumDevices = 0x7ffca0a5dcfc (1)) -> UR_RESULT_SUCCESS;
   ---> urDeviceGet
[2026-10-08 05:40:24.291] [thread-id: 133062369324224] [trace] zeDeviceGetRootDevice(hDevice, phRootDevice)
[2026-10-08 05:40:24.291] [thread-id: 133062369324224] [trace] SUCCESS (ZE_RESULT_SUCCESS) in zeDeviceGetRootDevice(hDevice=0x34dc7f28, phRootDevice=0x7ffca0a5d8d0)
   <--- urDeviceGet(.hPlatform = 0x34ddb810, .DeviceType = UR_DEVICE_TYPE_GPU, .NumEntries = 1, .phDevices = 0x34dddd20 {0x34ddd040}, .pNumDevices = nullptr) -> UR_RESULT_SUCCESS;
   ---> urPlatformGetInfo
   <--- urPlatformGetInfo(.hPlatform = 0x34ddb810, .propName = UR_PLATFORM_INFO_VERSION, .propSize = 0, .pPropValue = nullptr, .pPropSizeRet = 0x7ffca0a5d8d0 (5)) -> UR_RESULT_SUCCESS;
   ---> urPlatformGetInfo
   <--- urPlatformGetInfo(.hPlatform = 0x34ddb810, .propName = UR_PLATFORM_INFO_VERSION, .propSize = 5, .pPropValue = 0x7ffca0a5da38 (1.17), .pPropSizeRet = nullptr) -> UR_RESULT_SUCCESS;
   ---> urPlatformGetInfo
   <--- urPlatformGetInfo(.hPlatform = 0x34ddb810, .propName = UR_PLATFORM_INFO_NAME, .propSize = 0, .pPropValue = nullptr, .pPropSizeRet = 0x7ffca0a5d8d0 (51)) -> UR_RESULT_SUCCESS;
   ---> urPlatformGetInfo
   <--- urPlatformGetInfo(.hPlatform = 0x34ddb810, .propName = UR_PLATFORM_INFO_NAME, .propSize = 51, .pPropValue = 0x34dddc30 (Intel(R) oneAPI Unified Runtime over Level-Zero V2), .pPropSizeRet = nullptr) -> UR_RESULT_SUCCESS;
   ---> urDeviceGetInfo
   <--- urDeviceGetInfo(.hDevice = 0x34ddd040, .propName = UR_DEVICE_INFO_TYPE, .propSize = 4, .pPropValue = 0x7ffca0a5d9ac (UR_DEVICE_TYPE_GPU), .pPropSizeRet = nullptr) -> UR_RESULT_SUCCESS;
   ---> urDeviceGetInfo
   <--- urDeviceGetInfo(.hDevice = 0x34ddd040, .propName = UR_DEVICE_INFO_VENDOR_ID, .propSize = 4, .pPropValue = 0x7ffca0a5da28 (32902), .pPropSizeRet = nullptr) -> UR_RESULT_SUCCESS;
   ---> urDeviceGetInfo
   <--- urDeviceGetInfo(.hDevice = 0x34ddd040, .propName = UR_DEVICE_INFO_DRIVER_VERSION, .propSize = 0, .pPropValue = nullptr, .pPropSizeRet = 0x7ffca0a5d8d0 (14)) -> UR_RESULT_SUCCESS;
   ---> urDeviceGetInfo
   <--- urDeviceGetInfo(.hDevice = 0x34ddd040, .propName = UR_DEVICE_INFO_DRIVER_VERSION, .propSize = 14, .pPropValue = 0x7ffca0a5d9f8 (1.17.39395+14), .pPropSizeRet = nullptr) -> UR_RESULT_SUCCESS;
   ---> urPlatformGetInfo
   <--- urPlatformGetInfo(.hPlatform = 0x34ddb810, .propName = UR_PLATFORM_INFO_BACKEND, .propSize = 4, .pPropValue = 0x7ffca0a5dbec (UR_BACKEND_LEVEL_ZERO), .pPropSizeRet = nullptr) -> UR_RESULT_SUCCESS;
   ---> urDeviceGetInfo
   <--- urDeviceGetInfo(.hDevice = 0x34ddd040, .propName = UR_DEVICE_INFO_TYPE, .propSize = 4, .pPropValue = 0x7ffca0a5dbe4 (UR_DEVICE_TYPE_GPU), .pPropSizeRet = nullptr) -> UR_RESULT_SUCCESS;
   ---> urDeviceRelease
   <--- urDeviceRelease(.hDevice = 0x34ddd040) -> UR_RESULT_SUCCESS;
   ---> urDeviceGetInfo
   <--- urDeviceGetInfo(.hDevice = 0x34ddd040, .propName = UR_DEVICE_INFO_SUPPORTED_PARTITIONS, .propSize = 0, .pPropValue = nullptr, .pPropSizeRet = 0x7ffca0a5dbd8 (0)) -> UR_RESULT_SUCCESS;
   ---> urDeviceGetInfo
[2026-10-08 05:40:24.292] [thread-id: 133062369324224] [trace] zeDevicePciGetPropertiesExt(hDevice, pPciProperties)
[2026-10-08 05:40:24.292] [thread-id: 133062369324224] [trace] SUCCESS (ZE_RESULT_SUCCESS) in zeDevicePciGetPropertiesExt(hDevice=0x34dc7f28, pPciProperties={stype=0x7ffca0a5d8a0, address={domain=0, bus=5, device=0, function=0}, maxSpeed={genVersion=4, width=8, maxBandwidth=15753846153}})
   <--- urDeviceGetInfo(.hDevice = 0x34ddd040, .propName = UR_DEVICE_INFO_PCI_ADDRESS, .propSize = 0, .pPropValue = nullptr, .pPropSizeRet = 0x7ffca0a5dd18 (13)) -> UR_RESULT_SUCCESS;
   ---> urDeviceGetInfo
[2026-10-08 05:40:24.292] [thread-id: 133062369324224] [trace] zeDevicePciGetPropertiesExt(hDevice, pPciProperties)
[2026-10-08 05:40:24.292] [thread-id: 133062369324224] [trace] SUCCESS (ZE_RESULT_SUCCESS) in zeDevicePciGetPropertiesExt(hDevice=0x34dc7f28, pPciProperties={stype=0x7ffca0a5d9b0, address={domain=0, bus=5, device=0, function=0}, maxSpeed={genVersion=4, width=8, maxBandwidth=15753846153}})
   <--- urDeviceGetInfo(.hDevice = 0x34ddd040, .propName = UR_DEVICE_INFO_PCI_ADDRESS, .propSize = 0, .pPropValue = nullptr, .pPropSizeRet = 0x7ffca0a5de20 (13)) -> UR_RESULT_SUCCESS;
   ---> urDeviceGetInfo
[2026-10-08 05:40:24.292] [thread-id: 133062369324224] [trace] zeDevicePciGetPropertiesExt(hDevice, pPciProperties)
[2026-10-08 05:40:24.292] [thread-id: 133062369324224] [trace] SUCCESS (ZE_RESULT_SUCCESS) in zeDevicePciGetPropertiesExt(hDevice=0x34dc7f28, pPciProperties={stype=0x7ffca0a5d9b0, address={domain=0, bus=5, device=0, function=0}, maxSpeed={genVersion=4, width=8, maxBandwidth=15753846153}})
   <--- urDeviceGetInfo(.hDevice = 0x34ddd040, .propName = UR_DEVICE_INFO_PCI_ADDRESS, .propSize = 13, .pPropValue = 0x7ffca0a5de70 (0000:05:00.0), .pPropSizeRet = nullptr) -> UR_RESULT_SUCCESS;
   ---> urDeviceGet
[2026-10-08 05:40:24.292] [thread-id: 133062369324224] [trace] zeDeviceGetRootDevice(hDevice, phRootDevice)
[2026-10-08 05:40:24.292] [thread-id: 133062369324224] [trace] SUCCESS (ZE_RESULT_SUCCESS) in zeDeviceGetRootDevice(hDevice=0x34dc7f28, phRootDevice=0x7ffca0a5d7d0)
   <--- urDeviceGet(.hPlatform = 0x34ddb810, .DeviceType = UR_DEVICE_TYPE_ALL, .NumEntries = 0, .phDevices = nullptr, .pNumDevices = 0x7ffca0a5dbfc (1)) -> UR_RESULT_SUCCESS;
   ---> urDeviceGet
[2026-10-08 05:40:24.292] [thread-id: 133062369324224] [trace] zeDeviceGetRootDevice(hDevice, phRootDevice)
[2026-10-08 05:40:24.292] [thread-id: 133062369324224] [trace] SUCCESS (ZE_RESULT_SUCCESS) in zeDeviceGetRootDevice(hDevice=0x34dc7f28, phRootDevice=0x7ffca0a5d7d0)
   <--- urDeviceGet(.hPlatform = 0x34ddb810, .DeviceType = UR_DEVICE_TYPE_ALL, .NumEntries = 1, .phDevices = 0x34dddd40 {0x34ddd040}, .pNumDevices = nullptr) -> UR_RESULT_SUCCESS;
   ---> urPlatformGetInfo
   <--- urPlatformGetInfo(.hPlatform = 0x34ddb810, .propName = UR_PLATFORM_INFO_VERSION, .propSize = 0, .pPropValue = nullptr, .pPropSizeRet = 0x7ffca0a5d7d0 (5)) -> UR_RESULT_SUCCESS;
   ---> urPlatformGetInfo
   <--- urPlatformGetInfo(.hPlatform = 0x34ddb810, .propName = UR_PLATFORM_INFO_VERSION, .propSize = 5, .pPropValue = 0x7ffca0a5d938 (1.17), .pPropSizeRet = nullptr) -> UR_RESULT_SUCCESS;
   ---> urPlatformGetInfo
   <--- urPlatformGetInfo(.hPlatform = 0x34ddb810, .propName = UR_PLATFORM_INFO_NAME, .propSize = 0, .pPropValue = nullptr, .pPropSizeRet = 0x7ffca0a5d7d0 (51)) -> UR_RESULT_SUCCESS;
   ---> urPlatformGetInfo
   <--- urPlatformGetInfo(.hPlatform = 0x34ddb810, .propName = UR_PLATFORM_INFO_NAME, .propSize = 51, .pPropValue = 0x34dddc30 (Intel(R) oneAPI Unified Runtime over Level-Zero V2), .pPropSizeRet = nullptr) -> UR_RESULT_SUCCESS;
   ---> urDeviceGetInfo
   <--- urDeviceGetInfo(.hDevice = 0x34ddd040, .propName = UR_DEVICE_INFO_TYPE, .propSize = 4, .pPropValue = 0x7ffca0a5d8ac (UR_DEVICE_TYPE_GPU), .pPropSizeRet = nullptr) -> UR_RESULT_SUCCESS;
   ---> urDeviceGetInfo
   <--- urDeviceGetInfo(.hDevice = 0x34ddd040, .propName = UR_DEVICE_INFO_VENDOR_ID, .propSize = 4, .pPropValue = 0x7ffca0a5d928 (32902), .pPropSizeRet = nullptr) -> UR_RESULT_SUCCESS;
   ---> urDeviceGetInfo
   <--- urDeviceGetInfo(.hDevice = 0x34ddd040, .propName = UR_DEVICE_INFO_DRIVER_VERSION, .propSize = 0, .pPropValue = nullptr, .pPropSizeRet = 0x7ffca0a5d7d0 (14)) -> UR_RESULT_SUCCESS;
   ---> urDeviceGetInfo
   <--- urDeviceGetInfo(.hDevice = 0x34ddd040, .propName = UR_DEVICE_INFO_DRIVER_VERSION, .propSize = 14, .pPropValue = 0x7ffca0a5d8f8 (1.17.39395+14), .pPropSizeRet = nullptr) -> UR_RESULT_SUCCESS;
   ---> urPlatformGetInfo
   <--- urPlatformGetInfo(.hPlatform = 0x34ddb810, .propName = UR_PLATFORM_INFO_BACKEND, .propSize = 4, .pPropValue = 0x7ffca0a5daec (UR_BACKEND_LEVEL_ZERO), .pPropSizeRet = nullptr) -> UR_RESULT_SUCCESS;
   ---> urDeviceGetInfo
   <--- urDeviceGetInfo(.hDevice = 0x34ddd040, .propName = UR_DEVICE_INFO_TYPE, .propSize = 4, .pPropValue = 0x7ffca0a5dae4 (UR_DEVICE_TYPE_GPU), .pPropSizeRet = nullptr) -> UR_RESULT_SUCCESS;
   ---> urDeviceRelease
   <--- urDeviceRelease(.hDevice = 0x34ddd040) -> UR_RESULT_SUCCESS;
   ---> urDeviceGetInfo
   <--- urDeviceGetInfo(.hDevice = 0x34ddd040, .propName = UR_DEVICE_INFO_SUPPORTED_PARTITIONS, .propSize = 0, .pPropValue = nullptr, .pPropSizeRet = 0x7ffca0a5dad8 (0)) -> UR_RESULT_SUCCESS;
   ---> urDeviceGetInfo
[2026-10-08 05:40:24.292] [thread-id: 133062369324224] [trace] zeDeviceGetSubDevices(hDevice, pCount, phSubdevices)
[2026-10-08 05:40:24.292] [thread-id: 133062369324224] [trace] SUCCESS (ZE_RESULT_SUCCESS) in zeDeviceGetSubDevices(hDevice=0x34dc7f28, pCount=0, phSubdevices=nullptr)
   <--- urDeviceGetInfo(.hDevice = 0x34ddd040, .propName = UR_DEVICE_INFO_COMPONENT_DEVICES, .propSize = 0, .pPropValue = nullptr, .pPropSizeRet = 0x7ffca0a5d8f0 (0)) -> UR_RESULT_SUCCESS;
   ---> urContextCreate
[2026-10-08 05:40:24.292] [thread-id: 133062369324224] [trace] zeContextCreate(hDriver, desc, phContext)
[2026-10-08 05:40:24.292] [thread-id: 133062369324224] [trace] SUCCESS (ZE_RESULT_SUCCESS) in zeContextCreate(hDriver=0x34dc79c8, desc={stype=0x7ffca0a5d820, flags=0}, phContext=0x34dde738)
[2026-10-08 05:40:24.292] [thread-id: 133062369324224] [trace] zeMemAllocHost(hContext, host_desc, size, alignment, pptr)
[2026-10-08 05:40:24.292] [thread-id: 133062369324224] [trace] SUCCESS (ZE_RESULT_SUCCESS) in zeMemAllocHost(hContext=0x34dde738, host_desc={stype=0x7ffca0a5d2a0, flags=0}, size=1, alignment=0, pptr=0x7904ecbffe00)
[2026-10-08 05:40:24.293] [thread-id: 133062369324224] [trace] zeMemGetAllocProperties(hContext, ptr, pMemAllocProperties, phDevice)
[2026-10-08 05:40:24.293] [thread-id: 133062369324224] [trace] SUCCESS (ZE_RESULT_SUCCESS) in zeMemGetAllocProperties(hContext=0x34dde738, ptr=0x7904ecbffe00, pMemAllocProperties={stype=0x7ffca0a5d2a0, type=0x7ffca0a5d2b0, id=1, pageSize=2097152}, phDevice=nullptr)
[2026-10-08 05:40:24.293] [thread-id: 133062369324224] [trace] zeMemFreeExt(hContext, pMemFreeDesc, ptr)
[2026-10-08 05:40:24.293] [thread-id: 133062369324224] [trace] SUCCESS (ZE_RESULT_SUCCESS) in zeMemFreeExt(hContext=0x34dde738, pMemFreeDesc={stype=0x7ffca0a5d280, freePolicy=1}, ptr=0x7904ecbffe00)
[2026-10-08 05:40:24.293] [thread-id: 133062369324224] [trace] zeDeviceGetProperties(hDevice, pDeviceProperties)
[2026-10-08 05:40:24.293] [thread-id: 133062369324224] [trace] SUCCESS (ZE_RESULT_SUCCESS) in zeDeviceGetProperties(hDevice=0x34dc7f28, pDeviceProperties={stype=0x7904ed14c068, type=0x7904ed14c078, vendorId=32902, deviceId=57868, flags=8, subdeviceId=0, coreClockRate=2750, maxMemAllocSize=10132807680, maxHardwareContexts=65536, maxCommandQueuePriority=0, numThreadsPerEU=8, physicalEUSimdWidth=16, numEUsPerSubslice=8, numSubslicesPerSlice=4, numSlices=5, timerResolution=52, timestampValidBits=64, kernelTimestampValidBits=64, uuid={id=134}, name="Intel(R) Arc(TM) B570 Graphics"})
[2026-10-08 05:40:24.293] [thread-id: 133062369324224] [trace] zeMemAllocDevice(hContext, device_desc, size, alignment, hDevice, pptr)
[2026-10-08 05:40:24.293] [thread-id: 133062369324224] [trace] SUCCESS (ZE_RESULT_SUCCESS) in zeMemAllocDevice(hContext=0x34dde738, device_desc={stype=0x7ffca0a5d260, flags=0, ordinal=0}, size=1, alignment=0, hDevice=0x34dc7f28, pptr=0xffffffffff9ffe00)
[2026-10-08 05:40:24.293] [thread-id: 133062369324224] [trace] zeContextMakeMemoryResident(hContext, hDevice, ptr, size)
[2026-10-08 05:40:24.293] [thread-id: 133062369324224] [trace] SUCCESS (ZE_RESULT_SUCCESS) in zeContextMakeMemoryResident(hContext=0x34dde738, hDevice=0x34dc7f28, ptr=0xffffffffff9ffe00, size=1)
[2026-10-08 05:40:24.293] [thread-id: 133062369324224] [trace] zeMemGetAllocProperties(hContext, ptr, pMemAllocProperties, phDevice)
[2026-10-08 05:40:24.293] [thread-id: 133062369324224] [trace] SUCCESS (ZE_RESULT_SUCCESS) in zeMemGetAllocProperties(hContext=0x34dde738, ptr=0xffffffffff9ffe00, pMemAllocProperties={stype=0x7ffca0a5d2a0, type=0x7ffca0a5d2b0, id=3, pageSize=65536}, phDevice=nullptr)
[2026-10-08 05:40:24.293] [thread-id: 133062369324224] [trace] zeMemFreeExt(hContext, pMemFreeDesc, ptr)
[2026-10-08 05:40:24.293] [thread-id: 133062369324224] [trace] SUCCESS (ZE_RESULT_SUCCESS) in zeMemFreeExt(hContext=0x34dde738, pMemFreeDesc={stype=0x7ffca0a5d280, freePolicy=1}, ptr=0xffffffffff9ffe00)
[2026-10-08 05:40:24.293] [thread-id: 133062369324224] [trace] zeDeviceGetProperties(hDevice, pDeviceProperties)
[2026-10-08 05:40:24.293] [thread-id: 133062369324224] [trace] SUCCESS (ZE_RESULT_SUCCESS) in zeDeviceGetProperties(hDevice=0x34dc7f28, pDeviceProperties={stype=0x7904ed144068, type=0x7904ed144078, vendorId=32902, deviceId=57868, flags=8, subdeviceId=0, coreClockRate=2750, maxMemAllocSize=10132807680, maxHardwareContexts=65536, maxCommandQueuePriority=0, numThreadsPerEU=8, physicalEUSimdWidth=16, numEUsPerSubslice=8, numSubslicesPerSlice=4, numSlices=5, timerResolution=52, timestampValidBits=64, kernelTimestampValidBits=64, uuid={id=134}, name="Intel(R) Arc(TM) B570 Graphics"})
[2026-10-08 05:40:24.293] [thread-id: 133062369324224] [trace] zeMemAllocShared(hContext, device_desc, host_desc, size, alignment, hDevice, pptr)
[2026-10-08 05:40:24.293] [thread-id: 133062369324224] [trace] SUCCESS (ZE_RESULT_SUCCESS) in zeMemAllocShared(hContext=0x34dde738, device_desc={stype=0x7ffca0a5d2a0, flags=0, ordinal=0}, host_desc={stype=0x7ffca0a5d280, flags=0}, size=1, alignment=0, hDevice=0x34dc7f28, pptr=0x7904ecdd0000)
[2026-10-08 05:40:24.293] [thread-id: 133062369324224] [trace] zeMemGetAllocProperties(hContext, ptr, pMemAllocProperties, phDevice)
[2026-10-08 05:40:24.293] [thread-id: 133062369324224] [trace] SUCCESS (ZE_RESULT_SUCCESS) in zeMemGetAllocProperties(hContext=0x34dde738, ptr=0x7904ecdd0000, pMemAllocProperties={stype=0x7ffca0a5d2a0, type=0x7ffca0a5d2b0, id=5, pageSize=65536}, phDevice=nullptr)
[2026-10-08 05:40:24.293] [thread-id: 133062369324224] [trace] zeMemFreeExt(hContext, pMemFreeDesc, ptr)
[2026-10-08 05:40:24.294] [thread-id: 133062369324224] [trace] SUCCESS (ZE_RESULT_SUCCESS) in zeMemFreeExt(hContext=0x34dde738, pMemFreeDesc={stype=0x7ffca0a5d280, freePolicy=1}, ptr=0x7904ecdd0000)
[2026-10-08 05:40:24.294] [thread-id: 133062369324224] [trace] zeDeviceGetProperties(hDevice, pDeviceProperties)
[2026-10-08 05:40:24.294] [thread-id: 133062369324224] [trace] SUCCESS (ZE_RESULT_SUCCESS) in zeDeviceGetProperties(hDevice=0x34dc7f28, pDeviceProperties={stype=0x7904ecdd6068, type=0x7904ecdd6078, vendorId=32902, deviceId=57868, flags=8, subdeviceId=0, coreClockRate=2750, maxMemAllocSize=10132807680, maxHardwareContexts=65536, maxCommandQueuePriority=0, numThreadsPerEU=8, physicalEUSimdWidth=16, numEUsPerSubslice=8, numSubslicesPerSlice=4, numSlices=5, timerResolution=52, timestampValidBits=64, kernelTimestampValidBits=64, uuid={id=134}, name="Intel(R) Arc(TM) B570 Graphics"})
[2026-10-08 05:40:24.294] [thread-id: 133062369324224] [trace] zeMemAllocShared(hContext, device_desc, host_desc, size, alignment, hDevice, pptr)
[2026-10-08 05:40:24.294] [thread-id: 133062369324224] [trace] SUCCESS (ZE_RESULT_SUCCESS) in zeMemAllocShared(hContext=0x34dde738, device_desc={stype=0x7ffca0a5d2a0, flags=0, ordinal=0}, host_desc={stype=0x7ffca0a5d280, flags=0}, size=1, alignment=0, hDevice=0x34dc7f28, pptr=0x7904ecdc0000)
[2026-10-08 05:40:24.294] [thread-id: 133062369324224] [trace] zeMemGetAllocProperties(hContext, ptr, pMemAllocProperties, phDevice)
[2026-10-08 05:40:24.294] [thread-id: 133062369324224] [trace] SUCCESS (ZE_RESULT_SUCCESS) in zeMemGetAllocProperties(hContext=0x34dde738, ptr=0x7904ecdc0000, pMemAllocProperties={stype=0x7ffca0a5d2a0, type=0x7ffca0a5d2b0, id=6, pageSize=65536}, phDevice=nullptr)
[2026-10-08 05:40:24.294] [thread-id: 133062369324224] [trace] zeMemFreeExt(hContext, pMemFreeDesc, ptr)
[2026-10-08 05:40:24.294] [thread-id: 133062369324224] [trace] SUCCESS (ZE_RESULT_SUCCESS) in zeMemFreeExt(hContext=0x34dde738, pMemFreeDesc={stype=0x7ffca0a5d280, freePolicy=1}, ptr=0x7904ecdc0000)
[2026-10-08 05:40:24.294] [thread-id: 133062369324224] [trace] zeMemAllocHost(hContext, host_desc, size, alignment, pptr)
[2026-10-08 05:40:24.294] [thread-id: 133062369324224] [trace] SUCCESS (ZE_RESULT_SUCCESS) in zeMemAllocHost(hContext=0x34dde738, host_desc={stype=0x7ffca0a5d2a0, flags=0}, size=1, alignment=0, pptr=0x7904ecbffe00)
[2026-10-08 05:40:24.294] [thread-id: 133062369324224] [trace] zeMemGetAllocProperties(hContext, ptr, pMemAllocProperties, phDevice)
[2026-10-08 05:40:24.294] [thread-id: 133062369324224] [trace] SUCCESS (ZE_RESULT_SUCCESS) in zeMemGetAllocProperties(hContext=0x34dde738, ptr=0x7904ecbffe00, pMemAllocProperties={stype=0x7ffca0a5d2a0, type=0x7ffca0a5d2b0, id=1, pageSize=2097152}, phDevice=nullptr)
[2026-10-08 05:40:24.294] [thread-id: 133062369324224] [trace] zeMemFreeExt(hContext, pMemFreeDesc, ptr)
[2026-10-08 05:40:24.294] [thread-id: 133062369324224] [trace] SUCCESS (ZE_RESULT_SUCCESS) in zeMemFreeExt(hContext=0x34dde738, pMemFreeDesc={stype=0x7ffca0a5d280, freePolicy=1}, ptr=0x7904ecbffe00)
[2026-10-08 05:40:24.294] [thread-id: 133062369324224] [trace] zeDeviceGetProperties(hDevice, pDeviceProperties)
[2026-10-08 05:40:24.294] [thread-id: 133062369324224] [trace] SUCCESS (ZE_RESULT_SUCCESS) in zeDeviceGetProperties(hDevice=0x34dc7f28, pDeviceProperties={stype=0x7904ecdce068, type=0x7904ecdce078, vendorId=32902, deviceId=57868, flags=8, subdeviceId=0, coreClockRate=2750, maxMemAllocSize=10132807680, maxHardwareContexts=65536, maxCommandQueuePriority=0, numThreadsPerEU=8, physicalEUSimdWidth=16, numEUsPerSubslice=8, numSubslicesPerSlice=4, numSlices=5, timerResolution=52, timestampValidBits=64, kernelTimestampValidBits=64, uuid={id=134}, name="Intel(R) Arc(TM) B570 Graphics"})
[2026-10-08 05:40:24.294] [thread-id: 133062369324224] [trace] zeMemAllocDevice(hContext, device_desc, size, alignment, hDevice, pptr)
[2026-10-08 05:40:24.294] [thread-id: 133062369324224] [trace] SUCCESS (ZE_RESULT_SUCCESS) in zeMemAllocDevice(hContext=0x34dde738, device_desc={stype=0x7ffca0a5d260, flags=0, ordinal=0}, size=1, alignment=0, hDevice=0x34dc7f28, pptr=0xffffffffff9ffe00)
[2026-10-08 05:40:24.294] [thread-id: 133062369324224] [trace] zeContextMakeMemoryResident(hContext, hDevice, ptr, size)
[2026-10-08 05:40:24.294] [thread-id: 133062369324224] [trace] SUCCESS (ZE_RESULT_SUCCESS) in zeContextMakeMemoryResident(hContext=0x34dde738, hDevice=0x34dc7f28, ptr=0xffffffffff9ffe00, size=1)
[2026-10-08 05:40:24.294] [thread-id: 133062369324224] [trace] zeMemGetAllocProperties(hContext, ptr, pMemAllocProperties, phDevice)
[2026-10-08 05:40:24.294] [thread-id: 133062369324224] [trace] SUCCESS (ZE_RESULT_SUCCESS) in zeMemGetAllocProperties(hContext=0x34dde738, ptr=0xffffffffff9ffe00, pMemAllocProperties={stype=0x7ffca0a5d2a0, type=0x7ffca0a5d2b0, id=3, pageSize=65536}, phDevice=nullptr)
[2026-10-08 05:40:24.294] [thread-id: 133062369324224] [trace] zeMemFreeExt(hContext, pMemFreeDesc, ptr)
[2026-10-08 05:40:24.295] [thread-id: 133062369324224] [trace] SUCCESS (ZE_RESULT_SUCCESS) in zeMemFreeExt(hContext=0x34dde738, pMemFreeDesc={stype=0x7ffca0a5d280, freePolicy=1}, ptr=0xffffffffff9ffe00)
[2026-10-08 05:40:24.295] [thread-id: 133062369324224] [trace] zeDeviceGetProperties(hDevice, pDeviceProperties)
[2026-10-08 05:40:24.295] [thread-id: 133062369324224] [trace] SUCCESS (ZE_RESULT_SUCCESS) in zeDeviceGetProperties(hDevice=0x34dc7f28, pDeviceProperties={stype=0x7904ecdc1068, type=0x7904ecdc1078, vendorId=32902, deviceId=57868, flags=8, subdeviceId=0, coreClockRate=2750, maxMemAllocSize=10132807680, maxHardwareContexts=65536, maxCommandQueuePriority=0, numThreadsPerEU=8, physicalEUSimdWidth=16, numEUsPerSubslice=8, numSubslicesPerSlice=4, numSlices=5, timerResolution=52, timestampValidBits=64, kernelTimestampValidBits=64, uuid={id=134}, name="Intel(R) Arc(TM) B570 Graphics"})
[2026-10-08 05:40:24.295] [thread-id: 133062369324224] [trace] zeMemAllocShared(hContext, device_desc, host_desc, size, alignment, hDevice, pptr)
[2026-10-08 05:40:24.295] [thread-id: 133062369324224] [trace] SUCCESS (ZE_RESULT_SUCCESS) in zeMemAllocShared(hContext=0x34dde738, device_desc={stype=0x7ffca0a5d2a0, flags=0, ordinal=0}, host_desc={stype=0x7ffca0a5d280, flags=0}, size=1, alignment=0, hDevice=0x34dc7f28, pptr=0x7904ecdb0000)
[2026-10-08 05:40:24.295] [thread-id: 133062369324224] [trace] zeMemGetAllocProperties(hContext, ptr, pMemAllocProperties, phDevice)
[2026-10-08 05:40:24.295] [thread-id: 133062369324224] [trace] SUCCESS (ZE_RESULT_SUCCESS) in zeMemGetAllocProperties(hContext=0x34dde738, ptr=0x7904ecdb0000, pMemAllocProperties={stype=0x7ffca0a5d2a0, type=0x7ffca0a5d2b0, id=9, pageSize=65536}, phDevice=nullptr)
[2026-10-08 05:40:24.295] [thread-id: 133062369324224] [trace] zeMemFreeExt(hContext, pMemFreeDesc, ptr)
[2026-10-08 05:40:24.295] [thread-id: 133062369324224] [trace] SUCCESS (ZE_RESULT_SUCCESS) in zeMemFreeExt(hContext=0x34dde738, pMemFreeDesc={stype=0x7ffca0a5d280, freePolicy=1}, ptr=0x7904ecdb0000)
[2026-10-08 05:40:24.295] [thread-id: 133062369324224] [trace] zeDeviceGetProperties(hDevice, pDeviceProperties)
[2026-10-08 05:40:24.295] [thread-id: 133062369324224] [trace] SUCCESS (ZE_RESULT_SUCCESS) in zeDeviceGetProperties(hDevice=0x34dc7f28, pDeviceProperties={stype=0x7904ecdbd068, type=0x7904ecdbd078, vendorId=32902, deviceId=57868, flags=8, subdeviceId=0, coreClockRate=2750, maxMemAllocSize=10132807680, maxHardwareContexts=65536, maxCommandQueuePriority=0, numThreadsPerEU=8, physicalEUSimdWidth=16, numEUsPerSubslice=8, numSubslicesPerSlice=4, numSlices=5, timerResolution=52, timestampValidBits=64, kernelTimestampValidBits=64, uuid={id=134}, name="Intel(R) Arc(TM) B570 Graphics"})
[2026-10-08 05:40:24.295] [thread-id: 133062369324224] [trace] zeMemAllocShared(hContext, device_desc, host_desc, size, alignment, hDevice, pptr)
[2026-10-08 05:40:24.295] [thread-id: 133062369324224] [trace] SUCCESS (ZE_RESULT_SUCCESS) in zeMemAllocShared(hContext=0x34dde738, device_desc={stype=0x7ffca0a5d2a0, flags=0, ordinal=0}, host_desc={stype=0x7ffca0a5d280, flags=0}, size=1, alignment=0, hDevice=0x34dc7f28, pptr=0x7904ecda0000)
[2026-10-08 05:40:24.295] [thread-id: 133062369324224] [trace] zeMemGetAllocProperties(hContext, ptr, pMemAllocProperties, phDevice)
[2026-10-08 05:40:24.295] [thread-id: 133062369324224] [trace] SUCCESS (ZE_RESULT_SUCCESS) in zeMemGetAllocProperties(hContext=0x34dde738, ptr=0x7904ecda0000, pMemAllocProperties={stype=0x7ffca0a5d2a0, type=0x7ffca0a5d2b0, id=10, pageSize=65536}, phDevice=nullptr)
[2026-10-08 05:40:24.295] [thread-id: 133062369324224] [trace] zeMemFreeExt(hContext, pMemFreeDesc, ptr)
[2026-10-08 05:40:24.295] [thread-id: 133062369324224] [trace] SUCCESS (ZE_RESULT_SUCCESS) in zeMemFreeExt(hContext=0x34dde738, pMemFreeDesc={stype=0x7ffca0a5d280, freePolicy=1}, ptr=0x7904ecda0000)
   <--- urContextCreate(.DeviceCount = 1, .phDevices = 0x34dddce0 {0x34ddd040}, .pProperties = nullptr, .phContext = 0x34ddfc40 (0x34de1b90)) -> UR_RESULT_SUCCESS;
   ---> urQueueCreate
<LEVEL_ZERO>[INFO]: Copy offload is disabled by the environment variable.
<LEVEL_ZERO>[DEBUG]: create command list ordinal: 0, type: immediate, device: 0x34dc7f28, inOrder: 1
[2026-10-08 05:40:24.295] [thread-id: 133062369324224] [trace] zeCommandListCreateImmediate(hContext, hDevice, altdesc, phCommandList)
[2026-10-08 05:40:24.297] [thread-id: 133062369324224] [trace] SUCCESS (ZE_RESULT_SUCCESS) in zeCommandListCreateImmediate(hContext=0x34dde738, hDevice=0x34dc7f28, altdesc={stype=0x7ffca0a5d7a0, ordinal=0, index=0, flags=2, mode=0x7ffca0a5d7bc, priority=0x7ffca0a5d7c0}, phCommandList=0x34de5d88)
[2026-10-08 05:40:24.297] [thread-id: 133062369324224] [trace] zeDriverGetExtensionFunctionAddress(hDriver, name, ppFunctionAddress)
[2026-10-08 05:40:24.297] [thread-id: 133062369324224] [trace] SUCCESS (ZE_RESULT_SUCCESS) in zeDriverGetExtensionFunctionAddress(hDriver=0x34dc79c8, name="zexCounterBasedEventCreate2", ppFunctionAddress=0x7904fb297c00)
   <--- urQueueCreate(.hContext = 0x34de1b90, .hDevice = 0x34ddd040, .pProperties = 0x7ffca0a5dd80 ((struct ur_queue_properties_t){.stype = UR_STRUCTURE_TYPE_QUEUE_PROPERTIES, .pNext = nullptr, .flags = 0}), .phQueue = 0x7ffca0a5dd98 (0x34de50a0)) -> UR_RESULT_SUCCESS;
   ---> urDeviceGetInfo
[2026-10-08 05:40:24.297] [thread-id: 133062369324224] [trace] zeDeviceGetMemoryAccessProperties(hDevice, pMemAccessProperties)
[2026-10-08 05:40:24.297] [thread-id: 133062369324224] [trace] SUCCESS (ZE_RESULT_SUCCESS) in zeDeviceGetMemoryAccessProperties(hDevice=0x34dc7f28, pMemAccessProperties={stype=0x34ddd420, hostAllocCapabilities=3, deviceAllocCapabilities=3, sharedSingleDeviceAllocCapabilities=3, sharedCrossDeviceAllocCapabilities=0, sharedSystemAllocCapabilities=15})
   <--- urDeviceGetInfo(.hDevice = 0x34ddd040, .propName = UR_DEVICE_INFO_USM_DEVICE_SUPPORT, .propSize = 4, .pPropValue = 0x7ffca0a5dbe4 (UR_DEVICE_USM_ACCESS_CAPABILITY_FLAG_ACCESS | UR_DEVICE_USM_ACCESS_CAPABILITY_FLAG_ATOMIC_ACCESS), .pPropSizeRet = nullptr) -> UR_RESULT_SUCCESS;
   ---> urUSMDeviceAlloc
[2026-10-08 05:40:24.297] [thread-id: 133062369324224] [trace] zeMemAllocDevice(hContext, device_desc, size, alignment, hDevice, pptr)
[2026-10-08 05:40:24.297] [thread-id: 133062369324224] [trace] SUCCESS (ZE_RESULT_SUCCESS) in zeMemAllocDevice(hContext=0x34dde738, device_desc={stype=0x7ffca0a5d7f0, flags=0, ordinal=0}, size=65536, alignment=0, hDevice=0x34dc7f28, pptr=0xffffffffff600000)
[2026-10-08 05:40:24.297] [thread-id: 133062369324224] [trace] zeContextMakeMemoryResident(hContext, hDevice, ptr, size)
[2026-10-08 05:40:24.297] [thread-id: 133062369324224] [trace] SUCCESS (ZE_RESULT_SUCCESS) in zeContextMakeMemoryResident(hContext=0x34dde738, hDevice=0x34dc7f28, ptr=0xffffffffff600000, size=65536)
   <--- urUSMDeviceAlloc(.hContext = 0x34de1b90, .hDevice = 0x34ddd040, .pUSMDesc = 0x7ffca0a5dd50 ((struct ur_usm_desc_t){.stype = UR_STRUCTURE_TYPE_CONTEXT_PROPERTIES, .pNext = nullptr, .hints = 0, .align = 4}), .pool = nullptr, .size = 65536, .ppMem = 0x7ffca0a5dd68 (0xffffffffff600000)) -> UR_RESULT_SUCCESS;
   ---> urEnqueueUSMMemcpy
<LEVEL_ZERO>[DEBUG]: ze_event_pool_desc_t flags set to: 1
[2026-10-08 05:40:24.297] [thread-id: 133062369324224] [trace] zexCounterBasedEventCreate2(hContext, hDevice, desc, phEvent)
[2026-10-08 05:40:24.297] [thread-id: 133062369324224] [trace] SUCCESS (ZE_RESULT_SUCCESS) in zexCounterBasedEventCreate2(hContext=0x34dde738, hDevice=0x34dc7f28, desc=0x7ffca0a5d7a0, phEvent=0x34e16a68)
<LEVEL_ZERO>[DEBUG]: ze_event_pool_desc_t flags set to: 1
[2026-10-08 05:40:24.297] [thread-id: 133062369324224] [trace] zexCounterBasedEventCreate2(hContext, hDevice, desc, phEvent)
[2026-10-08 05:40:24.297] [thread-id: 133062369324224] [trace] SUCCESS (ZE_RESULT_SUCCESS) in zexCounterBasedEventCreate2(hContext=0x34dde738, hDevice=0x34dc7f28, desc=0x7ffca0a5d7a0, phEvent=0x34e16e08)
<LEVEL_ZERO>[DEBUG]: ze_event_pool_desc_t flags set to: 1
[2026-10-08 05:40:24.297] [thread-id: 133062369324224] [trace] zexCounterBasedEventCreate2(hContext, hDevice, desc, phEvent)
[2026-10-08 05:40:24.297] [thread-id: 133062369324224] [trace] SUCCESS (ZE_RESULT_SUCCESS) in zexCounterBasedEventCreate2(hContext=0x34dde738, hDevice=0x34dc7f28, desc=0x7ffca0a5d7a0, phEvent=0x34e17528)
<LEVEL_ZERO>[DEBUG]: ze_event_pool_desc_t flags set to: 1
[2026-10-08 05:40:24.297] [thread-id: 133062369324224] [trace] zexCounterBasedEventCreate2(hContext, hDevice, desc, phEvent)
[2026-10-08 05:40:24.297] [thread-id: 133062369324224] [trace] SUCCESS (ZE_RESULT_SUCCESS) in zexCounterBasedEventCreate2(hContext=0x34dde738, hDevice=0x34dc7f28, desc=0x7ffca0a5d7a0, phEvent=0x34e17a68)
<LEVEL_ZERO>[DEBUG]: ze_event_pool_desc_t flags set to: 1
[2026-10-08 05:40:24.297] [thread-id: 133062369324224] [trace] zexCounterBasedEventCreate2(hContext, hDevice, desc, phEvent)
[2026-10-08 05:40:24.297] [thread-id: 133062369324224] [trace] SUCCESS (ZE_RESULT_SUCCESS) in zexCounterBasedEventCreate2(hContext=0x34dde738, hDevice=0x34dc7f28, desc=0x7ffca0a5d7a0, phEvent=0x34e18168)
<LEVEL_ZERO>[DEBUG]: ze_event_pool_desc_t flags set to: 1
[2026-10-08 05:40:24.297] [thread-id: 133062369324224] [trace] zexCounterBasedEventCreate2(hContext, hDevice, desc, phEvent)
[2026-10-08 05:40:24.297] [thread-id: 133062369324224] [trace] SUCCESS (ZE_RESULT_SUCCESS) in zexCounterBasedEventCreate2(hContext=0x34dde738, hDevice=0x34dc7f28, desc=0x7ffca0a5d7a0, phEvent=0x34e186c8)
<LEVEL_ZERO>[DEBUG]: ze_event_pool_desc_t flags set to: 1
[2026-10-08 05:40:24.297] [thread-id: 133062369324224] [trace] zexCounterBasedEventCreate2(hContext, hDevice, desc, phEvent)
[2026-10-08 05:40:24.297] [thread-id: 133062369324224] [trace] SUCCESS (ZE_RESULT_SUCCESS) in zexCounterBasedEventCreate2(hContext=0x34dde738, hDevice=0x34dc7f28, desc=0x7ffca0a5d7a0, phEvent=0x34e18dc8)
<LEVEL_ZERO>[DEBUG]: ze_event_pool_desc_t flags set to: 1
[2026-10-08 05:40:24.297] [thread-id: 133062369324224] [trace] zexCounterBasedEventCreate2(hContext, hDevice, desc, phEvent)
[2026-10-08 05:40:24.297] [thread-id: 133062369324224] [trace] SUCCESS (ZE_RESULT_SUCCESS) in zexCounterBasedEventCreate2(hContext=0x34dde738, hDevice=0x34dc7f28, desc=0x7ffca0a5d7a0, phEvent=0x34e192d8)
<LEVEL_ZERO>[DEBUG]: ze_event_pool_desc_t flags set to: 1
[2026-10-08 05:40:24.297] [thread-id: 133062369324224] [trace] zexCounterBasedEventCreate2(hContext, hDevice, desc, phEvent)
[2026-10-08 05:40:24.297] [thread-id: 133062369324224] [trace] SUCCESS (ZE_RESULT_SUCCESS) in zexCounterBasedEventCreate2(hContext=0x34dde738, hDevice=0x34dc7f28, desc=0x7ffca0a5d7a0, phEvent=0x34e199d8)
<LEVEL_ZERO>[DEBUG]: ze_event_pool_desc_t flags set to: 1
[2026-10-08 05:40:24.297] [thread-id: 133062369324224] [trace] zexCounterBasedEventCreate2(hContext, hDevice, desc, phEvent)
[2026-10-08 05:40:24.297] [thread-id: 133062369324224] [trace] SUCCESS (ZE_RESULT_SUCCESS) in zexCounterBasedEventCreate2(hContext=0x34dde738, hDevice=0x34dc7f28, desc=0x7ffca0a5d7a0, phEvent=0x34e19ee8)
<LEVEL_ZERO>[DEBUG]: ze_event_pool_desc_t flags set to: 1
[2026-10-08 05:40:24.298] [thread-id: 133062369324224] [trace] zexCounterBasedEventCreate2(hContext, hDevice, desc, phEvent)
[2026-10-08 05:40:24.298] [thread-id: 133062369324224] [trace] SUCCESS (ZE_RESULT_SUCCESS) in zexCounterBasedEventCreate2(hContext=0x34dde738, hDevice=0x34dc7f28, desc=0x7ffca0a5d7a0, phEvent=0x34e1a5e8)
<LEVEL_ZERO>[DEBUG]: ze_event_pool_desc_t flags set to: 1
[2026-10-08 05:40:24.298] [thread-id: 133062369324224] [trace] zexCounterBasedEventCreate2(hContext, hDevice, desc, phEvent)
[2026-10-08 05:40:24.298] [thread-id: 133062369324224] [trace] SUCCESS (ZE_RESULT_SUCCESS) in zexCounterBasedEventCreate2(hContext=0x34dde738, hDevice=0x34dc7f28, desc=0x7ffca0a5d7a0, phEvent=0x34e1ab98)
<LEVEL_ZERO>[DEBUG]: ze_event_pool_desc_t flags set to: 1
[2026-10-08 05:40:24.298] [thread-id: 133062369324224] [trace] zexCounterBasedEventCreate2(hContext, hDevice, desc, phEvent)
[2026-10-08 05:40:24.298] [thread-id: 133062369324224] [trace] SUCCESS (ZE_RESULT_SUCCESS) in zexCounterBasedEventCreate2(hContext=0x34dde738, hDevice=0x34dc7f28, desc=0x7ffca0a5d7a0, phEvent=0x34e1b298)
<LEVEL_ZERO>[DEBUG]: ze_event_pool_desc_t flags set to: 1
[2026-10-08 05:40:24.298] [thread-id: 133062369324224] [trace] zexCounterBasedEventCreate2(hContext, hDevice, desc, phEvent)
[2026-10-08 05:40:24.298] [thread-id: 133062369324224] [trace] SUCCESS (ZE_RESULT_SUCCESS) in zexCounterBasedEventCreate2(hContext=0x34dde738, hDevice=0x34dc7f28, desc=0x7ffca0a5d7a0, phEvent=0x34e1b7a8)
<LEVEL_ZERO>[DEBUG]: ze_event_pool_desc_t flags set to: 1
[2026-10-08 05:40:24.298] [thread-id: 133062369324224] [trace] zexCounterBasedEventCreate2(hContext, hDevice, desc, phEvent)
[2026-10-08 05:40:24.298] [thread-id: 133062369324224] [trace] SUCCESS (ZE_RESULT_SUCCESS) in zexCounterBasedEventCreate2(hContext=0x34dde738, hDevice=0x34dc7f28, desc=0x7ffca0a5d7a0, phEvent=0x34e1bea8)
<LEVEL_ZERO>[DEBUG]: ze_event_pool_desc_t flags set to: 1
[2026-10-08 05:40:24.298] [thread-id: 133062369324224] [trace] zexCounterBasedEventCreate2(hContext, hDevice, desc, phEvent)
[2026-10-08 05:40:24.298] [thread-id: 133062369324224] [trace] SUCCESS (ZE_RESULT_SUCCESS) in zexCounterBasedEventCreate2(hContext=0x34dde738, hDevice=0x34dc7f28, desc=0x7ffca0a5d7a0, phEvent=0x34e1c3b8)
<LEVEL_ZERO>[DEBUG]: ze_event_pool_desc_t flags set to: 1
[2026-10-08 05:40:24.298] [thread-id: 133062369324224] [trace] zexCounterBasedEventCreate2(hContext, hDevice, desc, phEvent)
[2026-10-08 05:40:24.298] [thread-id: 133062369324224] [trace] SUCCESS (ZE_RESULT_SUCCESS) in zexCounterBasedEventCreate2(hContext=0x34dde738, hDevice=0x34dc7f28, desc=0x7ffca0a5d7a0, phEvent=0x34e1cab8)
<LEVEL_ZERO>[DEBUG]: ze_event_pool_desc_t flags set to: 1
[2026-10-08 05:40:24.298] [thread-id: 133062369324224] [trace] zexCounterBasedEventCreate2(hContext, hDevice, desc, phEvent)
[2026-10-08 05:40:24.298] [thread-id: 133062369324224] [trace] SUCCESS (ZE_RESULT_SUCCESS) in zexCounterBasedEventCreate2(hContext=0x34dde738, hDevice=0x34dc7f28, desc=0x7ffca0a5d7a0, phEvent=0x34e1d0d8)
<LEVEL_ZERO>[DEBUG]: ze_event_pool_desc_t flags set to: 1
[2026-10-08 05:40:24.298] [thread-id: 133062369324224] [trace] zexCounterBasedEventCreate2(hContext, hDevice, desc, phEvent)
[2026-10-08 05:40:24.298] [thread-id: 133062369324224] [trace] SUCCESS (ZE_RESULT_SUCCESS) in zexCounterBasedEventCreate2(hContext=0x34dde738, hDevice=0x34dc7f28, desc=0x7ffca0a5d7a0, phEvent=0x34e1d7d8)
<LEVEL_ZERO>[DEBUG]: ze_event_pool_desc_t flags set to: 1
[2026-10-08 05:40:24.298] [thread-id: 133062369324224] [trace] zexCounterBasedEventCreate2(hContext, hDevice, desc, phEvent)
[2026-10-08 05:40:24.298] [thread-id: 133062369324224] [trace] SUCCESS (ZE_RESULT_SUCCESS) in zexCounterBasedEventCreate2(hContext=0x34dde738, hDevice=0x34dc7f28, desc=0x7ffca0a5d7a0, phEvent=0x34e1dce8)
<LEVEL_ZERO>[DEBUG]: ze_event_pool_desc_t flags set to: 1
[2026-10-08 05:40:24.298] [thread-id: 133062369324224] [trace] zexCounterBasedEventCreate2(hContext, hDevice, desc, phEvent)
[2026-10-08 05:40:24.298] [thread-id: 133062369324224] [trace] SUCCESS (ZE_RESULT_SUCCESS) in zexCounterBasedEventCreate2(hContext=0x34dde738, hDevice=0x34dc7f28, desc=0x7ffca0a5d7a0, phEvent=0x34e1e3e8)
<LEVEL_ZERO>[DEBUG]: ze_event_pool_desc_t flags set to: 1
[2026-10-08 05:40:24.298] [thread-id: 133062369324224] [trace] zexCounterBasedEventCreate2(hContext, hDevice, desc, phEvent)
[2026-10-08 05:40:24.298] [thread-id: 133062369324224] [trace] SUCCESS (ZE_RESULT_SUCCESS) in zexCounterBasedEventCreate2(hContext=0x34dde738, hDevice=0x34dc7f28, desc=0x7ffca0a5d7a0, phEvent=0x34e1e8f8)
<LEVEL_ZERO>[DEBUG]: ze_event_pool_desc_t flags set to: 1
[2026-10-08 05:40:24.298] [thread-id: 133062369324224] [trace] zexCounterBasedEventCreate2(hContext, hDevice, desc, phEvent)
[2026-10-08 05:40:24.298] [thread-id: 133062369324224] [trace] SUCCESS (ZE_RESULT_SUCCESS) in zexCounterBasedEventCreate2(hContext=0x34dde738, hDevice=0x34dc7f28, desc=0x7ffca0a5d7a0, phEvent=0x34e1eff8)
<LEVEL_ZERO>[DEBUG]: ze_event_pool_desc_t flags set to: 1
[2026-10-08 05:40:24.298] [thread-id: 133062369324224] [trace] zexCounterBasedEventCreate2(hContext, hDevice, desc, phEvent)
[2026-10-08 05:40:24.298] [thread-id: 133062369324224] [trace] SUCCESS (ZE_RESULT_SUCCESS) in zexCounterBasedEventCreate2(hContext=0x34dde738, hDevice=0x34dc7f28, desc=0x7ffca0a5d7a0, phEvent=0x34e1f508)
<LEVEL_ZERO>[DEBUG]: ze_event_pool_desc_t flags set to: 1
[2026-10-08 05:40:24.298] [thread-id: 133062369324224] [trace] zexCounterBasedEventCreate2(hContext, hDevice, desc, phEvent)
[2026-10-08 05:40:24.298] [thread-id: 133062369324224] [trace] SUCCESS (ZE_RESULT_SUCCESS) in zexCounterBasedEventCreate2(hContext=0x34dde738, hDevice=0x34dc7f28, desc=0x7ffca0a5d7a0, phEvent=0x34e1fd48)
<LEVEL_ZERO>[DEBUG]: ze_event_pool_desc_t flags set to: 1
[2026-10-08 05:40:24.298] [thread-id: 133062369324224] [trace] zexCounterBasedEventCreate2(hContext, hDevice, desc, phEvent)
[2026-10-08 05:40:24.298] [thread-id: 133062369324224] [trace] SUCCESS (ZE_RESULT_SUCCESS) in zexCounterBasedEventCreate2(hContext=0x34dde738, hDevice=0x34dc7f28, desc=0x7ffca0a5d7a0, phEvent=0x34e20258)
<LEVEL_ZERO>[DEBUG]: ze_event_pool_desc_t flags set to: 1
[2026-10-08 05:40:24.298] [thread-id: 133062369324224] [trace] zexCounterBasedEventCreate2(hContext, hDevice, desc, phEvent)
[2026-10-08 05:40:24.298] [thread-id: 133062369324224] [trace] SUCCESS (ZE_RESULT_SUCCESS) in zexCounterBasedEventCreate2(hContext=0x34dde738, hDevice=0x34dc7f28, desc=0x7ffca0a5d7a0, phEvent=0x34e20958)
<LEVEL_ZERO>[DEBUG]: ze_event_pool_desc_t flags set to: 1
[2026-10-08 05:40:24.298] [thread-id: 133062369324224] [trace] zexCounterBasedEventCreate2(hContext, hDevice, desc, phEvent)
[2026-10-08 05:40:24.298] [thread-id: 133062369324224] [trace] SUCCESS (ZE_RESULT_SUCCESS) in zexCounterBasedEventCreate2(hContext=0x34dde738, hDevice=0x34dc7f28, desc=0x7ffca0a5d7a0, phEvent=0x34e20e68)
<LEVEL_ZERO>[DEBUG]: ze_event_pool_desc_t flags set to: 1
[2026-10-08 05:40:24.298] [thread-id: 133062369324224] [trace] zexCounterBasedEventCreate2(hContext, hDevice, desc, phEvent)
[2026-10-08 05:40:24.298] [thread-id: 133062369324224] [trace] SUCCESS (ZE_RESULT_SUCCESS) in zexCounterBasedEventCreate2(hContext=0x34dde738, hDevice=0x34dc7f28, desc=0x7ffca0a5d7a0, phEvent=0x34e21568)
<LEVEL_ZERO>[DEBUG]: ze_event_pool_desc_t flags set to: 1
[2026-10-08 05:40:24.298] [thread-id: 133062369324224] [trace] zexCounterBasedEventCreate2(hContext, hDevice, desc, phEvent)
[2026-10-08 05:40:24.298] [thread-id: 133062369324224] [trace] SUCCESS (ZE_RESULT_SUCCESS) in zexCounterBasedEventCreate2(hContext=0x34dde738, hDevice=0x34dc7f28, desc=0x7ffca0a5d7a0, phEvent=0x34e21a78)
<LEVEL_ZERO>[DEBUG]: ze_event_pool_desc_t flags set to: 1
[2026-10-08 05:40:24.298] [thread-id: 133062369324224] [trace] zexCounterBasedEventCreate2(hContext, hDevice, desc, phEvent)
[2026-10-08 05:40:24.298] [thread-id: 133062369324224] [trace] SUCCESS (ZE_RESULT_SUCCESS) in zexCounterBasedEventCreate2(hContext=0x34dde738, hDevice=0x34dc7f28, desc=0x7ffca0a5d7a0, phEvent=0x34e22178)
<LEVEL_ZERO>[DEBUG]: ze_event_pool_desc_t flags set to: 1
[2026-10-08 05:40:24.298] [thread-id: 133062369324224] [trace] zexCounterBasedEventCreate2(hContext, hDevice, desc, phEvent)
[2026-10-08 05:40:24.298] [thread-id: 133062369324224] [trace] SUCCESS (ZE_RESULT_SUCCESS) in zexCounterBasedEventCreate2(hContext=0x34dde738, hDevice=0x34dc7f28, desc=0x7ffca0a5d7a0, phEvent=0x34e22688)
<LEVEL_ZERO>[DEBUG]: ze_event_pool_desc_t flags set to: 1
[2026-10-08 05:40:24.298] [thread-id: 133062369324224] [trace] zexCounterBasedEventCreate2(hContext, hDevice, desc, phEvent)
[2026-10-08 05:40:24.298] [thread-id: 133062369324224] [trace] SUCCESS (ZE_RESULT_SUCCESS) in zexCounterBasedEventCreate2(hContext=0x34dde738, hDevice=0x34dc7f28, desc=0x7ffca0a5d7a0, phEvent=0x34e22d88)
<LEVEL_ZERO>[DEBUG]: ze_event_pool_desc_t flags set to: 1
[2026-10-08 05:40:24.298] [thread-id: 133062369324224] [trace] zexCounterBasedEventCreate2(hContext, hDevice, desc, phEvent)
[2026-10-08 05:40:24.298] [thread-id: 133062369324224] [trace] SUCCESS (ZE_RESULT_SUCCESS) in zexCounterBasedEventCreate2(hContext=0x34dde738, hDevice=0x34dc7f28, desc=0x7ffca0a5d7a0, phEvent=0x34e234a8)
<LEVEL_ZERO>[DEBUG]: ze_event_pool_desc_t flags set to: 1
[2026-10-08 05:40:24.298] [thread-id: 133062369324224] [trace] zexCounterBasedEventCreate2(hContext, hDevice, desc, phEvent)
[2026-10-08 05:40:24.298] [thread-id: 133062369324224] [trace] SUCCESS (ZE_RESULT_SUCCESS) in zexCounterBasedEventCreate2(hContext=0x34dde738, hDevice=0x34dc7f28, desc=0x7ffca0a5d7a0, phEvent=0x34e23ba8)
<LEVEL_ZERO>[DEBUG]: ze_event_pool_desc_t flags set to: 1
[2026-10-08 05:40:24.298] [thread-id: 133062369324224] [trace] zexCounterBasedEventCreate2(hContext, hDevice, desc, phEvent)
[2026-10-08 05:40:24.298] [thread-id: 133062369324224] [trace] SUCCESS (ZE_RESULT_SUCCESS) in zexCounterBasedEventCreate2(hContext=0x34dde738, hDevice=0x34dc7f28, desc=0x7ffca0a5d7a0, phEvent=0x34e240b8)
<LEVEL_ZERO>[DEBUG]: ze_event_pool_desc_t flags set to: 1
[2026-10-08 05:40:24.298] [thread-id: 133062369324224] [trace] zexCounterBasedEventCreate2(hContext, hDevice, desc, phEvent)
[2026-10-08 05:40:24.298] [thread-id: 133062369324224] [trace] SUCCESS (ZE_RESULT_SUCCESS) in zexCounterBasedEventCreate2(hContext=0x34dde738, hDevice=0x34dc7f28, desc=0x7ffca0a5d7a0, phEvent=0x34e247b8)
<LEVEL_ZERO>[DEBUG]: ze_event_pool_desc_t flags set to: 1
[2026-10-08 05:40:24.298] [thread-id: 133062369324224] [trace] zexCounterBasedEventCreate2(hContext, hDevice, desc, phEvent)
[2026-10-08 05:40:24.298] [thread-id: 133062369324224] [trace] SUCCESS (ZE_RESULT_SUCCESS) in zexCounterBasedEventCreate2(hContext=0x34dde738, hDevice=0x34dc7f28, desc=0x7ffca0a5d7a0, phEvent=0x34e24cc8)
<LEVEL_ZERO>[DEBUG]: ze_event_pool_desc_t flags set to: 1
[2026-10-08 05:40:24.298] [thread-id: 133062369324224] [trace] zexCounterBasedEventCreate2(hContext, hDevice, desc, phEvent)
[2026-10-08 05:40:24.298] [thread-id: 133062369324224] [trace] SUCCESS (ZE_RESULT_SUCCESS) in zexCounterBasedEventCreate2(hContext=0x34dde738, hDevice=0x34dc7f28, desc=0x7ffca0a5d7a0, phEvent=0x34e253c8)
<LEVEL_ZERO>[DEBUG]: ze_event_pool_desc_t flags set to: 1
[2026-10-08 05:40:24.298] [thread-id: 133062369324224] [trace] zexCounterBasedEventCreate2(hContext, hDevice, desc, phEvent)
[2026-10-08 05:40:24.298] [thread-id: 133062369324224] [trace] SUCCESS (ZE_RESULT_SUCCESS) in zexCounterBasedEventCreate2(hContext=0x34dde738, hDevice=0x34dc7f28, desc=0x7ffca0a5d7a0, phEvent=0x34e258d8)
<LEVEL_ZERO>[DEBUG]: ze_event_pool_desc_t flags set to: 1
[2026-10-08 05:40:24.298] [thread-id: 133062369324224] [trace] zexCounterBasedEventCreate2(hContext, hDevice, desc, phEvent)
[2026-10-08 05:40:24.299] [thread-id: 133062369324224] [trace] SUCCESS (ZE_RESULT_SUCCESS) in zexCounterBasedEventCreate2(hContext=0x34dde738, hDevice=0x34dc7f28, desc=0x7ffca0a5d7a0, phEvent=0x34e25fd8)
<LEVEL_ZERO>[DEBUG]: ze_event_pool_desc_t flags set to: 1
[2026-10-08 05:40:24.299] [thread-id: 133062369324224] [trace] zexCounterBasedEventCreate2(hContext, hDevice, desc, phEvent)
[2026-10-08 05:40:24.299] [thread-id: 133062369324224] [trace] SUCCESS (ZE_RESULT_SUCCESS) in zexCounterBasedEventCreate2(hContext=0x34dde738, hDevice=0x34dc7f28, desc=0x7ffca0a5d7a0, phEvent=0x34e264e8)
<LEVEL_ZERO>[DEBUG]: ze_event_pool_desc_t flags set to: 1
[2026-10-08 05:40:24.299] [thread-id: 133062369324224] [trace] zexCounterBasedEventCreate2(hContext, hDevice, desc, phEvent)
[2026-10-08 05:40:24.299] [thread-id: 133062369324224] [trace] SUCCESS (ZE_RESULT_SUCCESS) in zexCounterBasedEventCreate2(hContext=0x34dde738, hDevice=0x34dc7f28, desc=0x7ffca0a5d7a0, phEvent=0x34e26be8)
<LEVEL_ZERO>[DEBUG]: ze_event_pool_desc_t flags set to: 1
[2026-10-08 05:40:24.299] [thread-id: 133062369324224] [trace] zexCounterBasedEventCreate2(hContext, hDevice, desc, phEvent)
[2026-10-08 05:40:24.299] [thread-id: 133062369324224] [trace] SUCCESS (ZE_RESULT_SUCCESS) in zexCounterBasedEventCreate2(hContext=0x34dde738, hDevice=0x34dc7f28, desc=0x7ffca0a5d7a0, phEvent=0x34e270f8)
<LEVEL_ZERO>[DEBUG]: ze_event_pool_desc_t flags set to: 1
[2026-10-08 05:40:24.299] [thread-id: 133062369324224] [trace] zexCounterBasedEventCreate2(hContext, hDevice, desc, phEvent)
[2026-10-08 05:40:24.299] [thread-id: 133062369324224] [trace] SUCCESS (ZE_RESULT_SUCCESS) in zexCounterBasedEventCreate2(hContext=0x34dde738, hDevice=0x34dc7f28, desc=0x7ffca0a5d7a0, phEvent=0x34e277f8)
<LEVEL_ZERO>[DEBUG]: ze_event_pool_desc_t flags set to: 1
[2026-10-08 05:40:24.299] [thread-id: 133062369324224] [trace] zexCounterBasedEventCreate2(hContext, hDevice, desc, phEvent)
[2026-10-08 05:40:24.299] [thread-id: 133062369324224] [trace] SUCCESS (ZE_RESULT_SUCCESS) in zexCounterBasedEventCreate2(hContext=0x34dde738, hDevice=0x34dc7f28, desc=0x7ffca0a5d7a0, phEvent=0x34e27d08)
<LEVEL_ZERO>[DEBUG]: ze_event_pool_desc_t flags set to: 1
[2026-10-08 05:40:24.299] [thread-id: 133062369324224] [trace] zexCounterBasedEventCreate2(hContext, hDevice, desc, phEvent)
[2026-10-08 05:40:24.299] [thread-id: 133062369324224] [trace] SUCCESS (ZE_RESULT_SUCCESS) in zexCounterBasedEventCreate2(hContext=0x34dde738, hDevice=0x34dc7f28, desc=0x7ffca0a5d7a0, phEvent=0x34e28408)
<LEVEL_ZERO>[DEBUG]: ze_event_pool_desc_t flags set to: 1
[2026-10-08 05:40:24.299] [thread-id: 133062369324224] [trace] zexCounterBasedEventCreate2(hContext, hDevice, desc, phEvent)
[2026-10-08 05:40:24.299] [thread-id: 133062369324224] [trace] SUCCESS (ZE_RESULT_SUCCESS) in zexCounterBasedEventCreate2(hContext=0x34dde738, hDevice=0x34dc7f28, desc=0x7ffca0a5d7a0, phEvent=0x34e28918)
<LEVEL_ZERO>[DEBUG]: ze_event_pool_desc_t flags set to: 1
[2026-10-08 05:40:24.299] [thread-id: 133062369324224] [trace] zexCounterBasedEventCreate2(hContext, hDevice, desc, phEvent)
[2026-10-08 05:40:24.299] [thread-id: 133062369324224] [trace] SUCCESS (ZE_RESULT_SUCCESS) in zexCounterBasedEventCreate2(hContext=0x34dde738, hDevice=0x34dc7f28, desc=0x7ffca0a5d7a0, phEvent=0x34e29018)
<LEVEL_ZERO>[DEBUG]: ze_event_pool_desc_t flags set to: 1
[2026-10-08 05:40:24.299] [thread-id: 133062369324224] [trace] zexCounterBasedEventCreate2(hContext, hDevice, desc, phEvent)
[2026-10-08 05:40:24.299] [thread-id: 133062369324224] [trace] SUCCESS (ZE_RESULT_SUCCESS) in zexCounterBasedEventCreate2(hContext=0x34dde738, hDevice=0x34dc7f28, desc=0x7ffca0a5d7a0, phEvent=0x34e29528)
<LEVEL_ZERO>[DEBUG]: ze_event_pool_desc_t flags set to: 1
[2026-10-08 05:40:24.299] [thread-id: 133062369324224] [trace] zexCounterBasedEventCreate2(hContext, hDevice, desc, phEvent)
[2026-10-08 05:40:24.299] [thread-id: 133062369324224] [trace] SUCCESS (ZE_RESULT_SUCCESS) in zexCounterBasedEventCreate2(hContext=0x34dde738, hDevice=0x34dc7f28, desc=0x7ffca0a5d7a0, phEvent=0x34e29c28)
<LEVEL_ZERO>[DEBUG]: ze_event_pool_desc_t flags set to: 1
[2026-10-08 05:40:24.299] [thread-id: 133062369324224] [trace] zexCounterBasedEventCreate2(hContext, hDevice, desc, phEvent)
[2026-10-08 05:40:24.299] [thread-id: 133062369324224] [trace] SUCCESS (ZE_RESULT_SUCCESS) in zexCounterBasedEventCreate2(hContext=0x34dde738, hDevice=0x34dc7f28, desc=0x7ffca0a5d7a0, phEvent=0x34e2a138)
<LEVEL_ZERO>[DEBUG]: ze_event_pool_desc_t flags set to: 1
[2026-10-08 05:40:24.299] [thread-id: 133062369324224] [trace] zexCounterBasedEventCreate2(hContext, hDevice, desc, phEvent)
[2026-10-08 05:40:24.299] [thread-id: 133062369324224] [trace] SUCCESS (ZE_RESULT_SUCCESS) in zexCounterBasedEventCreate2(hContext=0x34dde738, hDevice=0x34dc7f28, desc=0x7ffca0a5d7a0, phEvent=0x34e2aab8)
<LEVEL_ZERO>[DEBUG]: ze_event_pool_desc_t flags set to: 1
[2026-10-08 05:40:24.299] [thread-id: 133062369324224] [trace] zexCounterBasedEventCreate2(hContext, hDevice, desc, phEvent)
[2026-10-08 05:40:24.299] [thread-id: 133062369324224] [trace] SUCCESS (ZE_RESULT_SUCCESS) in zexCounterBasedEventCreate2(hContext=0x34dde738, hDevice=0x34dc7f28, desc=0x7ffca0a5d7a0, phEvent=0x34e2afc8)
<LEVEL_ZERO>[DEBUG]: ze_event_pool_desc_t flags set to: 1
[2026-10-08 05:40:24.299] [thread-id: 133062369324224] [trace] zexCounterBasedEventCreate2(hContext, hDevice, desc, phEvent)
[2026-10-08 05:40:24.299] [thread-id: 133062369324224] [trace] SUCCESS (ZE_RESULT_SUCCESS) in zexCounterBasedEventCreate2(hContext=0x34dde738, hDevice=0x34dc7f28, desc=0x7ffca0a5d7a0, phEvent=0x34e2b6c8)
<LEVEL_ZERO>[DEBUG]: ze_event_pool_desc_t flags set to: 1
[2026-10-08 05:40:24.299] [thread-id: 133062369324224] [trace] zexCounterBasedEventCreate2(hContext, hDevice, desc, phEvent)
[2026-10-08 05:40:24.299] [thread-id: 133062369324224] [trace] SUCCESS (ZE_RESULT_SUCCESS) in zexCounterBasedEventCreate2(hContext=0x34dde738, hDevice=0x34dc7f28, desc=0x7ffca0a5d7a0, phEvent=0x34e2bbd8)
<LEVEL_ZERO>[DEBUG]: ze_event_pool_desc_t flags set to: 1
[2026-10-08 05:40:24.299] [thread-id: 133062369324224] [trace] zexCounterBasedEventCreate2(hContext, hDevice, desc, phEvent)
[2026-10-08 05:40:24.299] [thread-id: 133062369324224] [trace] SUCCESS (ZE_RESULT_SUCCESS) in zexCounterBasedEventCreate2(hContext=0x34dde738, hDevice=0x34dc7f28, desc=0x7ffca0a5d7a0, phEvent=0x34e2c2d8)
<LEVEL_ZERO>[DEBUG]: ze_event_pool_desc_t flags set to: 1
[2026-10-08 05:40:24.299] [thread-id: 133062369324224] [trace] zexCounterBasedEventCreate2(hContext, hDevice, desc, phEvent)
[2026-10-08 05:40:24.299] [thread-id: 133062369324224] [trace] SUCCESS (ZE_RESULT_SUCCESS) in zexCounterBasedEventCreate2(hContext=0x34dde738, hDevice=0x34dc7f28, desc=0x7ffca0a5d7a0, phEvent=0x34e2c7e8)
<LEVEL_ZERO>[DEBUG]: ze_event_pool_desc_t flags set to: 1
[2026-10-08 05:40:24.299] [thread-id: 133062369324224] [trace] zexCounterBasedEventCreate2(hContext, hDevice, desc, phEvent)
[2026-10-08 05:40:24.299] [thread-id: 133062369324224] [trace] SUCCESS (ZE_RESULT_SUCCESS) in zexCounterBasedEventCreate2(hContext=0x34dde738, hDevice=0x34dc7f28, desc=0x7ffca0a5d7a0, phEvent=0x34e2cee8)
<LEVEL_ZERO>[DEBUG]: ze_event_pool_desc_t flags set to: 1
[2026-10-08 05:40:24.299] [thread-id: 133062369324224] [trace] zexCounterBasedEventCreate2(hContext, hDevice, desc, phEvent)
[2026-10-08 05:40:24.299] [thread-id: 133062369324224] [trace] SUCCESS (ZE_RESULT_SUCCESS) in zexCounterBasedEventCreate2(hContext=0x34dde738, hDevice=0x34dc7f28, desc=0x7ffca0a5d7a0, phEvent=0x34e2d3f8)
<LEVEL_ZERO>[DEBUG]: ze_event_pool_desc_t flags set to: 1
[2026-10-08 05:40:24.299] [thread-id: 133062369324224] [trace] zexCounterBasedEventCreate2(hContext, hDevice, desc, phEvent)
[2026-10-08 05:40:24.299] [thread-id: 133062369324224] [trace] SUCCESS (ZE_RESULT_SUCCESS) in zexCounterBasedEventCreate2(hContext=0x34dde738, hDevice=0x34dc7f28, desc=0x7ffca0a5d7a0, phEvent=0x34e2daf8)
<LEVEL_ZERO>[DEBUG]: ze_event_pool_desc_t flags set to: 1
[2026-10-08 05:40:24.299] [thread-id: 133062369324224] [trace] zexCounterBasedEventCreate2(hContext, hDevice, desc, phEvent)
[2026-10-08 05:40:24.299] [thread-id: 133062369324224] [trace] SUCCESS (ZE_RESULT_SUCCESS) in zexCounterBasedEventCreate2(hContext=0x34dde738, hDevice=0x34dc7f28, desc=0x7ffca0a5d7a0, phEvent=0x34e2e008)
<LEVEL_ZERO>[DEBUG]: ze_event_pool_desc_t flags set to: 1
[2026-10-08 05:40:24.299] [thread-id: 133062369324224] [trace] zexCounterBasedEventCreate2(hContext, hDevice, desc, phEvent)
[2026-10-08 05:40:24.299] [thread-id: 133062369324224] [trace] SUCCESS (ZE_RESULT_SUCCESS) in zexCounterBasedEventCreate2(hContext=0x34dde738, hDevice=0x34dc7f28, desc=0x7ffca0a5d7a0, phEvent=0x34e2e708)
<LEVEL_ZERO>[DEBUG]: ze_event_pool_desc_t flags set to: 1
[2026-10-08 05:40:24.299] [thread-id: 133062369324224] [trace] zexCounterBasedEventCreate2(hContext, hDevice, desc, phEvent)
[2026-10-08 05:40:24.299] [thread-id: 133062369324224] [trace] SUCCESS (ZE_RESULT_SUCCESS) in zexCounterBasedEventCreate2(hContext=0x34dde738, hDevice=0x34dc7f28, desc=0x7ffca0a5d7a0, phEvent=0x34e2ec18)
[2026-10-08 05:40:24.299] [thread-id: 133062369324224] [trace] zeCommandListAppendMemoryCopy(hCommandList, dstptr, srcptr, size, hSignalEvent, numWaitEvents, phWaitEventsLocal)
[2026-10-08 05:40:24.301] [thread-id: 133062369324224] [trace] SUCCESS (ZE_RESULT_SUCCESS) in zeCommandListAppendMemoryCopy(hCommandList=0x34de5d88, dstptr=0xffffffffff600000, srcptr=0x34df68a0, size=65536, hSignalEvent=0x34e2ec18, numWaitEvents=0, phWaitEvents=nullptr)
   <--- urEnqueueUSMMemcpy(.hQueue = 0x34de50a0, .blocking = 0, .pDst = 0xffffffffff600000, .pSrc = 0x34df68a0, .size = 65536, .numEventsInWaitList = 0, .phEventWaitList = nullptr, .phEvent = 0x7ffca0a5dda0 (0x34e2e600)) -> UR_RESULT_SUCCESS;
   ---> urEventWait
[2026-10-08 05:40:24.301] [thread-id: 133062369324224] [trace] zeEventHostSynchronize(hEvent, timeout)
[2026-10-08 05:40:24.302] [thread-id: 133062369324224] [trace] SUCCESS (ZE_RESULT_SUCCESS) in zeEventHostSynchronize(hEvent=0x34e2ec18, timeout=18446744073709551615)
   <--- urEventWait(.numEvents = 1, .phEventWaitList = 0x7ffca0a5ddf0 {0x34e2e600}) -> UR_RESULT_SUCCESS;
   ---> urEventRelease
   <--- urEventRelease(.hEvent = 0x34e2e600) -> UR_RESULT_SUCCESS;
   ---> urDeviceGetInfo
[2026-10-08 05:40:24.302] [thread-id: 133062369324224] [trace] zeDeviceGetComputeProperties(hDevice, pComputeProperties)
[2026-10-08 05:40:24.302] [thread-id: 133062369324224] [trace] SUCCESS (ZE_RESULT_SUCCESS) in zeDeviceGetComputeProperties(hDevice=0x34dc7f28, pComputeProperties={stype=0x34ddd280, maxTotalGroupSize=1024, maxGroupSizeX=1024, maxGroupSizeY=1024, maxGroupSizeZ=1024, maxGroupCountX=4294967295, maxGroupCountY=4294967295, maxGroupCountZ=4294967295, maxSharedLocalMemory=131072, numSubGroupSizes=2, subGroupSizes=16})
   <--- urDeviceGetInfo(.hDevice = 0x34ddd040, .propName = UR_DEVICE_INFO_MAX_WORK_GROUPS_3D, .propSize = 24, .pPropValue = {4294967295, 4294967295, 4294967295}, .pPropSizeRet = nullptr) -> UR_RESULT_SUCCESS;
   ---> urDeviceSelectBinary
   <--- urDeviceSelectBinary(.hDevice = 0x34ddd040, .pBinaries = 0x34e57a50 ((struct ur_device_binary_t){.stype = UR_STRUCTURE_TYPE_CONTEXT_PROPERTIES, .pNext = nullptr, .pDeviceTargetSpec = 0x7905022173c0 (spir64)}), .NumBinaries = 1, .pSelectedBinary = 0x7ffca0a5d2fc (0)) -> UR_RESULT_SUCCESS;
   ---> urPlatformGetBackendOption
   <--- urPlatformGetBackendOption(.hPlatform = 0x34ddb810, .pFrontendOption = 0x7ffca0a5ce08 (-O2), .ppPlatformOption = 0x7ffca0a5cdd8 (0x7904ff285975 (-ze-opt-level=2))) -> UR_RESULT_SUCCESS;
   ---> urDeviceGetInfo
   <--- urDeviceGetInfo(.hDevice = 0x34ddd040, .propName = UR_DEVICE_INFO_VENDOR_ID, .propSize = 4, .pPropValue = 0x7ffca0a5cd58 (32902), .pPropSizeRet = nullptr) -> UR_RESULT_SUCCESS;
   ---> urDeviceGetInfo
   <--- urDeviceGetInfo(.hDevice = 0x34ddd040, .propName = UR_DEVICE_INFO_DEVICE_ID, .propSize = 0, .pPropValue = nullptr, .pPropSizeRet = 0x7ffca0a5cbe0 (4)) -> UR_RESULT_SUCCESS;
   ---> urDeviceGetInfo
   <--- urDeviceGetInfo(.hDevice = 0x34ddd040, .propName = UR_DEVICE_INFO_DEVICE_ID, .propSize = 4, .pPropValue = 0x7ffca0a5cd28 (57868), .pPropSizeRet = nullptr) -> UR_RESULT_SUCCESS;
   ---> urDeviceGetInfo
   <--- urDeviceGetInfo(.hDevice = 0x34ddd040, .propName = UR_DEVICE_INFO_COMPILER_AVAILABLE, .propSize = 1, .pPropValue = 0x7ffca0a5cdc0 (true), .pPropSizeRet = nullptr) -> UR_RESULT_SUCCESS;
   ---> urProgramCreateWithIL
   <--- urProgramCreateWithIL(.hContext = 0x34de1b90, .pIL = 0x415b20, .length = 2080, .pProperties = nullptr, .phProgram = 0x7ffca0a5cee0 (0x34e1fa10)) -> UR_RESULT_SUCCESS;
   ---> urProgramBuildExp
[2026-10-08 05:40:24.302] [thread-id: 133062369324224] [trace] zeModuleCreate(hContext, hDevice, desc, phModule, phBuildLog)
[2026-10-08 05:40:24.307] [thread-id: 133062369324224] [trace] SUCCESS (ZE_RESULT_SUCCESS) in zeModuleCreate(hContext=0x34dde738, hDevice=0x34dc7f28, desc={stype=0x7ffca0a5cb60, format=0x7ffca0a5cb70, inputSize=2080, pInputModule=3, pBuildFlags=" -ze-opt-level=2", pConstants={numConstants=0, pConstantIds=nullptr, pConstantValues=nullptr}}, phModule=0x34e32d18, phBuildLog=0x34e58818)
[2026-10-08 05:40:24.307] [thread-id: 133062369324224] [trace] zeModuleGetProperties(hModule, pModuleProperties)
[2026-10-08 05:40:24.307] [thread-id: 133062369324224] [trace] SUCCESS (ZE_RESULT_SUCCESS) in zeModuleGetProperties(hModule=0x34e32d18, pModuleProperties={stype=0x7ffca0a5cad0, flags=0})
   <--- urProgramBuildExp(.hProgram = 0x34e1fa10, .numDevices = 1, .phDevices = 0x34e57a50 {0x34ddd040}, .flags = 0, .pOptions = 0x34e57a70 ( -ze-opt-level=2)) -> UR_RESULT_SUCCESS;
   ---> urProgramRetain
   <--- urProgramRetain(.hProgram = 0x34e1fa10) -> UR_RESULT_SUCCESS;
   ---> urKernelCreate
[2026-10-08 05:40:24.307] [thread-id: 133062369324224] [trace] zeKernelCreate(hModule, desc, phKernel)
[2026-10-08 05:40:24.307] [thread-id: 133062369324224] [trace] SUCCESS (ZE_RESULT_SUCCESS) in zeKernelCreate(hModule=0x34e32d18, desc={stype=0x7ffca0a5d1f0, flags=0, pKernelName="_ZTSZ4mainEUlN4sycl3_V12idILi1EEEE_"}, phKernel=0x34e6f748)
[2026-10-08 05:40:24.307] [thread-id: 133062369324224] [trace] zeKernelGetName(hKernel, pSize, pName)
[2026-10-08 05:40:24.307] [thread-id: 133062369324224] [trace] SUCCESS (ZE_RESULT_SUCCESS) in zeKernelGetName(hKernel=0x34e6f748, pSize=36, pName=nullptr)
[2026-10-08 05:40:24.307] [thread-id: 133062369324224] [trace] zeKernelGetName(hKernel, pSize, pName)
[2026-10-08 05:40:24.307] [thread-id: 133062369324224] [trace] SUCCESS (ZE_RESULT_SUCCESS) in zeKernelGetName(hKernel=0x34e6f748, pSize=36, pName="_ZTSZ4mainEUlN4sycl3_V12idILi1EEEE_")
[2026-10-08 05:40:24.307] [thread-id: 133062369324224] [trace] zeKernelGetProperties(hKernel, pKernelProperties)
[2026-10-08 05:40:24.307] [thread-id: 133062369324224] [trace] SUCCESS (ZE_RESULT_SUCCESS) in zeKernelGetProperties(hKernel=0x34e6f748, pKernelProperties={stype=0x34e50b48, numKernelArgs=1, requiredGroupSizeX=0, requiredGroupSizeY=0, requiredGroupSizeZ=0, requiredNumSubGroups=0, requiredSubgroupSize=0, maxSubgroupSize=32, maxNumSubgroups=32, localMemSize=0, privateMemSize=0, spillMemSize=0, uuid={kid=0, mid=0}})
   <--- urKernelCreate(.hProgram = 0x34e1fa10, .pKernelName = 0x4131d2 (_ZTSZ4mainEUlN4sycl3_V12idILi1EEEE_), .phKernel = 0x7ffca0a5d510 (0x34e6ad40)) -> UR_RESULT_SUCCESS;
   ---> urKernelSetExecInfo
[2026-10-08 05:40:24.307] [thread-id: 133062369324224] [trace] zeKernelSetIndirectAccess(hKernel, flags)
[2026-10-08 05:40:24.307] [thread-id: 133062369324224] [trace] SUCCESS (ZE_RESULT_SUCCESS) in zeKernelSetIndirectAccess(hKernel=0x34e6f748, flags=7)
   <--- urKernelSetExecInfo(.hKernel = 0x34e6ad40, .propName = UR_KERNEL_EXEC_INFO_USM_INDIRECT_ACCESS, .propSize = 1, .pProperties = nullptr, .pPropValue = 0x7ffca0a5d50f (true)) -> UR_RESULT_SUCCESS;
   ---> urKernelRetain
   <--- urKernelRetain(.hKernel = 0x34e6ad40) -> UR_RESULT_SUCCESS;
   ---> urKernelGetGroupInfo
   <--- urKernelGetGroupInfo(.hKernel = 0x34e6ad40, .hDevice = 0x34ddd040, .propName = UR_KERNEL_GROUP_INFO_COMPILE_WORK_GROUP_SIZE, .propSize = 24, .pPropValue = {0, 0, 0}, .pPropSizeRet = nullptr) -> UR_RESULT_SUCCESS;
   ---> urEnqueueKernelLaunchWithArgsExp
[2026-10-08 05:40:24.307] [thread-id: 133062369324224] [trace] zeKernelSuggestGroupSize(hKernel, globalSizeX, globalSizeY, globalSizeZ, groupSizeX, groupSizeY, groupSizeZ)
[2026-10-08 05:40:24.307] [thread-id: 133062369324224] [trace] SUCCESS (ZE_RESULT_SUCCESS) in zeKernelSuggestGroupSize(hKernel=0x34e6f748, globalSizeX=16384, globalSizeY=1, globalSizeZ=1, groupSizeX=1024, groupSizeY=1, groupSizeZ=1)
[2026-10-08 05:40:24.307] [thread-id: 133062369324224] [trace] zeKernelSetGroupSize(hKernel, groupSizeX, groupSizeY, groupSizeZ)
[2026-10-08 05:40:24.307] [thread-id: 133062369324224] [trace] SUCCESS (ZE_RESULT_SUCCESS) in zeKernelSetGroupSize(hKernel=0x34e6f748, groupSizeX=1024, groupSizeY=1, groupSizeZ=1)
[2026-10-08 05:40:24.307] [thread-id: 133062369324224] [trace] zeCommandListAppendLaunchKernelWithArguments(hCommandList, hKernel, groupCounts, groupSizes, pArguments, pNext, hSignalEvent, numWaitEvents, phWaitEventsLocal)
[2026-10-08 05:40:24.308] [thread-id: 133062369324224] [trace] SUCCESS (ZE_RESULT_SUCCESS) in zeCommandListAppendLaunchKernelWithArguments(hCommandList=0x34de5d88, hKernel=0x34e6f748, groupCounts={groupCountX=16, groupCountY=1, groupCountZ=1}, groupSizes={groupSizeX=1024, groupSizeY=1, groupSizeZ=1}, pArguments=0x34e6fe90, pNext=nullptr, hSignalEvent=0x34e2ec18, numWaitEvents=0, phWaitEvents=nullptr)
   <--- urEnqueueKernelLaunchWithArgsExp(.hQueue = 0x34de50a0, .hKernel = 0x34e6ad40, .workDim = 1, .pGlobalWorkOffset = nullptr, .pGlobalWorkSize = 0x7ffca0a5dcd0 (16384), .pLocalWorkSize = nullptr, .numArgs = 1, .pArgs = 0x34e6b8d0 {(struct ur_exp_kernel_arg_properties_t){.stype = UR_STRUCTURE_TYPE_EXP_KERNEL_ARG_PROPERTIES, .pNext = nullptr, .type = UR_EXP_KERNEL_ARG_TYPE_POINTER, .index = 0, .size = 8, .value = (union ur_exp_kernel_arg_value_t){.pointer = 0xffffffffff600000}}}, .launchPropList = nullptr, .numEventsInWaitList = 0, .phEventWaitList = nullptr, .phEvent = 0x7ffca0a5d6f0 (0x34e2e600)) -> UR_RESULT_SUCCESS;
   ---> urEventWait
[2026-10-08 05:40:24.308] [thread-id: 133062369324224] [trace] zeEventHostSynchronize(hEvent, timeout)
[2026-10-08 05:40:24.308] [thread-id: 133062369324224] [trace] SUCCESS (ZE_RESULT_SUCCESS) in zeEventHostSynchronize(hEvent=0x34e2ec18, timeout=18446744073709551615)
   <--- urEventWait(.numEvents = 1, .phEventWaitList = 0x7ffca0a5ddf0 {0x34e2e600}) -> UR_RESULT_SUCCESS;
   ---> urEventRelease
   <--- urEventRelease(.hEvent = 0x34e2e600) -> UR_RESULT_SUCCESS;
   ---> urEnqueueUSMMemcpy
[2026-10-08 05:40:24.308] [thread-id: 133062369324224] [trace] zeCommandListAppendMemoryCopy(hCommandList, dstptr, srcptr, size, hSignalEvent, numWaitEvents, phWaitEventsLocal)
[2026-10-08 05:40:24.308] [thread-id: 133062369324224] [trace] SUCCESS (ZE_RESULT_SUCCESS) in zeCommandListAppendMemoryCopy(hCommandList=0x34de5d88, dstptr=0x34e068b0, srcptr=0xffffffffff600000, size=65536, hSignalEvent=0x34e2ec18, numWaitEvents=0, phWaitEvents=nullptr)
   <--- urEnqueueUSMMemcpy(.hQueue = 0x34de50a0, .blocking = 0, .pDst = 0x34e068b0, .pSrc = 0xffffffffff600000, .size = 65536, .numEventsInWaitList = 0, .phEventWaitList = nullptr, .phEvent = 0x7ffca0a5dda0 (0x34e2e600)) -> UR_RESULT_SUCCESS;
   ---> urEventWait
[2026-10-08 05:40:24.308] [thread-id: 133062369324224] [trace] zeEventHostSynchronize(hEvent, timeout)
[2026-10-08 05:40:24.308] [thread-id: 133062369324224] [trace] SUCCESS (ZE_RESULT_SUCCESS) in zeEventHostSynchronize(hEvent=0x34e2ec18, timeout=18446744073709551615)
   <--- urEventWait(.numEvents = 1, .phEventWaitList = 0x7ffca0a5ddf0 {0x34e2e600}) -> UR_RESULT_SUCCESS;
   ---> urEventRelease
   <--- urEventRelease(.hEvent = 0x34e2e600) -> UR_RESULT_SUCCESS;
   ---> urEnqueueUSMMemcpy
[2026-10-08 05:40:24.308] [thread-id: 133062369324224] [trace] zeCommandListAppendMemoryCopy(hCommandList, dstptr, srcptr, size, hSignalEvent, numWaitEvents, phWaitEventsLocal)
[2026-10-08 05:40:24.308] [thread-id: 133062369324224] [trace] SUCCESS (ZE_RESULT_SUCCESS) in zeCommandListAppendMemoryCopy(hCommandList=0x34de5d88, dstptr=0xffffffffff600000, srcptr=0x34df68a0, size=65536, hSignalEvent=0x34e2ec18, numWaitEvents=0, phWaitEvents=nullptr)
   <--- urEnqueueUSMMemcpy(.hQueue = 0x34de50a0, .blocking = 0, .pDst = 0xffffffffff600000, .pSrc = 0x34df68a0, .size = 65536, .numEventsInWaitList = 0, .phEventWaitList = nullptr, .phEvent = 0x7ffca0a5dda0 (0x34e2e600)) -> UR_RESULT_SUCCESS;
   ---> urEventWait
[2026-10-08 05:40:24.308] [thread-id: 133062369324224] [trace] zeEventHostSynchronize(hEvent, timeout)
[2026-10-08 05:40:24.308] [thread-id: 133062369324224] [trace] SUCCESS (ZE_RESULT_SUCCESS) in zeEventHostSynchronize(hEvent=0x34e2ec18, timeout=18446744073709551615)
   <--- urEventWait(.numEvents = 1, .phEventWaitList = 0x7ffca0a5ddf0 {0x34e2e600}) -> UR_RESULT_SUCCESS;
   ---> urEventRelease
   <--- urEventRelease(.hEvent = 0x34e2e600) -> UR_RESULT_SUCCESS;
   ---> urDeviceGetInfo
   <--- urDeviceGetInfo(.hDevice = 0x34ddd040, .propName = UR_DEVICE_INFO_MAX_WORK_GROUPS_3D, .propSize = 24, .pPropValue = {4294967295, 4294967295, 4294967295}, .pPropSizeRet = nullptr) -> UR_RESULT_SUCCESS;
   ---> urKernelGetGroupInfo
   <--- urKernelGetGroupInfo(.hKernel = 0x34e6ad40, .hDevice = 0x34ddd040, .propName = UR_KERNEL_GROUP_INFO_COMPILE_WORK_GROUP_SIZE, .propSize = 24, .pPropValue = {0, 0, 0}, .pPropSizeRet = nullptr) -> UR_RESULT_SUCCESS;
   ---> urEnqueueKernelLaunchWithArgsExp
[2026-10-08 05:40:24.308] [thread-id: 133062369324224] [trace] zeKernelSuggestGroupSize(hKernel, globalSizeX, globalSizeY, globalSizeZ, groupSizeX, groupSizeY, groupSizeZ)
[2026-10-08 05:40:24.308] [thread-id: 133062369324224] [trace] SUCCESS (ZE_RESULT_SUCCESS) in zeKernelSuggestGroupSize(hKernel=0x34e6f748, globalSizeX=16384, globalSizeY=1, globalSizeZ=1, groupSizeX=1024, groupSizeY=1, groupSizeZ=1)
[2026-10-08 05:40:24.308] [thread-id: 133062369324224] [trace] zeKernelSetGroupSize(hKernel, groupSizeX, groupSizeY, groupSizeZ)
[2026-10-08 05:40:24.308] [thread-id: 133062369324224] [trace] SUCCESS (ZE_RESULT_SUCCESS) in zeKernelSetGroupSize(hKernel=0x34e6f748, groupSizeX=1024, groupSizeY=1, groupSizeZ=1)
[2026-10-08 05:40:24.308] [thread-id: 133062369324224] [trace] zeCommandListAppendLaunchKernelWithArguments(hCommandList, hKernel, groupCounts, groupSizes, pArguments, pNext, hSignalEvent, numWaitEvents, phWaitEventsLocal)
[2026-10-08 05:40:24.309] [thread-id: 133062369324224] [trace] SUCCESS (ZE_RESULT_SUCCESS) in zeCommandListAppendLaunchKernelWithArguments(hCommandList=0x34de5d88, hKernel=0x34e6f748, groupCounts={groupCountX=16, groupCountY=1, groupCountZ=1}, groupSizes={groupSizeX=1024, groupSizeY=1, groupSizeZ=1}, pArguments=0x34e6fe90, pNext=nullptr, hSignalEvent=0x34e2ec18, numWaitEvents=0, phWaitEvents=nullptr)
   <--- urEnqueueKernelLaunchWithArgsExp(.hQueue = 0x34de50a0, .hKernel = 0x34e6ad40, .workDim = 1, .pGlobalWorkOffset = nullptr, .pGlobalWorkSize = 0x7ffca0a5dcd0 (16384), .pLocalWorkSize = nullptr, .numArgs = 1, .pArgs = 0x34e6b8d0 {(struct ur_exp_kernel_arg_properties_t){.stype = UR_STRUCTURE_TYPE_EXP_KERNEL_ARG_PROPERTIES, .pNext = nullptr, .type = UR_EXP_KERNEL_ARG_TYPE_POINTER, .index = 0, .size = 8, .value = (union ur_exp_kernel_arg_value_t){.pointer = 0xffffffffff600000}}}, .launchPropList = nullptr, .numEventsInWaitList = 0, .phEventWaitList = nullptr, .phEvent = 0x7ffca0a5d6f0 (0x34e2e600)) -> UR_RESULT_SUCCESS;
   ---> urEventWait
[2026-10-08 05:40:24.309] [thread-id: 133062369324224] [trace] zeEventHostSynchronize(hEvent, timeout)
[2026-10-08 05:40:24.309] [thread-id: 133062369324224] [trace] SUCCESS (ZE_RESULT_SUCCESS) in zeEventHostSynchronize(hEvent=0x34e2ec18, timeout=18446744073709551615)
   <--- urEventWait(.numEvents = 1, .phEventWaitList = 0x7ffca0a5ddf0 {0x34e2e600}) -> UR_RESULT_SUCCESS;
   ---> urEventRelease
   <--- urEventRelease(.hEvent = 0x34e2e600) -> UR_RESULT_SUCCESS;
   ---> urEnqueueUSMMemcpy
[2026-10-08 05:40:24.309] [thread-id: 133062369324224] [trace] zeCommandListAppendMemoryCopy(hCommandList, dstptr, srcptr, size, hSignalEvent, numWaitEvents, phWaitEventsLocal)
[2026-10-08 05:40:24.309] [thread-id: 133062369324224] [trace] SUCCESS (ZE_RESULT_SUCCESS) in zeCommandListAppendMemoryCopy(hCommandList=0x34de5d88, dstptr=0x34e068b0, srcptr=0xffffffffff600000, size=65536, hSignalEvent=0x34e2ec18, numWaitEvents=0, phWaitEvents=nullptr)
   <--- urEnqueueUSMMemcpy(.hQueue = 0x34de50a0, .blocking = 0, .pDst = 0x34e068b0, .pSrc = 0xffffffffff600000, .size = 65536, .numEventsInWaitList = 0, .phEventWaitList = nullptr, .phEvent = 0x7ffca0a5dda0 (0x34e2e600)) -> UR_RESULT_SUCCESS;
   ---> urEventWait
[2026-10-08 05:40:24.309] [thread-id: 133062369324224] [trace] zeEventHostSynchronize(hEvent, timeout)
[2026-10-08 05:40:24.309] [thread-id: 133062369324224] [trace] SUCCESS (ZE_RESULT_SUCCESS) in zeEventHostSynchronize(hEvent=0x34e2ec18, timeout=18446744073709551615)
   <--- urEventWait(.numEvents = 1, .phEventWaitList = 0x7ffca0a5ddf0 {0x34e2e600}) -> UR_RESULT_SUCCESS;
   ---> urEventRelease
   <--- urEventRelease(.hEvent = 0x34e2e600) -> UR_RESULT_SUCCESS;
   ---> urEnqueueUSMMemcpy
[2026-10-08 05:40:24.309] [thread-id: 133062369324224] [trace] zeCommandListAppendMemoryCopy(hCommandList, dstptr, srcptr, size, hSignalEvent, numWaitEvents, phWaitEventsLocal)
[2026-10-08 05:40:24.309] [thread-id: 133062369324224] [trace] SUCCESS (ZE_RESULT_SUCCESS) in zeCommandListAppendMemoryCopy(hCommandList=0x34de5d88, dstptr=0xffffffffff600000, srcptr=0x34df68a0, size=65536, hSignalEvent=0x34e2ec18, numWaitEvents=0, phWaitEvents=nullptr)
   <--- urEnqueueUSMMemcpy(.hQueue = 0x34de50a0, .blocking = 0, .pDst = 0xffffffffff600000, .pSrc = 0x34df68a0, .size = 65536, .numEventsInWaitList = 0, .phEventWaitList = nullptr, .phEvent = 0x7ffca0a5dda0 (0x34e2e600)) -> UR_RESULT_SUCCESS;
   ---> urEventWait
[2026-10-08 05:40:24.309] [thread-id: 133062369324224] [trace] zeEventHostSynchronize(hEvent, timeout)
[2026-10-08 05:40:24.309] [thread-id: 133062369324224] [trace] SUCCESS (ZE_RESULT_SUCCESS) in zeEventHostSynchronize(hEvent=0x34e2ec18, timeout=18446744073709551615)
   <--- urEventWait(.numEvents = 1, .phEventWaitList = 0x7ffca0a5ddf0 {0x34e2e600}) -> UR_RESULT_SUCCESS;
   ---> urEventRelease
   <--- urEventRelease(.hEvent = 0x34e2e600) -> UR_RESULT_SUCCESS;
   ---> urDeviceGetInfo
   <--- urDeviceGetInfo(.hDevice = 0x34ddd040, .propName = UR_DEVICE_INFO_MAX_WORK_GROUPS_3D, .propSize = 24, .pPropValue = {4294967295, 4294967295, 4294967295}, .pPropSizeRet = nullptr) -> UR_RESULT_SUCCESS;
   ---> urKernelGetGroupInfo
   <--- urKernelGetGroupInfo(.hKernel = 0x34e6ad40, .hDevice = 0x34ddd040, .propName = UR_KERNEL_GROUP_INFO_COMPILE_WORK_GROUP_SIZE, .propSize = 24, .pPropValue = {0, 0, 0}, .pPropSizeRet = nullptr) -> UR_RESULT_SUCCESS;
   ---> urEnqueueKernelLaunchWithArgsExp
[2026-10-08 05:40:24.309] [thread-id: 133062369324224] [trace] zeKernelSuggestGroupSize(hKernel, globalSizeX, globalSizeY, globalSizeZ, groupSizeX, groupSizeY, groupSizeZ)
[2026-10-08 05:40:24.309] [thread-id: 133062369324224] [trace] SUCCESS (ZE_RESULT_SUCCESS) in zeKernelSuggestGroupSize(hKernel=0x34e6f748, globalSizeX=16384, globalSizeY=1, globalSizeZ=1, groupSizeX=1024, groupSizeY=1, groupSizeZ=1)
[2026-10-08 05:40:24.309] [thread-id: 133062369324224] [trace] zeKernelSetGroupSize(hKernel, groupSizeX, groupSizeY, groupSizeZ)
[2026-10-08 05:40:24.309] [thread-id: 133062369324224] [trace] SUCCESS (ZE_RESULT_SUCCESS) in zeKernelSetGroupSize(hKernel=0x34e6f748, groupSizeX=1024, groupSizeY=1, groupSizeZ=1)
[2026-10-08 05:40:24.309] [thread-id: 133062369324224] [trace] zeCommandListAppendLaunchKernelWithArguments(hCommandList, hKernel, groupCounts, groupSizes, pArguments, pNext, hSignalEvent, numWaitEvents, phWaitEventsLocal)
[2026-10-08 05:40:24.309] [thread-id: 133062369324224] [trace] SUCCESS (ZE_RESULT_SUCCESS) in zeCommandListAppendLaunchKernelWithArguments(hCommandList=0x34de5d88, hKernel=0x34e6f748, groupCounts={groupCountX=16, groupCountY=1, groupCountZ=1}, groupSizes={groupSizeX=1024, groupSizeY=1, groupSizeZ=1}, pArguments=0x34e6fe90, pNext=nullptr, hSignalEvent=0x34e2ec18, numWaitEvents=0, phWaitEvents=nullptr)
   <--- urEnqueueKernelLaunchWithArgsExp(.hQueue = 0x34de50a0, .hKernel = 0x34e6ad40, .workDim = 1, .pGlobalWorkOffset = nullptr, .pGlobalWorkSize = 0x7ffca0a5dcd0 (16384), .pLocalWorkSize = nullptr, .numArgs = 1, .pArgs = 0x34e6b8d0 {(struct ur_exp_kernel_arg_properties_t){.stype = UR_STRUCTURE_TYPE_EXP_KERNEL_ARG_PROPERTIES, .pNext = nullptr, .type = UR_EXP_KERNEL_ARG_TYPE_POINTER, .index = 0, .size = 8, .value = (union ur_exp_kernel_arg_value_t){.pointer = 0xffffffffff600000}}}, .launchPropList = nullptr, .numEventsInWaitList = 0, .phEventWaitList = nullptr, .phEvent = 0x7ffca0a5d6f0 (0x34e2e600)) -> UR_RESULT_SUCCESS;
   ---> urEventWait
[2026-10-08 05:40:24.309] [thread-id: 133062369324224] [trace] zeEventHostSynchronize(hEvent, timeout)
[2026-10-08 05:40:24.309] [thread-id: 133062369324224] [trace] SUCCESS (ZE_RESULT_SUCCESS) in zeEventHostSynchronize(hEvent=0x34e2ec18, timeout=18446744073709551615)
   <--- urEventWait(.numEvents = 1, .phEventWaitList = 0x7ffca0a5ddf0 {0x34e2e600}) -> UR_RESULT_SUCCESS;
   ---> urEventRelease
   <--- urEventRelease(.hEvent = 0x34e2e600) -> UR_RESULT_SUCCESS;
   ---> urEnqueueUSMMemcpy
[2026-10-08 05:40:24.309] [thread-id: 133062369324224] [trace] zeCommandListAppendMemoryCopy(hCommandList, dstptr, srcptr, size, hSignalEvent, numWaitEvents, phWaitEventsLocal)
[2026-10-08 05:40:24.309] [thread-id: 133062369324224] [trace] SUCCESS (ZE_RESULT_SUCCESS) in zeCommandListAppendMemoryCopy(hCommandList=0x34de5d88, dstptr=0x34e068b0, srcptr=0xffffffffff600000, size=65536, hSignalEvent=0x34e2ec18, numWaitEvents=0, phWaitEvents=nullptr)
   <--- urEnqueueUSMMemcpy(.hQueue = 0x34de50a0, .blocking = 0, .pDst = 0x34e068b0, .pSrc = 0xffffffffff600000, .size = 65536, .numEventsInWaitList = 0, .phEventWaitList = nullptr, .phEvent = 0x7ffca0a5dda0 (0x34e2e600)) -> UR_RESULT_SUCCESS;
   ---> urEventWait
[2026-10-08 05:40:24.309] [thread-id: 133062369324224] [trace] zeEventHostSynchronize(hEvent, timeout)
[2026-10-08 05:40:24.309] [thread-id: 133062369324224] [trace] SUCCESS (ZE_RESULT_SUCCESS) in zeEventHostSynchronize(hEvent=0x34e2ec18, timeout=18446744073709551615)
   <--- urEventWait(.numEvents = 1, .phEventWaitList = 0x7ffca0a5ddf0 {0x34e2e600}) -> UR_RESULT_SUCCESS;
   ---> urEventRelease
   <--- urEventRelease(.hEvent = 0x34e2e600) -> UR_RESULT_SUCCESS;
   ---> urQueueFinish
[2026-10-08 05:40:24.309] [thread-id: 133062369324224] [trace] zeCommandListHostSynchronize(hCommandList, timeout)
[2026-10-08 05:40:24.309] [thread-id: 133062369324224] [trace] SUCCESS (ZE_RESULT_SUCCESS) in zeCommandListHostSynchronize(hCommandList=0x34de5d88, timeout=18446744073709551615)
   <--- urQueueFinish(.hQueue = 0x34de50a0) -> UR_RESULT_SUCCESS;
   ---> urUSMFree
   <--- urUSMFree(.hContext = 0x34de1b90, .pMem = 0xffffffffff600000) -> UR_RESULT_SUCCESS;
   ---> urQueueRelease
[2026-10-08 05:40:24.310] [thread-id: 133062369324224] [trace] zeCommandListHostSynchronize(hCommandList, timeout)
[2026-10-08 05:40:24.310] [thread-id: 133062369324224] [trace] SUCCESS (ZE_RESULT_SUCCESS) in zeCommandListHostSynchronize(hCommandList=0x34de5d88, timeout=18446744073709551615)
   <--- urQueueRelease(.hQueue = 0x34de50a0) -> UR_RESULT_SUCCESS;
   ---> urProgramRelease
   <--- urProgramRelease(.hProgram = 0x34e1fa10) -> UR_RESULT_SUCCESS;
   ---> urKernelRelease
   <--- urKernelRelease(.hKernel = 0x34e6ad40) -> UR_RESULT_SUCCESS;
   ---> urProgramRelease
   <--- urProgramRelease(.hProgram = 0x34e1fa10) -> UR_RESULT_SUCCESS;
   ---> urKernelRelease
[2026-10-08 05:40:24.310] [thread-id: 133062369324224] [trace] zeKernelDestroy(hKernel)
[2026-10-08 05:40:24.310] [thread-id: 133062369324224] [trace] SUCCESS (ZE_RESULT_SUCCESS) in zeKernelDestroy(hKernel=0x34e6f748)
[2026-10-08 05:40:24.310] [thread-id: 133062369324224] [trace] zeModuleBuildLogDestroy(hModuleBuildLog)
[2026-10-08 05:40:24.310] [thread-id: 133062369324224] [trace] SUCCESS (ZE_RESULT_SUCCESS) in zeModuleBuildLogDestroy(hModuleBuildLog=0x34e58818)
[2026-10-08 05:40:24.310] [thread-id: 133062369324224] [trace] zeModuleDestroy(hModule)
[2026-10-08 05:40:24.310] [thread-id: 133062369324224] [trace] SUCCESS (ZE_RESULT_SUCCESS) in zeModuleDestroy(hModule=0x34e32d18)
   <--- urKernelRelease(.hKernel = 0x34e6ad40) -> UR_RESULT_SUCCESS;
   ---> urContextRelease
[2026-10-08 05:40:24.310] [thread-id: 133062369324224] [trace] zeMemFreeExt(hContext, pMemFreeDesc, ptr)
[2026-10-08 05:40:24.310] [thread-id: 133062369324224] [trace] SUCCESS (ZE_RESULT_SUCCESS) in zeMemFreeExt(hContext=0x34dde738, pMemFreeDesc={stype=0x7ffca0a5db30, freePolicy=1}, ptr=0xffffffffff600000)
[2026-10-08 05:40:24.310] [thread-id: 133062369324224] [trace] zeEventDestroy(hEvent)
[2026-10-08 05:40:24.310] [thread-id: 133062369324224] [trace] SUCCESS (ZE_RESULT_SUCCESS) in zeEventDestroy(hEvent=0x34e17528)
[2026-10-08 05:40:24.310] [thread-id: 133062369324224] [trace] zeEventDestroy(hEvent)
[2026-10-08 05:40:24.310] [thread-id: 133062369324224] [trace] SUCCESS (ZE_RESULT_SUCCESS) in zeEventDestroy(hEvent=0x34e17a68)
[2026-10-08 05:40:24.310] [thread-id: 133062369324224] [trace] zeEventDestroy(hEvent)
[2026-10-08 05:40:24.310] [thread-id: 133062369324224] [trace] SUCCESS (ZE_RESULT_SUCCESS) in zeEventDestroy(hEvent=0x34e18168)
[2026-10-08 05:40:24.310] [thread-id: 133062369324224] [trace] zeEventDestroy(hEvent)
[2026-10-08 05:40:24.310] [thread-id: 133062369324224] [trace] SUCCESS (ZE_RESULT_SUCCESS) in zeEventDestroy(hEvent=0x34e186c8)
[2026-10-08 05:40:24.310] [thread-id: 133062369324224] [trace] zeEventDestroy(hEvent)
[2026-10-08 05:40:24.310] [thread-id: 133062369324224] [trace] SUCCESS (ZE_RESULT_SUCCESS) in zeEventDestroy(hEvent=0x34e18dc8)
[2026-10-08 05:40:24.310] [thread-id: 133062369324224] [trace] zeEventDestroy(hEvent)
[2026-10-08 05:40:24.310] [thread-id: 133062369324224] [trace] SUCCESS (ZE_RESULT_SUCCESS) in zeEventDestroy(hEvent=0x34e192d8)
[2026-10-08 05:40:24.310] [thread-id: 133062369324224] [trace] zeEventDestroy(hEvent)
[2026-10-08 05:40:24.310] [thread-id: 133062369324224] [trace] SUCCESS (ZE_RESULT_SUCCESS) in zeEventDestroy(hEvent=0x34e199d8)
[2026-10-08 05:40:24.310] [thread-id: 133062369324224] [trace] zeEventDestroy(hEvent)
[2026-10-08 05:40:24.310] [thread-id: 133062369324224] [trace] SUCCESS (ZE_RESULT_SUCCESS) in zeEventDestroy(hEvent=0x34e19ee8)
[2026-10-08 05:40:24.310] [thread-id: 133062369324224] [trace] zeEventDestroy(hEvent)
[2026-10-08 05:40:24.310] [thread-id: 133062369324224] [trace] SUCCESS (ZE_RESULT_SUCCESS) in zeEventDestroy(hEvent=0x34e1a5e8)
[2026-10-08 05:40:24.310] [thread-id: 133062369324224] [trace] zeEventDestroy(hEvent)
[2026-10-08 05:40:24.310] [thread-id: 133062369324224] [trace] SUCCESS (ZE_RESULT_SUCCESS) in zeEventDestroy(hEvent=0x34e1ab98)
[2026-10-08 05:40:24.310] [thread-id: 133062369324224] [trace] zeEventDestroy(hEvent)
[2026-10-08 05:40:24.311] [thread-id: 133062369324224] [trace] SUCCESS (ZE_RESULT_SUCCESS) in zeEventDestroy(hEvent=0x34e1b298)
[2026-10-08 05:40:24.311] [thread-id: 133062369324224] [trace] zeEventDestroy(hEvent)
[2026-10-08 05:40:24.311] [thread-id: 133062369324224] [trace] SUCCESS (ZE_RESULT_SUCCESS) in zeEventDestroy(hEvent=0x34e1b7a8)
[2026-10-08 05:40:24.311] [thread-id: 133062369324224] [trace] zeEventDestroy(hEvent)
[2026-10-08 05:40:24.311] [thread-id: 133062369324224] [trace] SUCCESS (ZE_RESULT_SUCCESS) in zeEventDestroy(hEvent=0x34e1bea8)
[2026-10-08 05:40:24.311] [thread-id: 133062369324224] [trace] zeEventDestroy(hEvent)
[2026-10-08 05:40:24.311] [thread-id: 133062369324224] [trace] SUCCESS (ZE_RESULT_SUCCESS) in zeEventDestroy(hEvent=0x34e1c3b8)
[2026-10-08 05:40:24.311] [thread-id: 133062369324224] [trace] zeEventDestroy(hEvent)
[2026-10-08 05:40:24.311] [thread-id: 133062369324224] [trace] SUCCESS (ZE_RESULT_SUCCESS) in zeEventDestroy(hEvent=0x34e1cab8)
[2026-10-08 05:40:24.311] [thread-id: 133062369324224] [trace] zeEventDestroy(hEvent)
[2026-10-08 05:40:24.311] [thread-id: 133062369324224] [trace] SUCCESS (ZE_RESULT_SUCCESS) in zeEventDestroy(hEvent=0x34e1d0d8)
[2026-10-08 05:40:24.311] [thread-id: 133062369324224] [trace] zeEventDestroy(hEvent)
[2026-10-08 05:40:24.311] [thread-id: 133062369324224] [trace] SUCCESS (ZE_RESULT_SUCCESS) in zeEventDestroy(hEvent=0x34e1d7d8)
[2026-10-08 05:40:24.311] [thread-id: 133062369324224] [trace] zeEventDestroy(hEvent)
[2026-10-08 05:40:24.311] [thread-id: 133062369324224] [trace] SUCCESS (ZE_RESULT_SUCCESS) in zeEventDestroy(hEvent=0x34e1dce8)
[2026-10-08 05:40:24.311] [thread-id: 133062369324224] [trace] zeEventDestroy(hEvent)
[2026-10-08 05:40:24.311] [thread-id: 133062369324224] [trace] SUCCESS (ZE_RESULT_SUCCESS) in zeEventDestroy(hEvent=0x34e1e3e8)
[2026-10-08 05:40:24.311] [thread-id: 133062369324224] [trace] zeEventDestroy(hEvent)
[2026-10-08 05:40:24.311] [thread-id: 133062369324224] [trace] SUCCESS (ZE_RESULT_SUCCESS) in zeEventDestroy(hEvent=0x34e1e8f8)
[2026-10-08 05:40:24.311] [thread-id: 133062369324224] [trace] zeEventDestroy(hEvent)
[2026-10-08 05:40:24.311] [thread-id: 133062369324224] [trace] SUCCESS (ZE_RESULT_SUCCESS) in zeEventDestroy(hEvent=0x34e1eff8)
[2026-10-08 05:40:24.311] [thread-id: 133062369324224] [trace] zeEventDestroy(hEvent)
[2026-10-08 05:40:24.311] [thread-id: 133062369324224] [trace] SUCCESS (ZE_RESULT_SUCCESS) in zeEventDestroy(hEvent=0x34e1f508)
[2026-10-08 05:40:24.311] [thread-id: 133062369324224] [trace] zeEventDestroy(hEvent)
[2026-10-08 05:40:24.311] [thread-id: 133062369324224] [trace] SUCCESS (ZE_RESULT_SUCCESS) in zeEventDestroy(hEvent=0x34e1fd48)
[2026-10-08 05:40:24.311] [thread-id: 133062369324224] [trace] zeEventDestroy(hEvent)
[2026-10-08 05:40:24.311] [thread-id: 133062369324224] [trace] SUCCESS (ZE_RESULT_SUCCESS) in zeEventDestroy(hEvent=0x34e20258)
[2026-10-08 05:40:24.311] [thread-id: 133062369324224] [trace] zeEventDestroy(hEvent)
[2026-10-08 05:40:24.311] [thread-id: 133062369324224] [trace] SUCCESS (ZE_RESULT_SUCCESS) in zeEventDestroy(hEvent=0x34e20958)
[2026-10-08 05:40:24.311] [thread-id: 133062369324224] [trace] zeEventDestroy(hEvent)
[2026-10-08 05:40:24.311] [thread-id: 133062369324224] [trace] SUCCESS (ZE_RESULT_SUCCESS) in zeEventDestroy(hEvent=0x34e20e68)
[2026-10-08 05:40:24.311] [thread-id: 133062369324224] [trace] zeEventDestroy(hEvent)
[2026-10-08 05:40:24.311] [thread-id: 133062369324224] [trace] SUCCESS (ZE_RESULT_SUCCESS) in zeEventDestroy(hEvent=0x34e21568)
[2026-10-08 05:40:24.311] [thread-id: 133062369324224] [trace] zeEventDestroy(hEvent)
[2026-10-08 05:40:24.311] [thread-id: 133062369324224] [trace] SUCCESS (ZE_RESULT_SUCCESS) in zeEventDestroy(hEvent=0x34e21a78)
[2026-10-08 05:40:24.311] [thread-id: 133062369324224] [trace] zeEventDestroy(hEvent)
[2026-10-08 05:40:24.311] [thread-id: 133062369324224] [trace] SUCCESS (ZE_RESULT_SUCCESS) in zeEventDestroy(hEvent=0x34e22178)
[2026-10-08 05:40:24.311] [thread-id: 133062369324224] [trace] zeEventDestroy(hEvent)
[2026-10-08 05:40:24.311] [thread-id: 133062369324224] [trace] SUCCESS (ZE_RESULT_SUCCESS) in zeEventDestroy(hEvent=0x34e22688)
[2026-10-08 05:40:24.311] [thread-id: 133062369324224] [trace] zeEventDestroy(hEvent)
[2026-10-08 05:40:24.311] [thread-id: 133062369324224] [trace] SUCCESS (ZE_RESULT_SUCCESS) in zeEventDestroy(hEvent=0x34e22d88)
[2026-10-08 05:40:24.311] [thread-id: 133062369324224] [trace] zeEventDestroy(hEvent)
[2026-10-08 05:40:24.311] [thread-id: 133062369324224] [trace] SUCCESS (ZE_RESULT_SUCCESS) in zeEventDestroy(hEvent=0x34e234a8)
[2026-10-08 05:40:24.311] [thread-id: 133062369324224] [trace] zeEventDestroy(hEvent)
[2026-10-08 05:40:24.311] [thread-id: 133062369324224] [trace] SUCCESS (ZE_RESULT_SUCCESS) in zeEventDestroy(hEvent=0x34e23ba8)
[2026-10-08 05:40:24.311] [thread-id: 133062369324224] [trace] zeEventDestroy(hEvent)
[2026-10-08 05:40:24.311] [thread-id: 133062369324224] [trace] SUCCESS (ZE_RESULT_SUCCESS) in zeEventDestroy(hEvent=0x34e240b8)
[2026-10-08 05:40:24.311] [thread-id: 133062369324224] [trace] zeEventDestroy(hEvent)
[2026-10-08 05:40:24.311] [thread-id: 133062369324224] [trace] SUCCESS (ZE_RESULT_SUCCESS) in zeEventDestroy(hEvent=0x34e247b8)
[2026-10-08 05:40:24.311] [thread-id: 133062369324224] [trace] zeEventDestroy(hEvent)
[2026-10-08 05:40:24.311] [thread-id: 133062369324224] [trace] SUCCESS (ZE_RESULT_SUCCESS) in zeEventDestroy(hEvent=0x34e24cc8)
[2026-10-08 05:40:24.311] [thread-id: 133062369324224] [trace] zeEventDestroy(hEvent)
[2026-10-08 05:40:24.311] [thread-id: 133062369324224] [trace] SUCCESS (ZE_RESULT_SUCCESS) in zeEventDestroy(hEvent=0x34e253c8)
[2026-10-08 05:40:24.311] [thread-id: 133062369324224] [trace] zeEventDestroy(hEvent)
[2026-10-08 05:40:24.311] [thread-id: 133062369324224] [trace] SUCCESS (ZE_RESULT_SUCCESS) in zeEventDestroy(hEvent=0x34e258d8)
[2026-10-08 05:40:24.311] [thread-id: 133062369324224] [trace] zeEventDestroy(hEvent)
[2026-10-08 05:40:24.311] [thread-id: 133062369324224] [trace] SUCCESS (ZE_RESULT_SUCCESS) in zeEventDestroy(hEvent=0x34e25fd8)
[2026-10-08 05:40:24.311] [thread-id: 133062369324224] [trace] zeEventDestroy(hEvent)
[2026-10-08 05:40:24.311] [thread-id: 133062369324224] [trace] SUCCESS (ZE_RESULT_SUCCESS) in zeEventDestroy(hEvent=0x34e264e8)
[2026-10-08 05:40:24.311] [thread-id: 133062369324224] [trace] zeEventDestroy(hEvent)
[2026-10-08 05:40:24.311] [thread-id: 133062369324224] [trace] SUCCESS (ZE_RESULT_SUCCESS) in zeEventDestroy(hEvent=0x34e26be8)
[2026-10-08 05:40:24.311] [thread-id: 133062369324224] [trace] zeEventDestroy(hEvent)
[2026-10-08 05:40:24.311] [thread-id: 133062369324224] [trace] SUCCESS (ZE_RESULT_SUCCESS) in zeEventDestroy(hEvent=0x34e270f8)
[2026-10-08 05:40:24.311] [thread-id: 133062369324224] [trace] zeEventDestroy(hEvent)
[2026-10-08 05:40:24.311] [thread-id: 133062369324224] [trace] SUCCESS (ZE_RESULT_SUCCESS) in zeEventDestroy(hEvent=0x34e277f8)
[2026-10-08 05:40:24.311] [thread-id: 133062369324224] [trace] zeEventDestroy(hEvent)
[2026-10-08 05:40:24.311] [thread-id: 133062369324224] [trace] SUCCESS (ZE_RESULT_SUCCESS) in zeEventDestroy(hEvent=0x34e27d08)
[2026-10-08 05:40:24.311] [thread-id: 133062369324224] [trace] zeEventDestroy(hEvent)
[2026-10-08 05:40:24.311] [thread-id: 133062369324224] [trace] SUCCESS (ZE_RESULT_SUCCESS) in zeEventDestroy(hEvent=0x34e28408)
[2026-10-08 05:40:24.311] [thread-id: 133062369324224] [trace] zeEventDestroy(hEvent)
[2026-10-08 05:40:24.311] [thread-id: 133062369324224] [trace] SUCCESS (ZE_RESULT_SUCCESS) in zeEventDestroy(hEvent=0x34e28918)
[2026-10-08 05:40:24.311] [thread-id: 133062369324224] [trace] zeEventDestroy(hEvent)
[2026-10-08 05:40:24.311] [thread-id: 133062369324224] [trace] SUCCESS (ZE_RESULT_SUCCESS) in zeEventDestroy(hEvent=0x34e29018)
[2026-10-08 05:40:24.311] [thread-id: 133062369324224] [trace] zeEventDestroy(hEvent)
[2026-10-08 05:40:24.311] [thread-id: 133062369324224] [trace] SUCCESS (ZE_RESULT_SUCCESS) in zeEventDestroy(hEvent=0x34e29528)
[2026-10-08 05:40:24.311] [thread-id: 133062369324224] [trace] zeEventDestroy(hEvent)
[2026-10-08 05:40:24.311] [thread-id: 133062369324224] [trace] SUCCESS (ZE_RESULT_SUCCESS) in zeEventDestroy(hEvent=0x34e29c28)
[2026-10-08 05:40:24.311] [thread-id: 133062369324224] [trace] zeEventDestroy(hEvent)
[2026-10-08 05:40:24.312] [thread-id: 133062369324224] [trace] SUCCESS (ZE_RESULT_SUCCESS) in zeEventDestroy(hEvent=0x34e2a138)
[2026-10-08 05:40:24.312] [thread-id: 133062369324224] [trace] zeEventDestroy(hEvent)
[2026-10-08 05:40:24.312] [thread-id: 133062369324224] [trace] SUCCESS (ZE_RESULT_SUCCESS) in zeEventDestroy(hEvent=0x34e2aab8)
[2026-10-08 05:40:24.312] [thread-id: 133062369324224] [trace] zeEventDestroy(hEvent)
[2026-10-08 05:40:24.312] [thread-id: 133062369324224] [trace] SUCCESS (ZE_RESULT_SUCCESS) in zeEventDestroy(hEvent=0x34e2afc8)
[2026-10-08 05:40:24.312] [thread-id: 133062369324224] [trace] zeEventDestroy(hEvent)
[2026-10-08 05:40:24.312] [thread-id: 133062369324224] [trace] SUCCESS (ZE_RESULT_SUCCESS) in zeEventDestroy(hEvent=0x34e2b6c8)
[2026-10-08 05:40:24.312] [thread-id: 133062369324224] [trace] zeEventDestroy(hEvent)
[2026-10-08 05:40:24.312] [thread-id: 133062369324224] [trace] SUCCESS (ZE_RESULT_SUCCESS) in zeEventDestroy(hEvent=0x34e2bbd8)
[2026-10-08 05:40:24.312] [thread-id: 133062369324224] [trace] zeEventDestroy(hEvent)
[2026-10-08 05:40:24.312] [thread-id: 133062369324224] [trace] SUCCESS (ZE_RESULT_SUCCESS) in zeEventDestroy(hEvent=0x34e2c2d8)
[2026-10-08 05:40:24.312] [thread-id: 133062369324224] [trace] zeEventDestroy(hEvent)
[2026-10-08 05:40:24.312] [thread-id: 133062369324224] [trace] SUCCESS (ZE_RESULT_SUCCESS) in zeEventDestroy(hEvent=0x34e2c7e8)
[2026-10-08 05:40:24.312] [thread-id: 133062369324224] [trace] zeEventDestroy(hEvent)
[2026-10-08 05:40:24.312] [thread-id: 133062369324224] [trace] SUCCESS (ZE_RESULT_SUCCESS) in zeEventDestroy(hEvent=0x34e2cee8)
[2026-10-08 05:40:24.312] [thread-id: 133062369324224] [trace] zeEventDestroy(hEvent)
[2026-10-08 05:40:24.312] [thread-id: 133062369324224] [trace] SUCCESS (ZE_RESULT_SUCCESS) in zeEventDestroy(hEvent=0x34e2d3f8)
[2026-10-08 05:40:24.312] [thread-id: 133062369324224] [trace] zeEventDestroy(hEvent)
[2026-10-08 05:40:24.312] [thread-id: 133062369324224] [trace] SUCCESS (ZE_RESULT_SUCCESS) in zeEventDestroy(hEvent=0x34e2daf8)
[2026-10-08 05:40:24.312] [thread-id: 133062369324224] [trace] zeEventDestroy(hEvent)
[2026-10-08 05:40:24.312] [thread-id: 133062369324224] [trace] SUCCESS (ZE_RESULT_SUCCESS) in zeEventDestroy(hEvent=0x34e2e008)
[2026-10-08 05:40:24.312] [thread-id: 133062369324224] [trace] zeEventDestroy(hEvent)
[2026-10-08 05:40:24.312] [thread-id: 133062369324224] [trace] SUCCESS (ZE_RESULT_SUCCESS) in zeEventDestroy(hEvent=0x34e2e708)
[2026-10-08 05:40:24.312] [thread-id: 133062369324224] [trace] zeEventDestroy(hEvent)
[2026-10-08 05:40:24.312] [thread-id: 133062369324224] [trace] SUCCESS (ZE_RESULT_SUCCESS) in zeEventDestroy(hEvent=0x34e2ec18)
[2026-10-08 05:40:24.312] [thread-id: 133062369324224] [trace] zeEventDestroy(hEvent)
[2026-10-08 05:40:24.312] [thread-id: 133062369324224] [trace] SUCCESS (ZE_RESULT_SUCCESS) in zeEventDestroy(hEvent=0x34e16a68)
[2026-10-08 05:40:24.312] [thread-id: 133062369324224] [trace] zeEventDestroy(hEvent)
[2026-10-08 05:40:24.312] [thread-id: 133062369324224] [trace] SUCCESS (ZE_RESULT_SUCCESS) in zeEventDestroy(hEvent=0x34e16e08)
[2026-10-08 05:40:24.312] [thread-id: 133062369324224] [trace] zeCommandListDestroy(hCommandList)
[2026-10-08 05:40:24.312] [thread-id: 133062369324224] [trace] SUCCESS (ZE_RESULT_SUCCESS) in zeCommandListDestroy(hCommandList=0x34de5d88)
[2026-10-08 05:40:24.312] [thread-id: 133062369324224] [trace] zeContextDestroy(hContext)
[2026-10-08 05:40:24.312] [thread-id: 133062369324224] [trace] SUCCESS (ZE_RESULT_SUCCESS) in zeContextDestroy(hContext=0x34dde738)
   <--- urContextRelease(.hContext = 0x34de1b90) -> UR_RESULT_SUCCESS;
   ---> urDeviceRelease
   <--- urDeviceRelease(.hDevice = 0x34ddd040) -> UR_RESULT_SUCCESS;
   ---> urAdapterRelease
   <--- urAdapterRelease(.hAdapter = 0x34be1700) -> UR_RESULT_SUCCESS;
