<LOADER>[DEBUG]: Logger loader initialized successfully!
<LOADER>[INFO]: loaded adapter 0x0x74c1980 (/opt/intel/oneapi/compiler/2026.1/lib/libur_adapter_level_zero_v2.so.0) from /opt/intel/oneapi/compiler/2026.1/lib/libur_adapter_level_zero_v2.so.0
   ---> urAdapterGet
<LEVEL_ZERO>[DEBUG]: zeInit with flags value of 1
[2026-10-08 21:45:38.968] [thread-id: 139713508326592] [info] Loader Version 1.32.0  - No git SHA found, compiled outside git folder.
[2026-10-08 21:45:38.971] [thread-id: 139713508326592] [info] Validation Layer Enabled
[2026-10-08 21:45:38.971] [thread-id: 139713508326592] [info] zeInit succeeded
[2026-10-08 21:45:38.971] [thread-id: 139713508326592] [trace] zeInit(flags)
[2026-10-08 21:45:39.047] [thread-id: 139713508326592] [trace] SUCCESS (ZE_RESULT_SUCCESS) in zeInit(flags=1)
<LEVEL_ZERO>[DEBUG]: Level Zero Loader version: 1.32.0
<LEVEL_ZERO>[DEBUG]: zeInitDrivers with flags value of 1
[2026-10-08 21:45:39.047] [thread-id: 139713508326592] [trace] zeInitDrivers(pCount, phDrivers, desc)
[2026-10-08 21:45:39.047] [thread-id: 139713508326592] [trace] SUCCESS (ZE_RESULT_SUCCESS) in zeInitDrivers(pCount=1, phDrivers=nullptr, desc={stype=0x74c0728, flags=1})
[2026-10-08 21:45:39.047] [thread-id: 139713508326592] [trace] zeInitDrivers(pCount, phDrivers, desc)
[2026-10-08 21:45:39.047] [thread-id: 139713508326592] [trace] SUCCESS (ZE_RESULT_SUCCESS) in zeInitDrivers(pCount=1, phDrivers=nullptr, desc={stype=0x74c0728, flags=1})
[2026-10-08 21:45:39.047] [thread-id: 139713508326592] [trace] zeDriverGet(pCount, phDrivers)
[2026-10-08 21:45:39.047] [thread-id: 139713508326592] [trace] SUCCESS (ZE_RESULT_SUCCESS) in zeDriverGet(pCount=1, phDrivers=nullptr)
[2026-10-08 21:45:39.047] [thread-id: 139713508326592] [trace] zeDriverGet(pCount, phDrivers)
[2026-10-08 21:45:39.047] [thread-id: 139713508326592] [trace] SUCCESS (ZE_RESULT_SUCCESS) in zeDriverGet(pCount=1, phDrivers=0x76a6980)
[2026-10-08 21:45:39.047] [thread-id: 139713508326592] [trace] zeDeviceGet(hDriver, pCount, phDevices)
[2026-10-08 21:45:39.047] [thread-id: 139713508326592] [trace] SUCCESS (ZE_RESULT_SUCCESS) in zeDeviceGet(hDriver=0x76a69c8, pCount=1, phDevices=nullptr)
[2026-10-08 21:45:39.047] [thread-id: 139713508326592] [trace] zeDeviceGet(hDriver, pCount, phDevices)
[2026-10-08 21:45:39.047] [thread-id: 139713508326592] [trace] SUCCESS (ZE_RESULT_SUCCESS) in zeDeviceGet(hDriver=0x76a69c8, pCount=1, phDevices=0x76b32b0)
[2026-10-08 21:45:39.047] [thread-id: 139713508326592] [trace] zeDeviceGetProperties(hDevice, pDeviceProperties)
[2026-10-08 21:45:39.047] [thread-id: 139713508326592] [trace] SUCCESS (ZE_RESULT_SUCCESS) in zeDeviceGetProperties(hDevice=0x76a6f28, pDeviceProperties={stype=0x7ffe01ade8d0, type=0x7ffe01ade8e0, vendorId=32902, deviceId=57868, flags=8, subdeviceId=0, coreClockRate=2750, maxMemAllocSize=10132807680, maxHardwareContexts=65536, maxCommandQueuePriority=0, numThreadsPerEU=8, physicalEUSimdWidth=16, numEUsPerSubslice=8, numSubslicesPerSlice=4, numSlices=5, timerResolution=52, timestampValidBits=64, kernelTimestampValidBits=64, uuid={id=134}, name="Intel(R) Arc(TM) B570 Graphics"})
<LEVEL_ZERO>[DEBUG]: 
zesInit with flags value of 0

[2026-10-08 21:45:39.047] [thread-id: 139713508326592] [trace] zesInit(flags)
[2026-10-08 21:45:39.049] [thread-id: 139713508326592] [trace] SUCCESS (ZE_RESULT_SUCCESS) in zesInit(flags=0)
[2026-10-08 21:45:39.049] [thread-id: 139713508326592] [trace] zeDriverGet(pCount, phDrivers)
[2026-10-08 21:45:39.049] [thread-id: 139713508326592] [trace] SUCCESS (ZE_RESULT_SUCCESS) in zeDriverGet(pCount=1, phDrivers=nullptr)
[2026-10-08 21:45:39.049] [thread-id: 139713508326592] [trace] zeDriverGet(pCount, phDrivers)
[2026-10-08 21:45:39.049] [thread-id: 139713508326592] [trace] SUCCESS (ZE_RESULT_SUCCESS) in zeDriverGet(pCount=1, phDrivers=0x76ba340)
[2026-10-08 21:45:39.049] [thread-id: 139713508326592] [trace] zeInitDrivers(pCount, phDrivers, desc)
[2026-10-08 21:45:39.049] [thread-id: 139713508326592] [trace] SUCCESS (ZE_RESULT_SUCCESS) in zeInitDrivers(pCount=1, phDrivers=0x76ba410, desc={stype=0x74c0728, flags=1})
[2026-10-08 21:45:39.049] [thread-id: 139713508326592] [trace] zeDriverGetProperties(hDriver, pDriverProperties)
[2026-10-08 21:45:39.049] [thread-id: 139713508326592] [trace] SUCCESS (ZE_RESULT_SUCCESS) in zeDriverGetProperties(hDriver=0x76a69c8, pDriverProperties={stype=0x7ffe01ade820, uuid={id=227}, driverVersion=17013219})
[2026-10-08 21:45:39.049] [thread-id: 139713508326592] [trace] zeDriverGetProperties(hDriver, pDriverProperties)
[2026-10-08 21:45:39.049] [thread-id: 139713508326592] [trace] SUCCESS (ZE_RESULT_SUCCESS) in zeDriverGetProperties(hDriver=0x76a69c8, pDriverProperties={stype=0x7ffe01ade9f0, uuid={id=227}, driverVersion=17013219})
<LEVEL_ZERO>[DEBUG]: zeDriverHandle 0x76a69c8 matched between zeDriverGet and zeInitDrivers. Not adding duplicate driver to list
<LEVEL_ZERO>[DEBUG]: 1 L0 Drivers found.
[2026-10-08 21:45:39.049] [thread-id: 139713508326592] [trace] zeDeviceGet(hDriver, pCount, phDevices)
[2026-10-08 21:45:39.049] [thread-id: 139713508326592] [trace] SUCCESS (ZE_RESULT_SUCCESS) in zeDeviceGet(hDriver=0x76a69c8, pCount=1, phDevices=nullptr)
[2026-10-08 21:45:39.049] [thread-id: 139713508326592] [trace] zeDeviceGet(hDriver, pCount, phDevices)
[2026-10-08 21:45:39.049] [thread-id: 139713508326592] [trace] SUCCESS (ZE_RESULT_SUCCESS) in zeDeviceGet(hDriver=0x76a69c8, pCount=1, phDevices=0x76ba6b0)
[2026-10-08 21:45:39.049] [thread-id: 139713508326592] [trace] zeDeviceGetProperties(hDevice, pDeviceProperties)
[2026-10-08 21:45:39.049] [thread-id: 139713508326592] [trace] SUCCESS (ZE_RESULT_SUCCESS) in zeDeviceGetProperties(hDevice=0x76a6f28, pDeviceProperties={stype=0x7ffe01ade820, type=0x7ffe01ade830, vendorId=32902, deviceId=57868, flags=8, subdeviceId=0, coreClockRate=2750, maxMemAllocSize=10132807680, maxHardwareContexts=65536, maxCommandQueuePriority=0, numThreadsPerEU=8, physicalEUSimdWidth=16, numEUsPerSubslice=8, numSubslicesPerSlice=4, numSlices=5, timerResolution=52, timestampValidBits=64, kernelTimestampValidBits=64, uuid={id=134}, name="Intel(R) Arc(TM) B570 Graphics"})
[2026-10-08 21:45:39.049] [thread-id: 139713508326592] [trace] zeDriverGetApiVersion(hDriver, version)
[2026-10-08 21:45:39.049] [thread-id: 139713508326592] [trace] SUCCESS (ZE_RESULT_SUCCESS) in zeDriverGetApiVersion(hDriver=0x76a69c8, version=65553)
[2026-10-08 21:45:39.049] [thread-id: 139713508326592] [trace] zeDriverGetExtensionProperties(hDriver, pCount, pExtensionProperties)
[2026-10-08 21:45:39.049] [thread-id: 139713508326592] [trace] SUCCESS (ZE_RESULT_SUCCESS) in zeDriverGetExtensionProperties(hDriver=0x76a69c8, pCount=63, pExtensionProperties=nullptr)
[2026-10-08 21:45:39.049] [thread-id: 139713508326592] [trace] zeDriverGetExtensionProperties(hDriver, pCount, pExtensionProperties)
[2026-10-08 21:45:39.049] [thread-id: 139713508326592] [trace] SUCCESS (ZE_RESULT_SUCCESS) in zeDriverGetExtensionProperties(hDriver=0x76a69c8, pCount=63, pExtensionProperties={name="ZE_extension_device_cache_line_size", version=65536})
[2026-10-08 21:45:39.049] [thread-id: 139713508326592] [trace] zeDriverGetExtensionFunctionAddress(hDriver, name, ppFunctionAddress)
[2026-10-08 21:45:39.049] [thread-id: 139713508326592] [trace] SUCCESS (ZE_RESULT_SUCCESS) in zeDriverGetExtensionFunctionAddress(hDriver=0x76a69c8, name="zeIntelGetDriverVersionString", ppFunctionAddress=0x7f119232bc00)
[2026-10-08 21:45:39.049] [thread-id: 139713508326592] [trace] zeDriverGetProperties(hDriver, pDriverProperties)
[2026-10-08 21:45:39.049] [thread-id: 139713508326592] [trace] SUCCESS (ZE_RESULT_SUCCESS) in zeDriverGetProperties(hDriver=0x76a69c8, pDriverProperties={stype=0x7ffe01ade6e0, uuid={id=227}, driverVersion=17013219})
<LEVEL_ZERO>[DEBUG]: Level Zero Driver version: 1.17.39395+14
[2026-10-08 21:45:39.049] [thread-id: 139713508326592] [trace] zeDriverGetExtensionFunctionAddress(hDriver, name, ppFunctionAddress)
[2026-10-08 21:45:39.049] [thread-id: 139713508326592] [trace] SUCCESS (ZE_RESULT_SUCCESS) in zeDriverGetExtensionFunctionAddress(hDriver=0x76a69c8, name="zexDriverImportExternalPointer", ppFunctionAddress=0x7f1192326a40)
[2026-10-08 21:45:39.049] [thread-id: 139713508326592] [trace] zeDriverGetExtensionFunctionAddress(hDriver, name, ppFunctionAddress)
[2026-10-08 21:45:39.049] [thread-id: 139713508326592] [trace] SUCCESS (ZE_RESULT_SUCCESS) in zeDriverGetExtensionFunctionAddress(hDriver=0x76a69c8, name="zexDriverReleaseImportedPointer", ppFunctionAddress=0x7f119232ee30)
[2026-10-08 21:45:39.049] [thread-id: 139713508326592] [trace] zeDriverGetExtensionFunctionAddress(hDriver, name, ppFunctionAddress)
[2026-10-08 21:45:39.049] [thread-id: 139713508326592] [trace] SUCCESS (ZE_RESULT_SUCCESS) in zeDriverGetExtensionFunctionAddress(hDriver=0x76a69c8, name="zeImageGetDeviceOffsetExp", ppFunctionAddress=0x7f1192330190)
[2026-10-08 21:45:39.049] [thread-id: 139713508326592] [trace] zeDriverGetExtensionFunctionAddress(hDriver, name, ppFunctionAddress)
[2026-10-08 21:45:39.049] [thread-id: 139713508326592] [trace] SUCCESS (ZE_RESULT_SUCCESS) in zeDriverGetExtensionFunctionAddress(hDriver=0x76a69c8, name="zeMemGetPitchFor2dImage", ppFunctionAddress=0x7f1192332550)
[2026-10-08 21:45:39.049] [thread-id: 139713508326592] [trace] zeDriverGetExtensionFunctionAddress(hDriver, name, ppFunctionAddress)
[2026-10-08 21:45:39.049] [thread-id: 139713508326592] [trace] SUCCESS (ZE_RESULT_SUCCESS) in zeDriverGetExtensionFunctionAddress(hDriver=0x76a69c8, name="zeGraphGetIdExt", ppFunctionAddress=0x7f1192320dd0)
[2026-10-08 21:45:39.049] [thread-id: 139713508326592] [trace] zeDriverGetExtensionFunctionAddress(hDriver, name, ppFunctionAddress)
[2026-10-08 21:45:39.049] [thread-id: 139713508326592] [trace] SUCCESS (ZE_RESULT_SUCCESS) in zeDriverGetExtensionFunctionAddress(hDriver=0x76a69c8, name="zeCommandListAppendHostFunction", ppFunctionAddress=0x7f1192304140)
[2026-10-08 21:45:39.050] [thread-id: 139713508326592] [trace] zesDriverGet(pCount, phDrivers)
[2026-10-08 21:45:39.050] [thread-id: 139713508326592] [trace] SUCCESS (ZE_RESULT_SUCCESS) in zesDriverGet(pCount=1, phDrivers=nullptr)
[2026-10-08 21:45:39.050] [thread-id: 139713508326592] [trace] zesDriverGet(pCount, phDrivers)
[2026-10-08 21:45:39.050] [thread-id: 139713508326592] [trace] SUCCESS (ZE_RESULT_SUCCESS) in zesDriverGet(pCount=1, phDrivers=0x76bb5b0)
[2026-10-08 21:45:39.050] [thread-id: 139713508326592] [trace] zesDriverGetDeviceByUuidExp(hDriver, uuid, phDevice, onSubdevice, subdeviceId)
[2026-10-08 21:45:39.050] [thread-id: 139713508326592] [trace] SUCCESS (ZE_RESULT_SUCCESS) in zesDriverGetDeviceByUuidExp(hDriver=0x76b71c8, uuid={id=134}, phDevice=0x74e7058, onSubdevice=0, subdeviceId=0)
<LEVEL_ZERO>[DEBUG]: Initialized 1 platforms
   <--- urAdapterGet(.NumEntries = 0, .phAdapters = nullptr, .pNumAdapters = 0x7ffe01adf0f8 (1)) -> UR_RESULT_SUCCESS;
   ---> urAdapterGet
   <--- urAdapterGet(.NumEntries = 1, .phAdapters = 0x76ba690 {0x74c0700}, .pNumAdapters = nullptr) -> UR_RESULT_SUCCESS;
   ---> urAdapterGetInfo
   <--- urAdapterGetInfo(.hAdapter = 0x74c0700, .propName = UR_ADAPTER_INFO_BACKEND, .propSize = 4, .pPropValue = 0x7ffe01adf0ec (UR_BACKEND_LEVEL_ZERO), .pPropSizeRet = nullptr) -> UR_RESULT_SUCCESS;
   ---> urAdapterSetLoggerCallback
   <--- urAdapterSetLoggerCallback(.hAdapter = 0x74c0700, .pfnLoggerCallback = 0x7f1199107420, .pUserData = nullptr, .level = UR_LOGGER_LEVEL_WARN) -> UR_RESULT_SUCCESS;
   ---> urPlatformGet
   <--- urPlatformGet(.hAdapter = 0x74c0700, .NumEntries = 0, .phPlatforms = nullptr, .pNumPlatforms = 0x7ffe01adf02c (1)) -> UR_RESULT_SUCCESS;
   ---> urPlatformGet
   <--- urPlatformGet(.hAdapter = 0x74c0700, .NumEntries = 1, .phPlatforms = 0x76ba690 {0x76ba810}, .pNumPlatforms = nullptr) -> UR_RESULT_SUCCESS;
   ---> urPlatformGetInfo
   <--- urPlatformGetInfo(.hPlatform = 0x76ba810, .propName = UR_PLATFORM_INFO_BACKEND, .propSize = 4, .pPropValue = 0x7ffe01adf03c (UR_BACKEND_LEVEL_ZERO), .pPropSizeRet = nullptr) -> UR_RESULT_SUCCESS;
   ---> urDeviceGet
[2026-10-08 21:45:39.050] [thread-id: 139713508326592] [trace] zeDeviceGet(hDriver, pCount, phDevices)
[2026-10-08 21:45:39.050] [thread-id: 139713508326592] [trace] SUCCESS (ZE_RESULT_SUCCESS) in zeDeviceGet(hDriver=0x76a69c8, pCount=1, phDevices=nullptr)
[2026-10-08 21:45:39.050] [thread-id: 139713508326592] [trace] zeDeviceGet(hDriver, pCount, phDevices)
[2026-10-08 21:45:39.050] [thread-id: 139713508326592] [trace] SUCCESS (ZE_RESULT_SUCCESS) in zeDeviceGet(hDriver=0x76a69c8, pCount=1, phDevices=0x76bc000)
[2026-10-08 21:45:39.050] [thread-id: 139713508326592] [trace] zeDeviceGetProperties(hDevice, pDeviceProperties)
[2026-10-08 21:45:39.050] [thread-id: 139713508326592] [trace] SUCCESS (ZE_RESULT_SUCCESS) in zeDeviceGetProperties(hDevice=0x76a6f28, pDeviceProperties={stype=0x76bc0e8, type=0x76bc0f8, vendorId=32902, deviceId=57868, flags=8, subdeviceId=0, coreClockRate=2750, maxMemAllocSize=10132807680, maxHardwareContexts=65536, maxCommandQueuePriority=0, numThreadsPerEU=8, physicalEUSimdWidth=16, numEUsPerSubslice=8, numSubslicesPerSlice=4, numSlices=5, timerResolution=19200000, timestampValidBits=64, kernelTimestampValidBits=64, uuid={id=134}, name="Intel(R) Arc(TM) B570 Graphics"})
[2026-10-08 21:45:39.050] [thread-id: 139713508326592] [trace] zeDeviceGetProperties(hDevice, pDeviceProperties)
[2026-10-08 21:45:39.050] [thread-id: 139713508326592] [trace] SUCCESS (ZE_RESULT_SUCCESS) in zeDeviceGetProperties(hDevice=0x76a6f28, pDeviceProperties={stype=0x7ffe01ade638, type=0x7ffe01ade648, vendorId=32902, deviceId=57868, flags=8, subdeviceId=0, coreClockRate=2750, maxMemAllocSize=10132807680, maxHardwareContexts=65536, maxCommandQueuePriority=0, numThreadsPerEU=8, physicalEUSimdWidth=16, numEUsPerSubslice=8, numSubslicesPerSlice=4, numSlices=5, timerResolution=52, timestampValidBits=64, kernelTimestampValidBits=64, uuid={id=134}, name="Intel(R) Arc(TM) B570 Graphics"})
[2026-10-08 21:45:39.050] [thread-id: 139713508326592] [trace] zeDeviceGetCommandQueueGroupProperties(hDevice, pCount, pCommandQueueGroupProperties)
[2026-10-08 21:45:39.050] [thread-id: 139713508326592] [trace] SUCCESS (ZE_RESULT_SUCCESS) in zeDeviceGetCommandQueueGroupProperties(hDevice=0x76a6f28, pCount=2, pCommandQueueGroupProperties=nullptr)
<LEVEL_ZERO>[INFO]: Number of queue groups = 2
[2026-10-08 21:45:39.050] [thread-id: 139713508326592] [trace] zeDeviceGetCommandQueueGroupProperties(hDevice, pCount, pCommandQueueGroupProperties)
[2026-10-08 21:45:39.050] [thread-id: 139713508326592] [trace] SUCCESS (ZE_RESULT_SUCCESS) in zeDeviceGetCommandQueueGroupProperties(hDevice=0x76a6f28, pCount=2, pCommandQueueGroupProperties={stype=0x74c0610, flags=7, maxMemoryFillPatternSize=18446744073709551615, numQueues=1})
<LEVEL_ZERO>[INFO]: main blitter/copy engine is available
<LEVEL_ZERO>[INFO]: link blitter/copy engines are not available
[2026-10-08 21:45:39.050] [thread-id: 139713508326592] [trace] zeDeviceGetSubDevices(hDevice, pCount, phSubdevices)
[2026-10-08 21:45:39.050] [thread-id: 139713508326592] [trace] SUCCESS (ZE_RESULT_SUCCESS) in zeDeviceGetSubDevices(hDevice=0x76a6f28, pCount=0, phSubdevices=nullptr)
[2026-10-08 21:45:39.050] [thread-id: 139713508326592] [trace] zeDeviceGetSubDevices(hDevice, pCount, phSubdevices)
[2026-10-08 21:45:39.050] [thread-id: 139713508326592] [trace] SUCCESS (ZE_RESULT_SUCCESS) in zeDeviceGetSubDevices(hDevice=0x76a6f28, pCount=0, phSubdevices=0x76bc020)
[2026-10-08 21:45:39.050] [thread-id: 139713508326592] [trace] zeDeviceGetRootDevice(hDevice, phRootDevice)
[2026-10-08 21:45:39.050] [thread-id: 139713508326592] [trace] SUCCESS (ZE_RESULT_SUCCESS) in zeDeviceGetRootDevice(hDevice=0x76a6f28, phRootDevice=0x7ffe01adea90)
[2026-10-08 21:45:39.050] [thread-id: 139713508326592] [trace] zeDeviceSynchronize(hDevice)
[2026-10-08 21:45:39.050] [thread-id: 139713508326592] [trace] SUCCESS (ZE_RESULT_SUCCESS) in zeDeviceSynchronize(hDevice=0x76a6f28)
[2026-10-08 21:45:39.050] [thread-id: 139713508326592] [trace] zeDeviceGetRootDevice(hDevice, phRootDevice)
[2026-10-08 21:45:39.050] [thread-id: 139713508326592] [trace] SUCCESS (ZE_RESULT_SUCCESS) in zeDeviceGetRootDevice(hDevice=0x76a6f28, phRootDevice=0x7ffe01adeb80)
   <--- urDeviceGet(.hPlatform = 0x76ba810, .DeviceType = UR_DEVICE_TYPE_ALL, .NumEntries = 0, .phDevices = nullptr, .pNumDevices = 0x7ffe01adefac (1)) -> UR_RESULT_SUCCESS;
   ---> urDeviceGet
[2026-10-08 21:45:39.050] [thread-id: 139713508326592] [trace] zeDeviceGetRootDevice(hDevice, phRootDevice)
[2026-10-08 21:45:39.050] [thread-id: 139713508326592] [trace] SUCCESS (ZE_RESULT_SUCCESS) in zeDeviceGetRootDevice(hDevice=0x76a6f28, phRootDevice=0x7ffe01adeb80)
   <--- urDeviceGet(.hPlatform = 0x76ba810, .DeviceType = UR_DEVICE_TYPE_ALL, .NumEntries = 1, .phDevices = 0x76bc000 {0x76bc040}, .pNumDevices = nullptr) -> UR_RESULT_SUCCESS;
   ---> urPlatformGetInfo
   <--- urPlatformGetInfo(.hPlatform = 0x76ba810, .propName = UR_PLATFORM_INFO_VERSION, .propSize = 0, .pPropValue = nullptr, .pPropSizeRet = 0x7ffe01adeb80 (5)) -> UR_RESULT_SUCCESS;
   ---> urPlatformGetInfo
   <--- urPlatformGetInfo(.hPlatform = 0x76ba810, .propName = UR_PLATFORM_INFO_VERSION, .propSize = 5, .pPropValue = 0x7ffe01adece8 (1.17), .pPropSizeRet = nullptr) -> UR_RESULT_SUCCESS;
   ---> urPlatformGetInfo
   <--- urPlatformGetInfo(.hPlatform = 0x76ba810, .propName = UR_PLATFORM_INFO_NAME, .propSize = 0, .pPropValue = nullptr, .pPropSizeRet = 0x7ffe01adeb80 (51)) -> UR_RESULT_SUCCESS;
   ---> urPlatformGetInfo
   <--- urPlatformGetInfo(.hPlatform = 0x76ba810, .propName = UR_PLATFORM_INFO_NAME, .propSize = 51, .pPropValue = 0x76bc710 (Intel(R) oneAPI Unified Runtime over Level-Zero V2), .pPropSizeRet = nullptr) -> UR_RESULT_SUCCESS;
   ---> urDeviceGetInfo
   <--- urDeviceGetInfo(.hDevice = 0x76bc040, .propName = UR_DEVICE_INFO_PARENT_DEVICE, .propSize = 8, .pPropValue = 0x7ffe01adeb40 (nullptr), .pPropSizeRet = nullptr) -> UR_RESULT_SUCCESS;
   ---> urDeviceGetInfo
   <--- urDeviceGetInfo(.hDevice = 0x76bc040, .propName = UR_DEVICE_INFO_TYPE, .propSize = 4, .pPropValue = 0x7ffe01adeae0 (UR_DEVICE_TYPE_GPU), .pPropSizeRet = nullptr) -> UR_RESULT_SUCCESS;
   ---> urDeviceGetInfo
   <--- urDeviceGetInfo(.hDevice = 0x76bc040, .propName = UR_DEVICE_INFO_USE_NATIVE_ASSERT, .propSize = 1, .pPropValue = 0x7ffe01adeae0 (true), .pPropSizeRet = nullptr) -> UR_RESULT_SUCCESS;
   ---> urDeviceGetInfo
[2026-10-08 21:45:39.051] [thread-id: 139713508326592] [trace] zeDeviceGetModuleProperties(hDevice, pModuleProperties)
[2026-10-08 21:45:39.051] [thread-id: 139713508326592] [trace] SUCCESS (ZE_RESULT_SUCCESS) in zeDeviceGetModuleProperties(hDevice=0x76a6f28, pModuleProperties={stype=0x76bc360, spirvVersionSupported=65541, flags=15, fp16flags=63, fp32flags=127, fp64flags=127, maxArgumentsSize=2048, printfBufferSize=4194304, nativeKernelSupported={id=0}})
[2026-10-08 21:45:39.051] [thread-id: 139713508326592] [trace] zeDeviceGetImageProperties(hDevice, pImageProperties)
[2026-10-08 21:45:39.051] [thread-id: 139713508326592] [trace] SUCCESS (ZE_RESULT_SUCCESS) in zeDeviceGetImageProperties(hDevice=0x76a6f28, pImageProperties={stype=0x76bc300, maxImageDims1D=16384, maxImageDims2D=16384, maxImageDims3D=2048, maxImageBufferSize=633300480, maxImageArraySlices=2048, maxSamplers=16, maxReadImageArgs=128, maxWriteImageArgs=128})
   <--- urDeviceGetInfo(.hDevice = 0x76bc040, .propName = UR_DEVICE_INFO_EXTENSIONS, .propSize = 0, .pPropValue = nullptr, .pPropSizeRet = 0x7ffe01adea68 (245)) -> UR_RESULT_SUCCESS;
   ---> urDeviceGetInfo
   <--- urDeviceGetInfo(.hDevice = 0x76bc040, .propName = UR_DEVICE_INFO_EXTENSIONS, .propSize = 245, .pPropValue = 0x7576740 (cl_khr_il_program cl_khr_subgroups cl_intel_subgroups cl_intel_subgroups_short cl_intel_required_subgroup_size cl_khr_fp16 cl_khr_fp64 cl_khr_int64_base_atomics cl_khr_int64_extended_atomics cl_khr_3d_image_writes cl_intel_bfloat16_conversions ), .pPropSizeRet = nullptr) -> UR_RESULT_SUCCESS;
   ---> urDeviceRetain
   <--- urDeviceRetain(.hDevice = 0x76bc040) -> UR_RESULT_SUCCESS;
   ---> urDeviceGetInfo
   <--- urDeviceGetInfo(.hDevice = 0x76bc040, .propName = UR_DEVICE_INFO_TYPE, .propSize = 4, .pPropValue = 0x7ffe01adec5c (UR_DEVICE_TYPE_GPU), .pPropSizeRet = nullptr) -> UR_RESULT_SUCCESS;
   ---> urDeviceGetInfo
   <--- urDeviceGetInfo(.hDevice = 0x76bc040, .propName = UR_DEVICE_INFO_VENDOR_ID, .propSize = 4, .pPropValue = 0x7ffe01adecd8 (32902), .pPropSizeRet = nullptr) -> UR_RESULT_SUCCESS;
   ---> urDeviceGetInfo
   <--- urDeviceGetInfo(.hDevice = 0x76bc040, .propName = UR_DEVICE_INFO_DRIVER_VERSION, .propSize = 0, .pPropValue = nullptr, .pPropSizeRet = 0x7ffe01adeb80 (14)) -> UR_RESULT_SUCCESS;
   ---> urDeviceGetInfo
   <--- urDeviceGetInfo(.hDevice = 0x76bc040, .propName = UR_DEVICE_INFO_DRIVER_VERSION, .propSize = 14, .pPropValue = 0x7ffe01adeca8 (1.17.39395+14), .pPropSizeRet = nullptr) -> UR_RESULT_SUCCESS;
   ---> urDeviceGetInfo
   <--- urDeviceGetInfo(.hDevice = 0x76bc040, .propName = UR_DEVICE_INFO_NAME, .propSize = 0, .pPropValue = nullptr, .pPropSizeRet = 0x7ffe01adeac0 (31)) -> UR_RESULT_SUCCESS;
   ---> urDeviceGetInfo
   <--- urDeviceGetInfo(.hDevice = 0x76bc040, .propName = UR_DEVICE_INFO_NAME, .propSize = 31, .pPropValue = 0x76bbfd0 (Intel(R) Arc(TM) B570 Graphics), .pPropSizeRet = nullptr) -> UR_RESULT_SUCCESS;
   ---> urPlatformGetInfo
   <--- urPlatformGetInfo(.hPlatform = 0x76ba810, .propName = UR_PLATFORM_INFO_BACKEND, .propSize = 4, .pPropValue = 0x7ffe01adee9c (UR_BACKEND_LEVEL_ZERO), .pPropSizeRet = nullptr) -> UR_RESULT_SUCCESS;
   ---> urDeviceGetInfo
   <--- urDeviceGetInfo(.hDevice = 0x76bc040, .propName = UR_DEVICE_INFO_TYPE, .propSize = 4, .pPropValue = 0x7ffe01adee94 (UR_DEVICE_TYPE_GPU), .pPropSizeRet = nullptr) -> UR_RESULT_SUCCESS;
   ---> urDeviceRelease
   <--- urDeviceRelease(.hDevice = 0x76bc040) -> UR_RESULT_SUCCESS;
   ---> urDeviceGetInfo
   <--- urDeviceGetInfo(.hDevice = 0x76bc040, .propName = UR_DEVICE_INFO_SUPPORTED_PARTITIONS, .propSize = 0, .pPropValue = nullptr, .pPropSizeRet = 0x7ffe01adee88 (0)) -> UR_RESULT_SUCCESS;
   ---> urDeviceGet
[2026-10-08 21:45:39.051] [thread-id: 139713508326592] [trace] zeDeviceGetRootDevice(hDevice, phRootDevice)
[2026-10-08 21:45:39.051] [thread-id: 139713508326592] [trace] SUCCESS (ZE_RESULT_SUCCESS) in zeDeviceGetRootDevice(hDevice=0x76a6f28, phRootDevice=0x7ffe01adec90)
   <--- urDeviceGet(.hPlatform = 0x76ba810, .DeviceType = UR_DEVICE_TYPE_ALL, .NumEntries = 0, .phDevices = nullptr, .pNumDevices = 0x7ffe01adf0bc (1)) -> UR_RESULT_SUCCESS;
   ---> urDeviceGet
[2026-10-08 21:45:39.051] [thread-id: 139713508326592] [trace] zeDeviceGetRootDevice(hDevice, phRootDevice)
[2026-10-08 21:45:39.051] [thread-id: 139713508326592] [trace] SUCCESS (ZE_RESULT_SUCCESS) in zeDeviceGetRootDevice(hDevice=0x76a6f28, phRootDevice=0x7ffe01adec90)
   <--- urDeviceGet(.hPlatform = 0x76ba810, .DeviceType = UR_DEVICE_TYPE_ALL, .NumEntries = 1, .phDevices = 0x76ba6b0 {0x76bc040}, .pNumDevices = nullptr) -> UR_RESULT_SUCCESS;
   ---> urPlatformGetInfo
   <--- urPlatformGetInfo(.hPlatform = 0x76ba810, .propName = UR_PLATFORM_INFO_VERSION, .propSize = 0, .pPropValue = nullptr, .pPropSizeRet = 0x7ffe01adec90 (5)) -> UR_RESULT_SUCCESS;
   ---> urPlatformGetInfo
   <--- urPlatformGetInfo(.hPlatform = 0x76ba810, .propName = UR_PLATFORM_INFO_VERSION, .propSize = 5, .pPropValue = 0x7ffe01adedf8 (1.17), .pPropSizeRet = nullptr) -> UR_RESULT_SUCCESS;
   ---> urPlatformGetInfo
   <--- urPlatformGetInfo(.hPlatform = 0x76ba810, .propName = UR_PLATFORM_INFO_NAME, .propSize = 0, .pPropValue = nullptr, .pPropSizeRet = 0x7ffe01adec90 (51)) -> UR_RESULT_SUCCESS;
   ---> urPlatformGetInfo
   <--- urPlatformGetInfo(.hPlatform = 0x76ba810, .propName = UR_PLATFORM_INFO_NAME, .propSize = 51, .pPropValue = 0x76bcc30 (Intel(R) oneAPI Unified Runtime over Level-Zero V2), .pPropSizeRet = nullptr) -> UR_RESULT_SUCCESS;
   ---> urDeviceGetInfo
   <--- urDeviceGetInfo(.hDevice = 0x76bc040, .propName = UR_DEVICE_INFO_TYPE, .propSize = 4, .pPropValue = 0x7ffe01aded6c (UR_DEVICE_TYPE_GPU), .pPropSizeRet = nullptr) -> UR_RESULT_SUCCESS;
   ---> urDeviceGetInfo
   <--- urDeviceGetInfo(.hDevice = 0x76bc040, .propName = UR_DEVICE_INFO_VENDOR_ID, .propSize = 4, .pPropValue = 0x7ffe01adede8 (32902), .pPropSizeRet = nullptr) -> UR_RESULT_SUCCESS;
   ---> urDeviceGetInfo
   <--- urDeviceGetInfo(.hDevice = 0x76bc040, .propName = UR_DEVICE_INFO_DRIVER_VERSION, .propSize = 0, .pPropValue = nullptr, .pPropSizeRet = 0x7ffe01adec90 (14)) -> UR_RESULT_SUCCESS;
   ---> urDeviceGetInfo
   <--- urDeviceGetInfo(.hDevice = 0x76bc040, .propName = UR_DEVICE_INFO_DRIVER_VERSION, .propSize = 14, .pPropValue = 0x7ffe01adedb8 (1.17.39395+14), .pPropSizeRet = nullptr) -> UR_RESULT_SUCCESS;
   ---> urPlatformGetInfo
   <--- urPlatformGetInfo(.hPlatform = 0x76ba810, .propName = UR_PLATFORM_INFO_BACKEND, .propSize = 4, .pPropValue = 0x7ffe01adefac (UR_BACKEND_LEVEL_ZERO), .pPropSizeRet = nullptr) -> UR_RESULT_SUCCESS;
   ---> urDeviceGetInfo
   <--- urDeviceGetInfo(.hDevice = 0x76bc040, .propName = UR_DEVICE_INFO_TYPE, .propSize = 4, .pPropValue = 0x7ffe01adefa4 (UR_DEVICE_TYPE_GPU), .pPropSizeRet = nullptr) -> UR_RESULT_SUCCESS;
   ---> urDeviceRelease
   <--- urDeviceRelease(.hDevice = 0x76bc040) -> UR_RESULT_SUCCESS;
   ---> urDeviceGetInfo
   <--- urDeviceGetInfo(.hDevice = 0x76bc040, .propName = UR_DEVICE_INFO_SUPPORTED_PARTITIONS, .propSize = 0, .pPropValue = nullptr, .pPropSizeRet = 0x7ffe01adef98 (0)) -> UR_RESULT_SUCCESS;
   ---> urDeviceSelectBinary
   <--- urDeviceSelectBinary(.hDevice = 0x76bc040, .pBinaries = 0x7ffe01adefe0 ((struct ur_device_binary_t){.stype = UR_STRUCTURE_TYPE_CONTEXT_PROPERTIES, .pNext = nullptr, .pDeviceTargetSpec = 0x7f1198e883c0 (spir64)}), .NumBinaries = 1, .pSelectedBinary = 0x7ffe01adf004 (0)) -> UR_RESULT_SUCCESS;
   ---> urDeviceGet
[2026-10-08 21:45:39.051] [thread-id: 139713508326592] [trace] zeDeviceGetRootDevice(hDevice, phRootDevice)
[2026-10-08 21:45:39.051] [thread-id: 139713508326592] [trace] SUCCESS (ZE_RESULT_SUCCESS) in zeDeviceGetRootDevice(hDevice=0x76a6f28, phRootDevice=0x7ffe01adec20)
   <--- urDeviceGet(.hPlatform = 0x76ba810, .DeviceType = UR_DEVICE_TYPE_ALL, .NumEntries = 0, .phDevices = nullptr, .pNumDevices = 0x7ffe01adf04c (1)) -> UR_RESULT_SUCCESS;
   ---> urDeviceGet
[2026-10-08 21:45:39.051] [thread-id: 139713508326592] [trace] zeDeviceGetRootDevice(hDevice, phRootDevice)
[2026-10-08 21:45:39.051] [thread-id: 139713508326592] [trace] SUCCESS (ZE_RESULT_SUCCESS) in zeDeviceGetRootDevice(hDevice=0x76a6f28, phRootDevice=0x7ffe01adec20)
   <--- urDeviceGet(.hPlatform = 0x76ba810, .DeviceType = UR_DEVICE_TYPE_ALL, .NumEntries = 1, .phDevices = 0x76bcd00 {0x76bc040}, .pNumDevices = nullptr) -> UR_RESULT_SUCCESS;
   ---> urPlatformGetInfo
   <--- urPlatformGetInfo(.hPlatform = 0x76ba810, .propName = UR_PLATFORM_INFO_VERSION, .propSize = 0, .pPropValue = nullptr, .pPropSizeRet = 0x7ffe01adec20 (5)) -> UR_RESULT_SUCCESS;
   ---> urPlatformGetInfo
   <--- urPlatformGetInfo(.hPlatform = 0x76ba810, .propName = UR_PLATFORM_INFO_VERSION, .propSize = 5, .pPropValue = 0x7ffe01aded88 (1.17), .pPropSizeRet = nullptr) -> UR_RESULT_SUCCESS;
   ---> urPlatformGetInfo
   <--- urPlatformGetInfo(.hPlatform = 0x76ba810, .propName = UR_PLATFORM_INFO_NAME, .propSize = 0, .pPropValue = nullptr, .pPropSizeRet = 0x7ffe01adec20 (51)) -> UR_RESULT_SUCCESS;
   ---> urPlatformGetInfo
   <--- urPlatformGetInfo(.hPlatform = 0x76ba810, .propName = UR_PLATFORM_INFO_NAME, .propSize = 51, .pPropValue = 0x76bc710 (Intel(R) oneAPI Unified Runtime over Level-Zero V2), .pPropSizeRet = nullptr) -> UR_RESULT_SUCCESS;
   ---> urDeviceGetInfo
   <--- urDeviceGetInfo(.hDevice = 0x76bc040, .propName = UR_DEVICE_INFO_TYPE, .propSize = 4, .pPropValue = 0x7ffe01adecfc (UR_DEVICE_TYPE_GPU), .pPropSizeRet = nullptr) -> UR_RESULT_SUCCESS;
   ---> urDeviceGetInfo
   <--- urDeviceGetInfo(.hDevice = 0x76bc040, .propName = UR_DEVICE_INFO_VENDOR_ID, .propSize = 4, .pPropValue = 0x7ffe01aded78 (32902), .pPropSizeRet = nullptr) -> UR_RESULT_SUCCESS;
   ---> urDeviceGetInfo
   <--- urDeviceGetInfo(.hDevice = 0x76bc040, .propName = UR_DEVICE_INFO_DRIVER_VERSION, .propSize = 0, .pPropValue = nullptr, .pPropSizeRet = 0x7ffe01adec20 (14)) -> UR_RESULT_SUCCESS;
   ---> urDeviceGetInfo
   <--- urDeviceGetInfo(.hDevice = 0x76bc040, .propName = UR_DEVICE_INFO_DRIVER_VERSION, .propSize = 14, .pPropValue = 0x7ffe01aded48 (1.17.39395+14), .pPropSizeRet = nullptr) -> UR_RESULT_SUCCESS;
   ---> urPlatformGetInfo
   <--- urPlatformGetInfo(.hPlatform = 0x76ba810, .propName = UR_PLATFORM_INFO_BACKEND, .propSize = 4, .pPropValue = 0x7ffe01adef3c (UR_BACKEND_LEVEL_ZERO), .pPropSizeRet = nullptr) -> UR_RESULT_SUCCESS;
   ---> urDeviceGetInfo
   <--- urDeviceGetInfo(.hDevice = 0x76bc040, .propName = UR_DEVICE_INFO_TYPE, .propSize = 4, .pPropValue = 0x7ffe01adef34 (UR_DEVICE_TYPE_GPU), .pPropSizeRet = nullptr) -> UR_RESULT_SUCCESS;
   ---> urDeviceRelease
   <--- urDeviceRelease(.hDevice = 0x76bc040) -> UR_RESULT_SUCCESS;
   ---> urDeviceGetInfo
   <--- urDeviceGetInfo(.hDevice = 0x76bc040, .propName = UR_DEVICE_INFO_SUPPORTED_PARTITIONS, .propSize = 0, .pPropValue = nullptr, .pPropSizeRet = 0x7ffe01adef28 (0)) -> UR_RESULT_SUCCESS;
   ---> urDeviceGet
[2026-10-08 21:45:39.052] [thread-id: 139713508326592] [trace] zeDeviceGetRootDevice(hDevice, phRootDevice)
[2026-10-08 21:45:39.052] [thread-id: 139713508326592] [trace] SUCCESS (ZE_RESULT_SUCCESS) in zeDeviceGetRootDevice(hDevice=0x76a6f28, phRootDevice=0x7ffe01aded30)
   <--- urDeviceGet(.hPlatform = 0x76ba810, .DeviceType = UR_DEVICE_TYPE_GPU, .NumEntries = 0, .phDevices = nullptr, .pNumDevices = 0x7ffe01adf15c (1)) -> UR_RESULT_SUCCESS;
   ---> urDeviceGet
[2026-10-08 21:45:39.052] [thread-id: 139713508326592] [trace] zeDeviceGetRootDevice(hDevice, phRootDevice)
[2026-10-08 21:45:39.052] [thread-id: 139713508326592] [trace] SUCCESS (ZE_RESULT_SUCCESS) in zeDeviceGetRootDevice(hDevice=0x76a6f28, phRootDevice=0x7ffe01aded30)
   <--- urDeviceGet(.hPlatform = 0x76ba810, .DeviceType = UR_DEVICE_TYPE_GPU, .NumEntries = 1, .phDevices = 0x76bcd20 {0x76bc040}, .pNumDevices = nullptr) -> UR_RESULT_SUCCESS;
   ---> urPlatformGetInfo
   <--- urPlatformGetInfo(.hPlatform = 0x76ba810, .propName = UR_PLATFORM_INFO_VERSION, .propSize = 0, .pPropValue = nullptr, .pPropSizeRet = 0x7ffe01aded30 (5)) -> UR_RESULT_SUCCESS;
   ---> urPlatformGetInfo
   <--- urPlatformGetInfo(.hPlatform = 0x76ba810, .propName = UR_PLATFORM_INFO_VERSION, .propSize = 5, .pPropValue = 0x7ffe01adee98 (1.17), .pPropSizeRet = nullptr) -> UR_RESULT_SUCCESS;
   ---> urPlatformGetInfo
   <--- urPlatformGetInfo(.hPlatform = 0x76ba810, .propName = UR_PLATFORM_INFO_NAME, .propSize = 0, .pPropValue = nullptr, .pPropSizeRet = 0x7ffe01aded30 (51)) -> UR_RESULT_SUCCESS;
   ---> urPlatformGetInfo
   <--- urPlatformGetInfo(.hPlatform = 0x76ba810, .propName = UR_PLATFORM_INFO_NAME, .propSize = 51, .pPropValue = 0x76bcc30 (Intel(R) oneAPI Unified Runtime over Level-Zero V2), .pPropSizeRet = nullptr) -> UR_RESULT_SUCCESS;
   ---> urDeviceGetInfo
   <--- urDeviceGetInfo(.hDevice = 0x76bc040, .propName = UR_DEVICE_INFO_TYPE, .propSize = 4, .pPropValue = 0x7ffe01adee0c (UR_DEVICE_TYPE_GPU), .pPropSizeRet = nullptr) -> UR_RESULT_SUCCESS;
   ---> urDeviceGetInfo
   <--- urDeviceGetInfo(.hDevice = 0x76bc040, .propName = UR_DEVICE_INFO_VENDOR_ID, .propSize = 4, .pPropValue = 0x7ffe01adee88 (32902), .pPropSizeRet = nullptr) -> UR_RESULT_SUCCESS;
   ---> urDeviceGetInfo
   <--- urDeviceGetInfo(.hDevice = 0x76bc040, .propName = UR_DEVICE_INFO_DRIVER_VERSION, .propSize = 0, .pPropValue = nullptr, .pPropSizeRet = 0x7ffe01aded30 (14)) -> UR_RESULT_SUCCESS;
   ---> urDeviceGetInfo
   <--- urDeviceGetInfo(.hDevice = 0x76bc040, .propName = UR_DEVICE_INFO_DRIVER_VERSION, .propSize = 14, .pPropValue = 0x7ffe01adee58 (1.17.39395+14), .pPropSizeRet = nullptr) -> UR_RESULT_SUCCESS;
   ---> urPlatformGetInfo
   <--- urPlatformGetInfo(.hPlatform = 0x76ba810, .propName = UR_PLATFORM_INFO_BACKEND, .propSize = 4, .pPropValue = 0x7ffe01adf04c (UR_BACKEND_LEVEL_ZERO), .pPropSizeRet = nullptr) -> UR_RESULT_SUCCESS;
   ---> urDeviceGetInfo
   <--- urDeviceGetInfo(.hDevice = 0x76bc040, .propName = UR_DEVICE_INFO_TYPE, .propSize = 4, .pPropValue = 0x7ffe01adf044 (UR_DEVICE_TYPE_GPU), .pPropSizeRet = nullptr) -> UR_RESULT_SUCCESS;
   ---> urDeviceRelease
   <--- urDeviceRelease(.hDevice = 0x76bc040) -> UR_RESULT_SUCCESS;
   ---> urDeviceGetInfo
   <--- urDeviceGetInfo(.hDevice = 0x76bc040, .propName = UR_DEVICE_INFO_SUPPORTED_PARTITIONS, .propSize = 0, .pPropValue = nullptr, .pPropSizeRet = 0x7ffe01adf038 (0)) -> UR_RESULT_SUCCESS;
   ---> urDeviceGetInfo
[2026-10-08 21:45:39.052] [thread-id: 139713508326592] [trace] zeDevicePciGetPropertiesExt(hDevice, pPciProperties)
[2026-10-08 21:45:39.052] [thread-id: 139713508326592] [trace] SUCCESS (ZE_RESULT_SUCCESS) in zeDevicePciGetPropertiesExt(hDevice=0x76a6f28, pPciProperties={stype=0x7ffe01aded00, address={domain=0, bus=5, device=0, function=0}, maxSpeed={genVersion=4, width=8, maxBandwidth=15753846153}})
   <--- urDeviceGetInfo(.hDevice = 0x76bc040, .propName = UR_DEVICE_INFO_PCI_ADDRESS, .propSize = 0, .pPropValue = nullptr, .pPropSizeRet = 0x7ffe01adf178 (13)) -> UR_RESULT_SUCCESS;
   ---> urDeviceGetInfo
[2026-10-08 21:45:39.052] [thread-id: 139713508326592] [trace] zeDevicePciGetPropertiesExt(hDevice, pPciProperties)
[2026-10-08 21:45:39.052] [thread-id: 139713508326592] [trace] SUCCESS (ZE_RESULT_SUCCESS) in zeDevicePciGetPropertiesExt(hDevice=0x76a6f28, pPciProperties={stype=0x7ffe01adee10, address={domain=0, bus=5, device=0, function=0}, maxSpeed={genVersion=4, width=8, maxBandwidth=15753846153}})
   <--- urDeviceGetInfo(.hDevice = 0x76bc040, .propName = UR_DEVICE_INFO_PCI_ADDRESS, .propSize = 0, .pPropValue = nullptr, .pPropSizeRet = 0x7ffe01adf280 (13)) -> UR_RESULT_SUCCESS;
   ---> urDeviceGetInfo
[2026-10-08 21:45:39.052] [thread-id: 139713508326592] [trace] zeDevicePciGetPropertiesExt(hDevice, pPciProperties)
[2026-10-08 21:45:39.052] [thread-id: 139713508326592] [trace] SUCCESS (ZE_RESULT_SUCCESS) in zeDevicePciGetPropertiesExt(hDevice=0x76a6f28, pPciProperties={stype=0x7ffe01adee10, address={domain=0, bus=5, device=0, function=0}, maxSpeed={genVersion=4, width=8, maxBandwidth=15753846153}})
   <--- urDeviceGetInfo(.hDevice = 0x76bc040, .propName = UR_DEVICE_INFO_PCI_ADDRESS, .propSize = 13, .pPropValue = 0x7ffe01adf2d0 (0000:05:00.0), .pPropSizeRet = nullptr) -> UR_RESULT_SUCCESS;
   ---> urDeviceGet
[2026-10-08 21:45:39.052] [thread-id: 139713508326592] [trace] zeDeviceGetRootDevice(hDevice, phRootDevice)
[2026-10-08 21:45:39.052] [thread-id: 139713508326592] [trace] SUCCESS (ZE_RESULT_SUCCESS) in zeDeviceGetRootDevice(hDevice=0x76a6f28, phRootDevice=0x7ffe01adec30)
   <--- urDeviceGet(.hPlatform = 0x76ba810, .DeviceType = UR_DEVICE_TYPE_ALL, .NumEntries = 0, .phDevices = nullptr, .pNumDevices = 0x7ffe01adf05c (1)) -> UR_RESULT_SUCCESS;
   ---> urDeviceGet
[2026-10-08 21:45:39.052] [thread-id: 139713508326592] [trace] zeDeviceGetRootDevice(hDevice, phRootDevice)
[2026-10-08 21:45:39.052] [thread-id: 139713508326592] [trace] SUCCESS (ZE_RESULT_SUCCESS) in zeDeviceGetRootDevice(hDevice=0x76a6f28, phRootDevice=0x7ffe01adec30)
   <--- urDeviceGet(.hPlatform = 0x76ba810, .DeviceType = UR_DEVICE_TYPE_ALL, .NumEntries = 1, .phDevices = 0x76bcd40 {0x76bc040}, .pNumDevices = nullptr) -> UR_RESULT_SUCCESS;
   ---> urPlatformGetInfo
   <--- urPlatformGetInfo(.hPlatform = 0x76ba810, .propName = UR_PLATFORM_INFO_VERSION, .propSize = 0, .pPropValue = nullptr, .pPropSizeRet = 0x7ffe01adec30 (5)) -> UR_RESULT_SUCCESS;
   ---> urPlatformGetInfo
   <--- urPlatformGetInfo(.hPlatform = 0x76ba810, .propName = UR_PLATFORM_INFO_VERSION, .propSize = 5, .pPropValue = 0x7ffe01aded98 (1.17), .pPropSizeRet = nullptr) -> UR_RESULT_SUCCESS;
   ---> urPlatformGetInfo
   <--- urPlatformGetInfo(.hPlatform = 0x76ba810, .propName = UR_PLATFORM_INFO_NAME, .propSize = 0, .pPropValue = nullptr, .pPropSizeRet = 0x7ffe01adec30 (51)) -> UR_RESULT_SUCCESS;
   ---> urPlatformGetInfo
   <--- urPlatformGetInfo(.hPlatform = 0x76ba810, .propName = UR_PLATFORM_INFO_NAME, .propSize = 51, .pPropValue = 0x76bcc30 (Intel(R) oneAPI Unified Runtime over Level-Zero V2), .pPropSizeRet = nullptr) -> UR_RESULT_SUCCESS;
   ---> urDeviceGetInfo
   <--- urDeviceGetInfo(.hDevice = 0x76bc040, .propName = UR_DEVICE_INFO_TYPE, .propSize = 4, .pPropValue = 0x7ffe01aded0c (UR_DEVICE_TYPE_GPU), .pPropSizeRet = nullptr) -> UR_RESULT_SUCCESS;
   ---> urDeviceGetInfo
   <--- urDeviceGetInfo(.hDevice = 0x76bc040, .propName = UR_DEVICE_INFO_VENDOR_ID, .propSize = 4, .pPropValue = 0x7ffe01aded88 (32902), .pPropSizeRet = nullptr) -> UR_RESULT_SUCCESS;
   ---> urDeviceGetInfo
   <--- urDeviceGetInfo(.hDevice = 0x76bc040, .propName = UR_DEVICE_INFO_DRIVER_VERSION, .propSize = 0, .pPropValue = nullptr, .pPropSizeRet = 0x7ffe01adec30 (14)) -> UR_RESULT_SUCCESS;
   ---> urDeviceGetInfo
   <--- urDeviceGetInfo(.hDevice = 0x76bc040, .propName = UR_DEVICE_INFO_DRIVER_VERSION, .propSize = 14, .pPropValue = 0x7ffe01aded58 (1.17.39395+14), .pPropSizeRet = nullptr) -> UR_RESULT_SUCCESS;
   ---> urPlatformGetInfo
   <--- urPlatformGetInfo(.hPlatform = 0x76ba810, .propName = UR_PLATFORM_INFO_BACKEND, .propSize = 4, .pPropValue = 0x7ffe01adef4c (UR_BACKEND_LEVEL_ZERO), .pPropSizeRet = nullptr) -> UR_RESULT_SUCCESS;
   ---> urDeviceGetInfo
   <--- urDeviceGetInfo(.hDevice = 0x76bc040, .propName = UR_DEVICE_INFO_TYPE, .propSize = 4, .pPropValue = 0x7ffe01adef44 (UR_DEVICE_TYPE_GPU), .pPropSizeRet = nullptr) -> UR_RESULT_SUCCESS;
   ---> urDeviceRelease
   <--- urDeviceRelease(.hDevice = 0x76bc040) -> UR_RESULT_SUCCESS;
   ---> urDeviceGetInfo
   <--- urDeviceGetInfo(.hDevice = 0x76bc040, .propName = UR_DEVICE_INFO_SUPPORTED_PARTITIONS, .propSize = 0, .pPropValue = nullptr, .pPropSizeRet = 0x7ffe01adef38 (0)) -> UR_RESULT_SUCCESS;
   ---> urDeviceGetInfo
[2026-10-08 21:45:39.052] [thread-id: 139713508326592] [trace] zeDeviceGetSubDevices(hDevice, pCount, phSubdevices)
[2026-10-08 21:45:39.052] [thread-id: 139713508326592] [trace] SUCCESS (ZE_RESULT_SUCCESS) in zeDeviceGetSubDevices(hDevice=0x76a6f28, pCount=0, phSubdevices=nullptr)
   <--- urDeviceGetInfo(.hDevice = 0x76bc040, .propName = UR_DEVICE_INFO_COMPONENT_DEVICES, .propSize = 0, .pPropValue = nullptr, .pPropSizeRet = 0x7ffe01aded50 (0)) -> UR_RESULT_SUCCESS;
   ---> urContextCreate
[2026-10-08 21:45:39.052] [thread-id: 139713508326592] [trace] zeContextCreate(hDriver, desc, phContext)
[2026-10-08 21:45:39.052] [thread-id: 139713508326592] [trace] SUCCESS (ZE_RESULT_SUCCESS) in zeContextCreate(hDriver=0x76a69c8, desc={stype=0x7ffe01adec80, flags=0}, phContext=0x76bd738)
[2026-10-08 21:45:39.052] [thread-id: 139713508326592] [trace] zeMemAllocHost(hContext, host_desc, size, alignment, pptr)
[2026-10-08 21:45:39.053] [thread-id: 139713508326592] [trace] SUCCESS (ZE_RESULT_SUCCESS) in zeMemAllocHost(hContext=0x76bd738, host_desc={stype=0x7ffe01ade700, flags=0}, size=1, alignment=0, pptr=0x7f11839ffe00)
[2026-10-08 21:45:39.053] [thread-id: 139713508326592] [trace] zeMemGetAllocProperties(hContext, ptr, pMemAllocProperties, phDevice)
[2026-10-08 21:45:39.053] [thread-id: 139713508326592] [trace] SUCCESS (ZE_RESULT_SUCCESS) in zeMemGetAllocProperties(hContext=0x76bd738, ptr=0x7f11839ffe00, pMemAllocProperties={stype=0x7ffe01ade700, type=0x7ffe01ade710, id=1, pageSize=2097152}, phDevice=nullptr)
[2026-10-08 21:45:39.053] [thread-id: 139713508326592] [trace] zeMemFreeExt(hContext, pMemFreeDesc, ptr)
[2026-10-08 21:45:39.053] [thread-id: 139713508326592] [trace] SUCCESS (ZE_RESULT_SUCCESS) in zeMemFreeExt(hContext=0x76bd738, pMemFreeDesc={stype=0x7ffe01ade6e0, freePolicy=1}, ptr=0x7f11839ffe00)
[2026-10-08 21:45:39.053] [thread-id: 139713508326592] [trace] zeDeviceGetProperties(hDevice, pDeviceProperties)
[2026-10-08 21:45:39.053] [thread-id: 139713508326592] [trace] SUCCESS (ZE_RESULT_SUCCESS) in zeDeviceGetProperties(hDevice=0x76a6f28, pDeviceProperties={stype=0x7f1183dbd068, type=0x7f1183dbd078, vendorId=32902, deviceId=57868, flags=8, subdeviceId=0, coreClockRate=2750, maxMemAllocSize=10132807680, maxHardwareContexts=65536, maxCommandQueuePriority=0, numThreadsPerEU=8, physicalEUSimdWidth=16, numEUsPerSubslice=8, numSubslicesPerSlice=4, numSlices=5, timerResolution=52, timestampValidBits=64, kernelTimestampValidBits=64, uuid={id=134}, name="Intel(R) Arc(TM) B570 Graphics"})
[2026-10-08 21:45:39.053] [thread-id: 139713508326592] [trace] zeMemAllocDevice(hContext, device_desc, size, alignment, hDevice, pptr)
[2026-10-08 21:45:39.053] [thread-id: 139713508326592] [trace] SUCCESS (ZE_RESULT_SUCCESS) in zeMemAllocDevice(hContext=0x76bd738, device_desc={stype=0x7ffe01ade6c0, flags=0, ordinal=0}, size=1, alignment=0, hDevice=0x76a6f28, pptr=0xffffffffff9ffe00)
[2026-10-08 21:45:39.053] [thread-id: 139713508326592] [trace] zeContextMakeMemoryResident(hContext, hDevice, ptr, size)
[2026-10-08 21:45:39.053] [thread-id: 139713508326592] [trace] SUCCESS (ZE_RESULT_SUCCESS) in zeContextMakeMemoryResident(hContext=0x76bd738, hDevice=0x76a6f28, ptr=0xffffffffff9ffe00, size=1)
[2026-10-08 21:45:39.053] [thread-id: 139713508326592] [trace] zeMemGetAllocProperties(hContext, ptr, pMemAllocProperties, phDevice)
[2026-10-08 21:45:39.053] [thread-id: 139713508326592] [trace] SUCCESS (ZE_RESULT_SUCCESS) in zeMemGetAllocProperties(hContext=0x76bd738, ptr=0xffffffffff9ffe00, pMemAllocProperties={stype=0x7ffe01ade700, type=0x7ffe01ade710, id=3, pageSize=65536}, phDevice=nullptr)
[2026-10-08 21:45:39.053] [thread-id: 139713508326592] [trace] zeMemFreeExt(hContext, pMemFreeDesc, ptr)
[2026-10-08 21:45:39.054] [thread-id: 139713508326592] [trace] SUCCESS (ZE_RESULT_SUCCESS) in zeMemFreeExt(hContext=0x76bd738, pMemFreeDesc={stype=0x7ffe01ade6e0, freePolicy=1}, ptr=0xffffffffff9ffe00)
[2026-10-08 21:45:39.054] [thread-id: 139713508326592] [trace] zeDeviceGetProperties(hDevice, pDeviceProperties)
[2026-10-08 21:45:39.054] [thread-id: 139713508326592] [trace] SUCCESS (ZE_RESULT_SUCCESS) in zeDeviceGetProperties(hDevice=0x76a6f28, pDeviceProperties={stype=0x7f1183db5068, type=0x7f1183db5078, vendorId=32902, deviceId=57868, flags=8, subdeviceId=0, coreClockRate=2750, maxMemAllocSize=10132807680, maxHardwareContexts=65536, maxCommandQueuePriority=0, numThreadsPerEU=8, physicalEUSimdWidth=16, numEUsPerSubslice=8, numSubslicesPerSlice=4, numSlices=5, timerResolution=52, timestampValidBits=64, kernelTimestampValidBits=64, uuid={id=134}, name="Intel(R) Arc(TM) B570 Graphics"})
[2026-10-08 21:45:39.054] [thread-id: 139713508326592] [trace] zeMemAllocShared(hContext, device_desc, host_desc, size, alignment, hDevice, pptr)
[2026-10-08 21:45:39.054] [thread-id: 139713508326592] [trace] SUCCESS (ZE_RESULT_SUCCESS) in zeMemAllocShared(hContext=0x76bd738, device_desc={stype=0x7ffe01ade700, flags=0, ordinal=0}, host_desc={stype=0x7ffe01ade6e0, flags=0}, size=1, alignment=0, hDevice=0x76a6f28, pptr=0x7f1183a40000)
[2026-10-08 21:45:39.054] [thread-id: 139713508326592] [trace] zeMemGetAllocProperties(hContext, ptr, pMemAllocProperties, phDevice)
[2026-10-08 21:45:39.054] [thread-id: 139713508326592] [trace] SUCCESS (ZE_RESULT_SUCCESS) in zeMemGetAllocProperties(hContext=0x76bd738, ptr=0x7f1183a40000, pMemAllocProperties={stype=0x7ffe01ade700, type=0x7ffe01ade710, id=5, pageSize=65536}, phDevice=nullptr)
[2026-10-08 21:45:39.054] [thread-id: 139713508326592] [trace] zeMemFreeExt(hContext, pMemFreeDesc, ptr)
[2026-10-08 21:45:39.054] [thread-id: 139713508326592] [trace] SUCCESS (ZE_RESULT_SUCCESS) in zeMemFreeExt(hContext=0x76bd738, pMemFreeDesc={stype=0x7ffe01ade6e0, freePolicy=1}, ptr=0x7f1183a40000)
[2026-10-08 21:45:39.054] [thread-id: 139713508326592] [trace] zeDeviceGetProperties(hDevice, pDeviceProperties)
[2026-10-08 21:45:39.054] [thread-id: 139713508326592] [trace] SUCCESS (ZE_RESULT_SUCCESS) in zeDeviceGetProperties(hDevice=0x76a6f28, pDeviceProperties={stype=0x7f1183a47068, type=0x7f1183a47078, vendorId=32902, deviceId=57868, flags=8, subdeviceId=0, coreClockRate=2750, maxMemAllocSize=10132807680, maxHardwareContexts=65536, maxCommandQueuePriority=0, numThreadsPerEU=8, physicalEUSimdWidth=16, numEUsPerSubslice=8, numSubslicesPerSlice=4, numSlices=5, timerResolution=52, timestampValidBits=64, kernelTimestampValidBits=64, uuid={id=134}, name="Intel(R) Arc(TM) B570 Graphics"})
[2026-10-08 21:45:39.054] [thread-id: 139713508326592] [trace] zeMemAllocShared(hContext, device_desc, host_desc, size, alignment, hDevice, pptr)
[2026-10-08 21:45:39.054] [thread-id: 139713508326592] [trace] SUCCESS (ZE_RESULT_SUCCESS) in zeMemAllocShared(hContext=0x76bd738, device_desc={stype=0x7ffe01ade700, flags=0, ordinal=0}, host_desc={stype=0x7ffe01ade6e0, flags=0}, size=1, alignment=0, hDevice=0x76a6f28, pptr=0x7f1183a30000)
[2026-10-08 21:45:39.055] [thread-id: 139713508326592] [trace] zeMemGetAllocProperties(hContext, ptr, pMemAllocProperties, phDevice)
[2026-10-08 21:45:39.055] [thread-id: 139713508326592] [trace] SUCCESS (ZE_RESULT_SUCCESS) in zeMemGetAllocProperties(hContext=0x76bd738, ptr=0x7f1183a30000, pMemAllocProperties={stype=0x7ffe01ade700, type=0x7ffe01ade710, id=6, pageSize=65536}, phDevice=nullptr)
[2026-10-08 21:45:39.055] [thread-id: 139713508326592] [trace] zeMemFreeExt(hContext, pMemFreeDesc, ptr)
[2026-10-08 21:45:39.055] [thread-id: 139713508326592] [trace] SUCCESS (ZE_RESULT_SUCCESS) in zeMemFreeExt(hContext=0x76bd738, pMemFreeDesc={stype=0x7ffe01ade6e0, freePolicy=1}, ptr=0x7f1183a30000)
[2026-10-08 21:45:39.055] [thread-id: 139713508326592] [trace] zeMemAllocHost(hContext, host_desc, size, alignment, pptr)
[2026-10-08 21:45:39.055] [thread-id: 139713508326592] [trace] SUCCESS (ZE_RESULT_SUCCESS) in zeMemAllocHost(hContext=0x76bd738, host_desc={stype=0x7ffe01ade700, flags=0}, size=1, alignment=0, pptr=0x7f11839ffe00)
[2026-10-08 21:45:39.055] [thread-id: 139713508326592] [trace] zeMemGetAllocProperties(hContext, ptr, pMemAllocProperties, phDevice)
[2026-10-08 21:45:39.055] [thread-id: 139713508326592] [trace] SUCCESS (ZE_RESULT_SUCCESS) in zeMemGetAllocProperties(hContext=0x76bd738, ptr=0x7f11839ffe00, pMemAllocProperties={stype=0x7ffe01ade700, type=0x7ffe01ade710, id=1, pageSize=2097152}, phDevice=nullptr)
[2026-10-08 21:45:39.055] [thread-id: 139713508326592] [trace] zeMemFreeExt(hContext, pMemFreeDesc, ptr)
[2026-10-08 21:45:39.055] [thread-id: 139713508326592] [trace] SUCCESS (ZE_RESULT_SUCCESS) in zeMemFreeExt(hContext=0x76bd738, pMemFreeDesc={stype=0x7ffe01ade6e0, freePolicy=1}, ptr=0x7f11839ffe00)
[2026-10-08 21:45:39.055] [thread-id: 139713508326592] [trace] zeDeviceGetProperties(hDevice, pDeviceProperties)
[2026-10-08 21:45:39.055] [thread-id: 139713508326592] [trace] SUCCESS (ZE_RESULT_SUCCESS) in zeDeviceGetProperties(hDevice=0x76a6f28, pDeviceProperties={stype=0x7f1183a3f068, type=0x7f1183a3f078, vendorId=32902, deviceId=57868, flags=8, subdeviceId=0, coreClockRate=2750, maxMemAllocSize=10132807680, maxHardwareContexts=65536, maxCommandQueuePriority=0, numThreadsPerEU=8, physicalEUSimdWidth=16, numEUsPerSubslice=8, numSubslicesPerSlice=4, numSlices=5, timerResolution=52, timestampValidBits=64, kernelTimestampValidBits=64, uuid={id=134}, name="Intel(R) Arc(TM) B570 Graphics"})
[2026-10-08 21:45:39.055] [thread-id: 139713508326592] [trace] zeMemAllocDevice(hContext, device_desc, size, alignment, hDevice, pptr)
[2026-10-08 21:45:39.055] [thread-id: 139713508326592] [trace] SUCCESS (ZE_RESULT_SUCCESS) in zeMemAllocDevice(hContext=0x76bd738, device_desc={stype=0x7ffe01ade6c0, flags=0, ordinal=0}, size=1, alignment=0, hDevice=0x76a6f28, pptr=0xffffffffff9ffe00)
[2026-10-08 21:45:39.055] [thread-id: 139713508326592] [trace] zeContextMakeMemoryResident(hContext, hDevice, ptr, size)
[2026-10-08 21:45:39.055] [thread-id: 139713508326592] [trace] SUCCESS (ZE_RESULT_SUCCESS) in zeContextMakeMemoryResident(hContext=0x76bd738, hDevice=0x76a6f28, ptr=0xffffffffff9ffe00, size=1)
[2026-10-08 21:45:39.055] [thread-id: 139713508326592] [trace] zeMemGetAllocProperties(hContext, ptr, pMemAllocProperties, phDevice)
[2026-10-08 21:45:39.055] [thread-id: 139713508326592] [trace] SUCCESS (ZE_RESULT_SUCCESS) in zeMemGetAllocProperties(hContext=0x76bd738, ptr=0xffffffffff9ffe00, pMemAllocProperties={stype=0x7ffe01ade700, type=0x7ffe01ade710, id=3, pageSize=65536}, phDevice=nullptr)
[2026-10-08 21:45:39.055] [thread-id: 139713508326592] [trace] zeMemFreeExt(hContext, pMemFreeDesc, ptr)
[2026-10-08 21:45:39.055] [thread-id: 139713508326592] [trace] SUCCESS (ZE_RESULT_SUCCESS) in zeMemFreeExt(hContext=0x76bd738, pMemFreeDesc={stype=0x7ffe01ade6e0, freePolicy=1}, ptr=0xffffffffff9ffe00)
[2026-10-08 21:45:39.055] [thread-id: 139713508326592] [trace] zeDeviceGetProperties(hDevice, pDeviceProperties)
[2026-10-08 21:45:39.055] [thread-id: 139713508326592] [trace] SUCCESS (ZE_RESULT_SUCCESS) in zeDeviceGetProperties(hDevice=0x76a6f28, pDeviceProperties={stype=0x7f1183a32068, type=0x7f1183a32078, vendorId=32902, deviceId=57868, flags=8, subdeviceId=0, coreClockRate=2750, maxMemAllocSize=10132807680, maxHardwareContexts=65536, maxCommandQueuePriority=0, numThreadsPerEU=8, physicalEUSimdWidth=16, numEUsPerSubslice=8, numSubslicesPerSlice=4, numSlices=5, timerResolution=52, timestampValidBits=64, kernelTimestampValidBits=64, uuid={id=134}, name="Intel(R) Arc(TM) B570 Graphics"})
[2026-10-08 21:45:39.055] [thread-id: 139713508326592] [trace] zeMemAllocShared(hContext, device_desc, host_desc, size, alignment, hDevice, pptr)
[2026-10-08 21:45:39.056] [thread-id: 139713508326592] [trace] SUCCESS (ZE_RESULT_SUCCESS) in zeMemAllocShared(hContext=0x76bd738, device_desc={stype=0x7ffe01ade700, flags=0, ordinal=0}, host_desc={stype=0x7ffe01ade6e0, flags=0}, size=1, alignment=0, hDevice=0x76a6f28, pptr=0x7f1183a20000)
[2026-10-08 21:45:39.056] [thread-id: 139713508326592] [trace] zeMemGetAllocProperties(hContext, ptr, pMemAllocProperties, phDevice)
[2026-10-08 21:45:39.056] [thread-id: 139713508326592] [trace] SUCCESS (ZE_RESULT_SUCCESS) in zeMemGetAllocProperties(hContext=0x76bd738, ptr=0x7f1183a20000, pMemAllocProperties={stype=0x7ffe01ade700, type=0x7ffe01ade710, id=9, pageSize=65536}, phDevice=nullptr)
[2026-10-08 21:45:39.056] [thread-id: 139713508326592] [trace] zeMemFreeExt(hContext, pMemFreeDesc, ptr)
[2026-10-08 21:45:39.056] [thread-id: 139713508326592] [trace] SUCCESS (ZE_RESULT_SUCCESS) in zeMemFreeExt(hContext=0x76bd738, pMemFreeDesc={stype=0x7ffe01ade6e0, freePolicy=1}, ptr=0x7f1183a20000)
[2026-10-08 21:45:39.056] [thread-id: 139713508326592] [trace] zeDeviceGetProperties(hDevice, pDeviceProperties)
[2026-10-08 21:45:39.056] [thread-id: 139713508326592] [trace] SUCCESS (ZE_RESULT_SUCCESS) in zeDeviceGetProperties(hDevice=0x76a6f28, pDeviceProperties={stype=0x7f1183a2e068, type=0x7f1183a2e078, vendorId=32902, deviceId=57868, flags=8, subdeviceId=0, coreClockRate=2750, maxMemAllocSize=10132807680, maxHardwareContexts=65536, maxCommandQueuePriority=0, numThreadsPerEU=8, physicalEUSimdWidth=16, numEUsPerSubslice=8, numSubslicesPerSlice=4, numSlices=5, timerResolution=52, timestampValidBits=64, kernelTimestampValidBits=64, uuid={id=134}, name="Intel(R) Arc(TM) B570 Graphics"})
[2026-10-08 21:45:39.056] [thread-id: 139713508326592] [trace] zeMemAllocShared(hContext, device_desc, host_desc, size, alignment, hDevice, pptr)
[2026-10-08 21:45:39.056] [thread-id: 139713508326592] [trace] SUCCESS (ZE_RESULT_SUCCESS) in zeMemAllocShared(hContext=0x76bd738, device_desc={stype=0x7ffe01ade700, flags=0, ordinal=0}, host_desc={stype=0x7ffe01ade6e0, flags=0}, size=1, alignment=0, hDevice=0x76a6f28, pptr=0x7f1183a10000)
[2026-10-08 21:45:39.056] [thread-id: 139713508326592] [trace] zeMemGetAllocProperties(hContext, ptr, pMemAllocProperties, phDevice)
[2026-10-08 21:45:39.056] [thread-id: 139713508326592] [trace] SUCCESS (ZE_RESULT_SUCCESS) in zeMemGetAllocProperties(hContext=0x76bd738, ptr=0x7f1183a10000, pMemAllocProperties={stype=0x7ffe01ade700, type=0x7ffe01ade710, id=10, pageSize=65536}, phDevice=nullptr)
[2026-10-08 21:45:39.056] [thread-id: 139713508326592] [trace] zeMemFreeExt(hContext, pMemFreeDesc, ptr)
[2026-10-08 21:45:39.056] [thread-id: 139713508326592] [trace] SUCCESS (ZE_RESULT_SUCCESS) in zeMemFreeExt(hContext=0x76bd738, pMemFreeDesc={stype=0x7ffe01ade6e0, freePolicy=1}, ptr=0x7f1183a10000)
   <--- urContextCreate(.DeviceCount = 1, .phDevices = 0x76bcce0 {0x76bc040}, .pProperties = nullptr, .phContext = 0x76bed70 (0x76c0dd0)) -> UR_RESULT_SUCCESS;
   ---> urQueueCreate
<LEVEL_ZERO>[INFO]: Copy offload is disabled by the environment variable.
<LEVEL_ZERO>[DEBUG]: create command list ordinal: 0, type: immediate, device: 0x76a6f28, inOrder: 1
[2026-10-08 21:45:39.056] [thread-id: 139713508326592] [trace] zeCommandListCreateImmediate(hContext, hDevice, altdesc, phCommandList)
[2026-10-08 21:45:39.058] [thread-id: 139713508326592] [trace] SUCCESS (ZE_RESULT_SUCCESS) in zeCommandListCreateImmediate(hContext=0x76bd738, hDevice=0x76a6f28, altdesc={stype=0x7ffe01adec00, ordinal=0, index=0, flags=2, mode=0x7ffe01adec1c, priority=0x7ffe01adec20}, phCommandList=0x76c4f08)
[2026-10-08 21:45:39.058] [thread-id: 139713508326592] [trace] zeDriverGetExtensionFunctionAddress(hDriver, name, ppFunctionAddress)
[2026-10-08 21:45:39.058] [thread-id: 139713508326592] [trace] SUCCESS (ZE_RESULT_SUCCESS) in zeDriverGetExtensionFunctionAddress(hDriver=0x76a69c8, name="zexCounterBasedEventCreate2", ppFunctionAddress=0x7f1191f08c00)
   <--- urQueueCreate(.hContext = 0x76c0dd0, .hDevice = 0x76bc040, .pProperties = 0x7ffe01adf1e0 ((struct ur_queue_properties_t){.stype = UR_STRUCTURE_TYPE_QUEUE_PROPERTIES, .pNext = nullptr, .flags = 0}), .phQueue = 0x7ffe01adf1f8 (0x76c4150)) -> UR_RESULT_SUCCESS;
   ---> urDeviceGetInfo
[2026-10-08 21:45:39.058] [thread-id: 139713508326592] [trace] zeDeviceGetMemoryAccessProperties(hDevice, pMemAccessProperties)
[2026-10-08 21:45:39.058] [thread-id: 139713508326592] [trace] SUCCESS (ZE_RESULT_SUCCESS) in zeDeviceGetMemoryAccessProperties(hDevice=0x76a6f28, pMemAccessProperties={stype=0x76bc420, hostAllocCapabilities=3, deviceAllocCapabilities=3, sharedSingleDeviceAllocCapabilities=3, sharedCrossDeviceAllocCapabilities=0, sharedSystemAllocCapabilities=15})
   <--- urDeviceGetInfo(.hDevice = 0x76bc040, .propName = UR_DEVICE_INFO_USM_DEVICE_SUPPORT, .propSize = 4, .pPropValue = 0x7ffe01adf044 (UR_DEVICE_USM_ACCESS_CAPABILITY_FLAG_ACCESS | UR_DEVICE_USM_ACCESS_CAPABILITY_FLAG_ATOMIC_ACCESS), .pPropSizeRet = nullptr) -> UR_RESULT_SUCCESS;
   ---> urUSMDeviceAlloc
[2026-10-08 21:45:39.058] [thread-id: 139713508326592] [trace] zeMemAllocDevice(hContext, device_desc, size, alignment, hDevice, pptr)
[2026-10-08 21:45:39.058] [thread-id: 139713508326592] [trace] SUCCESS (ZE_RESULT_SUCCESS) in zeMemAllocDevice(hContext=0x76bd738, device_desc={stype=0x7ffe01adec50, flags=0, ordinal=0}, size=65536, alignment=0, hDevice=0x76a6f28, pptr=0xffffffffff600000)
[2026-10-08 21:45:39.058] [thread-id: 139713508326592] [trace] zeContextMakeMemoryResident(hContext, hDevice, ptr, size)
[2026-10-08 21:45:39.058] [thread-id: 139713508326592] [trace] SUCCESS (ZE_RESULT_SUCCESS) in zeContextMakeMemoryResident(hContext=0x76bd738, hDevice=0x76a6f28, ptr=0xffffffffff600000, size=65536)
   <--- urUSMDeviceAlloc(.hContext = 0x76c0dd0, .hDevice = 0x76bc040, .pUSMDesc = 0x7ffe01adf1b0 ((struct ur_usm_desc_t){.stype = UR_STRUCTURE_TYPE_CONTEXT_PROPERTIES, .pNext = nullptr, .hints = 0, .align = 4}), .pool = nullptr, .size = 65536, .ppMem = 0x7ffe01adf1c8 (0xffffffffff600000)) -> UR_RESULT_SUCCESS;
   ---> urEnqueueUSMMemcpy
<LEVEL_ZERO>[DEBUG]: ze_event_pool_desc_t flags set to: 1
[2026-10-08 21:45:39.059] [thread-id: 139713508326592] [trace] zexCounterBasedEventCreate2(hContext, hDevice, desc, phEvent)
[2026-10-08 21:45:39.059] [thread-id: 139713508326592] [trace] SUCCESS (ZE_RESULT_SUCCESS) in zexCounterBasedEventCreate2(hContext=0x76bd738, hDevice=0x76a6f28, desc=0x7ffe01adec00, phEvent=0x76f5c28)
<LEVEL_ZERO>[DEBUG]: ze_event_pool_desc_t flags set to: 1
[2026-10-08 21:45:39.059] [thread-id: 139713508326592] [trace] zexCounterBasedEventCreate2(hContext, hDevice, desc, phEvent)
[2026-10-08 21:45:39.059] [thread-id: 139713508326592] [trace] SUCCESS (ZE_RESULT_SUCCESS) in zexCounterBasedEventCreate2(hContext=0x76bd738, hDevice=0x76a6f28, desc=0x7ffe01adec00, phEvent=0x76f5f28)
<LEVEL_ZERO>[DEBUG]: ze_event_pool_desc_t flags set to: 1
[2026-10-08 21:45:39.059] [thread-id: 139713508326592] [trace] zexCounterBasedEventCreate2(hContext, hDevice, desc, phEvent)
[2026-10-08 21:45:39.059] [thread-id: 139713508326592] [trace] SUCCESS (ZE_RESULT_SUCCESS) in zexCounterBasedEventCreate2(hContext=0x76bd738, hDevice=0x76a6f28, desc=0x7ffe01adec00, phEvent=0x76f6648)
<LEVEL_ZERO>[DEBUG]: ze_event_pool_desc_t flags set to: 1
[2026-10-08 21:45:39.059] [thread-id: 139713508326592] [trace] zexCounterBasedEventCreate2(hContext, hDevice, desc, phEvent)
[2026-10-08 21:45:39.059] [thread-id: 139713508326592] [trace] SUCCESS (ZE_RESULT_SUCCESS) in zexCounterBasedEventCreate2(hContext=0x76bd738, hDevice=0x76a6f28, desc=0x7ffe01adec00, phEvent=0x76f6b88)
<LEVEL_ZERO>[DEBUG]: ze_event_pool_desc_t flags set to: 1
[2026-10-08 21:45:39.059] [thread-id: 139713508326592] [trace] zexCounterBasedEventCreate2(hContext, hDevice, desc, phEvent)
[2026-10-08 21:45:39.059] [thread-id: 139713508326592] [trace] SUCCESS (ZE_RESULT_SUCCESS) in zexCounterBasedEventCreate2(hContext=0x76bd738, hDevice=0x76a6f28, desc=0x7ffe01adec00, phEvent=0x76f7288)
<LEVEL_ZERO>[DEBUG]: ze_event_pool_desc_t flags set to: 1
[2026-10-08 21:45:39.059] [thread-id: 139713508326592] [trace] zexCounterBasedEventCreate2(hContext, hDevice, desc, phEvent)
[2026-10-08 21:45:39.059] [thread-id: 139713508326592] [trace] SUCCESS (ZE_RESULT_SUCCESS) in zexCounterBasedEventCreate2(hContext=0x76bd738, hDevice=0x76a6f28, desc=0x7ffe01adec00, phEvent=0x76f77e8)
<LEVEL_ZERO>[DEBUG]: ze_event_pool_desc_t flags set to: 1
[2026-10-08 21:45:39.059] [thread-id: 139713508326592] [trace] zexCounterBasedEventCreate2(hContext, hDevice, desc, phEvent)
[2026-10-08 21:45:39.059] [thread-id: 139713508326592] [trace] SUCCESS (ZE_RESULT_SUCCESS) in zexCounterBasedEventCreate2(hContext=0x76bd738, hDevice=0x76a6f28, desc=0x7ffe01adec00, phEvent=0x76f7ee8)
<LEVEL_ZERO>[DEBUG]: ze_event_pool_desc_t flags set to: 1
[2026-10-08 21:45:39.059] [thread-id: 139713508326592] [trace] zexCounterBasedEventCreate2(hContext, hDevice, desc, phEvent)
[2026-10-08 21:45:39.059] [thread-id: 139713508326592] [trace] SUCCESS (ZE_RESULT_SUCCESS) in zexCounterBasedEventCreate2(hContext=0x76bd738, hDevice=0x76a6f28, desc=0x7ffe01adec00, phEvent=0x76f83f8)
<LEVEL_ZERO>[DEBUG]: ze_event_pool_desc_t flags set to: 1
[2026-10-08 21:45:39.059] [thread-id: 139713508326592] [trace] zexCounterBasedEventCreate2(hContext, hDevice, desc, phEvent)
[2026-10-08 21:45:39.059] [thread-id: 139713508326592] [trace] SUCCESS (ZE_RESULT_SUCCESS) in zexCounterBasedEventCreate2(hContext=0x76bd738, hDevice=0x76a6f28, desc=0x7ffe01adec00, phEvent=0x76f8af8)
<LEVEL_ZERO>[DEBUG]: ze_event_pool_desc_t flags set to: 1
[2026-10-08 21:45:39.059] [thread-id: 139713508326592] [trace] zexCounterBasedEventCreate2(hContext, hDevice, desc, phEvent)
[2026-10-08 21:45:39.059] [thread-id: 139713508326592] [trace] SUCCESS (ZE_RESULT_SUCCESS) in zexCounterBasedEventCreate2(hContext=0x76bd738, hDevice=0x76a6f28, desc=0x7ffe01adec00, phEvent=0x76f9008)
<LEVEL_ZERO>[DEBUG]: ze_event_pool_desc_t flags set to: 1
[2026-10-08 21:45:39.059] [thread-id: 139713508326592] [trace] zexCounterBasedEventCreate2(hContext, hDevice, desc, phEvent)
[2026-10-08 21:45:39.059] [thread-id: 139713508326592] [trace] SUCCESS (ZE_RESULT_SUCCESS) in zexCounterBasedEventCreate2(hContext=0x76bd738, hDevice=0x76a6f28, desc=0x7ffe01adec00, phEvent=0x76f9708)
<LEVEL_ZERO>[DEBUG]: ze_event_pool_desc_t flags set to: 1
[2026-10-08 21:45:39.059] [thread-id: 139713508326592] [trace] zexCounterBasedEventCreate2(hContext, hDevice, desc, phEvent)
[2026-10-08 21:45:39.059] [thread-id: 139713508326592] [trace] SUCCESS (ZE_RESULT_SUCCESS) in zexCounterBasedEventCreate2(hContext=0x76bd738, hDevice=0x76a6f28, desc=0x7ffe01adec00, phEvent=0x76f9cb8)
<LEVEL_ZERO>[DEBUG]: ze_event_pool_desc_t flags set to: 1
[2026-10-08 21:45:39.059] [thread-id: 139713508326592] [trace] zexCounterBasedEventCreate2(hContext, hDevice, desc, phEvent)
[2026-10-08 21:45:39.059] [thread-id: 139713508326592] [trace] SUCCESS (ZE_RESULT_SUCCESS) in zexCounterBasedEventCreate2(hContext=0x76bd738, hDevice=0x76a6f28, desc=0x7ffe01adec00, phEvent=0x76fa3b8)
<LEVEL_ZERO>[DEBUG]: ze_event_pool_desc_t flags set to: 1
[2026-10-08 21:45:39.059] [thread-id: 139713508326592] [trace] zexCounterBasedEventCreate2(hContext, hDevice, desc, phEvent)
[2026-10-08 21:45:39.059] [thread-id: 139713508326592] [trace] SUCCESS (ZE_RESULT_SUCCESS) in zexCounterBasedEventCreate2(hContext=0x76bd738, hDevice=0x76a6f28, desc=0x7ffe01adec00, phEvent=0x76fa8c8)
<LEVEL_ZERO>[DEBUG]: ze_event_pool_desc_t flags set to: 1
[2026-10-08 21:45:39.059] [thread-id: 139713508326592] [trace] zexCounterBasedEventCreate2(hContext, hDevice, desc, phEvent)
[2026-10-08 21:45:39.059] [thread-id: 139713508326592] [trace] SUCCESS (ZE_RESULT_SUCCESS) in zexCounterBasedEventCreate2(hContext=0x76bd738, hDevice=0x76a6f28, desc=0x7ffe01adec00, phEvent=0x76fafc8)
<LEVEL_ZERO>[DEBUG]: ze_event_pool_desc_t flags set to: 1
[2026-10-08 21:45:39.059] [thread-id: 139713508326592] [trace] zexCounterBasedEventCreate2(hContext, hDevice, desc, phEvent)
[2026-10-08 21:45:39.059] [thread-id: 139713508326592] [trace] SUCCESS (ZE_RESULT_SUCCESS) in zexCounterBasedEventCreate2(hContext=0x76bd738, hDevice=0x76a6f28, desc=0x7ffe01adec00, phEvent=0x76fb4d8)
<LEVEL_ZERO>[DEBUG]: ze_event_pool_desc_t flags set to: 1
[2026-10-08 21:45:39.059] [thread-id: 139713508326592] [trace] zexCounterBasedEventCreate2(hContext, hDevice, desc, phEvent)
[2026-10-08 21:45:39.059] [thread-id: 139713508326592] [trace] SUCCESS (ZE_RESULT_SUCCESS) in zexCounterBasedEventCreate2(hContext=0x76bd738, hDevice=0x76a6f28, desc=0x7ffe01adec00, phEvent=0x76fbbd8)
<LEVEL_ZERO>[DEBUG]: ze_event_pool_desc_t flags set to: 1
[2026-10-08 21:45:39.059] [thread-id: 139713508326592] [trace] zexCounterBasedEventCreate2(hContext, hDevice, desc, phEvent)
[2026-10-08 21:45:39.059] [thread-id: 139713508326592] [trace] SUCCESS (ZE_RESULT_SUCCESS) in zexCounterBasedEventCreate2(hContext=0x76bd738, hDevice=0x76a6f28, desc=0x7ffe01adec00, phEvent=0x76fc0e8)
<LEVEL_ZERO>[DEBUG]: ze_event_pool_desc_t flags set to: 1
[2026-10-08 21:45:39.059] [thread-id: 139713508326592] [trace] zexCounterBasedEventCreate2(hContext, hDevice, desc, phEvent)
[2026-10-08 21:45:39.059] [thread-id: 139713508326592] [trace] SUCCESS (ZE_RESULT_SUCCESS) in zexCounterBasedEventCreate2(hContext=0x76bd738, hDevice=0x76a6f28, desc=0x7ffe01adec00, phEvent=0x76fc7e8)
<LEVEL_ZERO>[DEBUG]: ze_event_pool_desc_t flags set to: 1
[2026-10-08 21:45:39.059] [thread-id: 139713508326592] [trace] zexCounterBasedEventCreate2(hContext, hDevice, desc, phEvent)
[2026-10-08 21:45:39.059] [thread-id: 139713508326592] [trace] SUCCESS (ZE_RESULT_SUCCESS) in zexCounterBasedEventCreate2(hContext=0x76bd738, hDevice=0x76a6f28, desc=0x7ffe01adec00, phEvent=0x76fccf8)
<LEVEL_ZERO>[DEBUG]: ze_event_pool_desc_t flags set to: 1
[2026-10-08 21:45:39.059] [thread-id: 139713508326592] [trace] zexCounterBasedEventCreate2(hContext, hDevice, desc, phEvent)
[2026-10-08 21:45:39.059] [thread-id: 139713508326592] [trace] SUCCESS (ZE_RESULT_SUCCESS) in zexCounterBasedEventCreate2(hContext=0x76bd738, hDevice=0x76a6f28, desc=0x7ffe01adec00, phEvent=0x76fd3f8)
<LEVEL_ZERO>[DEBUG]: ze_event_pool_desc_t flags set to: 1
[2026-10-08 21:45:39.059] [thread-id: 139713508326592] [trace] zexCounterBasedEventCreate2(hContext, hDevice, desc, phEvent)
[2026-10-08 21:45:39.059] [thread-id: 139713508326592] [trace] SUCCESS (ZE_RESULT_SUCCESS) in zexCounterBasedEventCreate2(hContext=0x76bd738, hDevice=0x76a6f28, desc=0x7ffe01adec00, phEvent=0x76fd908)
<LEVEL_ZERO>[DEBUG]: ze_event_pool_desc_t flags set to: 1
[2026-10-08 21:45:39.059] [thread-id: 139713508326592] [trace] zexCounterBasedEventCreate2(hContext, hDevice, desc, phEvent)
[2026-10-08 21:45:39.059] [thread-id: 139713508326592] [trace] SUCCESS (ZE_RESULT_SUCCESS) in zexCounterBasedEventCreate2(hContext=0x76bd738, hDevice=0x76a6f28, desc=0x7ffe01adec00, phEvent=0x76fe008)
<LEVEL_ZERO>[DEBUG]: ze_event_pool_desc_t flags set to: 1
[2026-10-08 21:45:39.059] [thread-id: 139713508326592] [trace] zexCounterBasedEventCreate2(hContext, hDevice, desc, phEvent)
[2026-10-08 21:45:39.059] [thread-id: 139713508326592] [trace] SUCCESS (ZE_RESULT_SUCCESS) in zexCounterBasedEventCreate2(hContext=0x76bd738, hDevice=0x76a6f28, desc=0x7ffe01adec00, phEvent=0x76fe518)
<LEVEL_ZERO>[DEBUG]: ze_event_pool_desc_t flags set to: 1
[2026-10-08 21:45:39.059] [thread-id: 139713508326592] [trace] zexCounterBasedEventCreate2(hContext, hDevice, desc, phEvent)
[2026-10-08 21:45:39.059] [thread-id: 139713508326592] [trace] SUCCESS (ZE_RESULT_SUCCESS) in zexCounterBasedEventCreate2(hContext=0x76bd738, hDevice=0x76a6f28, desc=0x7ffe01adec00, phEvent=0x76fed58)
<LEVEL_ZERO>[DEBUG]: ze_event_pool_desc_t flags set to: 1
[2026-10-08 21:45:39.059] [thread-id: 139713508326592] [trace] zexCounterBasedEventCreate2(hContext, hDevice, desc, phEvent)
[2026-10-08 21:45:39.059] [thread-id: 139713508326592] [trace] SUCCESS (ZE_RESULT_SUCCESS) in zexCounterBasedEventCreate2(hContext=0x76bd738, hDevice=0x76a6f28, desc=0x7ffe01adec00, phEvent=0x76ff268)
<LEVEL_ZERO>[DEBUG]: ze_event_pool_desc_t flags set to: 1
[2026-10-08 21:45:39.059] [thread-id: 139713508326592] [trace] zexCounterBasedEventCreate2(hContext, hDevice, desc, phEvent)
[2026-10-08 21:45:39.060] [thread-id: 139713508326592] [trace] SUCCESS (ZE_RESULT_SUCCESS) in zexCounterBasedEventCreate2(hContext=0x76bd738, hDevice=0x76a6f28, desc=0x7ffe01adec00, phEvent=0x76ff968)
<LEVEL_ZERO>[DEBUG]: ze_event_pool_desc_t flags set to: 1
[2026-10-08 21:45:39.060] [thread-id: 139713508326592] [trace] zexCounterBasedEventCreate2(hContext, hDevice, desc, phEvent)
[2026-10-08 21:45:39.060] [thread-id: 139713508326592] [trace] SUCCESS (ZE_RESULT_SUCCESS) in zexCounterBasedEventCreate2(hContext=0x76bd738, hDevice=0x76a6f28, desc=0x7ffe01adec00, phEvent=0x76ffe78)
<LEVEL_ZERO>[DEBUG]: ze_event_pool_desc_t flags set to: 1
[2026-10-08 21:45:39.060] [thread-id: 139713508326592] [trace] zexCounterBasedEventCreate2(hContext, hDevice, desc, phEvent)
[2026-10-08 21:45:39.060] [thread-id: 139713508326592] [trace] SUCCESS (ZE_RESULT_SUCCESS) in zexCounterBasedEventCreate2(hContext=0x76bd738, hDevice=0x76a6f28, desc=0x7ffe01adec00, phEvent=0x7700578)
<LEVEL_ZERO>[DEBUG]: ze_event_pool_desc_t flags set to: 1
[2026-10-08 21:45:39.060] [thread-id: 139713508326592] [trace] zexCounterBasedEventCreate2(hContext, hDevice, desc, phEvent)
[2026-10-08 21:45:39.060] [thread-id: 139713508326592] [trace] SUCCESS (ZE_RESULT_SUCCESS) in zexCounterBasedEventCreate2(hContext=0x76bd738, hDevice=0x76a6f28, desc=0x7ffe01adec00, phEvent=0x7700a88)
<LEVEL_ZERO>[DEBUG]: ze_event_pool_desc_t flags set to: 1
[2026-10-08 21:45:39.060] [thread-id: 139713508326592] [trace] zexCounterBasedEventCreate2(hContext, hDevice, desc, phEvent)
[2026-10-08 21:45:39.060] [thread-id: 139713508326592] [trace] SUCCESS (ZE_RESULT_SUCCESS) in zexCounterBasedEventCreate2(hContext=0x76bd738, hDevice=0x76a6f28, desc=0x7ffe01adec00, phEvent=0x7701188)
<LEVEL_ZERO>[DEBUG]: ze_event_pool_desc_t flags set to: 1
[2026-10-08 21:45:39.060] [thread-id: 139713508326592] [trace] zexCounterBasedEventCreate2(hContext, hDevice, desc, phEvent)
[2026-10-08 21:45:39.060] [thread-id: 139713508326592] [trace] SUCCESS (ZE_RESULT_SUCCESS) in zexCounterBasedEventCreate2(hContext=0x76bd738, hDevice=0x76a6f28, desc=0x7ffe01adec00, phEvent=0x7701698)
<LEVEL_ZERO>[DEBUG]: ze_event_pool_desc_t flags set to: 1
[2026-10-08 21:45:39.060] [thread-id: 139713508326592] [trace] zexCounterBasedEventCreate2(hContext, hDevice, desc, phEvent)
[2026-10-08 21:45:39.060] [thread-id: 139713508326592] [trace] SUCCESS (ZE_RESULT_SUCCESS) in zexCounterBasedEventCreate2(hContext=0x76bd738, hDevice=0x76a6f28, desc=0x7ffe01adec00, phEvent=0x7701d98)
<LEVEL_ZERO>[DEBUG]: ze_event_pool_desc_t flags set to: 1
[2026-10-08 21:45:39.060] [thread-id: 139713508326592] [trace] zexCounterBasedEventCreate2(hContext, hDevice, desc, phEvent)
[2026-10-08 21:45:39.060] [thread-id: 139713508326592] [trace] SUCCESS (ZE_RESULT_SUCCESS) in zexCounterBasedEventCreate2(hContext=0x76bd738, hDevice=0x76a6f28, desc=0x7ffe01adec00, phEvent=0x77024b8)
<LEVEL_ZERO>[DEBUG]: ze_event_pool_desc_t flags set to: 1
[2026-10-08 21:45:39.060] [thread-id: 139713508326592] [trace] zexCounterBasedEventCreate2(hContext, hDevice, desc, phEvent)
[2026-10-08 21:45:39.060] [thread-id: 139713508326592] [trace] SUCCESS (ZE_RESULT_SUCCESS) in zexCounterBasedEventCreate2(hContext=0x76bd738, hDevice=0x76a6f28, desc=0x7ffe01adec00, phEvent=0x7702bb8)
<LEVEL_ZERO>[DEBUG]: ze_event_pool_desc_t flags set to: 1
[2026-10-08 21:45:39.060] [thread-id: 139713508326592] [trace] zexCounterBasedEventCreate2(hContext, hDevice, desc, phEvent)
[2026-10-08 21:45:39.060] [thread-id: 139713508326592] [trace] SUCCESS (ZE_RESULT_SUCCESS) in zexCounterBasedEventCreate2(hContext=0x76bd738, hDevice=0x76a6f28, desc=0x7ffe01adec00, phEvent=0x77030c8)
<LEVEL_ZERO>[DEBUG]: ze_event_pool_desc_t flags set to: 1
[2026-10-08 21:45:39.060] [thread-id: 139713508326592] [trace] zexCounterBasedEventCreate2(hContext, hDevice, desc, phEvent)
[2026-10-08 21:45:39.060] [thread-id: 139713508326592] [trace] SUCCESS (ZE_RESULT_SUCCESS) in zexCounterBasedEventCreate2(hContext=0x76bd738, hDevice=0x76a6f28, desc=0x7ffe01adec00, phEvent=0x77037c8)
<LEVEL_ZERO>[DEBUG]: ze_event_pool_desc_t flags set to: 1
[2026-10-08 21:45:39.060] [thread-id: 139713508326592] [trace] zexCounterBasedEventCreate2(hContext, hDevice, desc, phEvent)
[2026-10-08 21:45:39.060] [thread-id: 139713508326592] [trace] SUCCESS (ZE_RESULT_SUCCESS) in zexCounterBasedEventCreate2(hContext=0x76bd738, hDevice=0x76a6f28, desc=0x7ffe01adec00, phEvent=0x7703cd8)
<LEVEL_ZERO>[DEBUG]: ze_event_pool_desc_t flags set to: 1
[2026-10-08 21:45:39.060] [thread-id: 139713508326592] [trace] zexCounterBasedEventCreate2(hContext, hDevice, desc, phEvent)
[2026-10-08 21:45:39.060] [thread-id: 139713508326592] [trace] SUCCESS (ZE_RESULT_SUCCESS) in zexCounterBasedEventCreate2(hContext=0x76bd738, hDevice=0x76a6f28, desc=0x7ffe01adec00, phEvent=0x77043d8)
<LEVEL_ZERO>[DEBUG]: ze_event_pool_desc_t flags set to: 1
[2026-10-08 21:45:39.060] [thread-id: 139713508326592] [trace] zexCounterBasedEventCreate2(hContext, hDevice, desc, phEvent)
[2026-10-08 21:45:39.060] [thread-id: 139713508326592] [trace] SUCCESS (ZE_RESULT_SUCCESS) in zexCounterBasedEventCreate2(hContext=0x76bd738, hDevice=0x76a6f28, desc=0x7ffe01adec00, phEvent=0x77048e8)
<LEVEL_ZERO>[DEBUG]: ze_event_pool_desc_t flags set to: 1
[2026-10-08 21:45:39.060] [thread-id: 139713508326592] [trace] zexCounterBasedEventCreate2(hContext, hDevice, desc, phEvent)
[2026-10-08 21:45:39.060] [thread-id: 139713508326592] [trace] SUCCESS (ZE_RESULT_SUCCESS) in zexCounterBasedEventCreate2(hContext=0x76bd738, hDevice=0x76a6f28, desc=0x7ffe01adec00, phEvent=0x7704fe8)
<LEVEL_ZERO>[DEBUG]: ze_event_pool_desc_t flags set to: 1
[2026-10-08 21:45:39.060] [thread-id: 139713508326592] [trace] zexCounterBasedEventCreate2(hContext, hDevice, desc, phEvent)
[2026-10-08 21:45:39.060] [thread-id: 139713508326592] [trace] SUCCESS (ZE_RESULT_SUCCESS) in zexCounterBasedEventCreate2(hContext=0x76bd738, hDevice=0x76a6f28, desc=0x7ffe01adec00, phEvent=0x77054f8)
<LEVEL_ZERO>[DEBUG]: ze_event_pool_desc_t flags set to: 1
[2026-10-08 21:45:39.060] [thread-id: 139713508326592] [trace] zexCounterBasedEventCreate2(hContext, hDevice, desc, phEvent)
[2026-10-08 21:45:39.060] [thread-id: 139713508326592] [trace] SUCCESS (ZE_RESULT_SUCCESS) in zexCounterBasedEventCreate2(hContext=0x76bd738, hDevice=0x76a6f28, desc=0x7ffe01adec00, phEvent=0x7705bf8)
<LEVEL_ZERO>[DEBUG]: ze_event_pool_desc_t flags set to: 1
[2026-10-08 21:45:39.060] [thread-id: 139713508326592] [trace] zexCounterBasedEventCreate2(hContext, hDevice, desc, phEvent)
[2026-10-08 21:45:39.060] [thread-id: 139713508326592] [trace] SUCCESS (ZE_RESULT_SUCCESS) in zexCounterBasedEventCreate2(hContext=0x76bd738, hDevice=0x76a6f28, desc=0x7ffe01adec00, phEvent=0x7706108)
<LEVEL_ZERO>[DEBUG]: ze_event_pool_desc_t flags set to: 1
[2026-10-08 21:45:39.060] [thread-id: 139713508326592] [trace] zexCounterBasedEventCreate2(hContext, hDevice, desc, phEvent)
[2026-10-08 21:45:39.060] [thread-id: 139713508326592] [trace] SUCCESS (ZE_RESULT_SUCCESS) in zexCounterBasedEventCreate2(hContext=0x76bd738, hDevice=0x76a6f28, desc=0x7ffe01adec00, phEvent=0x7706808)
<LEVEL_ZERO>[DEBUG]: ze_event_pool_desc_t flags set to: 1
[2026-10-08 21:45:39.060] [thread-id: 139713508326592] [trace] zexCounterBasedEventCreate2(hContext, hDevice, desc, phEvent)
[2026-10-08 21:45:39.060] [thread-id: 139713508326592] [trace] SUCCESS (ZE_RESULT_SUCCESS) in zexCounterBasedEventCreate2(hContext=0x76bd738, hDevice=0x76a6f28, desc=0x7ffe01adec00, phEvent=0x7706d18)
<LEVEL_ZERO>[DEBUG]: ze_event_pool_desc_t flags set to: 1
[2026-10-08 21:45:39.060] [thread-id: 139713508326592] [trace] zexCounterBasedEventCreate2(hContext, hDevice, desc, phEvent)
[2026-10-08 21:45:39.060] [thread-id: 139713508326592] [trace] SUCCESS (ZE_RESULT_SUCCESS) in zexCounterBasedEventCreate2(hContext=0x76bd738, hDevice=0x76a6f28, desc=0x7ffe01adec00, phEvent=0x7707418)
<LEVEL_ZERO>[DEBUG]: ze_event_pool_desc_t flags set to: 1
[2026-10-08 21:45:39.060] [thread-id: 139713508326592] [trace] zexCounterBasedEventCreate2(hContext, hDevice, desc, phEvent)
[2026-10-08 21:45:39.060] [thread-id: 139713508326592] [trace] SUCCESS (ZE_RESULT_SUCCESS) in zexCounterBasedEventCreate2(hContext=0x76bd738, hDevice=0x76a6f28, desc=0x7ffe01adec00, phEvent=0x7707928)
<LEVEL_ZERO>[DEBUG]: ze_event_pool_desc_t flags set to: 1
[2026-10-08 21:45:39.060] [thread-id: 139713508326592] [trace] zexCounterBasedEventCreate2(hContext, hDevice, desc, phEvent)
[2026-10-08 21:45:39.060] [thread-id: 139713508326592] [trace] SUCCESS (ZE_RESULT_SUCCESS) in zexCounterBasedEventCreate2(hContext=0x76bd738, hDevice=0x76a6f28, desc=0x7ffe01adec00, phEvent=0x7708028)
<LEVEL_ZERO>[DEBUG]: ze_event_pool_desc_t flags set to: 1
[2026-10-08 21:45:39.060] [thread-id: 139713508326592] [trace] zexCounterBasedEventCreate2(hContext, hDevice, desc, phEvent)
[2026-10-08 21:45:39.060] [thread-id: 139713508326592] [trace] SUCCESS (ZE_RESULT_SUCCESS) in zexCounterBasedEventCreate2(hContext=0x76bd738, hDevice=0x76a6f28, desc=0x7ffe01adec00, phEvent=0x7708538)
<LEVEL_ZERO>[DEBUG]: ze_event_pool_desc_t flags set to: 1
[2026-10-08 21:45:39.060] [thread-id: 139713508326592] [trace] zexCounterBasedEventCreate2(hContext, hDevice, desc, phEvent)
[2026-10-08 21:45:39.060] [thread-id: 139713508326592] [trace] SUCCESS (ZE_RESULT_SUCCESS) in zexCounterBasedEventCreate2(hContext=0x76bd738, hDevice=0x76a6f28, desc=0x7ffe01adec00, phEvent=0x7708c38)
<LEVEL_ZERO>[DEBUG]: ze_event_pool_desc_t flags set to: 1
[2026-10-08 21:45:39.060] [thread-id: 139713508326592] [trace] zexCounterBasedEventCreate2(hContext, hDevice, desc, phEvent)
[2026-10-08 21:45:39.060] [thread-id: 139713508326592] [trace] SUCCESS (ZE_RESULT_SUCCESS) in zexCounterBasedEventCreate2(hContext=0x76bd738, hDevice=0x76a6f28, desc=0x7ffe01adec00, phEvent=0x7709148)
<LEVEL_ZERO>[DEBUG]: ze_event_pool_desc_t flags set to: 1
[2026-10-08 21:45:39.060] [thread-id: 139713508326592] [trace] zexCounterBasedEventCreate2(hContext, hDevice, desc, phEvent)
[2026-10-08 21:45:39.060] [thread-id: 139713508326592] [trace] SUCCESS (ZE_RESULT_SUCCESS) in zexCounterBasedEventCreate2(hContext=0x76bd738, hDevice=0x76a6f28, desc=0x7ffe01adec00, phEvent=0x7709ac8)
<LEVEL_ZERO>[DEBUG]: ze_event_pool_desc_t flags set to: 1
[2026-10-08 21:45:39.061] [thread-id: 139713508326592] [trace] zexCounterBasedEventCreate2(hContext, hDevice, desc, phEvent)
[2026-10-08 21:45:39.061] [thread-id: 139713508326592] [trace] SUCCESS (ZE_RESULT_SUCCESS) in zexCounterBasedEventCreate2(hContext=0x76bd738, hDevice=0x76a6f28, desc=0x7ffe01adec00, phEvent=0x7709fd8)
<LEVEL_ZERO>[DEBUG]: ze_event_pool_desc_t flags set to: 1
[2026-10-08 21:45:39.061] [thread-id: 139713508326592] [trace] zexCounterBasedEventCreate2(hContext, hDevice, desc, phEvent)
[2026-10-08 21:45:39.061] [thread-id: 139713508326592] [trace] SUCCESS (ZE_RESULT_SUCCESS) in zexCounterBasedEventCreate2(hContext=0x76bd738, hDevice=0x76a6f28, desc=0x7ffe01adec00, phEvent=0x770a6d8)
<LEVEL_ZERO>[DEBUG]: ze_event_pool_desc_t flags set to: 1
[2026-10-08 21:45:39.061] [thread-id: 139713508326592] [trace] zexCounterBasedEventCreate2(hContext, hDevice, desc, phEvent)
[2026-10-08 21:45:39.061] [thread-id: 139713508326592] [trace] SUCCESS (ZE_RESULT_SUCCESS) in zexCounterBasedEventCreate2(hContext=0x76bd738, hDevice=0x76a6f28, desc=0x7ffe01adec00, phEvent=0x770abe8)
<LEVEL_ZERO>[DEBUG]: ze_event_pool_desc_t flags set to: 1
[2026-10-08 21:45:39.061] [thread-id: 139713508326592] [trace] zexCounterBasedEventCreate2(hContext, hDevice, desc, phEvent)
[2026-10-08 21:45:39.061] [thread-id: 139713508326592] [trace] SUCCESS (ZE_RESULT_SUCCESS) in zexCounterBasedEventCreate2(hContext=0x76bd738, hDevice=0x76a6f28, desc=0x7ffe01adec00, phEvent=0x770b2e8)
<LEVEL_ZERO>[DEBUG]: ze_event_pool_desc_t flags set to: 1
[2026-10-08 21:45:39.061] [thread-id: 139713508326592] [trace] zexCounterBasedEventCreate2(hContext, hDevice, desc, phEvent)
[2026-10-08 21:45:39.061] [thread-id: 139713508326592] [trace] SUCCESS (ZE_RESULT_SUCCESS) in zexCounterBasedEventCreate2(hContext=0x76bd738, hDevice=0x76a6f28, desc=0x7ffe01adec00, phEvent=0x770b7f8)
<LEVEL_ZERO>[DEBUG]: ze_event_pool_desc_t flags set to: 1
[2026-10-08 21:45:39.061] [thread-id: 139713508326592] [trace] zexCounterBasedEventCreate2(hContext, hDevice, desc, phEvent)
[2026-10-08 21:45:39.061] [thread-id: 139713508326592] [trace] SUCCESS (ZE_RESULT_SUCCESS) in zexCounterBasedEventCreate2(hContext=0x76bd738, hDevice=0x76a6f28, desc=0x7ffe01adec00, phEvent=0x770bef8)
<LEVEL_ZERO>[DEBUG]: ze_event_pool_desc_t flags set to: 1
[2026-10-08 21:45:39.061] [thread-id: 139713508326592] [trace] zexCounterBasedEventCreate2(hContext, hDevice, desc, phEvent)
[2026-10-08 21:45:39.061] [thread-id: 139713508326592] [trace] SUCCESS (ZE_RESULT_SUCCESS) in zexCounterBasedEventCreate2(hContext=0x76bd738, hDevice=0x76a6f28, desc=0x7ffe01adec00, phEvent=0x770c408)
<LEVEL_ZERO>[DEBUG]: ze_event_pool_desc_t flags set to: 1
[2026-10-08 21:45:39.061] [thread-id: 139713508326592] [trace] zexCounterBasedEventCreate2(hContext, hDevice, desc, phEvent)
[2026-10-08 21:45:39.061] [thread-id: 139713508326592] [trace] SUCCESS (ZE_RESULT_SUCCESS) in zexCounterBasedEventCreate2(hContext=0x76bd738, hDevice=0x76a6f28, desc=0x7ffe01adec00, phEvent=0x770cb08)
<LEVEL_ZERO>[DEBUG]: ze_event_pool_desc_t flags set to: 1
[2026-10-08 21:45:39.061] [thread-id: 139713508326592] [trace] zexCounterBasedEventCreate2(hContext, hDevice, desc, phEvent)
[2026-10-08 21:45:39.061] [thread-id: 139713508326592] [trace] SUCCESS (ZE_RESULT_SUCCESS) in zexCounterBasedEventCreate2(hContext=0x76bd738, hDevice=0x76a6f28, desc=0x7ffe01adec00, phEvent=0x770d018)
<LEVEL_ZERO>[DEBUG]: ze_event_pool_desc_t flags set to: 1
[2026-10-08 21:45:39.061] [thread-id: 139713508326592] [trace] zexCounterBasedEventCreate2(hContext, hDevice, desc, phEvent)
[2026-10-08 21:45:39.061] [thread-id: 139713508326592] [trace] SUCCESS (ZE_RESULT_SUCCESS) in zexCounterBasedEventCreate2(hContext=0x76bd738, hDevice=0x76a6f28, desc=0x7ffe01adec00, phEvent=0x770d718)
<LEVEL_ZERO>[DEBUG]: ze_event_pool_desc_t flags set to: 1
[2026-10-08 21:45:39.061] [thread-id: 139713508326592] [trace] zexCounterBasedEventCreate2(hContext, hDevice, desc, phEvent)
[2026-10-08 21:45:39.061] [thread-id: 139713508326592] [trace] SUCCESS (ZE_RESULT_SUCCESS) in zexCounterBasedEventCreate2(hContext=0x76bd738, hDevice=0x76a6f28, desc=0x7ffe01adec00, phEvent=0x770dc28)
[2026-10-08 21:45:39.061] [thread-id: 139713508326592] [trace] zeCommandListAppendMemoryCopy(hCommandList, dstptr, srcptr, size, hSignalEvent, numWaitEvents, phWaitEventsLocal)
[2026-10-08 21:45:39.064] [thread-id: 139713508326592] [trace] SUCCESS (ZE_RESULT_SUCCESS) in zeCommandListAppendMemoryCopy(hCommandList=0x76c4f08, dstptr=0xffffffffff600000, srcptr=0x76d5a60, size=65536, hSignalEvent=0x770dc28, numWaitEvents=0, phWaitEvents=nullptr)
   <--- urEnqueueUSMMemcpy(.hQueue = 0x76c4150, .blocking = 0, .pDst = 0xffffffffff600000, .pSrc = 0x76d5a60, .size = 65536, .numEventsInWaitList = 0, .phEventWaitList = nullptr, .phEvent = 0x7ffe01adf200 (0x770d610)) -> UR_RESULT_SUCCESS;
   ---> urEventWait
[2026-10-08 21:45:39.064] [thread-id: 139713508326592] [trace] zeEventHostSynchronize(hEvent, timeout)
[2026-10-08 21:45:39.064] [thread-id: 139713508326592] [trace] SUCCESS (ZE_RESULT_SUCCESS) in zeEventHostSynchronize(hEvent=0x770dc28, timeout=18446744073709551615)
   <--- urEventWait(.numEvents = 1, .phEventWaitList = 0x7ffe01adf250 {0x770d610}) -> UR_RESULT_SUCCESS;
   ---> urEventRelease
   <--- urEventRelease(.hEvent = 0x770d610) -> UR_RESULT_SUCCESS;
   ---> urDeviceGetInfo
[2026-10-08 21:45:39.065] [thread-id: 139713508326592] [trace] zeDeviceGetComputeProperties(hDevice, pComputeProperties)
[2026-10-08 21:45:39.065] [thread-id: 139713508326592] [trace] SUCCESS (ZE_RESULT_SUCCESS) in zeDeviceGetComputeProperties(hDevice=0x76a6f28, pComputeProperties={stype=0x76bc280, maxTotalGroupSize=1024, maxGroupSizeX=1024, maxGroupSizeY=1024, maxGroupSizeZ=1024, maxGroupCountX=4294967295, maxGroupCountY=4294967295, maxGroupCountZ=4294967295, maxSharedLocalMemory=131072, numSubGroupSizes=2, subGroupSizes=16})
   <--- urDeviceGetInfo(.hDevice = 0x76bc040, .propName = UR_DEVICE_INFO_MAX_WORK_GROUPS_3D, .propSize = 24, .pPropValue = {4294967295, 4294967295, 4294967295}, .pPropSizeRet = nullptr) -> UR_RESULT_SUCCESS;
   ---> urDeviceSelectBinary
   <--- urDeviceSelectBinary(.hDevice = 0x76bc040, .pBinaries = 0x7736a60 ((struct ur_device_binary_t){.stype = UR_STRUCTURE_TYPE_CONTEXT_PROPERTIES, .pNext = nullptr, .pDeviceTargetSpec = 0x7f1198e883c0 (spir64)}), .NumBinaries = 1, .pSelectedBinary = 0x7ffe01ade75c (0)) -> UR_RESULT_SUCCESS;
   ---> urPlatformGetBackendOption
   <--- urPlatformGetBackendOption(.hPlatform = 0x76ba810, .pFrontendOption = 0x7ffe01ade268 (-O2), .ppPlatformOption = 0x7ffe01ade238 (0x7f1195ef6975 (-ze-opt-level=2))) -> UR_RESULT_SUCCESS;
   ---> urDeviceGetInfo
   <--- urDeviceGetInfo(.hDevice = 0x76bc040, .propName = UR_DEVICE_INFO_VENDOR_ID, .propSize = 4, .pPropValue = 0x7ffe01ade1b8 (32902), .pPropSizeRet = nullptr) -> UR_RESULT_SUCCESS;
   ---> urDeviceGetInfo
   <--- urDeviceGetInfo(.hDevice = 0x76bc040, .propName = UR_DEVICE_INFO_DEVICE_ID, .propSize = 0, .pPropValue = nullptr, .pPropSizeRet = 0x7ffe01ade040 (4)) -> UR_RESULT_SUCCESS;
   ---> urDeviceGetInfo
   <--- urDeviceGetInfo(.hDevice = 0x76bc040, .propName = UR_DEVICE_INFO_DEVICE_ID, .propSize = 4, .pPropValue = 0x7ffe01ade188 (57868), .pPropSizeRet = nullptr) -> UR_RESULT_SUCCESS;
   ---> urDeviceGetInfo
   <--- urDeviceGetInfo(.hDevice = 0x76bc040, .propName = UR_DEVICE_INFO_COMPILER_AVAILABLE, .propSize = 1, .pPropValue = 0x7ffe01ade220 (true), .pPropSizeRet = nullptr) -> UR_RESULT_SUCCESS;
   ---> urProgramCreateWithIL
   <--- urProgramCreateWithIL(.hContext = 0x76c0dd0, .pIL = 0x415b20, .length = 2080, .pProperties = nullptr, .phProgram = 0x7ffe01ade340 (0x76fea20)) -> UR_RESULT_SUCCESS;
   ---> urProgramBuildExp
[2026-10-08 21:45:39.065] [thread-id: 139713508326592] [trace] zeModuleCreate(hContext, hDevice, desc, phModule, phBuildLog)
[2026-10-08 21:45:39.066] [thread-id: 139713508326592] [trace] SUCCESS (ZE_RESULT_SUCCESS) in zeModuleCreate(hContext=0x76bd738, hDevice=0x76a6f28, desc={stype=0x7ffe01addfc0, format=0x7ffe01addfd0, inputSize=2080, pInputModule=3, pBuildFlags=" -ze-opt-level=2", pConstants={numConstants=0, pConstantIds=nullptr, pConstantValues=nullptr}}, phModule=0x7711d28, phBuildLog=0x7737958)
[2026-10-08 21:45:39.066] [thread-id: 139713508326592] [trace] zeModuleGetProperties(hModule, pModuleProperties)
[2026-10-08 21:45:39.066] [thread-id: 139713508326592] [trace] SUCCESS (ZE_RESULT_SUCCESS) in zeModuleGetProperties(hModule=0x7711d28, pModuleProperties={stype=0x7ffe01addf30, flags=0})
   <--- urProgramBuildExp(.hProgram = 0x76fea20, .numDevices = 1, .phDevices = 0x7736a60 {0x76bc040}, .flags = 0, .pOptions = 0x7736a80 ( -ze-opt-level=2)) -> UR_RESULT_SUCCESS;
   ---> urProgramRetain
   <--- urProgramRetain(.hProgram = 0x76fea20) -> UR_RESULT_SUCCESS;
   ---> urKernelCreate
[2026-10-08 21:45:39.066] [thread-id: 139713508326592] [trace] zeKernelCreate(hModule, desc, phKernel)
[2026-10-08 21:45:39.066] [thread-id: 139713508326592] [trace] SUCCESS (ZE_RESULT_SUCCESS) in zeKernelCreate(hModule=0x7711d28, desc={stype=0x7ffe01ade650, flags=0, pKernelName="_ZTSZ4mainEUlN4sycl3_V12idILi1EEEE_"}, phKernel=0x774e758)
[2026-10-08 21:45:39.066] [thread-id: 139713508326592] [trace] zeKernelGetName(hKernel, pSize, pName)
[2026-10-08 21:45:39.066] [thread-id: 139713508326592] [trace] SUCCESS (ZE_RESULT_SUCCESS) in zeKernelGetName(hKernel=0x774e758, pSize=36, pName=nullptr)
[2026-10-08 21:45:39.066] [thread-id: 139713508326592] [trace] zeKernelGetName(hKernel, pSize, pName)
[2026-10-08 21:45:39.066] [thread-id: 139713508326592] [trace] SUCCESS (ZE_RESULT_SUCCESS) in zeKernelGetName(hKernel=0x774e758, pSize=36, pName="_ZTSZ4mainEUlN4sycl3_V12idILi1EEEE_")
[2026-10-08 21:45:39.066] [thread-id: 139713508326592] [trace] zeKernelGetProperties(hKernel, pKernelProperties)
[2026-10-08 21:45:39.066] [thread-id: 139713508326592] [trace] SUCCESS (ZE_RESULT_SUCCESS) in zeKernelGetProperties(hKernel=0x774e758, pKernelProperties={stype=0x772fb58, numKernelArgs=1, requiredGroupSizeX=0, requiredGroupSizeY=0, requiredGroupSizeZ=0, requiredNumSubGroups=0, requiredSubgroupSize=0, maxSubgroupSize=32, maxNumSubgroups=32, localMemSize=0, privateMemSize=0, spillMemSize=0, uuid={kid=0, mid=0}})
   <--- urKernelCreate(.hProgram = 0x76fea20, .pKernelName = 0x4131d2 (_ZTSZ4mainEUlN4sycl3_V12idILi1EEEE_), .phKernel = 0x7ffe01ade970 (0x7749d50)) -> UR_RESULT_SUCCESS;
   ---> urKernelSetExecInfo
[2026-10-08 21:45:39.066] [thread-id: 139713508326592] [trace] zeKernelSetIndirectAccess(hKernel, flags)
[2026-10-08 21:45:39.066] [thread-id: 139713508326592] [trace] SUCCESS (ZE_RESULT_SUCCESS) in zeKernelSetIndirectAccess(hKernel=0x774e758, flags=7)
   <--- urKernelSetExecInfo(.hKernel = 0x7749d50, .propName = UR_KERNEL_EXEC_INFO_USM_INDIRECT_ACCESS, .propSize = 1, .pProperties = nullptr, .pPropValue = 0x7ffe01ade96f (true)) -> UR_RESULT_SUCCESS;
   ---> urKernelRetain
   <--- urKernelRetain(.hKernel = 0x7749d50) -> UR_RESULT_SUCCESS;
   ---> urKernelGetGroupInfo
   <--- urKernelGetGroupInfo(.hKernel = 0x7749d50, .hDevice = 0x76bc040, .propName = UR_KERNEL_GROUP_INFO_COMPILE_WORK_GROUP_SIZE, .propSize = 24, .pPropValue = {0, 0, 0}, .pPropSizeRet = nullptr) -> UR_RESULT_SUCCESS;
   ---> urEnqueueKernelLaunchWithArgsExp
[2026-10-08 21:45:39.066] [thread-id: 139713508326592] [trace] zeKernelSuggestGroupSize(hKernel, globalSizeX, globalSizeY, globalSizeZ, groupSizeX, groupSizeY, groupSizeZ)
[2026-10-08 21:45:39.066] [thread-id: 139713508326592] [trace] SUCCESS (ZE_RESULT_SUCCESS) in zeKernelSuggestGroupSize(hKernel=0x774e758, globalSizeX=16384, globalSizeY=1, globalSizeZ=1, groupSizeX=1024, groupSizeY=1, groupSizeZ=1)
[2026-10-08 21:45:39.066] [thread-id: 139713508326592] [trace] zeKernelSetGroupSize(hKernel, groupSizeX, groupSizeY, groupSizeZ)
[2026-10-08 21:45:39.066] [thread-id: 139713508326592] [trace] SUCCESS (ZE_RESULT_SUCCESS) in zeKernelSetGroupSize(hKernel=0x774e758, groupSizeX=1024, groupSizeY=1, groupSizeZ=1)
[2026-10-08 21:45:39.066] [thread-id: 139713508326592] [trace] zeCommandListAppendLaunchKernelWithArguments(hCommandList, hKernel, groupCounts, groupSizes, pArguments, pNext, hSignalEvent, numWaitEvents, phWaitEventsLocal)
[2026-10-08 21:45:39.067] [thread-id: 139713508326592] [trace] SUCCESS (ZE_RESULT_SUCCESS) in zeCommandListAppendLaunchKernelWithArguments(hCommandList=0x76c4f08, hKernel=0x774e758, groupCounts={groupCountX=16, groupCountY=1, groupCountZ=1}, groupSizes={groupSizeX=1024, groupSizeY=1, groupSizeZ=1}, pArguments=0x774ef60, pNext=nullptr, hSignalEvent=0x770dc28, numWaitEvents=0, phWaitEvents=nullptr)
   <--- urEnqueueKernelLaunchWithArgsExp(.hQueue = 0x76c4150, .hKernel = 0x7749d50, .workDim = 1, .pGlobalWorkOffset = nullptr, .pGlobalWorkSize = 0x7ffe01adf130 (16384), .pLocalWorkSize = nullptr, .numArgs = 1, .pArgs = 0x774a870 {(struct ur_exp_kernel_arg_properties_t){.stype = UR_STRUCTURE_TYPE_EXP_KERNEL_ARG_PROPERTIES, .pNext = nullptr, .type = UR_EXP_KERNEL_ARG_TYPE_POINTER, .index = 0, .size = 8, .value = (union ur_exp_kernel_arg_value_t){.pointer = 0xffffffffff600000}}}, .launchPropList = nullptr, .numEventsInWaitList = 0, .phEventWaitList = nullptr, .phEvent = 0x7ffe01adeb50 (0x770d610)) -> UR_RESULT_SUCCESS;
   ---> urEventWait
[2026-10-08 21:45:39.067] [thread-id: 139713508326592] [trace] zeEventHostSynchronize(hEvent, timeout)
[2026-10-08 21:45:39.067] [thread-id: 139713508326592] [trace] SUCCESS (ZE_RESULT_SUCCESS) in zeEventHostSynchronize(hEvent=0x770dc28, timeout=18446744073709551615)
   <--- urEventWait(.numEvents = 1, .phEventWaitList = 0x7ffe01adf250 {0x770d610}) -> UR_RESULT_SUCCESS;
   ---> urEventRelease
   <--- urEventRelease(.hEvent = 0x770d610) -> UR_RESULT_SUCCESS;
   ---> urEnqueueUSMMemcpy
[2026-10-08 21:45:39.067] [thread-id: 139713508326592] [trace] zeCommandListAppendMemoryCopy(hCommandList, dstptr, srcptr, size, hSignalEvent, numWaitEvents, phWaitEventsLocal)
[2026-10-08 21:45:39.067] [thread-id: 139713508326592] [trace] SUCCESS (ZE_RESULT_SUCCESS) in zeCommandListAppendMemoryCopy(hCommandList=0x76c4f08, dstptr=0x76e5a70, srcptr=0xffffffffff600000, size=65536, hSignalEvent=0x770dc28, numWaitEvents=0, phWaitEvents=nullptr)
   <--- urEnqueueUSMMemcpy(.hQueue = 0x76c4150, .blocking = 0, .pDst = 0x76e5a70, .pSrc = 0xffffffffff600000, .size = 65536, .numEventsInWaitList = 0, .phEventWaitList = nullptr, .phEvent = 0x7ffe01adf200 (0x770d610)) -> UR_RESULT_SUCCESS;
   ---> urEventWait
[2026-10-08 21:45:39.067] [thread-id: 139713508326592] [trace] zeEventHostSynchronize(hEvent, timeout)
[2026-10-08 21:45:39.067] [thread-id: 139713508326592] [trace] SUCCESS (ZE_RESULT_SUCCESS) in zeEventHostSynchronize(hEvent=0x770dc28, timeout=18446744073709551615)
   <--- urEventWait(.numEvents = 1, .phEventWaitList = 0x7ffe01adf250 {0x770d610}) -> UR_RESULT_SUCCESS;
   ---> urEventRelease
   <--- urEventRelease(.hEvent = 0x770d610) -> UR_RESULT_SUCCESS;
   ---> urEnqueueUSMMemcpy
[2026-10-08 21:45:39.067] [thread-id: 139713508326592] [trace] zeCommandListAppendMemoryCopy(hCommandList, dstptr, srcptr, size, hSignalEvent, numWaitEvents, phWaitEventsLocal)
[2026-10-08 21:45:39.068] [thread-id: 139713508326592] [trace] SUCCESS (ZE_RESULT_SUCCESS) in zeCommandListAppendMemoryCopy(hCommandList=0x76c4f08, dstptr=0xffffffffff600000, srcptr=0x76d5a60, size=65536, hSignalEvent=0x770dc28, numWaitEvents=0, phWaitEvents=nullptr)
   <--- urEnqueueUSMMemcpy(.hQueue = 0x76c4150, .blocking = 0, .pDst = 0xffffffffff600000, .pSrc = 0x76d5a60, .size = 65536, .numEventsInWaitList = 0, .phEventWaitList = nullptr, .phEvent = 0x7ffe01adf200 (0x770d610)) -> UR_RESULT_SUCCESS;
   ---> urEventWait
[2026-10-08 21:45:39.068] [thread-id: 139713508326592] [trace] zeEventHostSynchronize(hEvent, timeout)
[2026-10-08 21:45:39.068] [thread-id: 139713508326592] [trace] SUCCESS (ZE_RESULT_SUCCESS) in zeEventHostSynchronize(hEvent=0x770dc28, timeout=18446744073709551615)
   <--- urEventWait(.numEvents = 1, .phEventWaitList = 0x7ffe01adf250 {0x770d610}) -> UR_RESULT_SUCCESS;
   ---> urEventRelease
   <--- urEventRelease(.hEvent = 0x770d610) -> UR_RESULT_SUCCESS;
   ---> urDeviceGetInfo
   <--- urDeviceGetInfo(.hDevice = 0x76bc040, .propName = UR_DEVICE_INFO_MAX_WORK_GROUPS_3D, .propSize = 24, .pPropValue = {4294967295, 4294967295, 4294967295}, .pPropSizeRet = nullptr) -> UR_RESULT_SUCCESS;
   ---> urKernelGetGroupInfo
   <--- urKernelGetGroupInfo(.hKernel = 0x7749d50, .hDevice = 0x76bc040, .propName = UR_KERNEL_GROUP_INFO_COMPILE_WORK_GROUP_SIZE, .propSize = 24, .pPropValue = {0, 0, 0}, .pPropSizeRet = nullptr) -> UR_RESULT_SUCCESS;
   ---> urEnqueueKernelLaunchWithArgsExp
[2026-10-08 21:45:39.068] [thread-id: 139713508326592] [trace] zeKernelSuggestGroupSize(hKernel, globalSizeX, globalSizeY, globalSizeZ, groupSizeX, groupSizeY, groupSizeZ)
[2026-10-08 21:45:39.068] [thread-id: 139713508326592] [trace] SUCCESS (ZE_RESULT_SUCCESS) in zeKernelSuggestGroupSize(hKernel=0x774e758, globalSizeX=16384, globalSizeY=1, globalSizeZ=1, groupSizeX=1024, groupSizeY=1, groupSizeZ=1)
[2026-10-08 21:45:39.068] [thread-id: 139713508326592] [trace] zeKernelSetGroupSize(hKernel, groupSizeX, groupSizeY, groupSizeZ)
[2026-10-08 21:45:39.068] [thread-id: 139713508326592] [trace] SUCCESS (ZE_RESULT_SUCCESS) in zeKernelSetGroupSize(hKernel=0x774e758, groupSizeX=1024, groupSizeY=1, groupSizeZ=1)
[2026-10-08 21:45:39.068] [thread-id: 139713508326592] [trace] zeCommandListAppendLaunchKernelWithArguments(hCommandList, hKernel, groupCounts, groupSizes, pArguments, pNext, hSignalEvent, numWaitEvents, phWaitEventsLocal)
[2026-10-08 21:45:39.068] [thread-id: 139713508326592] [trace] SUCCESS (ZE_RESULT_SUCCESS) in zeCommandListAppendLaunchKernelWithArguments(hCommandList=0x76c4f08, hKernel=0x774e758, groupCounts={groupCountX=16, groupCountY=1, groupCountZ=1}, groupSizes={groupSizeX=1024, groupSizeY=1, groupSizeZ=1}, pArguments=0x774ef60, pNext=nullptr, hSignalEvent=0x770dc28, numWaitEvents=0, phWaitEvents=nullptr)
   <--- urEnqueueKernelLaunchWithArgsExp(.hQueue = 0x76c4150, .hKernel = 0x7749d50, .workDim = 1, .pGlobalWorkOffset = nullptr, .pGlobalWorkSize = 0x7ffe01adf130 (16384), .pLocalWorkSize = nullptr, .numArgs = 1, .pArgs = 0x774a870 {(struct ur_exp_kernel_arg_properties_t){.stype = UR_STRUCTURE_TYPE_EXP_KERNEL_ARG_PROPERTIES, .pNext = nullptr, .type = UR_EXP_KERNEL_ARG_TYPE_POINTER, .index = 0, .size = 8, .value = (union ur_exp_kernel_arg_value_t){.pointer = 0xffffffffff600000}}}, .launchPropList = nullptr, .numEventsInWaitList = 0, .phEventWaitList = nullptr, .phEvent = 0x7ffe01adeb50 (0x770d610)) -> UR_RESULT_SUCCESS;
   ---> urEventWait
[2026-10-08 21:45:39.068] [thread-id: 139713508326592] [trace] zeEventHostSynchronize(hEvent, timeout)
[2026-10-08 21:45:39.068] [thread-id: 139713508326592] [trace] SUCCESS (ZE_RESULT_SUCCESS) in zeEventHostSynchronize(hEvent=0x770dc28, timeout=18446744073709551615)
   <--- urEventWait(.numEvents = 1, .phEventWaitList = 0x7ffe01adf250 {0x770d610}) -> UR_RESULT_SUCCESS;
   ---> urEventRelease
   <--- urEventRelease(.hEvent = 0x770d610) -> UR_RESULT_SUCCESS;
   ---> urEnqueueUSMMemcpy
[2026-10-08 21:45:39.068] [thread-id: 139713508326592] [trace] zeCommandListAppendMemoryCopy(hCommandList, dstptr, srcptr, size, hSignalEvent, numWaitEvents, phWaitEventsLocal)
[2026-10-08 21:45:39.068] [thread-id: 139713508326592] [trace] SUCCESS (ZE_RESULT_SUCCESS) in zeCommandListAppendMemoryCopy(hCommandList=0x76c4f08, dstptr=0x76e5a70, srcptr=0xffffffffff600000, size=65536, hSignalEvent=0x770dc28, numWaitEvents=0, phWaitEvents=nullptr)
   <--- urEnqueueUSMMemcpy(.hQueue = 0x76c4150, .blocking = 0, .pDst = 0x76e5a70, .pSrc = 0xffffffffff600000, .size = 65536, .numEventsInWaitList = 0, .phEventWaitList = nullptr, .phEvent = 0x7ffe01adf200 (0x770d610)) -> UR_RESULT_SUCCESS;
   ---> urEventWait
[2026-10-08 21:45:39.068] [thread-id: 139713508326592] [trace] zeEventHostSynchronize(hEvent, timeout)
[2026-10-08 21:45:39.068] [thread-id: 139713508326592] [trace] SUCCESS (ZE_RESULT_SUCCESS) in zeEventHostSynchronize(hEvent=0x770dc28, timeout=18446744073709551615)
   <--- urEventWait(.numEvents = 1, .phEventWaitList = 0x7ffe01adf250 {0x770d610}) -> UR_RESULT_SUCCESS;
   ---> urEventRelease
   <--- urEventRelease(.hEvent = 0x770d610) -> UR_RESULT_SUCCESS;
   ---> urEnqueueUSMMemcpy
[2026-10-08 21:45:39.068] [thread-id: 139713508326592] [trace] zeCommandListAppendMemoryCopy(hCommandList, dstptr, srcptr, size, hSignalEvent, numWaitEvents, phWaitEventsLocal)
[2026-10-08 21:45:39.068] [thread-id: 139713508326592] [trace] SUCCESS (ZE_RESULT_SUCCESS) in zeCommandListAppendMemoryCopy(hCommandList=0x76c4f08, dstptr=0xffffffffff600000, srcptr=0x76d5a60, size=65536, hSignalEvent=0x770dc28, numWaitEvents=0, phWaitEvents=nullptr)
   <--- urEnqueueUSMMemcpy(.hQueue = 0x76c4150, .blocking = 0, .pDst = 0xffffffffff600000, .pSrc = 0x76d5a60, .size = 65536, .numEventsInWaitList = 0, .phEventWaitList = nullptr, .phEvent = 0x7ffe01adf200 (0x770d610)) -> UR_RESULT_SUCCESS;
   ---> urEventWait
[2026-10-08 21:45:39.068] [thread-id: 139713508326592] [trace] zeEventHostSynchronize(hEvent, timeout)
[2026-10-08 21:45:39.068] [thread-id: 139713508326592] [trace] SUCCESS (ZE_RESULT_SUCCESS) in zeEventHostSynchronize(hEvent=0x770dc28, timeout=18446744073709551615)
   <--- urEventWait(.numEvents = 1, .phEventWaitList = 0x7ffe01adf250 {0x770d610}) -> UR_RESULT_SUCCESS;
   ---> urEventRelease
   <--- urEventRelease(.hEvent = 0x770d610) -> UR_RESULT_SUCCESS;
   ---> urDeviceGetInfo
   <--- urDeviceGetInfo(.hDevice = 0x76bc040, .propName = UR_DEVICE_INFO_MAX_WORK_GROUPS_3D, .propSize = 24, .pPropValue = {4294967295, 4294967295, 4294967295}, .pPropSizeRet = nullptr) -> UR_RESULT_SUCCESS;
   ---> urKernelGetGroupInfo
   <--- urKernelGetGroupInfo(.hKernel = 0x7749d50, .hDevice = 0x76bc040, .propName = UR_KERNEL_GROUP_INFO_COMPILE_WORK_GROUP_SIZE, .propSize = 24, .pPropValue = {0, 0, 0}, .pPropSizeRet = nullptr) -> UR_RESULT_SUCCESS;
   ---> urEnqueueKernelLaunchWithArgsExp
[2026-10-08 21:45:39.068] [thread-id: 139713508326592] [trace] zeKernelSuggestGroupSize(hKernel, globalSizeX, globalSizeY, globalSizeZ, groupSizeX, groupSizeY, groupSizeZ)
[2026-10-08 21:45:39.068] [thread-id: 139713508326592] [trace] SUCCESS (ZE_RESULT_SUCCESS) in zeKernelSuggestGroupSize(hKernel=0x774e758, globalSizeX=16384, globalSizeY=1, globalSizeZ=1, groupSizeX=1024, groupSizeY=1, groupSizeZ=1)
[2026-10-08 21:45:39.068] [thread-id: 139713508326592] [trace] zeKernelSetGroupSize(hKernel, groupSizeX, groupSizeY, groupSizeZ)
[2026-10-08 21:45:39.068] [thread-id: 139713508326592] [trace] SUCCESS (ZE_RESULT_SUCCESS) in zeKernelSetGroupSize(hKernel=0x774e758, groupSizeX=1024, groupSizeY=1, groupSizeZ=1)
[2026-10-08 21:45:39.068] [thread-id: 139713508326592] [trace] zeCommandListAppendLaunchKernelWithArguments(hCommandList, hKernel, groupCounts, groupSizes, pArguments, pNext, hSignalEvent, numWaitEvents, phWaitEventsLocal)
[2026-10-08 21:45:39.068] [thread-id: 139713508326592] [trace] SUCCESS (ZE_RESULT_SUCCESS) in zeCommandListAppendLaunchKernelWithArguments(hCommandList=0x76c4f08, hKernel=0x774e758, groupCounts={groupCountX=16, groupCountY=1, groupCountZ=1}, groupSizes={groupSizeX=1024, groupSizeY=1, groupSizeZ=1}, pArguments=0x774ef60, pNext=nullptr, hSignalEvent=0x770dc28, numWaitEvents=0, phWaitEvents=nullptr)
   <--- urEnqueueKernelLaunchWithArgsExp(.hQueue = 0x76c4150, .hKernel = 0x7749d50, .workDim = 1, .pGlobalWorkOffset = nullptr, .pGlobalWorkSize = 0x7ffe01adf130 (16384), .pLocalWorkSize = nullptr, .numArgs = 1, .pArgs = 0x774a870 {(struct ur_exp_kernel_arg_properties_t){.stype = UR_STRUCTURE_TYPE_EXP_KERNEL_ARG_PROPERTIES, .pNext = nullptr, .type = UR_EXP_KERNEL_ARG_TYPE_POINTER, .index = 0, .size = 8, .value = (union ur_exp_kernel_arg_value_t){.pointer = 0xffffffffff600000}}}, .launchPropList = nullptr, .numEventsInWaitList = 0, .phEventWaitList = nullptr, .phEvent = 0x7ffe01adeb50 (0x770d610)) -> UR_RESULT_SUCCESS;
   ---> urEventWait
[2026-10-08 21:45:39.068] [thread-id: 139713508326592] [trace] zeEventHostSynchronize(hEvent, timeout)
[2026-10-08 21:45:39.068] [thread-id: 139713508326592] [trace] SUCCESS (ZE_RESULT_SUCCESS) in zeEventHostSynchronize(hEvent=0x770dc28, timeout=18446744073709551615)
   <--- urEventWait(.numEvents = 1, .phEventWaitList = 0x7ffe01adf250 {0x770d610}) -> UR_RESULT_SUCCESS;
   ---> urEventRelease
   <--- urEventRelease(.hEvent = 0x770d610) -> UR_RESULT_SUCCESS;
   ---> urEnqueueUSMMemcpy
[2026-10-08 21:45:39.069] [thread-id: 139713508326592] [trace] zeCommandListAppendMemoryCopy(hCommandList, dstptr, srcptr, size, hSignalEvent, numWaitEvents, phWaitEventsLocal)
[2026-10-08 21:45:39.069] [thread-id: 139713508326592] [trace] SUCCESS (ZE_RESULT_SUCCESS) in zeCommandListAppendMemoryCopy(hCommandList=0x76c4f08, dstptr=0x76e5a70, srcptr=0xffffffffff600000, size=65536, hSignalEvent=0x770dc28, numWaitEvents=0, phWaitEvents=nullptr)
   <--- urEnqueueUSMMemcpy(.hQueue = 0x76c4150, .blocking = 0, .pDst = 0x76e5a70, .pSrc = 0xffffffffff600000, .size = 65536, .numEventsInWaitList = 0, .phEventWaitList = nullptr, .phEvent = 0x7ffe01adf200 (0x770d610)) -> UR_RESULT_SUCCESS;
   ---> urEventWait
[2026-10-08 21:45:39.069] [thread-id: 139713508326592] [trace] zeEventHostSynchronize(hEvent, timeout)
[2026-10-08 21:45:39.069] [thread-id: 139713508326592] [trace] SUCCESS (ZE_RESULT_SUCCESS) in zeEventHostSynchronize(hEvent=0x770dc28, timeout=18446744073709551615)
   <--- urEventWait(.numEvents = 1, .phEventWaitList = 0x7ffe01adf250 {0x770d610}) -> UR_RESULT_SUCCESS;
   ---> urEventRelease
   <--- urEventRelease(.hEvent = 0x770d610) -> UR_RESULT_SUCCESS;
   ---> urQueueFinish
[2026-10-08 21:45:39.069] [thread-id: 139713508326592] [trace] zeCommandListHostSynchronize(hCommandList, timeout)
[2026-10-08 21:45:39.069] [thread-id: 139713508326592] [trace] SUCCESS (ZE_RESULT_SUCCESS) in zeCommandListHostSynchronize(hCommandList=0x76c4f08, timeout=18446744073709551615)
   <--- urQueueFinish(.hQueue = 0x76c4150) -> UR_RESULT_SUCCESS;
   ---> urUSMFree
   <--- urUSMFree(.hContext = 0x76c0dd0, .pMem = 0xffffffffff600000) -> UR_RESULT_SUCCESS;
   ---> urQueueRelease
[2026-10-08 21:45:39.069] [thread-id: 139713508326592] [trace] zeCommandListHostSynchronize(hCommandList, timeout)
[2026-10-08 21:45:39.069] [thread-id: 139713508326592] [trace] SUCCESS (ZE_RESULT_SUCCESS) in zeCommandListHostSynchronize(hCommandList=0x76c4f08, timeout=18446744073709551615)
   <--- urQueueRelease(.hQueue = 0x76c4150) -> UR_RESULT_SUCCESS;
   ---> urProgramRelease
   <--- urProgramRelease(.hProgram = 0x76fea20) -> UR_RESULT_SUCCESS;
   ---> urKernelRelease
   <--- urKernelRelease(.hKernel = 0x7749d50) -> UR_RESULT_SUCCESS;
   ---> urProgramRelease
   <--- urProgramRelease(.hProgram = 0x76fea20) -> UR_RESULT_SUCCESS;
   ---> urKernelRelease
[2026-10-08 21:45:39.069] [thread-id: 139713508326592] [trace] zeKernelDestroy(hKernel)
[2026-10-08 21:45:39.069] [thread-id: 139713508326592] [trace] SUCCESS (ZE_RESULT_SUCCESS) in zeKernelDestroy(hKernel=0x774e758)
[2026-10-08 21:45:39.069] [thread-id: 139713508326592] [trace] zeModuleBuildLogDestroy(hModuleBuildLog)
[2026-10-08 21:45:39.069] [thread-id: 139713508326592] [trace] SUCCESS (ZE_RESULT_SUCCESS) in zeModuleBuildLogDestroy(hModuleBuildLog=0x7737958)
[2026-10-08 21:45:39.069] [thread-id: 139713508326592] [trace] zeModuleDestroy(hModule)
[2026-10-08 21:45:39.069] [thread-id: 139713508326592] [trace] SUCCESS (ZE_RESULT_SUCCESS) in zeModuleDestroy(hModule=0x7711d28)
   <--- urKernelRelease(.hKernel = 0x7749d50) -> UR_RESULT_SUCCESS;
   ---> urContextRelease
[2026-10-08 21:45:39.069] [thread-id: 139713508326592] [trace] zeMemFreeExt(hContext, pMemFreeDesc, ptr)
[2026-10-08 21:45:39.069] [thread-id: 139713508326592] [trace] SUCCESS (ZE_RESULT_SUCCESS) in zeMemFreeExt(hContext=0x76bd738, pMemFreeDesc={stype=0x7ffe01adef90, freePolicy=1}, ptr=0xffffffffff600000)
[2026-10-08 21:45:39.070] [thread-id: 139713508326592] [trace] zeEventDestroy(hEvent)
[2026-10-08 21:45:39.070] [thread-id: 139713508326592] [trace] SUCCESS (ZE_RESULT_SUCCESS) in zeEventDestroy(hEvent=0x76f6648)
[2026-10-08 21:45:39.070] [thread-id: 139713508326592] [trace] zeEventDestroy(hEvent)
[2026-10-08 21:45:39.070] [thread-id: 139713508326592] [trace] SUCCESS (ZE_RESULT_SUCCESS) in zeEventDestroy(hEvent=0x76f6b88)
[2026-10-08 21:45:39.070] [thread-id: 139713508326592] [trace] zeEventDestroy(hEvent)
[2026-10-08 21:45:39.070] [thread-id: 139713508326592] [trace] SUCCESS (ZE_RESULT_SUCCESS) in zeEventDestroy(hEvent=0x76f7288)
[2026-10-08 21:45:39.070] [thread-id: 139713508326592] [trace] zeEventDestroy(hEvent)
[2026-10-08 21:45:39.070] [thread-id: 139713508326592] [trace] SUCCESS (ZE_RESULT_SUCCESS) in zeEventDestroy(hEvent=0x76f77e8)
[2026-10-08 21:45:39.070] [thread-id: 139713508326592] [trace] zeEventDestroy(hEvent)
[2026-10-08 21:45:39.070] [thread-id: 139713508326592] [trace] SUCCESS (ZE_RESULT_SUCCESS) in zeEventDestroy(hEvent=0x76f7ee8)
[2026-10-08 21:45:39.070] [thread-id: 139713508326592] [trace] zeEventDestroy(hEvent)
[2026-10-08 21:45:39.070] [thread-id: 139713508326592] [trace] SUCCESS (ZE_RESULT_SUCCESS) in zeEventDestroy(hEvent=0x76f83f8)
[2026-10-08 21:45:39.070] [thread-id: 139713508326592] [trace] zeEventDestroy(hEvent)
[2026-10-08 21:45:39.070] [thread-id: 139713508326592] [trace] SUCCESS (ZE_RESULT_SUCCESS) in zeEventDestroy(hEvent=0x76f8af8)
[2026-10-08 21:45:39.070] [thread-id: 139713508326592] [trace] zeEventDestroy(hEvent)
[2026-10-08 21:45:39.070] [thread-id: 139713508326592] [trace] SUCCESS (ZE_RESULT_SUCCESS) in zeEventDestroy(hEvent=0x76f9008)
[2026-10-08 21:45:39.070] [thread-id: 139713508326592] [trace] zeEventDestroy(hEvent)
[2026-10-08 21:45:39.070] [thread-id: 139713508326592] [trace] SUCCESS (ZE_RESULT_SUCCESS) in zeEventDestroy(hEvent=0x76f9708)
[2026-10-08 21:45:39.070] [thread-id: 139713508326592] [trace] zeEventDestroy(hEvent)
[2026-10-08 21:45:39.070] [thread-id: 139713508326592] [trace] SUCCESS (ZE_RESULT_SUCCESS) in zeEventDestroy(hEvent=0x76f9cb8)
[2026-10-08 21:45:39.070] [thread-id: 139713508326592] [trace] zeEventDestroy(hEvent)
[2026-10-08 21:45:39.070] [thread-id: 139713508326592] [trace] SUCCESS (ZE_RESULT_SUCCESS) in zeEventDestroy(hEvent=0x76fa3b8)
[2026-10-08 21:45:39.070] [thread-id: 139713508326592] [trace] zeEventDestroy(hEvent)
[2026-10-08 21:45:39.070] [thread-id: 139713508326592] [trace] SUCCESS (ZE_RESULT_SUCCESS) in zeEventDestroy(hEvent=0x76fa8c8)
[2026-10-08 21:45:39.070] [thread-id: 139713508326592] [trace] zeEventDestroy(hEvent)
[2026-10-08 21:45:39.070] [thread-id: 139713508326592] [trace] SUCCESS (ZE_RESULT_SUCCESS) in zeEventDestroy(hEvent=0x76fafc8)
[2026-10-08 21:45:39.070] [thread-id: 139713508326592] [trace] zeEventDestroy(hEvent)
[2026-10-08 21:45:39.070] [thread-id: 139713508326592] [trace] SUCCESS (ZE_RESULT_SUCCESS) in zeEventDestroy(hEvent=0x76fb4d8)
[2026-10-08 21:45:39.070] [thread-id: 139713508326592] [trace] zeEventDestroy(hEvent)
[2026-10-08 21:45:39.070] [thread-id: 139713508326592] [trace] SUCCESS (ZE_RESULT_SUCCESS) in zeEventDestroy(hEvent=0x76fbbd8)
[2026-10-08 21:45:39.070] [thread-id: 139713508326592] [trace] zeEventDestroy(hEvent)
[2026-10-08 21:45:39.070] [thread-id: 139713508326592] [trace] SUCCESS (ZE_RESULT_SUCCESS) in zeEventDestroy(hEvent=0x76fc0e8)
[2026-10-08 21:45:39.070] [thread-id: 139713508326592] [trace] zeEventDestroy(hEvent)
[2026-10-08 21:45:39.070] [thread-id: 139713508326592] [trace] SUCCESS (ZE_RESULT_SUCCESS) in zeEventDestroy(hEvent=0x76fc7e8)
[2026-10-08 21:45:39.070] [thread-id: 139713508326592] [trace] zeEventDestroy(hEvent)
[2026-10-08 21:45:39.070] [thread-id: 139713508326592] [trace] SUCCESS (ZE_RESULT_SUCCESS) in zeEventDestroy(hEvent=0x76fccf8)
[2026-10-08 21:45:39.070] [thread-id: 139713508326592] [trace] zeEventDestroy(hEvent)
[2026-10-08 21:45:39.070] [thread-id: 139713508326592] [trace] SUCCESS (ZE_RESULT_SUCCESS) in zeEventDestroy(hEvent=0x76fd3f8)
[2026-10-08 21:45:39.070] [thread-id: 139713508326592] [trace] zeEventDestroy(hEvent)
[2026-10-08 21:45:39.070] [thread-id: 139713508326592] [trace] SUCCESS (ZE_RESULT_SUCCESS) in zeEventDestroy(hEvent=0x76fd908)
[2026-10-08 21:45:39.070] [thread-id: 139713508326592] [trace] zeEventDestroy(hEvent)
[2026-10-08 21:45:39.070] [thread-id: 139713508326592] [trace] SUCCESS (ZE_RESULT_SUCCESS) in zeEventDestroy(hEvent=0x76fe008)
[2026-10-08 21:45:39.070] [thread-id: 139713508326592] [trace] zeEventDestroy(hEvent)
[2026-10-08 21:45:39.070] [thread-id: 139713508326592] [trace] SUCCESS (ZE_RESULT_SUCCESS) in zeEventDestroy(hEvent=0x76fe518)
[2026-10-08 21:45:39.070] [thread-id: 139713508326592] [trace] zeEventDestroy(hEvent)
[2026-10-08 21:45:39.070] [thread-id: 139713508326592] [trace] SUCCESS (ZE_RESULT_SUCCESS) in zeEventDestroy(hEvent=0x76fed58)
[2026-10-08 21:45:39.070] [thread-id: 139713508326592] [trace] zeEventDestroy(hEvent)
[2026-10-08 21:45:39.070] [thread-id: 139713508326592] [trace] SUCCESS (ZE_RESULT_SUCCESS) in zeEventDestroy(hEvent=0x76ff268)
[2026-10-08 21:45:39.070] [thread-id: 139713508326592] [trace] zeEventDestroy(hEvent)
[2026-10-08 21:45:39.070] [thread-id: 139713508326592] [trace] SUCCESS (ZE_RESULT_SUCCESS) in zeEventDestroy(hEvent=0x76ff968)
[2026-10-08 21:45:39.070] [thread-id: 139713508326592] [trace] zeEventDestroy(hEvent)
[2026-10-08 21:45:39.070] [thread-id: 139713508326592] [trace] SUCCESS (ZE_RESULT_SUCCESS) in zeEventDestroy(hEvent=0x76ffe78)
[2026-10-08 21:45:39.070] [thread-id: 139713508326592] [trace] zeEventDestroy(hEvent)
[2026-10-08 21:45:39.070] [thread-id: 139713508326592] [trace] SUCCESS (ZE_RESULT_SUCCESS) in zeEventDestroy(hEvent=0x7700578)
[2026-10-08 21:45:39.070] [thread-id: 139713508326592] [trace] zeEventDestroy(hEvent)
[2026-10-08 21:45:39.070] [thread-id: 139713508326592] [trace] SUCCESS (ZE_RESULT_SUCCESS) in zeEventDestroy(hEvent=0x7700a88)
[2026-10-08 21:45:39.070] [thread-id: 139713508326592] [trace] zeEventDestroy(hEvent)
[2026-10-08 21:45:39.070] [thread-id: 139713508326592] [trace] SUCCESS (ZE_RESULT_SUCCESS) in zeEventDestroy(hEvent=0x7701188)
[2026-10-08 21:45:39.070] [thread-id: 139713508326592] [trace] zeEventDestroy(hEvent)
[2026-10-08 21:45:39.070] [thread-id: 139713508326592] [trace] SUCCESS (ZE_RESULT_SUCCESS) in zeEventDestroy(hEvent=0x7701698)
[2026-10-08 21:45:39.070] [thread-id: 139713508326592] [trace] zeEventDestroy(hEvent)
[2026-10-08 21:45:39.070] [thread-id: 139713508326592] [trace] SUCCESS (ZE_RESULT_SUCCESS) in zeEventDestroy(hEvent=0x7701d98)
[2026-10-08 21:45:39.070] [thread-id: 139713508326592] [trace] zeEventDestroy(hEvent)
[2026-10-08 21:45:39.070] [thread-id: 139713508326592] [trace] SUCCESS (ZE_RESULT_SUCCESS) in zeEventDestroy(hEvent=0x77024b8)
[2026-10-08 21:45:39.070] [thread-id: 139713508326592] [trace] zeEventDestroy(hEvent)
[2026-10-08 21:45:39.070] [thread-id: 139713508326592] [trace] SUCCESS (ZE_RESULT_SUCCESS) in zeEventDestroy(hEvent=0x7702bb8)
[2026-10-08 21:45:39.070] [thread-id: 139713508326592] [trace] zeEventDestroy(hEvent)
[2026-10-08 21:45:39.070] [thread-id: 139713508326592] [trace] SUCCESS (ZE_RESULT_SUCCESS) in zeEventDestroy(hEvent=0x77030c8)
[2026-10-08 21:45:39.071] [thread-id: 139713508326592] [trace] zeEventDestroy(hEvent)
[2026-10-08 21:45:39.071] [thread-id: 139713508326592] [trace] SUCCESS (ZE_RESULT_SUCCESS) in zeEventDestroy(hEvent=0x77037c8)
[2026-10-08 21:45:39.071] [thread-id: 139713508326592] [trace] zeEventDestroy(hEvent)
[2026-10-08 21:45:39.071] [thread-id: 139713508326592] [trace] SUCCESS (ZE_RESULT_SUCCESS) in zeEventDestroy(hEvent=0x7703cd8)
[2026-10-08 21:45:39.071] [thread-id: 139713508326592] [trace] zeEventDestroy(hEvent)
[2026-10-08 21:45:39.071] [thread-id: 139713508326592] [trace] SUCCESS (ZE_RESULT_SUCCESS) in zeEventDestroy(hEvent=0x77043d8)
[2026-10-08 21:45:39.071] [thread-id: 139713508326592] [trace] zeEventDestroy(hEvent)
[2026-10-08 21:45:39.071] [thread-id: 139713508326592] [trace] SUCCESS (ZE_RESULT_SUCCESS) in zeEventDestroy(hEvent=0x77048e8)
[2026-10-08 21:45:39.071] [thread-id: 139713508326592] [trace] zeEventDestroy(hEvent)
[2026-10-08 21:45:39.071] [thread-id: 139713508326592] [trace] SUCCESS (ZE_RESULT_SUCCESS) in zeEventDestroy(hEvent=0x7704fe8)
[2026-10-08 21:45:39.071] [thread-id: 139713508326592] [trace] zeEventDestroy(hEvent)
[2026-10-08 21:45:39.071] [thread-id: 139713508326592] [trace] SUCCESS (ZE_RESULT_SUCCESS) in zeEventDestroy(hEvent=0x77054f8)
[2026-10-08 21:45:39.071] [thread-id: 139713508326592] [trace] zeEventDestroy(hEvent)
[2026-10-08 21:45:39.071] [thread-id: 139713508326592] [trace] SUCCESS (ZE_RESULT_SUCCESS) in zeEventDestroy(hEvent=0x7705bf8)
[2026-10-08 21:45:39.071] [thread-id: 139713508326592] [trace] zeEventDestroy(hEvent)
[2026-10-08 21:45:39.071] [thread-id: 139713508326592] [trace] SUCCESS (ZE_RESULT_SUCCESS) in zeEventDestroy(hEvent=0x7706108)
[2026-10-08 21:45:39.071] [thread-id: 139713508326592] [trace] zeEventDestroy(hEvent)
[2026-10-08 21:45:39.071] [thread-id: 139713508326592] [trace] SUCCESS (ZE_RESULT_SUCCESS) in zeEventDestroy(hEvent=0x7706808)
[2026-10-08 21:45:39.071] [thread-id: 139713508326592] [trace] zeEventDestroy(hEvent)
[2026-10-08 21:45:39.071] [thread-id: 139713508326592] [trace] SUCCESS (ZE_RESULT_SUCCESS) in zeEventDestroy(hEvent=0x7706d18)
[2026-10-08 21:45:39.071] [thread-id: 139713508326592] [trace] zeEventDestroy(hEvent)
[2026-10-08 21:45:39.071] [thread-id: 139713508326592] [trace] SUCCESS (ZE_RESULT_SUCCESS) in zeEventDestroy(hEvent=0x7707418)
[2026-10-08 21:45:39.071] [thread-id: 139713508326592] [trace] zeEventDestroy(hEvent)
[2026-10-08 21:45:39.071] [thread-id: 139713508326592] [trace] SUCCESS (ZE_RESULT_SUCCESS) in zeEventDestroy(hEvent=0x7707928)
[2026-10-08 21:45:39.071] [thread-id: 139713508326592] [trace] zeEventDestroy(hEvent)
[2026-10-08 21:45:39.071] [thread-id: 139713508326592] [trace] SUCCESS (ZE_RESULT_SUCCESS) in zeEventDestroy(hEvent=0x7708028)
[2026-10-08 21:45:39.071] [thread-id: 139713508326592] [trace] zeEventDestroy(hEvent)
[2026-10-08 21:45:39.071] [thread-id: 139713508326592] [trace] SUCCESS (ZE_RESULT_SUCCESS) in zeEventDestroy(hEvent=0x7708538)
[2026-10-08 21:45:39.071] [thread-id: 139713508326592] [trace] zeEventDestroy(hEvent)
[2026-10-08 21:45:39.071] [thread-id: 139713508326592] [trace] SUCCESS (ZE_RESULT_SUCCESS) in zeEventDestroy(hEvent=0x7708c38)
[2026-10-08 21:45:39.071] [thread-id: 139713508326592] [trace] zeEventDestroy(hEvent)
[2026-10-08 21:45:39.071] [thread-id: 139713508326592] [trace] SUCCESS (ZE_RESULT_SUCCESS) in zeEventDestroy(hEvent=0x7709148)
[2026-10-08 21:45:39.071] [thread-id: 139713508326592] [trace] zeEventDestroy(hEvent)
[2026-10-08 21:45:39.071] [thread-id: 139713508326592] [trace] SUCCESS (ZE_RESULT_SUCCESS) in zeEventDestroy(hEvent=0x7709ac8)
[2026-10-08 21:45:39.071] [thread-id: 139713508326592] [trace] zeEventDestroy(hEvent)
[2026-10-08 21:45:39.071] [thread-id: 139713508326592] [trace] SUCCESS (ZE_RESULT_SUCCESS) in zeEventDestroy(hEvent=0x7709fd8)
[2026-10-08 21:45:39.071] [thread-id: 139713508326592] [trace] zeEventDestroy(hEvent)
[2026-10-08 21:45:39.071] [thread-id: 139713508326592] [trace] SUCCESS (ZE_RESULT_SUCCESS) in zeEventDestroy(hEvent=0x770a6d8)
[2026-10-08 21:45:39.071] [thread-id: 139713508326592] [trace] zeEventDestroy(hEvent)
[2026-10-08 21:45:39.071] [thread-id: 139713508326592] [trace] SUCCESS (ZE_RESULT_SUCCESS) in zeEventDestroy(hEvent=0x770abe8)
[2026-10-08 21:45:39.071] [thread-id: 139713508326592] [trace] zeEventDestroy(hEvent)
[2026-10-08 21:45:39.071] [thread-id: 139713508326592] [trace] SUCCESS (ZE_RESULT_SUCCESS) in zeEventDestroy(hEvent=0x770b2e8)
[2026-10-08 21:45:39.071] [thread-id: 139713508326592] [trace] zeEventDestroy(hEvent)
[2026-10-08 21:45:39.071] [thread-id: 139713508326592] [trace] SUCCESS (ZE_RESULT_SUCCESS) in zeEventDestroy(hEvent=0x770b7f8)
[2026-10-08 21:45:39.071] [thread-id: 139713508326592] [trace] zeEventDestroy(hEvent)
[2026-10-08 21:45:39.071] [thread-id: 139713508326592] [trace] SUCCESS (ZE_RESULT_SUCCESS) in zeEventDestroy(hEvent=0x770bef8)
[2026-10-08 21:45:39.071] [thread-id: 139713508326592] [trace] zeEventDestroy(hEvent)
[2026-10-08 21:45:39.071] [thread-id: 139713508326592] [trace] SUCCESS (ZE_RESULT_SUCCESS) in zeEventDestroy(hEvent=0x770c408)
[2026-10-08 21:45:39.071] [thread-id: 139713508326592] [trace] zeEventDestroy(hEvent)
[2026-10-08 21:45:39.071] [thread-id: 139713508326592] [trace] SUCCESS (ZE_RESULT_SUCCESS) in zeEventDestroy(hEvent=0x770cb08)
[2026-10-08 21:45:39.071] [thread-id: 139713508326592] [trace] zeEventDestroy(hEvent)
[2026-10-08 21:45:39.071] [thread-id: 139713508326592] [trace] SUCCESS (ZE_RESULT_SUCCESS) in zeEventDestroy(hEvent=0x770d018)
[2026-10-08 21:45:39.071] [thread-id: 139713508326592] [trace] zeEventDestroy(hEvent)
[2026-10-08 21:45:39.071] [thread-id: 139713508326592] [trace] SUCCESS (ZE_RESULT_SUCCESS) in zeEventDestroy(hEvent=0x770d718)
[2026-10-08 21:45:39.071] [thread-id: 139713508326592] [trace] zeEventDestroy(hEvent)
[2026-10-08 21:45:39.071] [thread-id: 139713508326592] [trace] SUCCESS (ZE_RESULT_SUCCESS) in zeEventDestroy(hEvent=0x770dc28)
[2026-10-08 21:45:39.071] [thread-id: 139713508326592] [trace] zeEventDestroy(hEvent)
[2026-10-08 21:45:39.071] [thread-id: 139713508326592] [trace] SUCCESS (ZE_RESULT_SUCCESS) in zeEventDestroy(hEvent=0x76f5c28)
[2026-10-08 21:45:39.071] [thread-id: 139713508326592] [trace] zeEventDestroy(hEvent)
[2026-10-08 21:45:39.071] [thread-id: 139713508326592] [trace] SUCCESS (ZE_RESULT_SUCCESS) in zeEventDestroy(hEvent=0x76f5f28)
[2026-10-08 21:45:39.071] [thread-id: 139713508326592] [trace] zeCommandListDestroy(hCommandList)
[2026-10-08 21:45:39.071] [thread-id: 139713508326592] [trace] SUCCESS (ZE_RESULT_SUCCESS) in zeCommandListDestroy(hCommandList=0x76c4f08)
[2026-10-08 21:45:39.071] [thread-id: 139713508326592] [trace] zeContextDestroy(hContext)
[2026-10-08 21:45:39.071] [thread-id: 139713508326592] [trace] SUCCESS (ZE_RESULT_SUCCESS) in zeContextDestroy(hContext=0x76bd738)
   <--- urContextRelease(.hContext = 0x76c0dd0) -> UR_RESULT_SUCCESS;
   ---> urDeviceRelease
   <--- urDeviceRelease(.hDevice = 0x76bc040) -> UR_RESULT_SUCCESS;
   ---> urAdapterRelease
   <--- urAdapterRelease(.hAdapter = 0x74c0700) -> UR_RESULT_SUCCESS;
