<LOADER>[DEBUG]: Logger loader initialized successfully!
<LOADER>[INFO]: loaded adapter 0x0x1f06a980 (/opt/intel/oneapi/compiler/2026.1/lib/libur_adapter_level_zero_v2.so.0) from /opt/intel/oneapi/compiler/2026.1/lib/libur_adapter_level_zero_v2.so.0
   ---> urAdapterGet
<LEVEL_ZERO>[DEBUG]: zeInit with flags value of 1
[2026-10-08 02:25:51.464] [thread-id: 131884465589440] [info] Loader Version 1.32.0  - No git SHA found, compiled outside git folder.
[2026-10-08 02:25:51.467] [thread-id: 131884465589440] [info] Validation Layer Enabled
[2026-10-08 02:25:51.467] [thread-id: 131884465589440] [info] zeInit succeeded
[2026-10-08 02:25:51.468] [thread-id: 131884465589440] [trace] zeInit(flags)
[2026-10-08 02:25:51.543] [thread-id: 131884465589440] [trace] SUCCESS (ZE_RESULT_SUCCESS) in zeInit(flags=1)
<LEVEL_ZERO>[DEBUG]: Level Zero Loader version: 1.32.0
<LEVEL_ZERO>[DEBUG]: zeInitDrivers with flags value of 1
[2026-10-08 02:25:51.544] [thread-id: 131884465589440] [trace] zeInitDrivers(pCount, phDrivers, desc)
[2026-10-08 02:25:51.544] [thread-id: 131884465589440] [trace] SUCCESS (ZE_RESULT_SUCCESS) in zeInitDrivers(pCount=1, phDrivers=nullptr, desc={stype=0x1f069728, flags=1})
[2026-10-08 02:25:51.544] [thread-id: 131884465589440] [trace] zeInitDrivers(pCount, phDrivers, desc)
[2026-10-08 02:25:51.544] [thread-id: 131884465589440] [trace] SUCCESS (ZE_RESULT_SUCCESS) in zeInitDrivers(pCount=1, phDrivers=nullptr, desc={stype=0x1f069728, flags=1})
[2026-10-08 02:25:51.544] [thread-id: 131884465589440] [trace] zeDriverGet(pCount, phDrivers)
[2026-10-08 02:25:51.544] [thread-id: 131884465589440] [trace] SUCCESS (ZE_RESULT_SUCCESS) in zeDriverGet(pCount=1, phDrivers=nullptr)
[2026-10-08 02:25:51.544] [thread-id: 131884465589440] [trace] zeDriverGet(pCount, phDrivers)
[2026-10-08 02:25:51.544] [thread-id: 131884465589440] [trace] SUCCESS (ZE_RESULT_SUCCESS) in zeDriverGet(pCount=1, phDrivers=0x1f24f980)
[2026-10-08 02:25:51.544] [thread-id: 131884465589440] [trace] zeDeviceGet(hDriver, pCount, phDevices)
[2026-10-08 02:25:51.544] [thread-id: 131884465589440] [trace] SUCCESS (ZE_RESULT_SUCCESS) in zeDeviceGet(hDriver=0x1f24f9c8, pCount=1, phDevices=nullptr)
[2026-10-08 02:25:51.544] [thread-id: 131884465589440] [trace] zeDeviceGet(hDriver, pCount, phDevices)
[2026-10-08 02:25:51.544] [thread-id: 131884465589440] [trace] SUCCESS (ZE_RESULT_SUCCESS) in zeDeviceGet(hDriver=0x1f24f9c8, pCount=1, phDevices=0x1f25c2b0)
[2026-10-08 02:25:51.544] [thread-id: 131884465589440] [trace] zeDeviceGetProperties(hDevice, pDeviceProperties)
[2026-10-08 02:25:51.544] [thread-id: 131884465589440] [trace] SUCCESS (ZE_RESULT_SUCCESS) in zeDeviceGetProperties(hDevice=0x1f24ff28, pDeviceProperties={stype=0x7fffc81c29f0, type=0x7fffc81c2a00, vendorId=32902, deviceId=57868, flags=8, subdeviceId=0, coreClockRate=2750, maxMemAllocSize=10132807680, maxHardwareContexts=65536, maxCommandQueuePriority=0, numThreadsPerEU=8, physicalEUSimdWidth=16, numEUsPerSubslice=8, numSubslicesPerSlice=4, numSlices=5, timerResolution=52, timestampValidBits=64, kernelTimestampValidBits=64, uuid={id=134}, name="Intel(R) Arc(TM) B570 Graphics"})
<LEVEL_ZERO>[DEBUG]: 
zesInit with flags value of 0

[2026-10-08 02:25:51.544] [thread-id: 131884465589440] [trace] zesInit(flags)
[2026-10-08 02:25:51.546] [thread-id: 131884465589440] [trace] SUCCESS (ZE_RESULT_SUCCESS) in zesInit(flags=0)
[2026-10-08 02:25:51.546] [thread-id: 131884465589440] [trace] zeDriverGet(pCount, phDrivers)
[2026-10-08 02:25:51.546] [thread-id: 131884465589440] [trace] SUCCESS (ZE_RESULT_SUCCESS) in zeDriverGet(pCount=1, phDrivers=nullptr)
[2026-10-08 02:25:51.546] [thread-id: 131884465589440] [trace] zeDriverGet(pCount, phDrivers)
[2026-10-08 02:25:51.546] [thread-id: 131884465589440] [trace] SUCCESS (ZE_RESULT_SUCCESS) in zeDriverGet(pCount=1, phDrivers=0x1f263340)
[2026-10-08 02:25:51.546] [thread-id: 131884465589440] [trace] zeInitDrivers(pCount, phDrivers, desc)
[2026-10-08 02:25:51.546] [thread-id: 131884465589440] [trace] SUCCESS (ZE_RESULT_SUCCESS) in zeInitDrivers(pCount=1, phDrivers=0x1f263410, desc={stype=0x1f069728, flags=1})
[2026-10-08 02:25:51.546] [thread-id: 131884465589440] [trace] zeDriverGetProperties(hDriver, pDriverProperties)
[2026-10-08 02:25:51.546] [thread-id: 131884465589440] [trace] SUCCESS (ZE_RESULT_SUCCESS) in zeDriverGetProperties(hDriver=0x1f24f9c8, pDriverProperties={stype=0x7fffc81c2940, uuid={id=227}, driverVersion=17013219})
[2026-10-08 02:25:51.546] [thread-id: 131884465589440] [trace] zeDriverGetProperties(hDriver, pDriverProperties)
[2026-10-08 02:25:51.546] [thread-id: 131884465589440] [trace] SUCCESS (ZE_RESULT_SUCCESS) in zeDriverGetProperties(hDriver=0x1f24f9c8, pDriverProperties={stype=0x7fffc81c2b10, uuid={id=227}, driverVersion=17013219})
<LEVEL_ZERO>[DEBUG]: zeDriverHandle 0x1f24f9c8 matched between zeDriverGet and zeInitDrivers. Not adding duplicate driver to list
<LEVEL_ZERO>[DEBUG]: 1 L0 Drivers found.
[2026-10-08 02:25:51.546] [thread-id: 131884465589440] [trace] zeDeviceGet(hDriver, pCount, phDevices)
[2026-10-08 02:25:51.546] [thread-id: 131884465589440] [trace] SUCCESS (ZE_RESULT_SUCCESS) in zeDeviceGet(hDriver=0x1f24f9c8, pCount=1, phDevices=nullptr)
[2026-10-08 02:25:51.546] [thread-id: 131884465589440] [trace] zeDeviceGet(hDriver, pCount, phDevices)
[2026-10-08 02:25:51.546] [thread-id: 131884465589440] [trace] SUCCESS (ZE_RESULT_SUCCESS) in zeDeviceGet(hDriver=0x1f24f9c8, pCount=1, phDevices=0x1f2636b0)
[2026-10-08 02:25:51.546] [thread-id: 131884465589440] [trace] zeDeviceGetProperties(hDevice, pDeviceProperties)
[2026-10-08 02:25:51.546] [thread-id: 131884465589440] [trace] SUCCESS (ZE_RESULT_SUCCESS) in zeDeviceGetProperties(hDevice=0x1f24ff28, pDeviceProperties={stype=0x7fffc81c2940, type=0x7fffc81c2950, vendorId=32902, deviceId=57868, flags=8, subdeviceId=0, coreClockRate=2750, maxMemAllocSize=10132807680, maxHardwareContexts=65536, maxCommandQueuePriority=0, numThreadsPerEU=8, physicalEUSimdWidth=16, numEUsPerSubslice=8, numSubslicesPerSlice=4, numSlices=5, timerResolution=52, timestampValidBits=64, kernelTimestampValidBits=64, uuid={id=134}, name="Intel(R) Arc(TM) B570 Graphics"})
[2026-10-08 02:25:51.546] [thread-id: 131884465589440] [trace] zeDriverGetApiVersion(hDriver, version)
[2026-10-08 02:25:51.546] [thread-id: 131884465589440] [trace] SUCCESS (ZE_RESULT_SUCCESS) in zeDriverGetApiVersion(hDriver=0x1f24f9c8, version=65553)
[2026-10-08 02:25:51.546] [thread-id: 131884465589440] [trace] zeDriverGetExtensionProperties(hDriver, pCount, pExtensionProperties)
[2026-10-08 02:25:51.546] [thread-id: 131884465589440] [trace] SUCCESS (ZE_RESULT_SUCCESS) in zeDriverGetExtensionProperties(hDriver=0x1f24f9c8, pCount=63, pExtensionProperties=nullptr)
[2026-10-08 02:25:51.547] [thread-id: 131884465589440] [trace] zeDriverGetExtensionProperties(hDriver, pCount, pExtensionProperties)
[2026-10-08 02:25:51.547] [thread-id: 131884465589440] [trace] SUCCESS (ZE_RESULT_SUCCESS) in zeDriverGetExtensionProperties(hDriver=0x1f24f9c8, pCount=63, pExtensionProperties={name="ZE_extension_device_cache_line_size", version=65536})
[2026-10-08 02:25:51.547] [thread-id: 131884465589440] [trace] zeDriverGetExtensionFunctionAddress(hDriver, name, ppFunctionAddress)
[2026-10-08 02:25:51.547] [thread-id: 131884465589440] [trace] SUCCESS (ZE_RESULT_SUCCESS) in zeDriverGetExtensionFunctionAddress(hDriver=0x1f24f9c8, name="zeIntelGetDriverVersionString", ppFunctionAddress=0x77f2bae30c00)
[2026-10-08 02:25:51.547] [thread-id: 131884465589440] [trace] zeDriverGetProperties(hDriver, pDriverProperties)
[2026-10-08 02:25:51.547] [thread-id: 131884465589440] [trace] SUCCESS (ZE_RESULT_SUCCESS) in zeDriverGetProperties(hDriver=0x1f24f9c8, pDriverProperties={stype=0x7fffc81c2800, uuid={id=227}, driverVersion=17013219})
<LEVEL_ZERO>[DEBUG]: Level Zero Driver version: 1.17.39395+14
[2026-10-08 02:25:51.547] [thread-id: 131884465589440] [trace] zeDriverGetExtensionFunctionAddress(hDriver, name, ppFunctionAddress)
[2026-10-08 02:25:51.547] [thread-id: 131884465589440] [trace] SUCCESS (ZE_RESULT_SUCCESS) in zeDriverGetExtensionFunctionAddress(hDriver=0x1f24f9c8, name="zexDriverImportExternalPointer", ppFunctionAddress=0x77f2bae2ba40)
[2026-10-08 02:25:51.547] [thread-id: 131884465589440] [trace] zeDriverGetExtensionFunctionAddress(hDriver, name, ppFunctionAddress)
[2026-10-08 02:25:51.547] [thread-id: 131884465589440] [trace] SUCCESS (ZE_RESULT_SUCCESS) in zeDriverGetExtensionFunctionAddress(hDriver=0x1f24f9c8, name="zexDriverReleaseImportedPointer", ppFunctionAddress=0x77f2bae33e30)
[2026-10-08 02:25:51.547] [thread-id: 131884465589440] [trace] zeDriverGetExtensionFunctionAddress(hDriver, name, ppFunctionAddress)
[2026-10-08 02:25:51.547] [thread-id: 131884465589440] [trace] SUCCESS (ZE_RESULT_SUCCESS) in zeDriverGetExtensionFunctionAddress(hDriver=0x1f24f9c8, name="zeImageGetDeviceOffsetExp", ppFunctionAddress=0x77f2bae35190)
[2026-10-08 02:25:51.547] [thread-id: 131884465589440] [trace] zeDriverGetExtensionFunctionAddress(hDriver, name, ppFunctionAddress)
[2026-10-08 02:25:51.547] [thread-id: 131884465589440] [trace] SUCCESS (ZE_RESULT_SUCCESS) in zeDriverGetExtensionFunctionAddress(hDriver=0x1f24f9c8, name="zeMemGetPitchFor2dImage", ppFunctionAddress=0x77f2bae37550)
[2026-10-08 02:25:51.547] [thread-id: 131884465589440] [trace] zeDriverGetExtensionFunctionAddress(hDriver, name, ppFunctionAddress)
[2026-10-08 02:25:51.547] [thread-id: 131884465589440] [trace] SUCCESS (ZE_RESULT_SUCCESS) in zeDriverGetExtensionFunctionAddress(hDriver=0x1f24f9c8, name="zeGraphGetIdExt", ppFunctionAddress=0x77f2bae25dd0)
[2026-10-08 02:25:51.547] [thread-id: 131884465589440] [trace] zeDriverGetExtensionFunctionAddress(hDriver, name, ppFunctionAddress)
[2026-10-08 02:25:51.547] [thread-id: 131884465589440] [trace] SUCCESS (ZE_RESULT_SUCCESS) in zeDriverGetExtensionFunctionAddress(hDriver=0x1f24f9c8, name="zeCommandListAppendHostFunction", ppFunctionAddress=0x77f2bae09140)
[2026-10-08 02:25:51.547] [thread-id: 131884465589440] [trace] zesDriverGet(pCount, phDrivers)
[2026-10-08 02:25:51.547] [thread-id: 131884465589440] [trace] SUCCESS (ZE_RESULT_SUCCESS) in zesDriverGet(pCount=1, phDrivers=nullptr)
[2026-10-08 02:25:51.547] [thread-id: 131884465589440] [trace] zesDriverGet(pCount, phDrivers)
[2026-10-08 02:25:51.547] [thread-id: 131884465589440] [trace] SUCCESS (ZE_RESULT_SUCCESS) in zesDriverGet(pCount=1, phDrivers=0x1f2645b0)
[2026-10-08 02:25:51.547] [thread-id: 131884465589440] [trace] zesDriverGetDeviceByUuidExp(hDriver, uuid, phDevice, onSubdevice, subdeviceId)
[2026-10-08 02:25:51.547] [thread-id: 131884465589440] [trace] SUCCESS (ZE_RESULT_SUCCESS) in zesDriverGetDeviceByUuidExp(hDriver=0x1f2601c8, uuid={id=134}, phDevice=0x1f090058, onSubdevice=0, subdeviceId=0)
<LEVEL_ZERO>[DEBUG]: Initialized 1 platforms
   <--- urAdapterGet(.NumEntries = 0, .phAdapters = nullptr, .pNumAdapters = 0x7fffc81c3218 (1)) -> UR_RESULT_SUCCESS;
   ---> urAdapterGet
   <--- urAdapterGet(.NumEntries = 1, .phAdapters = 0x1f263690 {0x1f069700}, .pNumAdapters = nullptr) -> UR_RESULT_SUCCESS;
   ---> urAdapterGetInfo
   <--- urAdapterGetInfo(.hAdapter = 0x1f069700, .propName = UR_ADAPTER_INFO_BACKEND, .propSize = 4, .pPropValue = 0x7fffc81c320c (UR_BACKEND_LEVEL_ZERO), .pPropSizeRet = nullptr) -> UR_RESULT_SUCCESS;
   ---> urAdapterSetLoggerCallback
   <--- urAdapterSetLoggerCallback(.hAdapter = 0x1f069700, .pfnLoggerCallback = 0x77f2c1c0c420, .pUserData = nullptr, .level = UR_LOGGER_LEVEL_WARN) -> UR_RESULT_SUCCESS;
   ---> urPlatformGet
   <--- urPlatformGet(.hAdapter = 0x1f069700, .NumEntries = 0, .phPlatforms = nullptr, .pNumPlatforms = 0x7fffc81c314c (1)) -> UR_RESULT_SUCCESS;
   ---> urPlatformGet
   <--- urPlatformGet(.hAdapter = 0x1f069700, .NumEntries = 1, .phPlatforms = 0x1f263690 {0x1f263810}, .pNumPlatforms = nullptr) -> UR_RESULT_SUCCESS;
   ---> urPlatformGetInfo
   <--- urPlatformGetInfo(.hPlatform = 0x1f263810, .propName = UR_PLATFORM_INFO_BACKEND, .propSize = 4, .pPropValue = 0x7fffc81c315c (UR_BACKEND_LEVEL_ZERO), .pPropSizeRet = nullptr) -> UR_RESULT_SUCCESS;
   ---> urDeviceGet
[2026-10-08 02:25:51.547] [thread-id: 131884465589440] [trace] zeDeviceGet(hDriver, pCount, phDevices)
[2026-10-08 02:25:51.547] [thread-id: 131884465589440] [trace] SUCCESS (ZE_RESULT_SUCCESS) in zeDeviceGet(hDriver=0x1f24f9c8, pCount=1, phDevices=nullptr)
[2026-10-08 02:25:51.547] [thread-id: 131884465589440] [trace] zeDeviceGet(hDriver, pCount, phDevices)
[2026-10-08 02:25:51.547] [thread-id: 131884465589440] [trace] SUCCESS (ZE_RESULT_SUCCESS) in zeDeviceGet(hDriver=0x1f24f9c8, pCount=1, phDevices=0x1f265000)
[2026-10-08 02:25:51.547] [thread-id: 131884465589440] [trace] zeDeviceGetProperties(hDevice, pDeviceProperties)
[2026-10-08 02:25:51.547] [thread-id: 131884465589440] [trace] SUCCESS (ZE_RESULT_SUCCESS) in zeDeviceGetProperties(hDevice=0x1f24ff28, pDeviceProperties={stype=0x1f2650e8, type=0x1f2650f8, vendorId=32902, deviceId=57868, flags=8, subdeviceId=0, coreClockRate=2750, maxMemAllocSize=10132807680, maxHardwareContexts=65536, maxCommandQueuePriority=0, numThreadsPerEU=8, physicalEUSimdWidth=16, numEUsPerSubslice=8, numSubslicesPerSlice=4, numSlices=5, timerResolution=19200000, timestampValidBits=64, kernelTimestampValidBits=64, uuid={id=134}, name="Intel(R) Arc(TM) B570 Graphics"})
[2026-10-08 02:25:51.547] [thread-id: 131884465589440] [trace] zeDeviceGetProperties(hDevice, pDeviceProperties)
[2026-10-08 02:25:51.547] [thread-id: 131884465589440] [trace] SUCCESS (ZE_RESULT_SUCCESS) in zeDeviceGetProperties(hDevice=0x1f24ff28, pDeviceProperties={stype=0x7fffc81c2758, type=0x7fffc81c2768, vendorId=32902, deviceId=57868, flags=8, subdeviceId=0, coreClockRate=2750, maxMemAllocSize=10132807680, maxHardwareContexts=65536, maxCommandQueuePriority=0, numThreadsPerEU=8, physicalEUSimdWidth=16, numEUsPerSubslice=8, numSubslicesPerSlice=4, numSlices=5, timerResolution=52, timestampValidBits=64, kernelTimestampValidBits=64, uuid={id=134}, name="Intel(R) Arc(TM) B570 Graphics"})
[2026-10-08 02:25:51.547] [thread-id: 131884465589440] [trace] zeDeviceGetCommandQueueGroupProperties(hDevice, pCount, pCommandQueueGroupProperties)
[2026-10-08 02:25:51.547] [thread-id: 131884465589440] [trace] SUCCESS (ZE_RESULT_SUCCESS) in zeDeviceGetCommandQueueGroupProperties(hDevice=0x1f24ff28, pCount=2, pCommandQueueGroupProperties=nullptr)
<LEVEL_ZERO>[INFO]: Number of queue groups = 2
[2026-10-08 02:25:51.547] [thread-id: 131884465589440] [trace] zeDeviceGetCommandQueueGroupProperties(hDevice, pCount, pCommandQueueGroupProperties)
[2026-10-08 02:25:51.547] [thread-id: 131884465589440] [trace] SUCCESS (ZE_RESULT_SUCCESS) in zeDeviceGetCommandQueueGroupProperties(hDevice=0x1f24ff28, pCount=2, pCommandQueueGroupProperties={stype=0x1f069610, flags=7, maxMemoryFillPatternSize=18446744073709551615, numQueues=1})
<LEVEL_ZERO>[INFO]: main blitter/copy engine is available
<LEVEL_ZERO>[INFO]: link blitter/copy engines are not available
[2026-10-08 02:25:51.547] [thread-id: 131884465589440] [trace] zeDeviceGetSubDevices(hDevice, pCount, phSubdevices)
[2026-10-08 02:25:51.547] [thread-id: 131884465589440] [trace] SUCCESS (ZE_RESULT_SUCCESS) in zeDeviceGetSubDevices(hDevice=0x1f24ff28, pCount=0, phSubdevices=nullptr)
[2026-10-08 02:25:51.547] [thread-id: 131884465589440] [trace] zeDeviceGetSubDevices(hDevice, pCount, phSubdevices)
[2026-10-08 02:25:51.547] [thread-id: 131884465589440] [trace] SUCCESS (ZE_RESULT_SUCCESS) in zeDeviceGetSubDevices(hDevice=0x1f24ff28, pCount=0, phSubdevices=0x1f265020)
[2026-10-08 02:25:51.547] [thread-id: 131884465589440] [trace] zeDeviceGetRootDevice(hDevice, phRootDevice)
[2026-10-08 02:25:51.547] [thread-id: 131884465589440] [trace] SUCCESS (ZE_RESULT_SUCCESS) in zeDeviceGetRootDevice(hDevice=0x1f24ff28, phRootDevice=0x7fffc81c2bb0)
[2026-10-08 02:25:51.547] [thread-id: 131884465589440] [trace] zeDeviceSynchronize(hDevice)
[2026-10-08 02:25:51.548] [thread-id: 131884465589440] [trace] SUCCESS (ZE_RESULT_SUCCESS) in zeDeviceSynchronize(hDevice=0x1f24ff28)
[2026-10-08 02:25:51.548] [thread-id: 131884465589440] [trace] zeDeviceGetRootDevice(hDevice, phRootDevice)
[2026-10-08 02:25:51.548] [thread-id: 131884465589440] [trace] SUCCESS (ZE_RESULT_SUCCESS) in zeDeviceGetRootDevice(hDevice=0x1f24ff28, phRootDevice=0x7fffc81c2ca0)
   <--- urDeviceGet(.hPlatform = 0x1f263810, .DeviceType = UR_DEVICE_TYPE_ALL, .NumEntries = 0, .phDevices = nullptr, .pNumDevices = 0x7fffc81c30cc (1)) -> UR_RESULT_SUCCESS;
   ---> urDeviceGet
[2026-10-08 02:25:51.548] [thread-id: 131884465589440] [trace] zeDeviceGetRootDevice(hDevice, phRootDevice)
[2026-10-08 02:25:51.548] [thread-id: 131884465589440] [trace] SUCCESS (ZE_RESULT_SUCCESS) in zeDeviceGetRootDevice(hDevice=0x1f24ff28, phRootDevice=0x7fffc81c2ca0)
   <--- urDeviceGet(.hPlatform = 0x1f263810, .DeviceType = UR_DEVICE_TYPE_ALL, .NumEntries = 1, .phDevices = 0x1f265000 {0x1f265040}, .pNumDevices = nullptr) -> UR_RESULT_SUCCESS;
   ---> urPlatformGetInfo
   <--- urPlatformGetInfo(.hPlatform = 0x1f263810, .propName = UR_PLATFORM_INFO_VERSION, .propSize = 0, .pPropValue = nullptr, .pPropSizeRet = 0x7fffc81c2ca0 (5)) -> UR_RESULT_SUCCESS;
   ---> urPlatformGetInfo
   <--- urPlatformGetInfo(.hPlatform = 0x1f263810, .propName = UR_PLATFORM_INFO_VERSION, .propSize = 5, .pPropValue = 0x7fffc81c2e08 (1.17), .pPropSizeRet = nullptr) -> UR_RESULT_SUCCESS;
   ---> urPlatformGetInfo
   <--- urPlatformGetInfo(.hPlatform = 0x1f263810, .propName = UR_PLATFORM_INFO_NAME, .propSize = 0, .pPropValue = nullptr, .pPropSizeRet = 0x7fffc81c2ca0 (51)) -> UR_RESULT_SUCCESS;
   ---> urPlatformGetInfo
   <--- urPlatformGetInfo(.hPlatform = 0x1f263810, .propName = UR_PLATFORM_INFO_NAME, .propSize = 51, .pPropValue = 0x1f265710 (Intel(R) oneAPI Unified Runtime over Level-Zero V2), .pPropSizeRet = nullptr) -> UR_RESULT_SUCCESS;
   ---> urDeviceGetInfo
   <--- urDeviceGetInfo(.hDevice = 0x1f265040, .propName = UR_DEVICE_INFO_PARENT_DEVICE, .propSize = 8, .pPropValue = 0x7fffc81c2c60 (nullptr), .pPropSizeRet = nullptr) -> UR_RESULT_SUCCESS;
   ---> urDeviceGetInfo
   <--- urDeviceGetInfo(.hDevice = 0x1f265040, .propName = UR_DEVICE_INFO_TYPE, .propSize = 4, .pPropValue = 0x7fffc81c2c00 (UR_DEVICE_TYPE_GPU), .pPropSizeRet = nullptr) -> UR_RESULT_SUCCESS;
   ---> urDeviceGetInfo
   <--- urDeviceGetInfo(.hDevice = 0x1f265040, .propName = UR_DEVICE_INFO_USE_NATIVE_ASSERT, .propSize = 1, .pPropValue = 0x7fffc81c2c00 (true), .pPropSizeRet = nullptr) -> UR_RESULT_SUCCESS;
   ---> urDeviceGetInfo
[2026-10-08 02:25:51.548] [thread-id: 131884465589440] [trace] zeDeviceGetModuleProperties(hDevice, pModuleProperties)
[2026-10-08 02:25:51.548] [thread-id: 131884465589440] [trace] SUCCESS (ZE_RESULT_SUCCESS) in zeDeviceGetModuleProperties(hDevice=0x1f24ff28, pModuleProperties={stype=0x1f265360, spirvVersionSupported=65541, flags=15, fp16flags=63, fp32flags=127, fp64flags=127, maxArgumentsSize=2048, printfBufferSize=4194304, nativeKernelSupported={id=0}})
[2026-10-08 02:25:51.548] [thread-id: 131884465589440] [trace] zeDeviceGetImageProperties(hDevice, pImageProperties)
[2026-10-08 02:25:51.548] [thread-id: 131884465589440] [trace] SUCCESS (ZE_RESULT_SUCCESS) in zeDeviceGetImageProperties(hDevice=0x1f24ff28, pImageProperties={stype=0x1f265300, maxImageDims1D=16384, maxImageDims2D=16384, maxImageDims3D=2048, maxImageBufferSize=633300480, maxImageArraySlices=2048, maxSamplers=16, maxReadImageArgs=128, maxWriteImageArgs=128})
   <--- urDeviceGetInfo(.hDevice = 0x1f265040, .propName = UR_DEVICE_INFO_EXTENSIONS, .propSize = 0, .pPropValue = nullptr, .pPropSizeRet = 0x7fffc81c2b88 (245)) -> UR_RESULT_SUCCESS;
   ---> urDeviceGetInfo
   <--- urDeviceGetInfo(.hDevice = 0x1f265040, .propName = UR_DEVICE_INFO_EXTENSIONS, .propSize = 245, .pPropValue = 0x1f11f740 (cl_khr_il_program cl_khr_subgroups cl_intel_subgroups cl_intel_subgroups_short cl_intel_required_subgroup_size cl_khr_fp16 cl_khr_fp64 cl_khr_int64_base_atomics cl_khr_int64_extended_atomics cl_khr_3d_image_writes cl_intel_bfloat16_conversions ), .pPropSizeRet = nullptr) -> UR_RESULT_SUCCESS;
   ---> urDeviceRetain
   <--- urDeviceRetain(.hDevice = 0x1f265040) -> UR_RESULT_SUCCESS;
   ---> urDeviceGetInfo
   <--- urDeviceGetInfo(.hDevice = 0x1f265040, .propName = UR_DEVICE_INFO_TYPE, .propSize = 4, .pPropValue = 0x7fffc81c2d7c (UR_DEVICE_TYPE_GPU), .pPropSizeRet = nullptr) -> UR_RESULT_SUCCESS;
   ---> urDeviceGetInfo
   <--- urDeviceGetInfo(.hDevice = 0x1f265040, .propName = UR_DEVICE_INFO_VENDOR_ID, .propSize = 4, .pPropValue = 0x7fffc81c2df8 (32902), .pPropSizeRet = nullptr) -> UR_RESULT_SUCCESS;
   ---> urDeviceGetInfo
   <--- urDeviceGetInfo(.hDevice = 0x1f265040, .propName = UR_DEVICE_INFO_DRIVER_VERSION, .propSize = 0, .pPropValue = nullptr, .pPropSizeRet = 0x7fffc81c2ca0 (14)) -> UR_RESULT_SUCCESS;
   ---> urDeviceGetInfo
   <--- urDeviceGetInfo(.hDevice = 0x1f265040, .propName = UR_DEVICE_INFO_DRIVER_VERSION, .propSize = 14, .pPropValue = 0x7fffc81c2dc8 (1.17.39395+14), .pPropSizeRet = nullptr) -> UR_RESULT_SUCCESS;
   ---> urDeviceGetInfo
   <--- urDeviceGetInfo(.hDevice = 0x1f265040, .propName = UR_DEVICE_INFO_NAME, .propSize = 0, .pPropValue = nullptr, .pPropSizeRet = 0x7fffc81c2be0 (31)) -> UR_RESULT_SUCCESS;
   ---> urDeviceGetInfo
   <--- urDeviceGetInfo(.hDevice = 0x1f265040, .propName = UR_DEVICE_INFO_NAME, .propSize = 31, .pPropValue = 0x1f264fd0 (Intel(R) Arc(TM) B570 Graphics), .pPropSizeRet = nullptr) -> UR_RESULT_SUCCESS;
   ---> urPlatformGetInfo
   <--- urPlatformGetInfo(.hPlatform = 0x1f263810, .propName = UR_PLATFORM_INFO_BACKEND, .propSize = 4, .pPropValue = 0x7fffc81c2fbc (UR_BACKEND_LEVEL_ZERO), .pPropSizeRet = nullptr) -> UR_RESULT_SUCCESS;
   ---> urDeviceGetInfo
   <--- urDeviceGetInfo(.hDevice = 0x1f265040, .propName = UR_DEVICE_INFO_TYPE, .propSize = 4, .pPropValue = 0x7fffc81c2fb4 (UR_DEVICE_TYPE_GPU), .pPropSizeRet = nullptr) -> UR_RESULT_SUCCESS;
   ---> urDeviceRelease
   <--- urDeviceRelease(.hDevice = 0x1f265040) -> UR_RESULT_SUCCESS;
   ---> urDeviceGetInfo
   <--- urDeviceGetInfo(.hDevice = 0x1f265040, .propName = UR_DEVICE_INFO_SUPPORTED_PARTITIONS, .propSize = 0, .pPropValue = nullptr, .pPropSizeRet = 0x7fffc81c2fa8 (0)) -> UR_RESULT_SUCCESS;
   ---> urDeviceGet
[2026-10-08 02:25:51.548] [thread-id: 131884465589440] [trace] zeDeviceGetRootDevice(hDevice, phRootDevice)
[2026-10-08 02:25:51.548] [thread-id: 131884465589440] [trace] SUCCESS (ZE_RESULT_SUCCESS) in zeDeviceGetRootDevice(hDevice=0x1f24ff28, phRootDevice=0x7fffc81c2db0)
   <--- urDeviceGet(.hPlatform = 0x1f263810, .DeviceType = UR_DEVICE_TYPE_ALL, .NumEntries = 0, .phDevices = nullptr, .pNumDevices = 0x7fffc81c31dc (1)) -> UR_RESULT_SUCCESS;
   ---> urDeviceGet
[2026-10-08 02:25:51.548] [thread-id: 131884465589440] [trace] zeDeviceGetRootDevice(hDevice, phRootDevice)
[2026-10-08 02:25:51.548] [thread-id: 131884465589440] [trace] SUCCESS (ZE_RESULT_SUCCESS) in zeDeviceGetRootDevice(hDevice=0x1f24ff28, phRootDevice=0x7fffc81c2db0)
   <--- urDeviceGet(.hPlatform = 0x1f263810, .DeviceType = UR_DEVICE_TYPE_ALL, .NumEntries = 1, .phDevices = 0x1f2636b0 {0x1f265040}, .pNumDevices = nullptr) -> UR_RESULT_SUCCESS;
   ---> urPlatformGetInfo
   <--- urPlatformGetInfo(.hPlatform = 0x1f263810, .propName = UR_PLATFORM_INFO_VERSION, .propSize = 0, .pPropValue = nullptr, .pPropSizeRet = 0x7fffc81c2db0 (5)) -> UR_RESULT_SUCCESS;
   ---> urPlatformGetInfo
   <--- urPlatformGetInfo(.hPlatform = 0x1f263810, .propName = UR_PLATFORM_INFO_VERSION, .propSize = 5, .pPropValue = 0x7fffc81c2f18 (1.17), .pPropSizeRet = nullptr) -> UR_RESULT_SUCCESS;
   ---> urPlatformGetInfo
   <--- urPlatformGetInfo(.hPlatform = 0x1f263810, .propName = UR_PLATFORM_INFO_NAME, .propSize = 0, .pPropValue = nullptr, .pPropSizeRet = 0x7fffc81c2db0 (51)) -> UR_RESULT_SUCCESS;
   ---> urPlatformGetInfo
   <--- urPlatformGetInfo(.hPlatform = 0x1f263810, .propName = UR_PLATFORM_INFO_NAME, .propSize = 51, .pPropValue = 0x1f265c30 (Intel(R) oneAPI Unified Runtime over Level-Zero V2), .pPropSizeRet = nullptr) -> UR_RESULT_SUCCESS;
   ---> urDeviceGetInfo
   <--- urDeviceGetInfo(.hDevice = 0x1f265040, .propName = UR_DEVICE_INFO_TYPE, .propSize = 4, .pPropValue = 0x7fffc81c2e8c (UR_DEVICE_TYPE_GPU), .pPropSizeRet = nullptr) -> UR_RESULT_SUCCESS;
   ---> urDeviceGetInfo
   <--- urDeviceGetInfo(.hDevice = 0x1f265040, .propName = UR_DEVICE_INFO_VENDOR_ID, .propSize = 4, .pPropValue = 0x7fffc81c2f08 (32902), .pPropSizeRet = nullptr) -> UR_RESULT_SUCCESS;
   ---> urDeviceGetInfo
   <--- urDeviceGetInfo(.hDevice = 0x1f265040, .propName = UR_DEVICE_INFO_DRIVER_VERSION, .propSize = 0, .pPropValue = nullptr, .pPropSizeRet = 0x7fffc81c2db0 (14)) -> UR_RESULT_SUCCESS;
   ---> urDeviceGetInfo
   <--- urDeviceGetInfo(.hDevice = 0x1f265040, .propName = UR_DEVICE_INFO_DRIVER_VERSION, .propSize = 14, .pPropValue = 0x7fffc81c2ed8 (1.17.39395+14), .pPropSizeRet = nullptr) -> UR_RESULT_SUCCESS;
   ---> urPlatformGetInfo
   <--- urPlatformGetInfo(.hPlatform = 0x1f263810, .propName = UR_PLATFORM_INFO_BACKEND, .propSize = 4, .pPropValue = 0x7fffc81c30cc (UR_BACKEND_LEVEL_ZERO), .pPropSizeRet = nullptr) -> UR_RESULT_SUCCESS;
   ---> urDeviceGetInfo
   <--- urDeviceGetInfo(.hDevice = 0x1f265040, .propName = UR_DEVICE_INFO_TYPE, .propSize = 4, .pPropValue = 0x7fffc81c30c4 (UR_DEVICE_TYPE_GPU), .pPropSizeRet = nullptr) -> UR_RESULT_SUCCESS;
   ---> urDeviceRelease
   <--- urDeviceRelease(.hDevice = 0x1f265040) -> UR_RESULT_SUCCESS;
   ---> urDeviceGetInfo
   <--- urDeviceGetInfo(.hDevice = 0x1f265040, .propName = UR_DEVICE_INFO_SUPPORTED_PARTITIONS, .propSize = 0, .pPropValue = nullptr, .pPropSizeRet = 0x7fffc81c30b8 (0)) -> UR_RESULT_SUCCESS;
   ---> urDeviceSelectBinary
   <--- urDeviceSelectBinary(.hDevice = 0x1f265040, .pBinaries = 0x7fffc81c3100 ((struct ur_device_binary_t){.stype = UR_STRUCTURE_TYPE_CONTEXT_PROPERTIES, .pNext = nullptr, .pDeviceTargetSpec = 0x77f2c198d3c0 (spir64)}), .NumBinaries = 1, .pSelectedBinary = 0x7fffc81c3124 (0)) -> UR_RESULT_SUCCESS;
   ---> urDeviceGet
[2026-10-08 02:25:51.549] [thread-id: 131884465589440] [trace] zeDeviceGetRootDevice(hDevice, phRootDevice)
[2026-10-08 02:25:51.549] [thread-id: 131884465589440] [trace] SUCCESS (ZE_RESULT_SUCCESS) in zeDeviceGetRootDevice(hDevice=0x1f24ff28, phRootDevice=0x7fffc81c2d40)
   <--- urDeviceGet(.hPlatform = 0x1f263810, .DeviceType = UR_DEVICE_TYPE_ALL, .NumEntries = 0, .phDevices = nullptr, .pNumDevices = 0x7fffc81c316c (1)) -> UR_RESULT_SUCCESS;
   ---> urDeviceGet
[2026-10-08 02:25:51.549] [thread-id: 131884465589440] [trace] zeDeviceGetRootDevice(hDevice, phRootDevice)
[2026-10-08 02:25:51.549] [thread-id: 131884465589440] [trace] SUCCESS (ZE_RESULT_SUCCESS) in zeDeviceGetRootDevice(hDevice=0x1f24ff28, phRootDevice=0x7fffc81c2d40)
   <--- urDeviceGet(.hPlatform = 0x1f263810, .DeviceType = UR_DEVICE_TYPE_ALL, .NumEntries = 1, .phDevices = 0x1f265d00 {0x1f265040}, .pNumDevices = nullptr) -> UR_RESULT_SUCCESS;
   ---> urPlatformGetInfo
   <--- urPlatformGetInfo(.hPlatform = 0x1f263810, .propName = UR_PLATFORM_INFO_VERSION, .propSize = 0, .pPropValue = nullptr, .pPropSizeRet = 0x7fffc81c2d40 (5)) -> UR_RESULT_SUCCESS;
   ---> urPlatformGetInfo
   <--- urPlatformGetInfo(.hPlatform = 0x1f263810, .propName = UR_PLATFORM_INFO_VERSION, .propSize = 5, .pPropValue = 0x7fffc81c2ea8 (1.17), .pPropSizeRet = nullptr) -> UR_RESULT_SUCCESS;
   ---> urPlatformGetInfo
   <--- urPlatformGetInfo(.hPlatform = 0x1f263810, .propName = UR_PLATFORM_INFO_NAME, .propSize = 0, .pPropValue = nullptr, .pPropSizeRet = 0x7fffc81c2d40 (51)) -> UR_RESULT_SUCCESS;
   ---> urPlatformGetInfo
   <--- urPlatformGetInfo(.hPlatform = 0x1f263810, .propName = UR_PLATFORM_INFO_NAME, .propSize = 51, .pPropValue = 0x1f265710 (Intel(R) oneAPI Unified Runtime over Level-Zero V2), .pPropSizeRet = nullptr) -> UR_RESULT_SUCCESS;
   ---> urDeviceGetInfo
   <--- urDeviceGetInfo(.hDevice = 0x1f265040, .propName = UR_DEVICE_INFO_TYPE, .propSize = 4, .pPropValue = 0x7fffc81c2e1c (UR_DEVICE_TYPE_GPU), .pPropSizeRet = nullptr) -> UR_RESULT_SUCCESS;
   ---> urDeviceGetInfo
   <--- urDeviceGetInfo(.hDevice = 0x1f265040, .propName = UR_DEVICE_INFO_VENDOR_ID, .propSize = 4, .pPropValue = 0x7fffc81c2e98 (32902), .pPropSizeRet = nullptr) -> UR_RESULT_SUCCESS;
   ---> urDeviceGetInfo
   <--- urDeviceGetInfo(.hDevice = 0x1f265040, .propName = UR_DEVICE_INFO_DRIVER_VERSION, .propSize = 0, .pPropValue = nullptr, .pPropSizeRet = 0x7fffc81c2d40 (14)) -> UR_RESULT_SUCCESS;
   ---> urDeviceGetInfo
   <--- urDeviceGetInfo(.hDevice = 0x1f265040, .propName = UR_DEVICE_INFO_DRIVER_VERSION, .propSize = 14, .pPropValue = 0x7fffc81c2e68 (1.17.39395+14), .pPropSizeRet = nullptr) -> UR_RESULT_SUCCESS;
   ---> urPlatformGetInfo
   <--- urPlatformGetInfo(.hPlatform = 0x1f263810, .propName = UR_PLATFORM_INFO_BACKEND, .propSize = 4, .pPropValue = 0x7fffc81c305c (UR_BACKEND_LEVEL_ZERO), .pPropSizeRet = nullptr) -> UR_RESULT_SUCCESS;
   ---> urDeviceGetInfo
   <--- urDeviceGetInfo(.hDevice = 0x1f265040, .propName = UR_DEVICE_INFO_TYPE, .propSize = 4, .pPropValue = 0x7fffc81c3054 (UR_DEVICE_TYPE_GPU), .pPropSizeRet = nullptr) -> UR_RESULT_SUCCESS;
   ---> urDeviceRelease
   <--- urDeviceRelease(.hDevice = 0x1f265040) -> UR_RESULT_SUCCESS;
   ---> urDeviceGetInfo
   <--- urDeviceGetInfo(.hDevice = 0x1f265040, .propName = UR_DEVICE_INFO_SUPPORTED_PARTITIONS, .propSize = 0, .pPropValue = nullptr, .pPropSizeRet = 0x7fffc81c3048 (0)) -> UR_RESULT_SUCCESS;
   ---> urDeviceGet
[2026-10-08 02:25:51.549] [thread-id: 131884465589440] [trace] zeDeviceGetRootDevice(hDevice, phRootDevice)
[2026-10-08 02:25:51.549] [thread-id: 131884465589440] [trace] SUCCESS (ZE_RESULT_SUCCESS) in zeDeviceGetRootDevice(hDevice=0x1f24ff28, phRootDevice=0x7fffc81c2e50)
   <--- urDeviceGet(.hPlatform = 0x1f263810, .DeviceType = UR_DEVICE_TYPE_GPU, .NumEntries = 0, .phDevices = nullptr, .pNumDevices = 0x7fffc81c327c (1)) -> UR_RESULT_SUCCESS;
   ---> urDeviceGet
[2026-10-08 02:25:51.549] [thread-id: 131884465589440] [trace] zeDeviceGetRootDevice(hDevice, phRootDevice)
[2026-10-08 02:25:51.550] [thread-id: 131884465589440] [trace] SUCCESS (ZE_RESULT_SUCCESS) in zeDeviceGetRootDevice(hDevice=0x1f24ff28, phRootDevice=0x7fffc81c2e50)
   <--- urDeviceGet(.hPlatform = 0x1f263810, .DeviceType = UR_DEVICE_TYPE_GPU, .NumEntries = 1, .phDevices = 0x1f265d20 {0x1f265040}, .pNumDevices = nullptr) -> UR_RESULT_SUCCESS;
   ---> urPlatformGetInfo
   <--- urPlatformGetInfo(.hPlatform = 0x1f263810, .propName = UR_PLATFORM_INFO_VERSION, .propSize = 0, .pPropValue = nullptr, .pPropSizeRet = 0x7fffc81c2e50 (5)) -> UR_RESULT_SUCCESS;
   ---> urPlatformGetInfo
   <--- urPlatformGetInfo(.hPlatform = 0x1f263810, .propName = UR_PLATFORM_INFO_VERSION, .propSize = 5, .pPropValue = 0x7fffc81c2fb8 (1.17), .pPropSizeRet = nullptr) -> UR_RESULT_SUCCESS;
   ---> urPlatformGetInfo
   <--- urPlatformGetInfo(.hPlatform = 0x1f263810, .propName = UR_PLATFORM_INFO_NAME, .propSize = 0, .pPropValue = nullptr, .pPropSizeRet = 0x7fffc81c2e50 (51)) -> UR_RESULT_SUCCESS;
   ---> urPlatformGetInfo
   <--- urPlatformGetInfo(.hPlatform = 0x1f263810, .propName = UR_PLATFORM_INFO_NAME, .propSize = 51, .pPropValue = 0x1f265c30 (Intel(R) oneAPI Unified Runtime over Level-Zero V2), .pPropSizeRet = nullptr) -> UR_RESULT_SUCCESS;
   ---> urDeviceGetInfo
   <--- urDeviceGetInfo(.hDevice = 0x1f265040, .propName = UR_DEVICE_INFO_TYPE, .propSize = 4, .pPropValue = 0x7fffc81c2f2c (UR_DEVICE_TYPE_GPU), .pPropSizeRet = nullptr) -> UR_RESULT_SUCCESS;
   ---> urDeviceGetInfo
   <--- urDeviceGetInfo(.hDevice = 0x1f265040, .propName = UR_DEVICE_INFO_VENDOR_ID, .propSize = 4, .pPropValue = 0x7fffc81c2fa8 (32902), .pPropSizeRet = nullptr) -> UR_RESULT_SUCCESS;
   ---> urDeviceGetInfo
   <--- urDeviceGetInfo(.hDevice = 0x1f265040, .propName = UR_DEVICE_INFO_DRIVER_VERSION, .propSize = 0, .pPropValue = nullptr, .pPropSizeRet = 0x7fffc81c2e50 (14)) -> UR_RESULT_SUCCESS;
   ---> urDeviceGetInfo
   <--- urDeviceGetInfo(.hDevice = 0x1f265040, .propName = UR_DEVICE_INFO_DRIVER_VERSION, .propSize = 14, .pPropValue = 0x7fffc81c2f78 (1.17.39395+14), .pPropSizeRet = nullptr) -> UR_RESULT_SUCCESS;
   ---> urPlatformGetInfo
   <--- urPlatformGetInfo(.hPlatform = 0x1f263810, .propName = UR_PLATFORM_INFO_BACKEND, .propSize = 4, .pPropValue = 0x7fffc81c316c (UR_BACKEND_LEVEL_ZERO), .pPropSizeRet = nullptr) -> UR_RESULT_SUCCESS;
   ---> urDeviceGetInfo
   <--- urDeviceGetInfo(.hDevice = 0x1f265040, .propName = UR_DEVICE_INFO_TYPE, .propSize = 4, .pPropValue = 0x7fffc81c3164 (UR_DEVICE_TYPE_GPU), .pPropSizeRet = nullptr) -> UR_RESULT_SUCCESS;
   ---> urDeviceRelease
   <--- urDeviceRelease(.hDevice = 0x1f265040) -> UR_RESULT_SUCCESS;
   ---> urDeviceGetInfo
   <--- urDeviceGetInfo(.hDevice = 0x1f265040, .propName = UR_DEVICE_INFO_SUPPORTED_PARTITIONS, .propSize = 0, .pPropValue = nullptr, .pPropSizeRet = 0x7fffc81c3158 (0)) -> UR_RESULT_SUCCESS;
   ---> urDeviceGetInfo
[2026-10-08 02:25:51.550] [thread-id: 131884465589440] [trace] zeDevicePciGetPropertiesExt(hDevice, pPciProperties)
[2026-10-08 02:25:51.550] [thread-id: 131884465589440] [trace] SUCCESS (ZE_RESULT_SUCCESS) in zeDevicePciGetPropertiesExt(hDevice=0x1f24ff28, pPciProperties={stype=0x7fffc81c2e20, address={domain=0, bus=5, device=0, function=0}, maxSpeed={genVersion=4, width=8, maxBandwidth=15753846153}})
   <--- urDeviceGetInfo(.hDevice = 0x1f265040, .propName = UR_DEVICE_INFO_PCI_ADDRESS, .propSize = 0, .pPropValue = nullptr, .pPropSizeRet = 0x7fffc81c3298 (13)) -> UR_RESULT_SUCCESS;
   ---> urDeviceGetInfo
[2026-10-08 02:25:51.550] [thread-id: 131884465589440] [trace] zeDevicePciGetPropertiesExt(hDevice, pPciProperties)
[2026-10-08 02:25:51.550] [thread-id: 131884465589440] [trace] SUCCESS (ZE_RESULT_SUCCESS) in zeDevicePciGetPropertiesExt(hDevice=0x1f24ff28, pPciProperties={stype=0x7fffc81c2f30, address={domain=0, bus=5, device=0, function=0}, maxSpeed={genVersion=4, width=8, maxBandwidth=15753846153}})
   <--- urDeviceGetInfo(.hDevice = 0x1f265040, .propName = UR_DEVICE_INFO_PCI_ADDRESS, .propSize = 0, .pPropValue = nullptr, .pPropSizeRet = 0x7fffc81c33a0 (13)) -> UR_RESULT_SUCCESS;
   ---> urDeviceGetInfo
[2026-10-08 02:25:51.550] [thread-id: 131884465589440] [trace] zeDevicePciGetPropertiesExt(hDevice, pPciProperties)
[2026-10-08 02:25:51.550] [thread-id: 131884465589440] [trace] SUCCESS (ZE_RESULT_SUCCESS) in zeDevicePciGetPropertiesExt(hDevice=0x1f24ff28, pPciProperties={stype=0x7fffc81c2f30, address={domain=0, bus=5, device=0, function=0}, maxSpeed={genVersion=4, width=8, maxBandwidth=15753846153}})
   <--- urDeviceGetInfo(.hDevice = 0x1f265040, .propName = UR_DEVICE_INFO_PCI_ADDRESS, .propSize = 13, .pPropValue = 0x7fffc81c33f0 (0000:05:00.0), .pPropSizeRet = nullptr) -> UR_RESULT_SUCCESS;
   ---> urDeviceGet
[2026-10-08 02:25:51.550] [thread-id: 131884465589440] [trace] zeDeviceGetRootDevice(hDevice, phRootDevice)
[2026-10-08 02:25:51.550] [thread-id: 131884465589440] [trace] SUCCESS (ZE_RESULT_SUCCESS) in zeDeviceGetRootDevice(hDevice=0x1f24ff28, phRootDevice=0x7fffc81c2d50)
   <--- urDeviceGet(.hPlatform = 0x1f263810, .DeviceType = UR_DEVICE_TYPE_ALL, .NumEntries = 0, .phDevices = nullptr, .pNumDevices = 0x7fffc81c317c (1)) -> UR_RESULT_SUCCESS;
   ---> urDeviceGet
[2026-10-08 02:25:51.550] [thread-id: 131884465589440] [trace] zeDeviceGetRootDevice(hDevice, phRootDevice)
[2026-10-08 02:25:51.550] [thread-id: 131884465589440] [trace] SUCCESS (ZE_RESULT_SUCCESS) in zeDeviceGetRootDevice(hDevice=0x1f24ff28, phRootDevice=0x7fffc81c2d50)
   <--- urDeviceGet(.hPlatform = 0x1f263810, .DeviceType = UR_DEVICE_TYPE_ALL, .NumEntries = 1, .phDevices = 0x1f265d40 {0x1f265040}, .pNumDevices = nullptr) -> UR_RESULT_SUCCESS;
   ---> urPlatformGetInfo
   <--- urPlatformGetInfo(.hPlatform = 0x1f263810, .propName = UR_PLATFORM_INFO_VERSION, .propSize = 0, .pPropValue = nullptr, .pPropSizeRet = 0x7fffc81c2d50 (5)) -> UR_RESULT_SUCCESS;
   ---> urPlatformGetInfo
   <--- urPlatformGetInfo(.hPlatform = 0x1f263810, .propName = UR_PLATFORM_INFO_VERSION, .propSize = 5, .pPropValue = 0x7fffc81c2eb8 (1.17), .pPropSizeRet = nullptr) -> UR_RESULT_SUCCESS;
   ---> urPlatformGetInfo
   <--- urPlatformGetInfo(.hPlatform = 0x1f263810, .propName = UR_PLATFORM_INFO_NAME, .propSize = 0, .pPropValue = nullptr, .pPropSizeRet = 0x7fffc81c2d50 (51)) -> UR_RESULT_SUCCESS;
   ---> urPlatformGetInfo
   <--- urPlatformGetInfo(.hPlatform = 0x1f263810, .propName = UR_PLATFORM_INFO_NAME, .propSize = 51, .pPropValue = 0x1f265c30 (Intel(R) oneAPI Unified Runtime over Level-Zero V2), .pPropSizeRet = nullptr) -> UR_RESULT_SUCCESS;
   ---> urDeviceGetInfo
   <--- urDeviceGetInfo(.hDevice = 0x1f265040, .propName = UR_DEVICE_INFO_TYPE, .propSize = 4, .pPropValue = 0x7fffc81c2e2c (UR_DEVICE_TYPE_GPU), .pPropSizeRet = nullptr) -> UR_RESULT_SUCCESS;
   ---> urDeviceGetInfo
   <--- urDeviceGetInfo(.hDevice = 0x1f265040, .propName = UR_DEVICE_INFO_VENDOR_ID, .propSize = 4, .pPropValue = 0x7fffc81c2ea8 (32902), .pPropSizeRet = nullptr) -> UR_RESULT_SUCCESS;
   ---> urDeviceGetInfo
   <--- urDeviceGetInfo(.hDevice = 0x1f265040, .propName = UR_DEVICE_INFO_DRIVER_VERSION, .propSize = 0, .pPropValue = nullptr, .pPropSizeRet = 0x7fffc81c2d50 (14)) -> UR_RESULT_SUCCESS;
   ---> urDeviceGetInfo
   <--- urDeviceGetInfo(.hDevice = 0x1f265040, .propName = UR_DEVICE_INFO_DRIVER_VERSION, .propSize = 14, .pPropValue = 0x7fffc81c2e78 (1.17.39395+14), .pPropSizeRet = nullptr) -> UR_RESULT_SUCCESS;
   ---> urPlatformGetInfo
   <--- urPlatformGetInfo(.hPlatform = 0x1f263810, .propName = UR_PLATFORM_INFO_BACKEND, .propSize = 4, .pPropValue = 0x7fffc81c306c (UR_BACKEND_LEVEL_ZERO), .pPropSizeRet = nullptr) -> UR_RESULT_SUCCESS;
   ---> urDeviceGetInfo
   <--- urDeviceGetInfo(.hDevice = 0x1f265040, .propName = UR_DEVICE_INFO_TYPE, .propSize = 4, .pPropValue = 0x7fffc81c3064 (UR_DEVICE_TYPE_GPU), .pPropSizeRet = nullptr) -> UR_RESULT_SUCCESS;
   ---> urDeviceRelease
   <--- urDeviceRelease(.hDevice = 0x1f265040) -> UR_RESULT_SUCCESS;
   ---> urDeviceGetInfo
   <--- urDeviceGetInfo(.hDevice = 0x1f265040, .propName = UR_DEVICE_INFO_SUPPORTED_PARTITIONS, .propSize = 0, .pPropValue = nullptr, .pPropSizeRet = 0x7fffc81c3058 (0)) -> UR_RESULT_SUCCESS;
   ---> urDeviceGetInfo
[2026-10-08 02:25:51.551] [thread-id: 131884465589440] [trace] zeDeviceGetSubDevices(hDevice, pCount, phSubdevices)
[2026-10-08 02:25:51.551] [thread-id: 131884465589440] [trace] SUCCESS (ZE_RESULT_SUCCESS) in zeDeviceGetSubDevices(hDevice=0x1f24ff28, pCount=0, phSubdevices=nullptr)
   <--- urDeviceGetInfo(.hDevice = 0x1f265040, .propName = UR_DEVICE_INFO_COMPONENT_DEVICES, .propSize = 0, .pPropValue = nullptr, .pPropSizeRet = 0x7fffc81c2e70 (0)) -> UR_RESULT_SUCCESS;
   ---> urContextCreate
[2026-10-08 02:25:51.551] [thread-id: 131884465589440] [trace] zeContextCreate(hDriver, desc, phContext)
[2026-10-08 02:25:51.551] [thread-id: 131884465589440] [trace] SUCCESS (ZE_RESULT_SUCCESS) in zeContextCreate(hDriver=0x1f24f9c8, desc={stype=0x7fffc81c2da0, flags=0}, phContext=0x1f266738)
[2026-10-08 02:25:51.551] [thread-id: 131884465589440] [trace] zeMemAllocHost(hContext, host_desc, size, alignment, pptr)
[2026-10-08 02:25:51.551] [thread-id: 131884465589440] [trace] SUCCESS (ZE_RESULT_SUCCESS) in zeMemAllocHost(hContext=0x1f266738, host_desc={stype=0x7fffc81c2820, flags=0}, size=1, alignment=0, pptr=0x77f2ac3ffe00)
[2026-10-08 02:25:51.551] [thread-id: 131884465589440] [trace] zeMemGetAllocProperties(hContext, ptr, pMemAllocProperties, phDevice)
[2026-10-08 02:25:51.551] [thread-id: 131884465589440] [trace] SUCCESS (ZE_RESULT_SUCCESS) in zeMemGetAllocProperties(hContext=0x1f266738, ptr=0x77f2ac3ffe00, pMemAllocProperties={stype=0x7fffc81c2820, type=0x7fffc81c2830, id=1, pageSize=2097152}, phDevice=nullptr)
[2026-10-08 02:25:51.551] [thread-id: 131884465589440] [trace] zeMemFreeExt(hContext, pMemFreeDesc, ptr)
[2026-10-08 02:25:51.551] [thread-id: 131884465589440] [trace] SUCCESS (ZE_RESULT_SUCCESS) in zeMemFreeExt(hContext=0x1f266738, pMemFreeDesc={stype=0x7fffc81c2800, freePolicy=1}, ptr=0x77f2ac3ffe00)
[2026-10-08 02:25:51.551] [thread-id: 131884465589440] [trace] zeDeviceGetProperties(hDevice, pDeviceProperties)
[2026-10-08 02:25:51.551] [thread-id: 131884465589440] [trace] SUCCESS (ZE_RESULT_SUCCESS) in zeDeviceGetProperties(hDevice=0x1f24ff28, pDeviceProperties={stype=0x77f2ac8c2068, type=0x77f2ac8c2078, vendorId=32902, deviceId=57868, flags=8, subdeviceId=0, coreClockRate=2750, maxMemAllocSize=10132807680, maxHardwareContexts=65536, maxCommandQueuePriority=0, numThreadsPerEU=8, physicalEUSimdWidth=16, numEUsPerSubslice=8, numSubslicesPerSlice=4, numSlices=5, timerResolution=52, timestampValidBits=64, kernelTimestampValidBits=64, uuid={id=134}, name="Intel(R) Arc(TM) B570 Graphics"})
[2026-10-08 02:25:51.551] [thread-id: 131884465589440] [trace] zeMemAllocDevice(hContext, device_desc, size, alignment, hDevice, pptr)
[2026-10-08 02:25:51.551] [thread-id: 131884465589440] [trace] SUCCESS (ZE_RESULT_SUCCESS) in zeMemAllocDevice(hContext=0x1f266738, device_desc={stype=0x7fffc81c27e0, flags=0, ordinal=0}, size=1, alignment=0, hDevice=0x1f24ff28, pptr=0xffffffffff9ffe00)
[2026-10-08 02:25:51.552] [thread-id: 131884465589440] [trace] zeContextMakeMemoryResident(hContext, hDevice, ptr, size)
[2026-10-08 02:25:51.552] [thread-id: 131884465589440] [trace] SUCCESS (ZE_RESULT_SUCCESS) in zeContextMakeMemoryResident(hContext=0x1f266738, hDevice=0x1f24ff28, ptr=0xffffffffff9ffe00, size=1)
[2026-10-08 02:25:51.552] [thread-id: 131884465589440] [trace] zeMemGetAllocProperties(hContext, ptr, pMemAllocProperties, phDevice)
[2026-10-08 02:25:51.552] [thread-id: 131884465589440] [trace] SUCCESS (ZE_RESULT_SUCCESS) in zeMemGetAllocProperties(hContext=0x1f266738, ptr=0xffffffffff9ffe00, pMemAllocProperties={stype=0x7fffc81c2820, type=0x7fffc81c2830, id=3, pageSize=65536}, phDevice=nullptr)
[2026-10-08 02:25:51.552] [thread-id: 131884465589440] [trace] zeMemFreeExt(hContext, pMemFreeDesc, ptr)
[2026-10-08 02:25:51.552] [thread-id: 131884465589440] [trace] SUCCESS (ZE_RESULT_SUCCESS) in zeMemFreeExt(hContext=0x1f266738, pMemFreeDesc={stype=0x7fffc81c2800, freePolicy=1}, ptr=0xffffffffff9ffe00)
[2026-10-08 02:25:51.552] [thread-id: 131884465589440] [trace] zeDeviceGetProperties(hDevice, pDeviceProperties)
[2026-10-08 02:25:51.552] [thread-id: 131884465589440] [trace] SUCCESS (ZE_RESULT_SUCCESS) in zeDeviceGetProperties(hDevice=0x1f24ff28, pDeviceProperties={stype=0x77f2ac8ba068, type=0x77f2ac8ba078, vendorId=32902, deviceId=57868, flags=8, subdeviceId=0, coreClockRate=2750, maxMemAllocSize=10132807680, maxHardwareContexts=65536, maxCommandQueuePriority=0, numThreadsPerEU=8, physicalEUSimdWidth=16, numEUsPerSubslice=8, numSubslicesPerSlice=4, numSlices=5, timerResolution=52, timestampValidBits=64, kernelTimestampValidBits=64, uuid={id=134}, name="Intel(R) Arc(TM) B570 Graphics"})
[2026-10-08 02:25:51.552] [thread-id: 131884465589440] [trace] zeMemAllocShared(hContext, device_desc, host_desc, size, alignment, hDevice, pptr)
[2026-10-08 02:25:51.553] [thread-id: 131884465589440] [trace] SUCCESS (ZE_RESULT_SUCCESS) in zeMemAllocShared(hContext=0x1f266738, device_desc={stype=0x7fffc81c2820, flags=0, ordinal=0}, host_desc={stype=0x7fffc81c2800, flags=0}, size=1, alignment=0, hDevice=0x1f24ff28, pptr=0x77f2ac540000)
[2026-10-08 02:25:51.553] [thread-id: 131884465589440] [trace] zeMemGetAllocProperties(hContext, ptr, pMemAllocProperties, phDevice)
[2026-10-08 02:25:51.553] [thread-id: 131884465589440] [trace] SUCCESS (ZE_RESULT_SUCCESS) in zeMemGetAllocProperties(hContext=0x1f266738, ptr=0x77f2ac540000, pMemAllocProperties={stype=0x7fffc81c2820, type=0x7fffc81c2830, id=5, pageSize=65536}, phDevice=nullptr)
[2026-10-08 02:25:51.553] [thread-id: 131884465589440] [trace] zeMemFreeExt(hContext, pMemFreeDesc, ptr)
[2026-10-08 02:25:51.553] [thread-id: 131884465589440] [trace] SUCCESS (ZE_RESULT_SUCCESS) in zeMemFreeExt(hContext=0x1f266738, pMemFreeDesc={stype=0x7fffc81c2800, freePolicy=1}, ptr=0x77f2ac540000)
[2026-10-08 02:25:51.553] [thread-id: 131884465589440] [trace] zeDeviceGetProperties(hDevice, pDeviceProperties)
[2026-10-08 02:25:51.553] [thread-id: 131884465589440] [trace] SUCCESS (ZE_RESULT_SUCCESS) in zeDeviceGetProperties(hDevice=0x1f24ff28, pDeviceProperties={stype=0x77f2ac54c068, type=0x77f2ac54c078, vendorId=32902, deviceId=57868, flags=8, subdeviceId=0, coreClockRate=2750, maxMemAllocSize=10132807680, maxHardwareContexts=65536, maxCommandQueuePriority=0, numThreadsPerEU=8, physicalEUSimdWidth=16, numEUsPerSubslice=8, numSubslicesPerSlice=4, numSlices=5, timerResolution=52, timestampValidBits=64, kernelTimestampValidBits=64, uuid={id=134}, name="Intel(R) Arc(TM) B570 Graphics"})
[2026-10-08 02:25:51.553] [thread-id: 131884465589440] [trace] zeMemAllocShared(hContext, device_desc, host_desc, size, alignment, hDevice, pptr)
[2026-10-08 02:25:51.553] [thread-id: 131884465589440] [trace] SUCCESS (ZE_RESULT_SUCCESS) in zeMemAllocShared(hContext=0x1f266738, device_desc={stype=0x7fffc81c2820, flags=0, ordinal=0}, host_desc={stype=0x7fffc81c2800, flags=0}, size=1, alignment=0, hDevice=0x1f24ff28, pptr=0x77f2ac530000)
[2026-10-08 02:25:51.553] [thread-id: 131884465589440] [trace] zeMemGetAllocProperties(hContext, ptr, pMemAllocProperties, phDevice)
[2026-10-08 02:25:51.553] [thread-id: 131884465589440] [trace] SUCCESS (ZE_RESULT_SUCCESS) in zeMemGetAllocProperties(hContext=0x1f266738, ptr=0x77f2ac530000, pMemAllocProperties={stype=0x7fffc81c2820, type=0x7fffc81c2830, id=6, pageSize=65536}, phDevice=nullptr)
[2026-10-08 02:25:51.553] [thread-id: 131884465589440] [trace] zeMemFreeExt(hContext, pMemFreeDesc, ptr)
[2026-10-08 02:25:51.554] [thread-id: 131884465589440] [trace] SUCCESS (ZE_RESULT_SUCCESS) in zeMemFreeExt(hContext=0x1f266738, pMemFreeDesc={stype=0x7fffc81c2800, freePolicy=1}, ptr=0x77f2ac530000)
[2026-10-08 02:25:51.554] [thread-id: 131884465589440] [trace] zeMemAllocHost(hContext, host_desc, size, alignment, pptr)
[2026-10-08 02:25:51.554] [thread-id: 131884465589440] [trace] SUCCESS (ZE_RESULT_SUCCESS) in zeMemAllocHost(hContext=0x1f266738, host_desc={stype=0x7fffc81c2820, flags=0}, size=1, alignment=0, pptr=0x77f2ac3ffe00)
[2026-10-08 02:25:51.554] [thread-id: 131884465589440] [trace] zeMemGetAllocProperties(hContext, ptr, pMemAllocProperties, phDevice)
[2026-10-08 02:25:51.554] [thread-id: 131884465589440] [trace] SUCCESS (ZE_RESULT_SUCCESS) in zeMemGetAllocProperties(hContext=0x1f266738, ptr=0x77f2ac3ffe00, pMemAllocProperties={stype=0x7fffc81c2820, type=0x7fffc81c2830, id=1, pageSize=2097152}, phDevice=nullptr)
[2026-10-08 02:25:51.554] [thread-id: 131884465589440] [trace] zeMemFreeExt(hContext, pMemFreeDesc, ptr)
[2026-10-08 02:25:51.554] [thread-id: 131884465589440] [trace] SUCCESS (ZE_RESULT_SUCCESS) in zeMemFreeExt(hContext=0x1f266738, pMemFreeDesc={stype=0x7fffc81c2800, freePolicy=1}, ptr=0x77f2ac3ffe00)
[2026-10-08 02:25:51.554] [thread-id: 131884465589440] [trace] zeDeviceGetProperties(hDevice, pDeviceProperties)
[2026-10-08 02:25:51.554] [thread-id: 131884465589440] [trace] SUCCESS (ZE_RESULT_SUCCESS) in zeDeviceGetProperties(hDevice=0x1f24ff28, pDeviceProperties={stype=0x77f2ac544068, type=0x77f2ac544078, vendorId=32902, deviceId=57868, flags=8, subdeviceId=0, coreClockRate=2750, maxMemAllocSize=10132807680, maxHardwareContexts=65536, maxCommandQueuePriority=0, numThreadsPerEU=8, physicalEUSimdWidth=16, numEUsPerSubslice=8, numSubslicesPerSlice=4, numSlices=5, timerResolution=52, timestampValidBits=64, kernelTimestampValidBits=64, uuid={id=134}, name="Intel(R) Arc(TM) B570 Graphics"})
[2026-10-08 02:25:51.554] [thread-id: 131884465589440] [trace] zeMemAllocDevice(hContext, device_desc, size, alignment, hDevice, pptr)
[2026-10-08 02:25:51.554] [thread-id: 131884465589440] [trace] SUCCESS (ZE_RESULT_SUCCESS) in zeMemAllocDevice(hContext=0x1f266738, device_desc={stype=0x7fffc81c27e0, flags=0, ordinal=0}, size=1, alignment=0, hDevice=0x1f24ff28, pptr=0xffffffffff9ffe00)
[2026-10-08 02:25:51.554] [thread-id: 131884465589440] [trace] zeContextMakeMemoryResident(hContext, hDevice, ptr, size)
[2026-10-08 02:25:51.554] [thread-id: 131884465589440] [trace] SUCCESS (ZE_RESULT_SUCCESS) in zeContextMakeMemoryResident(hContext=0x1f266738, hDevice=0x1f24ff28, ptr=0xffffffffff9ffe00, size=1)
[2026-10-08 02:25:51.554] [thread-id: 131884465589440] [trace] zeMemGetAllocProperties(hContext, ptr, pMemAllocProperties, phDevice)
[2026-10-08 02:25:51.554] [thread-id: 131884465589440] [trace] SUCCESS (ZE_RESULT_SUCCESS) in zeMemGetAllocProperties(hContext=0x1f266738, ptr=0xffffffffff9ffe00, pMemAllocProperties={stype=0x7fffc81c2820, type=0x7fffc81c2830, id=3, pageSize=65536}, phDevice=nullptr)
[2026-10-08 02:25:51.554] [thread-id: 131884465589440] [trace] zeMemFreeExt(hContext, pMemFreeDesc, ptr)
[2026-10-08 02:25:51.554] [thread-id: 131884465589440] [trace] SUCCESS (ZE_RESULT_SUCCESS) in zeMemFreeExt(hContext=0x1f266738, pMemFreeDesc={stype=0x7fffc81c2800, freePolicy=1}, ptr=0xffffffffff9ffe00)
[2026-10-08 02:25:51.554] [thread-id: 131884465589440] [trace] zeDeviceGetProperties(hDevice, pDeviceProperties)
[2026-10-08 02:25:51.554] [thread-id: 131884465589440] [trace] SUCCESS (ZE_RESULT_SUCCESS) in zeDeviceGetProperties(hDevice=0x1f24ff28, pDeviceProperties={stype=0x77f2ac537068, type=0x77f2ac537078, vendorId=32902, deviceId=57868, flags=8, subdeviceId=0, coreClockRate=2750, maxMemAllocSize=10132807680, maxHardwareContexts=65536, maxCommandQueuePriority=0, numThreadsPerEU=8, physicalEUSimdWidth=16, numEUsPerSubslice=8, numSubslicesPerSlice=4, numSlices=5, timerResolution=52, timestampValidBits=64, kernelTimestampValidBits=64, uuid={id=134}, name="Intel(R) Arc(TM) B570 Graphics"})
[2026-10-08 02:25:51.554] [thread-id: 131884465589440] [trace] zeMemAllocShared(hContext, device_desc, host_desc, size, alignment, hDevice, pptr)
[2026-10-08 02:25:51.555] [thread-id: 131884465589440] [trace] SUCCESS (ZE_RESULT_SUCCESS) in zeMemAllocShared(hContext=0x1f266738, device_desc={stype=0x7fffc81c2820, flags=0, ordinal=0}, host_desc={stype=0x7fffc81c2800, flags=0}, size=1, alignment=0, hDevice=0x1f24ff28, pptr=0x77f2ac520000)
[2026-10-08 02:25:51.555] [thread-id: 131884465589440] [trace] zeMemGetAllocProperties(hContext, ptr, pMemAllocProperties, phDevice)
[2026-10-08 02:25:51.555] [thread-id: 131884465589440] [trace] SUCCESS (ZE_RESULT_SUCCESS) in zeMemGetAllocProperties(hContext=0x1f266738, ptr=0x77f2ac520000, pMemAllocProperties={stype=0x7fffc81c2820, type=0x7fffc81c2830, id=9, pageSize=65536}, phDevice=nullptr)
[2026-10-08 02:25:51.555] [thread-id: 131884465589440] [trace] zeMemFreeExt(hContext, pMemFreeDesc, ptr)
[2026-10-08 02:25:51.555] [thread-id: 131884465589440] [trace] SUCCESS (ZE_RESULT_SUCCESS) in zeMemFreeExt(hContext=0x1f266738, pMemFreeDesc={stype=0x7fffc81c2800, freePolicy=1}, ptr=0x77f2ac520000)
[2026-10-08 02:25:51.555] [thread-id: 131884465589440] [trace] zeDeviceGetProperties(hDevice, pDeviceProperties)
[2026-10-08 02:25:51.555] [thread-id: 131884465589440] [trace] SUCCESS (ZE_RESULT_SUCCESS) in zeDeviceGetProperties(hDevice=0x1f24ff28, pDeviceProperties={stype=0x77f2ac533068, type=0x77f2ac533078, vendorId=32902, deviceId=57868, flags=8, subdeviceId=0, coreClockRate=2750, maxMemAllocSize=10132807680, maxHardwareContexts=65536, maxCommandQueuePriority=0, numThreadsPerEU=8, physicalEUSimdWidth=16, numEUsPerSubslice=8, numSubslicesPerSlice=4, numSlices=5, timerResolution=52, timestampValidBits=64, kernelTimestampValidBits=64, uuid={id=134}, name="Intel(R) Arc(TM) B570 Graphics"})
[2026-10-08 02:25:51.555] [thread-id: 131884465589440] [trace] zeMemAllocShared(hContext, device_desc, host_desc, size, alignment, hDevice, pptr)
[2026-10-08 02:25:51.555] [thread-id: 131884465589440] [trace] SUCCESS (ZE_RESULT_SUCCESS) in zeMemAllocShared(hContext=0x1f266738, device_desc={stype=0x7fffc81c2820, flags=0, ordinal=0}, host_desc={stype=0x7fffc81c2800, flags=0}, size=1, alignment=0, hDevice=0x1f24ff28, pptr=0x77f2ac520000)
[2026-10-08 02:25:51.555] [thread-id: 131884465589440] [trace] zeMemGetAllocProperties(hContext, ptr, pMemAllocProperties, phDevice)
[2026-10-08 02:25:51.555] [thread-id: 131884465589440] [trace] SUCCESS (ZE_RESULT_SUCCESS) in zeMemGetAllocProperties(hContext=0x1f266738, ptr=0x77f2ac520000, pMemAllocProperties={stype=0x7fffc81c2820, type=0x7fffc81c2830, id=10, pageSize=65536}, phDevice=nullptr)
[2026-10-08 02:25:51.555] [thread-id: 131884465589440] [trace] zeMemFreeExt(hContext, pMemFreeDesc, ptr)
[2026-10-08 02:25:51.555] [thread-id: 131884465589440] [trace] SUCCESS (ZE_RESULT_SUCCESS) in zeMemFreeExt(hContext=0x1f266738, pMemFreeDesc={stype=0x7fffc81c2800, freePolicy=1}, ptr=0x77f2ac520000)
   <--- urContextCreate(.DeviceCount = 1, .phDevices = 0x1f265ce0 {0x1f265040}, .pProperties = nullptr, .phContext = 0x1f267c40 (0x1f269b90)) -> UR_RESULT_SUCCESS;
   ---> urQueueCreate
<LEVEL_ZERO>[INFO]: Copy offload is disabled by the environment variable.
<LEVEL_ZERO>[DEBUG]: create command list ordinal: 0, type: immediate, device: 0x1f24ff28, inOrder: 1
[2026-10-08 02:25:51.556] [thread-id: 131884465589440] [trace] zeCommandListCreateImmediate(hContext, hDevice, altdesc, phCommandList)
[2026-10-08 02:25:51.557] [thread-id: 131884465589440] [trace] SUCCESS (ZE_RESULT_SUCCESS) in zeCommandListCreateImmediate(hContext=0x1f266738, hDevice=0x1f24ff28, altdesc={stype=0x7fffc81c2d20, ordinal=0, index=0, flags=2, mode=0x7fffc81c2d3c, priority=0x7fffc81c2d40}, phCommandList=0x1f26dd88)
[2026-10-08 02:25:51.557] [thread-id: 131884465589440] [trace] zeDriverGetExtensionFunctionAddress(hDriver, name, ppFunctionAddress)
[2026-10-08 02:25:51.557] [thread-id: 131884465589440] [trace] SUCCESS (ZE_RESULT_SUCCESS) in zeDriverGetExtensionFunctionAddress(hDriver=0x1f24f9c8, name="zexCounterBasedEventCreate2", ppFunctionAddress=0x77f2baa0dc00)
   <--- urQueueCreate(.hContext = 0x1f269b90, .hDevice = 0x1f265040, .pProperties = 0x7fffc81c3300 ((struct ur_queue_properties_t){.stype = UR_STRUCTURE_TYPE_QUEUE_PROPERTIES, .pNext = nullptr, .flags = 0}), .phQueue = 0x7fffc81c3318 (0x1f26d0a0)) -> UR_RESULT_SUCCESS;
   ---> urDeviceGetInfo
[2026-10-08 02:25:51.558] [thread-id: 131884465589440] [trace] zeDeviceGetMemoryAccessProperties(hDevice, pMemAccessProperties)
[2026-10-08 02:25:51.558] [thread-id: 131884465589440] [trace] SUCCESS (ZE_RESULT_SUCCESS) in zeDeviceGetMemoryAccessProperties(hDevice=0x1f24ff28, pMemAccessProperties={stype=0x1f265420, hostAllocCapabilities=3, deviceAllocCapabilities=3, sharedSingleDeviceAllocCapabilities=3, sharedCrossDeviceAllocCapabilities=0, sharedSystemAllocCapabilities=15})
   <--- urDeviceGetInfo(.hDevice = 0x1f265040, .propName = UR_DEVICE_INFO_USM_DEVICE_SUPPORT, .propSize = 4, .pPropValue = 0x7fffc81c3164 (UR_DEVICE_USM_ACCESS_CAPABILITY_FLAG_ACCESS | UR_DEVICE_USM_ACCESS_CAPABILITY_FLAG_ATOMIC_ACCESS), .pPropSizeRet = nullptr) -> UR_RESULT_SUCCESS;
   ---> urUSMDeviceAlloc
[2026-10-08 02:25:51.558] [thread-id: 131884465589440] [trace] zeMemAllocDevice(hContext, device_desc, size, alignment, hDevice, pptr)
[2026-10-08 02:25:51.558] [thread-id: 131884465589440] [trace] SUCCESS (ZE_RESULT_SUCCESS) in zeMemAllocDevice(hContext=0x1f266738, device_desc={stype=0x7fffc81c2d70, flags=0, ordinal=0}, size=65536, alignment=0, hDevice=0x1f24ff28, pptr=0xffffffffff600000)
[2026-10-08 02:25:51.558] [thread-id: 131884465589440] [trace] zeContextMakeMemoryResident(hContext, hDevice, ptr, size)
[2026-10-08 02:25:51.558] [thread-id: 131884465589440] [trace] SUCCESS (ZE_RESULT_SUCCESS) in zeContextMakeMemoryResident(hContext=0x1f266738, hDevice=0x1f24ff28, ptr=0xffffffffff600000, size=65536)
   <--- urUSMDeviceAlloc(.hContext = 0x1f269b90, .hDevice = 0x1f265040, .pUSMDesc = 0x7fffc81c32d0 ((struct ur_usm_desc_t){.stype = UR_STRUCTURE_TYPE_CONTEXT_PROPERTIES, .pNext = nullptr, .hints = 0, .align = 4}), .pool = nullptr, .size = 65536, .ppMem = 0x7fffc81c32e8 (0xffffffffff600000)) -> UR_RESULT_SUCCESS;
   ---> urEnqueueUSMMemcpy
<LEVEL_ZERO>[DEBUG]: ze_event_pool_desc_t flags set to: 1
[2026-10-08 02:25:51.558] [thread-id: 131884465589440] [trace] zexCounterBasedEventCreate2(hContext, hDevice, desc, phEvent)
[2026-10-08 02:25:51.558] [thread-id: 131884465589440] [trace] SUCCESS (ZE_RESULT_SUCCESS) in zexCounterBasedEventCreate2(hContext=0x1f266738, hDevice=0x1f24ff28, desc=0x7fffc81c2d20, phEvent=0x1f29ea68)
<LEVEL_ZERO>[DEBUG]: ze_event_pool_desc_t flags set to: 1
[2026-10-08 02:25:51.558] [thread-id: 131884465589440] [trace] zexCounterBasedEventCreate2(hContext, hDevice, desc, phEvent)
[2026-10-08 02:25:51.558] [thread-id: 131884465589440] [trace] SUCCESS (ZE_RESULT_SUCCESS) in zexCounterBasedEventCreate2(hContext=0x1f266738, hDevice=0x1f24ff28, desc=0x7fffc81c2d20, phEvent=0x1f29ee08)
<LEVEL_ZERO>[DEBUG]: ze_event_pool_desc_t flags set to: 1
[2026-10-08 02:25:51.558] [thread-id: 131884465589440] [trace] zexCounterBasedEventCreate2(hContext, hDevice, desc, phEvent)
[2026-10-08 02:25:51.558] [thread-id: 131884465589440] [trace] SUCCESS (ZE_RESULT_SUCCESS) in zexCounterBasedEventCreate2(hContext=0x1f266738, hDevice=0x1f24ff28, desc=0x7fffc81c2d20, phEvent=0x1f29f528)
<LEVEL_ZERO>[DEBUG]: ze_event_pool_desc_t flags set to: 1
[2026-10-08 02:25:51.558] [thread-id: 131884465589440] [trace] zexCounterBasedEventCreate2(hContext, hDevice, desc, phEvent)
[2026-10-08 02:25:51.558] [thread-id: 131884465589440] [trace] SUCCESS (ZE_RESULT_SUCCESS) in zexCounterBasedEventCreate2(hContext=0x1f266738, hDevice=0x1f24ff28, desc=0x7fffc81c2d20, phEvent=0x1f29fa68)
<LEVEL_ZERO>[DEBUG]: ze_event_pool_desc_t flags set to: 1
[2026-10-08 02:25:51.558] [thread-id: 131884465589440] [trace] zexCounterBasedEventCreate2(hContext, hDevice, desc, phEvent)
[2026-10-08 02:25:51.558] [thread-id: 131884465589440] [trace] SUCCESS (ZE_RESULT_SUCCESS) in zexCounterBasedEventCreate2(hContext=0x1f266738, hDevice=0x1f24ff28, desc=0x7fffc81c2d20, phEvent=0x1f2a0168)
<LEVEL_ZERO>[DEBUG]: ze_event_pool_desc_t flags set to: 1
[2026-10-08 02:25:51.558] [thread-id: 131884465589440] [trace] zexCounterBasedEventCreate2(hContext, hDevice, desc, phEvent)
[2026-10-08 02:25:51.558] [thread-id: 131884465589440] [trace] SUCCESS (ZE_RESULT_SUCCESS) in zexCounterBasedEventCreate2(hContext=0x1f266738, hDevice=0x1f24ff28, desc=0x7fffc81c2d20, phEvent=0x1f2a06c8)
<LEVEL_ZERO>[DEBUG]: ze_event_pool_desc_t flags set to: 1
[2026-10-08 02:25:51.559] [thread-id: 131884465589440] [trace] zexCounterBasedEventCreate2(hContext, hDevice, desc, phEvent)
[2026-10-08 02:25:51.559] [thread-id: 131884465589440] [trace] SUCCESS (ZE_RESULT_SUCCESS) in zexCounterBasedEventCreate2(hContext=0x1f266738, hDevice=0x1f24ff28, desc=0x7fffc81c2d20, phEvent=0x1f2a0dc8)
<LEVEL_ZERO>[DEBUG]: ze_event_pool_desc_t flags set to: 1
[2026-10-08 02:25:51.559] [thread-id: 131884465589440] [trace] zexCounterBasedEventCreate2(hContext, hDevice, desc, phEvent)
[2026-10-08 02:25:51.559] [thread-id: 131884465589440] [trace] SUCCESS (ZE_RESULT_SUCCESS) in zexCounterBasedEventCreate2(hContext=0x1f266738, hDevice=0x1f24ff28, desc=0x7fffc81c2d20, phEvent=0x1f2a12d8)
<LEVEL_ZERO>[DEBUG]: ze_event_pool_desc_t flags set to: 1
[2026-10-08 02:25:51.559] [thread-id: 131884465589440] [trace] zexCounterBasedEventCreate2(hContext, hDevice, desc, phEvent)
[2026-10-08 02:25:51.559] [thread-id: 131884465589440] [trace] SUCCESS (ZE_RESULT_SUCCESS) in zexCounterBasedEventCreate2(hContext=0x1f266738, hDevice=0x1f24ff28, desc=0x7fffc81c2d20, phEvent=0x1f2a19d8)
<LEVEL_ZERO>[DEBUG]: ze_event_pool_desc_t flags set to: 1
[2026-10-08 02:25:51.559] [thread-id: 131884465589440] [trace] zexCounterBasedEventCreate2(hContext, hDevice, desc, phEvent)
[2026-10-08 02:25:51.559] [thread-id: 131884465589440] [trace] SUCCESS (ZE_RESULT_SUCCESS) in zexCounterBasedEventCreate2(hContext=0x1f266738, hDevice=0x1f24ff28, desc=0x7fffc81c2d20, phEvent=0x1f2a1ee8)
<LEVEL_ZERO>[DEBUG]: ze_event_pool_desc_t flags set to: 1
[2026-10-08 02:25:51.559] [thread-id: 131884465589440] [trace] zexCounterBasedEventCreate2(hContext, hDevice, desc, phEvent)
[2026-10-08 02:25:51.559] [thread-id: 131884465589440] [trace] SUCCESS (ZE_RESULT_SUCCESS) in zexCounterBasedEventCreate2(hContext=0x1f266738, hDevice=0x1f24ff28, desc=0x7fffc81c2d20, phEvent=0x1f2a25e8)
<LEVEL_ZERO>[DEBUG]: ze_event_pool_desc_t flags set to: 1
[2026-10-08 02:25:51.559] [thread-id: 131884465589440] [trace] zexCounterBasedEventCreate2(hContext, hDevice, desc, phEvent)
[2026-10-08 02:25:51.559] [thread-id: 131884465589440] [trace] SUCCESS (ZE_RESULT_SUCCESS) in zexCounterBasedEventCreate2(hContext=0x1f266738, hDevice=0x1f24ff28, desc=0x7fffc81c2d20, phEvent=0x1f2a2b98)
<LEVEL_ZERO>[DEBUG]: ze_event_pool_desc_t flags set to: 1
[2026-10-08 02:25:51.559] [thread-id: 131884465589440] [trace] zexCounterBasedEventCreate2(hContext, hDevice, desc, phEvent)
[2026-10-08 02:25:51.559] [thread-id: 131884465589440] [trace] SUCCESS (ZE_RESULT_SUCCESS) in zexCounterBasedEventCreate2(hContext=0x1f266738, hDevice=0x1f24ff28, desc=0x7fffc81c2d20, phEvent=0x1f2a3298)
<LEVEL_ZERO>[DEBUG]: ze_event_pool_desc_t flags set to: 1
[2026-10-08 02:25:51.559] [thread-id: 131884465589440] [trace] zexCounterBasedEventCreate2(hContext, hDevice, desc, phEvent)
[2026-10-08 02:25:51.559] [thread-id: 131884465589440] [trace] SUCCESS (ZE_RESULT_SUCCESS) in zexCounterBasedEventCreate2(hContext=0x1f266738, hDevice=0x1f24ff28, desc=0x7fffc81c2d20, phEvent=0x1f2a37a8)
<LEVEL_ZERO>[DEBUG]: ze_event_pool_desc_t flags set to: 1
[2026-10-08 02:25:51.559] [thread-id: 131884465589440] [trace] zexCounterBasedEventCreate2(hContext, hDevice, desc, phEvent)
[2026-10-08 02:25:51.559] [thread-id: 131884465589440] [trace] SUCCESS (ZE_RESULT_SUCCESS) in zexCounterBasedEventCreate2(hContext=0x1f266738, hDevice=0x1f24ff28, desc=0x7fffc81c2d20, phEvent=0x1f2a3ea8)
<LEVEL_ZERO>[DEBUG]: ze_event_pool_desc_t flags set to: 1
[2026-10-08 02:25:51.559] [thread-id: 131884465589440] [trace] zexCounterBasedEventCreate2(hContext, hDevice, desc, phEvent)
[2026-10-08 02:25:51.559] [thread-id: 131884465589440] [trace] SUCCESS (ZE_RESULT_SUCCESS) in zexCounterBasedEventCreate2(hContext=0x1f266738, hDevice=0x1f24ff28, desc=0x7fffc81c2d20, phEvent=0x1f2a43b8)
<LEVEL_ZERO>[DEBUG]: ze_event_pool_desc_t flags set to: 1
[2026-10-08 02:25:51.559] [thread-id: 131884465589440] [trace] zexCounterBasedEventCreate2(hContext, hDevice, desc, phEvent)
[2026-10-08 02:25:51.559] [thread-id: 131884465589440] [trace] SUCCESS (ZE_RESULT_SUCCESS) in zexCounterBasedEventCreate2(hContext=0x1f266738, hDevice=0x1f24ff28, desc=0x7fffc81c2d20, phEvent=0x1f2a4ab8)
<LEVEL_ZERO>[DEBUG]: ze_event_pool_desc_t flags set to: 1
[2026-10-08 02:25:51.559] [thread-id: 131884465589440] [trace] zexCounterBasedEventCreate2(hContext, hDevice, desc, phEvent)
[2026-10-08 02:25:51.559] [thread-id: 131884465589440] [trace] SUCCESS (ZE_RESULT_SUCCESS) in zexCounterBasedEventCreate2(hContext=0x1f266738, hDevice=0x1f24ff28, desc=0x7fffc81c2d20, phEvent=0x1f2a50d8)
<LEVEL_ZERO>[DEBUG]: ze_event_pool_desc_t flags set to: 1
[2026-10-08 02:25:51.559] [thread-id: 131884465589440] [trace] zexCounterBasedEventCreate2(hContext, hDevice, desc, phEvent)
[2026-10-08 02:25:51.559] [thread-id: 131884465589440] [trace] SUCCESS (ZE_RESULT_SUCCESS) in zexCounterBasedEventCreate2(hContext=0x1f266738, hDevice=0x1f24ff28, desc=0x7fffc81c2d20, phEvent=0x1f2a57d8)
<LEVEL_ZERO>[DEBUG]: ze_event_pool_desc_t flags set to: 1
[2026-10-08 02:25:51.559] [thread-id: 131884465589440] [trace] zexCounterBasedEventCreate2(hContext, hDevice, desc, phEvent)
[2026-10-08 02:25:51.559] [thread-id: 131884465589440] [trace] SUCCESS (ZE_RESULT_SUCCESS) in zexCounterBasedEventCreate2(hContext=0x1f266738, hDevice=0x1f24ff28, desc=0x7fffc81c2d20, phEvent=0x1f2a5ce8)
<LEVEL_ZERO>[DEBUG]: ze_event_pool_desc_t flags set to: 1
[2026-10-08 02:25:51.559] [thread-id: 131884465589440] [trace] zexCounterBasedEventCreate2(hContext, hDevice, desc, phEvent)
[2026-10-08 02:25:51.559] [thread-id: 131884465589440] [trace] SUCCESS (ZE_RESULT_SUCCESS) in zexCounterBasedEventCreate2(hContext=0x1f266738, hDevice=0x1f24ff28, desc=0x7fffc81c2d20, phEvent=0x1f2a63e8)
<LEVEL_ZERO>[DEBUG]: ze_event_pool_desc_t flags set to: 1
[2026-10-08 02:25:51.559] [thread-id: 131884465589440] [trace] zexCounterBasedEventCreate2(hContext, hDevice, desc, phEvent)
[2026-10-08 02:25:51.559] [thread-id: 131884465589440] [trace] SUCCESS (ZE_RESULT_SUCCESS) in zexCounterBasedEventCreate2(hContext=0x1f266738, hDevice=0x1f24ff28, desc=0x7fffc81c2d20, phEvent=0x1f2a68f8)
<LEVEL_ZERO>[DEBUG]: ze_event_pool_desc_t flags set to: 1
[2026-10-08 02:25:51.559] [thread-id: 131884465589440] [trace] zexCounterBasedEventCreate2(hContext, hDevice, desc, phEvent)
[2026-10-08 02:25:51.559] [thread-id: 131884465589440] [trace] SUCCESS (ZE_RESULT_SUCCESS) in zexCounterBasedEventCreate2(hContext=0x1f266738, hDevice=0x1f24ff28, desc=0x7fffc81c2d20, phEvent=0x1f2a6ff8)
<LEVEL_ZERO>[DEBUG]: ze_event_pool_desc_t flags set to: 1
[2026-10-08 02:25:51.559] [thread-id: 131884465589440] [trace] zexCounterBasedEventCreate2(hContext, hDevice, desc, phEvent)
[2026-10-08 02:25:51.559] [thread-id: 131884465589440] [trace] SUCCESS (ZE_RESULT_SUCCESS) in zexCounterBasedEventCreate2(hContext=0x1f266738, hDevice=0x1f24ff28, desc=0x7fffc81c2d20, phEvent=0x1f2a7508)
<LEVEL_ZERO>[DEBUG]: ze_event_pool_desc_t flags set to: 1
[2026-10-08 02:25:51.560] [thread-id: 131884465589440] [trace] zexCounterBasedEventCreate2(hContext, hDevice, desc, phEvent)
[2026-10-08 02:25:51.560] [thread-id: 131884465589440] [trace] SUCCESS (ZE_RESULT_SUCCESS) in zexCounterBasedEventCreate2(hContext=0x1f266738, hDevice=0x1f24ff28, desc=0x7fffc81c2d20, phEvent=0x1f2a7d48)
<LEVEL_ZERO>[DEBUG]: ze_event_pool_desc_t flags set to: 1
[2026-10-08 02:25:51.560] [thread-id: 131884465589440] [trace] zexCounterBasedEventCreate2(hContext, hDevice, desc, phEvent)
[2026-10-08 02:25:51.560] [thread-id: 131884465589440] [trace] SUCCESS (ZE_RESULT_SUCCESS) in zexCounterBasedEventCreate2(hContext=0x1f266738, hDevice=0x1f24ff28, desc=0x7fffc81c2d20, phEvent=0x1f2a8258)
<LEVEL_ZERO>[DEBUG]: ze_event_pool_desc_t flags set to: 1
[2026-10-08 02:25:51.560] [thread-id: 131884465589440] [trace] zexCounterBasedEventCreate2(hContext, hDevice, desc, phEvent)
[2026-10-08 02:25:51.560] [thread-id: 131884465589440] [trace] SUCCESS (ZE_RESULT_SUCCESS) in zexCounterBasedEventCreate2(hContext=0x1f266738, hDevice=0x1f24ff28, desc=0x7fffc81c2d20, phEvent=0x1f2a8958)
<LEVEL_ZERO>[DEBUG]: ze_event_pool_desc_t flags set to: 1
[2026-10-08 02:25:51.560] [thread-id: 131884465589440] [trace] zexCounterBasedEventCreate2(hContext, hDevice, desc, phEvent)
[2026-10-08 02:25:51.560] [thread-id: 131884465589440] [trace] SUCCESS (ZE_RESULT_SUCCESS) in zexCounterBasedEventCreate2(hContext=0x1f266738, hDevice=0x1f24ff28, desc=0x7fffc81c2d20, phEvent=0x1f2a8e68)
<LEVEL_ZERO>[DEBUG]: ze_event_pool_desc_t flags set to: 1
[2026-10-08 02:25:51.560] [thread-id: 131884465589440] [trace] zexCounterBasedEventCreate2(hContext, hDevice, desc, phEvent)
[2026-10-08 02:25:51.560] [thread-id: 131884465589440] [trace] SUCCESS (ZE_RESULT_SUCCESS) in zexCounterBasedEventCreate2(hContext=0x1f266738, hDevice=0x1f24ff28, desc=0x7fffc81c2d20, phEvent=0x1f2a9568)
<LEVEL_ZERO>[DEBUG]: ze_event_pool_desc_t flags set to: 1
[2026-10-08 02:25:51.560] [thread-id: 131884465589440] [trace] zexCounterBasedEventCreate2(hContext, hDevice, desc, phEvent)
[2026-10-08 02:25:51.560] [thread-id: 131884465589440] [trace] SUCCESS (ZE_RESULT_SUCCESS) in zexCounterBasedEventCreate2(hContext=0x1f266738, hDevice=0x1f24ff28, desc=0x7fffc81c2d20, phEvent=0x1f2a9a78)
<LEVEL_ZERO>[DEBUG]: ze_event_pool_desc_t flags set to: 1
[2026-10-08 02:25:51.560] [thread-id: 131884465589440] [trace] zexCounterBasedEventCreate2(hContext, hDevice, desc, phEvent)
[2026-10-08 02:25:51.560] [thread-id: 131884465589440] [trace] SUCCESS (ZE_RESULT_SUCCESS) in zexCounterBasedEventCreate2(hContext=0x1f266738, hDevice=0x1f24ff28, desc=0x7fffc81c2d20, phEvent=0x1f2aa178)
<LEVEL_ZERO>[DEBUG]: ze_event_pool_desc_t flags set to: 1
[2026-10-08 02:25:51.560] [thread-id: 131884465589440] [trace] zexCounterBasedEventCreate2(hContext, hDevice, desc, phEvent)
[2026-10-08 02:25:51.560] [thread-id: 131884465589440] [trace] SUCCESS (ZE_RESULT_SUCCESS) in zexCounterBasedEventCreate2(hContext=0x1f266738, hDevice=0x1f24ff28, desc=0x7fffc81c2d20, phEvent=0x1f2aa688)
<LEVEL_ZERO>[DEBUG]: ze_event_pool_desc_t flags set to: 1
[2026-10-08 02:25:51.560] [thread-id: 131884465589440] [trace] zexCounterBasedEventCreate2(hContext, hDevice, desc, phEvent)
[2026-10-08 02:25:51.560] [thread-id: 131884465589440] [trace] SUCCESS (ZE_RESULT_SUCCESS) in zexCounterBasedEventCreate2(hContext=0x1f266738, hDevice=0x1f24ff28, desc=0x7fffc81c2d20, phEvent=0x1f2aad88)
<LEVEL_ZERO>[DEBUG]: ze_event_pool_desc_t flags set to: 1
[2026-10-08 02:25:51.560] [thread-id: 131884465589440] [trace] zexCounterBasedEventCreate2(hContext, hDevice, desc, phEvent)
[2026-10-08 02:25:51.560] [thread-id: 131884465589440] [trace] SUCCESS (ZE_RESULT_SUCCESS) in zexCounterBasedEventCreate2(hContext=0x1f266738, hDevice=0x1f24ff28, desc=0x7fffc81c2d20, phEvent=0x1f2ab4a8)
<LEVEL_ZERO>[DEBUG]: ze_event_pool_desc_t flags set to: 1
[2026-10-08 02:25:51.560] [thread-id: 131884465589440] [trace] zexCounterBasedEventCreate2(hContext, hDevice, desc, phEvent)
[2026-10-08 02:25:51.560] [thread-id: 131884465589440] [trace] SUCCESS (ZE_RESULT_SUCCESS) in zexCounterBasedEventCreate2(hContext=0x1f266738, hDevice=0x1f24ff28, desc=0x7fffc81c2d20, phEvent=0x1f2abba8)
<LEVEL_ZERO>[DEBUG]: ze_event_pool_desc_t flags set to: 1
[2026-10-08 02:25:51.560] [thread-id: 131884465589440] [trace] zexCounterBasedEventCreate2(hContext, hDevice, desc, phEvent)
[2026-10-08 02:25:51.560] [thread-id: 131884465589440] [trace] SUCCESS (ZE_RESULT_SUCCESS) in zexCounterBasedEventCreate2(hContext=0x1f266738, hDevice=0x1f24ff28, desc=0x7fffc81c2d20, phEvent=0x1f2ac0b8)
<LEVEL_ZERO>[DEBUG]: ze_event_pool_desc_t flags set to: 1
[2026-10-08 02:25:51.560] [thread-id: 131884465589440] [trace] zexCounterBasedEventCreate2(hContext, hDevice, desc, phEvent)
[2026-10-08 02:25:51.560] [thread-id: 131884465589440] [trace] SUCCESS (ZE_RESULT_SUCCESS) in zexCounterBasedEventCreate2(hContext=0x1f266738, hDevice=0x1f24ff28, desc=0x7fffc81c2d20, phEvent=0x1f2ac7b8)
<LEVEL_ZERO>[DEBUG]: ze_event_pool_desc_t flags set to: 1
[2026-10-08 02:25:51.560] [thread-id: 131884465589440] [trace] zexCounterBasedEventCreate2(hContext, hDevice, desc, phEvent)
[2026-10-08 02:25:51.560] [thread-id: 131884465589440] [trace] SUCCESS (ZE_RESULT_SUCCESS) in zexCounterBasedEventCreate2(hContext=0x1f266738, hDevice=0x1f24ff28, desc=0x7fffc81c2d20, phEvent=0x1f2accc8)
<LEVEL_ZERO>[DEBUG]: ze_event_pool_desc_t flags set to: 1
[2026-10-08 02:25:51.560] [thread-id: 131884465589440] [trace] zexCounterBasedEventCreate2(hContext, hDevice, desc, phEvent)
[2026-10-08 02:25:51.560] [thread-id: 131884465589440] [trace] SUCCESS (ZE_RESULT_SUCCESS) in zexCounterBasedEventCreate2(hContext=0x1f266738, hDevice=0x1f24ff28, desc=0x7fffc81c2d20, phEvent=0x1f2ad3c8)
<LEVEL_ZERO>[DEBUG]: ze_event_pool_desc_t flags set to: 1
[2026-10-08 02:25:51.560] [thread-id: 131884465589440] [trace] zexCounterBasedEventCreate2(hContext, hDevice, desc, phEvent)
[2026-10-08 02:25:51.560] [thread-id: 131884465589440] [trace] SUCCESS (ZE_RESULT_SUCCESS) in zexCounterBasedEventCreate2(hContext=0x1f266738, hDevice=0x1f24ff28, desc=0x7fffc81c2d20, phEvent=0x1f2ad8d8)
<LEVEL_ZERO>[DEBUG]: ze_event_pool_desc_t flags set to: 1
[2026-10-08 02:25:51.560] [thread-id: 131884465589440] [trace] zexCounterBasedEventCreate2(hContext, hDevice, desc, phEvent)
[2026-10-08 02:25:51.560] [thread-id: 131884465589440] [trace] SUCCESS (ZE_RESULT_SUCCESS) in zexCounterBasedEventCreate2(hContext=0x1f266738, hDevice=0x1f24ff28, desc=0x7fffc81c2d20, phEvent=0x1f2adfd8)
<LEVEL_ZERO>[DEBUG]: ze_event_pool_desc_t flags set to: 1
[2026-10-08 02:25:51.560] [thread-id: 131884465589440] [trace] zexCounterBasedEventCreate2(hContext, hDevice, desc, phEvent)
[2026-10-08 02:25:51.560] [thread-id: 131884465589440] [trace] SUCCESS (ZE_RESULT_SUCCESS) in zexCounterBasedEventCreate2(hContext=0x1f266738, hDevice=0x1f24ff28, desc=0x7fffc81c2d20, phEvent=0x1f2ae4e8)
<LEVEL_ZERO>[DEBUG]: ze_event_pool_desc_t flags set to: 1
[2026-10-08 02:25:51.560] [thread-id: 131884465589440] [trace] zexCounterBasedEventCreate2(hContext, hDevice, desc, phEvent)
[2026-10-08 02:25:51.560] [thread-id: 131884465589440] [trace] SUCCESS (ZE_RESULT_SUCCESS) in zexCounterBasedEventCreate2(hContext=0x1f266738, hDevice=0x1f24ff28, desc=0x7fffc81c2d20, phEvent=0x1f2aebe8)
<LEVEL_ZERO>[DEBUG]: ze_event_pool_desc_t flags set to: 1
[2026-10-08 02:25:51.560] [thread-id: 131884465589440] [trace] zexCounterBasedEventCreate2(hContext, hDevice, desc, phEvent)
[2026-10-08 02:25:51.560] [thread-id: 131884465589440] [trace] SUCCESS (ZE_RESULT_SUCCESS) in zexCounterBasedEventCreate2(hContext=0x1f266738, hDevice=0x1f24ff28, desc=0x7fffc81c2d20, phEvent=0x1f2af0f8)
<LEVEL_ZERO>[DEBUG]: ze_event_pool_desc_t flags set to: 1
[2026-10-08 02:25:51.560] [thread-id: 131884465589440] [trace] zexCounterBasedEventCreate2(hContext, hDevice, desc, phEvent)
[2026-10-08 02:25:51.561] [thread-id: 131884465589440] [trace] SUCCESS (ZE_RESULT_SUCCESS) in zexCounterBasedEventCreate2(hContext=0x1f266738, hDevice=0x1f24ff28, desc=0x7fffc81c2d20, phEvent=0x1f2af7f8)
<LEVEL_ZERO>[DEBUG]: ze_event_pool_desc_t flags set to: 1
[2026-10-08 02:25:51.561] [thread-id: 131884465589440] [trace] zexCounterBasedEventCreate2(hContext, hDevice, desc, phEvent)
[2026-10-08 02:25:51.561] [thread-id: 131884465589440] [trace] SUCCESS (ZE_RESULT_SUCCESS) in zexCounterBasedEventCreate2(hContext=0x1f266738, hDevice=0x1f24ff28, desc=0x7fffc81c2d20, phEvent=0x1f2afd08)
<LEVEL_ZERO>[DEBUG]: ze_event_pool_desc_t flags set to: 1
[2026-10-08 02:25:51.561] [thread-id: 131884465589440] [trace] zexCounterBasedEventCreate2(hContext, hDevice, desc, phEvent)
[2026-10-08 02:25:51.561] [thread-id: 131884465589440] [trace] SUCCESS (ZE_RESULT_SUCCESS) in zexCounterBasedEventCreate2(hContext=0x1f266738, hDevice=0x1f24ff28, desc=0x7fffc81c2d20, phEvent=0x1f2b0408)
<LEVEL_ZERO>[DEBUG]: ze_event_pool_desc_t flags set to: 1
[2026-10-08 02:25:51.561] [thread-id: 131884465589440] [trace] zexCounterBasedEventCreate2(hContext, hDevice, desc, phEvent)
[2026-10-08 02:25:51.561] [thread-id: 131884465589440] [trace] SUCCESS (ZE_RESULT_SUCCESS) in zexCounterBasedEventCreate2(hContext=0x1f266738, hDevice=0x1f24ff28, desc=0x7fffc81c2d20, phEvent=0x1f2b0918)
<LEVEL_ZERO>[DEBUG]: ze_event_pool_desc_t flags set to: 1
[2026-10-08 02:25:51.561] [thread-id: 131884465589440] [trace] zexCounterBasedEventCreate2(hContext, hDevice, desc, phEvent)
[2026-10-08 02:25:51.561] [thread-id: 131884465589440] [trace] SUCCESS (ZE_RESULT_SUCCESS) in zexCounterBasedEventCreate2(hContext=0x1f266738, hDevice=0x1f24ff28, desc=0x7fffc81c2d20, phEvent=0x1f2b1018)
<LEVEL_ZERO>[DEBUG]: ze_event_pool_desc_t flags set to: 1
[2026-10-08 02:25:51.561] [thread-id: 131884465589440] [trace] zexCounterBasedEventCreate2(hContext, hDevice, desc, phEvent)
[2026-10-08 02:25:51.561] [thread-id: 131884465589440] [trace] SUCCESS (ZE_RESULT_SUCCESS) in zexCounterBasedEventCreate2(hContext=0x1f266738, hDevice=0x1f24ff28, desc=0x7fffc81c2d20, phEvent=0x1f2b1528)
<LEVEL_ZERO>[DEBUG]: ze_event_pool_desc_t flags set to: 1
[2026-10-08 02:25:51.561] [thread-id: 131884465589440] [trace] zexCounterBasedEventCreate2(hContext, hDevice, desc, phEvent)
[2026-10-08 02:25:51.561] [thread-id: 131884465589440] [trace] SUCCESS (ZE_RESULT_SUCCESS) in zexCounterBasedEventCreate2(hContext=0x1f266738, hDevice=0x1f24ff28, desc=0x7fffc81c2d20, phEvent=0x1f2b1c28)
<LEVEL_ZERO>[DEBUG]: ze_event_pool_desc_t flags set to: 1
[2026-10-08 02:25:51.561] [thread-id: 131884465589440] [trace] zexCounterBasedEventCreate2(hContext, hDevice, desc, phEvent)
[2026-10-08 02:25:51.561] [thread-id: 131884465589440] [trace] SUCCESS (ZE_RESULT_SUCCESS) in zexCounterBasedEventCreate2(hContext=0x1f266738, hDevice=0x1f24ff28, desc=0x7fffc81c2d20, phEvent=0x1f2b2138)
<LEVEL_ZERO>[DEBUG]: ze_event_pool_desc_t flags set to: 1
[2026-10-08 02:25:51.561] [thread-id: 131884465589440] [trace] zexCounterBasedEventCreate2(hContext, hDevice, desc, phEvent)
[2026-10-08 02:25:51.561] [thread-id: 131884465589440] [trace] SUCCESS (ZE_RESULT_SUCCESS) in zexCounterBasedEventCreate2(hContext=0x1f266738, hDevice=0x1f24ff28, desc=0x7fffc81c2d20, phEvent=0x1f2b2ab8)
<LEVEL_ZERO>[DEBUG]: ze_event_pool_desc_t flags set to: 1
[2026-10-08 02:25:51.561] [thread-id: 131884465589440] [trace] zexCounterBasedEventCreate2(hContext, hDevice, desc, phEvent)
[2026-10-08 02:25:51.561] [thread-id: 131884465589440] [trace] SUCCESS (ZE_RESULT_SUCCESS) in zexCounterBasedEventCreate2(hContext=0x1f266738, hDevice=0x1f24ff28, desc=0x7fffc81c2d20, phEvent=0x1f2b2fc8)
<LEVEL_ZERO>[DEBUG]: ze_event_pool_desc_t flags set to: 1
[2026-10-08 02:25:51.561] [thread-id: 131884465589440] [trace] zexCounterBasedEventCreate2(hContext, hDevice, desc, phEvent)
[2026-10-08 02:25:51.561] [thread-id: 131884465589440] [trace] SUCCESS (ZE_RESULT_SUCCESS) in zexCounterBasedEventCreate2(hContext=0x1f266738, hDevice=0x1f24ff28, desc=0x7fffc81c2d20, phEvent=0x1f2b36c8)
<LEVEL_ZERO>[DEBUG]: ze_event_pool_desc_t flags set to: 1
[2026-10-08 02:25:51.561] [thread-id: 131884465589440] [trace] zexCounterBasedEventCreate2(hContext, hDevice, desc, phEvent)
[2026-10-08 02:25:51.561] [thread-id: 131884465589440] [trace] SUCCESS (ZE_RESULT_SUCCESS) in zexCounterBasedEventCreate2(hContext=0x1f266738, hDevice=0x1f24ff28, desc=0x7fffc81c2d20, phEvent=0x1f2b3bd8)
<LEVEL_ZERO>[DEBUG]: ze_event_pool_desc_t flags set to: 1
[2026-10-08 02:25:51.561] [thread-id: 131884465589440] [trace] zexCounterBasedEventCreate2(hContext, hDevice, desc, phEvent)
[2026-10-08 02:25:51.561] [thread-id: 131884465589440] [trace] SUCCESS (ZE_RESULT_SUCCESS) in zexCounterBasedEventCreate2(hContext=0x1f266738, hDevice=0x1f24ff28, desc=0x7fffc81c2d20, phEvent=0x1f2b42d8)
<LEVEL_ZERO>[DEBUG]: ze_event_pool_desc_t flags set to: 1
[2026-10-08 02:25:51.561] [thread-id: 131884465589440] [trace] zexCounterBasedEventCreate2(hContext, hDevice, desc, phEvent)
[2026-10-08 02:25:51.561] [thread-id: 131884465589440] [trace] SUCCESS (ZE_RESULT_SUCCESS) in zexCounterBasedEventCreate2(hContext=0x1f266738, hDevice=0x1f24ff28, desc=0x7fffc81c2d20, phEvent=0x1f2b47e8)
<LEVEL_ZERO>[DEBUG]: ze_event_pool_desc_t flags set to: 1
[2026-10-08 02:25:51.561] [thread-id: 131884465589440] [trace] zexCounterBasedEventCreate2(hContext, hDevice, desc, phEvent)
[2026-10-08 02:25:51.561] [thread-id: 131884465589440] [trace] SUCCESS (ZE_RESULT_SUCCESS) in zexCounterBasedEventCreate2(hContext=0x1f266738, hDevice=0x1f24ff28, desc=0x7fffc81c2d20, phEvent=0x1f2b4ee8)
<LEVEL_ZERO>[DEBUG]: ze_event_pool_desc_t flags set to: 1
[2026-10-08 02:25:51.561] [thread-id: 131884465589440] [trace] zexCounterBasedEventCreate2(hContext, hDevice, desc, phEvent)
[2026-10-08 02:25:51.561] [thread-id: 131884465589440] [trace] SUCCESS (ZE_RESULT_SUCCESS) in zexCounterBasedEventCreate2(hContext=0x1f266738, hDevice=0x1f24ff28, desc=0x7fffc81c2d20, phEvent=0x1f2b53f8)
<LEVEL_ZERO>[DEBUG]: ze_event_pool_desc_t flags set to: 1
[2026-10-08 02:25:51.561] [thread-id: 131884465589440] [trace] zexCounterBasedEventCreate2(hContext, hDevice, desc, phEvent)
[2026-10-08 02:25:51.561] [thread-id: 131884465589440] [trace] SUCCESS (ZE_RESULT_SUCCESS) in zexCounterBasedEventCreate2(hContext=0x1f266738, hDevice=0x1f24ff28, desc=0x7fffc81c2d20, phEvent=0x1f2b5af8)
<LEVEL_ZERO>[DEBUG]: ze_event_pool_desc_t flags set to: 1
[2026-10-08 02:25:51.561] [thread-id: 131884465589440] [trace] zexCounterBasedEventCreate2(hContext, hDevice, desc, phEvent)
[2026-10-08 02:25:51.561] [thread-id: 131884465589440] [trace] SUCCESS (ZE_RESULT_SUCCESS) in zexCounterBasedEventCreate2(hContext=0x1f266738, hDevice=0x1f24ff28, desc=0x7fffc81c2d20, phEvent=0x1f2b6008)
<LEVEL_ZERO>[DEBUG]: ze_event_pool_desc_t flags set to: 1
[2026-10-08 02:25:51.561] [thread-id: 131884465589440] [trace] zexCounterBasedEventCreate2(hContext, hDevice, desc, phEvent)
[2026-10-08 02:25:51.561] [thread-id: 131884465589440] [trace] SUCCESS (ZE_RESULT_SUCCESS) in zexCounterBasedEventCreate2(hContext=0x1f266738, hDevice=0x1f24ff28, desc=0x7fffc81c2d20, phEvent=0x1f2b6708)
<LEVEL_ZERO>[DEBUG]: ze_event_pool_desc_t flags set to: 1
[2026-10-08 02:25:51.561] [thread-id: 131884465589440] [trace] zexCounterBasedEventCreate2(hContext, hDevice, desc, phEvent)
[2026-10-08 02:25:51.561] [thread-id: 131884465589440] [trace] SUCCESS (ZE_RESULT_SUCCESS) in zexCounterBasedEventCreate2(hContext=0x1f266738, hDevice=0x1f24ff28, desc=0x7fffc81c2d20, phEvent=0x1f2b6c18)
[2026-10-08 02:25:51.561] [thread-id: 131884465589440] [trace] zeCommandListAppendMemoryCopy(hCommandList, dstptr, srcptr, size, hSignalEvent, numWaitEvents, phWaitEventsLocal)
[2026-10-08 02:25:51.565] [thread-id: 131884465589440] [trace] SUCCESS (ZE_RESULT_SUCCESS) in zeCommandListAppendMemoryCopy(hCommandList=0x1f26dd88, dstptr=0xffffffffff600000, srcptr=0x1f27e8a0, size=65536, hSignalEvent=0x1f2b6c18, numWaitEvents=0, phWaitEvents=nullptr)
   <--- urEnqueueUSMMemcpy(.hQueue = 0x1f26d0a0, .blocking = 0, .pDst = 0xffffffffff600000, .pSrc = 0x1f27e8a0, .size = 65536, .numEventsInWaitList = 0, .phEventWaitList = nullptr, .phEvent = 0x7fffc81c3320 (0x1f2b6600)) -> UR_RESULT_SUCCESS;
   ---> urEventWait
[2026-10-08 02:25:51.565] [thread-id: 131884465589440] [trace] zeEventHostSynchronize(hEvent, timeout)
[2026-10-08 02:25:51.565] [thread-id: 131884465589440] [trace] SUCCESS (ZE_RESULT_SUCCESS) in zeEventHostSynchronize(hEvent=0x1f2b6c18, timeout=18446744073709551615)
   <--- urEventWait(.numEvents = 1, .phEventWaitList = 0x7fffc81c3370 {0x1f2b6600}) -> UR_RESULT_SUCCESS;
   ---> urEventRelease
   <--- urEventRelease(.hEvent = 0x1f2b6600) -> UR_RESULT_SUCCESS;
   ---> urDeviceGetInfo
[2026-10-08 02:25:51.565] [thread-id: 131884465589440] [trace] zeDeviceGetComputeProperties(hDevice, pComputeProperties)
[2026-10-08 02:25:51.565] [thread-id: 131884465589440] [trace] SUCCESS (ZE_RESULT_SUCCESS) in zeDeviceGetComputeProperties(hDevice=0x1f24ff28, pComputeProperties={stype=0x1f265280, maxTotalGroupSize=1024, maxGroupSizeX=1024, maxGroupSizeY=1024, maxGroupSizeZ=1024, maxGroupCountX=4294967295, maxGroupCountY=4294967295, maxGroupCountZ=4294967295, maxSharedLocalMemory=131072, numSubGroupSizes=2, subGroupSizes=16})
   <--- urDeviceGetInfo(.hDevice = 0x1f265040, .propName = UR_DEVICE_INFO_MAX_WORK_GROUPS_3D, .propSize = 24, .pPropValue = {4294967295, 4294967295, 4294967295}, .pPropSizeRet = nullptr) -> UR_RESULT_SUCCESS;
   ---> urDeviceSelectBinary
   <--- urDeviceSelectBinary(.hDevice = 0x1f265040, .pBinaries = 0x1f2dfa50 ((struct ur_device_binary_t){.stype = UR_STRUCTURE_TYPE_CONTEXT_PROPERTIES, .pNext = nullptr, .pDeviceTargetSpec = 0x77f2c198d3c0 (spir64)}), .NumBinaries = 1, .pSelectedBinary = 0x7fffc81c287c (0)) -> UR_RESULT_SUCCESS;
   ---> urPlatformGetBackendOption
   <--- urPlatformGetBackendOption(.hPlatform = 0x1f263810, .pFrontendOption = 0x7fffc81c2388 (-O2), .ppPlatformOption = 0x7fffc81c2358 (0x77f2be9fb975 (-ze-opt-level=2))) -> UR_RESULT_SUCCESS;
   ---> urDeviceGetInfo
   <--- urDeviceGetInfo(.hDevice = 0x1f265040, .propName = UR_DEVICE_INFO_VENDOR_ID, .propSize = 4, .pPropValue = 0x7fffc81c22d8 (32902), .pPropSizeRet = nullptr) -> UR_RESULT_SUCCESS;
   ---> urDeviceGetInfo
   <--- urDeviceGetInfo(.hDevice = 0x1f265040, .propName = UR_DEVICE_INFO_DEVICE_ID, .propSize = 0, .pPropValue = nullptr, .pPropSizeRet = 0x7fffc81c2160 (4)) -> UR_RESULT_SUCCESS;
   ---> urDeviceGetInfo
   <--- urDeviceGetInfo(.hDevice = 0x1f265040, .propName = UR_DEVICE_INFO_DEVICE_ID, .propSize = 4, .pPropValue = 0x7fffc81c22a8 (57868), .pPropSizeRet = nullptr) -> UR_RESULT_SUCCESS;
   ---> urDeviceGetInfo
   <--- urDeviceGetInfo(.hDevice = 0x1f265040, .propName = UR_DEVICE_INFO_COMPILER_AVAILABLE, .propSize = 1, .pPropValue = 0x7fffc81c2340 (true), .pPropSizeRet = nullptr) -> UR_RESULT_SUCCESS;
   ---> urProgramCreateWithIL
   <--- urProgramCreateWithIL(.hContext = 0x1f269b90, .pIL = 0x415b20, .length = 2080, .pProperties = nullptr, .phProgram = 0x7fffc81c2460 (0x1f2a7a10)) -> UR_RESULT_SUCCESS;
   ---> urProgramBuildExp
[2026-10-08 02:25:51.565] [thread-id: 131884465589440] [trace] zeModuleCreate(hContext, hDevice, desc, phModule, phBuildLog)
[2026-10-08 02:25:51.566] [thread-id: 131884465589440] [trace] SUCCESS (ZE_RESULT_SUCCESS) in zeModuleCreate(hContext=0x1f266738, hDevice=0x1f24ff28, desc={stype=0x7fffc81c20e0, format=0x7fffc81c20f0, inputSize=2080, pInputModule=3, pBuildFlags=" -ze-opt-level=2", pConstants={numConstants=0, pConstantIds=nullptr, pConstantValues=nullptr}}, phModule=0x1f2bad18, phBuildLog=0x1f2e0818)
[2026-10-08 02:25:51.566] [thread-id: 131884465589440] [trace] zeModuleGetProperties(hModule, pModuleProperties)
[2026-10-08 02:25:51.566] [thread-id: 131884465589440] [trace] SUCCESS (ZE_RESULT_SUCCESS) in zeModuleGetProperties(hModule=0x1f2bad18, pModuleProperties={stype=0x7fffc81c2050, flags=0})
   <--- urProgramBuildExp(.hProgram = 0x1f2a7a10, .numDevices = 1, .phDevices = 0x1f2dfa50 {0x1f265040}, .flags = 0, .pOptions = 0x1f2dfa70 ( -ze-opt-level=2)) -> UR_RESULT_SUCCESS;
   ---> urProgramRetain
   <--- urProgramRetain(.hProgram = 0x1f2a7a10) -> UR_RESULT_SUCCESS;
   ---> urKernelCreate
[2026-10-08 02:25:51.566] [thread-id: 131884465589440] [trace] zeKernelCreate(hModule, desc, phKernel)
[2026-10-08 02:25:51.566] [thread-id: 131884465589440] [trace] SUCCESS (ZE_RESULT_SUCCESS) in zeKernelCreate(hModule=0x1f2bad18, desc={stype=0x7fffc81c2770, flags=0, pKernelName="_ZTSZ4mainEUlN4sycl3_V12idILi1EEEE_"}, phKernel=0x1f2f7748)
[2026-10-08 02:25:51.566] [thread-id: 131884465589440] [trace] zeKernelGetName(hKernel, pSize, pName)
[2026-10-08 02:25:51.566] [thread-id: 131884465589440] [trace] SUCCESS (ZE_RESULT_SUCCESS) in zeKernelGetName(hKernel=0x1f2f7748, pSize=36, pName=nullptr)
[2026-10-08 02:25:51.566] [thread-id: 131884465589440] [trace] zeKernelGetName(hKernel, pSize, pName)
[2026-10-08 02:25:51.566] [thread-id: 131884465589440] [trace] SUCCESS (ZE_RESULT_SUCCESS) in zeKernelGetName(hKernel=0x1f2f7748, pSize=36, pName="_ZTSZ4mainEUlN4sycl3_V12idILi1EEEE_")
[2026-10-08 02:25:51.566] [thread-id: 131884465589440] [trace] zeKernelGetProperties(hKernel, pKernelProperties)
[2026-10-08 02:25:51.566] [thread-id: 131884465589440] [trace] SUCCESS (ZE_RESULT_SUCCESS) in zeKernelGetProperties(hKernel=0x1f2f7748, pKernelProperties={stype=0x1f2d8b48, numKernelArgs=1, requiredGroupSizeX=0, requiredGroupSizeY=0, requiredGroupSizeZ=0, requiredNumSubGroups=0, requiredSubgroupSize=0, maxSubgroupSize=32, maxNumSubgroups=32, localMemSize=0, privateMemSize=0, spillMemSize=0, uuid={kid=0, mid=0}})
   <--- urKernelCreate(.hProgram = 0x1f2a7a10, .pKernelName = 0x4131d2 (_ZTSZ4mainEUlN4sycl3_V12idILi1EEEE_), .phKernel = 0x7fffc81c2a90 (0x1f2f2d40)) -> UR_RESULT_SUCCESS;
   ---> urKernelSetExecInfo
[2026-10-08 02:25:51.566] [thread-id: 131884465589440] [trace] zeKernelSetIndirectAccess(hKernel, flags)
[2026-10-08 02:25:51.566] [thread-id: 131884465589440] [trace] SUCCESS (ZE_RESULT_SUCCESS) in zeKernelSetIndirectAccess(hKernel=0x1f2f7748, flags=7)
   <--- urKernelSetExecInfo(.hKernel = 0x1f2f2d40, .propName = UR_KERNEL_EXEC_INFO_USM_INDIRECT_ACCESS, .propSize = 1, .pProperties = nullptr, .pPropValue = 0x7fffc81c2a8f (true)) -> UR_RESULT_SUCCESS;
   ---> urKernelRetain
   <--- urKernelRetain(.hKernel = 0x1f2f2d40) -> UR_RESULT_SUCCESS;
   ---> urKernelGetGroupInfo
   <--- urKernelGetGroupInfo(.hKernel = 0x1f2f2d40, .hDevice = 0x1f265040, .propName = UR_KERNEL_GROUP_INFO_COMPILE_WORK_GROUP_SIZE, .propSize = 24, .pPropValue = {0, 0, 0}, .pPropSizeRet = nullptr) -> UR_RESULT_SUCCESS;
   ---> urEnqueueKernelLaunchWithArgsExp
[2026-10-08 02:25:51.566] [thread-id: 131884465589440] [trace] zeKernelSuggestGroupSize(hKernel, globalSizeX, globalSizeY, globalSizeZ, groupSizeX, groupSizeY, groupSizeZ)
[2026-10-08 02:25:51.566] [thread-id: 131884465589440] [trace] SUCCESS (ZE_RESULT_SUCCESS) in zeKernelSuggestGroupSize(hKernel=0x1f2f7748, globalSizeX=16384, globalSizeY=1, globalSizeZ=1, groupSizeX=1024, groupSizeY=1, groupSizeZ=1)
[2026-10-08 02:25:51.566] [thread-id: 131884465589440] [trace] zeKernelSetGroupSize(hKernel, groupSizeX, groupSizeY, groupSizeZ)
[2026-10-08 02:25:51.566] [thread-id: 131884465589440] [trace] SUCCESS (ZE_RESULT_SUCCESS) in zeKernelSetGroupSize(hKernel=0x1f2f7748, groupSizeX=1024, groupSizeY=1, groupSizeZ=1)
[2026-10-08 02:25:51.566] [thread-id: 131884465589440] [trace] zeCommandListAppendLaunchKernelWithArguments(hCommandList, hKernel, groupCounts, groupSizes, pArguments, pNext, hSignalEvent, numWaitEvents, phWaitEventsLocal)
[2026-10-08 02:25:51.567] [thread-id: 131884465589440] [trace] SUCCESS (ZE_RESULT_SUCCESS) in zeCommandListAppendLaunchKernelWithArguments(hCommandList=0x1f26dd88, hKernel=0x1f2f7748, groupCounts={groupCountX=16, groupCountY=1, groupCountZ=1}, groupSizes={groupSizeX=1024, groupSizeY=1, groupSizeZ=1}, pArguments=0x1f2f7e90, pNext=nullptr, hSignalEvent=0x1f2b6c18, numWaitEvents=0, phWaitEvents=nullptr)
   <--- urEnqueueKernelLaunchWithArgsExp(.hQueue = 0x1f26d0a0, .hKernel = 0x1f2f2d40, .workDim = 1, .pGlobalWorkOffset = nullptr, .pGlobalWorkSize = 0x7fffc81c3250 (16384), .pLocalWorkSize = nullptr, .numArgs = 1, .pArgs = 0x1f2f38d0 {(struct ur_exp_kernel_arg_properties_t){.stype = UR_STRUCTURE_TYPE_EXP_KERNEL_ARG_PROPERTIES, .pNext = nullptr, .type = UR_EXP_KERNEL_ARG_TYPE_POINTER, .index = 0, .size = 8, .value = (union ur_exp_kernel_arg_value_t){.pointer = 0xffffffffff600000}}}, .launchPropList = nullptr, .numEventsInWaitList = 0, .phEventWaitList = nullptr, .phEvent = 0x7fffc81c2c70 (0x1f2b6600)) -> UR_RESULT_SUCCESS;
   ---> urEventWait
[2026-10-08 02:25:51.567] [thread-id: 131884465589440] [trace] zeEventHostSynchronize(hEvent, timeout)
[2026-10-08 02:25:51.567] [thread-id: 131884465589440] [trace] SUCCESS (ZE_RESULT_SUCCESS) in zeEventHostSynchronize(hEvent=0x1f2b6c18, timeout=18446744073709551615)
   <--- urEventWait(.numEvents = 1, .phEventWaitList = 0x7fffc81c3370 {0x1f2b6600}) -> UR_RESULT_SUCCESS;
   ---> urEventRelease
   <--- urEventRelease(.hEvent = 0x1f2b6600) -> UR_RESULT_SUCCESS;
   ---> urEnqueueUSMMemcpy
[2026-10-08 02:25:51.567] [thread-id: 131884465589440] [trace] zeCommandListAppendMemoryCopy(hCommandList, dstptr, srcptr, size, hSignalEvent, numWaitEvents, phWaitEventsLocal)
[2026-10-08 02:25:51.568] [thread-id: 131884465589440] [trace] SUCCESS (ZE_RESULT_SUCCESS) in zeCommandListAppendMemoryCopy(hCommandList=0x1f26dd88, dstptr=0x1f28e8b0, srcptr=0xffffffffff600000, size=65536, hSignalEvent=0x1f2b6c18, numWaitEvents=0, phWaitEvents=nullptr)
   <--- urEnqueueUSMMemcpy(.hQueue = 0x1f26d0a0, .blocking = 0, .pDst = 0x1f28e8b0, .pSrc = 0xffffffffff600000, .size = 65536, .numEventsInWaitList = 0, .phEventWaitList = nullptr, .phEvent = 0x7fffc81c3320 (0x1f2b6600)) -> UR_RESULT_SUCCESS;
   ---> urEventWait
[2026-10-08 02:25:51.568] [thread-id: 131884465589440] [trace] zeEventHostSynchronize(hEvent, timeout)
[2026-10-08 02:25:51.568] [thread-id: 131884465589440] [trace] SUCCESS (ZE_RESULT_SUCCESS) in zeEventHostSynchronize(hEvent=0x1f2b6c18, timeout=18446744073709551615)
   <--- urEventWait(.numEvents = 1, .phEventWaitList = 0x7fffc81c3370 {0x1f2b6600}) -> UR_RESULT_SUCCESS;
   ---> urEventRelease
   <--- urEventRelease(.hEvent = 0x1f2b6600) -> UR_RESULT_SUCCESS;
   ---> urEnqueueUSMMemcpy
[2026-10-08 02:25:51.568] [thread-id: 131884465589440] [trace] zeCommandListAppendMemoryCopy(hCommandList, dstptr, srcptr, size, hSignalEvent, numWaitEvents, phWaitEventsLocal)
[2026-10-08 02:25:51.568] [thread-id: 131884465589440] [trace] SUCCESS (ZE_RESULT_SUCCESS) in zeCommandListAppendMemoryCopy(hCommandList=0x1f26dd88, dstptr=0xffffffffff600000, srcptr=0x1f27e8a0, size=65536, hSignalEvent=0x1f2b6c18, numWaitEvents=0, phWaitEvents=nullptr)
   <--- urEnqueueUSMMemcpy(.hQueue = 0x1f26d0a0, .blocking = 0, .pDst = 0xffffffffff600000, .pSrc = 0x1f27e8a0, .size = 65536, .numEventsInWaitList = 0, .phEventWaitList = nullptr, .phEvent = 0x7fffc81c3320 (0x1f2b6600)) -> UR_RESULT_SUCCESS;
   ---> urEventWait
[2026-10-08 02:25:51.568] [thread-id: 131884465589440] [trace] zeEventHostSynchronize(hEvent, timeout)
[2026-10-08 02:25:51.568] [thread-id: 131884465589440] [trace] SUCCESS (ZE_RESULT_SUCCESS) in zeEventHostSynchronize(hEvent=0x1f2b6c18, timeout=18446744073709551615)
   <--- urEventWait(.numEvents = 1, .phEventWaitList = 0x7fffc81c3370 {0x1f2b6600}) -> UR_RESULT_SUCCESS;
   ---> urEventRelease
   <--- urEventRelease(.hEvent = 0x1f2b6600) -> UR_RESULT_SUCCESS;
   ---> urDeviceGetInfo
   <--- urDeviceGetInfo(.hDevice = 0x1f265040, .propName = UR_DEVICE_INFO_MAX_WORK_GROUPS_3D, .propSize = 24, .pPropValue = {4294967295, 4294967295, 4294967295}, .pPropSizeRet = nullptr) -> UR_RESULT_SUCCESS;
   ---> urKernelGetGroupInfo
   <--- urKernelGetGroupInfo(.hKernel = 0x1f2f2d40, .hDevice = 0x1f265040, .propName = UR_KERNEL_GROUP_INFO_COMPILE_WORK_GROUP_SIZE, .propSize = 24, .pPropValue = {0, 0, 0}, .pPropSizeRet = nullptr) -> UR_RESULT_SUCCESS;
   ---> urEnqueueKernelLaunchWithArgsExp
[2026-10-08 02:25:51.568] [thread-id: 131884465589440] [trace] zeKernelSuggestGroupSize(hKernel, globalSizeX, globalSizeY, globalSizeZ, groupSizeX, groupSizeY, groupSizeZ)
[2026-10-08 02:25:51.568] [thread-id: 131884465589440] [trace] SUCCESS (ZE_RESULT_SUCCESS) in zeKernelSuggestGroupSize(hKernel=0x1f2f7748, globalSizeX=16384, globalSizeY=1, globalSizeZ=1, groupSizeX=1024, groupSizeY=1, groupSizeZ=1)
[2026-10-08 02:25:51.568] [thread-id: 131884465589440] [trace] zeKernelSetGroupSize(hKernel, groupSizeX, groupSizeY, groupSizeZ)
[2026-10-08 02:25:51.568] [thread-id: 131884465589440] [trace] SUCCESS (ZE_RESULT_SUCCESS) in zeKernelSetGroupSize(hKernel=0x1f2f7748, groupSizeX=1024, groupSizeY=1, groupSizeZ=1)
[2026-10-08 02:25:51.568] [thread-id: 131884465589440] [trace] zeCommandListAppendLaunchKernelWithArguments(hCommandList, hKernel, groupCounts, groupSizes, pArguments, pNext, hSignalEvent, numWaitEvents, phWaitEventsLocal)
[2026-10-08 02:25:51.568] [thread-id: 131884465589440] [trace] SUCCESS (ZE_RESULT_SUCCESS) in zeCommandListAppendLaunchKernelWithArguments(hCommandList=0x1f26dd88, hKernel=0x1f2f7748, groupCounts={groupCountX=16, groupCountY=1, groupCountZ=1}, groupSizes={groupSizeX=1024, groupSizeY=1, groupSizeZ=1}, pArguments=0x1f2f7e90, pNext=nullptr, hSignalEvent=0x1f2b6c18, numWaitEvents=0, phWaitEvents=nullptr)
   <--- urEnqueueKernelLaunchWithArgsExp(.hQueue = 0x1f26d0a0, .hKernel = 0x1f2f2d40, .workDim = 1, .pGlobalWorkOffset = nullptr, .pGlobalWorkSize = 0x7fffc81c3250 (16384), .pLocalWorkSize = nullptr, .numArgs = 1, .pArgs = 0x1f2f38d0 {(struct ur_exp_kernel_arg_properties_t){.stype = UR_STRUCTURE_TYPE_EXP_KERNEL_ARG_PROPERTIES, .pNext = nullptr, .type = UR_EXP_KERNEL_ARG_TYPE_POINTER, .index = 0, .size = 8, .value = (union ur_exp_kernel_arg_value_t){.pointer = 0xffffffffff600000}}}, .launchPropList = nullptr, .numEventsInWaitList = 0, .phEventWaitList = nullptr, .phEvent = 0x7fffc81c2c70 (0x1f2b6600)) -> UR_RESULT_SUCCESS;
   ---> urEventWait
[2026-10-08 02:25:51.568] [thread-id: 131884465589440] [trace] zeEventHostSynchronize(hEvent, timeout)
[2026-10-08 02:25:51.568] [thread-id: 131884465589440] [trace] SUCCESS (ZE_RESULT_SUCCESS) in zeEventHostSynchronize(hEvent=0x1f2b6c18, timeout=18446744073709551615)
   <--- urEventWait(.numEvents = 1, .phEventWaitList = 0x7fffc81c3370 {0x1f2b6600}) -> UR_RESULT_SUCCESS;
   ---> urEventRelease
   <--- urEventRelease(.hEvent = 0x1f2b6600) -> UR_RESULT_SUCCESS;
   ---> urEnqueueUSMMemcpy
[2026-10-08 02:25:51.568] [thread-id: 131884465589440] [trace] zeCommandListAppendMemoryCopy(hCommandList, dstptr, srcptr, size, hSignalEvent, numWaitEvents, phWaitEventsLocal)
[2026-10-08 02:25:51.568] [thread-id: 131884465589440] [trace] SUCCESS (ZE_RESULT_SUCCESS) in zeCommandListAppendMemoryCopy(hCommandList=0x1f26dd88, dstptr=0x1f28e8b0, srcptr=0xffffffffff600000, size=65536, hSignalEvent=0x1f2b6c18, numWaitEvents=0, phWaitEvents=nullptr)
   <--- urEnqueueUSMMemcpy(.hQueue = 0x1f26d0a0, .blocking = 0, .pDst = 0x1f28e8b0, .pSrc = 0xffffffffff600000, .size = 65536, .numEventsInWaitList = 0, .phEventWaitList = nullptr, .phEvent = 0x7fffc81c3320 (0x1f2b6600)) -> UR_RESULT_SUCCESS;
   ---> urEventWait
[2026-10-08 02:25:51.568] [thread-id: 131884465589440] [trace] zeEventHostSynchronize(hEvent, timeout)
[2026-10-08 02:25:51.568] [thread-id: 131884465589440] [trace] SUCCESS (ZE_RESULT_SUCCESS) in zeEventHostSynchronize(hEvent=0x1f2b6c18, timeout=18446744073709551615)
   <--- urEventWait(.numEvents = 1, .phEventWaitList = 0x7fffc81c3370 {0x1f2b6600}) -> UR_RESULT_SUCCESS;
   ---> urEventRelease
   <--- urEventRelease(.hEvent = 0x1f2b6600) -> UR_RESULT_SUCCESS;
   ---> urEnqueueUSMMemcpy
[2026-10-08 02:25:51.568] [thread-id: 131884465589440] [trace] zeCommandListAppendMemoryCopy(hCommandList, dstptr, srcptr, size, hSignalEvent, numWaitEvents, phWaitEventsLocal)
[2026-10-08 02:25:51.568] [thread-id: 131884465589440] [trace] SUCCESS (ZE_RESULT_SUCCESS) in zeCommandListAppendMemoryCopy(hCommandList=0x1f26dd88, dstptr=0xffffffffff600000, srcptr=0x1f27e8a0, size=65536, hSignalEvent=0x1f2b6c18, numWaitEvents=0, phWaitEvents=nullptr)
   <--- urEnqueueUSMMemcpy(.hQueue = 0x1f26d0a0, .blocking = 0, .pDst = 0xffffffffff600000, .pSrc = 0x1f27e8a0, .size = 65536, .numEventsInWaitList = 0, .phEventWaitList = nullptr, .phEvent = 0x7fffc81c3320 (0x1f2b6600)) -> UR_RESULT_SUCCESS;
   ---> urEventWait
[2026-10-08 02:25:51.568] [thread-id: 131884465589440] [trace] zeEventHostSynchronize(hEvent, timeout)
[2026-10-08 02:25:51.568] [thread-id: 131884465589440] [trace] SUCCESS (ZE_RESULT_SUCCESS) in zeEventHostSynchronize(hEvent=0x1f2b6c18, timeout=18446744073709551615)
   <--- urEventWait(.numEvents = 1, .phEventWaitList = 0x7fffc81c3370 {0x1f2b6600}) -> UR_RESULT_SUCCESS;
   ---> urEventRelease
   <--- urEventRelease(.hEvent = 0x1f2b6600) -> UR_RESULT_SUCCESS;
   ---> urDeviceGetInfo
   <--- urDeviceGetInfo(.hDevice = 0x1f265040, .propName = UR_DEVICE_INFO_MAX_WORK_GROUPS_3D, .propSize = 24, .pPropValue = {4294967295, 4294967295, 4294967295}, .pPropSizeRet = nullptr) -> UR_RESULT_SUCCESS;
   ---> urKernelGetGroupInfo
   <--- urKernelGetGroupInfo(.hKernel = 0x1f2f2d40, .hDevice = 0x1f265040, .propName = UR_KERNEL_GROUP_INFO_COMPILE_WORK_GROUP_SIZE, .propSize = 24, .pPropValue = {0, 0, 0}, .pPropSizeRet = nullptr) -> UR_RESULT_SUCCESS;
   ---> urEnqueueKernelLaunchWithArgsExp
[2026-10-08 02:25:51.569] [thread-id: 131884465589440] [trace] zeKernelSuggestGroupSize(hKernel, globalSizeX, globalSizeY, globalSizeZ, groupSizeX, groupSizeY, groupSizeZ)
[2026-10-08 02:25:51.569] [thread-id: 131884465589440] [trace] SUCCESS (ZE_RESULT_SUCCESS) in zeKernelSuggestGroupSize(hKernel=0x1f2f7748, globalSizeX=16384, globalSizeY=1, globalSizeZ=1, groupSizeX=1024, groupSizeY=1, groupSizeZ=1)
[2026-10-08 02:25:51.569] [thread-id: 131884465589440] [trace] zeKernelSetGroupSize(hKernel, groupSizeX, groupSizeY, groupSizeZ)
[2026-10-08 02:25:51.569] [thread-id: 131884465589440] [trace] SUCCESS (ZE_RESULT_SUCCESS) in zeKernelSetGroupSize(hKernel=0x1f2f7748, groupSizeX=1024, groupSizeY=1, groupSizeZ=1)
[2026-10-08 02:25:51.569] [thread-id: 131884465589440] [trace] zeCommandListAppendLaunchKernelWithArguments(hCommandList, hKernel, groupCounts, groupSizes, pArguments, pNext, hSignalEvent, numWaitEvents, phWaitEventsLocal)
[2026-10-08 02:25:51.569] [thread-id: 131884465589440] [trace] SUCCESS (ZE_RESULT_SUCCESS) in zeCommandListAppendLaunchKernelWithArguments(hCommandList=0x1f26dd88, hKernel=0x1f2f7748, groupCounts={groupCountX=16, groupCountY=1, groupCountZ=1}, groupSizes={groupSizeX=1024, groupSizeY=1, groupSizeZ=1}, pArguments=0x1f2f7e90, pNext=nullptr, hSignalEvent=0x1f2b6c18, numWaitEvents=0, phWaitEvents=nullptr)
   <--- urEnqueueKernelLaunchWithArgsExp(.hQueue = 0x1f26d0a0, .hKernel = 0x1f2f2d40, .workDim = 1, .pGlobalWorkOffset = nullptr, .pGlobalWorkSize = 0x7fffc81c3250 (16384), .pLocalWorkSize = nullptr, .numArgs = 1, .pArgs = 0x1f2f38d0 {(struct ur_exp_kernel_arg_properties_t){.stype = UR_STRUCTURE_TYPE_EXP_KERNEL_ARG_PROPERTIES, .pNext = nullptr, .type = UR_EXP_KERNEL_ARG_TYPE_POINTER, .index = 0, .size = 8, .value = (union ur_exp_kernel_arg_value_t){.pointer = 0xffffffffff600000}}}, .launchPropList = nullptr, .numEventsInWaitList = 0, .phEventWaitList = nullptr, .phEvent = 0x7fffc81c2c70 (0x1f2b6600)) -> UR_RESULT_SUCCESS;
   ---> urEventWait
[2026-10-08 02:25:51.569] [thread-id: 131884465589440] [trace] zeEventHostSynchronize(hEvent, timeout)
[2026-10-08 02:25:51.569] [thread-id: 131884465589440] [trace] SUCCESS (ZE_RESULT_SUCCESS) in zeEventHostSynchronize(hEvent=0x1f2b6c18, timeout=18446744073709551615)
   <--- urEventWait(.numEvents = 1, .phEventWaitList = 0x7fffc81c3370 {0x1f2b6600}) -> UR_RESULT_SUCCESS;
   ---> urEventRelease
   <--- urEventRelease(.hEvent = 0x1f2b6600) -> UR_RESULT_SUCCESS;
   ---> urEnqueueUSMMemcpy
[2026-10-08 02:25:51.569] [thread-id: 131884465589440] [trace] zeCommandListAppendMemoryCopy(hCommandList, dstptr, srcptr, size, hSignalEvent, numWaitEvents, phWaitEventsLocal)
[2026-10-08 02:25:51.569] [thread-id: 131884465589440] [trace] SUCCESS (ZE_RESULT_SUCCESS) in zeCommandListAppendMemoryCopy(hCommandList=0x1f26dd88, dstptr=0x1f28e8b0, srcptr=0xffffffffff600000, size=65536, hSignalEvent=0x1f2b6c18, numWaitEvents=0, phWaitEvents=nullptr)
   <--- urEnqueueUSMMemcpy(.hQueue = 0x1f26d0a0, .blocking = 0, .pDst = 0x1f28e8b0, .pSrc = 0xffffffffff600000, .size = 65536, .numEventsInWaitList = 0, .phEventWaitList = nullptr, .phEvent = 0x7fffc81c3320 (0x1f2b6600)) -> UR_RESULT_SUCCESS;
   ---> urEventWait
[2026-10-08 02:25:51.569] [thread-id: 131884465589440] [trace] zeEventHostSynchronize(hEvent, timeout)
[2026-10-08 02:25:51.569] [thread-id: 131884465589440] [trace] SUCCESS (ZE_RESULT_SUCCESS) in zeEventHostSynchronize(hEvent=0x1f2b6c18, timeout=18446744073709551615)
   <--- urEventWait(.numEvents = 1, .phEventWaitList = 0x7fffc81c3370 {0x1f2b6600}) -> UR_RESULT_SUCCESS;
   ---> urEventRelease
   <--- urEventRelease(.hEvent = 0x1f2b6600) -> UR_RESULT_SUCCESS;
   ---> urQueueFinish
[2026-10-08 02:25:51.569] [thread-id: 131884465589440] [trace] zeCommandListHostSynchronize(hCommandList, timeout)
[2026-10-08 02:25:51.569] [thread-id: 131884465589440] [trace] SUCCESS (ZE_RESULT_SUCCESS) in zeCommandListHostSynchronize(hCommandList=0x1f26dd88, timeout=18446744073709551615)
   <--- urQueueFinish(.hQueue = 0x1f26d0a0) -> UR_RESULT_SUCCESS;
   ---> urUSMFree
   <--- urUSMFree(.hContext = 0x1f269b90, .pMem = 0xffffffffff600000) -> UR_RESULT_SUCCESS;
   ---> urQueueRelease
[2026-10-08 02:25:51.569] [thread-id: 131884465589440] [trace] zeCommandListHostSynchronize(hCommandList, timeout)
[2026-10-08 02:25:51.569] [thread-id: 131884465589440] [trace] SUCCESS (ZE_RESULT_SUCCESS) in zeCommandListHostSynchronize(hCommandList=0x1f26dd88, timeout=18446744073709551615)
   <--- urQueueRelease(.hQueue = 0x1f26d0a0) -> UR_RESULT_SUCCESS;
   ---> urProgramRelease
   <--- urProgramRelease(.hProgram = 0x1f2a7a10) -> UR_RESULT_SUCCESS;
   ---> urKernelRelease
   <--- urKernelRelease(.hKernel = 0x1f2f2d40) -> UR_RESULT_SUCCESS;
   ---> urProgramRelease
   <--- urProgramRelease(.hProgram = 0x1f2a7a10) -> UR_RESULT_SUCCESS;
   ---> urKernelRelease
[2026-10-08 02:25:51.569] [thread-id: 131884465589440] [trace] zeKernelDestroy(hKernel)
[2026-10-08 02:25:51.569] [thread-id: 131884465589440] [trace] SUCCESS (ZE_RESULT_SUCCESS) in zeKernelDestroy(hKernel=0x1f2f7748)
[2026-10-08 02:25:51.569] [thread-id: 131884465589440] [trace] zeModuleBuildLogDestroy(hModuleBuildLog)
[2026-10-08 02:25:51.569] [thread-id: 131884465589440] [trace] SUCCESS (ZE_RESULT_SUCCESS) in zeModuleBuildLogDestroy(hModuleBuildLog=0x1f2e0818)
[2026-10-08 02:25:51.569] [thread-id: 131884465589440] [trace] zeModuleDestroy(hModule)
[2026-10-08 02:25:51.569] [thread-id: 131884465589440] [trace] SUCCESS (ZE_RESULT_SUCCESS) in zeModuleDestroy(hModule=0x1f2bad18)
   <--- urKernelRelease(.hKernel = 0x1f2f2d40) -> UR_RESULT_SUCCESS;
   ---> urContextRelease
[2026-10-08 02:25:51.570] [thread-id: 131884465589440] [trace] zeMemFreeExt(hContext, pMemFreeDesc, ptr)
[2026-10-08 02:25:51.570] [thread-id: 131884465589440] [trace] SUCCESS (ZE_RESULT_SUCCESS) in zeMemFreeExt(hContext=0x1f266738, pMemFreeDesc={stype=0x7fffc81c30b0, freePolicy=1}, ptr=0xffffffffff600000)
[2026-10-08 02:25:51.570] [thread-id: 131884465589440] [trace] zeEventDestroy(hEvent)
[2026-10-08 02:25:51.570] [thread-id: 131884465589440] [trace] SUCCESS (ZE_RESULT_SUCCESS) in zeEventDestroy(hEvent=0x1f29f528)
[2026-10-08 02:25:51.570] [thread-id: 131884465589440] [trace] zeEventDestroy(hEvent)
[2026-10-08 02:25:51.570] [thread-id: 131884465589440] [trace] SUCCESS (ZE_RESULT_SUCCESS) in zeEventDestroy(hEvent=0x1f29fa68)
[2026-10-08 02:25:51.570] [thread-id: 131884465589440] [trace] zeEventDestroy(hEvent)
[2026-10-08 02:25:51.570] [thread-id: 131884465589440] [trace] SUCCESS (ZE_RESULT_SUCCESS) in zeEventDestroy(hEvent=0x1f2a0168)
[2026-10-08 02:25:51.570] [thread-id: 131884465589440] [trace] zeEventDestroy(hEvent)
[2026-10-08 02:25:51.570] [thread-id: 131884465589440] [trace] SUCCESS (ZE_RESULT_SUCCESS) in zeEventDestroy(hEvent=0x1f2a06c8)
[2026-10-08 02:25:51.570] [thread-id: 131884465589440] [trace] zeEventDestroy(hEvent)
[2026-10-08 02:25:51.570] [thread-id: 131884465589440] [trace] SUCCESS (ZE_RESULT_SUCCESS) in zeEventDestroy(hEvent=0x1f2a0dc8)
[2026-10-08 02:25:51.570] [thread-id: 131884465589440] [trace] zeEventDestroy(hEvent)
[2026-10-08 02:25:51.570] [thread-id: 131884465589440] [trace] SUCCESS (ZE_RESULT_SUCCESS) in zeEventDestroy(hEvent=0x1f2a12d8)
[2026-10-08 02:25:51.570] [thread-id: 131884465589440] [trace] zeEventDestroy(hEvent)
[2026-10-08 02:25:51.570] [thread-id: 131884465589440] [trace] SUCCESS (ZE_RESULT_SUCCESS) in zeEventDestroy(hEvent=0x1f2a19d8)
[2026-10-08 02:25:51.570] [thread-id: 131884465589440] [trace] zeEventDestroy(hEvent)
[2026-10-08 02:25:51.570] [thread-id: 131884465589440] [trace] SUCCESS (ZE_RESULT_SUCCESS) in zeEventDestroy(hEvent=0x1f2a1ee8)
[2026-10-08 02:25:51.570] [thread-id: 131884465589440] [trace] zeEventDestroy(hEvent)
[2026-10-08 02:25:51.570] [thread-id: 131884465589440] [trace] SUCCESS (ZE_RESULT_SUCCESS) in zeEventDestroy(hEvent=0x1f2a25e8)
[2026-10-08 02:25:51.570] [thread-id: 131884465589440] [trace] zeEventDestroy(hEvent)
[2026-10-08 02:25:51.570] [thread-id: 131884465589440] [trace] SUCCESS (ZE_RESULT_SUCCESS) in zeEventDestroy(hEvent=0x1f2a2b98)
[2026-10-08 02:25:51.570] [thread-id: 131884465589440] [trace] zeEventDestroy(hEvent)
[2026-10-08 02:25:51.570] [thread-id: 131884465589440] [trace] SUCCESS (ZE_RESULT_SUCCESS) in zeEventDestroy(hEvent=0x1f2a3298)
[2026-10-08 02:25:51.570] [thread-id: 131884465589440] [trace] zeEventDestroy(hEvent)
[2026-10-08 02:25:51.570] [thread-id: 131884465589440] [trace] SUCCESS (ZE_RESULT_SUCCESS) in zeEventDestroy(hEvent=0x1f2a37a8)
[2026-10-08 02:25:51.570] [thread-id: 131884465589440] [trace] zeEventDestroy(hEvent)
[2026-10-08 02:25:51.570] [thread-id: 131884465589440] [trace] SUCCESS (ZE_RESULT_SUCCESS) in zeEventDestroy(hEvent=0x1f2a3ea8)
[2026-10-08 02:25:51.570] [thread-id: 131884465589440] [trace] zeEventDestroy(hEvent)
[2026-10-08 02:25:51.570] [thread-id: 131884465589440] [trace] SUCCESS (ZE_RESULT_SUCCESS) in zeEventDestroy(hEvent=0x1f2a43b8)
[2026-10-08 02:25:51.570] [thread-id: 131884465589440] [trace] zeEventDestroy(hEvent)
[2026-10-08 02:25:51.570] [thread-id: 131884465589440] [trace] SUCCESS (ZE_RESULT_SUCCESS) in zeEventDestroy(hEvent=0x1f2a4ab8)
[2026-10-08 02:25:51.570] [thread-id: 131884465589440] [trace] zeEventDestroy(hEvent)
[2026-10-08 02:25:51.570] [thread-id: 131884465589440] [trace] SUCCESS (ZE_RESULT_SUCCESS) in zeEventDestroy(hEvent=0x1f2a50d8)
[2026-10-08 02:25:51.570] [thread-id: 131884465589440] [trace] zeEventDestroy(hEvent)
[2026-10-08 02:25:51.570] [thread-id: 131884465589440] [trace] SUCCESS (ZE_RESULT_SUCCESS) in zeEventDestroy(hEvent=0x1f2a57d8)
[2026-10-08 02:25:51.570] [thread-id: 131884465589440] [trace] zeEventDestroy(hEvent)
[2026-10-08 02:25:51.570] [thread-id: 131884465589440] [trace] SUCCESS (ZE_RESULT_SUCCESS) in zeEventDestroy(hEvent=0x1f2a5ce8)
[2026-10-08 02:25:51.570] [thread-id: 131884465589440] [trace] zeEventDestroy(hEvent)
[2026-10-08 02:25:51.570] [thread-id: 131884465589440] [trace] SUCCESS (ZE_RESULT_SUCCESS) in zeEventDestroy(hEvent=0x1f2a63e8)
[2026-10-08 02:25:51.571] [thread-id: 131884465589440] [trace] zeEventDestroy(hEvent)
[2026-10-08 02:25:51.571] [thread-id: 131884465589440] [trace] SUCCESS (ZE_RESULT_SUCCESS) in zeEventDestroy(hEvent=0x1f2a68f8)
[2026-10-08 02:25:51.571] [thread-id: 131884465589440] [trace] zeEventDestroy(hEvent)
[2026-10-08 02:25:51.571] [thread-id: 131884465589440] [trace] SUCCESS (ZE_RESULT_SUCCESS) in zeEventDestroy(hEvent=0x1f2a6ff8)
[2026-10-08 02:25:51.571] [thread-id: 131884465589440] [trace] zeEventDestroy(hEvent)
[2026-10-08 02:25:51.571] [thread-id: 131884465589440] [trace] SUCCESS (ZE_RESULT_SUCCESS) in zeEventDestroy(hEvent=0x1f2a7508)
[2026-10-08 02:25:51.571] [thread-id: 131884465589440] [trace] zeEventDestroy(hEvent)
[2026-10-08 02:25:51.571] [thread-id: 131884465589440] [trace] SUCCESS (ZE_RESULT_SUCCESS) in zeEventDestroy(hEvent=0x1f2a7d48)
[2026-10-08 02:25:51.571] [thread-id: 131884465589440] [trace] zeEventDestroy(hEvent)
[2026-10-08 02:25:51.571] [thread-id: 131884465589440] [trace] SUCCESS (ZE_RESULT_SUCCESS) in zeEventDestroy(hEvent=0x1f2a8258)
[2026-10-08 02:25:51.571] [thread-id: 131884465589440] [trace] zeEventDestroy(hEvent)
[2026-10-08 02:25:51.571] [thread-id: 131884465589440] [trace] SUCCESS (ZE_RESULT_SUCCESS) in zeEventDestroy(hEvent=0x1f2a8958)
[2026-10-08 02:25:51.571] [thread-id: 131884465589440] [trace] zeEventDestroy(hEvent)
[2026-10-08 02:25:51.571] [thread-id: 131884465589440] [trace] SUCCESS (ZE_RESULT_SUCCESS) in zeEventDestroy(hEvent=0x1f2a8e68)
[2026-10-08 02:25:51.571] [thread-id: 131884465589440] [trace] zeEventDestroy(hEvent)
[2026-10-08 02:25:51.571] [thread-id: 131884465589440] [trace] SUCCESS (ZE_RESULT_SUCCESS) in zeEventDestroy(hEvent=0x1f2a9568)
[2026-10-08 02:25:51.571] [thread-id: 131884465589440] [trace] zeEventDestroy(hEvent)
[2026-10-08 02:25:51.571] [thread-id: 131884465589440] [trace] SUCCESS (ZE_RESULT_SUCCESS) in zeEventDestroy(hEvent=0x1f2a9a78)
[2026-10-08 02:25:51.571] [thread-id: 131884465589440] [trace] zeEventDestroy(hEvent)
[2026-10-08 02:25:51.571] [thread-id: 131884465589440] [trace] SUCCESS (ZE_RESULT_SUCCESS) in zeEventDestroy(hEvent=0x1f2aa178)
[2026-10-08 02:25:51.571] [thread-id: 131884465589440] [trace] zeEventDestroy(hEvent)
[2026-10-08 02:25:51.571] [thread-id: 131884465589440] [trace] SUCCESS (ZE_RESULT_SUCCESS) in zeEventDestroy(hEvent=0x1f2aa688)
[2026-10-08 02:25:51.571] [thread-id: 131884465589440] [trace] zeEventDestroy(hEvent)
[2026-10-08 02:25:51.571] [thread-id: 131884465589440] [trace] SUCCESS (ZE_RESULT_SUCCESS) in zeEventDestroy(hEvent=0x1f2aad88)
[2026-10-08 02:25:51.571] [thread-id: 131884465589440] [trace] zeEventDestroy(hEvent)
[2026-10-08 02:25:51.571] [thread-id: 131884465589440] [trace] SUCCESS (ZE_RESULT_SUCCESS) in zeEventDestroy(hEvent=0x1f2ab4a8)
[2026-10-08 02:25:51.571] [thread-id: 131884465589440] [trace] zeEventDestroy(hEvent)
[2026-10-08 02:25:51.571] [thread-id: 131884465589440] [trace] SUCCESS (ZE_RESULT_SUCCESS) in zeEventDestroy(hEvent=0x1f2abba8)
[2026-10-08 02:25:51.571] [thread-id: 131884465589440] [trace] zeEventDestroy(hEvent)
[2026-10-08 02:25:51.571] [thread-id: 131884465589440] [trace] SUCCESS (ZE_RESULT_SUCCESS) in zeEventDestroy(hEvent=0x1f2ac0b8)
[2026-10-08 02:25:51.571] [thread-id: 131884465589440] [trace] zeEventDestroy(hEvent)
[2026-10-08 02:25:51.571] [thread-id: 131884465589440] [trace] SUCCESS (ZE_RESULT_SUCCESS) in zeEventDestroy(hEvent=0x1f2ac7b8)
[2026-10-08 02:25:51.571] [thread-id: 131884465589440] [trace] zeEventDestroy(hEvent)
[2026-10-08 02:25:51.571] [thread-id: 131884465589440] [trace] SUCCESS (ZE_RESULT_SUCCESS) in zeEventDestroy(hEvent=0x1f2accc8)
[2026-10-08 02:25:51.571] [thread-id: 131884465589440] [trace] zeEventDestroy(hEvent)
[2026-10-08 02:25:51.571] [thread-id: 131884465589440] [trace] SUCCESS (ZE_RESULT_SUCCESS) in zeEventDestroy(hEvent=0x1f2ad3c8)
[2026-10-08 02:25:51.571] [thread-id: 131884465589440] [trace] zeEventDestroy(hEvent)
[2026-10-08 02:25:51.571] [thread-id: 131884465589440] [trace] SUCCESS (ZE_RESULT_SUCCESS) in zeEventDestroy(hEvent=0x1f2ad8d8)
[2026-10-08 02:25:51.571] [thread-id: 131884465589440] [trace] zeEventDestroy(hEvent)
[2026-10-08 02:25:51.571] [thread-id: 131884465589440] [trace] SUCCESS (ZE_RESULT_SUCCESS) in zeEventDestroy(hEvent=0x1f2adfd8)
[2026-10-08 02:25:51.571] [thread-id: 131884465589440] [trace] zeEventDestroy(hEvent)
[2026-10-08 02:25:51.571] [thread-id: 131884465589440] [trace] SUCCESS (ZE_RESULT_SUCCESS) in zeEventDestroy(hEvent=0x1f2ae4e8)
[2026-10-08 02:25:51.571] [thread-id: 131884465589440] [trace] zeEventDestroy(hEvent)
[2026-10-08 02:25:51.571] [thread-id: 131884465589440] [trace] SUCCESS (ZE_RESULT_SUCCESS) in zeEventDestroy(hEvent=0x1f2aebe8)
[2026-10-08 02:25:51.571] [thread-id: 131884465589440] [trace] zeEventDestroy(hEvent)
[2026-10-08 02:25:51.571] [thread-id: 131884465589440] [trace] SUCCESS (ZE_RESULT_SUCCESS) in zeEventDestroy(hEvent=0x1f2af0f8)
[2026-10-08 02:25:51.571] [thread-id: 131884465589440] [trace] zeEventDestroy(hEvent)
[2026-10-08 02:25:51.571] [thread-id: 131884465589440] [trace] SUCCESS (ZE_RESULT_SUCCESS) in zeEventDestroy(hEvent=0x1f2af7f8)
[2026-10-08 02:25:51.571] [thread-id: 131884465589440] [trace] zeEventDestroy(hEvent)
[2026-10-08 02:25:51.571] [thread-id: 131884465589440] [trace] SUCCESS (ZE_RESULT_SUCCESS) in zeEventDestroy(hEvent=0x1f2afd08)
[2026-10-08 02:25:51.571] [thread-id: 131884465589440] [trace] zeEventDestroy(hEvent)
[2026-10-08 02:25:51.571] [thread-id: 131884465589440] [trace] SUCCESS (ZE_RESULT_SUCCESS) in zeEventDestroy(hEvent=0x1f2b0408)
[2026-10-08 02:25:51.571] [thread-id: 131884465589440] [trace] zeEventDestroy(hEvent)
[2026-10-08 02:25:51.571] [thread-id: 131884465589440] [trace] SUCCESS (ZE_RESULT_SUCCESS) in zeEventDestroy(hEvent=0x1f2b0918)
[2026-10-08 02:25:51.571] [thread-id: 131884465589440] [trace] zeEventDestroy(hEvent)
[2026-10-08 02:25:51.571] [thread-id: 131884465589440] [trace] SUCCESS (ZE_RESULT_SUCCESS) in zeEventDestroy(hEvent=0x1f2b1018)
[2026-10-08 02:25:51.571] [thread-id: 131884465589440] [trace] zeEventDestroy(hEvent)
[2026-10-08 02:25:51.571] [thread-id: 131884465589440] [trace] SUCCESS (ZE_RESULT_SUCCESS) in zeEventDestroy(hEvent=0x1f2b1528)
[2026-10-08 02:25:51.571] [thread-id: 131884465589440] [trace] zeEventDestroy(hEvent)
[2026-10-08 02:25:51.571] [thread-id: 131884465589440] [trace] SUCCESS (ZE_RESULT_SUCCESS) in zeEventDestroy(hEvent=0x1f2b1c28)
[2026-10-08 02:25:51.571] [thread-id: 131884465589440] [trace] zeEventDestroy(hEvent)
[2026-10-08 02:25:51.571] [thread-id: 131884465589440] [trace] SUCCESS (ZE_RESULT_SUCCESS) in zeEventDestroy(hEvent=0x1f2b2138)
[2026-10-08 02:25:51.571] [thread-id: 131884465589440] [trace] zeEventDestroy(hEvent)
[2026-10-08 02:25:51.571] [thread-id: 131884465589440] [trace] SUCCESS (ZE_RESULT_SUCCESS) in zeEventDestroy(hEvent=0x1f2b2ab8)
[2026-10-08 02:25:51.571] [thread-id: 131884465589440] [trace] zeEventDestroy(hEvent)
[2026-10-08 02:25:51.571] [thread-id: 131884465589440] [trace] SUCCESS (ZE_RESULT_SUCCESS) in zeEventDestroy(hEvent=0x1f2b2fc8)
[2026-10-08 02:25:51.571] [thread-id: 131884465589440] [trace] zeEventDestroy(hEvent)
[2026-10-08 02:25:51.571] [thread-id: 131884465589440] [trace] SUCCESS (ZE_RESULT_SUCCESS) in zeEventDestroy(hEvent=0x1f2b36c8)
[2026-10-08 02:25:51.571] [thread-id: 131884465589440] [trace] zeEventDestroy(hEvent)
[2026-10-08 02:25:51.571] [thread-id: 131884465589440] [trace] SUCCESS (ZE_RESULT_SUCCESS) in zeEventDestroy(hEvent=0x1f2b3bd8)
[2026-10-08 02:25:51.571] [thread-id: 131884465589440] [trace] zeEventDestroy(hEvent)
[2026-10-08 02:25:51.571] [thread-id: 131884465589440] [trace] SUCCESS (ZE_RESULT_SUCCESS) in zeEventDestroy(hEvent=0x1f2b42d8)
[2026-10-08 02:25:51.571] [thread-id: 131884465589440] [trace] zeEventDestroy(hEvent)
[2026-10-08 02:25:51.571] [thread-id: 131884465589440] [trace] SUCCESS (ZE_RESULT_SUCCESS) in zeEventDestroy(hEvent=0x1f2b47e8)
[2026-10-08 02:25:51.571] [thread-id: 131884465589440] [trace] zeEventDestroy(hEvent)
[2026-10-08 02:25:51.572] [thread-id: 131884465589440] [trace] SUCCESS (ZE_RESULT_SUCCESS) in zeEventDestroy(hEvent=0x1f2b4ee8)
[2026-10-08 02:25:51.572] [thread-id: 131884465589440] [trace] zeEventDestroy(hEvent)
[2026-10-08 02:25:51.572] [thread-id: 131884465589440] [trace] SUCCESS (ZE_RESULT_SUCCESS) in zeEventDestroy(hEvent=0x1f2b53f8)
[2026-10-08 02:25:51.572] [thread-id: 131884465589440] [trace] zeEventDestroy(hEvent)
[2026-10-08 02:25:51.572] [thread-id: 131884465589440] [trace] SUCCESS (ZE_RESULT_SUCCESS) in zeEventDestroy(hEvent=0x1f2b5af8)
[2026-10-08 02:25:51.572] [thread-id: 131884465589440] [trace] zeEventDestroy(hEvent)
[2026-10-08 02:25:51.572] [thread-id: 131884465589440] [trace] SUCCESS (ZE_RESULT_SUCCESS) in zeEventDestroy(hEvent=0x1f2b6008)
[2026-10-08 02:25:51.572] [thread-id: 131884465589440] [trace] zeEventDestroy(hEvent)
[2026-10-08 02:25:51.572] [thread-id: 131884465589440] [trace] SUCCESS (ZE_RESULT_SUCCESS) in zeEventDestroy(hEvent=0x1f2b6708)
[2026-10-08 02:25:51.572] [thread-id: 131884465589440] [trace] zeEventDestroy(hEvent)
[2026-10-08 02:25:51.572] [thread-id: 131884465589440] [trace] SUCCESS (ZE_RESULT_SUCCESS) in zeEventDestroy(hEvent=0x1f2b6c18)
[2026-10-08 02:25:51.572] [thread-id: 131884465589440] [trace] zeEventDestroy(hEvent)
[2026-10-08 02:25:51.572] [thread-id: 131884465589440] [trace] SUCCESS (ZE_RESULT_SUCCESS) in zeEventDestroy(hEvent=0x1f29ea68)
[2026-10-08 02:25:51.572] [thread-id: 131884465589440] [trace] zeEventDestroy(hEvent)
[2026-10-08 02:25:51.572] [thread-id: 131884465589440] [trace] SUCCESS (ZE_RESULT_SUCCESS) in zeEventDestroy(hEvent=0x1f29ee08)
[2026-10-08 02:25:51.572] [thread-id: 131884465589440] [trace] zeCommandListDestroy(hCommandList)
[2026-10-08 02:25:51.572] [thread-id: 131884465589440] [trace] SUCCESS (ZE_RESULT_SUCCESS) in zeCommandListDestroy(hCommandList=0x1f26dd88)
[2026-10-08 02:25:51.572] [thread-id: 131884465589440] [trace] zeContextDestroy(hContext)
[2026-10-08 02:25:51.572] [thread-id: 131884465589440] [trace] SUCCESS (ZE_RESULT_SUCCESS) in zeContextDestroy(hContext=0x1f266738)
   <--- urContextRelease(.hContext = 0x1f269b90) -> UR_RESULT_SUCCESS;
   ---> urDeviceRelease
   <--- urDeviceRelease(.hDevice = 0x1f265040) -> UR_RESULT_SUCCESS;
   ---> urAdapterRelease
   <--- urAdapterRelease(.hAdapter = 0x1f069700) -> UR_RESULT_SUCCESS;
